ISO-10303-21;
HEADER;
FILE_DESCRIPTION (( 'STEP AP214' ),
    '1' );
FILE_NAME ('ARP-0091.STEP',
    '2026-09-03T09:00:00',
    ( '' ),
    ( '' ),
    'SwSTEP 2.0',
    'SolidWorks 2024',
    '' );
FILE_SCHEMA (( 'AUTOMOTIVE_DESIGN' ));
ENDSEC;

DATA;
#1 = PLANE ( 'NONE',  #376 ) ;
#2 = ORIENTED_EDGE ( 'NONE', *, *, #1799, .F. ) ;
#3 = CARTESIAN_POINT ( 'NONE',  ( -6.521244205459658472E-15, 17.75000000000000711, 4.000000000000000000 ) ) ;
#4 = ORIENTED_EDGE ( 'NONE', *, *, #1505, .T. ) ;
#5 = FACE_OUTER_BOUND ( 'NONE', #1076, .T. ) ;
#6 = CARTESIAN_POINT ( 'NONE',  ( 30.00000000000000000, -10.25000000000000888, 4.000000000000000000 ) ) ;
#7 = VERTEX_POINT ( 'NONE', #51 ) ;
#8 = DIRECTION ( 'NONE',  ( 0.000000000000000000, -0.2747211278973777926, 0.9615239476408232733 ) ) ;
#9 = PLANE ( 'NONE',  #940 ) ;
#10 = CARTESIAN_POINT ( 'NONE',  ( 7.500000000000000000, -25.25000000000000711, 4.000000000000000000 ) ) ;
#11 = ORIENTED_EDGE ( 'NONE', *, *, #240, .T. ) ;
#12 = PLANE ( 'NONE',  #1118 ) ;
#13 = ADVANCED_FACE ( 'NONE', ( #505 ), #1526, .F. ) ;
#14 = ORIENTED_EDGE ( 'NONE', *, *, #851, .F. ) ;
#15 = EDGE_CURVE ( 'NONE', #1237, #828, #1236, .T. ) ;
#16 = DIRECTION ( 'NONE',  ( -0.000000000000000000, -0.000000000000000000, 1.000000000000000000 ) ) ;
#17 = ORIENTED_EDGE ( 'NONE', *, *, #1798, .T. ) ;
#18 = FACE_OUTER_BOUND ( 'NONE', #183, .T. ) ;
#19 = LINE ( 'NONE', #1619, #816 ) ;
#20 = VECTOR ( 'NONE', #107, 1000.000000000000000 ) ;
#21 = PLANE ( 'NONE',  #1361 ) ;
#22 = VERTEX_POINT ( 'NONE', #1240 ) ;
#23 = CARTESIAN_POINT ( 'NONE',  ( -23.89999999999999858, 6.050000000000029132, 18.00000000000000355 ) ) ;
#24 = EDGE_LOOP ( 'NONE', ( #982, #1080, #768, #1106, #917, #1813, #105, #965 ) ) ;
#25 = EDGE_CURVE ( 'NONE', #643, #162, #785, .T. ) ;
#26 = MECHANICAL_DESIGN_GEOMETRIC_PRESENTATION_REPRESENTATION (  '', ( #908 ), #1846 ) ;
#27 = DIRECTION ( 'NONE',  ( -0.000000000000000000, -0.000000000000000000, 1.000000000000000000 ) ) ;
#28 = AXIS2_PLACEMENT_3D ( 'NONE', #1706, #275, #1019 ) ;
#29 = ORIENTED_EDGE ( 'NONE', *, *, #98, .F. ) ;
#30 = EDGE_CURVE ( 'NONE', #336, #192, #802, .T. ) ;
#31 = DIRECTION ( 'NONE',  ( 1.000000000000000000, 0.000000000000000000, 0.000000000000000000 ) ) ;
#32 = VECTOR ( 'NONE', #936, 1000.000000000000000 ) ;
#33 = DIRECTION ( 'NONE',  ( -0.000000000000000000, -0.000000000000000000, 1.000000000000000000 ) ) ;
#34 = DIRECTION ( 'NONE',  ( -0.000000000000000000, 0.9615239476408231623, 0.2747211278973780146 ) ) ;
#35 = EDGE_LOOP ( 'NONE', ( #1075, #1825, #415, #1749 ) ) ;
#36 = VERTEX_POINT ( 'NONE', #361 ) ;
#37 = CARTESIAN_POINT ( 'NONE',  ( -23.89999999999999858, 6.050000000000029132, 18.00000000000000355 ) ) ;
#38 = ORIENTED_EDGE ( 'NONE', *, *, #1873, .F. ) ;
#39 = PRESENTATION_STYLE_ASSIGNMENT (( #317 ) ) ;
#40 = EDGE_CURVE ( 'NONE', #449, #796, #1225, .T. ) ;
#41 = PLANE ( 'NONE',  #572 ) ;
#42 = CARTESIAN_POINT ( 'NONE',  ( 20.99999999999999645, -14.25000000000000888, 4.000000000000000000 ) ) ;
#43 = ORIENTED_EDGE ( 'NONE', *, *, #783, .T. ) ;
#44 = LINE ( 'NONE', #1203, #575 ) ;
#45 = EDGE_LOOP ( 'NONE', ( #1592, #764, #1773 ) ) ;
#46 = DIRECTION ( 'NONE',  ( -0.000000000000000000, -0.000000000000000000, 1.000000000000000000 ) ) ;
#47 = DIRECTION ( 'NONE',  ( -0.000000000000000000, -0.000000000000000000, 1.000000000000000000 ) ) ;
#48 = EDGE_CURVE ( 'NONE', #355, #1352, #370, .T. ) ;
#49 = CIRCLE ( 'NONE', #561, 10.00000000000000000 ) ;
#50 = CARTESIAN_POINT ( 'NONE',  ( -15.00000000000000000, -14.25000000000000888, 0.000000000000000000 ) ) ;
#51 = CARTESIAN_POINT ( 'NONE',  ( -28.09999999999999432, -6.049999999999977618, 10.00000000000000178 ) ) ;
#52 = EDGE_CURVE ( 'NONE', #1675, #472, #1805, .T. ) ;
#53 = ORIENTED_EDGE ( 'NONE', *, *, #1860, .F. ) ;
#54 = CARTESIAN_POINT ( 'NONE',  ( -6.521244205459658472E-15, 17.75000000000000711, 1.400000000000000133 ) ) ;
#55 = ORIENTED_EDGE ( 'NONE', *, *, #1472, .T. ) ;
#56 = AXIS2_PLACEMENT_3D ( 'NONE', #103, #1424, #1879 ) ;
#57 = VECTOR ( 'NONE', #423, 1000.000000000000000 ) ;
#58 = CARTESIAN_POINT ( 'NONE',  ( -23.89999999999999858, -6.049999999999977618, 10.00000000000000178 ) ) ;
#59 = CIRCLE ( 'NONE', #1882, 10.00000000000000000 ) ;
#60 = LINE ( 'NONE', #945, #696 ) ;
#61 = CARTESIAN_POINT ( 'NONE',  ( -30.00000000000000000, 0.000000000000000000, 18.00000000000000355 ) ) ;
#62 = ORIENTED_EDGE ( 'NONE', *, *, #494, .T. ) ;
#63 = EDGE_LOOP ( 'NONE', ( #718, #746, #1538, #1386 ) ) ;
#64 = DIRECTION ( 'NONE',  ( 0.000000000000000000, -1.000000000000000000, 0.000000000000000000 ) ) ;
#65 = CARTESIAN_POINT ( 'NONE',  ( -6.521244205459658472E-15, 17.75000000000000711, 1.400000000000001910 ) ) ;
#66 = ORIENTED_EDGE ( 'NONE', *, *, #1486, .T. ) ;
#67 = VERTEX_POINT ( 'NONE', #1209 ) ;
#68 = SURFACE_STYLE_FILL_AREA ( #1399 ) ;
#69 = EDGE_CURVE ( 'NONE', #1497, #1634, #497, .T. ) ;
#70 = ORIENTED_EDGE ( 'NONE', *, *, #204, .F. ) ;
#71 = CYLINDRICAL_SURFACE ( 'NONE', #1664, 2.249999999999994227 ) ;
#72 = CYLINDRICAL_SURFACE ( 'NONE', #1752, 10.00000000000000000 ) ;
#73 = DIRECTION ( 'NONE',  ( -0.000000000000000000, 0.2747211278973777926, -0.9615239476408232733 ) ) ;
#74 = VECTOR ( 'NONE', #1179, 1000.000000000000000 ) ;
#75 = CARTESIAN_POINT ( 'NONE',  ( -20.99999999999999645, -10.25000000000000888, 4.000000000000000000 ) ) ;
#76 = CIRCLE ( 'NONE', #1145, 10.00000000000000000 ) ;
#77 = ORIENTED_EDGE ( 'NONE', *, *, #1527, .T. ) ;
#78 = EDGE_LOOP ( 'NONE', ( #1417, #199, #1544 ) ) ;
#79 = CARTESIAN_POINT ( 'NONE',  ( 25.00000000000000355, -6.049999999999978506, 10.00000000000000178 ) ) ;
#80 = CARTESIAN_POINT ( 'NONE',  ( 30.00000000000000000, -10.25000000000000888, 0.000000000000000000 ) ) ;
#81 = DIRECTION ( 'NONE',  ( 1.000000000000000000, 0.000000000000000000, 0.000000000000000000 ) ) ;
#82 = VECTOR ( 'NONE', #445, 1000.000000000000000 ) ;
#83 = DIRECTION ( 'NONE',  ( 0.000000000000000000, -0.9615239476408228292, 0.2747211278973794024 ) ) ;
#84 = CIRCLE ( 'NONE', #1068, 2.099999999999997868 ) ;
#85 = EDGE_LOOP ( 'NONE', ( #1028, #1320, #925, #1011 ) ) ;
#86 = AXIS2_PLACEMENT_3D ( 'NONE', #54, #337, #619 ) ;
#87 = CARTESIAN_POINT ( 'NONE',  ( -30.00000000000000000, -10.24999999999999112, 18.00000000000000355 ) ) ;
#88 = EDGE_LOOP ( 'NONE', ( #1398, #1768, #1246, #55 ) ) ;
#89 = FACE_OUTER_BOUND ( 'NONE', #405, .T. ) ;
#90 = DIRECTION ( 'NONE',  ( 1.000000000000000000, 0.000000000000000000, 0.000000000000000000 ) ) ;
#91 = EDGE_CURVE ( 'NONE', #562, #796, #1786, .T. ) ;
#92 = VERTEX_POINT ( 'NONE', #353 ) ;
#93 = LINE ( 'NONE', #706, #750 ) ;
#94 = ORIENTED_EDGE ( 'NONE', *, *, #1198, .T. ) ;
#95 = CARTESIAN_POINT ( 'NONE',  ( -25.99999999999999645, -6.049999999999977618, 10.00000000000000178 ) ) ;
#96 = VERTEX_POINT ( 'NONE', #1395 ) ;
#97 = DIRECTION ( 'NONE',  ( -0.000000000000000000, -0.000000000000000000, 1.000000000000000000 ) ) ;
#98 = EDGE_CURVE ( 'NONE', #270, #643, #1288, .T. ) ;
#99 = DIRECTION ( 'NONE',  ( -0.000000000000000000, -0.000000000000000000, 1.000000000000000000 ) ) ;
#100 = ADVANCED_FACE ( 'NONE', ( #1250 ), #402, .T. ) ;
#101 = EDGE_CURVE ( 'NONE', #1013, #990, #388, .T. ) ;
#102 = ORIENTED_EDGE ( 'NONE', *, *, #471, .F. ) ;
#103 = CARTESIAN_POINT ( 'NONE',  ( 2.214975494823321789, -15.25000000000000888, 4.000000000000000000 ) ) ;
#104 = VECTOR ( 'NONE', #220, 1000.000000000000000 ) ;
#105 = ORIENTED_EDGE ( 'NONE', *, *, #610, .T. ) ;
#106 = DIRECTION ( 'NONE',  ( 1.000000000000000000, 0.000000000000000000, 0.000000000000000000 ) ) ;
#107 = DIRECTION ( 'NONE',  ( -0.000000000000000000, -0.000000000000000000, 1.000000000000000000 ) ) ;
#108 = CARTESIAN_POINT ( 'NONE',  ( 2.214975494823322233, -25.25000000000000711, 4.000000000000000000 ) ) ;
#109 = LINE ( 'NONE', #248, #684 ) ;
#110 = CONICAL_SURFACE ( 'NONE', #1575, 2.099999999999997868, 1.029744258676653423 ) ;
#111 = ORIENTED_EDGE ( 'NONE', *, *, #1391, .F. ) ;
#112 = LINE ( 'NONE', #416, #1397 ) ;
#113 = VECTOR ( 'NONE', #1663, 1000.000000000000000 ) ;
#114 = EDGE_CURVE ( 'NONE', #22, #307, #1698, .T. ) ;
#115 = ORIENTED_EDGE ( 'NONE', *, *, #1258, .T. ) ;
#116 = DIRECTION ( 'NONE',  ( 0.000000000000000000, 0.000000000000000000, 1.000000000000000000 ) ) ;
#117 = DIRECTION ( 'NONE',  ( 1.000000000000000000, 0.000000000000000000, 0.000000000000000000 ) ) ;
#118 = LINE ( 'NONE', #1697, #1543 ) ;
#119 = DIRECTION ( 'NONE',  ( 0.000000000000000000, 0.000000000000000000, -1.000000000000000000 ) ) ;
#120 = EDGE_LOOP ( 'NONE', ( #734, #1524, #344, #1161 ) ) ;
#121 = CARTESIAN_POINT ( 'NONE',  ( -28.09999999999999432, 6.050000000000029132, 10.00000000000000178 ) ) ;
#122 = ORIENTED_EDGE ( 'NONE', *, *, #1259, .T. ) ;
#123 = EDGE_CURVE ( 'NONE', #1281, #441, #1563, .T. ) ;
#124 = LINE ( 'NONE', #831, #1609 ) ;
#125 = CARTESIAN_POINT ( 'NONE',  ( 30.00000000000000000, -9.107142857142862979, 8.000000000000000000 ) ) ;
#126 = CARTESIAN_POINT ( 'NONE',  ( 0.000000000000000000, 0.000000000000000000, 0.000000000000000000 ) ) ;
#127 = CARTESIAN_POINT ( 'NONE',  ( 25.00000000000000000, 6.050000000000035350, 10.00000000000000178 ) ) ;
#128 = CARTESIAN_POINT ( 'NONE',  ( 30.00000000000000000, -10.25000000000000888, 4.000000000000000000 ) ) ;
#129 = VERTEX_POINT ( 'NONE', #532 ) ;
#130 = LINE ( 'NONE', #1047, #413 ) ;
#131 = ORIENTED_EDGE ( 'NONE', *, *, #403, .F. ) ;
#132 = VECTOR ( 'NONE', #1309, 1000.000000000000114 ) ;
#133 = FACE_OUTER_BOUND ( 'NONE', #1806, .T. ) ;
#134 = CARTESIAN_POINT ( 'NONE',  ( 25.00000000000000355, -6.049999999999978506, 10.00000000000000178 ) ) ;
#135 = LINE ( 'NONE', #1618, #1265 ) ;
#136 = EDGE_CURVE ( 'NONE', #395, #465, #1829, .T. ) ;
#137 = LINE ( 'NONE', #724, #1304 ) ;
#138 = CARTESIAN_POINT ( 'NONE',  ( -30.00000000000000000, -14.25000000000000888, 4.000000000000000000 ) ) ;
#139 = CONICAL_SURFACE ( 'NONE', #1270, 2.099999999999997868, 1.029744258676653423 ) ;
#140 = ORIENTED_EDGE ( 'NONE', *, *, #974, .T. ) ;
#141 = LINE ( 'NONE', #1623, #293 ) ;
#142 = VECTOR ( 'NONE', #1031, 1000.000000000000000 ) ;
#143 = VERTEX_POINT ( 'NONE', #524 ) ;
#144 = VECTOR ( 'NONE', #983, 1000.000000000000000 ) ;
#145 = DIRECTION ( 'NONE',  ( -0.000000000000000000, 0.000000000000000000, -1.000000000000000000 ) ) ;
#146 = ORIENTED_EDGE ( 'NONE', *, *, #300, .F. ) ;
#147 = LINE ( 'NONE', #274, #875 ) ;
#148 = DIRECTION ( 'NONE',  ( 0.000000000000000000, 0.000000000000000000, -1.000000000000000000 ) ) ;
#149 = FACE_OUTER_BOUND ( 'NONE', #579, .T. ) ;
#150 = EDGE_CURVE ( 'NONE', #1433, #1331, #109, .T. ) ;
#151 = VERTEX_POINT ( 'NONE', #1421 ) ;
#152 = DIRECTION ( 'NONE',  ( 1.000000000000000000, 0.000000000000000000, 0.000000000000000000 ) ) ;
#153 = ADVANCED_FACE ( 'NONE', ( #1267 ), #1836, .F. ) ;
#154 = ORIENTED_EDGE ( 'NONE', *, *, #1702, .F. ) ;
#155 = DIRECTION ( 'NONE',  ( 1.000000000000000000, 0.000000000000000000, 0.000000000000000000 ) ) ;
#156 = DIRECTION ( 'NONE',  ( 0.000000000000000000, 0.2747211278973780146, -0.9615239476408231623 ) ) ;
#157 = ORIENTED_EDGE ( 'NONE', *, *, #1732, .T. ) ;
#158 = DIRECTION ( 'NONE',  ( 0.000000000000000000, 0.000000000000000000, -1.000000000000000000 ) ) ;
#159 = CARTESIAN_POINT ( 'NONE',  ( 27.10000000000000497, -6.049999999999978506, 18.00000000000000355 ) ) ;
#160 = CARTESIAN_POINT ( 'NONE',  ( 24.99999999999999645, 6.050000000000035350, 8.738192700042125338 ) ) ;
#161 = ADVANCED_FACE ( 'NONE', ( #1104 ), #1864, .F. ) ;
#162 = VERTEX_POINT ( 'NONE', #826 ) ;
#163 = CARTESIAN_POINT ( 'NONE',  ( -20.99999999999999645, 9.107142857142850545, 8.000000000000000000 ) ) ;
#164 = VERTEX_POINT ( 'NONE', #961 ) ;
#165 = LINE ( 'NONE', #753, #609 ) ;
#166 = SHAPE_DEFINITION_REPRESENTATION ( #1009, #692 ) ;
#167 = ORIENTED_EDGE ( 'NONE', *, *, #556, .F. ) ;
#168 = CARTESIAN_POINT ( 'NONE',  ( 7.500000000000000000, 25.25000000000000711, 4.000000000000000000 ) ) ;
#169 = AXIS2_PLACEMENT_3D ( 'NONE', #988, #83, #541 ) ;
#170 = LINE ( 'NONE', #1638, #607 ) ;
#171 = CARTESIAN_POINT ( 'NONE',  ( -5.000000000000007105, 17.75000000000000711, 1.400000000000000133 ) ) ;
#172 = ORIENTED_EDGE ( 'NONE', *, *, #323, .T. ) ;
#173 = VERTEX_POINT ( 'NONE', #1687 ) ;
#174 = AXIS2_PLACEMENT_3D ( 'NONE', #390, #991, #698 ) ;
#175 = EDGE_CURVE ( 'NONE', #506, #1659, #1135, .T. ) ;
#176 = LINE ( 'NONE', #626, #1793 ) ;
#177 = ORIENTED_EDGE ( 'NONE', *, *, #400, .F. ) ;
#178 = CARTESIAN_POINT ( 'NONE',  ( 20.99999999999999645, 14.24999999999999112, 4.000000000000000000 ) ) ;
#179 = VECTOR ( 'NONE', #1548, 1000.000000000000000 ) ;
#180 = CARTESIAN_POINT ( 'NONE',  ( 2.214975494823320457, 25.25000000000000711, 4.000000000000000000 ) ) ;
#181 = LINE ( 'NONE', #1783, #752 ) ;
#182 = ORIENTED_EDGE ( 'NONE', *, *, #1527, .F. ) ;
#183 = EDGE_LOOP ( 'NONE', ( #681, #650, #1672, #1722, #949, #476, #1347, #1613, #177, #500 ) ) ;
#184 = EDGE_CURVE ( 'NONE', #900, #1497, #93, .T. ) ;
#185 = ORIENTED_EDGE ( 'NONE', *, *, #469, .T. ) ;
#186 = DIRECTION ( 'NONE',  ( -0.000000000000000000, -0.2747211278973780701, 0.9615239476408231623 ) ) ;
#187 = ADVANCED_FACE ( 'NONE', ( #1542 ), #811, .F. ) ;
#188 = CARTESIAN_POINT ( 'NONE',  ( 27.09999999999999787, 6.050000000000035350, 18.00000000000000355 ) ) ;
#189 = VERTEX_POINT ( 'NONE', #1551 ) ;
#190 = ORIENTED_EDGE ( 'NONE', *, *, #751, .F. ) ;
#191 = DIRECTION ( 'NONE',  ( 0.000000000000000000, 0.000000000000000000, 1.000000000000000000 ) ) ;
#192 = VERTEX_POINT ( 'NONE', #241 ) ;
#193 = LINE ( 'NONE', #943, #331 ) ;
#194 = VECTOR ( 'NONE', #269, 1000.000000000000000 ) ;
#195 = CIRCLE ( 'NONE', #960, 2.100000000000000977 ) ;
#196 = CARTESIAN_POINT ( 'NONE',  ( -2.214975494823320457, -25.25000000000000711, 0.000000000000000000 ) ) ;
#197 = DIRECTION ( 'NONE',  ( -0.000000000000000000, -0.000000000000000000, 1.000000000000000000 ) ) ;
#198 = EDGE_LOOP ( 'NONE', ( #1510, #1202, #470 ) ) ;
#199 = ORIENTED_EDGE ( 'NONE', *, *, #1115, .T. ) ;
#200 = VECTOR ( 'NONE', #64, 1000.000000000000000 ) ;
#201 = LINE ( 'NONE', #1254, #200 ) ;
#202 = AXIS2_PLACEMENT_3D ( 'NONE', #1079, #334, #489 ) ;
#203 = PLANE ( 'NONE',  #230 ) ;
#204 = EDGE_CURVE ( 'NONE', #151, #516, #1569, .T. ) ;
#205 = ADVANCED_FACE ( 'NONE', ( #231, #1845 ), #821, .F. ) ;
#206 = ORIENTED_EDGE ( 'NONE', *, *, #586, .T. ) ;
#207 = FACE_OUTER_BOUND ( 'NONE', #1353, .T. ) ;
#208 = EDGE_LOOP ( 'NONE', ( #611, #923, #508 ) ) ;
#209 = FACE_OUTER_BOUND ( 'NONE', #1856, .T. ) ;
#210 = CARTESIAN_POINT ( 'NONE',  ( -30.00000000000000000, 10.24999999999998934, 18.00000000000000711 ) ) ;
#211 = CARTESIAN_POINT ( 'NONE',  ( 30.00000000000000000, -14.24999999999999112, 0.000000000000000000 ) ) ;
#212 = CARTESIAN_POINT ( 'NONE',  ( -15.00000000000000000, 14.25000000000000888, 0.000000000000000000 ) ) ;
#213 = ORIENTED_EDGE ( 'NONE', *, *, #1593, .F. ) ;
#214 = FILL_AREA_STYLE_COLOUR ( '', #290 ) ;
#215 = ORIENTED_EDGE ( 'NONE', *, *, #1472, .F. ) ;
#216 = CARTESIAN_POINT ( 'NONE',  ( -30.00000000000000000, -10.25000000000000888, 4.000000000000000000 ) ) ;
#217 = CARTESIAN_POINT ( 'NONE',  ( -2.214975494823321789, 15.25000000000000888, 4.000000000000000000 ) ) ;
#218 = DIRECTION ( 'NONE',  ( -0.000000000000000000, -0.000000000000000000, 1.000000000000000000 ) ) ;
#219 = VECTOR ( 'NONE', #1717, 1000.000000000000000 ) ;
#220 = DIRECTION ( 'NONE',  ( -0.000000000000000000, -0.000000000000000000, -1.000000000000000000 ) ) ;
#221 = AXIS2_PLACEMENT_3D ( 'NONE', #1276, #97, #844 ) ;
#222 = ORIENTED_EDGE ( 'NONE', *, *, #1583, .F. ) ;
#223 = CARTESIAN_POINT ( 'NONE',  ( 30.00000000000000000, 10.24999999999999112, 4.000000000000000000 ) ) ;
#224 = EDGE_LOOP ( 'NONE', ( #870, #550, #70, #1867 ) ) ;
#225 = ADVANCED_FACE ( 'NONE', ( #558 ), #1146, .F. ) ;
#226 = DIRECTION ( 'NONE',  ( -0.000000000000000000, -0.000000000000000000, 1.000000000000000000 ) ) ;
#227 = AXIS2_PLACEMENT_3D ( 'NONE', #747, #304, #461 ) ;
#228 = CARTESIAN_POINT ( 'NONE',  ( -25.99999999999999645, -6.049999999999977618, 10.00000000000000178 ) ) ;
#229 = AXIS2_PLACEMENT_3D ( 'NONE', #1579, #1557, #1863 ) ;
#230 = AXIS2_PLACEMENT_3D ( 'NONE', #1525, #795, #1647 ) ;
#231 = FACE_BOUND ( 'NONE', #559, .T. ) ;
#232 = EDGE_LOOP ( 'NONE', ( #131, #1599 ) ) ;
#233 = VECTOR ( 'NONE', #1800, 1000.000000000000000 ) ;
#234 =( NAMED_UNIT ( * ) SI_UNIT ( $, .STERADIAN. ) SOLID_ANGLE_UNIT ( ) );
#235 = ORIENTED_EDGE ( 'NONE', *, *, #571, .T. ) ;
#236 = ADVANCED_FACE ( 'NONE', ( #1767, #468 ), #745, .F. ) ;
#237 = DIRECTION ( 'NONE',  ( 1.000000000000000000, 0.000000000000000000, 0.000000000000000000 ) ) ;
#238 = DIRECTION ( 'NONE',  ( -0.000000000000000000, 0.000000000000000000, -1.000000000000000000 ) ) ;
#239 = ADVANCED_FACE ( 'NONE', ( #1480 ), #1447, .F. ) ;
#240 = EDGE_CURVE ( 'NONE', #823, #643, #424, .T. ) ;
#241 = CARTESIAN_POINT ( 'NONE',  ( -5.000000000000000888, 17.75000000000000711, 4.000000000000000000 ) ) ;
#242 = EDGE_LOOP ( 'NONE', ( #1744, #1268 ) ) ;
#243 = CARTESIAN_POINT ( 'NONE',  ( -28.09999999999999432, 6.050000000000029132, 10.00000000000000178 ) ) ;
#244 = ORIENTED_EDGE ( 'NONE', *, *, #1426, .F. ) ;
#245 = DIRECTION ( 'NONE',  ( 1.000000000000000000, 0.000000000000000000, 0.000000000000000000 ) ) ;
#246 = DIRECTION ( 'NONE',  ( 1.000000000000000000, 1.156482317317871528E-15, 0.000000000000000000 ) ) ;
#247 = DIRECTION ( 'NONE',  ( 1.000000000000000000, 0.000000000000000000, 0.000000000000000000 ) ) ;
#248 = CARTESIAN_POINT ( 'NONE',  ( 30.00000000000000000, -10.24999999999999112, 18.00000000000000355 ) ) ;
#249 = ORIENTED_EDGE ( 'NONE', *, *, #1536, .T. ) ;
#250 = LINE ( 'NONE', #1591, #1030 ) ;
#251 = VECTOR ( 'NONE', #1294, 1000.000000000000114 ) ;
#252 = ORIENTED_EDGE ( 'NONE', *, *, #1045, .F. ) ;
#253 = DIRECTION ( 'NONE',  ( 1.000000000000000000, 0.000000000000000000, 0.000000000000000000 ) ) ;
#254 = UNCERTAINTY_MEASURE_WITH_UNIT (LENGTH_MEASURE( 1.000000000000000082E-05 ), #1100, 'distance_accuracy_value', 'NONE');
#255 = DIRECTION ( 'NONE',  ( -1.000000000000000000, 1.156482317317871528E-15, 0.000000000000000000 ) ) ;
#256 = LINE ( 'NONE', #1297, #878 ) ;
#257 = DIRECTION ( 'NONE',  ( 0.5633368246415098035, -0.8262273428075476156, 0.000000000000000000 ) ) ;
#258 = AXIS2_PLACEMENT_3D ( 'NONE', #301, #340, #1356 ) ;
#259 = ADVANCED_FACE ( 'NONE', ( #1753 ), #302, .F. ) ;
#260 = EDGE_LOOP ( 'NONE', ( #1291, #222, #493, #1195 ) ) ;
#261 = DIRECTION ( 'NONE',  ( 1.000000000000000000, 0.000000000000000000, 0.000000000000000000 ) ) ;
#262 = AXIS2_PLACEMENT_3D ( 'NONE', #473, #1466, #1174 ) ;
#263 = EDGE_CURVE ( 'NONE', #1352, #286, #582, .T. ) ;
#264 = ORIENTED_EDGE ( 'NONE', *, *, #442, .F. ) ;
#265 = PLANE ( 'NONE',  #847 ) ;
#266 = LINE ( 'NONE', #1586, #1523 ) ;
#267 = CARTESIAN_POINT ( 'NONE',  ( 27.10000000000000142, -6.049999999999978506, 10.00000000000000178 ) ) ;
#268 = FACE_OUTER_BOUND ( 'NONE', #198, .T. ) ;
#269 = DIRECTION ( 'NONE',  ( -0.000000000000000000, -0.000000000000000000, -1.000000000000000000 ) ) ;
#270 = VERTEX_POINT ( 'NONE', #1168 ) ;
#271 = DIRECTION ( 'NONE',  ( 0.000000000000000000, 1.000000000000000000, 0.000000000000000000 ) ) ;
#272 = VERTEX_POINT ( 'NONE', #160 ) ;
#273 = DIRECTION ( 'NONE',  ( -1.000000000000000000, -0.000000000000000000, -0.000000000000000000 ) ) ;
#274 = CARTESIAN_POINT ( 'NONE',  ( -30.00000000000000000, -10.25000000000000888, 4.000000000000000000 ) ) ;
#275 = DIRECTION ( 'NONE',  ( -0.000000000000000000, -0.000000000000000000, 1.000000000000000000 ) ) ;
#276 = DIRECTION ( 'NONE',  ( 0.000000000000000000, 1.000000000000000000, 0.000000000000000000 ) ) ;
#277 = APPLICATION_CONTEXT ( 'automotive_design' ) ;
#278 = VERTEX_POINT ( 'NONE', #757 ) ;
#279 = FACE_OUTER_BOUND ( 'NONE', #596, .T. ) ;
#280 = ORIENTED_EDGE ( 'NONE', *, *, #1042, .T. ) ;
#281 = AXIS2_PLACEMENT_3D ( 'NONE', #432, #1020, #1620 ) ;
#282 = CONICAL_SURFACE ( 'NONE', #1712, 2.099999999999997868, 1.029744258676653423 ) ;
#283 = LINE ( 'NONE', #1771, #295 ) ;
#284 = EDGE_CURVE ( 'NONE', #407, #1344, #603, .T. ) ;
#285 = LINE ( 'NONE', #1165, #1493 ) ;
#286 = VERTEX_POINT ( 'NONE', #1330 ) ;
#287 = LINE ( 'NONE', #721, #1338 ) ;
#288 = DIRECTION ( 'NONE',  ( -1.000000000000000000, 1.156482317317871528E-15, 0.000000000000000000 ) ) ;
#289 = CARTESIAN_POINT ( 'NONE',  ( 20.99999999999999645, 9.107142857142850545, 8.000000000000000000 ) ) ;
#290 = COLOUR_RGB ( '',0.7921568627450980005, 0.8196078431372548767, 0.9333333333333333481 ) ;
#291 = EDGE_LOOP ( 'NONE', ( #1201, #1502, #806, #354 ) ) ;
#292 = CARTESIAN_POINT ( 'NONE',  ( -2.214975494823320457, -15.25000000000000888, 4.000000000000000000 ) ) ;
#293 = VECTOR ( 'NONE', #730, 1000.000000000000000 ) ;
#294 = ORIENTED_EDGE ( 'NONE', *, *, #1160, .F. ) ;
#295 = VECTOR ( 'NONE', #871, 1000.000000000000000 ) ;
#296 = CARTESIAN_POINT ( 'NONE',  ( 25.00000000000000000, 6.050000000000035350, 18.00000000000000355 ) ) ;
#297 = FACE_OUTER_BOUND ( 'NONE', #1090, .T. ) ;
#298 = ORIENTED_EDGE ( 'NONE', *, *, #1653, .T. ) ;
#299 = CARTESIAN_POINT ( 'NONE',  ( 2.214975494823320457, 25.25000000000000711, 4.000000000000000000 ) ) ;
#300 = EDGE_CURVE ( 'NONE', #1025, #355, #1340, .T. ) ;
#301 = CARTESIAN_POINT ( 'NONE',  ( 30.00000000000000000, -10.25000000000000888, 4.000000000000000000 ) ) ;
#302 = PLANE ( 'NONE',  #957 ) ;
#303 = VERTEX_POINT ( 'NONE', #715 ) ;
#304 = DIRECTION ( 'NONE',  ( 0.000000000000000000, -0.000000000000000000, 1.000000000000000000 ) ) ;
#305 = EDGE_LOOP ( 'NONE', ( #893, #1272 ) ) ;
#306 = DIRECTION ( 'NONE',  ( -0.000000000000000000, -0.000000000000000000, 1.000000000000000000 ) ) ;
#307 = VERTEX_POINT ( 'NONE', #1731 ) ;
#308 = DIRECTION ( 'NONE',  ( -1.000000000000000000, 1.156482317317871528E-15, 0.000000000000000000 ) ) ;
#309 = CARTESIAN_POINT ( 'NONE',  ( -23.89999999999999858, 6.050000000000029132, 10.00000000000000178 ) ) ;
#310 = DIRECTION ( 'NONE',  ( 1.156482317317871528E-15, -1.000000000000000000, 0.000000000000000000 ) ) ;
#311 = ADVANCED_FACE ( 'NONE', ( #1460 ), #1, .T. ) ;
#312 = ORIENTED_EDGE ( 'NONE', *, *, #1377, .T. ) ;
#313 = DIRECTION ( 'NONE',  ( -1.000000000000000000, 0.000000000000000000, 0.000000000000000000 ) ) ;
#314 = ORIENTED_EDGE ( 'NONE', *, *, #1785, .F. ) ;
#315 = CARTESIAN_POINT ( 'NONE',  ( -7.500000000000000000, -25.25000000000000711, 4.000000000000000000 ) ) ;
#316 = ORIENTED_EDGE ( 'NONE', *, *, #644, .T. ) ;
#317 = SURFACE_STYLE_USAGE ( .BOTH. , #527 ) ;
#318 = VECTOR ( 'NONE', #1763, 1000.000000000000000 ) ;
#319 = DIRECTION ( 'NONE',  ( 0.000000000000000000, 0.2747211278973777926, -0.9615239476408232733 ) ) ;
#320 = FACE_OUTER_BOUND ( 'NONE', #120, .T. ) ;
#321 = CIRCLE ( 'NONE', #1112, 2.249999999999996003 ) ;
#322 = ORIENTED_EDGE ( 'NONE', *, *, #1119, .T. ) ;
#323 = EDGE_CURVE ( 'NONE', #365, #1313, #1445, .T. ) ;
#324 = ORIENTED_EDGE ( 'NONE', *, *, #48, .F. ) ;
#325 = AXIS2_PLACEMENT_3D ( 'NONE', #708, #1734, #261 ) ;
#326 = EDGE_CURVE ( 'NONE', #792, #96, #1052, .T. ) ;
#327 = LINE ( 'NONE', #463, #728 ) ;
#328 = AXIS2_PLACEMENT_3D ( 'NONE', #744, #622, #319 ) ;
#329 = DIRECTION ( 'NONE',  ( 1.000000000000000000, 0.000000000000000000, 0.000000000000000000 ) ) ;
#330 = ORIENTED_EDGE ( 'NONE', *, *, #40, .F. ) ;
#331 = VECTOR ( 'NONE', #799, 1000.000000000000000 ) ;
#332 = DIRECTION ( 'NONE',  ( 0.000000000000000000, -0.000000000000000000, -1.000000000000000000 ) ) ;
#333 = CARTESIAN_POINT ( 'NONE',  ( 22.90000000000000568, -6.049999999999978506, 10.00000000000000178 ) ) ;
#334 = DIRECTION ( 'NONE',  ( -0.000000000000000000, -0.000000000000000000, 1.000000000000000000 ) ) ;
#335 = ORIENTED_EDGE ( 'NONE', *, *, #711, .F. ) ;
#336 = VERTEX_POINT ( 'NONE', #171 ) ;
#337 = DIRECTION ( 'NONE',  ( -0.000000000000000000, -0.000000000000000000, 1.000000000000000000 ) ) ;
#338 = ORIENTED_EDGE ( 'NONE', *, *, #499, .T. ) ;
#339 = EDGE_CURVE ( 'NONE', #189, #7, #1589, .T. ) ;
#340 = DIRECTION ( 'NONE',  ( 0.000000000000000000, -1.000000000000000000, 0.000000000000000000 ) ) ;
#341 = CARTESIAN_POINT ( 'NONE',  ( 2.214975494823321789, -15.25000000000000888, 0.000000000000000000 ) ) ;
#342 = FACE_OUTER_BOUND ( 'NONE', #1562, .T. ) ;
#343 = DIRECTION ( 'NONE',  ( 1.000000000000000000, 0.000000000000000000, 0.000000000000000000 ) ) ;
#344 = ORIENTED_EDGE ( 'NONE', *, *, #1066, .T. ) ;
#345 =( NAMED_UNIT ( * ) PLANE_ANGLE_UNIT ( ) SI_UNIT ( $, .RADIAN. ) );
#346 = ORIENTED_EDGE ( 'NONE', *, *, #114, .F. ) ;
#347 = ADVANCED_FACE ( 'NONE', ( #149 ), #21, .F. ) ;
#348 = FACE_OUTER_BOUND ( 'NONE', #1733, .T. ) ;
#349 = AXIS2_PLACEMENT_3D ( 'NONE', #888, #593, #1158 ) ;
#350 = EDGE_CURVE ( 'NONE', #1097, #1221, #866, .T. ) ;
#351 = CIRCLE ( 'NONE', #1333, 10.00000000000000000 ) ;
#352 = CARTESIAN_POINT ( 'NONE',  ( -30.00000000000000000, 14.23113207547168990, 4.066037735849054258 ) ) ;
#353 = CARTESIAN_POINT ( 'NONE',  ( -23.89999999999999858, -6.049999999999977618, 18.00000000000000355 ) ) ;
#354 = ORIENTED_EDGE ( 'NONE', *, *, #1549, .F. ) ;
#355 = VERTEX_POINT ( 'NONE', #1299 ) ;
#356 = AXIS2_PLACEMENT_3D ( 'NONE', #1012, #850, #396 ) ;
#357 = AXIS2_PLACEMENT_3D ( 'NONE', #1156, #548, #1008 ) ;
#358 = DIRECTION ( 'NONE',  ( 1.000000000000000000, 0.000000000000000000, 0.000000000000000000 ) ) ;
#359 = ADVANCED_FACE ( 'NONE', ( #1875 ), #569, .F. ) ;
#360 = FACE_BOUND ( 'NONE', #305, .T. ) ;
#361 = CARTESIAN_POINT ( 'NONE',  ( -2.214975494823322233, 25.25000000000000711, 4.000000000000000000 ) ) ;
#362 = EDGE_CURVE ( 'NONE', #173, #1719, #1073, .T. ) ;
#363 = ORIENTED_EDGE ( 'NONE', *, *, #284, .T. ) ;
#364 = DIRECTION ( 'NONE',  ( 0.8571673007021117785, 0.000000000000000000, 0.5150380749100550437 ) ) ;
#365 = VERTEX_POINT ( 'NONE', #1515 ) ;
#366 = CARTESIAN_POINT ( 'NONE',  ( 15.00000000000000000, -14.25000000000000888, 4.000000000000000000 ) ) ;
#367 = CARTESIAN_POINT ( 'NONE',  ( -20.99999999999999645, -14.23113207547170234, 4.066037735849074686 ) ) ;
#368 = DIRECTION ( 'NONE',  ( 1.000000000000000000, 0.000000000000000000, 0.000000000000000000 ) ) ;
#369 = ORIENTED_EDGE ( 'NONE', *, *, #380, .T. ) ;
#370 = LINE ( 'NONE', #75, #932 ) ;
#371 = EDGE_CURVE ( 'NONE', #151, #1659, #1491, .T. ) ;
#372 = ORIENTED_EDGE ( 'NONE', *, *, #150, .F. ) ;
#373 = CARTESIAN_POINT ( 'NONE',  ( 20.99999999999999645, 10.24999999999999112, 18.00000000000000355 ) ) ;
#374 = ORIENTED_EDGE ( 'NONE', *, *, #889, .F. ) ;
#375 = CARTESIAN_POINT ( 'NONE',  ( -25.99999999999999645, 6.050000000000029132, 18.00000000000000355 ) ) ;
#376 = AXIS2_PLACEMENT_3D ( 'NONE', #1010, #34, #1741 ) ;
#377 = CARTESIAN_POINT ( 'NONE',  ( 15.00000000000000000, -14.25000000000000888, 4.000000000000000000 ) ) ;
#378 = ORIENTED_EDGE ( 'NONE', *, *, #1760, .T. ) ;
#379 = CARTESIAN_POINT ( 'NONE',  ( 20.99999999999999645, -9.107142857142862979, 8.000000000000000000 ) ) ;
#380 = EDGE_CURVE ( 'NONE', #1584, #506, #1238, .T. ) ;
#381 = ORIENTED_EDGE ( 'NONE', *, *, #1486, .F. ) ;
#382 = EDGE_CURVE ( 'NONE', #1669, #577, #351, .T. ) ;
#383 = DIRECTION ( 'NONE',  ( 1.000000000000000000, 0.000000000000000000, 0.000000000000000000 ) ) ;
#384 = AXIS2_PLACEMENT_3D ( 'NONE', #1597, #1456, #444 ) ;
#385 = DIRECTION ( 'NONE',  ( 1.000000000000000000, -8.673617379884035472E-16, 0.000000000000000000 ) ) ;
#386 = VECTOR ( 'NONE', #808, 1000.000000000000000 ) ;
#387 = VECTOR ( 'NONE', #1122, 1000.000000000000000 ) ;
#388 = LINE ( 'NONE', #1126, #1142 ) ;
#389 = AXIS2_PLACEMENT_3D ( 'NONE', #1326, #421, #1017 ) ;
#390 = CARTESIAN_POINT ( 'NONE',  ( -25.99999999999999645, 6.050000000000029132, 10.00000000000000178 ) ) ;
#391 = EDGE_LOOP ( 'NONE', ( #397, #1465, #922 ) ) ;
#392 = DIRECTION ( 'NONE',  ( 1.000000000000000000, 0.000000000000000000, 0.000000000000000000 ) ) ;
#393 = CARTESIAN_POINT ( 'NONE',  ( 2.249999999999996003, -17.75000000000000711, 1.400000000000001021 ) ) ;
#394 = CARTESIAN_POINT ( 'NONE',  ( -7.500000000000000000, 25.25000000000000711, 0.000000000000000000 ) ) ;
#395 = VERTEX_POINT ( 'NONE', #333 ) ;
#396 = DIRECTION ( 'NONE',  ( 1.000000000000000000, 0.000000000000000000, 0.000000000000000000 ) ) ;
#397 = ORIENTED_EDGE ( 'NONE', *, *, #967, .F. ) ;
#398 = DIRECTION ( 'NONE',  ( -1.000000000000000000, 0.000000000000000000, 0.000000000000000000 ) ) ;
#399 = DIRECTION ( 'NONE',  ( -0.000000000000000000, -0.000000000000000000, 1.000000000000000000 ) ) ;
#400 = EDGE_CURVE ( 'NONE', #1719, #472, #181, .T. ) ;
#401 = PLANE ( 'NONE',  #485 ) ;
#402 = CYLINDRICAL_SURFACE ( 'NONE', #1082, 10.00000000000000000 ) ;
#403 = EDGE_CURVE ( 'NONE', #92, #526, #1389, .T. ) ;
#404 = VECTOR ( 'NONE', #1257, 1000.000000000000000 ) ;
#405 = EDGE_LOOP ( 'NONE', ( #1251, #635, #1355, #433 ) ) ;
#406 = DIRECTION ( 'NONE',  ( -0.8571673007021117785, 1.049727191138617956E-16, 0.5150380749100550437 ) ) ;
#407 = VERTEX_POINT ( 'NONE', #920 ) ;
#408 = CARTESIAN_POINT ( 'NONE',  ( 30.00000000000000000, 10.24999999999999112, 18.00000000000000355 ) ) ;
#409 = PLANE ( 'NONE',  #514 ) ;
#410 = DIRECTION ( 'NONE',  ( 0.000000000000000000, 0.9615239476408232733, 0.2747211278973777926 ) ) ;
#411 = FACE_OUTER_BOUND ( 'NONE', #1701, .T. ) ;
#412 = DIRECTION ( 'NONE',  ( -0.000000000000000000, -0.000000000000000000, 1.000000000000000000 ) ) ;
#413 = VECTOR ( 'NONE', #1769, 1000.000000000000000 ) ;
#414 = CIRCLE ( 'NONE', #966, 5.000000000000000000 ) ;
#415 = ORIENTED_EDGE ( 'NONE', *, *, #632, .T. ) ;
#416 = CARTESIAN_POINT ( 'NONE',  ( 20.99999999999999645, -10.24999999999999112, 18.00000000000000355 ) ) ;
#417 = CIRCLE ( 'NONE', #1666, 2.249999999999996003 ) ;
#418 = CIRCLE ( 'NONE', #1403, 2.099999999999997868 ) ;
#419 = EDGE_LOOP ( 'NONE', ( #880, #1482, #1205, #1641, #369 ) ) ;
#420 = CARTESIAN_POINT ( 'NONE',  ( 20.99999999999999645, -10.25000000000000888, 4.000000000000000000 ) ) ;
#421 = DIRECTION ( 'NONE',  ( 0.000000000000000000, -0.9615239476408228292, 0.2747211278973791249 ) ) ;
#422 = DIRECTION ( 'NONE',  ( 1.000000000000000000, 0.000000000000000000, 0.000000000000000000 ) ) ;
#423 = DIRECTION ( 'NONE',  ( 0.8571673007021117785, 0.000000000000000000, 0.5150380749100550437 ) ) ;
#424 = LINE ( 'NONE', #447, #74 ) ;
#425 = ORIENTED_EDGE ( 'NONE', *, *, #1045, .T. ) ;
#426 = LINE ( 'NONE', #543, #964 ) ;
#427 = ADVANCED_FACE ( 'NONE', ( #1060 ), #72, .T. ) ;
#428 = ORIENTED_EDGE ( 'NONE', *, *, #1776, .T. ) ;
#429 = CARTESIAN_POINT ( 'NONE',  ( -6.521244205459658472E-15, 17.75000000000000711, 4.000000000000000000 ) ) ;
#430 = LINE ( 'NONE', #1469, #1451 ) ;
#431 = LINE ( 'NONE', #1598, #910 ) ;
#432 = CARTESIAN_POINT ( 'NONE',  ( 0.000000000000000000, -17.75000000000000711, 0.000000000000000000 ) ) ;
#433 = ORIENTED_EDGE ( 'NONE', *, *, #632, .F. ) ;
#434 = CARTESIAN_POINT ( 'NONE',  ( 30.00000000000000000, -9.107142857142862979, 8.000000000000000000 ) ) ;
#435 = ORIENTED_EDGE ( 'NONE', *, *, #499, .F. ) ;
#436 = VECTOR ( 'NONE', #1385, 1000.000000000000000 ) ;
#437 = EDGE_CURVE ( 'NONE', #709, #1504, #49, .T. ) ;
#438 = AXIS2_PLACEMENT_3D ( 'NONE', #126, #555, #1739 ) ;
#439 = CYLINDRICAL_SURFACE ( 'NONE', #1883, 2.099999999999997868 ) ;
#440 = DIRECTION ( 'NONE',  ( 0.000000000000000000, -0.9615239476408231623, -0.2747211278973780146 ) ) ;
#441 = VERTEX_POINT ( 'NONE', #488 ) ;
#442 = EDGE_CURVE ( 'NONE', #1644, #1632, #1868, .T. ) ;
#443 = EDGE_CURVE ( 'NONE', #1220, #465, #195, .T. ) ;
#444 = DIRECTION ( 'NONE',  ( 1.000000000000000000, 0.000000000000000000, 0.000000000000000000 ) ) ;
#445 = DIRECTION ( 'NONE',  ( 1.000000000000000000, 0.000000000000000000, 0.000000000000000000 ) ) ;
#446 = AXIS2_PLACEMENT_3D ( 'NONE', #1750, #410, #8 ) ;
#447 = CARTESIAN_POINT ( 'NONE',  ( -15.00000000000000000, 14.25000000000000888, 4.000000000000000000 ) ) ;
#448 = CIRCLE ( 'NONE', #1116, 2.099999999999997868 ) ;
#449 = VERTEX_POINT ( 'NONE', #210 ) ;
#450 = DIRECTION ( 'NONE',  ( 0.000000000000000000, 1.000000000000000000, 0.000000000000000000 ) ) ;
#451 = AXIS2_PLACEMENT_3D ( 'NONE', #375, #1828, #1684 ) ;
#452 = VERTEX_POINT ( 'NONE', #58 ) ;
#453 = VECTOR ( 'NONE', #1640, 1000.000000000000000 ) ;
#454 = LINE ( 'NONE', #902, #879 ) ;
#455 = ORIENTED_EDGE ( 'NONE', *, *, #773, .T. ) ;
#456 = CARTESIAN_POINT ( 'NONE',  ( 30.00000000000000000, 14.24999999999999112, 4.000000000000000000 ) ) ;
#457 = ADVANCED_FACE ( 'NONE', ( #320 ), #1223, .F. ) ;
#458 = DIRECTION ( 'NONE',  ( 0.000000000000000000, 0.2747211278973792914, 0.9615239476408227182 ) ) ;
#459 = DIRECTION ( 'NONE',  ( 0.5633368246415098035, 0.8262273428075476156, 0.000000000000000000 ) ) ;
#460 = EDGE_LOOP ( 'NONE', ( #911, #1657, #594, #1615, #1547, #66 ) ) ;
#461 = DIRECTION ( 'NONE',  ( 1.000000000000000000, 0.000000000000000000, 0.000000000000000000 ) ) ;
#462 = VERTEX_POINT ( 'NONE', #944 ) ;
#463 = CARTESIAN_POINT ( 'NONE',  ( 7.500000000000000000, -25.25000000000000711, 0.000000000000000000 ) ) ;
#464 =( LENGTH_UNIT ( ) NAMED_UNIT ( * ) SI_UNIT ( .MILLI., .METRE. ) );
#465 = VERTEX_POINT ( 'NONE', #800 ) ;
#466 = LINE ( 'NONE', #612, #1789 ) ;
#467 = CARTESIAN_POINT ( 'NONE',  ( 30.00000000000000000, 10.24999999999999112, 4.000000000000000000 ) ) ;
#468 = FACE_OUTER_BOUND ( 'NONE', #1797, .T. ) ;
#469 = EDGE_CURVE ( 'NONE', #1344, #1497, #907, .T. ) ;
#470 = ORIENTED_EDGE ( 'NONE', *, *, #1462, .T. ) ;
#471 = EDGE_CURVE ( 'NONE', #673, #1220, #1696, .T. ) ;
#472 = VERTEX_POINT ( 'NONE', #80 ) ;
#473 = CARTESIAN_POINT ( 'NONE',  ( 25.00000000000000355, -6.049999999999978506, 18.00000000000000355 ) ) ;
#474 = VECTOR ( 'NONE', #1064, 1000.000000000000000 ) ;
#475 = PRODUCT_CONTEXT ( 'NONE', #1182, 'mechanical' ) ;
#476 = ORIENTED_EDGE ( 'NONE', *, *, #175, .F. ) ;
#477 = LINE ( 'NONE', #621, #788 ) ;
#478 = CIRCLE ( 'NONE', #1537, 10.00000000000000000 ) ;
#479 = CARTESIAN_POINT ( 'NONE',  ( -7.500000000000000000, 25.25000000000000711, 4.000000000000000000 ) ) ;
#480 = CARTESIAN_POINT ( 'NONE',  ( -20.99999999999999645, -10.24999999999999112, 18.00000000000000355 ) ) ;
#481 = CIRCLE ( 'NONE', #384, 10.00000000000000000 ) ;
#482 = ADVANCED_FACE ( 'NONE', ( #1566 ), #1685, .F. ) ;
#483 = EDGE_CURVE ( 'NONE', #777, #1364, #1541, .T. ) ;
#484 = ORIENTED_EDGE ( 'NONE', *, *, #1662, .F. ) ;
#485 = AXIS2_PLACEMENT_3D ( 'NONE', #1567, #1458, #1308 ) ;
#486 = ORIENTED_EDGE ( 'NONE', *, *, #1650, .F. ) ;
#487 = CARTESIAN_POINT ( 'NONE',  ( 20.99999999999999645, -9.107142857142862979, 8.000000000000000000 ) ) ;
#488 = CARTESIAN_POINT ( 'NONE',  ( 27.09999999999999787, 6.050000000000035350, 10.00000000000000178 ) ) ;
#489 = DIRECTION ( 'NONE',  ( 1.000000000000000000, 0.000000000000000000, 0.000000000000000000 ) ) ;
#490 = ORIENTED_EDGE ( 'NONE', *, *, #1015, .F. ) ;
#491 = EDGE_LOOP ( 'NONE', ( #213, #528, #1450, #1552 ) ) ;
#492 = ADVANCED_FACE ( 'NONE', ( #1133 ), #1248, .F. ) ;
#493 = ORIENTED_EDGE ( 'NONE', *, *, #471, .T. ) ;
#494 = EDGE_CURVE ( 'NONE', #336, #1667, #1682, .T. ) ;
#495 = CARTESIAN_POINT ( 'NONE',  ( 20.99999999999999645, 9.107142857142850545, 8.000000000000000000 ) ) ;
#496 = FACE_OUTER_BOUND ( 'NONE', #1409, .T. ) ;
#497 = LINE ( 'NONE', #42, #1295 ) ;
#498 = ORIENTED_EDGE ( 'NONE', *, *, #1120, .F. ) ;
#499 = EDGE_CURVE ( 'NONE', #278, #462, #1056, .T. ) ;
#500 = ORIENTED_EDGE ( 'NONE', *, *, #362, .F. ) ;
#501 = DIRECTION ( 'NONE',  ( -0.000000000000000000, -0.000000000000000000, 1.000000000000000000 ) ) ;
#502 = CARTESIAN_POINT ( 'NONE',  ( 25.00000000000000000, 6.050000000000035350, 18.00000000000000355 ) ) ;
#503 = AXIS2_PLACEMENT_3D ( 'NONE', #377, #1679, #1000 ) ;
#504 = CARTESIAN_POINT ( 'NONE',  ( 27.09999999999999787, 6.050000000000035350, 10.00000000000000178 ) ) ;
#505 = FACE_OUTER_BOUND ( 'NONE', #260, .T. ) ;
#506 = VERTEX_POINT ( 'NONE', #1103 ) ;
#507 = CARTESIAN_POINT ( 'NONE',  ( 10.47724892289879683, -20.88336824641510603, 0.000000000000000000 ) ) ;
#508 = ORIENTED_EDGE ( 'NONE', *, *, #525, .T. ) ;
#509 = CONICAL_SURFACE ( 'NONE', #174, 2.099999999999997868, 1.029744258676653423 ) ;
#510 = DIRECTION ( 'NONE',  ( -0.000000000000000000, -0.000000000000000000, 1.000000000000000000 ) ) ;
#511 = DIRECTION ( 'NONE',  ( -0.000000000000000000, -0.000000000000000000, -1.000000000000000000 ) ) ;
#512 = AXIS2_PLACEMENT_3D ( 'NONE', #776, #1062, #1518 ) ;
#513 = EDGE_CURVE ( 'NONE', #36, #143, #478, .T. ) ;
#514 = AXIS2_PLACEMENT_3D ( 'NONE', #1577, #145, #884 ) ;
#515 = CARTESIAN_POINT ( 'NONE',  ( -15.00000000000000000, -14.25000000000000888, 0.000000000000000000 ) ) ;
#516 = VERTEX_POINT ( 'NONE', #809 ) ;
#517 = VERTEX_POINT ( 'NONE', #1678 ) ;
#518 = VERTEX_POINT ( 'NONE', #1413 ) ;
#519 = CARTESIAN_POINT ( 'NONE',  ( 20.99999999999999645, 14.24999999999999112, 4.000000000000000000 ) ) ;
#520 = ORIENTED_EDGE ( 'NONE', *, *, #773, .F. ) ;
#521 = LINE ( 'NONE', #640, #386 ) ;
#522 = DIRECTION ( 'NONE',  ( 0.000000000000000000, 0.9615239476408228292, -0.2747211278973791249 ) ) ;
#523 = ADVANCED_FACE ( 'NONE', ( #976 ), #282, .F. ) ;
#524 = CARTESIAN_POINT ( 'NONE',  ( -10.47724892289879683, 20.88336824641510603, 4.000000000000000000 ) ) ;
#525 = EDGE_CURVE ( 'NONE', #828, #1237, #901, .T. ) ;
#526 = VERTEX_POINT ( 'NONE', #675 ) ;
#527 = SURFACE_SIDE_STYLE ('',( #68 ) ) ;
#528 = ORIENTED_EDGE ( 'NONE', *, *, #1377, .F. ) ;
#529 = CARTESIAN_POINT ( 'NONE',  ( -6.521244205459658472E-15, 17.75000000000000711, 4.000000000000000000 ) ) ;
#530 = DIRECTION ( 'NONE',  ( -0.000000000000000000, 0.000000000000000000, 1.000000000000000000 ) ) ;
#531 = AXIS2_PLACEMENT_3D ( 'NONE', #1033, #858, #1318 ) ;
#532 = CARTESIAN_POINT ( 'NONE',  ( -28.09999999999999432, 6.050000000000029132, 18.00000000000000355 ) ) ;
#533 = VECTOR ( 'NONE', #1862, 1000.000000000000000 ) ;
#534 = ORIENTED_EDGE ( 'NONE', *, *, #644, .F. ) ;
#535 = DIRECTION ( 'NONE',  ( 1.000000000000000000, 0.000000000000000000, 0.000000000000000000 ) ) ;
#536 = VERTEX_POINT ( 'NONE', #1255 ) ;
#537 = LINE ( 'NONE', #853, #387 ) ;
#538 = VECTOR ( 'NONE', #1755, 1000.000000000000000 ) ;
#539 = VECTOR ( 'NONE', #458, 1000.000000000000114 ) ;
#540 = DIRECTION ( 'NONE',  ( -1.000000000000000000, 0.000000000000000000, 0.000000000000000000 ) ) ;
#541 = DIRECTION ( 'NONE',  ( 0.000000000000000000, -0.2747211278973793469, -0.9615239476408227182 ) ) ;
#542 = ORIENTED_EDGE ( 'NONE', *, *, #184, .T. ) ;
#543 = CARTESIAN_POINT ( 'NONE',  ( -30.00000000000000000, 10.24999999999999112, 4.000000000000000000 ) ) ;
#544 = ORIENTED_EDGE ( 'NONE', *, *, #326, .T. ) ;
#545 = EDGE_CURVE ( 'NONE', #1622, #1362, #76, .T. ) ;
#546 = FACE_OUTER_BOUND ( 'NONE', #63, .T. ) ;
#547 = EDGE_CURVE ( 'NONE', #1632, #1081, #824, .T. ) ;
#548 = DIRECTION ( 'NONE',  ( -0.000000000000000000, -0.000000000000000000, 1.000000000000000000 ) ) ;
#549 = DIRECTION ( 'NONE',  ( -0.000000000000000000, 1.000000000000000000, -0.000000000000000000 ) ) ;
#550 = ORIENTED_EDGE ( 'NONE', *, *, #1860, .T. ) ;
#551 = CARTESIAN_POINT ( 'NONE',  ( 0.000000000000000000, 0.000000000000000000, 4.000000000000000000 ) ) ;
#552 = ORIENTED_EDGE ( 'NONE', *, *, #483, .T. ) ;
#553 = CARTESIAN_POINT ( 'NONE',  ( 20.99999999999999645, -14.25000000000000178, 4.000000000000000000 ) ) ;
#554 = FACE_OUTER_BOUND ( 'NONE', #1633, .T. ) ;
#555 = DIRECTION ( 'NONE',  ( 0.000000000000000000, -0.000000000000000000, 1.000000000000000000 ) ) ;
#556 = EDGE_CURVE ( 'NONE', #1364, #1669, #1444, .T. ) ;
#557 = FACE_OUTER_BOUND ( 'NONE', #909, .T. ) ;
#558 = FACE_OUTER_BOUND ( 'NONE', #291, .T. ) ;
#559 = EDGE_LOOP ( 'NONE', ( #534, #1435 ) ) ;
#560 = FACE_BOUND ( 'NONE', #1049, .T. ) ;
#561 = AXIS2_PLACEMENT_3D ( 'NONE', #341, #1792, #1500 ) ;
#562 = VERTEX_POINT ( 'NONE', #735 ) ;
#563 = DIRECTION ( 'NONE',  ( -1.000000000000000000, 0.000000000000000000, 0.000000000000000000 ) ) ;
#564 = DIRECTION ( 'NONE',  ( 0.8262273428075476156, -0.5633368246415098035, 0.000000000000000000 ) ) ;
#565 = PRODUCT_DEFINITION_CONTEXT ( 'detailed design', #277, 'design' ) ;
#566 = LINE ( 'NONE', #743, #1816 ) ;
#567 = AXIS2_PLACEMENT_3D ( 'NONE', #1582, #1720, #1434 ) ;
#568 = DIRECTION ( 'NONE',  ( -0.000000000000000000, -0.000000000000000000, 1.000000000000000000 ) ) ;
#569 = CYLINDRICAL_SURFACE ( 'NONE', #1840, 4.999999999999997335 ) ;
#570 = VECTOR ( 'NONE', #1815, 1000.000000000000000 ) ;
#571 = EDGE_CURVE ( 'NONE', #1097, #777, #580, .T. ) ;
#572 = AXIS2_PLACEMENT_3D ( 'NONE', #479, #926, #332 ) ;
#573 = ORIENTED_EDGE ( 'NONE', *, *, #382, .F. ) ;
#574 = CYLINDRICAL_SURFACE ( 'NONE', #56, 10.00000000000000000 ) ;
#575 = VECTOR ( 'NONE', #1604, 1000.000000000000000 ) ;
#576 = VECTOR ( 'NONE', #1293, 1000.000000000000114 ) ;
#577 = VERTEX_POINT ( 'NONE', #299 ) ;
#578 = FACE_OUTER_BOUND ( 'NONE', #88, .T. ) ;
#579 = EDGE_LOOP ( 'NONE', ( #1680, #1005, #215, #244, #11 ) ) ;
#580 = LINE ( 'NONE', #456, #1842 ) ;
#581 = PLANE ( 'NONE',  #1191 ) ;
#582 = LINE ( 'NONE', #1471, #132 ) ;
#583 = EDGE_CURVE ( 'NONE', #1071, #36, #1437, .T. ) ;
#584 = ORIENTED_EDGE ( 'NONE', *, *, #1229, .T. ) ;
#585 = LINE ( 'NONE', #1312, #1519 ) ;
#586 = EDGE_CURVE ( 'NONE', #441, #1692, #135, .T. ) ;
#587 = ADVANCED_FACE ( 'NONE', ( #1177, #18 ), #755, .F. ) ;
#588 = ORIENTED_EDGE ( 'NONE', *, *, #350, .F. ) ;
#589 = CARTESIAN_POINT ( 'NONE',  ( -30.00000000000000000, 9.107142857142850545, 8.000000000000000000 ) ) ;
#590 = ORIENTED_EDGE ( 'NONE', *, *, #1442, .T. ) ;
#591 = CARTESIAN_POINT ( 'NONE',  ( -20.99999999999999645, 0.000000000000000000, 4.000000000000000000 ) ) ;
#592 = CARTESIAN_POINT ( 'NONE',  ( 30.00000000000000000, 14.24999999999999112, 0.000000000000000000 ) ) ;
#593 = DIRECTION ( 'NONE',  ( -0.000000000000000000, -0.000000000000000000, 1.000000000000000000 ) ) ;
#594 = ORIENTED_EDGE ( 'NONE', *, *, #1442, .F. ) ;
#595 = DIRECTION ( 'NONE',  ( -1.000000000000000000, 0.000000000000000000, 0.000000000000000000 ) ) ;
#596 = EDGE_LOOP ( 'NONE', ( #882, #280, #167, #1788 ) ) ;
#597 = VECTOR ( 'NONE', #459, 1000.000000000000000 ) ;
#598 = PRODUCT_RELATED_PRODUCT_CATEGORY ( 'part', '', ( #1149 ) ) ;
#599 = AXIS2_PLACEMENT_3D ( 'NONE', #367, #522, #959 ) ;
#600 = ORIENTED_EDGE ( 'NONE', *, *, #667, .T. ) ;
#601 = DIRECTION ( 'NONE',  ( -0.000000000000000000, -0.000000000000000000, 1.000000000000000000 ) ) ;
#602 = CARTESIAN_POINT ( 'NONE',  ( 0.000000000000000000, -17.75000000000000711, 1.400000000000001910 ) ) ;
#603 = LINE ( 'NONE', #10, #597 ) ;
#604 = VECTOR ( 'NONE', #1058, 1000.000000000000000 ) ;
#605 = EDGE_LOOP ( 'NONE', ( #676, #62 ) ) ;
#606 = DIRECTION ( 'NONE',  ( 1.000000000000000000, 0.000000000000000000, 0.000000000000000000 ) ) ;
#607 = VECTOR ( 'NONE', #148, 1000.000000000000000 ) ;
#608 = ORIENTED_EDGE ( 'NONE', *, *, #1120, .T. ) ;
#609 = VECTOR ( 'NONE', #27, 1000.000000000000000 ) ;
#610 = EDGE_CURVE ( 'NONE', #1110, #67, #856, .T. ) ;
#611 = ORIENTED_EDGE ( 'NONE', *, *, #1115, .F. ) ;
#612 = CARTESIAN_POINT ( 'NONE',  ( -20.99999999999999645, -9.107142857142861203, 8.000000000000000000 ) ) ;
#613 = DIRECTION ( 'NONE',  ( 1.000000000000000000, 0.000000000000000000, 0.000000000000000000 ) ) ;
#614 = EDGE_CURVE ( 'NONE', #1025, #792, #1337, .T. ) ;
#615 = DIRECTION ( 'NONE',  ( 1.000000000000000000, 1.156482317317871528E-15, 0.000000000000000000 ) ) ;
#616 = VERTEX_POINT ( 'NONE', #1316 ) ;
#617 = ORIENTED_EDGE ( 'NONE', *, *, #678, .F. ) ;
#618 = DIRECTION ( 'NONE',  ( -0.000000000000000000, 1.000000000000000000, -0.000000000000000000 ) ) ;
#619 = DIRECTION ( 'NONE',  ( 1.000000000000000000, 0.000000000000000000, 0.000000000000000000 ) ) ;
#620 = EDGE_LOOP ( 'NONE', ( #455, #700 ) ) ;
#621 = CARTESIAN_POINT ( 'NONE',  ( -30.00000000000000000, 10.53301886792452180, 3.009433962264145723 ) ) ;
#622 = DIRECTION ( 'NONE',  ( 0.000000000000000000, -0.9615239476408232733, -0.2747211278973777926 ) ) ;
#623 = DIRECTION ( 'NONE',  ( -0.000000000000000000, -0.000000000000000000, -1.000000000000000000 ) ) ;
#624 = DIRECTION ( 'NONE',  ( 1.000000000000000000, 0.000000000000000000, 0.000000000000000000 ) ) ;
#625 = ORIENTED_EDGE ( 'NONE', *, *, #1596, .T. ) ;
#626 = CARTESIAN_POINT ( 'NONE',  ( 2.249999999999994227, -17.75000000000000711, 4.000000000000000000 ) ) ;
#627 = VECTOR ( 'NONE', #1855, 1000.000000000000000 ) ;
#628 = ORIENTED_EDGE ( 'NONE', *, *, #1282, .T. ) ;
#629 = CARTESIAN_POINT ( 'NONE',  ( -20.99999999999999645, -10.53301886792453423, 3.009433962264168372 ) ) ;
#630 = DIRECTION ( 'NONE',  ( 0.000000000000000000, 0.000000000000000000, -1.000000000000000000 ) ) ;
#631 = LINE ( 'NONE', #504, #453 ) ;
#632 = EDGE_CURVE ( 'NONE', #1667, #707, #566, .T. ) ;
#633 = ORIENTED_EDGE ( 'NONE', *, *, #805, .T. ) ;
#634 = AXIS2_PLACEMENT_3D ( 'NONE', #1091, #1387, #1243 ) ;
#635 = ORIENTED_EDGE ( 'NONE', *, *, #30, .T. ) ;
#636 = CIRCLE ( 'NONE', #28, 2.099999999999997868 ) ;
#637 = AXIS2_PLACEMENT_3D ( 'NONE', #969, #841, #245 ) ;
#638 = ORIENTED_EDGE ( 'NONE', *, *, #1539, .F. ) ;
#639 = VECTOR ( 'NONE', #1594, 1000.000000000000000 ) ;
#640 = CARTESIAN_POINT ( 'NONE',  ( -2.214975494823320457, -25.25000000000000711, 4.000000000000000000 ) ) ;
#641 = DIRECTION ( 'NONE',  ( -0.000000000000000000, 0.000000000000000000, 1.000000000000000000 ) ) ;
#642 = CARTESIAN_POINT ( 'NONE',  ( 15.00000000000000000, -14.25000000000000888, 4.000000000000000000 ) ) ;
#643 = VERTEX_POINT ( 'NONE', #1478 ) ;
#644 = EDGE_CURVE ( 'NONE', #1081, #1040, #321, .T. ) ;
#645 = ORIENTED_EDGE ( 'NONE', *, *, #678, .T. ) ;
#646 = EDGE_CURVE ( 'NONE', #1644, #1040, #1007, .T. ) ;
#647 = CARTESIAN_POINT ( 'NONE',  ( 2.214975494823320457, 15.25000000000000888, 4.000000000000000000 ) ) ;
#648 = LINE ( 'NONE', #1810, #1273 ) ;
#649 = ORIENTED_EDGE ( 'NONE', *, *, #350, .T. ) ;
#650 = ORIENTED_EDGE ( 'NONE', *, *, #437, .T. ) ;
#651 = LINE ( 'NONE', #1235, #570 ) ;
#652 = VERTEX_POINT ( 'NONE', #886 ) ;
#653 = ADVANCED_FACE ( 'NONE', ( #1715 ), #1328, .F. ) ;
#654 = VECTOR ( 'NONE', #257, 1000.000000000000000 ) ;
#655 = FACE_OUTER_BOUND ( 'NONE', #1101, .T. ) ;
#656 = AXIS2_PLACEMENT_3D ( 'NONE', #952, #1286, #385 ) ;
#657 = LINE ( 'NONE', #642, #1764 ) ;
#658 = DIRECTION ( 'NONE',  ( -0.000000000000000000, -0.000000000000000000, 1.000000000000000000 ) ) ;
#659 = ORIENTED_EDGE ( 'NONE', *, *, #1505, .F. ) ;
#660 = DIRECTION ( 'NONE',  ( 1.000000000000000000, 0.000000000000000000, 0.000000000000000000 ) ) ;
#661 = ORIENTED_EDGE ( 'NONE', *, *, #326, .F. ) ;
#662 = CIRCLE ( 'NONE', #1517, 4.999999999999993783 ) ;
#663 = VECTOR ( 'NONE', #1206, 1000.000000000000114 ) ;
#664 = EDGE_CURVE ( 'NONE', #270, #1071, #481, .T. ) ;
#665 = DIRECTION ( 'NONE',  ( -0.000000000000000000, -0.000000000000000000, 1.000000000000000000 ) ) ;
#666 = CIRCLE ( 'NONE', #912, 4.999999999999993783 ) ;
#667 = EDGE_CURVE ( 'NONE', #1692, #518, #1152, .T. ) ;
#668 = VECTOR ( 'NONE', #329, 1000.000000000000000 ) ;
#669 = CARTESIAN_POINT ( 'NONE',  ( -30.00000000000000000, 14.24999999999999112, 0.000000000000000000 ) ) ;
#670 = CARTESIAN_POINT ( 'NONE',  ( -2.214975494823321789, 15.25000000000000888, 4.000000000000000000 ) ) ;
#671 = ORIENTED_EDGE ( 'NONE', *, *, #711, .T. ) ;
#672 = LINE ( 'NONE', #963, #694 ) ;
#673 = VERTEX_POINT ( 'NONE', #267 ) ;
#674 = CARTESIAN_POINT ( 'NONE',  ( 7.500000000000000000, -25.25000000000000711, 4.000000000000000000 ) ) ;
#675 = CARTESIAN_POINT ( 'NONE',  ( -28.09999999999999432, -6.049999999999977618, 18.00000000000000355 ) ) ;
#676 = ORIENTED_EDGE ( 'NONE', *, *, #1876, .T. ) ;
#677 = DIRECTION ( 'NONE',  ( -1.000000000000000000, 0.000000000000000000, 0.000000000000000000 ) ) ;
#678 = EDGE_CURVE ( 'NONE', #286, #1851, #287, .T. ) ;
#679 = ORIENTED_EDGE ( 'NONE', *, *, #687, .F. ) ;
#680 = DIRECTION ( 'NONE',  ( -0.000000000000000000, 0.000000000000000000, 1.000000000000000000 ) ) ;
#681 = ORIENTED_EDGE ( 'NONE', *, *, #1536, .F. ) ;
#682 = DIRECTION ( 'NONE',  ( -1.000000000000000000, 0.000000000000000000, 0.000000000000000000 ) ) ;
#683 = LINE ( 'NONE', #998, #726 ) ;
#684 = VECTOR ( 'NONE', #835, 1000.000000000000000 ) ;
#685 = CARTESIAN_POINT ( 'NONE',  ( -15.00000000000000000, -14.25000000000000888, 4.000000000000000000 ) ) ;
#686 = VECTOR ( 'NONE', #713, 1000.000000000000000 ) ;
#687 = EDGE_CURVE ( 'NONE', #1352, #536, #147, .T. ) ;
#688 = VERTEX_POINT ( 'NONE', #864 ) ;
#689 = CYLINDRICAL_SURFACE ( 'NONE', #325, 4.999999999999997335 ) ;
#690 = EDGE_CURVE ( 'NONE', #452, #92, #1306, .T. ) ;
#691 = ORIENTED_EDGE ( 'NONE', *, *, #851, .T. ) ;
#692 = ADVANCED_BREP_SHAPE_REPRESENTATION ( 'ARP-0091', ( #770, #1729 ), #914 ) ;
#693 = CARTESIAN_POINT ( 'NONE',  ( -2.249999999999994227, -17.75000000000000711, 4.000000000000000000 ) ) ;
#694 = VECTOR ( 'NONE', #31, 1000.000000000000000 ) ;
#695 = CARTESIAN_POINT ( 'NONE',  ( 30.00000000000000000, 14.24999999999999112, 4.000000000000000000 ) ) ;
#696 = VECTOR ( 'NONE', #73, 1000.000000000000000 ) ;
#697 = DIRECTION ( 'NONE',  ( 1.000000000000000000, 0.000000000000000000, 0.000000000000000000 ) ) ;
#698 = DIRECTION ( 'NONE',  ( 1.000000000000000000, 0.000000000000000000, 0.000000000000000000 ) ) ;
#699 = EDGE_CURVE ( 'NONE', #407, #709, #430, .T. ) ;
#700 = ORIENTED_EDGE ( 'NONE', *, *, #442, .T. ) ;
#701 = ADVANCED_FACE ( 'NONE', ( #1188 ), #1661, .F. ) ;
#702 = DIRECTION ( 'NONE',  ( -0.000000000000000000, -0.000000000000000000, 1.000000000000000000 ) ) ;
#703 = CARTESIAN_POINT ( 'NONE',  ( -30.00000000000000000, 10.24999999999999112, 4.000000000000000000 ) ) ;
#704 = CARTESIAN_POINT ( 'NONE',  ( 27.10000000000000497, -6.049999999999978506, 18.00000000000000355 ) ) ;
#705 = CARTESIAN_POINT ( 'NONE',  ( -20.99999999999999645, 10.24999999999999112, 4.000000000000000000 ) ) ;
#706 = CARTESIAN_POINT ( 'NONE',  ( 20.99999999999999645, -14.25000000000000888, 4.000000000000000000 ) ) ;
#707 = VERTEX_POINT ( 'NONE', #905 ) ;
#708 = CARTESIAN_POINT ( 'NONE',  ( 0.000000000000000000, -17.75000000000000711, 4.000000000000000000 ) ) ;
#709 = VERTEX_POINT ( 'NONE', #507 ) ;
#710 = CARTESIAN_POINT ( 'NONE',  ( 20.99999999999999645, 10.24999999999999112, 18.00000000000000355 ) ) ;
#711 = EDGE_CURVE ( 'NONE', #1851, #1196, #477, .T. ) ;
#712 = LINE ( 'NONE', #6, #1192 ) ;
#713 = DIRECTION ( 'NONE',  ( 0.000000000000000000, 1.000000000000000000, -0.000000000000000000 ) ) ;
#714 = DIRECTION ( 'NONE',  ( -0.000000000000000000, -0.000000000000000000, 1.000000000000000000 ) ) ;
#715 = CARTESIAN_POINT ( 'NONE',  ( -20.99999999999999645, 10.24999999999998934, 18.00000000000000711 ) ) ;
#716 = VECTOR ( 'NONE', #1098, 1000.000000000000000 ) ;
#717 = DIRECTION ( 'NONE',  ( 1.000000000000000000, 0.000000000000000000, 0.000000000000000000 ) ) ;
#718 = ORIENTED_EDGE ( 'NONE', *, *, #40, .T. ) ;
#719 = CARTESIAN_POINT ( 'NONE',  ( -20.99999999999999645, 9.107142857142850545, 8.000000000000000000 ) ) ;
#720 = PLANE ( 'NONE',  #1342 ) ;
#721 = CARTESIAN_POINT ( 'NONE',  ( -30.00000000000000000, 0.000000000000000000, 8.000000000000000000 ) ) ;
#722 = ADVANCED_FACE ( 'NONE', ( #1252, #207 ), #1107, .T. ) ;
#723 = CIRCLE ( 'NONE', #634, 2.249999999999994227 ) ;
#724 = CARTESIAN_POINT ( 'NONE',  ( -30.00000000000000000, -14.23113207547170234, 4.066037735849074686 ) ) ;
#725 = DIRECTION ( 'NONE',  ( 0.000000000000000000, -0.000000000000000000, 1.000000000000000000 ) ) ;
#726 = VECTOR ( 'NONE', #1854, 1000.000000000000000 ) ;
#727 = ADVANCED_FACE ( 'NONE', ( #1628 ), #1488, .F. ) ;
#728 = VECTOR ( 'NONE', #732, 1000.000000000000000 ) ;
#729 = ORIENTED_EDGE ( 'NONE', *, *, #1735, .T. ) ;
#730 = DIRECTION ( 'NONE',  ( -0.000000000000000000, -0.000000000000000000, -1.000000000000000000 ) ) ;
#731 = ORIENTED_EDGE ( 'NONE', *, *, #1319, .F. ) ;
#732 = DIRECTION ( 'NONE',  ( 0.5633368246415098035, 0.8262273428075476156, 0.000000000000000000 ) ) ;
#733 = CYLINDRICAL_SURFACE ( 'NONE', #1495, 2.249999999999994227 ) ;
#734 = ORIENTED_EDGE ( 'NONE', *, *, #123, .F. ) ;
#735 = CARTESIAN_POINT ( 'NONE',  ( -20.99999999999999645, -10.24999999999999112, 18.00000000000000355 ) ) ;
#736 = DIRECTION ( 'NONE',  ( 0.000000000000000000, 0.9615239476408229402, -0.2747211278973789028 ) ) ;
#737 = CARTESIAN_POINT ( 'NONE',  ( 0.000000000000000000, 0.000000000000000000, 0.000000000000000000 ) ) ;
#738 = ORIENTED_EDGE ( 'NONE', *, *, #204, .T. ) ;
#739 = DIRECTION ( 'NONE',  ( -0.000000000000000000, 0.000000000000000000, -1.000000000000000000 ) ) ;
#740 = ORIENTED_EDGE ( 'NONE', *, *, #889, .T. ) ;
#741 = DIRECTION ( 'NONE',  ( 1.000000000000000000, 0.000000000000000000, 0.000000000000000000 ) ) ;
#742 = ORIENTED_EDGE ( 'NONE', *, *, #150, .T. ) ;
#743 = CARTESIAN_POINT ( 'NONE',  ( 4.999999999999990230, 17.75000000000000711, 4.000000000000000000 ) ) ;
#744 = CARTESIAN_POINT ( 'NONE',  ( 20.99999999999999645, 10.24999999999999112, 4.000000000000000000 ) ) ;
#745 = PLANE ( 'NONE',  #1711 ) ;
#746 = ORIENTED_EDGE ( 'NONE', *, *, #91, .F. ) ;
#747 = CARTESIAN_POINT ( 'NONE',  ( 0.000000000000000000, -17.75000000000000711, 0.000000000000000000 ) ) ;
#748 = EDGE_CURVE ( 'NONE', #688, #1833, #822, .T. ) ;
#749 = ORIENTED_EDGE ( 'NONE', *, *, #1198, .F. ) ;
#750 = VECTOR ( 'NONE', #970, 1000.000000000000000 ) ;
#751 = EDGE_CURVE ( 'NONE', #1441, #1433, #1636, .T. ) ;
#752 = VECTOR ( 'NONE', #1351, 1000.000000000000000 ) ;
#753 = CARTESIAN_POINT ( 'NONE',  ( -28.09999999999999432, -6.049999999999977618, 18.00000000000000355 ) ) ;
#754 = ORIENTED_EDGE ( 'NONE', *, *, #382, .T. ) ;
#755 = PLANE ( 'NONE',  #438 ) ;
#756 = FACE_OUTER_BOUND ( 'NONE', #1642, .T. ) ;
#757 = CARTESIAN_POINT ( 'NONE',  ( 2.214975494823320457, 25.25000000000000711, 0.000000000000000000 ) ) ;
#758 = VECTOR ( 'NONE', #271, 1000.000000000000000 ) ;
#759 = ORIENTED_EDGE ( 'NONE', *, *, #284, .F. ) ;
#760 = CIRCLE ( 'NONE', #451, 2.099999999999997868 ) ;
#761 = ORIENTED_EDGE ( 'NONE', *, *, #69, .T. ) ;
#762 = VECTOR ( 'NONE', #1703, 1000.000000000000000 ) ;
#763 = CARTESIAN_POINT ( 'NONE',  ( -20.99999999999999645, 0.000000000000000000, 0.000000000000000000 ) ) ;
#764 = ORIENTED_EDGE ( 'NONE', *, *, #339, .T. ) ;
#765 = CARTESIAN_POINT ( 'NONE',  ( -15.00000000000000000, -14.25000000000000888, 4.000000000000000000 ) ) ;
#766 = FACE_OUTER_BOUND ( 'NONE', #1494, .T. ) ;
#767 = DIRECTION ( 'NONE',  ( 1.000000000000000000, 0.000000000000000000, 0.000000000000000000 ) ) ;
#768 = ORIENTED_EDGE ( 'NONE', *, *, #861, .T. ) ;
#769 = ORIENTED_EDGE ( 'NONE', *, *, #1650, .T. ) ;
#770 = MANIFOLD_SOLID_BREP ( 'Foro per Vite M4-1', #987 ) ;
#771 = LINE ( 'NONE', #37, #1546 ) ;
#772 = ORIENTED_EDGE ( 'NONE', *, *, #1319, .T. ) ;
#773 = EDGE_CURVE ( 'NONE', #1632, #1644, #723, .T. ) ;
#774 = CARTESIAN_POINT ( 'NONE',  ( -30.00000000000000000, -14.25000000000000888, 4.000000000000000000 ) ) ;
#775 = CARTESIAN_POINT ( 'NONE',  ( -15.00000000000000000, -14.25000000000000888, 4.000000000000000000 ) ) ;
#776 = CARTESIAN_POINT ( 'NONE',  ( 0.000000000000000000, -17.75000000000000711, 1.400000000000000133 ) ) ;
#777 = VERTEX_POINT ( 'NONE', #178 ) ;
#778 = ORIENTED_EDGE ( 'NONE', *, *, #1785, .T. ) ;
#779 = VECTOR ( 'NONE', #1819, 1000.000000000000000 ) ;
#780 = ORIENTED_EDGE ( 'NONE', *, *, #136, .T. ) ;
#781 = VECTOR ( 'NONE', #896, 1000.000000000000000 ) ;
#782 = CARTESIAN_POINT ( 'NONE',  ( -6.521244205459658472E-15, 17.75000000000000711, 0.000000000000000000 ) ) ;
#783 = EDGE_CURVE ( 'NONE', #1196, #1110, #651, .T. ) ;
#784 = CARTESIAN_POINT ( 'NONE',  ( -7.500000000000000000, -25.25000000000000711, 0.000000000000000000 ) ) ;
#785 = LINE ( 'NONE', #212, #436 ) ;
#786 = EDGE_CURVE ( 'NONE', #947, #777, #1826, .T. ) ;
#787 = EDGE_CURVE ( 'NONE', #971, #673, #1668, .T. ) ;
#788 = VECTOR ( 'NONE', #1535, 1000.000000000000114 ) ;
#789 = ORIENTED_EDGE ( 'NONE', *, *, #323, .F. ) ;
#790 = AXIS2_PLACEMENT_3D ( 'NONE', #467, #1051, #906 ) ;
#791 = CIRCLE ( 'NONE', #820, 2.099999999999997868 ) ;
#792 = VERTEX_POINT ( 'NONE', #379 ) ;
#793 = DIRECTION ( 'NONE',  ( 1.000000000000000000, 0.000000000000000000, 0.000000000000000000 ) ) ;
#794 = CARTESIAN_POINT ( 'NONE',  ( 2.214975494823320457, 15.25000000000000888, 4.000000000000000000 ) ) ;
#795 = DIRECTION ( 'NONE',  ( 0.000000000000000000, 0.000000000000000000, 1.000000000000000000 ) ) ;
#796 = VERTEX_POINT ( 'NONE', #87 ) ;
#797 = EDGE_LOOP ( 'NONE', ( #374, #53, #873, #1817 ) ) ;
#798 = ORIENTED_EDGE ( 'NONE', *, *, #664, .F. ) ;
#799 = DIRECTION ( 'NONE',  ( -0.5633368246415098035, -0.8262273428075476156, 0.000000000000000000 ) ) ;
#800 = CARTESIAN_POINT ( 'NONE',  ( 22.90000000000000213, -6.049999999999978506, 18.00000000000000355 ) ) ;
#801 = LINE ( 'NONE', #784, #1521 ) ;
#802 = LINE ( 'NONE', #1665, #716 ) ;
#803 = ORIENTED_EDGE ( 'NONE', *, *, #1556, .F. ) ;
#804 = CARTESIAN_POINT ( 'NONE',  ( -25.99999999999999645, -6.049999999999977618, 10.00000000000000178 ) ) ;
#805 = EDGE_CURVE ( 'NONE', #96, #990, #672, .T. ) ;
#806 = ORIENTED_EDGE ( 'NONE', *, *, #989, .T. ) ;
#807 = EDGE_CURVE ( 'NONE', #517, #286, #466, .T. ) ;
#808 = DIRECTION ( 'NONE',  ( -0.000000000000000000, 0.000000000000000000, -1.000000000000000000 ) ) ;
#809 = CARTESIAN_POINT ( 'NONE',  ( -10.47724892289879683, -20.88336824641510603, 4.000000000000000000 ) ) ;
#810 = CARTESIAN_POINT ( 'NONE',  ( 2.249999999999987566, 17.75000000000000711, 0.000000000000000000 ) ) ;
#811 = PLANE ( 'NONE',  #169 ) ;
#812 = ORIENTED_EDGE ( 'NONE', *, *, #1069, .T. ) ;
#813 = DIRECTION ( 'NONE',  ( -0.000000000000000000, 1.000000000000000000, -0.000000000000000000 ) ) ;
#814 = AXIS2_PLACEMENT_3D ( 'NONE', #1839, #1280, #535 ) ;
#815 = ORIENTED_EDGE ( 'NONE', *, *, #1358, .F. ) ;
#816 = VECTOR ( 'NONE', #897, 1000.000000000000000 ) ;
#817 = AXIS2_PLACEMENT_3D ( 'NONE', #1178, #1782, #1059 ) ;
#818 = DIRECTION ( 'NONE',  ( -0.8262273428075476156, 0.5633368246415098035, 0.000000000000000000 ) ) ;
#819 = CARTESIAN_POINT ( 'NONE',  ( -25.99999999999999645, 6.050000000000029132, 10.00000000000000178 ) ) ;
#820 = AXIS2_PLACEMENT_3D ( 'NONE', #1151, #1303, #106 ) ;
#821 = PLANE ( 'NONE',  #1784 ) ;
#822 = LINE ( 'NONE', #223, #604 ) ;
#823 = VERTEX_POINT ( 'NONE', #1440 ) ;
#824 = LINE ( 'NONE', #1419, #20 ) ;
#825 = EDGE_CURVE ( 'NONE', #1110, #947, #426, .T. ) ;
#826 = CARTESIAN_POINT ( 'NONE',  ( -30.00000000000000000, 14.24999999999999112, 0.000000000000000000 ) ) ;
#827 = ADVANCED_FACE ( 'NONE', ( #1128 ), #574, .T. ) ;
#828 = VERTEX_POINT ( 'NONE', #121 ) ;
#829 = DIRECTION ( 'NONE',  ( 1.000000000000000000, 0.000000000000000000, 0.000000000000000000 ) ) ;
#830 = EDGE_LOOP ( 'NONE', ( #154, #1108, #904 ) ) ;
#831 = CARTESIAN_POINT ( 'NONE',  ( 22.90000000000000213, 6.050000000000035350, 10.00000000000000178 ) ) ;
#832 = DIRECTION ( 'NONE',  ( 1.000000000000000000, 0.000000000000000000, 0.000000000000000000 ) ) ;
#833 = DIRECTION ( 'NONE',  ( 0.000000000000000000, 0.000000000000000000, -1.000000000000000000 ) ) ;
#834 = ADVANCED_FACE ( 'NONE', ( #1148 ), #1700, .F. ) ;
#835 = DIRECTION ( 'NONE',  ( -0.000000000000000000, -1.000000000000000000, -0.000000000000000000 ) ) ;
#836 = AXIS2_PLACEMENT_3D ( 'NONE', #1393, #399, #392 ) ;
#837 = ADVANCED_FACE ( 'NONE', ( #972 ), #139, .F. ) ;
#838 = ORIENTED_EDGE ( 'NONE', *, *, #1335, .T. ) ;
#839 = PLANE ( 'NONE',  #1241 ) ;
#840 = ORIENTED_EDGE ( 'NONE', *, *, #69, .F. ) ;
#841 = DIRECTION ( 'NONE',  ( -0.000000000000000000, -0.000000000000000000, 1.000000000000000000 ) ) ;
#842 = CIRCLE ( 'NONE', #356, 10.00000000000000000 ) ;
#843 = CARTESIAN_POINT ( 'NONE',  ( -20.99999999999999645, -14.25000000000000888, 4.000000000000000000 ) ) ;
#844 = DIRECTION ( 'NONE',  ( 1.000000000000000000, 0.000000000000000000, 0.000000000000000000 ) ) ;
#845 = AXIS2_PLACEMENT_3D ( 'NONE', #529, #510, #1677 ) ;
#846 = CARTESIAN_POINT ( 'NONE',  ( 2.249999999999989342, 17.75000000000000711, 1.400000000000001910 ) ) ;
#847 = AXIS2_PLACEMENT_3D ( 'NONE', #1694, #682, #116 ) ;
#848 = DIRECTION ( 'NONE',  ( 0.000000000000000000, 0.000000000000000000, -1.000000000000000000 ) ) ;
#849 = ORIENTED_EDGE ( 'NONE', *, *, #1624, .T. ) ;
#850 = DIRECTION ( 'NONE',  ( 0.000000000000000000, -0.000000000000000000, 1.000000000000000000 ) ) ;
#851 = EDGE_CURVE ( 'NONE', #900, #1331, #112, .T. ) ;
#852 = ORIENTED_EDGE ( 'NONE', *, *, #1830, .F. ) ;
#853 = CARTESIAN_POINT ( 'NONE',  ( 20.99999999999999645, -10.24999999999999112, 18.00000000000000355 ) ) ;
#854 = CARTESIAN_POINT ( 'NONE',  ( 20.99999999999999645, -9.107142857142862979, 8.000000000000000000 ) ) ;
#855 = UNCERTAINTY_MEASURE_WITH_UNIT (LENGTH_MEASURE( 1.000000000000000082E-05 ), #464, 'distance_accuracy_value', 'NONE');
#856 = LINE ( 'NONE', #591, #686 ) ;
#857 = DIRECTION ( 'NONE',  ( -0.000000000000000000, -0.000000000000000000, 1.000000000000000000 ) ) ;
#858 = DIRECTION ( 'NONE',  ( -0.000000000000000000, -0.000000000000000000, 1.000000000000000000 ) ) ;
#859 = DIRECTION ( 'NONE',  ( 1.000000000000000000, 0.000000000000000000, 0.000000000000000000 ) ) ;
#860 = ORIENTED_EDGE ( 'NONE', *, *, #1066, .F. ) ;
#861 = EDGE_CURVE ( 'NONE', #1807, #355, #1003, .T. ) ;
#862 = DIRECTION ( 'NONE',  ( 0.000000000000000000, -0.000000000000000000, 1.000000000000000000 ) ) ;
#863 = ADVANCED_FACE ( 'NONE', ( #1561 ), #689, .F. ) ;
#864 = CARTESIAN_POINT ( 'NONE',  ( 30.00000000000000000, 10.24999999999999112, 4.000000000000000000 ) ) ;
#865 = LINE ( 'NONE', #1446, #57 ) ;
#866 = LINE ( 'NONE', #1775, #194 ) ;
#867 = VECTOR ( 'NONE', #898, 1000.000000000000000 ) ;
#868 = ORIENTED_EDGE ( 'NONE', *, *, #1271, .F. ) ;
#869 = FACE_OUTER_BOUND ( 'NONE', #1762, .T. ) ;
#870 = ORIENTED_EDGE ( 'NONE', *, *, #1673, .T. ) ;
#871 = DIRECTION ( 'NONE',  ( 0.8571673007021117785, 0.000000000000000000, 0.5150380749100550437 ) ) ;
#872 = DIRECTION ( 'NONE',  ( -0.000000000000000000, -0.000000000000000000, -1.000000000000000000 ) ) ;
#873 = ORIENTED_EDGE ( 'NONE', *, *, #545, .F. ) ;
#874 = DIRECTION ( 'NONE',  ( 0.000000000000000000, 1.000000000000000000, 0.000000000000000000 ) ) ;
#875 = VECTOR ( 'NONE', #1608, 1000.000000000000000 ) ;
#876 = LINE ( 'NONE', #108, #1063 ) ;
#877 = CARTESIAN_POINT ( 'NONE',  ( -28.09999999999999432, -6.049999999999977618, 10.00000000000000178 ) ) ;
#878 = VECTOR ( 'NONE', #288, 1000.000000000000000 ) ;
#879 = VECTOR ( 'NONE', #915, 1000.000000000000000 ) ;
#880 = ORIENTED_EDGE ( 'NONE', *, *, #175, .T. ) ;
#881 = DIRECTION ( 'NONE',  ( 0.000000000000000000, -0.000000000000000000, 1.000000000000000000 ) ) ;
#882 = ORIENTED_EDGE ( 'NONE', *, *, #1160, .T. ) ;
#883 = DIRECTION ( 'NONE',  ( -0.000000000000000000, -0.000000000000000000, 1.000000000000000000 ) ) ;
#884 = DIRECTION ( 'NONE',  ( -1.000000000000000000, 0.000000000000000000, 0.000000000000000000 ) ) ;
#885 = ORIENTED_EDGE ( 'NONE', *, *, #1718, .F. ) ;
#886 = CARTESIAN_POINT ( 'NONE',  ( -30.00000000000000000, 10.24999999999999112, 0.000000000000000000 ) ) ;
#887 = FACE_OUTER_BOUND ( 'NONE', #1528, .T. ) ;
#888 = CARTESIAN_POINT ( 'NONE',  ( -25.99999999999999645, -6.049999999999977618, 18.00000000000000355 ) ) ;
#889 = EDGE_CURVE ( 'NONE', #516, #1136, #842, .T. ) ;
#890 = EDGE_LOOP ( 'NONE', ( #1390, #235, #772, #1520 ) ) ;
#891 = CARTESIAN_POINT ( 'NONE',  ( 30.00000000000000000, 9.107142857142850545, 8.000000000000000000 ) ) ;
#892 = ADVANCED_FACE ( 'NONE', ( #1261 ), #1635, .F. ) ;
#893 = ORIENTED_EDGE ( 'NONE', *, *, #443, .F. ) ;
#894 = DIRECTION ( 'NONE',  ( 1.000000000000000000, 0.000000000000000000, 0.000000000000000000 ) ) ;
#895 = ORIENTED_EDGE ( 'NONE', *, *, #664, .T. ) ;
#896 = DIRECTION ( 'NONE',  ( -0.5633368246415098035, 0.8262273428075476156, -0.000000000000000000 ) ) ;
#897 = DIRECTION ( 'NONE',  ( -1.000000000000000000, 0.000000000000000000, 0.000000000000000000 ) ) ;
#898 = DIRECTION ( 'NONE',  ( -0.8571673007021117785, 1.049727191138617956E-16, 0.5150380749100550437 ) ) ;
#899 = ORIENTED_EDGE ( 'NONE', *, *, #1760, .F. ) ;
#900 = VERTEX_POINT ( 'NONE', #1709 ) ;
#901 = CIRCLE ( 'NONE', #1363, 2.099999999999997868 ) ;
#902 = CARTESIAN_POINT ( 'NONE',  ( -30.00000000000000000, 10.24999999999999112, 0.000000000000000000 ) ) ;
#903 = APPLICATION_PROTOCOL_DEFINITION ( 'draft international standard', 'automotive_design', 1998, #277 ) ;
#904 = ORIENTED_EDGE ( 'NONE', *, *, #123, .T. ) ;
#905 = CARTESIAN_POINT ( 'NONE',  ( 4.999999999999986677, 17.75000000000000711, 4.000000000000000000 ) ) ;
#906 = DIRECTION ( 'NONE',  ( 0.000000000000000000, 0.000000000000000000, 1.000000000000000000 ) ) ;
#907 = LINE ( 'NONE', #1123, #1024 ) ;
#908 = STYLED_ITEM ( 'NONE', ( #39 ), #770 ) ;
#909 = EDGE_LOOP ( 'NONE', ( #1022, #1411, #1477, #638 ) ) ;
#910 = VECTOR ( 'NONE', #540, 1000.000000000000000 ) ;
#911 = ORIENTED_EDGE ( 'NONE', *, *, #1556, .T. ) ;
#912 = AXIS2_PLACEMENT_3D ( 'NONE', #1443, #1714, #117 ) ;
#913 = ADVANCED_FACE ( 'NONE', ( #981 ), #509, .F. ) ;
#914 =( GEOMETRIC_REPRESENTATION_CONTEXT ( 3 ) GLOBAL_UNCERTAINTY_ASSIGNED_CONTEXT ( ( #855 ) ) GLOBAL_UNIT_ASSIGNED_CONTEXT ( ( #464, #345, #1772 ) ) REPRESENTATION_CONTEXT ( 'NONE', 'WORKASPACE' ) );
#915 = DIRECTION ( 'NONE',  ( 1.000000000000000000, 0.000000000000000000, 0.000000000000000000 ) ) ;
#916 = CARTESIAN_POINT ( 'NONE',  ( -30.00000000000000000, 14.24999999999999112, 4.000000000000000000 ) ) ;
#917 = ORIENTED_EDGE ( 'NONE', *, *, #1131, .T. ) ;
#918 =( NAMED_UNIT ( * ) PLANE_ANGLE_UNIT ( ) SI_UNIT ( $, .RADIAN. ) );
#919 = CARTESIAN_POINT ( 'NONE',  ( -26.00000000000000000, 6.050000000000029132, 8.738192700042125338 ) ) ;
#920 = CARTESIAN_POINT ( 'NONE',  ( 10.47724892289879683, -20.88336824641510603, 4.000000000000000000 ) ) ;
#921 = LINE ( 'NONE', #1275, #1371 ) ;
#922 = ORIENTED_EDGE ( 'NONE', *, *, #1583, .T. ) ;
#923 = ORIENTED_EDGE ( 'NONE', *, *, #924, .T. ) ;
#924 = EDGE_CURVE ( 'NONE', #1180, #828, #1416, .T. ) ;
#925 = ORIENTED_EDGE ( 'NONE', *, *, #1539, .T. ) ;
#926 = DIRECTION ( 'NONE',  ( 0.000000000000000000, -1.000000000000000000, 0.000000000000000000 ) ) ;
#927 = EDGE_CURVE ( 'NONE', #67, #303, #250, .T. ) ;
#928 = ADVANCED_FACE ( 'NONE', ( #279 ), #1290, .F. ) ;
#929 = DIRECTION ( 'NONE',  ( -0.000000000000000000, -0.000000000000000000, -1.000000000000000000 ) ) ;
#930 = CARTESIAN_POINT ( 'NONE',  ( -25.99999999999999645, 6.050000000000029132, 10.00000000000000178 ) ) ;
#931 = ORIENTED_EDGE ( 'NONE', *, *, #1229, .F. ) ;
#932 = VECTOR ( 'NONE', #1674, 1000.000000000000000 ) ;
#933 = EDGE_LOOP ( 'NONE', ( #1253, #992, #206, #600 ) ) ;
#934 = DIRECTION ( 'NONE',  ( 0.000000000000000000, 0.000000000000000000, -1.000000000000000000 ) ) ;
#935 = DIRECTION ( 'NONE',  ( -0.000000000000000000, -0.000000000000000000, 1.000000000000000000 ) ) ;
#936 = DIRECTION ( 'NONE',  ( 0.000000000000000000, -1.000000000000000000, 0.000000000000000000 ) ) ;
#937 = ORIENTED_EDGE ( 'NONE', *, *, #807, .F. ) ;
#938 = AXIS2_PLACEMENT_3D ( 'NONE', #765, #1545, #1379 ) ;
#939 = ORIENTED_EDGE ( 'NONE', *, *, #1508, .T. ) ;
#940 = AXIS2_PLACEMENT_3D ( 'NONE', #487, #736, #1339 ) ;
#941 = AXIS2_PLACEMENT_3D ( 'NONE', #1140, #564, #1027 ) ;
#942 = ORIENTED_EDGE ( 'NONE', *, *, #748, .T. ) ;
#943 = CARTESIAN_POINT ( 'NONE',  ( -7.500000000000000000, 25.25000000000000711, 4.000000000000000000 ) ) ;
#944 = CARTESIAN_POINT ( 'NONE',  ( 10.47724892289879683, 20.88336824641510603, 0.000000000000000000 ) ) ;
#945 = CARTESIAN_POINT ( 'NONE',  ( 30.00000000000000000, 10.24999999999999112, 4.000000000000000000 ) ) ;
#946 = EDGE_CURVE ( 'NONE', #7, #452, #448, .T. ) ;
#947 = VERTEX_POINT ( 'NONE', #1866 ) ;
#948 = ADVANCED_FACE ( 'NONE', ( #560, #1690 ), #839, .T. ) ;
#949 = ORIENTED_EDGE ( 'NONE', *, *, #1673, .F. ) ;
#950 = ORIENTED_EDGE ( 'NONE', *, *, #339, .F. ) ;
#951 = DIRECTION ( 'NONE',  ( -0.000000000000000000, -0.000000000000000000, 1.000000000000000000 ) ) ;
#952 = CARTESIAN_POINT ( 'NONE',  ( 2.214975494823320457, 15.25000000000000888, 0.000000000000000000 ) ) ;
#953 = CARTESIAN_POINT ( 'NONE',  ( 2.214975494823321789, -15.25000000000000888, 4.000000000000000000 ) ) ;
#954 = ORIENTED_EDGE ( 'NONE', *, *, #1841, .T. ) ;
#955 = ORIENTED_EDGE ( 'NONE', *, *, #1014, .T. ) ;
#956 = ORIENTED_EDGE ( 'NONE', *, *, #1624, .F. ) ;
#957 = AXIS2_PLACEMENT_3D ( 'NONE', #138, #276, #725 ) ;
#958 = CARTESIAN_POINT ( 'NONE',  ( 2.249999999999996003, -17.75000000000000711, 1.400000000000001910 ) ) ;
#959 = DIRECTION ( 'NONE',  ( 0.000000000000000000, 0.2747211278973791249, 0.9615239476408228292 ) ) ;
#960 = AXIS2_PLACEMENT_3D ( 'NONE', #1507, #1630, #1365 ) ;
#961 = CARTESIAN_POINT ( 'NONE',  ( 5.000000000000000000, -17.75000000000000711, 1.400000000000000133 ) ) ;
#962 = ORIENTED_EDGE ( 'NONE', *, *, #437, .F. ) ;
#963 = CARTESIAN_POINT ( 'NONE',  ( 20.99999999999999645, 9.107142857142850545, 8.000000000000000000 ) ) ;
#964 = VECTOR ( 'NONE', #1300, 1000.000000000000000 ) ;
#965 = ORIENTED_EDGE ( 'NONE', *, *, #927, .T. ) ;
#966 = AXIS2_PLACEMENT_3D ( 'NONE', #1479, #33, #613 ) ;
#967 = EDGE_CURVE ( 'NONE', #971, #395, #130, .T. ) ;
#968 = AXIS2_PLACEMENT_3D ( 'NONE', #1412, #702, #237 ) ;
#969 = CARTESIAN_POINT ( 'NONE',  ( -25.99999999999999645, 6.050000000000029132, 18.00000000000000355 ) ) ;
#970 = DIRECTION ( 'NONE',  ( -0.000000000000000000, -0.2747211278973791249, -0.9615239476408228292 ) ) ;
#971 = VERTEX_POINT ( 'NONE', #1037 ) ;
#972 = FACE_OUTER_BOUND ( 'NONE', #830, .T. ) ;
#973 = VERTEX_POINT ( 'NONE', #23 ) ;
#974 = EDGE_CURVE ( 'NONE', #1313, #365, #1489, .T. ) ;
#975 = LINE ( 'NONE', #1555, #144 ) ;
#976 = FACE_OUTER_BOUND ( 'NONE', #45, .T. ) ;
#977 = EDGE_CURVE ( 'NONE', #707, #192, #662, .T. ) ;
#978 = FACE_OUTER_BOUND ( 'NONE', #1485, .T. ) ;
#979 = CARTESIAN_POINT ( 'NONE',  ( 22.90000000000000213, -6.049999999999978506, 18.00000000000000355 ) ) ;
#980 = ORIENTED_EDGE ( 'NONE', *, *, #300, .T. ) ;
#981 = FACE_OUTER_BOUND ( 'NONE', #208, .T. ) ;
#982 = ORIENTED_EDGE ( 'NONE', *, *, #1695, .T. ) ;
#983 = DIRECTION ( 'NONE',  ( -1.000000000000000000, -1.156482317317871528E-15, 0.000000000000000000 ) ) ;
#984 = FACE_OUTER_BOUND ( 'NONE', #460, .T. ) ;
#985 = DIRECTION ( 'NONE',  ( -0.000000000000000000, -0.000000000000000000, 1.000000000000000000 ) ) ;
#986 = FACE_OUTER_BOUND ( 'NONE', #1150, .T. ) ;
#987 = CLOSED_SHELL ( 'NONE', ( #239, #523, #457, #837, #1516, #1369, #1143, #913, #1310, #1407, #863, #225, #948, #1053, #1766, #1296, #1084, #928, #1210, #1746, #347, #236, #1818, #482, #187, #834, #653, #1852, #1570, #722, #1187, #259, #727, #1026, #1322, #161, #587, #1820, #1705, #311, #1227, #1323, #1256, #1404, #827, #1032, #100, #427, #1350, #1171, #1796, #1837, #205, #359, #892, #153, #1357, #13, #1105, #1568, #701, #492 ) ) ;
#988 = CARTESIAN_POINT ( 'NONE',  ( -20.99999999999999645, -10.53301886792453423, 3.009433962264168372 ) ) ;
#989 = EDGE_CURVE ( 'NONE', #1777, #1376, #1302, .T. ) ;
#990 = VERTEX_POINT ( 'NONE', #891 ) ;
#991 = DIRECTION ( 'NONE',  ( -0.000000000000000000, -0.000000000000000000, 1.000000000000000000 ) ) ;
#992 = ORIENTED_EDGE ( 'NONE', *, *, #1462, .F. ) ;
#993 = VECTOR ( 'NONE', #1166, 1000.000000000000000 ) ;
#994 = CARTESIAN_POINT ( 'NONE',  ( -2.249999999999995559, -17.75000000000000711, 1.400000000000001910 ) ) ;
#995 = EDGE_LOOP ( 'NONE', ( #659, #1595, #1083, #731, #1038, #111, #661, #1127 ) ) ;
#996 = DIRECTION ( 'NONE',  ( -0.000000000000000000, -0.000000000000000000, 1.000000000000000000 ) ) ;
#997 = AXIS2_PLACEMENT_3D ( 'NONE', #602, #46, #1349 ) ;
#998 = CARTESIAN_POINT ( 'NONE',  ( 10.47724892289879683, 20.88336824641510603, 4.000000000000000000 ) ) ;
#999 = VECTOR ( 'NONE', #1704, 1000.000000000000000 ) ;
#1000 = DIRECTION ( 'NONE',  ( -1.000000000000000000, -1.156482317317871528E-15, 0.000000000000000000 ) ) ;
#1001 = EDGE_CURVE ( 'NONE', #562, #1807, #1614, .T. ) ;
#1002 = EDGE_LOOP ( 'NONE', ( #1077, #1138, #798, #931 ) ) ;
#1003 = LINE ( 'NONE', #1137, #758 ) ;
#1004 = EDGE_CURVE ( 'NONE', #1364, #616, #141, .T. ) ;
#1005 = ORIENTED_EDGE ( 'NONE', *, *, #1621, .F. ) ;
#1006 = CYLINDRICAL_SURFACE ( 'NONE', #1724, 4.999999999999997335 ) ;
#1007 = LINE ( 'NONE', #1141, #1600 ) ;
#1008 = DIRECTION ( 'NONE',  ( 1.000000000000000000, 0.000000000000000000, 0.000000000000000000 ) ) ;
#1009 = PRODUCT_DEFINITION_SHAPE ( 'NONE', 'NONE',  #1610 ) ;
#1010 = CARTESIAN_POINT ( 'NONE',  ( 20.99999999999999645, 10.24999999999999112, 18.00000000000000355 ) ) ;
#1011 = ORIENTED_EDGE ( 'NONE', *, *, #1457, .T. ) ;
#1012 = CARTESIAN_POINT ( 'NONE',  ( -2.214975494823320457, -15.25000000000000888, 4.000000000000000000 ) ) ;
#1013 = VERTEX_POINT ( 'NONE', #434 ) ;
#1014 = EDGE_CURVE ( 'NONE', #1833, #1221, #585, .T. ) ;
#1015 = EDGE_CURVE ( 'NONE', #1415, #1851, #1023, .T. ) ;
#1016 = CARTESIAN_POINT ( 'NONE',  ( 22.90000000000000213, 6.050000000000035350, 18.00000000000000355 ) ) ;
#1017 = DIRECTION ( 'NONE',  ( 0.000000000000000000, -0.2747211278973791249, -0.9615239476408228292 ) ) ;
#1018 = DIRECTION ( 'NONE',  ( -0.000000000000000000, -0.000000000000000000, 1.000000000000000000 ) ) ;
#1019 = DIRECTION ( 'NONE',  ( 1.000000000000000000, 0.000000000000000000, 0.000000000000000000 ) ) ;
#1020 = DIRECTION ( 'NONE',  ( 0.000000000000000000, -0.000000000000000000, 1.000000000000000000 ) ) ;
#1021 = VECTOR ( 'NONE', #623, 1000.000000000000000 ) ;
#1022 = ORIENTED_EDGE ( 'NONE', *, *, #525, .F. ) ;
#1023 = LINE ( 'NONE', #163, #1723 ) ;
#1024 = VECTOR ( 'NONE', #246, 1000.000000000000000 ) ;
#1025 = VERTEX_POINT ( 'NONE', #1332 ) ;
#1026 = ADVANCED_FACE ( 'NONE', ( #869 ), #12, .F. ) ;
#1027 = DIRECTION ( 'NONE',  ( 0.5633368246415098035, 0.8262273428075476156, 0.000000000000000000 ) ) ;
#1028 = ORIENTED_EDGE ( 'NONE', *, *, #1147, .F. ) ;
#1029 = CARTESIAN_POINT ( 'NONE',  ( 25.00000000000000000, 6.050000000000035350, 18.00000000000000355 ) ) ;
#1030 = VECTOR ( 'NONE', #1114, 1000.000000000000000 ) ;
#1031 = DIRECTION ( 'NONE',  ( 0.000000000000000000, 0.000000000000000000, -1.000000000000000000 ) ) ;
#1032 = ADVANCED_FACE ( 'NONE', ( #1170 ), #1601, .T. ) ;
#1033 = CARTESIAN_POINT ( 'NONE',  ( 0.000000000000000000, -17.75000000000000711, 4.000000000000000000 ) ) ;
#1034 = AXIS2_PLACEMENT_3D ( 'NONE', #674, #818, #1085 ) ;
#1035 = VECTOR ( 'NONE', #1239, 1000.000000000000000 ) ;
#1036 = ORIENTED_EDGE ( 'NONE', *, *, #114, .T. ) ;
#1037 = CARTESIAN_POINT ( 'NONE',  ( 25.00000000000000000, -6.049999999999978506, 8.738192700042125338 ) ) ;
#1038 = ORIENTED_EDGE ( 'NONE', *, *, #786, .F. ) ;
#1039 = CARTESIAN_POINT ( 'NONE',  ( 4.999999999999993783, -17.75000000000000711, 4.000000000000000000 ) ) ;
#1040 = VERTEX_POINT ( 'NONE', #1181 ) ;
#1041 = CARTESIAN_POINT ( 'NONE',  ( -2.214975494823322233, 25.25000000000000711, 4.000000000000000000 ) ) ;
#1042 = EDGE_CURVE ( 'NONE', #462, #1669, #683, .T. ) ;
#1043 = CARTESIAN_POINT ( 'NONE',  ( -20.99999999999999645, 10.53301886792452180, 3.009433962264145723 ) ) ;
#1044 = DIRECTION ( 'NONE',  ( -1.000000000000000000, 0.000000000000000000, 0.000000000000000000 ) ) ;
#1045 = EDGE_CURVE ( 'NONE', #1504, #1234, #876, .T. ) ;
#1046 = ORIENTED_EDGE ( 'NONE', *, *, #469, .F. ) ;
#1047 = CARTESIAN_POINT ( 'NONE',  ( 22.90000000000000568, -6.049999999999978506, 10.00000000000000178 ) ) ;
#1048 = ORIENTED_EDGE ( 'NONE', *, *, #547, .F. ) ;
#1049 = EDGE_LOOP ( 'NONE', ( #1212, #868 ) ) ;
#1050 = DIRECTION ( 'NONE',  ( -1.000000000000000000, 0.000000000000000000, 0.000000000000000000 ) ) ;
#1051 = DIRECTION ( 'NONE',  ( -1.000000000000000000, 0.000000000000000000, 0.000000000000000000 ) ) ;
#1052 = LINE ( 'NONE', #289, #1656 ) ;
#1053 = ADVANCED_FACE ( 'NONE', ( #986 ), #1167, .F. ) ;
#1054 = ORIENTED_EDGE ( 'NONE', *, *, #1693, .T. ) ;
#1055 = ORIENTED_EDGE ( 'NONE', *, *, #1850, .F. ) ;
#1056 = CIRCLE ( 'NONE', #656, 10.00000000000000000 ) ;
#1057 = ORIENTED_EDGE ( 'NONE', *, *, #610, .F. ) ;
#1058 = DIRECTION ( 'NONE',  ( -0.000000000000000000, -0.000000000000000000, -1.000000000000000000 ) ) ;
#1059 = DIRECTION ( 'NONE',  ( 1.000000000000000000, 0.000000000000000000, 0.000000000000000000 ) ) ;
#1060 = FACE_OUTER_BOUND ( 'NONE', #1487, .T. ) ;
#1061 = AXIS2_PLACEMENT_3D ( 'NONE', #1857, #1269, #1410 ) ;
#1062 = DIRECTION ( 'NONE',  ( -0.000000000000000000, -0.000000000000000000, 1.000000000000000000 ) ) ;
#1063 = VECTOR ( 'NONE', #714, 1000.000000000000000 ) ;
#1064 = DIRECTION ( 'NONE',  ( 0.000000000000000000, -1.000000000000000000, 0.000000000000000000 ) ) ;
#1065 = VECTOR ( 'NONE', #1096, 1000.000000000000000 ) ;
#1066 = EDGE_CURVE ( 'NONE', #518, #1692, #636, .T. ) ;
#1067 = ORIENTED_EDGE ( 'NONE', *, *, #362, .T. ) ;
#1068 = AXIS2_PLACEMENT_3D ( 'NONE', #1616, #306, #894 ) ;
#1069 = EDGE_CURVE ( 'NONE', #796, #1584, #137, .T. ) ;
#1070 = CARTESIAN_POINT ( 'NONE',  ( -10.47724892289879683, -20.88336824641510603, 4.000000000000000000 ) ) ;
#1071 = VERTEX_POINT ( 'NONE', #1740 ) ;
#1072 = FACE_OUTER_BOUND ( 'NONE', #1427, .T. ) ;
#1073 = LINE ( 'NONE', #1646, #779 ) ;
#1074 = FACE_BOUND ( 'NONE', #1468, .T. ) ;
#1075 = ORIENTED_EDGE ( 'NONE', *, *, #30, .F. ) ;
#1076 = EDGE_LOOP ( 'NONE', ( #2, #780, #1228, #102 ) ) ;
#1077 = ORIENTED_EDGE ( 'NONE', *, *, #513, .F. ) ;
#1078 = DIRECTION ( 'NONE',  ( 1.000000000000000000, 0.000000000000000000, 0.000000000000000000 ) ) ;
#1079 = CARTESIAN_POINT ( 'NONE',  ( 0.000000000000000000, -17.75000000000000711, 4.000000000000000000 ) ) ;
#1080 = ORIENTED_EDGE ( 'NONE', *, *, #1001, .T. ) ;
#1081 = VERTEX_POINT ( 'NONE', #846 ) ;
#1082 = AXIS2_PLACEMENT_3D ( 'NONE', #670, #119, #677 ) ;
#1083 = ORIENTED_EDGE ( 'NONE', *, *, #1422, .F. ) ;
#1084 = ADVANCED_FACE ( 'NONE', ( #978 ), #401, .F. ) ;
#1085 = DIRECTION ( 'NONE',  ( -0.5633368246415098035, -0.8262273428075476156, 0.000000000000000000 ) ) ;
#1086 = DIRECTION ( 'NONE',  ( -0.000000000000000000, -0.000000000000000000, 1.000000000000000000 ) ) ;
#1087 = EDGE_CURVE ( 'NONE', #303, #449, #431, .T. ) ;
#1088 = DIRECTION ( 'NONE',  ( 0.000000000000000000, -1.000000000000000000, 0.000000000000000000 ) ) ;
#1089 = DIRECTION ( 'NONE',  ( 1.000000000000000000, 0.000000000000000000, 0.000000000000000000 ) ) ;
#1090 = EDGE_LOOP ( 'NONE', ( #1530, #14, #542, #761 ) ) ;
#1091 = CARTESIAN_POINT ( 'NONE',  ( -6.521244205459658472E-15, 17.75000000000000711, 0.000000000000000000 ) ) ;
#1092 = AXIS2_PLACEMENT_3D ( 'NONE', #1438, #568, #1716 ) ;
#1093 = VECTOR ( 'NONE', #1164, 1000.000000000000000 ) ;
#1094 = EDGE_LOOP ( 'NONE', ( #1581, #1036, #625, #956 ) ) ;
#1095 = PLANE ( 'NONE',  #1034 ) ;
#1096 = DIRECTION ( 'NONE',  ( 0.000000000000000000, -0.2747211278973780146, 0.9615239476408231623 ) ) ;
#1097 = VERTEX_POINT ( 'NONE', #695 ) ;
#1098 = DIRECTION ( 'NONE',  ( -0.000000000000000000, -0.000000000000000000, 1.000000000000000000 ) ) ;
#1099 = ORIENTED_EDGE ( 'NONE', *, *, #787, .F. ) ;
#1100 =( LENGTH_UNIT ( ) NAMED_UNIT ( * ) SI_UNIT ( .MILLI., .METRE. ) );
#1101 = EDGE_LOOP ( 'NONE', ( #1099, #1811, #1370 ) ) ;
#1102 = CARTESIAN_POINT ( 'NONE',  ( -10.47724892289879683, -20.88336824641510603, 0.000000000000000000 ) ) ;
#1103 = CARTESIAN_POINT ( 'NONE',  ( -30.00000000000000000, -14.25000000000000888, 0.000000000000000000 ) ) ;
#1104 = FACE_OUTER_BOUND ( 'NONE', #1402, .T. ) ;
#1105 = ADVANCED_FACE ( 'NONE', ( #268 ), #1453, .F. ) ;
#1106 = ORIENTED_EDGE ( 'NONE', *, *, #1184, .T. ) ;
#1107 = PLANE ( 'NONE',  #1573 ) ;
#1108 = ORIENTED_EDGE ( 'NONE', *, *, #1461, .T. ) ;
#1109 = DIRECTION ( 'NONE',  ( -1.000000000000000000, 0.000000000000000000, -0.000000000000000000 ) ) ;
#1110 = VERTEX_POINT ( 'NONE', #705 ) ;
#1111 = CARTESIAN_POINT ( 'NONE',  ( -25.99999999999999645, 6.050000000000029132, 18.00000000000000355 ) ) ;
#1112 = AXIS2_PLACEMENT_3D ( 'NONE', #1154, #1728, #422 ) ;
#1113 = ORIENTED_EDGE ( 'NONE', *, *, #1173, .T. ) ;
#1114 = DIRECTION ( 'NONE',  ( 0.000000000000000000, -0.2747211278973780146, 0.9615239476408231623 ) ) ;
#1115 = EDGE_CURVE ( 'NONE', #1180, #1237, #865, .T. ) ;
#1116 = AXIS2_PLACEMENT_3D ( 'NONE', #95, #1848, #717 ) ;
#1117 = ORIENTED_EDGE ( 'NONE', *, *, #400, .T. ) ;
#1118 = AXIS2_PLACEMENT_3D ( 'NONE', #1449, #1464, #881 ) ;
#1119 = EDGE_CURVE ( 'NONE', #526, #92, #1689, .T. ) ;
#1120 = EDGE_CURVE ( 'NONE', #1221, #616, #256, .T. ) ;
#1121 = AXIS2_PLACEMENT_3D ( 'NONE', #1230, #501, #1834 ) ;
#1122 = DIRECTION ( 'NONE',  ( -0.000000000000000000, -1.000000000000000000, -0.000000000000000000 ) ) ;
#1123 = CARTESIAN_POINT ( 'NONE',  ( 15.00000000000000000, -14.25000000000000888, 4.000000000000000000 ) ) ;
#1124 = AXIS2_PLACEMENT_3D ( 'NONE', #1748, #440, #156 ) ;
#1125 = DIRECTION ( 'NONE',  ( 0.000000000000000000, 1.000000000000000000, 0.000000000000000000 ) ) ;
#1126 = CARTESIAN_POINT ( 'NONE',  ( 30.00000000000000000, 9.107142857142850545, 8.000000000000000000 ) ) ;
#1127 = ORIENTED_EDGE ( 'NONE', *, *, #614, .F. ) ;
#1128 = FACE_OUTER_BOUND ( 'NONE', #1827, .T. ) ;
#1129 = ORIENTED_EDGE ( 'NONE', *, *, #825, .T. ) ;
#1130 = CYLINDRICAL_SURFACE ( 'NONE', #968, 2.249999999999994227 ) ;
#1131 = EDGE_CURVE ( 'NONE', #517, #1415, #1431, .T. ) ;
#1132 = LINE ( 'NONE', #1070, #233 ) ;
#1133 = FACE_OUTER_BOUND ( 'NONE', #491, .T. ) ;
#1134 = LINE ( 'NONE', #180, #142 ) ;
#1135 = LINE ( 'NONE', #1707, #219 ) ;
#1136 = VERTEX_POINT ( 'NONE', #1266 ) ;
#1137 = CARTESIAN_POINT ( 'NONE',  ( -20.99999999999999645, 0.000000000000000000, 4.000000000000000000 ) ) ;
#1138 = ORIENTED_EDGE ( 'NONE', *, *, #583, .F. ) ;
#1139 = LINE ( 'NONE', #420, #1849 ) ;
#1140 = CARTESIAN_POINT ( 'NONE',  ( -7.500000000000000000, 25.25000000000000711, 4.000000000000000000 ) ) ;
#1141 = CARTESIAN_POINT ( 'NONE',  ( -2.250000000000000888, 17.75000000000000711, 4.000000000000000000 ) ) ;
#1142 = VECTOR ( 'NONE', #549, 1000.000000000000000 ) ;
#1143 = ADVANCED_FACE ( 'NONE', ( #557 ), #1420, .F. ) ;
#1144 = DIRECTION ( 'NONE',  ( 0.000000000000000000, -0.2747211278973791249, -0.9615239476408228292 ) ) ;
#1145 = AXIS2_PLACEMENT_3D ( 'NONE', #1835, #238, #1264 ) ;
#1146 = CYLINDRICAL_SURFACE ( 'NONE', #531, 2.249999999999994227 ) ;
#1147 = EDGE_CURVE ( 'NONE', #828, #129, #1287, .T. ) ;
#1148 = FACE_OUTER_BOUND ( 'NONE', #1169, .T. ) ;
#1149 = PRODUCT ( 'ARP-0091', 'ARP-0091', '', ( #475 ) ) ;
#1150 = EDGE_LOOP ( 'NONE', ( #769, #381, #335, #617, #1496, #1193, #838, #1279, #1455, #330, #484, #1627 ) ) ;
#1151 = CARTESIAN_POINT ( 'NONE',  ( 25.00000000000000000, 6.050000000000035350, 10.00000000000000178 ) ) ;
#1152 = CIRCLE ( 'NONE', #1688, 2.099999999999997868 ) ;
#1153 = DIRECTION ( 'NONE',  ( -0.000000000000000000, -0.000000000000000000, 1.000000000000000000 ) ) ;
#1154 = CARTESIAN_POINT ( 'NONE',  ( -6.521244205459658472E-15, 17.75000000000000711, 1.400000000000001910 ) ) ;
#1155 = AXIS2_PLACEMENT_3D ( 'NONE', #1645, #1490, #1765 ) ;
#1156 = CARTESIAN_POINT ( 'NONE',  ( -25.99999999999999645, -6.049999999999977618, 18.00000000000000355 ) ) ;
#1157 = VECTOR ( 'NONE', #1452, 1000.000000000000000 ) ;
#1158 = DIRECTION ( 'NONE',  ( 1.000000000000000000, 0.000000000000000000, 0.000000000000000000 ) ) ;
#1159 = PRODUCT_DEFINITION_FORMATION_WITH_SPECIFIED_SOURCE ( 'TUTTO', '', #1149, .NOT_KNOWN. ) ;
#1160 = EDGE_CURVE ( 'NONE', #616, #462, #118, .T. ) ;
#1161 = ORIENTED_EDGE ( 'NONE', *, *, #586, .F. ) ;
#1162 = DIRECTION ( 'NONE',  ( 1.000000000000000000, 0.000000000000000000, 0.000000000000000000 ) ) ;
#1163 = ORIENTED_EDGE ( 'NONE', *, *, #1593, .T. ) ;
#1164 = DIRECTION ( 'NONE',  ( 1.000000000000000000, 0.000000000000000000, 0.000000000000000000 ) ) ;
#1165 = CARTESIAN_POINT ( 'NONE',  ( -7.500000000000000000, 25.25000000000000711, 0.000000000000000000 ) ) ;
#1166 = DIRECTION ( 'NONE',  ( -0.000000000000000000, -0.000000000000000000, 1.000000000000000000 ) ) ;
#1167 = PLANE ( 'NONE',  #229 ) ;
#1168 = CARTESIAN_POINT ( 'NONE',  ( -10.47724892289879683, 20.88336824641510603, 0.000000000000000000 ) ) ;
#1169 = EDGE_LOOP ( 'NONE', ( #645, #490, #1801, #1226 ) ) ;
#1170 = FACE_OUTER_BOUND ( 'NONE', #797, .T. ) ;
#1171 = ADVANCED_FACE ( 'NONE', ( #1730, #411 ), #581, .F. ) ;
#1172 = ORIENTED_EDGE ( 'NONE', *, *, #1285, .F. ) ;
#1173 = EDGE_CURVE ( 'NONE', #577, #278, #1134, .T. ) ;
#1174 = DIRECTION ( 'NONE',  ( 1.000000000000000000, 0.000000000000000000, 0.000000000000000000 ) ) ;
#1175 = PLANE ( 'NONE',  #1124 ) ;
#1176 = ORIENTED_EDGE ( 'NONE', *, *, #1001, .F. ) ;
#1177 = FACE_BOUND ( 'NONE', #1242, .T. ) ;
#1178 = CARTESIAN_POINT ( 'NONE',  ( -6.521244205459658472E-15, 17.75000000000000711, 4.000000000000000000 ) ) ;
#1179 = DIRECTION ( 'NONE',  ( -0.000000000000000000, -0.000000000000000000, -1.000000000000000000 ) ) ;
#1180 = VERTEX_POINT ( 'NONE', #919 ) ;
#1181 = CARTESIAN_POINT ( 'NONE',  ( -2.250000000000001776, 17.75000000000000711, 1.400000000000001910 ) ) ;
#1182 = APPLICATION_CONTEXT ( 'automotive_design' ) ;
#1183 = ORIENTED_EDGE ( 'NONE', *, *, #1850, .T. ) ;
#1184 = EDGE_CURVE ( 'NONE', #355, #517, #1611, .T. ) ;
#1185 = FACE_OUTER_BOUND ( 'NONE', #24, .T. ) ;
#1186 = EDGE_LOOP ( 'NONE', ( #1710, #937, #1602, #1676 ) ) ;
#1187 = ADVANCED_FACE ( 'NONE', ( #766 ), #1189, .F. ) ;
#1188 = FACE_OUTER_BOUND ( 'NONE', #1770, .T. ) ;
#1189 = PLANE ( 'NONE',  #258 ) ;
#1190 = CARTESIAN_POINT ( 'NONE',  ( -15.00000000000000000, 14.25000000000000888, 4.000000000000000000 ) ) ;
#1191 = AXIS2_PLACEMENT_3D ( 'NONE', #393, #833, #1277 ) ;
#1192 = VECTOR ( 'NONE', #398, 1000.000000000000000 ) ;
#1193 = ORIENTED_EDGE ( 'NONE', *, *, #687, .T. ) ;
#1194 = CARTESIAN_POINT ( 'NONE',  ( 0.000000000000000000, -17.75000000000000711, 1.400000000000001910 ) ) ;
#1195 = ORIENTED_EDGE ( 'NONE', *, *, #443, .T. ) ;
#1196 = VERTEX_POINT ( 'NONE', #1751 ) ;
#1197 = DIRECTION ( 'NONE',  ( -0.000000000000000000, -0.000000000000000000, 1.000000000000000000 ) ) ;
#1198 = EDGE_CURVE ( 'NONE', #1376, #1777, #1637, .T. ) ;
#1199 = FACE_OUTER_BOUND ( 'NONE', #1625, .T. ) ;
#1200 = DIRECTION ( 'NONE',  ( -0.000000000000000000, 1.000000000000000000, -0.000000000000000000 ) ) ;
#1201 = ORIENTED_EDGE ( 'NONE', *, *, #974, .F. ) ;
#1202 = ORIENTED_EDGE ( 'NONE', *, *, #1702, .T. ) ;
#1203 = CARTESIAN_POINT ( 'NONE',  ( -7.500000000000000000, 25.25000000000000711, 4.000000000000000000 ) ) ;
#1204 = LINE ( 'NONE', #315, #668 ) ;
#1205 = ORIENTED_EDGE ( 'NONE', *, *, #1259, .F. ) ;
#1206 = DIRECTION ( 'NONE',  ( 0.000000000000000000, 0.2747211278973777926, -0.9615239476408232733 ) ) ;
#1207 = DIRECTION ( 'NONE',  ( 1.000000000000000000, 0.000000000000000000, 0.000000000000000000 ) ) ;
#1208 = EDGE_CURVE ( 'NONE', #465, #1220, #1341, .T. ) ;
#1209 = CARTESIAN_POINT ( 'NONE',  ( -20.99999999999999645, 14.25000000000000178, 4.000000000000000000 ) ) ;
#1210 = ADVANCED_FACE ( 'NONE', ( #1072 ), #41, .F. ) ;
#1211 = VECTOR ( 'NONE', #1044, 1000.000000000000000 ) ;
#1212 = ORIENTED_EDGE ( 'NONE', *, *, #977, .F. ) ;
#1213 = LINE ( 'NONE', #1016, #1157 ) ;
#1214 = ORIENTED_EDGE ( 'NONE', *, *, #1042, .F. ) ;
#1215 = PLANE ( 'NONE',  #328 ) ;
#1216 = DIRECTION ( 'NONE',  ( 1.000000000000000000, 0.000000000000000000, 0.000000000000000000 ) ) ;
#1217 = LINE ( 'NONE', #1853, #1035 ) ;
#1218 = ORIENTED_EDGE ( 'NONE', *, *, #690, .F. ) ;
#1219 = CIRCLE ( 'NONE', #637, 2.099999999999997868 ) ;
#1220 = VERTEX_POINT ( 'NONE', #159 ) ;
#1221 = VERTEX_POINT ( 'NONE', #592 ) ;
#1222 = PLANE ( 'NONE',  #1880 ) ;
#1223 = CYLINDRICAL_SURFACE ( 'NONE', #1483, 2.099999999999997868 ) ;
#1224 = DIRECTION ( 'NONE',  ( -0.000000000000000000, -0.000000000000000000, -1.000000000000000000 ) ) ;
#1225 = LINE ( 'NONE', #61, #474 ) ;
#1226 = ORIENTED_EDGE ( 'NONE', *, *, #807, .T. ) ;
#1227 = ADVANCED_FACE ( 'NONE', ( #887 ), #1215, .T. ) ;
#1228 = ORIENTED_EDGE ( 'NONE', *, *, #1208, .T. ) ;
#1229 = EDGE_CURVE ( 'NONE', #143, #270, #170, .T. ) ;
#1230 = CARTESIAN_POINT ( 'NONE',  ( 25.00000000000000355, -6.049999999999978506, 10.00000000000000178 ) ) ;
#1231 = DIRECTION ( 'NONE',  ( 1.000000000000000000, 0.000000000000000000, 0.000000000000000000 ) ) ;
#1232 = LINE ( 'NONE', #352, #1065 ) ;
#1233 = ORIENTED_EDGE ( 'NONE', *, *, #1285, .T. ) ;
#1234 = VERTEX_POINT ( 'NONE', #1791 ) ;
#1235 = CARTESIAN_POINT ( 'NONE',  ( -30.00000000000000000, 10.24999999999999112, 4.000000000000000000 ) ) ;
#1236 = CIRCLE ( 'NONE', #1418, 2.099999999999997868 ) ;
#1237 = VERTEX_POINT ( 'NONE', #309 ) ;
#1238 = LINE ( 'NONE', #1660, #1512 ) ;
#1239 = DIRECTION ( 'NONE',  ( -0.000000000000000000, -0.000000000000000000, 1.000000000000000000 ) ) ;
#1240 = CARTESIAN_POINT ( 'NONE',  ( -5.000000000000000000, -17.75000000000000711, 1.400000000000000133 ) ) ;
#1241 = AXIS2_PLACEMENT_3D ( 'NONE', #551, #680, #859 ) ;
#1242 = EDGE_LOOP ( 'NONE', ( #172, #140 ) ) ;
#1243 = DIRECTION ( 'NONE',  ( 1.000000000000000000, 0.000000000000000000, 0.000000000000000000 ) ) ;
#1244 = CIRCLE ( 'NONE', #1824, 2.099999999999997868 ) ;
#1245 = AXIS2_PLACEMENT_3D ( 'NONE', #763, #1345, #1758 ) ;
#1246 = ORIENTED_EDGE ( 'NONE', *, *, #927, .F. ) ;
#1247 = CYLINDRICAL_SURFACE ( 'NONE', #845, 4.999999999999997335 ) ;
#1248 = CYLINDRICAL_SURFACE ( 'NONE', #221, 2.099999999999997868 ) ;
#1249 = EDGE_CURVE ( 'NONE', #1415, #1110, #1499, .T. ) ;
#1250 = FACE_OUTER_BOUND ( 'NONE', #1002, .T. ) ;
#1251 = ORIENTED_EDGE ( 'NONE', *, *, #494, .F. ) ;
#1252 = FACE_BOUND ( 'NONE', #242, .T. ) ;
#1253 = ORIENTED_EDGE ( 'NONE', *, *, #1559, .F. ) ;
#1254 = CARTESIAN_POINT ( 'NONE',  ( -30.00000000000000000, -10.25000000000000888, 0.000000000000000000 ) ) ;
#1255 = CARTESIAN_POINT ( 'NONE',  ( -30.00000000000000000, -10.25000000000000888, 0.000000000000000000 ) ) ;
#1256 = ADVANCED_FACE ( 'NONE', ( #756 ), #9, .T. ) ;
#1257 = DIRECTION ( 'NONE',  ( -0.000000000000000000, -0.000000000000000000, 1.000000000000000000 ) ) ;
#1258 = EDGE_CURVE ( 'NONE', #1097, #1433, #1317, .T. ) ;
#1259 = EDGE_CURVE ( 'NONE', #1807, #151, #1629, .T. ) ;
#1260 = ORIENTED_EDGE ( 'NONE', *, *, #1004, .F. ) ;
#1261 = FACE_OUTER_BOUND ( 'NONE', #78, .T. ) ;
#1262 = ORIENTED_EDGE ( 'NONE', *, *, #1391, .T. ) ;
#1263 = AXIS2_PLACEMENT_3D ( 'NONE', #1648, #197, #343 ) ;
#1264 = DIRECTION ( 'NONE',  ( 1.000000000000000000, 0.000000000000000000, 0.000000000000000000 ) ) ;
#1265 = VECTOR ( 'NONE', #1018, 1000.000000000000000 ) ;
#1266 = CARTESIAN_POINT ( 'NONE',  ( -2.214975494823320457, -25.25000000000000711, 4.000000000000000000 ) ) ;
#1267 = FACE_OUTER_BOUND ( 'NONE', #85, .T. ) ;
#1268 = ORIENTED_EDGE ( 'NONE', *, *, #1596, .F. ) ;
#1269 = DIRECTION ( 'NONE',  ( -0.8262273428075476156, -0.5633368246415098035, 0.000000000000000000 ) ) ;
#1270 = AXIS2_PLACEMENT_3D ( 'NONE', #1572, #1553, #1162 ) ;
#1271 = EDGE_CURVE ( 'NONE', #192, #707, #1790, .T. ) ;
#1272 = ORIENTED_EDGE ( 'NONE', *, *, #1208, .F. ) ;
#1273 = VECTOR ( 'NONE', #1088, 1000.000000000000000 ) ;
#1274 = LINE ( 'NONE', #1564, #1401 ) ;
#1275 = CARTESIAN_POINT ( 'NONE',  ( -30.00000000000000000, 14.24999999999999112, 4.000000000000000000 ) ) ;
#1276 = CARTESIAN_POINT ( 'NONE',  ( -25.99999999999999645, -6.049999999999977618, 18.00000000000000355 ) ) ;
#1277 = DIRECTION ( 'NONE',  ( -1.000000000000000000, 0.000000000000000000, -0.000000000000000000 ) ) ;
#1278 = DIRECTION ( 'NONE',  ( 1.000000000000000000, 0.000000000000000000, 0.000000000000000000 ) ) ;
#1279 = ORIENTED_EDGE ( 'NONE', *, *, #380, .F. ) ;
#1280 = DIRECTION ( 'NONE',  ( -0.000000000000000000, -0.000000000000000000, 1.000000000000000000 ) ) ;
#1281 = VERTEX_POINT ( 'NONE', #1470 ) ;
#1282 = EDGE_CURVE ( 'NONE', #472, #536, #19, .T. ) ;
#1283 = DIRECTION ( 'NONE',  ( -0.000000000000000000, -0.000000000000000000, -1.000000000000000000 ) ) ;
#1284 = DIRECTION ( 'NONE',  ( 1.000000000000000000, 0.000000000000000000, 0.000000000000000000 ) ) ;
#1285 = EDGE_CURVE ( 'NONE', #164, #22, #414, .T. ) ;
#1286 = DIRECTION ( 'NONE',  ( 0.000000000000000000, -0.000000000000000000, -1.000000000000000000 ) ) ;
#1287 = LINE ( 'NONE', #1588, #1759 ) ;
#1288 = LINE ( 'NONE', #394, #627 ) ;
#1289 = ORIENTED_EDGE ( 'NONE', *, *, #1830, .T. ) ;
#1290 = PLANE ( 'NONE',  #1061 ) ;
#1291 = ORIENTED_EDGE ( 'NONE', *, *, #136, .F. ) ;
#1292 = DIRECTION ( 'NONE',  ( -0.8571673007021117785, 1.049727191138617956E-16, 0.5150380749100550437 ) ) ;
#1293 = DIRECTION ( 'NONE',  ( -0.000000000000000000, 0.2747211278973789028, 0.9615239476408229402 ) ) ;
#1294 = DIRECTION ( 'NONE',  ( -0.000000000000000000, 0.2747211278973789028, 0.9615239476408229402 ) ) ;
#1295 = VECTOR ( 'NONE', #624, 1000.000000000000000 ) ;
#1296 = ADVANCED_FACE ( 'NONE', ( #1199 ), #1774, .F. ) ;
#1297 = CARTESIAN_POINT ( 'NONE',  ( 30.00000000000000000, 14.24999999999999112, 0.000000000000000000 ) ) ;
#1298 = AXIS2_PLACEMENT_3D ( 'NONE', #782, #641, #1231 ) ;
#1299 = CARTESIAN_POINT ( 'NONE',  ( -20.99999999999999645, -10.25000000000000888, 4.000000000000000000 ) ) ;
#1300 = DIRECTION ( 'NONE',  ( 1.000000000000000000, 0.000000000000000000, 0.000000000000000000 ) ) ;
#1301 = EDGE_LOOP ( 'NONE', ( #77, #1781, #1560, #1475, #1057, #1129, #1448, #552, #1378, #754 ) ) ;
#1302 = CIRCLE ( 'NONE', #1366, 2.249999999999996003 ) ;
#1303 = DIRECTION ( 'NONE',  ( -0.000000000000000000, -0.000000000000000000, 1.000000000000000000 ) ) ;
#1304 = VECTOR ( 'NONE', #1144, 1000.000000000000000 ) ;
#1305 = DIRECTION ( 'NONE',  ( -0.000000000000000000, -0.000000000000000000, 1.000000000000000000 ) ) ;
#1306 = LINE ( 'NONE', #1886, #993 ) ;
#1307 = VECTOR ( 'NONE', #563, 1000.000000000000000 ) ;
#1308 = DIRECTION ( 'NONE',  ( 1.000000000000000000, -1.156482317317871528E-15, 0.000000000000000000 ) ) ;
#1309 = DIRECTION ( 'NONE',  ( 0.000000000000000000, 0.2747211278973792914, 0.9615239476408227182 ) ) ;
#1310 = ADVANCED_FACE ( 'NONE', ( #89 ), #1247, .F. ) ;
#1311 = ORIENTED_EDGE ( 'NONE', *, *, #25, .F. ) ;
#1312 = CARTESIAN_POINT ( 'NONE',  ( 30.00000000000000000, 10.24999999999999112, 0.000000000000000000 ) ) ;
#1313 = VERTEX_POINT ( 'NONE', #1808 ) ;
#1314 = LINE ( 'NONE', #854, #639 ) ;
#1315 = ORIENTED_EDGE ( 'NONE', *, *, #1841, .F. ) ;
#1316 = CARTESIAN_POINT ( 'NONE',  ( 15.00000000000000000, 14.25000000000000888, 0.000000000000000000 ) ) ;
#1317 = LINE ( 'NONE', #1329, #1605 ) ;
#1318 = DIRECTION ( 'NONE',  ( 1.000000000000000000, 0.000000000000000000, 0.000000000000000000 ) ) ;
#1319 = EDGE_CURVE ( 'NONE', #777, #1441, #1392, .T. ) ;
#1320 = ORIENTED_EDGE ( 'NONE', *, *, #15, .F. ) ;
#1321 = DIRECTION ( 'NONE',  ( -0.000000000000000000, -0.000000000000000000, 1.000000000000000000 ) ) ;
#1322 = ADVANCED_FACE ( 'NONE', ( #209 ), #1095, .F. ) ;
#1323 = ADVANCED_FACE ( 'NONE', ( #348 ), #1222, .T. ) ;
#1324 = EDGE_LOOP ( 'NONE', ( #1649, #815 ) ) ;
#1325 = CYLINDRICAL_SURFACE ( 'NONE', #262, 2.100000000000000977 ) ;
#1326 = CARTESIAN_POINT ( 'NONE',  ( 20.99999999999999645, -14.25000000000000888, 4.000000000000000000 ) ) ;
#1327 = ORIENTED_EDGE ( 'NONE', *, *, #1653, .F. ) ;
#1328 = PLANE ( 'NONE',  #446 ) ;
#1329 = CARTESIAN_POINT ( 'NONE',  ( 30.00000000000000000, 10.24999999999999112, 18.00000000000000355 ) ) ;
#1330 = CARTESIAN_POINT ( 'NONE',  ( -30.00000000000000000, -9.107142857142861203, 8.000000000000000000 ) ) ;
#1331 = VERTEX_POINT ( 'NONE', #1514 ) ;
#1332 = CARTESIAN_POINT ( 'NONE',  ( 20.99999999999999645, -10.25000000000000888, 4.000000000000000000 ) ) ;
#1333 = AXIS2_PLACEMENT_3D ( 'NONE', #794, #1374, #767 ) ;
#1334 = ORIENTED_EDGE ( 'NONE', *, *, #699, .T. ) ;
#1335 = EDGE_CURVE ( 'NONE', #536, #506, #201, .T. ) ;
#1336 = ORIENTED_EDGE ( 'NONE', *, *, #1484, .F. ) ;
#1337 = LINE ( 'NONE', #1872, #251 ) ;
#1338 = VECTOR ( 'NONE', #874, 1000.000000000000000 ) ;
#1339 = DIRECTION ( 'NONE',  ( 0.000000000000000000, 0.2747211278973788473, 0.9615239476408228292 ) ) ;
#1340 = LINE ( 'NONE', #128, #1211 ) ;
#1341 = CIRCLE ( 'NONE', #1155, 2.100000000000000977 ) ;
#1342 = AXIS2_PLACEMENT_3D ( 'NONE', #703, #1606, #862 ) ;
#1343 = ORIENTED_EDGE ( 'NONE', *, *, #547, .T. ) ;
#1344 = VERTEX_POINT ( 'NONE', #366 ) ;
#1345 = DIRECTION ( 'NONE',  ( -1.000000000000000000, 0.000000000000000000, 0.000000000000000000 ) ) ;
#1346 = EDGE_CURVE ( 'NONE', #1136, #1622, #521, .T. ) ;
#1347 = ORIENTED_EDGE ( 'NONE', *, *, #1335, .F. ) ;
#1348 = DIRECTION ( 'NONE',  ( 1.000000000000000000, 0.000000000000000000, 0.000000000000000000 ) ) ;
#1349 = DIRECTION ( 'NONE',  ( 1.000000000000000000, 0.000000000000000000, 0.000000000000000000 ) ) ;
#1350 = ADVANCED_FACE ( 'NONE', ( #1405 ), #71, .F. ) ;
#1351 = DIRECTION ( 'NONE',  ( 0.000000000000000000, 1.000000000000000000, 0.000000000000000000 ) ) ;
#1352 = VERTEX_POINT ( 'NONE', #216 ) ;
#1353 = EDGE_LOOP ( 'NONE', ( #1756, #298, #363, #185, #4, #980, #1736, #122, #738, #740 ) ) ;
#1354 = CARTESIAN_POINT ( 'NONE',  ( 0.000000000000000000, 0.000000000000000000, 0.000000000000000000 ) ) ;
#1355 = ORIENTED_EDGE ( 'NONE', *, *, #1271, .T. ) ;
#1356 = DIRECTION ( 'NONE',  ( 0.000000000000000000, -0.000000000000000000, -1.000000000000000000 ) ) ;
#1357 = ADVANCED_FACE ( 'NONE', ( #1652 ), #110, .F. ) ;
#1358 = EDGE_CURVE ( 'NONE', #129, #973, #760, .T. ) ;
#1359 = CARTESIAN_POINT ( 'NONE',  ( 10.47724892289879683, 20.88336824641510603, 4.000000000000000000 ) ) ;
#1360 = ORIENTED_EDGE ( 'NONE', *, *, #1015, .T. ) ;
#1361 = AXIS2_PLACEMENT_3D ( 'NONE', #1190, #310, #615 ) ;
#1362 = VERTEX_POINT ( 'NONE', #1102 ) ;
#1363 = AXIS2_PLACEMENT_3D ( 'NONE', #819, #1550, #90 ) ;
#1364 = VERTEX_POINT ( 'NONE', #1373 ) ;
#1365 = DIRECTION ( 'NONE',  ( 1.000000000000000000, 0.000000000000000000, 0.000000000000000000 ) ) ;
#1366 = AXIS2_PLACEMENT_3D ( 'NONE', #1194, #1743, #152 ) ;
#1367 = DIRECTION ( 'NONE',  ( 1.000000000000000000, 0.000000000000000000, 0.000000000000000000 ) ) ;
#1368 = AXIS2_PLACEMENT_3D ( 'NONE', #127, #857, #247 ) ;
#1369 = ADVANCED_FACE ( 'NONE', ( #655 ), #1492, .F. ) ;
#1370 = ORIENTED_EDGE ( 'NONE', *, *, #1799, .T. ) ;
#1371 = VECTOR ( 'NONE', #929, 1000.000000000000000 ) ;
#1372 = ORIENTED_EDGE ( 'NONE', *, *, #101, .T. ) ;
#1373 = CARTESIAN_POINT ( 'NONE',  ( 15.00000000000000000, 14.25000000000000888, 4.000000000000000000 ) ) ;
#1374 = DIRECTION ( 'NONE',  ( -0.000000000000000000, 0.000000000000000000, 1.000000000000000000 ) ) ;
#1375 = LINE ( 'NONE', #1384, #113 ) ;
#1376 = VERTEX_POINT ( 'NONE', #958 ) ;
#1377 = EDGE_CURVE ( 'NONE', #452, #7, #1244, .T. ) ;
#1378 = ORIENTED_EDGE ( 'NONE', *, *, #556, .T. ) ;
#1379 = DIRECTION ( 'NONE',  ( -0.5633368246415098035, 0.8262273428075476156, 0.000000000000000000 ) ) ;
#1380 = EDGE_CURVE ( 'NONE', #143, #823, #193, .T. ) ;
#1381 = EDGE_LOOP ( 'NONE', ( #749, #1686 ) ) ;
#1382 = LINE ( 'NONE', #1576, #762 ) ;
#1383 = CARTESIAN_POINT ( 'NONE',  ( -25.99999999999999645, -6.049999999999977618, 18.00000000000000355 ) ) ;
#1384 = CARTESIAN_POINT ( 'NONE',  ( -20.99999999999999645, -14.25000000000000888, 4.000000000000000000 ) ) ;
#1385 = DIRECTION ( 'NONE',  ( -1.000000000000000000, -1.156482317317871528E-15, 0.000000000000000000 ) ) ;
#1386 = ORIENTED_EDGE ( 'NONE', *, *, #1087, .T. ) ;
#1387 = DIRECTION ( 'NONE',  ( -0.000000000000000000, 0.000000000000000000, 1.000000000000000000 ) ) ;
#1388 = AXIS2_PLACEMENT_3D ( 'NONE', #1580, #1414, #1278 ) ;
#1389 = CIRCLE ( 'NONE', #1814, 2.099999999999997868 ) ;
#1390 = ORIENTED_EDGE ( 'NONE', *, *, #1258, .F. ) ;
#1391 = EDGE_CURVE ( 'NONE', #96, #947, #1382, .T. ) ;
#1392 = LINE ( 'NONE', #1670, #1847 ) ;
#1393 = CARTESIAN_POINT ( 'NONE',  ( -6.521244205459658472E-15, 17.75000000000000711, 1.400000000000000133 ) ) ;
#1394 = LINE ( 'NONE', #669, #32 ) ;
#1395 = CARTESIAN_POINT ( 'NONE',  ( 20.99999999999999645, 9.107142857142850545, 8.000000000000000000 ) ) ;
#1396 = VECTOR ( 'NONE', #364, 1000.000000000000000 ) ;
#1397 = VECTOR ( 'NONE', #829, 1000.000000000000000 ) ;
#1398 = ORIENTED_EDGE ( 'NONE', *, *, #1662, .T. ) ;
#1399 = FILL_AREA_STYLE ('',( #214 ) ) ;
#1400 = VECTOR ( 'NONE', #1125, 1000.000000000000000 ) ;
#1401 = VECTOR ( 'NONE', #1283, 1000.000000000000000 ) ;
#1402 = EDGE_LOOP ( 'NONE', ( #1067, #852, #840, #1046, #1423 ) ) ;
#1403 = AXIS2_PLACEMENT_3D ( 'NONE', #134, #1153, #1284 ) ;
#1404 = ADVANCED_FACE ( 'NONE', ( #1713 ), #265, .T. ) ;
#1405 = FACE_OUTER_BOUND ( 'NONE', #1795, .T. ) ;
#1406 = DIRECTION ( 'NONE',  ( 1.000000000000000000, 0.000000000000000000, 0.000000000000000000 ) ) ;
#1407 = ADVANCED_FACE ( 'NONE', ( #133 ), #1130, .F. ) ;
#1408 = CARTESIAN_POINT ( 'NONE',  ( 2.249999999999989342, 17.75000000000000711, 1.400000000000001021 ) ) ;
#1409 = EDGE_LOOP ( 'NONE', ( #1683, #584, #1787, #1708 ) ) ;
#1410 = DIRECTION ( 'NONE',  ( 0.5633368246415098035, -0.8262273428075476156, 0.000000000000000000 ) ) ;
#1411 = ORIENTED_EDGE ( 'NONE', *, *, #1147, .T. ) ;
#1412 = CARTESIAN_POINT ( 'NONE',  ( -6.521244205459658472E-15, 17.75000000000000711, 4.000000000000000000 ) ) ;
#1413 = CARTESIAN_POINT ( 'NONE',  ( 22.90000000000000213, 6.050000000000035350, 18.00000000000000355 ) ) ;
#1414 = DIRECTION ( 'NONE',  ( -0.000000000000000000, -0.000000000000000000, 1.000000000000000000 ) ) ;
#1415 = VERTEX_POINT ( 'NONE', #719 ) ;
#1416 = LINE ( 'NONE', #243, #1877 ) ;
#1417 = ORIENTED_EDGE ( 'NONE', *, *, #924, .F. ) ;
#1418 = AXIS2_PLACEMENT_3D ( 'NONE', #930, #658, #1089 ) ;
#1419 = CARTESIAN_POINT ( 'NONE',  ( 2.249999999999987566, 17.75000000000000711, 4.000000000000000000 ) ) ;
#1420 = CYLINDRICAL_SURFACE ( 'NONE', #1092, 2.099999999999997868 ) ;
#1421 = CARTESIAN_POINT ( 'NONE',  ( -15.00000000000000000, -14.25000000000000888, 4.000000000000000000 ) ) ;
#1422 = EDGE_CURVE ( 'NONE', #1441, #900, #537, .T. ) ;
#1423 = ORIENTED_EDGE ( 'NONE', *, *, #1745, .T. ) ;
#1424 = DIRECTION ( 'NONE',  ( 0.000000000000000000, 0.000000000000000000, -1.000000000000000000 ) ) ;
#1425 = VECTOR ( 'NONE', #660, 1000.000000000000000 ) ;
#1426 = EDGE_CURVE ( 'NONE', #823, #67, #975, .T. ) ;
#1427 = EDGE_LOOP ( 'NONE', ( #778, #1699, #182, #1113 ) ) ;
#1428 = VECTOR ( 'NONE', #1531, 1000.000000000000000 ) ;
#1429 = LINE ( 'NONE', #1870, #999 ) ;
#1430 = CARTESIAN_POINT ( 'NONE',  ( 30.00000000000000000, 14.24999999999999112, 4.000000000000000000 ) ) ;
#1431 = LINE ( 'NONE', #1887, #1400 ) ;
#1432 = DIRECTION ( 'NONE',  ( -1.000000000000000000, 0.000000000000000000, -0.000000000000000000 ) ) ;
#1433 = VERTEX_POINT ( 'NONE', #408 ) ;
#1434 = DIRECTION ( 'NONE',  ( 1.000000000000000000, 0.000000000000000000, -0.000000000000000000 ) ) ;
#1435 = ORIENTED_EDGE ( 'NONE', *, *, #1643, .F. ) ;
#1436 = LINE ( 'NONE', #125, #576 ) ;
#1437 = LINE ( 'NONE', #1041, #318 ) ;
#1438 = CARTESIAN_POINT ( 'NONE',  ( -25.99999999999999645, 6.050000000000029132, 18.00000000000000355 ) ) ;
#1439 = DIRECTION ( 'NONE',  ( -0.000000000000000000, 0.000000000000000000, 1.000000000000000000 ) ) ;
#1440 = CARTESIAN_POINT ( 'NONE',  ( -15.00000000000000000, 14.25000000000000888, 4.000000000000000000 ) ) ;
#1441 = VERTEX_POINT ( 'NONE', #710 ) ;
#1442 = EDGE_CURVE ( 'NONE', #947, #688, #1884, .T. ) ;
#1443 = CARTESIAN_POINT ( 'NONE',  ( 0.000000000000000000, -17.75000000000000711, 4.000000000000000000 ) ) ;
#1444 = LINE ( 'NONE', #168, #781 ) ;
#1445 = CIRCLE ( 'NONE', #281, 2.249999999999994227 ) ;
#1446 = CARTESIAN_POINT ( 'NONE',  ( -23.89999999999999858, 6.050000000000029132, 10.00000000000000178 ) ) ;
#1447 = CYLINDRICAL_SURFACE ( 'NONE', #349, 2.099999999999997868 ) ;
#1448 = ORIENTED_EDGE ( 'NONE', *, *, #786, .T. ) ;
#1449 = CARTESIAN_POINT ( 'NONE',  ( -7.500000000000000000, -25.25000000000000711, 4.000000000000000000 ) ) ;
#1450 = ORIENTED_EDGE ( 'NONE', *, *, #690, .T. ) ;
#1451 = VECTOR ( 'NONE', #158, 1000.000000000000000 ) ;
#1452 = DIRECTION ( 'NONE',  ( -0.000000000000000000, -0.000000000000000000, 1.000000000000000000 ) ) ;
#1453 = CONICAL_SURFACE ( 'NONE', #1368, 2.099999999999997868, 1.029744258676653423 ) ;
#1454 = DIRECTION ( 'NONE',  ( -0.000000000000000000, -0.000000000000000000, 1.000000000000000000 ) ) ;
#1455 = ORIENTED_EDGE ( 'NONE', *, *, #1069, .F. ) ;
#1456 = DIRECTION ( 'NONE',  ( 0.000000000000000000, -0.000000000000000000, -1.000000000000000000 ) ) ;
#1457 = EDGE_CURVE ( 'NONE', #973, #129, #1219, .T. ) ;
#1458 = DIRECTION ( 'NONE',  ( -1.156482317317871528E-15, -1.000000000000000000, 0.000000000000000000 ) ) ;
#1459 = CIRCLE ( 'NONE', #86, 5.000000000000000000 ) ;
#1460 = FACE_OUTER_BOUND ( 'NONE', #890, .T. ) ;
#1461 = EDGE_CURVE ( 'NONE', #272, #1281, #124, .T. ) ;
#1462 = EDGE_CURVE ( 'NONE', #441, #1281, #791, .T. ) ;
#1463 = ORIENTED_EDGE ( 'NONE', *, *, #1422, .T. ) ;
#1464 = DIRECTION ( 'NONE',  ( 0.000000000000000000, 1.000000000000000000, 0.000000000000000000 ) ) ;
#1465 = ORIENTED_EDGE ( 'NONE', *, *, #787, .T. ) ;
#1466 = DIRECTION ( 'NONE',  ( -0.000000000000000000, -0.000000000000000000, 1.000000000000000000 ) ) ;
#1467 = PLANE ( 'NONE',  #389 ) ;
#1468 = EDGE_LOOP ( 'NONE', ( #1532, #860 ) ) ;
#1469 = CARTESIAN_POINT ( 'NONE',  ( 10.47724892289879683, -20.88336824641510603, 4.000000000000000000 ) ) ;
#1470 = CARTESIAN_POINT ( 'NONE',  ( 22.90000000000000213, 6.050000000000035350, 10.00000000000000178 ) ) ;
#1471 = CARTESIAN_POINT ( 'NONE',  ( -30.00000000000000000, -10.53301886792453423, 3.009433962264168372 ) ) ;
#1472 = EDGE_CURVE ( 'NONE', #67, #1878, #1869, .T. ) ;
#1473 = ORIENTED_EDGE ( 'NONE', *, *, #1735, .F. ) ;
#1474 = CARTESIAN_POINT ( 'NONE',  ( -20.99999999999999645, -14.23113207547170234, 4.066037735849074686 ) ) ;
#1475 = ORIENTED_EDGE ( 'NONE', *, *, #1426, .T. ) ;
#1476 = CARTESIAN_POINT ( 'NONE',  ( -30.00000000000000000, -14.25000000000000888, 4.000000000000000000 ) ) ;
#1477 = ORIENTED_EDGE ( 'NONE', *, *, #1358, .T. ) ;
#1478 = CARTESIAN_POINT ( 'NONE',  ( -15.00000000000000000, 14.25000000000000888, 0.000000000000000000 ) ) ;
#1479 = CARTESIAN_POINT ( 'NONE',  ( 0.000000000000000000, -17.75000000000000711, 1.400000000000000133 ) ) ;
#1480 = FACE_OUTER_BOUND ( 'NONE', #1513, .T. ) ;
#1481 = AXIS2_PLACEMENT_3D ( 'NONE', #1111, #412, #697 ) ;
#1482 = ORIENTED_EDGE ( 'NONE', *, *, #371, .F. ) ;
#1483 = AXIS2_PLACEMENT_3D ( 'NONE', #502, #1086, #358 ) ;
#1484 = EDGE_CURVE ( 'NONE', #1313, #1777, #1859, .T. ) ;
#1485 = EDGE_LOOP ( 'NONE', ( #608, #1260, #1881, #1871, #649 ) ) ;
#1486 = EDGE_CURVE ( 'NONE', #1196, #652, #1274, .T. ) ;
#1487 = EDGE_LOOP ( 'NONE', ( #573, #1214, #435, #1571 ) ) ;
#1488 = PLANE ( 'NONE',  #938 ) ;
#1489 = CIRCLE ( 'NONE', #227, 2.249999999999994227 ) ;
#1490 = DIRECTION ( 'NONE',  ( -0.000000000000000000, -0.000000000000000000, 1.000000000000000000 ) ) ;
#1491 = LINE ( 'NONE', #775, #1021 ) ;
#1492 = CONICAL_SURFACE ( 'NONE', #1121, 2.099999999999997868, 1.029744258676653423 ) ;
#1493 = VECTOR ( 'NONE', #273, 1000.000000000000000 ) ;
#1494 = EDGE_LOOP ( 'NONE', ( #628, #679, #324, #146, #899, #1522 ) ) ;
#1495 = AXIS2_PLACEMENT_3D ( 'NONE', #429, #1454, #741 ) ;
#1496 = ORIENTED_EDGE ( 'NONE', *, *, #263, .F. ) ;
#1497 = VERTEX_POINT ( 'NONE', #553 ) ;
#1498 = DIRECTION ( 'NONE',  ( 0.000000000000000000, -0.000000000000000000, 1.000000000000000000 ) ) ;
#1499 = LINE ( 'NONE', #1043, #663 ) ;
#1500 = DIRECTION ( 'NONE',  ( 1.000000000000000000, 0.000000000000000000, 0.000000000000000000 ) ) ;
#1501 = CARTESIAN_POINT ( 'NONE',  ( 30.00000000000000000, -14.25000000000000888, 4.000000000000000000 ) ) ;
#1502 = ORIENTED_EDGE ( 'NONE', *, *, #1484, .T. ) ;
#1503 = ORIENTED_EDGE ( 'NONE', *, *, #646, .T. ) ;
#1504 = VERTEX_POINT ( 'NONE', #1725 ) ;
#1505 = EDGE_CURVE ( 'NONE', #1497, #1025, #1139, .T. ) ;
#1506 = DIRECTION ( 'NONE',  ( -0.000000000000000000, -0.2747211278973780701, 0.9615239476408231623 ) ) ;
#1507 = CARTESIAN_POINT ( 'NONE',  ( 25.00000000000000355, -6.049999999999978506, 18.00000000000000355 ) ) ;
#1508 = EDGE_CURVE ( 'NONE', #189, #452, #283, .T. ) ;
#1509 = CARTESIAN_POINT ( 'NONE',  ( 30.00000000000000000, -10.25000000000000888, 4.000000000000000000 ) ) ;
#1510 = ORIENTED_EDGE ( 'NONE', *, *, #1461, .F. ) ;
#1511 = ORIENTED_EDGE ( 'NONE', *, *, #1549, .T. ) ;
#1512 = VECTOR ( 'NONE', #511, 1000.000000000000000 ) ;
#1513 = EDGE_LOOP ( 'NONE', ( #1651, #1163, #322, #1218 ) ) ;
#1514 = CARTESIAN_POINT ( 'NONE',  ( 30.00000000000000000, -10.24999999999999112, 18.00000000000000355 ) ) ;
#1515 = CARTESIAN_POINT ( 'NONE',  ( 2.249999999999994227, -17.75000000000000711, 0.000000000000000000 ) ) ;
#1516 = ADVANCED_FACE ( 'NONE', ( #5 ), #1325, .F. ) ;
#1517 = AXIS2_PLACEMENT_3D ( 'NONE', #3, #1321, #606 ) ;
#1518 = DIRECTION ( 'NONE',  ( 1.000000000000000000, 0.000000000000000000, 0.000000000000000000 ) ) ;
#1519 = VECTOR ( 'NONE', #450, 1000.000000000000000 ) ;
#1520 = ORIENTED_EDGE ( 'NONE', *, *, #751, .T. ) ;
#1521 = VECTOR ( 'NONE', #1367, 1000.000000000000000 ) ;
#1522 = ORIENTED_EDGE ( 'NONE', *, *, #52, .T. ) ;
#1523 = VECTOR ( 'NONE', #872, 1000.000000000000000 ) ;
#1524 = ORIENTED_EDGE ( 'NONE', *, *, #1559, .T. ) ;
#1525 = CARTESIAN_POINT ( 'NONE',  ( 20.99999999999999645, -10.24999999999999112, 18.00000000000000355 ) ) ;
#1526 = CYLINDRICAL_SURFACE ( 'NONE', #1263, 2.100000000000000977 ) ;
#1527 = EDGE_CURVE ( 'NONE', #577, #36, #44, .T. ) ;
#1528 = EDGE_LOOP ( 'NONE', ( #1473, #1554, #1262, #590 ) ) ;
#1529 = DIRECTION ( 'NONE',  ( 1.000000000000000000, 0.000000000000000000, -0.000000000000000000 ) ) ;
#1530 = ORIENTED_EDGE ( 'NONE', *, *, #1776, .F. ) ;
#1531 = DIRECTION ( 'NONE',  ( 0.5633368246415098035, -0.8262273428075476156, 0.000000000000000000 ) ) ;
#1532 = ORIENTED_EDGE ( 'NONE', *, *, #667, .F. ) ;
#1533 = CARTESIAN_POINT ( 'NONE',  ( 30.00000000000000000, -10.25000000000000888, 4.000000000000000000 ) ) ;
#1534 = ORIENTED_EDGE ( 'NONE', *, *, #1745, .F. ) ;
#1535 = DIRECTION ( 'NONE',  ( 0.000000000000000000, 0.2747211278973777926, -0.9615239476408232733 ) ) ;
#1536 = EDGE_CURVE ( 'NONE', #709, #173, #327, .T. ) ;
#1537 = AXIS2_PLACEMENT_3D ( 'NONE', #217, #530, #832 ) ;
#1538 = ORIENTED_EDGE ( 'NONE', *, *, #1695, .F. ) ;
#1539 = EDGE_CURVE ( 'NONE', #1237, #973, #771, .T. ) ;
#1540 = CARTESIAN_POINT ( 'NONE',  ( -25.99999999999999645, -6.049999999999977618, 10.00000000000000178 ) ) ;
#1541 = LINE ( 'NONE', #1430, #1658 ) ;
#1542 = FACE_OUTER_BOUND ( 'NONE', #1186, .T. ) ;
#1543 = VECTOR ( 'NONE', #1844, 1000.000000000000000 ) ;
#1544 = ORIENTED_EDGE ( 'NONE', *, *, #15, .T. ) ;
#1545 = DIRECTION ( 'NONE',  ( 0.8262273428075476156, 0.5633368246415098035, -0.000000000000000000 ) ) ;
#1546 = VECTOR ( 'NONE', #16, 1000.000000000000000 ) ;
#1547 = ORIENTED_EDGE ( 'NONE', *, *, #783, .F. ) ;
#1548 = DIRECTION ( 'NONE',  ( -0.000000000000000000, -0.000000000000000000, 1.000000000000000000 ) ) ;
#1549 = EDGE_CURVE ( 'NONE', #365, #1376, #176, .T. ) ;
#1550 = DIRECTION ( 'NONE',  ( -0.000000000000000000, -0.000000000000000000, 1.000000000000000000 ) ) ;
#1551 = CARTESIAN_POINT ( 'NONE',  ( -26.00000000000000000, -6.049999999999977618, 8.738192700042125338 ) ) ;
#1552 = ORIENTED_EDGE ( 'NONE', *, *, #403, .T. ) ;
#1553 = DIRECTION ( 'NONE',  ( -0.000000000000000000, -0.000000000000000000, 1.000000000000000000 ) ) ;
#1554 = ORIENTED_EDGE ( 'NONE', *, *, #805, .F. ) ;
#1555 = CARTESIAN_POINT ( 'NONE',  ( -15.00000000000000000, 14.25000000000000888, 4.000000000000000000 ) ) ;
#1556 = EDGE_CURVE ( 'NONE', #652, #1833, #454, .T. ) ;
#1557 = DIRECTION ( 'NONE',  ( 1.000000000000000000, 0.000000000000000000, -0.000000000000000000 ) ) ;
#1558 = CARTESIAN_POINT ( 'NONE',  ( -4.999999999999997335, -17.75000000000000711, 4.000000000000000000 ) ) ;
#1559 = EDGE_CURVE ( 'NONE', #1281, #518, #1213, .T. ) ;
#1560 = ORIENTED_EDGE ( 'NONE', *, *, #1380, .T. ) ;
#1561 = FACE_OUTER_BOUND ( 'NONE', #1094, .T. ) ;
#1562 = EDGE_LOOP ( 'NONE', ( #372, #190, #1463, #691 ) ) ;
#1563 = CIRCLE ( 'NONE', #1388, 2.099999999999997868 ) ;
#1564 = CARTESIAN_POINT ( 'NONE',  ( -30.00000000000000000, 10.24999999999999112, 4.000000000000000000 ) ) ;
#1565 = CARTESIAN_POINT ( 'NONE',  ( 0.000000000000000000, -17.75000000000000711, 4.000000000000000000 ) ) ;
#1566 = FACE_OUTER_BOUND ( 'NONE', #1754, .T. ) ;
#1567 = CARTESIAN_POINT ( 'NONE',  ( 30.00000000000000000, 14.24999999999999112, 4.000000000000000000 ) ) ;
#1568 = ADVANCED_FACE ( 'NONE', ( #1747 ), #439, .F. ) ;
#1569 = LINE ( 'NONE', #685, #654 ) ;
#1570 = ADVANCED_FACE ( 'NONE', ( #1185 ), #1779, .F. ) ;
#1571 = ORIENTED_EDGE ( 'NONE', *, *, #1173, .F. ) ;
#1572 = CARTESIAN_POINT ( 'NONE',  ( 25.00000000000000000, 6.050000000000035350, 10.00000000000000178 ) ) ;
#1573 = AXIS2_PLACEMENT_3D ( 'NONE', #1832, #1498, #1529 ) ;
#1574 = VERTEX_POINT ( 'NONE', #1039 ) ;
#1575 = AXIS2_PLACEMENT_3D ( 'NONE', #79, #665, #793 ) ;
#1576 = CARTESIAN_POINT ( 'NONE',  ( 20.99999999999999645, 10.24999999999999112, 4.000000000000000000 ) ) ;
#1577 = CARTESIAN_POINT ( 'NONE',  ( -20.99999999999999645, 0.000000000000000000, 18.00000000000000355 ) ) ;
#1578 = DIRECTION ( 'NONE',  ( 1.000000000000000000, 0.000000000000000000, 0.000000000000000000 ) ) ;
#1579 = CARTESIAN_POINT ( 'NONE',  ( -30.00000000000000000, 14.24999999999999112, 4.000000000000000000 ) ) ;
#1580 = CARTESIAN_POINT ( 'NONE',  ( 25.00000000000000000, 6.050000000000035350, 10.00000000000000178 ) ) ;
#1581 = ORIENTED_EDGE ( 'NONE', *, *, #1693, .F. ) ;
#1582 = CARTESIAN_POINT ( 'NONE',  ( -20.99999999999999645, 0.000000000000000000, 8.000000000000000000 ) ) ;
#1583 = EDGE_CURVE ( 'NONE', #673, #395, #84, .T. ) ;
#1584 = VERTEX_POINT ( 'NONE', #1476 ) ;
#1585 = CARTESIAN_POINT ( 'NONE',  ( 20.99999999999999645, 10.24999999999999112, 4.000000000000000000 ) ) ;
#1586 = CARTESIAN_POINT ( 'NONE',  ( 30.00000000000000000, -14.24999999999999112, 4.000000000000000000 ) ) ;
#1587 = DIRECTION ( 'NONE',  ( -0.000000000000000000, -0.000000000000000000, 1.000000000000000000 ) ) ;
#1588 = CARTESIAN_POINT ( 'NONE',  ( -28.09999999999999432, 6.050000000000029132, 18.00000000000000355 ) ) ;
#1589 = LINE ( 'NONE', #877, #867 ) ;
#1590 = ORIENTED_EDGE ( 'NONE', *, *, #1014, .F. ) ;
#1591 = CARTESIAN_POINT ( 'NONE',  ( -20.99999999999999645, 14.23113207547168990, 4.066037735849054258 ) ) ;
#1592 = ORIENTED_EDGE ( 'NONE', *, *, #1508, .F. ) ;
#1593 = EDGE_CURVE ( 'NONE', #7, #526, #165, .T. ) ;
#1594 = DIRECTION ( 'NONE',  ( 1.000000000000000000, 0.000000000000000000, 0.000000000000000000 ) ) ;
#1595 = ORIENTED_EDGE ( 'NONE', *, *, #184, .F. ) ;
#1596 = EDGE_CURVE ( 'NONE', #307, #1574, #1691, .T. ) ;
#1597 = CARTESIAN_POINT ( 'NONE',  ( -2.214975494823321789, 15.25000000000000888, 0.000000000000000000 ) ) ;
#1598 = CARTESIAN_POINT ( 'NONE',  ( -20.99999999999999645, 10.24999999999998934, 18.00000000000000711 ) ) ;
#1599 = ORIENTED_EDGE ( 'NONE', *, *, #1119, .F. ) ;
#1600 = VECTOR ( 'NONE', #1587, 1000.000000000000000 ) ;
#1601 = CYLINDRICAL_SURFACE ( 'NONE', #1822, 10.00000000000000000 ) ;
#1602 = ORIENTED_EDGE ( 'NONE', *, *, #1184, .F. ) ;
#1603 = PRESENTATION_LAYER_ASSIGNMENT (  '', '', ( #908 ) ) ;
#1604 = DIRECTION ( 'NONE',  ( -1.000000000000000000, -0.000000000000000000, -0.000000000000000000 ) ) ;
#1605 = VECTOR ( 'NONE', #186, 1000.000000000000114 ) ;
#1606 = DIRECTION ( 'NONE',  ( 0.000000000000000000, 1.000000000000000000, 0.000000000000000000 ) ) ;
#1607 = EDGE_LOOP ( 'NONE', ( #671, #43, #1742, #1360 ) ) ;
#1608 = DIRECTION ( 'NONE',  ( -0.000000000000000000, -0.000000000000000000, -1.000000000000000000 ) ) ;
#1609 = VECTOR ( 'NONE', #1292, 1000.000000000000000 ) ;
#1610 = PRODUCT_DEFINITION ( 'NON CONOSCIUTO', '', #1159, #565 ) ;
#1611 = LINE ( 'NONE', #629, #539 ) ;
#1612 = DIRECTION ( 'NONE',  ( 1.000000000000000000, 0.000000000000000000, 0.000000000000000000 ) ) ;
#1613 = ORIENTED_EDGE ( 'NONE', *, *, #1282, .F. ) ;
#1614 = LINE ( 'NONE', #1474, #538 ) ;
#1615 = ORIENTED_EDGE ( 'NONE', *, *, #825, .F. ) ;
#1616 = CARTESIAN_POINT ( 'NONE',  ( 25.00000000000000355, -6.049999999999978506, 10.00000000000000178 ) ) ;
#1617 = EDGE_LOOP ( 'NONE', ( #346, #1172, #849, #17 ) ) ;
#1618 = CARTESIAN_POINT ( 'NONE',  ( 27.09999999999999787, 6.050000000000035350, 18.00000000000000355 ) ) ;
#1619 = CARTESIAN_POINT ( 'NONE',  ( 30.00000000000000000, -10.25000000000000888, 0.000000000000000000 ) ) ;
#1620 = DIRECTION ( 'NONE',  ( 1.000000000000000000, 0.000000000000000000, 0.000000000000000000 ) ) ;
#1621 = EDGE_CURVE ( 'NONE', #1878, #162, #921, .T. ) ;
#1622 = VERTEX_POINT ( 'NONE', #196 ) ;
#1623 = CARTESIAN_POINT ( 'NONE',  ( 15.00000000000000000, 14.25000000000000888, 4.000000000000000000 ) ) ;
#1624 = EDGE_CURVE ( 'NONE', #164, #1574, #1217, .T. ) ;
#1625 = EDGE_LOOP ( 'NONE', ( #955, #588, #115, #742, #428, #1289, #1117, #1843, #1183, #1372, #729, #942 ) ) ;
#1626 = DIRECTION ( 'NONE',  ( -0.000000000000000000, -0.000000000000000000, 1.000000000000000000 ) ) ;
#1627 = ORIENTED_EDGE ( 'NONE', *, *, #1621, .T. ) ;
#1628 = FACE_OUTER_BOUND ( 'NONE', #224, .T. ) ;
#1629 = LINE ( 'NONE', #774, #82 ) ;
#1630 = DIRECTION ( 'NONE',  ( -0.000000000000000000, -0.000000000000000000, 1.000000000000000000 ) ) ;
#1631 = VECTOR ( 'NONE', #99, 1000.000000000000000 ) ;
#1632 = VERTEX_POINT ( 'NONE', #810 ) ;
#1633 = EDGE_LOOP ( 'NONE', ( #1858, #520, #1343, #316 ) ) ;
#1634 = VERTEX_POINT ( 'NONE', #1501 ) ;
#1635 = CONICAL_SURFACE ( 'NONE', #814, 2.099999999999997868, 1.029744258676653423 ) ;
#1636 = LINE ( 'NONE', #373, #1425 ) ;
#1637 = CIRCLE ( 'NONE', #997, 2.249999999999996003 ) ;
#1638 = CARTESIAN_POINT ( 'NONE',  ( -10.47724892289879683, 20.88336824641510603, 4.000000000000000000 ) ) ;
#1639 = CIRCLE ( 'NONE', #512, 5.000000000000000000 ) ;
#1640 = DIRECTION ( 'NONE',  ( 0.8571673007021117785, 0.000000000000000000, 0.5150380749100550437 ) ) ;
#1641 = ORIENTED_EDGE ( 'NONE', *, *, #1718, .T. ) ;
#1642 = EDGE_LOOP ( 'NONE', ( #1055, #378, #1865, #954 ) ) ;
#1643 = EDGE_CURVE ( 'NONE', #1040, #1081, #417, .T. ) ;
#1644 = VERTEX_POINT ( 'NONE', #1794 ) ;
#1645 = CARTESIAN_POINT ( 'NONE',  ( 25.00000000000000355, -6.049999999999978506, 18.00000000000000355 ) ) ;
#1646 = CARTESIAN_POINT ( 'NONE',  ( 15.00000000000000000, -14.25000000000000888, 0.000000000000000000 ) ) ;
#1647 = DIRECTION ( 'NONE',  ( 1.000000000000000000, 0.000000000000000000, -0.000000000000000000 ) ) ;
#1648 = CARTESIAN_POINT ( 'NONE',  ( 25.00000000000000355, -6.049999999999978506, 18.00000000000000355 ) ) ;
#1649 = ORIENTED_EDGE ( 'NONE', *, *, #1457, .F. ) ;
#1650 = EDGE_CURVE ( 'NONE', #162, #652, #1394, .T. ) ;
#1651 = ORIENTED_EDGE ( 'NONE', *, *, #946, .F. ) ;
#1652 = FACE_OUTER_BOUND ( 'NONE', #391, .T. ) ;
#1653 = EDGE_CURVE ( 'NONE', #1234, #407, #59, .T. ) ;
#1654 = CARTESIAN_POINT ( 'NONE',  ( 4.999999999999992895, 17.75000000000000711, 1.400000000000000133 ) ) ;
#1655 = DIRECTION ( 'NONE',  ( -1.000000000000000000, 0.000000000000000000, 0.000000000000000000 ) ) ;
#1656 = VECTOR ( 'NONE', #1200, 1000.000000000000000 ) ;
#1657 = ORIENTED_EDGE ( 'NONE', *, *, #748, .F. ) ;
#1658 = VECTOR ( 'NONE', #255, 1000.000000000000000 ) ;
#1659 = VERTEX_POINT ( 'NONE', #515 ) ;
#1660 = CARTESIAN_POINT ( 'NONE',  ( -30.00000000000000000, -14.25000000000000888, 4.000000000000000000 ) ) ;
#1661 = CONICAL_SURFACE ( 'NONE', #1757, 2.099999999999997868, 1.029744258676653423 ) ;
#1662 = EDGE_CURVE ( 'NONE', #1878, #449, #1232, .T. ) ;
#1663 = DIRECTION ( 'NONE',  ( -1.000000000000000000, 0.000000000000000000, 0.000000000000000000 ) ) ;
#1664 = AXIS2_PLACEMENT_3D ( 'NONE', #1802, #951, #1078 ) ;
#1665 = CARTESIAN_POINT ( 'NONE',  ( -5.000000000000004441, 17.75000000000000711, 4.000000000000000000 ) ) ;
#1666 = AXIS2_PLACEMENT_3D ( 'NONE', #65, #218, #368 ) ;
#1667 = VERTEX_POINT ( 'NONE', #1654 ) ;
#1668 = LINE ( 'NONE', #1681, #1396 ) ;
#1669 = VERTEX_POINT ( 'NONE', #1359 ) ;
#1670 = CARTESIAN_POINT ( 'NONE',  ( 20.99999999999999645, 10.24999999999999112, 18.00000000000000355 ) ) ;
#1671 = LINE ( 'NONE', #50, #1428 ) ;
#1672 = ORIENTED_EDGE ( 'NONE', *, *, #1732, .F. ) ;
#1673 = EDGE_CURVE ( 'NONE', #1659, #1362, #1671, .T. ) ;
#1674 = DIRECTION ( 'NONE',  ( -1.000000000000000000, 0.000000000000000000, 0.000000000000000000 ) ) ;
#1675 = VERTEX_POINT ( 'NONE', #1509 ) ;
#1676 = ORIENTED_EDGE ( 'NONE', *, *, #48, .T. ) ;
#1677 = DIRECTION ( 'NONE',  ( 1.000000000000000000, 0.000000000000000000, 0.000000000000000000 ) ) ;
#1678 = CARTESIAN_POINT ( 'NONE',  ( -20.99999999999999645, -9.107142857142861203, 8.000000000000000000 ) ) ;
#1679 = DIRECTION ( 'NONE',  ( -1.156482317317871528E-15, 1.000000000000000000, 0.000000000000000000 ) ) ;
#1680 = ORIENTED_EDGE ( 'NONE', *, *, #25, .T. ) ;
#1681 = CARTESIAN_POINT ( 'NONE',  ( 27.10000000000000142, -6.049999999999978506, 10.00000000000000178 ) ) ;
#1682 = CIRCLE ( 'NONE', #836, 5.000000000000000000 ) ;
#1683 = ORIENTED_EDGE ( 'NONE', *, *, #1380, .F. ) ;
#1684 = DIRECTION ( 'NONE',  ( 1.000000000000000000, 0.000000000000000000, 0.000000000000000000 ) ) ;
#1685 = PLANE ( 'NONE',  #599 ) ;
#1686 = ORIENTED_EDGE ( 'NONE', *, *, #989, .F. ) ;
#1687 = CARTESIAN_POINT ( 'NONE',  ( 15.00000000000000000, -14.25000000000000888, 0.000000000000000000 ) ) ;
#1688 = AXIS2_PLACEMENT_3D ( 'NONE', #1029, #996, #1578 ) ;
#1689 = CIRCLE ( 'NONE', #357, 2.099999999999997868 ) ;
#1690 = FACE_OUTER_BOUND ( 'NONE', #1301, .T. ) ;
#1691 = CIRCLE ( 'NONE', #202, 4.999999999999993783 ) ;
#1692 = VERTEX_POINT ( 'NONE', #188 ) ;
#1693 = EDGE_CURVE ( 'NONE', #22, #164, #1639, .T. ) ;
#1694 = CARTESIAN_POINT ( 'NONE',  ( 20.99999999999999645, 0.000000000000000000, 0.000000000000000000 ) ) ;
#1695 = EDGE_CURVE ( 'NONE', #303, #562, #648, .T. ) ;
#1696 = LINE ( 'NONE', #704, #533 ) ;
#1697 = CARTESIAN_POINT ( 'NONE',  ( 7.500000000000000000, 25.25000000000000711, 0.000000000000000000 ) ) ;
#1698 = LINE ( 'NONE', #1558, #404 ) ;
#1699 = ORIENTED_EDGE ( 'NONE', *, *, #583, .T. ) ;
#1700 = PLANE ( 'NONE',  #567 ) ;
#1701 = EDGE_LOOP ( 'NONE', ( #1233, #1054 ) ) ;
#1702 = EDGE_CURVE ( 'NONE', #272, #441, #631, .T. ) ;
#1703 = DIRECTION ( 'NONE',  ( -0.000000000000000000, 0.2747211278973777926, -0.9615239476408232733 ) ) ;
#1704 = DIRECTION ( 'NONE',  ( -0.000000000000000000, -0.2747211278973791249, -0.9615239476408228292 ) ) ;
#1705 = ADVANCED_FACE ( 'NONE', ( #1074, #360, #342 ), #203, .T. ) ;
#1706 = CARTESIAN_POINT ( 'NONE',  ( 25.00000000000000000, 6.050000000000035350, 18.00000000000000355 ) ) ;
#1707 = CARTESIAN_POINT ( 'NONE',  ( -30.00000000000000000, -14.25000000000000888, 0.000000000000000000 ) ) ;
#1708 = ORIENTED_EDGE ( 'NONE', *, *, #240, .F. ) ;
#1709 = CARTESIAN_POINT ( 'NONE',  ( 20.99999999999999645, -10.24999999999999112, 18.00000000000000355 ) ) ;
#1710 = ORIENTED_EDGE ( 'NONE', *, *, #263, .T. ) ;
#1711 = AXIS2_PLACEMENT_3D ( 'NONE', #737, #1439, #1612 ) ;
#1712 = AXIS2_PLACEMENT_3D ( 'NONE', #228, #985, #1406 ) ;
#1713 = FACE_OUTER_BOUND ( 'NONE', #995, .T. ) ;
#1714 = DIRECTION ( 'NONE',  ( -0.000000000000000000, -0.000000000000000000, 1.000000000000000000 ) ) ;
#1715 = FACE_OUTER_BOUND ( 'NONE', #1607, .T. ) ;
#1716 = DIRECTION ( 'NONE',  ( 1.000000000000000000, 0.000000000000000000, 0.000000000000000000 ) ) ;
#1717 = DIRECTION ( 'NONE',  ( 1.000000000000000000, 0.000000000000000000, 0.000000000000000000 ) ) ;
#1718 = EDGE_CURVE ( 'NONE', #1807, #1584, #1375, .T. ) ;
#1719 = VERTEX_POINT ( 'NONE', #211 ) ;
#1720 = DIRECTION ( 'NONE',  ( 0.000000000000000000, -0.000000000000000000, 1.000000000000000000 ) ) ;
#1721 = VECTOR ( 'NONE', #813, 1000.000000000000000 ) ;
#1722 = ORIENTED_EDGE ( 'NONE', *, *, #545, .T. ) ;
#1723 = VECTOR ( 'NONE', #313, 1000.000000000000000 ) ;
#1724 = AXIS2_PLACEMENT_3D ( 'NONE', #1565, #1305, #253 ) ;
#1725 = CARTESIAN_POINT ( 'NONE',  ( 2.214975494823322233, -25.25000000000000711, 0.000000000000000000 ) ) ;
#1726 = FACE_OUTER_BOUND ( 'NONE', #1617, .T. ) ;
#1727 = ORIENTED_EDGE ( 'NONE', *, *, #699, .F. ) ;
#1728 = DIRECTION ( 'NONE',  ( -0.000000000000000000, -0.000000000000000000, 1.000000000000000000 ) ) ;
#1729 = AXIS2_PLACEMENT_3D ( 'NONE', #1354, #191, #1761 ) ;
#1730 = FACE_BOUND ( 'NONE', #1381, .T. ) ;
#1731 = CARTESIAN_POINT ( 'NONE',  ( -4.999999999999993783, -17.75000000000000711, 4.000000000000000000 ) ) ;
#1732 = EDGE_CURVE ( 'NONE', #1622, #1504, #801, .T. ) ;
#1733 = EDGE_LOOP ( 'NONE', ( #1838, #1315, #544, #633 ) ) ;
#1734 = DIRECTION ( 'NONE',  ( -0.000000000000000000, -0.000000000000000000, 1.000000000000000000 ) ) ;
#1735 = EDGE_CURVE ( 'NONE', #990, #688, #60, .T. ) ;
#1736 = ORIENTED_EDGE ( 'NONE', *, *, #861, .F. ) ;
#1737 = CARTESIAN_POINT ( 'NONE',  ( -20.99999999999999645, 14.24999999999999112, 4.000000000000000000 ) ) ;
#1738 = FACE_BOUND ( 'NONE', #1324, .T. ) ;
#1739 = DIRECTION ( 'NONE',  ( 1.000000000000000000, 0.000000000000000000, -0.000000000000000000 ) ) ;
#1740 = CARTESIAN_POINT ( 'NONE',  ( -2.214975494823322233, 25.25000000000000711, 0.000000000000000000 ) ) ;
#1741 = DIRECTION ( 'NONE',  ( 0.000000000000000000, -0.2747211278973780146, 0.9615239476408231623 ) ) ;
#1742 = ORIENTED_EDGE ( 'NONE', *, *, #1249, .F. ) ;
#1743 = DIRECTION ( 'NONE',  ( -0.000000000000000000, -0.000000000000000000, 1.000000000000000000 ) ) ;
#1744 = ORIENTED_EDGE ( 'NONE', *, *, #1798, .F. ) ;
#1745 = EDGE_CURVE ( 'NONE', #1344, #173, #657, .T. ) ;
#1746 = ADVANCED_FACE ( 'NONE', ( #496 ), #1804, .F. ) ;
#1747 = FACE_OUTER_BOUND ( 'NONE', #933, .T. ) ;
#1748 = CARTESIAN_POINT ( 'NONE',  ( -20.99999999999999645, 14.23113207547168990, 4.066037735849054258 ) ) ;
#1749 = ORIENTED_EDGE ( 'NONE', *, *, #977, .T. ) ;
#1750 = CARTESIAN_POINT ( 'NONE',  ( -20.99999999999999645, 10.53301886792452180, 3.009433962264145723 ) ) ;
#1751 = CARTESIAN_POINT ( 'NONE',  ( -30.00000000000000000, 10.24999999999999112, 4.000000000000000000 ) ) ;
#1752 = AXIS2_PLACEMENT_3D ( 'NONE', #647, #630, #1809 ) ;
#1753 = FACE_OUTER_BOUND ( 'NONE', #419, .T. ) ;
#1754 = EDGE_LOOP ( 'NONE', ( #812, #885, #1176, #1823 ) ) ;
#1755 = DIRECTION ( 'NONE',  ( 0.000000000000000000, -0.2747211278973791249, -0.9615239476408228292 ) ) ;
#1756 = ORIENTED_EDGE ( 'NONE', *, *, #1873, .T. ) ;
#1757 = AXIS2_PLACEMENT_3D ( 'NONE', #804, #1197, #1348 ) ;
#1758 = DIRECTION ( 'NONE',  ( 0.000000000000000000, 0.000000000000000000, 1.000000000000000000 ) ) ;
#1759 = VECTOR ( 'NONE', #1874, 1000.000000000000000 ) ;
#1760 = EDGE_CURVE ( 'NONE', #1675, #1025, #712, .T. ) ;
#1761 = DIRECTION ( 'NONE',  ( 1.000000000000000000, 0.000000000000000000, 0.000000000000000000 ) ) ;
#1762 = EDGE_LOOP ( 'NONE', ( #157, #425, #38, #1778 ) ) ;
#1763 = DIRECTION ( 'NONE',  ( -0.000000000000000000, -0.000000000000000000, 1.000000000000000000 ) ) ;
#1764 = VECTOR ( 'NONE', #1224, 1000.000000000000000 ) ;
#1765 = DIRECTION ( 'NONE',  ( 1.000000000000000000, 0.000000000000000000, 0.000000000000000000 ) ) ;
#1766 = ADVANCED_FACE ( 'NONE', ( #984 ), #720, .F. ) ;
#1767 = FACE_BOUND ( 'NONE', #620, .T. ) ;
#1768 = ORIENTED_EDGE ( 'NONE', *, *, #1087, .F. ) ;
#1769 = DIRECTION ( 'NONE',  ( -0.8571673007021117785, 1.049727191138617956E-16, 0.5150380749100550437 ) ) ;
#1770 = EDGE_LOOP ( 'NONE', ( #950, #939, #312 ) ) ;
#1771 = CARTESIAN_POINT ( 'NONE',  ( -23.89999999999999858, -6.049999999999977618, 10.00000000000000178 ) ) ;
#1772 =( NAMED_UNIT ( * ) SI_UNIT ( $, .STERADIAN. ) SOLID_ANGLE_UNIT ( ) );
#1773 = ORIENTED_EDGE ( 'NONE', *, *, #946, .T. ) ;
#1774 = PLANE ( 'NONE',  #790 ) ;
#1775 = CARTESIAN_POINT ( 'NONE',  ( 30.00000000000000000, 14.24999999999999112, 4.000000000000000000 ) ) ;
#1776 = EDGE_CURVE ( 'NONE', #1331, #1634, #1429, .T. ) ;
#1777 = VERTEX_POINT ( 'NONE', #994 ) ;
#1778 = ORIENTED_EDGE ( 'NONE', *, *, #1346, .T. ) ;
#1779 = PLANE ( 'NONE',  #1245 ) ;
#1780 = APPLICATION_PROTOCOL_DEFINITION ( 'draft international standard', 'automotive_design', 1998, #1182 ) ;
#1781 = ORIENTED_EDGE ( 'NONE', *, *, #513, .T. ) ;
#1782 = DIRECTION ( 'NONE',  ( -0.000000000000000000, -0.000000000000000000, 1.000000000000000000 ) ) ;
#1783 = CARTESIAN_POINT ( 'NONE',  ( 30.00000000000000000, -14.24999999999999112, 0.000000000000000000 ) ) ;
#1784 = AXIS2_PLACEMENT_3D ( 'NONE', #1408, #848, #1432 ) ;
#1785 = EDGE_CURVE ( 'NONE', #278, #1071, #285, .T. ) ;
#1786 = LINE ( 'NONE', #480, #1812 ) ;
#1787 = ORIENTED_EDGE ( 'NONE', *, *, #98, .T. ) ;
#1788 = ORIENTED_EDGE ( 'NONE', *, *, #1004, .T. ) ;
#1789 = VECTOR ( 'NONE', #1050, 1000.000000000000000 ) ;
#1790 = CIRCLE ( 'NONE', #817, 4.999999999999993783 ) ;
#1791 = CARTESIAN_POINT ( 'NONE',  ( 2.214975494823322233, -25.25000000000000711, 4.000000000000000000 ) ) ;
#1792 = DIRECTION ( 'NONE',  ( -0.000000000000000000, 0.000000000000000000, -1.000000000000000000 ) ) ;
#1793 = VECTOR ( 'NONE', #1626, 1000.000000000000000 ) ;
#1794 = CARTESIAN_POINT ( 'NONE',  ( -2.250000000000000888, 17.75000000000000711, 0.000000000000000000 ) ) ;
#1795 = EDGE_LOOP ( 'NONE', ( #1336, #789, #1511, #94 ) ) ;
#1796 = ADVANCED_FACE ( 'NONE', ( #1726 ), #1006, .F. ) ;
#1797 = EDGE_LOOP ( 'NONE', ( #29, #895, #314, #338, #294, #498, #1590, #803, #486, #1311 ) ) ;
#1798 = EDGE_CURVE ( 'NONE', #1574, #307, #666, .T. ) ;
#1799 = EDGE_CURVE ( 'NONE', #395, #673, #418, .T. ) ;
#1800 = DIRECTION ( 'NONE',  ( 0.000000000000000000, -0.000000000000000000, 1.000000000000000000 ) ) ;
#1801 = ORIENTED_EDGE ( 'NONE', *, *, #1131, .F. ) ;
#1802 = CARTESIAN_POINT ( 'NONE',  ( 0.000000000000000000, -17.75000000000000711, 4.000000000000000000 ) ) ;
#1803 = CARTESIAN_POINT ( 'NONE',  ( -6.521244205459658472E-15, 17.75000000000000711, 4.000000000000000000 ) ) ;
#1804 = PLANE ( 'NONE',  #941 ) ;
#1805 = LINE ( 'NONE', #1533, #104 ) ;
#1806 = EDGE_LOOP ( 'NONE', ( #264, #1503, #1831, #1048 ) ) ;
#1807 = VERTEX_POINT ( 'NONE', #843 ) ;
#1808 = CARTESIAN_POINT ( 'NONE',  ( -2.249999999999994227, -17.75000000000000711, 0.000000000000000000 ) ) ;
#1809 = DIRECTION ( 'NONE',  ( -1.000000000000000000, 0.000000000000000000, 0.000000000000000000 ) ) ;
#1810 = CARTESIAN_POINT ( 'NONE',  ( -20.99999999999999645, 0.000000000000000000, 18.00000000000000355 ) ) ;
#1811 = ORIENTED_EDGE ( 'NONE', *, *, #967, .T. ) ;
#1812 = VECTOR ( 'NONE', #1655, 1000.000000000000000 ) ;
#1813 = ORIENTED_EDGE ( 'NONE', *, *, #1249, .T. ) ;
#1814 = AXIS2_PLACEMENT_3D ( 'NONE', #1383, #47, #1207 ) ;
#1815 = DIRECTION ( 'NONE',  ( 1.000000000000000000, 0.000000000000000000, 0.000000000000000000 ) ) ;
#1816 = VECTOR ( 'NONE', #601, 1000.000000000000000 ) ;
#1817 = ORIENTED_EDGE ( 'NONE', *, *, #1346, .F. ) ;
#1818 = ADVANCED_FACE ( 'NONE', ( #1861, #1738, #546 ), #409, .F. ) ;
#1819 = DIRECTION ( 'NONE',  ( 1.000000000000000000, 1.156482317317871528E-15, 0.000000000000000000 ) ) ;
#1820 = ADVANCED_FACE ( 'NONE', ( #297 ), #1467, .T. ) ;
#1821 = DIRECTION ( 'NONE',  ( 0.000000000000000000, -0.000000000000000000, 1.000000000000000000 ) ) ;
#1822 = AXIS2_PLACEMENT_3D ( 'NONE', #292, #739, #595 ) ;
#1823 = ORIENTED_EDGE ( 'NONE', *, *, #91, .T. ) ;
#1824 = AXIS2_PLACEMENT_3D ( 'NONE', #1540, #226, #383 ) ;
#1825 = ORIENTED_EDGE ( 'NONE', *, *, #1876, .F. ) ;
#1826 = LINE ( 'NONE', #519, #1721 ) ;
#1827 = EDGE_LOOP ( 'NONE', ( #1327, #252, #962, #1727 ) ) ;
#1828 = DIRECTION ( 'NONE',  ( -0.000000000000000000, -0.000000000000000000, 1.000000000000000000 ) ) ;
#1829 = LINE ( 'NONE', #979, #1631 ) ;
#1830 = EDGE_CURVE ( 'NONE', #1634, #1719, #266, .T. ) ;
#1831 = ORIENTED_EDGE ( 'NONE', *, *, #1643, .T. ) ;
#1832 = CARTESIAN_POINT ( 'NONE',  ( 0.000000000000000000, 0.000000000000000000, 4.000000000000000000 ) ) ;
#1833 = VERTEX_POINT ( 'NONE', #1885 ) ;
#1834 = DIRECTION ( 'NONE',  ( 1.000000000000000000, 0.000000000000000000, 0.000000000000000000 ) ) ;
#1835 = CARTESIAN_POINT ( 'NONE',  ( -2.214975494823320457, -15.25000000000000888, 0.000000000000000000 ) ) ;
#1836 = CYLINDRICAL_SURFACE ( 'NONE', #1481, 2.099999999999997868 ) ;
#1837 = ADVANCED_FACE ( 'NONE', ( #554 ), #733, .F. ) ;
#1838 = ORIENTED_EDGE ( 'NONE', *, *, #101, .F. ) ;
#1839 = CARTESIAN_POINT ( 'NONE',  ( -25.99999999999999645, 6.050000000000029132, 10.00000000000000178 ) ) ;
#1840 = AXIS2_PLACEMENT_3D ( 'NONE', #1803, #935, #1216 ) ;
#1841 = EDGE_CURVE ( 'NONE', #792, #1013, #1314, .T. ) ;
#1842 = VECTOR ( 'NONE', #308, 1000.000000000000000 ) ;
#1843 = ORIENTED_EDGE ( 'NONE', *, *, #52, .F. ) ;
#1844 = DIRECTION ( 'NONE',  ( -0.5633368246415098035, 0.8262273428075476156, -0.000000000000000000 ) ) ;
#1845 = FACE_OUTER_BOUND ( 'NONE', #605, .T. ) ;
#1846 =( GEOMETRIC_REPRESENTATION_CONTEXT ( 3 ) GLOBAL_UNCERTAINTY_ASSIGNED_CONTEXT ( ( #254 ) ) GLOBAL_UNIT_ASSIGNED_CONTEXT ( ( #1100, #918, #234 ) ) REPRESENTATION_CONTEXT ( 'NONE', 'WORKASPACE' ) );
#1847 = VECTOR ( 'NONE', #1506, 1000.000000000000114 ) ;
#1848 = DIRECTION ( 'NONE',  ( -0.000000000000000000, -0.000000000000000000, 1.000000000000000000 ) ) ;
#1849 = VECTOR ( 'NONE', #618, 1000.000000000000000 ) ;
#1850 = EDGE_CURVE ( 'NONE', #1675, #1013, #1436, .T. ) ;
#1851 = VERTEX_POINT ( 'NONE', #589 ) ;
#1852 = ADVANCED_FACE ( 'NONE', ( #578 ), #1175, .F. ) ;
#1853 = CARTESIAN_POINT ( 'NONE',  ( 4.999999999999997335, -17.75000000000000711, 4.000000000000000000 ) ) ;
#1854 = DIRECTION ( 'NONE',  ( -0.000000000000000000, -0.000000000000000000, 1.000000000000000000 ) ) ;
#1855 = DIRECTION ( 'NONE',  ( -0.5633368246415098035, -0.8262273428075476156, 0.000000000000000000 ) ) ;
#1856 = EDGE_LOOP ( 'NONE', ( #759, #1334, #249, #1534 ) ) ;
#1857 = CARTESIAN_POINT ( 'NONE',  ( 7.500000000000000000, 25.25000000000000711, 4.000000000000000000 ) ) ;
#1858 = ORIENTED_EDGE ( 'NONE', *, *, #646, .F. ) ;
#1859 = LINE ( 'NONE', #693, #179 ) ;
#1860 = EDGE_CURVE ( 'NONE', #1362, #516, #1132, .T. ) ;
#1861 = FACE_BOUND ( 'NONE', #232, .T. ) ;
#1862 = DIRECTION ( 'NONE',  ( -0.000000000000000000, -0.000000000000000000, 1.000000000000000000 ) ) ;
#1863 = DIRECTION ( 'NONE',  ( -0.000000000000000000, 0.000000000000000000, -1.000000000000000000 ) ) ;
#1864 = PLANE ( 'NONE',  #503 ) ;
#1865 = ORIENTED_EDGE ( 'NONE', *, *, #614, .T. ) ;
#1866 = CARTESIAN_POINT ( 'NONE',  ( 20.99999999999999645, 10.24999999999999112, 4.000000000000000000 ) ) ;
#1867 = ORIENTED_EDGE ( 'NONE', *, *, #371, .T. ) ;
#1868 = CIRCLE ( 'NONE', #1298, 2.249999999999994227 ) ;
#1869 = LINE ( 'NONE', #1737, #1307 ) ;
#1870 = CARTESIAN_POINT ( 'NONE',  ( 30.00000000000000000, -14.25000000000000888, 4.000000000000000000 ) ) ;
#1871 = ORIENTED_EDGE ( 'NONE', *, *, #571, .F. ) ;
#1872 = CARTESIAN_POINT ( 'NONE',  ( 20.99999999999999645, -9.107142857142862979, 8.000000000000000000 ) ) ;
#1873 = EDGE_CURVE ( 'NONE', #1136, #1234, #1204, .T. ) ;
#1874 = DIRECTION ( 'NONE',  ( -0.000000000000000000, -0.000000000000000000, 1.000000000000000000 ) ) ;
#1875 = FACE_OUTER_BOUND ( 'NONE', #35, .T. ) ;
#1876 = EDGE_CURVE ( 'NONE', #1667, #336, #1459, .T. ) ;
#1877 = VECTOR ( 'NONE', #406, 1000.000000000000000 ) ;
#1878 = VERTEX_POINT ( 'NONE', #916 ) ;
#1879 = DIRECTION ( 'NONE',  ( -1.000000000000000000, 0.000000000000000000, 0.000000000000000000 ) ) ;
#1880 = AXIS2_PLACEMENT_3D ( 'NONE', #495, #934, #1109 ) ;
#1881 = ORIENTED_EDGE ( 'NONE', *, *, #483, .F. ) ;
#1882 = AXIS2_PLACEMENT_3D ( 'NONE', #953, #1821, #81 ) ;
#1883 = AXIS2_PLACEMENT_3D ( 'NONE', #296, #883, #155 ) ;
#1884 = LINE ( 'NONE', #1585, #1093 ) ;
#1885 = CARTESIAN_POINT ( 'NONE',  ( 30.00000000000000000, 10.24999999999999112, 0.000000000000000000 ) ) ;
#1886 = CARTESIAN_POINT ( 'NONE',  ( -23.89999999999999858, -6.049999999999977618, 18.00000000000000355 ) ) ;
#1887 = CARTESIAN_POINT ( 'NONE',  ( -20.99999999999999645, 0.000000000000000000, 8.000000000000000000 ) ) ;
ENDSEC;
END-ISO-10303-21;
