ISO-10303-21;
HEADER;
FILE_DESCRIPTION (( 'STEP AP214' ),
    '1' );
FILE_NAME ('ARP-0086.STEP',
    '2026-09-03T10:30:28',
    ( '' ),
    ( '' ),
    'SwSTEP 2.0',
    'SolidWorks 2024',
    '' );
FILE_SCHEMA (( 'AUTOMOTIVE_DESIGN' ));
ENDSEC;

DATA;
#1 = ORIENTED_EDGE ( 'NONE', *, *, #779, .F. ) ;
#2 = CARTESIAN_POINT ( 'NONE',  ( -5.730358038156704075E-16, 19.49999999999998579, 0.000000000000000000 ) ) ;
#3 = CARTESIAN_POINT ( 'NONE',  ( 0.000000000000000000, 0.000000000000000000, 0.000000000000000000 ) ) ;
#4 = CARTESIAN_POINT ( 'NONE',  ( 0.2594652185530085253, 21.49999999999998579, 7.995791255412937559 ) ) ;
#5 = ORIENTED_EDGE ( 'NONE', *, *, #1318, .F. ) ;
#6 = VECTOR ( 'NONE', #542, 1000.000000000000000 ) ;
#7 = DIRECTION ( 'NONE',  ( 5.945585219724088271E-17, 1.000000000000000000, -0.000000000000000000 ) ) ;
#8 = LINE ( 'NONE', #713, #2032 ) ;
#9 = CARTESIAN_POINT ( 'NONE',  ( 103.0000000000000000, 1.499999999999978684, 0.000000000000000000 ) ) ;
#10 = EDGE_CURVE ( 'NONE', #2053, #1844, #1327, .T. ) ;
#11 = ORIENTED_EDGE ( 'NONE', *, *, #1606, .T. ) ;
#12 = DIRECTION ( 'NONE',  ( -1.000000000000000000, 0.000000000000000000, 0.000000000000000000 ) ) ;
#13 = LINE ( 'NONE', #1768, #267 ) ;
#14 = ORIENTED_EDGE ( 'NONE', *, *, #51, .T. ) ;
#15 = EDGE_CURVE ( 'NONE', #1295, #1136, #1856, .T. ) ;
#16 = DIRECTION ( 'NONE',  ( 0.000000000000000000, 0.000000000000000000, 1.000000000000000000 ) ) ;
#17 = DIRECTION ( 'NONE',  ( -6.010789962675446909E-17, -1.000000000000000000, -0.000000000000000000 ) ) ;
#18 = DIRECTION ( 'NONE',  ( 6.010789962675446909E-17, 1.000000000000000000, 0.000000000000000000 ) ) ;
#19 = VERTEX_POINT ( 'NONE', #1375 ) ;
#20 = EDGE_CURVE ( 'NONE', #1896, #90, #1368, .T. ) ;
#21 = DIRECTION ( 'NONE',  ( 0.9914448613738119365, -6.037382066022993416E-17, 0.1305261922200407487 ) ) ;
#22 = CIRCLE ( 'NONE', #334, 2.500000000000044853 ) ;
#23 = DIRECTION ( 'NONE',  ( 6.010789962675446909E-17, 1.000000000000000000, 0.000000000000000000 ) ) ;
#24 = VECTOR ( 'NONE', #533, 1000.000000000000114 ) ;
#25 = CARTESIAN_POINT ( 'NONE',  ( -6.395791255422742516, 21.49999999999998579, 0.2594652185337183448 ) ) ;
#26 = VECTOR ( 'NONE', #1901, 1000.000000000000000 ) ;
#27 = VERTEX_POINT ( 'NONE', #88 ) ;
#28 = CIRCLE ( 'NONE', #733, 2.500000000000044853 ) ;
#29 = AXIS2_PLACEMENT_3D ( 'NONE', #1441, #355, #2151 ) ;
#30 = DIRECTION ( 'NONE',  ( 0.000000000000000000, 0.000000000000000000, 1.000000000000000000 ) ) ;
#31 = CARTESIAN_POINT ( 'NONE',  ( 103.0000000000000000, 5.999999999999979572, 0.000000000000000000 ) ) ;
#32 = ORIENTED_EDGE ( 'NONE', *, *, #1628, .T. ) ;
#33 = FACE_BOUND ( 'NONE', #1861, .T. ) ;
#34 = CARTESIAN_POINT ( 'NONE',  ( 7.995791255432227906, 21.49999999999998579, -0.2594652185619735207 ) ) ;
#35 = FACE_BOUND ( 'NONE', #1888, .T. ) ;
#36 = EDGE_CURVE ( 'NONE', #2081, #715, #1225, .T. ) ;
#37 = DIRECTION ( 'NONE',  ( -1.000000000000000000, 5.945585219724093201E-17, 0.000000000000000000 ) ) ;
#38 = UNCERTAINTY_MEASURE_WITH_UNIT (LENGTH_MEASURE( 1.000000000000000082E-05 ), #305, 'distance_accuracy_value', 'NONE');
#39 = EDGE_LOOP ( 'NONE', ( #351, #1681, #1292, #272 ) ) ;
#40 = VECTOR ( 'NONE', #720, 1000.000000000000000 ) ;
#41 = DIRECTION ( 'NONE',  ( 1.000000000000000000, -5.945585219724089504E-17, -1.047444401652939849E-14 ) ) ;
#42 = DIRECTION ( 'NONE',  ( 5.945585219724088271E-17, 1.000000000000000000, -0.000000000000000000 ) ) ;
#43 = VERTEX_POINT ( 'NONE', #98 ) ;
#44 = DIRECTION ( 'NONE',  ( 5.945585219724088271E-17, 1.000000000000000000, -0.000000000000000000 ) ) ;
#45 = CARTESIAN_POINT ( 'NONE',  ( -103.0000000000000000, 5.999999999999991118, 2.250000000000001776 ) ) ;
#46 = ORIENTED_EDGE ( 'NONE', *, *, #643, .F. ) ;
#47 = ADVANCED_FACE ( 'NONE', ( #824 ), #805, .T. ) ;
#48 = DIRECTION ( 'NONE',  ( -0.000000000000000000, 1.000000000000000000, -0.000000000000000000 ) ) ;
#49 = CARTESIAN_POINT ( 'NONE',  ( -70.70663706551898997, -1.468390521560896757E-14, 84.26488874308785171 ) ) ;
#50 = ORIENTED_EDGE ( 'NONE', *, *, #731, .T. ) ;
#51 = EDGE_CURVE ( 'NONE', #1455, #1960, #2227, .T. ) ;
#52 = DIRECTION ( 'NONE',  ( 1.000000000000000000, 0.000000000000000000, 0.000000000000000000 ) ) ;
#53 = CARTESIAN_POINT ( 'NONE',  ( 17.65408144125275669, 19.49999999999998224, -23.00724686844592526 ) ) ;
#54 = ORIENTED_EDGE ( 'NONE', *, *, #1963, .T. ) ;
#55 = DIRECTION ( 'NONE',  ( -1.000000000000000000, 6.308085367188389994E-17, 0.000000000000000000 ) ) ;
#56 = ORIENTED_EDGE ( 'NONE', *, *, #1380, .F. ) ;
#57 = CARTESIAN_POINT ( 'NONE',  ( 3.706211583062804174E-15, -3.545535653865953149E-32, 3.109880772412894983E-15 ) ) ;
#58 = ADVANCED_FACE ( 'NONE', ( #632, #1714 ), #1537, .F. ) ;
#59 = DIRECTION ( 'NONE',  ( -1.000000000000000000, 0.000000000000000000, 0.000000000000000000 ) ) ;
#60 = ORIENTED_EDGE ( 'NONE', *, *, #2003, .F. ) ;
#61 = CIRCLE ( 'NONE', #986, 11.00000000000327915 ) ;
#62 = DIRECTION ( 'NONE',  ( -0.000000000000000000, 1.000000000000000000, -0.000000000000000000 ) ) ;
#63 = VECTOR ( 'NONE', #1265, 1000.000000000000000 ) ;
#64 = EDGE_LOOP ( 'NONE', ( #1489, #1233, #611, #1965 ) ) ;
#65 = CARTESIAN_POINT ( 'NONE',  ( -84.26488874308735433, -1.233719398924212050E-14, 70.70663706551961525 ) ) ;
#66 = CIRCLE ( 'NONE', #1468, 5.000000000000004441 ) ;
#67 = ORIENTED_EDGE ( 'NONE', *, *, #1791, .F. ) ;
#68 = EDGE_CURVE ( 'NONE', #841, #1056, #2103, .T. ) ;
#69 = CARTESIAN_POINT ( 'NONE',  ( 7.995791255432227906, 21.49999999999998579, -0.2594652185619735207 ) ) ;
#70 = ORIENTED_EDGE ( 'NONE', *, *, #1224, .T. ) ;
#71 = CARTESIAN_POINT ( 'NONE',  ( 9.690585127571202235E-16, 1.499999999999984901, 97.99999999999998579 ) ) ;
#72 = DIRECTION ( 'NONE',  ( -6.010789962675446909E-17, -1.000000000000000000, -0.000000000000000000 ) ) ;
#73 = ORIENTED_EDGE ( 'NONE', *, *, #106, .T. ) ;
#74 = FACE_OUTER_BOUND ( 'NONE', #243, .T. ) ;
#75 = ORIENTED_EDGE ( 'NONE', *, *, #326, .T. ) ;
#76 = CARTESIAN_POINT ( 'NONE',  ( 0.000000000000000000, 0.000000000000000000, 0.000000000000000000 ) ) ;
#77 = VECTOR ( 'NONE', #169, 1000.000000000000000 ) ;
#78 = EDGE_LOOP ( 'NONE', ( #121, #1423 ) ) ;
#79 = AXIS2_PLACEMENT_3D ( 'NONE', #2040, #645, #2050 ) ;
#80 = CARTESIAN_POINT ( 'NONE',  ( 0.2594652185530085253, 21.49999999999998579, 7.995791255412937559 ) ) ;
#81 = EDGE_CURVE ( 'NONE', #1885, #813, #897, .T. ) ;
#82 = EDGE_LOOP ( 'NONE', ( #2121, #1000 ) ) ;
#83 = DIRECTION ( 'NONE',  ( 1.000000000000000000, 0.000000000000000000, 0.000000000000000000 ) ) ;
#84 = ORIENTED_EDGE ( 'NONE', *, *, #379, .F. ) ;
#85 = CARTESIAN_POINT ( 'NONE',  ( 6.252466800596522610E-15, 5.999999999999985789, 4.471694958020469470E-14 ) ) ;
#86 = CYLINDRICAL_SURFACE ( 'NONE', #1175, 1.599999999999228706 ) ;
#87 = EDGE_CURVE ( 'NONE', #1459, #236, #2263, .T. ) ;
#88 = CARTESIAN_POINT ( 'NONE',  ( -70.70663706551898997, 5.999999999999984013, 84.26488874308785171 ) ) ;
#89 = CARTESIAN_POINT ( 'NONE',  ( 1.292319841975220038E-15, 21.49999999999998579, 0.000000000000000000 ) ) ;
#90 = VERTEX_POINT ( 'NONE', #161 ) ;
#91 = DIRECTION ( 'NONE',  ( -0.000000000000000000, 1.000000000000000000, -0.000000000000000000 ) ) ;
#92 = ORIENTED_EDGE ( 'NONE', *, *, #117, .T. ) ;
#93 = CARTESIAN_POINT ( 'NONE',  ( -0.2594652185426833402, 21.49999999999998579, -7.995791255441193179 ) ) ;
#94 = VECTOR ( 'NONE', #2226, 1000.000000000000114 ) ;
#95 = EDGE_LOOP ( 'NONE', ( #446, #495, #1602, #2011 ) ) ;
#96 = FACE_OUTER_BOUND ( 'NONE', #1419, .T. ) ;
#97 = AXIS2_PLACEMENT_3D ( 'NONE', #1493, #2195, #858 ) ;
#98 = CARTESIAN_POINT ( 'NONE',  ( -1.859465218541980658, 21.49999999999998579, -7.995791255441193179 ) ) ;
#99 = DIRECTION ( 'NONE',  ( -0.000000000000000000, 1.000000000000000000, -0.000000000000000000 ) ) ;
#100 = DIRECTION ( 'NONE',  ( -0.000000000000000000, 1.000000000000000000, -0.000000000000000000 ) ) ;
#101 = VERTEX_POINT ( 'NONE', #864 ) ;
#102 = CIRCLE ( 'NONE', #144, 1.599999999999229594 ) ;
#103 = ADVANCED_FACE ( 'NONE', ( #701 ), #690, .T. ) ;
#104 = CARTESIAN_POINT ( 'NONE',  ( -1.340534781446087287, 24.49999999999998579, 7.995791255412937559 ) ) ;
#105 = VERTEX_POINT ( 'NONE', #1597 ) ;
#106 = EDGE_CURVE ( 'NONE', #706, #1304, #1110, .T. ) ;
#107 = DIRECTION ( 'NONE',  ( 1.000000000000000000, 0.000000000000000000, 0.000000000000000000 ) ) ;
#108 = ORIENTED_EDGE ( 'NONE', *, *, #907, .T. ) ;
#109 = DIRECTION ( 'NONE',  ( 5.945585219724026641E-17, 1.000000000000000000, -5.945585219724088271E-17 ) ) ;
#110 = ORIENTED_EDGE ( 'NONE', *, *, #854, .F. ) ;
#111 = CYLINDRICAL_SURFACE ( 'NONE', #2010, 5.000000000000004441 ) ;
#112 = ORIENTED_EDGE ( 'NONE', *, *, #1708, .T. ) ;
#113 = CIRCLE ( 'NONE', #1407, 11.00000000000327915 ) ;
#114 = SURFACE_SIDE_STYLE ('',( #1704 ) ) ;
#115 = DIRECTION ( 'NONE',  ( -0.000000000000000000, 1.000000000000000000, -0.000000000000000000 ) ) ;
#116 = CIRCLE ( 'NONE', #527, 41.99999999999995026 ) ;
#117 = EDGE_CURVE ( 'NONE', #2115, #1046, #2065, .T. ) ;
#118 = ORIENTED_EDGE ( 'NONE', *, *, #536, .T. ) ;
#119 = CARTESIAN_POINT ( 'NONE',  ( -1.732424921661866801E-15, 0.000000000000000000, 0.000000000000000000 ) ) ;
#120 = ADVANCED_FACE ( 'NONE', ( #1406 ), #518, .F. ) ;
#121 = ORIENTED_EDGE ( 'NONE', *, *, #1293, .F. ) ;
#122 = DIRECTION ( 'NONE',  ( 5.945585219724088271E-17, 1.000000000000000000, -0.000000000000000000 ) ) ;
#123 = DIRECTION ( 'NONE',  ( -0.000000000000000000, 1.000000000000000000, -0.000000000000000000 ) ) ;
#124 = CARTESIAN_POINT ( 'NONE',  ( 28.99999999999999645, 30.50000000000000355, 3.551475717527324030E-15 ) ) ;
#125 = DIRECTION ( 'NONE',  ( 1.000000000000000000, -9.912705577010326782E-17, 0.000000000000000000 ) ) ;
#126 = EDGE_LOOP ( 'NONE', ( #2029, #1973, #2234, #1934 ) ) ;
#127 = FILL_AREA_STYLE ('',( #1718 ) ) ;
#128 = CARTESIAN_POINT ( 'NONE',  ( 13.39392013277806193, 19.49999999999998224, 32.33578363789507648 ) ) ;
#129 = ORIENTED_EDGE ( 'NONE', *, *, #609, .T. ) ;
#130 = ADVANCED_FACE ( 'NONE', ( #339 ), #1608, .F. ) ;
#131 = CARTESIAN_POINT ( 'NONE',  ( -35.00000000000000711, 19.49999999999998934, 4.286263797015737285E-15 ) ) ;
#132 = ORIENTED_EDGE ( 'NONE', *, *, #698, .T. ) ;
#133 = DIRECTION ( 'NONE',  ( -1.000000000000000000, 5.945585219724088271E-17, 0.000000000000000000 ) ) ;
#134 = DIRECTION ( 'NONE',  ( -5.945585219724088271E-17, -1.000000000000000000, -0.000000000000000000 ) ) ;
#135 = DIRECTION ( 'NONE',  ( -1.000000000000000000, 1.196361017915039486E-16, 0.000000000000000000 ) ) ;
#136 = AXIS2_PLACEMENT_3D ( 'NONE', #375, #1754, #1074 ) ;
#137 = EDGE_CURVE ( 'NONE', #1667, #1346, #2136, .T. ) ;
#138 = VERTEX_POINT ( 'NONE', #352 ) ;
#139 = VECTOR ( 'NONE', #83, 1000.000000000000000 ) ;
#140 = ORIENTED_EDGE ( 'NONE', *, *, #1795, .F. ) ;
#141 = CARTESIAN_POINT ( 'NONE',  ( -84.26488874308732591, 5.999999999999985789, 70.70663706551960104 ) ) ;
#142 = DIRECTION ( 'NONE',  ( -6.010789962675446909E-17, -1.000000000000000000, 0.000000000000000000 ) ) ;
#143 = AXIS2_PLACEMENT_3D ( 'NONE', #128, #1379, #2083 ) ;
#144 = AXIS2_PLACEMENT_3D ( 'NONE', #1499, #440, #2169 ) ;
#145 = CARTESIAN_POINT ( 'NONE',  ( -7.995791255421901056, 43.49999999999998579, 0.2594652185337183448 ) ) ;
#146 = LINE ( 'NONE', #665, #2092 ) ;
#147 = CARTESIAN_POINT ( 'NONE',  ( 8.097857035398051027E-17, 30.50000000000000355, 0.000000000000000000 ) ) ;
#148 = LINE ( 'NONE', #1192, #2072 ) ;
#149 = LINE ( 'NONE', #1700, #1251 ) ;
#150 = VECTOR ( 'NONE', #666, 1000.000000000000000 ) ;
#151 = EDGE_LOOP ( 'NONE', ( #2265, #1616, #240, #831 ) ) ;
#152 = ORIENTED_EDGE ( 'NONE', *, *, #2270, .T. ) ;
#153 = EDGE_CURVE ( 'NONE', #173, #1677, #1777, .T. ) ;
#154 = PLANE ( 'NONE',  #708 ) ;
#155 = DIRECTION ( 'NONE',  ( 5.945585219724088271E-17, 1.000000000000000000, -0.000000000000000000 ) ) ;
#156 = CIRCLE ( 'NONE', #1851, 2.250000000000001776 ) ;
#157 = VECTOR ( 'NONE', #1421, 1000.000000000000000 ) ;
#158 = CARTESIAN_POINT ( 'NONE',  ( -11.00000000000327738, 21.49999999999998579, 1.347111479062490132E-15 ) ) ;
#159 = ORIENTED_EDGE ( 'NONE', *, *, #868, .T. ) ;
#160 = DIRECTION ( 'NONE',  ( -1.000000000000000000, 5.945585219724088271E-17, 0.000000000000000000 ) ) ;
#161 = CARTESIAN_POINT ( 'NONE',  ( 6.322806429915983689E-16, -9.540979117872439019E-15, -105.2500000000000000 ) ) ;
#162 = LINE ( 'NONE', #1577, #1882 ) ;
#163 = CARTESIAN_POINT ( 'NONE',  ( 3.567351131834444334E-16, 1.499999999999984901, 103.0000000000000000 ) ) ;
#164 = EDGE_CURVE ( 'NONE', #101, #1307, #1560, .T. ) ;
#165 = ORIENTED_EDGE ( 'NONE', *, *, #450, .T. ) ;
#166 = VERTEX_POINT ( 'NONE', #171 ) ;
#167 = FACE_OUTER_BOUND ( 'NONE', #1473, .T. ) ;
#168 = DIRECTION ( 'NONE',  ( 1.000000000000000000, 0.000000000000000000, 0.000000000000000000 ) ) ;
#169 = DIRECTION ( 'NONE',  ( -6.010789962675446909E-17, -1.000000000000000000, -0.000000000000000000 ) ) ;
#170 = ORIENTED_EDGE ( 'NONE', *, *, #1652, .F. ) ;
#171 = CARTESIAN_POINT ( 'NONE',  ( 9.595791255431455724, 21.49999999999998579, -0.2594652185619735207 ) ) ;
#172 = DIRECTION ( 'NONE',  ( 0.000000000000000000, -1.000000000000000000, 0.000000000000000000 ) ) ;
#173 = VERTEX_POINT ( 'NONE', #531 ) ;
#174 = ORIENTED_EDGE ( 'NONE', *, *, #262, .T. ) ;
#175 = AXIS2_PLACEMENT_3D ( 'NONE', #970, #1678, #2148 ) ;
#176 = DIRECTION ( 'NONE',  ( -0.7660444431189713521, 3.516250235046410019E-16, 0.6427876096865473565 ) ) ;
#177 = LINE ( 'NONE', #356, #1141 ) ;
#178 = CIRCLE ( 'NONE', #217, 35.00000000000000000 ) ;
#179 = CARTESIAN_POINT ( 'NONE',  ( -103.0000000000000000, 1.499999999999990896, 5.000000000000004441 ) ) ;
#180 = VERTEX_POINT ( 'NONE', #1565 ) ;
#181 = EDGE_CURVE ( 'NONE', #1701, #1440, #360, .T. ) ;
#182 = DIRECTION ( 'NONE',  ( -0.000000000000000000, 1.000000000000000000, -0.000000000000000000 ) ) ;
#183 = CARTESIAN_POINT ( 'NONE',  ( -21.30665001530547542, 19.49999999999998579, -27.76736691019305070 ) ) ;
#184 = ORIENTED_EDGE ( 'NONE', *, *, #477, .F. ) ;
#185 = VERTEX_POINT ( 'NONE', #1956 ) ;
#186 = VECTOR ( 'NONE', #712, 1000.000000000000000 ) ;
#187 = CARTESIAN_POINT ( 'NONE',  ( -9.595791255421060484, 43.49999999999998579, 0.2594652185337185668 ) ) ;
#188 = AXIS2_PLACEMENT_3D ( 'NONE', #1371, #822, #652 ) ;
#189 = AXIS2_PLACEMENT_3D ( 'NONE', #1069, #1892, #539 ) ;
#190 = EDGE_CURVE ( 'NONE', #1896, #2060, #1245, .T. ) ;
#191 = CARTESIAN_POINT ( 'NONE',  ( 103.0000000000000000, 5.999999999999979572, -2.250000000000001776 ) ) ;
#192 = ORIENTED_EDGE ( 'NONE', *, *, #1759, .F. ) ;
#193 = DIRECTION ( 'NONE',  ( -1.000000000000000000, 0.000000000000000000, 0.000000000000000000 ) ) ;
#194 = ADVANCED_FACE ( 'NONE', ( #1782 ), #1943, .F. ) ;
#195 = DIRECTION ( 'NONE',  ( -5.945585219724109225E-17, -1.000000000000000000, -5.945585219724088271E-17 ) ) ;
#196 = CARTESIAN_POINT ( 'NONE',  ( 3.567351131834444334E-16, 1.499999999999984901, -103.0000000000000000 ) ) ;
#197 = ORIENTED_EDGE ( 'NONE', *, *, #2114, .F. ) ;
#198 = EDGE_LOOP ( 'NONE', ( #599, #510 ) ) ;
#199 = CARTESIAN_POINT ( 'NONE',  ( 1.340534781456613755, 24.49999999999998579, -7.995791255441193179 ) ) ;
#200 = FACE_BOUND ( 'NONE', #836, .T. ) ;
#201 = CARTESIAN_POINT ( 'NONE',  ( 3.567351131834444334E-16, 5.999999999999985789, -103.0000000000000000 ) ) ;
#202 = ADVANCED_FACE ( 'NONE', ( #373 ), #1742, .F. ) ;
#203 = ORIENTED_EDGE ( 'NONE', *, *, #530, .T. ) ;
#204 = CARTESIAN_POINT ( 'NONE',  ( 17.65408144125275669, 19.49999999999998224, -23.00724686844592526 ) ) ;
#205 = ADVANCED_FACE ( 'NONE', ( #2274 ), #756, .T. ) ;
#206 = DIRECTION ( 'NONE',  ( -0.000000000000000000, 1.000000000000000000, -0.000000000000000000 ) ) ;
#207 = LINE ( 'NONE', #1944, #24 ) ;
#208 = ORIENTED_EDGE ( 'NONE', *, *, #1803, .T. ) ;
#209 = DIRECTION ( 'NONE',  ( 0.6427876096865363653, 2.751900532731602374E-16, -0.7660444431189804559 ) ) ;
#210 = DIRECTION ( 'NONE',  ( -6.010789962675446909E-17, -1.000000000000000000, 0.000000000000000000 ) ) ;
#211 = ADVANCED_FACE ( 'NONE', ( #74 ), #1632, .T. ) ;
#212 = CIRCLE ( 'NONE', #954, 2.249999999999998668 ) ;
#213 = CARTESIAN_POINT ( 'NONE',  ( -26.99707960683463526, 4.336808689942017736E-15, -32.17386661099705947 ) ) ;
#214 = CIRCLE ( 'NONE', #2279, 5.000000000000004441 ) ;
#215 = LINE ( 'NONE', #1972, #852 ) ;
#216 = VERTEX_POINT ( 'NONE', #403 ) ;
#217 = AXIS2_PLACEMENT_3D ( 'NONE', #289, #2230, #2255 ) ;
#218 = CARTESIAN_POINT ( 'NONE',  ( 1.962615573354697755E-14, -1.734723475976807094E-14, -1.962615573354739723E-14 ) ) ;
#219 = CARTESIAN_POINT ( 'NONE',  ( 70.70663706551839311, 5.999999999999975131, -84.26488874308833488 ) ) ;
#220 = EDGE_CURVE ( 'NONE', #736, #1670, #2067, .T. ) ;
#221 = ORIENTED_EDGE ( 'NONE', *, *, #1694, .T. ) ;
#222 = FACE_OUTER_BOUND ( 'NONE', #902, .T. ) ;
#223 = ORIENTED_EDGE ( 'NONE', *, *, #1013, .T. ) ;
#224 = EDGE_CURVE ( 'NONE', #1018, #1924, #1779, .T. ) ;
#225 = FACE_BOUND ( 'NONE', #2181, .T. ) ;
#226 = AXIS2_PLACEMENT_3D ( 'NONE', #1361, #2062, #484 ) ;
#227 = PLANE ( 'NONE',  #631 ) ;
#228 = VERTEX_POINT ( 'NONE', #1450 ) ;
#229 = AXIS2_PLACEMENT_3D ( 'NONE', #2022, #1685, #1872 ) ;
#230 = DIRECTION ( 'NONE',  ( 1.000000000000000000, -6.195440985631461480E-17, -1.047444401652939849E-14 ) ) ;
#231 = CARTESIAN_POINT ( 'NONE',  ( 3.567351131834444334E-16, 5.999999999999985789, -103.0000000000000000 ) ) ;
#232 = EDGE_LOOP ( 'NONE', ( #441, #1847, #1549, #129 ) ) ;
#233 = VECTOR ( 'NONE', #389, 1000.000000000000000 ) ;
#234 = EDGE_CURVE ( 'NONE', #1639, #778, #955, .T. ) ;
#235 = DIRECTION ( 'NONE',  ( -6.010789962675446909E-17, -1.000000000000000000, 0.000000000000000000 ) ) ;
#236 = VERTEX_POINT ( 'NONE', #768 ) ;
#237 = DIRECTION ( 'NONE',  ( 1.000000000000000000, 0.000000000000000000, 0.000000000000000000 ) ) ;
#238 = ADVANCED_FACE ( 'NONE', ( #1436 ), #780, .F. ) ;
#239 = CARTESIAN_POINT ( 'NONE',  ( -1.962615573354711639E-14, 4.336808689942017736E-15, 1.962615573354725839E-14 ) ) ;
#240 = ORIENTED_EDGE ( 'NONE', *, *, #2228, .T. ) ;
#241 = CYLINDRICAL_SURFACE ( 'NONE', #1113, 5.000000000000004441 ) ;
#242 = CARTESIAN_POINT ( 'NONE',  ( 103.0000000000000000, -1.561251128379126385E-14, 0.000000000000000000 ) ) ;
#243 = EDGE_LOOP ( 'NONE', ( #856, #934, #1312, #376 ) ) ;
#244 = DIRECTION ( 'NONE',  ( -1.000000000000000000, 6.308085367188389994E-17, 0.000000000000000000 ) ) ;
#245 = EDGE_LOOP ( 'NONE', ( #2272, #862, #1647, #2002 ) ) ;
#246 = CARTESIAN_POINT ( 'NONE',  ( -1.732424921661867590E-15, -1.734723475976807094E-14, 0.000000000000000000 ) ) ;
#247 = ADVANCED_FACE ( 'NONE', ( #1485 ), #1826, .F. ) ;
#248 = CARTESIAN_POINT ( 'NONE',  ( -6.395791255422742516, 24.49999999999998579, 0.2594652185337183448 ) ) ;
#249 = EDGE_LOOP ( 'NONE', ( #426, #671, #261, #961, #56, #1333, #2108, #1863, #1867, #1471, #1180, #329, #2254, #476 ) ) ;
#250 = AXIS2_PLACEMENT_3D ( 'NONE', #196, #1044, #1408 ) ;
#251 = CARTESIAN_POINT ( 'NONE',  ( 103.0000000000000000, 5.999999999999979572, -5.000000000000004441 ) ) ;
#252 = CIRCLE ( 'NONE', #1657, 2.250000000000001776 ) ;
#253 = EDGE_CURVE ( 'NONE', #216, #1999, #926, .T. ) ;
#254 = VERTEX_POINT ( 'NONE', #932 ) ;
#255 = CARTESIAN_POINT ( 'NONE',  ( 3.567351131834444334E-16, 5.999999999999985789, 105.2500000000000000 ) ) ;
#256 = CIRCLE ( 'NONE', #726, 35.00000000000000711 ) ;
#257 = ORIENTED_EDGE ( 'NONE', *, *, #1172, .T. ) ;
#258 = DIRECTION ( 'NONE',  ( -6.010789962675446909E-17, -1.000000000000000000, 0.000000000000000000 ) ) ;
#259 = EDGE_LOOP ( 'NONE', ( #140, #1163, #682, #1387, #1697, #1679, #1982, #1523, #716, #2049, #1684, #223 ) ) ;
#260 = CARTESIAN_POINT ( 'NONE',  ( -13.39392013277805304, 19.49999999999998579, 32.33578363789507648 ) ) ;
#261 = ORIENTED_EDGE ( 'NONE', *, *, #907, .F. ) ;
#262 = EDGE_CURVE ( 'NONE', #443, #166, #605, .T. ) ;
#263 = AXIS2_PLACEMENT_3D ( 'NONE', #2116, #849, #1052 ) ;
#264 = DIRECTION ( 'NONE',  ( 1.000000000000000000, 0.000000000000000000, 0.000000000000000000 ) ) ;
#265 = VERTEX_POINT ( 'NONE', #595 ) ;
#266 = CARTESIAN_POINT ( 'NONE',  ( 6.322806429915983689E-16, 1.499999999999984901, -105.2500000000000000 ) ) ;
#267 = VECTOR ( 'NONE', #528, 1000.000000000000000 ) ;
#268 = EDGE_LOOP ( 'NONE', ( #1373, #2128 ) ) ;
#269 = AXIS2_PLACEMENT_3D ( 'NONE', #1620, #1247, #1910 ) ;
#270 = CARTESIAN_POINT ( 'NONE',  ( -5.730358038156704075E-16, 19.49999999999998579, 0.000000000000000000 ) ) ;
#271 = AXIS2_PLACEMENT_3D ( 'NONE', #1915, #345, #809 ) ;
#272 = ORIENTED_EDGE ( 'NONE', *, *, #386, .T. ) ;
#273 = CARTESIAN_POINT ( 'NONE',  ( 2.500000000000046185, 24.49999999999998579, 0.000000000000000000 ) ) ;
#274 = VERTEX_POINT ( 'NONE', #251 ) ;
#275 = DIRECTION ( 'NONE',  ( -6.010789962675446909E-17, -1.000000000000000000, -0.000000000000000000 ) ) ;
#276 = EDGE_LOOP ( 'NONE', ( #1032, #1157 ) ) ;
#277 = CARTESIAN_POINT ( 'NONE',  ( 26.99707960683429064, 5.999999999999981348, -32.17386661099735079 ) ) ;
#278 = EDGE_LOOP ( 'NONE', ( #1288, #604 ) ) ;
#279 = CARTESIAN_POINT ( 'NONE',  ( 3.567351131834444334E-16, 5.999999999999985789, -103.0000000000000000 ) ) ;
#280 = ORIENTED_EDGE ( 'NONE', *, *, #1360, .T. ) ;
#281 = EDGE_CURVE ( 'NONE', #1656, #629, #1975, .T. ) ;
#282 = DIRECTION ( 'NONE',  ( -5.945585219724088271E-17, -1.000000000000000000, -0.000000000000000000 ) ) ;
#283 = ORIENTED_EDGE ( 'NONE', *, *, #2186, .F. ) ;
#284 = DIRECTION ( 'NONE',  ( -6.010789962675446909E-17, -1.000000000000000000, -0.000000000000000000 ) ) ;
#285 = AXIS2_PLACEMENT_3D ( 'NONE', #2119, #2127, #714 ) ;
#286 = ORIENTED_EDGE ( 'NONE', *, *, #2212, .T. ) ;
#287 = LINE ( 'NONE', #1201, #653 ) ;
#288 = AXIS2_PLACEMENT_3D ( 'NONE', #1297, #2187, #938 ) ;
#289 = CARTESIAN_POINT ( 'NONE',  ( 3.567351131834444828E-16, 5.999999999999985789, 0.000000000000000000 ) ) ;
#290 = ORIENTED_EDGE ( 'NONE', *, *, #1079, .F. ) ;
#291 = CARTESIAN_POINT ( 'NONE',  ( -26.99707960683451802, 5.999999999999984901, 32.17386661099716605 ) ) ;
#292 = CARTESIAN_POINT ( 'NONE',  ( 3.567351131834444334E-16, 1.499999999999984901, -103.0000000000000000 ) ) ;
#293 = ADVANCED_FACE ( 'NONE', ( #584 ), #241, .F. ) ;
#294 = VERTEX_POINT ( 'NONE', #1834 ) ;
#295 = DIRECTION ( 'NONE',  ( 0.6087614290087168811, 0.000000000000000000, -0.7933533402912380517 ) ) ;
#296 = ORIENTED_EDGE ( 'NONE', *, *, #1492, .T. ) ;
#297 = PLANE ( 'NONE',  #693 ) ;
#298 = CARTESIAN_POINT ( 'NONE',  ( 3.567351131834444334E-16, -9.540979117872439019E-15, -103.0000000000000000 ) ) ;
#299 = CARTESIAN_POINT ( 'NONE',  ( 28.75190097984048521, 19.49999999999998224, -3.785259574381603986 ) ) ;
#300 = VECTOR ( 'NONE', #1177, 1000.000000000000000 ) ;
#301 = DIRECTION ( 'NONE',  ( -0.000000000000000000, 1.000000000000000000, -0.000000000000000000 ) ) ;
#302 = VERTEX_POINT ( 'NONE', #941 ) ;
#303 = CIRCLE ( 'NONE', #1635, 35.00000000000000000 ) ;
#304 = EDGE_CURVE ( 'NONE', #1873, #1349, #1986, .T. ) ;
#305 =( LENGTH_UNIT ( ) NAMED_UNIT ( * ) SI_UNIT ( .MILLI., .METRE. ) );
#306 = CARTESIAN_POINT ( 'NONE',  ( 1.292319841975220038E-15, 21.49999999999998579, 0.000000000000000000 ) ) ;
#307 = AXIS2_PLACEMENT_3D ( 'NONE', #1438, #385, #1042 ) ;
#308 = VECTOR ( 'NONE', #318, 1000.000000000000114 ) ;
#309 = ORIENTED_EDGE ( 'NONE', *, *, #521, .F. ) ;
#310 = CARTESIAN_POINT ( 'NONE',  ( 9.595791255431455724, 24.49999999999998579, -0.2594652185619735207 ) ) ;
#311 = ORIENTED_EDGE ( 'NONE', *, *, #402, .F. ) ;
#312 = CYLINDRICAL_SURFACE ( 'NONE', #1095, 2.250000000000001776 ) ;
#313 = ADVANCED_FACE ( 'NONE', ( #414 ), #1120, .F. ) ;
#314 = ORIENTED_EDGE ( 'NONE', *, *, #2175, .T. ) ;
#315 = DIRECTION ( 'NONE',  ( 0.000000000000000000, 0.000000000000000000, 1.000000000000000000 ) ) ;
#316 = CARTESIAN_POINT ( 'NONE',  ( -26.99707960683451802, 5.999999999999984901, 32.17386661099716605 ) ) ;
#317 = ORIENTED_EDGE ( 'NONE', *, *, #153, .F. ) ;
#318 = DIRECTION ( 'NONE',  ( 0.6087614290087276503, -3.707039571410000922E-17, 0.7933533402912296140 ) ) ;
#319 = DIRECTION ( 'NONE',  ( 5.945585219724088271E-17, 1.000000000000000000, -0.000000000000000000 ) ) ;
#320 = PRODUCT_RELATED_PRODUCT_CATEGORY ( 'part', '', ( #1640 ) ) ;
#321 = CYLINDRICAL_SURFACE ( 'NONE', #189, 1.599999999999297318 ) ;
#322 = ORIENTED_EDGE ( 'NONE', *, *, #281, .F. ) ;
#323 = CARTESIAN_POINT ( 'NONE',  ( 9.690585127571202235E-16, 5.999999999999985789, 97.99999999999998579 ) ) ;
#324 = CARTESIAN_POINT ( 'NONE',  ( 70.70663706551931682, -2.228563453327739597E-14, 84.26488874308756749 ) ) ;
#325 = AXIS2_PLACEMENT_3D ( 'NONE', #923, #418, #1478 ) ;
#326 = EDGE_CURVE ( 'NONE', #1853, #1653, #1792, .T. ) ;
#327 = CARTESIAN_POINT ( 'NONE',  ( 1.292319841975220235E-15, 21.49999999999998579, 0.000000000000000000 ) ) ;
#328 = AXIS2_PLACEMENT_3D ( 'NONE', #1763, #172, #1589 ) ;
#329 = ORIENTED_EDGE ( 'NONE', *, *, #1457, .F. ) ;
#330 = AXIS2_PLACEMENT_3D ( 'NONE', #1581, #142, #995 ) ;
#331 = EDGE_LOOP ( 'NONE', ( #1268, #296, #1796, #1663 ) ) ;
#332 = FACE_BOUND ( 'NONE', #278, .T. ) ;
#333 = CARTESIAN_POINT ( 'NONE',  ( -34.70057014808342899, 19.49999999999998934, -4.568416727701427149 ) ) ;
#334 = AXIS2_PLACEMENT_3D ( 'NONE', #89, #235, #1315 ) ;
#335 = FACE_OUTER_BOUND ( 'NONE', #1448, .T. ) ;
#336 = ADVANCED_FACE ( 'NONE', ( #1966 ), #393, .F. ) ;
#337 = VERTEX_POINT ( 'NONE', #1533 ) ;
#338 = CARTESIAN_POINT ( 'NONE',  ( 3.567351131834444334E-16, 5.999999999999985789, -97.99999999999998579 ) ) ;
#339 = FACE_OUTER_BOUND ( 'NONE', #1505, .T. ) ;
#340 = CARTESIAN_POINT ( 'NONE',  ( -5.472751883905943493E-16, 19.49999999999998579, 2.403560570595268155E-31 ) ) ;
#341 = DIRECTION ( 'NONE',  ( 5.945585219724088271E-17, 1.000000000000000000, -0.000000000000000000 ) ) ;
#342 = VERTEX_POINT ( 'NONE', #2036 ) ;
#343 = AXIS2_PLACEMENT_3D ( 'NONE', #1618, #62, #30 ) ;
#344 = ORIENTED_EDGE ( 'NONE', *, *, #624, .T. ) ;
#345 = DIRECTION ( 'NONE',  ( -6.010789962675446909E-17, -1.000000000000000000, 0.000000000000000000 ) ) ;
#346 = LINE ( 'NONE', #490, #1978 ) ;
#347 = AXIS2_PLACEMENT_3D ( 'NONE', #422, #735, #1789 ) ;
#348 = AXIS2_PLACEMENT_3D ( 'NONE', #239, #1649, #667 ) ;
#349 = VECTOR ( 'NONE', #209, 1000.000000000000114 ) ;
#350 = DIRECTION ( 'NONE',  ( -6.010789962675446909E-17, -1.000000000000000000, -0.000000000000000000 ) ) ;
#351 = ORIENTED_EDGE ( 'NONE', *, *, #544, .F. ) ;
#352 = CARTESIAN_POINT ( 'NONE',  ( 1.859465218552104560, 21.49999999999998579, 7.995791255412937559 ) ) ;
#353 = DIRECTION ( 'NONE',  ( 0.000000000000000000, 0.000000000000000000, 1.000000000000000000 ) ) ;
#354 = EDGE_LOOP ( 'NONE', ( #958, #2016 ) ) ;
#355 = DIRECTION ( 'NONE',  ( -0.000000000000000000, -1.000000000000000000, -0.000000000000000000 ) ) ;
#356 = CARTESIAN_POINT ( 'NONE',  ( 13.39392013277806193, 5.999999999999984901, 32.33578363789507648 ) ) ;
#357 = EDGE_CURVE ( 'NONE', #1051, #1667, #2046, .T. ) ;
#358 = DIRECTION ( 'NONE',  ( -1.000000000000000000, 0.000000000000000000, 0.000000000000000000 ) ) ;
#359 = VERTEX_POINT ( 'NONE', #1862 ) ;
#360 = LINE ( 'NONE', #1576, #1846 ) ;
#361 = DIRECTION ( 'NONE',  ( 1.000000000000000000, 0.000000000000000000, 0.000000000000000000 ) ) ;
#362 = LINE ( 'NONE', #1773, #468 ) ;
#363 = ORIENTED_EDGE ( 'NONE', *, *, #1055, .F. ) ;
#364 = EDGE_CURVE ( 'NONE', #976, #27, #1144, .T. ) ;
#365 = VERTEX_POINT ( 'NONE', #1710 ) ;
#366 = CIRCLE ( 'NONE', #2202, 2.500000000000044853 ) ;
#367 = CARTESIAN_POINT ( 'NONE',  ( 9.690585127571202235E-16, 1.499999999999984901, -108.0000000000000000 ) ) ;
#368 =( NAMED_UNIT ( * ) PLANE_ANGLE_UNIT ( ) SI_UNIT ( $, .RADIAN. ) );
#369 = AXIS2_PLACEMENT_3D ( 'NONE', #600, #1637, #760 ) ;
#370 = EDGE_CURVE ( 'NONE', #1046, #302, #812, .T. ) ;
#371 = DIRECTION ( 'NONE',  ( -0.000000000000000000, 1.000000000000000000, -0.000000000000000000 ) ) ;
#372 = EDGE_LOOP ( 'NONE', ( #1808, #1378, #1985, #286 ) ) ;
#373 = FACE_OUTER_BOUND ( 'NONE', #890, .T. ) ;
#374 = CYLINDRICAL_SURFACE ( 'NONE', #269, 2.250000000000001776 ) ;
#375 = CARTESIAN_POINT ( 'NONE',  ( -5.472751883905943493E-16, 19.49999999999998579, 2.403560570595268155E-31 ) ) ;
#376 = ORIENTED_EDGE ( 'NONE', *, *, #530, .F. ) ;
#377 = ORIENTED_EDGE ( 'NONE', *, *, #2140, .T. ) ;
#378 = CARTESIAN_POINT ( 'NONE',  ( -34.70057014808342188, 5.999999999999986677, -4.568416727701426261 ) ) ;
#379 = EDGE_CURVE ( 'NONE', #294, #1873, #593, .T. ) ;
#380 = CARTESIAN_POINT ( 'NONE',  ( 103.0000000000000000, -1.561251128379126385E-14, 2.250000000000001776 ) ) ;
#381 = AXIS2_PLACEMENT_3D ( 'NONE', #145, #1748, #845 ) ;
#382 = CARTESIAN_POINT ( 'NONE',  ( 105.2500000000000000, 1.499999999999978684, 0.000000000000000000 ) ) ;
#383 = ORIENTED_EDGE ( 'NONE', *, *, #2209, .F. ) ;
#384 = DIRECTION ( 'NONE',  ( 1.000000000000000000, 0.000000000000000000, 0.000000000000000000 ) ) ;
#385 = DIRECTION ( 'NONE',  ( 5.945585219724088271E-17, 1.000000000000000000, -0.000000000000000000 ) ) ;
#386 = EDGE_CURVE ( 'NONE', #881, #1477, #445, .T. ) ;
#387 = DIRECTION ( 'NONE',  ( -1.000000000000000000, 5.945585219724088271E-17, 0.000000000000000000 ) ) ;
#388 = ORIENTED_EDGE ( 'NONE', *, *, #1803, .F. ) ;
#389 = DIRECTION ( 'NONE',  ( -5.945585219724088271E-17, -1.000000000000000000, -0.000000000000000000 ) ) ;
#390 = CARTESIAN_POINT ( 'NONE',  ( -32.17386661099706657, 4.336808689942017736E-15, -26.99707960683462815 ) ) ;
#391 = FACE_BOUND ( 'NONE', #1006, .T. ) ;
#392 = ORIENTED_EDGE ( 'NONE', *, *, #1568, .T. ) ;
#393 = PLANE ( 'NONE',  #1296 ) ;
#394 = DIRECTION ( 'NONE',  ( -1.000000000000000000, 0.000000000000000000, 0.000000000000000000 ) ) ;
#395 = VERTEX_POINT ( 'NONE', #2235 ) ;
#396 = CYLINDRICAL_SURFACE ( 'NONE', #1336, 41.99999999999995026 ) ;
#397 = ORIENTED_EDGE ( 'NONE', *, *, #357, .T. ) ;
#398 = LINE ( 'NONE', #580, #950 ) ;
#399 = VECTOR ( 'NONE', #282, 1000.000000000000000 ) ;
#400 = DIRECTION ( 'NONE',  ( -1.000000000000000000, 6.010789962675446909E-17, 0.000000000000000000 ) ) ;
#401 = ORIENTED_EDGE ( 'NONE', *, *, #598, .T. ) ;
#402 = EDGE_CURVE ( 'NONE', #1653, #1349, #2177, .T. ) ;
#403 = CARTESIAN_POINT ( 'NONE',  ( 26.99707960683429064, 5.999999999999981348, -32.17386661099735079 ) ) ;
#404 = LINE ( 'NONE', #255, #1061 ) ;
#405 = ORIENTED_EDGE ( 'NONE', *, *, #794, .F. ) ;
#406 = CARTESIAN_POINT ( 'NONE',  ( 1.168022708535431906E-15, 19.49999999999998579, 7.395570986446965970E-32 ) ) ;
#407 = ORIENTED_EDGE ( 'NONE', *, *, #2266, .F. ) ;
#408 = CARTESIAN_POINT ( 'NONE',  ( 103.0000000000000000, 1.499999999999978684, -2.250000000000001776 ) ) ;
#409 = AXIS2_PLACEMENT_3D ( 'NONE', #2286, #7, #1397 ) ;
#410 = LINE ( 'NONE', #49, #1298 ) ;
#411 = AXIS2_PLACEMENT_3D ( 'NONE', #1106, #748, #52 ) ;
#412 = ORIENTED_EDGE ( 'NONE', *, *, #698, .F. ) ;
#413 = CIRCLE ( 'NONE', #1991, 35.00000000000000000 ) ;
#414 = FACE_OUTER_BOUND ( 'NONE', #1833, .T. ) ;
#415 = AXIS2_PLACEMENT_3D ( 'NONE', #1753, #1084, #865 ) ;
#416 = CARTESIAN_POINT ( 'NONE',  ( -1.499999999999943823, 21.49999999999998579, -2.000000000000055511 ) ) ;
#417 = EDGE_LOOP ( 'NONE', ( #620, #1019, #1569, #2101 ) ) ;
#418 = DIRECTION ( 'NONE',  ( 5.945585219724088271E-17, 1.000000000000000000, -0.000000000000000000 ) ) ;
#419 = VERTEX_POINT ( 'NONE', #1334 ) ;
#420 = LINE ( 'NONE', #963, #1063 ) ;
#421 = EDGE_CURVE ( 'NONE', #365, #254, #1187, .T. ) ;
#422 = CARTESIAN_POINT ( 'NONE',  ( 1.292319841975220235E-15, 21.49999999999998579, 0.000000000000000000 ) ) ;
#423 = EDGE_LOOP ( 'NONE', ( #1076, #974, #2013, #309 ) ) ;
#424 = DIRECTION ( 'NONE',  ( -5.945585219724088271E-17, -1.000000000000000000, -0.000000000000000000 ) ) ;
#425 = DIRECTION ( 'NONE',  ( 0.000000000000000000, 0.000000000000000000, 1.000000000000000000 ) ) ;
#426 = ORIENTED_EDGE ( 'NONE', *, *, #181, .F. ) ;
#427 = ORIENTED_EDGE ( 'NONE', *, *, #1791, .T. ) ;
#428 = CARTESIAN_POINT ( 'NONE',  ( 103.0000000000000000, 5.999999999999979572, 0.000000000000000000 ) ) ;
#429 = AXIS2_PLACEMENT_3D ( 'NONE', #279, #982, #2051 ) ;
#430 = ORIENTED_EDGE ( 'NONE', *, *, #1145, .T. ) ;
#431 = CIRCLE ( 'NONE', #1734, 5.000000000000004441 ) ;
#432 = EDGE_CURVE ( 'NONE', #1859, #1725, #1883, .T. ) ;
#433 = CARTESIAN_POINT ( 'NONE',  ( -1.375689808478422121E-15, 5.999999999999987566, 0.000000000000000000 ) ) ;
#434 = AXIS2_PLACEMENT_3D ( 'NONE', #2152, #23, #2086 ) ;
#435 = EDGE_LOOP ( 'NONE', ( #869, #493 ) ) ;
#436 = DIRECTION ( 'NONE',  ( 1.000000000000000000, -5.945585219724088271E-17, -1.047444401652939849E-14 ) ) ;
#437 = AXIS2_PLACEMENT_3D ( 'NONE', #2056, #525, #844 ) ;
#438 = AXIS2_PLACEMENT_3D ( 'NONE', #681, #1728, #125 ) ;
#439 = VERTEX_POINT ( 'NONE', #616 ) ;
#440 = DIRECTION ( 'NONE',  ( 6.010789962675446909E-17, 1.000000000000000000, 0.000000000000000000 ) ) ;
#441 = ORIENTED_EDGE ( 'NONE', *, *, #1079, .T. ) ;
#442 = DIRECTION ( 'NONE',  ( -5.945585219724088271E-17, -1.000000000000000000, -0.000000000000000000 ) ) ;
#443 = VERTEX_POINT ( 'NONE', #310 ) ;
#444 = FACE_OUTER_BOUND ( 'NONE', #1579, .T. ) ;
#445 = CIRCLE ( 'NONE', #1880, 11.00000000000327915 ) ;
#446 = ORIENTED_EDGE ( 'NONE', *, *, #462, .F. ) ;
#447 = LINE ( 'NONE', #618, #94 ) ;
#448 = VECTOR ( 'NONE', #400, 1000.000000000000000 ) ;
#449 = ORIENTED_EDGE ( 'NONE', *, *, #1427, .T. ) ;
#450 = EDGE_CURVE ( 'NONE', #180, #629, #2145, .T. ) ;
#451 = CIRCLE ( 'NONE', #746, 110.0000000000000000 ) ;
#452 = CARTESIAN_POINT ( 'NONE',  ( 11.00000000000328093, 21.49999999999998579, 0.000000000000000000 ) ) ;
#453 = VERTEX_POINT ( 'NONE', #966 ) ;
#454 = DIRECTION ( 'NONE',  ( -0.000000000000000000, 1.000000000000000000, -0.000000000000000000 ) ) ;
#455 = ORIENTED_EDGE ( 'NONE', *, *, #1071, .F. ) ;
#456 = DIRECTION ( 'NONE',  ( 5.945585219724088271E-17, 1.000000000000000000, -0.000000000000000000 ) ) ;
#457 = EDGE_CURVE ( 'NONE', #2060, #1643, #1040, .T. ) ;
#458 = VERTEX_POINT ( 'NONE', #131 ) ;
#459 = PLANE ( 'NONE',  #1976 ) ;
#460 = EDGE_LOOP ( 'NONE', ( #280, #673 ) ) ;
#461 = DIRECTION ( 'NONE',  ( -6.010789962675446909E-17, -1.000000000000000000, -0.000000000000000000 ) ) ;
#462 = EDGE_CURVE ( 'NONE', #617, #254, #1547, .T. ) ;
#463 = ORIENTED_EDGE ( 'NONE', *, *, #2270, .F. ) ;
#464 = FACE_BOUND ( 'NONE', #1624, .T. ) ;
#465 = CARTESIAN_POINT ( 'NONE',  ( -103.0000000000000000, 5.999999999999991118, 5.000000000000004441 ) ) ;
#466 = ORIENTED_EDGE ( 'NONE', *, *, #1009, .F. ) ;
#467 = DIRECTION ( 'NONE',  ( -1.000000000000000000, 5.945585219724088271E-17, 0.000000000000000000 ) ) ;
#468 = VECTOR ( 'NONE', #791, 1000.000000000000000 ) ;
#469 = ORIENTED_EDGE ( 'NONE', *, *, #1216, .T. ) ;
#470 = DIRECTION ( 'NONE',  ( 5.945585219724088271E-17, 1.000000000000000000, -0.000000000000000000 ) ) ;
#471 = EDGE_CURVE ( 'NONE', #302, #43, #1518, .T. ) ;
#472 = ORIENTED_EDGE ( 'NONE', *, *, #2131, .F. ) ;
#473 = CIRCLE ( 'NONE', #1218, 1.599999999999228706 ) ;
#474 = DIRECTION ( 'NONE',  ( 0.000000000000000000, 0.000000000000000000, 1.000000000000000000 ) ) ;
#475 = AXIS2_PLACEMENT_3D ( 'NONE', #669, #1897, #1170 ) ;
#476 = ORIENTED_EDGE ( 'NONE', *, *, #1306, .T. ) ;
#477 = EDGE_CURVE ( 'NONE', #1349, #228, #892, .T. ) ;
#478 = CARTESIAN_POINT ( 'NONE',  ( -1.732424921661867590E-15, -1.734723475976807094E-14, 0.000000000000000000 ) ) ;
#479 = EDGE_LOOP ( 'NONE', ( #203, #1310, #1377, #1129 ) ) ;
#480 = DIRECTION ( 'NONE',  ( -0.6427876096865363653, -7.328340070859198409E-18, 0.7660444431189804559 ) ) ;
#481 = AXIS2_PLACEMENT_3D ( 'NONE', #1525, #1003, #1510 ) ;
#482 = ORIENTED_EDGE ( 'NONE', *, *, #949, .T. ) ;
#483 = CYLINDRICAL_SURFACE ( 'NONE', #1582, 110.0000000000000000 ) ;
#484 = DIRECTION ( 'NONE',  ( 0.000000000000000000, -0.000000000000000000, -1.000000000000000000 ) ) ;
#485 = DIRECTION ( 'NONE',  ( 6.010789962675446909E-17, 1.000000000000000000, 0.000000000000000000 ) ) ;
#486 = VERTEX_POINT ( 'NONE', #1495 ) ;
#487 = ADVANCED_FACE ( 'NONE', ( #1521 ), #2198, .T. ) ;
#488 = ORIENTED_EDGE ( 'NONE', *, *, #1906, .F. ) ;
#489 = LINE ( 'NONE', #2232, #633 ) ;
#490 = CARTESIAN_POINT ( 'NONE',  ( -84.26488874308759591, -1.387778780781445676E-14, -70.70663706551928840 ) ) ;
#491 = ADVANCED_FACE ( 'NONE', ( #444 ), #977, .F. ) ;
#492 = DIRECTION ( 'NONE',  ( -6.010789962675446909E-17, -1.000000000000000000, -0.000000000000000000 ) ) ;
#493 = ORIENTED_EDGE ( 'NONE', *, *, #1390, .T. ) ;
#494 = DIRECTION ( 'NONE',  ( -0.000000000000000000, 1.000000000000000000, -0.000000000000000000 ) ) ;
#495 = ORIENTED_EDGE ( 'NONE', *, *, #1893, .F. ) ;
#496 = CARTESIAN_POINT ( 'NONE',  ( -21.30665001530547542, 5.999999999999986677, -27.76736691019305070 ) ) ;
#497 = VERTEX_POINT ( 'NONE', #640 ) ;
#498 = DIRECTION ( 'NONE',  ( -0.6087614290087276503, 0.000000000000000000, -0.7933533402912296140 ) ) ;
#499 = CARTESIAN_POINT ( 'NONE',  ( 11.09781953858753489, 19.49999999999998224, 26.79250644282734228 ) ) ;
#500 = ADVANCED_FACE ( 'NONE', ( #1344 ), #321, .F. ) ;
#501 = DIRECTION ( 'NONE',  ( 6.010789962675446909E-17, 1.000000000000000000, 0.000000000000000000 ) ) ;
#502 = EDGE_LOOP ( 'NONE', ( #867, #112, #1659, #759, #118, #32, #557, #1513, #1394, #1828, #2197, #968, #1414, #711, #449, #1329, #1238 ) ) ;
#503 = CARTESIAN_POINT ( 'NONE',  ( -28.99999999999999289, 1.724219713719985118E-15, 0.000000000000000000 ) ) ;
#504 = CARTESIAN_POINT ( 'NONE',  ( 3.567351131834444334E-16, 5.999999999999985789, 103.0000000000000000 ) ) ;
#505 = AXIS2_PLACEMENT_3D ( 'NONE', #1845, #1835, #2190 ) ;
#506 = DIRECTION ( 'NONE',  ( -0.000000000000000000, 1.000000000000000000, -0.000000000000000000 ) ) ;
#507 = AXIS2_PLACEMENT_3D ( 'NONE', #9, #506, #353 ) ;
#508 = ORIENTED_EDGE ( 'NONE', *, *, #2097, .F. ) ;
#509 = CIRCLE ( 'NONE', #801, 28.99999999999999645 ) ;
#510 = ORIENTED_EDGE ( 'NONE', *, *, #153, .T. ) ;
#511 =( NAMED_UNIT ( * ) SI_UNIT ( $, .STERADIAN. ) SOLID_ANGLE_UNIT ( ) );
#512 = FACE_OUTER_BOUND ( 'NONE', #1382, .T. ) ;
#513 = VECTOR ( 'NONE', #1035, 1000.000000000000000 ) ;
#514 = AXIS2_PLACEMENT_3D ( 'NONE', #1810, #1829, #2159 ) ;
#515 = LINE ( 'NONE', #158, #777 ) ;
#516 = ORIENTED_EDGE ( 'NONE', *, *, #1289, .T. ) ;
#517 = FACE_OUTER_BOUND ( 'NONE', #502, .T. ) ;
#518 = PLANE ( 'NONE',  #1476 ) ;
#519 = DIRECTION ( 'NONE',  ( 5.945585219724088271E-17, 1.000000000000000000, -0.000000000000000000 ) ) ;
#520 = DIRECTION ( 'NONE',  ( 5.945585219724088271E-17, 1.000000000000000000, -0.000000000000000000 ) ) ;
#521 = EDGE_CURVE ( 'NONE', #1018, #761, #894, .T. ) ;
#522 = ORIENTED_EDGE ( 'NONE', *, *, #304, .T. ) ;
#523 = ORIENTED_EDGE ( 'NONE', *, *, #1277, .F. ) ;
#524 = PLANE ( 'NONE',  #1119 ) ;
#525 = DIRECTION ( 'NONE',  ( -6.010789962675446909E-17, -1.000000000000000000, -0.000000000000000000 ) ) ;
#526 = AXIS2_PLACEMENT_3D ( 'NONE', #4, #709, #765 ) ;
#527 = AXIS2_PLACEMENT_3D ( 'NONE', #1526, #1566, #850 ) ;
#528 = DIRECTION ( 'NONE',  ( 5.945585219724026641E-17, 1.000000000000000000, -5.945585219724088271E-17 ) ) ;
#529 = VERTEX_POINT ( 'NONE', #1605 ) ;
#530 = EDGE_CURVE ( 'NONE', #105, #1999, #13, .T. ) ;
#531 = CARTESIAN_POINT ( 'NONE',  ( -103.0000000000000000, -3.469446951953614189E-15, -2.250000000000001776 ) ) ;
#532 = DIRECTION ( 'NONE',  ( -0.6427876096865392519, 0.000000000000000000, -0.7660444431189781245 ) ) ;
#533 = DIRECTION ( 'NONE',  ( 0.7660444431189783465, 2.678617132023010375E-16, 0.6427876096865390299 ) ) ;
#534 = ORIENTED_EDGE ( 'NONE', *, *, #552, .T. ) ;
#535 = ORIENTED_EDGE ( 'NONE', *, *, #1517, .T. ) ;
#536 = EDGE_CURVE ( 'NONE', #2026, #1149, #1413, .T. ) ;
#537 = CARTESIAN_POINT ( 'NONE',  ( -84.26488874308732591, 5.999999999999985789, 70.70663706551960104 ) ) ;
#538 = DIRECTION ( 'NONE',  ( -0.000000000000000000, 1.000000000000000000, -0.000000000000000000 ) ) ;
#539 = DIRECTION ( 'NONE',  ( 1.000000000000000000, 0.000000000000000000, 0.000000000000000000 ) ) ;
#540 = EDGE_LOOP ( 'NONE', ( #1634, #1830, #1590, #1729 ) ) ;
#541 = DIRECTION ( 'NONE',  ( 5.945585219724088271E-17, 1.000000000000000000, -0.000000000000000000 ) ) ;
#542 = DIRECTION ( 'NONE',  ( -0.000000000000000000, 1.000000000000000000, -0.000000000000000000 ) ) ;
#543 = DIRECTION ( 'NONE',  ( 0.000000000000000000, 0.000000000000000000, 1.000000000000000000 ) ) ;
#544 = EDGE_CURVE ( 'NONE', #529, #1477, #515, .T. ) ;
#545 = PRODUCT_DEFINITION_SHAPE ( 'NONE', 'NONE',  #2236 ) ;
#546 = ORIENTED_EDGE ( 'NONE', *, *, #234, .F. ) ;
#547 = AXIS2_PLACEMENT_3D ( 'NONE', #1399, #555, #1258 ) ;
#548 = CARTESIAN_POINT ( 'NONE',  ( 7.055120805259274126E-15, 19.49999999999998579, 4.471694958020469470E-14 ) ) ;
#549 = CIRCLE ( 'NONE', #1838, 1.599999999999159428 ) ;
#550 = AXIS2_PLACEMENT_3D ( 'NONE', #662, #210, #1263 ) ;
#551 = VECTOR ( 'NONE', #1124, 999.9999999999998863 ) ;
#552 = EDGE_CURVE ( 'NONE', #2085, #1946, #2271, .T. ) ;
#553 = DIRECTION ( 'NONE',  ( 1.189117043944817654E-16, 1.000000000000000000, 0.000000000000000000 ) ) ;
#554 = CARTESIAN_POINT ( 'NONE',  ( 26.99707960683429064, 8.187496572437467239E-16, -32.17386661099735079 ) ) ;
#555 = DIRECTION ( 'NONE',  ( 5.945585219724088271E-17, 1.000000000000000000, -0.000000000000000000 ) ) ;
#556 = ORIENTED_EDGE ( 'NONE', *, *, #670, .T. ) ;
#557 = ORIENTED_EDGE ( 'NONE', *, *, #1172, .F. ) ;
#558 = DIRECTION ( 'NONE',  ( -6.010789962675446909E-17, -1.000000000000000000, -0.000000000000000000 ) ) ;
#559 = VECTOR ( 'NONE', #424, 1000.000000000000000 ) ;
#560 = EDGE_CURVE ( 'NONE', #2034, #180, #686, .T. ) ;
#561 = FACE_BOUND ( 'NONE', #2173, .T. ) ;
#562 = CARTESIAN_POINT ( 'NONE',  ( 32.17386661099706657, 5.999999999999981348, 26.99707960683462815 ) ) ;
#563 = VECTOR ( 'NONE', #1743, 1000.000000000000114 ) ;
#564 = ORIENTED_EDGE ( 'NONE', *, *, #521, .T. ) ;
#565 = EDGE_CURVE ( 'NONE', #458, #2047, #1781, .T. ) ;
#566 = DIRECTION ( 'NONE',  ( -6.010789962675446909E-17, -1.000000000000000000, -0.000000000000000000 ) ) ;
#567 = DIRECTION ( 'NONE',  ( 0.000000000000000000, 0.000000000000000000, 1.000000000000000000 ) ) ;
#568 = EDGE_LOOP ( 'NONE', ( #1338, #625, #283, #2185 ) ) ;
#569 = CARTESIAN_POINT ( 'NONE',  ( 70.70663706551933103, -2.155115812249954371E-14, 84.26488874308758170 ) ) ;
#570 = DIRECTION ( 'NONE',  ( 0.000000000000000000, 0.000000000000000000, 1.000000000000000000 ) ) ;
#571 = ADVANCED_FACE ( 'NONE', ( #335 ), #1381, .F. ) ;
#572 = CARTESIAN_POINT ( 'NONE',  ( 3.567351131834444334E-16, 5.999999999999985789, 0.000000000000000000 ) ) ;
#573 = ORIENTED_EDGE ( 'NONE', *, *, #220, .T. ) ;
#574 = DIRECTION ( 'NONE',  ( 0.000000000000000000, 0.000000000000000000, 1.000000000000000000 ) ) ;
#575 = CARTESIAN_POINT ( 'NONE',  ( -1.340534781446087509, 21.49999999999998579, 7.995791255412937559 ) ) ;
#576 = VERTEX_POINT ( 'NONE', #1735 ) ;
#577 = DIRECTION ( 'NONE',  ( -0.6427876096865390299, 7.643497023148125753E-17, 0.7660444431189783465 ) ) ;
#578 = ORIENTED_EDGE ( 'NONE', *, *, #967, .F. ) ;
#579 = AXIS2_PLACEMENT_3D ( 'NONE', #1475, #2179, #1654 ) ;
#580 = CARTESIAN_POINT ( 'NONE',  ( 34.70057014808334372, 19.49999999999998224, -4.568416727701944957 ) ) ;
#581 = AXIS2_PLACEMENT_3D ( 'NONE', #753, #1395, #904 ) ;
#582 = CARTESIAN_POINT ( 'NONE',  ( -0.2594652185426831736, 24.49999999999998579, -7.995791255441193179 ) ) ;
#583 = ORIENTED_EDGE ( 'NONE', *, *, #973, .F. ) ;
#584 = FACE_OUTER_BOUND ( 'NONE', #1212, .T. ) ;
#585 = CYLINDRICAL_SURFACE ( 'NONE', #579, 110.0000000000000000 ) ;
#586 = ORIENTED_EDGE ( 'NONE', *, *, #364, .T. ) ;
#587 = CARTESIAN_POINT ( 'NONE',  ( 70.70663706551931682, 5.999999999999976019, 84.26488874308756749 ) ) ;
#588 = ADVANCED_FACE ( 'NONE', ( #1939 ), #861, .F. ) ;
#589 = ORIENTED_EDGE ( 'NONE', *, *, #1675, .T. ) ;
#590 = FACE_OUTER_BOUND ( 'NONE', #423, .T. ) ;
#591 = AXIS2_PLACEMENT_3D ( 'NONE', #2189, #1815, #230 ) ;
#592 = DIRECTION ( 'NONE',  ( 5.945585219724088271E-17, 1.000000000000000000, 0.000000000000000000 ) ) ;
#593 = CIRCLE ( 'NONE', #1849, 28.99999999999999289 ) ;
#594 = VERTEX_POINT ( 'NONE', #179 ) ;
#595 = CARTESIAN_POINT ( 'NONE',  ( -11.09781953858752779, 19.49999999999998579, 26.79250644282734584 ) ) ;
#596 = CIRCLE ( 'NONE', #2260, 41.99999999999995026 ) ;
#597 = DIRECTION ( 'NONE',  ( 5.945585219724088271E-17, 1.000000000000000000, -0.000000000000000000 ) ) ;
#598 = EDGE_CURVE ( 'NONE', #1941, #1244, #1562, .T. ) ;
#599 = ORIENTED_EDGE ( 'NONE', *, *, #725, .T. ) ;
#600 = CARTESIAN_POINT ( 'NONE',  ( -103.0000000000000000, 5.999999999999991118, 0.000000000000000000 ) ) ;
#601 = ORIENTED_EDGE ( 'NONE', *, *, #1123, .F. ) ;
#602 = EDGE_CURVE ( 'NONE', #727, #736, #2261, .T. ) ;
#603 = PLANE ( 'NONE',  #288 ) ;
#604 = ORIENTED_EDGE ( 'NONE', *, *, #2167, .F. ) ;
#605 = LINE ( 'NONE', #2155, #2112 ) ;
#606 = ORIENTED_EDGE ( 'NONE', *, *, #1270, .T. ) ;
#607 = DIRECTION ( 'NONE',  ( 0.6427876096865392519, -7.643497023148128218E-17, 0.7660444431189781245 ) ) ;
#608 = ORIENTED_EDGE ( 'NONE', *, *, #959, .F. ) ;
#609 = EDGE_CURVE ( 'NONE', #2141, #1165, #1917, .T. ) ;
#610 = DIRECTION ( 'NONE',  ( 1.000000000000000000, 0.000000000000000000, 0.000000000000000000 ) ) ;
#611 = ORIENTED_EDGE ( 'NONE', *, *, #639, .F. ) ;
#612 = DIRECTION ( 'NONE',  ( 0.000000000000000000, 0.000000000000000000, 1.000000000000000000 ) ) ;
#613 = ORIENTED_EDGE ( 'NONE', *, *, #937, .T. ) ;
#614 = CIRCLE ( 'NONE', #547, 2.249999999999998668 ) ;
#615 = EDGE_CURVE ( 'NONE', #983, #1455, #1760, .T. ) ;
#616 = CARTESIAN_POINT ( 'NONE',  ( -13.39392013277805304, 5.999999999999986677, 32.33578363789507648 ) ) ;
#617 = VERTEX_POINT ( 'NONE', #1050 ) ;
#618 = CARTESIAN_POINT ( 'NONE',  ( -70.70663706551931682, 5.999999999999984901, -84.26488874308756749 ) ) ;
#619 = AXIS2_PLACEMENT_3D ( 'NONE', #327, #461, #1512 ) ;
#620 = ORIENTED_EDGE ( 'NONE', *, *, #657, .T. ) ;
#621 = DIRECTION ( 'NONE',  ( 1.000000000000000000, 0.000000000000000000, 0.000000000000000000 ) ) ;
#622 = VERTEX_POINT ( 'NONE', #1583 ) ;
#623 = DIRECTION ( 'NONE',  ( -0.000000000000000000, 1.000000000000000000, -0.000000000000000000 ) ) ;
#624 = EDGE_CURVE ( 'NONE', #1844, #813, #964, .T. ) ;
#625 = ORIENTED_EDGE ( 'NONE', *, *, #1488, .F. ) ;
#626 = DIRECTION ( 'NONE',  ( -6.010789962675446909E-17, -1.000000000000000000, 0.000000000000000000 ) ) ;
#627 = AXIS2_PLACEMENT_3D ( 'NONE', #1188, #800, #2213 ) ;
#628 = EDGE_CURVE ( 'NONE', #439, #228, #699, .T. ) ;
#629 = VERTEX_POINT ( 'NONE', #2113 ) ;
#630 = FACE_OUTER_BOUND ( 'NONE', #1235, .T. ) ;
#631 = AXIS2_PLACEMENT_3D ( 'NONE', #382, #930, #754 ) ;
#632 = FACE_BOUND ( 'NONE', #2251, .T. ) ;
#633 = VECTOR ( 'NONE', #1529, 1000.000000000000114 ) ;
#634 = DIRECTION ( 'NONE',  ( -6.010789962675446909E-17, -1.000000000000000000, -0.000000000000000000 ) ) ;
#635 = EDGE_LOOP ( 'NONE', ( #956, #2091, #1825, #2021 ) ) ;
#636 = LINE ( 'NONE', #141, #1483 ) ;
#637 = DIRECTION ( 'NONE',  ( 0.000000000000000000, 0.000000000000000000, 1.000000000000000000 ) ) ;
#638 = EDGE_LOOP ( 'NONE', ( #925, #1907, #583, #578 ) ) ;
#639 = EDGE_CURVE ( 'NONE', #2034, #644, #1332, .T. ) ;
#640 = CARTESIAN_POINT ( 'NONE',  ( -110.0000000000000000, -1.080709101807157436E-14, 0.000000000000000000 ) ) ;
#641 = ORIENTED_EDGE ( 'NONE', *, *, #1195, .F. ) ;
#642 = CARTESIAN_POINT ( 'NONE',  ( -103.0000000000000000, 5.999999999999991118, 0.000000000000000000 ) ) ;
#643 = EDGE_CURVE ( 'NONE', #138, #1711, #1918, .T. ) ;
#644 = VERTEX_POINT ( 'NONE', #1447 ) ;
#645 = DIRECTION ( 'NONE',  ( 0.6427876096865473565, 7.328340070858540511E-18, 0.7660444431189713521 ) ) ;
#646 = DIRECTION ( 'NONE',  ( 0.000000000000000000, 0.000000000000000000, -1.000000000000000000 ) ) ;
#647 = APPLICATION_CONTEXT ( 'automotive_design' ) ;
#648 = ORIENTED_EDGE ( 'NONE', *, *, #117, .F. ) ;
#649 = FACE_BOUND ( 'NONE', #1314, .T. ) ;
#650 = DIRECTION ( 'NONE',  ( -6.010789962675446909E-17, -1.000000000000000000, 0.000000000000000000 ) ) ;
#651 = ORIENTED_EDGE ( 'NONE', *, *, #2228, .F. ) ;
#652 = DIRECTION ( 'NONE',  ( -1.000000000000000000, 5.981805089575197430E-17, 0.000000000000000000 ) ) ;
#653 = VECTOR ( 'NONE', #2215, 1000.000000000000000 ) ;
#654 = ORIENTED_EDGE ( 'NONE', *, *, #544, .T. ) ;
#655 = DIRECTION ( 'NONE',  ( -5.945585219724088271E-17, -1.000000000000000000, -0.000000000000000000 ) ) ;
#656 = CIRCLE ( 'NONE', #1321, 110.0000000000000000 ) ;
#657 = EDGE_CURVE ( 'NONE', #1046, #2115, #1818, .T. ) ;
#658 = LINE ( 'NONE', #316, #1731 ) ;
#659 = VECTOR ( 'NONE', #100, 1000.000000000000000 ) ;
#660 = ORIENTED_EDGE ( 'NONE', *, *, #1522, .T. ) ;
#661 = EDGE_CURVE ( 'NONE', #529, #1990, #113, .T. ) ;
#662 = CARTESIAN_POINT ( 'NONE',  ( -7.995791255421902832, 21.49999999999998579, 0.2594652185337183448 ) ) ;
#663 = ORIENTED_EDGE ( 'NONE', *, *, #379, .T. ) ;
#664 = DIRECTION ( 'NONE',  ( 1.000000000000000000, 0.000000000000000000, 0.000000000000000000 ) ) ;
#665 = CARTESIAN_POINT ( 'NONE',  ( 84.26488874308684274, -2.309175194107184367E-14, -70.70663706552019789 ) ) ;
#666 = DIRECTION ( 'NONE',  ( -0.000000000000000000, 1.000000000000000000, -0.000000000000000000 ) ) ;
#667 = DIRECTION ( 'NONE',  ( -1.000000000000000000, 5.945585219724088271E-17, 3.491481338843133355E-15 ) ) ;
#668 = VECTOR ( 'NONE', #1964, 1000.000000000000000 ) ;
#669 = CARTESIAN_POINT ( 'NONE',  ( -2.467356902568220286E-16, 24.49999999999998579, 2.403560570595268155E-31 ) ) ;
#670 = EDGE_CURVE ( 'NONE', #439, #1429, #413, .T. ) ;
#671 = ORIENTED_EDGE ( 'NONE', *, *, #1449, .F. ) ;
#672 = VECTOR ( 'NONE', #837, 1000.000000000000000 ) ;
#673 = ORIENTED_EDGE ( 'NONE', *, *, #661, .T. ) ;
#674 = FACE_OUTER_BOUND ( 'NONE', #372, .T. ) ;
#675 = AXIS2_PLACEMENT_3D ( 'NONE', #903, #1611, #12 ) ;
#676 = EDGE_CURVE ( 'NONE', #2066, #1486, #215, .T. ) ;
#677 = DIRECTION ( 'NONE',  ( -6.010789962675446909E-17, -1.000000000000000000, -0.000000000000000000 ) ) ;
#678 = ORIENTED_EDGE ( 'NONE', *, *, #1183, .F. ) ;
#679 = DIRECTION ( 'NONE',  ( 0.000000000000000000, 0.000000000000000000, 1.000000000000000000 ) ) ;
#680 = DIRECTION ( 'NONE',  ( 0.6087614290087276503, -3.707039571410000922E-17, 0.7933533402912296140 ) ) ;
#681 = CARTESIAN_POINT ( 'NONE',  ( 1.159389117846196196E-15, 19.49999999999998579, 0.000000000000000000 ) ) ;
#682 = ORIENTED_EDGE ( 'NONE', *, *, #1123, .T. ) ;
#683 = EDGE_LOOP ( 'NONE', ( #5, #1452, #987, #1480 ) ) ;
#684 = PRESENTATION_STYLE_ASSIGNMENT (( #1197 ) ) ;
#685 = CARTESIAN_POINT ( 'NONE',  ( 13.39392013277806193, 19.49999999999998224, 32.33578363789507648 ) ) ;
#686 = LINE ( 'NONE', #1392, #77 ) ;
#687 = ORIENTED_EDGE ( 'NONE', *, *, #860, .T. ) ;
#688 = DIRECTION ( 'NONE',  ( 0.000000000000000000, 0.000000000000000000, 1.000000000000000000 ) ) ;
#689 = ADVANCED_FACE ( 'NONE', ( #1662 ), #1824, .F. ) ;
#690 = CYLINDRICAL_SURFACE ( 'NONE', #846, 110.0000000000000000 ) ;
#691 = VECTOR ( 'NONE', #1884, 1000.000000000000000 ) ;
#692 = DIRECTION ( 'NONE',  ( -0.000000000000000000, 1.000000000000000000, -0.000000000000000000 ) ) ;
#693 = AXIS2_PLACEMENT_3D ( 'NONE', #1497, #1337, #1687 ) ;
#694 = ORIENTED_EDGE ( 'NONE', *, *, #36, .T. ) ;
#695 = ORIENTED_EDGE ( 'NONE', *, *, #304, .F. ) ;
#696 = CARTESIAN_POINT ( 'NONE',  ( 26.99707960683463526, 1.126539940219805807E-15, 32.17386661099705947 ) ) ;
#697 = DIRECTION ( 'NONE',  ( -0.000000000000000000, 1.000000000000000000, -0.000000000000000000 ) ) ;
#698 = EDGE_CURVE ( 'NONE', #2037, #778, #917, .T. ) ;
#699 = LINE ( 'NONE', #1243, #1481 ) ;
#700 = EDGE_LOOP ( 'NONE', ( #466, #1364, #2107, #1066 ) ) ;
#701 = FACE_OUTER_BOUND ( 'NONE', #540, .T. ) ;
#702 = ADVANCED_FACE ( 'NONE', ( #1080 ), #1615, .F. ) ;
#703 = CARTESIAN_POINT ( 'NONE',  ( -70.70663706551933103, -1.314331139703659818E-14, -84.26488874308758170 ) ) ;
#704 = ORIENTED_EDGE ( 'NONE', *, *, #1981, .F. ) ;
#705 = VECTOR ( 'NONE', #2009, 1000.000000000000000 ) ;
#706 = VERTEX_POINT ( 'NONE', #1128 ) ;
#707 = DIRECTION ( 'NONE',  ( -5.945585219724026641E-17, -1.000000000000000000, 5.945585219724088271E-17 ) ) ;
#708 = AXIS2_PLACEMENT_3D ( 'NONE', #1746, #829, #498 ) ;
#709 = DIRECTION ( 'NONE',  ( -6.010789962675446909E-17, -1.000000000000000000, 0.000000000000000000 ) ) ;
#710 = ADVANCED_FACE ( 'NONE', ( #1813 ), #1984, .T. ) ;
#711 = ORIENTED_EDGE ( 'NONE', *, *, #1488, .T. ) ;
#712 = DIRECTION ( 'NONE',  ( -0.000000000000000000, 1.000000000000000000, -0.000000000000000000 ) ) ;
#713 = CARTESIAN_POINT ( 'NONE',  ( 70.70663706551931682, 5.999999999999976019, 84.26488874308756749 ) ) ;
#714 = DIRECTION ( 'NONE',  ( -1.000000000000000000, 9.912705577010324317E-17, 0.000000000000000000 ) ) ;
#715 = VERTEX_POINT ( 'NONE', #1255 ) ;
#716 = ORIENTED_EDGE ( 'NONE', *, *, #1083, .T. ) ;
#717 = CARTESIAN_POINT ( 'NONE',  ( -21.30665001530547542, 19.49999999999998579, -27.76736691019305070 ) ) ;
#718 =( NAMED_UNIT ( * ) SI_UNIT ( $, .STERADIAN. ) SOLID_ANGLE_UNIT ( ) );
#719 = EDGE_CURVE ( 'NONE', #27, #2218, #410, .T. ) ;
#720 = DIRECTION ( 'NONE',  ( -0.000000000000000000, 1.000000000000000000, -0.000000000000000000 ) ) ;
#721 = ORIENTED_EDGE ( 'NONE', *, *, #1613, .T. ) ;
#722 = DIRECTION ( 'NONE',  ( -1.000000000000000000, 5.945585219724083341E-17, 0.000000000000000000 ) ) ;
#723 = DIRECTION ( 'NONE',  ( 6.010789962675446909E-17, 1.000000000000000000, 0.000000000000000000 ) ) ;
#724 = FACE_BOUND ( 'NONE', #2194, .T. ) ;
#725 = EDGE_CURVE ( 'NONE', #1677, #173, #156, .T. ) ;
#726 = AXIS2_PLACEMENT_3D ( 'NONE', #2063, #485, #1248 ) ;
#727 = VERTEX_POINT ( 'NONE', #248 ) ;
#728 = CIRCLE ( 'NONE', #912, 41.99999999999995026 ) ;
#729 = CARTESIAN_POINT ( 'NONE',  ( 26.99707960683429064, 8.187496572437467239E-16, -32.17386661099735079 ) ) ;
#730 = CIRCLE ( 'NONE', #2096, 2.250000000000001776 ) ;
#731 = EDGE_CURVE ( 'NONE', #644, #2149, #905, .T. ) ;
#732 = DIRECTION ( 'NONE',  ( -0.000000000000000000, 1.000000000000000000, -0.000000000000000000 ) ) ;
#733 = AXIS2_PLACEMENT_3D ( 'NONE', #306, #650, #168 ) ;
#734 = VECTOR ( 'NONE', #2028, 1000.000000000000114 ) ;
#735 = DIRECTION ( 'NONE',  ( -6.010789962675446909E-17, -1.000000000000000000, -0.000000000000000000 ) ) ;
#736 = VERTEX_POINT ( 'NONE', #25 ) ;
#737 = CARTESIAN_POINT ( 'NONE',  ( 1.962615573354718581E-14, -1.734723475976807410E-14, 1.962615573354718266E-14 ) ) ;
#738 = PLANE ( 'NONE',  #136 ) ;
#739 = ORIENTED_EDGE ( 'NONE', *, *, #959, .T. ) ;
#740 = EDGE_CURVE ( 'NONE', #644, #1859, #2144, .T. ) ;
#741 = CARTESIAN_POINT ( 'NONE',  ( -100.7499999999999858, 1.499999999999990896, 0.000000000000000000 ) ) ;
#742 = VECTOR ( 'NONE', #284, 1000.000000000000000 ) ;
#743 = FACE_BOUND ( 'NONE', #1601, .T. ) ;
#744 = AXIS2_PLACEMENT_3D ( 'NONE', #1156, #1508, #2224 ) ;
#745 = LINE ( 'NONE', #562, #1043 ) ;
#746 = AXIS2_PLACEMENT_3D ( 'NONE', #2105, #519, #1230 ) ;
#747 = EDGE_LOOP ( 'NONE', ( #1730, #613 ) ) ;
#748 = DIRECTION ( 'NONE',  ( -6.010789962675446909E-17, -1.000000000000000000, 0.000000000000000000 ) ) ;
#749 = CARTESIAN_POINT ( 'NONE',  ( 1.962615573354697755E-14, 4.336808689942014581E-15, -1.962615573354739723E-14 ) ) ;
#750 = ORIENTED_EDGE ( 'NONE', *, *, #1628, .F. ) ;
#751 = CARTESIAN_POINT ( 'NONE',  ( 0.2594652185530086919, 24.49999999999998579, 7.995791255412937559 ) ) ;
#752 = EDGE_LOOP ( 'NONE', ( #1467, #1250, #784, #2158 ) ) ;
#753 = CARTESIAN_POINT ( 'NONE',  ( -1.962615573354718897E-14, 5.999999999999984901, -1.962615573354718266E-14 ) ) ;
#754 = DIRECTION ( 'NONE',  ( 0.000000000000000000, -0.000000000000000000, -1.000000000000000000 ) ) ;
#755 = ORIENTED_EDGE ( 'NONE', *, *, #457, .F. ) ;
#756 = CYLINDRICAL_SURFACE ( 'NONE', #1668, 41.99999999999995026 ) ;
#757 = EDGE_CURVE ( 'NONE', #1149, #1686, #745, .T. ) ;
#758 = FACE_OUTER_BOUND ( 'NONE', #1142, .T. ) ;
#759 = ORIENTED_EDGE ( 'NONE', *, *, #1568, .F. ) ;
#760 = DIRECTION ( 'NONE',  ( 0.000000000000000000, 0.000000000000000000, 1.000000000000000000 ) ) ;
#761 = VERTEX_POINT ( 'NONE', #1275 ) ;
#762 = CIRCLE ( 'NONE', #1211, 2.250000000000001776 ) ;
#763 = DIRECTION ( 'NONE',  ( -6.010789962675446909E-17, -1.000000000000000000, -0.000000000000000000 ) ) ;
#764 = AXIS2_PLACEMENT_3D ( 'NONE', #478, #319, #1871 ) ;
#765 = DIRECTION ( 'NONE',  ( 1.000000000000000000, 0.000000000000000000, 0.000000000000000000 ) ) ;
#766 = CIRCLE ( 'NONE', #1431, 28.99999999999999645 ) ;
#767 = EDGE_CURVE ( 'NONE', #617, #2037, #303, .T. ) ;
#768 = CARTESIAN_POINT ( 'NONE',  ( -17.65408144125310130, 19.49999999999998579, -23.00724686844566591 ) ) ;
#769 = ORIENTED_EDGE ( 'NONE', *, *, #1623, .T. ) ;
#770 = CARTESIAN_POINT ( 'NONE',  ( -2.500000000000043521, 24.49999999999998579, 3.061616997868437868E-16 ) ) ;
#771 = ADVANCED_FACE ( 'NONE', ( #391, #1104 ), #227, .F. ) ;
#772 = ORIENTED_EDGE ( 'NONE', *, *, #462, .T. ) ;
#773 = DIRECTION ( 'NONE',  ( -6.010789962675446909E-17, -1.000000000000000000, 0.000000000000000000 ) ) ;
#774 = ORIENTED_EDGE ( 'NONE', *, *, #1293, .T. ) ;
#775 = AXIS2_PLACEMENT_3D ( 'NONE', #1762, #2125, #722 ) ;
#776 = DIRECTION ( 'NONE',  ( -1.000000000000000000, 5.945585219724088271E-17, 0.000000000000000000 ) ) ;
#777 = VECTOR ( 'NONE', #492, 1000.000000000000000 ) ;
#778 = VERTEX_POINT ( 'NONE', #1117 ) ;
#779 = EDGE_CURVE ( 'NONE', #1764, #1346, #1234, .T. ) ;
#780 = CYLINDRICAL_SURFACE ( 'NONE', #1952, 2.500000000000044853 ) ;
#781 = ORIENTED_EDGE ( 'NONE', *, *, #402, .T. ) ;
#782 = COLOUR_RGB ( '',0.7921568627450980005, 0.8196078431372548767, 0.9333333333333333481 ) ;
#783 = DIRECTION ( 'NONE',  ( -0.7660444431189781245, 9.109165037319934928E-17, 0.6427876096865392519 ) ) ;
#784 = ORIENTED_EDGE ( 'NONE', *, *, #1906, .T. ) ;
#785 = FACE_OUTER_BOUND ( 'NONE', #638, .T. ) ;
#786 = VERTEX_POINT ( 'NONE', #2089 ) ;
#787 = EDGE_CURVE ( 'NONE', #1189, #706, #1161, .T. ) ;
#788 = DIRECTION ( 'NONE',  ( 0.000000000000000000, 0.000000000000000000, 1.000000000000000000 ) ) ;
#789 = ORIENTED_EDGE ( 'NONE', *, *, #1031, .T. ) ;
#790 = DIRECTION ( 'NONE',  ( -0.000000000000000000, 1.000000000000000000, -0.000000000000000000 ) ) ;
#791 = DIRECTION ( 'NONE',  ( -6.010789962675446909E-17, -1.000000000000000000, -0.000000000000000000 ) ) ;
#792 = CARTESIAN_POINT ( 'NONE',  ( -26.99707960683463526, 4.336808689942017736E-15, -32.17386661099705947 ) ) ;
#793 = CYLINDRICAL_SURFACE ( 'NONE', #1625, 110.0000000000000000 ) ;
#794 = EDGE_CURVE ( 'NONE', #236, #842, #148, .T. ) ;
#795 = ORIENTED_EDGE ( 'NONE', *, *, #1666, .T. ) ;
#796 = CARTESIAN_POINT ( 'NONE',  ( -103.0000000000000000, 1.499999999999990896, 0.000000000000000000 ) ) ;
#797 = AXIS2_PLACEMENT_3D ( 'NONE', #749, #2157, #436 ) ;
#798 = EDGE_CURVE ( 'NONE', #622, #1220, #2184, .T. ) ;
#799 = AXIS2_PLACEMENT_3D ( 'NONE', #1971, #927, #160 ) ;
#800 = DIRECTION ( 'NONE',  ( 5.945585219724088271E-17, 1.000000000000000000, -0.000000000000000000 ) ) ;
#801 = AXIS2_PLACEMENT_3D ( 'NONE', #2048, #470, #1001 ) ;
#802 = ORIENTED_EDGE ( 'NONE', *, *, #1936, .T. ) ;
#803 = CYLINDRICAL_SURFACE ( 'NONE', #1807, 1.599999999999297318 ) ;
#804 = CIRCLE ( 'NONE', #2017, 5.000000000000004441 ) ;
#805 = PLANE ( 'NONE',  #481 ) ;
#806 = FACE_OUTER_BOUND ( 'NONE', #1817, .T. ) ;
#807 = ORIENTED_EDGE ( 'NONE', *, *, #1492, .F. ) ;
#808 = EDGE_CURVE ( 'NONE', #1686, #1486, #116, .T. ) ;
#809 = DIRECTION ( 'NONE',  ( 1.000000000000000000, -6.010789962675446909E-17, 0.000000000000000000 ) ) ;
#810 = DIRECTION ( 'NONE',  ( 0.6427876096865310362, -8.376331030233982885E-17, -0.7660444431189850079 ) ) ;
#811 = ORIENTED_EDGE ( 'NONE', *, *, #757, .T. ) ;
#812 = LINE ( 'NONE', #1854, #742 ) ;
#813 = VERTEX_POINT ( 'NONE', #1727 ) ;
#814 = CARTESIAN_POINT ( 'NONE',  ( 8.097857035398051027E-17, 30.50000000000000355, 0.000000000000000000 ) ) ;
#815 = AXIS2_PLACEMENT_3D ( 'NONE', #2074, #501, #1036 ) ;
#816 = ORIENTED_EDGE ( 'NONE', *, *, #36, .F. ) ;
#817 = AXIS2_PLACEMENT_3D ( 'NONE', #1886, #99, #315 ) ;
#818 = CARTESIAN_POINT ( 'NONE',  ( 1.292319841975220235E-15, 21.49999999999998579, 0.000000000000000000 ) ) ;
#819 = ORIENTED_EDGE ( 'NONE', *, *, #1586, .F. ) ;
#820 = CARTESIAN_POINT ( 'NONE',  ( -32.17386661099706657, 5.999999999999984901, -26.99707960683462815 ) ) ;
#821 = EDGE_LOOP ( 'NONE', ( #641, #159, #1545, #2129 ) ) ;
#822 = DIRECTION ( 'NONE',  ( 5.945585219724088271E-17, 1.000000000000000000, -0.000000000000000000 ) ) ;
#823 = DIRECTION ( 'NONE',  ( 5.945585219724088271E-17, 1.000000000000000000, -0.000000000000000000 ) ) ;
#824 = FACE_OUTER_BOUND ( 'NONE', #568, .T. ) ;
#825 = ADVANCED_FACE ( 'NONE', ( #2229 ), #1511, .F. ) ;
#826 = CARTESIAN_POINT ( 'NONE',  ( 70.70663706551839311, -2.309175194107183421E-14, -84.26488874308833488 ) ) ;
#827 = CARTESIAN_POINT ( 'NONE',  ( -32.17386661099696710, 4.644598972918090329E-15, 26.99707960683474539 ) ) ;
#828 = ORIENTED_EDGE ( 'NONE', *, *, #1557, .F. ) ;
#829 = DIRECTION ( 'NONE',  ( 0.7933533402912297250, -4.716949894054270360E-17, -0.6087614290087277613 ) ) ;
#830 = LINE ( 'NONE', #499, #952 ) ;
#831 = ORIENTED_EDGE ( 'NONE', *, *, #2023, .F. ) ;
#832 = CARTESIAN_POINT ( 'NONE',  ( -70.70663706551898997, 5.999999999999984013, 84.26488874308785171 ) ) ;
#833 = AXIS2_PLACEMENT_3D ( 'NONE', #1271, #597, #1816 ) ;
#834 = ORIENTED_EDGE ( 'NONE', *, *, #1114, .F. ) ;
#835 = DIRECTION ( 'NONE',  ( -0.7660444431189804559, 8.376331030234043282E-17, -0.6427876096865363653 ) ) ;
#836 = EDGE_LOOP ( 'NONE', ( #1707, #170 ) ) ;
#837 = DIRECTION ( 'NONE',  ( -5.945585219724088271E-17, -1.000000000000000000, -0.000000000000000000 ) ) ;
#838 = LINE ( 'NONE', #1554, #916 ) ;
#839 = AXIS2_PLACEMENT_3D ( 'NONE', #1765, #1580, #1253 ) ;
#840 = EDGE_CURVE ( 'NONE', #1440, #254, #1875, .T. ) ;
#841 = VERTEX_POINT ( 'NONE', #826 ) ;
#842 = VERTEX_POINT ( 'NONE', #1553 ) ;
#843 = FACE_BOUND ( 'NONE', #276, .T. ) ;
#844 = DIRECTION ( 'NONE',  ( 1.000000000000000000, 0.000000000000000000, 0.000000000000000000 ) ) ;
#845 = DIRECTION ( 'NONE',  ( 1.000000000000000000, 0.000000000000000000, 0.000000000000000000 ) ) ;
#846 = AXIS2_PLACEMENT_3D ( 'NONE', #887, #541, #875 ) ;
#847 = ORIENTED_EDGE ( 'NONE', *, *, #421, .F. ) ;
#848 = CARTESIAN_POINT ( 'NONE',  ( 3.567351131834444334E-16, 1.499999999999984901, -103.0000000000000000 ) ) ;
#849 = DIRECTION ( 'NONE',  ( 5.945585219724088271E-17, 1.000000000000000000, -0.000000000000000000 ) ) ;
#850 = DIRECTION ( 'NONE',  ( 0.000000000000000000, 0.000000000000000000, 1.000000000000000000 ) ) ;
#851 = APPLICATION_CONTEXT ( 'automotive_design' ) ;
#852 = VECTOR ( 'NONE', #553, 1000.000000000000000 ) ;
#853 = DIRECTION ( 'NONE',  ( 5.945585219724088271E-17, 1.000000000000000000, 0.000000000000000000 ) ) ;
#854 = EDGE_CURVE ( 'NONE', #294, #365, #1715, .T. ) ;
#855 = ORIENTED_EDGE ( 'NONE', *, *, #1100, .T. ) ;
#856 = ORIENTED_EDGE ( 'NONE', *, *, #1708, .F. ) ;
#857 = FACE_BOUND ( 'NONE', #1717, .T. ) ;
#858 = DIRECTION ( 'NONE',  ( -1.000000000000000000, 5.945585219724075945E-17, 0.000000000000000000 ) ) ;
#859 = PRESENTATION_LAYER_ASSIGNMENT (  '', '', ( #2073 ) ) ;
#860 = EDGE_CURVE ( 'NONE', #976, #1607, #596, .T. ) ;
#861 = CYLINDRICAL_SURFACE ( 'NONE', #381, 1.599999999999160316 ) ;
#862 = ORIENTED_EDGE ( 'NONE', *, *, #1954, .F. ) ;
#863 = CYLINDRICAL_SURFACE ( 'NONE', #1903, 2.250000000000001776 ) ;
#864 = CARTESIAN_POINT ( 'NONE',  ( 6.322806429915983689E-16, -9.540979117872439019E-15, 100.7499999999999858 ) ) ;
#865 = DIRECTION ( 'NONE',  ( 0.000000000000000000, 0.000000000000000000, 1.000000000000000000 ) ) ;
#866 = LINE ( 'NONE', #1219, #1766 ) ;
#867 = ORIENTED_EDGE ( 'NONE', *, *, #68, .T. ) ;
#868 = EDGE_CURVE ( 'NONE', #90, #1643, #2126, .T. ) ;
#869 = ORIENTED_EDGE ( 'NONE', *, *, #1507, .T. ) ;
#870 = PLANE ( 'NONE',  #1412 ) ;
#871 = DIRECTION ( 'NONE',  ( 0.000000000000000000, 0.000000000000000000, 1.000000000000000000 ) ) ;
#872 = ADVANCED_FACE ( 'NONE', ( #1793 ), #374, .F. ) ;
#873 = CARTESIAN_POINT ( 'NONE',  ( -34.70057014808342188, 19.49999999999998579, -4.568416727701426261 ) ) ;
#874 = ORIENTED_EDGE ( 'NONE', *, *, #1009, .T. ) ;
#875 = DIRECTION ( 'NONE',  ( -1.000000000000000000, 6.308085367188389994E-17, 0.000000000000000000 ) ) ;
#876 = CIRCLE ( 'NONE', #175, 1.599999999999096145 ) ;
#877 = CYLINDRICAL_SURFACE ( 'NONE', #1751, 1.599999999999160316 ) ;
#878 = DIRECTION ( 'NONE',  ( -5.945585219724088271E-17, -1.000000000000000000, -0.000000000000000000 ) ) ;
#879 = VECTOR ( 'NONE', #1347, 1000.000000000000000 ) ;
#880 = ORIENTED_EDGE ( 'NONE', *, *, #808, .T. ) ;
#881 = VERTEX_POINT ( 'NONE', #1073 ) ;
#882 = CARTESIAN_POINT ( 'NONE',  ( 70.70663706551839311, -2.309175194107183421E-14, -84.26488874308833488 ) ) ;
#883 = EDGE_CURVE ( 'NONE', #19, #1639, #162, .T. ) ;
#884 = DIRECTION ( 'NONE',  ( -0.7660444431189783465, 3.589533635755004484E-16, -0.6427876096865390299 ) ) ;
#885 = EDGE_CURVE ( 'NONE', #1873, #294, #1638, .T. ) ;
#886 = EDGE_LOOP ( 'NONE', ( #132, #546, #1770, #1814 ) ) ;
#887 = CARTESIAN_POINT ( 'NONE',  ( 8.097857035398051027E-17, 30.50000000000000355, 0.000000000000000000 ) ) ;
#888 = FACE_OUTER_BOUND ( 'NONE', #259, .T. ) ;
#889 = VECTOR ( 'NONE', #566, 1000.000000000000000 ) ;
#890 = EDGE_LOOP ( 'NONE', ( #84, #1695, #1241, #1070, #2160, #1519, #1959, #405, #363, #75, #781, #695 ) ) ;
#891 = CARTESIAN_POINT ( 'NONE',  ( 35.00000000000000000, 19.49999999999998224, 0.000000000000000000 ) ) ;
#892 = CIRCLE ( 'NONE', #1260, 28.99999999999999645 ) ;
#893 = VECTOR ( 'NONE', #1870, 1000.000000000000000 ) ;
#894 = LINE ( 'NONE', #1058, #1231 ) ;
#895 = EDGE_LOOP ( 'NONE', ( #1498, #660 ) ) ;
#896 = ADVANCED_FACE ( 'NONE', ( #1599 ), #877, .F. ) ;
#897 = LINE ( 'NONE', #1239, #186 ) ;
#898 = CARTESIAN_POINT ( 'NONE',  ( -7.995791255421901056, 43.49999999999998579, 0.2594652185337183448 ) ) ;
#899 = CARTESIAN_POINT ( 'NONE',  ( -11.00000000000327738, 19.49999999999998579, 1.347111479062490132E-15 ) ) ;
#900 = EDGE_CURVE ( 'NONE', #594, #1125, #1155, .T. ) ;
#901 = ORIENTED_EDGE ( 'NONE', *, *, #281, .T. ) ;
#902 = EDGE_LOOP ( 'NONE', ( #1196, #996, #2206, #694 ) ) ;
#903 = CARTESIAN_POINT ( 'NONE',  ( 7.995791255432227906, 24.49999999999998579, -0.2594652185619735207 ) ) ;
#904 = DIRECTION ( 'NONE',  ( 0.000000000000000000, 0.000000000000000000, -1.000000000000000000 ) ) ;
#905 = LINE ( 'NONE', #939, #1152 ) ;
#906 = ORIENTED_EDGE ( 'NONE', *, *, #984, .F. ) ;
#907 = EDGE_CURVE ( 'NONE', #576, #786, #1520, .T. ) ;
#908 = DIRECTION ( 'NONE',  ( -6.010789962675446909E-17, -1.000000000000000000, -0.000000000000000000 ) ) ;
#909 = DIRECTION ( 'NONE',  ( 0.000000000000000000, 0.000000000000000000, 1.000000000000000000 ) ) ;
#910 = CYLINDRICAL_SURFACE ( 'NONE', #1246, 35.00000000000000000 ) ;
#911 = EDGE_LOOP ( 'NONE', ( #1353, #901, #1171, #2239 ) ) ;
#912 = AXIS2_PLACEMENT_3D ( 'NONE', #1291, #1146, #425 ) ;
#913 = LINE ( 'NONE', #891, #233 ) ;
#914 = CIRCLE ( 'NONE', #2014, 2.250000000000001776 ) ;
#915 = LINE ( 'NONE', #1383, #2165 ) ;
#916 = VECTOR ( 'NONE', #301, 1000.000000000000000 ) ;
#917 = LINE ( 'NONE', #1998, #668 ) ;
#918 = ORIENTED_EDGE ( 'NONE', *, *, #615, .F. ) ;
#919 = DIRECTION ( 'NONE',  ( -5.945585219724026641E-17, -1.000000000000000000, 5.945585219724088271E-17 ) ) ;
#920 = DIRECTION ( 'NONE',  ( 1.000000000000000000, 0.000000000000000000, 0.000000000000000000 ) ) ;
#921 = ORIENTED_EDGE ( 'NONE', *, *, #1071, .T. ) ;
#922 = VECTOR ( 'NONE', #1169, 1000.000000000000000 ) ;
#923 = CARTESIAN_POINT ( 'NONE',  ( -1.375689808478422515E-15, 5.999999999999981348, 0.000000000000000000 ) ) ;
#924 = PRODUCT_CONTEXT ( 'NONE', #851, 'mechanical' ) ;
#925 = ORIENTED_EDGE ( 'NONE', *, *, #757, .F. ) ;
#926 = CIRCLE ( 'NONE', #591, 41.99999999999995026 ) ;
#927 = DIRECTION ( 'NONE',  ( 5.945585219724088271E-17, 1.000000000000000000, -0.000000000000000000 ) ) ;
#928 = VECTOR ( 'NONE', #1696, 1000.000000000000114 ) ;
#929 = ADVANCED_FACE ( 'NONE', ( #2275 ), #1398, .F. ) ;
#930 = DIRECTION ( 'NONE',  ( 0.000000000000000000, -1.000000000000000000, 0.000000000000000000 ) ) ;
#931 = VERTEX_POINT ( 'NONE', #2137 ) ;
#932 = CARTESIAN_POINT ( 'NONE',  ( 28.75190097984048521, 5.999999999999986677, -3.785259574381603986 ) ) ;
#933 = CARTESIAN_POINT ( 'NONE',  ( 1.472643540855483913E-15, 24.49999999999998579, 0.000000000000000000 ) ) ;
#934 = ORIENTED_EDGE ( 'NONE', *, *, #1809, .T. ) ;
#935 = DIRECTION ( 'NONE',  ( 5.945585219724088271E-17, 1.000000000000000000, -0.000000000000000000 ) ) ;
#936 = ORIENTED_EDGE ( 'NONE', *, *, #967, .T. ) ;
#937 = EDGE_CURVE ( 'NONE', #1924, #1018, #1004, .T. ) ;
#938 = DIRECTION ( 'NONE',  ( -1.000000000000000000, 0.000000000000000000, -0.000000000000000000 ) ) ;
#939 = CARTESIAN_POINT ( 'NONE',  ( 1.500000000000057954, 43.49999999999998579, -2.000000000000055511 ) ) ;
#940 = ORIENTED_EDGE ( 'NONE', *, *, #1539, .F. ) ;
#941 = CARTESIAN_POINT ( 'NONE',  ( 1.340534781456613755, 21.49999999999998579, -7.995791255441193179 ) ) ;
#942 = ORIENTED_EDGE ( 'NONE', *, *, #676, .F. ) ;
#943 = FACE_OUTER_BOUND ( 'NONE', #1645, .T. ) ;
#944 = ORIENTED_EDGE ( 'NONE', *, *, #602, .T. ) ;
#945 = PLANE ( 'NONE',  #2057 ) ;
#946 = ORIENTED_EDGE ( 'NONE', *, *, #1390, .F. ) ;
#947 = VECTOR ( 'NONE', #2012, 1000.000000000000000 ) ;
#948 = DIRECTION ( 'NONE',  ( 5.945585219724088271E-17, 1.000000000000000000, -0.000000000000000000 ) ) ;
#949 = EDGE_CURVE ( 'NONE', #27, #1295, #451, .T. ) ;
#950 = VECTOR ( 'NONE', #1213, 1000.000000000000000 ) ;
#951 = CARTESIAN_POINT ( 'NONE',  ( 8.097857035398051027E-17, 30.50000000000000355, 0.000000000000000000 ) ) ;
#952 = VECTOR ( 'NONE', #2247, 1000.000000000000000 ) ;
#953 = ORIENTED_EDGE ( 'NONE', *, *, #2080, .F. ) ;
#954 = AXIS2_PLACEMENT_3D ( 'NONE', #1850, #44, #1135 ) ;
#955 = LINE ( 'NONE', #204, #559 ) ;
#956 = ORIENTED_EDGE ( 'NONE', *, *, #740, .T. ) ;
#957 = CARTESIAN_POINT ( 'NONE',  ( -32.17386661099696710, 5.999999999999984901, 26.99707960683474539 ) ) ;
#958 = ORIENTED_EDGE ( 'NONE', *, *, #1694, .F. ) ;
#959 = EDGE_CURVE ( 'NONE', #1486, #1295, #8, .T. ) ;
#960 = DIRECTION ( 'NONE',  ( 0.000000000000000000, 0.000000000000000000, 1.000000000000000000 ) ) ;
#961 = ORIENTED_EDGE ( 'NONE', *, *, #1415, .T. ) ;
#962 = VECTOR ( 'NONE', #2216, 1000.000000000000114 ) ;
#963 = CARTESIAN_POINT ( 'NONE',  ( -13.39392013277805304, 19.49999999999998579, 32.33578363789507648 ) ) ;
#964 = CIRCLE ( 'NONE', #2030, 5.000000000000004441 ) ;
#965 = ORIENTED_EDGE ( 'NONE', *, *, #477, .T. ) ;
#966 = CARTESIAN_POINT ( 'NONE',  ( -103.0000000000000000, 1.499999999999990896, 2.250000000000001776 ) ) ;
#967 = EDGE_CURVE ( 'NONE', #1686, #1285, #489, .T. ) ;
#968 = ORIENTED_EDGE ( 'NONE', *, *, #1145, .F. ) ;
#969 = AXIS2_PLACEMENT_3D ( 'NONE', #2082, #1206, #1757 ) ;
#970 = CARTESIAN_POINT ( 'NONE',  ( 0.2594652185530086919, 24.49999999999998579, 7.995791255412937559 ) ) ;
#971 = ORIENTED_EDGE ( 'NONE', *, *, #1031, .F. ) ;
#972 = DIRECTION ( 'NONE',  ( 0.7660444431189783465, -9.109165037319933695E-17, 0.6427876096865390299 ) ) ;
#973 = EDGE_CURVE ( 'NONE', #1285, #2026, #2246, .T. ) ;
#974 = ORIENTED_EDGE ( 'NONE', *, *, #1586, .T. ) ;
#975 = LINE ( 'NONE', #1164, #399 ) ;
#976 = VERTEX_POINT ( 'NONE', #291 ) ;
#977 = CYLINDRICAL_SURFACE ( 'NONE', #744, 2.250000000000001776 ) ;
#978 = EDGE_LOOP ( 'NONE', ( #1780, #2075, #455, #2168 ) ) ;
#979 = FACE_OUTER_BOUND ( 'NONE', #1259, .T. ) ;
#980 = ADVANCED_FACE ( 'NONE', ( #1342, #843, #464, #1048, #649, #994 ), #1558, .F. ) ;
#981 = DIRECTION ( 'NONE',  ( -1.000000000000000000, 5.945585219724083341E-17, 0.000000000000000000 ) ) ;
#982 = DIRECTION ( 'NONE',  ( -0.000000000000000000, 1.000000000000000000, -0.000000000000000000 ) ) ;
#983 = VERTEX_POINT ( 'NONE', #1173 ) ;
#984 = EDGE_CURVE ( 'NONE', #1607, #1051, #636, .T. ) ;
#985 = CARTESIAN_POINT ( 'NONE',  ( 103.0000000000000000, 1.499999999999978684, 0.000000000000000000 ) ) ;
#986 = AXIS2_PLACEMENT_3D ( 'NONE', #1698, #1855, #1874 ) ;
#987 = ORIENTED_EDGE ( 'NONE', *, *, #2282, .T. ) ;
#988 = CIRCLE ( 'NONE', #581, 41.99999999999995026 ) ;
#989 = MANIFOLD_SOLID_BREP ( 'Foro lamato per Vite M4 a testa sottile cilindrica1', #1950 ) ;
#990 = CARTESIAN_POINT ( 'NONE',  ( 1.292319841975220038E-15, 21.49999999999998579, 0.000000000000000000 ) ) ;
#991 = EDGE_LOOP ( 'NONE', ( #1541, #855, #1358, #2079 ) ) ;
#992 = CARTESIAN_POINT ( 'NONE',  ( -3.706211583062782875E-15, 4.052565796499076512E-31, -3.109880772412921015E-15 ) ) ;
#993 = CARTESIAN_POINT ( 'NONE',  ( 3.567351131834444334E-16, -9.540979117872439019E-15, 105.2500000000000000 ) ) ;
#994 = FACE_OUTER_BOUND ( 'NONE', #1092, .T. ) ;
#995 = DIRECTION ( 'NONE',  ( 1.000000000000000000, 0.000000000000000000, 0.000000000000000000 ) ) ;
#996 = ORIENTED_EDGE ( 'NONE', *, *, #900, .F. ) ;
#997 = VECTOR ( 'NONE', #1257, 1000.000000000000114 ) ;
#998 = ADVANCED_FACE ( 'NONE', ( #1542 ), #154, .T. ) ;
#999 = CARTESIAN_POINT ( 'NONE',  ( -84.26488874308732591, -1.307167040001997908E-14, 70.70663706551960104 ) ) ;
#1000 = ORIENTED_EDGE ( 'NONE', *, *, #1690, .T. ) ;
#1001 = DIRECTION ( 'NONE',  ( -1.000000000000000000, 5.981805089575197430E-17, 0.000000000000000000 ) ) ;
#1002 = AXIS2_PLACEMENT_3D ( 'NONE', #951, #2153, #1832 ) ;
#1003 = DIRECTION ( 'NONE',  ( 0.6427876096865390299, 0.000000000000000000, -0.7660444431189783465 ) ) ;
#1004 = CIRCLE ( 'NONE', #1443, 5.000000000000004441 ) ;
#1005 = CYLINDRICAL_SURFACE ( 'NONE', #438, 35.00000000000000000 ) ;
#1006 = EDGE_LOOP ( 'NONE', ( #940, #60 ) ) ;
#1007 = DIRECTION ( 'NONE',  ( 0.6427876096865392519, -7.643497023148128218E-17, 0.7660444431189781245 ) ) ;
#1008 = DIRECTION ( 'NONE',  ( -0.000000000000000000, 1.000000000000000000, -0.000000000000000000 ) ) ;
#1009 = EDGE_CURVE ( 'NONE', #1335, #842, #1889, .T. ) ;
#1010 = ORIENTED_EDGE ( 'NONE', *, *, #2212, .F. ) ;
#1011 = DIRECTION ( 'NONE',  ( -6.010789962675446909E-17, -1.000000000000000000, 0.000000000000000000 ) ) ;
#1012 = UNCERTAINTY_MEASURE_WITH_UNIT (LENGTH_MEASURE( 1.000000000000000082E-05 ), #1099, 'distance_accuracy_value', 'NONE');
#1013 = EDGE_CURVE ( 'NONE', #2141, #458, #1673, .T. ) ;
#1014 = ORIENTED_EDGE ( 'NONE', *, *, #552, .F. ) ;
#1015 = CARTESIAN_POINT ( 'NONE',  ( 35.00000000000000711, 24.49999999999998224, -4.276423536147513034E-47 ) ) ;
#1016 = ORIENTED_EDGE ( 'NONE', *, *, #2003, .T. ) ;
#1017 = FACE_OUTER_BOUND ( 'NONE', #2267, .T. ) ;
#1018 = VERTEX_POINT ( 'NONE', #1388 ) ;
#1019 = ORIENTED_EDGE ( 'NONE', *, *, #1858, .T. ) ;
#1020 = FACE_BOUND ( 'NONE', #2068, .T. ) ;
#1021 = LINE ( 'NONE', #1733, #1029 ) ;
#1022 = ADVANCED_FACE ( 'NONE', ( #1020, #1732, #332, #857, #1034, #1571 ), #2093, .T. ) ;
#1023 = VECTOR ( 'NONE', #1992, 1000.000000000000000 ) ;
#1024 = DIRECTION ( 'NONE',  ( 1.000000000000000000, 0.000000000000000000, 0.000000000000000000 ) ) ;
#1025 = CIRCLE ( 'NONE', #505, 5.000000000000004441 ) ;
#1026 = CARTESIAN_POINT ( 'NONE',  ( -26.99707960683451802, 4.029018406965930944E-15, 32.17386661099716605 ) ) ;
#1027 = CIRCLE ( 'NONE', #1393, 5.000000000000004441 ) ;
#1028 = CARTESIAN_POINT ( 'NONE',  ( -103.0000000000000000, 5.999999999999991118, 0.000000000000000000 ) ) ;
#1029 = VECTOR ( 'NONE', #115, 1000.000000000000000 ) ;
#1030 = CYLINDRICAL_SURFACE ( 'NONE', #2208, 2.500000000000044853 ) ;
#1031 = EDGE_CURVE ( 'NONE', #265, #228, #1515, .T. ) ;
#1032 = ORIENTED_EDGE ( 'NONE', *, *, #1666, .F. ) ;
#1033 = ORIENTED_EDGE ( 'NONE', *, *, #984, .T. ) ;
#1034 = FACE_BOUND ( 'NONE', #1064, .T. ) ;
#1035 = DIRECTION ( 'NONE',  ( -5.945585219724088271E-17, -1.000000000000000000, -0.000000000000000000 ) ) ;
#1036 = DIRECTION ( 'NONE',  ( -1.000000000000000000, 9.912705577010324317E-17, 0.000000000000000000 ) ) ;
#1037 = AXIS2_PLACEMENT_3D ( 'NONE', #147, #1752, #193 ) ;
#1038 = VERTEX_POINT ( 'NONE', #1592 ) ;
#1039 = CARTESIAN_POINT ( 'NONE',  ( 3.567351131834444334E-16, 1.499999999999984901, 103.0000000000000000 ) ) ;
#1040 = CIRCLE ( 'NONE', #2146, 2.250000000000001776 ) ;
#1041 = DIRECTION ( 'NONE',  ( -0.6427876096865311473, 3.516250235046409033E-16, 0.7660444431189850079 ) ) ;
#1042 = DIRECTION ( 'NONE',  ( -1.000000000000000000, 5.945585219724088271E-17, 0.000000000000000000 ) ) ;
#1043 = VECTOR ( 'NONE', #1642, 1000.000000000000000 ) ;
#1044 = DIRECTION ( 'NONE',  ( -0.000000000000000000, 1.000000000000000000, -0.000000000000000000 ) ) ;
#1045 = ORIENTED_EDGE ( 'NONE', *, *, #615, .T. ) ;
#1046 = VERTEX_POINT ( 'NONE', #199 ) ;
#1047 = EDGE_CURVE ( 'NONE', #419, #443, #2150, .T. ) ;
#1048 = FACE_BOUND ( 'NONE', #354, .T. ) ;
#1049 = CARTESIAN_POINT ( 'NONE',  ( 1.500000000000056621, 21.49999999999998579, -2.000000000000055511 ) ) ;
#1050 = CARTESIAN_POINT ( 'NONE',  ( 34.70057014808334372, 5.999999999999984013, -4.568416727701944957 ) ) ;
#1051 = VERTEX_POINT ( 'NONE', #537 ) ;
#1052 = DIRECTION ( 'NONE',  ( -1.000000000000000000, 5.945585219724093201E-17, 0.000000000000000000 ) ) ;
#1053 = DIRECTION ( 'NONE',  ( -0.6087614290087168811, 3.707039571409933129E-17, 0.7933533402912380517 ) ) ;
#1054 = FACE_BOUND ( 'NONE', #1086, .T. ) ;
#1055 = EDGE_CURVE ( 'NONE', #1853, #236, #2033, .T. ) ;
#1056 = VERTEX_POINT ( 'NONE', #729 ) ;
#1057 = DIRECTION ( 'NONE',  ( 0.9914448613738098270, 0.000000000000000000, -0.1305261922200568470 ) ) ;
#1058 = CARTESIAN_POINT ( 'NONE',  ( 103.0000000000000000, 5.999999999999979572, 5.000000000000004441 ) ) ;
#1059 = ORIENTED_EDGE ( 'NONE', *, *, #164, .T. ) ;
#1060 = DIRECTION ( 'NONE',  ( -0.9914448613738096050, 6.037382066022979857E-17, 0.1305261922200568747 ) ) ;
#1061 = VECTOR ( 'NONE', #1977, 1000.000000000000000 ) ;
#1062 = DIRECTION ( 'NONE',  ( 0.000000000000000000, 0.000000000000000000, 1.000000000000000000 ) ) ;
#1063 = VECTOR ( 'NONE', #442, 1000.000000000000000 ) ;
#1064 = EDGE_LOOP ( 'NONE', ( #46, #1740 ) ) ;
#1065 = AXIS2_PLACEMENT_3D ( 'NONE', #2041, #853, #1716 ) ;
#1066 = ORIENTED_EDGE ( 'NONE', *, *, #794, .T. ) ;
#1067 = FACE_OUTER_BOUND ( 'NONE', #95, .T. ) ;
#1068 = DIRECTION ( 'NONE',  ( -6.010789962675446909E-17, -1.000000000000000000, 0.000000000000000000 ) ) ;
#1069 = CARTESIAN_POINT ( 'NONE',  ( -0.2594652185426820634, 43.49999999999998579, -7.995791255441193179 ) ) ;
#1070 = ORIENTED_EDGE ( 'NONE', *, *, #840, .F. ) ;
#1071 = EDGE_CURVE ( 'NONE', #1699, #841, #1236, .T. ) ;
#1072 = DIRECTION ( 'NONE',  ( 6.010789962675446909E-17, 1.000000000000000000, 0.000000000000000000 ) ) ;
#1073 = CARTESIAN_POINT ( 'NONE',  ( 11.00000000000328093, 19.49999999999998579, 0.000000000000000000 ) ) ;
#1074 = DIRECTION ( 'NONE',  ( -1.000000000000000000, 6.010789962675446909E-17, 0.000000000000000000 ) ) ;
#1075 = AXIS2_PLACEMENT_3D ( 'NONE', #1131, #1460, #2176 ) ;
#1076 = ORIENTED_EDGE ( 'NONE', *, *, #937, .F. ) ;
#1077 = LINE ( 'NONE', #696, #734 ) ;
#1078 = CYLINDRICAL_SURFACE ( 'NONE', #2054, 2.250000000000001776 ) ;
#1079 = EDGE_CURVE ( 'NONE', #1165, #1653, #1798, .T. ) ;
#1080 = FACE_OUTER_BOUND ( 'NONE', #39, .T. ) ;
#1081 = ORIENTED_EDGE ( 'NONE', *, *, #1551, .F. ) ;
#1082 = DIRECTION ( 'NONE',  ( 0.000000000000000000, 0.000000000000000000, 1.000000000000000000 ) ) ;
#1083 = EDGE_CURVE ( 'NONE', #1459, #1335, #2142, .T. ) ;
#1084 = DIRECTION ( 'NONE',  ( -0.000000000000000000, 1.000000000000000000, -0.000000000000000000 ) ) ;
#1085 = LINE ( 'NONE', #1794, #1902 ) ;
#1086 = EDGE_LOOP ( 'NONE', ( #755, #472 ) ) ;
#1087 = ORIENTED_EDGE ( 'NONE', *, *, #1936, .F. ) ;
#1088 = DIRECTION ( 'NONE',  ( 0.000000000000000000, -0.000000000000000000, -1.000000000000000000 ) ) ;
#1089 = APPLICATION_PROTOCOL_DEFINITION ( 'draft international standard', 'automotive_design', 1998, #851 ) ;
#1090 = DIRECTION ( 'NONE',  ( -0.000000000000000000, 1.000000000000000000, -0.000000000000000000 ) ) ;
#1091 = CARTESIAN_POINT ( 'NONE',  ( 1.292319841975220235E-15, 21.49999999999998579, 0.000000000000000000 ) ) ;
#1092 = EDGE_LOOP ( 'NONE', ( #1691, #606, #1221, #1087, #1194, #73, #1226, #906, #2237, #586, #482, #608, #2285, #936, #2211, #1501, #1112 ) ) ;
#1093 = CARTESIAN_POINT ( 'NONE',  ( -3.186194523101241881E-14, 19.49999999999998579, -2.534478581209463136E-14 ) ) ;
#1094 = FACE_OUTER_BOUND ( 'NONE', #1898, .T. ) ;
#1095 = AXIS2_PLACEMENT_3D ( 'NONE', #642, #494, #1359 ) ;
#1096 = EDGE_LOOP ( 'NONE', ( #774, #589, #152, #1101 ) ) ;
#1097 = AXIS2_PLACEMENT_3D ( 'NONE', #246, #948, #776 ) ;
#1098 = LINE ( 'NONE', #187, #1445 ) ;
#1099 =( LENGTH_UNIT ( ) NAMED_UNIT ( * ) SI_UNIT ( .MILLI., .METRE. ) );
#1100 = EDGE_CURVE ( 'NONE', #486, #1670, #1098, .T. ) ;
#1101 = ORIENTED_EDGE ( 'NONE', *, *, #262, .F. ) ;
#1102 = CARTESIAN_POINT ( 'NONE',  ( -84.26488874308759591, -1.387778780781445676E-14, -70.70663706551928840 ) ) ;
#1103 = AXIS2_PLACEMENT_3D ( 'NONE', #80, #258, #610 ) ;
#1104 = FACE_OUTER_BOUND ( 'NONE', #747, .T. ) ;
#1105 = ORIENTED_EDGE ( 'NONE', *, *, #357, .F. ) ;
#1106 = CARTESIAN_POINT ( 'NONE',  ( -7.995791255421902832, 21.49999999999998579, 0.2594652185337183448 ) ) ;
#1107 = PLANE ( 'NONE',  #1655 ) ;
#1108 = ADVANCED_FACE ( 'NONE', ( #1787 ), #396, .T. ) ;
#1109 = ORIENTED_EDGE ( 'NONE', *, *, #657, .F. ) ;
#1110 = CIRCLE ( 'NONE', #409, 110.0000000000000000 ) ;
#1111 = LINE ( 'NONE', #406, #551 ) ;
#1112 = ORIENTED_EDGE ( 'NONE', *, *, #253, .F. ) ;
#1113 = AXIS2_PLACEMENT_3D ( 'NONE', #1301, #1290, #1311 ) ;
#1114 = EDGE_CURVE ( 'NONE', #2218, #1764, #2122, .T. ) ;
#1115 = DIRECTION ( 'NONE',  ( 0.3826834323650871728, 0.000000000000000000, -0.9238795325112877377 ) ) ;
#1116 = VECTOR ( 'NONE', #371, 1000.000000000000000 ) ;
#1117 = CARTESIAN_POINT ( 'NONE',  ( 17.65408144125275669, 5.999999999999986677, -23.00724686844592526 ) ) ;
#1118 = ORIENTED_EDGE ( 'NONE', *, *, #1869, .F. ) ;
#1119 = AXIS2_PLACEMENT_3D ( 'NONE', #741, #1242, #1088 ) ;
#1120 = CYLINDRICAL_SURFACE ( 'NONE', #2027, 5.000000000000004441 ) ;
#1121 = FACE_OUTER_BOUND ( 'NONE', #683, .T. ) ;
#1122 = ORIENTED_EDGE ( 'NONE', *, *, #1963, .F. ) ;
#1123 = EDGE_CURVE ( 'NONE', #1790, #786, #913, .T. ) ;
#1124 = DIRECTION ( 'NONE',  ( 0.9914448613738119365, -6.037382066022993416E-17, 0.1305261922200407487 ) ) ;
#1125 = VERTEX_POINT ( 'NONE', #1926 ) ;
#1126 = FACE_OUTER_BOUND ( 'NONE', #1300, .T. ) ;
#1127 = ADVANCED_FACE ( 'NONE', ( #33, #1402 ), #524, .F. ) ;
#1128 = CARTESIAN_POINT ( 'NONE',  ( -84.26488874308759591, 5.999999999999984901, -70.70663706551928840 ) ) ;
#1129 = ORIENTED_EDGE ( 'NONE', *, *, #1154, .T. ) ;
#1130 = ADVANCED_FACE ( 'NONE', ( #167 ), #1935, .T. ) ;
#1131 = CARTESIAN_POINT ( 'NONE',  ( 103.0000000000000000, 5.999999999999979572, 0.000000000000000000 ) ) ;
#1132 = ORIENTED_EDGE ( 'NONE', *, *, #450, .F. ) ;
#1133 = CARTESIAN_POINT ( 'NONE',  ( -28.75190097984054205, 5.999999999999989342, -3.785259574381182102 ) ) ;
#1134 = VERTEX_POINT ( 'NONE', #367 ) ;
#1135 = DIRECTION ( 'NONE',  ( -1.000000000000000000, 5.945585219724083341E-17, 0.000000000000000000 ) ) ;
#1136 = VERTEX_POINT ( 'NONE', #569 ) ;
#1137 = CIRCLE ( 'NONE', #285, 35.00000000000000711 ) ;
#1138 = CYLINDRICAL_SURFACE ( 'NONE', #1546, 1.599999999999096145 ) ;
#1139 = VECTOR ( 'NONE', #1308, 1000.000000000000000 ) ;
#1140 = ADVANCED_FACE ( 'NONE', ( #1067 ), #870, .T. ) ;
#1141 = VECTOR ( 'NONE', #1948, 1000.000000000000114 ) ;
#1142 = EDGE_LOOP ( 'NONE', ( #1540, #739, #1774, #257 ) ) ;
#1143 = AXIS2_PLACEMENT_3D ( 'NONE', #69, #773, #621 ) ;
#1144 = LINE ( 'NONE', #832, #1596 ) ;
#1145 = EDGE_CURVE ( 'NONE', #497, #1667, #1738, .T. ) ;
#1146 = DIRECTION ( 'NONE',  ( -1.189117043944817654E-16, -1.000000000000000000, 0.000000000000000000 ) ) ;
#1147 = ORIENTED_EDGE ( 'NONE', *, *, #767, .F. ) ;
#1148 = LINE ( 'NONE', #452, #1023 ) ;
#1149 = VERTEX_POINT ( 'NONE', #2280 ) ;
#1150 = CARTESIAN_POINT ( 'NONE',  ( -7.995791255421902832, 24.49999999999998579, 0.2594652185337183448 ) ) ;
#1151 = AXIS2_PLACEMENT_3D ( 'NONE', #990, #1011, #264 ) ;
#1152 = VECTOR ( 'NONE', #72, 1000.000000000000000 ) ;
#1153 = ORIENTED_EDGE ( 'NONE', *, *, #2156, .F. ) ;
#1154 = EDGE_CURVE ( 'NONE', #2225, #105, #2109, .T. ) ;
#1155 = CIRCLE ( 'NONE', #415, 5.000000000000004441 ) ;
#1156 = CARTESIAN_POINT ( 'NONE',  ( 103.0000000000000000, 5.999999999999979572, 0.000000000000000000 ) ) ;
#1157 = ORIENTED_EDGE ( 'NONE', *, *, #1461, .F. ) ;
#1158 = AXIS2_PLACEMENT_3D ( 'NONE', #2, #1775, #1411 ) ;
#1159 = FACE_OUTER_BOUND ( 'NONE', #1913, .T. ) ;
#1160 = CARTESIAN_POINT ( 'NONE',  ( 9.690585127571208152E-16, 5.999999999999985789, 97.99999999999998579 ) ) ;
#1161 = LINE ( 'NONE', #1181, #563 ) ;
#1162 = CYLINDRICAL_SURFACE ( 'NONE', #429, 5.000000000000004441 ) ;
#1163 = ORIENTED_EDGE ( 'NONE', *, *, #1507, .F. ) ;
#1164 = CARTESIAN_POINT ( 'NONE',  ( 21.30665001530506331, 19.49999999999998224, -27.76736691019335979 ) ) ;
#1165 = VERTEX_POINT ( 'NONE', #378 ) ;
#1166 = DIRECTION ( 'NONE',  ( 5.945585219724088271E-17, 1.000000000000000000, -0.000000000000000000 ) ) ;
#1167 = ORIENTED_EDGE ( 'NONE', *, *, #1380, .T. ) ;
#1168 = LINE ( 'NONE', #2076, #879 ) ;
#1169 = DIRECTION ( 'NONE',  ( -1.189117043944817654E-16, -1.000000000000000000, 0.000000000000000000 ) ) ;
#1170 = DIRECTION ( 'NONE',  ( -1.000000000000000000, 9.912705577010324317E-17, 0.000000000000000000 ) ) ;
#1171 = ORIENTED_EDGE ( 'NONE', *, *, #1277, .T. ) ;
#1172 = EDGE_CURVE ( 'NONE', #1136, #2066, #1077, .T. ) ;
#1173 = CARTESIAN_POINT ( 'NONE',  ( -70.70663706551931682, 5.999999999999984901, -84.26488874308756749 ) ) ;
#1174 = FACE_OUTER_BOUND ( 'NONE', #1186, .T. ) ;
#1175 = AXIS2_PLACEMENT_3D ( 'NONE', #1303, #1313, #920 ) ;
#1176 = AXIS2_PLACEMENT_3D ( 'NONE', #57, #1693, #810 ) ;
#1177 = DIRECTION ( 'NONE',  ( -5.945585219724109225E-17, -1.000000000000000000, -5.945585219724088271E-17 ) ) ;
#1178 = ORIENTED_EDGE ( 'NONE', *, *, #2114, .T. ) ;
#1179 = DIRECTION ( 'NONE',  ( -5.945585219724026641E-17, -1.000000000000000000, 5.945585219724088271E-17 ) ) ;
#1180 = ORIENTED_EDGE ( 'NONE', *, *, #87, .F. ) ;
#1181 = CARTESIAN_POINT ( 'NONE',  ( -84.26488874308759591, 5.999999999999984901, -70.70663706551928840 ) ) ;
#1182 = FACE_OUTER_BOUND ( 'NONE', #151, .T. ) ;
#1183 = EDGE_CURVE ( 'NONE', #1990, #881, #1148, .T. ) ;
#1184 = DIRECTION ( 'NONE',  ( 0.000000000000000000, -1.000000000000000000, -0.000000000000000000 ) ) ;
#1185 = ADVANCED_FACE ( 'NONE', ( #2004 ), #1328, .F. ) ;
#1186 = EDGE_LOOP ( 'NONE', ( #469, #54, #70, #1552 ) ) ;
#1187 = CIRCLE ( 'NONE', #188, 28.99999999999999645 ) ;
#1188 = CARTESIAN_POINT ( 'NONE',  ( -1.375689808478422121E-15, 5.999999999999987566, 0.000000000000000000 ) ) ;
#1189 = VERTEX_POINT ( 'NONE', #1669 ) ;
#1190 = LINE ( 'NONE', #2238, #691 ) ;
#1191 = ORIENTED_EDGE ( 'NONE', *, *, #1606, .F. ) ;
#1192 = CARTESIAN_POINT ( 'NONE',  ( -17.65408144125310130, 19.49999999999998579, -23.00724686844566591 ) ) ;
#1193 = DIRECTION ( 'NONE',  ( -0.3826834323650870062, 0.000000000000000000, -0.9238795325112878487 ) ) ;
#1194 = ORIENTED_EDGE ( 'NONE', *, *, #787, .T. ) ;
#1195 = EDGE_CURVE ( 'NONE', #90, #1896, #212, .T. ) ;
#1196 = ORIENTED_EDGE ( 'NONE', *, *, #1784, .F. ) ;
#1197 = SURFACE_STYLE_USAGE ( .BOTH. , #114 ) ;
#1198 = CARTESIAN_POINT ( 'NONE',  ( -1.859465218541980436, 24.49999999999998579, -7.995791255441193179 ) ) ;
#1199 = DIRECTION ( 'NONE',  ( -0.000000000000000000, 1.000000000000000000, -0.000000000000000000 ) ) ;
#1200 = ORIENTED_EDGE ( 'NONE', *, *, #1881, .F. ) ;
#1201 = CARTESIAN_POINT ( 'NONE',  ( -32.17386661099696710, 5.999999999999984901, 26.99707960683474539 ) ) ;
#1202 = EDGE_CURVE ( 'NONE', #1859, #1656, #2018, .T. ) ;
#1203 = ORIENTED_EDGE ( 'NONE', *, *, #1891, .T. ) ;
#1204 = DIRECTION ( 'NONE',  ( -0.000000000000000000, 1.000000000000000000, -0.000000000000000000 ) ) ;
#1205 = ORIENTED_EDGE ( 'NONE', *, *, #2193, .T. ) ;
#1206 = DIRECTION ( 'NONE',  ( 6.010789962675446909E-17, 1.000000000000000000, 0.000000000000000000 ) ) ;
#1207 = LINE ( 'NONE', #685, #513 ) ;
#1208 = ADVANCED_FACE ( 'NONE', ( #785 ), #945, .T. ) ;
#1209 = AXIS2_PLACEMENT_3D ( 'NONE', #1294, #1819, #244 ) ;
#1210 = DIRECTION ( 'NONE',  ( -5.945585219724088271E-17, -1.000000000000000000, -0.000000000000000000 ) ) ;
#1211 = AXIS2_PLACEMENT_3D ( 'NONE', #242, #42, #1967 ) ;
#1212 = EDGE_LOOP ( 'NONE', ( #1801, #1205, #721, #1200 ) ) ;
#1213 = DIRECTION ( 'NONE',  ( -5.945585219724088271E-17, -1.000000000000000000, -0.000000000000000000 ) ) ;
#1214 = CIRCLE ( 'NONE', #2095, 1.599999999999159428 ) ;
#1215 = CARTESIAN_POINT ( 'NONE',  ( -0.2594652185426831736, 24.49999999999998579, -7.995791255441193179 ) ) ;
#1216 = EDGE_CURVE ( 'NONE', #337, #1994, #1357, .T. ) ;
#1217 = CARTESIAN_POINT ( 'NONE',  ( 103.0000000000000000, 1.499999999999978684, 0.000000000000000000 ) ) ;
#1218 = AXIS2_PLACEMENT_3D ( 'NONE', #34, #1068, #1627 ) ;
#1219 = CARTESIAN_POINT ( 'NONE',  ( -110.0000000000000000, 30.50000000000001066, 0.000000000000000000 ) ) ;
#1220 = VERTEX_POINT ( 'NONE', #1466 ) ;
#1221 = ORIENTED_EDGE ( 'NONE', *, *, #1767, .F. ) ;
#1222 = DIRECTION ( 'NONE',  ( 1.000000000000000000, -5.945585219724088271E-17, 0.000000000000000000 ) ) ;
#1223 = CARTESIAN_POINT ( 'NONE',  ( 0.2594652185530098576, 43.49999999999998579, 7.995791255412937559 ) ) ;
#1224 = EDGE_CURVE ( 'NONE', #1711, #138, #2199, .T. ) ;
#1225 = CIRCLE ( 'NONE', #2174, 5.000000000000004441 ) ;
#1226 = ORIENTED_EDGE ( 'NONE', *, *, #2156, .T. ) ;
#1227 = CARTESIAN_POINT ( 'NONE',  ( 103.0000000000000000, 1.499999999999978684, -5.000000000000004441 ) ) ;
#1228 = AXIS2_PLACEMENT_3D ( 'NONE', #218, #919, #41 ) ;
#1229 = CARTESIAN_POINT ( 'NONE',  ( 3.920520036831056648E-15, 19.49999999999998579, -2.112065484341257014E-15 ) ) ;
#1230 = DIRECTION ( 'NONE',  ( -1.000000000000000000, 6.308085367188389994E-17, 0.000000000000000000 ) ) ;
#1231 = VECTOR ( 'NONE', #1199, 1000.000000000000000 ) ;
#1232 = FACE_OUTER_BOUND ( 'NONE', #895, .T. ) ;
#1233 = ORIENTED_EDGE ( 'NONE', *, *, #740, .F. ) ;
#1234 = CIRCLE ( 'NONE', #348, 41.99999999999995026 ) ;
#1235 = EDGE_LOOP ( 'NONE', ( #110, #2245, #522, #965, #971, #1167, #1650, #11 ) ) ;
#1236 = LINE ( 'NONE', #882, #1821 ) ;
#1237 = CARTESIAN_POINT ( 'NONE',  ( 1.472643540855483913E-15, 24.49999999999998579, 0.000000000000000000 ) ) ;
#1238 = ORIENTED_EDGE ( 'NONE', *, *, #2104, .F. ) ;
#1239 = CARTESIAN_POINT ( 'NONE',  ( 3.567351131834444334E-16, 5.999999999999985789, 108.0000000000000000 ) ) ;
#1240 = CARTESIAN_POINT ( 'NONE',  ( 3.567351131834444334E-16, 1.499999999999984901, -97.99999999999998579 ) ) ;
#1241 = ORIENTED_EDGE ( 'NONE', *, *, #421, .T. ) ;
#1242 = DIRECTION ( 'NONE',  ( 0.000000000000000000, -1.000000000000000000, 0.000000000000000000 ) ) ;
#1243 = CARTESIAN_POINT ( 'NONE',  ( -13.39392013277805482, 5.999999999999986677, 32.33578363789507648 ) ) ;
#1244 = VERTEX_POINT ( 'NONE', #1680 ) ;
#1245 = LINE ( 'NONE', #1424, #1437 ) ;
#1246 = AXIS2_PLACEMENT_3D ( 'NONE', #2138, #878, #2288 ) ;
#1247 = DIRECTION ( 'NONE',  ( -0.000000000000000000, 1.000000000000000000, -0.000000000000000000 ) ) ;
#1248 = DIRECTION ( 'NONE',  ( -1.000000000000000000, 9.912705577010324317E-17, 0.000000000000000000 ) ) ;
#1249 = CIRCLE ( 'NONE', #330, 1.599999999999297318 ) ;
#1250 = ORIENTED_EDGE ( 'NONE', *, *, #1409, .T. ) ;
#1251 = VECTOR ( 'NONE', #1193, 1000.000000000000114 ) ;
#1252 = EDGE_CURVE ( 'NONE', #1285, #185, #1323, .T. ) ;
#1253 = DIRECTION ( 'NONE',  ( -1.000000000000000000, 5.945585219724088271E-17, 0.000000000000000000 ) ) ;
#1254 = ADVANCED_FACE ( 'NONE', ( #222 ), #1980, .F. ) ;
#1255 = CARTESIAN_POINT ( 'NONE',  ( -103.0000000000000000, 5.999999999999991118, -5.000000000000004441 ) ) ;
#1256 = EDGE_LOOP ( 'NONE', ( #1914, #314, #944, #573 ) ) ;
#1257 = DIRECTION ( 'NONE',  ( 0.7660444431189757930, 2.605333731314422319E-16, -0.6427876096865420275 ) ) ;
#1258 = DIRECTION ( 'NONE',  ( -1.000000000000000000, 5.945585219724083341E-17, 0.000000000000000000 ) ) ;
#1259 = EDGE_LOOP ( 'NONE', ( #208, #1033, #397, #2223 ) ) ;
#1260 = AXIS2_PLACEMENT_3D ( 'NONE', #433, #1166, #1324 ) ;
#1261 = ORIENTED_EDGE ( 'NONE', *, *, #661, .F. ) ;
#1262 = CARTESIAN_POINT ( 'NONE',  ( -1.962615573354711639E-14, -1.734723475976807094E-14, 1.962615573354725839E-14 ) ) ;
#1263 = DIRECTION ( 'NONE',  ( 1.000000000000000000, 0.000000000000000000, 0.000000000000000000 ) ) ;
#1264 =( GEOMETRIC_REPRESENTATION_CONTEXT ( 3 ) GLOBAL_UNCERTAINTY_ASSIGNED_CONTEXT ( ( #38 ) ) GLOBAL_UNIT_ASSIGNED_CONTEXT ( ( #305, #1878, #511 ) ) REPRESENTATION_CONTEXT ( 'NONE', 'WORKASPACE' ) );
#1265 = DIRECTION ( 'NONE',  ( -0.000000000000000000, 1.000000000000000000, -0.000000000000000000 ) ) ;
#1266 = EDGE_CURVE ( 'NONE', #2141, #1853, #1111, .T. ) ;
#1267 = DIRECTION ( 'NONE',  ( 0.000000000000000000, 0.000000000000000000, 1.000000000000000000 ) ) ;
#1268 = ORIENTED_EDGE ( 'NONE', *, *, #2087, .T. ) ;
#1269 = DIRECTION ( 'NONE',  ( -5.945585219724088271E-17, -1.000000000000000000, -0.000000000000000000 ) ) ;
#1270 = EDGE_CURVE ( 'NONE', #1699, #983, #2135, .T. ) ;
#1271 = CARTESIAN_POINT ( 'NONE',  ( -1.375689808478422121E-15, 5.999999999999987566, 0.000000000000000000 ) ) ;
#1272 = VERTEX_POINT ( 'NONE', #1839 ) ;
#1273 = CARTESIAN_POINT ( 'NONE',  ( -26.99707960683451802, 4.029018406965930944E-15, 32.17386661099716605 ) ) ;
#1274 = CARTESIAN_POINT ( 'NONE',  ( 3.567351131834444334E-16, 1.499999999999984901, 108.0000000000000000 ) ) ;
#1275 = CARTESIAN_POINT ( 'NONE',  ( 103.0000000000000000, 5.999999999999979572, 5.000000000000004441 ) ) ;
#1276 = ORIENTED_EDGE ( 'NONE', *, *, #560, .T. ) ;
#1277 = EDGE_CURVE ( 'NONE', #629, #1725, #22, .T. ) ;
#1278 = DIRECTION ( 'NONE',  ( 1.000000000000000000, 0.000000000000000000, 0.000000000000000000 ) ) ;
#1279 = CARTESIAN_POINT ( 'NONE',  ( -103.0000000000000000, -3.469446951953614189E-15, 2.250000000000001776 ) ) ;
#1280 = VECTOR ( 'NONE', #655, 1000.000000000000000 ) ;
#1281 = ADVANCED_FACE ( 'NONE', ( #1658 ), #793, .T. ) ;
#1282 = ORIENTED_EDGE ( 'NONE', *, *, #1938, .F. ) ;
#1283 = CIRCLE ( 'NONE', #1097, 110.0000000000000000 ) ;
#1284 = DIRECTION ( 'NONE',  ( -1.000000000000000000, 0.000000000000000000, 0.000000000000000000 ) ) ;
#1285 = VERTEX_POINT ( 'NONE', #2015 ) ;
#1286 = FACE_BOUND ( 'NONE', #198, .T. ) ;
#1287 = DIRECTION ( 'NONE',  ( 1.000000000000000000, 0.000000000000000000, 0.000000000000000000 ) ) ;
#1288 = ORIENTED_EDGE ( 'NONE', *, *, #471, .F. ) ;
#1289 = EDGE_CURVE ( 'NONE', #166, #2154, #1500, .T. ) ;
#1290 = DIRECTION ( 'NONE',  ( -0.000000000000000000, 1.000000000000000000, -0.000000000000000000 ) ) ;
#1291 = CARTESIAN_POINT ( 'NONE',  ( 1.962615573354718897E-14, 4.336808689942015369E-15, 1.962615573354718266E-14 ) ) ;
#1292 = ORIENTED_EDGE ( 'NONE', *, *, #1183, .T. ) ;
#1293 = EDGE_CURVE ( 'NONE', #443, #419, #102, .T. ) ;
#1294 = CARTESIAN_POINT ( 'NONE',  ( -1.375689808478422515E-15, 5.999999999999981348, 0.000000000000000000 ) ) ;
#1295 = VERTEX_POINT ( 'NONE', #587 ) ;
#1296 = AXIS2_PLACEMENT_3D ( 'NONE', #1093, #2059, #295 ) ;
#1297 = CARTESIAN_POINT ( 'NONE',  ( -1.499999999999942490, 43.49999999999998579, -2.000000000000055511 ) ) ;
#1298 = VECTOR ( 'NONE', #1630, 1000.000000000000000 ) ;
#1299 = DIRECTION ( 'NONE',  ( -0.000000000000000000, 1.000000000000000000, -0.000000000000000000 ) ) ;
#1300 = EDGE_LOOP ( 'NONE', ( #819, #2039, #564, #795 ) ) ;
#1301 = CARTESIAN_POINT ( 'NONE',  ( 3.567351131834444334E-16, 5.999999999999985789, -103.0000000000000000 ) ) ;
#1302 = ORIENTED_EDGE ( 'NONE', *, *, #1532, .F. ) ;
#1303 = CARTESIAN_POINT ( 'NONE',  ( 7.995791255432229683, 43.49999999999998579, -0.2594652185619735207 ) ) ;
#1304 = VERTEX_POINT ( 'NONE', #2183 ) ;
#1305 = DIRECTION ( 'NONE',  ( -6.089478397878017996E-17, -1.000000000000000000, -1.232595164407830672E-32 ) ) ;
#1306 = EDGE_CURVE ( 'NONE', #1639, #1440, #766, .T. ) ;
#1307 = VERTEX_POINT ( 'NONE', #993 ) ;
#1308 = DIRECTION ( 'NONE',  ( -0.000000000000000000, 1.000000000000000000, -0.000000000000000000 ) ) ;
#1309 = ADVANCED_FACE ( 'NONE', ( #806 ), #1340, .F. ) ;
#1310 = ORIENTED_EDGE ( 'NONE', *, *, #2163, .T. ) ;
#1311 = DIRECTION ( 'NONE',  ( 0.000000000000000000, 0.000000000000000000, 1.000000000000000000 ) ) ;
#1312 = ORIENTED_EDGE ( 'NONE', *, *, #253, .T. ) ;
#1313 = DIRECTION ( 'NONE',  ( -6.010789962675446909E-17, -1.000000000000000000, -0.000000000000000000 ) ) ;
#1314 = EDGE_LOOP ( 'NONE', ( #1496, #2124, #184, #311, #290, #1555, #874, #1118, #412, #1147, #772, #847, #1191, #407 ) ) ;
#1315 = DIRECTION ( 'NONE',  ( 1.000000000000000000, 0.000000000000000000, 0.000000000000000000 ) ) ;
#1316 = AXIS2_PLACEMENT_3D ( 'NONE', #818, #1876, #2240 ) ;
#1317 = ORIENTED_EDGE ( 'NONE', *, *, #1557, .T. ) ;
#1318 = EDGE_CURVE ( 'NONE', #173, #1894, #838, .T. ) ;
#1319 = CIRCLE ( 'NONE', #1391, 2.250000000000001776 ) ;
#1320 = FACE_OUTER_BOUND ( 'NONE', #635, .T. ) ;
#1321 = AXIS2_PLACEMENT_3D ( 'NONE', #1916, #155, #1403 ) ;
#1322 = ORIENTED_EDGE ( 'NONE', *, *, #1989, .F. ) ;
#1323 = CIRCLE ( 'NONE', #325, 110.0000000000000000 ) ;
#1324 = DIRECTION ( 'NONE',  ( -1.000000000000000000, 5.981805089575197430E-17, 0.000000000000000000 ) ) ;
#1325 = ORIENTED_EDGE ( 'NONE', *, *, #1444, .F. ) ;
#1326 = CARTESIAN_POINT ( 'NONE',  ( -1.499999999999943601, 24.49999999999998579, -2.000000000000055511 ) ) ;
#1327 = LINE ( 'NONE', #1160, #150 ) ;
#1328 = CYLINDRICAL_SURFACE ( 'NONE', #1400, 2.250000000000001776 ) ;
#1329 = ORIENTED_EDGE ( 'NONE', *, *, #51, .F. ) ;
#1330 = AXIS2_PLACEMENT_3D ( 'NONE', #1909, #1772, #384 ) ;
#1331 = CYLINDRICAL_SURFACE ( 'NONE', #1769, 5.000000000000004441 ) ;
#1332 = CIRCLE ( 'NONE', #1706, 2.500000000000044853 ) ;
#1333 = ORIENTED_EDGE ( 'NONE', *, *, #1891, .F. ) ;
#1334 = CARTESIAN_POINT ( 'NONE',  ( 6.395791255432998312, 24.49999999999998579, -0.2594652185619732987 ) ) ;
#1335 = VERTEX_POINT ( 'NONE', #496 ) ;
#1336 = AXIS2_PLACEMENT_3D ( 'NONE', #1262, #1961, #2130 ) ;
#1337 = DIRECTION ( 'NONE',  ( -0.6427876096865420275, 8.376331030234046980E-17, -0.7660444431189757930 ) ) ;
#1338 = ORIENTED_EDGE ( 'NONE', *, *, #2140, .F. ) ;
#1339 = ADVANCED_FACE ( 'NONE', ( #2264 ), #1030, .F. ) ;
#1340 = CYLINDRICAL_SURFACE ( 'NONE', #619, 11.00000000000327915 ) ;
#1341 = ORIENTED_EDGE ( 'NONE', *, *, #1369, .T. ) ;
#1342 = FACE_BOUND ( 'NONE', #1491, .T. ) ;
#1343 = DIRECTION ( 'NONE',  ( 0.000000000000000000, 0.000000000000000000, 1.000000000000000000 ) ) ;
#1344 = FACE_OUTER_BOUND ( 'NONE', #417, .T. ) ;
#1345 = ADVANCED_FACE ( 'NONE', ( #1182 ), #111, .F. ) ;
#1346 = VERTEX_POINT ( 'NONE', #827 ) ;
#1347 = DIRECTION ( 'NONE',  ( -6.010789962675446909E-17, -1.000000000000000000, -0.000000000000000000 ) ) ;
#1348 = FACE_OUTER_BOUND ( 'NONE', #245, .T. ) ;
#1349 = VERTEX_POINT ( 'NONE', #1744 ) ;
#1350 = DIRECTION ( 'NONE',  ( -5.945585219724088271E-17, -1.000000000000000000, 0.000000000000000000 ) ) ;
#1351 = CARTESIAN_POINT ( 'NONE',  ( -70.70663706551898997, -1.468390521560896757E-14, 84.26488874308785171 ) ) ;
#1352 = CIRCLE ( 'NONE', #250, 5.000000000000004441 ) ;
#1353 = ORIENTED_EDGE ( 'NONE', *, *, #1202, .T. ) ;
#1354 = VECTOR ( 'NONE', #1115, 1000.000000000000114 ) ;
#1355 = CARTESIAN_POINT ( 'NONE',  ( -1.499999999999942490, 43.49999999999998579, -2.000000000000055511 ) ) ;
#1356 = AXIS2_PLACEMENT_3D ( 'NONE', #3, #1612, #1454 ) ;
#1357 = CIRCLE ( 'NONE', #1905, 1.599999999999096145 ) ;
#1358 = ORIENTED_EDGE ( 'NONE', *, *, #2259, .T. ) ;
#1359 = DIRECTION ( 'NONE',  ( 0.000000000000000000, 0.000000000000000000, 1.000000000000000000 ) ) ;
#1360 = EDGE_CURVE ( 'NONE', #1990, #529, #2248, .T. ) ;
#1361 = CARTESIAN_POINT ( 'NONE',  ( 2.249999999999999112, 1.499999999999984901, 103.0000000000000000 ) ) ;
#1362 = DIRECTION ( 'NONE',  ( 5.945585219724109225E-17, 1.000000000000000000, 5.945585219724088271E-17 ) ) ;
#1363 = EDGE_CURVE ( 'NONE', #1335, #1165, #178, .T. ) ;
#1364 = ORIENTED_EDGE ( 'NONE', *, *, #1083, .F. ) ;
#1365 = EDGE_LOOP ( 'NONE', ( #1574, #828, #1464, #2178 ) ) ;
#1366 = CARTESIAN_POINT ( 'NONE',  ( 3.117866032168305526E-15, 5.999999999999985789, -2.112065484341257014E-15 ) ) ;
#1367 = LINE ( 'NONE', #1572, #1940 ) ;
#1368 = CIRCLE ( 'NONE', #1514, 2.249999999999998668 ) ;
#1369 = EDGE_CURVE ( 'NONE', #1885, #2053, #66, .T. ) ;
#1370 = VECTOR ( 'NONE', #275, 1000.000000000000000 ) ;
#1371 = CARTESIAN_POINT ( 'NONE',  ( -1.375689808478422121E-15, 5.999999999999987566, 0.000000000000000000 ) ) ;
#1372 = VECTOR ( 'NONE', #1210, 1000.000000000000000 ) ;
#1373 = ORIENTED_EDGE ( 'NONE', *, *, #900, .T. ) ;
#1374 = DIRECTION ( 'NONE',  ( -0.6427876096865363653, -7.328340070859198409E-18, 0.7660444431189804559 ) ) ;
#1375 = CARTESIAN_POINT ( 'NONE',  ( 21.30665001530506686, 19.49999999999998579, -27.76736691019336689 ) ) ;
#1376 = CARTESIAN_POINT ( 'NONE',  ( -1.962615573354718897E-14, 4.336808689942017736E-15, -1.962615573354718266E-14 ) ) ;
#1377 = ORIENTED_EDGE ( 'NONE', *, *, #1759, .T. ) ;
#1378 = ORIENTED_EDGE ( 'NONE', *, *, #2253, .F. ) ;
#1379 = DIRECTION ( 'NONE',  ( -0.9238795325112879597, 5.493004493304715405E-17, 0.3826834323650870617 ) ) ;
#1380 = EDGE_CURVE ( 'NONE', #265, #359, #1617, .T. ) ;
#1381 = CYLINDRICAL_SURFACE ( 'NONE', #2180, 1.599999999999096145 ) ;
#1382 = EDGE_LOOP ( 'NONE', ( #322, #769, #1276, #165 ) ) ;
#1383 = CARTESIAN_POINT ( 'NONE',  ( -1.340534781446086177, 43.49999999999998579, 7.995791255412937559 ) ) ;
#1384 = CARTESIAN_POINT ( 'NONE',  ( 1.168022708535431906E-15, 19.49999999999998579, 7.395570986446965970E-32 ) ) ;
#1385 = CARTESIAN_POINT ( 'NONE',  ( -103.0000000000000000, 5.999999999999991118, 0.000000000000000000 ) ) ;
#1386 = ORIENTED_EDGE ( 'NONE', *, *, #370, .T. ) ;
#1387 = ORIENTED_EDGE ( 'NONE', *, *, #1449, .T. ) ;
#1388 = CARTESIAN_POINT ( 'NONE',  ( 103.0000000000000000, 1.499999999999978684, 5.000000000000004441 ) ) ;
#1389 = CARTESIAN_POINT ( 'NONE',  ( -103.0000000000000000, 5.999999999999991118, 0.000000000000000000 ) ) ;
#1390 = EDGE_CURVE ( 'NONE', #1272, #1790, #1660, .T. ) ;
#1391 = AXIS2_PLACEMENT_3D ( 'NONE', #1578, #1621, #1062 ) ;
#1392 = CARTESIAN_POINT ( 'NONE',  ( 2.500000000000047518, 43.49999999999998579, 0.000000000000000000 ) ) ;
#1393 = AXIS2_PLACEMENT_3D ( 'NONE', #848, #2262, #679 ) ;
#1394 = ORIENTED_EDGE ( 'NONE', *, *, #1114, .T. ) ;
#1395 = DIRECTION ( 'NONE',  ( -0.000000000000000000, -1.000000000000000000, -0.000000000000000000 ) ) ;
#1396 = PRODUCT_DEFINITION_FORMATION_WITH_SPECIFIED_SOURCE ( 'TUTTO', '', #1640, .NOT_KNOWN. ) ;
#1397 = DIRECTION ( 'NONE',  ( -1.000000000000000000, 6.308085367188389994E-17, 0.000000000000000000 ) ) ;
#1398 = PLANE ( 'NONE',  #1993 ) ;
#1399 = CARTESIAN_POINT ( 'NONE',  ( 3.567351131834444334E-16, -9.540979117872439019E-15, 103.0000000000000000 ) ) ;
#1400 = AXIS2_PLACEMENT_3D ( 'NONE', #1646, #1453, #960 ) ;
#1401 = EDGE_LOOP ( 'NONE', ( #1325, #834, #2188, #1820 ) ) ;
#1402 = FACE_OUTER_BOUND ( 'NONE', #268, .T. ) ;
#1403 = DIRECTION ( 'NONE',  ( -1.000000000000000000, 6.308085367188389994E-17, 0.000000000000000000 ) ) ;
#1404 = DIRECTION ( 'NONE',  ( 0.3826834323650871728, 0.000000000000000000, -0.9238795325112877377 ) ) ;
#1405 = EDGE_LOOP ( 'NONE', ( #1528, #2058, #50, #1723 ) ) ;
#1406 = FACE_OUTER_BOUND ( 'NONE', #232, .T. ) ;
#1407 = AXIS2_PLACEMENT_3D ( 'NONE', #1091, #2172, #1287 ) ;
#1408 = DIRECTION ( 'NONE',  ( 0.000000000000000000, 0.000000000000000000, 1.000000000000000000 ) ) ;
#1409 = EDGE_CURVE ( 'NONE', #101, #1038, #2090, .T. ) ;
#1410 = ORIENTED_EDGE ( 'NONE', *, *, #628, .F. ) ;
#1411 = DIRECTION ( 'NONE',  ( -1.000000000000000000, 1.196361017915039486E-16, 0.000000000000000000 ) ) ;
#1412 = AXIS2_PLACEMENT_3D ( 'NONE', #548, #1603, #1057 ) ;
#1413 = LINE ( 'NONE', #2098, #1955 ) ;
#1414 = ORIENTED_EDGE ( 'NONE', *, *, #2087, .F. ) ;
#1415 = EDGE_CURVE ( 'NONE', #576, #359, #149, .T. ) ;
#1416 = DIRECTION ( 'NONE',  ( -1.000000000000000000, 0.000000000000000000, 0.000000000000000000 ) ) ;
#1417 = CARTESIAN_POINT ( 'NONE',  ( -1.926942062036367092E-14, 5.999999999999984901, 1.998289084673070386E-14 ) ) ;
#1418 = DIRECTION ( 'NONE',  ( -0.000000000000000000, 1.000000000000000000, -0.000000000000000000 ) ) ;
#1419 = EDGE_LOOP ( 'NONE', ( #1797, #92, #1386, #2214 ) ) ;
#1420 = ADVANCED_FACE ( 'NONE', ( #1017 ), #1005, .T. ) ;
#1421 = DIRECTION ( 'NONE',  ( -5.945585219724088271E-17, -1.000000000000000000, -0.000000000000000000 ) ) ;
#1422 = CARTESIAN_POINT ( 'NONE',  ( -2.467356902568220286E-16, 24.49999999999998579, -2.000000000000055511 ) ) ;
#1423 = ORIENTED_EDGE ( 'NONE', *, *, #1047, .F. ) ;
#1424 = CARTESIAN_POINT ( 'NONE',  ( 3.567351131834444334E-16, 5.999999999999985789, -100.7499999999999858 ) ) ;
#1425 = AXIS2_PLACEMENT_3D ( 'NONE', #1958, #520, #387 ) ;
#1426 = DIRECTION ( 'NONE',  ( 0.000000000000000000, 0.000000000000000000, 1.000000000000000000 ) ) ;
#1427 = EDGE_CURVE ( 'NONE', #1899, #1960, #1506, .T. ) ;
#1428 = AXIS2_PLACEMENT_3D ( 'NONE', #796, #623, #788 ) ;
#1429 = VERTEX_POINT ( 'NONE', #2078 ) ;
#1430 =( GEOMETRIC_REPRESENTATION_CONTEXT ( 3 ) GLOBAL_UNCERTAINTY_ASSIGNED_CONTEXT ( ( #1012 ) ) GLOBAL_UNIT_ASSIGNED_CONTEXT ( ( #1099, #368, #718 ) ) REPRESENTATION_CONTEXT ( 'NONE', 'WORKASPACE' ) );
#1431 = AXIS2_PLACEMENT_3D ( 'NONE', #270, #1305, #135 ) ;
#1432 = FACE_BOUND ( 'NONE', #64, .T. ) ;
#1433 = ADVANCED_FACE ( 'NONE', ( #1348 ), #1162, .F. ) ;
#1434 = CARTESIAN_POINT ( 'NONE',  ( -103.0000000000000000, -3.469446951953614189E-15, 0.000000000000000000 ) ) ;
#1435 = ORIENTED_EDGE ( 'NONE', *, *, #1444, .T. ) ;
#1436 = FACE_OUTER_BOUND ( 'NONE', #911, .T. ) ;
#1437 = VECTOR ( 'NONE', #182, 1000.000000000000000 ) ;
#1438 = CARTESIAN_POINT ( 'NONE',  ( -1.732424921661866801E-15, 0.000000000000000000, 0.000000000000000000 ) ) ;
#1439 = CARTESIAN_POINT ( 'NONE',  ( 3.567351131834444334E-16, 1.499999999999984901, 103.0000000000000000 ) ) ;
#1440 = VERTEX_POINT ( 'NONE', #1538 ) ;
#1441 = CARTESIAN_POINT ( 'NONE',  ( -1.962615573354718897E-14, -1.734723475976807094E-14, -1.962615573354718266E-14 ) ) ;
#1442 = SHAPE_DEFINITION_REPRESENTATION ( #545, #1474 ) ;
#1443 = AXIS2_PLACEMENT_3D ( 'NONE', #1217, #206, #909 ) ;
#1444 = EDGE_CURVE ( 'NONE', #1764, #976, #658, .T. ) ;
#1445 = VECTOR ( 'NONE', #558, 1000.000000000000000 ) ;
#1446 = CARTESIAN_POINT ( 'NONE',  ( 3.567351131834444334E-16, -9.540979117872439019E-15, -100.7499999999999858 ) ) ;
#1447 = CARTESIAN_POINT ( 'NONE',  ( 1.500000000000057954, 24.49999999999998579, -2.000000000000055511 ) ) ;
#1448 = EDGE_LOOP ( 'NONE', ( #1122, #2134, #2256, #2005 ) ) ;
#1449 = EDGE_CURVE ( 'NONE', #786, #1701, #256, .T. ) ;
#1450 = CARTESIAN_POINT ( 'NONE',  ( -11.09781953858752779, 5.999999999999986677, 26.79250644282734584 ) ) ;
#1451 = CARTESIAN_POINT ( 'NONE',  ( -9.595791255421062260, 21.49999999999998579, 0.2594652185337185668 ) ) ;
#1452 = ORIENTED_EDGE ( 'NONE', *, *, #725, .F. ) ;
#1453 = DIRECTION ( 'NONE',  ( -0.000000000000000000, 1.000000000000000000, -0.000000000000000000 ) ) ;
#1454 = DIRECTION ( 'NONE',  ( 1.000000000000000000, 0.000000000000000000, 0.000000000000000000 ) ) ;
#1455 = VERTEX_POINT ( 'NONE', #703 ) ;
#1456 = DIRECTION ( 'NONE',  ( 0.000000000000000000, 0.000000000000000000, 1.000000000000000000 ) ) ;
#1457 = EDGE_CURVE ( 'NONE', #19, #1459, #1771, .T. ) ;
#1458 = DIRECTION ( 'NONE',  ( 6.089478397878017996E-17, 1.000000000000000000, 1.232595164407830672E-32 ) ) ;
#1459 = VERTEX_POINT ( 'NONE', #183 ) ;
#1460 = DIRECTION ( 'NONE',  ( -0.000000000000000000, 1.000000000000000000, -0.000000000000000000 ) ) ;
#1461 = EDGE_CURVE ( 'NONE', #274, #761, #1619, .T. ) ;
#1462 = LINE ( 'NONE', #1806, #947 ) ;
#1463 = AXIS2_PLACEMENT_3D ( 'NONE', #1439, #1418, #1600 ) ;
#1464 = ORIENTED_EDGE ( 'NONE', *, *, #1702, .T. ) ;
#1465 = CIRCLE ( 'NONE', #2133, 2.250000000000001776 ) ;
#1466 = CARTESIAN_POINT ( 'NONE',  ( 9.690585127571202235E-16, 5.999999999999985789, -108.0000000000000000 ) ) ;
#1467 = ORIENTED_EDGE ( 'NONE', *, *, #164, .F. ) ;
#1468 = AXIS2_PLACEMENT_3D ( 'NONE', #1527, #1857, #2217 ) ;
#1469 = CARTESIAN_POINT ( 'NONE',  ( 3.567351131834444334E-16, 1.499999999999984901, -100.7499999999999858 ) ) ;
#1470 = DIRECTION ( 'NONE',  ( 6.010789962675446909E-17, 1.000000000000000000, 0.000000000000000000 ) ) ;
#1471 = ORIENTED_EDGE ( 'NONE', *, *, #1055, .T. ) ;
#1472 = DIRECTION ( 'NONE',  ( -0.000000000000000000, 1.000000000000000000, -0.000000000000000000 ) ) ;
#1473 = EDGE_LOOP ( 'NONE', ( #2045, #377, #802, #197 ) ) ;
#1474 = ADVANCED_BREP_SHAPE_REPRESENTATION ( 'ARP-0086', ( #989, #1356 ), #1430 ) ;
#1475 = CARTESIAN_POINT ( 'NONE',  ( 8.097857035398051027E-17, 30.50000000000000355, 0.000000000000000000 ) ) ;
#1476 = AXIS2_PLACEMENT_3D ( 'NONE', #1384, #1587, #1929 ) ;
#1477 = VERTEX_POINT ( 'NONE', #899 ) ;
#1478 = DIRECTION ( 'NONE',  ( -1.000000000000000000, 6.308085367188389994E-17, 0.000000000000000000 ) ) ;
#1479 = ADVANCED_FACE ( 'NONE', ( #888 ), #910, .T. ) ;
#1480 = ORIENTED_EDGE ( 'NONE', *, *, #1938, .T. ) ;
#1481 = VECTOR ( 'NONE', #1404, 1000.000000000000114 ) ;
#1482 = CYLINDRICAL_SURFACE ( 'NONE', #2204, 5.000000000000004441 ) ;
#1483 = VECTOR ( 'NONE', #2268, 1000.000000000000114 ) ;
#1484 = ORIENTED_EDGE ( 'NONE', *, *, #1369, .F. ) ;
#1485 = FACE_OUTER_BOUND ( 'NONE', #1556, .T. ) ;
#1486 = VERTEX_POINT ( 'NONE', #2106 ) ;
#1487 = DIRECTION ( 'NONE',  ( -0.000000000000000000, 1.000000000000000000, -0.000000000000000000 ) ) ;
#1488 = EDGE_CURVE ( 'NONE', #1933, #1899, #207, .T. ) ;
#1489 = ORIENTED_EDGE ( 'NONE', *, *, #1202, .F. ) ;
#1490 = DIRECTION ( 'NONE',  ( 6.010789962675446909E-17, 1.000000000000000000, 0.000000000000000000 ) ) ;
#1491 = EDGE_LOOP ( 'NONE', ( #816, #651 ) ) ;
#1492 = EDGE_CURVE ( 'NONE', #497, #1304, #866, .T. ) ;
#1493 = CARTESIAN_POINT ( 'NONE',  ( 103.0000000000000000, -1.561251128379126385E-14, 0.000000000000000000 ) ) ;
#1494 = ORIENTED_EDGE ( 'NONE', *, *, #973, .T. ) ;
#1495 = CARTESIAN_POINT ( 'NONE',  ( -9.595791255421062260, 24.49999999999998579, 0.2594652185337185668 ) ) ;
#1496 = ORIENTED_EDGE ( 'NONE', *, *, #670, .F. ) ;
#1497 = CARTESIAN_POINT ( 'NONE',  ( 0.000000000000000000, 0.000000000000000000, 0.000000000000000000 ) ) ;
#1498 = ORIENTED_EDGE ( 'NONE', *, *, #1954, .T. ) ;
#1499 = CARTESIAN_POINT ( 'NONE',  ( 7.995791255432227906, 24.49999999999998579, -0.2594652185619735207 ) ) ;
#1500 = CIRCLE ( 'NONE', #1143, 1.599999999999228706 ) ;
#1501 = ORIENTED_EDGE ( 'NONE', *, *, #2163, .F. ) ;
#1502 = CIRCLE ( 'NONE', #1425, 110.0000000000000000 ) ;
#1503 = DIRECTION ( 'NONE',  ( 6.010789962675446909E-17, 1.000000000000000000, 0.000000000000000000 ) ) ;
#1504 = VECTOR ( 'NONE', #109, 1000.000000000000000 ) ;
#1505 = EDGE_LOOP ( 'NONE', ( #1745, #1484, #2120, #221 ) ) ;
#1506 = CIRCLE ( 'NONE', #2100, 41.99999999999995026 ) ;
#1507 = EDGE_CURVE ( 'NONE', #1790, #1272, #1137, .T. ) ;
#1508 = DIRECTION ( 'NONE',  ( -0.000000000000000000, 1.000000000000000000, -0.000000000000000000 ) ) ;
#1509 = CARTESIAN_POINT ( 'NONE',  ( -0.2594652185426820634, 43.49999999999998579, -7.995791255441193179 ) ) ;
#1510 = DIRECTION ( 'NONE',  ( -0.7660444431189783465, 0.000000000000000000, -0.6427876096865390299 ) ) ;
#1511 = PLANE ( 'NONE',  #79 ) ;
#1512 = DIRECTION ( 'NONE',  ( 1.000000000000000000, 0.000000000000000000, 0.000000000000000000 ) ) ;
#1513 = ORIENTED_EDGE ( 'NONE', *, *, #1823, .F. ) ;
#1514 = AXIS2_PLACEMENT_3D ( 'NONE', #298, #2077, #981 ) ;
#1515 = LINE ( 'NONE', #2220, #2118 ) ;
#1516 = PLANE ( 'NONE',  #1176 ) ;
#1517 = EDGE_CURVE ( 'NONE', #1894, #453, #1319, .T. ) ;
#1518 = CIRCLE ( 'NONE', #1749, 1.599999999999297318 ) ;
#1519 = ORIENTED_EDGE ( 'NONE', *, *, #234, .T. ) ;
#1520 = CIRCLE ( 'NONE', #1709, 35.00000000000000711 ) ;
#1521 = FACE_OUTER_BOUND ( 'NONE', #2231, .T. ) ;
#1522 = EDGE_CURVE ( 'NONE', #1134, #1595, #1352, .T. ) ;
#1523 = ORIENTED_EDGE ( 'NONE', *, *, #1457, .T. ) ;
#1524 = DIRECTION ( 'NONE',  ( -6.010789962675446909E-17, -1.000000000000000000, -0.000000000000000000 ) ) ;
#1525 = CARTESIAN_POINT ( 'NONE',  ( 3.109880772412934031E-15, 0.000000000000000000, -3.706211583062771830E-15 ) ) ;
#1526 = CARTESIAN_POINT ( 'NONE',  ( 2.033962595991407675E-14, 5.999999999999984901, 1.962615573354718266E-14 ) ) ;
#1527 = CARTESIAN_POINT ( 'NONE',  ( 3.567351131834444334E-16, 1.499999999999984901, 103.0000000000000000 ) ) ;
#1528 = ORIENTED_EDGE ( 'NONE', *, *, #560, .F. ) ;
#1529 = DIRECTION ( 'NONE',  ( 0.7660444431189783465, -9.109165037319933695E-17, 0.6427876096865390299 ) ) ;
#1530 = LINE ( 'NONE', #1890, #1737 ) ;
#1531 = ORIENTED_EDGE ( 'NONE', *, *, #2080, .T. ) ;
#1532 = EDGE_CURVE ( 'NONE', #395, #1038, #1544, .T. ) ;
#1533 = CARTESIAN_POINT ( 'NONE',  ( 1.859465218552105004, 24.49999999999998579, 7.995791255412937559 ) ) ;
#1534 = ORIENTED_EDGE ( 'NONE', *, *, #386, .F. ) ;
#1535 = DIRECTION ( 'NONE',  ( -1.000000000000000000, 0.000000000000000000, 0.000000000000000000 ) ) ;
#1536 = ADVANCED_FACE ( 'NONE', ( #724, #2276 ), #738, .F. ) ;
#1537 = PLANE ( 'NONE',  #226 ) ;
#1538 = CARTESIAN_POINT ( 'NONE',  ( 28.75190097984048521, 19.49999999999998224, -3.785259574381603986 ) ) ;
#1539 = EDGE_CURVE ( 'NONE', #1244, #1946, #2052, .T. ) ;
#1540 = ORIENTED_EDGE ( 'NONE', *, *, #676, .T. ) ;
#1541 = ORIENTED_EDGE ( 'NONE', *, *, #1981, .T. ) ;
#1542 = FACE_OUTER_BOUND ( 'NONE', #700, .T. ) ;
#1543 = LINE ( 'NONE', #2269, #2244 ) ;
#1544 = CIRCLE ( 'NONE', #1463, 2.250000000000001776 ) ;
#1545 = ORIENTED_EDGE ( 'NONE', *, *, #2131, .T. ) ;
#1546 = AXIS2_PLACEMENT_3D ( 'NONE', #1997, #763, #237 ) ;
#1547 = LINE ( 'NONE', #85, #928 ) ;
#1548 = AXIS2_PLACEMENT_3D ( 'NONE', #1911, #18, #1609 ) ;
#1549 = ORIENTED_EDGE ( 'NONE', *, *, #1266, .F. ) ;
#1550 = DIRECTION ( 'NONE',  ( 1.000000000000000000, 0.000000000000000000, 0.000000000000000000 ) ) ;
#1551 = EDGE_CURVE ( 'NONE', #2053, #1885, #214, .T. ) ;
#1552 = ORIENTED_EDGE ( 'NONE', *, *, #1598, .F. ) ;
#1553 = CARTESIAN_POINT ( 'NONE',  ( -17.65408144125310130, 5.999999999999986677, -23.00724686844566591 ) ) ;
#1554 = CARTESIAN_POINT ( 'NONE',  ( -103.0000000000000000, 5.999999999999991118, -2.250000000000001776 ) ) ;
#1555 = ORIENTED_EDGE ( 'NONE', *, *, #1363, .F. ) ;
#1556 = EDGE_LOOP ( 'NONE', ( #1014, #508, #401, #1945 ) ) ;
#1557 = EDGE_CURVE ( 'NONE', #1307, #101, #614, .T. ) ;
#1558 = PLANE ( 'NONE',  #1712 ) ;
#1559 = CYLINDRICAL_SURFACE ( 'NONE', #437, 2.500000000000044853 ) ;
#1560 = CIRCLE ( 'NONE', #775, 2.249999999999998668 ) ;
#1561 = VECTOR ( 'NONE', #1269, 1000.000000000000000 ) ;
#1562 = LINE ( 'NONE', #1904, #1116 ) ;
#1563 = ORIENTED_EDGE ( 'NONE', *, *, #565, .T. ) ;
#1564 = CARTESIAN_POINT ( 'NONE',  ( 3.567351131834444334E-16, 5.999999999999985789, -103.0000000000000000 ) ) ;
#1565 = CARTESIAN_POINT ( 'NONE',  ( 2.500000000000046185, 21.49999999999998579, 0.000000000000000000 ) ) ;
#1566 = DIRECTION ( 'NONE',  ( -1.189117043944817654E-16, -1.000000000000000000, 0.000000000000000000 ) ) ;
#1567 = CARTESIAN_POINT ( 'NONE',  ( 2.614693633763818703E-15, 43.49999999999998579, 0.000000000000000000 ) ) ;
#1568 = EDGE_CURVE ( 'NONE', #2026, #2225, #1502, .T. ) ;
#1569 = ORIENTED_EDGE ( 'NONE', *, *, #2167, .T. ) ;
#1570 = ORIENTED_EDGE ( 'NONE', *, *, #1675, .F. ) ;
#1571 = FACE_OUTER_BOUND ( 'NONE', #460, .T. ) ;
#1572 = CARTESIAN_POINT ( 'NONE',  ( 84.26488874308684274, 5.999999999999975131, -70.70663706552019789 ) ) ;
#1573 = CARTESIAN_POINT ( 'NONE',  ( -70.70663706551931682, -1.387778780781445676E-14, -84.26488874308756749 ) ) ;
#1574 = ORIENTED_EDGE ( 'NONE', *, *, #1409, .F. ) ;
#1575 = CARTESIAN_POINT ( 'NONE',  ( 3.567351131834444334E-16, 5.999999999999985789, 103.0000000000000000 ) ) ;
#1576 = CARTESIAN_POINT ( 'NONE',  ( 7.055120805259274126E-15, 19.49999999999998579, 4.471694958020469470E-14 ) ) ;
#1577 = CARTESIAN_POINT ( 'NONE',  ( -3.186194523101241881E-14, 19.49999999999998579, -2.534478581209463136E-14 ) ) ;
#1578 = CARTESIAN_POINT ( 'NONE',  ( -103.0000000000000000, 1.499999999999990896, 0.000000000000000000 ) ) ;
#1579 = EDGE_LOOP ( 'NONE', ( #1837, #534, #1016, #1610 ) ) ;
#1580 = DIRECTION ( 'NONE',  ( 5.945585219724088271E-17, 1.000000000000000000, -0.000000000000000000 ) ) ;
#1581 = CARTESIAN_POINT ( 'NONE',  ( -0.2594652185426833402, 21.49999999999998579, -7.995791255441193179 ) ) ;
#1582 = AXIS2_PLACEMENT_3D ( 'NONE', #814, #823, #1713 ) ;
#1583 = CARTESIAN_POINT ( 'NONE',  ( 3.567351131834444334E-16, 5.999999999999985789, -97.99999999999998579 ) ) ;
#1584 = CIRCLE ( 'NONE', #97, 2.250000000000001776 ) ;
#1585 = ORIENTED_EDGE ( 'NONE', *, *, #1047, .T. ) ;
#1586 = EDGE_CURVE ( 'NONE', #1924, #274, #1085, .T. ) ;
#1587 = DIRECTION ( 'NONE',  ( 0.1305261922200407487, -7.760545992503396575E-18, -0.9914448613738119365 ) ) ;
#1588 = DIRECTION ( 'NONE',  ( -1.000000000000000000, 9.912705577010324317E-17, 0.000000000000000000 ) ) ;
#1589 = DIRECTION ( 'NONE',  ( 0.000000000000000000, -0.000000000000000000, -1.000000000000000000 ) ) ;
#1590 = ORIENTED_EDGE ( 'NONE', *, *, #949, .F. ) ;
#1591 = ORIENTED_EDGE ( 'NONE', *, *, #1613, .F. ) ;
#1592 = CARTESIAN_POINT ( 'NONE',  ( 6.322806429915983689E-16, 1.499999999999984901, 100.7499999999999858 ) ) ;
#1593 = ADVANCED_FACE ( 'NONE', ( #1054, #1232 ), #1923, .F. ) ;
#1594 = DIRECTION ( 'NONE',  ( 0.000000000000000000, -1.000000000000000000, -0.000000000000000000 ) ) ;
#1595 = VERTEX_POINT ( 'NONE', #1240 ) ;
#1596 = VECTOR ( 'NONE', #480, 1000.000000000000114 ) ;
#1597 = CARTESIAN_POINT ( 'NONE',  ( 32.17386661099677525, 8.187496572437434698E-16, -26.99707960683497276 ) ) ;
#1598 = EDGE_CURVE ( 'NONE', #337, #138, #362, .T. ) ;
#1599 = FACE_OUTER_BOUND ( 'NONE', #991, .T. ) ;
#1600 = DIRECTION ( 'NONE',  ( 0.000000000000000000, 0.000000000000000000, 1.000000000000000000 ) ) ;
#1601 = EDGE_LOOP ( 'NONE', ( #2278, #1755 ) ) ;
#1602 = ORIENTED_EDGE ( 'NONE', *, *, #181, .T. ) ;
#1603 = DIRECTION ( 'NONE',  ( 0.1305261922200568470, -7.760545992504354918E-18, 0.9914448613738098270 ) ) ;
#1604 = LINE ( 'NONE', #45, #2099 ) ;
#1605 = CARTESIAN_POINT ( 'NONE',  ( -11.00000000000327738, 21.49999999999998579, 1.347111479062490132E-15 ) ) ;
#1606 = EDGE_CURVE ( 'NONE', #342, #365, #1836, .T. ) ;
#1607 = VERTEX_POINT ( 'NONE', #957 ) ;
#1608 = CYLINDRICAL_SURFACE ( 'NONE', #1987, 5.000000000000004441 ) ;
#1609 = DIRECTION ( 'NONE',  ( -1.000000000000000000, 9.912705577010324317E-17, 0.000000000000000000 ) ) ;
#1610 = ORIENTED_EDGE ( 'NONE', *, *, #598, .F. ) ;
#1611 = DIRECTION ( 'NONE',  ( 6.010789962675446909E-17, 1.000000000000000000, 0.000000000000000000 ) ) ;
#1612 = DIRECTION ( 'NONE',  ( 0.000000000000000000, 0.000000000000000000, 1.000000000000000000 ) ) ;
#1613 = EDGE_CURVE ( 'NONE', #1220, #622, #431, .T. ) ;
#1614 = FACE_OUTER_BOUND ( 'NONE', #752, .T. ) ;
#1615 = CYLINDRICAL_SURFACE ( 'NONE', #347, 11.00000000000327915 ) ;
#1616 = ORIENTED_EDGE ( 'NONE', *, *, #1784, .T. ) ;
#1617 = CIRCLE ( 'NONE', #1065, 28.99999999999999645 ) ;
#1618 = CARTESIAN_POINT ( 'NONE',  ( 103.0000000000000000, 1.499999999999978684, 0.000000000000000000 ) ) ;
#1619 = CIRCLE ( 'NONE', #2241, 5.000000000000004441 ) ;
#1620 = CARTESIAN_POINT ( 'NONE',  ( -103.0000000000000000, 5.999999999999991118, 0.000000000000000000 ) ) ;
#1621 = DIRECTION ( 'NONE',  ( -0.000000000000000000, 1.000000000000000000, -0.000000000000000000 ) ) ;
#1622 = CIRCLE ( 'NONE', #1692, 110.0000000000000000 ) ;
#1623 = EDGE_CURVE ( 'NONE', #1656, #2034, #366, .T. ) ;
#1624 = EDGE_LOOP ( 'NONE', ( #2162, #1591 ) ) ;
#1625 = AXIS2_PLACEMENT_3D ( 'NONE', #2205, #935, #55 ) ;
#1626 = DIRECTION ( 'NONE',  ( -5.945585219724088271E-17, -1.000000000000000000, -0.000000000000000000 ) ) ;
#1627 = DIRECTION ( 'NONE',  ( 1.000000000000000000, 0.000000000000000000, 0.000000000000000000 ) ) ;
#1628 = EDGE_CURVE ( 'NONE', #1149, #2066, #728, .T. ) ;
#1629 = LINE ( 'NONE', #338, #63 ) ;
#1630 = DIRECTION ( 'NONE',  ( -5.945585219724109225E-17, -1.000000000000000000, -5.945585219724088271E-17 ) ) ;
#1631 = EDGE_LOOP ( 'NONE', ( #392, #192, #2042, #1494 ) ) ;
#1632 = CYLINDRICAL_SURFACE ( 'NONE', #1228, 41.99999999999995026 ) ;
#1633 = DIRECTION ( 'NONE',  ( 6.010789962675446909E-17, 1.000000000000000000, 0.000000000000000000 ) ) ;
#1634 = ORIENTED_EDGE ( 'NONE', *, *, #1823, .T. ) ;
#1635 = AXIS2_PLACEMENT_3D ( 'NONE', #572, #1458, #1951 ) ;
#1636 = ADVANCED_FACE ( 'NONE', ( #943 ), #86, .F. ) ;
#1637 = DIRECTION ( 'NONE',  ( -0.000000000000000000, 1.000000000000000000, -0.000000000000000000 ) ) ;
#1638 = CIRCLE ( 'NONE', #307, 28.99999999999999289 ) ;
#1639 = VERTEX_POINT ( 'NONE', #53 ) ;
#1640 = PRODUCT ( 'ARP-0086', 'ARP-0086', '', ( #924 ) ) ;
#1641 = FACE_OUTER_BOUND ( 'NONE', #435, .T. ) ;
#1642 = DIRECTION ( 'NONE',  ( 1.189117043944817654E-16, 1.000000000000000000, 0.000000000000000000 ) ) ;
#1643 = VERTEX_POINT ( 'NONE', #266 ) ;
#1644 = CARTESIAN_POINT ( 'NONE',  ( 2.614693633763818703E-15, 43.49999999999998579, 0.000000000000000000 ) ) ;
#1645 = EDGE_LOOP ( 'NONE', ( #1570, #1585, #174, #516 ) ) ;
#1646 = CARTESIAN_POINT ( 'NONE',  ( 3.567351131834444334E-16, 5.999999999999985789, 103.0000000000000000 ) ) ;
#1647 = ORIENTED_EDGE ( 'NONE', *, *, #1881, .T. ) ;
#1648 = CARTESIAN_POINT ( 'NONE',  ( -103.0000000000000000, 5.999999999999991118, 5.000000000000004441 ) ) ;
#1649 = DIRECTION ( 'NONE',  ( -5.945585219724109225E-17, -1.000000000000000000, -5.945585219724088271E-17 ) ) ;
#1650 = ORIENTED_EDGE ( 'NONE', *, *, #2253, .T. ) ;
#1651 = CARTESIAN_POINT ( 'NONE',  ( 3.567351131834444334E-16, 5.999999999999985789, 103.0000000000000000 ) ) ;
#1652 = EDGE_CURVE ( 'NONE', #1994, #337, #876, .T. ) ;
#1653 = VERTEX_POINT ( 'NONE', #1133 ) ;
#1654 = DIRECTION ( 'NONE',  ( -1.000000000000000000, 6.308085367188389994E-17, 0.000000000000000000 ) ) ;
#1655 = AXIS2_PLACEMENT_3D ( 'NONE', #76, #783, #607 ) ;
#1656 = VERTEX_POINT ( 'NONE', #770 ) ;
#1657 = AXIS2_PLACEMENT_3D ( 'NONE', #292, #697, #871 ) ;
#1658 = FACE_OUTER_BOUND ( 'NONE', #1631, .T. ) ;
#1659 = ORIENTED_EDGE ( 'NONE', *, *, #1154, .F. ) ;
#1660 = CIRCLE ( 'NONE', #475, 35.00000000000000711 ) ;
#1661 = CARTESIAN_POINT ( 'NONE',  ( 84.26488874308759591, -2.389786934886638288E-14, 70.70663706551928840 ) ) ;
#1662 = FACE_OUTER_BOUND ( 'NONE', #126, .T. ) ;
#1663 = ORIENTED_EDGE ( 'NONE', *, *, #2186, .T. ) ;
#1664 = CARTESIAN_POINT ( 'NONE',  ( -28.99999999999999645, 30.50000000000000355, 0.000000000000000000 ) ) ;
#1665 = CARTESIAN_POINT ( 'NONE',  ( 32.17386661099706657, 5.999999999999981348, 26.99707960683462815 ) ) ;
#1666 = EDGE_CURVE ( 'NONE', #761, #274, #1937, .T. ) ;
#1667 = VERTEX_POINT ( 'NONE', #65 ) ;
#1668 = AXIS2_PLACEMENT_3D ( 'NONE', #737, #1804, #574 ) ;
#1669 = CARTESIAN_POINT ( 'NONE',  ( -32.17386661099706657, 5.999999999999984901, -26.99707960683462815 ) ) ;
#1670 = VERTEX_POINT ( 'NONE', #1451 ) ;
#1671 = VECTOR ( 'NONE', #1594, 1000.000000000000000 ) ;
#1672 = DIRECTION ( 'NONE',  ( -1.000000000000000000, 0.000000000000000000, 0.000000000000000000 ) ) ;
#1673 = CIRCLE ( 'NONE', #969, 35.00000000000000711 ) ;
#1674 = EDGE_LOOP ( 'NONE', ( #1, #1435, #687, #388 ) ) ;
#1675 = EDGE_CURVE ( 'NONE', #419, #2154, #1462, .T. ) ;
#1676 = CARTESIAN_POINT ( 'NONE',  ( 3.567351131834444334E-16, 1.499999999999984901, -103.0000000000000000 ) ) ;
#1677 = VERTEX_POINT ( 'NONE', #1279 ) ;
#1678 = DIRECTION ( 'NONE',  ( 6.010789962675446909E-17, 1.000000000000000000, 0.000000000000000000 ) ) ;
#1679 = ORIENTED_EDGE ( 'NONE', *, *, #767, .T. ) ;
#1680 = CARTESIAN_POINT ( 'NONE',  ( 103.0000000000000000, 1.499999999999978684, 2.250000000000001776 ) ) ;
#1681 = ORIENTED_EDGE ( 'NONE', *, *, #1360, .F. ) ;
#1682 = ADVANCED_FACE ( 'NONE', ( #1094 ), #585, .T. ) ;
#1683 = CARTESIAN_POINT ( 'NONE',  ( 32.17386661099677525, 5.999999999999981348, -26.99707960683497276 ) ) ;
#1684 = ORIENTED_EDGE ( 'NONE', *, *, #609, .F. ) ;
#1685 = DIRECTION ( 'NONE',  ( -0.9238795325112878487, 5.493004493304713556E-17, -0.3826834323650872283 ) ) ;
#1686 = VERTEX_POINT ( 'NONE', #1665 ) ;
#1687 = DIRECTION ( 'NONE',  ( -0.7660444431189757930, 7.328340070858879475E-18, 0.6427876096865420275 ) ) ;
#1688 = DIRECTION ( 'NONE',  ( 0.000000000000000000, 0.000000000000000000, 1.000000000000000000 ) ) ;
#1689 = DIRECTION ( 'NONE',  ( 1.000000000000000000, 0.000000000000000000, 0.000000000000000000 ) ) ;
#1690 = EDGE_CURVE ( 'NONE', #2085, #1941, #762, .T. ) ;
#1691 = ORIENTED_EDGE ( 'NONE', *, *, #2196, .T. ) ;
#1692 = AXIS2_PLACEMENT_3D ( 'NONE', #2025, #122, #133 ) ;
#1693 = DIRECTION ( 'NONE',  ( 0.7660444431189850079, -7.328340070859440306E-18, 0.6427876096865310362 ) ) ;
#1694 = EDGE_CURVE ( 'NONE', #813, #1844, #1025, .T. ) ;
#1695 = ORIENTED_EDGE ( 'NONE', *, *, #854, .T. ) ;
#1696 = DIRECTION ( 'NONE',  ( -0.9914448613738096050, 6.037382066022979857E-17, 0.1305261922200568747 ) ) ;
#1697 = ORIENTED_EDGE ( 'NONE', *, *, #1893, .T. ) ;
#1698 = CARTESIAN_POINT ( 'NONE',  ( 1.172104042721711247E-15, 19.49999999999998579, 0.000000000000000000 ) ) ;
#1699 = VERTEX_POINT ( 'NONE', #219 ) ;
#1700 = CARTESIAN_POINT ( 'NONE',  ( 13.39392013277806193, 19.49999999999998224, 32.33578363789507648 ) ) ;
#1701 = VERTEX_POINT ( 'NONE', #1988 ) ;
#1702 = EDGE_CURVE ( 'NONE', #1307, #395, #404, .T. ) ;
#1703 = AXIS2_PLACEMENT_3D ( 'NONE', #1215, #1072, #1416 ) ;
#1704 = SURFACE_STYLE_FILL_AREA ( #127 ) ;
#1705 = CARTESIAN_POINT ( 'NONE',  ( -7.995791255421902832, 24.49999999999998579, 0.2594652185337183448 ) ) ;
#1706 = AXIS2_PLACEMENT_3D ( 'NONE', #1237, #1927, #358 ) ;
#1707 = ORIENTED_EDGE ( 'NONE', *, *, #1216, .F. ) ;
#1708 = EDGE_CURVE ( 'NONE', #1056, #105, #1802, .T. ) ;
#1709 = AXIS2_PLACEMENT_3D ( 'NONE', #340, #723, #1588 ) ;
#1710 = CARTESIAN_POINT ( 'NONE',  ( 28.99999999999999645, 5.999999999999986677, 3.551475717527324030E-15 ) ) ;
#1711 = VERTEX_POINT ( 'NONE', #575 ) ;
#1712 = AXIS2_PLACEMENT_3D ( 'NONE', #1900, #1350, #1222 ) ;
#1713 = DIRECTION ( 'NONE',  ( -1.000000000000000000, 6.308085367188389994E-17, 0.000000000000000000 ) ) ;
#1714 = FACE_OUTER_BOUND ( 'NONE', #2203, .T. ) ;
#1715 = LINE ( 'NONE', #124, #1957 ) ;
#1716 = DIRECTION ( 'NONE',  ( -1.000000000000000000, 0.000000000000000000, 0.000000000000000000 ) ) ;
#1717 = EDGE_LOOP ( 'NONE', ( #2139, #463 ) ) ;
#1718 = FILL_AREA_STYLE_COLOUR ( '', #782 ) ;
#1719 = PLANE ( 'NONE',  #143 ) ;
#1720 = ORIENTED_EDGE ( 'NONE', *, *, #2259, .F. ) ;
#1721 = ADVANCED_FACE ( 'NONE', ( #758 ), #1107, .F. ) ;
#1722 = DIRECTION ( 'NONE',  ( 0.000000000000000000, 0.000000000000000000, 1.000000000000000000 ) ) ;
#1723 = ORIENTED_EDGE ( 'NONE', *, *, #2209, .T. ) ;
#1724 = LINE ( 'NONE', #277, #1504 ) ;
#1725 = VERTEX_POINT ( 'NONE', #416 ) ;
#1726 = ADVANCED_FACE ( 'NONE', ( #1121 ), #312, .F. ) ;
#1727 = CARTESIAN_POINT ( 'NONE',  ( 3.567351131834444334E-16, 5.999999999999985789, 108.0000000000000000 ) ) ;
#1728 = DIRECTION ( 'NONE',  ( -5.945585219724088271E-17, -1.000000000000000000, -0.000000000000000000 ) ) ;
#1729 = ORIENTED_EDGE ( 'NONE', *, *, #719, .T. ) ;
#1730 = ORIENTED_EDGE ( 'NONE', *, *, #224, .T. ) ;
#1731 = VECTOR ( 'NONE', #1362, 1000.000000000000000 ) ;
#1732 = FACE_BOUND ( 'NONE', #1979, .T. ) ;
#1733 = CARTESIAN_POINT ( 'NONE',  ( 9.690585127571208152E-16, 5.999999999999985789, -108.0000000000000000 ) ) ;
#1734 = AXIS2_PLACEMENT_3D ( 'NONE', #231, #1487, #2001 ) ;
#1735 = CARTESIAN_POINT ( 'NONE',  ( 13.39392013277806193, 19.49999999999998579, 32.33578363789507648 ) ) ;
#1736 = PRODUCT_DEFINITION_CONTEXT ( 'detailed design', #647, 'design' ) ;
#1737 = VECTOR ( 'NONE', #2233, 999.9999999999998863 ) ;
#1738 = CIRCLE ( 'NONE', #839, 110.0000000000000000 ) ;
#1739 = ADVANCED_FACE ( 'NONE', ( #630 ), #2061, .F. ) ;
#1740 = ORIENTED_EDGE ( 'NONE', *, *, #1224, .F. ) ;
#1741 = LINE ( 'NONE', #2201, #1280 ) ;
#1742 = CYLINDRICAL_SURFACE ( 'NONE', #1037, 28.99999999999999645 ) ;
#1743 = DIRECTION ( 'NONE',  ( -0.7660444431189783465, -0.000000000000000000, -0.6427876096865390299 ) ) ;
#1744 = CARTESIAN_POINT ( 'NONE',  ( -28.99999999999999645, 5.999999999999989342, 0.000000000000000000 ) ) ;
#1745 = ORIENTED_EDGE ( 'NONE', *, *, #10, .F. ) ;
#1746 = CARTESIAN_POINT ( 'NONE',  ( 3.920520036831056648E-15, 19.49999999999998579, -2.112065484341257014E-15 ) ) ;
#1747 = LINE ( 'NONE', #820, #26 ) ;
#1748 = DIRECTION ( 'NONE',  ( -6.010789962675446909E-17, -1.000000000000000000, -0.000000000000000000 ) ) ;
#1749 = AXIS2_PLACEMENT_3D ( 'NONE', #93, #2250, #664 ) ;
#1750 = PLANE ( 'NONE',  #799 ) ;
#1751 = AXIS2_PLACEMENT_3D ( 'NONE', #898, #17, #361 ) ;
#1752 = DIRECTION ( 'NONE',  ( 5.945585219724088271E-17, 1.000000000000000000, -0.000000000000000000 ) ) ;
#1753 = CARTESIAN_POINT ( 'NONE',  ( -103.0000000000000000, 1.499999999999990896, 0.000000000000000000 ) ) ;
#1754 = DIRECTION ( 'NONE',  ( 6.010789962675446909E-17, 1.000000000000000000, 0.000000000000000000 ) ) ;
#1755 = ORIENTED_EDGE ( 'NONE', *, *, #1195, .T. ) ;
#1756 = ORIENTED_EDGE ( 'NONE', *, *, #1551, .T. ) ;
#1757 = DIRECTION ( 'NONE',  ( -1.000000000000000000, 9.912705577010324317E-17, 0.000000000000000000 ) ) ;
#1758 = DIRECTION ( 'NONE',  ( -1.000000000000000000, 0.000000000000000000, 0.000000000000000000 ) ) ;
#1759 = EDGE_CURVE ( 'NONE', #185, #2225, #146, .T. ) ;
#1760 = LINE ( 'NONE', #1573, #1671 ) ;
#1761 = EDGE_LOOP ( 'NONE', ( #750, #811, #880, #942 ) ) ;
#1762 = CARTESIAN_POINT ( 'NONE',  ( 3.567351131834444334E-16, -9.540979117872439019E-15, 103.0000000000000000 ) ) ;
#1763 = CARTESIAN_POINT ( 'NONE',  ( 2.249999999999999112, 1.499999999999984901, -103.0000000000000000 ) ) ;
#1764 = VERTEX_POINT ( 'NONE', #1026 ) ;
#1765 = CARTESIAN_POINT ( 'NONE',  ( -1.732424921661867590E-15, -1.734723475976807094E-14, 0.000000000000000000 ) ) ;
#1766 = VECTOR ( 'NONE', #341, 1000.000000000000000 ) ;
#1767 = EDGE_CURVE ( 'NONE', #931, #983, #447, .T. ) ;
#1768 = CARTESIAN_POINT ( 'NONE',  ( 32.17386661099677525, 5.999999999999981348, -26.99707960683497276 ) ) ;
#1769 = AXIS2_PLACEMENT_3D ( 'NONE', #2221, #454, #637 ) ;
#1770 = ORIENTED_EDGE ( 'NONE', *, *, #883, .F. ) ;
#1771 = CIRCLE ( 'NONE', #1548, 35.00000000000000711 ) ;
#1772 = DIRECTION ( 'NONE',  ( -6.010789962675446909E-17, -1.000000000000000000, -0.000000000000000000 ) ) ;
#1773 = CARTESIAN_POINT ( 'NONE',  ( 1.859465218552105892, 43.49999999999998579, 7.995791255412937559 ) ) ;
#1774 = ORIENTED_EDGE ( 'NONE', *, *, #15, .T. ) ;
#1775 = DIRECTION ( 'NONE',  ( -6.089478397878017996E-17, -1.000000000000000000, -1.232595164407830672E-32 ) ) ;
#1776 = ADVANCED_FACE ( 'NONE', ( #1159 ), #483, .T. ) ;
#1777 = CIRCLE ( 'NONE', #263, 2.250000000000001776 ) ;
#1778 = CARTESIAN_POINT ( 'NONE',  ( 3.567351131834444334E-16, 5.999999999999985789, 103.0000000000000000 ) ) ;
#1779 = CIRCLE ( 'NONE', #343, 5.000000000000004441 ) ;
#1780 = ORIENTED_EDGE ( 'NONE', *, *, #1809, .F. ) ;
#1781 = CIRCLE ( 'NONE', #815, 35.00000000000000711 ) ;
#1782 = FACE_OUTER_BOUND ( 'NONE', #1096, .T. ) ;
#1783 = DIRECTION ( 'NONE',  ( 5.945585219724088271E-17, 1.000000000000000000, -0.000000000000000000 ) ) ;
#1784 = EDGE_CURVE ( 'NONE', #1125, #715, #1190, .T. ) ;
#1785 = DIRECTION ( 'NONE',  ( -0.000000000000000000, 1.000000000000000000, -0.000000000000000000 ) ) ;
#1786 = ORIENTED_EDGE ( 'NONE', *, *, #1517, .F. ) ;
#1787 = FACE_OUTER_BOUND ( 'NONE', #1674, .T. ) ;
#1788 = LINE ( 'NONE', #1962, #1354 ) ;
#1789 = DIRECTION ( 'NONE',  ( 1.000000000000000000, 0.000000000000000000, 0.000000000000000000 ) ) ;
#1790 = VERTEX_POINT ( 'NONE', #1015 ) ;
#1791 = EDGE_CURVE ( 'NONE', #1477, #881, #61, .T. ) ;
#1792 = LINE ( 'NONE', #2147, #1561 ) ;
#1793 = FACE_OUTER_BOUND ( 'NONE', #1928, .T. ) ;
#1794 = CARTESIAN_POINT ( 'NONE',  ( 103.0000000000000000, 5.999999999999979572, -5.000000000000004441 ) ) ;
#1795 = EDGE_CURVE ( 'NONE', #1272, #458, #1741, .T. ) ;
#1796 = ORIENTED_EDGE ( 'NONE', *, *, #106, .F. ) ;
#1797 = ORIENTED_EDGE ( 'NONE', *, *, #1858, .F. ) ;
#1798 = LINE ( 'NONE', #1969, #1996 ) ;
#1799 = PLANE ( 'NONE',  #434 ) ;
#1800 = CARTESIAN_POINT ( 'NONE',  ( 3.567351131834444334E-16, 5.999999999999985789, 0.000000000000000000 ) ) ;
#1801 = ORIENTED_EDGE ( 'NONE', *, *, #1522, .F. ) ;
#1802 = CIRCLE ( 'NONE', #797, 41.99999999999995026 ) ;
#1803 = EDGE_CURVE ( 'NONE', #1346, #1607, #287, .T. ) ;
#1804 = DIRECTION ( 'NONE',  ( -1.189117043944817654E-16, -1.000000000000000000, 0.000000000000000000 ) ) ;
#1805 = AXIS2_PLACEMENT_3D ( 'NONE', #2166, #1827, #567 ) ;
#1806 = CARTESIAN_POINT ( 'NONE',  ( 6.395791255433000089, 43.49999999999998579, -0.2594652185619732987 ) ) ;
#1807 = AXIS2_PLACEMENT_3D ( 'NONE', #1509, #1524, #1550 ) ;
#1808 = ORIENTED_EDGE ( 'NONE', *, *, #2266, .T. ) ;
#1809 = EDGE_CURVE ( 'NONE', #1056, #216, #1724, .T. ) ;
#1810 = CARTESIAN_POINT ( 'NONE',  ( 1.472643540855483913E-15, 24.49999999999998579, 0.000000000000000000 ) ) ;
#1811 = ORIENTED_EDGE ( 'NONE', *, *, #2104, .T. ) ;
#1812 = FACE_OUTER_BOUND ( 'NONE', #821, .T. ) ;
#1813 = FACE_OUTER_BOUND ( 'NONE', #331, .T. ) ;
#1814 = ORIENTED_EDGE ( 'NONE', *, *, #1995, .T. ) ;
#1815 = DIRECTION ( 'NONE',  ( -5.945585219724026641E-17, -1.000000000000000000, 5.945585219724088271E-17 ) ) ;
#1816 = DIRECTION ( 'NONE',  ( -1.000000000000000000, 5.981805089575197430E-17, 0.000000000000000000 ) ) ;
#1817 = EDGE_LOOP ( 'NONE', ( #1261, #654, #427, #678 ) ) ;
#1818 = CIRCLE ( 'NONE', #2219, 1.599999999999297096 ) ;
#1819 = DIRECTION ( 'NONE',  ( 5.945585219724088271E-17, 1.000000000000000000, -0.000000000000000000 ) ) ;
#1820 = ORIENTED_EDGE ( 'NONE', *, *, #364, .F. ) ;
#1821 = VECTOR ( 'NONE', #707, 1000.000000000000000 ) ;
#1822 = DIRECTION ( 'NONE',  ( 0.000000000000000000, 0.000000000000000000, 1.000000000000000000 ) ) ;
#1823 = EDGE_CURVE ( 'NONE', #2218, #1136, #1622, .T. ) ;
#1824 = CYLINDRICAL_SURFACE ( 'NONE', #2258, 2.250000000000001776 ) ;
#1825 = ORIENTED_EDGE ( 'NONE', *, *, #1989, .T. ) ;
#1826 = CYLINDRICAL_SURFACE ( 'NONE', #1075, 2.250000000000001776 ) ;
#1827 = DIRECTION ( 'NONE',  ( -0.000000000000000000, 1.000000000000000000, -0.000000000000000000 ) ) ;
#1828 = ORIENTED_EDGE ( 'NONE', *, *, #779, .T. ) ;
#1829 = DIRECTION ( 'NONE',  ( 6.010789962675446909E-17, 1.000000000000000000, 0.000000000000000000 ) ) ;
#1830 = ORIENTED_EDGE ( 'NONE', *, *, #15, .F. ) ;
#1831 = CARTESIAN_POINT ( 'NONE',  ( 103.0000000000000000, -1.561251128379126385E-14, -2.250000000000001776 ) ) ;
#1832 = DIRECTION ( 'NONE',  ( -1.000000000000000000, 6.308085367188389994E-17, 0.000000000000000000 ) ) ;
#1833 = EDGE_LOOP ( 'NONE', ( #1081, #2277, #344, #2007 ) ) ;
#1834 = CARTESIAN_POINT ( 'NONE',  ( 28.99999999999999289, -1.724219713719985315E-15, 3.551475717527323241E-15 ) ) ;
#1835 = DIRECTION ( 'NONE',  ( -0.000000000000000000, 1.000000000000000000, -0.000000000000000000 ) ) ;
#1836 = CIRCLE ( 'NONE', #833, 28.99999999999999645 ) ;
#1837 = ORIENTED_EDGE ( 'NONE', *, *, #1690, .F. ) ;
#1838 = AXIS2_PLACEMENT_3D ( 'NONE', #1705, #2069, #1758 ) ;
#1839 = CARTESIAN_POINT ( 'NONE',  ( -35.00000000000000711, 24.49999999999998934, 4.286263797015737285E-15 ) ) ;
#1840 = ORIENTED_EDGE ( 'NONE', *, *, #2282, .F. ) ;
#1841 = FACE_OUTER_BOUND ( 'NONE', #978, .T. ) ;
#1842 = ADVANCED_FACE ( 'NONE', ( #979 ), #297, .F. ) ;
#1843 = CARTESIAN_POINT ( 'NONE',  ( 1.172104042721711247E-15, 19.49999999999998579, 0.000000000000000000 ) ) ;
#1844 = VERTEX_POINT ( 'NONE', #323 ) ;
#1845 = CARTESIAN_POINT ( 'NONE',  ( 3.567351131834444334E-16, 5.999999999999985789, 103.0000000000000000 ) ) ;
#1846 = VECTOR ( 'NONE', #1060, 1000.000000000000114 ) ;
#1847 = ORIENTED_EDGE ( 'NONE', *, *, #326, .F. ) ;
#1848 = ADVANCED_FACE ( 'NONE', ( #2038 ), #459, .T. ) ;
#1849 = AXIS2_PLACEMENT_3D ( 'NONE', #119, #456, #467 ) ;
#1850 = CARTESIAN_POINT ( 'NONE',  ( 3.567351131834444334E-16, -9.540979117872439019E-15, -103.0000000000000000 ) ) ;
#1851 = AXIS2_PLACEMENT_3D ( 'NONE', #1434, #2132, #37 ) ;
#1852 = LINE ( 'NONE', #2210, #139 ) ;
#1853 = VERTEX_POINT ( 'NONE', #1895 ) ;
#1854 = CARTESIAN_POINT ( 'NONE',  ( 1.340534781456615088, 43.49999999999998579, -7.995791255441193179 ) ) ;
#1855 = DIRECTION ( 'NONE',  ( -6.010789962675446909E-17, -1.000000000000000000, 0.000000000000000000 ) ) ;
#1856 = LINE ( 'NONE', #324, #922 ) ;
#1857 = DIRECTION ( 'NONE',  ( -0.000000000000000000, 1.000000000000000000, -0.000000000000000000 ) ) ;
#1858 = EDGE_CURVE ( 'NONE', #2115, #43, #1168, .T. ) ;
#1859 = VERTEX_POINT ( 'NONE', #1326 ) ;
#1860 = CARTESIAN_POINT ( 'NONE',  ( 11.00000000000328093, 21.49999999999998579, 0.000000000000000000 ) ) ;
#1861 = EDGE_LOOP ( 'NONE', ( #1282, #1786 ) ) ;
#1862 = CARTESIAN_POINT ( 'NONE',  ( 11.09781953858753489, 19.49999999999998224, 26.79250644282734228 ) ) ;
#1863 = ORIENTED_EDGE ( 'NONE', *, *, #1013, .F. ) ;
#1864 = DIRECTION ( 'NONE',  ( 5.945585219724088271E-17, 1.000000000000000000, -0.000000000000000000 ) ) ;
#1865 = ADVANCED_FACE ( 'NONE', ( #96 ), #803, .F. ) ;
#1866 = CARTESIAN_POINT ( 'NONE',  ( 6.322806429915987633E-16, 5.999999999999985789, 100.7499999999999858 ) ) ;
#1867 = ORIENTED_EDGE ( 'NONE', *, *, #1266, .T. ) ;
#1868 = CIRCLE ( 'NONE', #764, 110.0000000000000000 ) ;
#1869 = EDGE_CURVE ( 'NONE', #778, #842, #509, .T. ) ;
#1870 = DIRECTION ( 'NONE',  ( -1.189117043944817654E-16, -1.000000000000000000, 0.000000000000000000 ) ) ;
#1871 = DIRECTION ( 'NONE',  ( -1.000000000000000000, 5.945585219724088271E-17, 0.000000000000000000 ) ) ;
#1872 = DIRECTION ( 'NONE',  ( -0.3826834323650871728, 0.000000000000000000, 0.9238795325112877377 ) ) ;
#1873 = VERTEX_POINT ( 'NONE', #503 ) ;
#1874 = DIRECTION ( 'NONE',  ( 1.000000000000000000, 0.000000000000000000, 0.000000000000000000 ) ) ;
#1875 = LINE ( 'NONE', #299, #672 ) ;
#1876 = DIRECTION ( 'NONE',  ( -6.010789962675446909E-17, -1.000000000000000000, 0.000000000000000000 ) ) ;
#1877 = VECTOR ( 'NONE', #1041, 999.9999999999998863 ) ;
#1878 =( NAMED_UNIT ( * ) PLANE_ANGLE_UNIT ( ) SI_UNIT ( $, .RADIAN. ) );
#1879 = CARTESIAN_POINT ( 'NONE',  ( 84.26488874308685695, -2.235727553029399141E-14, -70.70663706552019789 ) ) ;
#1880 = AXIS2_PLACEMENT_3D ( 'NONE', #1843, #626, #107 ) ;
#1881 = EDGE_CURVE ( 'NONE', #1595, #622, #1629, .T. ) ;
#1882 = VECTOR ( 'NONE', #1053, 1000.000000000000000 ) ;
#1883 = LINE ( 'NONE', #1355, #1370 ) ;
#1884 = DIRECTION ( 'NONE',  ( -0.000000000000000000, 1.000000000000000000, -0.000000000000000000 ) ) ;
#1885 = VERTEX_POINT ( 'NONE', #1274 ) ;
#1886 = CARTESIAN_POINT ( 'NONE',  ( 3.567351131834444334E-16, 5.999999999999985789, -103.0000000000000000 ) ) ;
#1887 = DIRECTION ( 'NONE',  ( -0.000000000000000000, -1.000000000000000000, -0.000000000000000000 ) ) ;
#1888 = EDGE_LOOP ( 'NONE', ( #1953, #663 ) ) ;
#1889 = LINE ( 'NONE', #1366, #308 ) ;
#1890 = CARTESIAN_POINT ( 'NONE',  ( 70.70663706551839311, 5.999999999999975131, -84.26488874308833488 ) ) ;
#1891 = EDGE_CURVE ( 'NONE', #2047, #265, #1788, .T. ) ;
#1892 = DIRECTION ( 'NONE',  ( -6.010789962675446909E-17, -1.000000000000000000, -0.000000000000000000 ) ) ;
#1893 = EDGE_CURVE ( 'NONE', #1701, #617, #398, .T. ) ;
#1894 = VERTEX_POINT ( 'NONE', #1908 ) ;
#1895 = CARTESIAN_POINT ( 'NONE',  ( -28.75190097984054205, 19.49999999999998579, -3.785259574381182102 ) ) ;
#1896 = VERTEX_POINT ( 'NONE', #1446 ) ;
#1897 = DIRECTION ( 'NONE',  ( 6.010789962675446909E-17, 1.000000000000000000, 0.000000000000000000 ) ) ;
#1898 = EDGE_LOOP ( 'NONE', ( #921, #1811, #918, #2249 ) ) ;
#1899 = VERTEX_POINT ( 'NONE', #390 ) ;
#1900 = CARTESIAN_POINT ( 'NONE',  ( -2.456823860547607156E-31, 5.999999999999985789, 0.000000000000000000 ) ) ;
#1901 = DIRECTION ( 'NONE',  ( 0.000000000000000000, 1.000000000000000000, 0.000000000000000000 ) ) ;
#1902 = VECTOR ( 'NONE', #1931, 1000.000000000000000 ) ;
#1903 = AXIS2_PLACEMENT_3D ( 'NONE', #1575, #732, #570 ) ;
#1904 = CARTESIAN_POINT ( 'NONE',  ( 103.0000000000000000, 5.999999999999979572, 2.250000000000001776 ) ) ;
#1905 = AXIS2_PLACEMENT_3D ( 'NONE', #751, #1490, #1284 ) ;
#1906 = EDGE_CURVE ( 'NONE', #1038, #395, #730, .T. ) ;
#1907 = ORIENTED_EDGE ( 'NONE', *, *, #536, .F. ) ;
#1908 = CARTESIAN_POINT ( 'NONE',  ( -103.0000000000000000, 1.499999999999990896, -2.250000000000001776 ) ) ;
#1909 = CARTESIAN_POINT ( 'NONE',  ( 7.995791255432229683, 43.49999999999998579, -0.2594652185619735207 ) ) ;
#1910 = DIRECTION ( 'NONE',  ( 0.000000000000000000, 0.000000000000000000, 1.000000000000000000 ) ) ;
#1911 = CARTESIAN_POINT ( 'NONE',  ( -5.472751883905943493E-16, 19.49999999999998579, 2.403560570595268155E-31 ) ) ;
#1912 = ADVANCED_FACE ( 'NONE', ( #1286, #2102, #743, #225, #35, #517 ), #1750, .F. ) ;
#1913 = EDGE_LOOP ( 'NONE', ( #807, #430, #1105, #1153 ) ) ;
#1914 = ORIENTED_EDGE ( 'NONE', *, *, #1100, .F. ) ;
#1915 = CARTESIAN_POINT ( 'NONE',  ( 1.292319841975220235E-15, 21.49999999999998579, 0.000000000000000000 ) ) ;
#1916 = CARTESIAN_POINT ( 'NONE',  ( -1.375689808478422515E-15, 5.999999999999981348, 0.000000000000000000 ) ) ;
#1917 = LINE ( 'NONE', #873, #1372 ) ;
#1918 = CIRCLE ( 'NONE', #526, 1.599999999999096145 ) ;
#1919 = ORIENTED_EDGE ( 'NONE', *, *, #1318, .T. ) ;
#1920 = DIRECTION ( 'NONE',  ( -0.000000000000000000, 1.000000000000000000, -0.000000000000000000 ) ) ;
#1921 = DIRECTION ( 'NONE',  ( -0.000000000000000000, 1.000000000000000000, -0.000000000000000000 ) ) ;
#1922 = CARTESIAN_POINT ( 'NONE',  ( 0.000000000000000000, 0.000000000000000000, 0.000000000000000000 ) ) ;
#1923 = PLANE ( 'NONE',  #328 ) ;
#1924 = VERTEX_POINT ( 'NONE', #1227 ) ;
#1925 = ADVANCED_FACE ( 'NONE', ( #1983, #1432, #561, #2143, #200, #1641 ), #1799, .T. ) ;
#1926 = CARTESIAN_POINT ( 'NONE',  ( -103.0000000000000000, 1.499999999999990896, -5.000000000000004441 ) ) ;
#1927 = DIRECTION ( 'NONE',  ( 6.010789962675446909E-17, 1.000000000000000000, 0.000000000000000000 ) ) ;
#1928 = EDGE_LOOP ( 'NONE', ( #317, #1919, #535, #1840 ) ) ;
#1929 = DIRECTION ( 'NONE',  ( -0.9914448613738119365, 0.000000000000000000, -0.1305261922200407487 ) ) ;
#1930 = DIRECTION ( 'NONE',  ( -1.000000000000000000, 6.195440985631461480E-17, 3.491481338843133355E-15 ) ) ;
#1931 = DIRECTION ( 'NONE',  ( -0.000000000000000000, 1.000000000000000000, -0.000000000000000000 ) ) ;
#1932 = ADVANCED_FACE ( 'NONE', ( #1614 ), #863, .F. ) ;
#1933 = VERTEX_POINT ( 'NONE', #1102 ) ;
#1934 = ORIENTED_EDGE ( 'NONE', *, *, #457, .T. ) ;
#1935 = CYLINDRICAL_SURFACE ( 'NONE', #29, 41.99999999999995026 ) ;
#1936 = EDGE_CURVE ( 'NONE', #1189, #931, #988, .T. ) ;
#1937 = CIRCLE ( 'NONE', #1805, 5.000000000000004441 ) ;
#1938 = EDGE_CURVE ( 'NONE', #453, #1894, #914, .T. ) ;
#1939 = FACE_OUTER_BOUND ( 'NONE', #1256, .T. ) ;
#1940 = VECTOR ( 'NONE', #2110, 1000.000000000000000 ) ;
#1941 = VERTEX_POINT ( 'NONE', #380 ) ;
#1942 = VECTOR ( 'NONE', #176, 1000.000000000000000 ) ;
#1943 = CYLINDRICAL_SURFACE ( 'NONE', #1330, 1.599999999999228706 ) ;
#1944 = CARTESIAN_POINT ( 'NONE',  ( -32.17386661099706657, 4.336808689942017736E-15, -26.99707960683462815 ) ) ;
#1945 = ORIENTED_EDGE ( 'NONE', *, *, #1539, .T. ) ;
#1946 = VERTEX_POINT ( 'NONE', #408 ) ;
#1947 = CARTESIAN_POINT ( 'NONE',  ( 32.17386661099677525, 8.187496572437434698E-16, -26.99707960683497276 ) ) ;
#1948 = DIRECTION ( 'NONE',  ( -0.3826834323650870062, 0.000000000000000000, -0.9238795325112878487 ) ) ;
#1949 = ADVANCED_FACE ( 'NONE', ( #1812 ), #1078, .F. ) ;
#1950 = CLOSED_SHELL ( 'NONE', ( #1345, #872, #2008, #491, #293, #1949, #313, #1932, #238, #2182, #896, #500, #194, #2071, #1309, #1420, #202, #710, #980, #1682, #1912, #1281, #103, #1776, #1739, #1140, #1479, #336, #998, #120, #487, #2242, #1925, #1536, #1130, #47, #929, #1108, #1848, #1842, #205, #1208, #1721, #211, #2055, #825, #702, #1022, #571, #1636, #1865, #588, #1339, #2020, #1185, #58, #130, #689, #1593, #1433, #247, #771, #2064, #1726, #1127, #1254 ) ) ;
#1951 = DIRECTION ( 'NONE',  ( -1.000000000000000000, 4.956352788505163391E-17, 0.000000000000000000 ) ) ;
#1952 = AXIS2_PLACEMENT_3D ( 'NONE', #1644, #908, #1278 ) ;
#1953 = ORIENTED_EDGE ( 'NONE', *, *, #885, .T. ) ;
#1954 = EDGE_CURVE ( 'NONE', #1595, #1134, #1027, .T. ) ;
#1955 = VECTOR ( 'NONE', #884, 1000.000000000000114 ) ;
#1956 = CARTESIAN_POINT ( 'NONE',  ( 84.26488874308684274, 5.999999999999975131, -70.70663706552019789 ) ) ;
#1957 = VECTOR ( 'NONE', #1783, 1000.000000000000000 ) ;
#1958 = CARTESIAN_POINT ( 'NONE',  ( -1.732424921661867590E-15, -1.734723475976807094E-14, 0.000000000000000000 ) ) ;
#1959 = ORIENTED_EDGE ( 'NONE', *, *, #1869, .T. ) ;
#1960 = VERTEX_POINT ( 'NONE', #213 ) ;
#1961 = DIRECTION ( 'NONE',  ( -5.945585219724109225E-17, -1.000000000000000000, -5.945585219724088271E-17 ) ) ;
#1962 = CARTESIAN_POINT ( 'NONE',  ( -13.39392013277805482, 19.49999999999998579, 32.33578363789507648 ) ) ;
#1963 = EDGE_CURVE ( 'NONE', #1994, #1711, #915, .T. ) ;
#1964 = DIRECTION ( 'NONE',  ( -0.6087614290087168811, 3.707039571409933129E-17, 0.7933533402912380517 ) ) ;
#1965 = ORIENTED_EDGE ( 'NONE', *, *, #1623, .F. ) ;
#1966 = FACE_OUTER_BOUND ( 'NONE', #886, .T. ) ;
#1967 = DIRECTION ( 'NONE',  ( -1.000000000000000000, 5.945585219724075945E-17, 0.000000000000000000 ) ) ;
#1968 = ORIENTED_EDGE ( 'NONE', *, *, #1795, .T. ) ;
#1969 = CARTESIAN_POINT ( 'NONE',  ( 3.653687038726801923E-16, 5.999999999999985789, 7.395570986446965970E-32 ) ) ;
#1970 = APPLICATION_PROTOCOL_DEFINITION ( 'draft international standard', 'automotive_design', 1998, #647 ) ;
#1971 = CARTESIAN_POINT ( 'NONE',  ( -1.126668644353532882E-30, -9.581859983913963225E-15, 0.000000000000000000 ) ) ;
#1972 = CARTESIAN_POINT ( 'NONE',  ( 26.99707960683463526, 5.999999999999981348, 32.17386661099705947 ) ) ;
#1973 = ORIENTED_EDGE ( 'NONE', *, *, #20, .F. ) ;
#1974 = AXIS2_PLACEMENT_3D ( 'NONE', #2252, #1864, #1535 ) ;
#1975 = LINE ( 'NONE', #2164, #889 ) ;
#1976 = AXIS2_PLACEMENT_3D ( 'NONE', #992, #835, #1374 ) ;
#1977 = DIRECTION ( 'NONE',  ( -0.000000000000000000, 1.000000000000000000, -0.000000000000000000 ) ) ;
#1978 = VECTOR ( 'NONE', #1184, 1000.000000000000000 ) ;
#1979 = EDGE_LOOP ( 'NONE', ( #2024, #1720 ) ) ;
#1980 = CYLINDRICAL_SURFACE ( 'NONE', #369, 5.000000000000004441 ) ;
#1981 = EDGE_CURVE ( 'NONE', #727, #486, #1214, .T. ) ;
#1982 = ORIENTED_EDGE ( 'NONE', *, *, #1995, .F. ) ;
#1983 = FACE_BOUND ( 'NONE', #2243, .T. ) ;
#1984 = CYLINDRICAL_SURFACE ( 'NONE', #1002, 110.0000000000000000 ) ;
#1985 = ORIENTED_EDGE ( 'NONE', *, *, #1415, .F. ) ;
#1986 = LINE ( 'NONE', #1664, #705 ) ;
#1987 = AXIS2_PLACEMENT_3D ( 'NONE', #504, #1921, #16 ) ;
#1988 = CARTESIAN_POINT ( 'NONE',  ( 34.70057014808334372, 19.49999999999998224, -4.568416727701944957 ) ) ;
#1989 = EDGE_CURVE ( 'NONE', #1725, #2149, #1852, .T. ) ;
#1990 = VERTEX_POINT ( 'NONE', #1860 ) ;
#1991 = AXIS2_PLACEMENT_3D ( 'NONE', #1800, #592, #2161 ) ;
#1992 = DIRECTION ( 'NONE',  ( -6.010789962675446909E-17, -1.000000000000000000, -0.000000000000000000 ) ) ;
#1993 = AXIS2_PLACEMENT_3D ( 'NONE', #1922, #2117, #532 ) ;
#1994 = VERTEX_POINT ( 'NONE', #104 ) ;
#1995 = EDGE_CURVE ( 'NONE', #19, #2037, #975, .T. ) ;
#1996 = VECTOR ( 'NONE', #21, 999.9999999999998863 ) ;
#1997 = CARTESIAN_POINT ( 'NONE',  ( 0.2594652185530098576, 43.49999999999998579, 7.995791255412937559 ) ) ;
#1998 = CARTESIAN_POINT ( 'NONE',  ( -3.266459923567516954E-14, 5.999999999999985789, -2.534478581209463136E-14 ) ) ;
#1999 = VERTEX_POINT ( 'NONE', #1683 ) ;
#2000 = DIRECTION ( 'NONE',  ( -6.010789962675446909E-17, -1.000000000000000000, -0.000000000000000000 ) ) ;
#2001 = DIRECTION ( 'NONE',  ( 0.000000000000000000, 0.000000000000000000, 1.000000000000000000 ) ) ;
#2002 = ORIENTED_EDGE ( 'NONE', *, *, #798, .T. ) ;
#2003 = EDGE_CURVE ( 'NONE', #1946, #1244, #1465, .T. ) ;
#2004 = FACE_OUTER_BOUND ( 'NONE', #1365, .T. ) ;
#2005 = ORIENTED_EDGE ( 'NONE', *, *, #643, .T. ) ;
#2006 = CARTESIAN_POINT ( 'NONE',  ( 21.30665001530506331, 5.999999999999984901, -27.76736691019335979 ) ) ;
#2007 = ORIENTED_EDGE ( 'NONE', *, *, #81, .F. ) ;
#2008 = ADVANCED_FACE ( 'NONE', ( #590 ), #1482, .F. ) ;
#2009 = DIRECTION ( 'NONE',  ( 5.945585219724088271E-17, 1.000000000000000000, -0.000000000000000000 ) ) ;
#2010 = AXIS2_PLACEMENT_3D ( 'NONE', #1385, #1204, #474 ) ;
#2011 = ORIENTED_EDGE ( 'NONE', *, *, #840, .T. ) ;
#2012 = DIRECTION ( 'NONE',  ( -6.010789962675446909E-17, -1.000000000000000000, -0.000000000000000000 ) ) ;
#2013 = ORIENTED_EDGE ( 'NONE', *, *, #1461, .T. ) ;
#2014 = AXIS2_PLACEMENT_3D ( 'NONE', #2273, #1920, #1456 ) ;
#2015 = CARTESIAN_POINT ( 'NONE',  ( 84.26488874308759591, 5.999999999999974243, 70.70663706551928840 ) ) ;
#2016 = ORIENTED_EDGE ( 'NONE', *, *, #624, .F. ) ;
#2017 = AXIS2_PLACEMENT_3D ( 'NONE', #1389, #1008, #2094 ) ;
#2018 = CIRCLE ( 'NONE', #514, 2.500000000000044853 ) ;
#2019 = LINE ( 'NONE', #465, #1139 ) ;
#2020 = ADVANCED_FACE ( 'NONE', ( #1320 ), #603, .F. ) ;
#2021 = ORIENTED_EDGE ( 'NONE', *, *, #731, .F. ) ;
#2022 = CARTESIAN_POINT ( 'NONE',  ( -13.39392013277805482, 19.49999999999998579, 32.33578363789507648 ) ) ;
#2023 = EDGE_CURVE ( 'NONE', #594, #2081, #2019, .T. ) ;
#2024 = ORIENTED_EDGE ( 'NONE', *, *, #220, .F. ) ;
#2025 = CARTESIAN_POINT ( 'NONE',  ( -1.732424921661867590E-15, -1.734723475976807094E-14, 0.000000000000000000 ) ) ;
#2026 = VERTEX_POINT ( 'NONE', #1661 ) ;
#2027 = AXIS2_PLACEMENT_3D ( 'NONE', #1651, #1472, #1082 ) ;
#2028 = DIRECTION ( 'NONE',  ( -0.6427876096865392519, 3.442966834337823443E-16, -0.7660444431189781245 ) ) ;
#2029 = ORIENTED_EDGE ( 'NONE', *, *, #868, .F. ) ;
#2030 = AXIS2_PLACEMENT_3D ( 'NONE', #1778, #2284, #2123 ) ;
#2031 = DIRECTION ( 'NONE',  ( -6.010789962675446909E-17, -1.000000000000000000, -0.000000000000000000 ) ) ;
#2032 = VECTOR ( 'NONE', #1007, 1000.000000000000114 ) ;
#2033 = CIRCLE ( 'NONE', #1158, 28.99999999999999645 ) ;
#2034 = VERTEX_POINT ( 'NONE', #273 ) ;
#2035 = EDGE_CURVE ( 'NONE', #1125, #594, #2283, .T. ) ;
#2036 = CARTESIAN_POINT ( 'NONE',  ( 11.09781953858753489, 5.999999999999986677, 26.79250644282734228 ) ) ;
#2037 = VERTEX_POINT ( 'NONE', #2006 ) ;
#2038 = FACE_OUTER_BOUND ( 'NONE', #1401, .T. ) ;
#2039 = ORIENTED_EDGE ( 'NONE', *, *, #224, .F. ) ;
#2040 = CARTESIAN_POINT ( 'NONE',  ( 0.000000000000000000, 0.000000000000000000, 0.000000000000000000 ) ) ;
#2041 = CARTESIAN_POINT ( 'NONE',  ( 1.159389117846196196E-15, 19.49999999999998579, 0.000000000000000000 ) ) ;
#2042 = ORIENTED_EDGE ( 'NONE', *, *, #1252, .F. ) ;
#2043 = CARTESIAN_POINT ( 'NONE',  ( 84.26488874308759591, -2.389786934886638288E-14, 70.70663706551928840 ) ) ;
#2044 = CARTESIAN_POINT ( 'NONE',  ( 26.99707960683463526, 1.126539940219805807E-15, 32.17386661099705947 ) ) ;
#2045 = ORIENTED_EDGE ( 'NONE', *, *, #1427, .F. ) ;
#2046 = LINE ( 'NONE', #999, #300 ) ;
#2047 = VERTEX_POINT ( 'NONE', #260 ) ;
#2048 = CARTESIAN_POINT ( 'NONE',  ( -1.375689808478422121E-15, 5.999999999999987566, 0.000000000000000000 ) ) ;
#2049 = ORIENTED_EDGE ( 'NONE', *, *, #1363, .T. ) ;
#2050 = DIRECTION ( 'NONE',  ( 0.7660444431189713521, -8.376331030233991513E-17, -0.6427876096865473565 ) ) ;
#2051 = DIRECTION ( 'NONE',  ( 0.000000000000000000, 0.000000000000000000, 1.000000000000000000 ) ) ;
#2052 = CIRCLE ( 'NONE', #507, 2.250000000000001776 ) ;
#2053 = VERTEX_POINT ( 'NONE', #71 ) ;
#2054 = AXIS2_PLACEMENT_3D ( 'NONE', #1564, #1090, #1822 ) ;
#2055 = ADVANCED_FACE ( 'NONE', ( #1841 ), #1516, .T. ) ;
#2056 = CARTESIAN_POINT ( 'NONE',  ( 2.614693633763818703E-15, 43.49999999999998579, 0.000000000000000000 ) ) ;
#2057 = AXIS2_PLACEMENT_3D ( 'NONE', #2192, #577, #972 ) ;
#2058 = ORIENTED_EDGE ( 'NONE', *, *, #639, .T. ) ;
#2059 = DIRECTION ( 'NONE',  ( 0.7933533402912380517, -4.716949894054320281E-17, 0.6087614290087168811 ) ) ;
#2060 = VERTEX_POINT ( 'NONE', #1469 ) ;
#2061 = CYLINDRICAL_SURFACE ( 'NONE', #1974, 28.99999999999999645 ) ;
#2062 = DIRECTION ( 'NONE',  ( 0.000000000000000000, -1.000000000000000000, 0.000000000000000000 ) ) ;
#2063 = CARTESIAN_POINT ( 'NONE',  ( -5.472751883905943493E-16, 19.49999999999998579, 2.403560570595268155E-31 ) ) ;
#2064 = ADVANCED_FACE ( 'NONE', ( #1126 ), #1331, .F. ) ;
#2065 = CIRCLE ( 'NONE', #1703, 1.599999999999297096 ) ;
#2066 = VERTEX_POINT ( 'NONE', #2044 ) ;
#2067 = CIRCLE ( 'NONE', #411, 1.599999999999160316 ) ;
#2068 = EDGE_LOOP ( 'NONE', ( #383, #1322, #523, #1132 ) ) ;
#2069 = DIRECTION ( 'NONE',  ( 6.010789962675446909E-17, 1.000000000000000000, 0.000000000000000000 ) ) ;
#2070 = VECTOR ( 'NONE', #677, 1000.000000000000000 ) ;
#2071 = ADVANCED_FACE ( 'NONE', ( #1174 ), #1138, .F. ) ;
#2072 = VECTOR ( 'NONE', #134, 1000.000000000000000 ) ;
#2073 = STYLED_ITEM ( 'NONE', ( #684 ), #989 ) ;
#2074 = CARTESIAN_POINT ( 'NONE',  ( -5.472751883905943493E-16, 19.49999999999998579, 2.403560570595268155E-31 ) ) ;
#2075 = ORIENTED_EDGE ( 'NONE', *, *, #68, .F. ) ;
#2076 = CARTESIAN_POINT ( 'NONE',  ( -1.859465218541979104, 43.49999999999998579, -7.995791255441193179 ) ) ;
#2077 = DIRECTION ( 'NONE',  ( 5.945585219724088271E-17, 1.000000000000000000, -0.000000000000000000 ) ) ;
#2078 = CARTESIAN_POINT ( 'NONE',  ( 13.39392013277806193, 5.999999999999984901, 32.33578363789507648 ) ) ;
#2079 = ORIENTED_EDGE ( 'NONE', *, *, #602, .F. ) ;
#2080 = EDGE_CURVE ( 'NONE', #2047, #439, #420, .T. ) ;
#2081 = VERTEX_POINT ( 'NONE', #1648 ) ;
#2082 = CARTESIAN_POINT ( 'NONE',  ( -5.472751883905943493E-16, 19.49999999999998579, 2.403560570595268155E-31 ) ) ;
#2083 = DIRECTION ( 'NONE',  ( 0.3826834323650870062, 0.000000000000000000, 0.9238795325112878487 ) ) ;
#2084 = CARTESIAN_POINT ( 'NONE',  ( -6.395791255422740740, 43.49999999999998579, 0.2594652185337183448 ) ) ;
#2085 = VERTEX_POINT ( 'NONE', #1831 ) ;
#2086 = DIRECTION ( 'NONE',  ( -1.000000000000000000, 6.010789962675446909E-17, 0.000000000000000000 ) ) ;
#2087 = EDGE_CURVE ( 'NONE', #1933, #497, #1283, .T. ) ;
#2088 = CARTESIAN_POINT ( 'NONE',  ( -32.17386661099696710, 4.644598972918090329E-15, 26.99707960683474539 ) ) ;
#2089 = CARTESIAN_POINT ( 'NONE',  ( 35.00000000000000711, 19.49999999999998224, -4.276423536147513034E-47 ) ) ;
#2090 = LINE ( 'NONE', #1866, #659 ) ;
#2091 = ORIENTED_EDGE ( 'NONE', *, *, #432, .T. ) ;
#2092 = VECTOR ( 'NONE', #1179, 1000.000000000000000 ) ;
#2093 = PLANE ( 'NONE',  #271 ) ;
#2094 = DIRECTION ( 'NONE',  ( 0.000000000000000000, 0.000000000000000000, 1.000000000000000000 ) ) ;
#2095 = AXIS2_PLACEMENT_3D ( 'NONE', #1150, #1503, #1672 ) ;
#2096 = AXIS2_PLACEMENT_3D ( 'NONE', #1039, #48, #688 ) ;
#2097 = EDGE_CURVE ( 'NONE', #1941, #2085, #1584, .T. ) ;
#2098 = CARTESIAN_POINT ( 'NONE',  ( 32.17386661099706657, 5.109593742676476056E-16, 26.99707960683462815 ) ) ;
#2099 = VECTOR ( 'NONE', #538, 1000.000000000000000 ) ;
#2100 = AXIS2_PLACEMENT_3D ( 'NONE', #1376, #1887, #646 ) ;
#2101 = ORIENTED_EDGE ( 'NONE', *, *, #370, .F. ) ;
#2102 = FACE_BOUND ( 'NONE', #82, .T. ) ;
#2103 = LINE ( 'NONE', #554, #1877 ) ;
#2104 = EDGE_CURVE ( 'NONE', #841, #1455, #1868, .T. ) ;
#2105 = CARTESIAN_POINT ( 'NONE',  ( -1.375689808478422515E-15, 5.999999999999981348, 0.000000000000000000 ) ) ;
#2106 = CARTESIAN_POINT ( 'NONE',  ( 26.99707960683463526, 5.999999999999981348, 32.17386661099705947 ) ) ;
#2107 = ORIENTED_EDGE ( 'NONE', *, *, #87, .T. ) ;
#2108 = ORIENTED_EDGE ( 'NONE', *, *, #565, .F. ) ;
#2109 = LINE ( 'NONE', #1947, #1942 ) ;
#2110 = DIRECTION ( 'NONE',  ( 0.7660444431189713521, -8.376331030233991513E-17, -0.6427876096865473565 ) ) ;
#2111 = VECTOR ( 'NONE', #680, 1000.000000000000114 ) ;
#2112 = VECTOR ( 'NONE', #2000, 1000.000000000000000 ) ;
#2113 = CARTESIAN_POINT ( 'NONE',  ( -2.500000000000043521, 21.49999999999998579, 3.061616997868437868E-16 ) ) ;
#2114 = EDGE_CURVE ( 'NONE', #1960, #931, #1543, .T. ) ;
#2115 = VERTEX_POINT ( 'NONE', #1198 ) ;
#2116 = CARTESIAN_POINT ( 'NONE',  ( -103.0000000000000000, -3.469446951953614189E-15, 0.000000000000000000 ) ) ;
#2117 = DIRECTION ( 'NONE',  ( 0.7660444431189781245, 0.000000000000000000, -0.6427876096865392519 ) ) ;
#2118 = VECTOR ( 'NONE', #1626, 1000.000000000000000 ) ;
#2119 = CARTESIAN_POINT ( 'NONE',  ( -2.467356902568220286E-16, 24.49999999999998579, 2.403560570595268155E-31 ) ) ;
#2120 = ORIENTED_EDGE ( 'NONE', *, *, #81, .T. ) ;
#2121 = ORIENTED_EDGE ( 'NONE', *, *, #2097, .T. ) ;
#2122 = LINE ( 'NONE', #1273, #349 ) ;
#2123 = DIRECTION ( 'NONE',  ( 0.000000000000000000, 0.000000000000000000, 1.000000000000000000 ) ) ;
#2124 = ORIENTED_EDGE ( 'NONE', *, *, #628, .T. ) ;
#2125 = DIRECTION ( 'NONE',  ( 5.945585219724088271E-17, 1.000000000000000000, -0.000000000000000000 ) ) ;
#2126 = LINE ( 'NONE', #2287, #6 ) ;
#2127 = DIRECTION ( 'NONE',  ( 6.010789962675446909E-17, 1.000000000000000000, 0.000000000000000000 ) ) ;
#2128 = ORIENTED_EDGE ( 'NONE', *, *, #2035, .T. ) ;
#2129 = ORIENTED_EDGE ( 'NONE', *, *, #190, .F. ) ;
#2130 = DIRECTION ( 'NONE',  ( -1.000000000000000000, 5.945585219724089504E-17, 3.491481338843133355E-15 ) ) ;
#2131 = EDGE_CURVE ( 'NONE', #1643, #2060, #252, .T. ) ;
#2132 = DIRECTION ( 'NONE',  ( 5.945585219724088271E-17, 1.000000000000000000, -0.000000000000000000 ) ) ;
#2133 = AXIS2_PLACEMENT_3D ( 'NONE', #985, #91, #1343 ) ;
#2134 = ORIENTED_EDGE ( 'NONE', *, *, #1652, .T. ) ;
#2135 = CIRCLE ( 'NONE', #1209, 110.0000000000000000 ) ;
#2136 = LINE ( 'NONE', #2088, #997 ) ;
#2137 = CARTESIAN_POINT ( 'NONE',  ( -26.99707960683463526, 5.999999999999984901, -32.17386661099705947 ) ) ;
#2138 = CARTESIAN_POINT ( 'NONE',  ( 1.159389117846196196E-15, 19.49999999999998579, 0.000000000000000000 ) ) ;
#2139 = ORIENTED_EDGE ( 'NONE', *, *, #1289, .F. ) ;
#2140 = EDGE_CURVE ( 'NONE', #1899, #1189, #1747, .T. ) ;
#2141 = VERTEX_POINT ( 'NONE', #333 ) ;
#2142 = LINE ( 'NONE', #717, #157 ) ;
#2143 = FACE_BOUND ( 'NONE', #78, .T. ) ;
#2144 = LINE ( 'NONE', #1422, #448 ) ;
#2145 = CIRCLE ( 'NONE', #1151, 2.500000000000044853 ) ;
#2146 = AXIS2_PLACEMENT_3D ( 'NONE', #1676, #790, #1722 ) ;
#2147 = CARTESIAN_POINT ( 'NONE',  ( -28.75190097984054205, 19.49999999999998579, -3.785259574381182102 ) ) ;
#2148 = DIRECTION ( 'NONE',  ( -1.000000000000000000, 0.000000000000000000, 0.000000000000000000 ) ) ;
#2149 = VERTEX_POINT ( 'NONE', #1049 ) ;
#2150 = CIRCLE ( 'NONE', #675, 1.599999999999229594 ) ;
#2151 = DIRECTION ( 'NONE',  ( 0.000000000000000000, 0.000000000000000000, -1.000000000000000000 ) ) ;
#2152 = CARTESIAN_POINT ( 'NONE',  ( -2.467356902568220286E-16, 24.49999999999998579, 2.403560570595268155E-31 ) ) ;
#2153 = DIRECTION ( 'NONE',  ( 5.945585219724088271E-17, 1.000000000000000000, -0.000000000000000000 ) ) ;
#2154 = VERTEX_POINT ( 'NONE', #2257 ) ;
#2155 = CARTESIAN_POINT ( 'NONE',  ( 9.595791255431457500, 43.49999999999998579, -0.2594652185619735207 ) ) ;
#2156 = EDGE_CURVE ( 'NONE', #1304, #1051, #656, .T. ) ;
#2157 = DIRECTION ( 'NONE',  ( -5.945585219724026641E-17, -1.000000000000000000, 5.945585219724088271E-17 ) ) ;
#2158 = ORIENTED_EDGE ( 'NONE', *, *, #1702, .F. ) ;
#2159 = DIRECTION ( 'NONE',  ( -1.000000000000000000, 0.000000000000000000, 0.000000000000000000 ) ) ;
#2160 = ORIENTED_EDGE ( 'NONE', *, *, #1306, .F. ) ;
#2161 = DIRECTION ( 'NONE',  ( -1.000000000000000000, 4.956352788505163391E-17, 0.000000000000000000 ) ) ;
#2162 = ORIENTED_EDGE ( 'NONE', *, *, #798, .F. ) ;
#2163 = EDGE_CURVE ( 'NONE', #1999, #185, #1367, .T. ) ;
#2164 = CARTESIAN_POINT ( 'NONE',  ( -2.500000000000042188, 43.49999999999998579, 3.061616997868437868E-16 ) ) ;
#2165 = VECTOR ( 'NONE', #2031, 1000.000000000000000 ) ;
#2166 = CARTESIAN_POINT ( 'NONE',  ( 103.0000000000000000, 5.999999999999979572, 0.000000000000000000 ) ) ;
#2167 = EDGE_CURVE ( 'NONE', #43, #302, #1249, .T. ) ;
#2168 = ORIENTED_EDGE ( 'NONE', *, *, #2196, .F. ) ;
#2169 = DIRECTION ( 'NONE',  ( -1.000000000000000000, 0.000000000000000000, 0.000000000000000000 ) ) ;
#2170 = EDGE_LOOP ( 'NONE', ( #1178, #2191, #1045, #14 ) ) ;
#2171 = DIRECTION ( 'NONE',  ( -0.000000000000000000, 1.000000000000000000, -0.000000000000000000 ) ) ;
#2172 = DIRECTION ( 'NONE',  ( -6.010789962675446909E-17, -1.000000000000000000, 0.000000000000000000 ) ) ;
#2173 = EDGE_LOOP ( 'NONE', ( #1109, #648 ) ) ;
#2174 = AXIS2_PLACEMENT_3D ( 'NONE', #1028, #123, #1688 ) ;
#2175 = EDGE_CURVE ( 'NONE', #486, #727, #549, .T. ) ;
#2176 = DIRECTION ( 'NONE',  ( 0.000000000000000000, 0.000000000000000000, 1.000000000000000000 ) ) ;
#2177 = CIRCLE ( 'NONE', #627, 28.99999999999999645 ) ;
#2178 = ORIENTED_EDGE ( 'NONE', *, *, #1532, .T. ) ;
#2179 = DIRECTION ( 'NONE',  ( 5.945585219724088271E-17, 1.000000000000000000, -0.000000000000000000 ) ) ;
#2180 = AXIS2_PLACEMENT_3D ( 'NONE', #1223, #350, #1024 ) ;
#2181 = EDGE_LOOP ( 'NONE', ( #1317, #1059 ) ) ;
#2182 = ADVANCED_FACE ( 'NONE', ( #512 ), #1559, .F. ) ;
#2183 = CARTESIAN_POINT ( 'NONE',  ( -110.0000000000000000, 5.999999999999987566, 0.000000000000000000 ) ) ;
#2184 = CIRCLE ( 'NONE', #817, 5.000000000000004441 ) ;
#2185 = ORIENTED_EDGE ( 'NONE', *, *, #787, .F. ) ;
#2186 = EDGE_CURVE ( 'NONE', #706, #1933, #346, .T. ) ;
#2187 = DIRECTION ( 'NONE',  ( 0.000000000000000000, 0.000000000000000000, -1.000000000000000000 ) ) ;
#2188 = ORIENTED_EDGE ( 'NONE', *, *, #719, .F. ) ;
#2189 = CARTESIAN_POINT ( 'NONE',  ( 1.998289084673041987E-14, 5.999999999999984901, -1.998289084673084270E-14 ) ) ;
#2190 = DIRECTION ( 'NONE',  ( 0.000000000000000000, 0.000000000000000000, 1.000000000000000000 ) ) ;
#2191 = ORIENTED_EDGE ( 'NONE', *, *, #1767, .T. ) ;
#2192 = CARTESIAN_POINT ( 'NONE',  ( -3.109880772412934031E-15, 3.698012231112494225E-31, 3.706211583062771830E-15 ) ) ;
#2193 = EDGE_CURVE ( 'NONE', #1134, #1220, #1021, .T. ) ;
#2194 = EDGE_LOOP ( 'NONE', ( #1534, #67 ) ) ;
#2195 = DIRECTION ( 'NONE',  ( 5.945585219724088271E-17, 1.000000000000000000, -0.000000000000000000 ) ) ;
#2196 = EDGE_CURVE ( 'NONE', #216, #1699, #1530, .T. ) ;
#2197 = ORIENTED_EDGE ( 'NONE', *, *, #137, .F. ) ;
#2198 = PLANE ( 'NONE',  #229 ) ;
#2199 = CIRCLE ( 'NONE', #1103, 1.599999999999096145 ) ;
#2200 = ORIENTED_EDGE ( 'NONE', *, *, #2175, .F. ) ;
#2201 = CARTESIAN_POINT ( 'NONE',  ( -35.00000000000000000, 19.49999999999998934, 4.286263797015736496E-15 ) ) ;
#2202 = AXIS2_PLACEMENT_3D ( 'NONE', #933, #1633, #394 ) ;
#2203 = EDGE_LOOP ( 'NONE', ( #1341, #1756 ) ) ;
#2204 = AXIS2_PLACEMENT_3D ( 'NONE', #428, #2171, #612 ) ;
#2205 = CARTESIAN_POINT ( 'NONE',  ( 8.097857035398051027E-17, 30.50000000000000355, 0.000000000000000000 ) ) ;
#2206 = ORIENTED_EDGE ( 'NONE', *, *, #2023, .T. ) ;
#2207 = CIRCLE ( 'NONE', #550, 1.599999999999160316 ) ;
#2208 = AXIS2_PLACEMENT_3D ( 'NONE', #1567, #634, #1689 ) ;
#2209 = EDGE_CURVE ( 'NONE', #2149, #180, #28, .T. ) ;
#2210 = CARTESIAN_POINT ( 'NONE',  ( -1.499999999999943823, 21.49999999999998579, -2.000000000000055511 ) ) ;
#2211 = ORIENTED_EDGE ( 'NONE', *, *, #1252, .T. ) ;
#2212 = EDGE_CURVE ( 'NONE', #576, #1429, #1207, .T. ) ;
#2213 = DIRECTION ( 'NONE',  ( -1.000000000000000000, 5.981805089575197430E-17, 0.000000000000000000 ) ) ;
#2214 = ORIENTED_EDGE ( 'NONE', *, *, #471, .T. ) ;
#2215 = DIRECTION ( 'NONE',  ( 5.945585219724109225E-17, 1.000000000000000000, 5.945585219724088271E-17 ) ) ;
#2216 = DIRECTION ( 'NONE',  ( 0.6427876096865392519, 2.678617132023010375E-16, 0.7660444431189781245 ) ) ;
#2217 = DIRECTION ( 'NONE',  ( 0.000000000000000000, 0.000000000000000000, 1.000000000000000000 ) ) ;
#2218 = VERTEX_POINT ( 'NONE', #1351 ) ;
#2219 = AXIS2_PLACEMENT_3D ( 'NONE', #582, #1470, #59 ) ;
#2220 = CARTESIAN_POINT ( 'NONE',  ( -11.09781953858752779, 19.49999999999998579, 26.79250644282734584 ) ) ;
#2221 = CARTESIAN_POINT ( 'NONE',  ( 103.0000000000000000, 5.999999999999979572, 0.000000000000000000 ) ) ;
#2222 = MECHANICAL_DESIGN_GEOMETRIC_PRESENTATION_REPRESENTATION (  '', ( #2073 ), #1264 ) ;
#2223 = ORIENTED_EDGE ( 'NONE', *, *, #137, .T. ) ;
#2224 = DIRECTION ( 'NONE',  ( 0.000000000000000000, 0.000000000000000000, 1.000000000000000000 ) ) ;
#2225 = VERTEX_POINT ( 'NONE', #1879 ) ;
#2226 = DIRECTION ( 'NONE',  ( -0.6427876096865392519, -0.000000000000000000, -0.7660444431189781245 ) ) ;
#2227 = LINE ( 'NONE', #792, #962 ) ;
#2228 = EDGE_CURVE ( 'NONE', #715, #2081, #804, .T. ) ;
#2229 = FACE_OUTER_BOUND ( 'NONE', #479, .T. ) ;
#2230 = DIRECTION ( 'NONE',  ( 6.089478397878017996E-17, 1.000000000000000000, 1.232595164407830672E-32 ) ) ;
#2231 = EDGE_LOOP ( 'NONE', ( #1410, #953, #1203, #789 ) ) ;
#2232 = CARTESIAN_POINT ( 'NONE',  ( 84.26488874308759591, 5.999999999999974243, 70.70663706551928840 ) ) ;
#2233 = DIRECTION ( 'NONE',  ( 0.6427876096865311473, -8.376331030233982885E-17, -0.7660444431189850079 ) ) ;
#2234 = ORIENTED_EDGE ( 'NONE', *, *, #190, .T. ) ;
#2235 = CARTESIAN_POINT ( 'NONE',  ( 3.567351131834444334E-16, 1.499999999999984901, 105.2500000000000000 ) ) ;
#2236 = PRODUCT_DEFINITION ( 'NON CONOSCIUTO', '', #1396, #1736 ) ;
#2237 = ORIENTED_EDGE ( 'NONE', *, *, #860, .F. ) ;
#2238 = CARTESIAN_POINT ( 'NONE',  ( -103.0000000000000000, 5.999999999999991118, -5.000000000000004441 ) ) ;
#2239 = ORIENTED_EDGE ( 'NONE', *, *, #432, .F. ) ;
#2240 = DIRECTION ( 'NONE',  ( 1.000000000000000000, 0.000000000000000000, 0.000000000000000000 ) ) ;
#2241 = AXIS2_PLACEMENT_3D ( 'NONE', #31, #1785, #543 ) ;
#2242 = ADVANCED_FACE ( 'NONE', ( #674 ), #1719, .F. ) ;
#2243 = EDGE_LOOP ( 'NONE', ( #704, #2200 ) ) ;
#2244 = VECTOR ( 'NONE', #2281, 1000.000000000000000 ) ;
#2245 = ORIENTED_EDGE ( 'NONE', *, *, #885, .F. ) ;
#2246 = LINE ( 'NONE', #2043, #893 ) ;
#2247 = DIRECTION ( 'NONE',  ( -5.945585219724088271E-17, -1.000000000000000000, -0.000000000000000000 ) ) ;
#2248 = CIRCLE ( 'NONE', #1316, 11.00000000000327915 ) ;
#2249 = ORIENTED_EDGE ( 'NONE', *, *, #1270, .F. ) ;
#2250 = DIRECTION ( 'NONE',  ( -6.010789962675446909E-17, -1.000000000000000000, 0.000000000000000000 ) ) ;
#2251 = EDGE_LOOP ( 'NONE', ( #1302, #488 ) ) ;
#2252 = CARTESIAN_POINT ( 'NONE',  ( 8.097857035398051027E-17, 30.50000000000000355, 0.000000000000000000 ) ) ;
#2253 = EDGE_CURVE ( 'NONE', #359, #342, #830, .T. ) ;
#2254 = ORIENTED_EDGE ( 'NONE', *, *, #883, .T. ) ;
#2255 = DIRECTION ( 'NONE',  ( -1.000000000000000000, 4.956352788505163391E-17, 0.000000000000000000 ) ) ;
#2256 = ORIENTED_EDGE ( 'NONE', *, *, #1598, .T. ) ;
#2257 = CARTESIAN_POINT ( 'NONE',  ( 6.395791255432998312, 21.49999999999998579, -0.2594652185619732987 ) ) ;
#2258 = AXIS2_PLACEMENT_3D ( 'NONE', #201, #1299, #1267 ) ;
#2259 = EDGE_CURVE ( 'NONE', #1670, #736, #2207, .T. ) ;
#2260 = AXIS2_PLACEMENT_3D ( 'NONE', #1417, #195, #1930 ) ;
#2261 = LINE ( 'NONE', #2084, #2070 ) ;
#2262 = DIRECTION ( 'NONE',  ( -0.000000000000000000, 1.000000000000000000, -0.000000000000000000 ) ) ;
#2263 = LINE ( 'NONE', #1229, #2111 ) ;
#2264 = FACE_OUTER_BOUND ( 'NONE', #1405, .T. ) ;
#2265 = ORIENTED_EDGE ( 'NONE', *, *, #2035, .F. ) ;
#2266 = EDGE_CURVE ( 'NONE', #1429, #342, #177, .T. ) ;
#2267 = EDGE_LOOP ( 'NONE', ( #946, #1968, #1563, #1531, #556, #1010, #108, #601 ) ) ;
#2268 = DIRECTION ( 'NONE',  ( -0.7660444431189757930, 7.328340070858879475E-18, 0.6427876096865420275 ) ) ;
#2269 = CARTESIAN_POINT ( 'NONE',  ( -26.99707960683463526, 5.999999999999984901, -32.17386661099705947 ) ) ;
#2270 = EDGE_CURVE ( 'NONE', #2154, #166, #473, .T. ) ;
#2271 = LINE ( 'NONE', #191, #40 ) ;
#2272 = ORIENTED_EDGE ( 'NONE', *, *, #2193, .F. ) ;
#2273 = CARTESIAN_POINT ( 'NONE',  ( -103.0000000000000000, 1.499999999999990896, 0.000000000000000000 ) ) ;
#2274 = FACE_OUTER_BOUND ( 'NONE', #1761, .T. ) ;
#2275 = FACE_OUTER_BOUND ( 'NONE', #2170, .T. ) ;
#2276 = FACE_OUTER_BOUND ( 'NONE', #249, .T. ) ;
#2277 = ORIENTED_EDGE ( 'NONE', *, *, #10, .T. ) ;
#2278 = ORIENTED_EDGE ( 'NONE', *, *, #20, .T. ) ;
#2279 = AXIS2_PLACEMENT_3D ( 'NONE', #163, #692, #1426 ) ;
#2280 = CARTESIAN_POINT ( 'NONE',  ( 32.17386661099706657, 5.109593742676476056E-16, 26.99707960683462815 ) ) ;
#2281 = DIRECTION ( 'NONE',  ( 0.000000000000000000, 1.000000000000000000, 0.000000000000000000 ) ) ;
#2282 = EDGE_CURVE ( 'NONE', #1677, #453, #1604, .T. ) ;
#2283 = CIRCLE ( 'NONE', #1428, 5.000000000000004441 ) ;
#2284 = DIRECTION ( 'NONE',  ( -0.000000000000000000, 1.000000000000000000, -0.000000000000000000 ) ) ;
#2285 = ORIENTED_EDGE ( 'NONE', *, *, #808, .F. ) ;
#2286 = CARTESIAN_POINT ( 'NONE',  ( -1.375689808478422515E-15, 5.999999999999981348, 0.000000000000000000 ) ) ;
#2287 = CARTESIAN_POINT ( 'NONE',  ( 6.322806429915987633E-16, 5.999999999999985789, -105.2500000000000000 ) ) ;
#2288 = DIRECTION ( 'NONE',  ( 1.000000000000000000, -9.912705577010326782E-17, 0.000000000000000000 ) ) ;
ENDSEC;
END-ISO-10303-21;
