ISO-10303-21;
HEADER;
FILE_DESCRIPTION (( 'STEP AP214' ),
    '1' );
FILE_NAME ('ELP-0052.STEP',
    '2026-04-12T09:02:20',
    ( '' ),
    ( '' ),
    'SwSTEP 2.0',
    'SolidWorks 2024',
    '' );
FILE_SCHEMA (( 'AUTOMOTIVE_DESIGN' ));
ENDSEC;

DATA;
#1 = ORIENTED_EDGE ( 'NONE', *, *, #773, .F. ) ;
#2 = CARTESIAN_POINT ( 'NONE',  ( -12.50000000000000000, 3.000000000000000000, 12.50000000000000000 ) ) ;
#3 = ADVANCED_FACE ( 'NONE', ( #754 ), #130, .F. ) ;
#4 = EDGE_LOOP ( 'NONE', ( #586, #138, #260, #1466 ) ) ;
#5 = AXIS2_PLACEMENT_3D ( 'NONE', #1091, #73, #1241 ) ;
#6 = EDGE_LOOP ( 'NONE', ( #1100, #1570, #376, #594 ) ) ;
#7 = EDGE_CURVE ( 'NONE', #739, #603, #1256, .T. ) ;
#8 = CARTESIAN_POINT ( 'NONE',  ( 8.673617379884035472E-16, 3.000000000000000000, -55.99999980560966151 ) ) ;
#9 = VECTOR ( 'NONE', #1063, 1000.000000000000000 ) ;
#10 = ORIENTED_EDGE ( 'NONE', *, *, #1085, .F. ) ;
#11 = CARTESIAN_POINT ( 'NONE',  ( 1.263223173320494883E-14, 0.000000000000000000, 56.14999999999999858 ) ) ;
#12 = ORIENTED_EDGE ( 'NONE', *, *, #896, .T. ) ;
#13 = EDGE_CURVE ( 'NONE', #655, #828, #387, .T. ) ;
#14 = CARTESIAN_POINT ( 'NONE',  ( 10.50000000000000178, 3.000000000000000000, 1.999999999999995781 ) ) ;
#15 = FACE_BOUND ( 'NONE', #62, .T. ) ;
#16 = LINE ( 'NONE', #780, #1141 ) ;
#17 = CIRCLE ( 'NONE', #1564, 4.000000194390340269 ) ;
#18 = ORIENTED_EDGE ( 'NONE', *, *, #1278, .T. ) ;
#19 = CARTESIAN_POINT ( 'NONE',  ( 1.379676323628502758E-14, 0.000000000000000000, 55.99875275999999502 ) ) ;
#20 = UNCERTAINTY_MEASURE_WITH_UNIT (LENGTH_MEASURE( 1.000000000000000082E-05 ), #880, 'distance_accuracy_value', 'NONE');
#21 = ORIENTED_EDGE ( 'NONE', *, *, #715, .F. ) ;
#22 = CARTESIAN_POINT ( 'NONE',  ( 1.236893267138826732E-14, 3.000000000000000000, 51.85000000000000142 ) ) ;
#23 = CARTESIAN_POINT ( 'NONE',  ( 1.379676323628502758E-14, 3.000000000000000000, 55.99875275999999502 ) ) ;
#24 = ORIENTED_EDGE ( 'NONE', *, *, #536, .T. ) ;
#25 = CARTESIAN_POINT ( 'NONE',  ( -3.999999999999987121, 3.000000000000000000, 55.99875275999999502 ) ) ;
#26 = EDGE_LOOP ( 'NONE', ( #1218, #1139, #617, #1384 ) ) ;
#27 = LINE ( 'NONE', #1163, #621 ) ;
#28 = CARTESIAN_POINT ( 'NONE',  ( -56.00000019439033849, 3.000000000000000000, 0.000000000000000000 ) ) ;
#29 = ADVANCED_FACE ( 'NONE', ( #15, #978, #676, #179, #405, #1532, #274, #800, #913, #281 ), #145, .T. ) ;
#30 = DIRECTION ( 'NONE',  ( 0.000000000000000000, 1.000000000000000000, 0.000000000000000000 ) ) ;
#31 = ORIENTED_EDGE ( 'NONE', *, *, #1537, .T. ) ;
#32 = LINE ( 'NONE', #285, #865 ) ;
#33 = ORIENTED_EDGE ( 'NONE', *, *, #1543, .T. ) ;
#34 = CARTESIAN_POINT ( 'NONE',  ( -54.00000000000000000, 3.000000000000000000, 2.150000000000001243 ) ) ;
#35 = ADVANCED_FACE ( 'NONE', ( #1520 ), #392, .F. ) ;
#36 = DIRECTION ( 'NONE',  ( 0.000000000000000000, 0.000000000000000000, -1.000000000000000000 ) ) ;
#37 = DIRECTION ( 'NONE',  ( -0.000000000000000000, -1.000000000000000000, -0.000000000000000000 ) ) ;
#38 = ORIENTED_EDGE ( 'NONE', *, *, #1322, .T. ) ;
#39 = CARTESIAN_POINT ( 'NONE',  ( -3.999999999999994227, 3.000000000000000000, 5.999999999999998224 ) ) ;
#40 = VECTOR ( 'NONE', #934, 1000.000000000000000 ) ;
#41 = ORIENTED_EDGE ( 'NONE', *, *, #1226, .F. ) ;
#42 = CARTESIAN_POINT ( 'NONE',  ( 12.50000000000000000, 3.000000000000000000, 4.000000000000007105 ) ) ;
#43 = VECTOR ( 'NONE', #895, 1000.000000000000000 ) ;
#44 = LINE ( 'NONE', #22, #225 ) ;
#45 = LINE ( 'NONE', #659, #588 ) ;
#46 = ORIENTED_EDGE ( 'NONE', *, *, #1396, .F. ) ;
#47 = CARTESIAN_POINT ( 'NONE',  ( 1.263223173320494252E-14, 3.000000000000000000, -51.85000000000000142 ) ) ;
#48 = ORIENTED_EDGE ( 'NONE', *, *, #1345, .F. ) ;
#49 = DIRECTION ( 'NONE',  ( 0.000000000000000000, 0.000000000000000000, 1.000000000000000000 ) ) ;
#50 = EDGE_CURVE ( 'NONE', #242, #739, #1420, .T. ) ;
#51 = FACE_OUTER_BOUND ( 'NONE', #1109, .T. ) ;
#52 = CARTESIAN_POINT ( 'NONE',  ( 4.000000000000010658, 3.000000000000000000, 12.49999999999999467 ) ) ;
#53 = EDGE_CURVE ( 'NONE', #1618, #313, #564, .T. ) ;
#54 = ORIENTED_EDGE ( 'NONE', *, *, #105, .F. ) ;
#55 = DIRECTION ( 'NONE',  ( 1.000000000000000000, 0.000000000000000000, -0.000000000000000000 ) ) ;
#56 = VECTOR ( 'NONE', #700, 1000.000000000000000 ) ;
#57 = ORIENTED_EDGE ( 'NONE', *, *, #1263, .T. ) ;
#58 = CARTESIAN_POINT ( 'NONE',  ( -54.00000000000000000, 3.000000000000000000, 2.150000000000001243 ) ) ;
#59 = VECTOR ( 'NONE', #1567, 1000.000000000000000 ) ;
#60 = DIRECTION ( 'NONE',  ( 0.000000000000000000, 0.000000000000000000, -1.000000000000000000 ) ) ;
#61 = DIRECTION ( 'NONE',  ( -0.000000000000000000, -1.000000000000000000, -0.000000000000000000 ) ) ;
#62 = EDGE_LOOP ( 'NONE', ( #96, #1148 ) ) ;
#63 = CARTESIAN_POINT ( 'NONE',  ( -3.999999999999996447, 3.000000000000000000, -55.99875275999999502 ) ) ;
#64 = PRODUCT_DEFINITION ( 'NON CONOSCIUTO', '', #302, #643 ) ;
#65 = VERTEX_POINT ( 'NONE', #1301 ) ;
#66 = FACE_OUTER_BOUND ( 'NONE', #974, .T. ) ;
#67 = VECTOR ( 'NONE', #1556, 1000.000000000000000 ) ;
#68 = CIRCLE ( 'NONE', #359, 4.000000194511566853 ) ;
#69 = DIRECTION ( 'NONE',  ( 0.000000000000000000, 0.000000000000000000, 1.000000000000000000 ) ) ;
#70 = DIRECTION ( 'NONE',  ( 0.000000000000000000, 0.000000000000000000, 1.000000000000000000 ) ) ;
#71 = EDGE_CURVE ( 'NONE', #1613, #843, #562, .T. ) ;
#72 = VERTEX_POINT ( 'NONE', #413 ) ;
#73 = DIRECTION ( 'NONE',  ( 1.000000000000000000, -0.000000000000000000, 4.081702296416019941E-16 ) ) ;
#74 = CIRCLE ( 'NONE', #921, 4.000000194390340269 ) ;
#75 = VERTEX_POINT ( 'NONE', #171 ) ;
#76 = FACE_BOUND ( 'NONE', #747, .T. ) ;
#77 = DIRECTION ( 'NONE',  ( 1.000000000000000000, 0.000000000000000000, 0.000000000000000000 ) ) ;
#78 = CARTESIAN_POINT ( 'NONE',  ( 12.50000000000000000, 0.000000000000000000, 12.50000000000000000 ) ) ;
#79 = EDGE_CURVE ( 'NONE', #355, #75, #44, .T. ) ;
#80 = ORIENTED_EDGE ( 'NONE', *, *, #935, .F. ) ;
#81 = CARTESIAN_POINT ( 'NONE',  ( 12.50000000000000000, 3.000000000000000000, -4.000000000000007105 ) ) ;
#82 = VERTEX_POINT ( 'NONE', #155 ) ;
#83 = FACE_BOUND ( 'NONE', #673, .T. ) ;
#84 = VECTOR ( 'NONE', #1385, 1000.000000000000000 ) ;
#85 = AXIS2_PLACEMENT_3D ( 'NONE', #1402, #144, #1411 ) ;
#86 = DIRECTION ( 'NONE',  ( -0.000000000000000000, -1.000000000000000000, -0.000000000000000000 ) ) ;
#87 = DIRECTION ( 'NONE',  ( 0.000000000000000000, 0.000000000000000000, -1.000000000000000000 ) ) ;
#88 = ORIENTED_EDGE ( 'NONE', *, *, #845, .F. ) ;
#89 = LINE ( 'NONE', #950, #1425 ) ;
#90 = CLOSED_SHELL ( 'NONE', ( #915, #1590, #383, #266, #3, #519, #1134, #1526, #159, #128, #1504, #1171, #442, #29, #701, #255, #1055, #210, #1005, #691, #1244, #718, #230, #657, #116, #862, #1441, #1111, #1615, #792, #1302, #675, #178, #1231, #563, #600, #1036, #282, #1468, #797, #871, #1192, #1414, #239, #938, #1154, #35 ) ) ;
#91 = ORIENTED_EDGE ( 'NONE', *, *, #1410, .T. ) ;
#92 = DIRECTION ( 'NONE',  ( 0.000000000000000000, 1.000000000000000000, 0.000000000000000000 ) ) ;
#93 = FACE_OUTER_BOUND ( 'NONE', #143, .T. ) ;
#94 = LINE ( 'NONE', #599, #1457 ) ;
#95 = AXIS2_PLACEMENT_3D ( 'NONE', #742, #1236, #1121 ) ;
#96 = ORIENTED_EDGE ( 'NONE', *, *, #580, .F. ) ;
#97 = FACE_OUTER_BOUND ( 'NONE', #1406, .T. ) ;
#98 = ORIENTED_EDGE ( 'NONE', *, *, #105, .T. ) ;
#99 = FACE_BOUND ( 'NONE', #484, .T. ) ;
#100 = EDGE_CURVE ( 'NONE', #569, #1622, #306, .T. ) ;
#101 = CARTESIAN_POINT ( 'NONE',  ( 4.000000000000005329, 0.000000000000000000, -12.50000000000000178 ) ) ;
#102 = DIRECTION ( 'NONE',  ( 0.000000000000000000, 1.000000000000000000, 0.000000000000000000 ) ) ;
#103 = ORIENTED_EDGE ( 'NONE', *, *, #305, .T. ) ;
#104 = CARTESIAN_POINT ( 'NONE',  ( 55.99999980560966151, 3.000000000000000000, 0.000000000000000000 ) ) ;
#105 = EDGE_CURVE ( 'NONE', #1304, #526, #429, .T. ) ;
#106 = VERTEX_POINT ( 'NONE', #1524 ) ;
#107 = DIRECTION ( 'NONE',  ( -0.000000000000000000, -1.000000000000000000, -0.000000000000000000 ) ) ;
#108 = AXIS2_PLACEMENT_3D ( 'NONE', #1576, #834, #1597 ) ;
#109 = DIRECTION ( 'NONE',  ( -0.000000000000000000, -1.000000000000000000, -0.000000000000000000 ) ) ;
#110 = AXIS2_PLACEMENT_3D ( 'NONE', #422, #1557, #556 ) ;
#111 = AXIS2_PLACEMENT_3D ( 'NONE', #14, #102, #1239 ) ;
#112 = VERTEX_POINT ( 'NONE', #529 ) ;
#113 = DIRECTION ( 'NONE',  ( 0.000000000000000000, 1.000000000000000000, 0.000000000000000000 ) ) ;
#114 = ORIENTED_EDGE ( 'NONE', *, *, #579, .F. ) ;
#115 = DIRECTION ( 'NONE',  ( -1.000000000000000000, 0.000000000000000000, -2.168404344971008375E-16 ) ) ;
#116 = ADVANCED_FACE ( 'NONE', ( #1277 ), #1310, .F. ) ;
#117 = LINE ( 'NONE', #879, #463 ) ;
#118 =( NAMED_UNIT ( * ) SI_UNIT ( $, .STERADIAN. ) SOLID_ANGLE_UNIT ( ) );
#119 = CARTESIAN_POINT ( 'NONE',  ( -55.99875275999998792, 0.000000000000000000, -4.000000000000007105 ) ) ;
#120 = AXIS2_PLACEMENT_3D ( 'NONE', #1315, #945, #791 ) ;
#121 = EDGE_CURVE ( 'NONE', #1167, #1390, #658, .T. ) ;
#122 = CARTESIAN_POINT ( 'NONE',  ( -3.999999999999996447, 3.000000000000000000, 12.49999999999999645 ) ) ;
#123 = PRODUCT ( 'ELP-0052', 'ELP-0052', '', ( #280 ) ) ;
#124 = AXIS2_PLACEMENT_3D ( 'NONE', #1000, #1400, #783 ) ;
#125 = ORIENTED_EDGE ( 'NONE', *, *, #857, .T. ) ;
#126 = CARTESIAN_POINT ( 'NONE',  ( -10.49999999999999112, 3.000000000000000000, 1.999999999999998224 ) ) ;
#127 = ORIENTED_EDGE ( 'NONE', *, *, #1424, .F. ) ;
#128 = ADVANCED_FACE ( 'NONE', ( #1549 ), #929, .T. ) ;
#129 = DIRECTION ( 'NONE',  ( 0.000000000000000000, 1.000000000000000000, 0.000000000000000000 ) ) ;
#130 = CYLINDRICAL_SURFACE ( 'NONE', #1176, 1.000000000000001554 ) ;
#131 = CARTESIAN_POINT ( 'NONE',  ( -3.999999999999994227, 0.000000000000000000, 5.999999999999998224 ) ) ;
#132 = EDGE_CURVE ( 'NONE', #72, #638, #793, .T. ) ;
#133 = ORIENTED_EDGE ( 'NONE', *, *, #1097, .F. ) ;
#134 = CARTESIAN_POINT ( 'NONE',  ( -10.49999999999999467, 0.000000000000000000, -9.500000000000001776 ) ) ;
#135 = ORIENTED_EDGE ( 'NONE', *, *, #345, .F. ) ;
#136 = CARTESIAN_POINT ( 'NONE',  ( -12.50000000000000000, 3.000000000000000000, 12.50000000000000000 ) ) ;
#137 = VECTOR ( 'NONE', #206, 1000.000000000000000 ) ;
#138 = ORIENTED_EDGE ( 'NONE', *, *, #50, .F. ) ;
#139 = DIRECTION ( 'NONE',  ( 0.000000000000000000, 1.000000000000000000, 0.000000000000000000 ) ) ;
#140 =( GEOMETRIC_REPRESENTATION_CONTEXT ( 3 ) GLOBAL_UNCERTAINTY_ASSIGNED_CONTEXT ( ( #20 ) ) GLOBAL_UNIT_ASSIGNED_CONTEXT ( ( #880, #361, #238 ) ) REPRESENTATION_CONTEXT ( 'NONE', 'WORKASPACE' ) );
#141 = EDGE_LOOP ( 'NONE', ( #874, #1561, #730, #496 ) ) ;
#142 = CARTESIAN_POINT ( 'NONE',  ( 8.673617379884035472E-16, 3.000000000000000000, -55.99999980560966151 ) ) ;
#143 = EDGE_LOOP ( 'NONE', ( #10, #744, #12, #897 ) ) ;
#144 = DIRECTION ( 'NONE',  ( 0.000000000000000000, 0.000000000000000000, 1.000000000000000000 ) ) ;
#145 = PLANE ( 'NONE',  #1587 ) ;
#146 = LINE ( 'NONE', #1054, #249 ) ;
#147 = CIRCLE ( 'NONE', #537, 2.149999999999999023 ) ;
#148 = EDGE_LOOP ( 'NONE', ( #631, #1072, #967, #494 ) ) ;
#149 = CARTESIAN_POINT ( 'NONE',  ( -3.999999999999996447, 3.000000000000000000, -12.50000000000000000 ) ) ;
#150 = VECTOR ( 'NONE', #1051, 1000.000000000000000 ) ;
#151 = EDGE_LOOP ( 'NONE', ( #408, #577, #1103, #1267 ) ) ;
#152 = CIRCLE ( 'NONE', #465, 4.000000194390340269 ) ;
#153 = CARTESIAN_POINT ( 'NONE',  ( 10.50000000000000533, 0.000000000000000000, -11.50000000000000711 ) ) ;
#154 = EDGE_CURVE ( 'NONE', #992, #1538, #1431, .T. ) ;
#155 = CARTESIAN_POINT ( 'NONE',  ( -10.49999999999999467, 0.000000000000000000, -11.50000000000000355 ) ) ;
#156 = CARTESIAN_POINT ( 'NONE',  ( -3.999999999999987121, 0.000000000000000000, 55.99875275999999502 ) ) ;
#157 = ORIENTED_EDGE ( 'NONE', *, *, #1213, .T. ) ;
#158 = CARTESIAN_POINT ( 'NONE',  ( -54.00000000000000000, 3.000000000000000000, -2.150000000000001243 ) ) ;
#159 = ADVANCED_FACE ( 'NONE', ( #1174 ), #307, .T. ) ;
#160 = ORIENTED_EDGE ( 'NONE', *, *, #1161, .F. ) ;
#161 = CARTESIAN_POINT ( 'NONE',  ( 12.50000000000000000, 0.000000000000000000, -12.50000000000000000 ) ) ;
#162 = DIRECTION ( 'NONE',  ( -1.000000000000000000, -0.000000000000000000, -2.040851148208009477E-16 ) ) ;
#163 = DIRECTION ( 'NONE',  ( 0.000000000000000000, 0.000000000000000000, 1.000000000000000000 ) ) ;
#164 = VECTOR ( 'NONE', #223, 1000.000000000000000 ) ;
#165 = EDGE_LOOP ( 'NONE', ( #450, #1252 ) ) ;
#166 = DIRECTION ( 'NONE',  ( -0.000000000000000000, -1.000000000000000000, -0.000000000000000000 ) ) ;
#167 = VECTOR ( 'NONE', #1626, 1000.000000000000000 ) ;
#168 = ORIENTED_EDGE ( 'NONE', *, *, #1345, .T. ) ;
#169 = EDGE_CURVE ( 'NONE', #924, #252, #1199, .T. ) ;
#170 = PLANE ( 'NONE',  #201 ) ;
#171 = CARTESIAN_POINT ( 'NONE',  ( 1.236893267138826732E-14, 0.000000000000000000, 51.85000000000000142 ) ) ;
#172 = FACE_OUTER_BOUND ( 'NONE', #820, .T. ) ;
#173 = ORIENTED_EDGE ( 'NONE', *, *, #1044, .T. ) ;
#174 = CARTESIAN_POINT ( 'NONE',  ( 12.50000000000000000, 3.000000000000000000, -4.000000000000007105 ) ) ;
#175 = ORIENTED_EDGE ( 'NONE', *, *, #264, .F. ) ;
#176 = DIRECTION ( 'NONE',  ( 0.000000000000000000, 0.000000000000000000, 1.000000000000000000 ) ) ;
#177 = AXIS2_PLACEMENT_3D ( 'NONE', #1228, #92, #1599 ) ;
#178 = ADVANCED_FACE ( 'NONE', ( #1316 ), #1438, .F. ) ;
#179 = FACE_BOUND ( 'NONE', #1116, .T. ) ;
#180 = CARTESIAN_POINT ( 'NONE',  ( 10.50000000000000178, 0.000000000000000000, 0.9999999999999941158 ) ) ;
#181 = ORIENTED_EDGE ( 'NONE', *, *, #1044, .F. ) ;
#182 = DIRECTION ( 'NONE',  ( -0.000000000000000000, -1.000000000000000000, -0.000000000000000000 ) ) ;
#183 = EDGE_CURVE ( 'NONE', #858, #1588, #315, .T. ) ;
#184 = VERTEX_POINT ( 'NONE', #328 ) ;
#185 = DIRECTION ( 'NONE',  ( 0.000000000000000000, 1.000000000000000000, 0.000000000000000000 ) ) ;
#186 = DIRECTION ( 'NONE',  ( 0.000000000000000000, 0.000000000000000000, 1.000000000000000000 ) ) ;
#187 = CARTESIAN_POINT ( 'NONE',  ( 8.673617379884035472E-16, 3.000000000000000000, -55.99999980560966151 ) ) ;
#188 = ORIENTED_EDGE ( 'NONE', *, *, #7, .F. ) ;
#189 = CARTESIAN_POINT ( 'NONE',  ( 10.50000000000000533, 3.000000000000000000, -9.500000000000001776 ) ) ;
#190 = ORIENTED_EDGE ( 'NONE', *, *, #193, .F. ) ;
#191 = LINE ( 'NONE', #58, #703 ) ;
#192 = AXIS2_PLACEMENT_3D ( 'NONE', #1525, #1405, #283 ) ;
#193 = EDGE_CURVE ( 'NONE', #1622, #569, #1330, .T. ) ;
#194 = CARTESIAN_POINT ( 'NONE',  ( -54.00000000000000000, 3.000000000000000000, 0.000000000000000000 ) ) ;
#195 = CARTESIAN_POINT ( 'NONE',  ( 1.236893267138826101E-14, 0.000000000000000000, -54.00000000000000000 ) ) ;
#196 = ORIENTED_EDGE ( 'NONE', *, *, #295, .T. ) ;
#197 = CARTESIAN_POINT ( 'NONE',  ( 12.50000000000000000, 3.000000000000000000, 4.000000000000007105 ) ) ;
#198 = AXIS2_PLACEMENT_3D ( 'NONE', #28, #288, #36 ) ;
#199 = VERTEX_POINT ( 'NONE', #337 ) ;
#200 = DIRECTION ( 'NONE',  ( -1.196395321181715440E-16, 0.000000000000000000, 1.000000000000000000 ) ) ;
#201 = AXIS2_PLACEMENT_3D ( 'NONE', #42, #674, #1548 ) ;
#202 = EDGE_CURVE ( 'NONE', #75, #855, #147, .T. ) ;
#203 = CYLINDRICAL_SURFACE ( 'NONE', #1357, 2.150000000000001243 ) ;
#204 = CARTESIAN_POINT ( 'NONE',  ( 55.99999980560966151, 0.000000000000000000, 0.000000000000000000 ) ) ;
#205 = ORIENTED_EDGE ( 'NONE', *, *, #1325, .T. ) ;
#206 = DIRECTION ( 'NONE',  ( 1.196395321181715440E-16, -0.000000000000000000, -1.000000000000000000 ) ) ;
#207 = AXIS2_PLACEMENT_3D ( 'NONE', #932, #166, #417 ) ;
#208 = VERTEX_POINT ( 'NONE', #1447 ) ;
#209 = PLANE ( 'NONE',  #1595 ) ;
#210 = ADVANCED_FACE ( 'NONE', ( #689 ), #1566, .F. ) ;
#211 = CYLINDRICAL_SURFACE ( 'NONE', #1591, 4.000000194390340269 ) ;
#212 = LINE ( 'NONE', #78, #423 ) ;
#213 = EDGE_LOOP ( 'NONE', ( #1031, #21, #963, #868 ) ) ;
#214 = CARTESIAN_POINT ( 'NONE',  ( -54.00000000000000000, 3.000000000000000000, 0.000000000000000000 ) ) ;
#215 = ORIENTED_EDGE ( 'NONE', *, *, #79, .T. ) ;
#216 = DIRECTION ( 'NONE',  ( 0.000000000000000000, 0.000000000000000000, 1.000000000000000000 ) ) ;
#217 = AXIS2_PLACEMENT_3D ( 'NONE', #1149, #139, #1619 ) ;
#218 = EDGE_CURVE ( 'NONE', #1618, #82, #708, .T. ) ;
#219 = AXIS2_PLACEMENT_3D ( 'NONE', #1375, #1257, #899 ) ;
#220 = CARTESIAN_POINT ( 'NONE',  ( -12.50000000000000000, 3.000000000000000000, -12.50000000000000000 ) ) ;
#221 = DIRECTION ( 'NONE',  ( 0.000000000000000000, 1.000000000000000000, 0.000000000000000000 ) ) ;
#222 = EDGE_LOOP ( 'NONE', ( #1358, #403, #997, #1194 ) ) ;
#223 = DIRECTION ( 'NONE',  ( -4.081702296416019941E-16, -0.000000000000000000, 1.000000000000000000 ) ) ;
#224 = ORIENTED_EDGE ( 'NONE', *, *, #1213, .F. ) ;
#225 = VECTOR ( 'NONE', #651, 1000.000000000000000 ) ;
#226 = CARTESIAN_POINT ( 'NONE',  ( -12.50000000000000000, 3.000000000000000000, 12.50000000000000000 ) ) ;
#227 = AXIS2_PLACEMENT_3D ( 'NONE', #911, #761, #598 ) ;
#228 = DIRECTION ( 'NONE',  ( 0.000000000000000000, 0.000000000000000000, -1.000000000000000000 ) ) ;
#229 =( NAMED_UNIT ( * ) PLANE_ANGLE_UNIT ( ) SI_UNIT ( $, .RADIAN. ) );
#230 = ADVANCED_FACE ( 'NONE', ( #716 ), #321, .F. ) ;
#231 = VECTOR ( 'NONE', #271, 1000.000000000000000 ) ;
#232 = VERTEX_POINT ( 'NONE', #581 ) ;
#233 = CARTESIAN_POINT ( 'NONE',  ( 12.50000000000000000, 0.000000000000000000, -4.000000000000007105 ) ) ;
#234 = ORIENTED_EDGE ( 'NONE', *, *, #1491, .T. ) ;
#235 = CARTESIAN_POINT ( 'NONE',  ( -55.99875275999998792, 0.000000000000000000, -4.000000000000001776 ) ) ;
#236 = AXIS2_PLACEMENT_3D ( 'NONE', #909, #182, #543 ) ;
#237 = DIRECTION ( 'NONE',  ( -0.000000000000000000, -0.000000000000000000, 1.000000000000000000 ) ) ;
#238 =( NAMED_UNIT ( * ) SI_UNIT ( $, .STERADIAN. ) SOLID_ANGLE_UNIT ( ) );
#239 = ADVANCED_FACE ( 'NONE', ( #51 ), #1332, .F. ) ;
#240 = ORIENTED_EDGE ( 'NONE', *, *, #1391, .F. ) ;
#241 = CYLINDRICAL_SURFACE ( 'NONE', #273, 1.000000000000002665 ) ;
#242 = VERTEX_POINT ( 'NONE', #1062 ) ;
#243 = CARTESIAN_POINT ( 'NONE',  ( 4.000000000000003553, 0.000000000000000000, 5.999999999999998224 ) ) ;
#244 = ORIENTED_EDGE ( 'NONE', *, *, #962, .T. ) ;
#245 = EDGE_CURVE ( 'NONE', #1326, #1588, #823, .T. ) ;
#246 = AXIS2_PLACEMENT_3D ( 'NONE', #388, #113, #1499 ) ;
#247 = CARTESIAN_POINT ( 'NONE',  ( 1.236893267138826101E-14, 3.000000000000000000, -54.00000000000000000 ) ) ;
#248 =( LENGTH_UNIT ( ) NAMED_UNIT ( * ) SI_UNIT ( .MILLI., .METRE. ) );
#249 = VECTOR ( 'NONE', #930, 1000.000000000000000 ) ;
#250 = VERTEX_POINT ( 'NONE', #697 ) ;
#251 = CARTESIAN_POINT ( 'NONE',  ( 10.50000000000000533, 3.000000000000000000, -9.500000000000001776 ) ) ;
#252 = VERTEX_POINT ( 'NONE', #960 ) ;
#253 = DIRECTION ( 'NONE',  ( 0.000000000000000000, 1.000000000000000000, 0.000000000000000000 ) ) ;
#254 = VECTOR ( 'NONE', #1481, 1000.000000000000000 ) ;
#255 = ADVANCED_FACE ( 'NONE', ( #937 ), #211, .T. ) ;
#256 = FACE_OUTER_BOUND ( 'NONE', #262, .T. ) ;
#257 = CARTESIAN_POINT ( 'NONE',  ( -10.49999999999999112, 0.000000000000000000, 1.999999999999998224 ) ) ;
#258 = EDGE_CURVE ( 'NONE', #1442, #1288, #732, .T. ) ;
#259 = CIRCLE ( 'NONE', #649, 1.000000000000001776 ) ;
#260 = ORIENTED_EDGE ( 'NONE', *, *, #886, .F. ) ;
#261 = CARTESIAN_POINT ( 'NONE',  ( 54.00000000000001421, 3.000000000000000000, -1.322618543079141651E-14 ) ) ;
#262 = EDGE_LOOP ( 'NONE', ( #1042, #733, #894, #339 ) ) ;
#263 = CARTESIAN_POINT ( 'NONE',  ( 55.99999980560966151, 0.000000000000000000, -4.000000194390340269 ) ) ;
#264 = EDGE_CURVE ( 'NONE', #1393, #876, #1078, .T. ) ;
#265 = ORIENTED_EDGE ( 'NONE', *, *, #1177, .F. ) ;
#266 = ADVANCED_FACE ( 'NONE', ( #1220 ), #203, .F. ) ;
#267 = CYLINDRICAL_SURFACE ( 'NONE', #1429, 2.150000000000001243 ) ;
#268 = ORIENTED_EDGE ( 'NONE', *, *, #1350, .F. ) ;
#269 = DIRECTION ( 'NONE',  ( -0.000000000000000000, -1.000000000000000000, -0.000000000000000000 ) ) ;
#270 = EDGE_LOOP ( 'NONE', ( #1227, #357, #418, #795 ) ) ;
#271 = DIRECTION ( 'NONE',  ( 1.000000000000000000, 0.000000000000000000, -4.081702296416014518E-16 ) ) ;
#272 = ORIENTED_EDGE ( 'NONE', *, *, #1255, .T. ) ;
#273 = AXIS2_PLACEMENT_3D ( 'NONE', #765, #1266, #1272 ) ;
#274 = FACE_BOUND ( 'NONE', #1604, .T. ) ;
#275 = CARTESIAN_POINT ( 'NONE',  ( 1.236893267138826101E-14, 3.000000000000000000, -54.00000000000000000 ) ) ;
#276 = ORIENTED_EDGE ( 'NONE', *, *, #620, .F. ) ;
#277 = DIRECTION ( 'NONE',  ( -1.000000000000000000, -0.000000000000000000, -0.000000000000000000 ) ) ;
#278 = EDGE_CURVE ( 'NONE', #951, #569, #953, .T. ) ;
#279 = ORIENTED_EDGE ( 'NONE', *, *, #1516, .F. ) ;
#280 = PRODUCT_CONTEXT ( 'NONE', #1106, 'mechanical' ) ;
#281 = FACE_BOUND ( 'NONE', #542, .T. ) ;
#282 = ADVANCED_FACE ( 'NONE', ( #93 ), #737, .F. ) ;
#283 = DIRECTION ( 'NONE',  ( 0.000000000000000000, 0.000000000000000000, 1.000000000000000000 ) ) ;
#284 = ORIENTED_EDGE ( 'NONE', *, *, #308, .T. ) ;
#285 = CARTESIAN_POINT ( 'NONE',  ( -12.50000000000000000, 0.000000000000000000, -12.50000000000000000 ) ) ;
#286 = EDGE_LOOP ( 'NONE', ( #1522, #758, #1328, #833 ) ) ;
#287 = LINE ( 'NONE', #1496, #1331 ) ;
#288 = DIRECTION ( 'NONE',  ( -0.000000000000000000, -1.000000000000000000, -0.000000000000000000 ) ) ;
#289 = CARTESIAN_POINT ( 'NONE',  ( 4.000000000000005329, 3.000000000000000000, -12.50000000000000178 ) ) ;
#290 = EDGE_CURVE ( 'NONE', #208, #1318, #259, .T. ) ;
#291 = ORIENTED_EDGE ( 'NONE', *, *, #591, .F. ) ;
#292 = DIRECTION ( 'NONE',  ( 0.000000000000000000, 0.000000000000000000, 1.000000000000000000 ) ) ;
#293 = ORIENTED_EDGE ( 'NONE', *, *, #473, .T. ) ;
#294 = CYLINDRICAL_SURFACE ( 'NONE', #964, 4.000000194390340269 ) ;
#295 = EDGE_CURVE ( 'NONE', #502, #184, #853, .T. ) ;
#296 = CARTESIAN_POINT ( 'NONE',  ( -10.49999999999999467, 3.000000000000000000, -10.50000000000000178 ) ) ;
#297 = CARTESIAN_POINT ( 'NONE',  ( 1.236893267138826101E-14, 0.000000000000000000, -54.00000000000000000 ) ) ;
#298 = VECTOR ( 'NONE', #686, 1000.000000000000000 ) ;
#299 = AXIS2_PLACEMENT_3D ( 'NONE', #204, #221, #70 ) ;
#300 = EDGE_LOOP ( 'NONE', ( #276, #1579, #872, #326 ) ) ;
#301 = LINE ( 'NONE', #39, #1024 ) ;
#302 = PRODUCT_DEFINITION_FORMATION_WITH_SPECIFIED_SOURCE ( 'TUTTO', '', #123, .NOT_KNOWN. ) ;
#303 = EDGE_LOOP ( 'NONE', ( #687, #681, #48, #1513 ) ) ;
#304 = CARTESIAN_POINT ( 'NONE',  ( -56.00000019439033849, 0.000000000000000000, 0.000000000000000000 ) ) ;
#305 = EDGE_CURVE ( 'NONE', #1050, #655, #68, .T. ) ;
#306 = CIRCLE ( 'NONE', #1150, 2.150000000000001243 ) ;
#307 = CYLINDRICAL_SURFACE ( 'NONE', #1306, 4.000000194511566853 ) ;
#308 = EDGE_CURVE ( 'NONE', #1433, #355, #1208, .T. ) ;
#309 = DIRECTION ( 'NONE',  ( 0.000000000000000000, 0.000000000000000000, -1.000000000000000000 ) ) ;
#310 = EDGE_LOOP ( 'NONE', ( #365, #323, #558, #91 ) ) ;
#311 = CYLINDRICAL_SURFACE ( 'NONE', #1287, 4.000000194511566853 ) ;
#312 = VECTOR ( 'NONE', #1503, 1000.000000000000000 ) ;
#313 = VERTEX_POINT ( 'NONE', #1283 ) ;
#314 = CYLINDRICAL_SURFACE ( 'NONE', #1127, 1.000000000000001554 ) ;
#315 = LINE ( 'NONE', #565, #67 ) ;
#316 = DIRECTION ( 'NONE',  ( -1.000000000000000000, -0.000000000000000000, -0.000000000000000000 ) ) ;
#317 = ORIENTED_EDGE ( 'NONE', *, *, #295, .F. ) ;
#318 = LINE ( 'NONE', #693, #1495 ) ;
#319 = ORIENTED_EDGE ( 'NONE', *, *, #1322, .F. ) ;
#320 = CARTESIAN_POINT ( 'NONE',  ( -3.999999999999987121, 3.000000000000000000, 55.99875275999999502 ) ) ;
#321 = PLANE ( 'NONE',  #1099 ) ;
#322 = CYLINDRICAL_SURFACE ( 'NONE', #400, 1.000000000000000888 ) ;
#323 = ORIENTED_EDGE ( 'NONE', *, *, #746, .F. ) ;
#324 = DIRECTION ( 'NONE',  ( -2.040851148208009231E-16, 0.000000000000000000, 1.000000000000000000 ) ) ;
#325 = VECTOR ( 'NONE', #826, 1000.000000000000000 ) ;
#326 = ORIENTED_EDGE ( 'NONE', *, *, #726, .F. ) ;
#327 = CARTESIAN_POINT ( 'NONE',  ( 4.000000000000005329, 3.000000000000000000, -12.50000000000000178 ) ) ;
#328 = CARTESIAN_POINT ( 'NONE',  ( 4.000000000000005329, 0.000000000000000000, -12.50000000000000178 ) ) ;
#329 = CARTESIAN_POINT ( 'NONE',  ( 1.263223173320494252E-14, 3.000000000000000000, -51.85000000000000142 ) ) ;
#330 = EDGE_CURVE ( 'NONE', #250, #1393, #1600, .T. ) ;
#331 = ORIENTED_EDGE ( 'NONE', *, *, #1584, .T. ) ;
#332 = DIRECTION ( 'NONE',  ( 1.000000000000000000, 0.000000000000000000, 2.040851148208009231E-16 ) ) ;
#333 = VECTOR ( 'NONE', #430, 1000.000000000000000 ) ;
#334 = ORIENTED_EDGE ( 'NONE', *, *, #1340, .F. ) ;
#335 = CARTESIAN_POINT ( 'NONE',  ( -55.99875275999998792, 3.000000000000000000, -4.000000000000007105 ) ) ;
#336 = AXIS2_PLACEMENT_3D ( 'NONE', #1436, #462, #705 ) ;
#337 = CARTESIAN_POINT ( 'NONE',  ( -3.999999999999996447, 0.000000000000000000, -12.50000000000000000 ) ) ;
#338 = CARTESIAN_POINT ( 'NONE',  ( -55.99875275999998792, 3.000000000000000000, 3.999999999999995559 ) ) ;
#339 = ORIENTED_EDGE ( 'NONE', *, *, #815, .F. ) ;
#340 = CARTESIAN_POINT ( 'NONE',  ( 4.000000000000010658, 0.000000000000000000, 12.49999999999999467 ) ) ;
#341 = VERTEX_POINT ( 'NONE', #474 ) ;
#342 = CARTESIAN_POINT ( 'NONE',  ( -10.49999999999999467, 3.000000000000000000, -10.50000000000000178 ) ) ;
#343 = CARTESIAN_POINT ( 'NONE',  ( 12.50000000000000000, 3.000000000000000000, -4.000000000000007105 ) ) ;
#344 = CARTESIAN_POINT ( 'NONE',  ( 8.673617379884035472E-16, 3.000000000000000000, -60.00000000000000711 ) ) ;
#345 = EDGE_CURVE ( 'NONE', #1442, #843, #287, .T. ) ;
#346 = ORIENTED_EDGE ( 'NONE', *, *, #350, .F. ) ;
#347 = LINE ( 'NONE', #1233, #777 ) ;
#348 = ORIENTED_EDGE ( 'NONE', *, *, #464, .T. ) ;
#349 = CARTESIAN_POINT ( 'NONE',  ( -3.999999999999994227, 0.000000000000000000, -2.000000000000003109 ) ) ;
#350 = EDGE_CURVE ( 'NONE', #1067, #756, #17, .T. ) ;
#351 = AXIS2_PLACEMENT_3D ( 'NONE', #971, #729, #1473 ) ;
#352 = DIRECTION ( 'NONE',  ( 0.000000000000000000, 0.000000000000000000, -1.000000000000000000 ) ) ;
#353 = DIRECTION ( 'NONE',  ( 1.000000000000000000, 0.000000000000000000, 2.592189862560383207E-16 ) ) ;
#354 = EDGE_CURVE ( 'NONE', #638, #1553, #27, .T. ) ;
#355 = VERTEX_POINT ( 'NONE', #985 ) ;
#356 = DIRECTION ( 'NONE',  ( -0.000000000000000000, -1.000000000000000000, -0.000000000000000000 ) ) ;
#357 = ORIENTED_EDGE ( 'NONE', *, *, #447, .T. ) ;
#358 = FACE_BOUND ( 'NONE', #615, .T. ) ;
#359 = AXIS2_PLACEMENT_3D ( 'NONE', #1003, #404, #976 ) ;
#360 = DIRECTION ( 'NONE',  ( 0.000000000000000000, 1.000000000000000000, 0.000000000000000000 ) ) ;
#361 =( NAMED_UNIT ( * ) PLANE_ANGLE_UNIT ( ) SI_UNIT ( $, .RADIAN. ) );
#362 = AXIS2_PLACEMENT_3D ( 'NONE', #1308, #1190, #1554 ) ;
#363 = VERTEX_POINT ( 'NONE', #1616 ) ;
#364 = CARTESIAN_POINT ( 'NONE',  ( -3.999999999999994227, 3.000000000000000000, 5.999999999999998224 ) ) ;
#365 = ORIENTED_EDGE ( 'NONE', *, *, #121, .T. ) ;
#366 = DIRECTION ( 'NONE',  ( 0.000000000000000000, 1.000000000000000000, 0.000000000000000000 ) ) ;
#367 = EDGE_CURVE ( 'NONE', #1625, #72, #489, .T. ) ;
#368 = AXIS2_PLACEMENT_3D ( 'NONE', #1041, #1536, #292 ) ;
#369 = ORIENTED_EDGE ( 'NONE', *, *, #1516, .T. ) ;
#370 = FACE_OUTER_BOUND ( 'NONE', #461, .T. ) ;
#371 = APPLICATION_PROTOCOL_DEFINITION ( 'draft international standard', 'automotive_design', 1998, #1106 ) ;
#372 = VERTEX_POINT ( 'NONE', #153 ) ;
#373 = DIRECTION ( 'NONE',  ( 0.000000000000000000, 0.000000000000000000, -1.000000000000000000 ) ) ;
#374 = VERTEX_POINT ( 'NONE', #482 ) ;
#375 = DIRECTION ( 'NONE',  ( -0.000000000000000000, -0.000000000000000000, 1.000000000000000000 ) ) ;
#376 = ORIENTED_EDGE ( 'NONE', *, *, #100, .F. ) ;
#377 = EDGE_CURVE ( 'NONE', #655, #424, #1205, .T. ) ;
#378 = CIRCLE ( 'NONE', #246, 1.000000000000001776 ) ;
#379 = DIRECTION ( 'NONE',  ( 0.000000000000000000, 0.000000000000000000, 1.000000000000000000 ) ) ;
#380 = CARTESIAN_POINT ( 'NONE',  ( 54.00000000000001421, 3.000000000000000000, -1.322618543079141651E-14 ) ) ;
#381 = ORIENTED_EDGE ( 'NONE', *, *, #278, .T. ) ;
#382 = FACE_OUTER_BOUND ( 'NONE', #26, .T. ) ;
#383 = ADVANCED_FACE ( 'NONE', ( #370 ), #861, .F. ) ;
#384 = ORIENTED_EDGE ( 'NONE', *, *, #878, .T. ) ;
#385 = DIRECTION ( 'NONE',  ( 0.000000000000000000, 0.000000000000000000, -1.000000000000000000 ) ) ;
#386 = VERTEX_POINT ( 'NONE', #1606 ) ;
#387 = LINE ( 'NONE', #1505, #1382 ) ;
#388 = CARTESIAN_POINT ( 'NONE',  ( -10.49999999999999112, 0.000000000000000000, 1.999999999999998224 ) ) ;
#389 = EDGE_LOOP ( 'NONE', ( #645, #478, #1056, #1343 ) ) ;
#390 = DIRECTION ( 'NONE',  ( -0.000000000000000000, -0.000000000000000000, 1.000000000000000000 ) ) ;
#391 = EDGE_LOOP ( 'NONE', ( #741, #224, #1025, #1201 ) ) ;
#392 = CYLINDRICAL_SURFACE ( 'NONE', #781, 2.149999999999999023 ) ;
#393 = EDGE_CURVE ( 'NONE', #1081, #374, #759, .T. ) ;
#394 = DIRECTION ( 'NONE',  ( -0.000000000000000000, -1.000000000000000000, -0.000000000000000000 ) ) ;
#395 = ORIENTED_EDGE ( 'NONE', *, *, #646, .T. ) ;
#396 = DIRECTION ( 'NONE',  ( 0.000000000000000000, 0.000000000000000000, -1.000000000000000000 ) ) ;
#397 = EDGE_CURVE ( 'NONE', #1232, #532, #1253, .T. ) ;
#398 = DIRECTION ( 'NONE',  ( 0.000000000000000000, 0.000000000000000000, 1.000000000000000000 ) ) ;
#399 = CARTESIAN_POINT ( 'NONE',  ( 10.50000000000000178, 3.000000000000000000, 0.9999999999999941158 ) ) ;
#400 = AXIS2_PLACEMENT_3D ( 'NONE', #1324, #1456, #824 ) ;
#401 = EDGE_LOOP ( 'NONE', ( #279, #1474, #841, #1271 ) ) ;
#402 = CARTESIAN_POINT ( 'NONE',  ( -3.999999999999994227, 3.000000000000000000, -2.000000000000003109 ) ) ;
#403 = ORIENTED_EDGE ( 'NONE', *, *, #639, .F. ) ;
#404 = DIRECTION ( 'NONE',  ( 0.000000000000000000, 1.000000000000000000, 0.000000000000000000 ) ) ;
#405 = FACE_OUTER_BOUND ( 'NONE', #1135, .T. ) ;
#406 = LINE ( 'NONE', #289, #1249 ) ;
#407 = CIRCLE ( 'NONE', #1284, 4.000000194511566853 ) ;
#408 = ORIENTED_EDGE ( 'NONE', *, *, #1060, .T. ) ;
#409 = CARTESIAN_POINT ( 'NONE',  ( 4.000000000000005329, 3.000000000000000000, 55.99875275999999502 ) ) ;
#410 = ORIENTED_EDGE ( 'NONE', *, *, #1188, .F. ) ;
#411 = CARTESIAN_POINT ( 'NONE',  ( 54.00000000000001421, 0.000000000000000000, -1.322618543079141651E-14 ) ) ;
#412 = VECTOR ( 'NONE', #1434, 1000.000000000000000 ) ;
#413 = CARTESIAN_POINT ( 'NONE',  ( 12.50000000000000000, 3.000000000000000000, -12.50000000000000000 ) ) ;
#414 = LINE ( 'NONE', #1098, #635 ) ;
#415 = EDGE_CURVE ( 'NONE', #1547, #386, #743, .T. ) ;
#416 = ORIENTED_EDGE ( 'NONE', *, *, #169, .F. ) ;
#417 = DIRECTION ( 'NONE',  ( 0.000000000000000000, 0.000000000000000000, -1.000000000000000000 ) ) ;
#418 = ORIENTED_EDGE ( 'NONE', *, *, #1471, .F. ) ;
#419 = CARTESIAN_POINT ( 'NONE',  ( -54.00000000000000000, 0.000000000000000000, -2.150000000000001243 ) ) ;
#420 = EDGE_CURVE ( 'NONE', #924, #1153, #117, .T. ) ;
#421 = DIRECTION ( 'NONE',  ( 0.000000000000000000, 1.000000000000000000, 0.000000000000000000 ) ) ;
#422 = CARTESIAN_POINT ( 'NONE',  ( 1.379676323628502758E-14, 3.000000000000000000, 55.99875275999999502 ) ) ;
#423 = VECTOR ( 'NONE', #1221, 1000.000000000000000 ) ;
#424 = VERTEX_POINT ( 'NONE', #1129 ) ;
#425 = PLANE ( 'NONE',  #528 ) ;
#426 = VECTOR ( 'NONE', #738, 1000.000000000000000 ) ;
#427 = ORIENTED_EDGE ( 'NONE', *, *, #447, .F. ) ;
#428 = LINE ( 'NONE', #561, #40 ) ;
#429 = CIRCLE ( 'NONE', #644, 1.000000000000001776 ) ;
#430 = DIRECTION ( 'NONE',  ( -0.000000000000000000, -1.000000000000000000, -0.000000000000000000 ) ) ;
#431 = LINE ( 'NONE', #1030, #9 ) ;
#432 = VERTEX_POINT ( 'NONE', #1624 ) ;
#433 = VECTOR ( 'NONE', #109, 1000.000000000000000 ) ;
#434 = DIRECTION ( 'NONE',  ( -1.000000000000000000, -0.000000000000000000, -0.000000000000000000 ) ) ;
#435 = VERTEX_POINT ( 'NONE', #1383 ) ;
#436 = DIRECTION ( 'NONE',  ( -0.000000000000000000, -1.000000000000000000, -0.000000000000000000 ) ) ;
#437 = AXIS2_PLACEMENT_3D ( 'NONE', #821, #1068, #927 ) ;
#438 = AXIS2_PLACEMENT_3D ( 'NONE', #875, #1493, #385 ) ;
#439 = VECTOR ( 'NONE', #434, 1000.000000000000000 ) ;
#440 = DIRECTION ( 'NONE',  ( -1.000000000000000000, 0.000000000000000000, -6.122553444624031884E-16 ) ) ;
#441 = CYLINDRICAL_SURFACE ( 'NONE', #1146, 4.000000194390340269 ) ;
#442 = ADVANCED_FACE ( 'NONE', ( #256 ), #294, .T. ) ;
#443 = EDGE_LOOP ( 'NONE', ( #1611, #1353, #1529, #1216 ) ) ;
#444 = DIRECTION ( 'NONE',  ( 1.000000000000000000, 0.000000000000000000, -0.000000000000000000 ) ) ;
#445 = ORIENTED_EDGE ( 'NONE', *, *, #367, .T. ) ;
#446 = CARTESIAN_POINT ( 'NONE',  ( 1.263223173320494252E-14, 0.000000000000000000, -51.85000000000000142 ) ) ;
#447 = EDGE_CURVE ( 'NONE', #313, #851, #428, .T. ) ;
#448 = DIRECTION ( 'NONE',  ( 0.000000000000000000, 0.000000000000000000, -1.000000000000000000 ) ) ;
#449 = CARTESIAN_POINT ( 'NONE',  ( -3.999999999999994227, 3.000000000000000000, 5.999999999999998224 ) ) ;
#450 = ORIENTED_EDGE ( 'NONE', *, *, #493, .F. ) ;
#451 = LINE ( 'NONE', #956, #1088 ) ;
#452 = ORIENTED_EDGE ( 'NONE', *, *, #1577, .F. ) ;
#453 = FACE_OUTER_BOUND ( 'NONE', #1093, .T. ) ;
#454 = CIRCLE ( 'NONE', #1300, 1.000000000000002665 ) ;
#455 = DIRECTION ( 'NONE',  ( 0.000000000000000000, 0.000000000000000000, 1.000000000000000000 ) ) ;
#456 = EDGE_CURVE ( 'NONE', #567, #372, #1309, .T. ) ;
#457 = DIRECTION ( 'NONE',  ( 0.000000000000000000, 1.000000000000000000, 0.000000000000000000 ) ) ;
#458 = ORIENTED_EDGE ( 'NONE', *, *, #1350, .T. ) ;
#459 = DIRECTION ( 'NONE',  ( -0.000000000000000000, -1.000000000000000000, -0.000000000000000000 ) ) ;
#460 = VECTOR ( 'NONE', #162, 1000.000000000000000 ) ;
#461 = EDGE_LOOP ( 'NONE', ( #1558, #784, #902, #685 ) ) ;
#462 = DIRECTION ( 'NONE',  ( 0.000000000000000000, 1.000000000000000000, 0.000000000000000000 ) ) ;
#463 = VECTOR ( 'NONE', #622, 1000.000000000000000 ) ;
#464 = EDGE_CURVE ( 'NONE', #851, #82, #706, .T. ) ;
#465 = AXIS2_PLACEMENT_3D ( 'NONE', #142, #253, #642 ) ;
#466 = CARTESIAN_POINT ( 'NONE',  ( 55.99999980560966151, 3.000000000000000000, 0.000000000000000000 ) ) ;
#467 = DIRECTION ( 'NONE',  ( -0.000000000000000000, -1.000000000000000000, -0.000000000000000000 ) ) ;
#468 = EDGE_LOOP ( 'NONE', ( #410, #284, #215, #546 ) ) ;
#469 = CARTESIAN_POINT ( 'NONE',  ( -10.49999999999999112, 3.000000000000000000, 3.000000000000000000 ) ) ;
#470 = EDGE_CURVE ( 'NONE', #526, #1304, #760, .T. ) ;
#471 = EDGE_LOOP ( 'NONE', ( #1276, #334, #1336, #1575 ) ) ;
#472 = DIRECTION ( 'NONE',  ( -0.000000000000000000, -1.000000000000000000, -0.000000000000000000 ) ) ;
#473 = EDGE_CURVE ( 'NONE', #341, #106, #1565, .T. ) ;
#474 = CARTESIAN_POINT ( 'NONE',  ( 54.00000000000001421, 0.000000000000000000, -2.150000000000014122 ) ) ;
#475 = CARTESIAN_POINT ( 'NONE',  ( -56.00000019439033849, 0.000000000000000000, 4.000000194511566853 ) ) ;
#476 = ORIENTED_EDGE ( 'NONE', *, *, #1325, .F. ) ;
#477 = DIRECTION ( 'NONE',  ( -0.000000000000000000, -1.000000000000000000, -0.000000000000000000 ) ) ;
#478 = ORIENTED_EDGE ( 'NONE', *, *, #1584, .F. ) ;
#479 = FACE_BOUND ( 'NONE', #1010, .T. ) ;
#480 = AXIS2_PLACEMENT_3D ( 'NONE', #1293, #539, #163 ) ;
#481 = MECHANICAL_DESIGN_GEOMETRIC_PRESENTATION_REPRESENTATION (  '', ( #1223 ), #507 ) ;
#482 = CARTESIAN_POINT ( 'NONE',  ( -10.49999999999999112, 3.000000000000000000, 0.9999999999999967804 ) ) ;
#483 = DIRECTION ( 'NONE',  ( 0.000000000000000000, 0.000000000000000000, 1.000000000000000000 ) ) ;
#484 = EDGE_LOOP ( 'NONE', ( #98, #1320 ) ) ;
#485 = EDGE_CURVE ( 'NONE', #553, #1622, #191, .T. ) ;
#486 = CARTESIAN_POINT ( 'NONE',  ( 55.99875276000000213, 0.000000000000000000, -4.000000000000007105 ) ) ;
#487 = EDGE_LOOP ( 'NONE', ( #127, #41 ) ) ;
#488 = LINE ( 'NONE', #859, #1515 ) ;
#489 = LINE ( 'NONE', #605, #735 ) ;
#490 = PLANE ( 'NONE',  #1037 ) ;
#491 = CARTESIAN_POINT ( 'NONE',  ( 10.50000000000000178, 3.000000000000000000, 1.999999999999995781 ) ) ;
#492 = FACE_OUTER_BOUND ( 'NONE', #471, .T. ) ;
#493 = EDGE_CURVE ( 'NONE', #951, #553, #597, .T. ) ;
#494 = ORIENTED_EDGE ( 'NONE', *, *, #1340, .T. ) ;
#495 = CARTESIAN_POINT ( 'NONE',  ( -56.00000019439033849, 0.000000000000000000, -4.000000194511566853 ) ) ;
#496 = ORIENTED_EDGE ( 'NONE', *, *, #1537, .F. ) ;
#497 = CARTESIAN_POINT ( 'NONE',  ( 10.50000000000000178, 3.000000000000000000, 1.999999999999995781 ) ) ;
#498 = LINE ( 'NONE', #628, #426 ) ;
#499 = EDGE_CURVE ( 'NONE', #112, #341, #1197, .T. ) ;
#500 = ORIENTED_EDGE ( 'NONE', *, *, #1169, .T. ) ;
#501 = DIRECTION ( 'NONE',  ( -0.000000000000000000, -1.000000000000000000, -0.000000000000000000 ) ) ;
#502 = VERTEX_POINT ( 'NONE', #161 ) ;
#503 = FACE_OUTER_BOUND ( 'NONE', #310, .T. ) ;
#504 = ORIENTED_EDGE ( 'NONE', *, *, #633, .T. ) ;
#505 = AXIS2_PLACEMENT_3D ( 'NONE', #214, #720, #1482 ) ;
#506 = AXIS2_PLACEMENT_3D ( 'NONE', #717, #457, #840 ) ;
#507 =( GEOMETRIC_REPRESENTATION_CONTEXT ( 3 ) GLOBAL_UNCERTAINTY_ASSIGNED_CONTEXT ( ( #1275 ) ) GLOBAL_UNIT_ASSIGNED_CONTEXT ( ( #248, #229, #118 ) ) REPRESENTATION_CONTEXT ( 'NONE', 'WORKASPACE' ) );
#508 = EDGE_CURVE ( 'NONE', #941, #1314, #1321, .T. ) ;
#509 = DIRECTION ( 'NONE',  ( -0.000000000000000000, -1.000000000000000000, -0.000000000000000000 ) ) ;
#510 = LINE ( 'NONE', #1398, #634 ) ;
#511 = ORIENTED_EDGE ( 'NONE', *, *, #245, .F. ) ;
#512 = PLANE ( 'NONE',  #763 ) ;
#513 = ORIENTED_EDGE ( 'NONE', *, *, #1001, .F. ) ;
#514 = CARTESIAN_POINT ( 'NONE',  ( -10.49999999999999467, 3.000000000000000000, -11.50000000000000355 ) ) ;
#515 = CARTESIAN_POINT ( 'NONE',  ( -3.999999999999996447, 0.000000000000000000, 55.99875275999999502 ) ) ;
#516 = CARTESIAN_POINT ( 'NONE',  ( -3.999999999999996447, 0.000000000000000000, 12.49999999999999645 ) ) ;
#517 = EDGE_LOOP ( 'NONE', ( #369, #272, #234, #768 ) ) ;
#518 = DIRECTION ( 'NONE',  ( 0.000000000000000000, 0.000000000000000000, 1.000000000000000000 ) ) ;
#519 = ADVANCED_FACE ( 'NONE', ( #66 ), #314, .F. ) ;
#520 = VERTEX_POINT ( 'NONE', #446 ) ;
#521 = CIRCLE ( 'NONE', #1159, 1.000000000000002665 ) ;
#522 = DIRECTION ( 'NONE',  ( 0.000000000000000000, 0.000000000000000000, 1.000000000000000000 ) ) ;
#523 = DIRECTION ( 'NONE',  ( -0.000000000000000000, -1.000000000000000000, -0.000000000000000000 ) ) ;
#524 = EDGE_LOOP ( 'NONE', ( #944, #883, #1250, #1002 ) ) ;
#525 = DIRECTION ( 'NONE',  ( -0.000000000000000000, -1.000000000000000000, -0.000000000000000000 ) ) ;
#526 = VERTEX_POINT ( 'NONE', #663 ) ;
#527 = DIRECTION ( 'NONE',  ( 0.000000000000000000, 1.000000000000000000, 0.000000000000000000 ) ) ;
#528 = AXIS2_PLACEMENT_3D ( 'NONE', #1450, #324, #332 ) ;
#529 = CARTESIAN_POINT ( 'NONE',  ( 54.00000000000001421, 3.000000000000000000, -2.150000000000014122 ) ) ;
#530 = CARTESIAN_POINT ( 'NONE',  ( 10.50000000000000533, 3.000000000000000000, -10.50000000000000355 ) ) ;
#531 = CIRCLE ( 'NONE', #480, 1.000000000000000888 ) ;
#532 = VERTEX_POINT ( 'NONE', #320 ) ;
#533 = DIRECTION ( 'NONE',  ( 0.000000000000000000, 1.000000000000000000, 0.000000000000000000 ) ) ;
#534 = EDGE_LOOP ( 'NONE', ( #244, #1422 ) ) ;
#535 = CARTESIAN_POINT ( 'NONE',  ( -10.49999999999999467, 0.000000000000000000, -10.50000000000000178 ) ) ;
#536 = EDGE_CURVE ( 'NONE', #208, #526, #920, .T. ) ;
#537 = AXIS2_PLACEMENT_3D ( 'NONE', #1086, #1069, #1582 ) ;
#538 = CARTESIAN_POINT ( 'NONE',  ( 4.000000000000005329, 3.000000000000000000, -12.50000000000000178 ) ) ;
#539 = DIRECTION ( 'NONE',  ( 0.000000000000000000, 1.000000000000000000, 0.000000000000000000 ) ) ;
#540 = VECTOR ( 'NONE', #613, 1000.000000000000000 ) ;
#541 = VECTOR ( 'NONE', #1084, 1000.000000000000000 ) ;
#542 = EDGE_LOOP ( 'NONE', ( #114, #881 ) ) ;
#543 = DIRECTION ( 'NONE',  ( 0.000000000000000000, 0.000000000000000000, -1.000000000000000000 ) ) ;
#544 = VECTOR ( 'NONE', #525, 1000.000000000000000 ) ;
#545 = EDGE_CURVE ( 'NONE', #828, #1508, #1020, .T. ) ;
#546 = ORIENTED_EDGE ( 'NONE', *, *, #727, .F. ) ;
#547 = DIRECTION ( 'NONE',  ( 0.000000000000000000, 0.000000000000000000, 1.000000000000000000 ) ) ;
#548 = DIRECTION ( 'NONE',  ( 0.000000000000000000, 0.000000000000000000, 1.000000000000000000 ) ) ;
#549 = EDGE_CURVE ( 'NONE', #972, #432, #1076, .T. ) ;
#550 = LINE ( 'NONE', #1533, #585 ) ;
#551 = ORIENTED_EDGE ( 'NONE', *, *, #580, .T. ) ;
#552 = FACE_OUTER_BOUND ( 'NONE', #1408, .T. ) ;
#553 = VERTEX_POINT ( 'NONE', #34 ) ;
#554 = DIRECTION ( 'NONE',  ( -0.000000000000000000, -1.000000000000000000, -0.000000000000000000 ) ) ;
#555 = DIRECTION ( 'NONE',  ( 0.000000000000000000, 0.000000000000000000, -1.000000000000000000 ) ) ;
#556 = DIRECTION ( 'NONE',  ( 0.000000000000000000, 0.000000000000000000, 1.000000000000000000 ) ) ;
#557 = VECTOR ( 'NONE', #1295, 1000.000000000000000 ) ;
#558 = ORIENTED_EDGE ( 'NONE', *, *, #397, .F. ) ;
#559 = CARTESIAN_POINT ( 'NONE',  ( 55.99999980560966151, 3.000000000000000000, 0.000000000000000000 ) ) ;
#560 = ORIENTED_EDGE ( 'NONE', *, *, #473, .F. ) ;
#561 = CARTESIAN_POINT ( 'NONE',  ( -10.49999999999999467, 3.000000000000000000, -9.500000000000001776 ) ) ;
#562 = CIRCLE ( 'NONE', #1486, 4.000000194390340269 ) ;
#563 = ADVANCED_FACE ( 'NONE', ( #1297 ), #170, .F. ) ;
#564 = CIRCLE ( 'NONE', #1510, 1.000000000000000888 ) ;
#565 = CARTESIAN_POINT ( 'NONE',  ( 4.000000000000010658, 0.000000000000000000, 12.49999999999999467 ) ) ;
#566 = DIRECTION ( 'NONE',  ( -1.000000000000000000, 0.000000000000000000, -0.000000000000000000 ) ) ;
#567 = VERTEX_POINT ( 'NONE', #1181 ) ;
#568 = LINE ( 'NONE', #1110, #325 ) ;
#569 = VERTEX_POINT ( 'NONE', #419 ) ;
#570 = DIRECTION ( 'NONE',  ( 0.000000000000000000, 0.000000000000000000, -1.000000000000000000 ) ) ;
#571 = CIRCLE ( 'NONE', #336, 2.150000000000001243 ) ;
#572 = EDGE_CURVE ( 'NONE', #1508, #1379, #407, .T. ) ;
#573 = DIRECTION ( 'NONE',  ( -4.081702296416019941E-16, -0.000000000000000000, 1.000000000000000000 ) ) ;
#574 = FACE_OUTER_BOUND ( 'NONE', #1568, .T. ) ;
#575 = ORIENTED_EDGE ( 'NONE', *, *, #1011, .F. ) ;
#576 = PLANE ( 'NONE',  #980 ) ;
#577 = ORIENTED_EDGE ( 'NONE', *, *, #1169, .F. ) ;
#578 = FACE_BOUND ( 'NONE', #534, .T. ) ;
#579 = EDGE_CURVE ( 'NONE', #355, #1433, #1045, .T. ) ;
#580 = EDGE_CURVE ( 'NONE', #112, #1366, #571, .T. ) ;
#581 = CARTESIAN_POINT ( 'NONE',  ( 55.99999980560966151, 3.000000000000000000, 4.000000194390340269 ) ) ;
#582 = LINE ( 'NONE', #1601, #59 ) ;
#583 = ORIENTED_EDGE ( 'NONE', *, *, #290, .F. ) ;
#584 = LINE ( 'NONE', #197, #749 ) ;
#585 = VECTOR ( 'NONE', #668, 1000.000000000000000 ) ;
#586 = ORIENTED_EDGE ( 'NONE', *, *, #959, .T. ) ;
#587 = PLANE ( 'NONE',  #95 ) ;
#588 = VECTOR ( 'NONE', #316, 1000.000000000000000 ) ;
#589 = DIRECTION ( 'NONE',  ( 0.000000000000000000, 0.000000000000000000, 1.000000000000000000 ) ) ;
#590 = PLANE ( 'NONE',  #1507 ) ;
#591 = EDGE_CURVE ( 'NONE', #941, #1334, #1363, .T. ) ;
#592 = ORIENTED_EDGE ( 'NONE', *, *, #935, .T. ) ;
#593 = CARTESIAN_POINT ( 'NONE',  ( 10.50000000000000533, 3.000000000000000000, -10.50000000000000355 ) ) ;
#594 = ORIENTED_EDGE ( 'NONE', *, *, #278, .F. ) ;
#595 = CYLINDRICAL_SURFACE ( 'NONE', #1234, 1.000000000000000888 ) ;
#596 = EDGE_CURVE ( 'NONE', #252, #805, #604, .T. ) ;
#597 = CIRCLE ( 'NONE', #1540, 2.150000000000001243 ) ;
#598 = DIRECTION ( 'NONE',  ( 0.000000000000000000, 0.000000000000000000, 1.000000000000000000 ) ) ;
#599 = CARTESIAN_POINT ( 'NONE',  ( 12.50000000000000000, 3.000000000000000000, -4.000000000000007105 ) ) ;
#600 = ADVANCED_FACE ( 'NONE', ( #453 ), #595, .F. ) ;
#601 = EDGE_LOOP ( 'NONE', ( #719, #900 ) ) ;
#602 = DIRECTION ( 'NONE',  ( -0.000000000000000000, -1.000000000000000000, -0.000000000000000000 ) ) ;
#603 = VERTEX_POINT ( 'NONE', #235 ) ;
#604 = LINE ( 'NONE', #958, #1465 ) ;
#605 = CARTESIAN_POINT ( 'NONE',  ( 12.50000000000000000, 3.000000000000000000, -4.000000000000007105 ) ) ;
#606 = CARTESIAN_POINT ( 'NONE',  ( -54.00000000000000000, 0.000000000000000000, 2.150000000000001243 ) ) ;
#607 = ORIENTED_EDGE ( 'NONE', *, *, #132, .F. ) ;
#608 = DIRECTION ( 'NONE',  ( -0.000000000000000000, -1.000000000000000000, -0.000000000000000000 ) ) ;
#609 = ORIENTED_EDGE ( 'NONE', *, *, #1128, .T. ) ;
#610 = FACE_OUTER_BOUND ( 'NONE', #4, .T. ) ;
#611 = AXIS2_PLACEMENT_3D ( 'NONE', #275, #1248, #1124 ) ;
#612 = VECTOR ( 'NONE', #1479, 1000.000000000000000 ) ;
#613 = DIRECTION ( 'NONE',  ( -1.000000000000000000, -0.000000000000000000, -0.000000000000000000 ) ) ;
#614 = CARTESIAN_POINT ( 'NONE',  ( 12.50000000000000000, 0.000000000000000000, 12.50000000000000000 ) ) ;
#615 = EDGE_LOOP ( 'NONE', ( #1180, #1386 ) ) ;
#616 = LINE ( 'NONE', #251, #84 ) ;
#617 = ORIENTED_EDGE ( 'NONE', *, *, #715, .T. ) ;
#618 = LINE ( 'NONE', #1160, #1541 ) ;
#619 = ORIENTED_EDGE ( 'NONE', *, *, #886, .T. ) ;
#620 = EDGE_CURVE ( 'NONE', #1366, #106, #975, .T. ) ;
#621 = VECTOR ( 'NONE', #1409, 1000.000000000000000 ) ;
#622 = DIRECTION ( 'NONE',  ( -0.000000000000000000, -1.000000000000000000, -0.000000000000000000 ) ) ;
#623 = VECTOR ( 'NONE', #1337, 1000.000000000000000 ) ;
#624 = ORIENTED_EDGE ( 'NONE', *, *, #995, .F. ) ;
#625 = CYLINDRICAL_SURFACE ( 'NONE', #721, 2.150000000000001243 ) ;
#626 = ORIENTED_EDGE ( 'NONE', *, *, #71, .T. ) ;
#627 = CARTESIAN_POINT ( 'NONE',  ( 8.673617379884035472E-16, 0.000000000000000000, -60.00000000000000711 ) ) ;
#628 = CARTESIAN_POINT ( 'NONE',  ( -12.50000000000000000, 3.000000000000000000, 12.50000000000000000 ) ) ;
#629 = EDGE_LOOP ( 'NONE', ( #695, #957, #416, #1370 ) ) ;
#630 = PLANE ( 'NONE',  #219 ) ;
#631 = ORIENTED_EDGE ( 'NONE', *, *, #154, .T. ) ;
#632 = LINE ( 'NONE', #1274, #43 ) ;
#633 = EDGE_CURVE ( 'NONE', #1242, #1538, #1589, .T. ) ;
#634 = VECTOR ( 'NONE', #1117, 1000.000000000000000 ) ;
#635 = VECTOR ( 'NONE', #61, 1000.000000000000000 ) ;
#636 = DIRECTION ( 'NONE',  ( -4.081702296416014025E-16, 0.000000000000000000, -1.000000000000000000 ) ) ;
#637 = CIRCLE ( 'NONE', #1610, 1.000000000000001776 ) ;
#638 = VERTEX_POINT ( 'NONE', #327 ) ;
#639 = EDGE_CURVE ( 'NONE', #1170, #641, #488, .T. ) ;
#640 = CARTESIAN_POINT ( 'NONE',  ( 12.50000000000000000, 3.000000000000000000, -12.50000000000000000 ) ) ;
#641 = VERTEX_POINT ( 'NONE', #349 ) ;
#642 = DIRECTION ( 'NONE',  ( 0.000000000000000000, 0.000000000000000000, 1.000000000000000000 ) ) ;
#643 = PRODUCT_DEFINITION_CONTEXT ( 'detailed design', #650, 'design' ) ;
#644 = AXIS2_PLACEMENT_3D ( 'NONE', #683, #779, #522 ) ;
#645 = ORIENTED_EDGE ( 'NONE', *, *, #264, .T. ) ;
#646 = EDGE_CURVE ( 'NONE', #242, #1050, #837, .T. ) ;
#647 = VECTOR ( 'NONE', #77, 1000.000000000000000 ) ;
#648 = ADVANCED_BREP_SHAPE_REPRESENTATION ( 'ELP-0052', ( #1578, #85 ), #140 ) ;
#649 = AXIS2_PLACEMENT_3D ( 'NONE', #497, #1238, #1530 ) ;
#650 = APPLICATION_CONTEXT ( 'automotive_design' ) ;
#651 = DIRECTION ( 'NONE',  ( -0.000000000000000000, -1.000000000000000000, -0.000000000000000000 ) ) ;
#652 = LINE ( 'NONE', #1550, #669 ) ;
#653 = ORIENTED_EDGE ( 'NONE', *, *, #838, .F. ) ;
#654 = LINE ( 'NONE', #25, #544 ) ;
#655 = VERTEX_POINT ( 'NONE', #1344 ) ;
#656 = CARTESIAN_POINT ( 'NONE',  ( 8.673617379884035472E-16, 0.000000000000000000, -55.99999980560966151 ) ) ;
#657 = ADVANCED_FACE ( 'NONE', ( #610 ), #587, .F. ) ;
#658 = LINE ( 'NONE', #515, #854 ) ;
#659 = CARTESIAN_POINT ( 'NONE',  ( -3.999999999999994227, 0.000000000000000000, -2.000000000000003109 ) ) ;
#660 = ORIENTED_EDGE ( 'NONE', *, *, #726, .T. ) ;
#661 = CARTESIAN_POINT ( 'NONE',  ( -10.49999999999999112, 3.000000000000000000, 0.9999999999999967804 ) ) ;
#662 = ORIENTED_EDGE ( 'NONE', *, *, #702, .T. ) ;
#663 = CARTESIAN_POINT ( 'NONE',  ( 10.50000000000000178, 0.000000000000000000, 2.999999999999997335 ) ) ;
#664 = APPLICATION_PROTOCOL_DEFINITION ( 'draft international standard', 'automotive_design', 1998, #650 ) ;
#665 = CIRCLE ( 'NONE', #217, 4.000000194511566853 ) ;
#666 = DIRECTION ( 'NONE',  ( 1.000000000000000000, 0.000000000000000000, -2.592189862560383207E-16 ) ) ;
#667 = EDGE_CURVE ( 'NONE', #1137, #848, #714, .T. ) ;
#668 = DIRECTION ( 'NONE',  ( -0.000000000000000000, -1.000000000000000000, -0.000000000000000000 ) ) ;
#669 = VECTOR ( 'NONE', #37, 1000.000000000000000 ) ;
#670 = AXIS2_PLACEMENT_3D ( 'NONE', #1448, #954, #1317 ) ;
#671 = EDGE_LOOP ( 'NONE', ( #1142, #1492, #626, #135 ) ) ;
#672 = CARTESIAN_POINT ( 'NONE',  ( 10.50000000000000533, 0.000000000000000000, -10.50000000000000355 ) ) ;
#673 = EDGE_LOOP ( 'NONE', ( #293, #660 ) ) ;
#674 = DIRECTION ( 'NONE',  ( -2.592189862560383207E-16, 0.000000000000000000, -1.000000000000000000 ) ) ;
#675 = ADVANCED_FACE ( 'NONE', ( #1614 ), #1484, .F. ) ;
#676 = FACE_BOUND ( 'NONE', #1401, .T. ) ;
#677 = CARTESIAN_POINT ( 'NONE',  ( 54.00000000000001421, 3.000000000000000000, 2.149999999999988365 ) ) ;
#678 = VECTOR ( 'NONE', #1212, 1000.000000000000000 ) ;
#679 = ORIENTED_EDGE ( 'NONE', *, *, #1377, .T. ) ;
#680 = CARTESIAN_POINT ( 'NONE',  ( -3.999999999999994227, 0.000000000000000000, 5.999999999999998224 ) ) ;
#681 = ORIENTED_EDGE ( 'NONE', *, *, #330, .F. ) ;
#682 = CARTESIAN_POINT ( 'NONE',  ( 54.00000000000001421, 3.000000000000000000, -2.150000000000014122 ) ) ;
#683 = CARTESIAN_POINT ( 'NONE',  ( 10.50000000000000178, 0.000000000000000000, 1.999999999999995781 ) ) ;
#684 = CARTESIAN_POINT ( 'NONE',  ( -12.50000000000000000, 0.000000000000000000, -12.50000000000000000 ) ) ;
#685 = ORIENTED_EDGE ( 'NONE', *, *, #549, .F. ) ;
#686 = DIRECTION ( 'NONE',  ( -0.000000000000000000, -1.000000000000000000, -0.000000000000000000 ) ) ;
#687 = ORIENTED_EDGE ( 'NONE', *, *, #1577, .T. ) ;
#688 = DIRECTION ( 'NONE',  ( 0.000000000000000000, 1.000000000000000000, 0.000000000000000000 ) ) ;
#689 = FACE_OUTER_BOUND ( 'NONE', #391, .T. ) ;
#690 = DIRECTION ( 'NONE',  ( -0.000000000000000000, -1.000000000000000000, -0.000000000000000000 ) ) ;
#691 = ADVANCED_FACE ( 'NONE', ( #991 ), #209, .F. ) ;
#692 = ORIENTED_EDGE ( 'NONE', *, *, #572, .F. ) ;
#693 = CARTESIAN_POINT ( 'NONE',  ( -12.49999999999999645, 3.000000000000000000, -4.000000000000007105 ) ) ;
#694 = VECTOR ( 'NONE', #1021, 1000.000000000000000 ) ;
#695 = ORIENTED_EDGE ( 'NONE', *, *, #702, .F. ) ;
#696 = DIRECTION ( 'NONE',  ( 0.000000000000000000, 0.000000000000000000, 1.000000000000000000 ) ) ;
#697 = CARTESIAN_POINT ( 'NONE',  ( -12.49999999999999645, 3.000000000000000000, 4.000000000000007105 ) ) ;
#698 = DIRECTION ( 'NONE',  ( -1.000000000000000000, 0.000000000000000000, -2.592189862560383207E-16 ) ) ;
#699 = VERTEX_POINT ( 'NONE', #226 ) ;
#700 = DIRECTION ( 'NONE',  ( 0.000000000000000000, 0.000000000000000000, -1.000000000000000000 ) ) ;
#701 = ADVANCED_FACE ( 'NONE', ( #99, #76, #578, #1605, #968, #1219, #479, #724, #83, #358 ), #1470, .F. ) ;
#702 = EDGE_CURVE ( 'NONE', #1014, #1170, #1477, .T. ) ;
#703 = VECTOR ( 'NONE', #1204, 1000.000000000000000 ) ;
#704 = ORIENTED_EDGE ( 'NONE', *, *, #1608, .T. ) ;
#705 = DIRECTION ( 'NONE',  ( 0.000000000000000000, 0.000000000000000000, 1.000000000000000000 ) ) ;
#706 = CIRCLE ( 'NONE', #1361, 1.000000000000000888 ) ;
#707 = CIRCLE ( 'NONE', #124, 2.150000000000001243 ) ;
#708 = LINE ( 'NONE', #728, #1535 ) ;
#709 = CARTESIAN_POINT ( 'NONE',  ( 55.99875275999999502, 0.000000000000000000, 3.999999999999995559 ) ) ;
#710 = EDGE_CURVE ( 'NONE', #252, #1014, #618, .T. ) ;
#711 = ORIENTED_EDGE ( 'NONE', *, *, #1177, .T. ) ;
#712 = DIRECTION ( 'NONE',  ( 0.000000000000000000, 0.000000000000000000, 1.000000000000000000 ) ) ;
#713 = ORIENTED_EDGE ( 'NONE', *, *, #959, .F. ) ;
#714 = LINE ( 'NONE', #1113, #623 ) ;
#715 = EDGE_CURVE ( 'NONE', #1553, #1067, #901, .T. ) ;
#716 = FACE_OUTER_BOUND ( 'NONE', #1534, .T. ) ;
#717 = CARTESIAN_POINT ( 'NONE',  ( 1.236893267138826101E-14, 3.000000000000000000, -54.00000000000000000 ) ) ;
#718 = ADVANCED_FACE ( 'NONE', ( #1126 ), #1621, .F. ) ;
#719 = ORIENTED_EDGE ( 'NONE', *, *, #1278, .F. ) ;
#720 = DIRECTION ( 'NONE',  ( 0.000000000000000000, 1.000000000000000000, 0.000000000000000000 ) ) ;
#721 = AXIS2_PLACEMENT_3D ( 'NONE', #261, #501, #873 ) ;
#722 = CIRCLE ( 'NONE', #981, 2.149999999999999023 ) ;
#723 = ORIENTED_EDGE ( 'NONE', *, *, #1237, .F. ) ;
#724 = FACE_BOUND ( 'NONE', #1027, .T. ) ;
#725 = CIRCLE ( 'NONE', #1531, 2.149999999999999023 ) ;
#726 = EDGE_CURVE ( 'NONE', #106, #341, #707, .T. ) ;
#727 = EDGE_CURVE ( 'NONE', #855, #75, #914, .T. ) ;
#728 = CARTESIAN_POINT ( 'NONE',  ( -10.49999999999999467, 3.000000000000000000, -11.50000000000000355 ) ) ;
#729 = DIRECTION ( 'NONE',  ( -0.000000000000000000, -1.000000000000000000, -0.000000000000000000 ) ) ;
#730 = ORIENTED_EDGE ( 'NONE', *, *, #549, .T. ) ;
#731 = LINE ( 'NONE', #1352, #1346 ) ;
#732 = CIRCLE ( 'NONE', #887, 4.000000194390340269 ) ;
#733 = ORIENTED_EDGE ( 'NONE', *, *, #345, .T. ) ;
#734 = CARTESIAN_POINT ( 'NONE',  ( 54.00000000000001421, 3.000000000000000000, 2.149999999999988365 ) ) ;
#735 = VECTOR ( 'NONE', #228, 1000.000000000000000 ) ;
#736 = AXIS2_PLACEMENT_3D ( 'NONE', #149, #1268, #396 ) ;
#737 = CYLINDRICAL_SURFACE ( 'NONE', #1592, 1.000000000000001554 ) ;
#738 = DIRECTION ( 'NONE',  ( -0.000000000000000000, -1.000000000000000000, -0.000000000000000000 ) ) ;
#739 = VERTEX_POINT ( 'NONE', #1281 ) ;
#740 = PLANE ( 'NONE',  #5 ) ;
#741 = ORIENTED_EDGE ( 'NONE', *, *, #1097, .T. ) ;
#742 = CARTESIAN_POINT ( 'NONE',  ( -12.49999999999999645, 3.000000000000000000, -4.000000000000007105 ) ) ;
#743 = LINE ( 'NONE', #1034, #540 ) ;
#744 = ORIENTED_EDGE ( 'NONE', *, *, #393, .T. ) ;
#745 = LINE ( 'NONE', #640, #1144 ) ;
#746 = EDGE_CURVE ( 'NONE', #532, #1390, #654, .T. ) ;
#747 = EDGE_LOOP ( 'NONE', ( #788, #1265 ) ) ;
#748 = LINE ( 'NONE', #2, #231 ) ;
#749 = VECTOR ( 'NONE', #1586, 1000.000000000000000 ) ;
#750 = EDGE_LOOP ( 'NONE', ( #551, #1341, #560, #1290 ) ) ;
#751 = AXIS2_PLACEMENT_3D ( 'NONE', #364, #1367, #373 ) ;
#752 = DIRECTION ( 'NONE',  ( 0.000000000000000000, 1.000000000000000000, 0.000000000000000000 ) ) ;
#753 = FACE_OUTER_BOUND ( 'NONE', #750, .T. ) ;
#754 = FACE_OUTER_BOUND ( 'NONE', #1269, .T. ) ;
#755 = CARTESIAN_POINT ( 'NONE',  ( 1.263223173320494883E-14, 3.000000000000000000, 56.14999999999999858 ) ) ;
#756 = VERTEX_POINT ( 'NONE', #627 ) ;
#757 = PLANE ( 'NONE',  #438 ) ;
#758 = ORIENTED_EDGE ( 'NONE', *, *, #1497, .F. ) ;
#759 = CIRCLE ( 'NONE', #889, 1.000000000000001776 ) ;
#760 = CIRCLE ( 'NONE', #437, 1.000000000000001776 ) ;
#761 = DIRECTION ( 'NONE',  ( 0.000000000000000000, 1.000000000000000000, 0.000000000000000000 ) ) ;
#762 = LINE ( 'NONE', #1365, #802 ) ;
#763 = AXIS2_PLACEMENT_3D ( 'NONE', #1026, #115, #1369 ) ;
#764 = ORIENTED_EDGE ( 'NONE', *, *, #536, .F. ) ;
#765 = CARTESIAN_POINT ( 'NONE',  ( 10.50000000000000533, 3.000000000000000000, -10.50000000000000355 ) ) ;
#766 = ORIENTED_EDGE ( 'NONE', *, *, #1410, .F. ) ;
#767 = CARTESIAN_POINT ( 'NONE',  ( 12.50000000000000000, 0.000000000000000000, -4.000000000000007105 ) ) ;
#768 = ORIENTED_EDGE ( 'NONE', *, *, #995, .T. ) ;
#769 = EDGE_CURVE ( 'NONE', #374, #1081, #812, .T. ) ;
#770 = CARTESIAN_POINT ( 'NONE',  ( 8.673617379884035472E-16, 3.000000000000000000, -60.00000000000000711 ) ) ;
#771 = ORIENTED_EDGE ( 'NONE', *, *, #456, .F. ) ;
#772 = FACE_OUTER_BOUND ( 'NONE', #300, .T. ) ;
#773 = EDGE_CURVE ( 'NONE', #1048, #199, #1136, .T. ) ;
#774 = ORIENTED_EDGE ( 'NONE', *, *, #1188, .T. ) ;
#775 = CARTESIAN_POINT ( 'NONE',  ( -3.999999999999996447, 3.000000000000000000, -12.50000000000000000 ) ) ;
#776 = EDGE_LOOP ( 'NONE', ( #1426, #766, #990, #331 ) ) ;
#777 = VECTOR ( 'NONE', #1225, 1000.000000000000000 ) ;
#778 = AXIS2_PLACEMENT_3D ( 'NONE', #1230, #817, #1348 ) ;
#779 = DIRECTION ( 'NONE',  ( 0.000000000000000000, 1.000000000000000000, 0.000000000000000000 ) ) ;
#780 = CARTESIAN_POINT ( 'NONE',  ( 4.000000000000005329, 0.000000000000000000, -55.99875275999999502 ) ) ;
#781 = AXIS2_PLACEMENT_3D ( 'NONE', #1397, #1404, #922 ) ;
#782 = ORIENTED_EDGE ( 'NONE', *, *, #1403, .T. ) ;
#783 = DIRECTION ( 'NONE',  ( 0.000000000000000000, 0.000000000000000000, 1.000000000000000000 ) ) ;
#784 = ORIENTED_EDGE ( 'NONE', *, *, #1455, .T. ) ;
#785 = DIRECTION ( 'NONE',  ( 1.000000000000000000, 0.000000000000000000, -0.000000000000000000 ) ) ;
#786 = VECTOR ( 'NONE', #1172, 1000.000000000000000 ) ;
#787 = CARTESIAN_POINT ( 'NONE',  ( 55.99875276000000213, 3.000000000000000000, -4.000000000000007105 ) ) ;
#788 = ORIENTED_EDGE ( 'NONE', *, *, #1138, .T. ) ;
#789 = LINE ( 'NONE', #661, #412 ) ;
#790 = ORIENTED_EDGE ( 'NONE', *, *, #1029, .T. ) ;
#791 = DIRECTION ( 'NONE',  ( 0.000000000000000000, 0.000000000000000000, 1.000000000000000000 ) ) ;
#792 = ADVANCED_FACE ( 'NONE', ( #503 ), #757, .F. ) ;
#793 = LINE ( 'NONE', #538, #460 ) ;
#794 = CARTESIAN_POINT ( 'NONE',  ( -12.49999999999999645, 0.000000000000000000, 4.000000000000007105 ) ) ;
#795 = ORIENTED_EDGE ( 'NONE', *, *, #218, .F. ) ;
#796 = LINE ( 'NONE', #680, #557 ) ;
#797 = ADVANCED_FACE ( 'NONE', ( #867 ), #512, .T. ) ;
#798 = ORIENTED_EDGE ( 'NONE', *, *, #154, .F. ) ;
#799 = CARTESIAN_POINT ( 'NONE',  ( 10.50000000000000178, 3.000000000000000000, 2.999999999999997335 ) ) ;
#800 = FACE_BOUND ( 'NONE', #629, .T. ) ;
#801 = DIRECTION ( 'NONE',  ( 0.000000000000000000, 1.000000000000000000, 0.000000000000000000 ) ) ;
#802 = VECTOR ( 'NONE', #353, 1000.000000000000000 ) ;
#803 = ORIENTED_EDGE ( 'NONE', *, *, #1519, .F. ) ;
#804 = LINE ( 'NONE', #1187, #298 ) ;
#805 = VERTEX_POINT ( 'NONE', #243 ) ;
#806 = DIRECTION ( 'NONE',  ( 0.000000000000000000, 0.000000000000000000, 1.000000000000000000 ) ) ;
#807 = DIRECTION ( 'NONE',  ( 0.000000000000000000, 0.000000000000000000, 1.000000000000000000 ) ) ;
#808 = DIRECTION ( 'NONE',  ( 0.000000000000000000, 0.000000000000000000, 1.000000000000000000 ) ) ;
#809 = VECTOR ( 'NONE', #1452, 1000.000000000000000 ) ;
#810 = ORIENTED_EDGE ( 'NONE', *, *, #377, .F. ) ;
#811 = DIRECTION ( 'NONE',  ( 0.000000000000000000, 0.000000000000000000, -1.000000000000000000 ) ) ;
#812 = CIRCLE ( 'NONE', #1155, 1.000000000000001776 ) ;
#813 = EDGE_LOOP ( 'NONE', ( #818, #511, #181, #500 ) ) ;
#814 = CARTESIAN_POINT ( 'NONE',  ( -54.00000000000000000, 3.000000000000000000, 0.000000000000000000 ) ) ;
#815 = EDGE_CURVE ( 'NONE', #1288, #1137, #632, .T. ) ;
#816 = DIRECTION ( 'NONE',  ( 0.000000000000000000, 1.000000000000000000, 0.000000000000000000 ) ) ;
#817 = DIRECTION ( 'NONE',  ( 0.000000000000000000, 1.000000000000000000, 0.000000000000000000 ) ) ;
#818 = ORIENTED_EDGE ( 'NONE', *, *, #183, .T. ) ;
#819 = CARTESIAN_POINT ( 'NONE',  ( -12.50000000000000000, 0.000000000000000000, 12.50000000000000000 ) ) ;
#820 = EDGE_LOOP ( 'NONE', ( #125, #291, #319, #1189 ) ) ;
#821 = CARTESIAN_POINT ( 'NONE',  ( 10.50000000000000178, 0.000000000000000000, 1.999999999999995781 ) ) ;
#822 = EDGE_CURVE ( 'NONE', #699, #1232, #748, .T. ) ;
#823 = LINE ( 'NONE', #1323, #333 ) ;
#824 = DIRECTION ( 'NONE',  ( 0.000000000000000000, 0.000000000000000000, -1.000000000000000000 ) ) ;
#825 = ORIENTED_EDGE ( 'NONE', *, *, #415, .T. ) ;
#826 = DIRECTION ( 'NONE',  ( -0.000000000000000000, -1.000000000000000000, -0.000000000000000000 ) ) ;
#827 = PRESENTATION_LAYER_ASSIGNMENT (  '', '', ( #1223 ) ) ;
#828 = VERTEX_POINT ( 'NONE', #495 ) ;
#829 = DIRECTION ( 'NONE',  ( -0.000000000000000000, -1.000000000000000000, -0.000000000000000000 ) ) ;
#830 = CARTESIAN_POINT ( 'NONE',  ( -54.00000000000000000, 3.000000000000000000, -2.150000000000001243 ) ) ;
#831 = CARTESIAN_POINT ( 'NONE',  ( 10.50000000000000533, 3.000000000000000000, -11.50000000000000711 ) ) ;
#832 = AXIS2_PLACEMENT_3D ( 'NONE', #194, #839, #555 ) ;
#833 = ORIENTED_EDGE ( 'NONE', *, *, #815, .T. ) ;
#834 = DIRECTION ( 'NONE',  ( 0.000000000000000000, 1.000000000000000000, 0.000000000000000000 ) ) ;
#835 = EDGE_CURVE ( 'NONE', #756, #1048, #969, .T. ) ;
#836 = EDGE_LOOP ( 'NONE', ( #723, #810, #1064, #1294 ) ) ;
#837 = LINE ( 'NONE', #335, #1102 ) ;
#838 = EDGE_CURVE ( 'NONE', #949, #1547, #1018, .T. ) ;
#839 = DIRECTION ( 'NONE',  ( -0.000000000000000000, -1.000000000000000000, -0.000000000000000000 ) ) ;
#840 = DIRECTION ( 'NONE',  ( 0.000000000000000000, 0.000000000000000000, 1.000000000000000000 ) ) ;
#841 = ORIENTED_EDGE ( 'NONE', *, *, #710, .T. ) ;
#842 = CARTESIAN_POINT ( 'NONE',  ( -55.99875275999998792, 3.000000000000000000, 3.999999999999995559 ) ) ;
#843 = VERTEX_POINT ( 'NONE', #263 ) ;
#844 = DIRECTION ( 'NONE',  ( -1.000000000000000000, 0.000000000000000000, -1.196395321181715440E-16 ) ) ;
#845 = EDGE_CURVE ( 'NONE', #1469, #949, #152, .T. ) ;
#846 = CARTESIAN_POINT ( 'NONE',  ( 55.99999980560966151, 3.000000000000000000, 0.000000000000000000 ) ) ;
#847 = FACE_OUTER_BOUND ( 'NONE', #1224, .T. ) ;
#848 = VERTEX_POINT ( 'NONE', #767 ) ;
#849 = CARTESIAN_POINT ( 'NONE',  ( 4.000000000000001776, 0.000000000000000000, -55.99875275999999502 ) ) ;
#850 = VECTOR ( 'NONE', #467, 1000.000000000000000 ) ;
#851 = VERTEX_POINT ( 'NONE', #134 ) ;
#852 = CARTESIAN_POINT ( 'NONE',  ( -3.999999999999994227, 3.000000000000000000, -2.000000000000003109 ) ) ;
#853 = LINE ( 'NONE', #101, #1489 ) ;
#854 = VECTOR ( 'NONE', #1165, 1000.000000000000000 ) ;
#855 = VERTEX_POINT ( 'NONE', #11 ) ;
#856 = CARTESIAN_POINT ( 'NONE',  ( -12.50000000000000000, 3.000000000000000000, 12.50000000000000000 ) ) ;
#857 = EDGE_CURVE ( 'NONE', #1390, #1334, #1130, .T. ) ;
#858 = VERTEX_POINT ( 'NONE', #1523 ) ;
#859 = CARTESIAN_POINT ( 'NONE',  ( -3.999999999999994227, 3.000000000000000000, -2.000000000000003109 ) ) ;
#860 = AXIS2_PLACEMENT_3D ( 'NONE', #411, #185, #696 ) ;
#861 = CYLINDRICAL_SURFACE ( 'NONE', #1462, 2.149999999999999023 ) ;
#862 = ADVANCED_FACE ( 'NONE', ( #1049 ), #311, .T. ) ;
#863 = ORIENTED_EDGE ( 'NONE', *, *, #835, .T. ) ;
#864 = CARTESIAN_POINT ( 'NONE',  ( -3.999999999999994227, 3.000000000000000000, -2.000000000000003109 ) ) ;
#865 = VECTOR ( 'NONE', #1195, 1000.000000000000000 ) ;
#866 = ORIENTED_EDGE ( 'NONE', *, *, #596, .T. ) ;
#867 = FACE_OUTER_BOUND ( 'NONE', #401, .T. ) ;
#868 = ORIENTED_EDGE ( 'NONE', *, *, #1391, .T. ) ;
#869 = DIRECTION ( 'NONE',  ( 0.000000000000000000, 0.000000000000000000, 1.000000000000000000 ) ) ;
#870 = CARTESIAN_POINT ( 'NONE',  ( 4.000000000000001776, 3.000000000000000000, -55.99875275999999502 ) ) ;
#871 = ADVANCED_FACE ( 'NONE', ( #1313 ), #1168, .T. ) ;
#872 = ORIENTED_EDGE ( 'NONE', *, *, #499, .T. ) ;
#873 = DIRECTION ( 'NONE',  ( 0.000000000000000000, 0.000000000000000000, -1.000000000000000000 ) ) ;
#874 = ORIENTED_EDGE ( 'NONE', *, *, #1455, .F. ) ;
#875 = CARTESIAN_POINT ( 'NONE',  ( -3.999999999999996447, 3.000000000000000000, 55.99875275999999502 ) ) ;
#876 = VERTEX_POINT ( 'NONE', #819 ) ;
#877 = CIRCLE ( 'NONE', #611, 2.149999999999999023 ) ;
#878 = EDGE_CURVE ( 'NONE', #1288, #1625, #1179, .T. ) ;
#879 = CARTESIAN_POINT ( 'NONE',  ( -3.999999999999994227, 3.000000000000000000, 5.999999999999998224 ) ) ;
#880 =( LENGTH_UNIT ( ) NAMED_UNIT ( * ) SI_UNIT ( .MILLI., .METRE. ) );
#881 = ORIENTED_EDGE ( 'NONE', *, *, #308, .F. ) ;
#882 = CYLINDRICAL_SURFACE ( 'NONE', #1198, 4.000000194390340269 ) ;
#883 = ORIENTED_EDGE ( 'NONE', *, *, #1016, .F. ) ;
#884 = VECTOR ( 'NONE', #666, 1000.000000000000000 ) ;
#885 = CARTESIAN_POINT ( 'NONE',  ( -3.999999999999996447, 0.000000000000000000, -12.50000000000000000 ) ) ;
#886 = EDGE_CURVE ( 'NONE', #386, #242, #318, .T. ) ;
#887 = AXIS2_PLACEMENT_3D ( 'NONE', #466, #1206, #69 ) ;
#888 = ORIENTED_EDGE ( 'NONE', *, *, #1446, .F. ) ;
#889 = AXIS2_PLACEMENT_3D ( 'NONE', #1245, #360, #869 ) ;
#890 = CARTESIAN_POINT ( 'NONE',  ( 55.99999980560966151, 0.000000000000000000, 4.000000194390340269 ) ) ;
#891 = EDGE_CURVE ( 'NONE', #1170, #924, #301, .T. ) ;
#892 = DIRECTION ( 'NONE',  ( -0.000000000000000000, -1.000000000000000000, -0.000000000000000000 ) ) ;
#893 = FACE_OUTER_BOUND ( 'NONE', #671, .T. ) ;
#894 = ORIENTED_EDGE ( 'NONE', *, *, #1419, .T. ) ;
#895 = DIRECTION ( 'NONE',  ( -0.000000000000000000, -1.000000000000000000, -0.000000000000000000 ) ) ;
#896 = EDGE_CURVE ( 'NONE', #374, #1125, #789, .T. ) ;
#897 = ORIENTED_EDGE ( 'NONE', *, *, #1563, .F. ) ;
#898 = DIRECTION ( 'NONE',  ( -0.000000000000000000, -1.000000000000000000, -0.000000000000000000 ) ) ;
#899 = DIRECTION ( 'NONE',  ( 0.000000000000000000, 0.000000000000000000, 1.000000000000000000 ) ) ;
#900 = ORIENTED_EDGE ( 'NONE', *, *, #1377, .F. ) ;
#901 = LINE ( 'NONE', #1251, #1518 ) ;
#902 = ORIENTED_EDGE ( 'NONE', *, *, #1263, .F. ) ;
#903 = VECTOR ( 'NONE', #356, 1000.000000000000000 ) ;
#904 = CIRCLE ( 'NONE', #1299, 4.000000194390340269 ) ;
#905 = COLOUR_RGB ( '',0.7921568627450980005, 0.8196078431372548767, 0.9333333333333333481 ) ;
#906 = CARTESIAN_POINT ( 'NONE',  ( -12.49999999999999645, 3.000000000000000000, -4.000000000000007105 ) ) ;
#907 = LINE ( 'NONE', #1039, #1428 ) ;
#908 = VERTEX_POINT ( 'NONE', #189 ) ;
#909 = CARTESIAN_POINT ( 'NONE',  ( 1.236893267138826101E-14, 3.000000000000000000, -54.00000000000000000 ) ) ;
#910 = ORIENTED_EDGE ( 'NONE', *, *, #769, .F. ) ;
#911 = CARTESIAN_POINT ( 'NONE',  ( 1.236893267138826732E-14, 3.000000000000000000, 54.00000000000000000 ) ) ;
#912 = AXIS2_PLACEMENT_3D ( 'NONE', #1096, #816, #186 ) ;
#913 = FACE_BOUND ( 'NONE', #487, .T. ) ;
#914 = CIRCLE ( 'NONE', #943, 2.149999999999999023 ) ;
#915 = ADVANCED_FACE ( 'NONE', ( #1528 ), #925, .F. ) ;
#916 = DIRECTION ( 'NONE',  ( 0.000000000000000000, 0.000000000000000000, 1.000000000000000000 ) ) ;
#917 = ORIENTED_EDGE ( 'NONE', *, *, #464, .F. ) ;
#918 = CARTESIAN_POINT ( 'NONE',  ( 1.236893267138826101E-14, 3.000000000000000000, -56.14999999999999858 ) ) ;
#919 = ORIENTED_EDGE ( 'NONE', *, *, #258, .T. ) ;
#920 = LINE ( 'NONE', #799, #786 ) ;
#921 = AXIS2_PLACEMENT_3D ( 'NONE', #559, #1305, #1546 ) ;
#922 = DIRECTION ( 'NONE',  ( 0.000000000000000000, 0.000000000000000000, -1.000000000000000000 ) ) ;
#923 = DIRECTION ( 'NONE',  ( 0.000000000000000000, 0.000000000000000000, 1.000000000000000000 ) ) ;
#924 = VERTEX_POINT ( 'NONE', #942 ) ;
#925 = CYLINDRICAL_SURFACE ( 'NONE', #207, 2.149999999999999023 ) ;
#926 = ORIENTED_EDGE ( 'NONE', *, *, #508, .T. ) ;
#927 = DIRECTION ( 'NONE',  ( 0.000000000000000000, 0.000000000000000000, 1.000000000000000000 ) ) ;
#928 = AXIS2_PLACEMENT_3D ( 'NONE', #338, #1594, #698 ) ;
#929 = CYLINDRICAL_SURFACE ( 'NONE', #198, 4.000000194511566853 ) ;
#930 = DIRECTION ( 'NONE',  ( 1.000000000000000000, 0.000000000000000000, -4.081702296416014518E-16 ) ) ;
#931 = ORIENTED_EDGE ( 'NONE', *, *, #572, .T. ) ;
#932 = CARTESIAN_POINT ( 'NONE',  ( 1.236893267138826732E-14, 3.000000000000000000, 54.00000000000000000 ) ) ;
#933 = ORIENTED_EDGE ( 'NONE', *, *, #845, .T. ) ;
#934 = DIRECTION ( 'NONE',  ( -0.000000000000000000, -1.000000000000000000, -0.000000000000000000 ) ) ;
#935 = EDGE_CURVE ( 'NONE', #1242, #232, #74, .T. ) ;
#936 = VECTOR ( 'NONE', #573, 1000.000000000000000 ) ;
#937 = FACE_OUTER_BOUND ( 'NONE', #1145, .T. ) ;
#938 = ADVANCED_FACE ( 'NONE', ( #1202 ), #1289, .F. ) ;
#939 = LINE ( 'NONE', #1421, #1378 ) ;
#940 = AXIS2_PLACEMENT_3D ( 'NONE', #1418, #1445, #176 ) ;
#941 = VERTEX_POINT ( 'NONE', #409 ) ;
#942 = CARTESIAN_POINT ( 'NONE',  ( -3.999999999999989786, 3.000000000000000000, 5.999999999999998224 ) ) ;
#943 = AXIS2_PLACEMENT_3D ( 'NONE', #1394, #1143, #1514 ) ;
#944 = ORIENTED_EDGE ( 'NONE', *, *, #7, .T. ) ;
#945 = DIRECTION ( 'NONE',  ( 0.000000000000000000, 1.000000000000000000, 0.000000000000000000 ) ) ;
#946 = AXIS2_PLACEMENT_3D ( 'NONE', #402, #1057, #55 ) ;
#947 = DIRECTION ( 'NONE',  ( -0.000000000000000000, -1.000000000000000000, -0.000000000000000000 ) ) ;
#948 = DIRECTION ( 'NONE',  ( 0.000000000000000000, 0.000000000000000000, -1.000000000000000000 ) ) ;
#949 = VERTEX_POINT ( 'NONE', #63 ) ;
#950 = CARTESIAN_POINT ( 'NONE',  ( -10.49999999999999112, 3.000000000000000000, 3.000000000000000000 ) ) ;
#951 = VERTEX_POINT ( 'NONE', #158 ) ;
#952 = CARTESIAN_POINT ( 'NONE',  ( 4.000000000000010658, 3.000000000000000000, 12.49999999999999467 ) ) ;
#953 = LINE ( 'NONE', #830, #433 ) ;
#954 = DIRECTION ( 'NONE',  ( 0.000000000000000000, 1.000000000000000000, 0.000000000000000000 ) ) ;
#955 = ORIENTED_EDGE ( 'NONE', *, *, #377, .T. ) ;
#956 = CARTESIAN_POINT ( 'NONE',  ( -3.999999999999996447, 3.000000000000000000, -12.50000000000000000 ) ) ;
#957 = ORIENTED_EDGE ( 'NONE', *, *, #710, .F. ) ;
#958 = CARTESIAN_POINT ( 'NONE',  ( 4.000000000000003553, 3.000000000000000000, 5.999999999999998224 ) ) ;
#959 = EDGE_CURVE ( 'NONE', #1259, #739, #1552, .T. ) ;
#960 = CARTESIAN_POINT ( 'NONE',  ( 4.000000000000003553, 3.000000000000000000, 5.999999999999998224 ) ) ;
#961 = CARTESIAN_POINT ( 'NONE',  ( 1.263223173320494883E-14, 3.000000000000000000, 56.14999999999999858 ) ) ;
#962 = EDGE_CURVE ( 'NONE', #372, #567, #521, .T. ) ;
#963 = ORIENTED_EDGE ( 'NONE', *, *, #354, .F. ) ;
#964 = AXIS2_PLACEMENT_3D ( 'NONE', #1043, #554, #1539 ) ;
#965 = LINE ( 'NONE', #1467, #903 ) ;
#966 = VECTOR ( 'NONE', #472, 1000.000000000000000 ) ;
#967 = ORIENTED_EDGE ( 'NONE', *, *, #1105, .F. ) ;
#968 = FACE_OUTER_BOUND ( 'NONE', #1399, .T. ) ;
#969 = CIRCLE ( 'NONE', #1184, 4.000000194390340269 ) ;
#970 = DIRECTION ( 'NONE',  ( 0.000000000000000000, 0.000000000000000000, -1.000000000000000000 ) ) ;
#971 = CARTESIAN_POINT ( 'NONE',  ( 10.50000000000000178, 3.000000000000000000, 1.999999999999995781 ) ) ;
#972 = VERTEX_POINT ( 'NONE', #918 ) ;
#973 = DIRECTION ( 'NONE',  ( 1.000000000000000000, 0.000000000000000000, 6.122553444624031884E-16 ) ) ;
#974 = EDGE_LOOP ( 'NONE', ( #1381, #1158, #1488, #1296 ) ) ;
#975 = LINE ( 'NONE', #734, #966 ) ;
#976 = DIRECTION ( 'NONE',  ( 0.000000000000000000, 0.000000000000000000, 1.000000000000000000 ) ) ;
#977 = CARTESIAN_POINT ( 'NONE',  ( 4.000000000000003553, 0.000000000000000000, 5.999999999999998224 ) ) ;
#978 = FACE_BOUND ( 'NONE', #165, .T. ) ;
#979 = LINE ( 'NONE', #340, #137 ) ;
#980 = AXIS2_PLACEMENT_3D ( 'NONE', #81, #712, #444 ) ;
#981 = AXIS2_PLACEMENT_3D ( 'NONE', #297, #801, #808 ) ;
#982 = ORIENTED_EDGE ( 'NONE', *, *, #169, .T. ) ;
#983 = CARTESIAN_POINT ( 'NONE',  ( 55.99875275999999502, 3.000000000000000000, 3.999999999999995559 ) ) ;
#984 = EDGE_CURVE ( 'NONE', #199, #1259, #32, .T. ) ;
#985 = CARTESIAN_POINT ( 'NONE',  ( 1.236893267138826732E-14, 3.000000000000000000, 51.85000000000000142 ) ) ;
#986 = PRESENTATION_STYLE_ASSIGNMENT (( #1254 ) ) ;
#987 = ORIENTED_EDGE ( 'NONE', *, *, #132, .T. ) ;
#988 = DIRECTION ( 'NONE',  ( -0.000000000000000000, -0.000000000000000000, -1.000000000000000000 ) ) ;
#989 = AXIS2_PLACEMENT_3D ( 'NONE', #1347, #1338, #440 ) ;
#990 = ORIENTED_EDGE ( 'NONE', *, *, #822, .F. ) ;
#991 = FACE_OUTER_BOUND ( 'NONE', #213, .T. ) ;
#992 = VERTEX_POINT ( 'NONE', #1423 ) ;
#993 = EDGE_CURVE ( 'NONE', #1553, #1469, #1077, .T. ) ;
#994 = VECTOR ( 'NONE', #375, 1000.000000000000000 ) ;
#995 = EDGE_CURVE ( 'NONE', #1153, #805, #796, .T. ) ;
#996 = DIRECTION ( 'NONE',  ( -0.000000000000000000, -1.000000000000000000, -0.000000000000000000 ) ) ;
#997 = ORIENTED_EDGE ( 'NONE', *, *, #891, .T. ) ;
#998 = DIRECTION ( 'NONE',  ( 0.000000000000000000, 0.000000000000000000, -1.000000000000000000 ) ) ;
#999 = ORIENTED_EDGE ( 'NONE', *, *, #1298, .T. ) ;
#1000 = CARTESIAN_POINT ( 'NONE',  ( 54.00000000000001421, 0.000000000000000000, -1.322618543079141651E-14 ) ) ;
#1001 = EDGE_CURVE ( 'NONE', #232, #1613, #804, .T. ) ;
#1002 = ORIENTED_EDGE ( 'NONE', *, *, #50, .T. ) ;
#1003 = CARTESIAN_POINT ( 'NONE',  ( -56.00000019439033849, 3.000000000000000000, 0.000000000000000000 ) ) ;
#1004 = VERTEX_POINT ( 'NONE', #47 ) ;
#1005 = ADVANCED_FACE ( 'NONE', ( #552 ), #425, .F. ) ;
#1006 = LINE ( 'NONE', #755, #1009 ) ;
#1007 = EDGE_LOOP ( 'NONE', ( #1240, #774, #1388, #1451 ) ) ;
#1008 = DIRECTION ( 'NONE',  ( 2.168404344971008375E-16, 0.000000000000000000, -1.000000000000000000 ) ) ;
#1009 = VECTOR ( 'NONE', #1612, 1000.000000000000000 ) ;
#1010 = EDGE_LOOP ( 'NONE', ( #1261, #1449 ) ) ;
#1011 = EDGE_CURVE ( 'NONE', #386, #1259, #568, .T. ) ;
#1012 = CIRCLE ( 'NONE', #670, 4.000000194390340269 ) ;
#1013 = DIRECTION ( 'NONE',  ( -0.000000000000000000, -1.000000000000000000, -0.000000000000000000 ) ) ;
#1014 = VERTEX_POINT ( 'NONE', #1335 ) ;
#1015 = DIRECTION ( 'NONE',  ( -0.000000000000000000, -1.000000000000000000, -0.000000000000000000 ) ) ;
#1016 = EDGE_CURVE ( 'NONE', #1050, #603, #965, .T. ) ;
#1017 = ORIENTED_EDGE ( 'NONE', *, *, #1162, .F. ) ;
#1018 = LINE ( 'NONE', #775, #994 ) ;
#1019 = ORIENTED_EDGE ( 'NONE', *, *, #1095, .T. ) ;
#1020 = CIRCLE ( 'NONE', #120, 4.000000194511566853 ) ;
#1021 = DIRECTION ( 'NONE',  ( -0.000000000000000000, -1.000000000000000000, -0.000000000000000000 ) ) ;
#1022 = DIRECTION ( 'NONE',  ( 0.000000000000000000, -0.000000000000000000, 1.000000000000000000 ) ) ;
#1023 = LINE ( 'NONE', #1521, #1349 ) ;
#1024 = VECTOR ( 'NONE', #1032, 1000.000000000000000 ) ;
#1025 = ORIENTED_EDGE ( 'NONE', *, *, #367, .F. ) ;
#1026 = CARTESIAN_POINT ( 'NONE',  ( 4.000000000000003553, 3.000000000000000000, 5.999999999999998224 ) ) ;
#1027 = EDGE_LOOP ( 'NONE', ( #57, #31 ) ) ;
#1028 = DIRECTION ( 'NONE',  ( 0.000000000000000000, 1.000000000000000000, 0.000000000000000000 ) ) ;
#1029 = EDGE_CURVE ( 'NONE', #1502, #372, #347, .T. ) ;
#1030 = CARTESIAN_POINT ( 'NONE',  ( -55.99875275999998792, 3.000000000000000000, 3.999999999999995559 ) ) ;
#1031 = ORIENTED_EDGE ( 'NONE', *, *, #1162, .T. ) ;
#1032 = DIRECTION ( 'NONE',  ( -0.000000000000000000, -0.000000000000000000, 1.000000000000000000 ) ) ;
#1033 = ORIENTED_EDGE ( 'NONE', *, *, #1066, .T. ) ;
#1034 = CARTESIAN_POINT ( 'NONE',  ( -12.50000000000000000, 3.000000000000000000, -12.50000000000000000 ) ) ;
#1035 = VECTOR ( 'NONE', #477, 1000.000000000000000 ) ;
#1036 = ADVANCED_FACE ( 'NONE', ( #97 ), #1569, .F. ) ;
#1037 = AXIS2_PLACEMENT_3D ( 'NONE', #136, #636, #1147 ) ;
#1038 = CARTESIAN_POINT ( 'NONE',  ( 55.99999980560966151, 0.000000000000000000, 0.000000000000000000 ) ) ;
#1039 = CARTESIAN_POINT ( 'NONE',  ( 10.50000000000000178, 3.000000000000000000, 0.9999999999999941158 ) ) ;
#1040 = ORIENTED_EDGE ( 'NONE', *, *, #420, .F. ) ;
#1041 = CARTESIAN_POINT ( 'NONE',  ( 8.673617379884035472E-16, 3.000000000000000000, -55.99999980560966151 ) ) ;
#1042 = ORIENTED_EDGE ( 'NONE', *, *, #258, .F. ) ;
#1043 = CARTESIAN_POINT ( 'NONE',  ( 55.99999980560966151, 3.000000000000000000, 0.000000000000000000 ) ) ;
#1044 = EDGE_CURVE ( 'NONE', #1314, #1326, #731, .T. ) ;
#1045 = CIRCLE ( 'NONE', #362, 2.149999999999999023 ) ;
#1046 = CARTESIAN_POINT ( 'NONE',  ( -56.00000019439033849, 3.000000000000000000, 0.000000000000000000 ) ) ;
#1047 = DIRECTION ( 'NONE',  ( 0.000000000000000000, 1.000000000000000000, 0.000000000000000000 ) ) ;
#1048 = VERTEX_POINT ( 'NONE', #1327 ) ;
#1049 = FACE_OUTER_BOUND ( 'NONE', #443, .T. ) ;
#1050 = VERTEX_POINT ( 'NONE', #1459 ) ;
#1051 = DIRECTION ( 'NONE',  ( -0.000000000000000000, -1.000000000000000000, -0.000000000000000000 ) ) ;
#1052 = EDGE_CURVE ( 'NONE', #65, #1379, #1603, .T. ) ;
#1053 = CARTESIAN_POINT ( 'NONE',  ( -54.00000000000000000, 0.000000000000000000, 0.000000000000000000 ) ) ;
#1054 = CARTESIAN_POINT ( 'NONE',  ( -12.50000000000000000, 0.000000000000000000, 12.50000000000000000 ) ) ;
#1055 = ADVANCED_FACE ( 'NONE', ( #1475 ), #576, .F. ) ;
#1056 = ORIENTED_EDGE ( 'NONE', *, *, #1095, .F. ) ;
#1057 = DIRECTION ( 'NONE',  ( 0.000000000000000000, 0.000000000000000000, 1.000000000000000000 ) ) ;
#1058 = ORIENTED_EDGE ( 'NONE', *, *, #470, .F. ) ;
#1059 = DIRECTION ( 'NONE',  ( 0.000000000000000000, 1.000000000000000000, 0.000000000000000000 ) ) ;
#1060 = EDGE_CURVE ( 'NONE', #1334, #858, #979, .T. ) ;
#1061 = CIRCLE ( 'NONE', #778, 1.000000000000000888 ) ;
#1062 = CARTESIAN_POINT ( 'NONE',  ( -12.49999999999999645, 3.000000000000000000, -4.000000000000007105 ) ) ;
#1063 = DIRECTION ( 'NONE',  ( 1.000000000000000000, 0.000000000000000000, 2.592189862560383207E-16 ) ) ;
#1064 = ORIENTED_EDGE ( 'NONE', *, *, #13, .T. ) ;
#1065 = DIRECTION ( 'NONE',  ( -0.000000000000000000, -1.000000000000000000, -0.000000000000000000 ) ) ;
#1066 = EDGE_CURVE ( 'NONE', #553, #951, #1118, .T. ) ;
#1067 = VERTEX_POINT ( 'NONE', #849 ) ;
#1068 = DIRECTION ( 'NONE',  ( 0.000000000000000000, 1.000000000000000000, 0.000000000000000000 ) ) ;
#1069 = DIRECTION ( 'NONE',  ( 0.000000000000000000, 1.000000000000000000, 0.000000000000000000 ) ) ;
#1070 = LINE ( 'NONE', #329, #850 ) ;
#1071 = VECTOR ( 'NONE', #1571, 1000.000000000000000 ) ;
#1072 = ORIENTED_EDGE ( 'NONE', *, *, #633, .F. ) ;
#1073 = CARTESIAN_POINT ( 'NONE',  ( -10.49999999999999112, 0.000000000000000000, 0.9999999999999967804 ) ) ;
#1074 = AXIS2_PLACEMENT_3D ( 'NONE', #1104, #844, #200 ) ;
#1075 = EDGE_LOOP ( 'NONE', ( #1209, #1282, #662, #1083 ) ) ;
#1076 = LINE ( 'NONE', #1427, #1071 ) ;
#1077 = CIRCLE ( 'NONE', #368, 4.000000194390340269 ) ;
#1078 = LINE ( 'NONE', #1463, #936 ) ;
#1079 = FACE_OUTER_BOUND ( 'NONE', #303, .T. ) ;
#1080 = EDGE_CURVE ( 'NONE', #1366, #112, #1453, .T. ) ;
#1081 = VERTEX_POINT ( 'NONE', #469 ) ;
#1082 = DIRECTION ( 'NONE',  ( 0.000000000000000000, 0.000000000000000000, -1.000000000000000000 ) ) ;
#1083 = ORIENTED_EDGE ( 'NONE', *, *, #639, .T. ) ;
#1084 = DIRECTION ( 'NONE',  ( -0.000000000000000000, -1.000000000000000000, -0.000000000000000000 ) ) ;
#1085 = EDGE_CURVE ( 'NONE', #1081, #435, #89, .T. ) ;
#1086 = CARTESIAN_POINT ( 'NONE',  ( 1.236893267138826732E-14, 0.000000000000000000, 54.00000000000000000 ) ) ;
#1087 = CYLINDRICAL_SURFACE ( 'NONE', #351, 1.000000000000001554 ) ;
#1088 = VECTOR ( 'NONE', #459, 1000.000000000000000 ) ;
#1089 = AXIS2_PLACEMENT_3D ( 'NONE', #104, #608, #998 ) ;
#1090 = ORIENTED_EDGE ( 'NONE', *, *, #984, .T. ) ;
#1091 = CARTESIAN_POINT ( 'NONE',  ( -12.50000000000000000, 3.000000000000000000, 12.50000000000000000 ) ) ;
#1092 = CIRCLE ( 'NONE', #111, 1.000000000000001776 ) ;
#1093 = EDGE_LOOP ( 'NONE', ( #427, #1123, #1280, #917 ) ) ;
#1094 = CARTESIAN_POINT ( 'NONE',  ( 4.000000000000005329, 3.000000000000000000, -55.99875275999999502 ) ) ;
#1095 = EDGE_CURVE ( 'NONE', #250, #699, #1101, .T. ) ;
#1096 = CARTESIAN_POINT ( 'NONE',  ( -54.00000000000000000, 0.000000000000000000, 0.000000000000000000 ) ) ;
#1097 = EDGE_CURVE ( 'NONE', #848, #502, #1360, .T. ) ;
#1098 = CARTESIAN_POINT ( 'NONE',  ( -3.999999999999996447, 3.000000000000000000, 12.49999999999999645 ) ) ;
#1099 = AXIS2_PLACEMENT_3D ( 'NONE', #220, #455, #1472 ) ;
#1100 = ORIENTED_EDGE ( 'NONE', *, *, #493, .T. ) ;
#1101 = LINE ( 'NONE', #856, #164 ) ;
#1102 = VECTOR ( 'NONE', #1580, 1000.000000000000000 ) ;
#1103 = ORIENTED_EDGE ( 'NONE', *, *, #508, .F. ) ;
#1104 = CARTESIAN_POINT ( 'NONE',  ( 4.000000000000010658, 3.000000000000000000, 12.49999999999999467 ) ) ;
#1105 = EDGE_CURVE ( 'NONE', #1312, #1242, #584, .T. ) ;
#1106 = APPLICATION_CONTEXT ( 'automotive_design' ) ;
#1107 = DIRECTION ( 'NONE',  ( -1.000000000000000000, -0.000000000000000000, -2.040851148208009477E-16 ) ) ;
#1108 = FACE_OUTER_BOUND ( 'NONE', #1602, .T. ) ;
#1109 = EDGE_LOOP ( 'NONE', ( #1500, #1033, #381, #190 ) ) ;
#1110 = CARTESIAN_POINT ( 'NONE',  ( -12.50000000000000000, 3.000000000000000000, -12.50000000000000000 ) ) ;
#1111 = ADVANCED_FACE ( 'NONE', ( #1210 ), #740, .F. ) ;
#1112 = ORIENTED_EDGE ( 'NONE', *, *, #1052, .F. ) ;
#1113 = CARTESIAN_POINT ( 'NONE',  ( 12.50000000000000000, 0.000000000000000000, -4.000000000000007105 ) ) ;
#1114 = CARTESIAN_POINT ( 'NONE',  ( -56.00000019439033849, 3.000000000000000000, 0.000000000000000000 ) ) ;
#1115 = CARTESIAN_POINT ( 'NONE',  ( 12.50000000000000000, 3.000000000000000000, -4.000000000000007105 ) ) ;
#1116 = EDGE_LOOP ( 'NONE', ( #1196, #46 ) ) ;
#1117 = DIRECTION ( 'NONE',  ( -0.000000000000000000, -1.000000000000000000, -0.000000000000000000 ) ) ;
#1118 = CIRCLE ( 'NONE', #505, 2.150000000000001243 ) ;
#1119 = CIRCLE ( 'NONE', #1581, 4.000000194511566853 ) ;
#1120 = ORIENTED_EDGE ( 'NONE', *, *, #835, .F. ) ;
#1121 = DIRECTION ( 'NONE',  ( -4.081702296416019941E-16, 0.000000000000000000, -1.000000000000000000 ) ) ;
#1122 = DIRECTION ( 'NONE',  ( -0.000000000000000000, -1.000000000000000000, -0.000000000000000000 ) ) ;
#1123 = ORIENTED_EDGE ( 'NONE', *, *, #1396, .T. ) ;
#1124 = DIRECTION ( 'NONE',  ( 0.000000000000000000, 0.000000000000000000, 1.000000000000000000 ) ) ;
#1125 = VERTEX_POINT ( 'NONE', #1073 ) ;
#1126 = FACE_OUTER_BOUND ( 'NONE', #1585, .T. ) ;
#1127 = AXIS2_PLACEMENT_3D ( 'NONE', #1562, #436, #570 ) ;
#1128 = EDGE_CURVE ( 'NONE', #1547, #199, #451, .T. ) ;
#1129 = CARTESIAN_POINT ( 'NONE',  ( -56.00000019439033849, 3.000000000000000000, 4.000000194511566853 ) ) ;
#1130 = CIRCLE ( 'NONE', #1623, 4.000000000000003553 ) ;
#1131 = ORIENTED_EDGE ( 'NONE', *, *, #993, .T. ) ;
#1132 = LINE ( 'NONE', #1140, #167 ) ;
#1133 = VECTOR ( 'NONE', #1407, 1000.000000000000000 ) ;
#1134 = ADVANCED_FACE ( 'NONE', ( #1342 ), #241, .F. ) ;
#1135 = EDGE_LOOP ( 'NONE', ( #592, #999, #919, #384, #445, #987, #1235, #1131, #933, #1273, #825, #619, #395, #103, #955, #782, #168, #1019, #1307, #1417, #38, #926, #173, #1596, #1598 ) ) ;
#1136 = LINE ( 'NONE', #885, #1439 ) ;
#1137 = VERTEX_POINT ( 'NONE', #486 ) ;
#1138 = EDGE_CURVE ( 'NONE', #1125, #435, #378, .T. ) ;
#1139 = ORIENTED_EDGE ( 'NONE', *, *, #993, .F. ) ;
#1140 = CARTESIAN_POINT ( 'NONE',  ( -56.00000019439033849, 3.000000000000000000, 4.000000194511566853 ) ) ;
#1141 = VECTOR ( 'NONE', #988, 1000.000000000000000 ) ;
#1142 = ORIENTED_EDGE ( 'NONE', *, *, #1298, .F. ) ;
#1143 = DIRECTION ( 'NONE',  ( 0.000000000000000000, 1.000000000000000000, 0.000000000000000000 ) ) ;
#1144 = VECTOR ( 'NONE', #394, 1000.000000000000000 ) ;
#1145 = EDGE_LOOP ( 'NONE', ( #513, #80, #504, #1527 ) ) ;
#1146 = AXIS2_PLACEMENT_3D ( 'NONE', #187, #690, #948 ) ;
#1147 = DIRECTION ( 'NONE',  ( -1.000000000000000000, 0.000000000000000000, 4.081702296416014025E-16 ) ) ;
#1148 = ORIENTED_EDGE ( 'NONE', *, *, #1080, .F. ) ;
#1149 = CARTESIAN_POINT ( 'NONE',  ( -56.00000019439033849, 0.000000000000000000, 0.000000000000000000 ) ) ;
#1150 = AXIS2_PLACEMENT_3D ( 'NONE', #1053, #1412, #548 ) ;
#1151 = ORIENTED_EDGE ( 'NONE', *, *, #1403, .F. ) ;
#1152 = DIRECTION ( 'NONE',  ( 0.000000000000000000, 1.000000000000000000, 0.000000000000000000 ) ) ;
#1153 = VERTEX_POINT ( 'NONE', #131 ) ;
#1154 = ADVANCED_FACE ( 'NONE', ( #772 ), #625, .F. ) ;
#1155 = AXIS2_PLACEMENT_3D ( 'NONE', #126, #366, #1260 ) ;
#1156 = DIRECTION ( 'NONE',  ( 0.000000000000000000, 1.000000000000000000, 0.000000000000000000 ) ) ;
#1157 = CARTESIAN_POINT ( 'NONE',  ( 12.50000000000000000, 3.000000000000000000, 4.000000000000007105 ) ) ;
#1158 = ORIENTED_EDGE ( 'NONE', *, *, #1085, .T. ) ;
#1159 = AXIS2_PLACEMENT_3D ( 'NONE', #672, #533, #1443 ) ;
#1160 = CARTESIAN_POINT ( 'NONE',  ( 4.000000000000003553, 3.000000000000000000, 5.999999999999998224 ) ) ;
#1161 = EDGE_CURVE ( 'NONE', #603, #828, #665, .T. ) ;
#1162 = EDGE_CURVE ( 'NONE', #184, #1067, #16, .T. ) ;
#1163 = CARTESIAN_POINT ( 'NONE',  ( 4.000000000000005329, 3.000000000000000000, -55.99875275999999502 ) ) ;
#1164 = SHAPE_DEFINITION_REPRESENTATION ( #1430, #648 ) ;
#1165 = DIRECTION ( 'NONE',  ( -0.000000000000000000, -0.000000000000000000, 1.000000000000000000 ) ) ;
#1166 = DIRECTION ( 'NONE',  ( 0.000000000000000000, 0.000000000000000000, -1.000000000000000000 ) ) ;
#1167 = VERTEX_POINT ( 'NONE', #516 ) ;
#1168 = PLANE ( 'NONE',  #946 ) ;
#1169 = EDGE_CURVE ( 'NONE', #1314, #858, #510, .T. ) ;
#1170 = VERTEX_POINT ( 'NONE', #864 ) ;
#1171 = ADVANCED_FACE ( 'NONE', ( #893 ), #1512, .T. ) ;
#1172 = DIRECTION ( 'NONE',  ( -0.000000000000000000, -1.000000000000000000, -0.000000000000000000 ) ) ;
#1173 = CIRCLE ( 'NONE', #110, 4.000000000000003553 ) ;
#1174 = FACE_OUTER_BOUND ( 'NONE', #1444, .T. ) ;
#1175 = CARTESIAN_POINT ( 'NONE',  ( -56.00000019439033849, 3.000000000000000000, 0.000000000000000000 ) ) ;
#1176 = AXIS2_PLACEMENT_3D ( 'NONE', #491, #509, #1511 ) ;
#1177 = EDGE_CURVE ( 'NONE', #908, #567, #616, .T. ) ;
#1178 = EDGE_LOOP ( 'NONE', ( #18, #711, #1460, #1458 ) ) ;
#1179 = LINE ( 'NONE', #174, #439 ) ;
#1180 = ORIENTED_EDGE ( 'NONE', *, *, #202, .T. ) ;
#1181 = CARTESIAN_POINT ( 'NONE',  ( 10.50000000000000533, 0.000000000000000000, -9.500000000000001776 ) ) ;
#1182 = EDGE_CURVE ( 'NONE', #1014, #363, #1023, .T. ) ;
#1183 = DIRECTION ( 'NONE',  ( 0.000000000000000000, 0.000000000000000000, 1.000000000000000000 ) ) ;
#1184 = AXIS2_PLACEMENT_3D ( 'NONE', #1509, #1387, #1501 ) ;
#1185 = DIRECTION ( 'NONE',  ( 0.000000000000000000, 1.000000000000000000, 0.000000000000000000 ) ) ;
#1186 = ORIENTED_EDGE ( 'NONE', *, *, #857, .F. ) ;
#1187 = CARTESIAN_POINT ( 'NONE',  ( 55.99999980560966151, 3.000000000000000000, 4.000000194390340269 ) ) ;
#1188 = EDGE_CURVE ( 'NONE', #1433, #855, #1006, .T. ) ;
#1189 = ORIENTED_EDGE ( 'NONE', *, *, #746, .T. ) ;
#1190 = DIRECTION ( 'NONE',  ( 0.000000000000000000, 1.000000000000000000, 0.000000000000000000 ) ) ;
#1191 = CARTESIAN_POINT ( 'NONE',  ( -55.99875275999998792, 3.000000000000000000, -4.000000000000007105 ) ) ;
#1192 = ADVANCED_FACE ( 'NONE', ( #1490 ), #1392, .T. ) ;
#1193 = DIRECTION ( 'NONE',  ( -0.000000000000000000, -1.000000000000000000, -0.000000000000000000 ) ) ;
#1194 = ORIENTED_EDGE ( 'NONE', *, *, #420, .T. ) ;
#1195 = DIRECTION ( 'NONE',  ( -1.000000000000000000, -0.000000000000000000, -0.000000000000000000 ) ) ;
#1196 = ORIENTED_EDGE ( 'NONE', *, *, #53, .F. ) ;
#1197 = LINE ( 'NONE', #682, #150 ) ;
#1198 = AXIS2_PLACEMENT_3D ( 'NONE', #8, #269, #309 ) ;
#1199 = LINE ( 'NONE', #1214, #647 ) ;
#1200 = FACE_OUTER_BOUND ( 'NONE', #270, .T. ) ;
#1201 = ORIENTED_EDGE ( 'NONE', *, *, #1497, .T. ) ;
#1202 = FACE_OUTER_BOUND ( 'NONE', #141, .T. ) ;
#1203 = ORIENTED_EDGE ( 'NONE', *, *, #1608, .F. ) ;
#1204 = DIRECTION ( 'NONE',  ( -0.000000000000000000, -1.000000000000000000, -0.000000000000000000 ) ) ;
#1205 = CIRCLE ( 'NONE', #1359, 4.000000194511566853 ) ;
#1206 = DIRECTION ( 'NONE',  ( 0.000000000000000000, 1.000000000000000000, 0.000000000000000000 ) ) ;
#1207 = DIRECTION ( 'NONE',  ( 0.000000000000000000, 1.000000000000000000, 0.000000000000000000 ) ) ;
#1208 = CIRCLE ( 'NONE', #227, 2.149999999999999023 ) ;
#1209 = ORIENTED_EDGE ( 'NONE', *, *, #1255, .F. ) ;
#1210 = FACE_OUTER_BOUND ( 'NONE', #389, .T. ) ;
#1211 = ORIENTED_EDGE ( 'NONE', *, *, #773, .T. ) ;
#1212 = DIRECTION ( 'NONE',  ( -0.000000000000000000, -1.000000000000000000, -0.000000000000000000 ) ) ;
#1213 = EDGE_CURVE ( 'NONE', #72, #502, #745, .T. ) ;
#1214 = CARTESIAN_POINT ( 'NONE',  ( -3.999999999999994227, 3.000000000000000000, 5.999999999999998224 ) ) ;
#1215 = LINE ( 'NONE', #770, #694 ) ;
#1216 = ORIENTED_EDGE ( 'NONE', *, *, #1161, .T. ) ;
#1217 = DIRECTION ( 'NONE',  ( -0.000000000000000000, -1.000000000000000000, -0.000000000000000000 ) ) ;
#1218 = ORIENTED_EDGE ( 'NONE', *, *, #1543, .F. ) ;
#1219 = FACE_BOUND ( 'NONE', #517, .T. ) ;
#1220 = FACE_OUTER_BOUND ( 'NONE', #6, .T. ) ;
#1221 = DIRECTION ( 'NONE',  ( 0.000000000000000000, 0.000000000000000000, -1.000000000000000000 ) ) ;
#1222 = CIRCLE ( 'NONE', #506, 2.149999999999999023 ) ;
#1223 = STYLED_ITEM ( 'NONE', ( #986 ), #1578 ) ;
#1224 = EDGE_LOOP ( 'NONE', ( #764, #1545, #458, #1058 ) ) ;
#1225 = DIRECTION ( 'NONE',  ( -0.000000000000000000, -1.000000000000000000, -0.000000000000000000 ) ) ;
#1226 = EDGE_CURVE ( 'NONE', #1004, #972, #877, .T. ) ;
#1227 = ORIENTED_EDGE ( 'NONE', *, *, #53, .T. ) ;
#1228 = CARTESIAN_POINT ( 'NONE',  ( 55.99999980560966151, 0.000000000000000000, 0.000000000000000000 ) ) ;
#1229 = DIRECTION ( 'NONE',  ( -0.000000000000000000, -1.000000000000000000, -0.000000000000000000 ) ) ;
#1230 = CARTESIAN_POINT ( 'NONE',  ( -10.49999999999999467, 0.000000000000000000, -10.50000000000000178 ) ) ;
#1231 = ADVANCED_FACE ( 'NONE', ( #492 ), #630, .F. ) ;
#1232 = VERTEX_POINT ( 'NONE', #122 ) ;
#1233 = CARTESIAN_POINT ( 'NONE',  ( 10.50000000000000533, 3.000000000000000000, -11.50000000000000711 ) ) ;
#1234 = AXIS2_PLACEMENT_3D ( 'NONE', #342, #1329, #1354 ) ;
#1235 = ORIENTED_EDGE ( 'NONE', *, *, #354, .T. ) ;
#1236 = DIRECTION ( 'NONE',  ( 1.000000000000000000, 0.000000000000000000, -4.081702296416019941E-16 ) ) ;
#1237 = EDGE_CURVE ( 'NONE', #424, #1508, #1132, .T. ) ;
#1238 = DIRECTION ( 'NONE',  ( 0.000000000000000000, 1.000000000000000000, 0.000000000000000000 ) ) ;
#1239 = DIRECTION ( 'NONE',  ( 0.000000000000000000, 0.000000000000000000, 1.000000000000000000 ) ) ;
#1240 = ORIENTED_EDGE ( 'NONE', *, *, #579, .T. ) ;
#1241 = DIRECTION ( 'NONE',  ( 4.081702296416019941E-16, 0.000000000000000000, -1.000000000000000000 ) ) ;
#1242 = VERTEX_POINT ( 'NONE', #1506 ) ;
#1243 = DIRECTION ( 'NONE',  ( -1.000000000000000000, 0.000000000000000000, 0.000000000000000000 ) ) ;
#1244 = ADVANCED_FACE ( 'NONE', ( #382 ), #882, .T. ) ;
#1245 = CARTESIAN_POINT ( 'NONE',  ( -10.49999999999999112, 3.000000000000000000, 1.999999999999998224 ) ) ;
#1246 = SURFACE_SIDE_STYLE ('',( #1607 ) ) ;
#1247 = ORIENTED_EDGE ( 'NONE', *, *, #1419, .F. ) ;
#1248 = DIRECTION ( 'NONE',  ( 0.000000000000000000, 1.000000000000000000, 0.000000000000000000 ) ) ;
#1249 = VECTOR ( 'NONE', #1311, 1000.000000000000000 ) ;
#1250 = ORIENTED_EDGE ( 'NONE', *, *, #646, .F. ) ;
#1251 = CARTESIAN_POINT ( 'NONE',  ( 4.000000000000001776, 3.000000000000000000, -55.99875275999999502 ) ) ;
#1252 = ORIENTED_EDGE ( 'NONE', *, *, #1066, .F. ) ;
#1253 = LINE ( 'NONE', #1364, #1258 ) ;
#1254 = SURFACE_STYLE_USAGE ( .BOTH. , #1246 ) ;
#1255 = EDGE_CURVE ( 'NONE', #363, #641, #45, .T. ) ;
#1256 = LINE ( 'NONE', #119, #254 ) ;
#1257 = DIRECTION ( 'NONE',  ( -1.000000000000000000, 0.000000000000000000, 0.000000000000000000 ) ) ;
#1258 = VECTOR ( 'NONE', #237, 1000.000000000000000 ) ;
#1259 = VERTEX_POINT ( 'NONE', #684 ) ;
#1260 = DIRECTION ( 'NONE',  ( 0.000000000000000000, 0.000000000000000000, 1.000000000000000000 ) ) ;
#1261 = ORIENTED_EDGE ( 'NONE', *, *, #100, .T. ) ;
#1262 = VECTOR ( 'NONE', #277, 1000.000000000000000 ) ;
#1263 = EDGE_CURVE ( 'NONE', #432, #520, #722, .T. ) ;
#1264 = FACE_OUTER_BOUND ( 'NONE', #776, .T. ) ;
#1265 = ORIENTED_EDGE ( 'NONE', *, *, #1563, .T. ) ;
#1266 = DIRECTION ( 'NONE',  ( -0.000000000000000000, -1.000000000000000000, -0.000000000000000000 ) ) ;
#1267 = ORIENTED_EDGE ( 'NONE', *, *, #591, .T. ) ;
#1268 = DIRECTION ( 'NONE',  ( 1.000000000000000000, -0.000000000000000000, 0.000000000000000000 ) ) ;
#1269 = EDGE_LOOP ( 'NONE', ( #704, #24, #54, #268 ) ) ;
#1270 = FILL_AREA_STYLE ('',( #1389 ) ) ;
#1271 = ORIENTED_EDGE ( 'NONE', *, *, #1182, .T. ) ;
#1272 = DIRECTION ( 'NONE',  ( 0.000000000000000000, 0.000000000000000000, -1.000000000000000000 ) ) ;
#1273 = ORIENTED_EDGE ( 'NONE', *, *, #838, .T. ) ;
#1274 = CARTESIAN_POINT ( 'NONE',  ( 55.99875276000000213, 3.000000000000000000, -4.000000000000007105 ) ) ;
#1275 = UNCERTAINTY_MEASURE_WITH_UNIT (LENGTH_MEASURE( 1.000000000000000082E-05 ), #248, 'distance_accuracy_value', 'NONE');
#1276 = ORIENTED_EDGE ( 'NONE', *, *, #1446, .T. ) ;
#1277 = FACE_OUTER_BOUND ( 'NONE', #524, .T. ) ;
#1278 = EDGE_CURVE ( 'NONE', #1502, #908, #454, .T. ) ;
#1279 = CARTESIAN_POINT ( 'NONE',  ( 55.99999980560966151, 3.000000000000000000, 0.000000000000000000 ) ) ;
#1280 = ORIENTED_EDGE ( 'NONE', *, *, #218, .T. ) ;
#1281 = CARTESIAN_POINT ( 'NONE',  ( -12.49999999999999645, 0.000000000000000000, -4.000000000000007105 ) ) ;
#1282 = ORIENTED_EDGE ( 'NONE', *, *, #1182, .F. ) ;
#1283 = CARTESIAN_POINT ( 'NONE',  ( -10.49999999999999467, 3.000000000000000000, -9.500000000000001776 ) ) ;
#1284 = AXIS2_PLACEMENT_3D ( 'NONE', #304, #1059, #806 ) ;
#1285 = CARTESIAN_POINT ( 'NONE',  ( 55.99999980560966151, 3.000000000000000000, 0.000000000000000000 ) ) ;
#1286 = CARTESIAN_POINT ( 'NONE',  ( -55.99875275999998792, 0.000000000000000000, 3.999999999999995559 ) ) ;
#1287 = AXIS2_PLACEMENT_3D ( 'NONE', #1416, #1065, #811 ) ;
#1288 = VERTEX_POINT ( 'NONE', #787 ) ;
#1289 = CYLINDRICAL_SURFACE ( 'NONE', #236, 2.149999999999999023 ) ;
#1290 = ORIENTED_EDGE ( 'NONE', *, *, #499, .F. ) ;
#1291 = DIRECTION ( 'NONE',  ( 0.000000000000000000, 1.000000000000000000, 0.000000000000000000 ) ) ;
#1292 = CARTESIAN_POINT ( 'NONE',  ( 12.50000000000000000, 0.000000000000000000, 4.000000000000007105 ) ) ;
#1293 = CARTESIAN_POINT ( 'NONE',  ( -10.49999999999999467, 3.000000000000000000, -10.50000000000000178 ) ) ;
#1294 = ORIENTED_EDGE ( 'NONE', *, *, #545, .T. ) ;
#1295 = DIRECTION ( 'NONE',  ( 1.000000000000000000, 0.000000000000000000, 0.000000000000000000 ) ) ;
#1296 = ORIENTED_EDGE ( 'NONE', *, *, #896, .F. ) ;
#1297 = FACE_OUTER_BOUND ( 'NONE', #148, .T. ) ;
#1298 = EDGE_CURVE ( 'NONE', #232, #1442, #904, .T. ) ;
#1299 = AXIS2_PLACEMENT_3D ( 'NONE', #1279, #30, #916 ) ;
#1300 = AXIS2_PLACEMENT_3D ( 'NONE', #530, #1185, #923 ) ;
#1301 = CARTESIAN_POINT ( 'NONE',  ( -55.99875275999998792, 3.000000000000000000, 3.999999999999995559 ) ) ;
#1302 = ADVANCED_FACE ( 'NONE', ( #172 ), #1413, .T. ) ;
#1303 = CARTESIAN_POINT ( 'NONE',  ( 4.000000000000005329, 0.000000000000000000, 55.99875275999999502 ) ) ;
#1304 = VERTEX_POINT ( 'NONE', #180 ) ;
#1305 = DIRECTION ( 'NONE',  ( 0.000000000000000000, 1.000000000000000000, 0.000000000000000000 ) ) ;
#1306 = AXIS2_PLACEMENT_3D ( 'NONE', #1046, #1542, #60 ) ;
#1307 = ORIENTED_EDGE ( 'NONE', *, *, #822, .T. ) ;
#1308 = CARTESIAN_POINT ( 'NONE',  ( 1.236893267138826732E-14, 3.000000000000000000, 54.00000000000000000 ) ) ;
#1309 = CIRCLE ( 'NONE', #940, 1.000000000000002665 ) ;
#1310 = PLANE ( 'NONE',  #1560 ) ;
#1311 = DIRECTION ( 'NONE',  ( -0.000000000000000000, -1.000000000000000000, -0.000000000000000000 ) ) ;
#1312 = VERTEX_POINT ( 'NONE', #1157 ) ;
#1313 = FACE_OUTER_BOUND ( 'NONE', #1075, .T. ) ;
#1314 = VERTEX_POINT ( 'NONE', #52 ) ;
#1315 = CARTESIAN_POINT ( 'NONE',  ( -56.00000019439033849, 0.000000000000000000, 0.000000000000000000 ) ) ;
#1316 = FACE_OUTER_BOUND ( 'NONE', #813, .T. ) ;
#1317 = DIRECTION ( 'NONE',  ( 0.000000000000000000, 0.000000000000000000, 1.000000000000000000 ) ) ;
#1318 = VERTEX_POINT ( 'NONE', #399 ) ;
#1319 = DIRECTION ( 'NONE',  ( 4.081702296416019941E-16, -0.000000000000000000, 1.000000000000000000 ) ) ;
#1320 = ORIENTED_EDGE ( 'NONE', *, *, #470, .T. ) ;
#1321 = LINE ( 'NONE', #952, #809 ) ;
#1322 = EDGE_CURVE ( 'NONE', #532, #941, #1173, .T. ) ;
#1323 = CARTESIAN_POINT ( 'NONE',  ( 12.50000000000000000, 3.000000000000000000, 12.50000000000000000 ) ) ;
#1324 = CARTESIAN_POINT ( 'NONE',  ( -10.49999999999999467, 3.000000000000000000, -10.50000000000000178 ) ) ;
#1325 = EDGE_CURVE ( 'NONE', #949, #1048, #652, .T. ) ;
#1326 = VERTEX_POINT ( 'NONE', #1432 ) ;
#1327 = CARTESIAN_POINT ( 'NONE',  ( -3.999999999999996447, 0.000000000000000000, -55.99875275999999502 ) ) ;
#1328 = ORIENTED_EDGE ( 'NONE', *, *, #878, .F. ) ;
#1329 = DIRECTION ( 'NONE',  ( -0.000000000000000000, -1.000000000000000000, -0.000000000000000000 ) ) ;
#1330 = CIRCLE ( 'NONE', #912, 2.150000000000001243 ) ;
#1331 = VECTOR ( 'NONE', #1122, 1000.000000000000000 ) ;
#1332 = CYLINDRICAL_SURFACE ( 'NONE', #832, 2.150000000000001243 ) ;
#1333 = LINE ( 'NONE', #977, #612 ) ;
#1334 = VERTEX_POINT ( 'NONE', #1303 ) ;
#1335 = CARTESIAN_POINT ( 'NONE',  ( 4.000000000000005329, 3.000000000000000000, -2.000000000000003109 ) ) ;
#1336 = ORIENTED_EDGE ( 'NONE', *, *, #1355, .F. ) ;
#1337 = DIRECTION ( 'NONE',  ( -1.000000000000000000, -0.000000000000000000, -0.000000000000000000 ) ) ;
#1338 = DIRECTION ( 'NONE',  ( 6.122553444624031884E-16, 0.000000000000000000, -1.000000000000000000 ) ) ;
#1339 = CARTESIAN_POINT ( 'NONE',  ( 55.99999980560966151, 3.000000000000000000, -4.000000194390340269 ) ) ;
#1340 = EDGE_CURVE ( 'NONE', #1312, #992, #550, .T. ) ;
#1341 = ORIENTED_EDGE ( 'NONE', *, *, #620, .T. ) ;
#1342 = FACE_OUTER_BOUND ( 'NONE', #1178, .T. ) ;
#1343 = ORIENTED_EDGE ( 'NONE', *, *, #330, .T. ) ;
#1344 = CARTESIAN_POINT ( 'NONE',  ( -56.00000019439033849, 3.000000000000000000, -4.000000194511566853 ) ) ;
#1345 = EDGE_CURVE ( 'NONE', #65, #250, #431, .T. ) ;
#1346 = VECTOR ( 'NONE', #973, 1000.000000000000000 ) ;
#1347 = CARTESIAN_POINT ( 'NONE',  ( 4.000000000000010658, 3.000000000000000000, 12.49999999999999467 ) ) ;
#1348 = DIRECTION ( 'NONE',  ( 0.000000000000000000, 0.000000000000000000, 1.000000000000000000 ) ) ;
#1349 = VECTOR ( 'NONE', #1015, 1000.000000000000000 ) ;
#1350 = EDGE_CURVE ( 'NONE', #1318, #1304, #907, .T. ) ;
#1351 = ORIENTED_EDGE ( 'NONE', *, *, #393, .F. ) ;
#1352 = CARTESIAN_POINT ( 'NONE',  ( 4.000000000000010658, 3.000000000000000000, 12.49999999999999467 ) ) ;
#1353 = ORIENTED_EDGE ( 'NONE', *, *, #305, .F. ) ;
#1354 = DIRECTION ( 'NONE',  ( 0.000000000000000000, 0.000000000000000000, -1.000000000000000000 ) ) ;
#1355 = EDGE_CURVE ( 'NONE', #1326, #1312, #939, .T. ) ;
#1356 = DIRECTION ( 'NONE',  ( 0.000000000000000000, 0.000000000000000000, 1.000000000000000000 ) ) ;
#1357 = AXIS2_PLACEMENT_3D ( 'NONE', #1573, #86, #448 ) ;
#1358 = ORIENTED_EDGE ( 'NONE', *, *, #1491, .F. ) ;
#1359 = AXIS2_PLACEMENT_3D ( 'NONE', #1114, #527, #379 ) ;
#1360 = LINE ( 'NONE', #233, #56 ) ;
#1361 = AXIS2_PLACEMENT_3D ( 'NONE', #535, #1291, #547 ) ;
#1362 = ORIENTED_EDGE ( 'NONE', *, *, #1371, .F. ) ;
#1363 = LINE ( 'NONE', #1461, #541 ) ;
#1364 = CARTESIAN_POINT ( 'NONE',  ( -3.999999999999996447, 3.000000000000000000, 55.99875275999999502 ) ) ;
#1365 = CARTESIAN_POINT ( 'NONE',  ( -55.99875275999998792, 0.000000000000000000, 3.999999999999995559 ) ) ;
#1366 = VERTEX_POINT ( 'NONE', #677 ) ;
#1367 = DIRECTION ( 'NONE',  ( 1.000000000000000000, -0.000000000000000000, 0.000000000000000000 ) ) ;
#1368 = ORIENTED_EDGE ( 'NONE', *, *, #121, .F. ) ;
#1369 = DIRECTION ( 'NONE',  ( -2.168404344971008375E-16, 0.000000000000000000, 1.000000000000000000 ) ) ;
#1370 = ORIENTED_EDGE ( 'NONE', *, *, #891, .F. ) ;
#1371 = EDGE_CURVE ( 'NONE', #876, #1167, #146, .T. ) ;
#1372 = DIRECTION ( 'NONE',  ( 0.000000000000000000, 0.000000000000000000, -1.000000000000000000 ) ) ;
#1373 = CARTESIAN_POINT ( 'NONE',  ( -3.999999999999996447, 3.000000000000000000, -12.50000000000000000 ) ) ;
#1374 = ORIENTED_EDGE ( 'NONE', *, *, #1471, .T. ) ;
#1375 = CARTESIAN_POINT ( 'NONE',  ( 12.50000000000000000, 3.000000000000000000, 12.50000000000000000 ) ) ;
#1376 = AXIS2_PLACEMENT_3D ( 'NONE', #593, #602, #1082 ) ;
#1377 = EDGE_CURVE ( 'NONE', #908, #1502, #1480, .T. ) ;
#1378 = VECTOR ( 'NONE', #1440, 1000.000000000000000 ) ;
#1379 = VERTEX_POINT ( 'NONE', #1286 ) ;
#1380 = DIRECTION ( 'NONE',  ( -0.000000000000000000, -1.000000000000000000, -0.000000000000000000 ) ) ;
#1381 = ORIENTED_EDGE ( 'NONE', *, *, #769, .T. ) ;
#1382 = VECTOR ( 'NONE', #892, 1000.000000000000000 ) ;
#1383 = CARTESIAN_POINT ( 'NONE',  ( -10.49999999999999112, 0.000000000000000000, 3.000000000000000000 ) ) ;
#1384 = ORIENTED_EDGE ( 'NONE', *, *, #350, .T. ) ;
#1385 = DIRECTION ( 'NONE',  ( -0.000000000000000000, -1.000000000000000000, -0.000000000000000000 ) ) ;
#1386 = ORIENTED_EDGE ( 'NONE', *, *, #727, .T. ) ;
#1387 = DIRECTION ( 'NONE',  ( 0.000000000000000000, 1.000000000000000000, 0.000000000000000000 ) ) ;
#1388 = ORIENTED_EDGE ( 'NONE', *, *, #202, .F. ) ;
#1389 = FILL_AREA_STYLE_COLOUR ( '', #905 ) ;
#1390 = VERTEX_POINT ( 'NONE', #156 ) ;
#1391 = EDGE_CURVE ( 'NONE', #638, #184, #406, .T. ) ;
#1392 = PLANE ( 'NONE',  #751 ) ;
#1393 = VERTEX_POINT ( 'NONE', #794 ) ;
#1394 = CARTESIAN_POINT ( 'NONE',  ( 1.236893267138826732E-14, 0.000000000000000000, 54.00000000000000000 ) ) ;
#1395 = EDGE_LOOP ( 'NONE', ( #1374, #348 ) ) ;
#1396 = EDGE_CURVE ( 'NONE', #313, #1618, #531, .T. ) ;
#1397 = CARTESIAN_POINT ( 'NONE',  ( 1.236893267138826732E-14, 3.000000000000000000, 54.00000000000000000 ) ) ;
#1398 = CARTESIAN_POINT ( 'NONE',  ( 4.000000000000010658, 3.000000000000000000, 12.49999999999999467 ) ) ;
#1399 = EDGE_LOOP ( 'NONE', ( #803, #798, #888, #1415, #1494, #1186, #1368, #1362, #175, #452, #692, #1620, #160, #188, #713, #1476, #1, #1120, #346, #1017, #317, #133, #1498, #1247, #1551 ) ) ;
#1400 = DIRECTION ( 'NONE',  ( 0.000000000000000000, 1.000000000000000000, 0.000000000000000000 ) ) ;
#1401 = EDGE_LOOP ( 'NONE', ( #910, #1351 ) ) ;
#1402 = CARTESIAN_POINT ( 'NONE',  ( 0.000000000000000000, 0.000000000000000000, 0.000000000000000000 ) ) ;
#1403 = EDGE_CURVE ( 'NONE', #424, #65, #1119, .T. ) ;
#1404 = DIRECTION ( 'NONE',  ( -0.000000000000000000, -1.000000000000000000, -0.000000000000000000 ) ) ;
#1405 = DIRECTION ( 'NONE',  ( 0.000000000000000000, 1.000000000000000000, 0.000000000000000000 ) ) ;
#1406 = EDGE_LOOP ( 'NONE', ( #265, #679, #790, #771 ) ) ;
#1407 = DIRECTION ( 'NONE',  ( 4.081702296416019941E-16, -0.000000000000000000, 1.000000000000000000 ) ) ;
#1408 = EDGE_LOOP ( 'NONE', ( #196, #240, #607, #157 ) ) ;
#1409 = DIRECTION ( 'NONE',  ( -0.000000000000000000, -0.000000000000000000, -1.000000000000000000 ) ) ;
#1410 = EDGE_CURVE ( 'NONE', #1232, #1167, #414, .T. ) ;
#1411 = DIRECTION ( 'NONE',  ( 1.000000000000000000, 0.000000000000000000, 0.000000000000000000 ) ) ;
#1412 = DIRECTION ( 'NONE',  ( 0.000000000000000000, 1.000000000000000000, 0.000000000000000000 ) ) ;
#1413 = CYLINDRICAL_SURFACE ( 'NONE', #1609, 4.000000000000003553 ) ;
#1414 = ADVANCED_FACE ( 'NONE', ( #574 ), #590, .T. ) ;
#1415 = ORIENTED_EDGE ( 'NONE', *, *, #183, .F. ) ;
#1416 = CARTESIAN_POINT ( 'NONE',  ( -56.00000019439033849, 3.000000000000000000, 0.000000000000000000 ) ) ;
#1417 = ORIENTED_EDGE ( 'NONE', *, *, #397, .T. ) ;
#1418 = CARTESIAN_POINT ( 'NONE',  ( 10.50000000000000533, 0.000000000000000000, -10.50000000000000355 ) ) ;
#1419 = EDGE_CURVE ( 'NONE', #843, #1137, #1555, .T. ) ;
#1420 = LINE ( 'NONE', #906, #1485 ) ;
#1421 = CARTESIAN_POINT ( 'NONE',  ( 12.50000000000000000, 3.000000000000000000, 12.50000000000000000 ) ) ;
#1422 = ORIENTED_EDGE ( 'NONE', *, *, #456, .T. ) ;
#1423 = CARTESIAN_POINT ( 'NONE',  ( 12.50000000000000000, 0.000000000000000000, 4.000000000000007105 ) ) ;
#1424 = EDGE_CURVE ( 'NONE', #972, #1004, #1222, .T. ) ;
#1425 = VECTOR ( 'NONE', #1217, 1000.000000000000000 ) ;
#1426 = ORIENTED_EDGE ( 'NONE', *, *, #1371, .T. ) ;
#1427 = CARTESIAN_POINT ( 'NONE',  ( 1.236893267138826101E-14, 3.000000000000000000, -56.14999999999999858 ) ) ;
#1428 = VECTOR ( 'NONE', #523, 1000.000000000000000 ) ;
#1429 = AXIS2_PLACEMENT_3D ( 'NONE', #380, #1013, #1617 ) ;
#1430 = PRODUCT_DEFINITION_SHAPE ( 'NONE', 'NONE',  #64 ) ;
#1431 = LINE ( 'NONE', #1292, #884 ) ;
#1432 = CARTESIAN_POINT ( 'NONE',  ( 12.50000000000000000, 3.000000000000000000, 12.50000000000000000 ) ) ;
#1433 = VERTEX_POINT ( 'NONE', #961 ) ;
#1434 = DIRECTION ( 'NONE',  ( -0.000000000000000000, -1.000000000000000000, -0.000000000000000000 ) ) ;
#1435 = ORIENTED_EDGE ( 'NONE', *, *, #415, .F. ) ;
#1436 = CARTESIAN_POINT ( 'NONE',  ( 54.00000000000001421, 3.000000000000000000, -1.322618543079141651E-14 ) ) ;
#1437 = AXIS2_PLACEMENT_3D ( 'NONE', #343, #1454, #589 ) ;
#1438 = PLANE ( 'NONE',  #989 ) ;
#1439 = VECTOR ( 'NONE', #390, 1000.000000000000000 ) ;
#1440 = DIRECTION ( 'NONE',  ( 0.000000000000000000, 0.000000000000000000, -1.000000000000000000 ) ) ;
#1441 = ADVANCED_FACE ( 'NONE', ( #1079 ), #1464, .F. ) ;
#1442 = VERTEX_POINT ( 'NONE', #1339 ) ;
#1443 = DIRECTION ( 'NONE',  ( 0.000000000000000000, 0.000000000000000000, 1.000000000000000000 ) ) ;
#1444 = EDGE_LOOP ( 'NONE', ( #1151, #1483, #931, #1112 ) ) ;
#1445 = DIRECTION ( 'NONE',  ( 0.000000000000000000, 1.000000000000000000, 0.000000000000000000 ) ) ;
#1446 = EDGE_CURVE ( 'NONE', #1588, #992, #212, .T. ) ;
#1447 = CARTESIAN_POINT ( 'NONE',  ( 10.50000000000000178, 3.000000000000000000, 2.999999999999997335 ) ) ;
#1448 = CARTESIAN_POINT ( 'NONE',  ( 55.99999980560966151, 0.000000000000000000, 0.000000000000000000 ) ) ;
#1449 = ORIENTED_EDGE ( 'NONE', *, *, #193, .T. ) ;
#1450 = CARTESIAN_POINT ( 'NONE',  ( 4.000000000000005329, 3.000000000000000000, -12.50000000000000178 ) ) ;
#1451 = ORIENTED_EDGE ( 'NONE', *, *, #79, .F. ) ;
#1452 = DIRECTION ( 'NONE',  ( 1.196395321181715440E-16, -0.000000000000000000, -1.000000000000000000 ) ) ;
#1453 = CIRCLE ( 'NONE', #108, 2.150000000000001243 ) ;
#1454 = DIRECTION ( 'NONE',  ( -1.000000000000000000, 0.000000000000000000, 0.000000000000000000 ) ) ;
#1455 = EDGE_CURVE ( 'NONE', #1004, #520, #1070, .T. ) ;
#1456 = DIRECTION ( 'NONE',  ( -0.000000000000000000, -1.000000000000000000, -0.000000000000000000 ) ) ;
#1457 = VECTOR ( 'NONE', #1574, 1000.000000000000000 ) ;
#1458 = ORIENTED_EDGE ( 'NONE', *, *, #1029, .F. ) ;
#1459 = CARTESIAN_POINT ( 'NONE',  ( -55.99875275999998792, 3.000000000000000000, -4.000000000000001776 ) ) ;
#1460 = ORIENTED_EDGE ( 'NONE', *, *, #962, .F. ) ;
#1461 = CARTESIAN_POINT ( 'NONE',  ( 4.000000000000005329, 3.000000000000000000, 55.99875275999999502 ) ) ;
#1462 = AXIS2_PLACEMENT_3D ( 'NONE', #247, #1229, #1372 ) ;
#1463 = CARTESIAN_POINT ( 'NONE',  ( -12.50000000000000000, 0.000000000000000000, 12.50000000000000000 ) ) ;
#1464 = PLANE ( 'NONE',  #928 ) ;
#1465 = VECTOR ( 'NONE', #829, 1000.000000000000000 ) ;
#1466 = ORIENTED_EDGE ( 'NONE', *, *, #1011, .T. ) ;
#1467 = CARTESIAN_POINT ( 'NONE',  ( -55.99875275999998792, 3.000000000000000000, -4.000000000000001776 ) ) ;
#1468 = ADVANCED_FACE ( 'NONE', ( #847 ), #1087, .F. ) ;
#1469 = VERTEX_POINT ( 'NONE', #344 ) ;
#1470 = PLANE ( 'NONE',  #177 ) ;
#1471 = EDGE_CURVE ( 'NONE', #82, #851, #1061, .T. ) ;
#1472 = DIRECTION ( 'NONE',  ( 1.000000000000000000, 0.000000000000000000, -0.000000000000000000 ) ) ;
#1473 = DIRECTION ( 'NONE',  ( 0.000000000000000000, 0.000000000000000000, -1.000000000000000000 ) ) ;
#1474 = ORIENTED_EDGE ( 'NONE', *, *, #596, .F. ) ;
#1475 = FACE_OUTER_BOUND ( 'NONE', #286, .T. ) ;
#1476 = ORIENTED_EDGE ( 'NONE', *, *, #984, .F. ) ;
#1477 = LINE ( 'NONE', #852, #1262 ) ;
#1478 = CARTESIAN_POINT ( 'NONE',  ( -10.49999999999999112, 3.000000000000000000, 1.999999999999998224 ) ) ;
#1479 = DIRECTION ( 'NONE',  ( 2.168404344971008375E-16, 0.000000000000000000, -1.000000000000000000 ) ) ;
#1480 = CIRCLE ( 'NONE', #192, 1.000000000000002665 ) ;
#1481 = DIRECTION ( 'NONE',  ( -1.000000000000000000, -0.000000000000000000, -0.000000000000000000 ) ) ;
#1482 = DIRECTION ( 'NONE',  ( 0.000000000000000000, 0.000000000000000000, 1.000000000000000000 ) ) ;
#1483 = ORIENTED_EDGE ( 'NONE', *, *, #1237, .T. ) ;
#1484 = PLANE ( 'NONE',  #1074 ) ;
#1485 = VECTOR ( 'NONE', #898, 1000.000000000000000 ) ;
#1486 = AXIS2_PLACEMENT_3D ( 'NONE', #1038, #1156, #1183 ) ;
#1487 = CARTESIAN_POINT ( 'NONE',  ( -12.49999999999999645, 3.000000000000000000, 4.000000000000007105 ) ) ;
#1488 = ORIENTED_EDGE ( 'NONE', *, *, #1138, .F. ) ;
#1489 = VECTOR ( 'NONE', #1107, 1000.000000000000000 ) ;
#1490 = FACE_OUTER_BOUND ( 'NONE', #222, .T. ) ;
#1491 = EDGE_CURVE ( 'NONE', #641, #1153, #582, .T. ) ;
#1492 = ORIENTED_EDGE ( 'NONE', *, *, #1001, .T. ) ;
#1493 = DIRECTION ( 'NONE',  ( 1.000000000000000000, -0.000000000000000000, 0.000000000000000000 ) ) ;
#1494 = ORIENTED_EDGE ( 'NONE', *, *, #1060, .F. ) ;
#1495 = VECTOR ( 'NONE', #1319, 1000.000000000000000 ) ;
#1496 = CARTESIAN_POINT ( 'NONE',  ( 55.99999980560966151, 3.000000000000000000, -4.000000194390340269 ) ) ;
#1497 = EDGE_CURVE ( 'NONE', #1625, #848, #94, .T. ) ;
#1498 = ORIENTED_EDGE ( 'NONE', *, *, #667, .F. ) ;
#1499 = DIRECTION ( 'NONE',  ( 0.000000000000000000, 0.000000000000000000, 1.000000000000000000 ) ) ;
#1500 = ORIENTED_EDGE ( 'NONE', *, *, #485, .F. ) ;
#1501 = DIRECTION ( 'NONE',  ( 0.000000000000000000, 0.000000000000000000, 1.000000000000000000 ) ) ;
#1502 = VERTEX_POINT ( 'NONE', #831 ) ;
#1503 = DIRECTION ( 'NONE',  ( -0.000000000000000000, -1.000000000000000000, -0.000000000000000000 ) ) ;
#1504 = ADVANCED_FACE ( 'NONE', ( #1108 ), #441, .T. ) ;
#1505 = CARTESIAN_POINT ( 'NONE',  ( -56.00000019439033849, 3.000000000000000000, -4.000000194511566853 ) ) ;
#1506 = CARTESIAN_POINT ( 'NONE',  ( 55.99875275999999502, 3.000000000000000000, 3.999999999999995559 ) ) ;
#1507 = AXIS2_PLACEMENT_3D ( 'NONE', #449, #87, #566 ) ;
#1508 = VERTEX_POINT ( 'NONE', #475 ) ;
#1509 = CARTESIAN_POINT ( 'NONE',  ( 8.673617379884035472E-16, 0.000000000000000000, -55.99999980560966151 ) ) ;
#1510 = AXIS2_PLACEMENT_3D ( 'NONE', #296, #1028, #807 ) ;
#1511 = DIRECTION ( 'NONE',  ( 0.000000000000000000, 0.000000000000000000, -1.000000000000000000 ) ) ;
#1512 = CYLINDRICAL_SURFACE ( 'NONE', #1089, 4.000000194390340269 ) ;
#1513 = ORIENTED_EDGE ( 'NONE', *, *, #1052, .T. ) ;
#1514 = DIRECTION ( 'NONE',  ( 0.000000000000000000, 0.000000000000000000, 1.000000000000000000 ) ) ;
#1515 = VECTOR ( 'NONE', #107, 1000.000000000000000 ) ;
#1516 = EDGE_CURVE ( 'NONE', #805, #363, #1333, .T. ) ;
#1517 = ORIENTED_EDGE ( 'NONE', *, *, #1128, .F. ) ;
#1518 = VECTOR ( 'NONE', #1380, 1000.000000000000000 ) ;
#1519 = EDGE_CURVE ( 'NONE', #1538, #1613, #1012, .T. ) ;
#1520 = FACE_OUTER_BOUND ( 'NONE', #468, .T. ) ;
#1521 = CARTESIAN_POINT ( 'NONE',  ( 4.000000000000005329, 3.000000000000000000, -2.000000000000003109 ) ) ;
#1522 = ORIENTED_EDGE ( 'NONE', *, *, #667, .T. ) ;
#1523 = CARTESIAN_POINT ( 'NONE',  ( 4.000000000000010658, 0.000000000000000000, 12.49999999999999467 ) ) ;
#1524 = CARTESIAN_POINT ( 'NONE',  ( 54.00000000000001421, 0.000000000000000000, 2.149999999999988365 ) ) ;
#1525 = CARTESIAN_POINT ( 'NONE',  ( 10.50000000000000533, 3.000000000000000000, -10.50000000000000355 ) ) ;
#1526 = ADVANCED_FACE ( 'NONE', ( #1200 ), #322, .F. ) ;
#1527 = ORIENTED_EDGE ( 'NONE', *, *, #1519, .T. ) ;
#1528 = FACE_OUTER_BOUND ( 'NONE', #1007, .T. ) ;
#1529 = ORIENTED_EDGE ( 'NONE', *, *, #1016, .T. ) ;
#1530 = DIRECTION ( 'NONE',  ( 0.000000000000000000, 0.000000000000000000, 1.000000000000000000 ) ) ;
#1531 = AXIS2_PLACEMENT_3D ( 'NONE', #195, #1207, #1583 ) ;
#1532 = FACE_BOUND ( 'NONE', #601, .T. ) ;
#1533 = CARTESIAN_POINT ( 'NONE',  ( 12.50000000000000000, 3.000000000000000000, 4.000000000000007105 ) ) ;
#1534 = EDGE_LOOP ( 'NONE', ( #1090, #575, #1435, #609 ) ) ;
#1535 = VECTOR ( 'NONE', #947, 1000.000000000000000 ) ;
#1536 = DIRECTION ( 'NONE',  ( 0.000000000000000000, 1.000000000000000000, 0.000000000000000000 ) ) ;
#1537 = EDGE_CURVE ( 'NONE', #520, #432, #725, .T. ) ;
#1538 = VERTEX_POINT ( 'NONE', #709 ) ;
#1539 = DIRECTION ( 'NONE',  ( 0.000000000000000000, 0.000000000000000000, -1.000000000000000000 ) ) ;
#1540 = AXIS2_PLACEMENT_3D ( 'NONE', #814, #688, #49 ) ;
#1541 = VECTOR ( 'NONE', #1008, 1000.000000000000000 ) ;
#1542 = DIRECTION ( 'NONE',  ( -0.000000000000000000, -1.000000000000000000, -0.000000000000000000 ) ) ;
#1543 = EDGE_CURVE ( 'NONE', #1469, #756, #1215, .T. ) ;
#1544 = DIRECTION ( 'NONE',  ( 0.000000000000000000, 0.000000000000000000, 1.000000000000000000 ) ) ;
#1545 = ORIENTED_EDGE ( 'NONE', *, *, #290, .T. ) ;
#1546 = DIRECTION ( 'NONE',  ( 0.000000000000000000, 0.000000000000000000, 1.000000000000000000 ) ) ;
#1547 = VERTEX_POINT ( 'NONE', #1373 ) ;
#1548 = DIRECTION ( 'NONE',  ( -1.000000000000000000, 0.000000000000000000, 2.592189862560383207E-16 ) ) ;
#1549 = FACE_OUTER_BOUND ( 'NONE', #836, .T. ) ;
#1550 = CARTESIAN_POINT ( 'NONE',  ( -3.999999999999996447, 3.000000000000000000, -55.99875275999999502 ) ) ;
#1551 = ORIENTED_EDGE ( 'NONE', *, *, #71, .F. ) ;
#1552 = LINE ( 'NONE', #1559, #1133 ) ;
#1553 = VERTEX_POINT ( 'NONE', #870 ) ;
#1554 = DIRECTION ( 'NONE',  ( 0.000000000000000000, 0.000000000000000000, 1.000000000000000000 ) ) ;
#1555 = CIRCLE ( 'NONE', #299, 4.000000194390340269 ) ;
#1556 = DIRECTION ( 'NONE',  ( 1.000000000000000000, 0.000000000000000000, 6.122553444624031884E-16 ) ) ;
#1557 = DIRECTION ( 'NONE',  ( 0.000000000000000000, 1.000000000000000000, 0.000000000000000000 ) ) ;
#1558 = ORIENTED_EDGE ( 'NONE', *, *, #1424, .T. ) ;
#1559 = CARTESIAN_POINT ( 'NONE',  ( -12.49999999999999645, 0.000000000000000000, -4.000000000000007105 ) ) ;
#1560 = AXIS2_PLACEMENT_3D ( 'NONE', #1191, #398, #785 ) ;
#1561 = ORIENTED_EDGE ( 'NONE', *, *, #1226, .T. ) ;
#1562 = CARTESIAN_POINT ( 'NONE',  ( -10.49999999999999112, 3.000000000000000000, 1.999999999999998224 ) ) ;
#1563 = EDGE_CURVE ( 'NONE', #435, #1125, #637, .T. ) ;
#1564 = AXIS2_PLACEMENT_3D ( 'NONE', #656, #752, #1356 ) ;
#1565 = CIRCLE ( 'NONE', #860, 2.150000000000001243 ) ;
#1566 = PLANE ( 'NONE',  #1437 ) ;
#1567 = DIRECTION ( 'NONE',  ( -0.000000000000000000, -0.000000000000000000, 1.000000000000000000 ) ) ;
#1568 = EDGE_LOOP ( 'NONE', ( #624, #1040, #982, #866 ) ) ;
#1569 = CYLINDRICAL_SURFACE ( 'NONE', #1376, 1.000000000000002665 ) ;
#1570 = ORIENTED_EDGE ( 'NONE', *, *, #485, .T. ) ;
#1571 = DIRECTION ( 'NONE',  ( -0.000000000000000000, -1.000000000000000000, -0.000000000000000000 ) ) ;
#1572 = PRODUCT_RELATED_PRODUCT_CATEGORY ( 'part', '', ( #123 ) ) ;
#1573 = CARTESIAN_POINT ( 'NONE',  ( -54.00000000000000000, 3.000000000000000000, 0.000000000000000000 ) ) ;
#1574 = DIRECTION ( 'NONE',  ( -0.000000000000000000, -1.000000000000000000, -0.000000000000000000 ) ) ;
#1575 = ORIENTED_EDGE ( 'NONE', *, *, #245, .T. ) ;
#1576 = CARTESIAN_POINT ( 'NONE',  ( 54.00000000000001421, 3.000000000000000000, -1.322618543079141651E-14 ) ) ;
#1577 = EDGE_CURVE ( 'NONE', #1379, #1393, #762, .T. ) ;
#1578 = MANIFOLD_SOLID_BREP ( 'Estrusione-Estrusione1', #90 ) ;
#1579 = ORIENTED_EDGE ( 'NONE', *, *, #1080, .T. ) ;
#1580 = DIRECTION ( 'NONE',  ( -1.000000000000000000, -0.000000000000000000, -0.000000000000000000 ) ) ;
#1581 = AXIS2_PLACEMENT_3D ( 'NONE', #1175, #1047, #1544 ) ;
#1582 = DIRECTION ( 'NONE',  ( 0.000000000000000000, 0.000000000000000000, 1.000000000000000000 ) ) ;
#1583 = DIRECTION ( 'NONE',  ( 0.000000000000000000, 0.000000000000000000, 1.000000000000000000 ) ) ;
#1584 = EDGE_CURVE ( 'NONE', #699, #876, #498, .T. ) ;
#1585 = EDGE_LOOP ( 'NONE', ( #1211, #1517, #653, #205 ) ) ;
#1586 = DIRECTION ( 'NONE',  ( 1.000000000000000000, 0.000000000000000000, -2.592189862560383207E-16 ) ) ;
#1587 = AXIS2_PLACEMENT_3D ( 'NONE', #1285, #421, #1022 ) ;
#1588 = VERTEX_POINT ( 'NONE', #614 ) ;
#1589 = LINE ( 'NONE', #983, #678 ) ;
#1590 = ADVANCED_FACE ( 'NONE', ( #753 ), #267, .F. ) ;
#1591 = AXIS2_PLACEMENT_3D ( 'NONE', #846, #1593, #970 ) ;
#1592 = AXIS2_PLACEMENT_3D ( 'NONE', #1478, #996, #352 ) ;
#1593 = DIRECTION ( 'NONE',  ( -0.000000000000000000, -1.000000000000000000, -0.000000000000000000 ) ) ;
#1594 = DIRECTION ( 'NONE',  ( 2.592189862560383207E-16, 0.000000000000000000, -1.000000000000000000 ) ) ;
#1595 = AXIS2_PLACEMENT_3D ( 'NONE', #1094, #1243, #216 ) ;
#1596 = ORIENTED_EDGE ( 'NONE', *, *, #1355, .T. ) ;
#1597 = DIRECTION ( 'NONE',  ( 0.000000000000000000, 0.000000000000000000, 1.000000000000000000 ) ) ;
#1598 = ORIENTED_EDGE ( 'NONE', *, *, #1105, .T. ) ;
#1599 = DIRECTION ( 'NONE',  ( 0.000000000000000000, -0.000000000000000000, 1.000000000000000000 ) ) ;
#1600 = LINE ( 'NONE', #1487, #312 ) ;
#1601 = CARTESIAN_POINT ( 'NONE',  ( -3.999999999999994227, 0.000000000000000000, 5.999999999999998224 ) ) ;
#1602 = EDGE_LOOP ( 'NONE', ( #88, #33, #863, #476 ) ) ;
#1603 = LINE ( 'NONE', #842, #1035 ) ;
#1604 = EDGE_LOOP ( 'NONE', ( #1203, #583 ) ) ;
#1605 = FACE_BOUND ( 'NONE', #1395, .T. ) ;
#1606 = CARTESIAN_POINT ( 'NONE',  ( -12.50000000000000000, 3.000000000000000000, -12.50000000000000000 ) ) ;
#1607 = SURFACE_STYLE_FILL_AREA ( #1270 ) ;
#1608 = EDGE_CURVE ( 'NONE', #1318, #208, #1092, .T. ) ;
#1609 = AXIS2_PLACEMENT_3D ( 'NONE', #23, #1193, #1166 ) ;
#1610 = AXIS2_PLACEMENT_3D ( 'NONE', #257, #129, #483 ) ;
#1611 = ORIENTED_EDGE ( 'NONE', *, *, #13, .F. ) ;
#1612 = DIRECTION ( 'NONE',  ( -0.000000000000000000, -1.000000000000000000, -0.000000000000000000 ) ) ;
#1613 = VERTEX_POINT ( 'NONE', #890 ) ;
#1614 = FACE_OUTER_BOUND ( 'NONE', #151, .T. ) ;
#1615 = ADVANCED_FACE ( 'NONE', ( #1264 ), #490, .F. ) ;
#1616 = CARTESIAN_POINT ( 'NONE',  ( 4.000000000000005329, 0.000000000000000000, -2.000000000000003109 ) ) ;
#1617 = DIRECTION ( 'NONE',  ( 0.000000000000000000, 0.000000000000000000, -1.000000000000000000 ) ) ;
#1618 = VERTEX_POINT ( 'NONE', #514 ) ;
#1619 = DIRECTION ( 'NONE',  ( 0.000000000000000000, 0.000000000000000000, 1.000000000000000000 ) ) ;
#1620 = ORIENTED_EDGE ( 'NONE', *, *, #545, .F. ) ;
#1621 = PLANE ( 'NONE',  #736 ) ;
#1622 = VERTEX_POINT ( 'NONE', #606 ) ;
#1623 = AXIS2_PLACEMENT_3D ( 'NONE', #19, #1152, #518 ) ;
#1624 = CARTESIAN_POINT ( 'NONE',  ( 1.236893267138826101E-14, 0.000000000000000000, -56.14999999999999858 ) ) ;
#1625 = VERTEX_POINT ( 'NONE', #1115 ) ;
#1626 = DIRECTION ( 'NONE',  ( -0.000000000000000000, -1.000000000000000000, -0.000000000000000000 ) ) ;
ENDSEC;
END-ISO-10303-21;
