ISO-10303-21;
HEADER;
FILE_DESCRIPTION (( 'STEP AP214' ),
    '1' );
FILE_NAME ('ELP-0057.STEP',
    '2026-04-22T16:26:55',
    ( '' ),
    ( '' ),
    'SwSTEP 2.0',
    'SolidWorks 2024',
    '' );
FILE_SCHEMA (( 'AUTOMOTIVE_DESIGN' ));
ENDSEC;

DATA;
#1 = DIRECTION ( 'NONE',  ( 1.128575717751648869E-16, -1.000000000000000000, 0.000000000000000000 ) ) ;
#2 = DIRECTION ( 'NONE',  ( -0.000000000000000000, 1.000000000000000000, -0.000000000000000000 ) ) ;
#3 = ORIENTED_EDGE ( 'NONE', *, *, #1231, .T. ) ;
#4 = CARTESIAN_POINT ( 'NONE',  ( 56.99999999999996447, 58.50000000000000000, 5.000000000000009770 ) ) ;
#5 = CIRCLE ( 'NONE', #30, 4.999999999999990230 ) ;
#6 = CARTESIAN_POINT ( 'NONE',  ( 56.99999999999996447, 58.50000000000000000, 12.25000000000000178 ) ) ;
#7 = VECTOR ( 'NONE', #1351, 1000.000000000000114 ) ;
#8 = ADVANCED_FACE ( 'NONE', ( #899, #770 ), #149, .F. ) ;
#9 = LINE ( 'NONE', #1362, #196 ) ;
#10 = CARTESIAN_POINT ( 'NONE',  ( 18.50000000000003553, 3.999999999999995559, 20.00000000000000711 ) ) ;
#11 = ORIENTED_EDGE ( 'NONE', *, *, #1081, .T. ) ;
#12 = DIRECTION ( 'NONE',  ( -0.000000000000000000, -0.000000000000000000, -1.000000000000000000 ) ) ;
#13 = VECTOR ( 'NONE', #953, 1000.000000000000000 ) ;
#14 = CARTESIAN_POINT ( 'NONE',  ( 1.999999999999993117, 79.00000000000000000, 40.00000000000000000 ) ) ;
#15 = DIRECTION ( 'NONE',  ( 1.000000000000000000, -0.000000000000000000, -0.000000000000000000 ) ) ;
#16 = EDGE_CURVE ( 'NONE', #827, #982, #532, .T. ) ;
#17 = DIRECTION ( 'NONE',  ( 0.000000000000000000, 0.000000000000000000, -1.000000000000000000 ) ) ;
#18 = ORIENTED_EDGE ( 'NONE', *, *, #167, .F. ) ;
#19 = CYLINDRICAL_SURFACE ( 'NONE', #55, 1.000000000000000000 ) ;
#20 = ORIENTED_EDGE ( 'NONE', *, *, #347, .F. ) ;
#21 = ORIENTED_EDGE ( 'NONE', *, *, #679, .F. ) ;
#22 = DIRECTION ( 'NONE',  ( 0.000000000000000000, 1.000000000000000000, 0.000000000000000000 ) ) ;
#23 = DIRECTION ( 'NONE',  ( 0.000000000000000000, -0.000000000000000000, -1.000000000000000000 ) ) ;
#24 = ORIENTED_EDGE ( 'NONE', *, *, #1271, .T. ) ;
#25 = CARTESIAN_POINT ( 'NONE',  ( 56.99999999999996447, 58.50000000000000000, 34.99999999999999289 ) ) ;
#26 = DIRECTION ( 'NONE',  ( 0.000000000000000000, 0.000000000000000000, 1.000000000000000000 ) ) ;
#27 = VECTOR ( 'NONE', #1541, 1000.000000000000000 ) ;
#28 = ORIENTED_EDGE ( 'NONE', *, *, #438, .T. ) ;
#29 = PLANE ( 'NONE',  #1248 ) ;
#30 = AXIS2_PLACEMENT_3D ( 'NONE', #709, #455, #445 ) ;
#31 = VECTOR ( 'NONE', #69, 1000.000000000000000 ) ;
#32 = DIRECTION ( 'NONE',  ( -0.2672991915451645717, 0.9636135855203066258, 0.000000000000000000 ) ) ;
#33 = ORIENTED_EDGE ( 'NONE', *, *, #156, .F. ) ;
#34 = CARTESIAN_POINT ( 'NONE',  ( 53.00000000000000711, 8.999999999999998224, 0.000000000000000000 ) ) ;
#35 = ADVANCED_FACE ( 'NONE', ( #1534 ), #646, .T. ) ;
#36 = DIRECTION ( 'NONE',  ( 0.000000000000000000, 0.000000000000000000, 1.000000000000000000 ) ) ;
#37 = FACE_BOUND ( 'NONE', #1453, .T. ) ;
#38 = CIRCLE ( 'NONE', #832, 2.250000000000001776 ) ;
#39 = ORIENTED_EDGE ( 'NONE', *, *, #1291, .F. ) ;
#40 = DIRECTION ( 'NONE',  ( -0.9636135855203067369, -0.2672991915451646272, 0.000000000000000000 ) ) ;
#41 = CARTESIAN_POINT ( 'NONE',  ( 56.99999999999996447, 58.50000000000000000, 14.99999999999999112 ) ) ;
#42 = ORIENTED_EDGE ( 'NONE', *, *, #350, .F. ) ;
#43 = CYLINDRICAL_SURFACE ( 'NONE', #739, 2.249999999999995115 ) ;
#44 = CYLINDRICAL_SURFACE ( 'NONE', #1225, 1.699999999999989742 ) ;
#45 = LINE ( 'NONE', #807, #112 ) ;
#46 = EDGE_CURVE ( 'NONE', #1017, #915, #1611, .T. ) ;
#47 = ORIENTED_EDGE ( 'NONE', *, *, #1493, .F. ) ;
#48 = DIRECTION ( 'NONE',  ( 1.000000000000000000, -0.000000000000000000, -0.000000000000000000 ) ) ;
#49 = DIRECTION ( 'NONE',  ( 0.000000000000000000, -1.000000000000000000, 0.000000000000000000 ) ) ;
#50 = VERTEX_POINT ( 'NONE', #509 ) ;
#51 = CARTESIAN_POINT ( 'NONE',  ( -1.224646799147352862E-15, 30.51999999999999957, 40.00000000000000000 ) ) ;
#52 = CARTESIAN_POINT ( 'NONE',  ( 2.999999999999993339, 80.00000000000000000, 0.000000000000000000 ) ) ;
#53 = VERTEX_POINT ( 'NONE', #1501 ) ;
#54 = DIRECTION ( 'NONE',  ( -1.000000000000000000, -0.000000000000000000, -0.000000000000000000 ) ) ;
#55 = AXIS2_PLACEMENT_3D ( 'NONE', #1276, #1498, #373 ) ;
#56 = ADVANCED_FACE ( 'NONE', ( #1269 ), #638, .F. ) ;
#57 = VECTOR ( 'NONE', #650, 1000.000000000000000 ) ;
#58 = DIRECTION ( 'NONE',  ( -1.000000000000000000, -0.000000000000000000, -0.000000000000000000 ) ) ;
#59 = ORIENTED_EDGE ( 'NONE', *, *, #46, .F. ) ;
#60 = DIRECTION ( 'NONE',  ( 1.000000000000000000, -0.000000000000000000, -0.000000000000000000 ) ) ;
#61 = LINE ( 'NONE', #1434, #662 ) ;
#62 = ORIENTED_EDGE ( 'NONE', *, *, #1038, .T. ) ;
#63 = DIRECTION ( 'NONE',  ( -1.000000000000000000, -0.000000000000000000, -0.000000000000000000 ) ) ;
#64 = VECTOR ( 'NONE', #48, 1000.000000000000000 ) ;
#65 = DIRECTION ( 'NONE',  ( 0.000000000000000000, 0.000000000000000000, 1.000000000000000000 ) ) ;
#66 = EDGE_CURVE ( 'NONE', #753, #225, #162, .T. ) ;
#67 = EDGE_LOOP ( 'NONE', ( #1097, #463 ) ) ;
#68 = DIRECTION ( 'NONE',  ( -0.000000000000000000, -0.000000000000000000, -1.000000000000000000 ) ) ;
#69 = DIRECTION ( 'NONE',  ( -0.000000000000000000, -0.000000000000000000, -1.000000000000000000 ) ) ;
#70 = VERTEX_POINT ( 'NONE', #14 ) ;
#71 = CARTESIAN_POINT ( 'NONE',  ( -1.224646799147352862E-15, 30.51999999999999957, 0.000000000000000000 ) ) ;
#72 = PRODUCT_RELATED_PRODUCT_CATEGORY ( 'part', '', ( #1065 ) ) ;
#73 =( LENGTH_UNIT ( ) NAMED_UNIT ( * ) SI_UNIT ( .MILLI., .METRE. ) );
#74 = ORIENTED_EDGE ( 'NONE', *, *, #927, .F. ) ;
#75 = DIRECTION ( 'NONE',  ( -0.2672991915451614076, -0.9636135855203075140, 0.000000000000000000 ) ) ;
#76 = ADVANCED_FACE ( 'NONE', ( #625 ), #1127, .F. ) ;
#77 = ORIENTED_EDGE ( 'NONE', *, *, #640, .T. ) ;
#78 = CARTESIAN_POINT ( 'NONE',  ( 43.50000000000003553, 4.000000000000000000, 18.30000000000001492 ) ) ;
#79 = VERTEX_POINT ( 'NONE', #1278 ) ;
#80 = CARTESIAN_POINT ( 'NONE',  ( 9.000000000000039080, 3.999999999999993339, 40.00000000000000000 ) ) ;
#81 = AXIS2_PLACEMENT_3D ( 'NONE', #101, #1600, #474 ) ;
#82 = CIRCLE ( 'NONE', #397, 2.249999999999995115 ) ;
#83 =( NAMED_UNIT ( * ) SI_UNIT ( $, .STERADIAN. ) SOLID_ANGLE_UNIT ( ) );
#84 = ORIENTED_EDGE ( 'NONE', *, *, #136, .T. ) ;
#85 = DIRECTION ( 'NONE',  ( 1.000000000000000000, -0.000000000000000000, -0.000000000000000000 ) ) ;
#86 = LINE ( 'NONE', #352, #133 ) ;
#87 = ADVANCED_FACE ( 'NONE', ( #1509 ), #1016, .F. ) ;
#88 = ORIENTED_EDGE ( 'NONE', *, *, #761, .T. ) ;
#89 = CARTESIAN_POINT ( 'NONE',  ( 5.999999999999992895, 37.72999999999999687, 40.00000000000000000 ) ) ;
#90 = AXIS2_PLACEMENT_3D ( 'NONE', #790, #40, #681 ) ;
#91 = EDGE_LOOP ( 'NONE', ( #337, #720, #1259, #311 ) ) ;
#92 =( NAMED_UNIT ( * ) SI_UNIT ( $, .STERADIAN. ) SOLID_ANGLE_UNIT ( ) );
#93 = VERTEX_POINT ( 'NONE', #398 ) ;
#94 = FACE_OUTER_BOUND ( 'NONE', #1570, .T. ) ;
#95 = CARTESIAN_POINT ( 'NONE',  ( 1.999999999999995781, 58.50000000000000000, 5.000000000000002665 ) ) ;
#96 = ADVANCED_FACE ( 'NONE', ( #1391 ), #877, .F. ) ;
#97 = VERTEX_POINT ( 'NONE', #1377 ) ;
#98 = CARTESIAN_POINT ( 'NONE',  ( 59.99999999999997158, 58.50000000000000000, 14.99999999999999112 ) ) ;
#99 = ORIENTED_EDGE ( 'NONE', *, *, #457, .T. ) ;
#100 =( NAMED_UNIT ( * ) PLANE_ANGLE_UNIT ( ) SI_UNIT ( $, .RADIAN. ) );
#101 = CARTESIAN_POINT ( 'NONE',  ( 4.999999999999994671, 58.50000000000000000, 30.00000000000000000 ) ) ;
#102 = FACE_OUTER_BOUND ( 'NONE', #725, .T. ) ;
#103 = VERTEX_POINT ( 'NONE', #275 ) ;
#104 = DIRECTION ( 'NONE',  ( -0.000000000000000000, -0.000000000000000000, -1.000000000000000000 ) ) ;
#105 = EDGE_CURVE ( 'NONE', #202, #1210, #1011, .T. ) ;
#106 = AXIS2_PLACEMENT_3D ( 'NONE', #554, #813, #1311 ) ;
#107 = ORIENTED_EDGE ( 'NONE', *, *, #595, .T. ) ;
#108 = SURFACE_SIDE_STYLE ('',( #964 ) ) ;
#109 = AXIS2_PLACEMENT_3D ( 'NONE', #342, #735, #1105 ) ;
#110 = ORIENTED_EDGE ( 'NONE', *, *, #630, .F. ) ;
#111 = CARTESIAN_POINT ( 'NONE',  ( 4.999999999999998224, 58.50000000000000000, 10.00000000000000000 ) ) ;
#112 = VECTOR ( 'NONE', #933, 1000.000000000000000 ) ;
#113 = VERTEX_POINT ( 'NONE', #756 ) ;
#114 = LINE ( 'NONE', #872, #1616 ) ;
#115 = VECTOR ( 'NONE', #826, 1000.000000000000000 ) ;
#116 = ORIENTED_EDGE ( 'NONE', *, *, #1576, .T. ) ;
#117 = EDGE_CURVE ( 'NONE', #1587, #680, #483, .T. ) ;
#118 = CARTESIAN_POINT ( 'NONE',  ( 56.99999999999996447, 60.75000000000000000, 30.00000000000000000 ) ) ;
#119 = AXIS2_PLACEMENT_3D ( 'NONE', #773, #1029, #409 ) ;
#120 = VERTEX_POINT ( 'NONE', #1132 ) ;
#121 = CARTESIAN_POINT ( 'NONE',  ( 53.00000000000000711, 8.999999999999998224, 0.000000000000000000 ) ) ;
#122 = VERTEX_POINT ( 'NONE', #6 ) ;
#123 = PLANE ( 'NONE',  #774 ) ;
#124 = CARTESIAN_POINT ( 'NONE',  ( 55.99999999999997868, 58.50000000000000000, 30.00000000000000000 ) ) ;
#125 = VERTEX_POINT ( 'NONE', #779 ) ;
#126 = DIRECTION ( 'NONE',  ( 0.000000000000000000, 0.000000000000000000, 1.000000000000000000 ) ) ;
#127 = EDGE_CURVE ( 'NONE', #594, #125, #1164, .T. ) ;
#128 = DIRECTION ( 'NONE',  ( -1.000000000000000000, 0.000000000000000000, 0.000000000000000000 ) ) ;
#129 = LINE ( 'NONE', #641, #1563 ) ;
#130 = DIRECTION ( 'NONE',  ( 0.000000000000000000, 0.000000000000000000, -1.000000000000000000 ) ) ;
#131 = ORIENTED_EDGE ( 'NONE', *, *, #418, .T. ) ;
#132 = CARTESIAN_POINT ( 'NONE',  ( 43.50000000000003553, 4.000000000000000000, 21.69999999999999929 ) ) ;
#133 = VECTOR ( 'NONE', #1117, 1000.000000000000114 ) ;
#134 = AXIS2_PLACEMENT_3D ( 'NONE', #1047, #288, #551 ) ;
#135 = DIRECTION ( 'NONE',  ( -1.000000000000000000, 0.000000000000000000, 0.000000000000000000 ) ) ;
#136 = EDGE_CURVE ( 'NONE', #1432, #736, #190, .T. ) ;
#137 = AXIS2_PLACEMENT_3D ( 'NONE', #1141, #788, #1286 ) ;
#138 = DIRECTION ( 'NONE',  ( 1.000000000000000000, 0.000000000000000000, 0.000000000000000000 ) ) ;
#139 = DIRECTION ( 'NONE',  ( 0.000000000000000000, 0.000000000000000000, 1.000000000000000000 ) ) ;
#140 = ORIENTED_EDGE ( 'NONE', *, *, #783, .T. ) ;
#141 = DIRECTION ( 'NONE',  ( -1.000000000000000000, 0.000000000000000000, 0.000000000000000000 ) ) ;
#142 = CIRCLE ( 'NONE', #1058, 4.999999999999997335 ) ;
#143 = DIRECTION ( 'NONE',  ( -1.000000000000000000, 0.000000000000000000, 0.000000000000000000 ) ) ;
#144 = ORIENTED_EDGE ( 'NONE', *, *, #754, .T. ) ;
#145 = CARTESIAN_POINT ( 'NONE',  ( 5.999999999999992895, 80.00000000000000000, 40.00000000000000000 ) ) ;
#146 = CYLINDRICAL_SURFACE ( 'NONE', #741, 1.699999999999989742 ) ;
#147 = ORIENTED_EDGE ( 'NONE', *, *, #127, .F. ) ;
#148 = PLANE ( 'NONE',  #793 ) ;
#149 = PLANE ( 'NONE',  #266 ) ;
#150 = ORIENTED_EDGE ( 'NONE', *, *, #640, .F. ) ;
#151 = DIRECTION ( 'NONE',  ( -1.000000000000000000, -0.000000000000000000, -0.000000000000000000 ) ) ;
#152 = CARTESIAN_POINT ( 'NONE',  ( 55.99999999999997868, 78.99999999999998579, 0.000000000000000000 ) ) ;
#153 = EDGE_CURVE ( 'NONE', #799, #436, #45, .T. ) ;
#154 = ORIENTED_EDGE ( 'NONE', *, *, #263, .F. ) ;
#155 = LINE ( 'NONE', #166, #1524 ) ;
#156 = EDGE_CURVE ( 'NONE', #1490, #651, #1053, .T. ) ;
#157 = CARTESIAN_POINT ( 'NONE',  ( 4.999999999999992895, 80.00000000000000000, 40.00000000000000000 ) ) ;
#158 = DIRECTION ( 'NONE',  ( -1.000000000000000000, -0.000000000000000000, -0.000000000000000000 ) ) ;
#159 = VECTOR ( 'NONE', #921, 1000.000000000000000 ) ;
#160 = ORIENTED_EDGE ( 'NONE', *, *, #156, .T. ) ;
#161 = DIRECTION ( 'NONE',  ( -1.641564680366035099E-16, -1.000000000000000000, 0.000000000000000000 ) ) ;
#162 = CIRCLE ( 'NONE', #1024, 2.249999999999995115 ) ;
#163 = FACE_BOUND ( 'NONE', #946, .T. ) ;
#164 = ADVANCED_FACE ( 'NONE', ( #1550 ), #422, .F. ) ;
#165 = ORIENTED_EDGE ( 'NONE', *, *, #105, .T. ) ;
#166 = CARTESIAN_POINT ( 'NONE',  ( 59.99999999999997158, 58.50000000000000000, 27.74999999999999645 ) ) ;
#167 = EDGE_CURVE ( 'NONE', #564, #175, #1200, .T. ) ;
#168 = DIRECTION ( 'NONE',  ( -0.000000000000000000, 1.000000000000000000, -0.000000000000000000 ) ) ;
#169 = CARTESIAN_POINT ( 'NONE',  ( 4.999999999999998224, 58.50000000000000000, 30.00000000000000000 ) ) ;
#170 = VECTOR ( 'NONE', #697, 1000.000000000000000 ) ;
#171 = VECTOR ( 'NONE', #1378, 1000.000000000000000 ) ;
#172 = VERTEX_POINT ( 'NONE', #1560 ) ;
#173 = PLANE ( 'NONE',  #90 ) ;
#174 = CARTESIAN_POINT ( 'NONE',  ( 4.000000000000003553, 9.000000000000028422, 40.00000000000000000 ) ) ;
#175 = VERTEX_POINT ( 'NONE', #1305 ) ;
#176 = CARTESIAN_POINT ( 'NONE',  ( 1.999999999999995781, 58.50000000000000000, 12.24999999999999467 ) ) ;
#177 = DIRECTION ( 'NONE',  ( -1.000000000000000000, 0.000000000000000000, 0.000000000000000000 ) ) ;
#178 = ORIENTED_EDGE ( 'NONE', *, *, #1255, .F. ) ;
#179 = CARTESIAN_POINT ( 'NONE',  ( 2.999999999999993339, 79.00000000000000000, 40.00000000000000000 ) ) ;
#180 = DIRECTION ( 'NONE',  ( 0.000000000000000000, 0.000000000000000000, 1.000000000000000000 ) ) ;
#181 = ORIENTED_EDGE ( 'NONE', *, *, #1067, .F. ) ;
#182 = CARTESIAN_POINT ( 'NONE',  ( -1.224646799147352862E-15, 30.51999999999999957, 0.000000000000000000 ) ) ;
#183 = DIRECTION ( 'NONE',  ( 0.000000000000000000, 0.000000000000000000, 1.000000000000000000 ) ) ;
#184 = ADVANCED_FACE ( 'NONE', ( #1192, #37, #432 ), #1319, .F. ) ;
#185 = ORIENTED_EDGE ( 'NONE', *, *, #438, .F. ) ;
#186 = FACE_OUTER_BOUND ( 'NONE', #1427, .T. ) ;
#187 = VECTOR ( 'NONE', #1147, 1000.000000000000000 ) ;
#188 = AXIS2_PLACEMENT_3D ( 'NONE', #1598, #472, #349 ) ;
#189 = LINE ( 'NONE', #1580, #956 ) ;
#190 = CIRCLE ( 'NONE', #1111, 4.999999999999997335 ) ;
#191 = ORIENTED_EDGE ( 'NONE', *, *, #339, .T. ) ;
#192 = LINE ( 'NONE', #693, #1315 ) ;
#193 = CARTESIAN_POINT ( 'NONE',  ( 58.99999999999998579, 79.99999999999998579, 40.00000000000000000 ) ) ;
#194 = CIRCLE ( 'NONE', #1118, 2.250000000000001776 ) ;
#195 = VERTEX_POINT ( 'NONE', #1175 ) ;
#196 = VECTOR ( 'NONE', #1, 1000.000000000000000 ) ;
#197 = LINE ( 'NONE', #80, #1088 ) ;
#198 = FACE_OUTER_BOUND ( 'NONE', #314, .T. ) ;
#199 = ORIENTED_EDGE ( 'NONE', *, *, #300, .F. ) ;
#200 = CARTESIAN_POINT ( 'NONE',  ( 1.999999999999993117, 79.00000000000000000, 0.000000000000000000 ) ) ;
#201 = PRODUCT_DEFINITION_FORMATION_WITH_SPECIFIED_SOURCE ( 'TUTTO', '', #1065, .NOT_KNOWN. ) ;
#202 = VERTEX_POINT ( 'NONE', #52 ) ;
#203 = CARTESIAN_POINT ( 'NONE',  ( 5.999999999999992895, 79.00000000000000000, 40.00000000000000000 ) ) ;
#204 = VERTEX_POINT ( 'NONE', #678 ) ;
#205 = CARTESIAN_POINT ( 'NONE',  ( 55.99999999999997868, 78.99999999999998579, 40.00000000000000000 ) ) ;
#206 = FACE_OUTER_BOUND ( 'NONE', #1413, .T. ) ;
#207 = ORIENTED_EDGE ( 'NONE', *, *, #1252, .T. ) ;
#208 = ADVANCED_FACE ( 'NONE', ( #1073 ), #1035, .F. ) ;
#209 = CARTESIAN_POINT ( 'NONE',  ( 1.999999999999997780, 37.72999999999999687, 0.000000000000000000 ) ) ;
#210 = EDGE_LOOP ( 'NONE', ( #744, #1620 ) ) ;
#211 = CARTESIAN_POINT ( 'NONE',  ( 62.00000000000000000, 30.52000000000000668, 40.00000000000000000 ) ) ;
#212 = EDGE_LOOP ( 'NONE', ( #850, #859, #216, #278 ) ) ;
#213 = CARTESIAN_POINT ( 'NONE',  ( 56.99999999999996447, 58.50000000000000000, 10.00000000000000000 ) ) ;
#214 = CIRCLE ( 'NONE', #478, 8.999999999999994671 ) ;
#215 = VECTOR ( 'NONE', #1266, 1000.000000000000000 ) ;
#216 = ORIENTED_EDGE ( 'NONE', *, *, #385, .F. ) ;
#217 = CARTESIAN_POINT ( 'NONE',  ( 4.000000000000003553, 9.000000000000028422, 40.00000000000000000 ) ) ;
#218 = CLOSED_SHELL ( 'NONE', ( #908, #318, #164, #1126, #917, #710, #939, #649, #863, #1213, #1425, #1471, #208, #1321, #252, #575, #690, #960, #96, #771, #87, #184, #1027, #979, #540, #1617, #582, #1401, #1595, #1161, #572, #76, #35, #309, #1564, #519, #1532, #1511, #341, #1544, #1245, #56, #329, #8, #1586, #1224, #919, #1196, #1626, #900 ) ) ;
#219 = EDGE_CURVE ( 'NONE', #238, #50, #661, .T. ) ;
#220 = CARTESIAN_POINT ( 'NONE',  ( 59.99999999999997158, 58.50000000000000000, 10.00000000000000000 ) ) ;
#221 = CARTESIAN_POINT ( 'NONE',  ( 59.99999999999997868, 37.72999999999999687, 40.00000000000000000 ) ) ;
#222 = VECTOR ( 'NONE', #32, 1000.000000000000114 ) ;
#223 = ORIENTED_EDGE ( 'NONE', *, *, #792, .F. ) ;
#224 = DIRECTION ( 'NONE',  ( 0.000000000000000000, 0.000000000000000000, -1.000000000000000000 ) ) ;
#225 = VERTEX_POINT ( 'NONE', #316 ) ;
#226 = DIRECTION ( 'NONE',  ( 1.000000000000000000, 0.000000000000000000, 0.000000000000000000 ) ) ;
#227 = DIRECTION ( 'NONE',  ( -1.000000000000000000, 0.000000000000000000, 0.000000000000000000 ) ) ;
#228 = CYLINDRICAL_SURFACE ( 'NONE', #724, 1.000000000000000000 ) ;
#229 = ORIENTED_EDGE ( 'NONE', *, *, #1242, .T. ) ;
#230 = FACE_BOUND ( 'NONE', #620, .T. ) ;
#231 = ORIENTED_EDGE ( 'NONE', *, *, #244, .F. ) ;
#232 = DIRECTION ( 'NONE',  ( 1.000000000000000000, 0.000000000000000000, 0.000000000000000000 ) ) ;
#233 = CARTESIAN_POINT ( 'NONE',  ( 18.50000000000003553, 3.999999999999995559, 21.69999999999999574 ) ) ;
#234 = EDGE_LOOP ( 'NONE', ( #1480, #178, #1172, #1545 ) ) ;
#235 = EDGE_CURVE ( 'NONE', #520, #673, #533, .T. ) ;
#236 = DIRECTION ( 'NONE',  ( 1.000000000000000000, -0.000000000000000000, -0.000000000000000000 ) ) ;
#237 = AXIS2_PLACEMENT_3D ( 'NONE', #1254, #1268, #1154 ) ;
#238 = VERTEX_POINT ( 'NONE', #831 ) ;
#239 = DIRECTION ( 'NONE',  ( -1.000000000000000000, 0.000000000000000000, 0.000000000000000000 ) ) ;
#240 = ORIENTED_EDGE ( 'NONE', *, *, #331, .F. ) ;
#241 = CARTESIAN_POINT ( 'NONE',  ( 53.00000000000000711, 8.999999999999998224, 40.00000000000000000 ) ) ;
#242 = ORIENTED_EDGE ( 'NONE', *, *, #219, .F. ) ;
#243 = DIRECTION ( 'NONE',  ( -1.000000000000000000, 0.000000000000000000, 0.000000000000000000 ) ) ;
#244 = EDGE_CURVE ( 'NONE', #1309, #93, #61, .T. ) ;
#245 = LINE ( 'NONE', #775, #1109 ) ;
#246 = VECTOR ( 'NONE', #63, 1000.000000000000000 ) ;
#247 = ORIENTED_EDGE ( 'NONE', *, *, #951, .F. ) ;
#248 = CARTESIAN_POINT ( 'NONE',  ( 62.00000000000000000, 30.52000000000000668, 40.00000000000000000 ) ) ;
#249 = CARTESIAN_POINT ( 'NONE',  ( 2.999999999999993339, 80.00000000000000000, 40.00000000000000000 ) ) ;
#250 = CARTESIAN_POINT ( 'NONE',  ( 59.99999999999997158, 58.50000000000000000, 30.00000000000000000 ) ) ;
#251 = FACE_OUTER_BOUND ( 'NONE', #901, .T. ) ;
#252 = ADVANCED_FACE ( 'NONE', ( #1297 ), #1182, .F. ) ;
#253 = ORIENTED_EDGE ( 'NONE', *, *, #622, .F. ) ;
#254 = CARTESIAN_POINT ( 'NONE',  ( 1.734723475976807094E-15, 8.999999999999998224, 0.000000000000000000 ) ) ;
#255 = EDGE_CURVE ( 'NONE', #1316, #113, #415, .T. ) ;
#256 = DIRECTION ( 'NONE',  ( 0.2672991915451637390, -0.9636135855203068479, 0.000000000000000000 ) ) ;
#257 = EDGE_CURVE ( 'NONE', #776, #485, #1061, .T. ) ;
#258 = DIRECTION ( 'NONE',  ( 0.000000000000000000, 0.000000000000000000, 1.000000000000000000 ) ) ;
#259 = DIRECTION ( 'NONE',  ( 3.224393078023809812E-16, -1.000000000000000000, 0.000000000000000000 ) ) ;
#260 = EDGE_LOOP ( 'NONE', ( #647, #1249, #154, #1521 ) ) ;
#261 = CARTESIAN_POINT ( 'NONE',  ( 1.999999999999993117, 79.00000000000000000, 40.00000000000000000 ) ) ;
#262 = VECTOR ( 'NONE', #308, 1000.000000000000000 ) ;
#263 = EDGE_CURVE ( 'NONE', #1446, #843, #1569, .T. ) ;
#264 = AXIS2_PLACEMENT_3D ( 'NONE', #839, #1591, #605 ) ;
#265 = DIRECTION ( 'NONE',  ( -1.000000000000000000, -0.000000000000000000, -0.000000000000000000 ) ) ;
#266 = AXIS2_PLACEMENT_3D ( 'NONE', #1155, #128, #26 ) ;
#267 = EDGE_LOOP ( 'NONE', ( #742, #704, #585, #107 ) ) ;
#268 = CARTESIAN_POINT ( 'NONE',  ( 59.99999999999997158, 58.50000000000000000, 12.25000000000000178 ) ) ;
#269 = DIRECTION ( 'NONE',  ( -0.000000000000000000, 1.000000000000000000, -0.000000000000000000 ) ) ;
#270 = VECTOR ( 'NONE', #943, 1000.000000000000000 ) ;
#271 = EDGE_LOOP ( 'NONE', ( #412, #925 ) ) ;
#272 = FACE_OUTER_BOUND ( 'NONE', #212, .T. ) ;
#273 = VECTOR ( 'NONE', #376, 1000.000000000000000 ) ;
#274 = DIRECTION ( 'NONE',  ( 0.000000000000000000, 0.000000000000000000, 1.000000000000000000 ) ) ;
#275 = CARTESIAN_POINT ( 'NONE',  ( 55.99999999999997868, 58.50000000000000000, 27.74999999999999645 ) ) ;
#276 = APPLICATION_CONTEXT ( 'automotive_design' ) ;
#277 = EDGE_CURVE ( 'NONE', #113, #93, #526, .T. ) ;
#278 = ORIENTED_EDGE ( 'NONE', *, *, #494, .F. ) ;
#279 = CARTESIAN_POINT ( 'NONE',  ( 9.000000000000063949, 0.000000000000000000, 0.000000000000000000 ) ) ;
#280 = AXIS2_PLACEMENT_3D ( 'NONE', #1165, #837, #671 ) ;
#281 = FACE_BOUND ( 'NONE', #471, .T. ) ;
#282 = ORIENTED_EDGE ( 'NONE', *, *, #823, .T. ) ;
#283 = FACE_OUTER_BOUND ( 'NONE', #234, .T. ) ;
#284 = CARTESIAN_POINT ( 'NONE',  ( 55.99999999999997868, 58.50000000000000000, 10.00000000000000000 ) ) ;
#285 = EDGE_LOOP ( 'NONE', ( #1346, #335, #1492, #767 ) ) ;
#286 = DIRECTION ( 'NONE',  ( -1.000000000000000000, 1.641564680366035099E-16, 0.000000000000000000 ) ) ;
#287 = EDGE_CURVE ( 'NONE', #776, #307, #1451, .T. ) ;
#288 = DIRECTION ( 'NONE',  ( 1.000000000000000000, 0.000000000000000000, -0.000000000000000000 ) ) ;
#289 = EDGE_CURVE ( 'NONE', #552, #1049, #1235, .T. ) ;
#290 = ORIENTED_EDGE ( 'NONE', *, *, #377, .T. ) ;
#291 = CYLINDRICAL_SURFACE ( 'NONE', #1107, 8.999999999999998224 ) ;
#292 =( NAMED_UNIT ( * ) PLANE_ANGLE_UNIT ( ) SI_UNIT ( $, .RADIAN. ) );
#293 = DIRECTION ( 'NONE',  ( 3.224393078023809812E-16, -1.000000000000000000, 0.000000000000000000 ) ) ;
#294 = VECTOR ( 'NONE', #897, 1000.000000000000000 ) ;
#295 = ORIENTED_EDGE ( 'NONE', *, *, #1143, .T. ) ;
#296 = DIRECTION ( 'NONE',  ( 0.000000000000000000, 0.000000000000000000, 1.000000000000000000 ) ) ;
#297 = EDGE_CURVE ( 'NONE', #1283, #204, #427, .T. ) ;
#298 = CARTESIAN_POINT ( 'NONE',  ( 59.99999999999997868, 37.72999999999999687, 40.00000000000000000 ) ) ;
#299 = ORIENTED_EDGE ( 'NONE', *, *, #844, .F. ) ;
#300 = EDGE_CURVE ( 'NONE', #993, #381, #1214, .T. ) ;
#301 = CYLINDRICAL_SURFACE ( 'NONE', #1077, 4.999999999999997335 ) ;
#302 = DIRECTION ( 'NONE',  ( 1.000000000000000000, -0.000000000000000000, -0.000000000000000000 ) ) ;
#303 = AXIS2_PLACEMENT_3D ( 'NONE', #689, #1229, #1436 ) ;
#304 = ORIENTED_EDGE ( 'NONE', *, *, #1143, .F. ) ;
#305 = CARTESIAN_POINT ( 'NONE',  ( 56.99999999999997868, 78.99999999999998579, 40.00000000000000000 ) ) ;
#306 = LINE ( 'NONE', #784, #1479 ) ;
#307 = VERTEX_POINT ( 'NONE', #493 ) ;
#308 = DIRECTION ( 'NONE',  ( 1.000000000000000000, -0.000000000000000000, -0.000000000000000000 ) ) ;
#309 = ADVANCED_FACE ( 'NONE', ( #94 ), #336, .T. ) ;
#310 = DIRECTION ( 'NONE',  ( -0.000000000000000000, -0.000000000000000000, 1.000000000000000000 ) ) ;
#311 = ORIENTED_EDGE ( 'NONE', *, *, #1485, .F. ) ;
#312 = DIRECTION ( 'NONE',  ( 0.000000000000000000, 0.000000000000000000, -1.000000000000000000 ) ) ;
#313 = FACE_OUTER_BOUND ( 'NONE', #1122, .T. ) ;
#314 = EDGE_LOOP ( 'NONE', ( #1506, #574, #986, #207 ) ) ;
#315 = CARTESIAN_POINT ( 'NONE',  ( 1.999999999999997780, 37.72999999999999687, 40.00000000000000000 ) ) ;
#316 = CARTESIAN_POINT ( 'NONE',  ( 5.999999999999992895, 58.50000000000000000, 7.750000000000005329 ) ) ;
#317 = ORIENTED_EDGE ( 'NONE', *, *, #1046, .T. ) ;
#318 = ADVANCED_FACE ( 'NONE', ( #606 ), #1585, .F. ) ;
#319 = DIRECTION ( 'NONE',  ( -1.000000000000000000, -0.000000000000000000, -0.000000000000000000 ) ) ;
#320 = VECTOR ( 'NONE', #1625, 1000.000000000000000 ) ;
#321 = CIRCLE ( 'NONE', #1239, 1.699999999999989742 ) ;
#322 = CARTESIAN_POINT ( 'NONE',  ( 5.999999999999992895, 79.00000000000000000, 0.000000000000000000 ) ) ;
#323 = EDGE_LOOP ( 'NONE', ( #147, #747, #1153, #372 ) ) ;
#324 = CARTESIAN_POINT ( 'NONE',  ( 56.99999999999996447, 58.50000000000000000, 10.00000000000000000 ) ) ;
#325 = ORIENTED_EDGE ( 'NONE', *, *, #1067, .T. ) ;
#326 = CARTESIAN_POINT ( 'NONE',  ( 53.00000000000000711, 8.999999999999998224, 40.00000000000000000 ) ) ;
#327 = ORIENTED_EDGE ( 'NONE', *, *, #300, .T. ) ;
#328 = VECTOR ( 'NONE', #1112, 1000.000000000000000 ) ;
#329 = ADVANCED_FACE ( 'NONE', ( #1608 ), #861, .F. ) ;
#330 = CARTESIAN_POINT ( 'NONE',  ( 55.99999999999997868, 37.72999999999999687, 40.00000000000000000 ) ) ;
#331 = EDGE_CURVE ( 'NONE', #1162, #954, #957, .T. ) ;
#332 = FACE_OUTER_BOUND ( 'NONE', #267, .T. ) ;
#333 = ORIENTED_EDGE ( 'NONE', *, *, #1567, .F. ) ;
#334 = DIRECTION ( 'NONE',  ( 1.000000000000000000, -0.000000000000000000, -0.000000000000000000 ) ) ;
#335 = ORIENTED_EDGE ( 'NONE', *, *, #494, .T. ) ;
#336 = CYLINDRICAL_SURFACE ( 'NONE', #395, 1.000000000000000888 ) ;
#337 = ORIENTED_EDGE ( 'NONE', *, *, #1081, .F. ) ;
#338 = DIRECTION ( 'NONE',  ( 1.000000000000000000, -0.000000000000000000, -0.000000000000000000 ) ) ;
#339 = EDGE_CURVE ( 'NONE', #125, #1116, #1228, .T. ) ;
#340 = ORIENTED_EDGE ( 'NONE', *, *, #1340, .F. ) ;
#341 = ADVANCED_FACE ( 'NONE', ( #854 ), #366, .F. ) ;
#342 = CARTESIAN_POINT ( 'NONE',  ( 43.50000000000003553, 3.999999999999998224, 20.00000000000000711 ) ) ;
#343 = ORIENTED_EDGE ( 'NONE', *, *, #836, .F. ) ;
#344 = CARTESIAN_POINT ( 'NONE',  ( 62.00000000000000000, 30.52000000000000668, 40.00000000000000000 ) ) ;
#345 = VECTOR ( 'NONE', #840, 1000.000000000000000 ) ;
#346 = AXIS2_PLACEMENT_3D ( 'NONE', #1364, #1301, #1186 ) ;
#347 = EDGE_CURVE ( 'NONE', #1124, #1446, #86, .T. ) ;
#348 = VERTEX_POINT ( 'NONE', #599 ) ;
#349 = DIRECTION ( 'NONE',  ( 0.000000000000000000, 0.000000000000000000, 1.000000000000000000 ) ) ;
#350 = EDGE_CURVE ( 'NONE', #598, #1382, #703, .T. ) ;
#351 = VERTEX_POINT ( 'NONE', #980 ) ;
#352 = CARTESIAN_POINT ( 'NONE',  ( 55.99999999999997868, 37.72999999999999687, 40.00000000000000000 ) ) ;
#353 = LINE ( 'NONE', #1099, #958 ) ;
#354 = VERTEX_POINT ( 'NONE', #971 ) ;
#355 = DIRECTION ( 'NONE',  ( 0.000000000000000000, 0.000000000000000000, -1.000000000000000000 ) ) ;
#356 = CIRCLE ( 'NONE', #1197, 2.249999999999995115 ) ;
#357 = ORIENTED_EDGE ( 'NONE', *, *, #1291, .T. ) ;
#358 = DIRECTION ( 'NONE',  ( 1.000000000000000000, 0.000000000000000000, 0.000000000000000000 ) ) ;
#359 = CARTESIAN_POINT ( 'NONE',  ( 4.000000000000003553, 9.000000000000028422, 40.00000000000000000 ) ) ;
#360 = EDGE_CURVE ( 'NONE', #680, #1587, #1473, .T. ) ;
#361 = EDGE_LOOP ( 'NONE', ( #785, #253 ) ) ;
#362 = CARTESIAN_POINT ( 'NONE',  ( 9.000000000000000000, 8.999999999999998224, 0.000000000000000000 ) ) ;
#363 = ORIENTED_EDGE ( 'NONE', *, *, #1431, .T. ) ;
#364 = DIRECTION ( 'NONE',  ( 0.000000000000000000, 0.000000000000000000, 1.000000000000000000 ) ) ;
#365 = ORIENTED_EDGE ( 'NONE', *, *, #347, .T. ) ;
#366 = CYLINDRICAL_SURFACE ( 'NONE', #1339, 4.999999999999997335 ) ;
#367 = ORIENTED_EDGE ( 'NONE', *, *, #823, .F. ) ;
#368 = CARTESIAN_POINT ( 'NONE',  ( 4.999999999999996447, 60.75000000000000000, 10.00000000000000000 ) ) ;
#369 = VECTOR ( 'NONE', #12, 1000.000000000000000 ) ;
#370 = DIRECTION ( 'NONE',  ( 0.000000000000000000, 0.000000000000000000, 1.000000000000000000 ) ) ;
#371 = AXIS2_PLACEMENT_3D ( 'NONE', #1115, #880, #765 ) ;
#372 = ORIENTED_EDGE ( 'NONE', *, *, #339, .F. ) ;
#373 = DIRECTION ( 'NONE',  ( -1.000000000000000000, 0.000000000000000000, 0.000000000000000000 ) ) ;
#374 = AXIS2_PLACEMENT_3D ( 'NONE', #1523, #516, #501 ) ;
#375 = DIRECTION ( 'NONE',  ( 0.000000000000000000, 0.000000000000000000, 1.000000000000000000 ) ) ;
#376 = DIRECTION ( 'NONE',  ( -8.060982695059524530E-17, 1.000000000000000000, 0.000000000000000000 ) ) ;
#377 = EDGE_CURVE ( 'NONE', #1393, #1348, #1090, .T. ) ;
#378 = VECTOR ( 'NONE', #1084, 1000.000000000000000 ) ;
#379 = CARTESIAN_POINT ( 'NONE',  ( 55.99999999999997868, 58.50000000000000000, 7.749999999999998224 ) ) ;
#380 = VECTOR ( 'NONE', #1487, 1000.000000000000000 ) ;
#381 = VERTEX_POINT ( 'NONE', #78 ) ;
#382 = CARTESIAN_POINT ( 'NONE',  ( 1.999999999999997780, 37.72999999999999687, 0.000000000000000000 ) ) ;
#383 = CARTESIAN_POINT ( 'NONE',  ( 18.50000000000003553, 0.000000000000000000, 20.00000000000000711 ) ) ;
#384 = PLANE ( 'NONE',  #1270 ) ;
#385 = EDGE_CURVE ( 'NONE', #799, #202, #449, .T. ) ;
#386 = DIRECTION ( 'NONE',  ( 1.000000000000000000, 0.000000000000000000, -0.000000000000000000 ) ) ;
#387 = ORIENTED_EDGE ( 'NONE', *, *, #1057, .F. ) ;
#388 = DIRECTION ( 'NONE',  ( -0.000000000000000000, -0.000000000000000000, -1.000000000000000000 ) ) ;
#389 = CARTESIAN_POINT ( 'NONE',  ( 9.000000000000003553, 8.999999999999992895, 40.00000000000000000 ) ) ;
#390 = ORIENTED_EDGE ( 'NONE', *, *, #931, .F. ) ;
#391 = DIRECTION ( 'NONE',  ( -0.000000000000000000, -0.000000000000000000, -1.000000000000000000 ) ) ;
#392 = DIRECTION ( 'NONE',  ( 0.000000000000000000, 0.000000000000000000, 1.000000000000000000 ) ) ;
#393 = ORIENTED_EDGE ( 'NONE', *, *, #1036, .T. ) ;
#394 = CARTESIAN_POINT ( 'NONE',  ( 9.000000000000063949, 0.000000000000000000, 40.00000000000000000 ) ) ;
#395 = AXIS2_PLACEMENT_3D ( 'NONE', #712, #1328, #227 ) ;
#396 = EDGE_CURVE ( 'NONE', #673, #348, #1467, .T. ) ;
#397 = AXIS2_PLACEMENT_3D ( 'NONE', #1496, #239, #370 ) ;
#398 = CARTESIAN_POINT ( 'NONE',  ( 4.999999999999998224, 58.50000000000000000, 32.24999999999999289 ) ) ;
#399 = VECTOR ( 'NONE', #310, 1000.000000000000000 ) ;
#400 = ORIENTED_EDGE ( 'NONE', *, *, #1007, .T. ) ;
#401 = CARTESIAN_POINT ( 'NONE',  ( 59.99999999999997868, 37.72999999999999687, 40.00000000000000000 ) ) ;
#402 = FACE_OUTER_BOUND ( 'NONE', #920, .T. ) ;
#403 = AXIS2_PLACEMENT_3D ( 'NONE', #705, #578, #1454 ) ;
#404 = ORIENTED_EDGE ( 'NONE', *, *, #1255, .T. ) ;
#405 = CARTESIAN_POINT ( 'NONE',  ( 62.00000000000000000, 9.000000000000063949, 40.00000000000000000 ) ) ;
#406 = AXIS2_PLACEMENT_3D ( 'NONE', #550, #1552, #426 ) ;
#407 = DIRECTION ( 'NONE',  ( 1.000000000000000000, 0.000000000000000000, -0.000000000000000000 ) ) ;
#408 = ORIENTED_EDGE ( 'NONE', *, *, #723, .F. ) ;
#409 = DIRECTION ( 'NONE',  ( -1.000000000000000000, 0.000000000000000000, 0.000000000000000000 ) ) ;
#410 = AXIS2_PLACEMENT_3D ( 'NONE', #1456, #699, #414 ) ;
#411 = LINE ( 'NONE', #936, #559 ) ;
#412 = ORIENTED_EDGE ( 'NONE', *, *, #1483, .T. ) ;
#413 = FACE_OUTER_BOUND ( 'NONE', #1622, .T. ) ;
#414 = DIRECTION ( 'NONE',  ( -1.000000000000000000, 0.000000000000000000, 0.000000000000000000 ) ) ;
#415 = LINE ( 'NONE', #566, #508 ) ;
#416 = VERTEX_POINT ( 'NONE', #583 ) ;
#417 = CARTESIAN_POINT ( 'NONE',  ( 56.99999999999997868, 79.99999999999998579, 0.000000000000000000 ) ) ;
#418 = EDGE_CURVE ( 'NONE', #238, #651, #1079, .T. ) ;
#419 = DIRECTION ( 'NONE',  ( 1.641564680366035099E-16, 1.000000000000000000, 0.000000000000000000 ) ) ;
#420 = ORIENTED_EDGE ( 'NONE', *, *, #1261, .F. ) ;
#421 = DIRECTION ( 'NONE',  ( -0.000000000000000000, -0.000000000000000000, -1.000000000000000000 ) ) ;
#422 = CYLINDRICAL_SURFACE ( 'NONE', #825, 4.999999999999990230 ) ;
#423 = VECTOR ( 'NONE', #1619, 1000.000000000000000 ) ;
#424 = AXIS2_PLACEMENT_3D ( 'NONE', #1349, #1138, #17 ) ;
#425 = ORIENTED_EDGE ( 'NONE', *, *, #988, .T. ) ;
#426 = DIRECTION ( 'NONE',  ( 0.000000000000000000, 0.000000000000000000, -1.000000000000000000 ) ) ;
#427 = CIRCLE ( 'NONE', #1345, 2.249999999999995115 ) ;
#428 = PLANE ( 'NONE',  #975 ) ;
#429 = EDGE_CURVE ( 'NONE', #996, #1162, #1333, .T. ) ;
#430 = ORIENTED_EDGE ( 'NONE', *, *, #1390, .T. ) ;
#431 = CARTESIAN_POINT ( 'NONE',  ( 57.99999999999999289, 30.52000000000000668, 40.00000000000000000 ) ) ;
#432 = FACE_OUTER_BOUND ( 'NONE', #1465, .T. ) ;
#433 = ORIENTED_EDGE ( 'NONE', *, *, #1502, .T. ) ;
#434 = CARTESIAN_POINT ( 'NONE',  ( 4.999999999999996447, 60.75000000000000000, 30.00000000000000000 ) ) ;
#435 = CARTESIAN_POINT ( 'NONE',  ( 52.99999999999996447, 3.999999999999999112, 40.00000000000000000 ) ) ;
#436 = VERTEX_POINT ( 'NONE', #382 ) ;
#437 = DIRECTION ( 'NONE',  ( 1.000000000000000000, 0.000000000000000000, 0.000000000000000000 ) ) ;
#438 = EDGE_CURVE ( 'NONE', #1223, #736, #1010, .T. ) ;
#439 = CARTESIAN_POINT ( 'NONE',  ( 4.000000000000001776, 30.51999999999999957, 40.00000000000000000 ) ) ;
#440 = ORIENTED_EDGE ( 'NONE', *, *, #698, .T. ) ;
#441 = DIRECTION ( 'NONE',  ( 1.000000000000000000, 0.000000000000000000, 0.000000000000000000 ) ) ;
#442 = DIRECTION ( 'NONE',  ( -0.000000000000000000, -0.000000000000000000, -1.000000000000000000 ) ) ;
#443 = CYLINDRICAL_SURFACE ( 'NONE', #280, 4.999999999999990230 ) ;
#444 = VERTEX_POINT ( 'NONE', #254 ) ;
#445 = DIRECTION ( 'NONE',  ( 0.000000000000000000, 0.000000000000000000, -1.000000000000000000 ) ) ;
#446 = ORIENTED_EDGE ( 'NONE', *, *, #1576, .F. ) ;
#447 = DIRECTION ( 'NONE',  ( 0.000000000000000000, 0.000000000000000000, 1.000000000000000000 ) ) ;
#448 = EDGE_CURVE ( 'NONE', #542, #348, #214, .T. ) ;
#449 = CIRCLE ( 'NONE', #503, 1.000000000000000000 ) ;
#450 = EDGE_LOOP ( 'NONE', ( #1156, #1272 ) ) ;
#451 = CIRCLE ( 'NONE', #949, 2.250000000000001776 ) ;
#452 = LINE ( 'NONE', #344, #1169 ) ;
#453 = AXIS2_PLACEMENT_3D ( 'NONE', #685, #177, #1578 ) ;
#454 = ORIENTED_EDGE ( 'NONE', *, *, #1092, .F. ) ;
#455 = DIRECTION ( 'NONE',  ( 1.000000000000000000, -0.000000000000000000, -0.000000000000000000 ) ) ;
#456 = CARTESIAN_POINT ( 'NONE',  ( 59.99999999999998579, 79.99999999999998579, 40.00000000000000000 ) ) ;
#457 = EDGE_CURVE ( 'NONE', #549, #534, #777, .T. ) ;
#458 = EDGE_LOOP ( 'NONE', ( #408, #869, #688, #390 ) ) ;
#459 = CIRCLE ( 'NONE', #1324, 2.249999999999995115 ) ;
#460 = EDGE_CURVE ( 'NONE', #1382, #1243, #945, .T. ) ;
#461 = DIRECTION ( 'NONE',  ( -0.000000000000000000, 1.000000000000000000, -0.000000000000000000 ) ) ;
#462 = CARTESIAN_POINT ( 'NONE',  ( 0.000000000000000000, 0.000000000000000000, 0.000000000000000000 ) ) ;
#463 = ORIENTED_EDGE ( 'NONE', *, *, #561, .T. ) ;
#464 = CARTESIAN_POINT ( 'NONE',  ( 5.999999999999992895, 58.50000000000000000, 12.24999999999999467 ) ) ;
#465 = ORIENTED_EDGE ( 'NONE', *, *, #244, .T. ) ;
#466 = DIRECTION ( 'NONE',  ( -0.000000000000000000, -0.000000000000000000, -1.000000000000000000 ) ) ;
#467 = ORIENTED_EDGE ( 'NONE', *, *, #610, .T. ) ;
#468 = EDGE_CURVE ( 'NONE', #635, #714, #1237, .T. ) ;
#469 = CARTESIAN_POINT ( 'NONE',  ( 55.99999999999997868, 58.50000000000000000, 32.25000000000000000 ) ) ;
#470 = EDGE_CURVE ( 'NONE', #915, #79, #636, .T. ) ;
#471 = EDGE_LOOP ( 'NONE', ( #811, #1026 ) ) ;
#472 = DIRECTION ( 'NONE',  ( 0.000000000000000000, 1.000000000000000000, 0.000000000000000000 ) ) ;
#473 = ORIENTED_EDGE ( 'NONE', *, *, #470, .F. ) ;
#474 = DIRECTION ( 'NONE',  ( 0.000000000000000000, 0.000000000000000000, 1.000000000000000000 ) ) ;
#475 = CYLINDRICAL_SURFACE ( 'NONE', #1005, 2.249999999999995115 ) ;
#476 = VERTEX_POINT ( 'NONE', #645 ) ;
#477 = FACE_OUTER_BOUND ( 'NONE', #1028, .T. ) ;
#478 = AXIS2_PLACEMENT_3D ( 'NONE', #121, #629, #745 ) ;
#479 = STYLED_ITEM ( 'NONE', ( #728 ), #806 ) ;
#480 = ORIENTED_EDGE ( 'NONE', *, *, #1520, .T. ) ;
#481 = CARTESIAN_POINT ( 'NONE',  ( 53.00000000000000711, 8.999999999999998224, 40.00000000000000000 ) ) ;
#482 = AXIS2_PLACEMENT_3D ( 'NONE', #1151, #791, #525 ) ;
#483 = CIRCLE ( 'NONE', #716, 4.999999999999997335 ) ;
#484 = CARTESIAN_POINT ( 'NONE',  ( 1.999999999999995781, 58.50000000000000000, 30.00000000000000000 ) ) ;
#485 = VERTEX_POINT ( 'NONE', #1131 ) ;
#486 = VECTOR ( 'NONE', #1444, 1000.000000000000000 ) ;
#487 = CARTESIAN_POINT ( 'NONE',  ( 9.000000000000003553, 8.999999999999992895, 0.000000000000000000 ) ) ;
#488 = CIRCLE ( 'NONE', #406, 4.999999999999990230 ) ;
#489 = VERTEX_POINT ( 'NONE', #4 ) ;
#490 = FACE_OUTER_BOUND ( 'NONE', #1246, .T. ) ;
#491 = EDGE_CURVE ( 'NONE', #1054, #827, #1260, .T. ) ;
#492 = ORIENTED_EDGE ( 'NONE', *, *, #1567, .T. ) ;
#493 = CARTESIAN_POINT ( 'NONE',  ( 5.999999999999992895, 37.72999999999999687, 40.00000000000000000 ) ) ;
#494 = EDGE_CURVE ( 'NONE', #70, #799, #1399, .T. ) ;
#495 = ORIENTED_EDGE ( 'NONE', *, *, #670, .F. ) ;
#496 = DIRECTION ( 'NONE',  ( -0.000000000000000000, -0.000000000000000000, -1.000000000000000000 ) ) ;
#497 = ORIENTED_EDGE ( 'NONE', *, *, #1114, .T. ) ;
#498 = CARTESIAN_POINT ( 'NONE',  ( 43.50000000000003553, 4.000000000000000000, 20.00000000000000711 ) ) ;
#499 = ORIENTED_EDGE ( 'NONE', *, *, #1462, .T. ) ;
#500 = CARTESIAN_POINT ( 'NONE',  ( 1.999999999999995781, 58.50000000000000000, 14.99999999999999822 ) ) ;
#501 = DIRECTION ( 'NONE',  ( -0.2672991915451604639, -0.9636135855203077361, 0.000000000000000000 ) ) ;
#502 = DIRECTION ( 'NONE',  ( -0.000000000000000000, -0.000000000000000000, -1.000000000000000000 ) ) ;
#503 = AXIS2_PLACEMENT_3D ( 'NONE', #1474, #466, #987 ) ;
#504 = FACE_OUTER_BOUND ( 'NONE', #323, .T. ) ;
#505 = CIRCLE ( 'NONE', #586, 4.999999999999997335 ) ;
#506 = VERTEX_POINT ( 'NONE', #1374 ) ;
#507 = DIRECTION ( 'NONE',  ( 1.000000000000000000, -0.000000000000000000, -0.000000000000000000 ) ) ;
#508 = VECTOR ( 'NONE', #158, 1000.000000000000000 ) ;
#509 = CARTESIAN_POINT ( 'NONE',  ( 58.99999999999998579, 79.99999999999998579, 0.000000000000000000 ) ) ;
#510 = EDGE_CURVE ( 'NONE', #1243, #1540, #1002, .T. ) ;
#511 = CARTESIAN_POINT ( 'NONE',  ( -1.224646799147352862E-15, 30.51999999999999957, 40.00000000000000000 ) ) ;
#512 = CIRCLE ( 'NONE', #1350, 4.999999999999999112 ) ;
#513 = DIRECTION ( 'NONE',  ( 0.000000000000000000, 0.000000000000000000, 1.000000000000000000 ) ) ;
#514 = ORIENTED_EDGE ( 'NONE', *, *, #448, .F. ) ;
#515 = LINE ( 'NONE', #883, #713 ) ;
#516 = DIRECTION ( 'NONE',  ( -0.9636135855203078471, 0.2672991915451605194, 0.000000000000000000 ) ) ;
#517 = CARTESIAN_POINT ( 'NONE',  ( 4.999999999999998224, 58.50000000000000000, 7.750000000000005329 ) ) ;
#518 = LINE ( 'NONE', #1251, #1318 ) ;
#519 = ADVANCED_FACE ( 'NONE', ( #272 ), #19, .T. ) ;
#520 = VERTEX_POINT ( 'NONE', #1516 ) ;
#521 = DIRECTION ( 'NONE',  ( 0.9636135855203076250, -0.2672991915451614631, 0.000000000000000000 ) ) ;
#522 = DIRECTION ( 'NONE',  ( 1.000000000000000000, 0.000000000000000000, -0.000000000000000000 ) ) ;
#523 = EDGE_LOOP ( 'NONE', ( #387, #1614, #597, #1093, #304, #514, #1361, #340, #853, #667, #589, #1561, #454, #3, #865, #1457, #420, #1312, #181, #110, #343, #815, #1063, #1267 ) ) ;
#524 = CARTESIAN_POINT ( 'NONE',  ( 1.999999999999995781, 58.50000000000000000, 10.00000000000000000 ) ) ;
#525 = DIRECTION ( 'NONE',  ( 0.000000000000000000, 0.000000000000000000, 1.000000000000000000 ) ) ;
#526 = CIRCLE ( 'NONE', #1422, 2.249999999999995115 ) ;
#527 = EDGE_CURVE ( 'NONE', #808, #598, #515, .T. ) ;
#528 = ORIENTED_EDGE ( 'NONE', *, *, #1514, .F. ) ;
#529 = FACE_OUTER_BOUND ( 'NONE', #891, .T. ) ;
#530 = CYLINDRICAL_SURFACE ( 'NONE', #410, 8.999999999999994671 ) ;
#531 = CIRCLE ( 'NONE', #1582, 4.999999999999990230 ) ;
#532 = LINE ( 'NONE', #762, #923 ) ;
#533 = CIRCLE ( 'NONE', #1450, 8.999999999999994671 ) ;
#534 = VERTEX_POINT ( 'NONE', #132 ) ;
#535 = DIRECTION ( 'NONE',  ( 1.000000000000000000, 0.000000000000000000, 0.000000000000000000 ) ) ;
#536 = PLANE ( 'NONE',  #1290 ) ;
#537 = ORIENTED_EDGE ( 'NONE', *, *, #1604, .T. ) ;
#538 = CARTESIAN_POINT ( 'NONE',  ( 56.99999999999996447, 58.50000000000000000, 25.00000000000000711 ) ) ;
#539 = VECTOR ( 'NONE', #1601, 1000.000000000000000 ) ;
#540 = ADVANCED_FACE ( 'NONE', ( #868 ), #148, .F. ) ;
#541 = DIRECTION ( 'NONE',  ( 0.000000000000000000, 0.000000000000000000, -1.000000000000000000 ) ) ;
#542 = VERTEX_POINT ( 'NONE', #1247 ) ;
#543 = LINE ( 'NONE', #926, #750 ) ;
#544 = LINE ( 'NONE', #928, #222 ) ;
#545 = ORIENTED_EDGE ( 'NONE', *, *, #1340, .T. ) ;
#546 = CARTESIAN_POINT ( 'NONE',  ( 1.999999999999995781, 58.50000000000000000, 10.00000000000000000 ) ) ;
#547 = DIRECTION ( 'NONE',  ( 0.000000000000000000, 0.000000000000000000, 1.000000000000000000 ) ) ;
#548 = EDGE_CURVE ( 'NONE', #1054, #1490, #1263, .T. ) ;
#549 = VERTEX_POINT ( 'NONE', #768 ) ;
#550 = CARTESIAN_POINT ( 'NONE',  ( 56.99999999999996447, 58.50000000000000000, 10.00000000000000000 ) ) ;
#551 = DIRECTION ( 'NONE',  ( 0.000000000000000000, 0.000000000000000000, -1.000000000000000000 ) ) ;
#552 = VERTEX_POINT ( 'NONE', #248 ) ;
#553 = CARTESIAN_POINT ( 'NONE',  ( 59.99999999999997158, 58.50000000000000000, 10.00000000000000000 ) ) ;
#554 = CARTESIAN_POINT ( 'NONE',  ( 55.99999999999997868, 37.72999999999999687, 40.00000000000000000 ) ) ;
#555 = CIRCLE ( 'NONE', #764, 1.000000000000000888 ) ;
#556 = VECTOR ( 'NONE', #562, 1000.000000000000000 ) ;
#557 = ORIENTED_EDGE ( 'NONE', *, *, #1380, .T. ) ;
#558 = LINE ( 'NONE', #279, #1482 ) ;
#559 = VECTOR ( 'NONE', #419, 1000.000000000000000 ) ;
#560 = AXIS2_PLACEMENT_3D ( 'NONE', #389, #631, #1400 ) ;
#561 = EDGE_CURVE ( 'NONE', #993, #549, #1289, .T. ) ;
#562 = DIRECTION ( 'NONE',  ( -8.060982695059524530E-17, 1.000000000000000000, 0.000000000000000000 ) ) ;
#563 = APPLICATION_CONTEXT ( 'automotive_design' ) ;
#564 = VERTEX_POINT ( 'NONE', #25 ) ;
#565 = DIRECTION ( 'NONE',  ( 0.000000000000000000, 0.000000000000000000, -1.000000000000000000 ) ) ;
#566 = CARTESIAN_POINT ( 'NONE',  ( 1.999999999999995781, 58.50000000000000000, 27.75000000000000355 ) ) ;
#567 = AXIS2_PLACEMENT_3D ( 'NONE', #179, #1150, #1538 ) ;
#568 = ORIENTED_EDGE ( 'NONE', *, *, #287, .T. ) ;
#569 = CARTESIAN_POINT ( 'NONE',  ( 9.000000000000063949, 0.000000000000000000, 0.000000000000000000 ) ) ;
#570 = FACE_OUTER_BOUND ( 'NONE', #1592, .T. ) ;
#571 = ORIENTED_EDGE ( 'NONE', *, *, #1281, .T. ) ;
#572 = ADVANCED_FACE ( 'NONE', ( #529 ), #1366, .T. ) ;
#573 = CARTESIAN_POINT ( 'NONE',  ( 59.99999999999997158, 58.50000000000000000, 25.00000000000000711 ) ) ;
#574 = ORIENTED_EDGE ( 'NONE', *, *, #396, .F. ) ;
#575 = ADVANCED_FACE ( 'NONE', ( #795 ), #1558, .F. ) ;
#576 = DIRECTION ( 'NONE',  ( -1.000000000000000000, -0.000000000000000000, -0.000000000000000000 ) ) ;
#577 = ORIENTED_EDGE ( 'NONE', *, *, #761, .F. ) ;
#578 = DIRECTION ( 'NONE',  ( -1.000000000000000000, -0.000000000000000000, -0.000000000000000000 ) ) ;
#579 = DIRECTION ( 'NONE',  ( -1.000000000000000000, 0.000000000000000000, 0.000000000000000000 ) ) ;
#580 = ORIENTED_EDGE ( 'NONE', *, *, #1174, .F. ) ;
#581 = SURFACE_STYLE_USAGE ( .BOTH. , #108 ) ;
#582 = ADVANCED_FACE ( 'NONE', ( #1310 ), #291, .T. ) ;
#583 = CARTESIAN_POINT ( 'NONE',  ( 58.00000000000000000, 8.999999999999998224, 0.000000000000000000 ) ) ;
#584 = AXIS2_PLACEMENT_3D ( 'NONE', #220, #616, #591 ) ;
#585 = ORIENTED_EDGE ( 'NONE', *, *, #931, .T. ) ;
#586 = AXIS2_PLACEMENT_3D ( 'NONE', #481, #851, #358 ) ;
#587 = FACE_OUTER_BOUND ( 'NONE', #1416, .T. ) ;
#588 = APPLICATION_PROTOCOL_DEFINITION ( 'draft international standard', 'automotive_design', 1998, #276 ) ;
#589 = ORIENTED_EDGE ( 'NONE', *, *, #153, .F. ) ;
#590 = DIRECTION ( 'NONE',  ( 0.000000000000000000, 0.000000000000000000, -1.000000000000000000 ) ) ;
#591 = DIRECTION ( 'NONE',  ( 0.000000000000000000, 0.000000000000000000, -1.000000000000000000 ) ) ;
#592 = EDGE_CURVE ( 'NONE', #1406, #238, #555, .T. ) ;
#593 = AXIS2_PLACEMENT_3D ( 'NONE', #401, #286, #161 ) ;
#594 = VERTEX_POINT ( 'NONE', #932 ) ;
#595 = EDGE_CURVE ( 'NONE', #714, #635, #1581, .T. ) ;
#596 = CYLINDRICAL_SURFACE ( 'NONE', #1508, 2.249999999999995115 ) ;
#597 = ORIENTED_EDGE ( 'NONE', *, *, #1046, .F. ) ;
#598 = VERTEX_POINT ( 'NONE', #51 ) ;
#599 = CARTESIAN_POINT ( 'NONE',  ( 62.00000000000000000, 9.000000000000063949, 0.000000000000000000 ) ) ;
#600 = FACE_BOUND ( 'NONE', #1220, .T. ) ;
#601 = ORIENTED_EDGE ( 'NONE', *, *, #968, .F. ) ;
#602 = EDGE_CURVE ( 'NONE', #1086, #1624, #812, .T. ) ;
#603 = LINE ( 'NONE', #961, #378 ) ;
#604 = ORIENTED_EDGE ( 'NONE', *, *, #66, .F. ) ;
#605 = DIRECTION ( 'NONE',  ( 0.000000000000000000, 0.000000000000000000, -1.000000000000000000 ) ) ;
#606 = FACE_OUTER_BOUND ( 'NONE', #1198, .T. ) ;
#607 = DIRECTION ( 'NONE',  ( -0.000000000000000000, -0.000000000000000000, -1.000000000000000000 ) ) ;
#608 = ORIENTED_EDGE ( 'NONE', *, *, #1452, .T. ) ;
#609 = CARTESIAN_POINT ( 'NONE',  ( 4.999999999999994671, 58.50000000000000000, 14.99999999999999822 ) ) ;
#610 = EDGE_CURVE ( 'NONE', #808, #436, #1568, .T. ) ;
#611 = MECHANICAL_DESIGN_GEOMETRIC_PRESENTATION_REPRESENTATION (  '', ( #479 ), #1215 ) ;
#612 = ORIENTED_EDGE ( 'NONE', *, *, #792, .T. ) ;
#613 =( LENGTH_UNIT ( ) NAMED_UNIT ( * ) SI_UNIT ( .MILLI., .METRE. ) );
#614 = EDGE_CURVE ( 'NONE', #1149, #444, #1303, .T. ) ;
#615 = ORIENTED_EDGE ( 'NONE', *, *, #602, .T. ) ;
#616 = DIRECTION ( 'NONE',  ( 1.000000000000000000, -0.000000000000000000, -0.000000000000000000 ) ) ;
#617 = ORIENTED_EDGE ( 'NONE', *, *, #1133, .T. ) ;
#618 = CARTESIAN_POINT ( 'NONE',  ( 5.999999999999992895, 58.50000000000000000, 30.00000000000000000 ) ) ;
#619 = CIRCLE ( 'NONE', #1402, 1.000000000000000000 ) ;
#620 = EDGE_LOOP ( 'NONE', ( #140, #1329 ) ) ;
#621 = CARTESIAN_POINT ( 'NONE',  ( 55.99999999999997868, 37.72999999999999687, 0.000000000000000000 ) ) ;
#622 = EDGE_CURVE ( 'NONE', #175, #655, #686, .T. ) ;
#623 = VERTEX_POINT ( 'NONE', #538 ) ;
#624 = CARTESIAN_POINT ( 'NONE',  ( 56.99999999999997868, 78.99999999999998579, 0.000000000000000000 ) ) ;
#625 = FACE_OUTER_BOUND ( 'NONE', #523, .T. ) ;
#626 = DIRECTION ( 'NONE',  ( 0.000000000000000000, 0.000000000000000000, 1.000000000000000000 ) ) ;
#627 = DIRECTION ( 'NONE',  ( 0.000000000000000000, 0.000000000000000000, 1.000000000000000000 ) ) ;
#628 = ORIENTED_EDGE ( 'NONE', *, *, #602, .F. ) ;
#629 = DIRECTION ( 'NONE',  ( 0.000000000000000000, 0.000000000000000000, 1.000000000000000000 ) ) ;
#630 = EDGE_CURVE ( 'NONE', #416, #120, #893, .T. ) ;
#631 = DIRECTION ( 'NONE',  ( -0.000000000000000000, -0.000000000000000000, -1.000000000000000000 ) ) ;
#632 = LINE ( 'NONE', #998, #380 ) ;
#633 = AXIS2_PLACEMENT_3D ( 'NONE', #241, #126, #1050 ) ;
#634 = FACE_OUTER_BOUND ( 'NONE', #458, .T. ) ;
#635 = VERTEX_POINT ( 'NONE', #1060 ) ;
#636 = LINE ( 'NONE', #1015, #1367 ) ;
#637 = VECTOR ( 'NONE', #1342, 1000.000000000000000 ) ;
#638 = CYLINDRICAL_SURFACE ( 'NONE', #137, 4.999999999999997335 ) ;
#639 = CIRCLE ( 'NONE', #1559, 2.250000000000001776 ) ;
#640 = EDGE_CURVE ( 'NONE', #1382, #444, #192, .T. ) ;
#641 = CARTESIAN_POINT ( 'NONE',  ( 59.99999999999997158, 58.50000000000000000, 25.00000000000000711 ) ) ;
#642 = AXIS2_PLACEMENT_3D ( 'NONE', #362, #626, #1503 ) ;
#643 = LINE ( 'NONE', #1615, #1343 ) ;
#644 = ORIENTED_EDGE ( 'NONE', *, *, #16, .T. ) ;
#645 = CARTESIAN_POINT ( 'NONE',  ( 52.99999999999996447, 3.999999999999999112, 40.00000000000000000 ) ) ;
#646 = CYLINDRICAL_SURFACE ( 'NONE', #1019, 1.000000000000000888 ) ;
#647 = ORIENTED_EDGE ( 'NONE', *, *, #836, .T. ) ;
#648 = CARTESIAN_POINT ( 'NONE',  ( 4.999999999999998224, 58.50000000000000000, 10.00000000000000000 ) ) ;
#649 = ADVANCED_FACE ( 'NONE', ( #1181 ), #43, .F. ) ;
#650 = DIRECTION ( 'NONE',  ( -0.000000000000000000, 1.000000000000000000, -0.000000000000000000 ) ) ;
#651 = VERTEX_POINT ( 'NONE', #1424 ) ;
#652 = CARTESIAN_POINT ( 'NONE',  ( 1.999999999999997780, 37.72999999999999687, 40.00000000000000000 ) ) ;
#653 = SHAPE_DEFINITION_REPRESENTATION ( #820, #706 ) ;
#654 = ORIENTED_EDGE ( 'NONE', *, *, #66, .T. ) ;
#655 = VERTEX_POINT ( 'NONE', #573 ) ;
#656 = CARTESIAN_POINT ( 'NONE',  ( 57.99999999999999289, 30.52000000000000668, 40.00000000000000000 ) ) ;
#657 = LINE ( 'NONE', #1160, #666 ) ;
#658 = ORIENTED_EDGE ( 'NONE', *, *, #1007, .F. ) ;
#659 = DIRECTION ( 'NONE',  ( -1.000000000000000000, 0.000000000000000000, 0.000000000000000000 ) ) ;
#660 = AXIS2_PLACEMENT_3D ( 'NONE', #1129, #2, #1000 ) ;
#661 = LINE ( 'NONE', #193, #798 ) ;
#662 = VECTOR ( 'NONE', #1543, 1000.000000000000000 ) ;
#663 = VERTEX_POINT ( 'NONE', #1070 ) ;
#664 = CARTESIAN_POINT ( 'NONE',  ( 4.000000000000003553, 9.000000000000028422, 40.00000000000000000 ) ) ;
#665 = FACE_BOUND ( 'NONE', #1583, .T. ) ;
#666 = VECTOR ( 'NONE', #952, 1000.000000000000000 ) ;
#667 = ORIENTED_EDGE ( 'NONE', *, *, #803, .F. ) ;
#668 = CARTESIAN_POINT ( 'NONE',  ( 9.000000000000000000, 8.999999999999998224, 40.00000000000000000 ) ) ;
#669 = CIRCLE ( 'NONE', #303, 1.699999999999989742 ) ;
#670 = EDGE_CURVE ( 'NONE', #103, #53, #155, .T. ) ;
#671 = DIRECTION ( 'NONE',  ( 0.000000000000000000, 0.000000000000000000, -1.000000000000000000 ) ) ;
#672 = DIRECTION ( 'NONE',  ( 0.000000000000000000, -0.000000000000000000, -1.000000000000000000 ) ) ;
#673 = VERTEX_POINT ( 'NONE', #405 ) ;
#674 = CARTESIAN_POINT ( 'NONE',  ( 1.999999999999995781, 58.50000000000000000, 5.000000000000002665 ) ) ;
#675 = FACE_OUTER_BOUND ( 'NONE', #285, .T. ) ;
#676 = ORIENTED_EDGE ( 'NONE', *, *, #1520, .F. ) ;
#677 = DIRECTION ( 'NONE',  ( -0.000000000000000000, -0.000000000000000000, -1.000000000000000000 ) ) ;
#678 = CARTESIAN_POINT ( 'NONE',  ( 4.999999999999998224, 58.50000000000000000, 12.24999999999999467 ) ) ;
#679 = EDGE_CURVE ( 'NONE', #1120, #1054, #1549, .T. ) ;
#680 = VERTEX_POINT ( 'NONE', #1407 ) ;
#681 = DIRECTION ( 'NONE',  ( 0.2672991915451645717, -0.9636135855203066258, 0.000000000000000000 ) ) ;
#682 = LINE ( 'NONE', #904, #57 ) ;
#683 = ORIENTED_EDGE ( 'NONE', *, *, #887, .T. ) ;
#684 = DIRECTION ( 'NONE',  ( 6.880122210820919237E-17, -1.000000000000000000, 0.000000000000000000 ) ) ;
#685 = CARTESIAN_POINT ( 'NONE',  ( 5.999999999999992895, 37.72999999999999687, 40.00000000000000000 ) ) ;
#686 = CIRCLE ( 'NONE', #1607, 4.999999999999990230 ) ;
#687 = AXIS2_PLACEMENT_3D ( 'NONE', #324, #85, #590 ) ;
#688 = ORIENTED_EDGE ( 'NONE', *, *, #468, .T. ) ;
#689 = CARTESIAN_POINT ( 'NONE',  ( 18.50000000000003553, 3.999999999999997335, 20.00000000000000711 ) ) ;
#690 = ADVANCED_FACE ( 'NONE', ( #283 ), #301, .F. ) ;
#691 = CARTESIAN_POINT ( 'NONE',  ( 59.99999999999997158, 58.50000000000000000, 30.00000000000000000 ) ) ;
#692 = ORIENTED_EDGE ( 'NONE', *, *, #418, .F. ) ;
#693 = CARTESIAN_POINT ( 'NONE',  ( 1.734723475976807094E-15, 8.999999999999998224, 40.00000000000000000 ) ) ;
#694 = CARTESIAN_POINT ( 'NONE',  ( 56.99999999999997868, 79.99999999999998579, 40.00000000000000000 ) ) ;
#695 = CIRCLE ( 'NONE', #903, 1.000000000000000888 ) ;
#696 = ORIENTED_EDGE ( 'NONE', *, *, #698, .F. ) ;
#697 = DIRECTION ( 'NONE',  ( 0.000000000000000000, 1.000000000000000000, 0.000000000000000000 ) ) ;
#698 = EDGE_CURVE ( 'NONE', #753, #204, #1163, .T. ) ;
#699 = DIRECTION ( 'NONE',  ( -0.000000000000000000, -0.000000000000000000, -1.000000000000000000 ) ) ;
#700 = EDGE_LOOP ( 'NONE', ( #1597, #425 ) ) ;
#701 = DIRECTION ( 'NONE',  ( 0.000000000000000000, 0.000000000000000000, -1.000000000000000000 ) ) ;
#702 = ORIENTED_EDGE ( 'NONE', *, *, #1485, .T. ) ;
#703 = LINE ( 'NONE', #1098, #1020 ) ;
#704 = ORIENTED_EDGE ( 'NONE', *, *, #1483, .F. ) ;
#705 = CARTESIAN_POINT ( 'NONE',  ( 1.999999999999995781, 58.50000000000000000, 30.00000000000000000 ) ) ;
#706 = ADVANCED_BREP_SHAPE_REPRESENTATION ( 'ELP-0057', ( #806, #1062 ), #1512 ) ;
#707 = FACE_OUTER_BOUND ( 'NONE', #1577, .T. ) ;
#708 = ORIENTED_EDGE ( 'NONE', *, *, #1464, .T. ) ;
#709 = CARTESIAN_POINT ( 'NONE',  ( 59.99999999999997158, 58.50000000000000000, 30.00000000000000000 ) ) ;
#710 = ADVANCED_FACE ( 'NONE', ( #413 ), #1481, .F. ) ;
#711 = EDGE_LOOP ( 'NONE', ( #393, #333, #984, #497 ) ) ;
#712 = CARTESIAN_POINT ( 'NONE',  ( 56.99999999999997868, 78.99999999999998579, 40.00000000000000000 ) ) ;
#713 = VECTOR ( 'NONE', #1023, 1000.000000000000227 ) ;
#714 = VERTEX_POINT ( 'NONE', #1211 ) ;
#715 = CIRCLE ( 'NONE', #999, 1.000000000000000000 ) ;
#716 = AXIS2_PLACEMENT_3D ( 'NONE', #1003, #265, #1256 ) ;
#717 = DIRECTION ( 'NONE',  ( 1.000000000000000000, -0.000000000000000000, -0.000000000000000000 ) ) ;
#718 = ORIENTED_EDGE ( 'NONE', *, *, #1441, .T. ) ;
#719 = DIRECTION ( 'NONE',  ( 8.060982695059524530E-17, -1.000000000000000000, 0.000000000000000000 ) ) ;
#720 = ORIENTED_EDGE ( 'NONE', *, *, #679, .T. ) ;
#721 = DIRECTION ( 'NONE',  ( -0.2672991915451645717, 0.9636135855203066258, 0.000000000000000000 ) ) ;
#722 = DIRECTION ( 'NONE',  ( -0.000000000000000000, -0.000000000000000000, -1.000000000000000000 ) ) ;
#723 = EDGE_CURVE ( 'NONE', #991, #489, #822, .T. ) ;
#724 = AXIS2_PLACEMENT_3D ( 'NONE', #855, #1571, #1352 ) ;
#725 = EDGE_LOOP ( 'NONE', ( #862, #1041 ) ) ;
#726 = DIRECTION ( 'NONE',  ( 0.000000000000000000, 0.000000000000000000, -1.000000000000000000 ) ) ;
#727 = EDGE_LOOP ( 'NONE', ( #654, #537 ) ) ;
#728 = PRESENTATION_STYLE_ASSIGNMENT (( #581 ) ) ;
#729 = DIRECTION ( 'NONE',  ( -1.000000000000000000, -0.000000000000000000, -0.000000000000000000 ) ) ;
#730 = FACE_OUTER_BOUND ( 'NONE', #772, .T. ) ;
#731 = EDGE_LOOP ( 'NONE', ( #608, #1306, #223, #1293 ) ) ;
#732 = FACE_OUTER_BOUND ( 'NONE', #91, .T. ) ;
#733 = ORIENTED_EDGE ( 'NONE', *, *, #1294, .F. ) ;
#734 = CARTESIAN_POINT ( 'NONE',  ( 4.000000000000001776, 30.51999999999999957, 40.00000000000000000 ) ) ;
#735 = DIRECTION ( 'NONE',  ( -0.000000000000000000, 1.000000000000000000, -0.000000000000000000 ) ) ;
#736 = VERTEX_POINT ( 'NONE', #1327 ) ;
#737 = VECTOR ( 'NONE', #1125, 1000.000000000000000 ) ;
#738 = DIRECTION ( 'NONE',  ( 0.000000000000000000, 0.000000000000000000, -1.000000000000000000 ) ) ;
#739 = AXIS2_PLACEMENT_3D ( 'NONE', #546, #1414, #906 ) ;
#740 = EDGE_CURVE ( 'NONE', #954, #506, #715, .T. ) ;
#741 = AXIS2_PLACEMENT_3D ( 'NONE', #10, #269, #627 ) ;
#742 = ORIENTED_EDGE ( 'NONE', *, *, #1183, .F. ) ;
#743 = CARTESIAN_POINT ( 'NONE',  ( 58.00000000000000000, 8.999999999999998224, 40.00000000000000000 ) ) ;
#744 = ORIENTED_EDGE ( 'NONE', *, *, #1431, .F. ) ;
#745 = DIRECTION ( 'NONE',  ( 1.000000000000000000, 0.000000000000000000, 0.000000000000000000 ) ) ;
#746 = UNCERTAINTY_MEASURE_WITH_UNIT (LENGTH_MEASURE( 1.000000000000000082E-05 ), #73, 'distance_accuracy_value', 'NONE');
#747 = ORIENTED_EDGE ( 'NONE', *, *, #995, .T. ) ;
#748 = VECTOR ( 'NONE', #1282, 1000.000000000000000 ) ;
#749 = LINE ( 'NONE', #1250, #171 ) ;
#750 = VECTOR ( 'NONE', #1039, 1000.000000000000000 ) ;
#751 = EDGE_CURVE ( 'NONE', #485, #996, #970, .T. ) ;
#752 = CARTESIAN_POINT ( 'NONE',  ( 18.50000000000003553, 0.000000000000000000, 20.00000000000000711 ) ) ;
#753 = VERTEX_POINT ( 'NONE', #464 ) ;
#754 = EDGE_CURVE ( 'NONE', #655, #175, #5, .T. ) ;
#755 = CARTESIAN_POINT ( 'NONE',  ( 43.50000000000003553, 3.999999999999998224, 21.69999999999999574 ) ) ;
#756 = CARTESIAN_POINT ( 'NONE',  ( 4.999999999999998224, 58.50000000000000000, 27.75000000000000355 ) ) ;
#757 = LINE ( 'NONE', #1128, #328 ) ;
#758 = CYLINDRICAL_SURFACE ( 'NONE', #1159, 4.999999999999997335 ) ;
#759 = ORIENTED_EDGE ( 'NONE', *, *, #1038, .F. ) ;
#760 = DIRECTION ( 'NONE',  ( 1.000000000000000000, -0.000000000000000000, -0.000000000000000000 ) ) ;
#761 = EDGE_CURVE ( 'NONE', #623, #564, #531, .T. ) ;
#762 = CARTESIAN_POINT ( 'NONE',  ( 55.99999999999997868, 37.72999999999999687, 0.000000000000000000 ) ) ;
#763 = LINE ( 'NONE', #511, #1091 ) ;
#764 = AXIS2_PLACEMENT_3D ( 'NONE', #1433, #913, #437 ) ;
#765 = DIRECTION ( 'NONE',  ( 0.000000000000000000, 0.000000000000000000, -1.000000000000000000 ) ) ;
#766 = CIRCLE ( 'NONE', #1500, 4.999999999999997335 ) ;
#767 = ORIENTED_EDGE ( 'NONE', *, *, #610, .F. ) ;
#768 = CARTESIAN_POINT ( 'NONE',  ( 43.50000000000003553, 0.000000000000000000, 21.69999999999999574 ) ) ;
#769 = AXIS2_PLACEMENT_3D ( 'NONE', #1627, #1148, #522 ) ;
#770 = FACE_OUTER_BOUND ( 'NONE', #271, .T. ) ;
#771 = ADVANCED_FACE ( 'NONE', ( #1472 ), #1206, .F. ) ;
#772 = EDGE_LOOP ( 'NONE', ( #1108, #989, #465, #718 ) ) ;
#773 = CARTESIAN_POINT ( 'NONE',  ( 9.000000000000003553, 8.999999999999992895, 40.00000000000000000 ) ) ;
#774 = AXIS2_PLACEMENT_3D ( 'NONE', #1232, #1257, #1613 ) ;
#775 = CARTESIAN_POINT ( 'NONE',  ( 1.999999999999995781, 58.50000000000000000, 34.99999999999999289 ) ) ;
#776 = VERTEX_POINT ( 'NONE', #734 ) ;
#777 = LINE ( 'NONE', #755, #320 ) ;
#778 = DIRECTION ( 'NONE',  ( -6.880122210820919237E-17, 1.000000000000000000, 0.000000000000000000 ) ) ;
#779 = CARTESIAN_POINT ( 'NONE',  ( 18.50000000000003553, 0.000000000000000000, 21.69999999999999574 ) ) ;
#780 = EDGE_CURVE ( 'NONE', #843, #476, #505, .T. ) ;
#781 = ORIENTED_EDGE ( 'NONE', *, *, #1242, .F. ) ;
#782 = CARTESIAN_POINT ( 'NONE',  ( 62.00000000000000000, 9.000000000000063949, 40.00000000000000000 ) ) ;
#783 = EDGE_CURVE ( 'NONE', #915, #1017, #1136, .T. ) ;
#784 = CARTESIAN_POINT ( 'NONE',  ( 59.99999999999997868, 37.72999999999999687, 0.000000000000000000 ) ) ;
#785 = ORIENTED_EDGE ( 'NONE', *, *, #754, .F. ) ;
#786 = CARTESIAN_POINT ( 'NONE',  ( 59.99999999999997158, 58.50000000000000000, 32.25000000000000000 ) ) ;
#787 = CARTESIAN_POINT ( 'NONE',  ( -1.224646799147352862E-15, 30.51999999999999957, 40.00000000000000000 ) ) ;
#788 = DIRECTION ( 'NONE',  ( -1.000000000000000000, -0.000000000000000000, -0.000000000000000000 ) ) ;
#789 = ORIENTED_EDGE ( 'NONE', *, *, #871, .T. ) ;
#790 = CARTESIAN_POINT ( 'NONE',  ( 62.00000000000000000, 30.52000000000000668, 40.00000000000000000 ) ) ;
#791 = DIRECTION ( 'NONE',  ( -1.000000000000000000, -0.000000000000000000, -0.000000000000000000 ) ) ;
#792 = EDGE_CURVE ( 'NONE', #1243, #520, #860, .T. ) ;
#793 = AXIS2_PLACEMENT_3D ( 'NONE', #652, #521, #1383 ) ;
#794 = ORIENTED_EDGE ( 'NONE', *, *, #460, .T. ) ;
#795 = FACE_OUTER_BOUND ( 'NONE', #260, .T. ) ;
#796 = AXIS2_PLACEMENT_3D ( 'NONE', #217, #1606, #719 ) ;
#797 = DIRECTION ( 'NONE',  ( 0.000000000000000000, -1.000000000000000000, 0.000000000000000000 ) ) ;
#798 = VECTOR ( 'NONE', #541, 1000.000000000000000 ) ;
#799 = VERTEX_POINT ( 'NONE', #200 ) ;
#800 = DIRECTION ( 'NONE',  ( -1.000000000000000000, 0.000000000000000000, 0.000000000000000000 ) ) ;
#801 = DIRECTION ( 'NONE',  ( -1.128575717751648869E-16, 1.000000000000000000, 0.000000000000000000 ) ) ;
#802 = AXIS2_PLACEMENT_3D ( 'NONE', #976, #338, #355 ) ;
#803 = EDGE_CURVE ( 'NONE', #436, #1149, #1219, .T. ) ;
#804 = ORIENTED_EDGE ( 'NONE', *, *, #255, .T. ) ;
#805 = DIRECTION ( 'NONE',  ( -0.000000000000000000, -0.000000000000000000, -1.000000000000000000 ) ) ;
#806 = MANIFOLD_SOLID_BREP ( 'Foro per Vite M3-1', #218 ) ;
#807 = CARTESIAN_POINT ( 'NONE',  ( 1.999999999999993117, 80.00000000000000000, 0.000000000000000000 ) ) ;
#808 = VERTEX_POINT ( 'NONE', #1096 ) ;
#809 = LINE ( 'NONE', #782, #879 ) ;
#810 = LINE ( 'NONE', #1405, #748 ) ;
#811 = ORIENTED_EDGE ( 'NONE', *, *, #1421, .F. ) ;
#812 = LINE ( 'NONE', #786, #262 ) ;
#813 = DIRECTION ( 'NONE',  ( 0.9636135855203069589, 0.2672991915451637390, -0.000000000000000000 ) ) ;
#814 = EDGE_CURVE ( 'NONE', #549, #993, #1555, .T. ) ;
#815 = ORIENTED_EDGE ( 'NONE', *, *, #16, .F. ) ;
#816 = DIRECTION ( 'NONE',  ( 0.000000000000000000, 0.000000000000000000, -1.000000000000000000 ) ) ;
#817 = FACE_BOUND ( 'NONE', #450, .T. ) ;
#818 = EDGE_LOOP ( 'NONE', ( #841, #1208, #601, #290 ) ) ;
#819 = DIRECTION ( 'NONE',  ( -0.000000000000000000, -0.000000000000000000, -1.000000000000000000 ) ) ;
#820 = PRODUCT_DEFINITION_SHAPE ( 'NONE', 'NONE',  #1336 ) ;
#821 = CARTESIAN_POINT ( 'NONE',  ( 59.99999999999998579, 79.99999999999998579, 40.00000000000000000 ) ) ;
#822 = CIRCLE ( 'NONE', #687, 4.999999999999990230 ) ;
#823 = EDGE_CURVE ( 'NONE', #564, #623, #1419, .T. ) ;
#824 = ORIENTED_EDGE ( 'NONE', *, *, #997, .F. ) ;
#825 = AXIS2_PLACEMENT_3D ( 'NONE', #1415, #924, #1426 ) ;
#826 = DIRECTION ( 'NONE',  ( 1.000000000000000000, -0.000000000000000000, -0.000000000000000000 ) ) ;
#827 = VERTEX_POINT ( 'NONE', #621 ) ;
#828 = DIRECTION ( 'NONE',  ( 0.2672991915451604639, 0.9636135855203077361, 0.000000000000000000 ) ) ;
#829 = CIRCLE ( 'NONE', #1298, 1.699999999999993072 ) ;
#830 = ORIENTED_EDGE ( 'NONE', *, *, #783, .F. ) ;
#831 = CARTESIAN_POINT ( 'NONE',  ( 58.99999999999998579, 79.99999999999998579, 40.00000000000000000 ) ) ;
#832 = AXIS2_PLACEMENT_3D ( 'NONE', #916, #902, #312 ) ;
#833 = ORIENTED_EDGE ( 'NONE', *, *, #1441, .F. ) ;
#834 = EDGE_CURVE ( 'NONE', #125, #594, #1395, .T. ) ;
#835 = LINE ( 'NONE', #89, #270 ) ;
#836 = EDGE_CURVE ( 'NONE', #982, #416, #518, .T. ) ;
#837 = DIRECTION ( 'NONE',  ( 1.000000000000000000, -0.000000000000000000, -0.000000000000000000 ) ) ;
#838 = ORIENTED_EDGE ( 'NONE', *, *, #527, .F. ) ;
#839 = CARTESIAN_POINT ( 'NONE',  ( 59.99999999999997158, 58.50000000000000000, 10.00000000000000000 ) ) ;
#840 = DIRECTION ( 'NONE',  ( -1.000000000000000000, 0.000000000000000000, 0.000000000000000000 ) ) ;
#841 = ORIENTED_EDGE ( 'NONE', *, *, #1261, .T. ) ;
#842 = CARTESIAN_POINT ( 'NONE',  ( 58.99999999999998579, 78.99999999999998579, 0.000000000000000000 ) ) ;
#843 = VERTEX_POINT ( 'NONE', #743 ) ;
#844 = EDGE_CURVE ( 'NONE', #1587, #351, #245, .T. ) ;
#845 = DIRECTION ( 'NONE',  ( -0.000000000000000000, -0.000000000000000000, -1.000000000000000000 ) ) ;
#846 = LINE ( 'NONE', #221, #1429 ) ;
#847 = ORIENTED_EDGE ( 'NONE', *, *, #297, .T. ) ;
#848 = AXIS2_PLACEMENT_3D ( 'NONE', #1504, #1258, #364 ) ;
#849 = CARTESIAN_POINT ( 'NONE',  ( 62.00000000000000000, 9.000000000000063949, 40.00000000000000000 ) ) ;
#850 = ORIENTED_EDGE ( 'NONE', *, *, #1371, .F. ) ;
#851 = DIRECTION ( 'NONE',  ( -0.000000000000000000, -0.000000000000000000, -1.000000000000000000 ) ) ;
#852 = EDGE_CURVE ( 'NONE', #1309, #1316, #82, .T. ) ;
#853 = ORIENTED_EDGE ( 'NONE', *, *, #614, .F. ) ;
#854 = FACE_OUTER_BOUND ( 'NONE', #974, .T. ) ;
#855 = CARTESIAN_POINT ( 'NONE',  ( 4.999999999999992895, 79.00000000000000000, 40.00000000000000000 ) ) ;
#856 = VECTOR ( 'NONE', #800, 1000.000000000000000 ) ;
#857 = ORIENTED_EDGE ( 'NONE', *, *, #396, .T. ) ;
#858 = DIRECTION ( 'NONE',  ( -0.000000000000000000, -0.000000000000000000, -1.000000000000000000 ) ) ;
#859 = ORIENTED_EDGE ( 'NONE', *, *, #105, .F. ) ;
#860 = LINE ( 'NONE', #1447, #1051 ) ;
#861 = CYLINDRICAL_SURFACE ( 'NONE', #584, 2.250000000000001776 ) ;
#862 = ORIENTED_EDGE ( 'NONE', *, *, #117, .T. ) ;
#863 = ADVANCED_FACE ( 'NONE', ( #1244 ), #758, .F. ) ;
#864 = CARTESIAN_POINT ( 'NONE',  ( 4.000000000000003553, 9.000000000000028422, 0.000000000000000000 ) ) ;
#865 = ORIENTED_EDGE ( 'NONE', *, *, #429, .F. ) ;
#866 = LINE ( 'NONE', #873, #215 ) ;
#867 = ORIENTED_EDGE ( 'NONE', *, *, #360, .F. ) ;
#868 = FACE_OUTER_BOUND ( 'NONE', #1486, .T. ) ;
#869 = ORIENTED_EDGE ( 'NONE', *, *, #1183, .T. ) ;
#870 = AXIS2_PLACEMENT_3D ( 'NONE', #34, #677, #1317 ) ;
#871 = EDGE_CURVE ( 'NONE', #225, #1283, #866, .T. ) ;
#872 = CARTESIAN_POINT ( 'NONE',  ( 52.99999999999992895, 1.734723475976807094E-15, 40.00000000000000000 ) ) ;
#873 = CARTESIAN_POINT ( 'NONE',  ( 1.999999999999995781, 58.50000000000000000, 7.750000000000005329 ) ) ;
#874 = VECTOR ( 'NONE', #293, 1000.000000000000000 ) ;
#875 = ORIENTED_EDGE ( 'NONE', *, *, #1360, .F. ) ;
#876 = DIRECTION ( 'NONE',  ( 0.000000000000000000, 1.000000000000000000, 0.000000000000000000 ) ) ;
#877 = CYLINDRICAL_SURFACE ( 'NONE', #560, 4.999999999999999112 ) ;
#878 = DIRECTION ( 'NONE',  ( 1.000000000000000000, 0.000000000000000000, 0.000000000000000000 ) ) ;
#879 = VECTOR ( 'NONE', #22, 1000.000000000000000 ) ;
#880 = DIRECTION ( 'NONE',  ( 1.000000000000000000, -0.000000000000000000, -0.000000000000000000 ) ) ;
#881 = EDGE_CURVE ( 'NONE', #381, #534, #1190, .T. ) ;
#882 = ORIENTED_EDGE ( 'NONE', *, *, #844, .T. ) ;
#883 = CARTESIAN_POINT ( 'NONE',  ( 1.999999999999997780, 37.72999999999999687, 40.00000000000000000 ) ) ;
#884 = DIRECTION ( 'NONE',  ( -0.000000000000000000, -0.000000000000000000, 1.000000000000000000 ) ) ;
#885 = CYLINDRICAL_SURFACE ( 'NONE', #1030, 2.250000000000001776 ) ;
#886 = DIRECTION ( 'NONE',  ( -1.000000000000000000, 0.000000000000000000, 0.000000000000000000 ) ) ;
#887 = EDGE_CURVE ( 'NONE', #351, #1461, #1527, .T. ) ;
#888 = ORIENTED_EDGE ( 'NONE', *, *, #803, .T. ) ;
#889 = CARTESIAN_POINT ( 'NONE',  ( 5.999999999999992895, 37.72999999999999687, 0.000000000000000000 ) ) ;
#890 = CARTESIAN_POINT ( 'NONE',  ( 5.999999999999992895, 58.50000000000000000, 10.00000000000000000 ) ) ;
#891 = EDGE_LOOP ( 'NONE', ( #400, #1388, #131, #557, #11, #365, #966, #1299, #1188, #708, #1069, #568, #1177, #1320, #1072, #912, #1113, #1009, #1599, #794, #612, #1233, #430, #1146 ) ) ;
#892 = LINE ( 'NONE', #268, #64 ) ;
#893 = CIRCLE ( 'NONE', #870, 4.999999999999997335 ) ;
#894 = FACE_OUTER_BOUND ( 'NONE', #1139, .T. ) ;
#895 = AXIS2_PLACEMENT_3D ( 'NONE', #1575, #1087, #978 ) ;
#896 = EDGE_LOOP ( 'NONE', ( #367, #1337, #1566, #1238 ) ) ;
#897 = DIRECTION ( 'NONE',  ( -1.000000000000000000, -0.000000000000000000, -0.000000000000000000 ) ) ;
#898 = EDGE_CURVE ( 'NONE', #103, #1086, #451, .T. ) ;
#899 = FACE_BOUND ( 'NONE', #1074, .T. ) ;
#900 = ADVANCED_FACE ( 'NONE', ( #894 ), #146, .F. ) ;
#901 = EDGE_LOOP ( 'NONE', ( #88, #282 ) ) ;
#902 = DIRECTION ( 'NONE',  ( 1.000000000000000000, -0.000000000000000000, -0.000000000000000000 ) ) ;
#903 = AXIS2_PLACEMENT_3D ( 'NONE', #305, #296, #1045 ) ;
#904 = CARTESIAN_POINT ( 'NONE',  ( 18.50000000000003553, 3.999999999999995559, 18.30000000000001847 ) ) ;
#905 = ORIENTED_EDGE ( 'NONE', *, *, #852, .T. ) ;
#906 = DIRECTION ( 'NONE',  ( 0.000000000000000000, 0.000000000000000000, 1.000000000000000000 ) ) ;
#907 = DIRECTION ( 'NONE',  ( 0.000000000000000000, 0.000000000000000000, -1.000000000000000000 ) ) ;
#908 = ADVANCED_FACE ( 'NONE', ( #504 ), #1372, .F. ) ;
#909 = ORIENTED_EDGE ( 'NONE', *, *, #1390, .F. ) ;
#910 = CARTESIAN_POINT ( 'NONE',  ( 4.999999999999998224, 58.50000000000000000, 30.00000000000000000 ) ) ;
#911 = CARTESIAN_POINT ( 'NONE',  ( 55.99999999999997868, 58.50000000000000000, 12.25000000000000178 ) ) ;
#912 = ORIENTED_EDGE ( 'NONE', *, *, #1371, .T. ) ;
#913 = DIRECTION ( 'NONE',  ( 0.000000000000000000, 0.000000000000000000, 1.000000000000000000 ) ) ;
#914 = CARTESIAN_POINT ( 'NONE',  ( 1.999999999999995781, 58.50000000000000000, 10.00000000000000000 ) ) ;
#915 = VERTEX_POINT ( 'NONE', #379 ) ;
#916 = CARTESIAN_POINT ( 'NONE',  ( 56.99999999999996447, 58.50000000000000000, 10.00000000000000000 ) ) ;
#917 = ADVANCED_FACE ( 'NONE', ( #634 ), #992, .F. ) ;
#918 = LINE ( 'NONE', #1565, #1052 ) ;
#919 = ADVANCED_FACE ( 'NONE', ( #1381, #251 ), #1513, .F. ) ;
#920 = EDGE_LOOP ( 'NONE', ( #325, #1369, #733, #404 ) ) ;
#921 = DIRECTION ( 'NONE',  ( 0.000000000000000000, 0.000000000000000000, -1.000000000000000000 ) ) ;
#922 = COLOUR_RGB ( '',0.7921568627450980005, 0.8196078431372548767, 0.9333333333333333481 ) ;
#923 = VECTOR ( 'NONE', #256, 1000.000000000000114 ) ;
#924 = DIRECTION ( 'NONE',  ( 1.000000000000000000, -0.000000000000000000, -0.000000000000000000 ) ) ;
#925 = ORIENTED_EDGE ( 'NONE', *, *, #723, .T. ) ;
#926 = CARTESIAN_POINT ( 'NONE',  ( 55.99999999999997868, 37.72999999999999687, 40.00000000000000000 ) ) ;
#927 = EDGE_CURVE ( 'NONE', #1116, #1574, #321, .T. ) ;
#928 = CARTESIAN_POINT ( 'NONE',  ( 62.00000000000000000, 30.52000000000000668, 0.000000000000000000 ) ) ;
#929 = AXIS2_PLACEMENT_3D ( 'NONE', #434, #441, #816 ) ;
#930 = EDGE_LOOP ( 'NONE', ( #644, #580, #20, #702 ) ) ;
#931 = EDGE_CURVE ( 'NONE', #489, #714, #643, .T. ) ;
#932 = CARTESIAN_POINT ( 'NONE',  ( 18.50000000000003553, 0.000000000000000000, 18.30000000000001847 ) ) ;
#933 = DIRECTION ( 'NONE',  ( 1.128575717751648869E-16, -1.000000000000000000, 0.000000000000000000 ) ) ;
#934 = ORIENTED_EDGE ( 'NONE', *, *, #927, .T. ) ;
#935 = FACE_OUTER_BOUND ( 'NONE', #1332, .T. ) ;
#936 = CARTESIAN_POINT ( 'NONE',  ( 59.99999999999997868, 37.72999999999999687, 40.00000000000000000 ) ) ;
#937 = ORIENTED_EDGE ( 'NONE', *, *, #460, .F. ) ;
#938 = DIRECTION ( 'NONE',  ( 1.000000000000000000, 3.224393078023809812E-16, -0.000000000000000000 ) ) ;
#939 = ADVANCED_FACE ( 'NONE', ( #490 ), #985, .F. ) ;
#940 = CARTESIAN_POINT ( 'NONE',  ( 59.99999999999997158, 58.50000000000000000, 34.99999999999999289 ) ) ;
#941 = ORIENTED_EDGE ( 'NONE', *, *, #548, .F. ) ;
#942 = LINE ( 'NONE', #1610, #246 ) ;
#943 = DIRECTION ( 'NONE',  ( 0.000000000000000000, 1.000000000000000000, 0.000000000000000000 ) ) ;
#944 = EDGE_LOOP ( 'NONE', ( #1078, #1253 ) ) ;
#945 = CIRCLE ( 'NONE', #1445, 8.999999999999998224 ) ;
#946 = EDGE_LOOP ( 'NONE', ( #74, #1100 ) ) ;
#947 = DIRECTION ( 'NONE',  ( 1.000000000000000000, 0.000000000000000000, 0.000000000000000000 ) ) ;
#948 = PRESENTATION_LAYER_ASSIGNMENT (  '', '', ( #479 ) ) ;
#949 = AXIS2_PLACEMENT_3D ( 'NONE', #124, #386, #130 ) ;
#950 = ORIENTED_EDGE ( 'NONE', *, *, #457, .F. ) ;
#951 = EDGE_CURVE ( 'NONE', #1086, #103, #1080, .T. ) ;
#952 = DIRECTION ( 'NONE',  ( -1.000000000000000000, -1.182766006347825081E-16, 0.000000000000000000 ) ) ;
#953 = DIRECTION ( 'NONE',  ( 0.000000000000000000, 0.000000000000000000, -1.000000000000000000 ) ) ;
#954 = VERTEX_POINT ( 'NONE', #1556 ) ;
#955 = CARTESIAN_POINT ( 'NONE',  ( 56.99999999999996447, 58.50000000000000000, 30.00000000000000000 ) ) ;
#956 = VECTOR ( 'NONE', #1347, 1000.000000000000000 ) ;
#957 = LINE ( 'NONE', #203, #1212 ) ;
#958 = VECTOR ( 'NONE', #607, 1000.000000000000000 ) ;
#959 = EDGE_LOOP ( 'NONE', ( #571, #1204, #1230, #1525 ) ) ;
#960 = ADVANCED_FACE ( 'NONE', ( #163, #665, #402 ), #536, .F. ) ;
#961 = CARTESIAN_POINT ( 'NONE',  ( 57.99999999999999289, 30.52000000000000668, 40.00000000000000000 ) ) ;
#962 = APPLICATION_PROTOCOL_DEFINITION ( 'draft international standard', 'automotive_design', 1998, #563 ) ;
#963 = ORIENTED_EDGE ( 'NONE', *, *, #595, .F. ) ;
#964 = SURFACE_STYLE_FILL_AREA ( #1234 ) ;
#965 = DIRECTION ( 'NONE',  ( -0.000000000000000000, 1.000000000000000000, -0.000000000000000000 ) ) ;
#966 = ORIENTED_EDGE ( 'NONE', *, *, #263, .T. ) ;
#967 = CYLINDRICAL_SURFACE ( 'NONE', #1535, 2.250000000000001776 ) ;
#968 = EDGE_CURVE ( 'NONE', #1393, #776, #1539, .T. ) ;
#969 = EDGE_LOOP ( 'NONE', ( #545, #1605, #937, #77 ) ) ;
#970 = LINE ( 'NONE', #1338, #1609 ) ;
#971 = CARTESIAN_POINT ( 'NONE',  ( 62.00000000000000000, 30.52000000000000668, 0.000000000000000000 ) ) ;
#972 = CARTESIAN_POINT ( 'NONE',  ( 1.999999999999995781, 58.50000000000000000, 10.00000000000000000 ) ) ;
#973 = AXIS2_PLACEMENT_3D ( 'NONE', #553, #1295, #1439 ) ;
#974 = EDGE_LOOP ( 'NONE', ( #676, #1279, #882, #683 ) ) ;
#975 = AXIS2_PLACEMENT_3D ( 'NONE', #1547, #1529, #801 ) ;
#976 = CARTESIAN_POINT ( 'NONE',  ( 59.99999999999997158, 58.50000000000000000, 30.00000000000000000 ) ) ;
#977 = ORIENTED_EDGE ( 'NONE', *, *, #834, .F. ) ;
#978 = DIRECTION ( 'NONE',  ( 0.000000000000000000, 0.000000000000000000, -1.000000000000000000 ) ) ;
#979 = ADVANCED_FACE ( 'NONE', ( #281, #817, #675 ), #428, .F. ) ;
#980 = CARTESIAN_POINT ( 'NONE',  ( 1.999999999999995781, 58.50000000000000000, 34.99999999999999289 ) ) ;
#981 = CIRCLE ( 'NONE', #567, 1.000000000000000000 ) ;
#982 = VERTEX_POINT ( 'NONE', #1179 ) ;
#983 = CARTESIAN_POINT ( 'NONE',  ( 5.999999999999992895, 58.50000000000000000, 32.24999999999999289 ) ) ;
#984 = ORIENTED_EDGE ( 'NONE', *, *, #289, .F. ) ;
#985 = CYLINDRICAL_SURFACE ( 'NONE', #346, 4.999999999999997335 ) ;
#986 = ORIENTED_EDGE ( 'NONE', *, *, #235, .F. ) ;
#987 = DIRECTION ( 'NONE',  ( 1.000000000000000000, 0.000000000000000000, 0.000000000000000000 ) ) ;
#988 = EDGE_CURVE ( 'NONE', #663, #1223, #766, .T. ) ;
#989 = ORIENTED_EDGE ( 'NONE', *, *, #852, .F. ) ;
#990 = CARTESIAN_POINT ( 'NONE',  ( 9.000000000000063949, 0.000000000000000000, 40.00000000000000000 ) ) ;
#991 = VERTEX_POINT ( 'NONE', #41 ) ;
#992 = CYLINDRICAL_SURFACE ( 'NONE', #371, 4.999999999999990230 ) ;
#993 = VERTEX_POINT ( 'NONE', #1308 ) ;
#994 = CARTESIAN_POINT ( 'NONE',  ( 9.000000000000000000, 8.999999999999998224, 40.00000000000000000 ) ) ;
#995 = EDGE_CURVE ( 'NONE', #594, #1574, #682, .T. ) ;
#996 = VERTEX_POINT ( 'NONE', #1056 ) ;
#997 = EDGE_CURVE ( 'NONE', #1497, #1406, #918, .T. ) ;
#998 = CARTESIAN_POINT ( 'NONE',  ( 52.99999999999996447, 3.999999999999999112, 40.00000000000000000 ) ) ;
#999 = AXIS2_PLACEMENT_3D ( 'NONE', #1358, #1104, #226 ) ;
#1000 = DIRECTION ( 'NONE',  ( 0.000000000000000000, 0.000000000000000000, 1.000000000000000000 ) ) ;
#1001 = ORIENTED_EDGE ( 'NONE', *, *, #1176, .F. ) ;
#1002 = LINE ( 'NONE', #394, #369 ) ;
#1003 = CARTESIAN_POINT ( 'NONE',  ( 4.999999999999994671, 58.50000000000000000, 30.00000000000000000 ) ) ;
#1004 = AXIS2_PLACEMENT_3D ( 'NONE', #842, #858, #1335 ) ;
#1005 = AXIS2_PLACEMENT_3D ( 'NONE', #972, #319, #1476 ) ;
#1006 = CARTESIAN_POINT ( 'NONE',  ( 56.99999999999996447, 58.50000000000000000, 30.00000000000000000 ) ) ;
#1007 = EDGE_CURVE ( 'NONE', #1049, #1406, #411, .T. ) ;
#1008 = DIRECTION ( 'NONE',  ( 0.000000000000000000, 1.000000000000000000, 0.000000000000000000 ) ) ;
#1009 = ORIENTED_EDGE ( 'NONE', *, *, #527, .T. ) ;
#1010 = LINE ( 'NONE', #500, #294 ) ;
#1011 = LINE ( 'NONE', #249, #1528 ) ;
#1012 = DIRECTION ( 'NONE',  ( 0.000000000000000000, 0.000000000000000000, 1.000000000000000000 ) ) ;
#1013 = DIRECTION ( 'NONE',  ( -1.000000000000000000, -0.000000000000000000, -0.000000000000000000 ) ) ;
#1014 = ORIENTED_EDGE ( 'NONE', *, *, #592, .F. ) ;
#1015 = CARTESIAN_POINT ( 'NONE',  ( 59.99999999999997158, 58.50000000000000000, 7.749999999999998224 ) ) ;
#1016 = PLANE ( 'NONE',  #374 ) ;
#1017 = VERTEX_POINT ( 'NONE', #911 ) ;
#1018 = FACE_OUTER_BOUND ( 'NONE', #711, .T. ) ;
#1019 = AXIS2_PLACEMENT_3D ( 'NONE', #1408, #1262, #135 ) ;
#1020 = VECTOR ( 'NONE', #1207, 1000.000000000000000 ) ;
#1021 = DIRECTION ( 'NONE',  ( 1.641564680366035099E-16, 1.000000000000000000, 0.000000000000000000 ) ) ;
#1022 = ORIENTED_EDGE ( 'NONE', *, *, #1380, .F. ) ;
#1023 = DIRECTION ( 'NONE',  ( -0.2672991915451614076, -0.9636135855203075140, 0.000000000000000000 ) ) ;
#1024 = AXIS2_PLACEMENT_3D ( 'NONE', #890, #143, #375 ) ;
#1025 = EDGE_CURVE ( 'NONE', #1223, #663, #1191, .T. ) ;
#1026 = ORIENTED_EDGE ( 'NONE', *, *, #136, .F. ) ;
#1027 = ADVANCED_FACE ( 'NONE', ( #313 ), #1314, .F. ) ;
#1028 = EDGE_LOOP ( 'NONE', ( #18, #577, #24, #144 ) ) ;
#1029 = DIRECTION ( 'NONE',  ( -0.000000000000000000, -0.000000000000000000, -1.000000000000000000 ) ) ;
#1030 = AXIS2_PLACEMENT_3D ( 'NONE', #250, #1241, #1144 ) ;
#1031 = DIRECTION ( 'NONE',  ( 1.182766006347825081E-16, -1.000000000000000000, 0.000000000000000000 ) ) ;
#1032 = ORIENTED_EDGE ( 'NONE', *, *, #468, .F. ) ;
#1033 = CARTESIAN_POINT ( 'NONE',  ( 55.99999999999997868, 78.99999999999998579, 40.00000000000000000 ) ) ;
#1034 = LINE ( 'NONE', #157, #13 ) ;
#1035 = PLANE ( 'NONE',  #1240 ) ;
#1036 = EDGE_CURVE ( 'NONE', #354, #97, #544, .T. ) ;
#1037 = ORIENTED_EDGE ( 'NONE', *, *, #277, .T. ) ;
#1038 = EDGE_CURVE ( 'NONE', #53, #1624, #639, .T. ) ;
#1039 = DIRECTION ( 'NONE',  ( -0.000000000000000000, -0.000000000000000000, -1.000000000000000000 ) ) ;
#1040 = DIRECTION ( 'NONE',  ( 0.000000000000000000, 0.000000000000000000, -1.000000000000000000 ) ) ;
#1041 = ORIENTED_EDGE ( 'NONE', *, *, #360, .T. ) ;
#1042 = DIRECTION ( 'NONE',  ( 1.000000000000000000, -0.000000000000000000, -0.000000000000000000 ) ) ;
#1043 = DIRECTION ( 'NONE',  ( -1.000000000000000000, -0.000000000000000000, -0.000000000000000000 ) ) ;
#1044 = ORIENTED_EDGE ( 'NONE', *, *, #881, .F. ) ;
#1045 = DIRECTION ( 'NONE',  ( 1.000000000000000000, 0.000000000000000000, 0.000000000000000000 ) ) ;
#1046 = EDGE_CURVE ( 'NONE', #97, #1497, #306, .T. ) ;
#1047 = CARTESIAN_POINT ( 'NONE',  ( 55.99999999999997868, 58.50000000000000000, 30.00000000000000000 ) ) ;
#1048 = VECTOR ( 'NONE', #876, 1000.000000000000000 ) ;
#1049 = VERTEX_POINT ( 'NONE', #298 ) ;
#1050 = DIRECTION ( 'NONE',  ( 1.000000000000000000, 0.000000000000000000, -0.000000000000000000 ) ) ;
#1051 = VECTOR ( 'NONE', #232, 1000.000000000000000 ) ;
#1052 = VECTOR ( 'NONE', #1412, 1000.000000000000000 ) ;
#1053 = LINE ( 'NONE', #694, #399 ) ;
#1054 = VERTEX_POINT ( 'NONE', #152 ) ;
#1055 = FACE_BOUND ( 'NONE', #67, .T. ) ;
#1056 = CARTESIAN_POINT ( 'NONE',  ( 5.999999999999992895, 37.72999999999999687, 0.000000000000000000 ) ) ;
#1057 = EDGE_CURVE ( 'NONE', #50, #1490, #810, .T. ) ;
#1058 = AXIS2_PLACEMENT_3D ( 'NONE', #524, #151, #1280 ) ;
#1059 = EDGE_LOOP ( 'NONE', ( #628, #1341, #1557, #62 ) ) ;
#1060 = CARTESIAN_POINT ( 'NONE',  ( 59.99999999999997158, 58.50000000000000000, 14.99999999999999112 ) ) ;
#1061 = LINE ( 'NONE', #439, #31 ) ;
#1062 = AXIS2_PLACEMENT_3D ( 'NONE', #462, #36, #1573 ) ;
#1063 = ORIENTED_EDGE ( 'NONE', *, *, #491, .F. ) ;
#1064 = CARTESIAN_POINT ( 'NONE',  ( 59.99999999999998579, 78.99999999999998579, 0.000000000000000000 ) ) ;
#1065 = PRODUCT ( 'ELP-0057', 'ELP-0057', '', ( #1325 ) ) ;
#1066 = CARTESIAN_POINT ( 'NONE',  ( 1.999999999999995781, 58.50000000000000000, 30.00000000000000000 ) ) ;
#1067 = EDGE_CURVE ( 'NONE', #120, #1193, #657, .T. ) ;
#1068 = DIRECTION ( 'NONE',  ( 0.000000000000000000, 0.000000000000000000, 1.000000000000000000 ) ) ;
#1069 = ORIENTED_EDGE ( 'NONE', *, *, #968, .T. ) ;
#1070 = CARTESIAN_POINT ( 'NONE',  ( 4.999999999999994671, 58.50000000000000000, 5.000000000000002665 ) ) ;
#1071 = EDGE_CURVE ( 'NONE', #307, #954, #835, .T. ) ;
#1072 = ORIENTED_EDGE ( 'NONE', *, *, #1411, .T. ) ;
#1073 = FACE_OUTER_BOUND ( 'NONE', #1373, .T. ) ;
#1074 = EDGE_LOOP ( 'NONE', ( #47, #1398 ) ) ;
#1075 = DIRECTION ( 'NONE',  ( -0.000000000000000000, -0.000000000000000000, -1.000000000000000000 ) ) ;
#1076 = EDGE_LOOP ( 'NONE', ( #1089, #1423, #28, #1201 ) ) ;
#1077 = AXIS2_PLACEMENT_3D ( 'NONE', #1284, #805, #659 ) ;
#1078 = ORIENTED_EDGE ( 'NONE', *, *, #898, .T. ) ;
#1079 = LINE ( 'NONE', #456, #345 ) ;
#1080 = CIRCLE ( 'NONE', #134, 2.250000000000001776 ) ;
#1081 = EDGE_CURVE ( 'NONE', #1120, #1124, #1202, .T. ) ;
#1082 = ORIENTED_EDGE ( 'NONE', *, *, #1092, .T. ) ;
#1083 = AXIS2_PLACEMENT_3D ( 'NONE', #284, #407, #907 ) ;
#1084 = DIRECTION ( 'NONE',  ( -0.000000000000000000, -0.000000000000000000, -1.000000000000000000 ) ) ;
#1085 = CARTESIAN_POINT ( 'NONE',  ( 18.50000000000003553, 3.999999999999997335, 18.30000000000001847 ) ) ;
#1086 = VERTEX_POINT ( 'NONE', #469 ) ;
#1087 = DIRECTION ( 'NONE',  ( 1.000000000000000000, 0.000000000000000000, -0.000000000000000000 ) ) ;
#1088 = VECTOR ( 'NONE', #1075, 1000.000000000000000 ) ;
#1089 = ORIENTED_EDGE ( 'NONE', *, *, #1502, .F. ) ;
#1090 = LINE ( 'NONE', #359, #423 ) ;
#1091 = VECTOR ( 'NONE', #496, 1000.000000000000000 ) ;
#1092 = EDGE_CURVE ( 'NONE', #195, #202, #189, .T. ) ;
#1093 = ORIENTED_EDGE ( 'NONE', *, *, #1036, .F. ) ;
#1094 = DIRECTION ( 'NONE',  ( -1.000000000000000000, -0.000000000000000000, -0.000000000000000000 ) ) ;
#1095 = ORIENTED_EDGE ( 'NONE', *, *, #1101, .T. ) ;
#1096 = CARTESIAN_POINT ( 'NONE',  ( 1.999999999999997780, 37.72999999999999687, 40.00000000000000000 ) ) ;
#1097 = ORIENTED_EDGE ( 'NONE', *, *, #814, .T. ) ;
#1098 = CARTESIAN_POINT ( 'NONE',  ( -1.224646799147352862E-15, 30.51999999999999957, 40.00000000000000000 ) ) ;
#1099 = CARTESIAN_POINT ( 'NONE',  ( 5.999999999999992895, 37.72999999999999687, 40.00000000000000000 ) ) ;
#1100 = ORIENTED_EDGE ( 'NONE', *, *, #1554, .F. ) ;
#1101 = EDGE_CURVE ( 'NONE', #122, #79, #194, .T. ) ;
#1102 = CARTESIAN_POINT ( 'NONE',  ( 9.000000000000039080, 3.999999999999993339, 0.000000000000000000 ) ) ;
#1103 = ORIENTED_EDGE ( 'NONE', *, *, #997, .T. ) ;
#1104 = DIRECTION ( 'NONE',  ( 0.000000000000000000, 0.000000000000000000, 1.000000000000000000 ) ) ;
#1105 = DIRECTION ( 'NONE',  ( 0.000000000000000000, 0.000000000000000000, 1.000000000000000000 ) ) ;
#1106 = CARTESIAN_POINT ( 'NONE',  ( 1.999999999999995781, 58.50000000000000000, 30.00000000000000000 ) ) ;
#1107 = AXIS2_PLACEMENT_3D ( 'NONE', #668, #421, #1199 ) ;
#1108 = ORIENTED_EDGE ( 'NONE', *, *, #255, .F. ) ;
#1109 = VECTOR ( 'NONE', #1623, 1000.000000000000000 ) ;
#1110 = AXIS2_PLACEMENT_3D ( 'NONE', #1292, #49, #23 ) ;
#1111 = AXIS2_PLACEMENT_3D ( 'NONE', #914, #1043, #547 ) ;
#1112 = DIRECTION ( 'NONE',  ( -0.000000000000000000, -0.000000000000000000, -1.000000000000000000 ) ) ;
#1113 = ORIENTED_EDGE ( 'NONE', *, *, #1353, .T. ) ;
#1114 = EDGE_CURVE ( 'NONE', #552, #354, #452, .T. ) ;
#1115 = CARTESIAN_POINT ( 'NONE',  ( 59.99999999999997158, 58.50000000000000000, 10.00000000000000000 ) ) ;
#1116 = VERTEX_POINT ( 'NONE', #1572 ) ;
#1117 = DIRECTION ( 'NONE',  ( 0.2672991915451637390, -0.9636135855203068479, 0.000000000000000000 ) ) ;
#1118 = AXIS2_PLACEMENT_3D ( 'NONE', #213, #717, #726 ) ;
#1119 = CIRCLE ( 'NONE', #1142, 2.249999999999995115 ) ;
#1120 = VERTEX_POINT ( 'NONE', #205 ) ;
#1121 = FACE_OUTER_BOUND ( 'NONE', #1059, .T. ) ;
#1122 = EDGE_LOOP ( 'NONE', ( #1477, #116, #1082, #165 ) ) ;
#1123 = DIRECTION ( 'NONE',  ( 1.000000000000000000, -0.000000000000000000, -0.000000000000000000 ) ) ;
#1124 = VERTEX_POINT ( 'NONE', #330 ) ;
#1125 = DIRECTION ( 'NONE',  ( 0.000000000000000000, -1.000000000000000000, 0.000000000000000000 ) ) ;
#1126 = ADVANCED_FACE ( 'NONE', ( #1330 ), #967, .F. ) ;
#1127 = PLANE ( 'NONE',  #769 ) ;
#1128 = CARTESIAN_POINT ( 'NONE',  ( 52.99999999999996447, 3.999999999999999112, 40.00000000000000000 ) ) ;
#1129 = CARTESIAN_POINT ( 'NONE',  ( 18.50000000000003553, 3.999999999999995559, 20.00000000000000711 ) ) ;
#1130 = ORIENTED_EDGE ( 'NONE', *, *, #614, .T. ) ;
#1131 = CARTESIAN_POINT ( 'NONE',  ( 4.000000000000001776, 30.51999999999999957, 0.000000000000000000 ) ) ;
#1132 = CARTESIAN_POINT ( 'NONE',  ( 52.99999999999996447, 3.999999999999999112, 0.000000000000000000 ) ) ;
#1133 = EDGE_CURVE ( 'NONE', #1461, #351, #1375, .T. ) ;
#1134 = AXIS2_PLACEMENT_3D ( 'NONE', #1140, #507, #1522 ) ;
#1135 = DIRECTION ( 'NONE',  ( -1.000000000000000000, 0.000000000000000000, 0.000000000000000000 ) ) ;
#1136 = CIRCLE ( 'NONE', #895, 2.250000000000001776 ) ;
#1137 = VECTOR ( 'NONE', #721, 1000.000000000000114 ) ;
#1138 = DIRECTION ( 'NONE',  ( 1.000000000000000000, -0.000000000000000000, -0.000000000000000000 ) ) ;
#1139 = EDGE_LOOP ( 'NONE', ( #1354, #977, #191, #934 ) ) ;
#1140 = CARTESIAN_POINT ( 'NONE',  ( 59.99999999999997158, 58.50000000000000000, 10.00000000000000000 ) ) ;
#1141 = CARTESIAN_POINT ( 'NONE',  ( 1.999999999999995781, 58.50000000000000000, 10.00000000000000000 ) ) ;
#1142 = AXIS2_PLACEMENT_3D ( 'NONE', #648, #1168, #1562 ) ;
#1143 = EDGE_CURVE ( 'NONE', #348, #354, #1209, .T. ) ;
#1144 = DIRECTION ( 'NONE',  ( 0.000000000000000000, 0.000000000000000000, -1.000000000000000000 ) ) ;
#1145 = DIRECTION ( 'NONE',  ( -0.000000000000000000, 1.000000000000000000, -0.000000000000000000 ) ) ;
#1146 = ORIENTED_EDGE ( 'NONE', *, *, #289, .T. ) ;
#1147 = DIRECTION ( 'NONE',  ( 0.000000000000000000, 0.000000000000000000, -1.000000000000000000 ) ) ;
#1148 = DIRECTION ( 'NONE',  ( 0.000000000000000000, 0.000000000000000000, 1.000000000000000000 ) ) ;
#1149 = VERTEX_POINT ( 'NONE', #71 ) ;
#1150 = DIRECTION ( 'NONE',  ( 0.000000000000000000, 0.000000000000000000, 1.000000000000000000 ) ) ;
#1151 = CARTESIAN_POINT ( 'NONE',  ( 4.999999999999994671, 58.50000000000000000, 10.00000000000000000 ) ) ;
#1152 = EDGE_CURVE ( 'NONE', #172, #1193, #197, .T. ) ;
#1153 = ORIENTED_EDGE ( 'NONE', *, *, #1554, .T. ) ;
#1154 = DIRECTION ( 'NONE',  ( 0.000000000000000000, 0.000000000000000000, 1.000000000000000000 ) ) ;
#1155 = CARTESIAN_POINT ( 'NONE',  ( 56.99999999999996447, 60.75000000000000000, 10.00000000000000000 ) ) ;
#1156 = ORIENTED_EDGE ( 'NONE', *, *, #887, .F. ) ;
#1157 = DIRECTION ( 'NONE',  ( 0.000000000000000000, -0.000000000000000000, 1.000000000000000000 ) ) ;
#1158 = VECTOR ( 'NONE', #965, 1000.000000000000000 ) ;
#1159 = AXIS2_PLACEMENT_3D ( 'NONE', #1274, #1013, #1519 ) ;
#1160 = CARTESIAN_POINT ( 'NONE',  ( 52.99999999999996447, 3.999999999999999112, 0.000000000000000000 ) ) ;
#1161 = ADVANCED_FACE ( 'NONE', ( #587 ), #1603, .F. ) ;
#1162 = VERTEX_POINT ( 'NONE', #322 ) ;
#1163 = LINE ( 'NONE', #176, #27 ) ;
#1164 = CIRCLE ( 'NONE', #1396, 1.699999999999989742 ) ;
#1165 = CARTESIAN_POINT ( 'NONE',  ( 59.99999999999997158, 58.50000000000000000, 10.00000000000000000 ) ) ;
#1166 = CARTESIAN_POINT ( 'NONE',  ( 4.000000000000001776, 30.51999999999999957, 40.00000000000000000 ) ) ;
#1167 = ORIENTED_EDGE ( 'NONE', *, *, #1360, .T. ) ;
#1168 = DIRECTION ( 'NONE',  ( -1.000000000000000000, -0.000000000000000000, -0.000000000000000000 ) ) ;
#1169 = VECTOR ( 'NONE', #442, 1000.000000000000000 ) ;
#1170 = CIRCLE ( 'NONE', #642, 8.999999999999998224 ) ;
#1171 = CARTESIAN_POINT ( 'NONE',  ( 4.999999999999994671, 58.50000000000000000, 10.00000000000000000 ) ) ;
#1172 = ORIENTED_EDGE ( 'NONE', *, *, #780, .F. ) ;
#1173 = DIRECTION ( 'NONE',  ( -3.224393078023809812E-16, 1.000000000000000000, 0.000000000000000000 ) ) ;
#1174 = EDGE_CURVE ( 'NONE', #1446, #982, #603, .T. ) ;
#1175 = CARTESIAN_POINT ( 'NONE',  ( 4.999999999999992895, 80.00000000000000000, 0.000000000000000000 ) ) ;
#1176 = EDGE_CURVE ( 'NONE', #534, #381, #829, .T. ) ;
#1177 = ORIENTED_EDGE ( 'NONE', *, *, #1071, .T. ) ;
#1178 = CARTESIAN_POINT ( 'NONE',  ( 1.734723475976807094E-15, 8.999999999999998224, 40.00000000000000000 ) ) ;
#1179 = CARTESIAN_POINT ( 'NONE',  ( 57.99999999999999289, 30.52000000000000668, 0.000000000000000000 ) ) ;
#1180 = ORIENTED_EDGE ( 'NONE', *, *, #814, .F. ) ;
#1181 = FACE_OUTER_BOUND ( 'NONE', #1551, .T. ) ;
#1182 = PLANE ( 'NONE',  #106 ) ;
#1183 = EDGE_CURVE ( 'NONE', #991, #635, #1596, .T. ) ;
#1184 = ORIENTED_EDGE ( 'NONE', *, *, #219, .T. ) ;
#1185 = DIRECTION ( 'NONE',  ( 0.000000000000000000, 0.000000000000000000, 1.000000000000000000 ) ) ;
#1186 = DIRECTION ( 'NONE',  ( 0.000000000000000000, 0.000000000000000000, 1.000000000000000000 ) ) ;
#1187 = VECTOR ( 'NONE', #819, 1000.000000000000000 ) ;
#1188 = ORIENTED_EDGE ( 'NONE', *, *, #1294, .T. ) ;
#1189 = CARTESIAN_POINT ( 'NONE',  ( 59.99999999999997158, 58.50000000000000000, 30.00000000000000000 ) ) ;
#1190 = CIRCLE ( 'NONE', #1265, 1.699999999999993072 ) ;
#1191 = CIRCLE ( 'NONE', #482, 4.999999999999997335 ) ;
#1192 = FACE_BOUND ( 'NONE', #727, .T. ) ;
#1193 = VERTEX_POINT ( 'NONE', #1102 ) ;
#1194 = PLANE ( 'NONE',  #929 ) ;
#1195 = DIRECTION ( 'NONE',  ( 0.000000000000000000, 0.000000000000000000, 1.000000000000000000 ) ) ;
#1196 = ADVANCED_FACE ( 'NONE', ( #477 ), #1463, .F. ) ;
#1197 = AXIS2_PLACEMENT_3D ( 'NONE', #910, #54, #1185 ) ;
#1198 = EDGE_LOOP ( 'NONE', ( #1612, #327, #1218, #950 ) ) ;
#1199 = DIRECTION ( 'NONE',  ( -1.000000000000000000, 0.000000000000000000, 0.000000000000000000 ) ) ;
#1200 = LINE ( 'NONE', #940, #1236 ) ;
#1201 = ORIENTED_EDGE ( 'NONE', *, *, #1421, .T. ) ;
#1202 = LINE ( 'NONE', #1469, #486 ) ;
#1203 = CARTESIAN_POINT ( 'NONE',  ( 43.50000000000003553, 3.999999999999998224, 20.00000000000000711 ) ) ;
#1204 = ORIENTED_EDGE ( 'NONE', *, *, #377, .F. ) ;
#1205 = EDGE_CURVE ( 'NONE', #50, #1497, #1505, .T. ) ;
#1206 = PLANE ( 'NONE',  #796 ) ;
#1207 = DIRECTION ( 'NONE',  ( 6.880122210820919237E-17, -1.000000000000000000, 0.000000000000000000 ) ) ;
#1208 = ORIENTED_EDGE ( 'NONE', *, *, #257, .F. ) ;
#1209 = LINE ( 'NONE', #1478, #170 ) ;
#1210 = VERTEX_POINT ( 'NONE', #1217 ) ;
#1211 = CARTESIAN_POINT ( 'NONE',  ( 59.99999999999997158, 58.50000000000000000, 5.000000000000009770 ) ) ;
#1212 = VECTOR ( 'NONE', #1359, 1000.000000000000000 ) ;
#1213 = ADVANCED_FACE ( 'NONE', ( #570 ), #596, .F. ) ;
#1214 = LINE ( 'NONE', #1484, #637 ) ;
#1215 =( GEOMETRIC_REPRESENTATION_CONTEXT ( 3 ) GLOBAL_UNCERTAINTY_ASSIGNED_CONTEXT ( ( #1285 ) ) GLOBAL_UNIT_ASSIGNED_CONTEXT ( ( #613, #100, #92 ) ) REPRESENTATION_CONTEXT ( 'NONE', 'WORKASPACE' ) );
#1216 = ORIENTED_EDGE ( 'NONE', *, *, #740, .F. ) ;
#1217 = CARTESIAN_POINT ( 'NONE',  ( 2.999999999999993339, 80.00000000000000000, 40.00000000000000000 ) ) ;
#1218 = ORIENTED_EDGE ( 'NONE', *, *, #881, .T. ) ;
#1219 = LINE ( 'NONE', #209, #1448 ) ;
#1220 = EDGE_LOOP ( 'NONE', ( #833, #1449 ) ) ;
#1221 = DIRECTION ( 'NONE',  ( 0.000000000000000000, 0.000000000000000000, 1.000000000000000000 ) ) ;
#1222 = LINE ( 'NONE', #95, #539 ) ;
#1223 = VERTEX_POINT ( 'NONE', #609 ) ;
#1224 = ADVANCED_FACE ( 'NONE', ( #1121 ), #885, .F. ) ;
#1225 = AXIS2_PLACEMENT_3D ( 'NONE', #1203, #168, #1068 ) ;
#1226 = DIRECTION ( 'NONE',  ( -1.000000000000000000, 0.000000000000000000, 0.000000000000000000 ) ) ;
#1227 = ORIENTED_EDGE ( 'NONE', *, *, #429, .T. ) ;
#1228 = LINE ( 'NONE', #233, #1158 ) ;
#1229 = DIRECTION ( 'NONE',  ( -0.000000000000000000, 1.000000000000000000, -0.000000000000000000 ) ) ;
#1230 = ORIENTED_EDGE ( 'NONE', *, *, #1464, .F. ) ;
#1231 = EDGE_CURVE ( 'NONE', #195, #1162, #619, .T. ) ;
#1232 = CARTESIAN_POINT ( 'NONE',  ( 55.99999999999997868, 79.99999999999998579, 40.00000000000000000 ) ) ;
#1233 = ORIENTED_EDGE ( 'NONE', *, *, #235, .T. ) ;
#1234 = FILL_AREA_STYLE ('',( #1458 ) ) ;
#1235 = LINE ( 'NONE', #211, #1137 ) ;
#1236 = VECTOR ( 'NONE', #302, 1000.000000000000000 ) ;
#1237 = CIRCLE ( 'NONE', #1134, 4.999999999999990230 ) ;
#1238 = ORIENTED_EDGE ( 'NONE', *, *, #1271, .F. ) ;
#1239 = AXIS2_PLACEMENT_3D ( 'NONE', #1397, #1489, #139 ) ;
#1240 = AXIS2_PLACEMENT_3D ( 'NONE', #821, #797, #672 ) ;
#1241 = DIRECTION ( 'NONE',  ( 1.000000000000000000, -0.000000000000000000, -0.000000000000000000 ) ) ;
#1242 = EDGE_CURVE ( 'NONE', #598, #1149, #763, .T. ) ;
#1243 = VERTEX_POINT ( 'NONE', #990 ) ;
#1244 = FACE_OUTER_BOUND ( 'NONE', #1435, .T. ) ;
#1245 = ADVANCED_FACE ( 'NONE', ( #1264, #1386 ), #384, .F. ) ;
#1246 = EDGE_LOOP ( 'NONE', ( #1302, #433, #84, #185 ) ) ;
#1247 = CARTESIAN_POINT ( 'NONE',  ( 52.99999999999992895, 1.734723475976807094E-15, 0.000000000000000000 ) ) ;
#1248 = AXIS2_PLACEMENT_3D ( 'NONE', #1404, #1394, #1157 ) ;
#1249 = ORIENTED_EDGE ( 'NONE', *, *, #1304, .F. ) ;
#1250 = CARTESIAN_POINT ( 'NONE',  ( 58.00000000000000000, 8.999999999999998224, 40.00000000000000000 ) ) ;
#1251 = CARTESIAN_POINT ( 'NONE',  ( 57.99999999999999289, 30.52000000000000668, 0.000000000000000000 ) ) ;
#1252 = EDGE_CURVE ( 'NONE', #520, #542, #114, .T. ) ;
#1253 = ORIENTED_EDGE ( 'NONE', *, *, #951, .T. ) ;
#1254 = CARTESIAN_POINT ( 'NONE',  ( 43.50000000000003553, 0.000000000000000000, 20.00000000000000711 ) ) ;
#1255 = EDGE_CURVE ( 'NONE', #476, #120, #757, .T. ) ;
#1256 = DIRECTION ( 'NONE',  ( 0.000000000000000000, 0.000000000000000000, 1.000000000000000000 ) ) ;
#1257 = DIRECTION ( 'NONE',  ( 1.000000000000000000, 0.000000000000000000, -0.000000000000000000 ) ) ;
#1258 = DIRECTION ( 'NONE',  ( -1.000000000000000000, -0.000000000000000000, -0.000000000000000000 ) ) ;
#1259 = ORIENTED_EDGE ( 'NONE', *, *, #491, .T. ) ;
#1260 = LINE ( 'NONE', #1507, #737 ) ;
#1261 = EDGE_CURVE ( 'NONE', #1348, #485, #1494, .T. ) ;
#1262 = DIRECTION ( 'NONE',  ( 0.000000000000000000, 0.000000000000000000, -1.000000000000000000 ) ) ;
#1263 = CIRCLE ( 'NONE', #1499, 1.000000000000000888 ) ;
#1264 = FACE_BOUND ( 'NONE', #210, .T. ) ;
#1265 = AXIS2_PLACEMENT_3D ( 'NONE', #498, #1145, #392 ) ;
#1266 = DIRECTION ( 'NONE',  ( -1.000000000000000000, -0.000000000000000000, -0.000000000000000000 ) ) ;
#1267 = ORIENTED_EDGE ( 'NONE', *, *, #548, .T. ) ;
#1268 = DIRECTION ( 'NONE',  ( 0.000000000000000000, 1.000000000000000000, 0.000000000000000000 ) ) ;
#1269 = FACE_OUTER_BOUND ( 'NONE', #1076, .T. ) ;
#1270 = AXIS2_PLACEMENT_3D ( 'NONE', #368, #878, #1356 ) ;
#1271 = EDGE_CURVE ( 'NONE', #623, #655, #129, .T. ) ;
#1272 = ORIENTED_EDGE ( 'NONE', *, *, #1133, .F. ) ;
#1273 = FACE_BOUND ( 'NONE', #1287, .T. ) ;
#1274 = CARTESIAN_POINT ( 'NONE',  ( 1.999999999999995781, 58.50000000000000000, 30.00000000000000000 ) ) ;
#1275 = ORIENTED_EDGE ( 'NONE', *, *, #1114, .F. ) ;
#1276 = CARTESIAN_POINT ( 'NONE',  ( 2.999999999999993339, 79.00000000000000000, 40.00000000000000000 ) ) ;
#1277 = CARTESIAN_POINT ( 'NONE',  ( 56.99999999999996447, 58.50000000000000000, 32.25000000000000000 ) ) ;
#1278 = CARTESIAN_POINT ( 'NONE',  ( 56.99999999999996447, 58.50000000000000000, 7.749999999999998224 ) ) ;
#1279 = ORIENTED_EDGE ( 'NONE', *, *, #117, .F. ) ;
#1280 = DIRECTION ( 'NONE',  ( 0.000000000000000000, 0.000000000000000000, 1.000000000000000000 ) ) ;
#1281 = EDGE_CURVE ( 'NONE', #1193, #1348, #512, .T. ) ;
#1282 = DIRECTION ( 'NONE',  ( -1.000000000000000000, 0.000000000000000000, 0.000000000000000000 ) ) ;
#1283 = VERTEX_POINT ( 'NONE', #517 ) ;
#1284 = CARTESIAN_POINT ( 'NONE',  ( 53.00000000000000711, 8.999999999999998224, 40.00000000000000000 ) ) ;
#1285 = UNCERTAINTY_MEASURE_WITH_UNIT (LENGTH_MEASURE( 1.000000000000000082E-05 ), #613, 'distance_accuracy_value', 'NONE');
#1286 = DIRECTION ( 'NONE',  ( 0.000000000000000000, 0.000000000000000000, 1.000000000000000000 ) ) ;
#1287 = EDGE_LOOP ( 'NONE', ( #1488, #1470 ) ) ;
#1288 = FACE_BOUND ( 'NONE', #1409, .T. ) ;
#1289 = CIRCLE ( 'NONE', #237, 1.699999999999989742 ) ;
#1290 = AXIS2_PLACEMENT_3D ( 'NONE', #435, #1031, #1437 ) ;
#1291 = EDGE_CURVE ( 'NONE', #1316, #1309, #459, .T. ) ;
#1292 = CARTESIAN_POINT ( 'NONE',  ( 5.999999999999992895, 80.00000000000000000, 40.00000000000000000 ) ) ;
#1293 = ORIENTED_EDGE ( 'NONE', *, *, #510, .T. ) ;
#1294 = EDGE_CURVE ( 'NONE', #476, #172, #632, .T. ) ;
#1295 = DIRECTION ( 'NONE',  ( 1.000000000000000000, -0.000000000000000000, -0.000000000000000000 ) ) ;
#1296 = DIRECTION ( 'NONE',  ( 1.000000000000000000, 6.880122210820919237E-17, -0.000000000000000000 ) ) ;
#1297 = FACE_OUTER_BOUND ( 'NONE', #930, .T. ) ;
#1298 = AXIS2_PLACEMENT_3D ( 'NONE', #1588, #461, #65 ) ;
#1299 = ORIENTED_EDGE ( 'NONE', *, *, #780, .T. ) ;
#1300 = LINE ( 'NONE', #145, #856 ) ;
#1301 = DIRECTION ( 'NONE',  ( -1.000000000000000000, -0.000000000000000000, -0.000000000000000000 ) ) ;
#1302 = ORIENTED_EDGE ( 'NONE', *, *, #988, .F. ) ;
#1303 = LINE ( 'NONE', #182, #1392 ) ;
#1304 = EDGE_CURVE ( 'NONE', #843, #416, #749, .T. ) ;
#1305 = CARTESIAN_POINT ( 'NONE',  ( 59.99999999999997158, 58.50000000000000000, 34.99999999999999289 ) ) ;
#1306 = ORIENTED_EDGE ( 'NONE', *, *, #1252, .F. ) ;
#1307 = FACE_OUTER_BOUND ( 'NONE', #731, .T. ) ;
#1308 = CARTESIAN_POINT ( 'NONE',  ( 43.50000000000003553, 0.000000000000000000, 18.30000000000001847 ) ) ;
#1309 = VERTEX_POINT ( 'NONE', #983 ) ;
#1310 = FACE_OUTER_BOUND ( 'NONE', #969, .T. ) ;
#1311 = DIRECTION ( 'NONE',  ( -0.2672991915451636835, 0.9636135855203068479, 0.000000000000000000 ) ) ;
#1312 = ORIENTED_EDGE ( 'NONE', *, *, #1281, .F. ) ;
#1313 = DIRECTION ( 'NONE',  ( -1.000000000000000000, -0.000000000000000000, -0.000000000000000000 ) ) ;
#1314 = PLANE ( 'NONE',  #1110 ) ;
#1315 = VECTOR ( 'NONE', #68, 1000.000000000000000 ) ;
#1316 = VERTEX_POINT ( 'NONE', #1621 ) ;
#1317 = DIRECTION ( 'NONE',  ( 1.000000000000000000, 0.000000000000000000, 0.000000000000000000 ) ) ;
#1318 = VECTOR ( 'NONE', #259, 1000.000000000000000 ) ;
#1319 = PLANE ( 'NONE',  #453 ) ;
#1320 = ORIENTED_EDGE ( 'NONE', *, *, #740, .T. ) ;
#1321 = ADVANCED_FACE ( 'NONE', ( #1518, #230, #732 ), #123, .F. ) ;
#1322 = DIRECTION ( 'NONE',  ( 1.000000000000000000, -0.000000000000000000, -0.000000000000000000 ) ) ;
#1323 = AXIS2_PLACEMENT_3D ( 'NONE', #849, #1226, #1195 ) ;
#1324 = AXIS2_PLACEMENT_3D ( 'NONE', #618, #243, #1012 ) ;
#1325 = PRODUCT_CONTEXT ( 'NONE', #276, 'mechanical' ) ;
#1326 = ORIENTED_EDGE ( 'NONE', *, *, #470, .T. ) ;
#1327 = CARTESIAN_POINT ( 'NONE',  ( 1.999999999999995781, 58.50000000000000000, 14.99999999999999822 ) ) ;
#1328 = DIRECTION ( 'NONE',  ( 0.000000000000000000, 0.000000000000000000, -1.000000000000000000 ) ) ;
#1329 = ORIENTED_EDGE ( 'NONE', *, *, #46, .T. ) ;
#1330 = FACE_OUTER_BOUND ( 'NONE', #1365, .T. ) ;
#1331 = CARTESIAN_POINT ( 'NONE',  ( 5.999999999999992895, 58.50000000000000000, 10.00000000000000000 ) ) ;
#1332 = EDGE_LOOP ( 'NONE', ( #1495, #604, #440, #363 ) ) ;
#1333 = LINE ( 'NONE', #889, #1048 ) ;
#1334 = ORIENTED_EDGE ( 'NONE', *, *, #1057, .T. ) ;
#1335 = DIRECTION ( 'NONE',  ( 1.000000000000000000, 0.000000000000000000, 0.000000000000000000 ) ) ;
#1336 = PRODUCT_DEFINITION ( 'NON CONOSCIUTO', '', #201, #1384 ) ;
#1337 = ORIENTED_EDGE ( 'NONE', *, *, #167, .T. ) ;
#1338 = CARTESIAN_POINT ( 'NONE',  ( 4.000000000000001776, 30.51999999999999957, 0.000000000000000000 ) ) ;
#1339 = AXIS2_PLACEMENT_3D ( 'NONE', #484, #1593, #1459 ) ;
#1340 = EDGE_CURVE ( 'NONE', #444, #1540, #1170, .T. ) ;
#1341 = ORIENTED_EDGE ( 'NONE', *, *, #898, .F. ) ;
#1342 = DIRECTION ( 'NONE',  ( -0.000000000000000000, 1.000000000000000000, -0.000000000000000000 ) ) ;
#1343 = VECTOR ( 'NONE', #1123, 1000.000000000000000 ) ;
#1344 = CYLINDRICAL_SURFACE ( 'NONE', #1376, 2.249999999999995115 ) ;
#1345 = AXIS2_PLACEMENT_3D ( 'NONE', #111, #729, #1221 ) ;
#1346 = ORIENTED_EDGE ( 'NONE', *, *, #1353, .F. ) ;
#1347 = DIRECTION ( 'NONE',  ( -1.000000000000000000, 0.000000000000000000, 0.000000000000000000 ) ) ;
#1348 = VERTEX_POINT ( 'NONE', #864 ) ;
#1349 = CARTESIAN_POINT ( 'NONE',  ( 56.99999999999996447, 58.50000000000000000, 30.00000000000000000 ) ) ;
#1350 = AXIS2_PLACEMENT_3D ( 'NONE', #487, #391, #1135 ) ;
#1351 = DIRECTION ( 'NONE',  ( 0.2672991915451604639, 0.9636135855203077361, 0.000000000000000000 ) ) ;
#1352 = DIRECTION ( 'NONE',  ( -1.000000000000000000, 0.000000000000000000, 0.000000000000000000 ) ) ;
#1353 = EDGE_CURVE ( 'NONE', #70, #808, #9, .T. ) ;
#1354 = ORIENTED_EDGE ( 'NONE', *, *, #995, .F. ) ;
#1355 = CIRCLE ( 'NONE', #1460, 2.249999999999995115 ) ;
#1356 = DIRECTION ( 'NONE',  ( 0.000000000000000000, 0.000000000000000000, -1.000000000000000000 ) ) ;
#1357 = ORIENTED_EDGE ( 'NONE', *, *, #751, .T. ) ;
#1358 = CARTESIAN_POINT ( 'NONE',  ( 4.999999999999992895, 79.00000000000000000, 40.00000000000000000 ) ) ;
#1359 = DIRECTION ( 'NONE',  ( -0.000000000000000000, -0.000000000000000000, 1.000000000000000000 ) ) ;
#1360 = EDGE_CURVE ( 'NONE', #1624, #53, #1536, .T. ) ;
#1361 = ORIENTED_EDGE ( 'NONE', *, *, #1452, .F. ) ;
#1362 = CARTESIAN_POINT ( 'NONE',  ( 1.999999999999993117, 80.00000000000000000, 40.00000000000000000 ) ) ;
#1363 = ORIENTED_EDGE ( 'NONE', *, *, #1071, .F. ) ;
#1364 = CARTESIAN_POINT ( 'NONE',  ( 1.999999999999995781, 58.50000000000000000, 10.00000000000000000 ) ) ;
#1365 = EDGE_LOOP ( 'NONE', ( #247, #615, #1167, #495 ) ) ;
#1366 = PLANE ( 'NONE',  #633 ) ;
#1367 = VECTOR ( 'NONE', #760, 1000.000000000000000 ) ;
#1368 = AXIS2_PLACEMENT_3D ( 'NONE', #752, #1008, #513 ) ;
#1369 = ORIENTED_EDGE ( 'NONE', *, *, #1152, .F. ) ;
#1370 = CARTESIAN_POINT ( 'NONE',  ( 4.000000000000003553, 9.000000000000028422, 0.000000000000000000 ) ) ;
#1371 = EDGE_CURVE ( 'NONE', #1210, #70, #981, .T. ) ;
#1372 = CYLINDRICAL_SURFACE ( 'NONE', #660, 1.699999999999989742 ) ;
#1373 = EDGE_LOOP ( 'NONE', ( #692, #1184, #1334, #160 ) ) ;
#1374 = CARTESIAN_POINT ( 'NONE',  ( 4.999999999999992895, 80.00000000000000000, 40.00000000000000000 ) ) ;
#1375 = CIRCLE ( 'NONE', #403, 4.999999999999997335 ) ;
#1376 = AXIS2_PLACEMENT_3D ( 'NONE', #1106, #1313, #1443 ) ;
#1377 = CARTESIAN_POINT ( 'NONE',  ( 59.99999999999997868, 37.72999999999999687, 0.000000000000000000 ) ) ;
#1378 = DIRECTION ( 'NONE',  ( -0.000000000000000000, -0.000000000000000000, -1.000000000000000000 ) ) ;
#1379 = AXIS2_PLACEMENT_3D ( 'NONE', #787, #1296, #778 ) ;
#1380 = EDGE_CURVE ( 'NONE', #651, #1120, #695, .T. ) ;
#1381 = FACE_BOUND ( 'NONE', #1530, .T. ) ;
#1382 = VERTEX_POINT ( 'NONE', #1178 ) ;
#1383 = DIRECTION ( 'NONE',  ( 0.2672991915451614076, 0.9636135855203075140, 0.000000000000000000 ) ) ;
#1384 = PRODUCT_DEFINITION_CONTEXT ( 'detailed design', #563, 'design' ) ;
#1385 = DIRECTION ( 'NONE',  ( 0.000000000000000000, 1.000000000000000000, 0.000000000000000000 ) ) ;
#1386 = FACE_OUTER_BOUND ( 'NONE', #700, .T. ) ;
#1387 = DIRECTION ( 'NONE',  ( 0.000000000000000000, 0.000000000000000000, 1.000000000000000000 ) ) ;
#1388 = ORIENTED_EDGE ( 'NONE', *, *, #592, .T. ) ;
#1389 = DIRECTION ( 'NONE',  ( 0.000000000000000000, 0.000000000000000000, 1.000000000000000000 ) ) ;
#1390 = EDGE_CURVE ( 'NONE', #673, #552, #809, .T. ) ;
#1391 = FACE_OUTER_BOUND ( 'NONE', #959, .T. ) ;
#1392 = VECTOR ( 'NONE', #684, 1000.000000000000000 ) ;
#1393 = VERTEX_POINT ( 'NONE', #664 ) ;
#1394 = DIRECTION ( 'NONE',  ( 0.000000000000000000, 1.000000000000000000, 0.000000000000000000 ) ) ;
#1395 = CIRCLE ( 'NONE', #1368, 1.699999999999989742 ) ;
#1396 = AXIS2_PLACEMENT_3D ( 'NONE', #383, #1385, #1517 ) ;
#1397 = CARTESIAN_POINT ( 'NONE',  ( 18.50000000000003553, 3.999999999999997335, 20.00000000000000711 ) ) ;
#1398 = ORIENTED_EDGE ( 'NONE', *, *, #1101, .F. ) ;
#1399 = LINE ( 'NONE', #261, #187 ) ;
#1400 = DIRECTION ( 'NONE',  ( -1.000000000000000000, 0.000000000000000000, 0.000000000000000000 ) ) ;
#1401 = ADVANCED_FACE ( 'NONE', ( #1273, #1055, #1307 ), #29, .F. ) ;
#1402 = AXIS2_PLACEMENT_3D ( 'NONE', #1510, #104, #138 ) ;
#1403 = ORIENTED_EDGE ( 'NONE', *, *, #1462, .F. ) ;
#1404 = CARTESIAN_POINT ( 'NONE',  ( 9.000000000000063949, 0.000000000000000000, 40.00000000000000000 ) ) ;
#1405 = CARTESIAN_POINT ( 'NONE',  ( 59.99999999999998579, 79.99999999999998579, 0.000000000000000000 ) ) ;
#1406 = VERTEX_POINT ( 'NONE', #1428 ) ;
#1407 = CARTESIAN_POINT ( 'NONE',  ( 4.999999999999994671, 58.50000000000000000, 25.00000000000000000 ) ) ;
#1408 = CARTESIAN_POINT ( 'NONE',  ( 58.99999999999998579, 78.99999999999998579, 40.00000000000000000 ) ) ;
#1409 = EDGE_LOOP ( 'NONE', ( #963, #1032 ) ) ;
#1410 = FACE_OUTER_BOUND ( 'NONE', #1548, .T. ) ;
#1411 = EDGE_CURVE ( 'NONE', #506, #1210, #1300, .T. ) ;
#1412 = DIRECTION ( 'NONE',  ( -0.000000000000000000, -0.000000000000000000, 1.000000000000000000 ) ) ;
#1413 = EDGE_LOOP ( 'NONE', ( #1130, #150, #42, #229 ) ) ;
#1414 = DIRECTION ( 'NONE',  ( -1.000000000000000000, -0.000000000000000000, -0.000000000000000000 ) ) ;
#1415 = CARTESIAN_POINT ( 'NONE',  ( 59.99999999999997158, 58.50000000000000000, 30.00000000000000000 ) ) ;
#1416 = EDGE_LOOP ( 'NONE', ( #295, #1275, #909, #857 ) ) ;
#1417 = CARTESIAN_POINT ( 'NONE',  ( 1.999999999999995781, 58.50000000000000000, 25.00000000000000000 ) ) ;
#1418 = VECTOR ( 'NONE', #845, 1000.000000000000000 ) ;
#1419 = CIRCLE ( 'NONE', #424, 4.999999999999990230 ) ;
#1420 = CARTESIAN_POINT ( 'NONE',  ( 56.99999999999996447, 58.50000000000000000, 30.00000000000000000 ) ) ;
#1421 = EDGE_CURVE ( 'NONE', #736, #1432, #142, .T. ) ;
#1422 = AXIS2_PLACEMENT_3D ( 'NONE', #169, #576, #447 ) ;
#1423 = ORIENTED_EDGE ( 'NONE', *, *, #1025, .F. ) ;
#1424 = CARTESIAN_POINT ( 'NONE',  ( 56.99999999999997868, 79.99999999999998579, 40.00000000000000000 ) ) ;
#1425 = ADVANCED_FACE ( 'NONE', ( #1018 ), #173, .F. ) ;
#1426 = DIRECTION ( 'NONE',  ( 0.000000000000000000, 0.000000000000000000, -1.000000000000000000 ) ) ;
#1427 = EDGE_LOOP ( 'NONE', ( #1216, #240, #1468, #446 ) ) ;
#1428 = CARTESIAN_POINT ( 'NONE',  ( 59.99999999999998579, 78.99999999999998579, 40.00000000000000000 ) ) ;
#1429 = VECTOR ( 'NONE', #722, 1000.000000000000000 ) ;
#1430 = DIRECTION ( 'NONE',  ( 1.000000000000000000, -0.000000000000000000, -0.000000000000000000 ) ) ;
#1431 = EDGE_CURVE ( 'NONE', #204, #1283, #1119, .T. ) ;
#1432 = VERTEX_POINT ( 'NONE', #674 ) ;
#1433 = CARTESIAN_POINT ( 'NONE',  ( 58.99999999999998579, 78.99999999999998579, 40.00000000000000000 ) ) ;
#1434 = CARTESIAN_POINT ( 'NONE',  ( 1.999999999999995781, 58.50000000000000000, 32.24999999999999289 ) ) ;
#1435 = EDGE_LOOP ( 'NONE', ( #867, #480, #617, #299 ) ) ;
#1436 = DIRECTION ( 'NONE',  ( 0.000000000000000000, 0.000000000000000000, 1.000000000000000000 ) ) ;
#1437 = DIRECTION ( 'NONE',  ( 1.000000000000000000, 1.182766006347825081E-16, 0.000000000000000000 ) ) ;
#1438 = ORIENTED_EDGE ( 'NONE', *, *, #1604, .F. ) ;
#1439 = DIRECTION ( 'NONE',  ( 0.000000000000000000, 0.000000000000000000, -1.000000000000000000 ) ) ;
#1440 = CARTESIAN_POINT ( 'NONE',  ( 57.99999999999999289, 30.52000000000000668, 40.00000000000000000 ) ) ;
#1441 = EDGE_CURVE ( 'NONE', #93, #113, #356, .T. ) ;
#1442 = ORIENTED_EDGE ( 'NONE', *, *, #331, .T. ) ;
#1443 = DIRECTION ( 'NONE',  ( 0.000000000000000000, 0.000000000000000000, 1.000000000000000000 ) ) ;
#1444 = DIRECTION ( 'NONE',  ( 0.000000000000000000, -1.000000000000000000, 0.000000000000000000 ) ) ;
#1445 = AXIS2_PLACEMENT_3D ( 'NONE', #994, #1389, #141 ) ;
#1446 = VERTEX_POINT ( 'NONE', #656 ) ;
#1447 = CARTESIAN_POINT ( 'NONE',  ( 9.000000000000063949, 0.000000000000000000, 40.00000000000000000 ) ) ;
#1448 = VECTOR ( 'NONE', #75, 1000.000000000000227 ) ;
#1449 = ORIENTED_EDGE ( 'NONE', *, *, #277, .F. ) ;
#1450 = AXIS2_PLACEMENT_3D ( 'NONE', #326, #183, #947 ) ;
#1451 = LINE ( 'NONE', #1166, #7 ) ;
#1452 = EDGE_CURVE ( 'NONE', #1540, #542, #558, .T. ) ;
#1453 = EDGE_LOOP ( 'NONE', ( #905, #357 ) ) ;
#1454 = DIRECTION ( 'NONE',  ( 0.000000000000000000, 0.000000000000000000, 1.000000000000000000 ) ) ;
#1455 = CIRCLE ( 'NONE', #119, 4.999999999999999112 ) ;
#1456 = CARTESIAN_POINT ( 'NONE',  ( 53.00000000000000711, 8.999999999999998224, 40.00000000000000000 ) ) ;
#1457 = ORIENTED_EDGE ( 'NONE', *, *, #751, .F. ) ;
#1458 = FILL_AREA_STYLE_COLOUR ( '', #922 ) ;
#1459 = DIRECTION ( 'NONE',  ( 0.000000000000000000, 0.000000000000000000, 1.000000000000000000 ) ) ;
#1460 = AXIS2_PLACEMENT_3D ( 'NONE', #1331, #579, #274 ) ;
#1461 = VERTEX_POINT ( 'NONE', #1417 ) ;
#1462 = EDGE_CURVE ( 'NONE', #1017, #122, #892, .T. ) ;
#1463 = CYLINDRICAL_SURFACE ( 'NONE', #802, 4.999999999999990230 ) ;
#1464 = EDGE_CURVE ( 'NONE', #172, #1393, #1455, .T. ) ;
#1465 = EDGE_LOOP ( 'NONE', ( #1227, #1442, #1363, #1590 ) ) ;
#1466 = EDGE_LOOP ( 'NONE', ( #1014, #824, #1537, #242 ) ) ;
#1467 = LINE ( 'NONE', #1491, #1418 ) ;
#1468 = ORIENTED_EDGE ( 'NONE', *, *, #1231, .F. ) ;
#1469 = CARTESIAN_POINT ( 'NONE',  ( 55.99999999999997868, 79.99999999999998579, 40.00000000000000000 ) ) ;
#1470 = ORIENTED_EDGE ( 'NONE', *, *, #127, .T. ) ;
#1471 = ADVANCED_FACE ( 'NONE', ( #1526, #1288, #1410 ), #1546, .F. ) ;
#1472 = FACE_OUTER_BOUND ( 'NONE', #818, .T. ) ;
#1473 = CIRCLE ( 'NONE', #81, 4.999999999999997335 ) ;
#1474 = CARTESIAN_POINT ( 'NONE',  ( 2.999999999999993339, 79.00000000000000000, 0.000000000000000000 ) ) ;
#1475 = AXIS2_PLACEMENT_3D ( 'NONE', #118, #886, #1387 ) ;
#1476 = DIRECTION ( 'NONE',  ( 0.000000000000000000, 0.000000000000000000, 1.000000000000000000 ) ) ;
#1477 = ORIENTED_EDGE ( 'NONE', *, *, #1411, .F. ) ;
#1478 = CARTESIAN_POINT ( 'NONE',  ( 62.00000000000000000, 9.000000000000063949, 0.000000000000000000 ) ) ;
#1479 = VECTOR ( 'NONE', #1021, 1000.000000000000000 ) ;
#1480 = ORIENTED_EDGE ( 'NONE', *, *, #630, .T. ) ;
#1481 = CYLINDRICAL_SURFACE ( 'NONE', #264, 2.250000000000001776 ) ;
#1482 = VECTOR ( 'NONE', #535, 1000.000000000000000 ) ;
#1483 = EDGE_CURVE ( 'NONE', #489, #991, #488, .T. ) ;
#1484 = CARTESIAN_POINT ( 'NONE',  ( 43.50000000000003553, 3.999999999999998224, 18.30000000000001847 ) ) ;
#1485 = EDGE_CURVE ( 'NONE', #1124, #827, #543, .T. ) ;
#1486 = EDGE_LOOP ( 'NONE', ( #888, #781, #838, #467 ) ) ;
#1487 = DIRECTION ( 'NONE',  ( -1.000000000000000000, -1.182766006347825081E-16, 0.000000000000000000 ) ) ;
#1488 = ORIENTED_EDGE ( 'NONE', *, *, #834, .T. ) ;
#1489 = DIRECTION ( 'NONE',  ( -0.000000000000000000, 1.000000000000000000, -0.000000000000000000 ) ) ;
#1490 = VERTEX_POINT ( 'NONE', #417 ) ;
#1491 = CARTESIAN_POINT ( 'NONE',  ( 62.00000000000000000, 9.000000000000063949, 40.00000000000000000 ) ) ;
#1492 = ORIENTED_EDGE ( 'NONE', *, *, #153, .T. ) ;
#1493 = EDGE_CURVE ( 'NONE', #79, #122, #38, .T. ) ;
#1494 = LINE ( 'NONE', #1370, #273 ) ;
#1495 = ORIENTED_EDGE ( 'NONE', *, *, #871, .F. ) ;
#1496 = CARTESIAN_POINT ( 'NONE',  ( 5.999999999999992895, 58.50000000000000000, 30.00000000000000000 ) ) ;
#1497 = VERTEX_POINT ( 'NONE', #1064 ) ;
#1498 = DIRECTION ( 'NONE',  ( 0.000000000000000000, 0.000000000000000000, -1.000000000000000000 ) ) ;
#1499 = AXIS2_PLACEMENT_3D ( 'NONE', #624, #388, #1531 ) ;
#1500 = AXIS2_PLACEMENT_3D ( 'NONE', #1171, #58, #180 ) ;
#1501 = CARTESIAN_POINT ( 'NONE',  ( 56.99999999999996447, 58.50000000000000000, 27.74999999999999645 ) ) ;
#1502 = EDGE_CURVE ( 'NONE', #663, #1432, #1222, .T. ) ;
#1503 = DIRECTION ( 'NONE',  ( -1.000000000000000000, 0.000000000000000000, 0.000000000000000000 ) ) ;
#1504 = CARTESIAN_POINT ( 'NONE',  ( 1.999999999999995781, 58.50000000000000000, 30.00000000000000000 ) ) ;
#1505 = CIRCLE ( 'NONE', #1004, 1.000000000000000888 ) ;
#1506 = ORIENTED_EDGE ( 'NONE', *, *, #448, .T. ) ;
#1507 = CARTESIAN_POINT ( 'NONE',  ( 55.99999999999997868, 79.99999999999998579, 0.000000000000000000 ) ) ;
#1508 = AXIS2_PLACEMENT_3D ( 'NONE', #1066, #1094, #258 ) ;
#1509 = FACE_OUTER_BOUND ( 'NONE', #1579, .T. ) ;
#1510 = CARTESIAN_POINT ( 'NONE',  ( 4.999999999999992895, 79.00000000000000000, 0.000000000000000000 ) ) ;
#1511 = ADVANCED_FACE ( 'NONE', ( #600, #102 ), #1194, .F. ) ;
#1512 =( GEOMETRIC_REPRESENTATION_CONTEXT ( 3 ) GLOBAL_UNCERTAINTY_ASSIGNED_CONTEXT ( ( #746 ) ) GLOBAL_UNIT_ASSIGNED_CONTEXT ( ( #73, #292, #83 ) ) REPRESENTATION_CONTEXT ( 'NONE', 'WORKASPACE' ) );
#1513 = PLANE ( 'NONE',  #1475 ) ;
#1514 = EDGE_CURVE ( 'NONE', #307, #996, #353, .T. ) ;
#1515 = EDGE_LOOP ( 'NONE', ( #1403, #830, #1326, #1602 ) ) ;
#1516 = CARTESIAN_POINT ( 'NONE',  ( 52.99999999999992895, 1.734723475976807094E-15, 40.00000000000000000 ) ) ;
#1517 = DIRECTION ( 'NONE',  ( 0.000000000000000000, 0.000000000000000000, 1.000000000000000000 ) ) ;
#1518 = FACE_BOUND ( 'NONE', #944, .T. ) ;
#1519 = DIRECTION ( 'NONE',  ( 0.000000000000000000, 0.000000000000000000, 1.000000000000000000 ) ) ;
#1520 = EDGE_CURVE ( 'NONE', #680, #1461, #942, .T. ) ;
#1521 = ORIENTED_EDGE ( 'NONE', *, *, #1174, .T. ) ;
#1522 = DIRECTION ( 'NONE',  ( 0.000000000000000000, 0.000000000000000000, -1.000000000000000000 ) ) ;
#1523 = CARTESIAN_POINT ( 'NONE',  ( 4.000000000000001776, 30.51999999999999957, 40.00000000000000000 ) ) ;
#1524 = VECTOR ( 'NONE', #1042, 1000.000000000000000 ) ;
#1525 = ORIENTED_EDGE ( 'NONE', *, *, #1152, .T. ) ;
#1526 = FACE_BOUND ( 'NONE', #361, .T. ) ;
#1527 = CIRCLE ( 'NONE', #848, 4.999999999999997335 ) ;
#1528 = VECTOR ( 'NONE', #884, 1000.000000000000000 ) ;
#1529 = DIRECTION ( 'NONE',  ( 1.000000000000000000, 1.128575717751648869E-16, -0.000000000000000000 ) ) ;
#1530 = EDGE_LOOP ( 'NONE', ( #759, #875 ) ) ;
#1531 = DIRECTION ( 'NONE',  ( 1.000000000000000000, 0.000000000000000000, 0.000000000000000000 ) ) ;
#1532 = ADVANCED_FACE ( 'NONE', ( #730 ), #1344, .F. ) ;
#1533 = PLANE ( 'NONE',  #1379 ) ;
#1534 = FACE_OUTER_BOUND ( 'NONE', #1466, .T. ) ;
#1535 = AXIS2_PLACEMENT_3D ( 'NONE', #691, #1322, #224 ) ;
#1536 = CIRCLE ( 'NONE', #1589, 2.250000000000001776 ) ;
#1537 = ORIENTED_EDGE ( 'NONE', *, *, #1205, .F. ) ;
#1538 = DIRECTION ( 'NONE',  ( 1.000000000000000000, 0.000000000000000000, 0.000000000000000000 ) ) ;
#1539 = LINE ( 'NONE', #174, #556 ) ;
#1540 = VERTEX_POINT ( 'NONE', #569 ) ;
#1541 = DIRECTION ( 'NONE',  ( -1.000000000000000000, -0.000000000000000000, -0.000000000000000000 ) ) ;
#1542 = CARTESIAN_POINT ( 'NONE',  ( 4.999999999999994671, 58.50000000000000000, 34.99999999999999289 ) ) ;
#1543 = DIRECTION ( 'NONE',  ( -1.000000000000000000, -0.000000000000000000, -0.000000000000000000 ) ) ;
#1544 = ADVANCED_FACE ( 'NONE', ( #935 ), #475, .F. ) ;
#1545 = ORIENTED_EDGE ( 'NONE', *, *, #1304, .T. ) ;
#1546 = PLANE ( 'NONE',  #593 ) ;
#1547 = CARTESIAN_POINT ( 'NONE',  ( 1.999999999999993117, 80.00000000000000000, 40.00000000000000000 ) ) ;
#1548 = EDGE_LOOP ( 'NONE', ( #317, #1103, #658, #492 ) ) ;
#1549 = LINE ( 'NONE', #1033, #159 ) ;
#1550 = FACE_OUTER_BOUND ( 'NONE', #896, .T. ) ;
#1551 = EDGE_LOOP ( 'NONE', ( #1438, #789, #847, #696 ) ) ;
#1552 = DIRECTION ( 'NONE',  ( 1.000000000000000000, -0.000000000000000000, -0.000000000000000000 ) ) ;
#1553 = AXIS2_PLACEMENT_3D ( 'NONE', #431, #938, #1173 ) ;
#1554 = EDGE_CURVE ( 'NONE', #1574, #1116, #669, .T. ) ;
#1555 = CIRCLE ( 'NONE', #188, 1.699999999999989742 ) ;
#1556 = CARTESIAN_POINT ( 'NONE',  ( 5.999999999999992895, 79.00000000000000000, 40.00000000000000000 ) ) ;
#1557 = ORIENTED_EDGE ( 'NONE', *, *, #670, .T. ) ;
#1558 = PLANE ( 'NONE',  #1553 ) ;
#1559 = AXIS2_PLACEMENT_3D ( 'NONE', #1420, #1430, #1040 ) ;
#1560 = CARTESIAN_POINT ( 'NONE',  ( 9.000000000000039080, 3.999999999999993339, 40.00000000000000000 ) ) ;
#1561 = ORIENTED_EDGE ( 'NONE', *, *, #385, .T. ) ;
#1562 = DIRECTION ( 'NONE',  ( 0.000000000000000000, 0.000000000000000000, 1.000000000000000000 ) ) ;
#1563 = VECTOR ( 'NONE', #15, 1000.000000000000000 ) ;
#1564 = ADVANCED_FACE ( 'NONE', ( #186 ), #228, .T. ) ;
#1565 = CARTESIAN_POINT ( 'NONE',  ( 59.99999999999998579, 78.99999999999998579, 40.00000000000000000 ) ) ;
#1566 = ORIENTED_EDGE ( 'NONE', *, *, #622, .T. ) ;
#1567 = EDGE_CURVE ( 'NONE', #1049, #97, #846, .T. ) ;
#1568 = LINE ( 'NONE', #315, #1187 ) ;
#1569 = LINE ( 'NONE', #1440, #874 ) ;
#1570 = EDGE_LOOP ( 'NONE', ( #1022, #33, #941, #21 ) ) ;
#1571 = DIRECTION ( 'NONE',  ( 0.000000000000000000, 0.000000000000000000, -1.000000000000000000 ) ) ;
#1572 = CARTESIAN_POINT ( 'NONE',  ( 18.50000000000003553, 3.999999999999997335, 21.69999999999999574 ) ) ;
#1573 = DIRECTION ( 'NONE',  ( 1.000000000000000000, 0.000000000000000000, 0.000000000000000000 ) ) ;
#1574 = VERTEX_POINT ( 'NONE', #1085 ) ;
#1575 = CARTESIAN_POINT ( 'NONE',  ( 55.99999999999997868, 58.50000000000000000, 10.00000000000000000 ) ) ;
#1576 = EDGE_CURVE ( 'NONE', #506, #195, #1034, .T. ) ;
#1577 = EDGE_LOOP ( 'NONE', ( #199, #1180, #99, #1594 ) ) ;
#1578 = DIRECTION ( 'NONE',  ( 0.000000000000000000, 0.000000000000000000, 1.000000000000000000 ) ) ;
#1579 = EDGE_LOOP ( 'NONE', ( #1357, #528, #1618, #1584 ) ) ;
#1580 = CARTESIAN_POINT ( 'NONE',  ( 5.999999999999992895, 80.00000000000000000, 0.000000000000000000 ) ) ;
#1581 = CIRCLE ( 'NONE', #973, 4.999999999999990230 ) ;
#1582 = AXIS2_PLACEMENT_3D ( 'NONE', #955, #334, #701 ) ;
#1583 = EDGE_LOOP ( 'NONE', ( #1001, #1044 ) ) ;
#1584 = ORIENTED_EDGE ( 'NONE', *, *, #257, .T. ) ;
#1585 = CYLINDRICAL_SURFACE ( 'NONE', #109, 1.699999999999989742 ) ;
#1586 = ADVANCED_FACE ( 'NONE', ( #332 ), #443, .F. ) ;
#1587 = VERTEX_POINT ( 'NONE', #1542 ) ;
#1588 = CARTESIAN_POINT ( 'NONE',  ( 43.50000000000003553, 4.000000000000000000, 20.00000000000000711 ) ) ;
#1589 = AXIS2_PLACEMENT_3D ( 'NONE', #1006, #236, #738 ) ;
#1590 = ORIENTED_EDGE ( 'NONE', *, *, #1514, .T. ) ;
#1591 = DIRECTION ( 'NONE',  ( 1.000000000000000000, -0.000000000000000000, -0.000000000000000000 ) ) ;
#1592 = EDGE_LOOP ( 'NONE', ( #39, #804, #1037, #231 ) ) ;
#1593 = DIRECTION ( 'NONE',  ( -1.000000000000000000, -0.000000000000000000, -0.000000000000000000 ) ) ;
#1594 = ORIENTED_EDGE ( 'NONE', *, *, #1176, .T. ) ;
#1595 = ADVANCED_FACE ( 'NONE', ( #198 ), #530, .T. ) ;
#1596 = LINE ( 'NONE', #98, #115 ) ;
#1597 = ORIENTED_EDGE ( 'NONE', *, *, #1025, .T. ) ;
#1598 = CARTESIAN_POINT ( 'NONE',  ( 43.50000000000003553, 0.000000000000000000, 20.00000000000000711 ) ) ;
#1599 = ORIENTED_EDGE ( 'NONE', *, *, #350, .T. ) ;
#1600 = DIRECTION ( 'NONE',  ( -1.000000000000000000, -0.000000000000000000, -0.000000000000000000 ) ) ;
#1601 = DIRECTION ( 'NONE',  ( -1.000000000000000000, -0.000000000000000000, -0.000000000000000000 ) ) ;
#1602 = ORIENTED_EDGE ( 'NONE', *, *, #1493, .T. ) ;
#1603 = PLANE ( 'NONE',  #1323 ) ;
#1604 = EDGE_CURVE ( 'NONE', #225, #753, #1355, .T. ) ;
#1605 = ORIENTED_EDGE ( 'NONE', *, *, #510, .F. ) ;
#1606 = DIRECTION ( 'NONE',  ( -1.000000000000000000, -8.060982695059524530E-17, 0.000000000000000000 ) ) ;
#1607 = AXIS2_PLACEMENT_3D ( 'NONE', #1189, #60, #565 ) ;
#1608 = FACE_OUTER_BOUND ( 'NONE', #1515, .T. ) ;
#1609 = VECTOR ( 'NONE', #828, 1000.000000000000114 ) ;
#1610 = CARTESIAN_POINT ( 'NONE',  ( 1.999999999999995781, 58.50000000000000000, 25.00000000000000000 ) ) ;
#1611 = CIRCLE ( 'NONE', #1083, 2.250000000000001776 ) ;
#1612 = ORIENTED_EDGE ( 'NONE', *, *, #561, .F. ) ;
#1613 = DIRECTION ( 'NONE',  ( -0.000000000000000000, 0.000000000000000000, -1.000000000000000000 ) ) ;
#1614 = ORIENTED_EDGE ( 'NONE', *, *, #1205, .T. ) ;
#1615 = CARTESIAN_POINT ( 'NONE',  ( 59.99999999999997158, 58.50000000000000000, 5.000000000000009770 ) ) ;
#1616 = VECTOR ( 'NONE', #502, 1000.000000000000000 ) ;
#1617 = ADVANCED_FACE ( 'NONE', ( #206 ), #1533, .F. ) ;
#1618 = ORIENTED_EDGE ( 'NONE', *, *, #287, .F. ) ;
#1619 = DIRECTION ( 'NONE',  ( -0.000000000000000000, -0.000000000000000000, -1.000000000000000000 ) ) ;
#1620 = ORIENTED_EDGE ( 'NONE', *, *, #297, .F. ) ;
#1621 = CARTESIAN_POINT ( 'NONE',  ( 5.999999999999992895, 58.50000000000000000, 27.75000000000000355 ) ) ;
#1622 = EDGE_LOOP ( 'NONE', ( #59, #499, #1095, #473 ) ) ;
#1623 = DIRECTION ( 'NONE',  ( -1.000000000000000000, -0.000000000000000000, -0.000000000000000000 ) ) ;
#1624 = VERTEX_POINT ( 'NONE', #1277 ) ;
#1625 = DIRECTION ( 'NONE',  ( -0.000000000000000000, 1.000000000000000000, -0.000000000000000000 ) ) ;
#1626 = ADVANCED_FACE ( 'NONE', ( #707 ), #44, .F. ) ;
#1627 = CARTESIAN_POINT ( 'NONE',  ( 53.00000000000000711, 8.999999999999998224, 0.000000000000000000 ) ) ;
ENDSEC;
END-ISO-10303-21;
