ISO-10303-21;
HEADER;
FILE_DESCRIPTION (( 'STEP AP214' ),
    '1' );
FILE_NAME ('ELP-0030.STEP',
    '2026-03-16T21:33:57',
    ( '' ),
    ( '' ),
    'SwSTEP 2.0',
    'SolidWorks 2024',
    '' );
FILE_SCHEMA (( 'AUTOMOTIVE_DESIGN' ));
ENDSEC;

DATA;
#1 = CIRCLE ( 'NONE', #1334, 20.00000000000000711 ) ;
#2 = EDGE_CURVE ( 'NONE', #1316, #2229, #4890, .T. ) ;
#3 = EDGE_LOOP ( 'NONE', ( #6569, #2275, #5166, #1408 ) ) ;
#4 = EDGE_CURVE ( 'NONE', #1549, #3683, #558, .T. ) ;
#5 = EDGE_CURVE ( 'NONE', #5493, #2260, #2490, .T. ) ;
#6 = AXIS2_PLACEMENT_3D ( 'NONE', #4353, #6124, #6877 ) ;
#7 = CARTESIAN_POINT ( 'NONE',  ( 11.99999999999999822, 36.34385289850632006, -29.77717097092037690 ) ) ;
#8 = DIRECTION ( 'NONE',  ( -1.000000000000000000, 0.000000000000000000, 0.000000000000000000 ) ) ;
#9 = CARTESIAN_POINT ( 'NONE',  ( 0.000000000000000000, 0.000000000000000000, 0.000000000000000000 ) ) ;
#10 = CARTESIAN_POINT ( 'NONE',  ( -10.00000000000000000, 0.000000000000000000, 0.000000000000000000 ) ) ;
#11 = EDGE_LOOP ( 'NONE', ( #5037, #1482, #4988, #3813 ) ) ;
#12 = DIRECTION ( 'NONE',  ( -1.000000000000000000, 0.000000000000000000, 0.000000000000000000 ) ) ;
#13 = CYLINDRICAL_SURFACE ( 'NONE', #5144, 20.00000000000000355 ) ;
#14 = VERTEX_POINT ( 'NONE', #815 ) ;
#15 = ORIENTED_EDGE ( 'NONE', *, *, #3596, .F. ) ;
#16 = ORIENTED_EDGE ( 'NONE', *, *, #4475, .F. ) ;
#17 = EDGE_CURVE ( 'NONE', #4578, #2112, #673, .T. ) ;
#18 = ORIENTED_EDGE ( 'NONE', *, *, #3383, .F. ) ;
#19 = CARTESIAN_POINT ( 'NONE',  ( 11.99999999999999822, 2.123073309835163069, 47.45152853935334747 ) ) ;
#20 = DIRECTION ( 'NONE',  ( -1.000000000000000000, -0.000000000000000000, -0.000000000000000000 ) ) ;
#21 = DIRECTION ( 'NONE',  ( 0.000000000000000000, -0.9510565162951565288, 0.3090169943749383474 ) ) ;
#22 = CYLINDRICAL_SURFACE ( 'NONE', #2276, 20.00000000000000355 ) ;
#23 = CARTESIAN_POINT ( 'NONE',  ( 11.99999999999999822, 42.41764978026606059, 20.20639853260305685 ) ) ;
#24 = ORIENTED_EDGE ( 'NONE', *, *, #857, .F. ) ;
#25 = ADVANCED_FACE ( 'NONE', ( #5406 ), #6048, .F. ) ;
#26 = EDGE_LOOP ( 'NONE', ( #3304, #1241, #1094, #7169 ) ) ;
#27 = AXIS2_PLACEMENT_3D ( 'NONE', #4177, #3589, #5937 ) ;
#28 = FACE_OUTER_BOUND ( 'NONE', #6647, .T. ) ;
#29 = CARTESIAN_POINT ( 'NONE',  ( -10.00000000000000000, 0.000000000000000000, 0.000000000000000000 ) ) ;
#30 = EDGE_CURVE ( 'NONE', #3570, #5873, #2474, .T. ) ;
#31 = CARTESIAN_POINT ( 'NONE',  ( 11.99999999999999822, 27.79676263918241830, -37.88001506494738635 ) ) ;
#32 = DIRECTION ( 'NONE',  ( -1.000000000000000000, 0.000000000000000000, 0.000000000000000000 ) ) ;
#33 = CARTESIAN_POINT ( 'NONE',  ( 12.00000000000000000, 0.000000000000000000, 0.000000000000000000 ) ) ;
#34 = DIRECTION ( 'NONE',  ( -1.000000000000000000, 0.000000000000000000, 0.000000000000000000 ) ) ;
#35 = AXIS2_PLACEMENT_3D ( 'NONE', #4095, #7027, #6445 ) ;
#36 = CIRCLE ( 'NONE', #1258, 47.49900000000000233 ) ;
#37 = ORIENTED_EDGE ( 'NONE', *, *, #780, .F. ) ;
#38 = CIRCLE ( 'NONE', #274, 20.00000000000001066 ) ;
#39 = DIRECTION ( 'NONE',  ( 0.000000000000000000, 0.000000000000000000, -1.000000000000000000 ) ) ;
#40 = CYLINDRICAL_SURFACE ( 'NONE', #4153, 20.00000000000000355 ) ;
#41 = DIRECTION ( 'NONE',  ( -1.000000000000000000, 0.000000000000000000, -0.000000000000000000 ) ) ;
#42 = CARTESIAN_POINT ( 'NONE',  ( 11.99999999999999822, -27.43636312076293748, -38.14186064215179073 ) ) ;
#43 = ADVANCED_FACE ( 'NONE', ( #229 ), #7171, .F. ) ;
#44 = ADVANCED_FACE ( 'NONE', ( #764 ), #6014, .T. ) ;
#45 = ORIENTED_EDGE ( 'NONE', *, *, #5472, .T. ) ;
#46 = CARTESIAN_POINT ( 'NONE',  ( 0.000000000000000000, 0.000000000000000000, 0.000000000000000000 ) ) ;
#47 = DIRECTION ( 'NONE',  ( 1.000000000000000000, 0.000000000000000000, 0.000000000000000000 ) ) ;
#48 = DIRECTION ( 'NONE',  ( -1.000000000000000000, -0.000000000000000000, -0.000000000000000000 ) ) ;
#49 = ORIENTED_EDGE ( 'NONE', *, *, #3025, .T. ) ;
#50 = ORIENTED_EDGE ( 'NONE', *, *, #5472, .F. ) ;
#51 = ORIENTED_EDGE ( 'NONE', *, *, #587, .F. ) ;
#52 = ORIENTED_EDGE ( 'NONE', *, *, #7410, .F. ) ;
#53 = CARTESIAN_POINT ( 'NONE',  ( 11.99999999999999822, 41.20225022064634857, 23.63323037071418042 ) ) ;
#54 = DIRECTION ( 'NONE',  ( -1.000000000000000000, -0.000000000000000000, 0.000000000000000000 ) ) ;
#55 = DIRECTION ( 'NONE',  ( -1.000000000000000000, -0.000000000000000000, 0.000000000000000000 ) ) ;
#56 = CARTESIAN_POINT ( 'NONE',  ( 11.99999999999999822, 6.109652351741795329, 46.58570277113510372 ) ) ;
#57 = ADVANCED_FACE ( 'NONE', ( #3703 ), #6605, .F. ) ;
#58 = VERTEX_POINT ( 'NONE', #4248 ) ;
#59 = ORIENTED_EDGE ( 'NONE', *, *, #6265, .F. ) ;
#60 = CARTESIAN_POINT ( 'NONE',  ( 0.000000000000000000, 41.00000000000000000, -1.699999999999975753 ) ) ;
#61 = CARTESIAN_POINT ( 'NONE',  ( 15.00000000000000178, 0.000000000000000000, -41.00000000000000000 ) ) ;
#62 = EDGE_CURVE ( 'NONE', #2753, #5615, #922, .T. ) ;
#63 = CARTESIAN_POINT ( 'NONE',  ( 11.99999999999999822, 0.000000000000000000, 0.000000000000000000 ) ) ;
#64 = DIRECTION ( 'NONE',  ( -1.000000000000000000, -0.000000000000000000, -0.000000000000000000 ) ) ;
#65 = CARTESIAN_POINT ( 'NONE',  ( 11.99999999999999822, 5.667686777401696574, 46.64153600743607342 ) ) ;
#66 = ADVANCED_FACE ( 'NONE', ( #7213 ), #3670, .T. ) ;
#67 = VECTOR ( 'NONE', #7356, 1000.000000000000000 ) ;
#68 = DIRECTION ( 'NONE',  ( 1.000000000000000000, -0.000000000000000000, -0.000000000000000000 ) ) ;
#69 = CARTESIAN_POINT ( 'NONE',  ( 12.00000000000000000, -15.49408907645204536, 44.90087086784586035 ) ) ;
#70 = DIRECTION ( 'NONE',  ( -1.000000000000000000, -0.000000000000000000, 0.000000000000000000 ) ) ;
#71 = DIRECTION ( 'NONE',  ( 0.000000000000000000, 0.000000000000000000, 1.000000000000000000 ) ) ;
#72 = VECTOR ( 'NONE', #6890, 1000.000000000000000 ) ;
#73 = AXIS2_PLACEMENT_3D ( 'NONE', #4057, #1787, #534 ) ;
#74 = ORIENTED_EDGE ( 'NONE', *, *, #5746, .T. ) ;
#75 = AXIS2_PLACEMENT_3D ( 'NONE', #5594, #4316, #3816 ) ;
#76 = DIRECTION ( 'NONE',  ( 1.000000000000000000, -0.000000000000000000, -0.000000000000000000 ) ) ;
#77 = CARTESIAN_POINT ( 'NONE',  ( 0.000000000000000000, 12.30077720129097152, 50.52416135122086871 ) ) ;
#78 = EDGE_CURVE ( 'NONE', #1684, #7318, #1172, .T. ) ;
#79 = ORIENTED_EDGE ( 'NONE', *, *, #3658, .T. ) ;
#80 = ORIENTED_EDGE ( 'NONE', *, *, #6501, .F. ) ;
#81 = ORIENTED_EDGE ( 'NONE', *, *, #1884, .F. ) ;
#82 = ADVANCED_FACE ( 'NONE', ( #842 ), #3742, .T. ) ;
#83 = EDGE_LOOP ( 'NONE', ( #1533, #3279 ) ) ;
#84 = DIRECTION ( 'NONE',  ( 1.000000000000000000, 0.000000000000000000, 0.000000000000000000 ) ) ;
#85 = ADVANCED_FACE ( 'NONE', ( #6560 ), #7291, .F. ) ;
#86 = CARTESIAN_POINT ( 'NONE',  ( 11.99999999999999822, -43.55304910509426719, 28.41006711799969153 ) ) ;
#87 = DIRECTION ( 'NONE',  ( 0.000000000000000000, 0.000000000000000000, 1.000000000000000000 ) ) ;
#88 = ORIENTED_EDGE ( 'NONE', *, *, #7248, .F. ) ;
#89 = EDGE_CURVE ( 'NONE', #186, #5206, #4872, .T. ) ;
#90 = AXIS2_PLACEMENT_3D ( 'NONE', #5450, #3644, #5994 ) ;
#91 = AXIS2_PLACEMENT_3D ( 'NONE', #4748, #6405, #93 ) ;
#92 = ORIENTED_EDGE ( 'NONE', *, *, #3660, .T. ) ;
#93 = DIRECTION ( 'NONE',  ( 0.000000000000000000, 0.3681245526846718685, 0.9297764858882539007 ) ) ;
#94 = CIRCLE ( 'NONE', #1084, 52.00000000000000000 ) ;
#96 = DIRECTION ( 'NONE',  ( -1.000000000000000000, -0.000000000000000000, 0.000000000000000000 ) ) ;
#95 = CIRCLE ( 'NONE', #3142, 52.00000000000000000 ) ;
#97 = AXIS2_PLACEMENT_3D ( 'NONE', #5017, #4477, #2034 ) ;
#98 = DIRECTION ( 'NONE',  ( 1.000000000000000000, 0.000000000000000000, 0.000000000000000000 ) ) ;
#99 = DIRECTION ( 'NONE',  ( -1.000000000000000000, 0.000000000000000000, 0.000000000000000000 ) ) ;
#100 = FACE_OUTER_BOUND ( 'NONE', #5085, .T. ) ;
#101 = AXIS2_PLACEMENT_3D ( 'NONE', #7033, #3369, #1154 ) ;
#102 = AXIS2_PLACEMENT_3D ( 'NONE', #3709, #5448, #7345 ) ;
#103 = DIRECTION ( 'NONE',  ( -1.000000000000000000, -0.000000000000000000, -0.000000000000000000 ) ) ;
#104 = CARTESIAN_POINT ( 'NONE',  ( 12.00000000000000000, 42.03146605346785947, 22.12489237027331512 ) ) ;
#105 = CARTESIAN_POINT ( 'NONE',  ( 0.000000000000000000, -20.99948489194453316, 42.60488980472772624 ) ) ;
#106 = DIRECTION ( 'NONE',  ( -1.000000000000000000, -0.000000000000000000, -0.000000000000000000 ) ) ;
#107 = DIRECTION ( 'NONE',  ( 0.000000000000000000, 0.8443279255020161855, -0.5358267949789946583 ) ) ;
#108 = CIRCLE ( 'NONE', #6602, 1.699999999999975753 ) ;
#109 = VECTOR ( 'NONE', #1476, 1000.000000000000000 ) ;
#110 = VECTOR ( 'NONE', #1025, 1000.000000000000000 ) ;
#111 = AXIS2_PLACEMENT_3D ( 'NONE', #5015, #1516, #943 ) ;
#112 = ORIENTED_EDGE ( 'NONE', *, *, #801, .T. ) ;
#113 = DIRECTION ( 'NONE',  ( 1.000000000000000000, 0.000000000000000000, 0.000000000000000000 ) ) ;
#114 = CARTESIAN_POINT ( 'NONE',  ( 15.00000000000000178, -41.00000000000000000, 0.000000000000000000 ) ) ;
#115 = ADVANCED_FACE ( 'NONE', ( #1375 ), #1976, .F. ) ;
#116 = AXIS2_PLACEMENT_3D ( 'NONE', #2930, #5289, #4708 ) ;
#117 = ORIENTED_EDGE ( 'NONE', *, *, #6004, .F. ) ;
#118 = ORIENTED_EDGE ( 'NONE', *, *, #4637, .T. ) ;
#119 = ORIENTED_EDGE ( 'NONE', *, *, #6656, .T. ) ;
#120 = EDGE_CURVE ( 'NONE', #4080, #1315, #6938, .T. ) ;
#121 = EDGE_LOOP ( 'NONE', ( #4720, #6351, #5989, #3367 ) ) ;
#122 = CARTESIAN_POINT ( 'NONE',  ( 11.99999999999999822, 20.99948489194423118, 42.60488980472788967 ) ) ;
#123 = DIRECTION ( 'NONE',  ( -1.000000000000000000, -0.000000000000000000, -0.000000000000000000 ) ) ;
#124 = CARTESIAN_POINT ( 'NONE',  ( 0.000000000000000000, 0.000000000000000000, 0.000000000000000000 ) ) ;
#125 = EDGE_CURVE ( 'NONE', #6665, #2177, #4487, .T. ) ;
#126 = ORIENTED_EDGE ( 'NONE', *, *, #3532, .F. ) ;
#127 = EDGE_LOOP ( 'NONE', ( #7577, #3176, #630, #6706 ) ) ;
#128 = EDGE_CURVE ( 'NONE', #1003, #2217, #1864, .T. ) ;
#129 = EDGE_CURVE ( 'NONE', #6085, #6953, #6764, .T. ) ;
#130 = CARTESIAN_POINT ( 'NONE',  ( 11.99999999999999822, 46.90537658765334328, -2.727856614653787037 ) ) ;
#131 = LINE ( 'NONE', #1142, #5349 ) ;
#132 = CYLINDRICAL_SURFACE ( 'NONE', #563, 52.00000000000000000 ) ;
#133 = PLANE ( 'NONE',  #4629 ) ;
#134 = DIRECTION ( 'NONE',  ( 0.000000000000000000, 0.000000000000000000, -1.000000000000000000 ) ) ;
#135 = DIRECTION ( 'NONE',  ( -1.000000000000000000, 0.000000000000000000, -0.000000000000000000 ) ) ;
#136 = AXIS2_PLACEMENT_3D ( 'NONE', #1833, #7100, #1891 ) ;
#137 = LINE ( 'NONE', #4238, #2154 ) ;
#138 = LINE ( 'NONE', #3559, #3645 ) ;
#139 = CARTESIAN_POINT ( 'NONE',  ( 6.000000000000000000, 51.85248208264518865, 3.914090171286362274 ) ) ;
#141 = VECTOR ( 'NONE', #4645, 1000.000000000000000 ) ;
#140 = DIRECTION ( 'NONE',  ( -1.000000000000000000, 0.000000000000000000, -0.000000000000000000 ) ) ;
#142 = DIRECTION ( 'NONE',  ( -1.000000000000000000, 0.000000000000000000, 0.000000000000000000 ) ) ;
#143 = ORIENTED_EDGE ( 'NONE', *, *, #2501, .T. ) ;
#144 = EDGE_CURVE ( 'NONE', #6567, #5343, #5827, .T. ) ;
#145 = EDGE_CURVE ( 'NONE', #2304, #4456, #6554, .T. ) ;
#146 = AXIS2_PLACEMENT_3D ( 'NONE', #352, #2014, #4370 ) ;
#147 = VERTEX_POINT ( 'NONE', #7457 ) ;
#148 = DIRECTION ( 'NONE',  ( -1.000000000000000000, -0.000000000000000000, -0.000000000000000000 ) ) ;
#149 = DIRECTION ( 'NONE',  ( -1.000000000000000000, 0.000000000000000000, 0.000000000000000000 ) ) ;
#150 = LINE ( 'NONE', #6606, #4314 ) ;
#151 = EDGE_CURVE ( 'NONE', #5873, #1051, #2257, .T. ) ;
#152 = AXIS2_PLACEMENT_3D ( 'NONE', #1008, #843, #4328 ) ;
#153 = ORIENTED_EDGE ( 'NONE', *, *, #661, .F. ) ;
#154 = ORIENTED_EDGE ( 'NONE', *, *, #4711, .T. ) ;
#155 = EDGE_CURVE ( 'NONE', #2229, #3224, #7284, .T. ) ;
#156 = VERTEX_POINT ( 'NONE', #3921 ) ;
#157 = ORIENTED_EDGE ( 'NONE', *, *, #5572, .T. ) ;
#158 = DIRECTION ( 'NONE',  ( 1.000000000000000000, 0.000000000000000000, 0.000000000000000000 ) ) ;
#159 = DIRECTION ( 'NONE',  ( -1.000000000000000000, 0.000000000000000000, 0.000000000000000000 ) ) ;
#160 = CARTESIAN_POINT ( 'NONE',  ( 6.000000000000000000, -49.25004636492376875, -16.68630974939810940 ) ) ;
#161 = EDGE_LOOP ( 'NONE', ( #6680, #7539, #5113, #5336 ) ) ;
#162 = ORIENTED_EDGE ( 'NONE', *, *, #7103, .T. ) ;
#163 = ORIENTED_EDGE ( 'NONE', *, *, #4584, .F. ) ;
#164 = FACE_OUTER_BOUND ( 'NONE', #6738, .T. ) ;
#165 = DIRECTION ( 'NONE',  ( -1.000000000000000000, 0.000000000000000000, 0.000000000000000000 ) ) ;
#166 = LINE ( 'NONE', #2577, #3268 ) ;
#167 = DIRECTION ( 'NONE',  ( -1.000000000000000000, 0.000000000000000000, 0.000000000000000000 ) ) ;
#168 = DIRECTION ( 'NONE',  ( 1.000000000000000000, -0.000000000000000000, -0.000000000000000000 ) ) ;
#169 = VERTEX_POINT ( 'NONE', #1539 ) ;
#170 = EDGE_CURVE ( 'NONE', #6277, #3133, #3230, .T. ) ;
#171 = CIRCLE ( 'NONE', #1999, 20.00000000000000711 ) ;
#172 = CARTESIAN_POINT ( 'NONE',  ( 11.99999999999999822, 43.55304910509406824, 28.41006711799999707 ) ) ;
#173 = CARTESIAN_POINT ( 'NONE',  ( 0.000000000000000000, 0.000000000000000000, 0.000000000000000000 ) ) ;
#174 = CARTESIAN_POINT ( 'NONE',  ( 0.000000000000000000, -9.744342220503728669, 46.48873837489794170 ) ) ;
#175 = CARTESIAN_POINT ( 'NONE',  ( 12.00000000000000000, 0.000000000000000000, 0.000000000000000000 ) ) ;
#176 = DIRECTION ( 'NONE',  ( 0.000000000000000000, 0.3681245526846786964, -0.9297764858882511252 ) ) ;
#177 = AXIS2_PLACEMENT_3D ( 'NONE', #2013, #733, #304 ) ;
#178 = ORIENTED_EDGE ( 'NONE', *, *, #1055, .F. ) ;
#179 = EDGE_CURVE ( 'NONE', #767, #5637, #4338, .T. ) ;
#180 = AXIS2_PLACEMENT_3D ( 'NONE', #1433, #3766, #6114 ) ;
#181 = EDGE_LOOP ( 'NONE', ( #4888, #3374, #366, #5731 ) ) ;
#182 = DIRECTION ( 'NONE',  ( -1.000000000000000000, 0.000000000000000000, 0.000000000000000000 ) ) ;
#183 = DIRECTION ( 'NONE',  ( 0.000000000000000000, 0.9048270524660176894, 0.4257792915650767118 ) ) ;
#184 = DIRECTION ( 'NONE',  ( -1.000000000000000000, 0.000000000000000000, -0.000000000000000000 ) ) ;
#185 = CIRCLE ( 'NONE', #2998, 52.00000000000000000 ) ;
#186 = VERTEX_POINT ( 'NONE', #5082 ) ;
#187 = AXIS2_PLACEMENT_3D ( 'NONE', #5866, #2939, #4717 ) ;
#188 = ORIENTED_EDGE ( 'NONE', *, *, #1941, .T. ) ;
#189 = VERTEX_POINT ( 'NONE', #5043 ) ;
#190 = CIRCLE ( 'NONE', #574, 20.00000000000000711 ) ;
#191 = VERTEX_POINT ( 'NONE', #4463 ) ;
#192 = CIRCLE ( 'NONE', #5950, 20.00000000000000355 ) ;
#193 = DIRECTION ( 'NONE',  ( -1.000000000000000000, -0.000000000000000000, -0.000000000000000000 ) ) ;
#194 = AXIS2_PLACEMENT_3D ( 'NONE', #1068, #5750, #5183 ) ;
#195 = DIRECTION ( 'NONE',  ( 0.000000000000000000, 0.4817536741017162671, -0.8763066800438630288 ) ) ;
#196 = LINE ( 'NONE', #2528, #963 ) ;
#197 = ORIENTED_EDGE ( 'NONE', *, *, #3585, .F. ) ;
#198 = VERTEX_POINT ( 'NONE', #6803 ) ;
#199 = VERTEX_POINT ( 'NONE', #3955 ) ;
#200 = CIRCLE ( 'NONE', #3883, 52.00000000000000000 ) ;
#201 = LINE ( 'NONE', #858, #4269 ) ;
#202 = CARTESIAN_POINT ( 'NONE',  ( 0.000000000000000000, 35.11945359308165848, -38.34871548465977753 ) ) ;
#203 = CARTESIAN_POINT ( 'NONE',  ( 0.000000000000000000, 0.000000000000000000, 0.000000000000000000 ) ) ;
#204 = CARTESIAN_POINT ( 'NONE',  ( 11.99999999999999822, -39.78933988720097403, -24.98727647985041855 ) ) ;
#205 = DIRECTION ( 'NONE',  ( -1.000000000000000000, -0.000000000000000000, -0.000000000000000000 ) ) ;
#206 = CIRCLE ( 'NONE', #4517, 52.00000000000000000 ) ;
#207 = ORIENTED_EDGE ( 'NONE', *, *, #30, .F. ) ;
#208 = CIRCLE ( 'NONE', #4754, 20.00000000000000355 ) ;
#209 = EDGE_CURVE ( 'NONE', #3728, #1280, #3872, .T. ) ;
#210 = EDGE_CURVE ( 'NONE', #4002, #2229, #6546, .T. ) ;
#211 = CIRCLE ( 'NONE', #5743, 20.00000000000000355 ) ;
#212 = CIRCLE ( 'NONE', #7466, 52.00000000000000000 ) ;
#213 = LINE ( 'NONE', #1399, #7312 ) ;
#214 = LINE ( 'NONE', #4902, #3384 ) ;
#215 = CARTESIAN_POINT ( 'NONE',  ( 0.000000000000000000, -34.03046037009278280, 33.13733193845793323 ) ) ;
#216 = DIRECTION ( 'NONE',  ( -1.000000000000000000, 0.000000000000000000, 0.000000000000000000 ) ) ;
#217 = CARTESIAN_POINT ( 'NONE',  ( 12.00000000000000000, 29.60891106212838508, -37.14118181634735549 ) ) ;
#218 = ORIENTED_EDGE ( 'NONE', *, *, #636, .F. ) ;
#219 = CIRCLE ( 'NONE', #483, 19.99999999999999645 ) ;
#220 = AXIS2_PLACEMENT_3D ( 'NONE', #2115, #1983, #1546 ) ;
#221 = EDGE_CURVE ( 'NONE', #199, #4677, #1771, .T. ) ;
#222 = ORIENTED_EDGE ( 'NONE', *, *, #4931, .T. ) ;
#223 = ADVANCED_FACE ( 'NONE', ( #1080 ), #3300, .T. ) ;
#224 = AXIS2_PLACEMENT_3D ( 'NONE', #173, #2975, #5398 ) ;
#225 = VERTEX_POINT ( 'NONE', #5688 ) ;
#226 = AXIS2_PLACEMENT_3D ( 'NONE', #5072, #5553, #4986 ) ;
#227 = CARTESIAN_POINT ( 'NONE',  ( 0.000000000000000000, 8.053585752062561554, -46.81126742072013514 ) ) ;
#228 = DIRECTION ( 'NONE',  ( -1.000000000000000000, 0.000000000000000000, 0.000000000000000000 ) ) ;
#229 = FACE_OUTER_BOUND ( 'NONE', #4962, .T. ) ;
#230 = DIRECTION ( 'NONE',  ( 0.000000000000000000, 0.000000000000000000, -1.000000000000000000 ) ) ;
#231 = EDGE_LOOP ( 'NONE', ( #530, #5253, #700, #6577 ) ) ;
#232 = ORIENTED_EDGE ( 'NONE', *, *, #1009, .T. ) ;
#233 = AXIS2_PLACEMENT_3D ( 'NONE', #1169, #7515, #4594 ) ;
#234 = ORIENTED_EDGE ( 'NONE', *, *, #4114, .F. ) ;
#235 = ORIENTED_EDGE ( 'NONE', *, *, #4637, .F. ) ;
#236 = DIRECTION ( 'NONE',  ( -1.000000000000000000, -0.000000000000000000, -0.000000000000000000 ) ) ;
#237 = CIRCLE ( 'NONE', #1230, 47.49900000000000233 ) ;
#238 = FACE_OUTER_BOUND ( 'NONE', #769, .T. ) ;
#239 = CARTESIAN_POINT ( 'NONE',  ( 12.00000000000000000, 0.000000000000000000, 0.000000000000000000 ) ) ;
#240 = VERTEX_POINT ( 'NONE', #1621 ) ;
#241 = ORIENTED_EDGE ( 'NONE', *, *, #5282, .F. ) ;
#242 = EDGE_CURVE ( 'NONE', #3868, #398, #5703, .T. ) ;
#243 = ORIENTED_EDGE ( 'NONE', *, *, #4557, .F. ) ;
#244 = CARTESIAN_POINT ( 'NONE',  ( 11.99999999999999822, 5.871425383721557978, 51.66745943012283959 ) ) ;
#245 = CARTESIAN_POINT ( 'NONE',  ( 0.000000000000000000, -6.109652351742130172, 46.58570277113506819 ) ) ;
#246 = CARTESIAN_POINT ( 'NONE',  ( 0.000000000000000000, 44.25018368420742831, 27.31155879685199039 ) ) ;
#247 = CARTESIAN_POINT ( 'NONE',  ( 0.000000000000000000, -24.47917365149978508, 45.87777302070925600 ) ) ;
#248 = CYLINDRICAL_SURFACE ( 'NONE', #3131, 1.699999999999975753 ) ;
#249 = PLANE ( 'NONE',  #5716 ) ;
#250 = DIRECTION ( 'NONE',  ( -1.000000000000000000, -0.000000000000000000, 0.000000000000000000 ) ) ;
#251 = ADVANCED_FACE ( 'NONE', ( #3988 ), #393, .T. ) ;
#252 = VERTEX_POINT ( 'NONE', #2221 ) ;
#253 = CARTESIAN_POINT ( 'NONE',  ( 0.000000000000000000, -5.871425383721179614, -51.66745943012288933 ) ) ;
#254 = DIRECTION ( 'NONE',  ( -1.000000000000000000, 0.000000000000000000, -0.000000000000000000 ) ) ;
#255 = DIRECTION ( 'NONE',  ( 0.000000000000000000, 0.2486898871648483278, 0.9685831611286327414 ) ) ;
#256 = CARTESIAN_POINT ( 'NONE',  ( 6.000000000000000000, -47.32430374665947426, 21.55018039121511819 ) ) ;
#257 = DIRECTION ( 'NONE',  ( -1.000000000000000000, 0.000000000000000000, -0.000000000000000000 ) ) ;
#258 = DIRECTION ( 'NONE',  ( -1.000000000000000000, -0.000000000000000000, -0.000000000000000000 ) ) ;
#259 = ORIENTED_EDGE ( 'NONE', *, *, #1247, .T. ) ;
#260 = ORIENTED_EDGE ( 'NONE', *, *, #5110, .T. ) ;
#261 = ORIENTED_EDGE ( 'NONE', *, *, #7410, .T. ) ;
#262 = AXIS2_PLACEMENT_3D ( 'NONE', #6962, #4033, #6383 ) ;
#263 = ORIENTED_EDGE ( 'NONE', *, *, #5217, .F. ) ;
#264 =( LENGTH_UNIT ( ) NAMED_UNIT ( * ) SI_UNIT ( .MILLI., .METRE. ) );
#265 = CARTESIAN_POINT ( 'NONE',  ( -10.00000000000000000, 0.000000000000000000, 0.000000000000000000 ) ) ;
#266 = DIRECTION ( 'NONE',  ( 0.000000000000000000, 0.1253332335643046747, -0.9921147013144777649 ) ) ;
#267 = CARTESIAN_POINT ( 'NONE',  ( 12.00000000000000000, 0.000000000000000000, 0.000000000000000000 ) ) ;
#268 = ORIENTED_EDGE ( 'NONE', *, *, #2136, .F. ) ;
#269 = VERTEX_POINT ( 'NONE', #430 ) ;
#270 = CIRCLE ( 'NONE', #3571, 20.00000000000000355 ) ;
#271 = EDGE_CURVE ( 'NONE', #4963, #427, #2762, .T. ) ;
#272 = ORIENTED_EDGE ( 'NONE', *, *, #6384, .F. ) ;
#273 = ORIENTED_EDGE ( 'NONE', *, *, #4339, .T. ) ;
#274 = AXIS2_PLACEMENT_3D ( 'NONE', #3671, #3594, #6643 ) ;
#275 = DIRECTION ( 'NONE',  ( -1.000000000000000000, 0.000000000000000000, -0.000000000000000000 ) ) ;
#276 = DIRECTION ( 'NONE',  ( -1.000000000000000000, 0.000000000000000000, 0.000000000000000000 ) ) ;
#277 = DIRECTION ( 'NONE',  ( -1.000000000000000000, 0.000000000000000000, 0.000000000000000000 ) ) ;
#278 = VERTEX_POINT ( 'NONE', #4544 ) ;
#279 = EDGE_LOOP ( 'NONE', ( #838, #15, #2310, #3379 ) ) ;
#280 = ORIENTED_EDGE ( 'NONE', *, *, #2373, .T. ) ;
#281 = CARTESIAN_POINT ( 'NONE',  ( 0.000000000000000000, -11.90021268425588197, 45.45261810511210143 ) ) ;
#282 = CARTESIAN_POINT ( 'NONE',  ( 0.000000000000000000, -36.06787431788703913, 37.45808914225477082 ) ) ;
#283 = DIRECTION ( 'NONE',  ( 0.000000000000000000, 0.000000000000000000, -1.000000000000000000 ) ) ;
#284 = LINE ( 'NONE', #4970, #4699 ) ;
#285 = CARTESIAN_POINT ( 'NONE',  ( 12.00000000000000000, 38.92705108641732181, 27.21837053747810486 ) ) ;
#286 = CARTESIAN_POINT ( 'NONE',  ( 11.99999999999999822, -46.19362259308839214, 8.585149169758322429 ) ) ;
#287 = CARTESIAN_POINT ( 'NONE',  ( 12.00000000000000000, 0.000000000000000000, 0.000000000000000000 ) ) ;
#288 = ORIENTED_EDGE ( 'NONE', *, *, #6943, .F. ) ;
#289 = ORIENTED_EDGE ( 'NONE', *, *, #2242, .F. ) ;
#290 = CARTESIAN_POINT ( 'NONE',  ( 15.00000000000000000, 0.000000000000000000, 0.000000000000000000 ) ) ;
#291 = DIRECTION ( 'NONE',  ( -1.000000000000000000, -0.000000000000000000, -0.000000000000000000 ) ) ;
#292 = LINE ( 'NONE', #2131, #4070 ) ;
#293 = DIRECTION ( 'NONE',  ( -0.000000000000000000, 0.000000000000000000, 1.000000000000000000 ) ) ;
#294 = DIRECTION ( 'NONE',  ( 0.000000000000000000, 0.000000000000000000, -1.000000000000000000 ) ) ;
#295 = EDGE_CURVE ( 'NONE', #1750, #1003, #171, .T. ) ;
#296 = ORIENTED_EDGE ( 'NONE', *, *, #3802, .T. ) ;
#297 = VECTOR ( 'NONE', #1832, 1000.000000000000000 ) ;
#298 = ORIENTED_EDGE ( 'NONE', *, *, #4897, .T. ) ;
#299 = VERTEX_POINT ( 'NONE', #1653 ) ;
#300 = ORIENTED_EDGE ( 'NONE', *, *, #3527, .F. ) ;
#301 = CYLINDRICAL_SURFACE ( 'NONE', #5590, 52.00000000000000000 ) ;
#302 = CARTESIAN_POINT ( 'NONE',  ( 11.99999999999999822, 45.78515115856042428, 12.64416602183683125 ) ) ;
#303 = VECTOR ( 'NONE', #1411, 1000.000000000000000 ) ;
#304 = DIRECTION ( 'NONE',  ( -0.000000000000000000, 0.000000000000000000, 1.000000000000000000 ) ) ;
#305 = DIRECTION ( 'NONE',  ( 0.000000000000000000, 0.000000000000000000, 1.000000000000000000 ) ) ;
#306 = ORIENTED_EDGE ( 'NONE', *, *, #396, .T. ) ;
#307 = EDGE_LOOP ( 'NONE', ( #849, #3509, #1998, #188 ) ) ;
#308 = ORIENTED_EDGE ( 'NONE', *, *, #6730, .F. ) ;
#309 = EDGE_CURVE ( 'NONE', #4578, #3382, #6341, .T. ) ;
#310 = ORIENTED_EDGE ( 'NONE', *, *, #7006, .T. ) ;
#311 = AXIS2_PLACEMENT_3D ( 'NONE', #6441, #6582, #2323 ) ;
#312 = EDGE_CURVE ( 'NONE', #5452, #438, #4064, .T. ) ;
#313 = DIRECTION ( 'NONE',  ( -0.000000000000000000, 0.000000000000000000, 1.000000000000000000 ) ) ;
#314 = CARTESIAN_POINT ( 'NONE',  ( 11.99999999999999822, -46.90537658765332907, 2.727856614654137424 ) ) ;
#315 = CARTESIAN_POINT ( 'NONE',  ( 0.000000000000000000, -20.99948489194393275, -42.60488980472802467 ) ) ;
#316 = ORIENTED_EDGE ( 'NONE', *, *, #1371, .F. ) ;
#317 = ORIENTED_EDGE ( 'NONE', *, *, #3931, .T. ) ;
#318 =( GEOMETRIC_REPRESENTATION_CONTEXT ( 3 ) GLOBAL_UNCERTAINTY_ASSIGNED_CONTEXT ( ( #2228 ) ) GLOBAL_UNIT_ASSIGNED_CONTEXT ( ( #264, #3125, #7289 ) ) REPRESENTATION_CONTEXT ( 'NONE', 'WORKASPACE' ) );
#319 = ADVANCED_FACE ( 'NONE', ( #7099 ), #3524, .F. ) ;
#320 = ORIENTED_EDGE ( 'NONE', *, *, #271, .F. ) ;
#321 = AXIS2_PLACEMENT_3D ( 'NONE', #2891, #6982, #2348 ) ;
#322 = AXIS2_PLACEMENT_3D ( 'NONE', #6450, #4722, #3587 ) ;
#323 = DIRECTION ( 'NONE',  ( -1.000000000000000000, -0.000000000000000000, -0.000000000000000000 ) ) ;
#324 = CYLINDRICAL_SURFACE ( 'NONE', #4760, 52.00000000000000000 ) ;
#325 = CARTESIAN_POINT ( 'NONE',  ( 12.00000000000000000, 26.17370628620711415, -39.63700417846134627 ) ) ;
#326 = CARTESIAN_POINT ( 'NONE',  ( -10.00000000000000000, 0.000000000000000000, 0.000000000000000000 ) ) ;
#327 = CIRCLE ( 'NONE', #7185, 20.00000000000000000 ) ;
#328 = FACE_OUTER_BOUND ( 'NONE', #5658, .T. ) ;
#329 = CARTESIAN_POINT ( 'NONE',  ( 0.000000000000000000, -39.78933988720097403, -24.98727647985041855 ) ) ;
#330 = DIRECTION ( 'NONE',  ( 1.000000000000000000, 0.000000000000000000, 0.000000000000000000 ) ) ;
#331 = EDGE_LOOP ( 'NONE', ( #6106, #5523, #6231, #874 ) ) ;
#332 = ADVANCED_FACE ( 'NONE', ( #6420 ), #542, .T. ) ;
#333 = CIRCLE ( 'NONE', #1306, 20.00000000000000355 ) ;
#334 = ORIENTED_EDGE ( 'NONE', *, *, #3395, .T. ) ;
#335 = CARTESIAN_POINT ( 'NONE',  ( 11.99999999999999822, 38.92705108641771972, -27.21837053747753643 ) ) ;
#336 = LINE ( 'NONE', #2093, #4850 ) ;
#337 = CIRCLE ( 'NONE', #3392, 47.49900000000000233 ) ;
#338 = FACE_OUTER_BOUND ( 'NONE', #3, .T. ) ;
#339 = DIRECTION ( 'NONE',  ( -1.000000000000000000, -0.000000000000000000, -0.000000000000000000 ) ) ;
#340 = LINE ( 'NONE', #6756, #6988 ) ;
#341 = PLANE ( 'NONE',  #6289 ) ;
#342 = VERTEX_POINT ( 'NONE', #4757 ) ;
#343 = VECTOR ( 'NONE', #1057, 1000.000000000000000 ) ;
#344 = AXIS2_PLACEMENT_3D ( 'NONE', #772, #2963, #87 ) ;
#345 = ORIENTED_EDGE ( 'NONE', *, *, #5828, .F. ) ;
#346 = AXIS2_PLACEMENT_3D ( 'NONE', #2446, #1871, #1171 ) ;
#347 = ORIENTED_EDGE ( 'NONE', *, *, #1735, .F. ) ;
#348 = ORIENTED_EDGE ( 'NONE', *, *, #5981, .T. ) ;
#349 = DIRECTION ( 'NONE',  ( 1.000000000000000000, -0.000000000000000000, -0.000000000000000000 ) ) ;
#350 = DIRECTION ( 'NONE',  ( 0.000000000000000000, 0.000000000000000000, -1.000000000000000000 ) ) ;
#351 = CARTESIAN_POINT ( 'NONE',  ( 0.000000000000000000, 36.05989434073656241, -30.12041790338580327 ) ) ;
#352 = CARTESIAN_POINT ( 'NONE',  ( 12.00000000000000000, 0.000000000000000000, 0.000000000000000000 ) ) ;
#353 = VECTOR ( 'NONE', #1732, 1000.000000000000000 ) ;
#354 = CIRCLE ( 'NONE', #4148, 20.00000000000000355 ) ;
#355 = EDGE_CURVE ( 'NONE', #3363, #3310, #3364, .T. ) ;
#356 = VERTEX_POINT ( 'NONE', #3560 ) ;
#357 = CIRCLE ( 'NONE', #224, 52.00000000000000000 ) ;
#358 = ORIENTED_EDGE ( 'NONE', *, *, #3436, .T. ) ;
#359 = VERTEX_POINT ( 'NONE', #4032 ) ;
#360 = EDGE_CURVE ( 'NONE', #474, #5515, #2362, .T. ) ;
#361 = DIRECTION ( 'NONE',  ( 0.000000000000000000, -0.5877852522924624790, -0.8090169943749551118 ) ) ;
#362 = LINE ( 'NONE', #5621, #2044 ) ;
#363 = CARTESIAN_POINT ( 'NONE',  ( -10.00000000000000000, 0.000000000000000000, 52.00000000000000000 ) ) ;
#364 = AXIS2_PLACEMENT_3D ( 'NONE', #7274, #250, #4973 ) ;
#365 = CIRCLE ( 'NONE', #5756, 35.00000000000000711 ) ;
#366 = ORIENTED_EDGE ( 'NONE', *, *, #3395, .F. ) ;
#367 = VERTEX_POINT ( 'NONE', #2872 ) ;
#368 = ORIENTED_EDGE ( 'NONE', *, *, #4559, .T. ) ;
#369 = VECTOR ( 'NONE', #908, 1000.000000000000000 ) ;
#370 = CARTESIAN_POINT ( 'NONE',  ( 0.000000000000000000, 8.053585752061882985, 46.81126742072026303 ) ) ;
#371 = FACE_OUTER_BOUND ( 'NONE', #5165, .T. ) ;
#372 = DIRECTION ( 'NONE',  ( -1.000000000000000000, -0.000000000000000000, -0.000000000000000000 ) ) ;
#373 = DIRECTION ( 'NONE',  ( 0.000000000000000000, 0.000000000000000000, 1.000000000000000000 ) ) ;
#374 = CARTESIAN_POINT ( 'NONE',  ( 0.000000000000000000, 30.03615769709734451, 42.44795908868999135 ) ) ;
#375 = LINE ( 'NONE', #6747, #1298 ) ;
#376 = CARTESIAN_POINT ( 'NONE',  ( 11.99999999999999822, -46.19362259308839214, 8.585149169758322429 ) ) ;
#377 = EDGE_CURVE ( 'NONE', #3347, #2321, #4481, .T. ) ;
#378 = ORIENTED_EDGE ( 'NONE', *, *, #5495, .F. ) ;
#379 = EDGE_CURVE ( 'NONE', #4293, #438, #2874, .T. ) ;
#380 = DIRECTION ( 'NONE',  ( 0.000000000000000000, 0.000000000000000000, 1.000000000000000000 ) ) ;
#381 = CARTESIAN_POINT ( 'NONE',  ( 11.99999999999999822, 51.19683565102445044, 9.104066087303662513 ) ) ;
#382 = FACE_OUTER_BOUND ( 'NONE', #3064, .T. ) ;
#383 = DIRECTION ( 'NONE',  ( 0.000000000000000000, 0.000000000000000000, 1.000000000000000000 ) ) ;
#384 = DIRECTION ( 'NONE',  ( 0.000000000000000000, 0.000000000000000000, -1.000000000000000000 ) ) ;
#385 = DIRECTION ( 'NONE',  ( -1.000000000000000000, -0.000000000000000000, -0.000000000000000000 ) ) ;
#386 = ADVANCED_FACE ( 'NONE', ( #5909 ), #2976, .T. ) ;
#387 = ORIENTED_EDGE ( 'NONE', *, *, #583, .F. ) ;
#388 = ORIENTED_EDGE ( 'NONE', *, *, #1730, .T. ) ;
#389 = ORIENTED_EDGE ( 'NONE', *, *, #1956, .F. ) ;
#390 = ORIENTED_EDGE ( 'NONE', *, *, #1484, .F. ) ;
#391 = DIRECTION ( 'NONE',  ( 1.000000000000000000, 0.000000000000000000, 0.000000000000000000 ) ) ;
#392 = LINE ( 'NONE', #302, #1326 ) ;
#393 = CYLINDRICAL_SURFACE ( 'NONE', #2982, 20.00000000000000711 ) ;
#394 = CARTESIAN_POINT ( 'NONE',  ( 11.99999999999999822, -46.87740477351714929, -3.172455868805721391 ) ) ;
#395 = EDGE_CURVE ( 'NONE', #1663, #5517, #2333, .T. ) ;
#396 = EDGE_CURVE ( 'NONE', #189, #278, #2292, .T. ) ;
#397 = VECTOR ( 'NONE', #2507, 1000.000000000000000 ) ;
#398 = VERTEX_POINT ( 'NONE', #4654 ) ;
#399 = ORIENTED_EDGE ( 'NONE', *, *, #5046, .T. ) ;
#400 = ADVANCED_FACE ( 'NONE', ( #1233 ), #1155, .T. ) ;
#401 = DIRECTION ( 'NONE',  ( 0.000000000000000000, 0.000000000000000000, -1.000000000000000000 ) ) ;
#402 = DIRECTION ( 'NONE',  ( 1.000000000000000000, 0.000000000000000000, 0.000000000000000000 ) ) ;
#403 = CIRCLE ( 'NONE', #7522, 20.00000000000000711 ) ;
#404 = EDGE_CURVE ( 'NONE', #6168, #6860, #7544, .T. ) ;
#405 = ORIENTED_EDGE ( 'NONE', *, *, #6943, .T. ) ;
#406 = ORIENTED_EDGE ( 'NONE', *, *, #5311, .T. ) ;
#407 = ORIENTED_EDGE ( 'NONE', *, *, #2758, .F. ) ;
#408 = AXIS2_PLACEMENT_3D ( 'NONE', #4213, #1376, #5915 ) ;
#409 = LINE ( 'NONE', #4619, #353 ) ;
#410 = DIRECTION ( 'NONE',  ( -1.000000000000000000, -0.000000000000000000, -0.000000000000000000 ) ) ;
#411 = FACE_OUTER_BOUND ( 'NONE', #2819, .T. ) ;
#412 = CYLINDRICAL_SURFACE ( 'NONE', #1633, 20.00000000000000711 ) ;
#413 = DIRECTION ( 'NONE',  ( 0.000000000000000000, 0.000000000000000000, 1.000000000000000000 ) ) ;
#414 = CYLINDRICAL_SURFACE ( 'NONE', #7179, 20.00000000000000355 ) ;
#415 = CARTESIAN_POINT ( 'NONE',  ( 11.99999999999999822, 32.32520163883631881, -34.09746168776001696 ) ) ;
#416 = ORIENTED_EDGE ( 'NONE', *, *, #7393, .T. ) ;
#417 = LINE ( 'NONE', #1527, #369 ) ;
#418 = DIRECTION ( 'NONE',  ( -1.000000000000000000, 0.000000000000000000, 0.000000000000000000 ) ) ;
#419 = CARTESIAN_POINT ( 'NONE',  ( 5.999999999999999112, 39.64889472655781333, -33.64468972902463406 ) ) ;
#420 = CARTESIAN_POINT ( 'NONE',  ( 0.000000000000000000, -37.91532898920940653, 28.61088654061626357 ) ) ;
#421 = DIRECTION ( 'NONE',  ( 1.000000000000000000, 0.000000000000000000, 0.000000000000000000 ) ) ;
#422 = DIRECTION ( 'NONE',  ( 0.000000000000000000, 0.6845471059286847293, 0.7289686274214153272 ) ) ;
#423 = EDGE_CURVE ( 'NONE', #5346, #760, #1656, .T. ) ;
#424 = VERTEX_POINT ( 'NONE', #6382 ) ;
#425 = ORIENTED_EDGE ( 'NONE', *, *, #2809, .T. ) ;
#426 = ORIENTED_EDGE ( 'NONE', *, *, #120, .T. ) ;
#427 = VERTEX_POINT ( 'NONE', #5270 ) ;
#428 = CARTESIAN_POINT ( 'NONE',  ( 0.000000000000000000, 0.000000000000000000, 0.000000000000000000 ) ) ;
#429 = CARTESIAN_POINT ( 'NONE',  ( 11.99999999999999822, 44.75336757549779065, 14.30704879393621454 ) ) ;
#430 = CARTESIAN_POINT ( 'NONE',  ( 12.00000000000000000, -26.17370628620627571, -39.63700417846190049 ) ) ;
#431 = FACE_OUTER_BOUND ( 'NONE', #6429, .T. ) ;
#432 = EDGE_CURVE ( 'NONE', #3391, #169, #3714, .T. ) ;
#433 = VERTEX_POINT ( 'NONE', #2839 ) ;
#434 = CIRCLE ( 'NONE', #3850, 20.00000000000000355 ) ;
#435 = ORIENTED_EDGE ( 'NONE', *, *, #1440, .F. ) ;
#436 = DIRECTION ( 'NONE',  ( 0.000000000000000000, 0.000000000000000000, 1.000000000000000000 ) ) ;
#437 = CARTESIAN_POINT ( 'NONE',  ( 11.99999999999999822, -15.49408907645141653, -44.90087086784608061 ) ) ;
#438 = VERTEX_POINT ( 'NONE', #4614 ) ;
#439 = ORIENTED_EDGE ( 'NONE', *, *, #6028, .T. ) ;
#440 = ORIENTED_EDGE ( 'NONE', *, *, #2171, .F. ) ;
#441 = CIRCLE ( 'NONE', #3373, 47.49900000000000233 ) ;
#442 = EDGE_CURVE ( 'NONE', #1640, #2649, #434, .T. ) ;
#443 = DIRECTION ( 'NONE',  ( 0.000000000000000000, 0.000000000000000000, 1.000000000000000000 ) ) ;
#444 = CYLINDRICAL_SURFACE ( 'NONE', #6588, 20.00000000000000355 ) ;
#445 = DIRECTION ( 'NONE',  ( -1.000000000000000000, 0.000000000000000000, 0.000000000000000000 ) ) ;
#446 = CARTESIAN_POINT ( 'NONE',  ( 11.99999999999999822, -11.46872990052411723, 45.56340405422440654 ) ) ;
#447 = DIRECTION ( 'NONE',  ( -1.000000000000000000, 0.000000000000000000, -0.000000000000000000 ) ) ;
#448 = DIRECTION ( 'NONE',  ( 0.000000000000000000, 0.000000000000000000, -1.000000000000000000 ) ) ;
#449 = AXIS2_PLACEMENT_3D ( 'NONE', #1041, #5796, #2760 ) ;
#450 = ORIENTED_EDGE ( 'NONE', *, *, #6102, .T. ) ;
#451 = VECTOR ( 'NONE', #3818, 1000.000000000000000 ) ;
#452 = VECTOR ( 'NONE', #2585, 1000.000000000000000 ) ;
#453 = LINE ( 'NONE', #6831, #4729 ) ;
#454 = FACE_BOUND ( 'NONE', #2737, .T. ) ;
#455 = DIRECTION ( 'NONE',  ( 0.000000000000000000, 0.000000000000000000, 1.000000000000000000 ) ) ;
#456 = LINE ( 'NONE', #7560, #6254 ) ;
#457 = DIRECTION ( 'NONE',  ( -1.000000000000000000, 0.000000000000000000, 0.000000000000000000 ) ) ;
#458 = CIRCLE ( 'NONE', #4747, 20.00000000000000711 ) ;
#459 = ORIENTED_EDGE ( 'NONE', *, *, #6053, .T. ) ;
#460 = ADVANCED_FACE ( 'NONE', ( #4824 ), #2505, .T. ) ;
#461 = EDGE_CURVE ( 'NONE', #269, #1973, #2547, .T. ) ;
#462 = ORIENTED_EDGE ( 'NONE', *, *, #7062, .T. ) ;
#463 = ORIENTED_EDGE ( 'NONE', *, *, #5628, .F. ) ;
#464 = VECTOR ( 'NONE', #5780, 1000.000000000000000 ) ;
#465 = ORIENTED_EDGE ( 'NONE', *, *, #395, .T. ) ;
#466 = DIRECTION ( 'NONE',  ( 0.000000000000000000, 0.000000000000000000, -1.000000000000000000 ) ) ;
#467 = FACE_OUTER_BOUND ( 'NONE', #127, .T. ) ;
#468 = DIRECTION ( 'NONE',  ( 0.000000000000000000, 0.000000000000000000, 1.000000000000000000 ) ) ;
#469 = CARTESIAN_POINT ( 'NONE',  ( 11.99999999999999822, -32.32520163883608433, 34.09746168776024433 ) ) ;
#470 = EDGE_CURVE ( 'NONE', #3649, #2377, #1278, .T. ) ;
#471 = AXIS2_PLACEMENT_3D ( 'NONE', #2991, #895, #5622 ) ;
#472 = CIRCLE ( 'NONE', #4868, 52.00000000000000000 ) ;
#473 = EDGE_CURVE ( 'NONE', #3458, #5947, #6710, .T. ) ;
#474 = VERTEX_POINT ( 'NONE', #3160 ) ;
#475 = CIRCLE ( 'NONE', #827, 47.49900000000000233 ) ;
#476 = ORIENTED_EDGE ( 'NONE', *, *, #564, .F. ) ;
#477 = CIRCLE ( 'NONE', #2927, 47.49899999999999523 ) ;
#478 = AXIS2_PLACEMENT_3D ( 'NONE', #5663, #2660, #1991 ) ;
#479 = DIRECTION ( 'NONE',  ( -1.000000000000000000, 0.000000000000000000, 0.000000000000000000 ) ) ;
#480 = DIRECTION ( 'NONE',  ( -1.000000000000000000, 0.000000000000000000, -0.000000000000000000 ) ) ;
#481 = ORIENTED_EDGE ( 'NONE', *, *, #404, .T. ) ;
#482 = VERTEX_POINT ( 'NONE', #215 ) ;
#483 = AXIS2_PLACEMENT_3D ( 'NONE', #4031, #7456, #1690 ) ;
#484 = VECTOR ( 'NONE', #7386, 1000.000000000000000 ) ;
#485 = ORIENTED_EDGE ( 'NONE', *, *, #4227, .T. ) ;
#486 = ORIENTED_EDGE ( 'NONE', *, *, #2708, .F. ) ;
#487 = FACE_OUTER_BOUND ( 'NONE', #5132, .T. ) ;
#488 = PLANE ( 'NONE',  #5862 ) ;
#490 = CARTESIAN_POINT ( 'NONE',  ( 11.99999999999999822, 46.87740477351717061, -3.172455868805375889 ) ) ;
#489 = VECTOR ( 'NONE', #515, 1000.000000000000000 ) ;
#491 = AXIS2_PLACEMENT_3D ( 'NONE', #5699, #6934, #2924 ) ;
#492 = PLANE ( 'NONE',  #6708 ) ;
#493 = FACE_OUTER_BOUND ( 'NONE', #5240, .T. ) ;
#494 = DIRECTION ( 'NONE',  ( 1.000000000000000000, 0.000000000000000000, 0.000000000000000000 ) ) ;
#495 = EDGE_LOOP ( 'NONE', ( #3886, #316, #6679, #6051 ) ) ;
#496 = EDGE_CURVE ( 'NONE', #3427, #198, #4830, .T. ) ;
#497 = AXIS2_PLACEMENT_3D ( 'NONE', #613, #6992, #6444 ) ;
#498 = CIRCLE ( 'NONE', #6092, 47.49900000000000233 ) ;
#499 = CARTESIAN_POINT ( 'NONE',  ( 12.00000000000000000, -20.99948489194453316, 42.60488980472772624 ) ) ;
#500 = EDGE_CURVE ( 'NONE', #5927, #3182, #1448, .T. ) ;
#501 = CARTESIAN_POINT ( 'NONE',  ( 0.000000000000000000, 5.667686777401696574, 46.64153600743607342 ) ) ;
#502 = CARTESIAN_POINT ( 'NONE',  ( 0.000000000000000000, 24.72041153920731205, 40.55929306992698002 ) ) ;
#503 = CARTESIAN_POINT ( 'NONE',  ( 0.000000000000000000, 0.000000000000000000, 0.000000000000000000 ) ) ;
#504 = DIRECTION ( 'NONE',  ( 0.000000000000000000, 0.9048270524660176894, 0.4257792915650767118 ) ) ;
#505 = AXIS2_PLACEMENT_3D ( 'NONE', #7552, #2273, #448 ) ;
#506 = ORIENTED_EDGE ( 'NONE', *, *, #4117, .T. ) ;
#507 = EDGE_CURVE ( 'NONE', #4803, #3991, #683, .T. ) ;
#508 = ORIENTED_EDGE ( 'NONE', *, *, #5454, .F. ) ;
#509 = VERTEX_POINT ( 'NONE', #105 ) ;
#510 = DIRECTION ( 'NONE',  ( -1.000000000000000000, 0.000000000000000000, 0.000000000000000000 ) ) ;
#511 = LINE ( 'NONE', #5833, #4761 ) ;
#512 = DIRECTION ( 'NONE',  ( 0.000000000000000000, 0.3681245526846786964, -0.9297764858882511252 ) ) ;
#513 = FACE_OUTER_BOUND ( 'NONE', #5601, .T. ) ;
#514 = ORIENTED_EDGE ( 'NONE', *, *, #6941, .T. ) ;
#515 = DIRECTION ( 'NONE',  ( -1.000000000000000000, 0.000000000000000000, 0.000000000000000000 ) ) ;
#516 = DIRECTION ( 'NONE',  ( -1.000000000000000000, 0.000000000000000000, 0.000000000000000000 ) ) ;
#517 = EDGE_CURVE ( 'NONE', #760, #4795, #1293, .T. ) ;
#518 = EDGE_LOOP ( 'NONE', ( #1246, #7087, #5998, #2529 ) ) ;
#519 = VERTEX_POINT ( 'NONE', #3622 ) ;
#520 = AXIS2_PLACEMENT_3D ( 'NONE', #1044, #7035, #7500 ) ;
#521 = VERTEX_POINT ( 'NONE', #7203 ) ;
#522 = VERTEX_POINT ( 'NONE', #3008 ) ;
#523 = AXIS2_PLACEMENT_3D ( 'NONE', #3475, #6261, #1571 ) ;
#524 = CARTESIAN_POINT ( 'NONE',  ( 0.000000000000000000, 0.000000000000000000, 0.000000000000000000 ) ) ;
#525 = DIRECTION ( 'NONE',  ( -1.000000000000000000, -0.000000000000000000, 0.000000000000000000 ) ) ;
#526 = CARTESIAN_POINT ( 'NONE',  ( 0.000000000000000000, -44.47301969247432396, -16.68249143361957465 ) ) ;
#527 = DIRECTION ( 'NONE',  ( 1.000000000000000000, 0.000000000000000000, 0.000000000000000000 ) ) ;
#528 = PLANE ( 'NONE',  #2644 ) ;
#529 = FACE_OUTER_BOUND ( 'NONE', #7215, .T. ) ;
#530 = ORIENTED_EDGE ( 'NONE', *, *, #6028, .F. ) ;
#531 = AXIS2_PLACEMENT_3D ( 'NONE', #5153, #6950, #422 ) ;
#532 = DIRECTION ( 'NONE',  ( -1.000000000000000000, 0.000000000000000000, 0.000000000000000000 ) ) ;
#533 = DIRECTION ( 'NONE',  ( -1.000000000000000000, -0.000000000000000000, -0.000000000000000000 ) ) ;
#534 = DIRECTION ( 'NONE',  ( 0.000000000000000000, -0.6845471059286791782, -0.7289686274214204342 ) ) ;
#536 = CIRCLE ( 'NONE', #7259, 20.00000000000001066 ) ;
#535 = CARTESIAN_POINT ( 'NONE',  ( -10.00000000000000000, 0.000000000000000000, 0.000000000000000000 ) ) ;
#537 = DIRECTION ( 'NONE',  ( -1.000000000000000000, -0.000000000000000000, -0.000000000000000000 ) ) ;
#538 = ORIENTED_EDGE ( 'NONE', *, *, #17, .T. ) ;
#539 = EDGE_LOOP ( 'NONE', ( #6036, #4514, #2512, #1344 ) ) ;
#540 = CARTESIAN_POINT ( 'NONE',  ( 0.000000000000000000, -36.34385289850568057, -29.77717097092113008 ) ) ;
#541 = DIRECTION ( 'NONE',  ( 0.000000000000000000, -0.8443279255020087470, -0.5358267949790065376 ) ) ;
#542 = CYLINDRICAL_SURFACE ( 'NONE', #1046, 52.00000000000000000 ) ;
#543 = PLANE ( 'NONE',  #1010 ) ;
#544 = EDGE_LOOP ( 'NONE', ( #3717, #3837, #1935, #298 ) ) ;
#545 = DIRECTION ( 'NONE',  ( 0.000000000000000000, -0.7705132427757817037, -0.6374239897486988493 ) ) ;
#546 = DIRECTION ( 'NONE',  ( -1.000000000000000000, -0.000000000000000000, 0.000000000000000000 ) ) ;
#547 = CARTESIAN_POINT ( 'NONE',  ( 11.99999999999999822, -44.61570720899105424, 14.73072383765551940 ) ) ;
#548 = ORIENTED_EDGE ( 'NONE', *, *, #6369, .F. ) ;
#549 = VERTEX_POINT ( 'NONE', #3732 ) ;
#550 = AXIS2_PLACEMENT_3D ( 'NONE', #923, #6181, #6848 ) ;
#551 = EDGE_CURVE ( 'NONE', #359, #6729, #4357, .T. ) ;
#552 = EDGE_CURVE ( 'NONE', #240, #4000, #4240, .T. ) ;
#553 = ORIENTED_EDGE ( 'NONE', *, *, #1167, .T. ) ;
#554 = ORIENTED_EDGE ( 'NONE', *, *, #7077, .F. ) ;
#555 = DIRECTION ( 'NONE',  ( -1.000000000000000000, -0.000000000000000000, -0.000000000000000000 ) ) ;
#556 = DIRECTION ( 'NONE',  ( -1.000000000000000000, 0.000000000000000000, 0.000000000000000000 ) ) ;
#557 = CARTESIAN_POINT ( 'NONE',  ( 11.99999999999999822, -42.03146605346771025, -22.12489237027361000 ) ) ;
#558 = CIRCLE ( 'NONE', #7550, 20.00000000000000000 ) ;
#559 = DIRECTION ( 'NONE',  ( -1.000000000000000000, 0.000000000000000000, 0.000000000000000000 ) ) ;
#560 = CARTESIAN_POINT ( 'NONE',  ( 11.99999999999999822, 40.47821179127713975, 32.64221760512774750 ) ) ;
#561 = EDGE_LOOP ( 'NONE', ( #3253, #2656, #5605, #1001 ) ) ;
#562 = EDGE_CURVE ( 'NONE', #2046, #1534, #4104, .T. ) ;
#563 = AXIS2_PLACEMENT_3D ( 'NONE', #29, #7154, #2387 ) ;
#564 = EDGE_CURVE ( 'NONE', #6324, #3458, #4188, .T. ) ;
#565 = PLANE ( 'NONE',  #3888 ) ;
#566 = DIRECTION ( 'NONE',  ( -1.000000000000000000, 0.000000000000000000, 0.000000000000000000 ) ) ;
#567 = FACE_OUTER_BOUND ( 'NONE', #1077, .T. ) ;
#568 = ADVANCED_FACE ( 'NONE', ( #3046 ), #6039, .T. ) ;
#569 = DIRECTION ( 'NONE',  ( -1.000000000000000000, -0.000000000000000000, 0.000000000000000000 ) ) ;
#570 = FACE_OUTER_BOUND ( 'NONE', #1162, .T. ) ;
#571 = DIRECTION ( 'NONE',  ( -1.000000000000000000, 0.000000000000000000, -0.000000000000000000 ) ) ;
#572 = CIRCLE ( 'NONE', #187, 20.00000000000000355 ) ;
#573 = ORIENTED_EDGE ( 'NONE', *, *, #3444, .T. ) ;
#574 = AXIS2_PLACEMENT_3D ( 'NONE', #7129, #6449, #3522 ) ;
#575 = ORIENTED_EDGE ( 'NONE', *, *, #3372, .T. ) ;
#576 = VECTOR ( 'NONE', #1024, 1000.000000000000000 ) ;
#577 = DIRECTION ( 'NONE',  ( 0.000000000000000000, 0.000000000000000000, -1.000000000000000000 ) ) ;
#578 = AXIS2_PLACEMENT_3D ( 'NONE', #2173, #1718, #2829 ) ;
#579 = CARTESIAN_POINT ( 'NONE',  ( 0.000000000000000000, 0.000000000000000000, 0.000000000000000000 ) ) ;
#580 = CARTESIAN_POINT ( 'NONE',  ( 11.99999999999999822, -19.44205635905509766, -43.33776004284629835 ) ) ;
#581 = CYLINDRICAL_SURFACE ( 'NONE', #2100, 52.00000000000000000 ) ;
#582 = CIRCLE ( 'NONE', #1899, 47.49900000000000233 ) ;
#583 = EDGE_CURVE ( 'NONE', #6141, #4002, #3663, .T. ) ;
#584 = CIRCLE ( 'NONE', #6844, 20.00000000000000711 ) ;
#585 = VERTEX_POINT ( 'NONE', #174 ) ;
#586 = DIRECTION ( 'NONE',  ( -1.000000000000000000, -0.000000000000000000, 0.000000000000000000 ) ) ;
#587 = EDGE_CURVE ( 'NONE', #1315, #2057, #4903, .T. ) ;
#588 = CIRCLE ( 'NONE', #4518, 52.00000000000000000 ) ;
#589 = FACE_OUTER_BOUND ( 'NONE', #5783, .T. ) ;
#590 = ORIENTED_EDGE ( 'NONE', *, *, #209, .T. ) ;
#591 = ORIENTED_EDGE ( 'NONE', *, *, #1279, .F. ) ;
#592 = ORIENTED_EDGE ( 'NONE', *, *, #4559, .F. ) ;
#593 = VECTOR ( 'NONE', #6781, 1000.000000000000000 ) ;
#594 = VECTOR ( 'NONE', #1173, 1000.000000000000000 ) ;
#595 = ADVANCED_FACE ( 'NONE', ( #7162 ), #6594, .T. ) ;
#596 = EDGE_LOOP ( 'NONE', ( #1842, #2082, #4936, #5956 ) ) ;
#597 = DIRECTION ( 'NONE',  ( 0.000000000000000000, 0.7705132427757861446, 0.6374239897486932982 ) ) ;
#598 = CYLINDRICAL_SURFACE ( 'NONE', #5617, 20.00000000000000355 ) ;
#599 = FACE_OUTER_BOUND ( 'NONE', #7286, .T. ) ;
#600 = CARTESIAN_POINT ( 'NONE',  ( 0.000000000000000000, 44.61570720899074161, 14.73072383765645377 ) ) ;
#601 = FACE_OUTER_BOUND ( 'NONE', #6759, .T. ) ;
#602 = AXIS2_PLACEMENT_3D ( 'NONE', #970, #228, #6224 ) ;
#603 = CIRCLE ( 'NONE', #3414, 47.49900000000000233 ) ;
#604 = ORIENTED_EDGE ( 'NONE', *, *, #6050, .T. ) ;
#605 = ORIENTED_EDGE ( 'NONE', *, *, #3539, .F. ) ;
#606 = CIRCLE ( 'NONE', #6726, 20.00000000000000355 ) ;
#607 = AXIS2_PLACEMENT_3D ( 'NONE', #2261, #5087, #7506 ) ;
#608 = DIRECTION ( 'NONE',  ( 1.000000000000000000, -0.000000000000000000, -0.000000000000000000 ) ) ;
#609 = EDGE_CURVE ( 'NONE', #2020, #2102, #5673, .T. ) ;
#610 = CARTESIAN_POINT ( 'NONE',  ( 11.99999999999999822, 43.83938735307267365, 18.28286404005815413 ) ) ;
#611 = DIRECTION ( 'NONE',  ( 0.000000000000000000, 0.000000000000000000, 1.000000000000000000 ) ) ;
#612 = DIRECTION ( 'NONE',  ( 0.000000000000000000, 0.000000000000000000, 1.000000000000000000 ) ) ;
#613 = CARTESIAN_POINT ( 'NONE',  ( 12.00000000000000000, 0.000000000000000000, 0.000000000000000000 ) ) ;
#614 = DIRECTION ( 'NONE',  ( -1.000000000000000000, 0.000000000000000000, 0.000000000000000000 ) ) ;
#615 = EDGE_CURVE ( 'NONE', #7186, #631, #5709, .T. ) ;
#616 = ORIENTED_EDGE ( 'NONE', *, *, #1119, .T. ) ;
#617 = EDGE_CURVE ( 'NONE', #1235, #5496, #292, .T. ) ;
#618 = CIRCLE ( 'NONE', #2072, 20.00000000000000711 ) ;
#619 = CIRCLE ( 'NONE', #6481, 52.00000000000000000 ) ;
#620 = ORIENTED_EDGE ( 'NONE', *, *, #7159, .F. ) ;
#621 = CIRCLE ( 'NONE', #6, 47.49900000000000233 ) ;
#622 = DIRECTION ( 'NONE',  ( -1.000000000000000000, -0.000000000000000000, -0.000000000000000000 ) ) ;
#623 = CARTESIAN_POINT ( 'NONE',  ( 0.000000000000000000, -9.744342220503083851, -46.48873837489806959 ) ) ;
#624 = DIRECTION ( 'NONE',  ( -1.000000000000000000, -0.000000000000000000, 0.000000000000000000 ) ) ;
#625 = CARTESIAN_POINT ( 'NONE',  ( 12.00000000000000000, 45.78515115856042428, 12.64416602183683125 ) ) ;
#626 = VERTEX_POINT ( 'NONE', #5105 ) ;
#627 = DIRECTION ( 'NONE',  ( -1.000000000000000000, 0.000000000000000000, 0.000000000000000000 ) ) ;
#628 = EDGE_CURVE ( 'NONE', #433, #4870, #36, .T. ) ;
#629 = LINE ( 'NONE', #5883, #4025 ) ;
#630 = ORIENTED_EDGE ( 'NONE', *, *, #4931, .F. ) ;
#631 = VERTEX_POINT ( 'NONE', #3201 ) ;
#632 = ORIENTED_EDGE ( 'NONE', *, *, #4651, .T. ) ;
#633 = EDGE_CURVE ( 'NONE', #672, #7530, #6525, .T. ) ;
#634 = VERTEX_POINT ( 'NONE', #7369 ) ;
#636 = EDGE_CURVE ( 'NONE', #7318, #2352, #4306, .T. ) ;
#635 = FACE_OUTER_BOUND ( 'NONE', #4037, .T. ) ;
#637 = CARTESIAN_POINT ( 'NONE',  ( 0.000000000000000000, 32.00046193115147730, 34.40241257139699371 ) ) ;
#638 = CYLINDRICAL_SURFACE ( 'NONE', #1566, 20.00000000000000355 ) ;
#639 = CARTESIAN_POINT ( 'NONE',  ( 11.99999999999999822, -27.79676263918214829, 37.88001506494759241 ) ) ;
#640 = VERTEX_POINT ( 'NONE', #420 ) ;
#641 = ORIENTED_EDGE ( 'NONE', *, *, #3699, .T. ) ;
#642 = AXIS2_PLACEMENT_3D ( 'NONE', #3922, #7381, #2108 ) ;
#643 = CARTESIAN_POINT ( 'NONE',  ( 15.00000000000000178, 41.00000000000000000, 0.000000000000000000 ) ) ;
#644 = LINE ( 'NONE', #610, #7554 ) ;
#645 = CARTESIAN_POINT ( 'NONE',  ( 0.000000000000000000, -25.61928775981074224, 45.25098998563469621 ) ) ;
#646 = CARTESIAN_POINT ( 'NONE',  ( 11.99999999999999822, -0.2227391519119964469, 46.98410307550729215 ) ) ;
#647 = CARTESIAN_POINT ( 'NONE',  ( 0.000000000000000000, -8.053585752061577452, -46.81126742072031988 ) ) ;
#648 = CIRCLE ( 'NONE', #3951, 52.00000000000000000 ) ;
#649 = AXIS2_PLACEMENT_3D ( 'NONE', #4941, #7131, #5399 ) ;
#650 = CIRCLE ( 'NONE', #4585, 52.00000000000000000 ) ;
#651 = ADVANCED_FACE ( 'NONE', ( #2715 ), #2054, .T. ) ;
#652 = DIRECTION ( 'NONE',  ( -1.000000000000000000, -0.000000000000000000, 0.000000000000000000 ) ) ;
#653 = DIRECTION ( 'NONE',  ( -1.000000000000000000, 0.000000000000000000, 0.000000000000000000 ) ) ;
#654 = CARTESIAN_POINT ( 'NONE',  ( 12.00000000000000000, 0.000000000000000000, 0.000000000000000000 ) ) ;
#655 = DIRECTION ( 'NONE',  ( -1.000000000000000000, 0.000000000000000000, 0.000000000000000000 ) ) ;
#656 = CIRCLE ( 'NONE', #5306, 47.49900000000000233 ) ;
#657 = ADVANCED_FACE ( 'NONE', ( #1530 ), #5071, .T. ) ;
#658 = ORIENTED_EDGE ( 'NONE', *, *, #4258, .F. ) ;
#659 = DIRECTION ( 'NONE',  ( 0.000000000000000000, 0.000000000000000000, 1.000000000000000000 ) ) ;
#661 = EDGE_CURVE ( 'NONE', #252, #1017, #6291, .T. ) ;
#660 = CARTESIAN_POINT ( 'NONE',  ( 0.000000000000000000, -38.92705108641711576, -27.21837053747839263 ) ) ;
#662 = ORIENTED_EDGE ( 'NONE', *, *, #129, .T. ) ;
#663 = ORIENTED_EDGE ( 'NONE', *, *, #3042, .F. ) ;
#664 = ORIENTED_EDGE ( 'NONE', *, *, #1152, .T. ) ;
#665 = VERTEX_POINT ( 'NONE', #5151 ) ;
#666 = DIRECTION ( 'NONE',  ( 0.000000000000000000, 0.000000000000000000, 1.000000000000000000 ) ) ;
#667 = DIRECTION ( 'NONE',  ( -1.000000000000000000, -0.000000000000000000, 0.000000000000000000 ) ) ;
#668 = DIRECTION ( 'NONE',  ( 0.000000000000000000, 0.000000000000000000, 1.000000000000000000 ) ) ;
#669 = ORIENTED_EDGE ( 'NONE', *, *, #7360, .T. ) ;
#670 = VECTOR ( 'NONE', #624, 1000.000000000000000 ) ;
#671 = ADVANCED_FACE ( 'NONE', ( #998 ), #5552, .T. ) ;
#672 = VERTEX_POINT ( 'NONE', #958 ) ;
#673 = CIRCLE ( 'NONE', #4835, 52.00000000000000000 ) ;
#674 = CARTESIAN_POINT ( 'NONE',  ( 0.000000000000000000, 19.74581912682908325, -48.10512059033372623 ) ) ;
#675 = DIRECTION ( 'NONE',  ( -1.000000000000000000, -0.000000000000000000, -0.000000000000000000 ) ) ;
#676 = CARTESIAN_POINT ( 'NONE',  ( 12.00000000000000000, 0.000000000000000000, 0.000000000000000000 ) ) ;
#677 = CARTESIAN_POINT ( 'NONE',  ( 11.99999999999999822, -43.83938735307253864, -18.28286404005847032 ) ) ;
#678 = CARTESIAN_POINT ( 'NONE',  ( 0.000000000000000000, 44.75336757549779065, 14.30704879393621454 ) ) ;
#679 = AXIS2_PLACEMENT_3D ( 'NONE', #2576, #1920, #5583 ) ;
#680 = ADVANCED_FACE ( 'NONE', ( #1489 ), #4532, .F. ) ;
#681 = DIRECTION ( 'NONE',  ( -1.000000000000000000, -0.000000000000000000, 0.000000000000000000 ) ) ;
#682 = DIRECTION ( 'NONE',  ( -1.000000000000000000, 0.000000000000000000, 0.000000000000000000 ) ) ;
#683 = LINE ( 'NONE', #756, #1164 ) ;
#684 = FACE_OUTER_BOUND ( 'NONE', #6504, .T. ) ;
#685 = CARTESIAN_POINT ( 'NONE',  ( 0.000000000000000000, 39.78933988720115167, 24.98727647985015565 ) ) ;
#686 = CIRCLE ( 'NONE', #5345, 20.00000000000000711 ) ;
#687 = AXIS2_PLACEMENT_3D ( 'NONE', #4019, #5295, #2356 ) ;
#688 = AXIS2_PLACEMENT_3D ( 'NONE', #830, #5468, #6667 ) ;
#689 = ORIENTED_EDGE ( 'NONE', *, *, #4067, .F. ) ;
#690 = CIRCLE ( 'NONE', #4989, 20.00000000000000355 ) ;
#691 = ADVANCED_FACE ( 'NONE', ( #7406 ), #3287, .T. ) ;
#692 = CARTESIAN_POINT ( 'NONE',  ( 0.000000000000000000, -13.56094713063605717, 50.20060470671736397 ) ) ;
#693 = DIRECTION ( 'NONE',  ( 1.000000000000000000, 0.000000000000000000, 0.000000000000000000 ) ) ;
#694 = ADVANCED_FACE ( 'NONE', ( #6172 ), #3906, .T. ) ;
#695 = EDGE_CURVE ( 'NONE', #4908, #1052, #656, .T. ) ;
#696 = VECTOR ( 'NONE', #2789, 1000.000000000000000 ) ;
#697 = ORIENTED_EDGE ( 'NONE', *, *, #2601, .F. ) ;
#698 = ORIENTED_EDGE ( 'NONE', *, *, #1883, .F. ) ;
#699 = ORIENTED_EDGE ( 'NONE', *, *, #4289, .T. ) ;
#700 = ORIENTED_EDGE ( 'NONE', *, *, #5429, .F. ) ;
#701 = AXIS2_PLACEMENT_3D ( 'NONE', #1812, #1275, #4119 ) ;
#702 = DIRECTION ( 'NONE',  ( -1.000000000000000000, -0.000000000000000000, 0.000000000000000000 ) ) ;
#703 = CARTESIAN_POINT ( 'NONE',  ( 0.000000000000000000, -19.74581912682874218, 48.10512059033388255 ) ) ;
#704 = CYLINDRICAL_SURFACE ( 'NONE', #344, 20.00000000000000355 ) ;
#705 = ORIENTED_EDGE ( 'NONE', *, *, #1838, .F. ) ;
#706 = AXIS2_PLACEMENT_3D ( 'NONE', #239, #6104, #7347 ) ;
#707 = CIRCLE ( 'NONE', #4378, 52.00000000000000000 ) ;
#708 = ORIENTED_EDGE ( 'NONE', *, *, #4295, .F. ) ;
#709 = DIRECTION ( 'NONE',  ( -0.000000000000000000, 0.000000000000000000, 1.000000000000000000 ) ) ;
#710 = AXIS2_PLACEMENT_3D ( 'NONE', #4727, #5978, #5309 ) ;
#712 = LINE ( 'NONE', #3038, #2764 ) ;
#711 = CIRCLE ( 'NONE', #5265, 1.699999999999975753 ) ;
#713 = AXIS2_PLACEMENT_3D ( 'NONE', #7507, #480, #5804 ) ;
#714 = FACE_OUTER_BOUND ( 'NONE', #4183, .T. ) ;
#715 = DIRECTION ( 'NONE',  ( -1.000000000000000000, 0.000000000000000000, 0.000000000000000000 ) ) ;
#716 = CARTESIAN_POINT ( 'NONE',  ( 11.99999999999999822, 22.43957647427160040, 41.27978878573636479 ) ) ;
#717 = EDGE_CURVE ( 'NONE', #4123, #1051, #4570, .T. ) ;
#718 = AXIS2_PLACEMENT_3D ( 'NONE', #579, #6303, #6922 ) ;
#719 = AXIS2_PLACEMENT_3D ( 'NONE', #5167, #546, #5656 ) ;
#720 = EDGE_CURVE ( 'NONE', #5946, #6739, #6127, .T. ) ;
#721 = CARTESIAN_POINT ( 'NONE',  ( 6.000000000000000000, -24.47917365149978508, 45.87777302070925600 ) ) ;
#722 = CARTESIAN_POINT ( 'NONE',  ( 12.00000000000000000, -26.17370628620683348, 39.63700417846153101 ) ) ;
#723 = CARTESIAN_POINT ( 'NONE',  ( 0.000000000000000000, -46.87740477351714929, -3.172455868805721391 ) ) ;
#724 = CARTESIAN_POINT ( 'NONE',  ( 5.999999999999999112, 36.06787431788731624, -37.45808914225450081 ) ) ;
#725 = LINE ( 'NONE', #2950, #397 ) ;
#726 = EDGE_CURVE ( 'NONE', #7392, #4592, #4498, .T. ) ;
#727 = CIRCLE ( 'NONE', #2544, 52.00000000000000000 ) ;
#728 = CIRCLE ( 'NONE', #491, 20.00000000000000355 ) ;
#729 = ORIENTED_EDGE ( 'NONE', *, *, #4711, .F. ) ;
#730 = AXIS2_PLACEMENT_3D ( 'NONE', #535, #1110, #5867 ) ;
#731 = ORIENTED_EDGE ( 'NONE', *, *, #7403, .T. ) ;
#732 = DIRECTION ( 'NONE',  ( 0.000000000000000000, 0.000000000000000000, 1.000000000000000000 ) ) ;
#733 = DIRECTION ( 'NONE',  ( -1.000000000000000000, 0.000000000000000000, -0.000000000000000000 ) ) ;
#734 = DIRECTION ( 'NONE',  ( 0.000000000000000000, 0.000000000000000000, -1.000000000000000000 ) ) ;
#735 = CIRCLE ( 'NONE', #3170, 20.00000000000000711 ) ;
#736 = ORIENTED_EDGE ( 'NONE', *, *, #1623, .T. ) ;
#737 = VERTEX_POINT ( 'NONE', #4643 ) ;
#738 = ORIENTED_EDGE ( 'NONE', *, *, #5419, .T. ) ;
#739 = ORIENTED_EDGE ( 'NONE', *, *, #3415, .F. ) ;
#740 = ADVANCED_FACE ( 'NONE', ( #1109 ), #5184, .T. ) ;
#741 = DIRECTION ( 'NONE',  ( -1.000000000000000000, 0.000000000000000000, 0.000000000000000000 ) ) ;
#742 = FACE_OUTER_BOUND ( 'NONE', #4256, .T. ) ;
#743 = CARTESIAN_POINT ( 'NONE',  ( 11.99999999999999822, 22.43957647427219371, -41.27978878573603083 ) ) ;
#744 = VERTEX_POINT ( 'NONE', #2325 ) ;
#745 = ORIENTED_EDGE ( 'NONE', *, *, #2137, .F. ) ;
#746 = ORIENTED_EDGE ( 'NONE', *, *, #2896, .F. ) ;
#747 = DIRECTION ( 'NONE',  ( -1.000000000000000000, -0.000000000000000000, 0.000000000000000000 ) ) ;
#748 = CARTESIAN_POINT ( 'NONE',  ( 11.99999999999999822, -44.25018368420762016, 27.31155879685167420 ) ) ;
#749 = CARTESIAN_POINT ( 'NONE',  ( 12.00000000000000000, 30.93515269692114344, 36.04401931830261674 ) ) ;
#750 = DIRECTION ( 'NONE',  ( -1.000000000000000000, 0.000000000000000000, -0.000000000000000000 ) ) ;
#751 = FACE_OUTER_BOUND ( 'NONE', #7242, .T. ) ;
#752 = ADVANCED_FACE ( 'NONE', ( #5259 ), #4751, .T. ) ;
#753 = VECTOR ( 'NONE', #5835, 1000.000000000000000 ) ;
#754 = CARTESIAN_POINT ( 'NONE',  ( 0.000000000000000000, -44.75336757549768407, -14.30704879393653250 ) ) ;
#755 = DIRECTION ( 'NONE',  ( -1.000000000000000000, -0.000000000000000000, 0.000000000000000000 ) ) ;
#756 = CARTESIAN_POINT ( 'NONE',  ( 6.000000000000000000, 51.19683565102457123, -9.104066087302946642 ) ) ;
#758 = AXIS2_PLACEMENT_3D ( 'NONE', #5599, #2005, #4320 ) ;
#757 = CARTESIAN_POINT ( 'NONE',  ( 0.000000000000000000, 41.20225022064669673, -23.63323037071358357 ) ) ;
#759 = CARTESIAN_POINT ( 'NONE',  ( 11.99999999999999822, -17.50309955389580452, -43.60271849949382528 ) ) ;
#760 = VERTEX_POINT ( 'NONE', #2902 ) ;
#761 = AXIS2_PLACEMENT_3D ( 'NONE', #5738, #445, #2778 ) ;
#762 = EDGE_LOOP ( 'NONE', ( #6100, #5090 ) ) ;
#763 = CARTESIAN_POINT ( 'NONE',  ( 12.00000000000000000, 30.93515269692164438, -36.04401931830218331 ) ) ;
#764 = FACE_OUTER_BOUND ( 'NONE', #5388, .T. ) ;
#765 = DIRECTION ( 'NONE',  ( 1.000000000000000000, 0.000000000000000000, -0.000000000000000000 ) ) ;
#766 = VERTEX_POINT ( 'NONE', #5326 ) ;
#767 = VERTEX_POINT ( 'NONE', #5900 ) ;
#768 = ORIENTED_EDGE ( 'NONE', *, *, #2599, .T. ) ;
#769 = EDGE_LOOP ( 'NONE', ( #7143, #6664, #2572, #4947 ) ) ;
#770 = CARTESIAN_POINT ( 'NONE',  ( -10.00000000000000000, 0.000000000000000000, 0.000000000000000000 ) ) ;
#771 = DIRECTION ( 'NONE',  ( 0.000000000000000000, 0.000000000000000000, -1.000000000000000000 ) ) ;
#772 = CARTESIAN_POINT ( 'NONE',  ( 11.99999999999999822, 27.79676263918187118, 37.88001506494778425 ) ) ;
#773 = ORIENTED_EDGE ( 'NONE', *, *, #4709, .F. ) ;
#774 = ORIENTED_EDGE ( 'NONE', *, *, #7363, .F. ) ;
#775 = EDGE_CURVE ( 'NONE', #3443, #6087, #572, .T. ) ;
#776 = EDGE_CURVE ( 'NONE', #1534, #5925, #7057, .T. ) ;
#777 = ORIENTED_EDGE ( 'NONE', *, *, #2607, .T. ) ;
#778 = DIRECTION ( 'NONE',  ( -1.000000000000000000, -0.000000000000000000, -0.000000000000000000 ) ) ;
#779 = DIRECTION ( 'NONE',  ( -1.000000000000000000, -0.000000000000000000, -0.000000000000000000 ) ) ;
#780 = EDGE_CURVE ( 'NONE', #519, #4945, #6948, .T. ) ;
#781 = CARTESIAN_POINT ( 'NONE',  ( 12.00000000000000000, -29.60891106212812574, 37.14118181634756155 ) ) ;
#782 = CARTESIAN_POINT ( 'NONE',  ( 0.000000000000000000, 0.000000000000000000, 0.000000000000000000 ) ) ;
#783 = CYLINDRICAL_SURFACE ( 'NONE', #1827, 20.00000000000000355 ) ;
#784 = EDGE_CURVE ( 'NONE', #2383, #982, #4093, .T. ) ;
#785 = VERTEX_POINT ( 'NONE', #7526 ) ;
#786 = ADVANCED_FACE ( 'NONE', ( #3398 ), #7559, .T. ) ;
#787 = AXIS2_PLACEMENT_3D ( 'NONE', #351, #3250, #2067 ) ;
#788 = DIRECTION ( 'NONE',  ( 1.000000000000000000, 0.000000000000000000, 0.000000000000000000 ) ) ;
#789 = CARTESIAN_POINT ( 'NONE',  ( 0.000000000000000000, -25.61928775981011341, -45.25098998563505148 ) ) ;
#790 = CARTESIAN_POINT ( 'NONE',  ( 11.99999999999999822, -17.08890430202780664, 43.76671000081938701 ) ) ;
#791 = DIRECTION ( 'NONE',  ( -1.000000000000000000, 0.000000000000000000, 0.000000000000000000 ) ) ;
#792 = CARTESIAN_POINT ( 'NONE',  ( 0.000000000000000000, 49.65209126885762458, 15.44894276735569782 ) ) ;
#793 = ORIENTED_EDGE ( 'NONE', *, *, #5570, .F. ) ;
#794 = AXIS2_PLACEMENT_3D ( 'NONE', #5293, #4714, #1222 ) ;
#795 = ORIENTED_EDGE ( 'NONE', *, *, #3362, .F. ) ;
#796 = SURFACE_SIDE_STYLE ('',( #1499 ) ) ;
#797 = DIRECTION ( 'NONE',  ( 0.000000000000000000, 0.000000000000000000, -1.000000000000000000 ) ) ;
#798 = CARTESIAN_POINT ( 'NONE',  ( 11.99999999999999822, 0.000000000000000000, 0.000000000000000000 ) ) ;
#799 = CARTESIAN_POINT ( 'NONE',  ( 0.000000000000000000, -18.53613841426825459, 48.58406706613896375 ) ) ;
#800 = AXIS2_PLACEMENT_3D ( 'NONE', #428, #1005, #6338 ) ;
#801 = EDGE_CURVE ( 'NONE', #359, #5840, #1887, .T. ) ;
#802 = ORIENTED_EDGE ( 'NONE', *, *, #355, .F. ) ;
#803 = AXIS2_PLACEMENT_3D ( 'NONE', #1958, #7092, #1395 ) ;
#804 = ORIENTED_EDGE ( 'NONE', *, *, #6215, .F. ) ;
#805 = EDGE_LOOP ( 'NONE', ( #7385, #4425, #3208, #6768 ) ) ;
#806 = ORIENTED_EDGE ( 'NONE', *, *, #3628, .T. ) ;
#807 = EDGE_CURVE ( 'NONE', #1206, #3086, #6828, .T. ) ;
#808 = DIRECTION ( 'NONE',  ( -1.000000000000000000, -0.000000000000000000, 0.000000000000000000 ) ) ;
#809 = CIRCLE ( 'NONE', #1793, 47.49900000000000233 ) ;
#810 = CARTESIAN_POINT ( 'NONE',  ( 0.000000000000000000, 0.000000000000000000, 0.000000000000000000 ) ) ;
#811 = CARTESIAN_POINT ( 'NONE',  ( 5.999999999999999112, 31.08872492060014281, -41.68322423723068937 ) ) ;
#812 = ORIENTED_EDGE ( 'NONE', *, *, #3436, .F. ) ;
#813 = ORIENTED_EDGE ( 'NONE', *, *, #7145, .T. ) ;
#814 = EDGE_CURVE ( 'NONE', #7241, #7186, #3608, .T. ) ;
#815 = CARTESIAN_POINT ( 'NONE',  ( 0.000000000000000000, -30.93515269692139569, 36.04401931830241068 ) ) ;
#816 = CIRCLE ( 'NONE', #2519, 20.00000000000000000 ) ;
#817 = DIRECTION ( 'NONE',  ( 1.000000000000000000, 0.000000000000000000, 0.000000000000000000 ) ) ;
#818 = CARTESIAN_POINT ( 'NONE',  ( 12.00000000000000000, 0.000000000000000000, 0.000000000000000000 ) ) ;
#819 = DIRECTION ( 'NONE',  ( -1.000000000000000000, -0.000000000000000000, 0.000000000000000000 ) ) ;
#820 = CARTESIAN_POINT ( 'NONE',  ( 5.999999999999999112, -39.64889472655708147, -33.64468972902550092 ) ) ;
#821 = CARTESIAN_POINT ( 'NONE',  ( 0.000000000000000000, 0.000000000000000000, 0.000000000000000000 ) ) ;
#822 = CARTESIAN_POINT ( 'NONE',  ( 11.99999999999999822, -51.19683565102450729, 9.104066087303298360 ) ) ;
#823 = DIRECTION ( 'NONE',  ( -1.000000000000000000, 0.000000000000000000, 0.000000000000000000 ) ) ;
#824 = VECTOR ( 'NONE', #55, 1000.000000000000000 ) ;
#825 = ORIENTED_EDGE ( 'NONE', *, *, #1747, .T. ) ;
#826 = CIRCLE ( 'NONE', #3280, 20.00000000000000711 ) ;
#827 = AXIS2_PLACEMENT_3D ( 'NONE', #1698, #6389, #3845 ) ;
#828 = ADVANCED_FACE ( 'NONE', ( #2282 ), #3440, .T. ) ;
#829 = DIRECTION ( 'NONE',  ( -1.000000000000000000, 0.000000000000000000, 0.000000000000000000 ) ) ;
#830 = CARTESIAN_POINT ( 'NONE',  ( 12.00000000000000000, 0.000000000000000000, 0.000000000000000000 ) ) ;
#831 = DIRECTION ( 'NONE',  ( 0.000000000000000000, -0.2486898871648622333, 0.9685831611286292997 ) ) ;
#832 = CARTESIAN_POINT ( 'NONE',  ( 5.999999999999999112, -47.32430374665916162, -21.55018039121578965 ) ) ;
#833 = DIRECTION ( 'NONE',  ( 0.000000000000000000, 0.000000000000000000, 1.000000000000000000 ) ) ;
#834 = EDGE_CURVE ( 'NONE', #2413, #3347, #7068, .T. ) ;
#835 = ORIENTED_EDGE ( 'NONE', *, *, #1753, .F. ) ;
#836 = CIRCLE ( 'NONE', #1926, 52.00000000000000000 ) ;
#837 = AXIS2_PLACEMENT_3D ( 'NONE', #6145, #236, #6188 ) ;
#838 = ORIENTED_EDGE ( 'NONE', *, *, #6345, .F. ) ;
#839 = ORIENTED_EDGE ( 'NONE', *, *, #2193, .T. ) ;
#840 = AXIS2_PLACEMENT_3D ( 'NONE', #6128, #6173, #912 ) ;
#841 = CARTESIAN_POINT ( 'NONE',  ( 0.000000000000000000, -8.053585752062225822, 46.81126742072019908 ) ) ;
#842 = FACE_OUTER_BOUND ( 'NONE', #4079, .T. ) ;
#843 = DIRECTION ( 'NONE',  ( -1.000000000000000000, -0.000000000000000000, -0.000000000000000000 ) ) ;
#844 = ORIENTED_EDGE ( 'NONE', *, *, #4, .F. ) ;
#845 = ORIENTED_EDGE ( 'NONE', *, *, #1405, .F. ) ;
#846 = VECTOR ( 'NONE', #135, 1000.000000000000000 ) ;
#847 = VERTEX_POINT ( 'NONE', #2390 ) ;
#848 = EDGE_CURVE ( 'NONE', #4110, #3529, #1674, .T. ) ;
#849 = ORIENTED_EDGE ( 'NONE', *, *, #6637, .T. ) ;
#850 = DIRECTION ( 'NONE',  ( 0.000000000000000000, -0.2486898871648413889, -0.9685831611286344067 ) ) ;
#851 = AXIS2_PLACEMENT_3D ( 'NONE', #376, #7401, #2745 ) ;
#852 = CARTESIAN_POINT ( 'NONE',  ( 11.99999999999999822, -3.840921266750177310, 47.34345070675168188 ) ) ;
#853 = FACE_OUTER_BOUND ( 'NONE', #2580, .T. ) ;
#854 = ORIENTED_EDGE ( 'NONE', *, *, #5110, .F. ) ;
#855 = ORIENTED_EDGE ( 'NONE', *, *, #6827, .F. ) ;
#856 = ORIENTED_EDGE ( 'NONE', *, *, #1299, .F. ) ;
#857 = EDGE_CURVE ( 'NONE', #2722, #6887, #1181, .T. ) ;
#858 = CARTESIAN_POINT ( 'NONE',  ( 11.99999999999999822, -41.20225022064619935, -23.63323037071446819 ) ) ;
#859 = FACE_OUTER_BOUND ( 'NONE', #3856, .T. ) ;
#860 = CARTESIAN_POINT ( 'NONE',  ( 12.00000000000000000, 0.000000000000000000, 0.000000000000000000 ) ) ;
#861 = DIRECTION ( 'NONE',  ( 1.000000000000000000, 0.000000000000000000, 0.000000000000000000 ) ) ;
#862 = FACE_OUTER_BOUND ( 'NONE', #2954, .T. ) ;
#863 = DIRECTION ( 'NONE',  ( -1.000000000000000000, -0.000000000000000000, -0.000000000000000000 ) ) ;
#864 = CARTESIAN_POINT ( 'NONE',  ( 0.000000000000000000, -29.60891106212812574, 37.14118181634756155 ) ) ;
#865 = ORIENTED_EDGE ( 'NONE', *, *, #2075, .T. ) ;
#866 = VERTEX_POINT ( 'NONE', #502 ) ;
#867 = DIRECTION ( 'NONE',  ( 0.000000000000000000, 0.000000000000000000, 1.000000000000000000 ) ) ;
#868 = FACE_OUTER_BOUND ( 'NONE', #1572, .T. ) ;
#869 = DIRECTION ( 'NONE',  ( 0.000000000000000000, -0.8443279255020200713, 0.5358267949789887741 ) ) ;
#870 = CARTESIAN_POINT ( 'NONE',  ( 11.99999999999999822, 41.20225022064669673, -23.63323037071358357 ) ) ;
#871 = DIRECTION ( 'NONE',  ( -1.000000000000000000, 0.000000000000000000, -0.000000000000000000 ) ) ;
#872 = FACE_OUTER_BOUND ( 'NONE', #539, .T. ) ;
#873 = ORIENTED_EDGE ( 'NONE', *, *, #5075, .F. ) ;
#874 = ORIENTED_EDGE ( 'NONE', *, *, #6230, .T. ) ;
#875 = EDGE_CURVE ( 'NONE', #3031, #5873, #6454, .T. ) ;
#876 = ORIENTED_EDGE ( 'NONE', *, *, #917, .F. ) ;
#877 = CIRCLE ( 'NONE', #1130, 52.00000000000000000 ) ;
#878 = ORIENTED_EDGE ( 'NONE', *, *, #5872, .T. ) ;
#879 = FACE_OUTER_BOUND ( 'NONE', #1378, .T. ) ;
#880 = FACE_OUTER_BOUND ( 'NONE', #6931, .T. ) ;
#881 = DIRECTION ( 'NONE',  ( 0.000000000000000000, 0.000000000000000000, -1.000000000000000000 ) ) ;
#882 = CARTESIAN_POINT ( 'NONE',  ( 11.99999999999999822, 39.55064067543064255, 25.36340625197374621 ) ) ;
#883 = EDGE_CURVE ( 'NONE', #4677, #5772, #4847, .T. ) ;
#884 = ORIENTED_EDGE ( 'NONE', *, *, #1272, .T. ) ;
#885 = VERTEX_POINT ( 'NONE', #7123 ) ;
#886 = CIRCLE ( 'NONE', #2846, 47.49900000000000233 ) ;
#887 = AXIS2_PLACEMENT_3D ( 'NONE', #5033, #339, #2790 ) ;
#888 = ORIENTED_EDGE ( 'NONE', *, *, #4099, .T. ) ;
#889 = EDGE_CURVE ( 'NONE', #5566, #7052, #1064, .T. ) ;
#890 = VERTEX_POINT ( 'NONE', #1852 ) ;
#891 = EDGE_CURVE ( 'NONE', #3019, #7553, #5962, .T. ) ;
#892 = CIRCLE ( 'NONE', #2232, 1.699999999999986189 ) ;
#893 = CARTESIAN_POINT ( 'NONE',  ( 11.99999999999999822, 0.000000000000000000, 0.000000000000000000 ) ) ;
#894 = DIRECTION ( 'NONE',  ( 1.000000000000000000, 0.000000000000000000, 0.000000000000000000 ) ) ;
#895 = DIRECTION ( 'NONE',  ( -1.000000000000000000, -0.000000000000000000, -0.000000000000000000 ) ) ;
#896 = ORIENTED_EDGE ( 'NONE', *, *, #814, .F. ) ;
#897 = ORIENTED_EDGE ( 'NONE', *, *, #2120, .T. ) ;
#898 = ORIENTED_EDGE ( 'NONE', *, *, #379, .F. ) ;
#899 = CARTESIAN_POINT ( 'NONE',  ( 0.000000000000000000, 51.85248208264518865, 3.914090171286362274 ) ) ;
#900 = DIRECTION ( 'NONE',  ( 1.000000000000000000, 0.000000000000000000, 0.000000000000000000 ) ) ;
#901 = CARTESIAN_POINT ( 'NONE',  ( 11.99999999999999822, 0.000000000000000000, 0.000000000000000000 ) ) ;
#902 = CARTESIAN_POINT ( 'NONE',  ( 11.99999999999999822, 13.56094713063569479, 50.20060470671746344 ) ) ;
#903 = DIRECTION ( 'NONE',  ( -1.000000000000000000, -0.000000000000000000, 0.000000000000000000 ) ) ;
#904 = DIRECTION ( 'NONE',  ( -1.000000000000000000, -0.000000000000000000, 0.000000000000000000 ) ) ;
#905 = CARTESIAN_POINT ( 'NONE',  ( 11.99999999999999822, -32.32520163883608433, 34.09746168776024433 ) ) ;
#906 = ORIENTED_EDGE ( 'NONE', *, *, #6288, .T. ) ;
#907 = VERTEX_POINT ( 'NONE', #3150 ) ;
#908 = DIRECTION ( 'NONE',  ( -1.000000000000000000, -0.000000000000000000, 0.000000000000000000 ) ) ;
#909 = CARTESIAN_POINT ( 'NONE',  ( 11.99999999999999822, 46.19362259308834950, 8.585149169758647503 ) ) ;
#910 = DIRECTION ( 'NONE',  ( -1.000000000000000000, -0.000000000000000000, 0.000000000000000000 ) ) ;
#911 = DIRECTION ( 'NONE',  ( -1.000000000000000000, -0.000000000000000000, -0.000000000000000000 ) ) ;
#912 = DIRECTION ( 'NONE',  ( 0.000000000000000000, 0.000000000000000000, 1.000000000000000000 ) ) ;
#913 = DIRECTION ( 'NONE',  ( -1.000000000000000000, -0.000000000000000000, -0.000000000000000000 ) ) ;
#914 = EDGE_LOOP ( 'NONE', ( #3068, #4701, #5316, #4876 ) ) ;
#915 = AXIS2_PLACEMENT_3D ( 'NONE', #9, #1795, #5834 ) ;
#916 = ORIENTED_EDGE ( 'NONE', *, *, #5906, .F. ) ;
#917 = EDGE_CURVE ( 'NONE', #2177, #4772, #6661, .T. ) ;
#918 = VERTEX_POINT ( 'NONE', #1286 ) ;
#919 = VERTEX_POINT ( 'NONE', #1255 ) ;
#920 = CARTESIAN_POINT ( 'NONE',  ( 0.000000000000000000, 22.82995208772747731, -41.06517797613638265 ) ) ;
#921 = DIRECTION ( 'NONE',  ( 1.000000000000000000, -0.000000000000000000, -0.000000000000000000 ) ) ;
#922 = CIRCLE ( 'NONE', #2259, 47.49900000000000233 ) ;
#923 = CARTESIAN_POINT ( 'NONE',  ( 0.000000000000000000, -41.00000000000000000, 0.000000000000000000 ) ) ;
#924 = CARTESIAN_POINT ( 'NONE',  ( 0.000000000000000000, -47.49120266317494554, -0.8606222198180371041 ) ) ;
#925 = VECTOR ( 'NONE', #6989, 1000.000000000000000 ) ;
#926 = ORIENTED_EDGE ( 'NONE', *, *, #1759, .T. ) ;
#927 = ORIENTED_EDGE ( 'NONE', *, *, #4288, .F. ) ;
#928 = EDGE_CURVE ( 'NONE', #4246, #299, #3995, .T. ) ;
#929 = ORIENTED_EDGE ( 'NONE', *, *, #7461, .F. ) ;
#930 = CIRCLE ( 'NONE', #5453, 47.49900000000000233 ) ;
#931 = EDGE_CURVE ( 'NONE', #2877, #7414, #5505, .T. ) ;
#932 = CARTESIAN_POINT ( 'NONE',  ( 0.000000000000000000, 46.19362259308845609, -8.585149169757976040 ) ) ;
#933 = AXIS2_PLACEMENT_3D ( 'NONE', #2459, #167, #3583 ) ;
#934 = DIRECTION ( 'NONE',  ( -1.000000000000000000, 0.000000000000000000, 0.000000000000000000 ) ) ;
#935 = CARTESIAN_POINT ( 'NONE',  ( 0.000000000000000000, -15.49408907645141653, -44.90087086784608061 ) ) ;
#936 = ORIENTED_EDGE ( 'NONE', *, *, #661, .T. ) ;
#937 = ORIENTED_EDGE ( 'NONE', *, *, #2945, .F. ) ;
#938 = CIRCLE ( 'NONE', #5233, 20.00000000000000711 ) ;
#939 = ORIENTED_EDGE ( 'NONE', *, *, #7276, .T. ) ;
#940 = VECTOR ( 'NONE', #4633, 1000.000000000000000 ) ;
#941 = ADVANCED_FACE ( 'NONE', ( #5461 ), #249, .F. ) ;
#942 = VECTOR ( 'NONE', #3694, 1000.000000000000000 ) ;
#943 = DIRECTION ( 'NONE',  ( 0.000000000000000000, -0.1253332335643113082, 0.9921147013144769877 ) ) ;
#944 = FACE_OUTER_BOUND ( 'NONE', #5455, .T. ) ;
#945 = DIRECTION ( 'NONE',  ( 0.000000000000000000, 0.000000000000000000, 1.000000000000000000 ) ) ;
#946 = DIRECTION ( 'NONE',  ( 0.000000000000000000, 0.000000000000000000, -1.000000000000000000 ) ) ;
#947 = VECTOR ( 'NONE', #6170, 1000.000000000000000 ) ;
#948 = CARTESIAN_POINT ( 'NONE',  ( 11.99999999999999822, -39.55064067543080597, 25.36340625197345844 ) ) ;
#949 = CARTESIAN_POINT ( 'NONE',  ( 0.000000000000000000, -3.840921266750177310, 47.34345070675168188 ) ) ;
#950 = DIRECTION ( 'NONE',  ( 0.000000000000000000, 0.000000000000000000, -1.000000000000000000 ) ) ;
#951 = ORIENTED_EDGE ( 'NONE', *, *, #3415, .T. ) ;
#952 = EDGE_CURVE ( 'NONE', #269, #7439, #7440, .T. ) ;
#953 = ORIENTED_EDGE ( 'NONE', *, *, #432, .T. ) ;
#954 =( LENGTH_UNIT ( ) NAMED_UNIT ( * ) SI_UNIT ( .MILLI., .METRE. ) );
#955 = LINE ( 'NONE', #4278, #1302 ) ;
#956 = EDGE_CURVE ( 'NONE', #7330, #7216, #3040, .T. ) ;
#957 = FACE_BOUND ( 'NONE', #5374, .T. ) ;
#958 = CARTESIAN_POINT ( 'NONE',  ( 0.000000000000000000, -12.30077720129064467, -50.52416135122095397 ) ) ;
#959 = CARTESIAN_POINT ( 'NONE',  ( 12.00000000000000000, -47.49120266317495975, 0.8606222198173691940 ) ) ;
#960 = DIRECTION ( 'NONE',  ( -1.000000000000000000, -0.000000000000000000, -0.000000000000000000 ) ) ;
#961 = EDGE_LOOP ( 'NONE', ( #51, #1112, #4382, #4703 ) ) ;
#962 = VECTOR ( 'NONE', #741, 1000.000000000000000 ) ;
#963 = VECTOR ( 'NONE', #4884, 1000.000000000000000 ) ;
#964 = ADVANCED_FACE ( 'NONE', ( #2494 ), #2427, .T. ) ;
#965 = ORIENTED_EDGE ( 'NONE', *, *, #3339, .T. ) ;
#966 = ORIENTED_EDGE ( 'NONE', *, *, #4916, .F. ) ;
#967 = ORIENTED_EDGE ( 'NONE', *, *, #470, .T. ) ;
#968 = EDGE_CURVE ( 'NONE', #2570, #2046, #4983, .T. ) ;
#969 = DIRECTION ( 'NONE',  ( 0.000000000000000000, 0.000000000000000000, -1.000000000000000000 ) ) ;
#970 = CARTESIAN_POINT ( 'NONE',  ( 11.99999999999999822, -27.79676263918214829, 37.88001506494759241 ) ) ;
#971 = DIRECTION ( 'NONE',  ( 0.000000000000000000, 0.000000000000000000, -1.000000000000000000 ) ) ;
#972 = DIRECTION ( 'NONE',  ( 0.000000000000000000, 0.1253332335643046747, -0.9921147013144777649 ) ) ;
#973 = VECTOR ( 'NONE', #76, 1000.000000000000000 ) ;
#974 = AXIS2_PLACEMENT_3D ( 'NONE', #3260, #7262, #1508 ) ;
#975 = VERTEX_POINT ( 'NONE', #3723 ) ;
#976 = ORIENTED_EDGE ( 'NONE', *, *, #2313, .F. ) ;
#977 = DIRECTION ( 'NONE',  ( -1.000000000000000000, -0.000000000000000000, 0.000000000000000000 ) ) ;
#978 = CARTESIAN_POINT ( 'NONE',  ( 11.99999999999999822, 34.03046037009254121, 33.13733193845818192 ) ) ;
#979 = AXIS2_PLACEMENT_3D ( 'NONE', #3555, #5901, #4020 ) ;
#980 = CIRCLE ( 'NONE', #5273, 20.00000000000000355 ) ;
#981 = ORIENTED_EDGE ( 'NONE', *, *, #5181, .F. ) ;
#982 = VERTEX_POINT ( 'NONE', #6070 ) ;
#983 = VERTEX_POINT ( 'NONE', #822 ) ;
#984 = EDGE_CURVE ( 'NONE', #5290, #186, #1547, .T. ) ;
#985 = AXIS2_PLACEMENT_3D ( 'NONE', #992, #2090, #5066 ) ;
#986 = DIRECTION ( 'NONE',  ( -1.000000000000000000, 0.000000000000000000, -0.000000000000000000 ) ) ;
#987 = CARTESIAN_POINT ( 'NONE',  ( 11.99999999999999822, 44.75336757549799671, -14.30704879393555728 ) ) ;
#988 = CARTESIAN_POINT ( 'NONE',  ( 12.00000000000000000, 0.000000000000000000, 0.000000000000000000 ) ) ;
#989 = CARTESIAN_POINT ( 'NONE',  ( 0.000000000000000000, 0.000000000000000000, 0.000000000000000000 ) ) ;
#990 = DIRECTION ( 'NONE',  ( -1.000000000000000000, 0.000000000000000000, -0.000000000000000000 ) ) ;
#991 = CARTESIAN_POINT ( 'NONE',  ( 11.99999999999999822, 11.90021268425555689, 45.45261810511217959 ) ) ;
#992 = CARTESIAN_POINT ( 'NONE',  ( 0.000000000000000000, -36.34385289850609979, 29.77717097092062559 ) ) ;
#993 = ORIENTED_EDGE ( 'NONE', *, *, #1229, .T. ) ;
#994 = EDGE_CURVE ( 'NONE', #5353, #4611, #7195, .T. ) ;
#995 = CYLINDRICAL_SURFACE ( 'NONE', #1936, 20.00000000000000355 ) ;
#996 = DIRECTION ( 'NONE',  ( -1.000000000000000000, 0.000000000000000000, 0.000000000000000000 ) ) ;
#997 = DIRECTION ( 'NONE',  ( 0.000000000000000000, -0.6845471059286950544, 0.7289686274214053352 ) ) ;
#998 = FACE_OUTER_BOUND ( 'NONE', #6503, .T. ) ;
#999 = LINE ( 'NONE', #5679, #5028 ) ;
#1000 = CARTESIAN_POINT ( 'NONE',  ( 11.99999999999999822, -43.55304910509386218, -28.41006711800031681 ) ) ;
#1001 = ORIENTED_EDGE ( 'NONE', *, *, #6563, .T. ) ;
#1002 = ORIENTED_EDGE ( 'NONE', *, *, #396, .F. ) ;
#1003 = VERTEX_POINT ( 'NONE', #6516 ) ;
#1004 = ORIENTED_EDGE ( 'NONE', *, *, #3904, .T. ) ;
#1005 = DIRECTION ( 'NONE',  ( -1.000000000000000000, 0.000000000000000000, 0.000000000000000000 ) ) ;
#1006 = CARTESIAN_POINT ( 'NONE',  ( 0.000000000000000000, 0.000000000000000000, 0.000000000000000000 ) ) ;
#1007 = CARTESIAN_POINT ( 'NONE',  ( 11.99999999999999822, -8.053585752061577452, -46.81126742072031988 ) ) ;
#1008 = CARTESIAN_POINT ( 'NONE',  ( 0.000000000000000000, 0.000000000000000000, 0.000000000000000000 ) ) ;
#1009 = EDGE_CURVE ( 'NONE', #5885, #5221, #1922, .T. ) ;
#1010 = AXIS2_PLACEMENT_3D ( 'NONE', #2912, #2187, #3525 ) ;
#1011 = ORIENTED_EDGE ( 'NONE', *, *, #1805, .T. ) ;
#1012 = ORIENTED_EDGE ( 'NONE', *, *, #3690, .T. ) ;
#1013 = DIRECTION ( 'NONE',  ( 0.000000000000000000, 0.000000000000000000, 1.000000000000000000 ) ) ;
#1014 = CYLINDRICAL_SURFACE ( 'NONE', #4386, 20.00000000000000355 ) ;
#1015 = AXIS2_PLACEMENT_3D ( 'NONE', #5074, #3117, #1403 ) ;
#1016 = ORIENTED_EDGE ( 'NONE', *, *, #5004, .T. ) ;
#1017 = VERTEX_POINT ( 'NONE', #7156 ) ;
#1018 = ORIENTED_EDGE ( 'NONE', *, *, #5181, .T. ) ;
#1019 = AXIS2_PLACEMENT_3D ( 'NONE', #1604, #5779, #3315 ) ;
#1020 = CARTESIAN_POINT ( 'NONE',  ( 0.000000000000000000, 0.000000000000000000, 0.000000000000000000 ) ) ;
#1021 = CARTESIAN_POINT ( 'NONE',  ( -10.00000000000000000, 0.000000000000000000, 0.000000000000000000 ) ) ;
#1022 = CARTESIAN_POINT ( 'NONE',  ( 11.99999999999999822, 36.34385289850590084, 29.77717097092087783 ) ) ;
#1023 = FACE_OUTER_BOUND ( 'NONE', #7319, .T. ) ;
#1024 = DIRECTION ( 'NONE',  ( -1.000000000000000000, 0.000000000000000000, 0.000000000000000000 ) ) ;
#1025 = DIRECTION ( 'NONE',  ( -1.000000000000000000, 0.000000000000000000, 0.000000000000000000 ) ) ;
#1026 = ADVANCED_FACE ( 'NONE', ( #3000 ), #5359, .T. ) ;
#1027 = EDGE_CURVE ( 'NONE', #6262, #2730, #5114, .T. ) ;
#1028 = ORIENTED_EDGE ( 'NONE', *, *, #5981, .F. ) ;
#1029 = EDGE_CURVE ( 'NONE', #5571, #6027, #3809, .T. ) ;
#1030 = CARTESIAN_POINT ( 'NONE',  ( 12.00000000000000000, 0.000000000000000000, 0.000000000000000000 ) ) ;
#1031 = FACE_OUTER_BOUND ( 'NONE', #6613, .T. ) ;
#1032 = CARTESIAN_POINT ( 'NONE',  ( 11.99999999999999822, 46.19362259308834950, 8.585149169758647503 ) ) ;
#1033 = DIRECTION ( 'NONE',  ( -1.000000000000000000, 0.000000000000000000, 0.000000000000000000 ) ) ;
#1034 = DIRECTION ( 'NONE',  ( -0.000000000000000000, 0.000000000000000000, 1.000000000000000000 ) ) ;
#1035 = ADVANCED_FACE ( 'NONE', ( #1480 ), #6161, .T. ) ;
#1036 = EDGE_CURVE ( 'NONE', #6334, #6030, #7358, .T. ) ;
#1037 = ORIENTED_EDGE ( 'NONE', *, *, #6240, .F. ) ;
#1038 = VERTEX_POINT ( 'NONE', #3231 ) ;
#1039 = ORIENTED_EDGE ( 'NONE', *, *, #6885, .T. ) ;
#1040 = ORIENTED_EDGE ( 'NONE', *, *, #3590, .F. ) ;
#1041 = CARTESIAN_POINT ( 'NONE',  ( -10.00000000000000000, 0.000000000000000000, 0.000000000000000000 ) ) ;
#1042 = CARTESIAN_POINT ( 'NONE',  ( 5.999999999999999112, -43.55304910509427430, 28.41006711799969153 ) ) ;
#1043 = DIRECTION ( 'NONE',  ( -1.000000000000000000, 0.000000000000000000, 0.000000000000000000 ) ) ;
#1044 = CARTESIAN_POINT ( 'NONE',  ( 11.99999999999999822, 0.2227391519116668495, 46.98410307550729215 ) ) ;
#1045 = ORIENTED_EDGE ( 'NONE', *, *, #4779, .F. ) ;
#1046 = AXIS2_PLACEMENT_3D ( 'NONE', #6961, #1727, #4176 ) ;
#1047 = ORIENTED_EDGE ( 'NONE', *, *, #2738, .F. ) ;
#1049 = EDGE_CURVE ( 'NONE', #6788, #4246, #2744, .T. ) ;
#1048 = CARTESIAN_POINT ( 'NONE',  ( 11.99999999999999822, 0.000000000000000000, 0.000000000000000000 ) ) ;
#1050 = CARTESIAN_POINT ( 'NONE',  ( 11.99999999999999822, -47.32430374665916162, -21.55018039121579676 ) ) ;
#1051 = VERTEX_POINT ( 'NONE', #5667 ) ;
#1052 = VERTEX_POINT ( 'NONE', #3895 ) ;
#1053 = VERTEX_POINT ( 'NONE', #949 ) ;
#1054 = AXIS2_PLACEMENT_3D ( 'NONE', #7193, #2087, #4930 ) ;
#1055 = EDGE_CURVE ( 'NONE', #5946, #890, #5347, .T. ) ;
#1056 = DIRECTION ( 'NONE',  ( 0.000000000000000000, 0.000000000000000000, -1.000000000000000000 ) ) ;
#1057 = DIRECTION ( 'NONE',  ( -1.000000000000000000, 0.000000000000000000, 0.000000000000000000 ) ) ;
#1058 = DIRECTION ( 'NONE',  ( -1.000000000000000000, -0.000000000000000000, -0.000000000000000000 ) ) ;
#1059 = DIRECTION ( 'NONE',  ( 1.000000000000000000, 0.000000000000000000, 0.000000000000000000 ) ) ;
#1060 = LINE ( 'NONE', #2858, #940 ) ;
#1061 = CARTESIAN_POINT ( 'NONE',  ( 0.000000000000000000, -27.43636312076347394, 38.14186064215141414 ) ) ;
#1062 = CIRCLE ( 'NONE', #4232, 47.49900000000000233 ) ;
#1063 = ORIENTED_EDGE ( 'NONE', *, *, #889, .T. ) ;
#1064 = CIRCLE ( 'NONE', #933, 20.00000000000000711 ) ;
#1065 = CIRCLE ( 'NONE', #2525, 47.49900000000000233 ) ;
#1066 = CIRCLE ( 'NONE', #1676, 47.49900000000000233 ) ;
#1067 = CARTESIAN_POINT ( 'NONE',  ( 11.99999999999999822, -17.08890430202717781, -43.76671000081963570 ) ) ;
#1068 = CARTESIAN_POINT ( 'NONE',  ( -10.00000000000000000, 0.000000000000000000, 0.000000000000000000 ) ) ;
#1069 = DIRECTION ( 'NONE',  ( 1.000000000000000000, 0.000000000000000000, -0.000000000000000000 ) ) ;
#1070 = FACE_OUTER_BOUND ( 'NONE', #2071, .T. ) ;
#1071 = LINE ( 'NONE', #5789, #6910 ) ;
#1072 = CIRCLE ( 'NONE', #2651, 1.699999999999979305 ) ;
#1073 = ORIENTED_EDGE ( 'NONE', *, *, #6932, .T. ) ;
#1074 = ORIENTED_EDGE ( 'NONE', *, *, #5525, .F. ) ;
#1075 = VECTOR ( 'NONE', #1605, 1000.000000000000000 ) ;
#1076 = EDGE_CURVE ( 'NONE', #1973, #6253, #3246, .T. ) ;
#1077 = EDGE_LOOP ( 'NONE', ( #6597, #7454, #5507, #929, #4115, #4178, #4767, #6898, #6054, #2359, #1840, #705, #1980, #2152, #3349, #2522, #1319, #6715, #4726, #663, #813, #157, #3641, #1309, #6996, #7149, #7451, #5154, #1779, #6814, #1004, #7572, #5057, #7004, #388, #1804, #7141, #4220, #2633, #7069, #3757, #4675, #3842, #7588, #6167, #2060, #5894, #1379, #6703, #6242, #1421, #1269, #7494, #7409, #6751, #768, #6576, #3668, #2886, #4494, #3887, #5995, #5404, #74, #5463, #3795, #2061, #2736, #2984, #2009, #6299, #4915, #1128, #3022, #1385, #1456, #1095, #1091, #865, #1018, #6207, #6526, #4957, #1515, #3745, #738, #1270, #4685, #5030, #5616, #573, #1952, #5648, #1039, #425, #878, #3913, #462, #3737, #3675, #3222, #6601, #5733, #5690, #5534, #6098, #3938, #2922, #697, #3726, #3865, #2339, #3550, #6725, #4923, #1662, #1596, #5745, #5613, #3130, #6687, #7295, #2319, #1417, #7085, #1701, #6394, #616, #1361, #5232, #3801, #3197, #5735, #6144, #79, #3627, #4508, #888, #1575, #4591, #5646, #4540, #1535, #6072, #1608, #2806, #6412, #5706, #1970, #5298, #2944, #777, #7529, #5972, #1953, #6438, #2860, #4635, #1626, #7377, #4468, #6012, #1166, #2263, #476, #4610, #3496, #5976, #7328, #835, #154, #2534, #6845, #4302, #3925, #7173, #143, #7075, #3636, #6505, #2508, #927, #1012, #7384, #2850, #7424, #3601, #2655, #3309, #3705, #2647, #2153, #2441, #1704, #4914, #118, #2906, #5171, #1782, #2988, #2329, #1373, #450 ) ) ;
#1078 = CARTESIAN_POINT ( 'NONE',  ( 0.000000000000000000, 13.85708833599966816, 45.43276465116670693 ) ) ;
#1079 = CARTESIAN_POINT ( 'NONE',  ( 0.000000000000000000, -40.47821179127736713, 32.64221760512747750 ) ) ;
#1080 = FACE_OUTER_BOUND ( 'NONE', #4426, .T. ) ;
#1081 = CARTESIAN_POINT ( 'NONE',  ( 11.99999999999999822, -0.6505223195679005199, -51.99593080916759646 ) ) ;
#1082 = CIRCLE ( 'NONE', #706, 47.49900000000000233 ) ;
#1083 = CIRCLE ( 'NONE', #3521, 20.00000000000000711 ) ;
#1084 = AXIS2_PLACEMENT_3D ( 'NONE', #6604, #2368, #659 ) ;
#1085 = VERTEX_POINT ( 'NONE', #2039 ) ;
#1086 = AXIS2_PLACEMENT_3D ( 'NONE', #1844, #6571, #5413 ) ;
#1087 = AXIS2_PLACEMENT_3D ( 'NONE', #2953, #4109, #4730 ) ;
#1088 = DIRECTION ( 'NONE',  ( -1.000000000000000000, 0.000000000000000000, 0.000000000000000000 ) ) ;
#1089 = DIRECTION ( 'NONE',  ( -1.000000000000000000, -0.000000000000000000, 0.000000000000000000 ) ) ;
#1090 = VERTEX_POINT ( 'NONE', #1521 ) ;
#1091 = ORIENTED_EDGE ( 'NONE', *, *, #5904, .T. ) ;
#1092 = CIRCLE ( 'NONE', #718, 47.49899999999999523 ) ;
#1093 = CIRCLE ( 'NONE', #102, 20.00000000000000000 ) ;
#1094 = ORIENTED_EDGE ( 'NONE', *, *, #6590, .F. ) ;
#1095 = ORIENTED_EDGE ( 'NONE', *, *, #6274, .F. ) ;
#1096 = FACE_OUTER_BOUND ( 'NONE', #7275, .T. ) ;
#1097 = CARTESIAN_POINT ( 'NONE',  ( 11.99999999999999822, 42.03146605346785947, 22.12489237027331512 ) ) ;
#1099 = DIRECTION ( 'NONE',  ( -1.000000000000000000, 0.000000000000000000, -0.000000000000000000 ) ) ;
#1098 = VECTOR ( 'NONE', #1932, 1000.000000000000000 ) ;
#1100 = AXIS2_PLACEMENT_3D ( 'NONE', #5852, #1634, #1056 ) ;
#1101 = DIRECTION ( 'NONE',  ( 0.000000000000000000, 0.000000000000000000, -1.000000000000000000 ) ) ;
#1102 = FACE_OUTER_BOUND ( 'NONE', #2985, .T. ) ;
#1103 = DIRECTION ( 'NONE',  ( 0.000000000000000000, 0.000000000000000000, -1.000000000000000000 ) ) ;
#1104 = EDGE_LOOP ( 'NONE', ( #2489, #538, #5308, #6692 ) ) ;
#1105 = CIRCLE ( 'NONE', #4891, 47.49900000000000233 ) ;
#1106 = CIRCLE ( 'NONE', #6984, 52.00000000000000000 ) ;
#1107 = LINE ( 'NONE', #5785, #2007 ) ;
#1108 = DIRECTION ( 'NONE',  ( -1.000000000000000000, -0.000000000000000000, 0.000000000000000000 ) ) ;
#1109 = FACE_OUTER_BOUND ( 'NONE', #4156, .T. ) ;
#1110 = DIRECTION ( 'NONE',  ( -1.000000000000000000, -0.000000000000000000, -0.000000000000000000 ) ) ;
#1111 = FACE_OUTER_BOUND ( 'NONE', #2622, .T. ) ;
#1112 = ORIENTED_EDGE ( 'NONE', *, *, #5429, .T. ) ;
#1113 = ORIENTED_EDGE ( 'NONE', *, *, #4027, .F. ) ;
#1114 = ORIENTED_EDGE ( 'NONE', *, *, #7036, .T. ) ;
#1115 = CARTESIAN_POINT ( 'NONE',  ( 11.99999999999999822, -36.34385289850568057, -29.77717097092113008 ) ) ;
#1116 = CARTESIAN_POINT ( 'NONE',  ( 11.99999999999999822, -49.25004636492377585, -16.68630974939810940 ) ) ;
#1117 = DIRECTION ( 'NONE',  ( 1.000000000000000000, 0.000000000000000000, 0.000000000000000000 ) ) ;
#1118 = CARTESIAN_POINT ( 'NONE',  ( 11.99999999999999822, 0.000000000000000000, 0.000000000000000000 ) ) ;
#1119 = EDGE_CURVE ( 'NONE', #7402, #760, #5844, .T. ) ;
#1120 = EDGE_CURVE ( 'NONE', #4772, #4360, #2156, .T. ) ;
#1121 = EDGE_CURVE ( 'NONE', #4431, #2165, #375, .T. ) ;
#1122 = ORIENTED_EDGE ( 'NONE', *, *, #2565, .F. ) ;
#1123 = DIRECTION ( 'NONE',  ( -1.000000000000000000, -0.000000000000000000, -0.000000000000000000 ) ) ;
#1124 = EDGE_CURVE ( 'NONE', #1550, #433, #2510, .T. ) ;
#1125 = FACE_OUTER_BOUND ( 'NONE', #4285, .T. ) ;
#1126 = LINE ( 'NONE', #2811, #3406 ) ;
#1127 = EDGE_CURVE ( 'NONE', #7228, #5524, #2706, .T. ) ;
#1128 = ORIENTED_EDGE ( 'NONE', *, *, #6463, .F. ) ;
#1129 = ORIENTED_EDGE ( 'NONE', *, *, #717, .T. ) ;
#1130 = AXIS2_PLACEMENT_3D ( 'NONE', #3251, #6270, #5044 ) ;
#1131 = VERTEX_POINT ( 'NONE', #4347 ) ;
#1132 = ADVANCED_FACE ( 'NONE', ( #4482 ), #414, .T. ) ;
#1133 = ORIENTED_EDGE ( 'NONE', *, *, #4289, .F. ) ;
#1134 = AXIS2_PLACEMENT_3D ( 'NONE', #2249, #1682, #4059 ) ;
#1135 = DIRECTION ( 'NONE',  ( 0.000000000000000000, 0.000000000000000000, -1.000000000000000000 ) ) ;
#1136 = CYLINDRICAL_SURFACE ( 'NONE', #2795, 20.00000000000000355 ) ;
#1137 = DIRECTION ( 'NONE',  ( -1.000000000000000000, -0.000000000000000000, 0.000000000000000000 ) ) ;
#1138 = DIRECTION ( 'NONE',  ( 1.000000000000000000, 0.000000000000000000, 0.000000000000000000 ) ) ;
#1139 = DIRECTION ( 'NONE',  ( 0.000000000000000000, 0.4817536741017100499, 0.8763066800438663595 ) ) ;
#1140 = ORIENTED_EDGE ( 'NONE', *, *, #4821, .T. ) ;
#1141 = CIRCLE ( 'NONE', #2851, 52.00000000000000000 ) ;
#1142 = CARTESIAN_POINT ( 'NONE',  ( 11.99999999999999822, -34.03046037009278280, 33.13733193845793323 ) ) ;
#1143 = CARTESIAN_POINT ( 'NONE',  ( 0.000000000000000000, -22.82995208772658557, -41.06517797613688003 ) ) ;
#1144 = LINE ( 'NONE', #1679, #4236 ) ;
#1145 = CARTESIAN_POINT ( 'NONE',  ( 6.000000000000000000, -50.95304419620817526, -10.38206564895715722 ) ) ;
#1147 = VECTOR ( 'NONE', #5563, 1000.000000000000000 ) ;
#1146 = DIRECTION ( 'NONE',  ( 0.000000000000000000, 0.000000000000000000, -1.000000000000000000 ) ) ;
#1148 = CARTESIAN_POINT ( 'NONE',  ( 11.99999999999999822, -36.34385289850609979, 29.77717097092062559 ) ) ;
#1149 = ADVANCED_FACE ( 'NONE', ( #2163 ), #4523, .F. ) ;
#1150 = ORIENTED_EDGE ( 'NONE', *, *, #2395, .F. ) ;
#1151 = ORIENTED_EDGE ( 'NONE', *, *, #7475, .T. ) ;
#1152 = EDGE_CURVE ( 'NONE', #1381, #6191, #1606, .T. ) ;
#1153 = CARTESIAN_POINT ( 'NONE',  ( 5.999999999999999112, -46.77034588191290254, -22.72740077717277885 ) ) ;
#1154 = DIRECTION ( 'NONE',  ( 0.000000000000000000, 0.000000000000000000, -1.000000000000000000 ) ) ;
#1155 = CYLINDRICAL_SURFACE ( 'NONE', #2487, 20.00000000000000355 ) ;
#1156 = PLANE ( 'NONE',  #3812 ) ;
#1157 = EDGE_CURVE ( 'NONE', #919, #2798, #5595, .T. ) ;
#1158 = ORIENTED_EDGE ( 'NONE', *, *, #1735, .T. ) ;
#1159 = FACE_OUTER_BOUND ( 'NONE', #3833, .T. ) ;
#1160 = LINE ( 'NONE', #832, #3537 ) ;
#1161 = DIRECTION ( 'NONE',  ( -1.000000000000000000, -0.000000000000000000, -0.000000000000000000 ) ) ;
#1162 = EDGE_LOOP ( 'NONE', ( #5528, #1438, #3329, #2919 ) ) ;
#1163 = EDGE_LOOP ( 'NONE', ( #1335, #3591, #5983, #263 ) ) ;
#1164 = VECTOR ( 'NONE', #7238, 1000.000000000000000 ) ;
#1165 = ADVANCED_FACE ( 'NONE', ( #7273 ), #1995, .T. ) ;
#1166 = ORIENTED_EDGE ( 'NONE', *, *, #7510, .T. ) ;
#1167 = EDGE_CURVE ( 'NONE', #3597, #665, #7566, .T. ) ;
#1168 = VERTEX_POINT ( 'NONE', #2317 ) ;
#1169 = CARTESIAN_POINT ( 'NONE',  ( -10.00000000000000000, 0.000000000000000000, 0.000000000000000000 ) ) ;
#1170 = LINE ( 'NONE', #6979, #3544 ) ;
#1171 = DIRECTION ( 'NONE',  ( -0.000000000000000000, 0.000000000000000000, 1.000000000000000000 ) ) ;
#1172 = CIRCLE ( 'NONE', #6321, 20.00000000000000000 ) ;
#1173 = DIRECTION ( 'NONE',  ( -1.000000000000000000, 0.000000000000000000, 0.000000000000000000 ) ) ;
#1174 = CYLINDRICAL_SURFACE ( 'NONE', #3303, 20.00000000000000355 ) ;
#1175 = ORIENTED_EDGE ( 'NONE', *, *, #551, .T. ) ;
#1176 = VECTOR ( 'NONE', #4271, 1000.000000000000000 ) ;
#1177 = ORIENTED_EDGE ( 'NONE', *, *, #917, .T. ) ;
#1178 = CARTESIAN_POINT ( 'NONE',  ( 11.99999999999999822, 0.000000000000000000, 0.000000000000000000 ) ) ;
#1179 = DIRECTION ( 'NONE',  ( 1.000000000000000000, 0.000000000000000000, 0.000000000000000000 ) ) ;
#1180 = DIRECTION ( 'NONE',  ( 0.000000000000000000, 0.6845471059286899473, -0.7289686274214103312 ) ) ;
#1181 = LINE ( 'NONE', #3515, #4355 ) ;
#1182 = CYLINDRICAL_SURFACE ( 'NONE', #730, 52.00000000000000000 ) ;
#1183 = DIRECTION ( 'NONE',  ( -1.000000000000000000, -0.000000000000000000, 0.000000000000000000 ) ) ;
#1184 = AXIS2_PLACEMENT_3D ( 'NONE', #3688, #6034, #2540 ) ;
#1185 = ORIENTED_EDGE ( 'NONE', *, *, #3033, .F. ) ;
#1186 = VECTOR ( 'NONE', #5300, 1000.000000000000000 ) ;
#1187 = ADVANCED_FACE ( 'NONE', ( #493 ), #22, .T. ) ;
#1188 = VERTEX_POINT ( 'NONE', #6907 ) ;
#1189 = AXIS2_PLACEMENT_3D ( 'NONE', #5178, #1138, #5855 ) ;
#1190 = EDGE_CURVE ( 'NONE', #6620, #3869, #4120, .T. ) ;
#1191 = FACE_OUTER_BOUND ( 'NONE', #1104, .T. ) ;
#1192 = CIRCLE ( 'NONE', #5464, 47.49899999999998812 ) ;
#1193 = CYLINDRICAL_SURFACE ( 'NONE', #4034, 20.00000000000000355 ) ;
#1194 = DIRECTION ( 'NONE',  ( -0.000000000000000000, 0.000000000000000000, 1.000000000000000000 ) ) ;
#1195 = DIRECTION ( 'NONE',  ( 0.000000000000000000, -0.8443279255020087470, -0.5358267949790064266 ) ) ;
#1196 = ADVANCED_FACE ( 'NONE', ( #1102 ), #528, .F. ) ;
#1197 = AXIS2_PLACEMENT_3D ( 'NONE', #3849, #3105, #7232 ) ;
#1198 = EDGE_CURVE ( 'NONE', #4669, #7484, #7050, .T. ) ;
#1199 = EDGE_LOOP ( 'NONE', ( #7030, #2783, #5654, #605 ) ) ;
#1200 = CARTESIAN_POINT ( 'NONE',  ( 0.000000000000000000, 50.95304419620824632, 10.38206564895678774 ) ) ;
#1201 = AXIS2_PLACEMENT_3D ( 'NONE', #5657, #3378, #5770 ) ;
#1202 = AXIS2_PLACEMENT_3D ( 'NONE', #3678, #4920, #6573 ) ;
#1203 = LINE ( 'NONE', #3533, #6094 ) ;
#1204 = ORIENTED_EDGE ( 'NONE', *, *, #4651, .F. ) ;
#1205 = ORIENTED_EDGE ( 'NONE', *, *, #4505, .T. ) ;
#1206 = VERTEX_POINT ( 'NONE', #2239 ) ;
#1207 = CIRCLE ( 'NONE', #2531, 47.49900000000000233 ) ;
#1208 = AXIS2_PLACEMENT_3D ( 'NONE', #547, #7468, #3996 ) ;
#1209 = VERTEX_POINT ( 'NONE', #6399 ) ;
#1210 = DIRECTION ( 'NONE',  ( -1.000000000000000000, -0.000000000000000000, 0.000000000000000000 ) ) ;
#1211 = CARTESIAN_POINT ( 'NONE',  ( 12.00000000000000000, 45.78515115856060191, -12.64416602183617577 ) ) ;
#1212 = DIRECTION ( 'NONE',  ( 1.000000000000000000, 0.000000000000000000, 0.000000000000000000 ) ) ;
#1213 = DIRECTION ( 'NONE',  ( -1.000000000000000000, 0.000000000000000000, -0.000000000000000000 ) ) ;
#1214 = AXIS2_PLACEMENT_3D ( 'NONE', #3741, #2066, #1500 ) ;
#1215 = CIRCLE ( 'NONE', #3640, 47.49900000000000233 ) ;
#1216 = ORIENTED_EDGE ( 'NONE', *, *, #562, .T. ) ;
#1217 = EDGE_CURVE ( 'NONE', #1737, #4812, #1060, .T. ) ;
#1218 = ORIENTED_EDGE ( 'NONE', *, *, #2166, .F. ) ;
#1219 = AXIS2_PLACEMENT_3D ( 'NONE', #6550, #5330, #1831 ) ;
#1220 = AXIS2_PLACEMENT_3D ( 'NONE', #4358, #5368, #4450 ) ;
#1221 = CARTESIAN_POINT ( 'NONE',  ( -10.00000000000000000, 0.000000000000000000, 0.000000000000000000 ) ) ;
#1222 = DIRECTION ( 'NONE',  ( 0.000000000000000000, -0.9048270524660235736, 0.4257792915650641663 ) ) ;
#1223 = LINE ( 'NONE', #5961, #6460 ) ;
#1224 = CARTESIAN_POINT ( 'NONE',  ( 11.99999999999999822, 32.00046193115147730, 34.40241257139699371 ) ) ;
#1225 = CARTESIAN_POINT ( 'NONE',  ( 11.99999999999999822, -27.43636312076347394, 38.14186064215141414 ) ) ;
#1226 = AXIS2_PLACEMENT_3D ( 'NONE', #6628, #1360, #6035 ) ;
#1227 = AXIS2_PLACEMENT_3D ( 'NONE', #4561, #7478, #2202 ) ;
#1228 = ADVANCED_FACE ( 'NONE', ( #2206 ), #2825, .T. ) ;
#1229 = EDGE_CURVE ( 'NONE', #4246, #4669, #192, .T. ) ;
#1230 = AXIS2_PLACEMENT_3D ( 'NONE', #4121, #494, #1711 ) ;
#1231 = DIRECTION ( 'NONE',  ( 0.000000000000000000, 0.000000000000000000, 1.000000000000000000 ) ) ;
#1232 = DIRECTION ( 'NONE',  ( -1.000000000000000000, -0.000000000000000000, 0.000000000000000000 ) ) ;
#1233 = FACE_OUTER_BOUND ( 'NONE', #518, .T. ) ;
#1234 = DIRECTION ( 'NONE',  ( -1.000000000000000000, 0.000000000000000000, 0.000000000000000000 ) ) ;
#1235 = VERTEX_POINT ( 'NONE', #4565 ) ;
#1236 = CARTESIAN_POINT ( 'NONE',  ( 11.99999999999999822, 49.25004636492413113, -16.68630974939705780 ) ) ;
#1237 = DIRECTION ( 'NONE',  ( 0.000000000000000000, 0.000000000000000000, 1.000000000000000000 ) ) ;
#1238 = ADVANCED_FACE ( 'NONE', ( #7584 ), #7551, .T. ) ;
#1239 = ORIENTED_EDGE ( 'NONE', *, *, #4766, .F. ) ;
#1240 = ORIENTED_EDGE ( 'NONE', *, *, #3971, .F. ) ;
#1241 = ORIENTED_EDGE ( 'NONE', *, *, #7036, .F. ) ;
#1242 = ORIENTED_EDGE ( 'NONE', *, *, #3169, .F. ) ;
#1243 = CARTESIAN_POINT ( 'NONE',  ( 0.000000000000000000, -30.03615769709706029, -42.44795908869020451 ) ) ;
#1244 = LINE ( 'NONE', #557, #5252 ) ;
#1245 = CARTESIAN_POINT ( 'NONE',  ( 0.000000000000000000, -12.30077720129133034, 50.52416135122076923 ) ) ;
#1246 = ORIENTED_EDGE ( 'NONE', *, *, #2181, .T. ) ;
#1247 = EDGE_CURVE ( 'NONE', #4945, #7511, #3507, .T. ) ;
#1248 = VERTEX_POINT ( 'NONE', #7519 ) ;
#1249 = AXIS2_PLACEMENT_3D ( 'NONE', #759, #1860, #6492 ) ;
#1250 = EDGE_CURVE ( 'NONE', #4772, #2955, #6458, .T. ) ;
#1251 = DIRECTION ( 'NONE',  ( -1.000000000000000000, 0.000000000000000000, -0.000000000000000000 ) ) ;
#1252 = DIRECTION ( 'NONE',  ( -0.000000000000000000, 0.000000000000000000, 1.000000000000000000 ) ) ;
#1253 = EDGE_CURVE ( 'NONE', #7511, #3984, #1710, .T. ) ;
#1254 = CARTESIAN_POINT ( 'NONE',  ( 11.99999999999999822, 0.000000000000000000, 0.000000000000000000 ) ) ;
#1255 = CARTESIAN_POINT ( 'NONE',  ( 0.000000000000000000, 47.00885577955411776, 6.806061952192475673 ) ) ;
#1256 = DIRECTION ( 'NONE',  ( 0.000000000000000000, 0.000000000000000000, -1.000000000000000000 ) ) ;
#1257 = VECTOR ( 'NONE', #3241, 1000.000000000000000 ) ;
#1258 = AXIS2_PLACEMENT_3D ( 'NONE', #3359, #5678, #2174 ) ;
#1259 = ADVANCED_FACE ( 'NONE', ( #4707 ), #6470, .T. ) ;
#1260 = CIRCLE ( 'NONE', #3075, 1.699999999999979305 ) ;
#1261 = EDGE_CURVE ( 'NONE', #1978, #4981, #6360, .T. ) ;
#1262 = DIRECTION ( 'NONE',  ( -1.000000000000000000, 0.000000000000000000, 0.000000000000000000 ) ) ;
#1263 = CARTESIAN_POINT ( 'NONE',  ( 11.99999999999999822, 36.05989434073656241, -30.12041790338580327 ) ) ;
#1264 = DIRECTION ( 'NONE',  ( 0.000000000000000000, 0.000000000000000000, -1.000000000000000000 ) ) ;
#1265 = CARTESIAN_POINT ( 'NONE',  ( 0.000000000000000000, -13.85708833599935907, -45.43276465116678509 ) ) ;
#1266 = ORIENTED_EDGE ( 'NONE', *, *, #1349, .F. ) ;
#1267 = FACE_OUTER_BOUND ( 'NONE', #6392, .T. ) ;
#1268 = PLANE ( 'NONE',  #5073 ) ;
#1269 = ORIENTED_EDGE ( 'NONE', *, *, #2773, .T. ) ;
#1270 = ORIENTED_EDGE ( 'NONE', *, *, #6548, .T. ) ;
#1271 = ORIENTED_EDGE ( 'NONE', *, *, #4668, .T. ) ;
#1272 = EDGE_CURVE ( 'NONE', #5474, #4807, #7086, .T. ) ;
#1273 = VERTEX_POINT ( 'NONE', #3546 ) ;
#1274 = CARTESIAN_POINT ( 'NONE',  ( 12.00000000000000000, -24.72041153920702428, -40.55929306992714345 ) ) ;
#1275 = DIRECTION ( 'NONE',  ( -1.000000000000000000, 0.000000000000000000, -0.000000000000000000 ) ) ;
#1276 = FACE_OUTER_BOUND ( 'NONE', #7060, .T. ) ;
#1277 = ORIENTED_EDGE ( 'NONE', *, *, #5592, .F. ) ;
#1278 = CIRCLE ( 'NONE', #4211, 20.00000000000000355 ) ;
#1279 = EDGE_CURVE ( 'NONE', #3674, #5067, #2913, .T. ) ;
#1280 = VERTEX_POINT ( 'NONE', #6652 ) ;
#1281 = EDGE_CURVE ( 'NONE', #4906, #1912, #5618, .T. ) ;
#1282 = AXIS2_PLACEMENT_3D ( 'NONE', #3789, #2559, #7247 ) ;
#1283 = DIRECTION ( 'NONE',  ( 1.000000000000000000, -0.000000000000000000, 0.000000000000000000 ) ) ;
#1284 = CARTESIAN_POINT ( 'NONE',  ( 0.000000000000000000, -11.46872990052348484, -45.56340405422456286 ) ) ;
#1285 = DIRECTION ( 'NONE',  ( -1.000000000000000000, -0.000000000000000000, -0.000000000000000000 ) ) ;
#1286 = CARTESIAN_POINT ( 'NONE',  ( 12.00000000000000000, -45.78515115856051665, 12.64416602183649374 ) ) ;
#1287 = FACE_OUTER_BOUND ( 'NONE', #6388, .T. ) ;
#1288 = AXIS2_PLACEMENT_3D ( 'NONE', #2212, #6880, #2750 ) ;
#1289 = AXIS2_PLACEMENT_3D ( 'NONE', #61, #7089, #1823 ) ;
#1290 = DIRECTION ( 'NONE',  ( 0.000000000000000000, 0.000000000000000000, 1.000000000000000000 ) ) ;
#1291 = AXIS2_PLACEMENT_3D ( 'NONE', #3473, #5218, #1755 ) ;
#1292 = CARTESIAN_POINT ( 'NONE',  ( 11.99999999999999822, 17.08890430202748689, 43.76671000081951490 ) ) ;
#1293 = LINE ( 'NONE', #1366, #5438 ) ;
#1294 = PLANE ( 'NONE',  #6375 ) ;
#1295 = DIRECTION ( 'NONE',  ( 0.000000000000000000, -0.2486898871648622611, 0.9685831611286292997 ) ) ;
#1296 = ORIENTED_EDGE ( 'NONE', *, *, #2958, .T. ) ;
#1297 = STYLED_ITEM ( 'NONE', ( #3740 ), #4028 ) ;
#1298 = VECTOR ( 'NONE', #2664, 1000.000000000000000 ) ;
#1299 = EDGE_CURVE ( 'NONE', #5627, #640, #6974, .T. ) ;
#1300 = CIRCLE ( 'NONE', #7073, 52.00000000000000000 ) ;
#1301 = ORIENTED_EDGE ( 'NONE', *, *, #3166, .T. ) ;
#1302 = VECTOR ( 'NONE', #4982, 1000.000000000000000 ) ;
#1303 = DIRECTION ( 'NONE',  ( -1.000000000000000000, -0.000000000000000000, -0.000000000000000000 ) ) ;
#1304 = CARTESIAN_POINT ( 'NONE',  ( 6.000000000000000000, 50.95304419620824632, 10.38206564895678419 ) ) ;
#1305 = CARTESIAN_POINT ( 'NONE',  ( 11.99999999999999822, 42.41764978026606059, -20.20639853260305685 ) ) ;
#1306 = AXIS2_PLACEMENT_3D ( 'NONE', #2324, #4818, #4750 ) ;
#1307 = ORIENTED_EDGE ( 'NONE', *, *, #404, .F. ) ;
#1308 = ORIENTED_EDGE ( 'NONE', *, *, #5121, .T. ) ;
#1309 = ORIENTED_EDGE ( 'NONE', *, *, #470, .F. ) ;
#1310 = VERTEX_POINT ( 'NONE', #3711 ) ;
#1311 = CIRCLE ( 'NONE', #5614, 47.49899999999999523 ) ;
#1312 = DIRECTION ( 'NONE',  ( 1.000000000000000000, 0.000000000000000000, 0.000000000000000000 ) ) ;
#1313 = CARTESIAN_POINT ( 'NONE',  ( 11.99999999999999822, 11.90021268425555689, 45.45261810511217959 ) ) ;
#1314 = DIRECTION ( 'NONE',  ( 0.000000000000000000, 0.000000000000000000, 1.000000000000000000 ) ) ;
#1315 = VERTEX_POINT ( 'NONE', #3098 ) ;
#1316 = VERTEX_POINT ( 'NONE', #2417 ) ;
#1317 = CIRCLE ( 'NONE', #2178, 47.49900000000000233 ) ;
#1318 = AXIS2_PLACEMENT_3D ( 'NONE', #637, #5248, #4672 ) ;
#1319 = ORIENTED_EDGE ( 'NONE', *, *, #62, .T. ) ;
#1320 = DIRECTION ( 'NONE',  ( -1.000000000000000000, -0.000000000000000000, 0.000000000000000000 ) ) ;
#1322 = DIRECTION ( 'NONE',  ( -1.000000000000000000, -0.000000000000000000, -0.000000000000000000 ) ) ;
#1321 = AXIS2_PLACEMENT_3D ( 'NONE', #6731, #3839, #1468 ) ;
#1323 = LINE ( 'NONE', #2426, #3620 ) ;
#1324 = DIRECTION ( 'NONE',  ( 1.000000000000000000, 0.000000000000000000, 0.000000000000000000 ) ) ;
#1325 = CARTESIAN_POINT ( 'NONE',  ( 12.00000000000000000, 41.20225022064634857, 23.63323037071418398 ) ) ;
#1326 = VECTOR ( 'NONE', #7333, 1000.000000000000000 ) ;
#1327 = CIRCLE ( 'NONE', #226, 47.49900000000000233 ) ;
#1328 = CARTESIAN_POINT ( 'NONE',  ( 11.99999999999999822, 0.000000000000000000, 0.000000000000000000 ) ) ;
#1329 = DIRECTION ( 'NONE',  ( -1.000000000000000000, 0.000000000000000000, -0.000000000000000000 ) ) ;
#1330 = DIRECTION ( 'NONE',  ( -1.000000000000000000, 0.000000000000000000, 0.000000000000000000 ) ) ;
#1331 = CARTESIAN_POINT ( 'NONE',  ( 0.000000000000000000, 0.000000000000000000, 0.000000000000000000 ) ) ;
#1332 = DIRECTION ( 'NONE',  ( -1.000000000000000000, 0.000000000000000000, -0.000000000000000000 ) ) ;
#1333 = CIRCLE ( 'NONE', #6740, 47.49900000000000233 ) ;
#1334 = AXIS2_PLACEMENT_3D ( 'NONE', #4388, #5457, #3186 ) ;
#1335 = ORIENTED_EDGE ( 'NONE', *, *, #4821, .F. ) ;
#1336 = CIRCLE ( 'NONE', #7493, 20.00000000000000711 ) ;
#1337 = ORIENTED_EDGE ( 'NONE', *, *, #3478, .F. ) ;
#1338 = DIRECTION ( 'NONE',  ( 0.000000000000000000, 0.000000000000000000, -1.000000000000000000 ) ) ;
#1339 = DIRECTION ( 'NONE',  ( 0.000000000000000000, 0.9048270524660205760, -0.4257792915650704391 ) ) ;
#1340 = EDGE_CURVE ( 'NONE', #7471, #6017, #3898, .T. ) ;
#1341 = EDGE_CURVE ( 'NONE', #6168, #6859, #5954, .T. ) ;
#1342 = DIRECTION ( 'NONE',  ( 0.000000000000000000, 0.000000000000000000, 1.000000000000000000 ) ) ;
#1343 = VERTEX_POINT ( 'NONE', #1384 ) ;
#1344 = ORIENTED_EDGE ( 'NONE', *, *, #4515, .F. ) ;
#1345 = ORIENTED_EDGE ( 'NONE', *, *, #6944, .F. ) ;
#1346 = ADVANCED_FACE ( 'NONE', ( #1276 ), #638, .T. ) ;
#1347 = EDGE_CURVE ( 'NONE', #4966, #1381, #4875, .T. ) ;
#1348 = VERTEX_POINT ( 'NONE', #4741 ) ;
#1349 = EDGE_CURVE ( 'NONE', #2692, #7509, #4778, .T. ) ;
#1350 = CYLINDRICAL_SURFACE ( 'NONE', #1573, 52.00000000000000000 ) ;
#1351 = CYLINDRICAL_SURFACE ( 'NONE', #1202, 20.00000000000000355 ) ;
#1352 = DIRECTION ( 'NONE',  ( -1.000000000000000000, 0.000000000000000000, 0.000000000000000000 ) ) ;
#1353 = ORIENTED_EDGE ( 'NONE', *, *, #587, .T. ) ;
#1354 = EDGE_LOOP ( 'NONE', ( #745, #4567, #1898, #4228 ) ) ;
#1355 = VERTEX_POINT ( 'NONE', #3576 ) ;
#1356 = CARTESIAN_POINT ( 'NONE',  ( 5.999999999999999112, 46.77034588191304465, 22.72740077717245910 ) ) ;
#1357 = DIRECTION ( 'NONE',  ( 1.000000000000000000, 0.000000000000000000, 0.000000000000000000 ) ) ;
#1358 = CYLINDRICAL_SURFACE ( 'NONE', #1197, 52.00000000000000000 ) ;
#1359 = CARTESIAN_POINT ( 'NONE',  ( 11.99999999999999822, 17.08890430202748689, 43.76671000081951490 ) ) ;
#1360 = DIRECTION ( 'NONE',  ( -1.000000000000000000, -0.000000000000000000, -0.000000000000000000 ) ) ;
#1361 = ORIENTED_EDGE ( 'NONE', *, *, #423, .F. ) ;
#1362 = CIRCLE ( 'NONE', #5661, 20.00000000000000711 ) ;
#1363 = ADVANCED_FACE ( 'NONE', ( #7184 ), #1950, .T. ) ;
#1364 = CARTESIAN_POINT ( 'NONE',  ( 15.00000000000000000, 0.000000000000000000, 0.000000000000000000 ) ) ;
#1365 = CARTESIAN_POINT ( 'NONE',  ( 6.000000000000000000, -5.871425383721929236, 51.66745943012281117 ) ) ;
#1366 = CARTESIAN_POINT ( 'NONE',  ( 5.999999999999999112, -36.06787431788649201, -37.45808914225528952 ) ) ;
#1368 = VECTOR ( 'NONE', #142, 1000.000000000000000 ) ;
#1367 = CARTESIAN_POINT ( 'NONE',  ( 6.000000000000000000, -12.30077720129133390, 50.52416135122076923 ) ) ;
#1369 = CARTESIAN_POINT ( 'NONE',  ( 0.000000000000000000, -49.65209126885773827, 15.44894276735534078 ) ) ;
#1370 = ORIENTED_EDGE ( 'NONE', *, *, #3931, .F. ) ;
#1371 = EDGE_CURVE ( 'NONE', #3739, #2570, #4753, .T. ) ;
#1372 = AXIS2_PLACEMENT_3D ( 'NONE', #1022, #1099, #6821 ) ;
#1373 = ORIENTED_EDGE ( 'NONE', *, *, #6932, .F. ) ;
#1374 = DIRECTION ( 'NONE',  ( 0.000000000000000000, 0.000000000000000000, 1.000000000000000000 ) ) ;
#1375 = FACE_OUTER_BOUND ( 'NONE', #3519, .T. ) ;
#1376 = DIRECTION ( 'NONE',  ( -1.000000000000000000, -0.000000000000000000, -0.000000000000000000 ) ) ;
#1377 = ADVANCED_FACE ( 'NONE', ( #4300 ), #704, .T. ) ;
#1378 = EDGE_LOOP ( 'NONE', ( #5344, #736, #1536, #6108 ) ) ;
#1379 = ORIENTED_EDGE ( 'NONE', *, *, #5334, .T. ) ;
#1380 = ORIENTED_EDGE ( 'NONE', *, *, #7177, .F. ) ;
#1381 = VERTEX_POINT ( 'NONE', #5319 ) ;
#1382 = DIRECTION ( 'NONE',  ( 1.000000000000000000, 0.000000000000000000, 0.000000000000000000 ) ) ;
#1383 = DIRECTION ( 'NONE',  ( 0.000000000000000000, 0.000000000000000000, 1.000000000000000000 ) ) ;
#1384 = CARTESIAN_POINT ( 'NONE',  ( 12.00000000000000000, -24.72041153920759271, 40.55929306992679528 ) ) ;
#1385 = ORIENTED_EDGE ( 'NONE', *, *, #6476, .T. ) ;
#1386 = ORIENTED_EDGE ( 'NONE', *, *, #5048, .F. ) ;
#1387 = ADVANCED_FACE ( 'NONE', ( #5415 ), #6025, .T. ) ;
#1388 = DIRECTION ( 'NONE',  ( -1.000000000000000000, -0.000000000000000000, 0.000000000000000000 ) ) ;
#1389 = EDGE_CURVE ( 'NONE', #585, #2442, #4251, .T. ) ;
#1390 = CARTESIAN_POINT ( 'NONE',  ( 12.00000000000000000, 46.21320724403664570, -10.97699764141902712 ) ) ;
#1391 = DIRECTION ( 'NONE',  ( -1.000000000000000000, 0.000000000000000000, 0.000000000000000000 ) ) ;
#1392 = CARTESIAN_POINT ( 'NONE',  ( 11.99999999999999822, 0.000000000000000000, 0.000000000000000000 ) ) ;
#1393 = CARTESIAN_POINT ( 'NONE',  ( 12.00000000000000000, 37.91532898920961969, -28.61088654061597936 ) ) ;
#1394 = LINE ( 'NONE', #3767, #4132 ) ;
#1395 = DIRECTION ( 'NONE',  ( 0.000000000000000000, 0.000000000000000000, -1.000000000000000000 ) ) ;
#1396 = CARTESIAN_POINT ( 'NONE',  ( 11.99999999999999822, -6.109652351742130172, 46.58570277113506819 ) ) ;
#1397 = EDGE_LOOP ( 'NONE', ( #5442, #4780, #746, #463 ) ) ;
#1398 = AXIS2_PLACEMENT_3D ( 'NONE', #2687, #3336, #1580 ) ;
#1399 = CARTESIAN_POINT ( 'NONE',  ( 6.000000000000000000, -51.19683565102450729, 9.104066087303303689 ) ) ;
#1400 = LINE ( 'NONE', #1365, #7568 ) ;
#1401 = DIRECTION ( 'NONE',  ( -1.000000000000000000, 0.000000000000000000, 0.000000000000000000 ) ) ;
#1402 = DIRECTION ( 'NONE',  ( 1.000000000000000000, 0.000000000000000000, 0.000000000000000000 ) ) ;
#1403 = DIRECTION ( 'NONE',  ( 0.000000000000000000, 0.000000000000000000, -1.000000000000000000 ) ) ;
#1404 = ORIENTED_EDGE ( 'NONE', *, *, #5674, .F. ) ;
#1405 = EDGE_CURVE ( 'NONE', #4813, #2571, #6589, .T. ) ;
#1406 = AXIS2_PLACEMENT_3D ( 'NONE', #3581, #1179, #2937 ) ;
#1407 = VERTEX_POINT ( 'NONE', #2484 ) ;
#1408 = ORIENTED_EDGE ( 'NONE', *, *, #432, .F. ) ;
#1409 = CARTESIAN_POINT ( 'NONE',  ( 11.99999999999999822, 0.000000000000000000, 0.000000000000000000 ) ) ;
#1410 = CARTESIAN_POINT ( 'NONE',  ( 11.99999999999999822, -25.61928775981011341, -45.25098998563505148 ) ) ;
#1411 = DIRECTION ( 'NONE',  ( -1.000000000000000000, 0.000000000000000000, -0.000000000000000000 ) ) ;
#1412 = DIRECTION ( 'NONE',  ( 0.000000000000000000, 0.000000000000000000, -1.000000000000000000 ) ) ;
#1413 = CIRCLE ( 'NONE', #6954, 20.00000000000000711 ) ;
#1414 = EDGE_CURVE ( 'NONE', #4573, #3982, #196, .T. ) ;
#1415 = ORIENTED_EDGE ( 'NONE', *, *, #6603, .F. ) ;
#1416 = VECTOR ( 'NONE', #3656, 1000.000000000000000 ) ;
#1417 = ORIENTED_EDGE ( 'NONE', *, *, #3266, .T. ) ;
#1418 = EDGE_CURVE ( 'NONE', #1685, #1206, #3750, .T. ) ;
#1419 = ORIENTED_EDGE ( 'NONE', *, *, #5990, .F. ) ;
#1420 = CIRCLE ( 'NONE', #2278, 20.00000000000000355 ) ;
#1421 = ORIENTED_EDGE ( 'NONE', *, *, #3508, .T. ) ;
#1422 = CARTESIAN_POINT ( 'NONE',  ( 12.00000000000000000, 13.85708833599966638, 45.43276465116669982 ) ) ;
#1423 = CIRCLE ( 'NONE', #4126, 52.00000000000000000 ) ;
#1424 = DIRECTION ( 'NONE',  ( 0.000000000000000000, 0.000000000000000000, 1.000000000000000000 ) ) ;
#1425 = CYLINDRICAL_SURFACE ( 'NONE', #5965, 20.00000000000000355 ) ;
#1426 = ORIENTED_EDGE ( 'NONE', *, *, #395, .F. ) ;
#1427 = ORIENTED_EDGE ( 'NONE', *, *, #4555, .F. ) ;
#1428 = VERTEX_POINT ( 'NONE', #1245 ) ;
#1429 = AXIS2_PLACEMENT_3D ( 'NONE', #5097, #4632, #7481 ) ;
#1430 = DIRECTION ( 'NONE',  ( 0.000000000000000000, -0.6845471059286791782, -0.7289686274214204342 ) ) ;
#1431 = CYLINDRICAL_SURFACE ( 'NONE', #97, 52.00000000000000000 ) ;
#1432 = CARTESIAN_POINT ( 'NONE',  ( 0.000000000000000000, -0.6505223195686464788, 51.99593080916758936 ) ) ;
#1433 = CARTESIAN_POINT ( 'NONE',  ( 0.000000000000000000, 42.60732521687571506, 19.80331771201672098 ) ) ;
#1434 = CYLINDRICAL_SURFACE ( 'NONE', #5130, 52.00000000000000000 ) ;
#1435 = DIRECTION ( 'NONE',  ( 0.000000000000000000, 0.1253332335643045359, -0.9921147013144778759 ) ) ;
#1436 = CARTESIAN_POINT ( 'NONE',  ( 11.99999999999999822, 0.000000000000000000, 0.000000000000000000 ) ) ;
#1437 = VECTOR ( 'NONE', #5575, 1000.000000000000000 ) ;
#1438 = ORIENTED_EDGE ( 'NONE', *, *, #2849, .T. ) ;
#1439 = VECTOR ( 'NONE', #6732, 1000.000000000000000 ) ;
#1440 = EDGE_CURVE ( 'NONE', #4877, #5354, #3394, .T. ) ;
#1441 = AXIS2_PLACEMENT_3D ( 'NONE', #5802, #586, #545 ) ;
#1442 = CIRCLE ( 'NONE', #3023, 47.49900000000000233 ) ;
#1443 = CIRCLE ( 'NONE', #5482, 52.00000000000000000 ) ;
#1444 = ORIENTED_EDGE ( 'NONE', *, *, #6132, .T. ) ;
#1445 = ADVANCED_FACE ( 'NONE', ( #853 ), #2734, .T. ) ;
#1446 = CARTESIAN_POINT ( 'NONE',  ( 12.00000000000000000, 0.000000000000000000, 0.000000000000000000 ) ) ;
#1447 = CARTESIAN_POINT ( 'NONE',  ( 15.00000000000000000, 41.00000000000000000, -1.699999999999975753 ) ) ;
#1448 = LINE ( 'NONE', #256, #3483 ) ;
#1449 = FACE_OUTER_BOUND ( 'NONE', #5567, .T. ) ;
#1450 = CARTESIAN_POINT ( 'NONE',  ( 15.00000000000000000, 0.000000000000000000, 39.30000000000002558 ) ) ;
#1451 = ORIENTED_EDGE ( 'NONE', *, *, #3166, .F. ) ;
#1452 = AXIS2_PLACEMENT_3D ( 'NONE', #5194, #2761, #6381 ) ;
#1453 = AXIS2_PLACEMENT_3D ( 'NONE', #5052, #6234, #401 ) ;
#1454 = EDGE_CURVE ( 'NONE', #2250, #3505, #5135, .T. ) ;
#1455 = ORIENTED_EDGE ( 'NONE', *, *, #2817, .F. ) ;
#1456 = ORIENTED_EDGE ( 'NONE', *, *, #4913, .T. ) ;
#1457 = ORIENTED_EDGE ( 'NONE', *, *, #2196, .T. ) ;
#1458 = VECTOR ( 'NONE', #3685, 1000.000000000000000 ) ;
#1459 = FACE_OUTER_BOUND ( 'NONE', #1987, .T. ) ;
#1460 = CARTESIAN_POINT ( 'NONE',  ( 11.99999999999999822, 45.78515115856060191, -12.64416602183617577 ) ) ;
#1461 = CYLINDRICAL_SURFACE ( 'NONE', #6787, 20.00000000000000355 ) ;
#1462 = ORIENTED_EDGE ( 'NONE', *, *, #3025, .F. ) ;
#1463 = ORIENTED_EDGE ( 'NONE', *, *, #155, .F. ) ;
#1464 = AXIS2_PLACEMENT_3D ( 'NONE', #503, #5185, #2248 ) ;
#1465 = AXIS2_PLACEMENT_3D ( 'NONE', #5234, #7353, #6423 ) ;
#1466 = ORIENTED_EDGE ( 'NONE', *, *, #151, .F. ) ;
#1467 = ORIENTED_EDGE ( 'NONE', *, *, #5419, .F. ) ;
#1469 = EDGE_CURVE ( 'NONE', #1946, #2611, #5054, .T. ) ;
#1468 = DIRECTION ( 'NONE',  ( 0.000000000000000000, 0.000000000000000000, 1.000000000000000000 ) ) ;
#1470 = CARTESIAN_POINT ( 'NONE',  ( 11.99999999999999822, -44.75336757549768407, -14.30704879393653250 ) ) ;
#1471 = CARTESIAN_POINT ( 'NONE',  ( 11.99999999999999822, 0.000000000000000000, 0.000000000000000000 ) ) ;
#1472 = VERTEX_POINT ( 'NONE', #935 ) ;
#1473 = ORIENTED_EDGE ( 'NONE', *, *, #1281, .T. ) ;
#1474 = EDGE_LOOP ( 'NONE', ( #1731, #5410, #6638, #4924 ) ) ;
#1475 = CARTESIAN_POINT ( 'NONE',  ( 12.00000000000000000, 0.000000000000000000, 0.000000000000000000 ) ) ;
#1476 = DIRECTION ( 'NONE',  ( 1.000000000000000000, -0.000000000000000000, 0.000000000000000000 ) ) ;
#1477 = DIRECTION ( 'NONE',  ( 0.000000000000000000, 0.9510565162951544194, -0.3090169943749447867 ) ) ;
#1478 = DIRECTION ( 'NONE',  ( 0.000000000000000000, 0.3681245526846786964, -0.9297764858882511252 ) ) ;
#1479 = DIRECTION ( 'NONE',  ( 0.000000000000000000, 0.000000000000000000, 1.000000000000000000 ) ) ;
#1480 = FACE_OUTER_BOUND ( 'NONE', #2385, .T. ) ;
#1481 = CARTESIAN_POINT ( 'NONE',  ( 11.99999999999999822, -19.74581912682874218, 48.10512059033387544 ) ) ;
#1482 = ORIENTED_EDGE ( 'NONE', *, *, #6385, .F. ) ;
#1483 = EDGE_CURVE ( 'NONE', #3171, #5343, #5531, .T. ) ;
#1484 = EDGE_CURVE ( 'NONE', #7553, #2383, #2787, .T. ) ;
#1485 = ORIENTED_EDGE ( 'NONE', *, *, #5693, .T. ) ;
#1486 = DIRECTION ( 'NONE',  ( 0.000000000000000000, 0.000000000000000000, 1.000000000000000000 ) ) ;
#1487 = CARTESIAN_POINT ( 'NONE',  ( 11.99999999999999822, 46.90537658765330065, 2.727856614654466938 ) ) ;
#1488 = CARTESIAN_POINT ( 'NONE',  ( 11.99999999999999822, -47.22458491092815791, -5.098390039074710778 ) ) ;
#1489 = FACE_OUTER_BOUND ( 'NONE', #6798, .T. ) ;
#1490 = CARTESIAN_POINT ( 'NONE',  ( 11.99999999999999822, 8.053585752061882985, 46.81126742072026303 ) ) ;
#1491 = DIRECTION ( 'NONE',  ( 0.000000000000000000, 0.000000000000000000, 1.000000000000000000 ) ) ;
#1492 = VERTEX_POINT ( 'NONE', #5088 ) ;
#1493 = EDGE_CURVE ( 'NONE', #1085, #4043, #5734, .T. ) ;
#1494 = EDGE_LOOP ( 'NONE', ( #590, #6316, #2099, #1817 ) ) ;
#1495 = EDGE_LOOP ( 'NONE', ( #1239, #4254 ) ) ;
#1496 = EDGE_CURVE ( 'NONE', #1684, #3477, #6147, .T. ) ;
#1497 = AXIS2_PLACEMENT_3D ( 'NONE', #1148, #457, #504 ) ;
#1498 = VERTEX_POINT ( 'NONE', #4961 ) ;
#1499 = SURFACE_STYLE_FILL_AREA ( #5650 ) ;
#1500 = DIRECTION ( 'NONE',  ( -0.000000000000000000, 0.000000000000000000, 1.000000000000000000 ) ) ;
#1501 = DIRECTION ( 'NONE',  ( 1.000000000000000000, -0.000000000000000000, 0.000000000000000000 ) ) ;
#1502 = LINE ( 'NONE', #3831, #4065 ) ;
#1503 = VERTEX_POINT ( 'NONE', #315 ) ;
#1504 = VECTOR ( 'NONE', #4180, 1000.000000000000000 ) ;
#1505 = ORIENTED_EDGE ( 'NONE', *, *, #4782, .F. ) ;
#1506 = ORIENTED_EDGE ( 'NONE', *, *, #4258, .T. ) ;
#1507 = CIRCLE ( 'NONE', #4076, 1.699999999999986189 ) ;
#1508 = DIRECTION ( 'NONE',  ( 0.000000000000000000, 0.8443279255020161855, -0.5358267949789945472 ) ) ;
#1509 = CARTESIAN_POINT ( 'NONE',  ( 12.00000000000000000, -42.03146605346801579, 22.12489237027301670 ) ) ;
#1510 = DIRECTION ( 'NONE',  ( 0.000000000000000000, 0.000000000000000000, 1.000000000000000000 ) ) ;
#1511 = ORIENTED_EDGE ( 'NONE', *, *, #784, .F. ) ;
#1512 = ORIENTED_EDGE ( 'NONE', *, *, #3832, .T. ) ;
#1513 = EDGE_CURVE ( 'NONE', #1168, #3853, #7200, .T. ) ;
#1514 = EDGE_CURVE ( 'NONE', #2287, #2700, #2569, .T. ) ;
#1515 = ORIENTED_EDGE ( 'NONE', *, *, #3596, .T. ) ;
#1516 = DIRECTION ( 'NONE',  ( -1.000000000000000000, 0.000000000000000000, 0.000000000000000000 ) ) ;
#1517 = DIRECTION ( 'NONE',  ( 1.000000000000000000, 0.000000000000000000, 0.000000000000000000 ) ) ;
#1518 = CARTESIAN_POINT ( 'NONE',  ( 0.000000000000000000, -45.78515115856051665, 12.64416602183649374 ) ) ;
#1519 = CARTESIAN_POINT ( 'NONE',  ( 12.00000000000000000, 5.816949831270013221E-15, -47.49900000000000233 ) ) ;
#1520 = DIRECTION ( 'NONE',  ( 0.000000000000000000, 0.3681245526846719240, 0.9297764858882537897 ) ) ;
#1521 = CARTESIAN_POINT ( 'NONE',  ( 12.00000000000000000, -34.03046037009229252, -33.13733193845843061 ) ) ;
#1522 = DIRECTION ( 'NONE',  ( 0.000000000000000000, -0.9510565162951500895, -0.3090169943749581649 ) ) ;
#1523 = ADVANCED_FACE ( 'NONE', ( #4430 ), #6733, .T. ) ;
#1524 = VERTEX_POINT ( 'NONE', #3138 ) ;
#1525 = EDGE_CURVE ( 'NONE', #4398, #521, #1082, .T. ) ;
#1526 = ORIENTED_EDGE ( 'NONE', *, *, #4916, .T. ) ;
#1527 = CARTESIAN_POINT ( 'NONE',  ( 11.99999999999999822, -47.00885577955406092, -6.806061952192796305 ) ) ;
#1528 = DIRECTION ( 'NONE',  ( 0.000000000000000000, -0.9510565162951565288, 0.3090169943749383474 ) ) ;
#1529 = CARTESIAN_POINT ( 'NONE',  ( 5.999999999999999112, 36.06787431788676201, 37.45808914225504083 ) ) ;
#1530 = FACE_OUTER_BOUND ( 'NONE', #2480, .T. ) ;
#1531 = DIRECTION ( 'NONE',  ( 0.000000000000000000, 0.000000000000000000, -1.000000000000000000 ) ) ;
#1532 = CARTESIAN_POINT ( 'NONE',  ( 0.000000000000000000, -2.123073309835498801, 47.45152853935333326 ) ) ;
#1533 = ORIENTED_EDGE ( 'NONE', *, *, #2733, .F. ) ;
#1534 = VERTEX_POINT ( 'NONE', #2697 ) ;
#1535 = ORIENTED_EDGE ( 'NONE', *, *, #5592, .T. ) ;
#1536 = ORIENTED_EDGE ( 'NONE', *, *, #89, .F. ) ;
#1537 = CYLINDRICAL_SURFACE ( 'NONE', #3376, 52.00000000000000000 ) ;
#1538 = CARTESIAN_POINT ( 'NONE',  ( 11.99999999999999822, -11.90021268425523004, -45.45261810511226486 ) ) ;
#1539 = CARTESIAN_POINT ( 'NONE',  ( 11.99999999999999822, -12.30077720129063756, -50.52416135122093976 ) ) ;
#1540 = CARTESIAN_POINT ( 'NONE',  ( 0.000000000000000000, 0.000000000000000000, 0.000000000000000000 ) ) ;
#1541 = CIRCLE ( 'NONE', #3488, 47.49900000000000233 ) ;
#1542 = EDGE_CURVE ( 'NONE', #4214, #5767, #206, .T. ) ;
#1543 = VERTEX_POINT ( 'NONE', #4921 ) ;
#1544 = ORIENTED_EDGE ( 'NONE', *, *, #6345, .T. ) ;
#1545 = CIRCLE ( 'NONE', #4618, 20.00000000000000711 ) ;
#1546 = DIRECTION ( 'NONE',  ( 0.000000000000000000, 0.000000000000000000, -1.000000000000000000 ) ) ;
#1547 = CIRCLE ( 'NONE', #5838, 20.00000000000000355 ) ;
#1548 = DIRECTION ( 'NONE',  ( -1.000000000000000000, 0.000000000000000000, 0.000000000000000000 ) ) ;
#1549 = VERTEX_POINT ( 'NONE', #6190 ) ;
#1550 = VERTEX_POINT ( 'NONE', #3884 ) ;
#1551 = CIRCLE ( 'NONE', #5841, 20.00000000000000711 ) ;
#1552 = ADVANCED_FACE ( 'NONE', ( #7388 ), #7264, .F. ) ;
#1553 = EDGE_LOOP ( 'NONE', ( #5223, #3296, #3065, #2198 ) ) ;
#1554 = AXIS2_PLACEMENT_3D ( 'NONE', #286, #559, #3969 ) ;
#1555 = CARTESIAN_POINT ( 'NONE',  ( 0.000000000000000000, 43.55304910509406824, 28.41006711799999707 ) ) ;
#1556 = DIRECTION ( 'NONE',  ( -1.000000000000000000, -0.000000000000000000, -0.000000000000000000 ) ) ;
#1557 = PLANE ( 'NONE',  #7219 ) ;
#1558 = CARTESIAN_POINT ( 'NONE',  ( 11.99999999999999822, 42.60732521687571506, 19.80331771201672098 ) ) ;
#1559 = VECTOR ( 'NONE', #6878, 1000.000000000000000 ) ;
#1560 = CARTESIAN_POINT ( 'NONE',  ( 12.00000000000000000, 0.000000000000000000, 0.000000000000000000 ) ) ;
#1561 = DIRECTION ( 'NONE',  ( 0.000000000000000000, 0.000000000000000000, 1.000000000000000000 ) ) ;
#1562 = DIRECTION ( 'NONE',  ( 0.000000000000000000, 0.000000000000000000, 1.000000000000000000 ) ) ;
#1563 = VERTEX_POINT ( 'NONE', #4335 ) ;
#1564 = CIRCLE ( 'NONE', #3626, 52.00000000000000000 ) ;
#1565 = CARTESIAN_POINT ( 'NONE',  ( 11.99999999999999822, 26.17370628620711415, -39.63700417846134627 ) ) ;
#1566 = AXIS2_PLACEMENT_3D ( 'NONE', #4190, #6509, #5351 ) ;
#1567 = AXIS2_PLACEMENT_3D ( 'NONE', #5350, #123, #1744 ) ;
#1568 = DIRECTION ( 'NONE',  ( 1.000000000000000000, 0.000000000000000000, -0.000000000000000000 ) ) ;
#1569 = DIRECTION ( 'NONE',  ( -1.000000000000000000, 0.000000000000000000, 0.000000000000000000 ) ) ;
#1570 = DIRECTION ( 'NONE',  ( -1.000000000000000000, 0.000000000000000000, -0.000000000000000000 ) ) ;
#1571 = DIRECTION ( 'NONE',  ( 0.000000000000000000, 0.000000000000000000, 1.000000000000000000 ) ) ;
#1572 = EDGE_LOOP ( 'NONE', ( #6512, #2083, #3681, #4664 ) ) ;
#1573 = AXIS2_PLACEMENT_3D ( 'NONE', #770, #7048, #7181 ) ;
#1574 = AXIS2_PLACEMENT_3D ( 'NONE', #1471, #4511, #3181 ) ;
#1575 = ORIENTED_EDGE ( 'NONE', *, *, #242, .T. ) ;
#1576 = VERTEX_POINT ( 'NONE', #6235 ) ;
#1577 = ORIENTED_EDGE ( 'NONE', *, *, #7512, .F. ) ;
#1578 = DIRECTION ( 'NONE',  ( 0.000000000000000000, 0.000000000000000000, -1.000000000000000000 ) ) ;
#1579 = LINE ( 'NONE', #3126, #4656 ) ;
#1580 = DIRECTION ( 'NONE',  ( 0.000000000000000000, -0.5877852522924624790, -0.8090169943749551118 ) ) ;
#1581 = DIRECTION ( 'NONE',  ( 1.000000000000000000, -0.000000000000000000, -0.000000000000000000 ) ) ;
#1582 = VECTOR ( 'NONE', #3410, 1000.000000000000000 ) ;
#1583 = CIRCLE ( 'NONE', #837, 52.00000000000000000 ) ;
#1584 = AXIS2_PLACEMENT_3D ( 'NONE', #3447, #5797, #541 ) ;
#1585 = EDGE_LOOP ( 'NONE', ( #1618, #1205, #1016, #2006 ) ) ;
#1586 = CIRCLE ( 'NONE', #3154, 52.00000000000000000 ) ;
#1587 = ADVANCED_FACE ( 'NONE', ( #6686 ), #1425, .T. ) ;
#1588 = EDGE_CURVE ( 'NONE', #631, #3984, #2042, .T. ) ;
#1589 = ORIENTED_EDGE ( 'NONE', *, *, #5698, .F. ) ;
#1590 = DIRECTION ( 'NONE',  ( 0.000000000000000000, -0.8443279255020087470, -0.5358267949790065376 ) ) ;
#1591 = DIRECTION ( 'NONE',  ( -1.000000000000000000, -0.000000000000000000, -0.000000000000000000 ) ) ;
#1592 = AXIS2_PLACEMENT_3D ( 'NONE', #1923, #3074, #5963 ) ;
#1593 = AXIS2_PLACEMENT_3D ( 'NONE', #5630, #3891, #3313 ) ;
#1594 = ORIENTED_EDGE ( 'NONE', *, *, #5055, .F. ) ;
#1595 = AXIS2_PLACEMENT_3D ( 'NONE', #3847, #6198, #945 ) ;
#1596 = ORIENTED_EDGE ( 'NONE', *, *, #6011, .F. ) ;
#1597 = ADVANCED_FACE ( 'NONE', ( #2881 ), #6970, .T. ) ;
#1598 = EDGE_CURVE ( 'NONE', #1209, #3133, #2195, .T. ) ;
#1599 = ORIENTED_EDGE ( 'NONE', *, *, #6980, .T. ) ;
#1600 = EDGE_CURVE ( 'NONE', #4516, #2681, #2666, .T. ) ;
#1601 = CIRCLE ( 'NONE', #2555, 20.00000000000000355 ) ;
#1602 = DIRECTION ( 'NONE',  ( 0.000000000000000000, 0.000000000000000000, 1.000000000000000000 ) ) ;
#1603 = FACE_OUTER_BOUND ( 'NONE', #3102, .T. ) ;
#1604 = CARTESIAN_POINT ( 'NONE',  ( 11.99999999999999822, 0.000000000000000000, 0.000000000000000000 ) ) ;
#1605 = DIRECTION ( 'NONE',  ( 1.000000000000000000, -0.000000000000000000, -0.000000000000000000 ) ) ;
#1606 = LINE ( 'NONE', #3936, #576 ) ;
#1607 = DIRECTION ( 'NONE',  ( -1.000000000000000000, -0.000000000000000000, 0.000000000000000000 ) ) ;
#1608 = ORIENTED_EDGE ( 'NONE', *, *, #442, .F. ) ;
#1609 = CARTESIAN_POINT ( 'NONE',  ( 15.00000000000000000, -41.00000000000000000, 1.699999999999975753 ) ) ;
#1610 = DIRECTION ( 'NONE',  ( -1.000000000000000000, 0.000000000000000000, 0.000000000000000000 ) ) ;
#1611 = CARTESIAN_POINT ( 'NONE',  ( 11.99999999999999822, -22.43957647427188107, 41.27978878573619426 ) ) ;
#1612 = DIRECTION ( 'NONE',  ( 0.000000000000000000, -0.9510565162951500895, -0.3090169943749582204 ) ) ;
#1613 = PLANE ( 'NONE',  #5672 ) ;
#1614 = ORIENTED_EDGE ( 'NONE', *, *, #2601, .T. ) ;
#1615 = ORIENTED_EDGE ( 'NONE', *, *, #6386, .T. ) ;
#1616 = ORIENTED_EDGE ( 'NONE', *, *, #2535, .T. ) ;
#1617 = ADVANCED_FACE ( 'NONE', ( #2303 ), #5238, .F. ) ;
#1618 = ORIENTED_EDGE ( 'NONE', *, *, #6288, .F. ) ;
#1619 = DIRECTION ( 'NONE',  ( 1.000000000000000000, 0.000000000000000000, 0.000000000000000000 ) ) ;
#1620 = CARTESIAN_POINT ( 'NONE',  ( 11.99999999999999822, -51.85248208264516023, -3.914090171286719322 ) ) ;
#1621 = CARTESIAN_POINT ( 'NONE',  ( 12.00000000000000000, -47.22458491092823607, 5.098390039074047309 ) ) ;
#1622 = DIRECTION ( 'NONE',  ( -1.000000000000000000, -0.000000000000000000, 0.000000000000000000 ) ) ;
#1623 = EDGE_CURVE ( 'NONE', #367, #5206, #5013, .T. ) ;
#1624 = CIRCLE ( 'NONE', #1249, 20.00000000000000711 ) ;
#1625 = ORIENTED_EDGE ( 'NONE', *, *, #5808, .T. ) ;
#1626 = ORIENTED_EDGE ( 'NONE', *, *, #4219, .T. ) ;
#1627 = DIRECTION ( 'NONE',  ( 0.000000000000000000, 0.000000000000000000, -1.000000000000000000 ) ) ;
#1628 = DIRECTION ( 'NONE',  ( 0.000000000000000000, 0.000000000000000000, 1.000000000000000000 ) ) ;
#1629 = AXIS2_PLACEMENT_3D ( 'NONE', #5432, #3115, #7323 ) ;
#1630 = ORIENTED_EDGE ( 'NONE', *, *, #3940, .F. ) ;
#1631 = ORIENTED_EDGE ( 'NONE', *, *, #3478, .T. ) ;
#1632 = ORIENTED_EDGE ( 'NONE', *, *, #994, .T. ) ;
#1633 = AXIS2_PLACEMENT_3D ( 'NONE', #1558, #3967, #3273 ) ;
#1634 = DIRECTION ( 'NONE',  ( 1.000000000000000000, 0.000000000000000000, 0.000000000000000000 ) ) ;
#1635 = DIRECTION ( 'NONE',  ( -1.000000000000000000, 0.000000000000000000, 0.000000000000000000 ) ) ;
#1636 = DIRECTION ( 'NONE',  ( 1.000000000000000000, 0.000000000000000000, 0.000000000000000000 ) ) ;
#1637 = CYLINDRICAL_SURFACE ( 'NONE', #4373, 52.00000000000000000 ) ;
#1638 = DIRECTION ( 'NONE',  ( 0.000000000000000000, 0.000000000000000000, -1.000000000000000000 ) ) ;
#1639 = CARTESIAN_POINT ( 'NONE',  ( 11.99999999999999822, 39.78933988720115167, 24.98727647985015565 ) ) ;
#1640 = VERTEX_POINT ( 'NONE', #4663 ) ;
#1641 = EDGE_CURVE ( 'NONE', #5206, #2980, #5744, .T. ) ;
#1642 = EDGE_CURVE ( 'NONE', #4080, #2798, #4552, .T. ) ;
#1643 = LINE ( 'NONE', #1565, #925 ) ;
#1644 = DIRECTION ( 'NONE',  ( 0.000000000000000000, 0.9980267284282712259, 0.06279051952931685721 ) ) ;
#1645 = DIRECTION ( 'NONE',  ( -1.000000000000000000, 0.000000000000000000, -0.000000000000000000 ) ) ;
#1646 = CARTESIAN_POINT ( 'NONE',  ( 15.00000000000000000, 41.00000000000000000, 0.000000000000000000 ) ) ;
#1647 = LINE ( 'NONE', #7599, #5792 ) ;
#1648 = ORIENTED_EDGE ( 'NONE', *, *, #875, .F. ) ;
#1649 = ORIENTED_EDGE ( 'NONE', *, *, #5693, .F. ) ;
#1650 = ORIENTED_EDGE ( 'NONE', *, *, #4374, .F. ) ;
#1651 = LINE ( 'NONE', #6267, #72 ) ;
#1652 = DIRECTION ( 'NONE',  ( -1.000000000000000000, 0.000000000000000000, 0.000000000000000000 ) ) ;
#1653 = CARTESIAN_POINT ( 'NONE',  ( 0.000000000000000000, 38.92705108641732181, 27.21837053747810486 ) ) ;
#1654 = DIRECTION ( 'NONE',  ( -1.000000000000000000, -0.000000000000000000, 0.000000000000000000 ) ) ;
#1655 = ADVANCED_FACE ( 'NONE', ( #1734 ), #13, .T. ) ;
#1656 = CIRCLE ( 'NONE', #6186, 20.00000000000000355 ) ;
#1657 = VERTEX_POINT ( 'NONE', #1050 ) ;
#1658 = CARTESIAN_POINT ( 'NONE',  ( 0.000000000000000000, 5.667686777402349385, -46.64153600743598105 ) ) ;
#1659 = CARTESIAN_POINT ( 'NONE',  ( 11.99999999999999822, 47.22458491092820765, 5.098390039074388369 ) ) ;
#1660 = EDGE_CURVE ( 'NONE', #5925, #4807, #212, .T. ) ;
#1661 = ORIENTED_EDGE ( 'NONE', *, *, #5169, .T. ) ;
#1662 = ORIENTED_EDGE ( 'NONE', *, *, #3090, .T. ) ;
#1663 = VERTEX_POINT ( 'NONE', #1700 ) ;
#1664 = ORIENTED_EDGE ( 'NONE', *, *, #2958, .F. ) ;
#1665 = AXIS2_PLACEMENT_3D ( 'NONE', #1224, #7025, #6485 ) ;
#1666 = DIRECTION ( 'NONE',  ( -1.000000000000000000, 0.000000000000000000, -0.000000000000000000 ) ) ;
#1667 = DIRECTION ( 'NONE',  ( 0.000000000000000000, 0.000000000000000000, 1.000000000000000000 ) ) ;
#1668 = CYLINDRICAL_SURFACE ( 'NONE', #6530, 1.699999999999979305 ) ;
#1669 = CARTESIAN_POINT ( 'NONE',  ( 6.000000000000000000, 5.871425383722303160, -51.66745943012276143 ) ) ;
#1670 = DIRECTION ( 'NONE',  ( -1.000000000000000000, 0.000000000000000000, 0.000000000000000000 ) ) ;
#1671 = DIRECTION ( 'NONE',  ( -1.000000000000000000, 0.000000000000000000, 0.000000000000000000 ) ) ;
#1672 = AXIS2_PLACEMENT_3D ( 'NONE', #6418, #6302, #3368 ) ;
#1673 = ORIENTED_EDGE ( 'NONE', *, *, #1454, .T. ) ;
#1674 = CIRCLE ( 'NONE', #6336, 47.49900000000000944 ) ;
#1675 = CIRCLE ( 'NONE', #4506, 20.00000000000000355 ) ;
#1676 = AXIS2_PLACEMENT_3D ( 'NONE', #1446, #788, #4447 ) ;
#1677 = ADVANCED_FACE ( 'NONE', ( #4040 ), #7041, .T. ) ;
#1678 = CARTESIAN_POINT ( 'NONE',  ( 11.99999999999999822, 30.03615769709734806, 42.44795908868999135 ) ) ;
#1679 = CARTESIAN_POINT ( 'NONE',  ( 11.99999999999999822, -35.20873326984057883, -31.88259874184068465 ) ) ;
#1680 = CARTESIAN_POINT ( 'NONE',  ( 11.99999999999999822, 5.816949831270013221E-15, -47.49900000000000233 ) ) ;
#1681 = DIRECTION ( 'NONE',  ( -1.000000000000000000, -0.000000000000000000, 0.000000000000000000 ) ) ;
#1682 = DIRECTION ( 'NONE',  ( -1.000000000000000000, -0.000000000000000000, -0.000000000000000000 ) ) ;
#1683 = EDGE_CURVE ( 'NONE', #342, #1472, #5845, .T. ) ;
#1684 = VERTEX_POINT ( 'NONE', #5200 ) ;
#1685 = VERTEX_POINT ( 'NONE', #6391 ) ;
#1686 = EDGE_CURVE ( 'NONE', #3800, #4163, #1126, .T. ) ;
#1687 = AXIS2_PLACEMENT_3D ( 'NONE', #3149, #3072, #6069 ) ;
#1688 = EDGE_LOOP ( 'NONE', ( #1632, #7197, #4029, #2264 ) ) ;
#1689 = FACE_OUTER_BOUND ( 'NONE', #5266, .T. ) ;
#1690 = DIRECTION ( 'NONE',  ( 0.000000000000000000, 0.000000000000000000, -1.000000000000000000 ) ) ;
#1691 = CARTESIAN_POINT ( 'NONE',  ( 0.000000000000000000, -36.05989434073590871, -30.12041790338657776 ) ) ;
#1692 = FACE_OUTER_BOUND ( 'NONE', #3129, .T. ) ;
#1693 = AXIS2_PLACEMENT_3D ( 'NONE', #4075, #6927, #4622 ) ;
#1694 = AXIS2_PLACEMENT_3D ( 'NONE', #1849, #5292, #4167 ) ;
#1695 = EDGE_CURVE ( 'NONE', #6610, #6277, #6483, .T. ) ;
#1696 = ORIENTED_EDGE ( 'NONE', *, *, #2045, .F. ) ;
#1697 = CIRCLE ( 'NONE', #1919, 20.00000000000000711 ) ;
#1698 = CARTESIAN_POINT ( 'NONE',  ( 12.00000000000000000, 0.000000000000000000, 0.000000000000000000 ) ) ;
#1699 = CARTESIAN_POINT ( 'NONE',  ( 0.000000000000000000, 29.60891106212838508, -37.14118181634735549 ) ) ;
#1700 = CARTESIAN_POINT ( 'NONE',  ( 12.00000000000000000, -19.44205635905509766, -43.33776004284629835 ) ) ;
#1701 = ORIENTED_EDGE ( 'NONE', *, *, #2365, .T. ) ;
#1702 = ORIENTED_EDGE ( 'NONE', *, *, #7096, .F. ) ;
#1703 = AXIS2_PLACEMENT_3D ( 'NONE', #7064, #5875, #1857 ) ;
#1704 = ORIENTED_EDGE ( 'NONE', *, *, #6805, .F. ) ;
#1705 = ORIENTED_EDGE ( 'NONE', *, *, #3889, .T. ) ;
#1706 = LINE ( 'NONE', #6281, #6612 ) ;
#1707 = CARTESIAN_POINT ( 'NONE',  ( 0.000000000000000000, -42.03146605346803000, 22.12489237027302380 ) ) ;
#1708 = AXIS2_PLACEMENT_3D ( 'NONE', #678, #5396, #4235 ) ;
#1709 = DIRECTION ( 'NONE',  ( -1.000000000000000000, 0.000000000000000000, 0.000000000000000000 ) ) ;
#1710 = LINE ( 'NONE', #1745, #4124 ) ;
#1711 = DIRECTION ( 'NONE',  ( 0.000000000000000000, 0.000000000000000000, -1.000000000000000000 ) ) ;
#1712 = ORIENTED_EDGE ( 'NONE', *, *, #1341, .F. ) ;
#1713 = ADVANCED_FACE ( 'NONE', ( #589 ), #2918, .F. ) ;
#1714 = VECTOR ( 'NONE', #5668, 1000.000000000000000 ) ;
#1715 = DIRECTION ( 'NONE',  ( -1.000000000000000000, 0.000000000000000000, -0.000000000000000000 ) ) ;
#1716 = DIRECTION ( 'NONE',  ( 0.000000000000000000, -0.6845471059286950544, 0.7289686274214053352 ) ) ;
#1717 = ADVANCED_FACE ( 'NONE', ( #4589 ), #1014, .T. ) ;
#1718 = DIRECTION ( 'NONE',  ( -1.000000000000000000, 0.000000000000000000, -0.000000000000000000 ) ) ;
#1719 = DIRECTION ( 'NONE',  ( 0.000000000000000000, -0.2486898871648415554, -0.9685831611286345177 ) ) ;
#1720 = CARTESIAN_POINT ( 'NONE',  ( 12.00000000000000000, 0.000000000000000000, 0.000000000000000000 ) ) ;
#1721 = DIRECTION ( 'NONE',  ( 0.000000000000000000, 0.000000000000000000, 1.000000000000000000 ) ) ;
#1722 = CIRCLE ( 'NONE', #7003, 20.00000000000000355 ) ;
#1723 = ORIENTED_EDGE ( 'NONE', *, *, #1600, .F. ) ;
#1724 = ORIENTED_EDGE ( 'NONE', *, *, #5988, .T. ) ;
#1725 = CARTESIAN_POINT ( 'NONE',  ( 11.99999999999999822, 47.49120266317495265, 0.8606222198177054805 ) ) ;
#1726 = DIRECTION ( 'NONE',  ( 0.000000000000000000, 0.000000000000000000, 1.000000000000000000 ) ) ;
#1727 = DIRECTION ( 'NONE',  ( -1.000000000000000000, -0.000000000000000000, -0.000000000000000000 ) ) ;
#1728 = CARTESIAN_POINT ( 'NONE',  ( 11.99999999999999822, 35.20873326984128227, -31.88259874183991371 ) ) ;
#1729 = EDGE_CURVE ( 'NONE', #3540, #1943, #3526, .T. ) ;
#1730 = EDGE_CURVE ( 'NONE', #2165, #5949, #1443, .T. ) ;
#1731 = ORIENTED_EDGE ( 'NONE', *, *, #5990, .T. ) ;
#1732 = DIRECTION ( 'NONE',  ( -1.000000000000000000, 0.000000000000000000, -0.000000000000000000 ) ) ;
#1733 = DIRECTION ( 'NONE',  ( 0.000000000000000000, 0.000000000000000000, 1.000000000000000000 ) ) ;
#1734 = FACE_OUTER_BOUND ( 'NONE', #6654, .T. ) ;
#1735 = EDGE_CURVE ( 'NONE', #4918, #4293, #629, .T. ) ;
#1736 = ORIENTED_EDGE ( 'NONE', *, *, #4362, .T. ) ;
#1737 = VERTEX_POINT ( 'NONE', #1767 ) ;
#1738 = AXIS2_PLACEMENT_3D ( 'NONE', #469, #5163, #2256 ) ;
#1739 = ORIENTED_EDGE ( 'NONE', *, *, #5732, .F. ) ;
#1740 = ORIENTED_EDGE ( 'NONE', *, *, #1695, .F. ) ;
#1741 = CIRCLE ( 'NONE', #6153, 20.00000000000000711 ) ;
#1742 = CARTESIAN_POINT ( 'NONE',  ( 11.99999999999999822, -17.50309955389580452, -43.60271849949382528 ) ) ;
#1743 = CYLINDRICAL_SURFACE ( 'NONE', #6875, 52.00000000000000000 ) ;
#1744 = DIRECTION ( 'NONE',  ( 0.000000000000000000, 0.000000000000000000, 1.000000000000000000 ) ) ;
#1745 = CARTESIAN_POINT ( 'NONE',  ( 11.99999999999999822, 2.123073309835852296, -47.45152853935331905 ) ) ;
#1746 = DIRECTION ( 'NONE',  ( -1.000000000000000000, -0.000000000000000000, 0.000000000000000000 ) ) ;
#1747 = EDGE_CURVE ( 'NONE', #4854, #2375, #1203, .T. ) ;
#1748 = ORIENTED_EDGE ( 'NONE', *, *, #3727, .F. ) ;
#1749 = ADVANCED_FACE ( 'NONE', ( #3271 ), #1431, .T. ) ;
#1750 = VERTEX_POINT ( 'NONE', #6695 ) ;
#1751 = DIRECTION ( 'NONE',  ( 0.000000000000000000, 0.000000000000000000, 1.000000000000000000 ) ) ;
#1752 = DIRECTION ( 'NONE',  ( 0.000000000000000000, 0.000000000000000000, -1.000000000000000000 ) ) ;
#1753 = EDGE_CURVE ( 'NONE', #6177, #1248, #2049, .T. ) ;
#1754 = DIRECTION ( 'NONE',  ( 1.000000000000000000, 0.000000000000000000, -0.000000000000000000 ) ) ;
#1755 = DIRECTION ( 'NONE',  ( 0.000000000000000000, 0.000000000000000000, 1.000000000000000000 ) ) ;
#1756 = DIRECTION ( 'NONE',  ( 0.000000000000000000, 0.000000000000000000, 1.000000000000000000 ) ) ;
#1757 = CARTESIAN_POINT ( 'NONE',  ( 11.99999999999999822, -17.08890430202780664, 43.76671000081938701 ) ) ;
#1758 = VERTEX_POINT ( 'NONE', #282 ) ;
#1759 = EDGE_CURVE ( 'NONE', #6337, #3293, #4143, .T. ) ;
#1760 = ORIENTED_EDGE ( 'NONE', *, *, #6011, .T. ) ;
#1761 = DIRECTION ( 'NONE',  ( 1.000000000000000000, 0.000000000000000000, 0.000000000000000000 ) ) ;
#1762 = CARTESIAN_POINT ( 'NONE',  ( 0.000000000000000000, -42.41764978026592559, -20.20639853260335173 ) ) ;
#1763 = CARTESIAN_POINT ( 'NONE',  ( 11.99999999999999822, 19.44205635905601781, -43.33776004284589334 ) ) ;
#1764 = DIRECTION ( 'NONE',  ( -1.000000000000000000, 0.000000000000000000, 0.000000000000000000 ) ) ;
#1765 = ORIENTED_EDGE ( 'NONE', *, *, #5988, .F. ) ;
#1766 = DIRECTION ( 'NONE',  ( 0.000000000000000000, 0.000000000000000000, 1.000000000000000000 ) ) ;
#1767 = CARTESIAN_POINT ( 'NONE',  ( 12.00000000000000000, -13.85708833599999323, 45.43276465116659324 ) ) ;
#1768 = ADVANCED_FACE ( 'NONE', ( #3805 ), #3226, .T. ) ;
#1769 = ORIENTED_EDGE ( 'NONE', *, *, #5895, .T. ) ;
#1770 = ORIENTED_EDGE ( 'NONE', *, *, #7592, .T. ) ;
#1771 = CIRCLE ( 'NONE', #5328, 47.49900000000000233 ) ;
#1772 = EDGE_LOOP ( 'NONE', ( #3365, #6579, #6010, #4467 ) ) ;
#1773 = ORIENTED_EDGE ( 'NONE', *, *, #7221, .F. ) ;
#1774 = CARTESIAN_POINT ( 'NONE',  ( 11.99999999999999822, 47.32430374665962347, -21.55018039121478424 ) ) ;
#1775 = ADVANCED_FACE ( 'NONE', ( #3146 ), #324, .T. ) ;
#1776 = DIRECTION ( 'NONE',  ( -1.000000000000000000, 0.000000000000000000, -0.000000000000000000 ) ) ;
#1777 = DIRECTION ( 'NONE',  ( 0.000000000000000000, 0.000000000000000000, -1.000000000000000000 ) ) ;
#1778 = CARTESIAN_POINT ( 'NONE',  ( 11.99999999999999822, -39.78933988720132930, 24.98727647984987854 ) ) ;
#1779 = ORIENTED_EDGE ( 'NONE', *, *, #3093, .T. ) ;
#1780 = ADVANCED_FACE ( 'NONE', ( #859 ), #7354, .T. ) ;
#1781 = AXIS2_PLACEMENT_3D ( 'NONE', #1284, #2970, #5324 ) ;
#1782 = ORIENTED_EDGE ( 'NONE', *, *, #1389, .T. ) ;
#1783 = DIRECTION ( 'NONE',  ( 0.000000000000000000, -6.982962677686265922E-15, 1.000000000000000000 ) ) ;
#1784 = CARTESIAN_POINT ( 'NONE',  ( 15.00000000000000178, 0.000000000000000000, -41.00000000000000000 ) ) ;
#1785 = VECTOR ( 'NONE', #5159, 1000.000000000000000 ) ;
#1786 = CARTESIAN_POINT ( 'NONE',  ( 15.00000000000000000, 0.000000000000000000, 0.000000000000000000 ) ) ;
#1787 = DIRECTION ( 'NONE',  ( -1.000000000000000000, -0.000000000000000000, 0.000000000000000000 ) ) ;
#1788 = CYLINDRICAL_SURFACE ( 'NONE', #3780, 20.00000000000001066 ) ;
#1789 = VECTOR ( 'NONE', #3851, 1000.000000000000000 ) ;
#1790 = CIRCLE ( 'NONE', #3381, 52.00000000000000000 ) ;
#1791 = VERTEX_POINT ( 'NONE', #6743 ) ;
#1792 = CARTESIAN_POINT ( 'NONE',  ( 11.99999999999999822, 43.83938735307292944, -18.28286404005752175 ) ) ;
#1793 = AXIS2_PLACEMENT_3D ( 'NONE', #1851, #3039, #1180 ) ;
#1794 = CARTESIAN_POINT ( 'NONE',  ( 11.99999999999999822, 35.20873326984080620, 31.88259874184042886 ) ) ;
#1795 = DIRECTION ( 'NONE',  ( -1.000000000000000000, -0.000000000000000000, -0.000000000000000000 ) ) ;
#1796 = CYLINDRICAL_SURFACE ( 'NONE', #5532, 20.00000000000000355 ) ;
#1797 = AXIS2_PLACEMENT_3D ( 'NONE', #676, #6001, #2999 ) ;
#1798 = ORIENTED_EDGE ( 'NONE', *, *, #6637, .F. ) ;
#1799 = CARTESIAN_POINT ( 'NONE',  ( 11.99999999999999822, 24.47917365150011904, -45.87777302070909258 ) ) ;
#1800 = CARTESIAN_POINT ( 'NONE',  ( 11.99999999999999822, 0.000000000000000000, 0.000000000000000000 ) ) ;
#1801 = AXIS2_PLACEMENT_3D ( 'NONE', #7083, #1813, #668 ) ;
#1802 = AXIS2_PLACEMENT_3D ( 'NONE', #4841, #3220, #2483 ) ;
#1803 = ORIENTED_EDGE ( 'NONE', *, *, #242, .F. ) ;
#1804 = ORIENTED_EDGE ( 'NONE', *, *, #6230, .F. ) ;
#1805 = EDGE_CURVE ( 'NONE', #5713, #7206, #6780, .T. ) ;
#1806 = EDGE_CURVE ( 'NONE', #4592, #4813, #6255, .T. ) ;
#1807 = ORIENTED_EDGE ( 'NONE', *, *, #2392, .F. ) ;
#1808 = VECTOR ( 'NONE', #4344, 1000.000000000000000 ) ;
#1809 = VECTOR ( 'NONE', #516, 1000.000000000000000 ) ;
#1810 = VERTEX_POINT ( 'NONE', #5061 ) ;
#1811 = CARTESIAN_POINT ( 'NONE',  ( 11.99999999999999822, -30.03615769709764294, 42.44795908868978529 ) ) ;
#1812 = CARTESIAN_POINT ( 'NONE',  ( 0.000000000000000000, 44.61570720899095477, -14.73072383765582849 ) ) ;
#1813 = DIRECTION ( 'NONE',  ( -1.000000000000000000, -0.000000000000000000, -0.000000000000000000 ) ) ;
#1814 = FACE_OUTER_BOUND ( 'NONE', #5860, .T. ) ;
#1815 = CIRCLE ( 'NONE', #7094, 20.00000000000000000 ) ;
#1816 = AXIS2_PLACEMENT_3D ( 'NONE', #4551, #7574, #7467 ) ;
#1817 = ORIENTED_EDGE ( 'NONE', *, *, #4192, .T. ) ;
#1818 = ADVANCED_FACE ( 'NONE', ( #371 ), #2085, .T. ) ;
#1819 = ADVANCED_FACE ( 'NONE', ( #944 ), #3187, .T. ) ;
#1820 = ORIENTED_EDGE ( 'NONE', *, *, #5669, .F. ) ;
#1821 = CIRCLE ( 'NONE', #4036, 20.00000000000000000 ) ;
#1822 = DIRECTION ( 'NONE',  ( -1.000000000000000000, 0.000000000000000000, 0.000000000000000000 ) ) ;
#1823 = DIRECTION ( 'NONE',  ( 0.000000000000000000, 0.000000000000000000, -1.000000000000000000 ) ) ;
#1824 = DIRECTION ( 'NONE',  ( -1.000000000000000000, -0.000000000000000000, -0.000000000000000000 ) ) ;
#1825 = DIRECTION ( 'NONE',  ( 1.000000000000000000, 0.000000000000000000, 0.000000000000000000 ) ) ;
#1826 = CARTESIAN_POINT ( 'NONE',  ( 11.99999999999999822, 34.03046037009303149, -33.13733193845768454 ) ) ;
#1827 = AXIS2_PLACEMENT_3D ( 'NONE', #6517, #3584, #7093 ) ;
#1828 = CIRCLE ( 'NONE', #1227, 20.00000000000000355 ) ;
#1829 = CIRCLE ( 'NONE', #3659, 47.49900000000000233 ) ;
#1830 = DIRECTION ( 'NONE',  ( 0.000000000000000000, 0.5877852522924685852, 0.8090169943749506709 ) ) ;
#1831 = DIRECTION ( 'NONE',  ( 0.000000000000000000, 0.000000000000000000, 1.000000000000000000 ) ) ;
#1832 = DIRECTION ( 'NONE',  ( -1.000000000000000000, 0.000000000000000000, 0.000000000000000000 ) ) ;
#1833 = CARTESIAN_POINT ( 'NONE',  ( 0.000000000000000000, -42.41764978026620270, 20.20639853260276197 ) ) ;
#1834 = ADVANCED_FACE ( 'NONE', ( #2740 ), #6819, .F. ) ;
#1835 = ORIENTED_EDGE ( 'NONE', *, *, #5307, .T. ) ;
#1836 = DIRECTION ( 'NONE',  ( -1.000000000000000000, 0.000000000000000000, -0.000000000000000000 ) ) ;
#1837 = DIRECTION ( 'NONE',  ( 0.000000000000000000, 0.4817536741017100499, 0.8763066800438665815 ) ) ;
#1838 = EDGE_CURVE ( 'NONE', #4110, #356, #5986, .T. ) ;
#1839 = VERTEX_POINT ( 'NONE', #7431 ) ;
#1840 = ORIENTED_EDGE ( 'NONE', *, *, #4315, .T. ) ;
#1841 = EDGE_CURVE ( 'NONE', #6953, #2756, #2550, .T. ) ;
#1842 = ORIENTED_EDGE ( 'NONE', *, *, #6855, .F. ) ;
#1843 = ORIENTED_EDGE ( 'NONE', *, *, #2869, .F. ) ;
#1844 = CARTESIAN_POINT ( 'NONE',  ( 0.000000000000000000, 0.000000000000000000, 0.000000000000000000 ) ) ;
#1845 = LINE ( 'NONE', #5318, #3634 ) ;
#1846 = DIRECTION ( 'NONE',  ( 1.000000000000000000, 0.000000000000000000, 0.000000000000000000 ) ) ;
#1847 = ORIENTED_EDGE ( 'NONE', *, *, #4586, .T. ) ;
#1848 = ORIENTED_EDGE ( 'NONE', *, *, #6975, .T. ) ;
#1849 = CARTESIAN_POINT ( 'NONE',  ( 11.99999999999999822, 0.000000000000000000, 0.000000000000000000 ) ) ;
#1850 = LINE ( 'NONE', #3610, #6562 ) ;
#1851 = CARTESIAN_POINT ( 'NONE',  ( 0.000000000000000000, 0.000000000000000000, 0.000000000000000000 ) ) ;
#1852 = CARTESIAN_POINT ( 'NONE',  ( 11.99999999999999822, 44.25018368420781911, -27.31155879685134735 ) ) ;
#1853 = FACE_OUTER_BOUND ( 'NONE', #4539, .T. ) ;
#1854 = AXIS2_PLACEMENT_3D ( 'NONE', #3821, #6837, #5645 ) ;
#1855 = ADVANCED_FACE ( 'NONE', ( #4519 ), #3719, .F. ) ;
#1856 = DIRECTION ( 'NONE',  ( -1.000000000000000000, 0.000000000000000000, 0.000000000000000000 ) ) ;
#1857 = DIRECTION ( 'NONE',  ( 0.000000000000000000, 0.000000000000000000, -1.000000000000000000 ) ) ;
#1858 = DIRECTION ( 'NONE',  ( 1.000000000000000000, -0.000000000000000000, -0.000000000000000000 ) ) ;
#1859 = DIRECTION ( 'NONE',  ( -0.000000000000000000, 0.000000000000000000, 1.000000000000000000 ) ) ;
#1860 = DIRECTION ( 'NONE',  ( -1.000000000000000000, -0.000000000000000000, 0.000000000000000000 ) ) ;
#1861 = EDGE_LOOP ( 'NONE', ( #6374, #6263, #4979, #1765 ) ) ;
#1862 = ORIENTED_EDGE ( 'NONE', *, *, #968, .T. ) ;
#1863 = DIRECTION ( 'NONE',  ( -1.000000000000000000, 0.000000000000000000, 0.000000000000000000 ) ) ;
#1864 = LINE ( 'NONE', #1304, #5578 ) ;
#1865 = CARTESIAN_POINT ( 'NONE',  ( 0.000000000000000000, -47.22458491092815791, -5.098390039074710778 ) ) ;
#1866 = VERTEX_POINT ( 'NONE', #6903 ) ;
#1867 = ORIENTED_EDGE ( 'NONE', *, *, #2069, .T. ) ;
#1868 = ORIENTED_EDGE ( 'NONE', *, *, #6547, .F. ) ;
#1869 = ORIENTED_EDGE ( 'NONE', *, *, #125, .F. ) ;
#1870 = DIRECTION ( 'NONE',  ( -1.000000000000000000, -0.000000000000000000, 0.000000000000000000 ) ) ;
#1871 = DIRECTION ( 'NONE',  ( -1.000000000000000000, 0.000000000000000000, -0.000000000000000000 ) ) ;
#1872 = DIRECTION ( 'NONE',  ( 0.000000000000000000, 0.000000000000000000, -1.000000000000000000 ) ) ;
#1873 = EDGE_LOOP ( 'NONE', ( #4363, #4879, #296, #3056 ) ) ;
#1874 = VERTEX_POINT ( 'NONE', #3498 ) ;
#1875 = CARTESIAN_POINT ( 'NONE',  ( 11.99999999999999822, 0.000000000000000000, 0.000000000000000000 ) ) ;
#1876 = AXIS2_PLACEMENT_3D ( 'NONE', #798, #5521, #3127 ) ;
#1877 = FACE_OUTER_BOUND ( 'NONE', #3814, .T. ) ;
#1878 = DIRECTION ( 'NONE',  ( 0.000000000000000000, 0.000000000000000000, -1.000000000000000000 ) ) ;
#1879 = CARTESIAN_POINT ( 'NONE',  ( 0.000000000000000000, -47.32430374665948136, 21.55018039121511464 ) ) ;
#1880 = CARTESIAN_POINT ( 'NONE',  ( 6.000000000000000000, 51.19683565102444334, 9.104066087303666066 ) ) ;
#1881 = CARTESIAN_POINT ( 'NONE',  ( 15.00000000000000000, -41.00000000000000000, -1.699999999999975753 ) ) ;
#1882 = CIRCLE ( 'NONE', #311, 47.49900000000000944 ) ;
#1883 = EDGE_CURVE ( 'NONE', #3799, #7252, #4401, .T. ) ;
#1884 = EDGE_CURVE ( 'NONE', #549, #4573, #2685, .T. ) ;
#1885 = CIRCLE ( 'NONE', #4845, 52.00000000000000000 ) ;
#1886 = CARTESIAN_POINT ( 'NONE',  ( 11.99999999999999822, 11.90021268425618572, -45.45261810511202327 ) ) ;
#1887 = CIRCLE ( 'NONE', #7562, 52.00000000000000000 ) ;
#1888 = FACE_OUTER_BOUND ( 'NONE', #6152, .T. ) ;
#1889 = CARTESIAN_POINT ( 'NONE',  ( 11.99999999999999822, -26.17370628620627571, -39.63700417846190049 ) ) ;
#1890 = DIRECTION ( 'NONE',  ( 0.000000000000000000, 0.000000000000000000, 1.000000000000000000 ) ) ;
#1891 = DIRECTION ( 'NONE',  ( 0.000000000000000000, -6.938893903907226800E-15, 1.000000000000000000 ) ) ;
#1892 = ORIENTED_EDGE ( 'NONE', *, *, #1198, .T. ) ;
#1893 = CIRCLE ( 'NONE', #6963, 20.00000000000000355 ) ;
#1894 = EDGE_CURVE ( 'NONE', #5221, #4998, #5880, .T. ) ;
#1895 = AXIS2_PLACEMENT_3D ( 'NONE', #3275, #7400, #3191 ) ;
#1896 = EDGE_CURVE ( 'NONE', #4398, #4152, #5284, .T. ) ;
#1897 = AXIS2_PLACEMENT_3D ( 'NONE', #3323, #6834, #1644 ) ;
#1898 = ORIENTED_EDGE ( 'NONE', *, *, #5902, .F. ) ;
#1899 = AXIS2_PLACEMENT_3D ( 'NONE', #1030, #6945, #2713 ) ;
#1900 = CARTESIAN_POINT ( 'NONE',  ( 0.000000000000000000, 46.87740477351717061, -3.172455868805375889 ) ) ;
#1901 = DIRECTION ( 'NONE',  ( -1.000000000000000000, -0.000000000000000000, -0.000000000000000000 ) ) ;
#1902 = CARTESIAN_POINT ( 'NONE',  ( -10.00000000000000000, 0.000000000000000000, 0.000000000000000000 ) ) ;
#1903 = ADVANCED_FACE ( 'NONE', ( #1096 ), #3965, .T. ) ;
#1904 = ORIENTED_EDGE ( 'NONE', *, *, #5527, .F. ) ;
#1905 = ORIENTED_EDGE ( 'NONE', *, *, #7256, .F. ) ;
#1906 = ORIENTED_EDGE ( 'NONE', *, *, #3076, .F. ) ;
#1907 = VERTEX_POINT ( 'NONE', #7013 ) ;
#1908 = CYLINDRICAL_SURFACE ( 'NONE', #5974, 52.00000000000000000 ) ;
#1909 = CARTESIAN_POINT ( 'NONE',  ( 12.00000000000000000, 42.03146605346818632, -22.12489237027270761 ) ) ;
#1910 = DIRECTION ( 'NONE',  ( -1.000000000000000000, -0.000000000000000000, 0.000000000000000000 ) ) ;
#1911 = ORIENTED_EDGE ( 'NONE', *, *, #4297, .F. ) ;
#1912 = VERTEX_POINT ( 'NONE', #5174 ) ;
#1913 = AXIS2_PLACEMENT_3D ( 'NONE', #7114, #1312, #2989 ) ;
#1914 = VECTOR ( 'NONE', #6058, 1000.000000000000000 ) ;
#1915 = ADVANCED_FACE ( 'NONE', ( #5736 ), #3932, .T. ) ;
#1916 = ORIENTED_EDGE ( 'NONE', *, *, #6690, .F. ) ;
#1917 = DIRECTION ( 'NONE',  ( 0.000000000000000000, 0.000000000000000000, 1.000000000000000000 ) ) ;
#1918 = CIRCLE ( 'NONE', #2296, 52.00000000000000000 ) ;
#1920 = DIRECTION ( 'NONE',  ( -1.000000000000000000, 0.000000000000000000, 0.000000000000000000 ) ) ;
#1919 = AXIS2_PLACEMENT_3D ( 'NONE', #2445, #1210, #5951 ) ;
#1921 = DIRECTION ( 'NONE',  ( -1.000000000000000000, -0.000000000000000000, -0.000000000000000000 ) ) ;
#1922 = LINE ( 'NONE', #677, #6952 ) ;
#1923 = CARTESIAN_POINT ( 'NONE',  ( -10.00000000000000000, 0.000000000000000000, 0.000000000000000000 ) ) ;
#1924 = ADVANCED_FACE ( 'NONE', ( #487 ), #2235, .T. ) ;
#1925 = EDGE_LOOP ( 'NONE', ( #6178, #7078, #16, #575 ) ) ;
#1926 = AXIS2_PLACEMENT_3D ( 'NONE', #1006, #4688, #7498 ) ;
#1927 = AXIS2_PLACEMENT_3D ( 'NONE', #4825, #106, #1890 ) ;
#1928 = EDGE_CURVE ( 'NONE', #4877, #7374, #7581, .T. ) ;
#1929 = CARTESIAN_POINT ( 'NONE',  ( 11.99999999999999822, 13.85708833600031475, -45.43276465116650087 ) ) ;
#1930 = FACE_OUTER_BOUND ( 'NONE', #6621, .T. ) ;
#1931 = CARTESIAN_POINT ( 'NONE',  ( 11.99999999999999822, -42.60732521687557295, -19.80331771201702296 ) ) ;
#1932 = DIRECTION ( 'NONE',  ( -1.000000000000000000, -0.000000000000000000, 0.000000000000000000 ) ) ;
#1933 = DIRECTION ( 'NONE',  ( 0.000000000000000000, 0.8443279255020126328, 0.5358267949790005424 ) ) ;
#1934 = CIRCLE ( 'NONE', #5158, 47.49900000000000233 ) ;
#1935 = ORIENTED_EDGE ( 'NONE', *, *, #1036, .T. ) ;
#1936 = AXIS2_PLACEMENT_3D ( 'NONE', #6169, #3815, #867 ) ;
#1937 = ORIENTED_EDGE ( 'NONE', *, *, #4218, .F. ) ;
#1938 = DIRECTION ( 'NONE',  ( 0.000000000000000000, -0.7705132427757949154, 0.6374239897486827511 ) ) ;
#1939 = CARTESIAN_POINT ( 'NONE',  ( 5.999999999999999112, -40.47821179127689817, -32.64221760512806014 ) ) ;
#1940 = DIRECTION ( 'NONE',  ( -1.000000000000000000, -0.000000000000000000, -0.000000000000000000 ) ) ;
#1941 = EDGE_CURVE ( 'NONE', #585, #1428, #728, .T. ) ;
#1942 = EDGE_CURVE ( 'NONE', #7414, #4802, #4770, .T. ) ;
#1943 = VERTEX_POINT ( 'NONE', #6356 ) ;
#1944 = ORIENTED_EDGE ( 'NONE', *, *, #609, .F. ) ;
#1945 = ADVANCED_FACE ( 'NONE', ( #2345 ), #5207, .T. ) ;
#1946 = VERTEX_POINT ( 'NONE', #2269 ) ;
#1947 = ORIENTED_EDGE ( 'NONE', *, *, #720, .T. ) ;
#1948 = CARTESIAN_POINT ( 'NONE',  ( 12.00000000000000000, 0.000000000000000000, 0.000000000000000000 ) ) ;
#1949 = DIRECTION ( 'NONE',  ( -1.000000000000000000, 0.000000000000000000, 0.000000000000000000 ) ) ;
#1950 = CYLINDRICAL_SURFACE ( 'NONE', #2170, 20.00000000000000711 ) ;
#1951 = VERTEX_POINT ( 'NONE', #5777 ) ;
#1952 = ORIENTED_EDGE ( 'NONE', *, *, #5282, .T. ) ;
#1953 = ORIENTED_EDGE ( 'NONE', *, *, #5527, .T. ) ;
#1954 = CARTESIAN_POINT ( 'NONE',  ( 11.99999999999999822, 0.000000000000000000, 0.000000000000000000 ) ) ;
#1955 = DIRECTION ( 'NONE',  ( 0.000000000000000000, 0.000000000000000000, 1.000000000000000000 ) ) ;
#1956 = EDGE_CURVE ( 'NONE', #2308, #1428, #2813, .T. ) ;
#1957 = CARTESIAN_POINT ( 'NONE',  ( 11.99999999999999822, -36.06787431788703913, 37.45808914225477082 ) ) ;
#1958 = CARTESIAN_POINT ( 'NONE',  ( 12.00000000000000000, 0.000000000000000000, 0.000000000000000000 ) ) ;
#1959 = FACE_OUTER_BOUND ( 'NONE', #7376, .T. ) ;
#1960 = ORIENTED_EDGE ( 'NONE', *, *, #1962, .T. ) ;
#1961 = CIRCLE ( 'NONE', #4690, 47.49900000000000233 ) ;
#1962 = EDGE_CURVE ( 'NONE', #1090, #5346, #1706, .T. ) ;
#1963 = FACE_OUTER_BOUND ( 'NONE', #5191, .T. ) ;
#1964 = CARTESIAN_POINT ( 'NONE',  ( 12.00000000000000000, 0.000000000000000000, 0.000000000000000000 ) ) ;
#1965 = DIRECTION ( 'NONE',  ( 0.000000000000000000, 0.000000000000000000, 1.000000000000000000 ) ) ;
#1967 = AXIS2_PLACEMENT_3D ( 'NONE', #4493, #385, #6174 ) ;
#1966 = DIRECTION ( 'NONE',  ( -1.000000000000000000, 0.000000000000000000, -0.000000000000000000 ) ) ;
#1968 = DIRECTION ( 'NONE',  ( -1.000000000000000000, 0.000000000000000000, 0.000000000000000000 ) ) ;
#1969 = ADVANCED_FACE ( 'NONE', ( #6396 ), #3463, .T. ) ;
#1970 = ORIENTED_EDGE ( 'NONE', *, *, #1272, .F. ) ;
#1971 = ORIENTED_EDGE ( 'NONE', *, *, #4965, .F. ) ;
#1972 = AXIS2_PLACEMENT_3D ( 'NONE', #490, #4009, #5176 ) ;
#1973 = VERTEX_POINT ( 'NONE', #2888 ) ;
#1974 = SURFACE_STYLE_USAGE ( .BOTH. , #796 ) ;
#1975 = DIRECTION ( 'NONE',  ( -1.000000000000000000, 0.000000000000000000, 0.000000000000000000 ) ) ;
#1976 = PLANE ( 'NONE',  #4964 ) ;
#1977 = CARTESIAN_POINT ( 'NONE',  ( 11.99999999999999822, 32.32520163883584274, 34.09746168776048592 ) ) ;
#1978 = VERTEX_POINT ( 'NONE', #5246 ) ;
#1979 = EDGE_LOOP ( 'NONE', ( #2634, #6136, #3139, #641 ) ) ;
#1980 = ORIENTED_EDGE ( 'NONE', *, *, #848, .T. ) ;
#1981 = ORIENTED_EDGE ( 'NONE', *, *, #6797, .F. ) ;
#1982 = EDGE_CURVE ( 'NONE', #6681, #3310, #1828, .T. ) ;
#1983 = DIRECTION ( 'NONE',  ( -1.000000000000000000, -0.000000000000000000, -0.000000000000000000 ) ) ;
#1984 = LINE ( 'NONE', #4334, #5475 ) ;
#1985 = CARTESIAN_POINT ( 'NONE',  ( 12.00000000000000000, 0.000000000000000000, 0.000000000000000000 ) ) ;
#1986 = ORIENTED_EDGE ( 'NONE', *, *, #170, .F. ) ;
#1987 = EDGE_LOOP ( 'NONE', ( #3245, #2074, #387, #7373 ) ) ;
#1988 = ORIENTED_EDGE ( 'NONE', *, *, #4339, .F. ) ;
#1989 = EDGE_CURVE ( 'NONE', #198, #4795, #7486, .T. ) ;
#1990 = DIRECTION ( 'NONE',  ( -1.000000000000000000, 0.000000000000000000, -0.000000000000000000 ) ) ;
#1991 = DIRECTION ( 'NONE',  ( 0.000000000000000000, 0.000000000000000000, -1.000000000000000000 ) ) ;
#1992 = DIRECTION ( 'NONE',  ( -1.000000000000000000, -0.000000000000000000, -0.000000000000000000 ) ) ;
#1993 = DIRECTION ( 'NONE',  ( -1.000000000000000000, 0.000000000000000000, 0.000000000000000000 ) ) ;
#1994 = CARTESIAN_POINT ( 'NONE',  ( 11.99999999999999822, 17.50309955389612426, 43.60271849949369027 ) ) ;
#1995 = CYLINDRICAL_SURFACE ( 'NONE', #6833, 52.00000000000000000 ) ;
#1996 = CYLINDRICAL_SURFACE ( 'NONE', #5164, 1.699999999999979305 ) ;
#1997 = ADVANCED_FACE ( 'NONE', ( #7308 ), #6581, .T. ) ;
#1998 = ORIENTED_EDGE ( 'NONE', *, *, #5732, .T. ) ;
#1999 = AXIS2_PLACEMENT_3D ( 'NONE', #3370, #6923, #5721 ) ;
#2000 = DIRECTION ( 'NONE',  ( -1.000000000000000000, 0.000000000000000000, 0.000000000000000000 ) ) ;
#2001 = CARTESIAN_POINT ( 'NONE',  ( 11.99999999999999822, 6.109652351742444587, -46.58570277113501135 ) ) ;
#2002 = CARTESIAN_POINT ( 'NONE',  ( -10.00000000000000000, 0.000000000000000000, 0.000000000000000000 ) ) ;
#2003 = DIRECTION ( 'NONE',  ( -1.000000000000000000, 0.000000000000000000, -0.000000000000000000 ) ) ;
#2004 = CYLINDRICAL_SURFACE ( 'NONE', #5019, 20.00000000000000355 ) ;
#2005 = DIRECTION ( 'NONE',  ( -1.000000000000000000, 0.000000000000000000, -0.000000000000000000 ) ) ;
#2006 = ORIENTED_EDGE ( 'NONE', *, *, #7103, .F. ) ;
#2007 = VECTOR ( 'NONE', #532, 1000.000000000000000 ) ;
#2008 = EDGE_LOOP ( 'NONE', ( #1589, #4134, #6395, #178 ) ) ;
#2009 = ORIENTED_EDGE ( 'NONE', *, *, #6004, .T. ) ;
#2010 = ORIENTED_EDGE ( 'NONE', *, *, #848, .F. ) ;
#2011 = CARTESIAN_POINT ( 'NONE',  ( 12.00000000000000000, 0.000000000000000000, 0.000000000000000000 ) ) ;
#2012 = CARTESIAN_POINT ( 'NONE',  ( 0.000000000000000000, 0.000000000000000000, 0.000000000000000000 ) ) ;
#2013 = CARTESIAN_POINT ( 'NONE',  ( 12.00000000000000000, 0.000000000000000000, 0.000000000000000000 ) ) ;
#2014 = DIRECTION ( 'NONE',  ( -1.000000000000000000, 0.000000000000000000, -0.000000000000000000 ) ) ;
#2015 = AXIS2_PLACEMENT_3D ( 'NONE', #1115, #2870, #4030 ) ;
#2016 = ORIENTED_EDGE ( 'NONE', *, *, #6265, .T. ) ;
#2017 = AXIS2_PLACEMENT_3D ( 'NONE', #6409, #32, #612 ) ;
#2018 = ORIENTED_EDGE ( 'NONE', *, *, #2147, .F. ) ;
#2019 = AXIS2_PLACEMENT_3D ( 'NONE', #2936, #5861, #709 ) ;
#2020 = VERTEX_POINT ( 'NONE', #244 ) ;
#2021 = AXIS2_PLACEMENT_3D ( 'NONE', #3078, #2974, #2396 ) ;
#2022 = ORIENTED_EDGE ( 'NONE', *, *, #7257, .F. ) ;
#2023 = EDGE_CURVE ( 'NONE', #6859, #6852, #2065, .T. ) ;
#2024 = CARTESIAN_POINT ( 'NONE',  ( 12.00000000000000000, 0.000000000000000000, 0.000000000000000000 ) ) ;
#2025 = DIRECTION ( 'NONE',  ( 0.000000000000000000, 0.7705132427757861446, 0.6374239897486935202 ) ) ;
#2026 = CARTESIAN_POINT ( 'NONE',  ( 0.000000000000000000, 0.000000000000000000, 0.000000000000000000 ) ) ;
#2027 = ORIENTED_EDGE ( 'NONE', *, *, #3093, .F. ) ;
#2028 = ORIENTED_EDGE ( 'NONE', *, *, #3628, .F. ) ;
#2029 = EDGE_CURVE ( 'NONE', #3391, #2756, #4342, .T. ) ;
#2030 = ADVANCED_FACE ( 'NONE', ( #164 ), #3761, .T. ) ;
#2031 = ORIENTED_EDGE ( 'NONE', *, *, #2136, .T. ) ;
#2032 = AXIS2_PLACEMENT_3D ( 'NONE', #3500, #3465, #2316 ) ;
#2033 = DIRECTION ( 'NONE',  ( -1.000000000000000000, -0.000000000000000000, 0.000000000000000000 ) ) ;
#2034 = DIRECTION ( 'NONE',  ( 0.000000000000000000, 0.000000000000000000, 1.000000000000000000 ) ) ;
#2035 = CARTESIAN_POINT ( 'NONE',  ( 0.000000000000000000, 32.32520163883584274, 34.09746168776048592 ) ) ;
#2036 = CARTESIAN_POINT ( 'NONE',  ( 0.000000000000000000, 0.000000000000000000, 0.000000000000000000 ) ) ;
#2037 = EDGE_CURVE ( 'NONE', #2756, #672, #2926, .T. ) ;
#2038 = CARTESIAN_POINT ( 'NONE',  ( 0.000000000000000000, -44.25018368420722936, -27.31155879685228527 ) ) ;
#2039 = CARTESIAN_POINT ( 'NONE',  ( 11.99999999999999822, 46.77034588191303754, 22.72740077717245555 ) ) ;
#2040 = CARTESIAN_POINT ( 'NONE',  ( 15.00000000000000000, 0.000000000000000000, -41.00000000000000000 ) ) ;
#2041 = EDGE_CURVE ( 'NONE', #5588, #919, #6694, .T. ) ;
#2042 = CIRCLE ( 'NONE', #1201, 47.49900000000000233 ) ;
#2043 = ORIENTED_EDGE ( 'NONE', *, *, #3405, .T. ) ;
#2044 = VECTOR ( 'NONE', #5392, 1000.000000000000000 ) ;
#2045 = EDGE_CURVE ( 'NONE', #1085, #4214, #5538, .T. ) ;
#2046 = VERTEX_POINT ( 'NONE', #6031 ) ;
#2047 = CIRCLE ( 'NONE', #6741, 20.00000000000000711 ) ;
#2048 = AXIS2_PLACEMENT_3D ( 'NONE', #4705, #20, #4738 ) ;
#2049 = CIRCLE ( 'NONE', #2179, 20.00000000000000355 ) ;
#2050 = VERTEX_POINT ( 'NONE', #2491 ) ;
#2051 = DIRECTION ( 'NONE',  ( 0.000000000000000000, 0.9822872507286879440, 0.1873813145857285978 ) ) ;
#2052 = DIRECTION ( 'NONE',  ( 0.000000000000000000, 0.000000000000000000, 1.000000000000000000 ) ) ;
#2053 = LINE ( 'NONE', #5551, #942 ) ;
#2054 = CYLINDRICAL_SURFACE ( 'NONE', #6415, 20.00000000000000355 ) ;
#2055 = LINE ( 'NONE', #1490, #2679 ) ;
#2056 = FACE_OUTER_BOUND ( 'NONE', #2478, .T. ) ;
#2057 = VERTEX_POINT ( 'NONE', #899 ) ;
#2058 = CIRCLE ( 'NONE', #2803, 52.00000000000000000 ) ;
#2059 = AXIS2_PLACEMENT_3D ( 'NONE', #2732, #3307, #436 ) ;
#2060 = ORIENTED_EDGE ( 'NONE', *, *, #3527, .T. ) ;
#2061 = ORIENTED_EDGE ( 'NONE', *, *, #5262, .T. ) ;
#2062 = ORIENTED_EDGE ( 'NONE', *, *, #7077, .T. ) ;
#2063 = AXIS2_PLACEMENT_3D ( 'NONE', #6275, #7540, #1627 ) ;
#2064 = CARTESIAN_POINT ( 'NONE',  ( 11.99999999999999822, 25.61928775981042605, 45.25098998563487385 ) ) ;
#2065 = CIRCLE ( 'NONE', #7105, 20.00000000000000711 ) ;
#2066 = DIRECTION ( 'NONE',  ( -1.000000000000000000, 0.000000000000000000, -0.000000000000000000 ) ) ;
#2067 = DIRECTION ( 'NONE',  ( 0.000000000000000000, -0.2486898871648415277, -0.9685831611286345177 ) ) ;
#2068 = CARTESIAN_POINT ( 'NONE',  ( 11.99999999999999822, -40.47821179127689106, -32.64221760512805304 ) ) ;
#2069 = EDGE_CURVE ( 'NONE', #975, #1310, #365, .T. ) ;
#2070 = VERTEX_POINT ( 'NONE', #1390 ) ;
#2071 = EDGE_LOOP ( 'NONE', ( #3401, #2268, #4364, #2595 ) ) ;
#2072 = AXIS2_PLACEMENT_3D ( 'NONE', #7527, #6329, #4094 ) ;
#2073 = ORIENTED_EDGE ( 'NONE', *, *, #1989, .F. ) ;
#2074 = ORIENTED_EDGE ( 'NONE', *, *, #210, .F. ) ;
#2075 = EDGE_CURVE ( 'NONE', #3562, #4331, #5029, .T. ) ;
#2076 = CARTESIAN_POINT ( 'NONE',  ( 0.000000000000000000, 22.43957647427219371, -41.27978878573603083 ) ) ;
#2077 = CIRCLE ( 'NONE', #5278, 20.00000000000000355 ) ;
#2078 = PLANE ( 'NONE',  #3017 ) ;
#2079 = DIRECTION ( 'NONE',  ( -1.000000000000000000, -0.000000000000000000, -0.000000000000000000 ) ) ;
#2080 = EDGE_CURVE ( 'NONE', #918, #6774, #1, .T. ) ;
#2081 = ORIENTED_EDGE ( 'NONE', *, *, #5146, .F. ) ;
#2082 = ORIENTED_EDGE ( 'NONE', *, *, #4322, .T. ) ;
#2083 = ORIENTED_EDGE ( 'NONE', *, *, #4650, .F. ) ;
#2084 = CARTESIAN_POINT ( 'NONE',  ( 11.99999999999999822, 11.46872990052380459, 45.56340405422447049 ) ) ;
#2085 = CYLINDRICAL_SURFACE ( 'NONE', #7348, 52.00000000000000000 ) ;
#2086 = DIRECTION ( 'NONE',  ( 0.000000000000000000, 0.000000000000000000, 1.000000000000000000 ) ) ;
#2087 = DIRECTION ( 'NONE',  ( -1.000000000000000000, -0.000000000000000000, -0.000000000000000000 ) ) ;
#2088 = FACE_OUTER_BOUND ( 'NONE', #3566, .T. ) ;
#2089 = CARTESIAN_POINT ( 'NONE',  ( 11.99999999999999822, 27.43636312076375106, -38.14186064215120808 ) ) ;
#2090 = DIRECTION ( 'NONE',  ( 1.000000000000000000, 0.000000000000000000, 0.000000000000000000 ) ) ;
#2091 = ORIENTED_EDGE ( 'NONE', *, *, #6407, .T. ) ;
#2092 = ORIENTED_EDGE ( 'NONE', *, *, #6656, .F. ) ;
#2093 = CARTESIAN_POINT ( 'NONE',  ( 11.99999999999999822, 24.72041153920731205, 40.55929306992698002 ) ) ;
#2094 = DIRECTION ( 'NONE',  ( 0.000000000000000000, 0.000000000000000000, 1.000000000000000000 ) ) ;
#2095 = DIRECTION ( 'NONE',  ( -1.000000000000000000, -0.000000000000000000, -0.000000000000000000 ) ) ;
#2096 = CARTESIAN_POINT ( 'NONE',  ( 11.99999999999999822, 44.25018368420742831, 27.31155879685198684 ) ) ;
#2097 = DIRECTION ( 'NONE',  ( -1.000000000000000000, 0.000000000000000000, 0.000000000000000000 ) ) ;
#2098 = EDGE_CURVE ( 'NONE', #199, #6681, #201, .T. ) ;
#2099 = ORIENTED_EDGE ( 'NONE', *, *, #5244, .T. ) ;
#2100 = AXIS2_PLACEMENT_3D ( 'NONE', #2840, #5196, #4615 ) ;
#2101 = ORIENTED_EDGE ( 'NONE', *, *, #7177, .T. ) ;
#2102 = VERTEX_POINT ( 'NONE', #3070 ) ;
#2103 = CIRCLE ( 'NONE', #6413, 52.00000000000000000 ) ;
#2104 = ORIENTED_EDGE ( 'NONE', *, *, #3266, .F. ) ;
#2105 = DIRECTION ( 'NONE',  ( 1.000000000000000000, 0.000000000000000000, 0.000000000000000000 ) ) ;
#2106 = DIRECTION ( 'NONE',  ( 0.000000000000000000, 0.000000000000000000, 1.000000000000000000 ) ) ;
#2107 = DIRECTION ( 'NONE',  ( 0.000000000000000000, -0.7705132427757815927, -0.6374239897486989603 ) ) ;
#2108 = DIRECTION ( 'NONE',  ( 0.000000000000000000, 0.9980267284282717810, -0.06279051952930990443 ) ) ;
#2109 = EDGE_CURVE ( 'NONE', #2208, #5086, #980, .T. ) ;
#2110 = VERTEX_POINT ( 'NONE', #6742 ) ;
#2111 = CIRCLE ( 'NONE', #3578, 47.49900000000000233 ) ;
#2112 = VERTEX_POINT ( 'NONE', #7230 ) ;
#2113 = ORIENTED_EDGE ( 'NONE', *, *, #2841, .F. ) ;
#2114 = CIRCLE ( 'NONE', #3461, 52.00000000000000000 ) ;
#2115 = CARTESIAN_POINT ( 'NONE',  ( 0.000000000000000000, 42.41764978026606059, -20.20639853260305685 ) ) ;
#2116 = CARTESIAN_POINT ( 'NONE',  ( 11.99999999999999822, 39.55064067543097650, -25.36340625197318488 ) ) ;
#2117 = ORIENTED_EDGE ( 'NONE', *, *, #2023, .F. ) ;
#2118 = ORIENTED_EDGE ( 'NONE', *, *, #3457, .F. ) ;
#2119 = ORIENTED_EDGE ( 'NONE', *, *, #6043, .T. ) ;
#2120 = EDGE_CURVE ( 'NONE', #983, #5566, #1106, .T. ) ;
#2121 = CARTESIAN_POINT ( 'NONE',  ( 12.00000000000000000, 47.22458491092826449, -5.098390039073716018 ) ) ;
#2122 = DIRECTION ( 'NONE',  ( 0.000000000000000000, 0.000000000000000000, 1.000000000000000000 ) ) ;
#2123 = DIRECTION ( 'NONE',  ( 0.000000000000000000, 0.000000000000000000, -1.000000000000000000 ) ) ;
#2124 = CARTESIAN_POINT ( 'NONE',  ( 0.000000000000000000, -47.32430374665916162, -21.55018039121579321 ) ) ;
#2125 = CYLINDRICAL_SURFACE ( 'NONE', #4636, 1.699999999999979305 ) ;
#2126 = CARTESIAN_POINT ( 'NONE',  ( 5.999999999999999112, 51.93417535146742381, 2.615612846549385750 ) ) ;
#2127 = DIRECTION ( 'NONE',  ( 0.000000000000000000, 0.000000000000000000, 1.000000000000000000 ) ) ;
#2128 = VERTEX_POINT ( 'NONE', #6064 ) ;
#2129 = DIRECTION ( 'NONE',  ( -1.000000000000000000, 0.000000000000000000, 0.000000000000000000 ) ) ;
#2130 = DIRECTION ( 'NONE',  ( -1.000000000000000000, -0.000000000000000000, 0.000000000000000000 ) ) ;
#2131 = CARTESIAN_POINT ( 'NONE',  ( 11.99999999999999822, -13.85708833599935907, -45.43276465116678509 ) ) ;
#2132 = CARTESIAN_POINT ( 'NONE',  ( 0.000000000000000000, -22.82995208772717177, 41.06517797613654608 ) ) ;
#2133 = CARTESIAN_POINT ( 'NONE',  ( 0.000000000000000000, 0.000000000000000000, 0.000000000000000000 ) ) ;
#2134 = EDGE_LOOP ( 'NONE', ( #3843, #5579, #2022, #731 ) ) ;
#2135 = VECTOR ( 'NONE', #5511, 1000.000000000000000 ) ;
#2136 = EDGE_CURVE ( 'NONE', #7330, #3914, #4878, .T. ) ;
#2137 = EDGE_CURVE ( 'NONE', #6788, #4966, #498, .T. ) ;
#2138 = ORIENTED_EDGE ( 'NONE', *, *, #2709, .F. ) ;
#2139 = VERTEX_POINT ( 'NONE', #5999 ) ;
#2140 = ORIENTED_EDGE ( 'NONE', *, *, #5124, .T. ) ;
#2141 = CARTESIAN_POINT ( 'NONE',  ( 0.000000000000000000, 0.000000000000000000, 0.000000000000000000 ) ) ;
#2142 = DIRECTION ( 'NONE',  ( -1.000000000000000000, 0.000000000000000000, 0.000000000000000000 ) ) ;
#2143 = DIRECTION ( 'NONE',  ( 0.000000000000000000, -0.3681245526846653737, -0.9297764858882564543 ) ) ;
#2144 = ADVANCED_FACE ( 'NONE', ( #1877 ), #3652, .T. ) ;
#2145 = ADVANCED_FACE ( 'NONE', ( #3890 ), #5629, .F. ) ;
#2146 = VECTOR ( 'NONE', #4568, 1000.000000000000000 ) ;
#2147 = EDGE_CURVE ( 'NONE', #6894, #2375, #5761, .T. ) ;
#2148 = ORIENTED_EDGE ( 'NONE', *, *, #6229, .T. ) ;
#2149 = ORIENTED_EDGE ( 'NONE', *, *, #1806, .F. ) ;
#2150 = DIRECTION ( 'NONE',  ( -1.000000000000000000, -0.000000000000000000, 0.000000000000000000 ) ) ;
#2151 = DIRECTION ( 'NONE',  ( -1.000000000000000000, 0.000000000000000000, -0.000000000000000000 ) ) ;
#2152 = ORIENTED_EDGE ( 'NONE', *, *, #6016, .T. ) ;
#2153 = ORIENTED_EDGE ( 'NONE', *, *, #6730, .T. ) ;
#2154 = VECTOR ( 'NONE', #681, 1000.000000000000000 ) ;
#2155 = ORIENTED_EDGE ( 'NONE', *, *, #2137, .T. ) ;
#2156 = CIRCLE ( 'NONE', #2895, 47.49900000000000233 ) ;
#2157 = VECTOR ( 'NONE', #7056, 1000.000000000000000 ) ;
#2158 = CARTESIAN_POINT ( 'NONE',  ( 11.99999999999999822, -11.90021268425588197, 45.45261810511210143 ) ) ;
#2159 = DIRECTION ( 'NONE',  ( 0.000000000000000000, -0.9822872507286903865, 0.1873813145857149975 ) ) ;
#2160 = FACE_OUTER_BOUND ( 'NONE', #7390, .T. ) ;
#2161 = DIRECTION ( 'NONE',  ( -1.000000000000000000, 0.000000000000000000, 0.000000000000000000 ) ) ;
#2162 = CARTESIAN_POINT ( 'NONE',  ( 12.00000000000000000, -30.93515269692088765, -36.04401931830283701 ) ) ;
#2163 = FACE_OUTER_BOUND ( 'NONE', #4736, .T. ) ;
#2164 = FACE_OUTER_BOUND ( 'NONE', #1861, .T. ) ;
#2165 = VERTEX_POINT ( 'NONE', #1555 ) ;
#2166 = EDGE_CURVE ( 'NONE', #2112, #1348, #7336, .T. ) ;
#2167 = AXIS2_PLACEMENT_3D ( 'NONE', #2493, #5460, #2663 ) ;
#2168 = CARTESIAN_POINT ( 'NONE',  ( 11.99999999999999822, 0.000000000000000000, 47.49900000000000233 ) ) ;
#2169 = DIRECTION ( 'NONE',  ( -1.000000000000000000, -0.000000000000000000, -0.000000000000000000 ) ) ;
#2170 = AXIS2_PLACEMENT_3D ( 'NONE', #6538, #3604, #5387 ) ;
#2171 = EDGE_CURVE ( 'NONE', #7216, #7427, #3282, .T. ) ;
#2172 = VECTOR ( 'NONE', #54, 1000.000000000000000 ) ;
#2173 = CARTESIAN_POINT ( 'NONE',  ( 11.99999999999999822, 46.11014828289830803, 9.022736828081534100 ) ) ;
#2174 = DIRECTION ( 'NONE',  ( 0.000000000000000000, 0.000000000000000000, -1.000000000000000000 ) ) ;
#2175 = FACE_OUTER_BOUND ( 'NONE', #121, .T. ) ;
#2176 = CARTESIAN_POINT ( 'NONE',  ( 15.00000000000000178, 0.000000000000000000, 41.00000000000000000 ) ) ;
#2177 = VERTEX_POINT ( 'NONE', #2121 ) ;
#2178 = AXIS2_PLACEMENT_3D ( 'NONE', #860, #4308, #4438 ) ;
#2179 = AXIS2_PLACEMENT_3D ( 'NONE', #4968, #1517, #5539 ) ;
#2180 = ORIENTED_EDGE ( 'NONE', *, *, #6384, .T. ) ;
#2181 = EDGE_CURVE ( 'NONE', #6894, #1498, #409, .T. ) ;
#2182 = ORIENTED_EDGE ( 'NONE', *, *, #2337, .T. ) ;
#2183 = EDGE_LOOP ( 'NONE', ( #3165, #7462, #435, #50, #4625 ) ) ;
#2184 = DIRECTION ( 'NONE',  ( 0.000000000000000000, -0.9048270524660235736, 0.4257792915650641663 ) ) ;
#2185 = CARTESIAN_POINT ( 'NONE',  ( 0.000000000000000000, 34.03046037009254121, 33.13733193845818192 ) ) ;
#2186 = CARTESIAN_POINT ( 'NONE',  ( 11.99999999999999822, 36.34385289850590084, 29.77717097092087783 ) ) ;
#2187 = DIRECTION ( 'NONE',  ( -1.000000000000000000, 0.000000000000000000, -0.000000000000000000 ) ) ;
#2188 = CIRCLE ( 'NONE', #1816, 20.00000000000000000 ) ;
#2189 = CIRCLE ( 'NONE', #3153, 20.00000000000000711 ) ;
#2190 = EDGE_LOOP ( 'NONE', ( #52, #3963, #6994, #2968 ) ) ;
#2191 = CIRCLE ( 'NONE', #4537, 20.00000000000000355 ) ;
#2192 = ORIENTED_EDGE ( 'NONE', *, *, #1049, .F. ) ;
#2193 = EDGE_CURVE ( 'NONE', #2102, #6237, #3423, .T. ) ;
#2194 = DIRECTION ( 'NONE',  ( 0.000000000000000000, 0.000000000000000000, 1.000000000000000000 ) ) ;
#2195 = LINE ( 'NONE', #6897, #4016 ) ;
#2196 = EDGE_CURVE ( 'NONE', #3020, #5697, #4023, .T. ) ;
#2197 = VECTOR ( 'NONE', #1666, 1000.000000000000000 ) ;
#2198 = ORIENTED_EDGE ( 'NONE', *, *, #5146, .T. ) ;
#2199 = ORIENTED_EDGE ( 'NONE', *, *, #7361, .T. ) ;
#2200 = ORIENTED_EDGE ( 'NONE', *, *, #5872, .F. ) ;
#2201 = CIRCLE ( 'NONE', #6502, 20.00000000000000000 ) ;
#2202 = DIRECTION ( 'NONE',  ( 0.000000000000000000, 0.000000000000000000, -1.000000000000000000 ) ) ;
#2203 = PLANE ( 'NONE',  #4385 ) ;
#2204 = CARTESIAN_POINT ( 'NONE',  ( 11.99999999999999822, 36.06787431788675491, 37.45808914225503372 ) ) ;
#2205 = DIRECTION ( 'NONE',  ( -1.000000000000000000, 0.000000000000000000, 0.000000000000000000 ) ) ;
#2206 = FACE_OUTER_BOUND ( 'NONE', #6150, .T. ) ;
#2207 = DIRECTION ( 'NONE',  ( -1.000000000000000000, -0.000000000000000000, -0.000000000000000000 ) ) ;
#2208 = VERTEX_POINT ( 'NONE', #370 ) ;
#2209 = ADVANCED_FACE ( 'NONE', ( #4072 ), #3312, .T. ) ;
#2210 = CARTESIAN_POINT ( 'NONE',  ( 11.99999999999999822, -22.82995208772717177, 41.06517797613654608 ) ) ;
#2211 = CARTESIAN_POINT ( 'NONE',  ( 11.99999999999999822, 22.82995208772688400, 41.06517797613670950 ) ) ;
#2212 = CARTESIAN_POINT ( 'NONE',  ( 11.99999999999999822, 11.46872990052443697, -45.56340405422432127 ) ) ;
#2213 = DIRECTION ( 'NONE',  ( -1.000000000000000000, -0.000000000000000000, 0.000000000000000000 ) ) ;
#2214 = DIRECTION ( 'NONE',  ( 0.000000000000000000, 0.000000000000000000, -1.000000000000000000 ) ) ;
#2215 = ORIENTED_EDGE ( 'NONE', *, *, #2624, .T. ) ;
#2216 = ORIENTED_EDGE ( 'NONE', *, *, #5361, .T. ) ;
#2217 = VERTEX_POINT ( 'NONE', #1200 ) ;
#2218 = EDGE_CURVE ( 'NONE', #2542, #5079, #2739, .T. ) ;
#2219 = CYLINDRICAL_SURFACE ( 'NONE', #449, 52.00000000000000000 ) ;
#2220 = CYLINDRICAL_SURFACE ( 'NONE', #4263, 20.00000000000000000 ) ;
#2221 = CARTESIAN_POINT ( 'NONE',  ( 12.00000000000000000, -42.03146605346771025, -22.12489237027361000 ) ) ;
#2222 = CARTESIAN_POINT ( 'NONE',  ( 0.000000000000000000, 0.000000000000000000, 0.000000000000000000 ) ) ;
#2223 = CIRCLE ( 'NONE', #6522, 20.00000000000000000 ) ;
#2224 = ORIENTED_EDGE ( 'NONE', *, *, #3879, .T. ) ;
#2225 = CARTESIAN_POINT ( 'NONE',  ( 50.00005079999999680, 0.000000000000000000, 35.00000000000000711 ) ) ;
#2226 = DIRECTION ( 'NONE',  ( -1.000000000000000000, 0.000000000000000000, 0.000000000000000000 ) ) ;
#2227 = CIRCLE ( 'NONE', #1967, 52.00000000000000000 ) ;
#2228 = UNCERTAINTY_MEASURE_WITH_UNIT (LENGTH_MEASURE( 1.000000000000000082E-05 ), #264, 'distance_accuracy_value', 'NONE');
#2229 = VERTEX_POINT ( 'NONE', #4038 ) ;
#2230 = ORIENTED_EDGE ( 'NONE', *, *, #4899, .T. ) ;
#2231 = ORIENTED_EDGE ( 'NONE', *, *, #3994, .T. ) ;
#2232 = AXIS2_PLACEMENT_3D ( 'NONE', #7480, #7398, #2856 ) ;
#2233 = EDGE_CURVE ( 'NONE', #58, #1737, #475, .T. ) ;
#2234 = EDGE_LOOP ( 'NONE', ( #7453, #5682, #7043, #4955 ) ) ;
#2235 = CYLINDRICAL_SURFACE ( 'NONE', #233, 52.00000000000000000 ) ;
#2236 = DIRECTION ( 'NONE',  ( 0.000000000000000000, 0.2486898871648552389, -0.9685831611286309650 ) ) ;
#2237 = DIRECTION ( 'NONE',  ( -1.000000000000000000, 0.000000000000000000, 0.000000000000000000 ) ) ;
#2238 = DIRECTION ( 'NONE',  ( -1.000000000000000000, -0.000000000000000000, -0.000000000000000000 ) ) ;
#2239 = CARTESIAN_POINT ( 'NONE',  ( 11.99999999999999822, 19.74581912682840823, 48.10512059033400334 ) ) ;
#2240 = DIRECTION ( 'NONE',  ( -0.000000000000000000, 0.000000000000000000, 1.000000000000000000 ) ) ;
#2241 = ORIENTED_EDGE ( 'NONE', *, *, #1496, .T. ) ;
#2242 = EDGE_CURVE ( 'NONE', #1038, #6567, #3141, .T. ) ;
#2243 = ADVANCED_FACE ( 'NONE', ( #2878 ), #6779, .T. ) ;
#2244 = DIRECTION ( 'NONE',  ( 1.000000000000000000, -0.000000000000000000, -0.000000000000000000 ) ) ;
#2245 = DIRECTION ( 'NONE',  ( -1.000000000000000000, 0.000000000000000000, 0.000000000000000000 ) ) ;
#2246 = ADVANCED_FACE ( 'NONE', ( #1159 ), #2701, .T. ) ;
#2247 = DIRECTION ( 'NONE',  ( -1.000000000000000000, -0.000000000000000000, 0.000000000000000000 ) ) ;
#2248 = DIRECTION ( 'NONE',  ( 0.000000000000000000, -0.9822872507286865007, -0.1873813145857356199 ) ) ;
#2249 = CARTESIAN_POINT ( 'NONE',  ( 11.99999999999999822, 0.000000000000000000, 0.000000000000000000 ) ) ;
#2250 = VERTEX_POINT ( 'NONE', #7039 ) ;
#2251 = ORIENTED_EDGE ( 'NONE', *, *, #7372, .F. ) ;
#2252 = EDGE_LOOP ( 'NONE', ( #2335, #3538, #2847, #81 ) ) ;
#2253 = DIRECTION ( 'NONE',  ( 1.000000000000000000, -0.000000000000000000, -0.000000000000000000 ) ) ;
#2254 = DIRECTION ( 'NONE',  ( -1.000000000000000000, -0.000000000000000000, -0.000000000000000000 ) ) ;
#2255 = CARTESIAN_POINT ( 'NONE',  ( 0.000000000000000000, -17.08890430202717781, -43.76671000081963570 ) ) ;
#2256 = DIRECTION ( 'NONE',  ( 0.000000000000000000, 0.9510565162951521989, 0.3090169943749515036 ) ) ;
#2257 = CIRCLE ( 'NONE', #787, 20.00000000000000711 ) ;
#2258 = ADVANCED_BREP_SHAPE_REPRESENTATION ( 'ELP-0030', ( #4028, #4277 ), #2320 ) ;
#2259 = AXIS2_PLACEMENT_3D ( 'NONE', #3088, #4911, #1339 ) ;
#2260 = VERTEX_POINT ( 'NONE', #3531 ) ;
#2261 = CARTESIAN_POINT ( 'NONE',  ( 11.99999999999999822, -44.61570720899084108, -14.73072383765614290 ) ) ;
#2262 = DIRECTION ( 'NONE',  ( -1.000000000000000000, -0.000000000000000000, -0.000000000000000000 ) ) ;
#2263 = ORIENTED_EDGE ( 'NONE', *, *, #5217, .T. ) ;
#2264 = ORIENTED_EDGE ( 'NONE', *, *, #5926, .T. ) ;
#2265 = ORIENTED_EDGE ( 'NONE', *, *, #1167, .F. ) ;
#2266 = AXIS2_PLACEMENT_3D ( 'NONE', #5357, #96, #2425 ) ;
#2267 = EDGE_CURVE ( 'NONE', #3462, #6134, #5882, .T. ) ;
#2268 = ORIENTED_EDGE ( 'NONE', *, *, #7426, .F. ) ;
#2269 = CARTESIAN_POINT ( 'NONE',  ( 12.00000000000000000, 34.03046037009254121, 33.13733193845818192 ) ) ;
#2270 = CARTESIAN_POINT ( 'NONE',  ( 12.00000000000000000, 0.000000000000000000, 0.000000000000000000 ) ) ;
#2271 = DIRECTION ( 'NONE',  ( 0.000000000000000000, 0.7705132427757861446, 0.6374239897486934092 ) ) ;
#2272 = DIRECTION ( 'NONE',  ( 1.000000000000000000, 0.000000000000000000, 0.000000000000000000 ) ) ;
#2273 = DIRECTION ( 'NONE',  ( 1.000000000000000000, 0.000000000000000000, 0.000000000000000000 ) ) ;
#2274 = CIRCLE ( 'NONE', #6568, 1.699999999999986189 ) ;
#2275 = ORIENTED_EDGE ( 'NONE', *, *, #4466, .F. ) ;
#2276 = AXIS2_PLACEMENT_3D ( 'NONE', #6322, #5891, #3466 ) ;
#2277 = VECTOR ( 'NONE', #910, 1000.000000000000000 ) ;
#2278 = AXIS2_PLACEMENT_3D ( 'NONE', #6846, #1619, #1578 ) ;
#2279 = EDGE_CURVE ( 'NONE', #5108, #2993, #5142, .T. ) ;
#2280 = LINE ( 'NONE', #3437, #1559 ) ;
#2281 = CARTESIAN_POINT ( 'NONE',  ( 0.000000000000000000, -51.85248208264515313, -3.914090171286722875 ) ) ;
#2282 = FACE_OUTER_BOUND ( 'NONE', #914, .T. ) ;
#2283 = DIRECTION ( 'NONE',  ( -1.000000000000000000, 0.000000000000000000, -0.000000000000000000 ) ) ;
#2284 = CYLINDRICAL_SURFACE ( 'NONE', #523, 20.00000000000000355 ) ;
#2285 = EDGE_CURVE ( 'NONE', #1543, #7402, #5742, .T. ) ;
#2286 = AXIS2_PLACEMENT_3D ( 'NONE', #63, #1285, #611 ) ;
#2287 = VERTEX_POINT ( 'NONE', #4247 ) ;
#2288 = EDGE_LOOP ( 'NONE', ( #2342, #2654, #5851, #6377 ) ) ;
#2289 = CIRCLE ( 'NONE', #7190, 52.00000000000000000 ) ;
#2290 = CARTESIAN_POINT ( 'NONE',  ( 12.00000000000000000, 0.000000000000000000, 0.000000000000000000 ) ) ;
#2291 = CARTESIAN_POINT ( 'NONE',  ( 11.99999999999999822, 0.000000000000000000, 0.000000000000000000 ) ) ;
#2292 = LINE ( 'NONE', #6491, #3593 ) ;
#2293 = FACE_OUTER_BOUND ( 'NONE', #331, .T. ) ;
#2294 = AXIS2_PLACEMENT_3D ( 'NONE', #988, #5018, #3188 ) ;
#2295 = AXIS2_PLACEMENT_3D ( 'NONE', #2990, #5854, #7082 ) ;
#2296 = AXIS2_PLACEMENT_3D ( 'NONE', #6559, #3592, #1374 ) ;
#2297 = ORIENTED_EDGE ( 'NONE', *, *, #517, .T. ) ;
#2298 = CIRCLE ( 'NONE', #3765, 20.00000000000000355 ) ;
#2299 = ADVANCED_FACE ( 'NONE', ( #6528 ), #5375, .T. ) ;
#2300 = DIRECTION ( 'NONE',  ( -1.000000000000000000, 0.000000000000000000, -0.000000000000000000 ) ) ;
#2301 = CYLINDRICAL_SURFACE ( 'NONE', #2059, 52.00000000000000000 ) ;
#2302 = EDGE_CURVE ( 'NONE', #4431, #6863, #94, .T. ) ;
#2303 = FACE_OUTER_BOUND ( 'NONE', #231, .T. ) ;
#2304 = VERTEX_POINT ( 'NONE', #3702 ) ;
#2305 = EDGE_LOOP ( 'NONE', ( #698, #5565, #1773, #916 ) ) ;
#2306 = CIRCLE ( 'NONE', #5147, 20.00000000000000355 ) ;
#2307 = CIRCLE ( 'NONE', #607, 20.00000000000000355 ) ;
#2308 = VERTEX_POINT ( 'NONE', #692 ) ;
#2309 = ADVANCED_FACE ( 'NONE', ( #1267 ), #5914, .T. ) ;
#2310 = ORIENTED_EDGE ( 'NONE', *, *, #1483, .F. ) ;
#2311 = DIRECTION ( 'NONE',  ( 0.000000000000000000, 0.000000000000000000, 1.000000000000000000 ) ) ;
#2313 = EDGE_CURVE ( 'NONE', #6852, #6973, #4776, .T. ) ;
#2312 = DIRECTION ( 'NONE',  ( -1.000000000000000000, 0.000000000000000000, -0.000000000000000000 ) ) ;
#2314 = AXIS2_PLACEMENT_3D ( 'NONE', #5260, #2326, #1756 ) ;
#2315 = AXIS2_PLACEMENT_3D ( 'NONE', #1020, #4630, #443 ) ;
#2316 = DIRECTION ( 'NONE',  ( 0.000000000000000000, 0.000000000000000000, -1.000000000000000000 ) ) ;
#2317 = CARTESIAN_POINT ( 'NONE',  ( 0.000000000000000000, 2.081899558550470697E-16, 42.69999999999998153 ) ) ;
#2318 = CARTESIAN_POINT ( 'NONE',  ( 50.00005079999999680, 4.286263797015737285E-15, -35.00000000000000711 ) ) ;
#2319 = ORIENTED_EDGE ( 'NONE', *, *, #1076, .T. ) ;
#2321 = VERTEX_POINT ( 'NONE', #763 ) ;
#2320 =( GEOMETRIC_REPRESENTATION_CONTEXT ( 3 ) GLOBAL_UNCERTAINTY_ASSIGNED_CONTEXT ( ( #7469 ) ) GLOBAL_UNIT_ASSIGNED_CONTEXT ( ( #954, #6830, #4529 ) ) REPRESENTATION_CONTEXT ( 'NONE', 'WORKASPACE' ) );
#2322 = CARTESIAN_POINT ( 'NONE',  ( 0.000000000000000000, 0.000000000000000000, 0.000000000000000000 ) ) ;
#2323 = DIRECTION ( 'NONE',  ( 0.000000000000000000, 0.4817536741017102164, 0.8763066800438664705 ) ) ;
#2324 = CARTESIAN_POINT ( 'NONE',  ( 11.99999999999999822, 42.60732521687571506, 19.80331771201672098 ) ) ;
#2325 = CARTESIAN_POINT ( 'NONE',  ( 12.00000000000000000, 34.03046037009303149, -33.13733193845768454 ) ) ;
#2326 = DIRECTION ( 'NONE',  ( -1.000000000000000000, 0.000000000000000000, 0.000000000000000000 ) ) ;
#2327 = FACE_OUTER_BOUND ( 'NONE', #4243, .T. ) ;
#2328 = VERTEX_POINT ( 'NONE', #1236 ) ;
#2329 = ORIENTED_EDGE ( 'NONE', *, *, #7040, .T. ) ;
#2330 = EDGE_CURVE ( 'NONE', #6610, #7304, #5385, .T. ) ;
#2331 = DIRECTION ( 'NONE',  ( 0.000000000000000000, -0.9822872507286903865, 0.1873813145857150531 ) ) ;
#2332 = DIRECTION ( 'NONE',  ( 0.000000000000000000, 0.000000000000000000, -1.000000000000000000 ) ) ;
#2333 = LINE ( 'NONE', #580, #670 ) ;
#2334 = CARTESIAN_POINT ( 'NONE',  ( 12.00000000000000000, 0.000000000000000000, 0.000000000000000000 ) ) ;
#2335 = ORIENTED_EDGE ( 'NONE', *, *, #6615, .F. ) ;
#2336 = CARTESIAN_POINT ( 'NONE',  ( 11.99999999999999822, 0.000000000000000000, 0.000000000000000000 ) ) ;
#2337 = EDGE_CURVE ( 'NONE', #5452, #6620, #2047, .T. ) ;
#2338 = DIRECTION ( 'NONE',  ( -1.000000000000000000, 0.000000000000000000, 0.000000000000000000 ) ) ;
#2339 = ORIENTED_EDGE ( 'NONE', *, *, #633, .T. ) ;
#2340 = ORIENTED_EDGE ( 'NONE', *, *, #3343, .F. ) ;
#2341 = VECTOR ( 'NONE', #2470, 1000.000000000000000 ) ;
#2342 = ORIENTED_EDGE ( 'NONE', *, *, #6472, .F. ) ;
#2343 = ORIENTED_EDGE ( 'NONE', *, *, #1729, .F. ) ;
#2344 = CIRCLE ( 'NONE', #1015, 47.49900000000000233 ) ;
#2345 = FACE_OUTER_BOUND ( 'NONE', #1553, .T. ) ;
#2346 = LINE ( 'NONE', #53, #3901 ) ;
#2347 = CYLINDRICAL_SURFACE ( 'NONE', #2295, 20.00000000000000711 ) ;
#2348 = DIRECTION ( 'NONE',  ( 0.000000000000000000, 0.000000000000000000, 1.000000000000000000 ) ) ;
#2349 = PLANE ( 'NONE',  #4276 ) ;
#2350 = ORIENTED_EDGE ( 'NONE', *, *, #3585, .T. ) ;
#2351 = AXIS2_PLACEMENT_3D ( 'NONE', #4393, #861, #3189 ) ;
#2352 = VERTEX_POINT ( 'NONE', #2981 ) ;
#2353 = DIRECTION ( 'NONE',  ( 0.000000000000000000, 0.000000000000000000, 1.000000000000000000 ) ) ;
#2354 = CARTESIAN_POINT ( 'NONE',  ( 11.99999999999999822, 36.05989434073612898, 30.12041790338631841 ) ) ;
#2355 = CARTESIAN_POINT ( 'NONE',  ( 11.99999999999999822, 0.000000000000000000, 0.000000000000000000 ) ) ;
#2356 = DIRECTION ( 'NONE',  ( 0.000000000000000000, 0.000000000000000000, 1.000000000000000000 ) ) ;
#2357 = DIRECTION ( 'NONE',  ( 1.000000000000000000, -0.000000000000000000, -0.000000000000000000 ) ) ;
#2358 = DIRECTION ( 'NONE',  ( 0.000000000000000000, -0.6845471059286792892, -0.7289686274214203232 ) ) ;
#2359 = ORIENTED_EDGE ( 'NONE', *, *, #2554, .T. ) ;
#2360 = CARTESIAN_POINT ( 'NONE',  ( 11.99999999999999822, 32.00046193115196758, -34.40241257139653186 ) ) ;
#2361 = FACE_OUTER_BOUND ( 'NONE', #3786, .T. ) ;
#2362 = LINE ( 'NONE', #4102, #5933 ) ;
#2363 = CARTESIAN_POINT ( 'NONE',  ( 0.000000000000000000, 0.000000000000000000, 0.000000000000000000 ) ) ;
#2364 = ADVANCED_FACE ( 'NONE', ( #3052 ), #3629, .F. ) ;
#2365 = EDGE_CURVE ( 'NONE', #278, #1543, #5011, .T. ) ;
#2366 = ORIENTED_EDGE ( 'NONE', *, *, #1982, .T. ) ;
#2367 = ADVANCED_FACE ( 'NONE', ( #2514 ), #2403, .T. ) ;
#2368 = DIRECTION ( 'NONE',  ( -1.000000000000000000, -0.000000000000000000, -0.000000000000000000 ) ) ;
#2369 = FACE_OUTER_BOUND ( 'NONE', #6465, .T. ) ;
#2370 = EDGE_CURVE ( 'NONE', #1248, #6428, #3564, .T. ) ;
#2371 = DIRECTION ( 'NONE',  ( 0.000000000000000000, 0.000000000000000000, 1.000000000000000000 ) ) ;
#2372 = EDGE_CURVE ( 'NONE', #3171, #7471, #1918, .T. ) ;
#2373 = EDGE_CURVE ( 'NONE', #3330, #7244, #7071, .T. ) ;
#2374 = ORIENTED_EDGE ( 'NONE', *, *, #4459, .F. ) ;
#2375 = VERTEX_POINT ( 'NONE', #1799 ) ;
#2376 = VECTOR ( 'NONE', #4581, 1000.000000000000000 ) ;
#2377 = VERTEX_POINT ( 'NONE', #4799 ) ;
#2378 = VERTEX_POINT ( 'NONE', #4149 ) ;
#2379 = CARTESIAN_POINT ( 'NONE',  ( 11.99999999999999822, -39.55064067543045780, -25.36340625197401266 ) ) ;
#2380 = FACE_OUTER_BOUND ( 'NONE', #561, .T. ) ;
#2381 = CARTESIAN_POINT ( 'NONE',  ( 11.99999999999999822, -42.60732521687585006, 19.80331771201643321 ) ) ;
#2382 = CARTESIAN_POINT ( 'NONE',  ( 0.000000000000000000, -36.05989434073634214, 30.12041790338605551 ) ) ;
#2383 = VERTEX_POINT ( 'NONE', #6499 ) ;
#2384 = CIRCLE ( 'NONE', #7297, 20.00000000000000711 ) ;
#2385 = EDGE_LOOP ( 'NONE', ( #405, #3214, #4925, #4833 ) ) ;
#2386 = CARTESIAN_POINT ( 'NONE',  ( 15.00000000000000000, -41.00000000000000000, 0.000000000000000000 ) ) ;
#2387 = DIRECTION ( 'NONE',  ( 0.000000000000000000, 0.000000000000000000, 1.000000000000000000 ) ) ;
#2388 = VECTOR ( 'NONE', #2596, 1000.000000000000000 ) ;
#2389 = DIRECTION ( 'NONE',  ( 0.000000000000000000, 0.000000000000000000, 1.000000000000000000 ) ) ;
#2390 = CARTESIAN_POINT ( 'NONE',  ( 15.00000000000000178, -41.00000000000000000, 1.699999999999986411 ) ) ;
#2391 = CARTESIAN_POINT ( 'NONE',  ( 11.99999999999999822, 12.30077720129169805, -50.52416135122069107 ) ) ;
#2392 = EDGE_CURVE ( 'NONE', #4803, #424, #5973, .T. ) ;
#2393 = VECTOR ( 'NONE', #2619, 1000.000000000000000 ) ;
#2394 = CIRCLE ( 'NONE', #2893, 52.00000000000000000 ) ;
#2395 = EDGE_CURVE ( 'NONE', #6130, #5713, #6238, .T. ) ;
#2396 = DIRECTION ( 'NONE',  ( 0.000000000000000000, 0.000000000000000000, -1.000000000000000000 ) ) ;
#2397 = AXIS2_PLACEMENT_3D ( 'NONE', #3553, #5899, #2389 ) ;
#2398 = DIRECTION ( 'NONE',  ( 0.000000000000000000, 0.000000000000000000, 1.000000000000000000 ) ) ;
#2399 = DIRECTION ( 'NONE',  ( -1.000000000000000000, -0.000000000000000000, 0.000000000000000000 ) ) ;
#2400 = CARTESIAN_POINT ( 'NONE',  ( 0.000000000000000000, 44.47301969247468634, -16.68249143361861542 ) ) ;
#2401 = AXIS2_PLACEMENT_3D ( 'NONE', #3968, #2238, #4522 ) ;
#2402 = ORIENTED_EDGE ( 'NONE', *, *, #2867, .F. ) ;
#2403 = CYLINDRICAL_SURFACE ( 'NONE', #2668, 52.00000000000000000 ) ;
#2404 = CARTESIAN_POINT ( 'NONE',  ( 0.000000000000000000, 0.000000000000000000, -41.00000000000000000 ) ) ;
#2405 = AXIS2_PLACEMENT_3D ( 'NONE', #2116, #5491, #3755 ) ;
#2406 = CIRCLE ( 'NONE', #91, 20.00000000000000000 ) ;
#2407 = ORIENTED_EDGE ( 'NONE', *, *, #30, .T. ) ;
#2408 = ORIENTED_EDGE ( 'NONE', *, *, #4027, .T. ) ;
#2409 = AXIS2_PLACEMENT_3D ( 'NONE', #6818, #7573, #6244 ) ;
#2410 = EDGE_LOOP ( 'NONE', ( #7576, #897, #2987, #708 ) ) ;
#2411 = CIRCLE ( 'NONE', #4525, 20.00000000000000711 ) ;
#2412 = AXIS2_PLACEMENT_3D ( 'NONE', #4698, #3927, #6276 ) ;
#2413 = VERTEX_POINT ( 'NONE', #4829 ) ;
#2414 = ADVANCED_FACE ( 'NONE', ( #7170 ), #4950, .T. ) ;
#2415 = DIRECTION ( 'NONE',  ( 0.000000000000000000, 0.000000000000000000, -1.000000000000000000 ) ) ;
#2416 = DIRECTION ( 'NONE',  ( -1.000000000000000000, 0.000000000000000000, 0.000000000000000000 ) ) ;
#2417 = CARTESIAN_POINT ( 'NONE',  ( 11.99999999999999822, 7.162210897276449550, -51.50439529848820541 ) ) ;
#2418 = AXIS2_PLACEMENT_3D ( 'NONE', #7246, #4995, #2726 ) ;
#2419 = CIRCLE ( 'NONE', #4392, 20.00000000000000355 ) ;
#2420 = EDGE_LOOP ( 'NONE', ( #6813, #2101, #658, #7344 ) ) ;
#2421 = ORIENTED_EDGE ( 'NONE', *, *, #2498, .F. ) ;
#2422 = AXIS2_PLACEMENT_3D ( 'NONE', #1331, #1966, #5843 ) ;
#2423 = AXIS2_PLACEMENT_3D ( 'NONE', #6317, #2854, #2311 ) ;
#2424 = PLANE ( 'NONE',  #2019 ) ;
#2425 = DIRECTION ( 'NONE',  ( 0.000000000000000000, 0.000000000000000000, 1.000000000000000000 ) ) ;
#2426 = CARTESIAN_POINT ( 'NONE',  ( 6.000000000000000000, 44.25018368420781201, -27.31155879685134735 ) ) ;
#2427 = CYLINDRICAL_SURFACE ( 'NONE', #3002, 20.00000000000000355 ) ;
#2428 = LINE ( 'NONE', #4200, #4041 ) ;
#2429 = CIRCLE ( 'NONE', #3422, 52.00000000000000000 ) ;
#2430 = AXIS2_PLACEMENT_3D ( 'NONE', #2084, #3486, #6457 ) ;
#2431 = DIRECTION ( 'NONE',  ( 0.000000000000000000, 0.000000000000000000, 1.000000000000000000 ) ) ;
#2432 = DIRECTION ( 'NONE',  ( 1.000000000000000000, 0.000000000000000000, 0.000000000000000000 ) ) ;
#2433 = DIRECTION ( 'NONE',  ( -1.000000000000000000, 0.000000000000000000, 0.000000000000000000 ) ) ;
#2434 = CARTESIAN_POINT ( 'NONE',  ( 11.99999999999999822, 0.000000000000000000, 0.000000000000000000 ) ) ;
#2435 = CARTESIAN_POINT ( 'NONE',  ( 12.00000000000000000, 47.00885577955411065, 6.806061952192474784 ) ) ;
#2436 = ORIENTED_EDGE ( 'NONE', *, *, #6437, .F. ) ;
#2437 = EDGE_CURVE ( 'NONE', #6909, #766, #3900, .T. ) ;
#2438 = VERTEX_POINT ( 'NONE', #3920 ) ;
#2439 = DIRECTION ( 'NONE',  ( 0.000000000000000000, 0.000000000000000000, 1.000000000000000000 ) ) ;
#2440 = DIRECTION ( 'NONE',  ( 0.000000000000000000, 0.000000000000000000, -1.000000000000000000 ) ) ;
#2441 = ORIENTED_EDGE ( 'NONE', *, *, #2758, .T. ) ;
#2442 = VERTEX_POINT ( 'NONE', #841 ) ;
#2443 = ORIENTED_EDGE ( 'NONE', *, *, #3306, .F. ) ;
#2444 = ORIENTED_EDGE ( 'NONE', *, *, #5639, .T. ) ;
#2445 = CARTESIAN_POINT ( 'NONE',  ( 11.99999999999999822, 27.79676263918241830, -37.88001506494738635 ) ) ;
#2446 = CARTESIAN_POINT ( 'NONE',  ( 12.00000000000000000, 0.000000000000000000, 0.000000000000000000 ) ) ;
#2447 = DIRECTION ( 'NONE',  ( -1.000000000000000000, 0.000000000000000000, 0.000000000000000000 ) ) ;
#2448 = AXIS2_PLACEMENT_3D ( 'NONE', #7133, #6523, #1295 ) ;
#2449 = EDGE_LOOP ( 'NONE', ( #2942, #5726, #3607, #3118 ) ) ;
#2450 = ORIENTED_EDGE ( 'NONE', *, *, #6805, .T. ) ;
#2451 = EDGE_CURVE ( 'NONE', #7374, #1492, #2058, .T. ) ;
#2452 = EDGE_CURVE ( 'NONE', #1839, #5683, #4527, .T. ) ;
#2453 = EDGE_CURVE ( 'NONE', #3031, #4827, #2306, .T. ) ;
#2454 = DIRECTION ( 'NONE',  ( 0.000000000000000000, -0.4817536741017036661, -0.8763066800438700232 ) ) ;
#2455 = AXIS2_PLACEMENT_3D ( 'NONE', #7561, #5186, #6882 ) ;
#2456 = LINE ( 'NONE', #4816, #7307 ) ;
#2457 = LINE ( 'NONE', #4196, #5446 ) ;
#2458 = DIRECTION ( 'NONE',  ( -1.000000000000000000, 0.000000000000000000, -0.000000000000000000 ) ) ;
#2459 = CARTESIAN_POINT ( 'NONE',  ( 11.99999999999999822, -46.11014828289836487, -9.022736828081212579 ) ) ;
#2460 = CARTESIAN_POINT ( 'NONE',  ( 12.00000000000000000, 0.000000000000000000, 0.000000000000000000 ) ) ;
#2461 = ADVANCED_FACE ( 'NONE', ( #2597 ), #5520, .T. ) ;
#2462 = AXIS2_PLACEMENT_3D ( 'NONE', #7517, #2237, #1837 ) ;
#2463 = EDGE_CURVE ( 'NONE', #3086, #2753, #1579, .T. ) ;
#2464 = EDGE_CURVE ( 'NONE', #6887, #4812, #6600, .T. ) ;
#2465 = CIRCLE ( 'NONE', #4457, 52.00000000000000000 ) ;
#2466 = DIRECTION ( 'NONE',  ( -1.000000000000000000, -0.000000000000000000, -0.000000000000000000 ) ) ;
#2467 = CARTESIAN_POINT ( 'NONE',  ( 12.00000000000000000, -3.840921266749489860, -47.34345070675173872 ) ) ;
#2468 = DIRECTION ( 'NONE',  ( -1.000000000000000000, -0.000000000000000000, 0.000000000000000000 ) ) ;
#2469 = CARTESIAN_POINT ( 'NONE',  ( 11.99999999999999822, 51.85248208264523839, -3.914090171285631747 ) ) ;
#2470 = DIRECTION ( 'NONE',  ( 1.000000000000000000, -0.000000000000000000, -0.000000000000000000 ) ) ;
#2471 = ORIENTED_EDGE ( 'NONE', *, *, #3832, .F. ) ;
#2472 = ORIENTED_EDGE ( 'NONE', *, *, #5382, .T. ) ;
#2473 = DIRECTION ( 'NONE',  ( 0.000000000000000000, 0.000000000000000000, 1.000000000000000000 ) ) ;
#2474 = LINE ( 'NONE', #1460, #303 ) ;
#2475 = CARTESIAN_POINT ( 'NONE',  ( 0.000000000000000000, 43.83938735307267365, 18.28286404005815413 ) ) ;
#2476 = ADVANCED_FACE ( 'NONE', ( #880 ), #5478, .T. ) ;
#2477 = EDGE_LOOP ( 'NONE', ( #5718, #802, #6872, #7411 ) ) ;
#2478 = EDGE_LOOP ( 'NONE', ( #4976, #6760, #6192, #3215 ) ) ;
#2479 = ORIENTED_EDGE ( 'NONE', *, *, #4399, .F. ) ;
#2480 = EDGE_LOOP ( 'NONE', ( #3426, #2923, #2957, #2959 ) ) ;
#2481 = EDGE_CURVE ( 'NONE', #2250, #6973, #5610, .T. ) ;
#2482 = CARTESIAN_POINT ( 'NONE',  ( 0.000000000000000000, -41.00000000000000000, 0.000000000000000000 ) ) ;
#2483 = DIRECTION ( 'NONE',  ( 0.000000000000000000, 0.000000000000000000, 1.000000000000000000 ) ) ;
#2484 = CARTESIAN_POINT ( 'NONE',  ( 12.00000000000000000, -44.47301969247432396, -16.68249143361957465 ) ) ;
#2485 = ORIENTED_EDGE ( 'NONE', *, *, #726, .F. ) ;
#2486 = ORIENTED_EDGE ( 'NONE', *, *, #6625, .F. ) ;
#2487 = AXIS2_PLACEMENT_3D ( 'NONE', #6521, #7001, #2949 ) ;
#2488 = ADVANCED_FACE ( 'NONE', ( #1459 ), #4910, .T. ) ;
#2489 = ORIENTED_EDGE ( 'NONE', *, *, #309, .F. ) ;
#2490 = CIRCLE ( 'NONE', #4216, 20.00000000000000355 ) ;
#2491 = CARTESIAN_POINT ( 'NONE',  ( 0.000000000000000000, 26.17370628620655282, 39.63700417846171575 ) ) ;
#2492 = DIRECTION ( 'NONE',  ( 0.000000000000000000, -6.938893903907226800E-15, 1.000000000000000000 ) ) ;
#2493 = CARTESIAN_POINT ( 'NONE',  ( 11.99999999999999822, 0.000000000000000000, 0.000000000000000000 ) ) ;
#2494 = FACE_OUTER_BOUND ( 'NONE', #3094, .T. ) ;
#2495 = CARTESIAN_POINT ( 'NONE',  ( 11.99999999999999822, -51.93417535146739539, -2.615612846549739690 ) ) ;
#2496 = VECTOR ( 'NONE', #4893, 1000.000000000000000 ) ;
#2497 = VERTEX_POINT ( 'NONE', #4462 ) ;
#2498 = EDGE_CURVE ( 'NONE', #5514, #3020, #392, .T. ) ;
#2499 = EDGE_CURVE ( 'NONE', #2722, #1684, #5485, .T. ) ;
#2500 = VECTOR ( 'NONE', #1251, 1000.000000000000000 ) ;
#2501 = EDGE_CURVE ( 'NONE', #2553, #147, #3762, .T. ) ;
#2502 = CYLINDRICAL_SURFACE ( 'NONE', #4237, 20.00000000000000355 ) ;
#2503 = AXIS2_PLACEMENT_3D ( 'NONE', #329, #4933, #6251 ) ;
#2504 = DIRECTION ( 'NONE',  ( -1.000000000000000000, 0.000000000000000000, 0.000000000000000000 ) ) ;
#2505 = CYLINDRICAL_SURFACE ( 'NONE', #6930, 20.00000000000000355 ) ;
#2506 = CARTESIAN_POINT ( 'NONE',  ( 0.000000000000000000, 41.00000000000000000, 0.000000000000000000 ) ) ;
#2507 = DIRECTION ( 'NONE',  ( -1.000000000000000000, 0.000000000000000000, 0.000000000000000000 ) ) ;
#2508 = ORIENTED_EDGE ( 'NONE', *, *, #3055, .T. ) ;
#2509 = CIRCLE ( 'NONE', #5723, 20.00000000000000711 ) ;
#2510 = CIRCLE ( 'NONE', #6956, 20.00000000000000711 ) ;
#2511 = AXIS2_PLACEMENT_3D ( 'NONE', #2901, #4531, #4642 ) ;
#2512 = ORIENTED_EDGE ( 'NONE', *, *, #3716, .F. ) ;
#2513 = AXIS2_PLACEMENT_3D ( 'NONE', #7556, #2169, #4530 ) ;
#2514 = FACE_OUTER_BOUND ( 'NONE', #596, .T. ) ;
#2515 = DIRECTION ( 'NONE',  ( 1.000000000000000000, -0.000000000000000000, -0.000000000000000000 ) ) ;
#2516 = DIRECTION ( 'NONE',  ( -0.000000000000000000, 0.000000000000000000, 1.000000000000000000 ) ) ;
#2517 = VERTEX_POINT ( 'NONE', #6675 ) ;
#2518 = VERTEX_POINT ( 'NONE', #1410 ) ;
#2519 = AXIS2_PLACEMENT_3D ( 'NONE', #1994, #4346, #3190 ) ;
#2520 = EDGE_LOOP ( 'NONE', ( #1544, #5473, #4416, #7364 ) ) ;
#2521 = ADVANCED_FACE ( 'NONE', ( #4420 ), #3249, .F. ) ;
#2522 = ORIENTED_EDGE ( 'NONE', *, *, #7441, .F. ) ;
#2523 = VECTOR ( 'NONE', #1591, 1000.000000000000000 ) ;
#2524 = EDGE_CURVE ( 'NONE', #1355, #3579, #3413, .T. ) ;
#2525 = AXIS2_PLACEMENT_3D ( 'NONE', #4223, #5007, #195 ) ;
#2526 = LINE ( 'NONE', #3136, #484 ) ;
#2527 = CARTESIAN_POINT ( 'NONE',  ( 11.99999999999999822, 0.000000000000000000, 0.000000000000000000 ) ) ;
#2528 = CARTESIAN_POINT ( 'NONE',  ( 6.000000000000000000, 25.61928775981042605, 45.25098998563488095 ) ) ;
#2529 = ORIENTED_EDGE ( 'NONE', *, *, #2708, .T. ) ;
#2530 = ORIENTED_EDGE ( 'NONE', *, *, #1349, .T. ) ;
#2531 = AXIS2_PLACEMENT_3D ( 'NONE', #3272, #2703, #2123 ) ;
#2532 = AXIS2_PLACEMENT_3D ( 'NONE', #3345, #1161, #7541 ) ;
#2533 = ADVANCED_FACE ( 'NONE', ( #2686 ), #5042, .T. ) ;
#2534 = ORIENTED_EDGE ( 'NONE', *, *, #7426, .T. ) ;
#2535 = EDGE_CURVE ( 'NONE', #1348, #3899, #7209, .T. ) ;
#2536 = DIRECTION ( 'NONE',  ( 0.000000000000000000, 0.000000000000000000, 1.000000000000000000 ) ) ;
#2537 = CIRCLE ( 'NONE', #1703, 35.00000000000000711 ) ;
#2538 = LINE ( 'NONE', #3686, #67 ) ;
#2539 = DIRECTION ( 'NONE',  ( -1.000000000000000000, -0.000000000000000000, -0.000000000000000000 ) ) ;
#2540 = DIRECTION ( 'NONE',  ( 0.000000000000000000, -0.5877852522924802425, 0.8090169943749421222 ) ) ;
#2541 = DIRECTION ( 'NONE',  ( 1.000000000000000000, 0.000000000000000000, -0.000000000000000000 ) ) ;
#2542 = VERTEX_POINT ( 'NONE', #4613 ) ;
#2543 = AXIS2_PLACEMENT_3D ( 'NONE', #7202, #6593, #4101 ) ;
#2544 = AXIS2_PLACEMENT_3D ( 'NONE', #5199, #6390, #1733 ) ;
#2545 = CARTESIAN_POINT ( 'NONE',  ( 0.000000000000000000, 47.00885577955421013, -6.806061952191806874 ) ) ;
#2546 = DIRECTION ( 'NONE',  ( 0.000000000000000000, 0.000000000000000000, 1.000000000000000000 ) ) ;
#2547 = LINE ( 'NONE', #1889, #4602 ) ;
#2548 = DIRECTION ( 'NONE',  ( -1.000000000000000000, 0.000000000000000000, -0.000000000000000000 ) ) ;
#2549 = LINE ( 'NONE', #3697, #4069 ) ;
#2550 = CIRCLE ( 'NONE', #6497, 47.49900000000001654 ) ;
#2551 = CIRCLE ( 'NONE', #6256, 20.00000000000000355 ) ;
#2552 = ORIENTED_EDGE ( 'NONE', *, *, #3110, .F. ) ;
#2553 = VERTEX_POINT ( 'NONE', #1079 ) ;
#2554 = EDGE_CURVE ( 'NONE', #6313, #5079, #1815, .T. ) ;
#2555 = AXIS2_PLACEMENT_3D ( 'NONE', #415, #1607, #1522 ) ;
#2556 = ORIENTED_EDGE ( 'NONE', *, *, #1496, .F. ) ;
#2557 = DIRECTION ( 'NONE',  ( -1.000000000000000000, -0.000000000000000000, -0.000000000000000000 ) ) ;
#2558 = DIRECTION ( 'NONE',  ( 0.000000000000000000, 0.000000000000000000, 1.000000000000000000 ) ) ;
#2559 = DIRECTION ( 'NONE',  ( -1.000000000000000000, 0.000000000000000000, -0.000000000000000000 ) ) ;
#2560 = LINE ( 'NONE', #6678, #1147 ) ;
#2561 = EDGE_LOOP ( 'NONE', ( #3770, #1218, #4418, #5451 ) ) ;
#2562 = ORIENTED_EDGE ( 'NONE', *, *, #6477, .T. ) ;
#2563 = EDGE_CURVE ( 'NONE', #5221, #5001, #1092, .T. ) ;
#2564 = ORIENTED_EDGE ( 'NONE', *, *, #4745, .T. ) ;
#2565 = EDGE_CURVE ( 'NONE', #6402, #3597, #3954, .T. ) ;
#2566 = EDGE_LOOP ( 'NONE', ( #4834, #5058, #6645, #3950 ) ) ;
#2567 = DIRECTION ( 'NONE',  ( 0.000000000000000000, 0.000000000000000000, 1.000000000000000000 ) ) ;
#2568 = FACE_OUTER_BOUND ( 'NONE', #6653, .T. ) ;
#2569 = LINE ( 'NONE', #363, #2523 ) ;
#2570 = VERTEX_POINT ( 'NONE', #7569 ) ;
#2571 = VERTEX_POINT ( 'NONE', #5720 ) ;
#2572 = ORIENTED_EDGE ( 'NONE', *, *, #3014, .F. ) ;
#2573 = DIRECTION ( 'NONE',  ( 0.000000000000000000, 0.000000000000000000, -1.000000000000000000 ) ) ;
#2574 = DIRECTION ( 'NONE',  ( 0.000000000000000000, 0.000000000000000000, -1.000000000000000000 ) ) ;
#2575 = FACE_OUTER_BOUND ( 'NONE', #3459, .T. ) ;
#2576 = CARTESIAN_POINT ( 'NONE',  ( 11.99999999999999822, 6.109652351741795329, 46.58570277113510372 ) ) ;
#2577 = CARTESIAN_POINT ( 'NONE',  ( 5.999999999999999112, 31.08872492059956372, 41.68322423723112280 ) ) ;
#2578 = CARTESIAN_POINT ( 'NONE',  ( 15.00000000000000000, 41.00000000000000000, 1.699999999999975753 ) ) ;
#2579 = CYLINDRICAL_SURFACE ( 'NONE', #3043, 20.00000000000000355 ) ;
#2580 = EDGE_LOOP ( 'NONE', ( #1129, #1466, #207, #6332 ) ) ;
#2581 = ADVANCED_FACE ( 'NONE', ( #467 ), #5161, .F. ) ;
#2582 = AXIS2_PLACEMENT_3D ( 'NONE', #267, #4952, #1412 ) ;
#2583 = ORIENTED_EDGE ( 'NONE', *, *, #6290, .T. ) ;
#2584 = FACE_OUTER_BOUND ( 'NONE', #4423, .T. ) ;
#2585 = DIRECTION ( 'NONE',  ( -1.000000000000000000, 0.000000000000000000, 0.000000000000000000 ) ) ;
#2586 = CARTESIAN_POINT ( 'NONE',  ( 11.99999999999999822, 11.46872990052380459, 45.56340405422447049 ) ) ;
#2587 = DIRECTION ( 'NONE',  ( 1.000000000000000000, 0.000000000000000000, 0.000000000000000000 ) ) ;
#2589 = AXIS2_PLACEMENT_3D ( 'NONE', #5297, #1183, #2358 ) ;
#2588 = FACE_OUTER_BOUND ( 'NONE', #3218, .T. ) ;
#2590 = CARTESIAN_POINT ( 'NONE',  ( 0.000000000000000000, 30.03615769709794847, -42.44795908868957923 ) ) ;
#2591 = ORIENTED_EDGE ( 'NONE', *, *, #5674, .T. ) ;
#2592 = ORIENTED_EDGE ( 'NONE', *, *, #6414, .F. ) ;
#2593 = CIRCLE ( 'NONE', #2967, 47.49900000000000233 ) ;
#2594 = ORIENTED_EDGE ( 'NONE', *, *, #931, .T. ) ;
#2595 = ORIENTED_EDGE ( 'NONE', *, *, #5768, .T. ) ;
#2596 = DIRECTION ( 'NONE',  ( -1.000000000000000000, -0.000000000000000000, 0.000000000000000000 ) ) ;
#2597 = FACE_OUTER_BOUND ( 'NONE', #2410, .T. ) ;
#2598 = CARTESIAN_POINT ( 'NONE',  ( 11.99999999999999822, 44.61570720899074161, 14.73072383765645377 ) ) ;
#2599 = EDGE_CURVE ( 'NONE', #4981, #2955, #836, .T. ) ;
#2600 = FACE_OUTER_BOUND ( 'NONE', #2305, .T. ) ;
#2601 = EDGE_CURVE ( 'NONE', #6953, #2383, #219, .T. ) ;
#2602 = ORIENTED_EDGE ( 'NONE', *, *, #3257, .F. ) ;
#2603 = ORIENTED_EDGE ( 'NONE', *, *, #5775, .T. ) ;
#2604 = ORIENTED_EDGE ( 'NONE', *, *, #4977, .T. ) ;
#2605 = ADVANCED_FACE ( 'NONE', ( #7000 ), #2220, .T. ) ;
#2606 = ORIENTED_EDGE ( 'NONE', *, *, #3666, .F. ) ;
#2607 = EDGE_CURVE ( 'NONE', #2993, #6307, #5373, .T. ) ;
#2608 = DIRECTION ( 'NONE',  ( 0.000000000000000000, 0.000000000000000000, -1.000000000000000000 ) ) ;
#2609 = CYLINDRICAL_SURFACE ( 'NONE', #1802, 20.00000000000000355 ) ;
#2610 = CARTESIAN_POINT ( 'NONE',  ( 11.99999999999999822, 36.05989434073656241, -30.12041790338580327 ) ) ;
#2611 = VERTEX_POINT ( 'NONE', #2185 ) ;
#2612 = ORIENTED_EDGE ( 'NONE', *, *, #5698, .T. ) ;
#2613 = ORIENTED_EDGE ( 'NONE', *, *, #6029, .F. ) ;
#2614 = DIRECTION ( 'NONE',  ( -1.000000000000000000, -0.000000000000000000, -0.000000000000000000 ) ) ;
#2615 = DIRECTION ( 'NONE',  ( 0.000000000000000000, 0.000000000000000000, 1.000000000000000000 ) ) ;
#2616 = CARTESIAN_POINT ( 'NONE',  ( 11.99999999999999822, -47.32430374665946715, 21.55018039121510753 ) ) ;
#2617 = CARTESIAN_POINT ( 'NONE',  ( 0.000000000000000000, -51.19683565102438649, -9.104066087304016008 ) ) ;
#2618 = CARTESIAN_POINT ( 'NONE',  ( 11.99999999999999822, 35.11945359308165848, -38.34871548465977753 ) ) ;
#2619 = DIRECTION ( 'NONE',  ( -1.000000000000000000, 0.000000000000000000, 0.000000000000000000 ) ) ;
#2620 = FACE_OUTER_BOUND ( 'NONE', #4446, .T. ) ;
#2621 = ORIENTED_EDGE ( 'NONE', *, *, #271, .T. ) ;
#2622 = EDGE_LOOP ( 'NONE', ( #6816, #5378, #5607, #5002 ) ) ;
#2623 = ORIENTED_EDGE ( 'NONE', *, *, #4486, .F. ) ;
#2624 = EDGE_CURVE ( 'NONE', #433, #5314, #511, .T. ) ;
#2625 = CARTESIAN_POINT ( 'NONE',  ( 0.000000000000000000, -31.08872492059926884, -41.68322423723133596 ) ) ;
#2626 = DIRECTION ( 'NONE',  ( -1.000000000000000000, -0.000000000000000000, -0.000000000000000000 ) ) ;
#2627 = DIRECTION ( 'NONE',  ( -0.000000000000000000, 0.000000000000000000, 1.000000000000000000 ) ) ;
#2628 = CARTESIAN_POINT ( 'NONE',  ( 12.00000000000000000, 0.000000000000000000, 0.000000000000000000 ) ) ;
#2629 = CARTESIAN_POINT ( 'NONE',  ( 0.000000000000000000, 47.32430374665931794, 21.55018039121546991 ) ) ;
#2630 = ORIENTED_EDGE ( 'NONE', *, *, #2738, .T. ) ;
#2631 = AXIS2_PLACEMENT_3D ( 'NONE', #326, #779, #6659 ) ;
#2632 = EDGE_CURVE ( 'NONE', #5280, #6307, #606, .T. ) ;
#2633 = ORIENTED_EDGE ( 'NONE', *, *, #1542, .T. ) ;
#2634 = ORIENTED_EDGE ( 'NONE', *, *, #4399, .T. ) ;
#2635 = VECTOR ( 'NONE', #4895, 1000.000000000000000 ) ;
#2636 = ORIENTED_EDGE ( 'NONE', *, *, #6472, .T. ) ;
#2637 = ADVANCED_FACE ( 'NONE', ( #2838 ), #3335, .T. ) ;
#2638 = DIRECTION ( 'NONE',  ( -1.000000000000000000, -0.000000000000000000, -0.000000000000000000 ) ) ;
#2639 = DIRECTION ( 'NONE',  ( -1.000000000000000000, 0.000000000000000000, -0.000000000000000000 ) ) ;
#2640 = DIRECTION ( 'NONE',  ( 0.000000000000000000, 0.8443279255020126328, 0.5358267949790005424 ) ) ;
#2641 = FACE_OUTER_BOUND ( 'NONE', #6884, .T. ) ;
#2642 = CIRCLE ( 'NONE', #6825, 47.49900000000000233 ) ;
#2643 = ORIENTED_EDGE ( 'NONE', *, *, #4773, .F. ) ;
#2644 = AXIS2_PLACEMENT_3D ( 'NONE', #3433, #5816, #2929 ) ;
#2645 = ORIENTED_EDGE ( 'NONE', *, *, #312, .T. ) ;
#2646 = AXIS2_PLACEMENT_3D ( 'NONE', #2586, #4984, #2094 ) ;
#2647 = ORIENTED_EDGE ( 'NONE', *, *, #6029, .T. ) ;
#2648 = CIRCLE ( 'NONE', #6068, 20.00000000000000711 ) ;
#2649 = VERTEX_POINT ( 'NONE', #5117 ) ;
#2650 = CARTESIAN_POINT ( 'NONE',  ( 12.00000000000000000, 0.000000000000000000, 0.000000000000000000 ) ) ;
#2651 = AXIS2_PLACEMENT_3D ( 'NONE', #6583, #3655, #3514 ) ;
#2652 = DIRECTION ( 'NONE',  ( -1.000000000000000000, 0.000000000000000000, 0.000000000000000000 ) ) ;
#2653 = CARTESIAN_POINT ( 'NONE',  ( 0.000000000000000000, 0.000000000000000000, 41.00000000000000000 ) ) ;
#2654 = ORIENTED_EDGE ( 'NONE', *, *, #6518, .F. ) ;
#2655 = ORIENTED_EDGE ( 'NONE', *, *, #170, .T. ) ;
#2656 = ORIENTED_EDGE ( 'NONE', *, *, #4466, .T. ) ;
#2657 = CIRCLE ( 'NONE', #2167, 52.00000000000000000 ) ;
#2658 = EDGE_CURVE ( 'NONE', #6347, #7111, #6861, .T. ) ;
#2659 = DIRECTION ( 'NONE',  ( 0.000000000000000000, 0.000000000000000000, -1.000000000000000000 ) ) ;
#2660 = DIRECTION ( 'NONE',  ( 1.000000000000000000, 0.000000000000000000, 0.000000000000000000 ) ) ;
#2661 = CARTESIAN_POINT ( 'NONE',  ( 0.000000000000000000, -51.93417535146743802, 2.615612846549021597 ) ) ;
#2662 = CARTESIAN_POINT ( 'NONE',  ( 0.000000000000000000, -13.85708833599999323, 45.43276465116659324 ) ) ;
#2663 = DIRECTION ( 'NONE',  ( 0.000000000000000000, 0.000000000000000000, 1.000000000000000000 ) ) ;
#2664 = DIRECTION ( 'NONE',  ( -1.000000000000000000, 0.000000000000000000, 0.000000000000000000 ) ) ;
#2665 = DIRECTION ( 'NONE',  ( -1.000000000000000000, 0.000000000000000000, 0.000000000000000000 ) ) ;
#2666 = CIRCLE ( 'NONE', #1208, 20.00000000000000711 ) ;
#2667 = ORIENTED_EDGE ( 'NONE', *, *, #5004, .F. ) ;
#2668 = AXIS2_PLACEMENT_3D ( 'NONE', #4764, #4871, #2439 ) ;
#2669 = CIRCLE ( 'NONE', #5012, 52.00000000000000000 ) ;
#2670 = ORIENTED_EDGE ( 'NONE', *, *, #2193, .F. ) ;
#2671 = DIRECTION ( 'NONE',  ( -1.000000000000000000, 0.000000000000000000, 0.000000000000000000 ) ) ;
#2672 = DIRECTION ( 'NONE',  ( 1.000000000000000000, 0.000000000000000000, 0.000000000000000000 ) ) ;
#2673 = FACE_OUTER_BOUND ( 'NONE', #3320, .T. ) ;
#2674 = CARTESIAN_POINT ( 'NONE',  ( 11.99999999999999822, 3.840921266750529472, -47.34345070675165346 ) ) ;
#2675 = CARTESIAN_POINT ( 'NONE',  ( 0.000000000000000000, -46.21320724403641123, -10.97699764142002010 ) ) ;
#2676 = DIRECTION ( 'NONE',  ( -1.000000000000000000, 0.000000000000000000, -0.000000000000000000 ) ) ;
#2677 = ORIENTED_EDGE ( 'NONE', *, *, #1894, .T. ) ;
#2678 = AXIS2_PLACEMENT_3D ( 'NONE', #2291, #4653, #1726 ) ;
#2679 = VECTOR ( 'NONE', #3819, 1000.000000000000000 ) ;
#2680 = ORIENTED_EDGE ( 'NONE', *, *, #2080, .F. ) ;
#2681 = VERTEX_POINT ( 'NONE', #1620 ) ;
#2682 = ORIENTED_EDGE ( 'NONE', *, *, #5382, .F. ) ;
#2683 = CIRCLE ( 'NONE', #979, 52.00000000000000000 ) ;
#2684 = DIRECTION ( 'NONE',  ( -1.000000000000000000, 0.000000000000000000, 0.000000000000000000 ) ) ;
#2685 = CIRCLE ( 'NONE', #2315, 52.00000000000000000 ) ;
#2686 = FACE_OUTER_BOUND ( 'NONE', #6843, .T. ) ;
#2687 = CARTESIAN_POINT ( 'NONE',  ( 0.000000000000000000, 0.000000000000000000, 0.000000000000000000 ) ) ;
#2688 = DIRECTION ( 'NONE',  ( 0.000000000000000000, 0.000000000000000000, 1.000000000000000000 ) ) ;
#2689 = EDGE_LOOP ( 'NONE', ( #1630, #6986, #1242, #2118 ) ) ;
#2690 = PRODUCT_DEFINITION ( 'NON CONOSCIUTO', '', #4900, #3998 ) ;
#2691 = VECTOR ( 'NONE', #7585, 1000.000000000000000 ) ;
#2692 = VERTEX_POINT ( 'NONE', #1116 ) ;
#2693 = ORIENTED_EDGE ( 'NONE', *, *, #6053, .F. ) ;
#2694 = DIRECTION ( 'NONE',  ( 0.000000000000000000, -0.5877852522924625900, -0.8090169943749551118 ) ) ;
#2695 = VECTOR ( 'NONE', #2665, 1000.000000000000000 ) ;
#2696 = CARTESIAN_POINT ( 'NONE',  ( 12.00000000000000000, 0.000000000000000000, 0.000000000000000000 ) ) ;
#2697 = CARTESIAN_POINT ( 'NONE',  ( 11.99999999999999822, -50.95304419620816105, -10.38206564895716078 ) ) ;
#2698 = ORIENTED_EDGE ( 'NONE', *, *, #1124, .F. ) ;
#2699 = ORIENTED_EDGE ( 'NONE', *, *, #617, .F. ) ;
#2700 = VERTEX_POINT ( 'NONE', #5226 ) ;
#2701 = CYLINDRICAL_SURFACE ( 'NONE', #6480, 20.00000000000000355 ) ;
#2702 = CARTESIAN_POINT ( 'NONE',  ( 12.00000000000000000, 0.000000000000000000, 0.000000000000000000 ) ) ;
#2703 = DIRECTION ( 'NONE',  ( 1.000000000000000000, 0.000000000000000000, 0.000000000000000000 ) ) ;
#2704 = FACE_OUTER_BOUND ( 'NONE', #7267, .T. ) ;
#2705 = PLANE ( 'NONE',  #7079 ) ;
#2706 = LINE ( 'NONE', #2126, #6210 ) ;
#2707 = LINE ( 'NONE', #3769, #110 ) ;
#2708 = EDGE_CURVE ( 'NONE', #3800, #6894, #4885, .T. ) ;
#2709 = EDGE_CURVE ( 'NONE', #7174, #4513, #5878, .T. ) ;
#2710 = EDGE_LOOP ( 'NONE', ( #481, #6107, #2117, #1712 ) ) ;
#2711 = EDGE_CURVE ( 'NONE', #6860, #6852, #4063, .T. ) ;
#2712 = EDGE_CURVE ( 'NONE', #4802, #14, #4239, .T. ) ;
#2713 = DIRECTION ( 'NONE',  ( 0.000000000000000000, 0.000000000000000000, -1.000000000000000000 ) ) ;
#2714 = PLANE ( 'NONE',  #688 ) ;
#2715 = FACE_OUTER_BOUND ( 'NONE', #4474, .T. ) ;
#2716 = LINE ( 'NONE', #5598, #5155 ) ;
#2717 = DIRECTION ( 'NONE',  ( -1.000000000000000000, 0.000000000000000000, 0.000000000000000000 ) ) ;
#2718 = ADVANCED_FACE ( 'NONE', ( #1888 ), #1193, .T. ) ;
#2719 = ORIENTED_EDGE ( 'NONE', *, *, #6121, .T. ) ;
#2720 = VECTOR ( 'NONE', #6421, 1000.000000000000000 ) ;
#2721 = VERTEX_POINT ( 'NONE', #7130 ) ;
#2722 = VERTEX_POINT ( 'NONE', #69 ) ;
#2723 = CIRCLE ( 'NONE', #531, 47.49899999999999523 ) ;
#2724 = EDGE_LOOP ( 'NONE', ( #6236, #7134, #5526, #591 ) ) ;
#2725 = CARTESIAN_POINT ( 'NONE',  ( 0.000000000000000000, -47.22458491092823607, 5.098390039074047309 ) ) ;
#2726 = DIRECTION ( 'NONE',  ( 0.000000000000000000, 0.000000000000000000, -1.000000000000000000 ) ) ;
#2727 = CARTESIAN_POINT ( 'NONE',  ( 11.99999999999999822, -39.55064067543080597, 25.36340625197345844 ) ) ;
#2728 = DIRECTION ( 'NONE',  ( -1.000000000000000000, 0.000000000000000000, 0.000000000000000000 ) ) ;
#2729 = CIRCLE ( 'NONE', #7139, 20.00000000000000711 ) ;
#2730 = VERTEX_POINT ( 'NONE', #104 ) ;
#2731 = ORIENTED_EDGE ( 'NONE', *, *, #6758, .F. ) ;
#2733 = EDGE_CURVE ( 'NONE', #1310, #975, #2537, .T. ) ;
#2732 = CARTESIAN_POINT ( 'NONE',  ( -10.00000000000000000, 0.000000000000000000, 0.000000000000000000 ) ) ;
#2734 = CYLINDRICAL_SURFACE ( 'NONE', #4135, 20.00000000000000355 ) ;
#2735 = VERTEX_POINT ( 'NONE', #2467 ) ;
#2736 = ORIENTED_EDGE ( 'NONE', *, *, #4549, .T. ) ;
#2737 = EDGE_LOOP ( 'NONE', ( #260, #7296 ) ) ;
#2738 = EDGE_CURVE ( 'NONE', #4966, #6933, #6520, .T. ) ;
#2739 = LINE ( 'NONE', #5276, #3758 ) ;
#2740 = FACE_OUTER_BOUND ( 'NONE', #161, .T. ) ;
#2741 = CARTESIAN_POINT ( 'NONE',  ( 12.00000000000000000, -44.47301969247457265, 16.68249143361892450 ) ) ;
#2742 = DIRECTION ( 'NONE',  ( 0.000000000000000000, 0.000000000000000000, 1.000000000000000000 ) ) ;
#2743 = LINE ( 'NONE', #7434, #7321 ) ;
#2744 = LINE ( 'NONE', #5099, #1789 ) ;
#2745 = DIRECTION ( 'NONE',  ( 0.000000000000000000, 0.000000000000000000, 1.000000000000000000 ) ) ;
#2746 = ORIENTED_EDGE ( 'NONE', *, *, #7145, .F. ) ;
#2747 = EDGE_CURVE ( 'NONE', #918, #6044, #138, .T. ) ;
#2748 = CARTESIAN_POINT ( 'NONE',  ( 0.000000000000000000, 25.61928775981042605, 45.25098998563488095 ) ) ;
#2749 = CARTESIAN_POINT ( 'NONE',  ( 0.000000000000000000, 46.21320724403664570, -10.97699764141902712 ) ) ;
#2750 = DIRECTION ( 'NONE',  ( 0.000000000000000000, 0.000000000000000000, 1.000000000000000000 ) ) ;
#2751 = CYLINDRICAL_SURFACE ( 'NONE', #840, 20.00000000000000355 ) ;
#2752 = DIRECTION ( 'NONE',  ( -0.000000000000000000, 0.000000000000000000, 1.000000000000000000 ) ) ;
#2753 = VERTEX_POINT ( 'NONE', #5366 ) ;
#2754 = VECTOR ( 'NONE', #41, 1000.000000000000000 ) ;
#2755 = ORIENTED_EDGE ( 'NONE', *, *, #5149, .T. ) ;
#2756 = VERTEX_POINT ( 'NONE', #623 ) ;
#2757 = ADVANCED_FACE ( 'NONE', ( #4823 ), #40, .T. ) ;
#2758 = EDGE_CURVE ( 'NONE', #3605, #5127, #357, .T. ) ;
#2759 = VERTEX_POINT ( 'NONE', #4204 ) ;
#2760 = DIRECTION ( 'NONE',  ( 0.000000000000000000, 0.000000000000000000, 1.000000000000000000 ) ) ;
#2761 = DIRECTION ( 'NONE',  ( -1.000000000000000000, 0.000000000000000000, 0.000000000000000000 ) ) ;
#2762 = LINE ( 'NONE', #5118, #2376 ) ;
#2763 = DIRECTION ( 'NONE',  ( -0.000000000000000000, 0.000000000000000000, 1.000000000000000000 ) ) ;
#2764 = VECTOR ( 'NONE', #5020, 1000.000000000000000 ) ;
#2765 = ORIENTED_EDGE ( 'NONE', *, *, #6463, .T. ) ;
#2766 = ORIENTED_EDGE ( 'NONE', *, *, #2599, .F. ) ;
#2767 = AXIS2_PLACEMENT_3D ( 'NONE', #920, #4367, #969 ) ;
#2768 = DIRECTION ( 'NONE',  ( -1.000000000000000000, -0.000000000000000000, -0.000000000000000000 ) ) ;
#2769 = VECTOR ( 'NONE', #4170, 1000.000000000000000 ) ;
#2770 = CARTESIAN_POINT ( 'NONE',  ( 11.99999999999999822, -27.79676263918162604, -37.88001506494797610 ) ) ;
#2771 = ORIENTED_EDGE ( 'NONE', *, *, #3338, .F. ) ;
#2772 = ORIENTED_EDGE ( 'NONE', *, *, #4202, .F. ) ;
#2773 = EDGE_CURVE ( 'NONE', #2057, #7228, #4536, .T. ) ;
#2774 = ORIENTED_EDGE ( 'NONE', *, *, #6547, .T. ) ;
#2775 = AXIS2_PLACEMENT_3D ( 'NONE', #7237, #3238, #4356 ) ;
#2776 = DIRECTION ( 'NONE',  ( 0.000000000000000000, 0.000000000000000000, 1.000000000000000000 ) ) ;
#2777 = FACE_OUTER_BOUND ( 'NONE', #5494, .T. ) ;
#2778 = DIRECTION ( 'NONE',  ( 0.000000000000000000, 0.000000000000000000, 1.000000000000000000 ) ) ;
#2779 = CARTESIAN_POINT ( 'NONE',  ( 0.000000000000000000, -49.25004636492401033, 16.68630974939740241 ) ) ;
#2780 = DIRECTION ( 'NONE',  ( -1.000000000000000000, -0.000000000000000000, -0.000000000000000000 ) ) ;
#2781 = DIRECTION ( 'NONE',  ( -1.000000000000000000, 0.000000000000000000, 0.000000000000000000 ) ) ;
#2782 = EDGE_CURVE ( 'NONE', #4907, #1946, #3536, .T. ) ;
#2783 = ORIENTED_EDGE ( 'NONE', *, *, #6290, .F. ) ;
#2784 = CIRCLE ( 'NONE', #4510, 20.00000000000000711 ) ;
#2785 = ADVANCED_FACE ( 'NONE', ( #2361 ), #4861, .T. ) ;
#2786 = CARTESIAN_POINT ( 'NONE',  ( 0.000000000000000000, 6.109652351741795329, 46.58570277113510372 ) ) ;
#2787 = CIRCLE ( 'NONE', #6475, 52.00000000000000000 ) ;
#2788 = CIRCLE ( 'NONE', #5858, 20.00000000000000355 ) ;
#2789 = DIRECTION ( 'NONE',  ( 1.000000000000000000, -0.000000000000000000, 0.000000000000000000 ) ) ;
#2790 = DIRECTION ( 'NONE',  ( 0.000000000000000000, 0.000000000000000000, 1.000000000000000000 ) ) ;
#2791 = CARTESIAN_POINT ( 'NONE',  ( 5.999999999999999112, -43.55304910509386218, -28.41006711800031681 ) ) ;
#2792 = CARTESIAN_POINT ( 'NONE',  ( 0.000000000000000000, 46.19362259308834950, 8.585149169758647503 ) ) ;
#2793 = ORIENTED_EDGE ( 'NONE', *, *, #4144, .T. ) ;
#2794 = AXIS2_PLACEMENT_3D ( 'NONE', #6966, #5662, #7395 ) ;
#2795 = AXIS2_PLACEMENT_3D ( 'NONE', #3351, #1635, #1667 ) ;
#2796 = ORIENTED_EDGE ( 'NONE', *, *, #6166, .T. ) ;
#2797 = ORIENTED_EDGE ( 'NONE', *, *, #1261, .F. ) ;
#2798 = VERTEX_POINT ( 'NONE', #7161 ) ;
#2799 = CARTESIAN_POINT ( 'NONE',  ( 12.00000000000000000, 47.22458491092819344, 5.098390039074386593 ) ) ;
#2800 = DIRECTION ( 'NONE',  ( -1.000000000000000000, 0.000000000000000000, 0.000000000000000000 ) ) ;
#2801 = CARTESIAN_POINT ( 'NONE',  ( 0.000000000000000000, -11.90021268425523004, -45.45261810511226486 ) ) ;
#2802 = DIRECTION ( 'NONE',  ( 0.000000000000000000, 0.9822872507286879440, 0.1873813145857285700 ) ) ;
#2803 = AXIS2_PLACEMENT_3D ( 'NONE', #2141, #6089, #2106 ) ;
#2804 = AXIS2_PLACEMENT_3D ( 'NONE', #3027, #1870, #4882 ) ;
#2805 = EDGE_CURVE ( 'NONE', #3570, #4123, #2189, .T. ) ;
#2806 = ORIENTED_EDGE ( 'NONE', *, *, #3666, .T. ) ;
#2807 = CIRCLE ( 'NONE', #2921, 47.49900000000000233 ) ;
#2808 = ORIENTED_EDGE ( 'NONE', *, *, #5307, .F. ) ;
#2809 = EDGE_CURVE ( 'NONE', #5754, #7045, #7477, .T. ) ;
#2810 = FACE_OUTER_BOUND ( 'NONE', #5893, .T. ) ;
#2811 = CARTESIAN_POINT ( 'NONE',  ( 11.99999999999999822, 24.72041153920788403, -40.55929306992662475 ) ) ;
#2812 = AXIS2_PLACEMENT_3D ( 'NONE', #287, #3232, #6286 ) ;
#2813 = CIRCLE ( 'NONE', #3543, 52.00000000000000000 ) ;
#2814 = EDGE_CURVE ( 'NONE', #4908, #7228, #3615, .T. ) ;
#2815 = ORIENTED_EDGE ( 'NONE', *, *, #2233, .T. ) ;
#2816 = ORIENTED_EDGE ( 'NONE', *, *, #7501, .T. ) ;
#2817 = EDGE_CURVE ( 'NONE', #4042, #522, #3621, .T. ) ;
#2818 = ORIENTED_EDGE ( 'NONE', *, *, #1598, .T. ) ;
#2819 = EDGE_LOOP ( 'NONE', ( #6273, #7210, #2073, #3356 ) ) ;
#2820 = AXIS2_PLACEMENT_3D ( 'NONE', #5817, #2859, #5211 ) ;
#2821 = CARTESIAN_POINT ( 'NONE',  ( 0.000000000000000000, -32.00046193115123572, -34.40241257139721398 ) ) ;
#2822 = DIRECTION ( 'NONE',  ( 0.000000000000000000, 0.9980267284282713369, 0.06279051952931692659 ) ) ;
#2823 = FACE_OUTER_BOUND ( 'NONE', #1688, .T. ) ;
#2824 = CARTESIAN_POINT ( 'NONE',  ( -10.00000000000000000, 0.000000000000000000, 0.000000000000000000 ) ) ;
#2825 = CYLINDRICAL_SURFACE ( 'NONE', #321, 20.00000000000000355 ) ;
#2826 = CARTESIAN_POINT ( 'NONE',  ( 0.000000000000000000, 42.60732521687599217, -19.80331771201613122 ) ) ;
#2827 = ORIENTED_EDGE ( 'NONE', *, *, #1525, .T. ) ;
#2828 = DIRECTION ( 'NONE',  ( 0.000000000000000000, 0.000000000000000000, 1.000000000000000000 ) ) ;
#2829 = DIRECTION ( 'NONE',  ( 0.000000000000000000, 0.000000000000000000, 1.000000000000000000 ) ) ;
#2830 = CARTESIAN_POINT ( 'NONE',  ( 0.000000000000000000, 0.000000000000000000, 0.000000000000000000 ) ) ;
#2831 = CYLINDRICAL_SURFACE ( 'NONE', #3297, 20.00000000000000355 ) ;
#2832 = DIRECTION ( 'NONE',  ( 1.000000000000000000, 0.000000000000000000, 0.000000000000000000 ) ) ;
#2833 = EDGE_CURVE ( 'NONE', #4293, #4854, #5952, .T. ) ;
#2834 = ORIENTED_EDGE ( 'NONE', *, *, #360, .T. ) ;
#2835 = VERTEX_POINT ( 'NONE', #722 ) ;
#2836 = EDGE_LOOP ( 'NONE', ( #3242, #2670, #1944, #4375 ) ) ;
#2837 = FACE_OUTER_BOUND ( 'NONE', #7351, .T. ) ;
#2838 = FACE_OUTER_BOUND ( 'NONE', #6918, .T. ) ;
#2839 = CARTESIAN_POINT ( 'NONE',  ( 12.00000000000000000, -35.20873326984104068, 31.88259874184016951 ) ) ;
#2840 = CARTESIAN_POINT ( 'NONE',  ( -10.00000000000000000, 0.000000000000000000, 0.000000000000000000 ) ) ;
#2841 = EDGE_CURVE ( 'NONE', #1524, #6044, #3738, .T. ) ;
#2842 = ORIENTED_EDGE ( 'NONE', *, *, #6663, .T. ) ;
#2843 = ADVANCED_FACE ( 'NONE', ( #382 ), #7279, .T. ) ;
#2844 = CARTESIAN_POINT ( 'NONE',  ( 11.99999999999999822, 19.74581912682908325, -48.10512059033372623 ) ) ;
#2845 = CARTESIAN_POINT ( 'NONE',  ( 11.99999999999999822, 11.90021268425618572, -45.45261810511202327 ) ) ;
#2846 = AXIS2_PLACEMENT_3D ( 'NONE', #2904, #2832, #2214 ) ;
#2847 = ORIENTED_EDGE ( 'NONE', *, *, #1414, .F. ) ;
#2848 = ORIENTED_EDGE ( 'NONE', *, *, #5428, .F. ) ;
#2849 = EDGE_CURVE ( 'NONE', #6264, #5996, #5239, .T. ) ;
#2850 = ORIENTED_EDGE ( 'NONE', *, *, #5568, .T. ) ;
#2851 = AXIS2_PLACEMENT_3D ( 'NONE', #989, #5633, #373 ) ;
#2852 = ADVANCED_FACE ( 'NONE', ( #338 ), #2714, .F. ) ;
#2853 = ORIENTED_EDGE ( 'NONE', *, *, #6608, .F. ) ;
#2854 = DIRECTION ( 'NONE',  ( -1.000000000000000000, 0.000000000000000000, -0.000000000000000000 ) ) ;
#2855 = CARTESIAN_POINT ( 'NONE',  ( 0.000000000000000000, 44.25018368420781201, -27.31155879685134735 ) ) ;
#2856 = DIRECTION ( 'NONE',  ( 0.000000000000000000, 0.000000000000000000, -1.000000000000000000 ) ) ;
#2857 = CARTESIAN_POINT ( 'NONE',  ( 11.99999999999999822, 30.93515269692114344, 36.04401931830261674 ) ) ;
#2858 = CARTESIAN_POINT ( 'NONE',  ( 11.99999999999999822, -13.85708833599999856, 45.43276465116660745 ) ) ;
#2859 = DIRECTION ( 'NONE',  ( 1.000000000000000000, 0.000000000000000000, 0.000000000000000000 ) ) ;
#2860 = ORIENTED_EDGE ( 'NONE', *, *, #6911, .F. ) ;
#2861 = DIRECTION ( 'NONE',  ( -1.000000000000000000, 0.000000000000000000, 0.000000000000000000 ) ) ;
#2862 = FACE_BOUND ( 'NONE', #6133, .T. ) ;
#2863 = DIRECTION ( 'NONE',  ( -1.000000000000000000, -0.000000000000000000, 0.000000000000000000 ) ) ;
#2864 = FACE_OUTER_BOUND ( 'NONE', #5691, .T. ) ;
#2865 = PLANE ( 'NONE',  #7029 ) ;
#2866 = ORIENTED_EDGE ( 'NONE', *, *, #4858, .F. ) ;
#2867 = EDGE_CURVE ( 'NONE', #4321, #7542, #1400, .T. ) ;
#2868 = ORIENTED_EDGE ( 'NONE', *, *, #6702, .F. ) ;
#2869 = EDGE_CURVE ( 'NONE', #2835, #6610, #2053, .T. ) ;
#2870 = DIRECTION ( 'NONE',  ( -1.000000000000000000, -0.000000000000000000, 0.000000000000000000 ) ) ;
#2871 = DIRECTION ( 'NONE',  ( 0.000000000000000000, 0.9822872507286893873, -0.1873813145857213536 ) ) ;
#2872 = CARTESIAN_POINT ( 'NONE',  ( 11.99999999999999822, -39.64889472655708147, -33.64468972902550092 ) ) ;
#2873 = CYLINDRICAL_SURFACE ( 'NONE', #520, 20.00000000000000355 ) ;
#2874 = CIRCLE ( 'NONE', #5333, 47.49900000000000944 ) ;
#2875 = ADVANCED_FACE ( 'NONE', ( #1930 ), #6211, .F. ) ;
#2876 = ADVANCED_FACE ( 'NONE', ( #2673 ), #6709, .F. ) ;
#2877 = VERTEX_POINT ( 'NONE', #5070 ) ;
#2878 = FACE_OUTER_BOUND ( 'NONE', #6222, .T. ) ;
#2879 = CARTESIAN_POINT ( 'NONE',  ( 11.99999999999999822, 0.2227391519123260444, -46.98410307550729215 ) ) ;
#2880 = CIRCLE ( 'NONE', #180, 20.00000000000000355 ) ;
#2881 = FACE_OUTER_BOUND ( 'NONE', #2252, .T. ) ;
#2882 = ORIENTED_EDGE ( 'NONE', *, *, #5608, .F. ) ;
#2883 = ORIENTED_EDGE ( 'NONE', *, *, #1600, .T. ) ;
#2884 = ORIENTED_EDGE ( 'NONE', *, *, #3372, .F. ) ;
#2885 = AXIS2_PLACEMENT_3D ( 'NONE', #5225, #7533, #4579 ) ;
#2886 = ORIENTED_EDGE ( 'NONE', *, *, #5670, .T. ) ;
#2887 = AXIS2_PLACEMENT_3D ( 'NONE', #204, #715, #4819 ) ;
#2888 = CARTESIAN_POINT ( 'NONE',  ( 0.000000000000000000, -26.17370628620627571, -39.63700417846190049 ) ) ;
#2889 = DIRECTION ( 'NONE',  ( 0.000000000000000000, 0.000000000000000000, -1.000000000000000000 ) ) ;
#2890 = DIRECTION ( 'NONE',  ( -1.000000000000000000, -0.000000000000000000, 0.000000000000000000 ) ) ;
#2891 = CARTESIAN_POINT ( 'NONE',  ( 11.99999999999999822, -46.87740477351719193, 3.172455868805044599 ) ) ;
#2892 = LINE ( 'NONE', #5250, #2691 ) ;
#2893 = AXIS2_PLACEMENT_3D ( 'NONE', #1328, #4687, #6037 ) ;
#2894 = ORIENTED_EDGE ( 'NONE', *, *, #1253, .F. ) ;
#2895 = AXIS2_PLACEMENT_3D ( 'NONE', #4395, #3317, #3354 ) ;
#2896 = EDGE_CURVE ( 'NONE', #4827, #424, #214, .T. ) ;
#2897 = AXIS2_PLACEMENT_3D ( 'NONE', #5935, #2432, #5968 ) ;
#2898 = AXIS2_PLACEMENT_3D ( 'NONE', #1143, #418, #5676 ) ;
#2899 = DIRECTION ( 'NONE',  ( -0.000000000000000000, 0.000000000000000000, 1.000000000000000000 ) ) ;
#2900 = LINE ( 'NONE', #5929, #7167 ) ;
#2901 = CARTESIAN_POINT ( 'NONE',  ( 0.000000000000000000, 0.000000000000000000, 0.000000000000000000 ) ) ;
#2902 = CARTESIAN_POINT ( 'NONE',  ( 0.000000000000000000, -36.06787431788649201, -37.45808914225528952 ) ) ;
#2903 = FACE_OUTER_BOUND ( 'NONE', #6353, .T. ) ;
#2904 = CARTESIAN_POINT ( 'NONE',  ( 12.00000000000000000, 0.000000000000000000, 0.000000000000000000 ) ) ;
#2905 = CIRCLE ( 'NONE', #2032, 47.49900000000000233 ) ;
#2906 = ORIENTED_EDGE ( 'NONE', *, *, #1956, .T. ) ;
#2907 = ADVANCED_FACE ( 'NONE', ( #4279 ), #3286, .T. ) ;
#2908 = ORIENTED_EDGE ( 'NONE', *, *, #4801, .F. ) ;
#2909 = DIRECTION ( 'NONE',  ( 0.000000000000000000, 0.5877852522924685852, 0.8090169943749506709 ) ) ;
#2910 = CARTESIAN_POINT ( 'NONE',  ( 0.000000000000000000, 0.000000000000000000, 0.000000000000000000 ) ) ;
#2911 = DIRECTION ( 'NONE',  ( -1.000000000000000000, 0.000000000000000000, -0.000000000000000000 ) ) ;
#2912 = CARTESIAN_POINT ( 'NONE',  ( 12.00000000000000000, 0.000000000000000000, 0.000000000000000000 ) ) ;
#2913 = CIRCLE ( 'NONE', #3134, 52.00000000000000000 ) ;
#2914 = AXIS2_PLACEMENT_3D ( 'NONE', #5405, #148, #2473 ) ;
#2915 = ORIENTED_EDGE ( 'NONE', *, *, #179, .F. ) ;
#2916 = CIRCLE ( 'NONE', #5487, 52.00000000000000000 ) ;
#2917 = CARTESIAN_POINT ( 'NONE',  ( 11.99999999999999822, 0.2227391519123260444, -46.98410307550729215 ) ) ;
#2918 = PLANE ( 'NONE',  #2412 ) ;
#2919 = ORIENTED_EDGE ( 'NONE', *, *, #4096, .T. ) ;
#2920 = ORIENTED_EDGE ( 'NONE', *, *, #2029, .T. ) ;
#2921 = AXIS2_PLACEMENT_3D ( 'NONE', #6348, #1088, #4039 ) ;
#2922 = ORIENTED_EDGE ( 'NONE', *, *, #1484, .T. ) ;
#2923 = ORIENTED_EDGE ( 'NONE', *, *, #5800, .F. ) ;
#2924 = DIRECTION ( 'NONE',  ( 0.000000000000000000, 0.000000000000000000, -1.000000000000000000 ) ) ;
#2925 = DIRECTION ( 'NONE',  ( 0.000000000000000000, 0.000000000000000000, 1.000000000000000000 ) ) ;
#2926 = CIRCLE ( 'NONE', #6736, 20.00000000000001066 ) ;
#2927 = AXIS2_PLACEMENT_3D ( 'NONE', #3314, #5540, #3806 ) ;
#2928 = CARTESIAN_POINT ( 'NONE',  ( 11.99999999999999822, 17.50309955389676020, -43.60271849949344869 ) ) ;
#2929 = DIRECTION ( 'NONE',  ( -0.000000000000000000, 0.000000000000000000, 1.000000000000000000 ) ) ;
#2930 = CARTESIAN_POINT ( 'NONE',  ( -10.00000000000000000, 0.000000000000000000, 0.000000000000000000 ) ) ;
#2931 = VERTEX_POINT ( 'NONE', #789 ) ;
#2933 = ORIENTED_EDGE ( 'NONE', *, *, #1942, .T. ) ;
#2932 = CIRCLE ( 'NONE', #6387, 47.49900000000000233 ) ;
#2934 = EDGE_CURVE ( 'NONE', #6955, #6402, #1300, .T. ) ;
#2935 = ADVANCED_FACE ( 'NONE', ( #6078 ), #7368, .T. ) ;
#2936 = CARTESIAN_POINT ( 'NONE',  ( 12.00000000000000000, 0.000000000000000000, 0.000000000000000000 ) ) ;
#2937 = DIRECTION ( 'NONE',  ( 0.000000000000000000, 0.000000000000000000, -1.000000000000000000 ) ) ;
#2938 = DIRECTION ( 'NONE',  ( -1.000000000000000000, -0.000000000000000000, -0.000000000000000000 ) ) ;
#2939 = DIRECTION ( 'NONE',  ( 1.000000000000000000, 0.000000000000000000, 0.000000000000000000 ) ) ;
#2940 = DIRECTION ( 'NONE',  ( 0.000000000000000000, 0.000000000000000000, -1.000000000000000000 ) ) ;
#2941 = DIRECTION ( 'NONE',  ( 0.000000000000000000, 0.3681245526846719240, 0.9297764858882537897 ) ) ;
#2942 = ORIENTED_EDGE ( 'NONE', *, *, #2045, .T. ) ;
#2943 = EDGE_CURVE ( 'NONE', #4734, #4907, #5510, .T. ) ;
#2944 = ORIENTED_EDGE ( 'NONE', *, *, #2279, .T. ) ;
#2945 = EDGE_CURVE ( 'NONE', #3914, #7427, #4407, .T. ) ;
#2946 = EDGE_CURVE ( 'NONE', #6030, #1973, #5126, .T. ) ;
#2947 = LINE ( 'NONE', #1792, #1186 ) ;
#2948 = DIRECTION ( 'NONE',  ( -1.000000000000000000, 0.000000000000000000, -0.000000000000000000 ) ) ;
#2949 = DIRECTION ( 'NONE',  ( 0.000000000000000000, 0.000000000000000000, 1.000000000000000000 ) ) ;
#2950 = CARTESIAN_POINT ( 'NONE',  ( 11.99999999999999822, -8.053585752062225822, 46.81126742072019908 ) ) ;
#2951 = VERTEX_POINT ( 'NONE', #6791 ) ;
#2952 = DIRECTION ( 'NONE',  ( -1.000000000000000000, -0.000000000000000000, 0.000000000000000000 ) ) ;
#2953 = CARTESIAN_POINT ( 'NONE',  ( 0.000000000000000000, 0.000000000000000000, 0.000000000000000000 ) ) ;
#2954 = EDGE_LOOP ( 'NONE', ( #3217, #2731, #7578, #1705 ) ) ;
#2955 = VERTEX_POINT ( 'NONE', #3200 ) ;
#2956 = CIRCLE ( 'NONE', #642, 20.00000000000000355 ) ;
#2957 = ORIENTED_EDGE ( 'NONE', *, *, #4601, .F. ) ;
#2958 = EDGE_CURVE ( 'NONE', #4516, #5108, #6754, .T. ) ;
#2959 = ORIENTED_EDGE ( 'NONE', *, *, #4484, .T. ) ;
#2960 = CIRCLE ( 'NONE', #3820, 1.699999999999986189 ) ;
#2961 = CARTESIAN_POINT ( 'NONE',  ( 0.000000000000000000, 0.000000000000000000, 0.000000000000000000 ) ) ;
#2962 = CYLINDRICAL_SURFACE ( 'NONE', #3135, 20.00000000000000355 ) ;
#2963 = DIRECTION ( 'NONE',  ( -1.000000000000000000, 0.000000000000000000, 0.000000000000000000 ) ) ;
#2964 = DIRECTION ( 'NONE',  ( -1.000000000000000000, 0.000000000000000000, 0.000000000000000000 ) ) ;
#2965 = ORIENTED_EDGE ( 'NONE', *, *, #3716, .T. ) ;
#2966 = ADVANCED_FACE ( 'NONE', ( #957, #5596, #2862, #454, #5216, #567 ), #5708, .F. ) ;
#2967 = AXIS2_PLACEMENT_3D ( 'NONE', #7214, #4150, #230 ) ;
#2968 = ORIENTED_EDGE ( 'NONE', *, *, #3067, .F. ) ;
#2969 = CARTESIAN_POINT ( 'NONE',  ( 0.000000000000000000, 0.000000000000000000, 0.000000000000000000 ) ) ;
#2970 = DIRECTION ( 'NONE',  ( 1.000000000000000000, 0.000000000000000000, 0.000000000000000000 ) ) ;
#2971 = DIRECTION ( 'NONE',  ( 0.000000000000000000, 0.000000000000000000, 1.000000000000000000 ) ) ;
#2972 = CARTESIAN_POINT ( 'NONE',  ( 11.99999999999999822, 0.000000000000000000, 0.000000000000000000 ) ) ;
#2973 = FACE_OUTER_BOUND ( 'NONE', #6717, .T. ) ;
#2974 = DIRECTION ( 'NONE',  ( 1.000000000000000000, 0.000000000000000000, 0.000000000000000000 ) ) ;
#2975 = DIRECTION ( 'NONE',  ( -1.000000000000000000, -0.000000000000000000, -0.000000000000000000 ) ) ;
#2976 = CYLINDRICAL_SURFACE ( 'NONE', #5569, 20.00000000000000355 ) ;
#2977 = CARTESIAN_POINT ( 'NONE',  ( 11.99999999999999822, -5.667686777401370612, -46.64153600743609474 ) ) ;
#2978 = EDGE_CURVE ( 'NONE', #7484, #6788, #458, .T. ) ;
#2979 = EDGE_CURVE ( 'NONE', #5655, #6027, #3254, .T. ) ;
#2980 = VERTEX_POINT ( 'NONE', #5822 ) ;
#2981 = CARTESIAN_POINT ( 'NONE',  ( 11.99999999999999822, -18.53613841426825104, 48.58406706613895665 ) ) ;
#2982 = AXIS2_PLACEMENT_3D ( 'NONE', #2727, #4996, #6304 ) ;
#2983 = LINE ( 'NONE', #7108, #1504 ) ;
#2984 = ORIENTED_EDGE ( 'NONE', *, *, #775, .F. ) ;
#2985 = EDGE_LOOP ( 'NONE', ( #1133, #1988, #1594, #6808 ) ) ;
#2986 = AXIS2_PLACEMENT_3D ( 'NONE', #3630, #2515, #881 ) ;
#2987 = ORIENTED_EDGE ( 'NONE', *, *, #3417, .F. ) ;
#2988 = ORIENTED_EDGE ( 'NONE', *, *, #5370, .T. ) ;
#2989 = DIRECTION ( 'NONE',  ( 0.000000000000000000, 0.000000000000000000, -1.000000000000000000 ) ) ;
#2990 = CARTESIAN_POINT ( 'NONE',  ( 11.99999999999999822, 42.41764978026606059, 20.20639853260305685 ) ) ;
#2991 = CARTESIAN_POINT ( 'NONE',  ( 11.99999999999999822, 0.000000000000000000, 0.000000000000000000 ) ) ;
#2992 = EDGE_CURVE ( 'NONE', #474, #2020, #4992, .T. ) ;
#2993 = VERTEX_POINT ( 'NONE', #2281 ) ;
#2994 = CIRCLE ( 'NONE', #4975, 52.00000000000000000 ) ;
#2995 = ORIENTED_EDGE ( 'NONE', *, *, #4362, .F. ) ;
#2996 = FACE_OUTER_BOUND ( 'NONE', #1585, .T. ) ;
#2997 = CYLINDRICAL_SURFACE ( 'NONE', #2266, 20.00000000000000355 ) ;
#2998 = AXIS2_PLACEMENT_3D ( 'NONE', #1409, #2557, #6045 ) ;
#2999 = DIRECTION ( 'NONE',  ( -0.000000000000000000, 0.000000000000000000, 1.000000000000000000 ) ) ;
#3000 = FACE_OUTER_BOUND ( 'NONE', #2710, .T. ) ;
#3001 = CARTESIAN_POINT ( 'NONE',  ( 11.99999999999999822, -13.56094713063605717, 50.20060470671737107 ) ) ;
#3002 = AXIS2_PLACEMENT_3D ( 'NONE', #1359, #7233, #4199 ) ;
#3003 = EDGE_CURVE ( 'NONE', #6027, #2700, #4005, .T. ) ;
#3004 = AXIS2_PLACEMENT_3D ( 'NONE', #5959, #3470, #4678 ) ;
#3005 = AXIS2_PLACEMENT_3D ( 'NONE', #3774, #7320, #3112 ) ;
#3006 = CARTESIAN_POINT ( 'NONE',  ( 0.000000000000000000, 0.000000000000000000, 0.000000000000000000 ) ) ;
#3007 = CARTESIAN_POINT ( 'NONE',  ( 11.99999999999999822, 22.82995208772688400, 41.06517797613670950 ) ) ;
#3008 = CARTESIAN_POINT ( 'NONE',  ( 0.000000000000000000, -31.08872492059984793, 41.68322423723090964 ) ) ;
#3009 = CARTESIAN_POINT ( 'NONE',  ( 11.99999999999999822, -49.65209126885773827, 15.44894276735534255 ) ) ;
#3010 = DIRECTION ( 'NONE',  ( -1.000000000000000000, 0.000000000000000000, 0.000000000000000000 ) ) ;
#3011 = CIRCLE ( 'NONE', #701, 20.00000000000001066 ) ;
#3012 = ORIENTED_EDGE ( 'NONE', *, *, #1928, .T. ) ;
#3013 = DIRECTION ( 'NONE',  ( 0.000000000000000000, 0.3681245526846786964, -0.9297764858882511252 ) ) ;
#3014 = EDGE_CURVE ( 'NONE', #3341, #156, #1144, .T. ) ;
#3015 = LINE ( 'NONE', #5376, #4814 ) ;
#3016 = AXIS2_PLACEMENT_3D ( 'NONE', #124, #4842, #4161 ) ;
#3017 = AXIS2_PLACEMENT_3D ( 'NONE', #2696, #5053, #3840 ) ;
#3018 = EDGE_CURVE ( 'NONE', #3264, #5840, #7525, .T. ) ;
#3019 = VERTEX_POINT ( 'NONE', #5677 ) ;
#3020 = VERTEX_POINT ( 'NONE', #6990 ) ;
#3021 = AXIS2_PLACEMENT_3D ( 'NONE', #46, #3087, #1938 ) ;
#3022 = ORIENTED_EDGE ( 'NONE', *, *, #179, .T. ) ;
#3023 = AXIS2_PLACEMENT_3D ( 'NONE', #6432, #6866, #4520 ) ;
#3024 = AXIS2_PLACEMENT_3D ( 'NONE', #7575, #2226, #5694 ) ;
#3025 = EDGE_CURVE ( 'NONE', #2721, #7392, #7405, .T. ) ;
#3026 = ORIENTED_EDGE ( 'NONE', *, *, #2147, .T. ) ;
#3027 = CARTESIAN_POINT ( 'NONE',  ( 0.000000000000000000, -17.50309955389580452, -43.60271849949382528 ) ) ;
#3028 = DIRECTION ( 'NONE',  ( -1.000000000000000000, -0.000000000000000000, 0.000000000000000000 ) ) ;
#3029 = DIRECTION ( 'NONE',  ( 0.000000000000000000, -0.8443279255020087470, -0.5358267949790066487 ) ) ;
#3030 = AXIS2_PLACEMENT_3D ( 'NONE', #3642, #4118, #666 ) ;
#3031 = VERTEX_POINT ( 'NONE', #2749 ) ;
#3032 = ADVANCED_FACE ( 'NONE', ( #1031 ), #6258, .T. ) ;
#3033 = EDGE_CURVE ( 'NONE', #5604, #3171, #5724, .T. ) ;
#3034 = ORIENTED_EDGE ( 'NONE', *, *, #4114, .T. ) ;
#3035 = AXIS2_PLACEMENT_3D ( 'NONE', #7407, #2213, #1612 ) ;
#3036 = VECTOR ( 'NONE', #4083, 1000.000000000000000 ) ;
#3037 = DIRECTION ( 'NONE',  ( -1.000000000000000000, -0.000000000000000000, -0.000000000000000000 ) ) ;
#3038 = CARTESIAN_POINT ( 'NONE',  ( 11.99999999999999822, -43.83938735307280865, 18.28286404005783083 ) ) ;
#3039 = DIRECTION ( 'NONE',  ( -1.000000000000000000, 0.000000000000000000, -0.000000000000000000 ) ) ;
#3040 = LINE ( 'NONE', #2578, #2635 ) ;
#3041 = CYLINDRICAL_SURFACE ( 'NONE', #1226, 52.00000000000000000 ) ;
#3042 = EDGE_CURVE ( 'NONE', #866, #4573, #1675, .T. ) ;
#3043 = AXIS2_PLACEMENT_3D ( 'NONE', #905, #4483, #1562 ) ;
#3044 = DIRECTION ( 'NONE',  ( 0.000000000000000000, 0.000000000000000000, -1.000000000000000000 ) ) ;
#3045 = CARTESIAN_POINT ( 'NONE',  ( 0.000000000000000000, 0.000000000000000000, 0.000000000000000000 ) ) ;
#3046 = FACE_OUTER_BOUND ( 'NONE', #2520, .T. ) ;
#3047 = CARTESIAN_POINT ( 'NONE',  ( 0.000000000000000000, -18.53613841426757602, -48.58406706613921244 ) ) ;
#3048 = DIRECTION ( 'NONE',  ( 0.000000000000000000, 0.000000000000000000, 1.000000000000000000 ) ) ;
#3049 = EDGE_LOOP ( 'NONE', ( #3059, #416, #506, #4267 ) ) ;
#3050 = EDGE_CURVE ( 'NONE', #427, #3756, #6959, .T. ) ;
#3051 = VERTEX_POINT ( 'NONE', #6293 ) ;
#3052 = FACE_OUTER_BOUND ( 'NONE', #4590, .T. ) ;
#3053 = CARTESIAN_POINT ( 'NONE',  ( 12.00000000000000000, 0.000000000000000000, 0.000000000000000000 ) ) ;
#3054 = CARTESIAN_POINT ( 'NONE',  ( 0.000000000000000000, 0.000000000000000000, 0.000000000000000000 ) ) ;
#3055 = EDGE_CURVE ( 'NONE', #1758, #2877, #7450, .T. ) ;
#3056 = ORIENTED_EDGE ( 'NONE', *, *, #442, .T. ) ;
#3057 = ORIENTED_EDGE ( 'NONE', *, *, #952, .T. ) ;
#3058 = ORIENTED_EDGE ( 'NONE', *, *, #4172, .T. ) ;
#3059 = ORIENTED_EDGE ( 'NONE', *, *, #1127, .T. ) ;
#3060 = CARTESIAN_POINT ( 'NONE',  ( 0.000000000000000000, 44.75336757549799671, -14.30704879393555728 ) ) ;
#3061 = DIRECTION ( 'NONE',  ( -1.000000000000000000, -0.000000000000000000, 0.000000000000000000 ) ) ;
#3062 = DIRECTION ( 'NONE',  ( -1.000000000000000000, -0.000000000000000000, 0.000000000000000000 ) ) ;
#3063 = CIRCLE ( 'NONE', #6902, 52.00000000000000000 ) ;
#3064 = EDGE_LOOP ( 'NONE', ( #6806, #5049, #1847, #967 ) ) ;
#3065 = ORIENTED_EDGE ( 'NONE', *, *, #3972, .F. ) ;
#3066 = ADVANCED_FACE ( 'NONE', ( #6327 ), #6913, .T. ) ;
#3067 = EDGE_CURVE ( 'NONE', #3341, #367, #5846, .T. ) ;
#3068 = ORIENTED_EDGE ( 'NONE', *, *, #3939, .T. ) ;
#3069 = CIRCLE ( 'NONE', #4694, 20.00000000000000355 ) ;
#3070 = CARTESIAN_POINT ( 'NONE',  ( 11.99999999999999822, 7.162210897275710586, 51.50439529848831199 ) ) ;
#3071 = DIRECTION ( 'NONE',  ( -1.000000000000000000, 0.000000000000000000, -0.000000000000000000 ) ) ;
#3072 = DIRECTION ( 'NONE',  ( -1.000000000000000000, -0.000000000000000000, -0.000000000000000000 ) ) ;
#3073 = CARTESIAN_POINT ( 'NONE',  ( 0.000000000000000000, -22.43957647427128776, -41.27978878573652821 ) ) ;
#3074 = DIRECTION ( 'NONE',  ( -1.000000000000000000, -0.000000000000000000, -0.000000000000000000 ) ) ;
#3075 = AXIS2_PLACEMENT_3D ( 'NONE', #2404, #693, #7072 ) ;
#3076 = EDGE_CURVE ( 'NONE', #5346, #156, #1192, .T. ) ;
#3077 = AXIS2_PLACEMENT_3D ( 'NONE', #1977, #5522, #3873 ) ;
#3078 = CARTESIAN_POINT ( 'NONE',  ( 12.00000000000000000, 0.000000000000000000, 0.000000000000000000 ) ) ;
#3079 = DIRECTION ( 'NONE',  ( -1.000000000000000000, 0.000000000000000000, 0.000000000000000000 ) ) ;
#3080 = DIRECTION ( 'NONE',  ( 0.000000000000000000, 0.000000000000000000, 1.000000000000000000 ) ) ;
#3081 = FACE_OUTER_BOUND ( 'NONE', #3124, .T. ) ;
#3082 = DIRECTION ( 'NONE',  ( 0.000000000000000000, 0.4817536741017162116, -0.8763066800438631399 ) ) ;
#3083 = ORIENTED_EDGE ( 'NONE', *, *, #3184, .F. ) ;
#3084 = EDGE_CURVE ( 'NONE', #2955, #6665, #6947, .T. ) ;
#3085 = EDGE_CURVE ( 'NONE', #3310, #2497, #1223, .T. ) ;
#3086 = VERTEX_POINT ( 'NONE', #4092 ) ;
#3087 = DIRECTION ( 'NONE',  ( -1.000000000000000000, 0.000000000000000000, 0.000000000000000000 ) ) ;
#3088 = CARTESIAN_POINT ( 'NONE',  ( 0.000000000000000000, 0.000000000000000000, 0.000000000000000000 ) ) ;
#3089 = CARTESIAN_POINT ( 'NONE',  ( 11.99999999999999822, 44.47301969247468634, -16.68249143361861542 ) ) ;
#3090 = EDGE_CURVE ( 'NONE', #6729, #3264, #1423, .T. ) ;
#3091 = ORIENTED_EDGE ( 'NONE', *, *, #295, .F. ) ;
#3092 = ORIENTED_EDGE ( 'NONE', *, *, #834, .F. ) ;
#3093 = EDGE_CURVE ( 'NONE', #2611, #6933, #809, .T. ) ;
#3094 = EDGE_LOOP ( 'NONE', ( #7076, #3949, #3598, #6673 ) ) ;
#3095 = ORIENTED_EDGE ( 'NONE', *, *, #4288, .T. ) ;
#3096 = CARTESIAN_POINT ( 'NONE',  ( 0.000000000000000000, 9.744342220503391161, 46.48873837489801275 ) ) ;
#3097 = DIRECTION ( 'NONE',  ( -1.000000000000000000, 0.000000000000000000, 0.000000000000000000 ) ) ;
#3098 = CARTESIAN_POINT ( 'NONE',  ( 11.99999999999999822, 51.85248208264517444, 3.914090171286365383 ) ) ;
#3099 = EDGE_LOOP ( 'NONE', ( #3880, #2251, #4022, #153 ) ) ;
#3100 = ORIENTED_EDGE ( 'NONE', *, *, #3835, .T. ) ;
#3101 = AXIS2_PLACEMENT_3D ( 'NONE', #2801, #3830, #5162 ) ;
#3102 = EDGE_LOOP ( 'NONE', ( #3973, #5649, #6555, #4665, #1307 ) ) ;
#3103 = CARTESIAN_POINT ( 'NONE',  ( 0.000000000000000000, 17.08890430202813349, -43.76671000081925911 ) ) ;
#3104 = CARTESIAN_POINT ( 'NONE',  ( 6.000000000000000000, -25.61928775981011341, -45.25098998563505148 ) ) ;
#3105 = DIRECTION ( 'NONE',  ( -1.000000000000000000, -0.000000000000000000, -0.000000000000000000 ) ) ;
#3106 = CARTESIAN_POINT ( 'NONE',  ( 5.999999999999999112, -35.11945359308138848, 38.34871548466002622 ) ) ;
#3107 = CYLINDRICAL_SURFACE ( 'NONE', #3916, 20.00000000000000355 ) ;
#3108 = CIRCLE ( 'NONE', #4838, 20.00000000000000711 ) ;
#3109 = VERTEX_POINT ( 'NONE', #6442 ) ;
#3110 = EDGE_CURVE ( 'NONE', #4846, #7542, #6074, .T. ) ;
#3111 = VECTOR ( 'NONE', #3787, 1000.000000000000000 ) ;
#3112 = DIRECTION ( 'NONE',  ( 0.000000000000000000, 0.000000000000000000, -1.000000000000000000 ) ) ;
#3113 = AXIS2_PLACEMENT_3D ( 'NONE', #4130, #569, #4682 ) ;
#3114 = DIRECTION ( 'NONE',  ( 0.000000000000000000, 0.000000000000000000, 1.000000000000000000 ) ) ;
#3115 = DIRECTION ( 'NONE',  ( -1.000000000000000000, -0.000000000000000000, -0.000000000000000000 ) ) ;
#3116 = CYLINDRICAL_SURFACE ( 'NONE', #7591, 47.49900000000000233 ) ;
#3117 = DIRECTION ( 'NONE',  ( 1.000000000000000000, 0.000000000000000000, 0.000000000000000000 ) ) ;
#3118 = ORIENTED_EDGE ( 'NONE', *, *, #4413, .T. ) ;
#3119 = CIRCLE ( 'NONE', #7176, 20.00000000000000000 ) ;
#3120 = EDGE_CURVE ( 'NONE', #3853, #1168, #1072, .T. ) ;
#3122 = ORIENTED_EDGE ( 'NONE', *, *, #1076, .F. ) ;
#3121 = AXIS2_PLACEMENT_3D ( 'NONE', #600, #2272, #1777 ) ;
#3123 = VECTOR ( 'NONE', #6006, 1000.000000000000000 ) ;
#3124 = EDGE_LOOP ( 'NONE', ( #1650, #5422, #259, #6724, #3183, #6506, #368, #6766, #3700, #5818, #4917, #4414, #7112, #6298, #669, #2645, #898, #347, #1599, #6176, #1467, #5443, #3058, #5445, #289, #3234, #358, #5712, #6052, #7106, #3233, #406, #2915, #3152, #2612, #1947, #117, #4843, #1444, #4935, #7589, #1386, #2180, #2407, #1648, #4259, #459, #5484, #5776, #876, #3827, #4660, #5558, #4837, #439, #3235, #3348, #3490, #2091, #6971, #300, #2421, #2604, #7074, #7476, #773, #6629, #2719, #1748, #6888, #2636, #6279, #4266, #2192, #2155, #2630, #2027, #5198, #5576, #334, #7580, #6886, #1616, #2230, #2746, #2374, #6851, #2016, #4052, #4458, #1848, #5243, #2010, #4746, #926, #4098, #4372, #6727, #6929, #2834, #6026, #4352, #2827, #4993 ) ) ;
#3125 =( NAMED_UNIT ( * ) PLANE_ANGLE_UNIT ( ) SI_UNIT ( $, .RADIAN. ) );
#3126 = CARTESIAN_POINT ( 'NONE',  ( 11.99999999999999822, 19.44205635905539964, 43.33776004284617045 ) ) ;
#3127 = DIRECTION ( 'NONE',  ( 0.000000000000000000, 0.000000000000000000, 1.000000000000000000 ) ) ;
#3128 = DIRECTION ( 'NONE',  ( -1.000000000000000000, 0.000000000000000000, 0.000000000000000000 ) ) ;
#3129 = EDGE_LOOP ( 'NONE', ( #4332, #3959, #1380, #7038 ) ) ;
#3130 = ORIENTED_EDGE ( 'NONE', *, *, #5675, .T. ) ;
#3131 = AXIS2_PLACEMENT_3D ( 'NONE', #7357, #6660, #5542 ) ;
#3132 = ORIENTED_EDGE ( 'NONE', *, *, #3508, .F. ) ;
#3133 = VERTEX_POINT ( 'NONE', #645 ) ;
#3134 = AXIS2_PLACEMENT_3D ( 'NONE', #3389, #5140, #7482 ) ;
#3135 = AXIS2_PLACEMENT_3D ( 'NONE', #5953, #1137, #7147 ) ;
#3136 = CARTESIAN_POINT ( 'NONE',  ( 5.999999999999999112, 30.03615769709794847, -42.44795908868957923 ) ) ;
#3137 = CARTESIAN_POINT ( 'NONE',  ( 11.99999999999999822, -44.47301969247457265, 16.68249143361892450 ) ) ;
#3138 = CARTESIAN_POINT ( 'NONE',  ( 0.000000000000000000, -46.21320724403656754, 10.97699764141935042 ) ) ;
#3139 = ORIENTED_EDGE ( 'NONE', *, *, #5465, .F. ) ;
#3140 = ORIENTED_EDGE ( 'NONE', *, *, #889, .F. ) ;
#3141 = CIRCLE ( 'NONE', #1441, 47.49900000000000233 ) ;
#3142 = AXIS2_PLACEMENT_3D ( 'NONE', #1392, #1992, #7397 ) ;
#3143 = EDGE_LOOP ( 'NONE', ( #4547, #5887, #4125, #1185 ) ) ;
#3144 = DIRECTION ( 'NONE',  ( 1.000000000000000000, 0.000000000000000000, 0.000000000000000000 ) ) ;
#3146 = FACE_OUTER_BOUND ( 'NONE', #3567, .T. ) ;
#3145 = AXIS2_PLACEMENT_3D ( 'NONE', #3829, #4326, #6802 ) ;
#3147 = DIRECTION ( 'NONE',  ( 0.000000000000000000, -0.4817536741017036661, -0.8763066800438700232 ) ) ;
#3148 = DIRECTION ( 'NONE',  ( -1.000000000000000000, -0.000000000000000000, 0.000000000000000000 ) ) ;
#3149 = CARTESIAN_POINT ( 'NONE',  ( -10.00000000000000000, 0.000000000000000000, 0.000000000000000000 ) ) ;
#3150 = CARTESIAN_POINT ( 'NONE',  ( 0.000000000000000000, 35.20873326984128227, -31.88259874183991371 ) ) ;
#3151 = DIRECTION ( 'NONE',  ( 0.000000000000000000, 0.000000000000000000, 1.000000000000000000 ) ) ;
#3152 = ORIENTED_EDGE ( 'NONE', *, *, #7555, .F. ) ;
#3153 = AXIS2_PLACEMENT_3D ( 'NONE', #1263, #755, #4175 ) ;
#3154 = AXIS2_PLACEMENT_3D ( 'NONE', #1048, #2768, #6856 ) ;
#3155 = ADVANCED_FACE ( 'NONE', ( #714 ), #5865, .T. ) ;
#3156 = ADVANCED_FACE ( 'NONE', ( #4169, #5394, #5325, #4233, #3612, #4129 ), #133, .T. ) ;
#3157 = LINE ( 'NONE', #335, #4046 ) ;
#3158 = CARTESIAN_POINT ( 'NONE',  ( 0.000000000000000000, -41.00000000000000000, 1.699999999999975753 ) ) ;
#3159 = CARTESIAN_POINT ( 'NONE',  ( 11.99999999999999822, -46.87740477351714929, -3.172455868805721391 ) ) ;
#3160 = CARTESIAN_POINT ( 'NONE',  ( 12.00000000000000000, 3.840921266749842022, 47.34345070675171030 ) ) ;
#3161 = CARTESIAN_POINT ( 'NONE',  ( 12.00000000000000000, 47.49120266317495265, 0.8606222198177054805 ) ) ;
#3162 = CARTESIAN_POINT ( 'NONE',  ( 0.000000000000000000, 20.99948489194422763, 42.60488980472788256 ) ) ;
#3163 = CIRCLE ( 'NONE', #2812, 47.49900000000000233 ) ;
#3164 = AXIS2_PLACEMENT_3D ( 'NONE', #2702, #900, #5501 ) ;
#3165 = ORIENTED_EDGE ( 'NONE', *, *, #4068, .F. ) ;
#3166 = EDGE_CURVE ( 'NONE', #5571, #2287, #3261, .T. ) ;
#3167 = EDGE_CURVE ( 'NONE', #3205, #3462, #333, .T. ) ;
#3168 = ORIENTED_EDGE ( 'NONE', *, *, #4576, .T. ) ;
#3169 = EDGE_CURVE ( 'NONE', #4042, #6314, #6580, .T. ) ;
#3170 = AXIS2_PLACEMENT_3D ( 'NONE', #1061, #5741, #1139 ) ;
#3171 = VERTEX_POINT ( 'NONE', #7091 ) ;
#3172 = DIRECTION ( 'NONE',  ( 1.000000000000000000, 0.000000000000000000, 0.000000000000000000 ) ) ;
#3173 = CARTESIAN_POINT ( 'NONE',  ( -10.00000000000000000, 0.000000000000000000, 0.000000000000000000 ) ) ;
#3174 = DIRECTION ( 'NONE',  ( -1.000000000000000000, 0.000000000000000000, -0.000000000000000000 ) ) ;
#3175 = ORIENTED_EDGE ( 'NONE', *, *, #5465, .T. ) ;
#3176 = ORIENTED_EDGE ( 'NONE', *, *, #4144, .F. ) ;
#3177 = ORIENTED_EDGE ( 'NONE', *, *, #4515, .T. ) ;
#3178 = ORIENTED_EDGE ( 'NONE', *, *, #5262, .F. ) ;
#3179 = CARTESIAN_POINT ( 'NONE',  ( 0.000000000000000000, 41.20225022064634857, 23.63323037071418042 ) ) ;
#3180 = CARTESIAN_POINT ( 'NONE',  ( 0.000000000000000000, 0.000000000000000000, 0.000000000000000000 ) ) ;
#3181 = DIRECTION ( 'NONE',  ( 0.000000000000000000, 0.000000000000000000, 1.000000000000000000 ) ) ;
#3182 = VERTEX_POINT ( 'NONE', #1879 ) ;
#3183 = ORIENTED_EDGE ( 'NONE', *, *, #1588, .F. ) ;
#3184 = EDGE_CURVE ( 'NONE', #890, #6130, #1323, .T. ) ;
#3185 = ORIENTED_EDGE ( 'NONE', *, *, #1029, .F. ) ;
#3186 = DIRECTION ( 'NONE',  ( 0.000000000000000000, 0.2486898871648482723, 0.9685831611286327414 ) ) ;
#3187 = CYLINDRICAL_SURFACE ( 'NONE', #7102, 20.00000000000000355 ) ;
#3188 = DIRECTION ( 'NONE',  ( 0.000000000000000000, 0.000000000000000000, -1.000000000000000000 ) ) ;
#3189 = DIRECTION ( 'NONE',  ( 0.000000000000000000, 0.000000000000000000, -1.000000000000000000 ) ) ;
#3190 = DIRECTION ( 'NONE',  ( 0.000000000000000000, 0.9980267284282712259, 0.06279051952931685721 ) ) ;
#3191 = DIRECTION ( 'NONE',  ( 0.000000000000000000, 0.000000000000000000, 1.000000000000000000 ) ) ;
#3192 = CARTESIAN_POINT ( 'NONE',  ( 11.99999999999999822, -37.91532898920940653, 28.61088654061626357 ) ) ;
#3193 = EDGE_CURVE ( 'NONE', #1316, #7241, #5958, .T. ) ;
#3194 = VERTEX_POINT ( 'NONE', #6543 ) ;
#3195 = CIRCLE ( 'NONE', #27, 47.49900000000000233 ) ;
#3196 = ADVANCED_FACE ( 'NONE', ( #3582 ), #5930, .F. ) ;
#3197 = ORIENTED_EDGE ( 'NONE', *, *, #5230, .T. ) ;
#3198 = LINE ( 'NONE', #2168, #6998 ) ;
#3199 = CARTESIAN_POINT ( 'NONE',  ( 11.99999999999999822, -11.46872990052411723, 45.56340405422440654 ) ) ;
#3200 = CARTESIAN_POINT ( 'NONE',  ( 0.000000000000000000, 51.85248208264524550, -3.914090171285628195 ) ) ;
#3201 = CARTESIAN_POINT ( 'NONE',  ( 0.000000000000000000, 3.840921266750529472, -47.34345070675165346 ) ) ;
#3203 = AXIS2_PLACEMENT_3D ( 'NONE', #4359, #5554, #294 ) ;
#3202 = CARTESIAN_POINT ( 'NONE',  ( 0.000000000000000000, 46.87740477351717061, 16.82754413119462811 ) ) ;
#3204 = CARTESIAN_POINT ( 'NONE',  ( 12.00000000000000000, 0.000000000000000000, 0.000000000000000000 ) ) ;
#3205 = VERTEX_POINT ( 'NONE', #749 ) ;
#3206 = ORIENTED_EDGE ( 'NONE', *, *, #4415, .T. ) ;
#3207 = AXIS2_PLACEMENT_3D ( 'NONE', #6319, #1058, #3387 ) ;
#3208 = ORIENTED_EDGE ( 'NONE', *, *, #5236, .F. ) ;
#3209 = VERTEX_POINT ( 'NONE', #5358 ) ;
#3210 = CARTESIAN_POINT ( 'NONE',  ( 5.999999999999999112, 47.32430374665931794, 21.55018039121546636 ) ) ;
#3211 = DIRECTION ( 'NONE',  ( -1.000000000000000000, 0.000000000000000000, 0.000000000000000000 ) ) ;
#3212 = DIRECTION ( 'NONE',  ( -1.000000000000000000, -0.000000000000000000, -0.000000000000000000 ) ) ;
#3213 = DIRECTION ( 'NONE',  ( -1.000000000000000000, -0.000000000000000000, 0.000000000000000000 ) ) ;
#3214 = ORIENTED_EDGE ( 'NONE', *, *, #4866, .T. ) ;
#3215 = ORIENTED_EDGE ( 'NONE', *, *, #1440, .T. ) ;
#3216 = EDGE_CURVE ( 'NONE', #3382, #2377, #2289, .T. ) ;
#3217 = ORIENTED_EDGE ( 'NONE', *, *, #956, .F. ) ;
#3218 = EDGE_LOOP ( 'NONE', ( #1506, #1769, #2755, #2199 ) ) ;
#3219 = DIRECTION ( 'NONE',  ( 1.000000000000000000, 0.000000000000000000, 0.000000000000000000 ) ) ;
#3220 = DIRECTION ( 'NONE',  ( -1.000000000000000000, 0.000000000000000000, 0.000000000000000000 ) ) ;
#3221 = DIRECTION ( 'NONE',  ( -1.000000000000000000, -0.000000000000000000, -0.000000000000000000 ) ) ;
#3222 = ORIENTED_EDGE ( 'NONE', *, *, #3981, .F. ) ;
#3223 = VERTEX_POINT ( 'NONE', #4198 ) ;
#3224 = VERTEX_POINT ( 'NONE', #6626 ) ;
#3225 = DIRECTION ( 'NONE',  ( 0.000000000000000000, 0.000000000000000000, 1.000000000000000000 ) ) ;
#3226 = CYLINDRICAL_SURFACE ( 'NONE', #7090, 52.00000000000000000 ) ;
#3227 = CARTESIAN_POINT ( 'NONE',  ( 15.00000000000000000, 0.000000000000000000, -42.69999999999998153 ) ) ;
#3228 = CARTESIAN_POINT ( 'NONE',  ( 12.00000000000000000, 0.000000000000000000, 0.000000000000000000 ) ) ;
#3229 = CYLINDRICAL_SURFACE ( 'NONE', #6587, 52.00000000000000000 ) ;
#3230 = CIRCLE ( 'NONE', #5098, 20.00000000000000711 ) ;
#3231 = CARTESIAN_POINT ( 'NONE',  ( 0.000000000000000000, 30.93515269692164438, -36.04401931830218331 ) ) ;
#3232 = DIRECTION ( 'NONE',  ( 1.000000000000000000, 0.000000000000000000, 0.000000000000000000 ) ) ;
#3233 = ORIENTED_EDGE ( 'NONE', *, *, #1806, .T. ) ;
#3234 = ORIENTED_EDGE ( 'NONE', *, *, #4944, .F. ) ;
#3235 = ORIENTED_EDGE ( 'NONE', *, *, #1642, .T. ) ;
#3236 = DIRECTION ( 'NONE',  ( 0.000000000000000000, 0.000000000000000000, -1.000000000000000000 ) ) ;
#3237 = CIRCLE ( 'NONE', #5943, 20.00000000000000355 ) ;
#3238 = DIRECTION ( 'NONE',  ( -1.000000000000000000, -0.000000000000000000, -0.000000000000000000 ) ) ;
#3239 = CARTESIAN_POINT ( 'NONE',  ( 12.00000000000000000, 0.000000000000000000, 0.000000000000000000 ) ) ;
#3240 = CARTESIAN_POINT ( 'NONE',  ( 0.000000000000000000, -15.49408907645205069, 44.90087086784587456 ) ) ;
#3241 = DIRECTION ( 'NONE',  ( 1.000000000000000000, -0.000000000000000000, -0.000000000000000000 ) ) ;
#3242 = ORIENTED_EDGE ( 'NONE', *, *, #7208, .F. ) ;
#3243 = AXIS2_PLACEMENT_3D ( 'NONE', #4985, #1569, #7489 ) ;
#3244 = EDGE_LOOP ( 'NONE', ( #7266, #1114, #5089, #2366 ) ) ;
#3245 = ORIENTED_EDGE ( 'NONE', *, *, #2, .T. ) ;
#3246 = CIRCLE ( 'NONE', #2503, 20.00000000000000711 ) ;
#3247 = ORIENTED_EDGE ( 'NONE', *, *, #3994, .F. ) ;
#3248 = DIRECTION ( 'NONE',  ( 0.000000000000000000, 0.000000000000000000, 1.000000000000000000 ) ) ;
#3249 = PLANE ( 'NONE',  #1214 ) ;
#3250 = DIRECTION ( 'NONE',  ( -1.000000000000000000, -0.000000000000000000, 0.000000000000000000 ) ) ;
#3251 = CARTESIAN_POINT ( 'NONE',  ( 0.000000000000000000, 0.000000000000000000, 0.000000000000000000 ) ) ;
#3252 = AXIS2_PLACEMENT_3D ( 'NONE', #2322, #5254, #3580 ) ;
#3253 = ORIENTED_EDGE ( 'NONE', *, *, #6215, .T. ) ;
#3254 = CIRCLE ( 'NONE', #1897, 20.00000000000000000 ) ;
#3255 = ORIENTED_EDGE ( 'NONE', *, *, #1217, .T. ) ;
#3256 = VECTOR ( 'NONE', #6076, 1000.000000000000000 ) ;
#3257 = EDGE_CURVE ( 'NONE', #1810, #5280, #1394, .T. ) ;
#3258 = ADVANCED_FACE ( 'NONE', ( #5504 ), #3229, .T. ) ;
#3259 = EDGE_LOOP ( 'NONE', ( #4991, #7283, #7340, #1463 ) ) ;
#3260 = CARTESIAN_POINT ( 'NONE',  ( 11.99999999999999822, 5.667686777401696574, 46.64153600743607342 ) ) ;
#3261 = CIRCLE ( 'NONE', #2286, 52.00000000000000000 ) ;
#3262 = CARTESIAN_POINT ( 'NONE',  ( 12.00000000000000000, 24.72041153920788403, -40.55929306992662475 ) ) ;
#3263 = CARTESIAN_POINT ( 'NONE',  ( 11.99999999999999822, 0.000000000000000000, 0.000000000000000000 ) ) ;
#3264 = VERTEX_POINT ( 'NONE', #5584 ) ;
#3265 = EDGE_LOOP ( 'NONE', ( #2594, #2933, #7288, #3095 ) ) ;
#3266 = EDGE_CURVE ( 'NONE', #6253, #4387, #200, .T. ) ;
#3267 = ORIENTED_EDGE ( 'NONE', *, *, #7492, .T. ) ;
#3268 = VECTOR ( 'NONE', #7194, 1000.000000000000000 ) ;
#3269 = ADVANCED_FACE ( 'NONE', ( #328 ), #6115, .T. ) ;
#3270 = DIRECTION ( 'NONE',  ( -0.000000000000000000, 0.000000000000000000, 1.000000000000000000 ) ) ;
#3271 = FACE_OUTER_BOUND ( 'NONE', #5918, .T. ) ;
#3272 = CARTESIAN_POINT ( 'NONE',  ( 12.00000000000000000, 0.000000000000000000, 0.000000000000000000 ) ) ;
#3273 = DIRECTION ( 'NONE',  ( 0.000000000000000000, 0.000000000000000000, 1.000000000000000000 ) ) ;
#3274 = LINE ( 'NONE', #7549, #6077 ) ;
#3275 = CARTESIAN_POINT ( 'NONE',  ( 0.000000000000000000, 0.000000000000000000, 0.000000000000000000 ) ) ;
#3276 = CARTESIAN_POINT ( 'NONE',  ( 0.000000000000000000, 41.00000000000000000, 1.699999999999975753 ) ) ;
#3277 = AXIS2_PLACEMENT_3D ( 'NONE', #6696, #819, #3147 ) ;
#3278 = VECTOR ( 'NONE', #2447, 1000.000000000000000 ) ;
#3279 = ORIENTED_EDGE ( 'NONE', *, *, #2069, .F. ) ;
#3280 = AXIS2_PLACEMENT_3D ( 'NONE', #1313, #159, #6618 ) ;
#3281 = EDGE_CURVE ( 'NONE', #2681, #7113, #2657, .T. ) ;
#3282 = CIRCLE ( 'NONE', #2409, 1.699999999999986189 ) ;
#3283 = CIRCLE ( 'NONE', #1453, 47.49900000000000233 ) ;
#3284 = ORIENTED_EDGE ( 'NONE', *, *, #2330, .T. ) ;
#3285 = LINE ( 'NONE', #4406, #947 ) ;
#3286 = CYLINDRICAL_SURFACE ( 'NONE', #2775, 52.00000000000000000 ) ;
#3287 = CYLINDRICAL_SURFACE ( 'NONE', #3243, 20.00000000000000355 ) ;
#3288 = CARTESIAN_POINT ( 'NONE',  ( 0.000000000000000000, -44.61570720899084108, -14.73072383765614290 ) ) ;
#3289 = DIRECTION ( 'NONE',  ( 1.000000000000000000, -0.000000000000000000, -0.000000000000000000 ) ) ;
#3290 = VERTEX_POINT ( 'NONE', #1957 ) ;
#3291 = AXIS2_PLACEMENT_3D ( 'NONE', #6719, #5651, #2558 ) ;
#3292 = CIRCLE ( 'NONE', #5272, 20.00000000000000355 ) ;
#3293 = VERTEX_POINT ( 'NONE', #4851 ) ;
#3294 = ORIENTED_EDGE ( 'NONE', *, *, #1838, .T. ) ;
#3295 = EDGE_CURVE ( 'NONE', #1168, #1355, #5022, .T. ) ;
#3296 = ORIENTED_EDGE ( 'NONE', *, *, #6344, .F. ) ;
#3297 = AXIS2_PLACEMENT_3D ( 'NONE', #1225, #5327, #7026 ) ;
#3298 = DIRECTION ( 'NONE',  ( 0.000000000000000000, 0.000000000000000000, 1.000000000000000000 ) ) ;
#3299 = CARTESIAN_POINT ( 'NONE',  ( 11.99999999999999822, -42.41764978026620270, 20.20639853260276197 ) ) ;
#3300 = CYLINDRICAL_SURFACE ( 'NONE', #6047, 20.00000000000000355 ) ;
#3301 = FACE_OUTER_BOUND ( 'NONE', #3828, .T. ) ;
#3302 = ADVANCED_FACE ( 'NONE', ( #862 ), #248, .F. ) ;
#3303 = AXIS2_PLACEMENT_3D ( 'NONE', #1778, #2781, #4599 ) ;
#3304 = ORIENTED_EDGE ( 'NONE', *, *, #221, .F. ) ;
#3305 = ORIENTED_EDGE ( 'NONE', *, *, #4404, .F. ) ;
#3306 = EDGE_CURVE ( 'NONE', #1943, #3182, #2784, .T. ) ;
#3307 = DIRECTION ( 'NONE',  ( -1.000000000000000000, -0.000000000000000000, -0.000000000000000000 ) ) ;
#3308 = DIRECTION ( 'NONE',  ( 0.000000000000000000, 0.000000000000000000, 1.000000000000000000 ) ) ;
#3309 = ORIENTED_EDGE ( 'NONE', *, *, #4105, .T. ) ;
#3310 = VERTEX_POINT ( 'NONE', #2038 ) ;
#3311 = VERTEX_POINT ( 'NONE', #4932 ) ;
#3312 = CYLINDRICAL_SURFACE ( 'NONE', #2794, 20.00000000000000355 ) ;
#3313 = DIRECTION ( 'NONE',  ( 0.000000000000000000, 0.000000000000000000, 1.000000000000000000 ) ) ;
#3314 = CARTESIAN_POINT ( 'NONE',  ( 0.000000000000000000, 0.000000000000000000, 0.000000000000000000 ) ) ;
#3315 = DIRECTION ( 'NONE',  ( 0.000000000000000000, 0.000000000000000000, 1.000000000000000000 ) ) ;
#3316 = CARTESIAN_POINT ( 'NONE',  ( 6.000000000000000000, -50.95304419620833158, 10.38206564895641826 ) ) ;
#3317 = DIRECTION ( 'NONE',  ( -1.000000000000000000, -0.000000000000000000, 0.000000000000000000 ) ) ;
#3318 = DIRECTION ( 'NONE',  ( 0.000000000000000000, 0.000000000000000000, 1.000000000000000000 ) ) ;
#3319 = ADVANCED_FACE ( 'NONE', ( #2088 ), #1358, .T. ) ;
#3320 = EDGE_LOOP ( 'NONE', ( #2808, #2265, #2471, #5725 ) ) ;
#3321 = EDGE_CURVE ( 'NONE', #2377, #2112, #166, .T. ) ;
#3322 = DIRECTION ( 'NONE',  ( 0.000000000000000000, 0.9822872507286893873, -0.1873813145857213536 ) ) ;
#3323 = CARTESIAN_POINT ( 'NONE',  ( 0.000000000000000000, 17.50309955389612426, 43.60271849949369027 ) ) ;
#3324 = DIRECTION ( 'NONE',  ( -1.000000000000000000, 0.000000000000000000, -0.000000000000000000 ) ) ;
#3325 = CARTESIAN_POINT ( 'NONE',  ( 0.000000000000000000, -32.32520163883608433, 34.09746168776024433 ) ) ;
#3326 = DIRECTION ( 'NONE',  ( 0.000000000000000000, 0.5877852522924742473, -0.8090169943749466741 ) ) ;
#3327 = ORIENTED_EDGE ( 'NONE', *, *, #6274, .T. ) ;
#3328 = AXIS2_PLACEMENT_3D ( 'NONE', #2363, #5332, #71 ) ;
#3329 = ORIENTED_EDGE ( 'NONE', *, *, #3715, .T. ) ;
#3330 = VERTEX_POINT ( 'NONE', #781 ) ;
#3331 = AXIS2_PLACEMENT_3D ( 'NONE', #3361, #537, #1721 ) ;
#3332 = ORIENTED_EDGE ( 'NONE', *, *, #3120, .T. ) ;
#3334 = VECTOR ( 'NONE', #5597, 1000.000000000000000 ) ;
#3333 = CARTESIAN_POINT ( 'NONE',  ( 0.000000000000000000, -47.49120266317495975, 0.8606222198173691940 ) ) ;
#3335 = CYLINDRICAL_SURFACE ( 'NONE', #1452, 20.00000000000000355 ) ;
#3336 = DIRECTION ( 'NONE',  ( -1.000000000000000000, -0.000000000000000000, 0.000000000000000000 ) ) ;
#3337 = CARTESIAN_POINT ( 'NONE',  ( 11.99999999999999822, 0.000000000000000000, 0.000000000000000000 ) ) ;
#3338 = EDGE_CURVE ( 'NONE', #5474, #5108, #5964, .T. ) ;
#3339 = EDGE_CURVE ( 'NONE', #785, #5571, #816, .T. ) ;
#3340 = CIRCLE ( 'NONE', #1972, 20.00000000000000711 ) ;
#3341 = VERTEX_POINT ( 'NONE', #6746 ) ;
#3342 = VERTEX_POINT ( 'NONE', #285 ) ;
#3343 = EDGE_CURVE ( 'NONE', #7509, #2649, #6227, .T. ) ;
#3344 = CARTESIAN_POINT ( 'NONE',  ( 11.99999999999999822, -5.667686777402022535, 46.64153600743603079 ) ) ;
#3345 = CARTESIAN_POINT ( 'NONE',  ( 11.99999999999999822, 0.000000000000000000, 0.000000000000000000 ) ) ;
#3346 = ADVANCED_FACE ( 'NONE', ( #6699 ), #1434, .T. ) ;
#3347 = VERTEX_POINT ( 'NONE', #2618 ) ;
#3348 = ORIENTED_EDGE ( 'NONE', *, *, #1157, .F. ) ;
#3349 = ORIENTED_EDGE ( 'NONE', *, *, #1279, .T. ) ;
#3350 = CARTESIAN_POINT ( 'NONE',  ( 6.000000000000000000, 0.6505223195690315041, -51.99593080916758936 ) ) ;
#3351 = CARTESIAN_POINT ( 'NONE',  ( 11.99999999999999822, 46.90537658765330065, 2.727856614654466938 ) ) ;
#3352 = DIRECTION ( 'NONE',  ( 0.000000000000000000, 0.000000000000000000, -1.000000000000000000 ) ) ;
#3353 = FACE_OUTER_BOUND ( 'NONE', #2288, .T. ) ;
#3354 = DIRECTION ( 'NONE',  ( 0.000000000000000000, -0.1253332335642905471, -0.9921147013144795412 ) ) ;
#3355 = DIRECTION ( 'NONE',  ( -1.000000000000000000, 0.000000000000000000, 0.000000000000000000 ) ) ;
#3356 = ORIENTED_EDGE ( 'NONE', *, *, #496, .F. ) ;
#3357 = LINE ( 'NONE', #5148, #6326 ) ;
#3358 = CARTESIAN_POINT ( 'NONE',  ( 0.000000000000000000, 0.000000000000000000, 0.000000000000000000 ) ) ;
#3359 = CARTESIAN_POINT ( 'NONE',  ( 12.00000000000000000, 0.000000000000000000, 0.000000000000000000 ) ) ;
#3360 = PLANE ( 'NONE',  #6735 ) ;
#3361 = CARTESIAN_POINT ( 'NONE',  ( 0.000000000000000000, 0.000000000000000000, 0.000000000000000000 ) ) ;
#3362 = EDGE_CURVE ( 'NONE', #2571, #7392, #1564, .T. ) ;
#3363 = VERTEX_POINT ( 'NONE', #4010 ) ;
#3364 = CIRCLE ( 'NONE', #915, 52.00000000000000000 ) ;
#3365 = ORIENTED_EDGE ( 'NONE', *, *, #1152, .F. ) ;
#3366 = ORIENTED_EDGE ( 'NONE', *, *, #609, .T. ) ;
#3367 = ORIENTED_EDGE ( 'NONE', *, *, #5905, .F. ) ;
#3368 = DIRECTION ( 'NONE',  ( 0.000000000000000000, 0.000000000000000000, 1.000000000000000000 ) ) ;
#3369 = DIRECTION ( 'NONE',  ( 1.000000000000000000, 0.000000000000000000, 0.000000000000000000 ) ) ;
#3370 = CARTESIAN_POINT ( 'NONE',  ( 11.99999999999999822, 46.11014828289842882, -9.022736828080882177 ) ) ;
#3371 = DIRECTION ( 'NONE',  ( -1.000000000000000000, 0.000000000000000000, 0.000000000000000000 ) ) ;
#3372 = EDGE_CURVE ( 'NONE', #5559, #983, #584, .T. ) ;
#3373 = AXIS2_PLACEMENT_3D ( 'NONE', #3228, #1357, #7231 ) ;
#3374 = ORIENTED_EDGE ( 'NONE', *, *, #4889, .F. ) ;
#3375 = EDGE_LOOP ( 'NONE', ( #5039, #6365, #2018, #486 ) ) ;
#3376 = AXIS2_PLACEMENT_3D ( 'NONE', #3870, #5080, #3298 ) ;
#3377 = DIRECTION ( 'NONE',  ( -1.000000000000000000, 0.000000000000000000, 0.000000000000000000 ) ) ;
#3378 = DIRECTION ( 'NONE',  ( -1.000000000000000000, -0.000000000000000000, 0.000000000000000000 ) ) ;
#3379 = ORIENTED_EDGE ( 'NONE', *, *, #2372, .T. ) ;
#3380 = ORIENTED_EDGE ( 'NONE', *, *, #2946, .F. ) ;
#3381 = AXIS2_PLACEMENT_3D ( 'NONE', #3006, #103, #2431 ) ;
#3382 = VERTEX_POINT ( 'NONE', #374 ) ;
#3383 = EDGE_CURVE ( 'NONE', #1498, #4854, #6969, .T. ) ;
#3384 = VECTOR ( 'NONE', #4317, 1000.000000000000000 ) ;
#3385 = DIRECTION ( 'NONE',  ( 1.000000000000000000, 0.000000000000000000, 0.000000000000000000 ) ) ;
#3386 = LINE ( 'NONE', #1097, #343 ) ;
#3387 = DIRECTION ( 'NONE',  ( 0.000000000000000000, 0.000000000000000000, 1.000000000000000000 ) ) ;
#3388 = DIRECTION ( 'NONE',  ( 0.000000000000000000, 0.000000000000000000, -1.000000000000000000 ) ) ;
#3389 = CARTESIAN_POINT ( 'NONE',  ( 0.000000000000000000, 0.000000000000000000, 0.000000000000000000 ) ) ;
#3390 = DIRECTION ( 'NONE',  ( -1.000000000000000000, 0.000000000000000000, -0.000000000000000000 ) ) ;
#3391 = VERTEX_POINT ( 'NONE', #4597 ) ;
#3392 = AXIS2_PLACEMENT_3D ( 'NONE', #6981, #527, #3388 ) ;
#3393 = FACE_OUTER_BOUND ( 'NONE', #4182, .T. ) ;
#3394 = CIRCLE ( 'NONE', #471, 52.00000000000000000 ) ;
#3395 = EDGE_CURVE ( 'NONE', #3205, #3836, #6320, .T. ) ;
#3396 = AXIS2_PLACEMENT_3D ( 'NONE', #2386, #608, #7022 ) ;
#3397 = CARTESIAN_POINT ( 'NONE',  ( 6.000000000000000000, -19.74581912682806717, -48.10512059033415966 ) ) ;
#3398 = FACE_OUTER_BOUND ( 'NONE', #6466, .T. ) ;
#3399 = FACE_OUTER_BOUND ( 'NONE', #6082, .T. ) ;
#3400 = DIRECTION ( 'NONE',  ( 1.000000000000000000, -0.000000000000000000, -0.000000000000000000 ) ) ;
#3401 = ORIENTED_EDGE ( 'NONE', *, *, #4404, .T. ) ;
#3402 = ADVANCED_FACE ( 'NONE', ( #3353 ), #2705, .F. ) ;
#3403 = AXIS2_PLACEMENT_3D ( 'NONE', #7212, #7107, #6641 ) ;
#3404 = CIRCLE ( 'NONE', #1086, 47.49899999999999523 ) ;
#3405 = EDGE_CURVE ( 'NONE', #427, #1492, #3747, .T. ) ;
#3406 = VECTOR ( 'NONE', #3455, 1000.000000000000000 ) ;
#3407 = VERTEX_POINT ( 'NONE', #6359 ) ;
#3408 = VERTEX_POINT ( 'NONE', #6822 ) ;
#3409 = LINE ( 'NONE', #1153, #6691 ) ;
#3410 = DIRECTION ( 'NONE',  ( 1.000000000000000000, -0.000000000000000000, -0.000000000000000000 ) ) ;
#3411 = DIRECTION ( 'NONE',  ( 0.000000000000000000, -0.4817536741017223179, 0.8763066800438598092 ) ) ;
#3412 = LINE ( 'NONE', #7536, #3948 ) ;
#3413 = CIRCLE ( 'NONE', #7473, 1.699999999999986189 ) ;
#3414 = AXIS2_PLACEMENT_3D ( 'NONE', #2650, #1382, #5006 ) ;
#3415 = EDGE_CURVE ( 'NONE', #2571, #3407, #3274, .T. ) ;
#3416 = EDGE_CURVE ( 'NONE', #3224, #7241, #6906, .T. ) ;
#3417 = EDGE_CURVE ( 'NONE', #5128, #5566, #3432, .T. ) ;
#3418 = AXIS2_PLACEMENT_3D ( 'NONE', #2132, #6836, #3907 ) ;
#3419 = ORIENTED_EDGE ( 'NONE', *, *, #834, .T. ) ;
#3420 = CARTESIAN_POINT ( 'NONE',  ( 0.000000000000000000, -26.17370628620683704, 39.63700417846153812 ) ) ;
#3421 = CARTESIAN_POINT ( 'NONE',  ( 0.000000000000000000, 0.000000000000000000, 0.000000000000000000 ) ) ;
#3422 = AXIS2_PLACEMENT_3D ( 'NONE', #1436, #6824, #3318 ) ;
#3423 = CIRCLE ( 'NONE', #7586, 20.00000000000000355 ) ;
#3424 = ORIENTED_EDGE ( 'NONE', *, *, #3981, .T. ) ;
#3425 = ORIENTED_EDGE ( 'NONE', *, *, #2524, .F. ) ;
#3426 = ORIENTED_EDGE ( 'NONE', *, *, #1121, .T. ) ;
#3427 = VERTEX_POINT ( 'NONE', #2162 ) ;
#3428 = CIRCLE ( 'NONE', #4417, 20.00000000000000711 ) ;
#3429 = DIRECTION ( 'NONE',  ( -1.000000000000000000, 0.000000000000000000, 0.000000000000000000 ) ) ;
#3430 = CARTESIAN_POINT ( 'NONE',  ( 11.99999999999999822, -49.65209126885751800, -15.44894276735606020 ) ) ;
#3431 = CARTESIAN_POINT ( 'NONE',  ( 12.00000000000000000, 20.99948489194482804, -42.60488980472758413 ) ) ;
#3432 = LINE ( 'NONE', #3316, #1075 ) ;
#3433 = CARTESIAN_POINT ( 'NONE',  ( 12.00000000000000000, 0.000000000000000000, 0.000000000000000000 ) ) ;
#3434 = CARTESIAN_POINT ( 'NONE',  ( 11.99999999999999822, -30.03615769709706029, -42.44795908869020451 ) ) ;
#3435 = ORIENTED_EDGE ( 'NONE', *, *, #7537, .T. ) ;
#3436 = EDGE_CURVE ( 'NONE', #2321, #744, #337, .T. ) ;
#3437 = CARTESIAN_POINT ( 'NONE',  ( 6.000000000000000000, 12.30077720129170693, -50.52416135122069107 ) ) ;
#3438 = ADVANCED_FACE ( 'NONE', ( #1023 ), #2125, .F. ) ;
#3439 = CARTESIAN_POINT ( 'NONE',  ( 0.000000000000000000, 0.000000000000000000, 0.000000000000000000 ) ) ;
#3440 = CYLINDRICAL_SURFACE ( 'NONE', #1665, 20.00000000000000355 ) ;
#3441 = CYLINDRICAL_SURFACE ( 'NONE', #2314, 20.00000000000000355 ) ;
#3442 = DIRECTION ( 'NONE',  ( -1.000000000000000000, -0.000000000000000000, -0.000000000000000000 ) ) ;
#3443 = VERTEX_POINT ( 'NONE', #5739 ) ;
#3444 = EDGE_CURVE ( 'NONE', #438, #3869, #4244, .T. ) ;
#3445 = ORIENTED_EDGE ( 'NONE', *, *, #3971, .T. ) ;
#3446 = CARTESIAN_POINT ( 'NONE',  ( 0.000000000000000000, -22.43957647427188107, 41.27978878573619426 ) ) ;
#3447 = CARTESIAN_POINT ( 'NONE',  ( 11.99999999999999822, 5.667686777402349385, -46.64153600743598105 ) ) ;
#3448 = DIRECTION ( 'NONE',  ( 0.000000000000000000, 0.000000000000000000, -1.000000000000000000 ) ) ;
#3449 = CIRCLE ( 'NONE', #3803, 52.00000000000000000 ) ;
#3450 = DIRECTION ( 'NONE',  ( 0.000000000000000000, 0.000000000000000000, 1.000000000000000000 ) ) ;
#3451 = VECTOR ( 'NONE', #1968, 1000.000000000000000 ) ;
#3452 = EDGE_LOOP ( 'NONE', ( #1345, #6378, #1427, #2200 ) ) ;
#3453 = DIRECTION ( 'NONE',  ( 1.000000000000000000, 0.000000000000000000, 0.000000000000000000 ) ) ;
#3454 = PLANE ( 'NONE',  #4154 ) ;
#3455 = DIRECTION ( 'NONE',  ( -1.000000000000000000, 0.000000000000000000, -0.000000000000000000 ) ) ;
#3456 = CIRCLE ( 'NONE', #2462, 20.00000000000000711 ) ;
#3457 = EDGE_CURVE ( 'NONE', #3330, #4042, #3518, .T. ) ;
#3458 = VERTEX_POINT ( 'NONE', #2779 ) ;
#3459 = EDGE_LOOP ( 'NONE', ( #7251, #2682, #218, #7044 ) ) ;
#3460 = ORIENTED_EDGE ( 'NONE', *, *, #7593, .T. ) ;
#3461 = AXIS2_PLACEMENT_3D ( 'NONE', #3337, #7292, #2688 ) ;
#3462 = VERTEX_POINT ( 'NONE', #5064 ) ;
#3463 = CYLINDRICAL_SURFACE ( 'NONE', #5160, 52.00000000000000000 ) ;
#3464 = LINE ( 'NONE', #5814, #4639 ) ;
#3465 = DIRECTION ( 'NONE',  ( 1.000000000000000000, 0.000000000000000000, 0.000000000000000000 ) ) ;
#3466 = DIRECTION ( 'NONE',  ( 0.000000000000000000, 0.000000000000000000, 1.000000000000000000 ) ) ;
#3467 = DIRECTION ( 'NONE',  ( -1.000000000000000000, 0.000000000000000000, 0.000000000000000000 ) ) ;
#3468 = ORIENTED_EDGE ( 'NONE', *, *, #4668, .F. ) ;
#3469 = ADVANCED_FACE ( 'NONE', ( #4480 ), #492, .F. ) ;
#3470 = DIRECTION ( 'NONE',  ( -1.000000000000000000, 0.000000000000000000, -0.000000000000000000 ) ) ;
#3471 = FACE_OUTER_BOUND ( 'NONE', #3375, .T. ) ;
#3472 = DIRECTION ( 'NONE',  ( 0.000000000000000000, 0.5877852522924743583, -0.8090169943749466741 ) ) ;
#3473 = CARTESIAN_POINT ( 'NONE',  ( -10.00000000000000000, 0.000000000000000000, 0.000000000000000000 ) ) ;
#3474 = LINE ( 'NONE', #5824, #3542 ) ;
#3475 = CARTESIAN_POINT ( 'NONE',  ( 11.99999999999999822, -46.19362259308826424, -8.585149169758988563 ) ) ;
#3476 = EDGE_LOOP ( 'NONE', ( #6799, #844, #1028, #1937 ) ) ;
#3477 = VERTEX_POINT ( 'NONE', #5139 ) ;
#3478 = EDGE_CURVE ( 'NONE', #3799, #6177, #2743, .T. ) ;
#3479 = CARTESIAN_POINT ( 'NONE',  ( 0.000000000000000000, 2.123073309835163069, 47.45152853935334747 ) ) ;
#3480 = DIRECTION ( 'NONE',  ( -1.000000000000000000, 0.000000000000000000, -0.000000000000000000 ) ) ;
#3481 = DIRECTION ( 'NONE',  ( -1.000000000000000000, 0.000000000000000000, -0.000000000000000000 ) ) ;
#3482 = DIRECTION ( 'NONE',  ( -1.000000000000000000, -0.000000000000000000, -0.000000000000000000 ) ) ;
#3483 = VECTOR ( 'NONE', #1401, 1000.000000000000000 ) ;
#3484 = AXIS2_PLACEMENT_3D ( 'NONE', #3173, #3212, #6720 ) ;
#3485 = ORIENTED_EDGE ( 'NONE', *, *, #5109, .T. ) ;
#3486 = DIRECTION ( 'NONE',  ( -1.000000000000000000, 0.000000000000000000, -0.000000000000000000 ) ) ;
#3487 = DIRECTION ( 'NONE',  ( -1.000000000000000000, 0.000000000000000000, 0.000000000000000000 ) ) ;
#3488 = AXIS2_PLACEMENT_3D ( 'NONE', #5215, #6482, #1878 ) ;
#3489 = CARTESIAN_POINT ( 'NONE',  ( 0.000000000000000000, 0.000000000000000000, 0.000000000000000000 ) ) ;
#3490 = ORIENTED_EDGE ( 'NONE', *, *, #2041, .F. ) ;
#3491 = EDGE_LOOP ( 'NONE', ( #6462, #348, #6272, #4553 ) ) ;
#3492 = ADVANCED_FACE ( 'NONE', ( #4564 ), #1637, .T. ) ;
#3493 = EDGE_CURVE ( 'NONE', #3293, #6313, #5815, .T. ) ;
#3494 = EDGE_LOOP ( 'NONE', ( #4732, #440 ) ) ;
#3495 = VECTOR ( 'NONE', #7415, 1000.000000000000000 ) ;
#3496 = ORIENTED_EDGE ( 'NONE', *, *, #1729, .T. ) ;
#3497 = VECTOR ( 'NONE', #3613, 1000.000000000000000 ) ;
#3498 = CARTESIAN_POINT ( 'NONE',  ( 12.00000000000000000, 43.83938735307293655, -18.28286404005752530 ) ) ;
#3499 = DIRECTION ( 'NONE',  ( -1.000000000000000000, 0.000000000000000000, -0.000000000000000000 ) ) ;
#3500 = CARTESIAN_POINT ( 'NONE',  ( 12.00000000000000000, 0.000000000000000000, 0.000000000000000000 ) ) ;
#3501 = CARTESIAN_POINT ( 'NONE',  ( 0.000000000000000000, -39.55064067543045780, -25.36340625197401266 ) ) ;
#3502 = DIRECTION ( 'NONE',  ( 1.000000000000000000, 0.000000000000000000, 0.000000000000000000 ) ) ;
#3503 = AXIS2_PLACEMENT_3D ( 'NONE', #1886, #5430, #2331 ) ;
#3504 = EDGE_CURVE ( 'NONE', #7521, #225, #2905, .T. ) ;
#3505 = VERTEX_POINT ( 'NONE', #6537 ) ;
#3506 = ADVANCED_FACE ( 'NONE', ( #599 ), #4085, .T. ) ;
#3507 = CIRCLE ( 'NONE', #1189, 47.49900000000000233 ) ;
#3508 = EDGE_CURVE ( 'NONE', #2798, #2057, #3011, .T. ) ;
#3509 = ORIENTED_EDGE ( 'NONE', *, *, #7512, .T. ) ;
#3510 = VECTOR ( 'NONE', #6171, 1000.000000000000000 ) ;
#3511 = AXIS2_PLACEMENT_3D ( 'NONE', #6257, #4640, #2828 ) ;
#3512 = DIRECTION ( 'NONE',  ( 0.000000000000000000, 0.000000000000000000, -1.000000000000000000 ) ) ;
#3513 = DIRECTION ( 'NONE',  ( -1.000000000000000000, 0.000000000000000000, 0.000000000000000000 ) ) ;
#3514 = DIRECTION ( 'NONE',  ( 0.000000000000000000, 0.000000000000000000, -1.000000000000000000 ) ) ;
#3515 = CARTESIAN_POINT ( 'NONE',  ( 11.99999999999999822, -15.49408907645205069, 44.90087086784587456 ) ) ;
#3516 = CARTESIAN_POINT ( 'NONE',  ( 0.000000000000000000, -44.25018368420762016, 27.31155879685168131 ) ) ;
#3517 = DIRECTION ( 'NONE',  ( 0.000000000000000000, 0.6845471059286846183, 0.7289686274214153272 ) ) ;
#3518 = CIRCLE ( 'NONE', #5728, 20.00000000000000355 ) ;
#3519 = EDGE_LOOP ( 'NONE', ( #5263, #1869, #3929, #2081 ) ) ;
#3520 = ORIENTED_EDGE ( 'NONE', *, *, #2624, .F. ) ;
#3521 = AXIS2_PLACEMENT_3D ( 'NONE', #7015, #5386, #21 ) ;
#3522 = DIRECTION ( 'NONE',  ( 0.000000000000000000, 0.1253332335642974305, 0.9921147013144787641 ) ) ;
#3523 = CARTESIAN_POINT ( 'NONE',  ( 5.999999999999999112, -31.08872492059984793, 41.68322423723090964 ) ) ;
#3524 = PLANE ( 'NONE',  #6676 ) ;
#3525 = DIRECTION ( 'NONE',  ( -0.000000000000000000, 0.000000000000000000, 1.000000000000000000 ) ) ;
#3526 = CIRCLE ( 'NONE', #1087, 47.49900000000000233 ) ;
#3527 = EDGE_CURVE ( 'NONE', #3020, #1951, #1311, .T. ) ;
#3528 = AXIS2_PLACEMENT_3D ( 'NONE', #5269, #2800, #6419 ) ;
#3529 = VERTEX_POINT ( 'NONE', #5923 ) ;
#3530 = CIRCLE ( 'NONE', #7474, 20.00000000000000355 ) ;
#3531 = CARTESIAN_POINT ( 'NONE',  ( 0.000000000000000000, 49.25004636492413823, -16.68630974939705425 ) ) ;
#3532 = EDGE_CURVE ( 'NONE', #252, #3868, #1244, .T. ) ;
#3533 = CARTESIAN_POINT ( 'NONE',  ( 6.000000000000000000, 24.47917365150011904, -45.87777302070909258 ) ) ;
#3534 = ORIENTED_EDGE ( 'NONE', *, *, #4840, .F. ) ;
#3535 = ORIENTED_EDGE ( 'NONE', *, *, #3794, .F. ) ;
#3536 = CIRCLE ( 'NONE', #6864, 20.00000000000000355 ) ;
#3537 = VECTOR ( 'NONE', #5470, 1000.000000000000000 ) ;
#3538 = ORIENTED_EDGE ( 'NONE', *, *, #4840, .T. ) ;
#3539 = EDGE_CURVE ( 'NONE', #225, #6347, #2788, .T. ) ;
#3540 = VERTEX_POINT ( 'NONE', #6398 ) ;
#3541 = DIRECTION ( 'NONE',  ( 0.000000000000000000, 0.000000000000000000, 1.000000000000000000 ) ) ;
#3542 = VECTOR ( 'NONE', #4683, 1000.000000000000000 ) ;
#3543 = AXIS2_PLACEMENT_3D ( 'NONE', #524, #6978, #1602 ) ;
#3544 = VECTOR ( 'NONE', #556, 1000.000000000000000 ) ;
#3545 = DIRECTION ( 'NONE',  ( 0.000000000000000000, 0.2486898871648553500, -0.9685831611286310761 ) ) ;
#3546 = CARTESIAN_POINT ( 'NONE',  ( 11.99999999999999822, 0.6505223195682856563, 51.99593080916758936 ) ) ;
#3547 = DIRECTION ( 'NONE',  ( 0.000000000000000000, 0.2486898871648482723, 0.9685831611286327414 ) ) ;
#3548 = ORIENTED_EDGE ( 'NONE', *, *, #2233, .F. ) ;
#3550 = ORIENTED_EDGE ( 'NONE', *, *, #6563, .F. ) ;
#3549 = CIRCLE ( 'NONE', #5390, 20.00000000000000355 ) ;
#3551 = DIRECTION ( 'NONE',  ( -1.000000000000000000, -0.000000000000000000, -0.000000000000000000 ) ) ;
#3552 = CARTESIAN_POINT ( 'NONE',  ( 0.000000000000000000, 36.06787431788676201, 37.45808914225504083 ) ) ;
#3553 = CARTESIAN_POINT ( 'NONE',  ( 11.99999999999999822, 0.000000000000000000, 0.000000000000000000 ) ) ;
#3554 = CARTESIAN_POINT ( 'NONE',  ( 11.99999999999999822, 0.000000000000000000, 0.000000000000000000 ) ) ;
#3555 = CARTESIAN_POINT ( 'NONE',  ( 0.000000000000000000, 0.000000000000000000, 0.000000000000000000 ) ) ;
#3556 = EDGE_CURVE ( 'NONE', #5156, #5767, #3752, .T. ) ;
#3557 = ADVANCED_FACE ( 'NONE', ( #2380 ), #2962, .T. ) ;
#3558 = FACE_OUTER_BOUND ( 'NONE', #3691, .T. ) ;
#3559 = CARTESIAN_POINT ( 'NONE',  ( 11.99999999999999822, -45.78515115856051665, 12.64416602183649374 ) ) ;
#3560 = CARTESIAN_POINT ( 'NONE',  ( 0.000000000000000000, 13.56094713063569479, 50.20060470671746344 ) ) ;
#3561 = CARTESIAN_POINT ( 'NONE',  ( 12.00000000000000000, 19.44205635905601426, -43.33776004284588623 ) ) ;
#3562 = VERTEX_POINT ( 'NONE', #3575 ) ;
#3563 = EDGE_CURVE ( 'NONE', #5354, #4963, #5619, .T. ) ;
#3564 = LINE ( 'NONE', #5337, #973 ) ;
#3565 = FACE_OUTER_BOUND ( 'NONE', #3491, .T. ) ;
#3566 = EDGE_LOOP ( 'NONE', ( #7187, #4340, #855, #6455 ) ) ;
#3567 = EDGE_LOOP ( 'NONE', ( #3952, #5204, #7293, #1673 ) ) ;
#3568 = AXIS2_PLACEMENT_3D ( 'NONE', #4724, #1234, #6636 ) ;
#3569 = ORIENTED_EDGE ( 'NONE', *, *, #994, .F. ) ;
#3570 = VERTEX_POINT ( 'NONE', #1211 ) ;
#3571 = AXIS2_PLACEMENT_3D ( 'NONE', #1757, #34, #3517 ) ;
#3573 = EDGE_CURVE ( 'NONE', #3427, #1543, #1845, .T. ) ;
#3572 = DIRECTION ( 'NONE',  ( 0.000000000000000000, 0.000000000000000000, -1.000000000000000000 ) ) ;
#3574 = AXIS2_PLACEMENT_3D ( 'NONE', #6079, #2433, #831 ) ;
#3575 = CARTESIAN_POINT ( 'NONE',  ( 0.000000000000000000, 34.03046037009303149, -33.13733193845768454 ) ) ;
#3576 = CARTESIAN_POINT ( 'NONE',  ( 15.00000000000000178, 2.081899558550485982E-16, 42.69999999999999574 ) ) ;
#3577 = EDGE_LOOP ( 'NONE', ( #288, #4106, #3637, #5488 ) ) ;
#3578 = AXIS2_PLACEMENT_3D ( 'NONE', #3054, #7172, #5440 ) ;
#3579 = VERTEX_POINT ( 'NONE', #6508 ) ;
#3580 = DIRECTION ( 'NONE',  ( 0.000000000000000000, 0.000000000000000000, 1.000000000000000000 ) ) ;
#3581 = CARTESIAN_POINT ( 'NONE',  ( 0.000000000000000000, 17.08890430202748689, 43.76671000081951490 ) ) ;
#3582 = FACE_OUTER_BOUND ( 'NONE', #2561, .T. ) ;
#3583 = DIRECTION ( 'NONE',  ( 0.000000000000000000, 0.2486898871648482723, 0.9685831611286327414 ) ) ;
#3584 = DIRECTION ( 'NONE',  ( -1.000000000000000000, -0.000000000000000000, 0.000000000000000000 ) ) ;
#3585 = EDGE_CURVE ( 'NONE', #2046, #6841, #5287, .T. ) ;
#3586 = DIRECTION ( 'NONE',  ( 0.000000000000000000, 0.000000000000000000, 1.000000000000000000 ) ) ;
#3587 = DIRECTION ( 'NONE',  ( 0.000000000000000000, 0.000000000000000000, -1.000000000000000000 ) ) ;
#3588 = DIRECTION ( 'NONE',  ( 0.000000000000000000, -0.9822872507286903865, 0.1873813145857150253 ) ) ;
#3589 = DIRECTION ( 'NONE',  ( 1.000000000000000000, 0.000000000000000000, 0.000000000000000000 ) ) ;
#3590 = EDGE_CURVE ( 'NONE', #1472, #6729, #1083, .T. ) ;
#3591 = ORIENTED_EDGE ( 'NONE', *, *, #4801, .T. ) ;
#3592 = DIRECTION ( 'NONE',  ( -1.000000000000000000, -0.000000000000000000, -0.000000000000000000 ) ) ;
#3593 = VECTOR ( 'NONE', #2399, 1000.000000000000000 ) ;
#3595 = ADVANCED_FACE ( 'NONE', ( #7115 ), #2347, .T. ) ;
#3594 = DIRECTION ( 'NONE',  ( -1.000000000000000000, 0.000000000000000000, -0.000000000000000000 ) ) ;
#3596 = EDGE_CURVE ( 'NONE', #5343, #5683, #6591, .T. ) ;
#3597 = VERTEX_POINT ( 'NONE', #86 ) ;
#3598 = ORIENTED_EDGE ( 'NONE', *, *, #1469, .T. ) ;
#3599 = CLOSED_SHELL ( 'NONE', ( #3823, #6968, #5021, #7285, #4974, #1026, #5299, #6778, #7191, #43, #6630, #5997, #5339, #25, #6807, #5335, #2876, #5203, #3881, #6876, #3838, #2875, #3618, #7387, #3779, #1552, #319, #6073, #2581, #1855, #4428, #2852, #1196, #6151, #2145, #2521, #1713, #4692, #3469, #6649, #2364, #6464, #5092, #941, #5831, #115, #1617, #5859, #6135, #85, #3402, #5809, #7080, #3196, #1149, #680, #5717, #4197, #7042, #5123, #1997, #4133, #6309, #7118, #1597, #4229, #740, #1775, #7151, #2476, #4857, #2030, #6951, #2907, #2461, #2935, #3269, #1924, #1165, #3346, #44, #2367, #5027, #3867, #6689, #5715, #6131, #1818, #3258, #3492, #1969, #5441, #1768, #4053, #1749, #6271, #4676, #332, #3319, #5125, #6527, #66, #6243, #5420, #4739, #3066, #4008, #1259, #2966, #7503, #1945, #3595, #82, #6901, #4937, #1903, #5255, #2488, #3155, #651, #1915, #5939, #4294, #694, #4145, #400, #568, #3860, #2757, #1187, #6122, #2243, #1819, #6631, #2299, #1445, #3032, #1523, #3506, #1677, #6312, #786, #460, #1228, #7538, #5773, #5205, #3632, #6858, #1346, #5497, #4164, #2144, #7158, #6556, #4771, #6083, #2718, #3557, #1717, #1655, #3744, #2309, #1132, #2414, #7505, #7260, #5341, #6796, #4473, #1387, #595, #1363, #7531, #7429, #691, #7037, #6997, #3676, #671, #7365, #752, #2533, #251, #3725, #2209, #1035, #657, #7127, #4958, #2843, #2605, #964, #6184, #5363, #2246, #828, #4638, #4680, #2637, #7059, #223, #6607, #5213, #7188, #1377, #1587, #2785, #386, #1238, #1780, #1834, #3156, #3438, #5765, #3302, #57 ) ) ;
#3600 = ORIENTED_EDGE ( 'NONE', *, *, #1009, .F. ) ;
#3601 = ORIENTED_EDGE ( 'NONE', *, *, #1695, .T. ) ;
#3602 = CARTESIAN_POINT ( 'NONE',  ( 0.000000000000000000, -24.72041153920759271, 40.55929306992679528 ) ) ;
#3603 = DIRECTION ( 'NONE',  ( 0.000000000000000000, -0.9510565162951500895, -0.3090169943749581649 ) ) ;
#3604 = DIRECTION ( 'NONE',  ( -1.000000000000000000, 0.000000000000000000, 0.000000000000000000 ) ) ;
#3605 = VERTEX_POINT ( 'NONE', #703 ) ;
#3606 = CIRCLE ( 'NONE', #6195, 47.49899999999999523 ) ;
#3607 = ORIENTED_EDGE ( 'NONE', *, *, #6121, .F. ) ;
#3608 = CIRCLE ( 'NONE', #3113, 20.00000000000000355 ) ;
#3609 = FACE_OUTER_BOUND ( 'NONE', #5771, .T. ) ;
#3610 = CARTESIAN_POINT ( 'NONE',  ( 5.999999999999999112, 35.11945359308165848, -38.34871548465977753 ) ) ;
#3611 = VECTOR ( 'NONE', #349, 1000.000000000000000 ) ;
#3612 = FACE_OUTER_BOUND ( 'NONE', #762, .T. ) ;
#3613 = DIRECTION ( 'NONE',  ( -1.000000000000000000, 0.000000000000000000, -0.000000000000000000 ) ) ;
#3614 = LINE ( 'NONE', #1881, #7217 ) ;
#3615 = CIRCLE ( 'NONE', #322, 20.00000000000000355 ) ;
#3616 = AXIS2_PLACEMENT_3D ( 'NONE', #4490, #533, #6408 ) ;
#3617 = AXIS2_PLACEMENT_3D ( 'NONE', #2360, #652, #7032 ) ;
#3618 = ADVANCED_FACE ( 'NONE', ( #7049 ), #4189, .F. ) ;
#3619 = CARTESIAN_POINT ( 'NONE',  ( 0.000000000000000000, 37.91532898920921468, 28.61088654061653713 ) ) ;
#3620 = VECTOR ( 'NONE', #4787, 1000.000000000000000 ) ;
#3621 = LINE ( 'NONE', #3523, #3123 ) ;
#3622 = CARTESIAN_POINT ( 'NONE',  ( 15.00000000000000000, 5.816949831270013221E-15, -47.49900000000000233 ) ) ;
#3623 = CARTESIAN_POINT ( 'NONE',  ( 11.99999999999999822, 32.00046193115196758, -34.40241257139653186 ) ) ;
#3624 = CARTESIAN_POINT ( 'NONE',  ( 0.000000000000000000, 3.840921266749842022, 47.34345070675171030 ) ) ;
#3625 = ORIENTED_EDGE ( 'NONE', *, *, #3699, .F. ) ;
#3626 = AXIS2_PLACEMENT_3D ( 'NONE', #4971, #7313, #413 ) ;
#3627 = ORIENTED_EDGE ( 'NONE', *, *, #355, .T. ) ;
#3628 = EDGE_CURVE ( 'NONE', #2980, #5290, #7225, .T. ) ;
#3629 = PLANE ( 'NONE',  #6362 ) ;
#3630 = CARTESIAN_POINT ( 'NONE',  ( 15.00000000000000000, -41.00000000000000000, 0.000000000000000000 ) ) ;
#3631 = FACE_OUTER_BOUND ( 'NONE', #3667, .T. ) ;
#3632 = ADVANCED_FACE ( 'NONE', ( #238 ), #7346, .T. ) ;
#3633 = AXIS2_PLACEMENT_3D ( 'NONE', #5924, #1910, #3029 ) ;
#3634 = VECTOR ( 'NONE', #667, 1000.000000000000000 ) ;
#3635 = EDGE_CURVE ( 'NONE', #1090, #3427, #4017, .T. ) ;
#3636 = ORIENTED_EDGE ( 'NONE', *, *, #5828, .T. ) ;
#3637 = ORIENTED_EDGE ( 'NONE', *, *, #6889, .F. ) ;
#3638 = AXIS2_PLACEMENT_3D ( 'NONE', #4436, #1863, #4286 ) ;
#3639 = VERTEX_POINT ( 'NONE', #5530 ) ;
#3640 = AXIS2_PLACEMENT_3D ( 'NONE', #6101, #3219, #5489 ) ;
#3641 = ORIENTED_EDGE ( 'NONE', *, *, #3216, .T. ) ;
#3642 = CARTESIAN_POINT ( 'NONE',  ( -10.00000000000000000, 0.000000000000000000, 0.000000000000000000 ) ) ;
#3643 = DIRECTION ( 'NONE',  ( 0.000000000000000000, 0.000000000000000000, 1.000000000000000000 ) ) ;
#3644 = DIRECTION ( 'NONE',  ( -1.000000000000000000, 0.000000000000000000, 0.000000000000000000 ) ) ;
#3645 = VECTOR ( 'NONE', #6490, 1000.000000000000000 ) ;
#3646 = CIRCLE ( 'NONE', #2422, 47.49900000000000233 ) ;
#3647 = ORIENTED_EDGE ( 'NONE', *, *, #801, .F. ) ;
#3648 = ORIENTED_EDGE ( 'NONE', *, *, #5122, .T. ) ;
#3649 = VERTEX_POINT ( 'NONE', #4261 ) ;
#3650 = CIRCLE ( 'NONE', #7352, 20.00000000000000000 ) ;
#3651 = AXIS2_PLACEMENT_3D ( 'NONE', #4848, #7192, #2536 ) ;
#3652 = CYLINDRICAL_SURFACE ( 'NONE', #6598, 20.00000000000000355 ) ;
#3653 = CARTESIAN_POINT ( 'NONE',  ( 12.00000000000000000, -30.93515269692139213, 36.04401931830240358 ) ) ;
#3654 = EDGE_CURVE ( 'NONE', #1576, #1550, #472, .T. ) ;
#3655 = DIRECTION ( 'NONE',  ( 1.000000000000000000, 0.000000000000000000, 0.000000000000000000 ) ) ;
#3656 = DIRECTION ( 'NONE',  ( 1.000000000000000000, -0.000000000000000000, -0.000000000000000000 ) ) ;
#3657 = LINE ( 'NONE', #1826, #7104 ) ;
#3658 = EDGE_CURVE ( 'NONE', #5076, #3363, #208, .T. ) ;
#3659 = AXIS2_PLACEMENT_3D ( 'NONE', #3810, #330, #950 ) ;
#3660 = EDGE_CURVE ( 'NONE', #2378, #1053, #3710, .T. ) ;
#3661 = CARTESIAN_POINT ( 'NONE',  ( -10.00000000000000000, 0.000000000000000000, 0.000000000000000000 ) ) ;
#3662 = DIRECTION ( 'NONE',  ( 0.000000000000000000, 0.000000000000000000, 1.000000000000000000 ) ) ;
#3663 = LINE ( 'NONE', #7280, #6154 ) ;
#3664 = LINE ( 'NONE', #1367, #5879 ) ;
#3665 = DIRECTION ( 'NONE',  ( 0.000000000000000000, -0.3681245526846853022, 0.9297764858882484607 ) ) ;
#3666 = EDGE_CURVE ( 'NONE', #1640, #6841, #7198, .T. ) ;
#3667 = EDGE_LOOP ( 'NONE', ( #3947, #5391, #6928, #2592 ) ) ;
#3668 = ORIENTED_EDGE ( 'NONE', *, *, #1120, .T. ) ;
#3669 = DIRECTION ( 'NONE',  ( 0.000000000000000000, -0.9048270524660145808, -0.4257792915650830956 ) ) ;
#3670 = CYLINDRICAL_SURFACE ( 'NONE', #3484, 52.00000000000000000 ) ;
#3671 = CARTESIAN_POINT ( 'NONE',  ( 11.99999999999999822, -6.109652351742130172, 46.58570277113506819 ) ) ;
#3672 = ORIENTED_EDGE ( 'NONE', *, *, #5236, .T. ) ;
#3673 = ORIENTED_EDGE ( 'NONE', *, *, #3902, .F. ) ;
#3674 = VERTEX_POINT ( 'NONE', #6685 ) ;
#3675 = ORIENTED_EDGE ( 'NONE', *, *, #155, .T. ) ;
#3676 = ADVANCED_FACE ( 'NONE', ( #5449 ), #6024, .T. ) ;
#3677 = DIRECTION ( 'NONE',  ( -1.000000000000000000, -0.000000000000000000, -0.000000000000000000 ) ) ;
#3678 = CARTESIAN_POINT ( 'NONE',  ( 11.99999999999999822, -22.82995208772658557, -41.06517797613688003 ) ) ;
#3679 = DIRECTION ( 'NONE',  ( 0.000000000000000000, -0.1253332335643113082, 0.9921147013144768767 ) ) ;
#3680 = AXIS2_PLACEMENT_3D ( 'NONE', #4582, #3371, #2802 ) ;
#3681 = ORIENTED_EDGE ( 'NONE', *, *, #2373, .F. ) ;
#3682 = VERTEX_POINT ( 'NONE', #6057 ) ;
#3683 = VERTEX_POINT ( 'NONE', #1909 ) ;
#3684 = VECTOR ( 'NONE', #3400, 1000.000000000000000 ) ;
#3685 = DIRECTION ( 'NONE',  ( -1.000000000000000000, 0.000000000000000000, 0.000000000000000000 ) ) ;
#3686 = CARTESIAN_POINT ( 'NONE',  ( 5.999999999999999112, 18.53613841426790998, 48.58406706613910586 ) ) ;
#3687 = DIRECTION ( 'NONE',  ( 0.000000000000000000, 0.000000000000000000, 1.000000000000000000 ) ) ;
#3688 = CARTESIAN_POINT ( 'NONE',  ( 11.99999999999999822, -46.19362259308826424, -8.585149169758988563 ) ) ;
#3689 = PLANE ( 'NONE',  #5992 ) ;
#3690 = EDGE_CURVE ( 'NONE', #14, #7244, #5005, .T. ) ;
#3691 = EDGE_LOOP ( 'NONE', ( #825, #3912, #1158, #4088 ) ) ;
#3692 = CIRCLE ( 'NONE', #6022, 20.00000000000000355 ) ;
#3693 = DIRECTION ( 'NONE',  ( 0.000000000000000000, 0.6845471059286846183, 0.7289686274214153272 ) ) ;
#3694 = DIRECTION ( 'NONE',  ( -1.000000000000000000, 0.000000000000000000, 0.000000000000000000 ) ) ;
#3695 = DIRECTION ( 'NONE',  ( 1.000000000000000000, 0.000000000000000000, -0.000000000000000000 ) ) ;
#3696 = DIRECTION ( 'NONE',  ( -1.000000000000000000, 0.000000000000000000, 0.000000000000000000 ) ) ;
#3697 = CARTESIAN_POINT ( 'NONE',  ( 11.99999999999999822, -38.92705108641751366, 27.21837053747782775 ) ) ;
#3698 = ORIENTED_EDGE ( 'NONE', *, *, #3690, .F. ) ;
#3699 = EDGE_CURVE ( 'NONE', #5555, #4846, #826, .T. ) ;
#3700 = ORIENTED_EDGE ( 'NONE', *, *, #7062, .F. ) ;
#3701 = FACE_OUTER_BOUND ( 'NONE', #3452, .T. ) ;
#3702 = CARTESIAN_POINT ( 'NONE',  ( 0.000000000000000000, -41.00000000000000000, -1.699999999999975753 ) ) ;
#3703 = FACE_OUTER_BOUND ( 'NONE', #5245, .T. ) ;
#3704 = DIRECTION ( 'NONE',  ( 1.000000000000000000, 0.000000000000000000, 0.000000000000000000 ) ) ;
#3705 = ORIENTED_EDGE ( 'NONE', *, *, #7361, .F. ) ;
#3706 = ORIENTED_EDGE ( 'NONE', *, *, #4805, .T. ) ;
#3707 = ORIENTED_EDGE ( 'NONE', *, *, #129, .F. ) ;
#3708 = EDGE_LOOP ( 'NONE', ( #5047, #5313, #1664, #2883 ) ) ;
#3709 = CARTESIAN_POINT ( 'NONE',  ( 0.000000000000000000, 27.43636312076375106, -38.14186064215120808 ) ) ;
#3710 = LINE ( 'NONE', #852, #5966 ) ;
#3711 = CARTESIAN_POINT ( 'NONE',  ( 0.000000000000000000, 0.000000000000000000, 35.00000000000000711 ) ) ;
#3712 = ORIENTED_EDGE ( 'NONE', *, *, #6403, .T. ) ;
#3713 = ORIENTED_EDGE ( 'NONE', *, *, #6603, .T. ) ;
#3714 = CIRCLE ( 'NONE', #6809, 20.00000000000001066 ) ;
#3715 = EDGE_CURVE ( 'NONE', #5996, #3540, #5993, .T. ) ;
#3716 = EDGE_CURVE ( 'NONE', #2542, #4828, #588, .T. ) ;
#3717 = ORIENTED_EDGE ( 'NONE', *, *, #4782, .T. ) ;
#3718 = DIRECTION ( 'NONE',  ( -1.000000000000000000, -0.000000000000000000, -0.000000000000000000 ) ) ;
#3719 = PLANE ( 'NONE',  #7218 ) ;
#3720 = CARTESIAN_POINT ( 'NONE',  ( 12.00000000000000000, 0.000000000000000000, 0.000000000000000000 ) ) ;
#3721 = CARTESIAN_POINT ( 'NONE',  ( 11.99999999999999822, 0.000000000000000000, 0.000000000000000000 ) ) ;
#3722 = DIRECTION ( 'NONE',  ( 0.000000000000000000, 0.000000000000000000, 1.000000000000000000 ) ) ;
#3723 = CARTESIAN_POINT ( 'NONE',  ( 0.000000000000000000, 4.286263797015737285E-15, -35.00000000000000711 ) ) ;
#3724 = LINE ( 'NONE', #4789, #5498 ) ;
#3725 = ADVANCED_FACE ( 'NONE', ( #742 ), #2609, .T. ) ;
#3726 = ORIENTED_EDGE ( 'NONE', *, *, #1841, .T. ) ;
#3727 = EDGE_CURVE ( 'NONE', #6422, #191, #1065, .T. ) ;
#3728 = VERTEX_POINT ( 'NONE', #6146 ) ;
#3729 = LINE ( 'NONE', #5466, #3256 ) ;
#3730 = AXIS2_PLACEMENT_3D ( 'NONE', #6584, #1324, #5426 ) ;
#3731 = DIRECTION ( 'NONE',  ( -1.000000000000000000, 0.000000000000000000, -0.000000000000000000 ) ) ;
#3732 = CARTESIAN_POINT ( 'NONE',  ( 0.000000000000000000, 24.47917365149947955, 45.87777302070943364 ) ) ;
#3733 = DIRECTION ( 'NONE',  ( 0.000000000000000000, 0.000000000000000000, 1.000000000000000000 ) ) ;
#3734 = CARTESIAN_POINT ( 'NONE',  ( 0.000000000000000000, 0.000000000000000000, 0.000000000000000000 ) ) ;
#3735 = EDGE_LOOP ( 'NONE', ( #1419, #5342, #6042, #6749 ) ) ;
#3736 = CIRCLE ( 'NONE', #6698, 35.00000000000000711 ) ;
#3737 = ORIENTED_EDGE ( 'NONE', *, *, #210, .T. ) ;
#3738 = CIRCLE ( 'NONE', #6572, 47.49900000000000233 ) ;
#3739 = VERTEX_POINT ( 'NONE', #5490 ) ;
#3740 = PRESENTATION_STYLE_ASSIGNMENT (( #1974 ) ) ;
#3741 = CARTESIAN_POINT ( 'NONE',  ( 12.00000000000000000, 0.000000000000000000, 0.000000000000000000 ) ) ;
#3742 = CYLINDRICAL_SURFACE ( 'NONE', #1876, 47.49900000000000233 ) ;
#3743 = CARTESIAN_POINT ( 'NONE',  ( 12.00000000000000000, 0.000000000000000000, 0.000000000000000000 ) ) ;
#3744 = ADVANCED_FACE ( 'NONE', ( #2568 ), #1351, .T. ) ;
#3745 = ORIENTED_EDGE ( 'NONE', *, *, #2452, .F. ) ;
#3746 = ORIENTED_EDGE ( 'NONE', *, *, #2554, .F. ) ;
#3747 = CIRCLE ( 'NONE', #4860, 19.99999999999999645 ) ;
#3748 = ORIENTED_EDGE ( 'NONE', *, *, #2712, .F. ) ;
#3749 = EDGE_LOOP ( 'NONE', ( #6185, #2796, #4628, #1457 ) ) ;
#3750 = CIRCLE ( 'NONE', #1801, 52.00000000000000000 ) ;
#3751 = EDGE_CURVE ( 'NONE', #1407, #5001, #1984, .T. ) ;
#3752 = CIRCLE ( 'NONE', #1318, 20.00000000000000355 ) ;
#3753 = DIRECTION ( 'NONE',  ( -1.000000000000000000, -0.000000000000000000, -0.000000000000000000 ) ) ;
#3754 = DIRECTION ( 'NONE',  ( -1.000000000000000000, -0.000000000000000000, 0.000000000000000000 ) ) ;
#3755 = DIRECTION ( 'NONE',  ( 0.000000000000000000, 0.000000000000000000, 1.000000000000000000 ) ) ;
#3756 = VERTEX_POINT ( 'NONE', #6103 ) ;
#3757 = ORIENTED_EDGE ( 'NONE', *, *, #5557, .T. ) ;
#3758 = VECTOR ( 'NONE', #5093, 1000.000000000000000 ) ;
#3759 = AXIS2_PLACEMENT_3D ( 'NONE', #6247, #4478, #4969 ) ;
#3760 = ORIENTED_EDGE ( 'NONE', *, *, #2302, .T. ) ;
#3761 = CYLINDRICAL_SURFACE ( 'NONE', #3772, 52.00000000000000000 ) ;
#3763 = CARTESIAN_POINT ( 'NONE',  ( 0.000000000000000000, 0.000000000000000000, 0.000000000000000000 ) ) ;
#3762 = CIRCLE ( 'NONE', #3145, 52.00000000000000000 ) ;
#3764 = CARTESIAN_POINT ( 'NONE',  ( 0.000000000000000000, 39.55064067543064255, 25.36340625197374621 ) ) ;
#3766 = DIRECTION ( 'NONE',  ( -1.000000000000000000, 0.000000000000000000, -0.000000000000000000 ) ) ;
#3765 = AXIS2_PLACEMENT_3D ( 'NONE', #2076, #6770, #361 ) ;
#3767 = CARTESIAN_POINT ( 'NONE',  ( 11.99999999999999822, -47.49120266317494554, -0.8606222198180371041 ) ) ;
#3768 = CARTESIAN_POINT ( 'NONE',  ( -10.00000000000000000, 0.000000000000000000, 0.000000000000000000 ) ) ;
#3769 = CARTESIAN_POINT ( 'NONE',  ( 11.99999999999999822, 15.49408907645172206, 44.90087086784598824 ) ) ;
#3770 = ORIENTED_EDGE ( 'NONE', *, *, #2535, .F. ) ;
#3771 = CIRCLE ( 'NONE', #4769, 20.00000000000000355 ) ;
#3772 = AXIS2_PLACEMENT_3D ( 'NONE', #6111, #2614, #3225 ) ;
#3773 = ORIENTED_EDGE ( 'NONE', *, *, #5122, .F. ) ;
#3774 = CARTESIAN_POINT ( 'NONE',  ( 15.00000000000000000, 0.000000000000000000, 0.000000000000000000 ) ) ;
#3775 = DIRECTION ( 'NONE',  ( -0.000000000000000000, 0.000000000000000000, 1.000000000000000000 ) ) ;
#3776 = DIRECTION ( 'NONE',  ( 0.000000000000000000, 0.000000000000000000, -1.000000000000000000 ) ) ;
#3777 = DIRECTION ( 'NONE',  ( -1.000000000000000000, 0.000000000000000000, 0.000000000000000000 ) ) ;
#3778 = CARTESIAN_POINT ( 'NONE',  ( 0.000000000000000000, 0.000000000000000000, 0.000000000000000000 ) ) ;
#3779 = ADVANCED_FACE ( 'NONE', ( #6771 ), #2078, .F. ) ;
#3780 = AXIS2_PLACEMENT_3D ( 'NONE', #65, #4571, #6915 ) ;
#3781 = VECTOR ( 'NONE', #747, 1000.000000000000000 ) ;
#3782 = EDGE_LOOP ( 'NONE', ( #1505, #5409, #4526, #5040 ) ) ;
#3783 = EDGE_LOOP ( 'NONE', ( #5172, #4275, #4762, #2182 ) ) ;
#3784 = ORIENTED_EDGE ( 'NONE', *, *, #6615, .T. ) ;
#3785 = CIRCLE ( 'NONE', #505, 20.00000000000000355 ) ;
#3786 = EDGE_LOOP ( 'NONE', ( #7258, #1820, #4225, #6957 ) ) ;
#3787 = DIRECTION ( 'NONE',  ( 1.000000000000000000, -0.000000000000000000, -0.000000000000000000 ) ) ;
#3788 = DIRECTION ( 'NONE',  ( -1.000000000000000000, -0.000000000000000000, -0.000000000000000000 ) ) ;
#3789 = CARTESIAN_POINT ( 'NONE',  ( 12.00000000000000000, 0.000000000000000000, 0.000000000000000000 ) ) ;
#3790 = DIRECTION ( 'NONE',  ( 0.000000000000000000, 0.000000000000000000, 1.000000000000000000 ) ) ;
#3791 = ORIENTED_EDGE ( 'NONE', *, *, #6102, .F. ) ;
#3792 = ORIENTED_EDGE ( 'NONE', *, *, #3915, .F. ) ;
#3793 = ORIENTED_EDGE ( 'NONE', *, *, #3120, .F. ) ;
#3794 = EDGE_CURVE ( 'NONE', #7052, #1524, #6189, .T. ) ;
#3795 = ORIENTED_EDGE ( 'NONE', *, *, #6306, .T. ) ;
#3796 = DIRECTION ( 'NONE',  ( -1.000000000000000000, -0.000000000000000000, 0.000000000000000000 ) ) ;
#3797 = DIRECTION ( 'NONE',  ( -1.000000000000000000, -0.000000000000000000, -0.000000000000000000 ) ) ;
#3798 = CARTESIAN_POINT ( 'NONE',  ( 0.000000000000000000, 0.000000000000000000, 0.000000000000000000 ) ) ;
#3799 = VERTEX_POINT ( 'NONE', #1509 ) ;
#3800 = VERTEX_POINT ( 'NONE', #3262 ) ;
#3801 = ORIENTED_EDGE ( 'NONE', *, *, #4245, .T. ) ;
#3802 = EDGE_CURVE ( 'NONE', #2517, #1640, #362, .T. ) ;
#3803 = AXIS2_PLACEMENT_3D ( 'NONE', #1118, #3482, #3450 ) ;
#3804 = DIRECTION ( 'NONE',  ( -1.000000000000000000, 0.000000000000000000, 0.000000000000000000 ) ) ;
#3805 = FACE_OUTER_BOUND ( 'NONE', #2477, .T. ) ;
#3806 = DIRECTION ( 'NONE',  ( 0.000000000000000000, 0.9048270524660175784, 0.4257792915650767673 ) ) ;
#3807 = CARTESIAN_POINT ( 'NONE',  ( 0.000000000000000000, 9.744342220504064400, -46.48873837489787064 ) ) ;
#3808 = CARTESIAN_POINT ( 'NONE',  ( -10.00000000000000000, 0.000000000000000000, 0.000000000000000000 ) ) ;
#3809 = LINE ( 'NONE', #6201, #2393 ) ;
#3810 = CARTESIAN_POINT ( 'NONE',  ( 12.00000000000000000, 0.000000000000000000, 0.000000000000000000 ) ) ;
#3811 = ORIENTED_EDGE ( 'NONE', *, *, #4459, .T. ) ;
#3812 = AXIS2_PLACEMENT_3D ( 'NONE', #2334, #5119, #2763 ) ;
#3813 = ORIENTED_EDGE ( 'NONE', *, *, #7221, .T. ) ;
#3814 = EDGE_LOOP ( 'NONE', ( #7012, #3713, #465, #1760 ) ) ;
#3815 = DIRECTION ( 'NONE',  ( -1.000000000000000000, -0.000000000000000000, 0.000000000000000000 ) ) ;
#3816 = DIRECTION ( 'NONE',  ( -0.000000000000000000, 0.000000000000000000, 1.000000000000000000 ) ) ;
#3817 = DIRECTION ( 'NONE',  ( -0.000000000000000000, 0.000000000000000000, 1.000000000000000000 ) ) ;
#3818 = DIRECTION ( 'NONE',  ( -1.000000000000000000, 0.000000000000000000, -0.000000000000000000 ) ) ;
#3820 = AXIS2_PLACEMENT_3D ( 'NONE', #2176, #5825, #6373 ) ;
#3819 = DIRECTION ( 'NONE',  ( -1.000000000000000000, 0.000000000000000000, 0.000000000000000000 ) ) ;
#3821 = CARTESIAN_POINT ( 'NONE',  ( 0.000000000000000000, 39.55064067543097650, -25.36340625197318488 ) ) ;
#3822 = EDGE_LOOP ( 'NONE', ( #3083, #4702, #5623, #1150 ) ) ;
#3823 = ADVANCED_FACE ( 'NONE', ( #2996 ), #4713, .F. ) ;
#3824 = ORIENTED_EDGE ( 'NONE', *, *, #7492, .F. ) ;
#3825 = AXIS2_PLACEMENT_3D ( 'NONE', #4249, #5480, #1342 ) ;
#3826 = EDGE_CURVE ( 'NONE', #5947, #6264, #2406, .T. ) ;
#3827 = ORIENTED_EDGE ( 'NONE', *, *, #5920, .T. ) ;
#3828 = EDGE_LOOP ( 'NONE', ( #5077, #5685, #5577, #3424 ) ) ;
#3829 = CARTESIAN_POINT ( 'NONE',  ( 0.000000000000000000, 0.000000000000000000, 0.000000000000000000 ) ) ;
#3830 = DIRECTION ( 'NONE',  ( -1.000000000000000000, -0.000000000000000000, 0.000000000000000000 ) ) ;
#3831 = CARTESIAN_POINT ( 'NONE',  ( 6.000000000000000000, 19.74581912682840823, 48.10512059033401755 ) ) ;
#3832 = EDGE_CURVE ( 'NONE', #4844, #3597, #707, .T. ) ;
#3833 = EDGE_LOOP ( 'NONE', ( #7342, #3928, #6671, #976 ) ) ;
#3834 = APPLICATION_CONTEXT ( 'automotive_design' ) ;
#3835 = EDGE_CURVE ( 'NONE', #3194, #482, #131, .T. ) ;
#3836 = VERTEX_POINT ( 'NONE', #4090 ) ;
#3837 = ORIENTED_EDGE ( 'NONE', *, *, #5525, .T. ) ;
#3838 = ADVANCED_FACE ( 'NONE', ( #5897 ), #2424, .F. ) ;
#3839 = DIRECTION ( 'NONE',  ( -1.000000000000000000, -0.000000000000000000, -0.000000000000000000 ) ) ;
#3840 = DIRECTION ( 'NONE',  ( -0.000000000000000000, 0.000000000000000000, 1.000000000000000000 ) ) ;
#3841 = DIRECTION ( 'NONE',  ( -1.000000000000000000, 0.000000000000000000, -0.000000000000000000 ) ) ;
#3842 = ORIENTED_EDGE ( 'NONE', *, *, #2313, .T. ) ;
#3843 = ORIENTED_EDGE ( 'NONE', *, *, #4796, .T. ) ;
#3844 = ORIENTED_EDGE ( 'NONE', *, *, #1962, .F. ) ;
#3845 = DIRECTION ( 'NONE',  ( 0.000000000000000000, 0.000000000000000000, -1.000000000000000000 ) ) ;
#3846 = DIRECTION ( 'NONE',  ( -1.000000000000000000, 0.000000000000000000, -0.000000000000000000 ) ) ;
#3847 = CARTESIAN_POINT ( 'NONE',  ( 11.99999999999999822, 0.000000000000000000, 0.000000000000000000 ) ) ;
#3848 = CYLINDRICAL_SURFACE ( 'NONE', #7031, 20.00000000000000355 ) ;
#3849 = CARTESIAN_POINT ( 'NONE',  ( -10.00000000000000000, 0.000000000000000000, 0.000000000000000000 ) ) ;
#3850 = AXIS2_PLACEMENT_3D ( 'NONE', #1691, #1117, #3448 ) ;
#3851 = DIRECTION ( 'NONE',  ( -1.000000000000000000, 0.000000000000000000, 0.000000000000000000 ) ) ;
#3852 = DIRECTION ( 'NONE',  ( -1.000000000000000000, 0.000000000000000000, 0.000000000000000000 ) ) ;
#3853 = VERTEX_POINT ( 'NONE', #6541 ) ;
#3854 = EDGE_CURVE ( 'NONE', #1534, #3739, #7329, .T. ) ;
#3855 = AXIS2_PLACEMENT_3D ( 'NONE', #2598, #4951, #7047 ) ;
#3856 = EDGE_LOOP ( 'NONE', ( #5660, #5812, #92, #1073 ) ) ;
#3857 = PRODUCT_CONTEXT ( 'NONE', #3834, 'mechanical' ) ;
#3858 = DIRECTION ( 'NONE',  ( -1.000000000000000000, 0.000000000000000000, -0.000000000000000000 ) ) ;
#3859 = CIRCLE ( 'NONE', #2351, 20.00000000000001066 ) ;
#3860 = ADVANCED_FACE ( 'NONE', ( #28 ), #4127, .T. ) ;
#3861 = DIRECTION ( 'NONE',  ( -1.000000000000000000, 0.000000000000000000, 0.000000000000000000 ) ) ;
#3862 = CARTESIAN_POINT ( 'NONE',  ( 11.99999999999999822, -46.90537658765328644, -2.727856614654789791 ) ) ;
#3863 = FACE_OUTER_BOUND ( 'NONE', #5251, .T. ) ;
#3864 = CARTESIAN_POINT ( 'NONE',  ( 0.000000000000000000, 0.000000000000000000, 0.000000000000000000 ) ) ;
#3865 = ORIENTED_EDGE ( 'NONE', *, *, #2037, .T. ) ;
#3866 = ORIENTED_EDGE ( 'NONE', *, *, #5896, .F. ) ;
#3867 = ADVANCED_FACE ( 'NONE', ( #6479 ), #6513, .T. ) ;
#3868 = VERTEX_POINT ( 'NONE', #5820 ) ;
#3869 = VERTEX_POINT ( 'NONE', #674 ) ;
#3870 = CARTESIAN_POINT ( 'NONE',  ( -10.00000000000000000, 0.000000000000000000, 0.000000000000000000 ) ) ;
#3871 = DIRECTION ( 'NONE',  ( 0.000000000000000000, 0.000000000000000000, -1.000000000000000000 ) ) ;
#3872 = LINE ( 'NONE', #4421, #6315 ) ;
#3873 = DIRECTION ( 'NONE',  ( 0.000000000000000000, 0.000000000000000000, 1.000000000000000000 ) ) ;
#3874 = CIRCLE ( 'NONE', #3005, 35.00000000000000711 ) ;
#3875 = AXIS2_PLACEMENT_3D ( 'NONE', #6700, #6870, #6116 ) ;
#3876 = AXIS2_PLACEMENT_3D ( 'NONE', #6038, #5032, #3775 ) ;
#3877 = ORIENTED_EDGE ( 'NONE', *, *, #2337, .F. ) ;
#3878 = CIRCLE ( 'NONE', #2513, 52.00000000000000000 ) ;
#3879 = EDGE_CURVE ( 'NONE', #6087, #1549, #2456, .T. ) ;
#3880 = ORIENTED_EDGE ( 'NONE', *, *, #5051, .F. ) ;
#3881 = ADVANCED_FACE ( 'NONE', ( #3609 ), #565, .F. ) ;
#3882 = DIRECTION ( 'NONE',  ( 0.000000000000000000, 0.000000000000000000, 1.000000000000000000 ) ) ;
#3883 = AXIS2_PLACEMENT_3D ( 'NONE', #4440, #1921, #3722 ) ;
#3884 = CARTESIAN_POINT ( 'NONE',  ( 11.99999999999999822, -39.64889472655756464, 33.64468972902492538 ) ) ;
#3885 = ORIENTED_EDGE ( 'NONE', *, *, #5334, .F. ) ;
#3886 = ORIENTED_EDGE ( 'NONE', *, *, #968, .F. ) ;
#3887 = ORIENTED_EDGE ( 'NONE', *, *, #2453, .F. ) ;
#3888 = AXIS2_PLACEMENT_3D ( 'NONE', #6440, #1715, #2899 ) ;
#3889 = EDGE_CURVE ( 'NONE', #7427, #7216, #2274, .T. ) ;
#3890 = FACE_OUTER_BOUND ( 'NONE', #4044, .T. ) ;
#3891 = DIRECTION ( 'NONE',  ( -1.000000000000000000, 0.000000000000000000, 0.000000000000000000 ) ) ;
#3892 = CARTESIAN_POINT ( 'NONE',  ( 0.000000000000000000, -50.95304419620817526, -10.38206564895715722 ) ) ;
#3893 = DIRECTION ( 'NONE',  ( 0.000000000000000000, 0.000000000000000000, -1.000000000000000000 ) ) ;
#3894 = DIRECTION ( 'NONE',  ( -0.000000000000000000, 0.000000000000000000, 1.000000000000000000 ) ) ;
#3895 = CARTESIAN_POINT ( 'NONE',  ( 0.000000000000000000, 47.49120266317495265, -0.8606222198177008176 ) ) ;
#3896 = CARTESIAN_POINT ( 'NONE',  ( 0.000000000000000000, 46.11014828289842882, -9.022736828080882177 ) ) ;
#3897 = AXIS2_PLACEMENT_3D ( 'NONE', #4671, #3499, #2236 ) ;
#3898 = CIRCLE ( 'NONE', #3633, 20.00000000000000355 ) ;
#3899 = VERTEX_POINT ( 'NONE', #7594 ) ;
#3900 = CIRCLE ( 'NONE', #7590, 20.00000000000000355 ) ;
#3901 = VECTOR ( 'NONE', #5922, 1000.000000000000000 ) ;
#3902 = EDGE_CURVE ( 'NONE', #6644, #4360, #7054, .T. ) ;
#3903 = LINE ( 'NONE', #5707, #2146 ) ;
#3904 = EDGE_CURVE ( 'NONE', #6191, #4669, #4735, .T. ) ;
#3905 = DIRECTION ( 'NONE',  ( 0.000000000000000000, 0.000000000000000000, -1.000000000000000000 ) ) ;
#3906 = CYLINDRICAL_SURFACE ( 'NONE', #1288, 20.00000000000000355 ) ;
#3907 = DIRECTION ( 'NONE',  ( 0.000000000000000000, 0.000000000000000000, -1.000000000000000000 ) ) ;
#3908 = DIRECTION ( 'NONE',  ( -1.000000000000000000, 0.000000000000000000, -0.000000000000000000 ) ) ;
#3909 = ORIENTED_EDGE ( 'NONE', *, *, #3802, .F. ) ;
#3910 = CIRCLE ( 'NONE', #3035, 47.49900000000000233 ) ;
#3911 = EDGE_CURVE ( 'NONE', #5280, #4194, #7564, .T. ) ;
#3912 = ORIENTED_EDGE ( 'NONE', *, *, #4181, .T. ) ;
#3913 = ORIENTED_EDGE ( 'NONE', *, *, #1281, .F. ) ;
#3914 = VERTEX_POINT ( 'NONE', #60 ) ;
#3915 = EDGE_CURVE ( 'NONE', #5615, #549, #686, .T. ) ;
#3916 = AXIS2_PLACEMENT_3D ( 'NONE', #716, #823, #5932 ) ;
#3917 = DIRECTION ( 'NONE',  ( -1.000000000000000000, 0.000000000000000000, 0.000000000000000000 ) ) ;
#3918 = AXIS2_PLACEMENT_3D ( 'NONE', #6065, #4390, #6112 ) ;
#3919 = CIRCLE ( 'NONE', #2294, 47.49900000000000233 ) ;
#3920 = CARTESIAN_POINT ( 'NONE',  ( 11.99999999999999822, -24.47917365149914914, -45.87777302070959706 ) ) ;
#3921 = CARTESIAN_POINT ( 'NONE',  ( 0.000000000000000000, -35.20873326984057883, -31.88259874184068465 ) ) ;
#3922 = CARTESIAN_POINT ( 'NONE',  ( 11.99999999999999822, -17.50309955389643335, 43.60271849949356948 ) ) ;
#3923 = AXIS2_PLACEMENT_3D ( 'NONE', #6752, #2000, #1486 ) ;
#3924 = ORIENTED_EDGE ( 'NONE', *, *, #4413, .F. ) ;
#3925 = ORIENTED_EDGE ( 'NONE', *, *, #1299, .T. ) ;
#3926 = CARTESIAN_POINT ( 'NONE',  ( 11.99999999999999822, -0.2227391519119964469, 46.98410307550729215 ) ) ;
#3927 = DIRECTION ( 'NONE',  ( -1.000000000000000000, 0.000000000000000000, -0.000000000000000000 ) ) ;
#3928 = ORIENTED_EDGE ( 'NONE', *, *, #5045, .T. ) ;
#3929 = ORIENTED_EDGE ( 'NONE', *, *, #4341, .F. ) ;
#3930 = ORIENTED_EDGE ( 'NONE', *, *, #5447, .T. ) ;
#3931 = EDGE_CURVE ( 'NONE', #5086, #2102, #7120, .T. ) ;
#3932 = CYLINDRICAL_SURFACE ( 'NONE', #2423, 20.00000000000000355 ) ;
#3933 = DIRECTION ( 'NONE',  ( 1.000000000000000000, 0.000000000000000000, 0.000000000000000000 ) ) ;
#3934 = CARTESIAN_POINT ( 'NONE',  ( 12.00000000000000000, -2.123073309834810463, -47.45152853935336168 ) ) ;
#3935 = DIRECTION ( 'NONE',  ( -1.000000000000000000, 0.000000000000000000, 0.000000000000000000 ) ) ;
#3936 = CARTESIAN_POINT ( 'NONE',  ( 5.999999999999999112, 39.64889472655733016, 33.64468972902521671 ) ) ;
#3937 = CARTESIAN_POINT ( 'NONE',  ( 11.99999999999999822, 43.55304910509448035, -28.41006711799936113 ) ) ;
#3938 = ORIENTED_EDGE ( 'NONE', *, *, #4548, .T. ) ;
#3939 = EDGE_CURVE ( 'NONE', #5767, #4043, #5609, .T. ) ;
#3940 = EDGE_CURVE ( 'NONE', #2835, #3330, #2642, .T. ) ;
#3941 = APPLICATION_PROTOCOL_DEFINITION ( 'draft international standard', 'automotive_design', 1998, #5805 ) ;
#3942 = CARTESIAN_POINT ( 'NONE',  ( 12.00000000000000000, -47.22458491092815791, -5.098390039074710778 ) ) ;
#3943 = DIRECTION ( 'NONE',  ( -1.000000000000000000, 0.000000000000000000, 0.000000000000000000 ) ) ;
#3944 = CARTESIAN_POINT ( 'NONE',  ( 11.99999999999999822, 0.000000000000000000, 0.000000000000000000 ) ) ;
#3945 = CYLINDRICAL_SURFACE ( 'NONE', #5755, 20.00000000000000355 ) ;
#3946 = CARTESIAN_POINT ( 'NONE',  ( 12.00000000000000000, 0.000000000000000000, 0.000000000000000000 ) ) ;
#3947 = ORIENTED_EDGE ( 'NONE', *, *, #1514, .F. ) ;
#3948 = VECTOR ( 'NONE', #1622, 1000.000000000000000 ) ;
#3949 = ORIENTED_EDGE ( 'NONE', *, *, #2782, .T. ) ;
#3950 = ORIENTED_EDGE ( 'NONE', *, *, #5, .T. ) ;
#3951 = AXIS2_PLACEMENT_3D ( 'NONE', #3778, #913, #5035 ) ;
#3952 = ORIENTED_EDGE ( 'NONE', *, *, #5794, .F. ) ;
#3953 = DIRECTION ( 'NONE',  ( 0.000000000000000000, -0.7705132427757950264, 0.6374239897486827511 ) ) ;
#3954 = LINE ( 'NONE', #1042, #1582 ) ;
#3955 = CARTESIAN_POINT ( 'NONE',  ( 12.00000000000000000, -41.20225022064619225, -23.63323037071446464 ) ) ;
#3956 = DIRECTION ( 'NONE',  ( 0.000000000000000000, 0.000000000000000000, -1.000000000000000000 ) ) ;
#3957 = CIRCLE ( 'NONE', #3825, 52.00000000000000000 ) ;
#3958 = ORIENTED_EDGE ( 'NONE', *, *, #2501, .F. ) ;
#3959 = ORIENTED_EDGE ( 'NONE', *, *, #5895, .F. ) ;
#3960 = CARTESIAN_POINT ( 'NONE',  ( 0.000000000000000000, 0.000000000000000000, 0.000000000000000000 ) ) ;
#3961 = DIRECTION ( 'NONE',  ( -1.000000000000000000, 0.000000000000000000, 0.000000000000000000 ) ) ;
#3962 = ORIENTED_EDGE ( 'NONE', *, *, #2499, .T. ) ;
#3963 = ORIENTED_EDGE ( 'NONE', *, *, #1641, .F. ) ;
#3964 = ORIENTED_EDGE ( 'NONE', *, *, #1525, .F. ) ;
#3965 = CYLINDRICAL_SURFACE ( 'NONE', #6874, 20.00000000000000355 ) ;
#3966 = CARTESIAN_POINT ( 'NONE',  ( 11.99999999999999822, -11.46872990052348484, -45.56340405422456286 ) ) ;
#3967 = DIRECTION ( 'NONE',  ( -1.000000000000000000, 0.000000000000000000, 0.000000000000000000 ) ) ;
#3968 = CARTESIAN_POINT ( 'NONE',  ( 0.000000000000000000, 0.000000000000000000, 0.000000000000000000 ) ) ;
#3969 = DIRECTION ( 'NONE',  ( 0.000000000000000000, 0.5877852522924686962, 0.8090169943749505599 ) ) ;
#3970 = DIRECTION ( 'NONE',  ( 0.000000000000000000, 0.000000000000000000, -1.000000000000000000 ) ) ;
#3971 = EDGE_CURVE ( 'NONE', #5996, #918, #1062, .T. ) ;
#3972 = EDGE_CURVE ( 'NONE', #3408, #1052, #6223, .T. ) ;
#3973 = ORIENTED_EDGE ( 'NONE', *, *, #4977, .F. ) ;
#3974 = AXIS2_PLACEMENT_3D ( 'NONE', #4689, #70, #5227 ) ;
#3975 = EDGE_CURVE ( 'NONE', #3683, #3443, #5477, .T. ) ;
#3976 = DIRECTION ( 'NONE',  ( 0.000000000000000000, 0.000000000000000000, -1.000000000000000000 ) ) ;
#3977 = DIRECTION ( 'NONE',  ( 1.000000000000000000, 0.000000000000000000, 0.000000000000000000 ) ) ;
#3978 = DIRECTION ( 'NONE',  ( 0.000000000000000000, 0.9510565162951544194, -0.3090169943749447312 ) ) ;
#3979 = CARTESIAN_POINT ( 'NONE',  ( 0.000000000000000000, 49.25004636492389665, 16.68630974939776479 ) ) ;
#3980 = CARTESIAN_POINT ( 'NONE',  ( 12.00000000000000000, 0.000000000000000000, 0.000000000000000000 ) ) ;
#3981 = EDGE_CURVE ( 'NONE', #631, #3224, #4495, .T. ) ;
#3982 = VERTEX_POINT ( 'NONE', #2064 ) ;
#3983 = VECTOR ( 'NONE', #4287, 1000.000000000000000 ) ;
#3984 = VERTEX_POINT ( 'NONE', #6088 ) ;
#3985 = ORIENTED_EDGE ( 'NONE', *, *, #1389, .F. ) ;
#3986 = CARTESIAN_POINT ( 'NONE',  ( 5.999999999999999112, -39.64889472655756464, 33.64468972902493249 ) ) ;
#3987 = DIRECTION ( 'NONE',  ( 0.000000000000000000, 0.000000000000000000, 1.000000000000000000 ) ) ;
#3988 = FACE_OUTER_BOUND ( 'NONE', #1925, .T. ) ;
#3989 = CARTESIAN_POINT ( 'NONE',  ( 11.99999999999999822, 37.91532898920961969, -28.61088654061597936 ) ) ;
#3990 = CIRCLE ( 'NONE', #4489, 1.699999999999986189 ) ;
#3991 = VERTEX_POINT ( 'NONE', #4461 ) ;
#3992 = COLOUR_RGB ( '',0.7921568627450980005, 0.8196078431372548767, 0.9333333333333333481 ) ;
#3994 = EDGE_CURVE ( 'NONE', #2378, #5555, #5111, .T. ) ;
#3993 = DIRECTION ( 'NONE',  ( -1.000000000000000000, -0.000000000000000000, -0.000000000000000000 ) ) ;
#3995 = CIRCLE ( 'NONE', #5945, 47.49900000000000944 ) ;
#3996 = DIRECTION ( 'NONE',  ( 0.000000000000000000, -0.1253332335643113082, 0.9921147013144769877 ) ) ;
#3997 = AXIS2_PLACEMENT_3D ( 'NONE', #1221, #3037, #2353 ) ;
#3998 = PRODUCT_DEFINITION_CONTEXT ( 'detailed design', #5805, 'design' ) ;
#3999 = ORIENTED_EDGE ( 'NONE', *, *, #423, .T. ) ;
#4000 = VERTEX_POINT ( 'NONE', #2725 ) ;
#4001 = AXIS2_PLACEMENT_3D ( 'NONE', #4721, #622, #7063 ) ;
#4002 = VERTEX_POINT ( 'NONE', #227 ) ;
#4003 = EDGE_CURVE ( 'NONE', #7439, #6253, #6801, .T. ) ;
#4004 = EDGE_LOOP ( 'NONE', ( #5133, #4453, #1204, #965 ) ) ;
#4005 = CIRCLE ( 'NONE', #2511, 52.00000000000000000 ) ;
#4006 = DIRECTION ( 'NONE',  ( -1.000000000000000000, 0.000000000000000000, 0.000000000000000000 ) ) ;
#4008 = ADVANCED_FACE ( 'NONE', ( #3701 ), #1537, .T. ) ;
#4007 = CARTESIAN_POINT ( 'NONE',  ( 11.99999999999999822, -24.47917365149978508, 45.87777302070926311 ) ) ;
#4009 = DIRECTION ( 'NONE',  ( -1.000000000000000000, 0.000000000000000000, -0.000000000000000000 ) ) ;
#4010 = CARTESIAN_POINT ( 'NONE',  ( 0.000000000000000000, -43.55304910509386218, -28.41006711800031681 ) ) ;
#4011 = DIRECTION ( 'NONE',  ( -1.000000000000000000, 0.000000000000000000, -0.000000000000000000 ) ) ;
#4012 = CARTESIAN_POINT ( 'NONE',  ( 11.99999999999999822, -35.11945359308138137, 38.34871548466002622 ) ) ;
#4013 = ORIENTED_EDGE ( 'NONE', *, *, #5905, .T. ) ;
#4014 = AXIS2_PLACEMENT_3D ( 'NONE', #6433, #1776, #4810 ) ;
#4015 = CARTESIAN_POINT ( 'NONE',  ( 0.000000000000000000, -11.46872990052411723, 45.56340405422440654 ) ) ;
#4016 = VECTOR ( 'NONE', #3961, 1000.000000000000000 ) ;
#4017 = CIRCLE ( 'NONE', #6716, 47.49900000000000233 ) ;
#4018 = CARTESIAN_POINT ( 'NONE',  ( 11.99999999999999822, 22.43957647427160040, 41.27978878573636479 ) ) ;
#4019 = CARTESIAN_POINT ( 'NONE',  ( 11.99999999999999822, -46.11014828289849987, 9.022736828080546445 ) ) ;
#4020 = DIRECTION ( 'NONE',  ( 0.000000000000000000, 0.000000000000000000, 1.000000000000000000 ) ) ;
#4021 = CARTESIAN_POINT ( 'NONE',  ( 11.99999999999999822, 0.000000000000000000, 0.000000000000000000 ) ) ;
#4022 = ORIENTED_EDGE ( 'NONE', *, *, #6050, .F. ) ;
#4023 = CIRCLE ( 'NONE', #7463, 20.00000000000000355 ) ;
#4024 = CIRCLE ( 'NONE', #2063, 20.00000000000000355 ) ;
#4025 = VECTOR ( 'NONE', #6459, 1000.000000000000000 ) ;
#4026 = EDGE_LOOP ( 'NONE', ( #4296, #2965, #6762, #7028 ) ) ;
#4027 = EDGE_CURVE ( 'NONE', #1003, #4611, #185, .T. ) ;
#4028 = MANIFOLD_SOLID_BREP ( 'Foro per Vite M3-1', #3599 ) ;
#4029 = ORIENTED_EDGE ( 'NONE', *, *, #2041, .T. ) ;
#4030 = DIRECTION ( 'NONE',  ( 0.000000000000000000, 0.000000000000000000, 1.000000000000000000 ) ) ;
#4031 = CARTESIAN_POINT ( 'NONE',  ( 0.000000000000000000, 11.90021268425618572, -45.45261810511202327 ) ) ;
#4032 = CARTESIAN_POINT ( 'NONE',  ( 11.99999999999999822, -18.53613841426757958, -48.58406706613921244 ) ) ;
#4033 = DIRECTION ( 'NONE',  ( -1.000000000000000000, -0.000000000000000000, 0.000000000000000000 ) ) ;
#4034 = AXIS2_PLACEMENT_3D ( 'NONE', #4756, #1232, #2398 ) ;
#4035 = VECTOR ( 'NONE', #275, 1000.000000000000000 ) ;
#4036 = AXIS2_PLACEMENT_3D ( 'NONE', #3288, #421, #384 ) ;
#4037 = EDGE_LOOP ( 'NONE', ( #7166, #7229, #5921, #4184 ) ) ;
#4038 = CARTESIAN_POINT ( 'NONE',  ( 0.000000000000000000, 7.162210897276445998, -51.50439529848821252 ) ) ;
#4039 = DIRECTION ( 'NONE',  ( 0.000000000000000000, -0.9510565162951565288, 0.3090169943749382919 ) ) ;
#4040 = FACE_OUTER_BOUND ( 'NONE', #3708, .T. ) ;
#4041 = VECTOR ( 'NONE', #6585, 1000.000000000000000 ) ;
#4042 = VERTEX_POINT ( 'NONE', #6137 ) ;
#4043 = VERTEX_POINT ( 'NONE', #6179 ) ;
#4044 = EDGE_LOOP ( 'NONE', ( #592, #896, #5411, #5101 ) ) ;
#4045 = ORIENTED_EDGE ( 'NONE', *, *, #3084, .T. ) ;
#4046 = VECTOR ( 'NONE', #4938, 1000.000000000000000 ) ;
#4047 = DIRECTION ( 'NONE',  ( -1.000000000000000000, -0.000000000000000000, 0.000000000000000000 ) ) ;
#4048 = PLANE ( 'NONE',  #4874 ) ;
#4049 = CARTESIAN_POINT ( 'NONE',  ( 15.00000000000000000, 0.000000000000000000, -41.00000000000000000 ) ) ;
#4050 = CARTESIAN_POINT ( 'NONE',  ( 5.999999999999999112, 51.93417535146742381, -2.615612846549385750 ) ) ;
#4051 = DIRECTION ( 'NONE',  ( -1.000000000000000000, 0.000000000000000000, -0.000000000000000000 ) ) ;
#4052 = ORIENTED_EDGE ( 'NONE', *, *, #62, .F. ) ;
#4053 = ADVANCED_FACE ( 'NONE', ( #879 ), #301, .T. ) ;
#4054 = CARTESIAN_POINT ( 'NONE',  ( 11.99999999999999822, 47.00885577955421013, -6.806061952191806874 ) ) ;
#4055 = CARTESIAN_POINT ( 'NONE',  ( 0.000000000000000000, -44.75336757549789723, 14.30704879393588769 ) ) ;
#4056 = DIRECTION ( 'NONE',  ( 0.000000000000000000, 0.000000000000000000, -1.000000000000000000 ) ) ;
#4057 = CARTESIAN_POINT ( 'NONE',  ( 11.99999999999999822, 44.75336757549799671, -14.30704879393555728 ) ) ;
#4058 = DIRECTION ( 'NONE',  ( 1.000000000000000000, 0.000000000000000000, 0.000000000000000000 ) ) ;
#4059 = DIRECTION ( 'NONE',  ( 0.000000000000000000, 0.000000000000000000, 1.000000000000000000 ) ) ;
#4060 = VERTEX_POINT ( 'NONE', #4994 ) ;
#4061 = ORIENTED_EDGE ( 'NONE', *, *, #5025, .F. ) ;
#4062 = CARTESIAN_POINT ( 'NONE',  ( 11.99999999999999822, -11.46872990052348484, -45.56340405422456286 ) ) ;
#4063 = LINE ( 'NONE', #5431, #5870 ) ;
#4064 = LINE ( 'NONE', #1763, #2754 ) ;
#4065 = VECTOR ( 'NONE', #1581, 1000.000000000000000 ) ;
#4066 = DIRECTION ( 'NONE',  ( 0.000000000000000000, 0.000000000000000000, 1.000000000000000000 ) ) ;
#4067 = EDGE_CURVE ( 'NONE', #1503, #3311, #7437, .T. ) ;
#4068 = EDGE_CURVE ( 'NONE', #4963, #4945, #930, .T. ) ;
#4069 = VECTOR ( 'NONE', #2717, 1000.000000000000000 ) ;
#4070 = VECTOR ( 'NONE', #5643, 1000.000000000000000 ) ;
#4071 = ORIENTED_EDGE ( 'NONE', *, *, #7363, .T. ) ;
#4072 = FACE_OUTER_BOUND ( 'NONE', #6737, .T. ) ;
#4073 = EDGE_CURVE ( 'NONE', #626, #1273, #1651, .T. ) ;
#4074 = CARTESIAN_POINT ( 'NONE',  ( 12.00000000000000000, 0.000000000000000000, 0.000000000000000000 ) ) ;
#4075 = CARTESIAN_POINT ( 'NONE',  ( -10.00000000000000000, 0.000000000000000000, 0.000000000000000000 ) ) ;
#4076 = AXIS2_PLACEMENT_3D ( 'NONE', #114, #5407, #2440 ) ;
#4077 = EDGE_CURVE ( 'NONE', #147, #1550, #5719, .T. ) ;
#4078 = ORIENTED_EDGE ( 'NONE', *, *, #7125, .T. ) ;
#4079 = EDGE_LOOP ( 'NONE', ( #37, #1971, #1770, #5402, #632, #3791, #5984, #2231, #3175, #3985, #1739, #2815, #3255, #7565, #24, #3962, #2241, #2613, #4215, #5886, #2842, #1740, #1843, #7563, #280, #3698, #3748, #7349, #3100, #345, #3520, #4953, #4710, #856, #1649, #1835, #6688, #729, #1337, #6965, #5957, #2343, #5881, #3445, #4990, #2113, #3535, #4774, #4499, #7508, #4208, #3435, #1625, #6920, #2602, #4112, #1296, #2771, #4303, #1862, #2350, #2606, #3909, #5591, #4217, #7339, #3600, #5115, #4111, #4403, #4151, #5283, #2216, #6540, #2028, #261, #5026, #1906, #3844, #4496, #5857, #4350, #1002, #2562, #6055, #3380, #5940, #1736, #3267, #1037, #1426, #310, #7119, #2853, #2699, #4768, #2920, #4412, #3707, #699, #6682, #6096, #320, #6786 ) ) ;
#4080 = VERTEX_POINT ( 'NONE', #2799 ) ;
#4081 = CIRCLE ( 'NONE', #6280, 20.00000000000000355 ) ;
#4082 = ORIENTED_EDGE ( 'NONE', *, *, #5639, .F. ) ;
#4083 = DIRECTION ( 'NONE',  ( -1.000000000000000000, 0.000000000000000000, 0.000000000000000000 ) ) ;
#4084 = DIRECTION ( 'NONE',  ( 0.000000000000000000, 0.000000000000000000, 1.000000000000000000 ) ) ;
#4085 = CYLINDRICAL_SURFACE ( 'NONE', #4014, 20.00000000000000355 ) ;
#4086 = DIRECTION ( 'NONE',  ( -1.000000000000000000, 0.000000000000000000, -0.000000000000000000 ) ) ;
#4087 = DIRECTION ( 'NONE',  ( 0.000000000000000000, 0.9510565162951544194, -0.3090169943749447867 ) ) ;
#4088 = ORIENTED_EDGE ( 'NONE', *, *, #2833, .T. ) ;
#4089 = EDGE_LOOP ( 'NONE', ( #3773, #2667 ) ) ;
#4090 = CARTESIAN_POINT ( 'NONE',  ( 0.000000000000000000, 30.93515269692114344, 36.04401931830261674 ) ) ;
#4091 = DIRECTION ( 'NONE',  ( 0.000000000000000000, 0.000000000000000000, 1.000000000000000000 ) ) ;
#4092 = CARTESIAN_POINT ( 'NONE',  ( 12.00000000000000000, 19.44205635905539964, 43.33776004284617045 ) ) ;
#4093 = LINE ( 'NONE', #7597, #5231 ) ;
#4094 = DIRECTION ( 'NONE',  ( 0.000000000000000000, -0.4817536741017224289, 0.8763066800438595871 ) ) ;
#4095 = CARTESIAN_POINT ( 'NONE',  ( 0.000000000000000000, 0.000000000000000000, 0.000000000000000000 ) ) ;
#4096 = EDGE_CURVE ( 'NONE', #3540, #6324, #5229, .T. ) ;
#4097 = ORIENTED_EDGE ( 'NONE', *, *, #2437, .T. ) ;
#4098 = ORIENTED_EDGE ( 'NONE', *, *, #3493, .T. ) ;
#4099 = EDGE_CURVE ( 'NONE', #6681, #3868, #5836, .T. ) ;
#4100 = CARTESIAN_POINT ( 'NONE',  ( 11.99999999999999822, -22.43957647427188107, 41.27978878573619426 ) ) ;
#4101 = DIRECTION ( 'NONE',  ( 0.000000000000000000, -0.9510565162951500895, -0.3090169943749581649 ) ) ;
#4102 = CARTESIAN_POINT ( 'NONE',  ( 11.99999999999999822, 3.840921266749842022, 47.34345070675171030 ) ) ;
#4103 = LINE ( 'NONE', #3989, #753 ) ;
#4104 = CIRCLE ( 'NONE', #3574, 20.00000000000000355 ) ;
#4105 = EDGE_CURVE ( 'NONE', #3133, #4887, #1885, .T. ) ;
#4106 = ORIENTED_EDGE ( 'NONE', *, *, #2607, .F. ) ;
#4107 = CARTESIAN_POINT ( 'NONE',  ( 12.00000000000000000, 0.000000000000000000, 0.000000000000000000 ) ) ;
#4108 = CIRCLE ( 'NONE', #5587, 20.00000000000000355 ) ;
#4109 = DIRECTION ( 'NONE',  ( -1.000000000000000000, 0.000000000000000000, 0.000000000000000000 ) ) ;
#4110 = VERTEX_POINT ( 'NONE', #1078 ) ;
#4111 = ORIENTED_EDGE ( 'NONE', *, *, #3532, .T. ) ;
#4112 = ORIENTED_EDGE ( 'NONE', *, *, #5570, .T. ) ;
#4113 = VECTOR ( 'NONE', #2253, 1000.000000000000000 ) ;
#4114 = EDGE_CURVE ( 'NONE', #1017, #398, #3409, .T. ) ;
#4115 = ORIENTED_EDGE ( 'NONE', *, *, #5903, .T. ) ;
#4116 = AXIS2_PLACEMENT_3D ( 'NONE', #4234, #99, #4788 ) ;
#4117 = EDGE_CURVE ( 'NONE', #6713, #4908, #4612, .T. ) ;
#4118 = DIRECTION ( 'NONE',  ( -1.000000000000000000, -0.000000000000000000, -0.000000000000000000 ) ) ;
#4119 = DIRECTION ( 'NONE',  ( 0.000000000000000000, 0.1253332335643046747, -0.9921147013144777649 ) ) ;
#4120 = LINE ( 'NONE', #4673, #6570 ) ;
#4121 = CARTESIAN_POINT ( 'NONE',  ( 12.00000000000000000, 0.000000000000000000, 0.000000000000000000 ) ) ;
#4122 = CIRCLE ( 'NONE', #7442, 1.699999999999979305 ) ;
#4123 = VERTEX_POINT ( 'NONE', #6999 ) ;
#4124 = VECTOR ( 'NONE', #4011, 1000.000000000000000 ) ;
#4125 = ORIENTED_EDGE ( 'NONE', *, *, #2372, .F. ) ;
#4126 = AXIS2_PLACEMENT_3D ( 'NONE', #7024, #2938, #5294 ) ;
#4127 = CYLINDRICAL_SURFACE ( 'NONE', #3004, 20.00000000000000355 ) ;
#4128 = DIRECTION ( 'NONE',  ( -1.000000000000000000, 0.000000000000000000, -0.000000000000000000 ) ) ;
#4129 = FACE_BOUND ( 'NONE', #5483, .T. ) ;
#4130 = CARTESIAN_POINT ( 'NONE',  ( 11.99999999999999822, 22.82995208772747731, -41.06517797613638265 ) ) ;
#4131 = CARTESIAN_POINT ( 'NONE',  ( 12.00000000000000000, 0.000000000000000000, 0.000000000000000000 ) ) ;
#4132 = VECTOR ( 'NONE', #903, 1000.000000000000000 ) ;
#4133 = ADVANCED_FACE ( 'NONE', ( #1689 ), #2219, .T. ) ;
#4134 = ORIENTED_EDGE ( 'NONE', *, *, #6386, .F. ) ;
#4135 = AXIS2_PLACEMENT_3D ( 'NONE', #2610, #2151, #5008 ) ;
#4136 = AXIS2_PLACEMENT_3D ( 'NONE', #314, #2652, #3643 ) ;
#4137 = CARTESIAN_POINT ( 'NONE',  ( 0.000000000000000000, 20.99948489194483514, -42.60488980472759835 ) ) ;
#4138 = CARTESIAN_POINT ( 'NONE',  ( 11.99999999999999822, -30.93515269692139569, 36.04401931830241068 ) ) ;
#4139 = CARTESIAN_POINT ( 'NONE',  ( 0.000000000000000000, 0.000000000000000000, 0.000000000000000000 ) ) ;
#4140 = CARTESIAN_POINT ( 'NONE',  ( 11.99999999999999822, 51.93417535146740960, 2.615612846549379089 ) ) ;
#4141 = AXIS2_PLACEMENT_3D ( 'NONE', #2336, #1123, #4476 ) ;
#4142 = AXIS2_PLACEMENT_3D ( 'NONE', #5700, #3933, #2889 ) ;
#4143 = CIRCLE ( 'NONE', #478, 47.49900000000000233 ) ;
#4144 = EDGE_CURVE ( 'NONE', #2759, #189, #6203, .T. ) ;
#4145 = ADVANCED_FACE ( 'NONE', ( #5268 ), #6921, .T. ) ;
#4146 = AXIS2_PLACEMENT_3D ( 'NONE', #6138, #4501, #3871 ) ;
#4147 = EDGE_LOOP ( 'NONE', ( #6183, #399, #1631, #5791 ) ) ;
#4148 = AXIS2_PLACEMENT_3D ( 'NONE', #6650, #977, #2694 ) ;
#4149 = CARTESIAN_POINT ( 'NONE',  ( 12.00000000000000000, -3.840921266750177310, 47.34345070675168188 ) ) ;
#4150 = DIRECTION ( 'NONE',  ( 1.000000000000000000, 0.000000000000000000, 0.000000000000000000 ) ) ;
#4151 = ORIENTED_EDGE ( 'NONE', *, *, #2098, .F. ) ;
#4152 = VERTEX_POINT ( 'NONE', #3479 ) ;
#4153 = AXIS2_PLACEMENT_3D ( 'NONE', #5908, #1329, #7098 ) ;
#4154 = AXIS2_PLACEMENT_3D ( 'NONE', #4074, #2548, #1859 ) ;
#4155 = ORIENTED_EDGE ( 'NONE', *, *, #3939, .F. ) ;
#4156 = EDGE_LOOP ( 'NONE', ( #7502, #2408, #3569, #3885 ) ) ;
#4157 = FACE_OUTER_BOUND ( 'NONE', #7018, .T. ) ;
#4158 = AXIS2_PLACEMENT_3D ( 'NONE', #1646, #2357, #4644 ) ;
#4159 = AXIS2_PLACEMENT_3D ( 'NONE', #5423, #323, #1917 ) ;
#4160 = DIRECTION ( 'NONE',  ( 0.000000000000000000, -0.9980267284282723361, 0.06279051952930261860 ) ) ;
#4161 = DIRECTION ( 'NONE',  ( 0.000000000000000000, 0.5877852522924685852, 0.8090169943749507819 ) ) ;
#4162 = CYLINDRICAL_SURFACE ( 'NONE', #6750, 20.00000000000000355 ) ;
#4163 = VERTEX_POINT ( 'NONE', #5832 ) ;
#4164 = ADVANCED_FACE ( 'NONE', ( #2837 ), #5193, .T. ) ;
#4166 = ORIENTED_EDGE ( 'NONE', *, *, #3295, .F. ) ;
#4165 = CIRCLE ( 'NONE', #2820, 20.00000000000000355 ) ;
#4167 = DIRECTION ( 'NONE',  ( 0.000000000000000000, 0.000000000000000000, 1.000000000000000000 ) ) ;
#4168 = FACE_OUTER_BOUND ( 'NONE', #1474, .T. ) ;
#4169 = FACE_BOUND ( 'NONE', #4089, .T. ) ;
#4170 = DIRECTION ( 'NONE',  ( 1.000000000000000000, -0.000000000000000000, -0.000000000000000000 ) ) ;
#4171 = CARTESIAN_POINT ( 'NONE',  ( 0.000000000000000000, 0.000000000000000000, 0.000000000000000000 ) ) ;
#4172 = EDGE_CURVE ( 'NONE', #6017, #5604, #4351, .T. ) ;
#4173 = EDGE_CURVE ( 'NONE', #640, #2553, #1413, .T. ) ;
#4174 = CARTESIAN_POINT ( 'NONE',  ( 0.000000000000000000, -42.60732521687585006, 19.80331771201643321 ) ) ;
#4175 = DIRECTION ( 'NONE',  ( 0.000000000000000000, -0.2486898871648415277, -0.9685831611286345177 ) ) ;
#4176 = DIRECTION ( 'NONE',  ( 0.000000000000000000, 0.000000000000000000, 1.000000000000000000 ) ) ;
#4177 = CARTESIAN_POINT ( 'NONE',  ( 12.00000000000000000, 0.000000000000000000, 0.000000000000000000 ) ) ;
#4178 = ORIENTED_EDGE ( 'NONE', *, *, #5669, .T. ) ;
#4179 = CARTESIAN_POINT ( 'NONE',  ( 11.99999999999999822, -0.2227391519113372520, -46.98410307550730636 ) ) ;
#4180 = DIRECTION ( 'NONE',  ( 1.000000000000000000, 0.000000000000000000, -0.000000000000000000 ) ) ;
#4181 = EDGE_CURVE ( 'NONE', #2375, #4918, #1545, .T. ) ;
#4182 = EDGE_LOOP ( 'NONE', ( #6895, #5714, #6826, #6640 ) ) ;
#4183 = EDGE_LOOP ( 'NONE', ( #6164, #2583, #4078, #1473 ) ) ;
#4184 = ORIENTED_EDGE ( 'NONE', *, *, #1660, .F. ) ;
#4185 = ORIENTED_EDGE ( 'NONE', *, *, #473, .T. ) ;
#4186 = CIRCLE ( 'NONE', #1854, 20.00000000000000000 ) ;
#4187 = CARTESIAN_POINT ( 'NONE',  ( -10.00000000000000000, 0.000000000000000000, 0.000000000000000000 ) ) ;
#4188 = CIRCLE ( 'NONE', #7254, 20.00000000000000355 ) ;
#4189 = PLANE ( 'NONE',  #346 ) ;
#4190 = CARTESIAN_POINT ( 'NONE',  ( 11.99999999999999822, -46.90537658765328644, -2.727856614654789791 ) ) ;
#4191 = ORIENTED_EDGE ( 'NONE', *, *, #3018, .F. ) ;
#4192 = EDGE_CURVE ( 'NONE', #1866, #3728, #1420, .T. ) ;
#4193 = CIRCLE ( 'NONE', #5916, 47.49900000000000233 ) ;
#4194 = VERTEX_POINT ( 'NONE', #3333 ) ;
#4195 = CARTESIAN_POINT ( 'NONE',  ( 6.000000000000000000, 7.162210897275703481, 51.50439529848831199 ) ) ;
#4196 = CARTESIAN_POINT ( 'NONE',  ( 5.999999999999999112, -18.53613841426825815, 48.58406706613896375 ) ) ;
#4197 = ADVANCED_FACE ( 'NONE', ( #5686 ), #4755, .F. ) ;
#4198 = CARTESIAN_POINT ( 'NONE',  ( 0.000000000000000000, -47.00885577955416039, 6.806061952192135500 ) ) ;
#4199 = DIRECTION ( 'NONE',  ( 0.000000000000000000, 0.000000000000000000, 1.000000000000000000 ) ) ;
#4200 = CARTESIAN_POINT ( 'NONE',  ( 6.000000000000000000, -51.19683565102438649, -9.104066087304016008 ) ) ;
#4201 = EDGE_CURVE ( 'NONE', #3682, #2110, #4122, .T. ) ;
#4202 = EDGE_CURVE ( 'NONE', #1874, #1188, #2947, .T. ) ;
#4203 = CARTESIAN_POINT ( 'NONE',  ( 0.000000000000000000, -5.871425383721925684, 51.66745943012281117 ) ) ;
#4204 = CARTESIAN_POINT ( 'NONE',  ( 11.99999999999999822, -31.08872492059926884, -41.68322423723133596 ) ) ;
#4205 = DIRECTION ( 'NONE',  ( -1.000000000000000000, 0.000000000000000000, 0.000000000000000000 ) ) ;
#4206 = CARTESIAN_POINT ( 'NONE',  ( 0.000000000000000000, -41.20225022064619935, -23.63323037071446819 ) ) ;
#4207 = CARTESIAN_POINT ( 'NONE',  ( 0.000000000000000000, -46.87740477351719193, 3.172455868805044599 ) ) ;
#4208 = ORIENTED_EDGE ( 'NONE', *, *, #552, .F. ) ;
#4209 = VERTEX_POINT ( 'NONE', #5329 ) ;
#4210 = DIRECTION ( 'NONE',  ( -1.000000000000000000, 0.000000000000000000, -0.000000000000000000 ) ) ;
#4211 = AXIS2_PLACEMENT_3D ( 'NONE', #5969, #6634, #4862 ) ;
#4212 = DIRECTION ( 'NONE',  ( -1.000000000000000000, 0.000000000000000000, -0.000000000000000000 ) ) ;
#4213 = CARTESIAN_POINT ( 'NONE',  ( -10.00000000000000000, 0.000000000000000000, 0.000000000000000000 ) ) ;
#4214 = VERTEX_POINT ( 'NONE', #5934 ) ;
#4215 = ORIENTED_EDGE ( 'NONE', *, *, #5149, .F. ) ;
#4216 = AXIS2_PLACEMENT_3D ( 'NONE', #4815, #6062, #7152 ) ;
#4217 = ORIENTED_EDGE ( 'NONE', *, *, #3751, .T. ) ;
#4218 = EDGE_CURVE ( 'NONE', #1874, #6266, #5602, .T. ) ;
#4219 = EDGE_CURVE ( 'NONE', #3223, #4485, #190, .T. ) ;
#4220 = ORIENTED_EDGE ( 'NONE', *, *, #5516, .T. ) ;
#4221 = CIRCLE ( 'NONE', #794, 20.00000000000000000 ) ;
#4222 = DIRECTION ( 'NONE',  ( 1.000000000000000000, 0.000000000000000000, -0.000000000000000000 ) ) ;
#4223 = CARTESIAN_POINT ( 'NONE',  ( 0.000000000000000000, 0.000000000000000000, 0.000000000000000000 ) ) ;
#4224 = CARTESIAN_POINT ( 'NONE',  ( 11.99999999999999822, 44.47301969247445186, 16.68249143361925491 ) ) ;
#4225 = ORIENTED_EDGE ( 'NONE', *, *, #360, .F. ) ;
#4226 = ORIENTED_EDGE ( 'NONE', *, *, #3794, .T. ) ;
#4227 = EDGE_CURVE ( 'NONE', #4870, #1576, #2509, .T. ) ;
#4228 = ORIENTED_EDGE ( 'NONE', *, *, #1347, .F. ) ;
#4229 = ADVANCED_FACE ( 'NONE', ( #1191 ), #5365, .T. ) ;
#4230 = CARTESIAN_POINT ( 'NONE',  ( 11.99999999999999822, 47.00885577955411776, 6.806061952192475673 ) ) ;
#4231 = DIRECTION ( 'NONE',  ( 1.000000000000000000, -0.000000000000000000, -0.000000000000000000 ) ) ;
#4232 = AXIS2_PLACEMENT_3D ( 'NONE', #4909, #391, #7378 ) ;
#4233 = FACE_BOUND ( 'NONE', #1495, .T. ) ;
#4234 = CARTESIAN_POINT ( 'NONE',  ( 11.99999999999999822, 46.87740477351717061, -3.172455868805375889 ) ) ;
#4235 = DIRECTION ( 'NONE',  ( 0.000000000000000000, 0.6845471059286899473, -0.7289686274214103312 ) ) ;
#4236 = VECTOR ( 'NONE', #1108, 1000.000000000000000 ) ;
#4237 = AXIS2_PLACEMENT_3D ( 'NONE', #3199, #5550, #2052 ) ;
#4238 = CARTESIAN_POINT ( 'NONE',  ( 11.99999999999999822, -3.840921266749491192, -47.34345070675175293 ) ) ;
#4239 = LINE ( 'NONE', #4138, #6366 ) ;
#4240 = LINE ( 'NONE', #4280, #6439 ) ;
#4241 = LINE ( 'NONE', #724, #6248 ) ;
#4242 = CARTESIAN_POINT ( 'NONE',  ( 0.000000000000000000, 46.90537658765330065, 2.727856614654466938 ) ) ;
#4243 = EDGE_LOOP ( 'NONE', ( #2693, #5810, #1807, #554 ) ) ;
#4244 = CIRCLE ( 'NONE', #1429, 20.00000000000000711 ) ;
#4245 = EDGE_CURVE ( 'NONE', #156, #3109, #2648, .T. ) ;
#4246 = VERTEX_POINT ( 'NONE', #3619 ) ;
#4247 = CARTESIAN_POINT ( 'NONE',  ( 11.99999999999999822, 0.000000000000000000, 52.00000000000000000 ) ) ;
#4248 = CARTESIAN_POINT ( 'NONE',  ( 12.00000000000000000, -9.744342220503728669, 46.48873837489794170 ) ) ;
#4249 = CARTESIAN_POINT ( 'NONE',  ( 11.99999999999999822, 0.000000000000000000, 0.000000000000000000 ) ) ;
#4250 = AXIS2_PLACEMENT_3D ( 'NONE', #5991, #6023, #4839 ) ;
#4251 = CIRCLE ( 'NONE', #90, 47.49900000000000233 ) ;
#4252 = AXIS2_PLACEMENT_3D ( 'NONE', #1470, #5414, #1383 ) ;
#4253 = EDGE_LOOP ( 'NONE', ( #2995, #1074, #7382, #7020 ) ) ;
#4254 = ORIENTED_EDGE ( 'NONE', *, *, #4693, .F. ) ;
#4255 = AXIS2_PLACEMENT_3D ( 'NONE', #4107, #2300, #3270 ) ;
#4256 = EDGE_LOOP ( 'NONE', ( #4649, #6942, #5435, #5417 ) ) ;
#4257 = VECTOR ( 'NONE', #808, 1000.000000000000000 ) ;
#4258 = EDGE_CURVE ( 'NONE', #4887, #6187, #5907, .T. ) ;
#4259 = ORIENTED_EDGE ( 'NONE', *, *, #6426, .F. ) ;
#4260 = LINE ( 'NONE', #122, #962 ) ;
#4261 = CARTESIAN_POINT ( 'NONE',  ( 0.000000000000000000, 29.60891106212786639, 37.14118181634776050 ) ) ;
#4262 = CARTESIAN_POINT ( 'NONE',  ( 11.99999999999999822, -39.55064067543045780, -25.36340625197401266 ) ) ;
#4263 = AXIS2_PLACEMENT_3D ( 'NONE', #429, #1652, #3987 ) ;
#4264 = VECTOR ( 'NONE', #3696, 1000.000000000000000 ) ;
#4265 = ORIENTED_EDGE ( 'NONE', *, *, #5906, .T. ) ;
#4266 = ORIENTED_EDGE ( 'NONE', *, *, #928, .F. ) ;
#4267 = ORIENTED_EDGE ( 'NONE', *, *, #2814, .T. ) ;
#4268 = VECTOR ( 'NONE', #2283, 1000.000000000000000 ) ;
#4269 = VECTOR ( 'NONE', #1320, 1000.000000000000000 ) ;
#4270 = CARTESIAN_POINT ( 'NONE',  ( 0.000000000000000000, -27.79676263918162604, -37.88001506494797610 ) ) ;
#4271 = DIRECTION ( 'NONE',  ( 1.000000000000000000, 0.000000000000000000, -0.000000000000000000 ) ) ;
#4272 = DIRECTION ( 'NONE',  ( -1.000000000000000000, -0.000000000000000000, -0.000000000000000000 ) ) ;
#4273 = DIRECTION ( 'NONE',  ( -1.000000000000000000, -0.000000000000000000, 0.000000000000000000 ) ) ;
#4274 = LINE ( 'NONE', #4820, #846 ) ;
#4275 = ORIENTED_EDGE ( 'NONE', *, *, #3444, .F. ) ;
#4276 = AXIS2_PLACEMENT_3D ( 'NONE', #5141, #1213, #2240 ) ;
#4277 = AXIS2_PLACEMENT_3D ( 'NONE', #5640, #380, #6789 ) ;
#4278 = CARTESIAN_POINT ( 'NONE',  ( 6.000000000000000000, -44.25018368420762016, 27.31155879685168131 ) ) ;
#4279 = FACE_OUTER_BOUND ( 'NONE', #3577, .T. ) ;
#4280 = CARTESIAN_POINT ( 'NONE',  ( 11.99999999999999822, -47.22458491092823607, 5.098390039074047309 ) ) ;
#4281 = FACE_OUTER_BOUND ( 'NONE', #6534, .T. ) ;
#4282 = DIRECTION ( 'NONE',  ( -1.000000000000000000, 0.000000000000000000, -0.000000000000000000 ) ) ;
#4283 = ORIENTED_EDGE ( 'NONE', *, *, #1190, .F. ) ;
#4284 = PRODUCT ( 'ELP-0030', 'ELP-0030', '', ( #3857 ) ) ;
#4285 = EDGE_LOOP ( 'NONE', ( #3548, #1577, #2138, #4696 ) ) ;
#4286 = DIRECTION ( 'NONE',  ( 0.000000000000000000, -0.7705132427757949154, 0.6374239897486827511 ) ) ;
#4287 = DIRECTION ( 'NONE',  ( 1.000000000000000000, 0.000000000000000000, -0.000000000000000000 ) ) ;
#4288 = EDGE_CURVE ( 'NONE', #14, #2877, #5352, .T. ) ;
#4289 = EDGE_CURVE ( 'NONE', #6085, #2735, #4361, .T. ) ;
#4290 = CARTESIAN_POINT ( 'NONE',  ( 11.99999999999999822, 24.47917365149947955, 45.87777302070943364 ) ) ;
#4291 = EDGE_LOOP ( 'NONE', ( #5757, #6718, #5187, #7600 ) ) ;
#4292 = EDGE_LOOP ( 'NONE', ( #2297, #3168, #1960, #3999 ) ) ;
#4293 = VERTEX_POINT ( 'NONE', #4137 ) ;
#4294 = ADVANCED_FACE ( 'NONE', ( #3558 ), #5397, .T. ) ;
#4295 = EDGE_CURVE ( 'NONE', #4485, #5128, #4504, .T. ) ;
#4296 = ORIENTED_EDGE ( 'NONE', *, *, #2218, .F. ) ;
#4297 = EDGE_CURVE ( 'NONE', #2735, #3756, #137, .T. ) ;
#4298 = CARTESIAN_POINT ( 'NONE',  ( 11.99999999999999822, 46.21320724403664570, -10.97699764141902712 ) ) ;
#4299 = DIRECTION ( 'NONE',  ( 0.000000000000000000, -0.2486898871648622888, 0.9685831611286290777 ) ) ;
#4300 = FACE_OUTER_BOUND ( 'NONE', #6558, .T. ) ;
#4301 = CIRCLE ( 'NONE', #7514, 20.00000000000000711 ) ;
#4302 = ORIENTED_EDGE ( 'NONE', *, *, #7470, .F. ) ;
#4303 = ORIENTED_EDGE ( 'NONE', *, *, #7593, .F. ) ;
#4304 = CARTESIAN_POINT ( 'NONE',  ( 6.000000000000000000, 7.162210897276445998, -51.50439529848821252 ) ) ;
#4305 = CIRCLE ( 'NONE', #2589, 47.49900000000000233 ) ;
#4306 = CIRCLE ( 'NONE', #7523, 52.00000000000000000 ) ;
#4307 = DIRECTION ( 'NONE',  ( 0.000000000000000000, 0.000000000000000000, 1.000000000000000000 ) ) ;
#4308 = DIRECTION ( 'NONE',  ( 1.000000000000000000, 0.000000000000000000, 0.000000000000000000 ) ) ;
#4309 = CYLINDRICAL_SURFACE ( 'NONE', #2631, 52.00000000000000000 ) ;
#4310 = DIRECTION ( 'NONE',  ( 1.000000000000000000, -0.000000000000000000, -0.000000000000000000 ) ) ;
#4311 = DIRECTION ( 'NONE',  ( -0.000000000000000000, 0.000000000000000000, 1.000000000000000000 ) ) ;
#4312 = CYLINDRICAL_SURFACE ( 'NONE', #6496, 20.00000000000000355 ) ;
#4313 = ORIENTED_EDGE ( 'NONE', *, *, #6401, .T. ) ;
#4314 = VECTOR ( 'NONE', #3128, 1000.000000000000000 ) ;
#4315 = EDGE_CURVE ( 'NONE', #5079, #356, #1790, .T. ) ;
#4316 = DIRECTION ( 'NONE',  ( -1.000000000000000000, 0.000000000000000000, -0.000000000000000000 ) ) ;
#4317 = DIRECTION ( 'NONE',  ( 1.000000000000000000, -0.000000000000000000, 0.000000000000000000 ) ) ;
#4318 = CARTESIAN_POINT ( 'NONE',  ( 11.99999999999999822, -36.05989434073590871, -30.12041790338657776 ) ) ;
#4319 = DIRECTION ( 'NONE',  ( 1.000000000000000000, -0.000000000000000000, -0.000000000000000000 ) ) ;
#4320 = DIRECTION ( 'NONE',  ( 0.000000000000000000, 0.9980267284282717810, -0.06279051952930989056 ) ) ;
#4321 = VERTEX_POINT ( 'NONE', #4203 ) ;
#4322 = EDGE_CURVE ( 'NONE', #3290, #7414, #5242, .T. ) ;
#4323 = EDGE_LOOP ( 'NONE', ( #774, #7178, #1798, #389 ) ) ;
#4324 = ORIENTED_EDGE ( 'NONE', *, *, #2934, .F. ) ;
#4325 = CARTESIAN_POINT ( 'NONE',  ( 11.99999999999999822, 42.03146605346818632, -22.12489237027270761 ) ) ;
#4326 = DIRECTION ( 'NONE',  ( -1.000000000000000000, -0.000000000000000000, -0.000000000000000000 ) ) ;
#4327 = DIRECTION ( 'NONE',  ( -1.000000000000000000, 0.000000000000000000, -0.000000000000000000 ) ) ;
#4328 = DIRECTION ( 'NONE',  ( 0.000000000000000000, 0.000000000000000000, 1.000000000000000000 ) ) ;
#4329 = ORIENTED_EDGE ( 'NONE', *, *, #956, .T. ) ;
#4330 = ORIENTED_EDGE ( 'NONE', *, *, #3835, .F. ) ;
#4331 = VERTEX_POINT ( 'NONE', #4822 ) ;
#4332 = ORIENTED_EDGE ( 'NONE', *, *, #7128, .F. ) ;
#4333 = CARTESIAN_POINT ( 'NONE',  ( 6.000000000000000000, -24.47917365149915980, -45.87777302070960417 ) ) ;
#4334 = CARTESIAN_POINT ( 'NONE',  ( 11.99999999999999822, -44.47301969247432396, -16.68249143361957465 ) ) ;
#4335 = CARTESIAN_POINT ( 'NONE',  ( 12.00000000000000000, 15.49408907645171674, 44.90087086784597403 ) ) ;
#4336 = ORIENTED_EDGE ( 'NONE', *, *, #6476, .F. ) ;
#4337 = EDGE_LOOP ( 'NONE', ( #4283, #5038, #6566, #241 ) ) ;
#4338 = CIRCLE ( 'NONE', #1398, 47.49900000000000233 ) ;
#4339 = EDGE_CURVE ( 'NONE', #982, #6085, #7070, .T. ) ;
#4340 = ORIENTED_EDGE ( 'NONE', *, *, #6625, .T. ) ;
#4341 = EDGE_CURVE ( 'NONE', #1978, #6665, #2394, .T. ) ;
#4342 = LINE ( 'NONE', #5500, #3781 ) ;
#4343 = DIRECTION ( 'NONE',  ( 0.000000000000000000, 0.000000000000000000, 1.000000000000000000 ) ) ;
#4344 = DIRECTION ( 'NONE',  ( -1.000000000000000000, -0.000000000000000000, 0.000000000000000000 ) ) ;
#4345 = CARTESIAN_POINT ( 'NONE',  ( 11.99999999999999822, 32.00046193115147730, 34.40241257139699371 ) ) ;
#4346 = DIRECTION ( 'NONE',  ( -1.000000000000000000, 0.000000000000000000, 0.000000000000000000 ) ) ;
#4347 = CARTESIAN_POINT ( 'NONE',  ( 12.00000000000000000, -20.99948489194393275, -42.60488980472802467 ) ) ;
#4348 = CARTESIAN_POINT ( 'NONE',  ( 11.99999999999999822, -32.00046193115123572, -34.40241257139721398 ) ) ;
#4349 = CIRCLE ( 'NONE', #1054, 52.00000000000000000 ) ;
#4350 = ORIENTED_EDGE ( 'NONE', *, *, #2365, .F. ) ;
#4351 = CIRCLE ( 'NONE', #4980, 47.49900000000000233 ) ;
#4352 = ORIENTED_EDGE ( 'NONE', *, *, #1896, .F. ) ;
#4353 = CARTESIAN_POINT ( 'NONE',  ( 12.00000000000000000, 0.000000000000000000, 0.000000000000000000 ) ) ;
#4354 = DIRECTION ( 'NONE',  ( -1.000000000000000000, 0.000000000000000000, 0.000000000000000000 ) ) ;
#4355 = VECTOR ( 'NONE', #5787, 1000.000000000000000 ) ;
#4356 = DIRECTION ( 'NONE',  ( 0.000000000000000000, 0.000000000000000000, 1.000000000000000000 ) ) ;
#4357 = LINE ( 'NONE', #5367, #2135 ) ;
#4358 = CARTESIAN_POINT ( 'NONE',  ( 11.99999999999999822, -36.34385289850609979, 29.77717097092062559 ) ) ;
#4359 = CARTESIAN_POINT ( 'NONE',  ( 15.00000000000000000, 0.000000000000000000, 41.00000000000000000 ) ) ;
#4360 = VERTEX_POINT ( 'NONE', #2545 ) ;
#4361 = CIRCLE ( 'NONE', #2021, 47.49900000000000233 ) ;
#4362 = EDGE_CURVE ( 'NONE', #6334, #1131, #1066, .T. ) ;
#4363 = ORIENTED_EDGE ( 'NONE', *, *, #5075, .T. ) ;
#4364 = ORIENTED_EDGE ( 'NONE', *, *, #4719, .F. ) ;
#4365 = AXIS2_PLACEMENT_3D ( 'NONE', #7446, #1610, #997 ) ;
#4366 = ORIENTED_EDGE ( 'NONE', *, *, #5311, .F. ) ;
#4367 = DIRECTION ( 'NONE',  ( 1.000000000000000000, 0.000000000000000000, 0.000000000000000000 ) ) ;
#4368 = DIRECTION ( 'NONE',  ( -1.000000000000000000, 0.000000000000000000, 0.000000000000000000 ) ) ;
#4369 = DIRECTION ( 'NONE',  ( -1.000000000000000000, -0.000000000000000000, -0.000000000000000000 ) ) ;
#4370 = DIRECTION ( 'NONE',  ( -0.000000000000000000, 0.000000000000000000, 1.000000000000000000 ) ) ;
#4371 = ORIENTED_EDGE ( 'NONE', *, *, #5811, .F. ) ;
#4372 = ORIENTED_EDGE ( 'NONE', *, *, #5084, .F. ) ;
#4373 = AXIS2_PLACEMENT_3D ( 'NONE', #2824, #5177, #7518 ) ;
#4374 = EDGE_CURVE ( 'NONE', #519, #4472, #6456, .T. ) ;
#4375 = ORIENTED_EDGE ( 'NONE', *, *, #2992, .F. ) ;
#4376 = ORIENTED_EDGE ( 'NONE', *, *, #2463, .T. ) ;
#4377 = AXIS2_PLACEMENT_3D ( 'NONE', #4262, #1352, #3679 ) ;
#4378 = AXIS2_PLACEMENT_3D ( 'NONE', #1178, #3551, #1751 ) ;
#4379 = DIRECTION ( 'NONE',  ( -1.000000000000000000, 0.000000000000000000, -0.000000000000000000 ) ) ;
#4380 = DIRECTION ( 'NONE',  ( 0.000000000000000000, 0.000000000000000000, 1.000000000000000000 ) ) ;
#4381 = DIRECTION ( 'NONE',  ( -1.000000000000000000, -0.000000000000000000, -0.000000000000000000 ) ) ;
#4382 = ORIENTED_EDGE ( 'NONE', *, *, #1127, .F. ) ;
#4383 = ORIENTED_EDGE ( 'NONE', *, *, #891, .T. ) ;
#4384 = AXIS2_PLACEMENT_3D ( 'NONE', #4927, #817, #6155 ) ;
#4385 = AXIS2_PLACEMENT_3D ( 'NONE', #7582, #4595, #4631 ) ;
#4386 = AXIS2_PLACEMENT_3D ( 'NONE', #2770, #5131, #6311 ) ;
#4387 = VERTEX_POINT ( 'NONE', #2625 ) ;
#4388 = CARTESIAN_POINT ( 'NONE',  ( 11.99999999999999822, -36.05989434073634214, 30.12041790338605551 ) ) ;
#4390 = DIRECTION ( 'NONE',  ( -1.000000000000000000, 0.000000000000000000, 0.000000000000000000 ) ) ;
#4389 = AXIS2_PLACEMENT_3D ( 'NONE', #4543, #2254, #6891 ) ;
#4391 = DIRECTION ( 'NONE',  ( 0.000000000000000000, 0.000000000000000000, -1.000000000000000000 ) ) ;
#4393 = CARTESIAN_POINT ( 'NONE',  ( 0.000000000000000000, -5.667686777401370612, -46.64153600743609474 ) ) ;
#4392 = AXIS2_PLACEMENT_3D ( 'NONE', #6811, #3796, #850 ) ;
#4394 = DIRECTION ( 'NONE',  ( 0.000000000000000000, -0.1253332335643113360, 0.9921147013144769877 ) ) ;
#4395 = CARTESIAN_POINT ( 'NONE',  ( 0.000000000000000000, 0.000000000000000000, 0.000000000000000000 ) ) ;
#4396 = DIRECTION ( 'NONE',  ( 1.000000000000000000, -0.000000000000000000, -0.000000000000000000 ) ) ;
#4397 = EDGE_CURVE ( 'NONE', #225, #5754, #4939, .T. ) ;
#4398 = VERTEX_POINT ( 'NONE', #6209 ) ;
#4399 = EDGE_CURVE ( 'NONE', #4846, #2139, #6666, .T. ) ;
#4400 = AXIS2_PLACEMENT_3D ( 'NONE', #3926, #5129, #2194 ) ;
#4401 = CIRCLE ( 'NONE', #1100, 47.49900000000000233 ) ;
#4402 = ORIENTED_EDGE ( 'NONE', *, *, #1683, .F. ) ;
#4403 = ORIENTED_EDGE ( 'NONE', *, *, #4099, .F. ) ;
#4404 = EDGE_CURVE ( 'NONE', #4844, #6955, #955, .T. ) ;
#4405 = CARTESIAN_POINT ( 'NONE',  ( 0.000000000000000000, -13.56094713063535373, -50.20060470671755581 ) ) ;
#4406 = CARTESIAN_POINT ( 'NONE',  ( 11.99999999999999822, -47.00885577955416039, 6.806061952192135500 ) ) ;
#4407 = LINE ( 'NONE', #1447, #5600 ) ;
#4408 = CARTESIAN_POINT ( 'NONE',  ( 0.000000000000000000, 0.000000000000000000, 0.000000000000000000 ) ) ;
#4409 = DIRECTION ( 'NONE',  ( 1.000000000000000000, -0.000000000000000000, 0.000000000000000000 ) ) ;
#4410 = DIRECTION ( 'NONE',  ( 0.000000000000000000, 0.000000000000000000, 1.000000000000000000 ) ) ;
#4411 = VECTOR ( 'NONE', #627, 1000.000000000000000 ) ;
#4412 = ORIENTED_EDGE ( 'NONE', *, *, #1841, .F. ) ;
#4413 = EDGE_CURVE ( 'NONE', #2730, #1085, #3119, .T. ) ;
#4414 = ORIENTED_EDGE ( 'NONE', *, *, #4397, .T. ) ;
#4415 = EDGE_CURVE ( 'NONE', #737, #634, #3736, .T. ) ;
#4416 = ORIENTED_EDGE ( 'NONE', *, *, #4560, .T. ) ;
#4417 = AXIS2_PLACEMENT_3D ( 'NONE', #2382, #6510, #3547 ) ;
#4418 = ORIENTED_EDGE ( 'NONE', *, *, #17, .F. ) ;
#4419 = DIRECTION ( 'NONE',  ( 0.000000000000000000, 0.000000000000000000, -1.000000000000000000 ) ) ;
#4420 = FACE_OUTER_BOUND ( 'NONE', #1199, .T. ) ;
#4421 = CARTESIAN_POINT ( 'NONE',  ( 5.999999999999999112, 18.53613841426859921, -48.58406706613882875 ) ) ;
#4422 = DIRECTION ( 'NONE',  ( -1.000000000000000000, 0.000000000000000000, -0.000000000000000000 ) ) ;
#4423 = EDGE_LOOP ( 'NONE', ( #5848, #7136, #232, #2677 ) ) ;
#4424 = ORIENTED_EDGE ( 'NONE', *, *, #7441, .T. ) ;
#4425 = ORIENTED_EDGE ( 'NONE', *, *, #2782, .F. ) ;
#4426 = EDGE_LOOP ( 'NONE', ( #3784, #3792, #59, #1526 ) ) ;
#4428 = ADVANCED_FACE ( 'NONE', ( #1963 ), #6707, .F. ) ;
#4427 = PLANE ( 'NONE',  #5626 ) ;
#4429 = CARTESIAN_POINT ( 'NONE',  ( 11.99999999999999822, -46.21320724403656754, 10.97699764141935042 ) ) ;
#4430 = FACE_OUTER_BOUND ( 'NONE', #5056, .T. ) ;
#4431 = VERTEX_POINT ( 'NONE', #172 ) ;
#4432 = VERTEX_POINT ( 'NONE', #5509 ) ;
#4433 = ORIENTED_EDGE ( 'NONE', *, *, #807, .T. ) ;
#4434 = EDGE_CURVE ( 'NONE', #634, #737, #3874, .T. ) ;
#4435 = AXIS2_PLACEMENT_3D ( 'NONE', #2222, #1654, #1195 ) ;
#4436 = CARTESIAN_POINT ( 'NONE',  ( 0.000000000000000000, -42.60732521687557295, -19.80331771201702296 ) ) ;
#4437 = CARTESIAN_POINT ( 'NONE',  ( -10.00000000000000000, 0.000000000000000000, 0.000000000000000000 ) ) ;
#4438 = DIRECTION ( 'NONE',  ( 0.000000000000000000, 0.000000000000000000, -1.000000000000000000 ) ) ;
#4439 = FACE_OUTER_BOUND ( 'NONE', #1772, .T. ) ;
#4440 = CARTESIAN_POINT ( 'NONE',  ( 0.000000000000000000, 0.000000000000000000, 0.000000000000000000 ) ) ;
#4441 = DIRECTION ( 'NONE',  ( -1.000000000000000000, 0.000000000000000000, 0.000000000000000000 ) ) ;
#4442 = LINE ( 'NONE', #5636, #6883 ) ;
#4443 = EDGE_LOOP ( 'NONE', ( #119, #5806, #5801, #953 ) ) ;
#4444 = EDGE_CURVE ( 'NONE', #983, #4485, #213, .T. ) ;
#4445 = AXIS2_PLACEMENT_3D ( 'NONE', #3734, #258, #833 ) ;
#4446 = EDGE_LOOP ( 'NONE', ( #1271, #2472, #5671, #2450 ) ) ;
#4447 = DIRECTION ( 'NONE',  ( 0.000000000000000000, 0.000000000000000000, -1.000000000000000000 ) ) ;
#4448 = CARTESIAN_POINT ( 'NONE',  ( 0.000000000000000000, 0.000000000000000000, 0.000000000000000000 ) ) ;
#4449 = DIRECTION ( 'NONE',  ( -1.000000000000000000, 0.000000000000000000, 0.000000000000000000 ) ) ;
#4451 = CIRCLE ( 'NONE', #7394, 47.49900000000000233 ) ;
#4450 = DIRECTION ( 'NONE',  ( 0.000000000000000000, 0.000000000000000000, 1.000000000000000000 ) ) ;
#4452 = DIRECTION ( 'NONE',  ( 0.000000000000000000, 0.4817536741017100499, 0.8763066800438663595 ) ) ;
#4453 = ORIENTED_EDGE ( 'NONE', *, *, #2979, .F. ) ;
#4454 = AXIS2_PLACEMENT_3D ( 'NONE', #3239, #3324, #2627 ) ;
#4455 = EDGE_CURVE ( 'NONE', #5604, #6567, #3729, .T. ) ;
#4456 = VERTEX_POINT ( 'NONE', #3158 ) ;
#4457 = AXIS2_PLACEMENT_3D ( 'NONE', #7418, #6182, #3790 ) ;
#4458 = ORIENTED_EDGE ( 'NONE', *, *, #2463, .F. ) ;
#4459 = EDGE_CURVE ( 'NONE', #1791, #866, #336, .T. ) ;
#4460 = ORIENTED_EDGE ( 'NONE', *, *, #6758, .T. ) ;
#4461 = CARTESIAN_POINT ( 'NONE',  ( 0.000000000000000000, 51.19683565102457123, -9.104066087302946642 ) ) ;
#4462 = CARTESIAN_POINT ( 'NONE',  ( 11.99999999999999822, -44.25018368420722936, -27.31155879685229237 ) ) ;
#4463 = CARTESIAN_POINT ( 'NONE',  ( 0.000000000000000000, 42.03146605346785947, 22.12489237027331512 ) ) ;
#4464 = DIRECTION ( 'NONE',  ( 0.000000000000000000, 0.000000000000000000, 1.000000000000000000 ) ) ;
#4465 = ORIENTED_EDGE ( 'NONE', *, *, #6941, .F. ) ;
#4466 = EDGE_CURVE ( 'NONE', #3209, #1235, #1551, .T. ) ;
#4467 = ORIENTED_EDGE ( 'NONE', *, *, #3904, .F. ) ;
#4468 = ORIENTED_EDGE ( 'NONE', *, *, #5124, .F. ) ;
#4469 = CARTESIAN_POINT ( 'NONE',  ( 0.000000000000000000, 0.000000000000000000, 0.000000000000000000 ) ) ;
#4470 = DIRECTION ( 'NONE',  ( -0.000000000000000000, 0.000000000000000000, 1.000000000000000000 ) ) ;
#4471 = ORIENTED_EDGE ( 'NONE', *, *, #4781, .F. ) ;
#4472 = VERTEX_POINT ( 'NONE', #5031 ) ;
#4473 = ADVANCED_FACE ( 'NONE', ( #868 ), #2502, .T. ) ;
#4474 = EDGE_LOOP ( 'NONE', ( #6020, #6776, #4624, #6672 ) ) ;
#4475 = EDGE_CURVE ( 'NONE', #5559, #3223, #3285, .T. ) ;
#4476 = DIRECTION ( 'NONE',  ( 0.000000000000000000, 0.000000000000000000, 1.000000000000000000 ) ) ;
#4477 = DIRECTION ( 'NONE',  ( -1.000000000000000000, -0.000000000000000000, -0.000000000000000000 ) ) ;
#4478 = DIRECTION ( 'NONE',  ( -1.000000000000000000, 0.000000000000000000, -0.000000000000000000 ) ) ;
#4479 = DIRECTION ( 'NONE',  ( 1.000000000000000000, -0.000000000000000000, -0.000000000000000000 ) ) ;
#4480 = FACE_OUTER_BOUND ( 'NONE', #3143, .T. ) ;
#4481 = CIRCLE ( 'NONE', #3974, 20.00000000000000355 ) ;
#4482 = FACE_OUTER_BOUND ( 'NONE', #1979, .T. ) ;
#4483 = DIRECTION ( 'NONE',  ( -1.000000000000000000, 0.000000000000000000, 0.000000000000000000 ) ) ;
#4484 = EDGE_CURVE ( 'NONE', #3342, #4431, #938, .T. ) ;
#4485 = VERTEX_POINT ( 'NONE', #6790 ) ;
#4486 = EDGE_CURVE ( 'NONE', #482, #1758, #690, .T. ) ;
#4487 = CIRCLE ( 'NONE', #3855, 20.00000000000000711 ) ;
#4488 = CARTESIAN_POINT ( 'NONE',  ( 11.99999999999999822, 46.11014828289842882, -9.022736828080882177 ) ) ;
#4489 = AXIS2_PLACEMENT_3D ( 'NONE', #1784, #4231, #1752 ) ;
#4490 = CARTESIAN_POINT ( 'NONE',  ( 0.000000000000000000, 0.000000000000000000, 0.000000000000000000 ) ) ;
#4491 = DIRECTION ( 'NONE',  ( -1.000000000000000000, 0.000000000000000000, -0.000000000000000000 ) ) ;
#4492 = DIRECTION ( 'NONE',  ( 0.000000000000000000, 0.000000000000000000, 1.000000000000000000 ) ) ;
#4493 = CARTESIAN_POINT ( 'NONE',  ( 11.99999999999999822, 0.000000000000000000, 0.000000000000000000 ) ) ;
#4494 = ORIENTED_EDGE ( 'NONE', *, *, #5628, .T. ) ;
#4495 = CIRCLE ( 'NONE', #2767, 20.00000000000000355 ) ;
#4496 = ORIENTED_EDGE ( 'NONE', *, *, #3635, .T. ) ;
#4497 = EDGE_LOOP ( 'NONE', ( #1308, #2793, #306, #2564 ) ) ;
#4498 = CIRCLE ( 'NONE', #73, 20.00000000000000355 ) ;
#4499 = ORIENTED_EDGE ( 'NONE', *, *, #4475, .T. ) ;
#4500 = DIRECTION ( 'NONE',  ( -1.000000000000000000, -0.000000000000000000, 0.000000000000000000 ) ) ;
#4501 = DIRECTION ( 'NONE',  ( 1.000000000000000000, 0.000000000000000000, 0.000000000000000000 ) ) ;
#4502 = DIRECTION ( 'NONE',  ( -1.000000000000000000, -0.000000000000000000, 0.000000000000000000 ) ) ;
#4503 = CYLINDRICAL_SURFACE ( 'NONE', #7243, 20.00000000000000355 ) ;
#4504 = CIRCLE ( 'NONE', #4001, 52.00000000000000000 ) ;
#4505 = EDGE_CURVE ( 'NONE', #4456, #847, #6325, .T. ) ;
#4506 = AXIS2_PLACEMENT_3D ( 'NONE', #501, #3977, #4056 ) ;
#4507 = ORIENTED_EDGE ( 'NONE', *, *, #720, .F. ) ;
#4508 = ORIENTED_EDGE ( 'NONE', *, *, #1982, .F. ) ;
#4509 = CYLINDRICAL_SURFACE ( 'NONE', #719, 20.00000000000000355 ) ;
#4510 = AXIS2_PLACEMENT_3D ( 'NONE', #4894, #6783, #1520 ) ;
#4511 = DIRECTION ( 'NONE',  ( -1.000000000000000000, -0.000000000000000000, -0.000000000000000000 ) ) ;
#4512 = EDGE_CURVE ( 'NONE', #5314, #147, #1893, .T. ) ;
#4513 = VERTEX_POINT ( 'NONE', #6406 ) ;
#4514 = ORIENTED_EDGE ( 'NONE', *, *, #5109, .F. ) ;
#4515 = EDGE_CURVE ( 'NONE', #3293, #2542, #327, .T. ) ;
#4516 = VERTEX_POINT ( 'NONE', #3942 ) ;
#4517 = AXIS2_PLACEMENT_3D ( 'NONE', #2026, #2079, #6772 ) ;
#4518 = AXIS2_PLACEMENT_3D ( 'NONE', #7183, #3797, #1424 ) ;
#4519 = FACE_OUTER_BOUND ( 'NONE', #4253, .T. ) ;
#4520 = DIRECTION ( 'NONE',  ( 0.000000000000000000, 0.000000000000000000, -1.000000000000000000 ) ) ;
#4521 = DIRECTION ( 'NONE',  ( -1.000000000000000000, 0.000000000000000000, -0.000000000000000000 ) ) ;
#4522 = DIRECTION ( 'NONE',  ( 0.000000000000000000, 0.000000000000000000, 1.000000000000000000 ) ) ;
#4523 = PLANE ( 'NONE',  #3875 ) ;
#4524 = LINE ( 'NONE', #3192, #4658 ) ;
#4525 = AXIS2_PLACEMENT_3D ( 'NONE', #2035, #6744, #1477 ) ;
#4526 = ORIENTED_EDGE ( 'NONE', *, *, #6401, .F. ) ;
#4527 = CIRCLE ( 'NONE', #4146, 20.00000000000000711 ) ;
#4528 = CIRCLE ( 'NONE', #974, 20.00000000000000711 ) ;
#4529 =( NAMED_UNIT ( * ) SI_UNIT ( $, .STERADIAN. ) SOLID_ANGLE_UNIT ( ) );
#4530 = DIRECTION ( 'NONE',  ( 0.000000000000000000, 0.000000000000000000, 1.000000000000000000 ) ) ;
#4531 = DIRECTION ( 'NONE',  ( -1.000000000000000000, -0.000000000000000000, -0.000000000000000000 ) ) ;
#4532 = PLANE ( 'NONE',  #4454 ) ;
#4533 = PLANE ( 'NONE',  #6494 ) ;
#4534 = CARTESIAN_POINT ( 'NONE',  ( 12.00000000000000000, 0.000000000000000000, 0.000000000000000000 ) ) ;
#4535 = ORIENTED_EDGE ( 'NONE', *, *, #2109, .T. ) ;
#4536 = CIRCLE ( 'NONE', #1219, 52.00000000000000000 ) ;
#4537 = AXIS2_PLACEMENT_3D ( 'NONE', #6595, #3487, #6040 ) ;
#4538 = ORIENTED_EDGE ( 'NONE', *, *, #1055, .T. ) ;
#4539 = EDGE_LOOP ( 'NONE', ( #1892, #6430, #7301, #993 ) ) ;
#4540 = ORIENTED_EDGE ( 'NONE', *, *, #2563, .T. ) ;
#4541 = CIRCLE ( 'NONE', #497, 47.49900000000000233 ) ;
#4542 = DIRECTION ( 'NONE',  ( 0.000000000000000000, -0.9048270524660145808, -0.4257792915650830956 ) ) ;
#4543 = CARTESIAN_POINT ( 'NONE',  ( 11.99999999999999822, 0.000000000000000000, 0.000000000000000000 ) ) ;
#4544 = CARTESIAN_POINT ( 'NONE',  ( 0.000000000000000000, -29.60891106212760349, -37.14118181634798077 ) ) ;
#4545 = CARTESIAN_POINT ( 'NONE',  ( 0.000000000000000000, -34.03046037009229963, -33.13733193845843772 ) ) ;
#4546 = CIRCLE ( 'NONE', #7109, 20.00000000000000711 ) ;
#4547 = ORIENTED_EDGE ( 'NONE', *, *, #4172, .F. ) ;
#4548 = EDGE_CURVE ( 'NONE', #3756, #7553, #6218, .T. ) ;
#4549 = EDGE_CURVE ( 'NONE', #5847, #6087, #3878, .T. ) ;
#4550 = EDGE_LOOP ( 'NONE', ( #6810, #7011, #1113, #3091 ) ) ;
#4551 = CARTESIAN_POINT ( 'NONE',  ( 11.99999999999999822, 27.43636312076319683, 38.14186064215159888 ) ) ;
#4552 = LINE ( 'NONE', #1659, #1809 ) ;
#4553 = ORIENTED_EDGE ( 'NONE', *, *, #4549, .F. ) ;
#4554 = ORIENTED_EDGE ( 'NONE', *, *, #1418, .F. ) ;
#4555 = EDGE_CURVE ( 'NONE', #1912, #7111, #2280, .T. ) ;
#4556 = EDGE_CURVE ( 'NONE', #6620, #1280, #4856, .T. ) ;
#4557 = EDGE_CURVE ( 'NONE', #7542, #2378, #5849, .T. ) ;
#4558 = ORIENTED_EDGE ( 'NONE', *, *, #89, .T. ) ;
#4559 = EDGE_CURVE ( 'NONE', #7186, #6141, #582, .T. ) ;
#4560 = EDGE_CURVE ( 'NONE', #6017, #1839, #1643, .T. ) ;
#4561 = CARTESIAN_POINT ( 'NONE',  ( 0.000000000000000000, -27.43636312076293748, -38.14186064215179073 ) ) ;
#4562 = DIRECTION ( 'NONE',  ( -1.000000000000000000, 0.000000000000000000, -0.000000000000000000 ) ) ;
#4563 = CARTESIAN_POINT ( 'NONE',  ( 15.00000000000000000, 0.000000000000000000, 41.00000000000000000 ) ) ;
#4564 = FACE_OUTER_BOUND ( 'NONE', #5381, .T. ) ;
#4565 = CARTESIAN_POINT ( 'NONE',  ( 12.00000000000000000, -13.85708833599935907, -45.43276465116678509 ) ) ;
#4566 = DIRECTION ( 'NONE',  ( 0.000000000000000000, 0.8443279255020161855, -0.5358267949789946583 ) ) ;
#4567 = ORIENTED_EDGE ( 'NONE', *, *, #2978, .F. ) ;
#4568 = DIRECTION ( 'NONE',  ( -1.000000000000000000, 0.000000000000000000, 0.000000000000000000 ) ) ;
#4569 = DIRECTION ( 'NONE',  ( 1.000000000000000000, 0.000000000000000000, 0.000000000000000000 ) ) ;
#4570 = LINE ( 'NONE', #6755, #6693 ) ;
#4571 = DIRECTION ( 'NONE',  ( -1.000000000000000000, 0.000000000000000000, 0.000000000000000000 ) ) ;
#4572 = DIRECTION ( 'NONE',  ( 1.000000000000000000, -0.000000000000000000, -0.000000000000000000 ) ) ;
#4573 = VERTEX_POINT ( 'NONE', #2748 ) ;
#4574 = CIRCLE ( 'NONE', #5059, 47.49900000000000233 ) ;
#4575 = ORIENTED_EDGE ( 'NONE', *, *, #4505, .F. ) ;
#4576 = EDGE_CURVE ( 'NONE', #4795, #1090, #2384, .T. ) ;
#4577 = CIRCLE ( 'NONE', #6363, 20.00000000000000711 ) ;
#4578 = VERTEX_POINT ( 'NONE', #1678 ) ;
#4579 = DIRECTION ( 'NONE',  ( 0.000000000000000000, 0.000000000000000000, -1.000000000000000000 ) ) ;
#4580 = DIRECTION ( 'NONE',  ( -1.000000000000000000, 0.000000000000000000, -0.000000000000000000 ) ) ;
#4581 = DIRECTION ( 'NONE',  ( -1.000000000000000000, -0.000000000000000000, 0.000000000000000000 ) ) ;
#4582 = CARTESIAN_POINT ( 'NONE',  ( 0.000000000000000000, 11.90021268425555689, 45.45261810511217959 ) ) ;
#4583 = AXIS2_PLACEMENT_3D ( 'NONE', #1032, #4449, #7447 ) ;
#4584 = EDGE_CURVE ( 'NONE', #7304, #6314, #3357, .T. ) ;
#4585 = AXIS2_PLACEMENT_3D ( 'NONE', #6868, #6782, #5096 ) ;
#4586 = EDGE_CURVE ( 'NONE', #1348, #3649, #3903, .T. ) ;
#4587 = ORIENTED_EDGE ( 'NONE', *, *, #807, .F. ) ;
#4588 = DIRECTION ( 'NONE',  ( 0.000000000000000000, -0.9048270524660235736, 0.4257792915650641108 ) ) ;
#4589 = FACE_OUTER_BOUND ( 'NONE', #4443, .T. ) ;
#4590 = EDGE_LOOP ( 'NONE', ( #2149, #2485, #795, #845 ) ) ;
#4591 = ORIENTED_EDGE ( 'NONE', *, *, #5025, .T. ) ;
#4592 = VERTEX_POINT ( 'NONE', #5641 ) ;
#4593 = EDGE_LOOP ( 'NONE', ( #5684, #7294, #2215, #6839 ) ) ;
#4594 = DIRECTION ( 'NONE',  ( 0.000000000000000000, 0.000000000000000000, 1.000000000000000000 ) ) ;
#4595 = DIRECTION ( 'NONE',  ( -1.000000000000000000, 0.000000000000000000, -0.000000000000000000 ) ) ;
#4596 = CARTESIAN_POINT ( 'NONE',  ( 11.99999999999999822, 39.55064067543064255, 25.36340625197374621 ) ) ;
#4597 = CARTESIAN_POINT ( 'NONE',  ( 12.00000000000000000, -9.744342220503083851, -46.48873837489806959 ) ) ;
#4598 = DIRECTION ( 'NONE',  ( 1.000000000000000000, 0.000000000000000000, 0.000000000000000000 ) ) ;
#4599 = DIRECTION ( 'NONE',  ( 0.000000000000000000, 0.000000000000000000, 1.000000000000000000 ) ) ;
#4600 = ORIENTED_EDGE ( 'NONE', *, *, #5980, .F. ) ;
#4601 = EDGE_CURVE ( 'NONE', #3342, #299, #453, .T. ) ;
#4602 = VECTOR ( 'NONE', #6668, 1000.000000000000000 ) ;
#4603 = DIRECTION ( 'NONE',  ( -1.000000000000000000, 0.000000000000000000, 0.000000000000000000 ) ) ;
#4604 = DIRECTION ( 'NONE',  ( 0.000000000000000000, -0.6845471059286952764, 0.7289686274214055572 ) ) ;
#4605 = DIRECTION ( 'NONE',  ( 0.000000000000000000, 0.9048270524660205760, -0.4257792915650702170 ) ) ;
#4606 = DIRECTION ( 'NONE',  ( 1.000000000000000000, 0.000000000000000000, -0.000000000000000000 ) ) ;
#4607 = DIRECTION ( 'NONE',  ( -1.000000000000000000, 0.000000000000000000, -0.000000000000000000 ) ) ;
#4608 = ORIENTED_EDGE ( 'NONE', *, *, #7360, .F. ) ;
#4609 = AXIS2_PLACEMENT_3D ( 'NONE', #3053, #4212, #6642 ) ;
#4610 = ORIENTED_EDGE ( 'NONE', *, *, #4096, .F. ) ;
#4611 = VERTEX_POINT ( 'NONE', #381 ) ;
#4612 = LINE ( 'NONE', #1725, #1785 ) ;
#4613 = CARTESIAN_POINT ( 'NONE',  ( 11.99999999999999822, 12.30077720129096797, 50.52416135122086160 ) ) ;
#4614 = CARTESIAN_POINT ( 'NONE',  ( 0.000000000000000000, 19.44205635905601426, -43.33776004284588623 ) ) ;
#4615 = DIRECTION ( 'NONE',  ( 0.000000000000000000, 0.000000000000000000, 1.000000000000000000 ) ) ;
#4616 = VECTOR ( 'NONE', #4273, 1000.000000000000000 ) ;
#4617 = VERTEX_POINT ( 'NONE', #499 ) ;
#4618 = AXIS2_PLACEMENT_3D ( 'NONE', #7, #4500, #4542 ) ;
#4619 = CARTESIAN_POINT ( 'NONE',  ( 5.999999999999999112, 25.61928775981106199, -45.25098998563452568 ) ) ;
#4620 = DIRECTION ( 'NONE',  ( -1.000000000000000000, 0.000000000000000000, 0.000000000000000000 ) ) ;
#4621 = VECTOR ( 'NONE', #5740, 1000.000000000000000 ) ;
#4622 = DIRECTION ( 'NONE',  ( 0.000000000000000000, 0.000000000000000000, 1.000000000000000000 ) ) ;
#4623 = AXIS2_PLACEMENT_3D ( 'NONE', #4448, #3861, #869 ) ;
#4624 = ORIENTED_EDGE ( 'NONE', *, *, #4397, .F. ) ;
#4625 = ORIENTED_EDGE ( 'NONE', *, *, #1247, .F. ) ;
#4626 = AXIS2_PLACEMENT_3D ( 'NONE', #290, #2672, #7201 ) ;
#4627 = ORIENTED_EDGE ( 'NONE', *, *, #7006, .F. ) ;
#4628 = ORIENTED_EDGE ( 'NONE', *, *, #2498, .T. ) ;
#4629 = AXIS2_PLACEMENT_3D ( 'NONE', #1786, #98, #4716 ) ;
#4630 = DIRECTION ( 'NONE',  ( -1.000000000000000000, -0.000000000000000000, -0.000000000000000000 ) ) ;
#4631 = DIRECTION ( 'NONE',  ( -0.000000000000000000, 0.000000000000000000, 1.000000000000000000 ) ) ;
#4632 = DIRECTION ( 'NONE',  ( -1.000000000000000000, -0.000000000000000000, 0.000000000000000000 ) ) ;
#4633 = DIRECTION ( 'NONE',  ( -1.000000000000000000, 0.000000000000000000, 0.000000000000000000 ) ) ;
#4634 = LINE ( 'NONE', #2318, #4783 ) ;
#4635 = ORIENTED_EDGE ( 'NONE', *, *, #4867, .T. ) ;
#4636 = AXIS2_PLACEMENT_3D ( 'NONE', #4049, #5209, #7399 ) ;
#4637 = EDGE_CURVE ( 'NONE', #4812, #2308, #3108, .T. ) ;
#4638 = ADVANCED_FACE ( 'NONE', ( #3393 ), #5749, .T. ) ;
#4640 = DIRECTION ( 'NONE',  ( -1.000000000000000000, -0.000000000000000000, -0.000000000000000000 ) ) ;
#4639 = VECTOR ( 'NONE', #4222, 1000.000000000000000 ) ;
#4641 = AXIS2_PLACEMENT_3D ( 'NONE', #7116, #1846, #1872 ) ;
#4642 = DIRECTION ( 'NONE',  ( 0.000000000000000000, 0.000000000000000000, 1.000000000000000000 ) ) ;
#4643 = CARTESIAN_POINT ( 'NONE',  ( 15.00000000000000000, 0.000000000000000000, 35.00000000000000711 ) ) ;
#4644 = DIRECTION ( 'NONE',  ( 0.000000000000000000, 0.000000000000000000, -1.000000000000000000 ) ) ;
#4645 = DIRECTION ( 'NONE',  ( -1.000000000000000000, -0.000000000000000000, 0.000000000000000000 ) ) ;
#4646 = ORIENTED_EDGE ( 'NONE', *, *, #2896, .T. ) ;
#4647 = VECTOR ( 'NONE', #182, 1000.000000000000000 ) ;
#4648 = AXIS2_PLACEMENT_3D ( 'NONE', #932, #5573, #7298 ) ;
#4649 = ORIENTED_EDGE ( 'NONE', *, *, #7248, .T. ) ;
#4650 = EDGE_CURVE ( 'NONE', #7244, #522, #4108, .T. ) ;
#4651 = EDGE_CURVE ( 'NONE', #785, #5655, #1107, .T. ) ;
#4652 = DIRECTION ( 'NONE',  ( -1.000000000000000000, -0.000000000000000000, -0.000000000000000000 ) ) ;
#4653 = DIRECTION ( 'NONE',  ( -1.000000000000000000, -0.000000000000000000, -0.000000000000000000 ) ) ;
#4654 = CARTESIAN_POINT ( 'NONE',  ( 0.000000000000000000, -46.77034588191290254, -22.72740077717277885 ) ) ;
#4655 = DIRECTION ( 'NONE',  ( -1.000000000000000000, -0.000000000000000000, -0.000000000000000000 ) ) ;
#4656 = VECTOR ( 'NONE', #7290, 1000.000000000000000 ) ;
#4657 = EDGE_CURVE ( 'NONE', #1235, #3391, #1541, .T. ) ;
#4658 = VECTOR ( 'NONE', #3355, 1000.000000000000000 ) ;
#4659 = AXIS2_PLACEMENT_3D ( 'NONE', #3103, #2033, #1430 ) ;
#4660 = ORIENTED_EDGE ( 'NONE', *, *, #3972, .T. ) ;
#4661 = DIRECTION ( 'NONE',  ( 0.000000000000000000, 0.000000000000000000, -1.000000000000000000 ) ) ;
#4662 = CYLINDRICAL_SURFACE ( 'NONE', #4400, 20.00000000000000355 ) ;
#4663 = CARTESIAN_POINT ( 'NONE',  ( 0.000000000000000000, -45.78515115856033191, -12.64416602183715810 ) ) ;
#4664 = ORIENTED_EDGE ( 'NONE', *, *, #3457, .T. ) ;
#4665 = ORIENTED_EDGE ( 'NONE', *, *, #5045, .F. ) ;
#4666 = ORIENTED_EDGE ( 'NONE', *, *, #6704, .F. ) ;
#4667 = PRODUCT_DEFINITION_SHAPE ( 'NONE', 'NONE',  #2690 ) ;
#4668 = EDGE_CURVE ( 'NONE', #5127, #2352, #2457, .T. ) ;
#4669 = VERTEX_POINT ( 'NONE', #5821 ) ;
#4670 = CARTESIAN_POINT ( 'NONE',  ( 11.99999999999999822, -42.60732521687585006, 19.80331771201643321 ) ) ;
#4671 = CARTESIAN_POINT ( 'NONE',  ( 11.99999999999999822, 36.05989434073612898, 30.12041790338631841 ) ) ;
#4672 = DIRECTION ( 'NONE',  ( 0.000000000000000000, 0.000000000000000000, -1.000000000000000000 ) ) ;
#4673 = CARTESIAN_POINT ( 'NONE',  ( 6.000000000000000000, 19.74581912682908325, -48.10512059033372623 ) ) ;
#4674 = LINE ( 'NONE', #7017, #5766 ) ;
#4675 = ORIENTED_EDGE ( 'NONE', *, *, #2023, .T. ) ;
#4676 = ADVANCED_FACE ( 'NONE', ( #5863 ), #132, .T. ) ;
#4677 = VERTEX_POINT ( 'NONE', #6542 ) ;
#4678 = DIRECTION ( 'NONE',  ( 0.000000000000000000, 0.000000000000000000, 1.000000000000000000 ) ) ;
#4679 = DIRECTION ( 'NONE',  ( 1.000000000000000000, -0.000000000000000000, -0.000000000000000000 ) ) ;
#4680 = ADVANCED_FACE ( 'NONE', ( #6514 ), #7055, .T. ) ;
#4681 = CARTESIAN_POINT ( 'NONE',  ( 6.000000000000000000, 51.85248208264524550, -3.914090171285631747 ) ) ;
#4682 = DIRECTION ( 'NONE',  ( 0.000000000000000000, -0.9980267284282708928, -0.06279051952932447611 ) ) ;
#4683 = DIRECTION ( 'NONE',  ( -1.000000000000000000, 0.000000000000000000, -0.000000000000000000 ) ) ;
#4684 = CARTESIAN_POINT ( 'NONE',  ( 12.00000000000000000, -43.83938735307254575, -18.28286404005847388 ) ) ;
#4685 = ORIENTED_EDGE ( 'NONE', *, *, #3383, .T. ) ;
#4686 = EDGE_LOOP ( 'NONE', ( #3206, #1151, #1867, #6648 ) ) ;
#4687 = DIRECTION ( 'NONE',  ( -1.000000000000000000, -0.000000000000000000, -0.000000000000000000 ) ) ;
#4688 = DIRECTION ( 'NONE',  ( -1.000000000000000000, -0.000000000000000000, -0.000000000000000000 ) ) ;
#4689 = CARTESIAN_POINT ( 'NONE',  ( 11.99999999999999822, 42.60732521687599217, -19.80331771201613122 ) ) ;
#4690 = AXIS2_PLACEMENT_3D ( 'NONE', #5401, #1332, #176 ) ;
#4691 = FACE_OUTER_BOUND ( 'NONE', #6614, .T. ) ;
#4692 = ADVANCED_FACE ( 'NONE', ( #3471 ), #4817, .F. ) ;
#4693 = EDGE_CURVE ( 'NONE', #4946, #4209, #3990, .T. ) ;
#4694 = AXIS2_PLACEMENT_3D ( 'NONE', #4207, #6553, #3665 ) ;
#4695 = VECTOR ( 'NONE', #6007, 1000.000000000000000 ) ;
#4696 = ORIENTED_EDGE ( 'NONE', *, *, #4805, .F. ) ;
#4697 = DIRECTION ( 'NONE',  ( 0.000000000000000000, 0.000000000000000000, 1.000000000000000000 ) ) ;
#4698 = CARTESIAN_POINT ( 'NONE',  ( 12.00000000000000000, 0.000000000000000000, 0.000000000000000000 ) ) ;
#4699 = VECTOR ( 'NONE', #6745, 1000.000000000000000 ) ;
#4700 = VERTEX_POINT ( 'NONE', #5393 ) ;
#4701 = ORIENTED_EDGE ( 'NONE', *, *, #4858, .T. ) ;
#4702 = ORIENTED_EDGE ( 'NONE', *, *, #6339, .T. ) ;
#4703 = ORIENTED_EDGE ( 'NONE', *, *, #2773, .F. ) ;
#4704 = DIRECTION ( 'NONE',  ( -0.000000000000000000, 0.000000000000000000, 1.000000000000000000 ) ) ;
#4705 = CARTESIAN_POINT ( 'NONE',  ( 11.99999999999999822, 0.000000000000000000, 0.000000000000000000 ) ) ;
#4706 = CARTESIAN_POINT ( 'NONE',  ( 0.000000000000000000, 0.000000000000000000, 0.000000000000000000 ) ) ;
#4707 = FACE_OUTER_BOUND ( 'NONE', #3259, .T. ) ;
#4708 = DIRECTION ( 'NONE',  ( 0.000000000000000000, 0.000000000000000000, 1.000000000000000000 ) ) ;
#4709 = EDGE_CURVE ( 'NONE', #6262, #5156, #644, .T. ) ;
#4710 = ORIENTED_EDGE ( 'NONE', *, *, #7256, .T. ) ;
#4711 = EDGE_CURVE ( 'NONE', #6177, #4060, #1882, .T. ) ;
#4712 = ORIENTED_EDGE ( 'NONE', *, *, #4556, .F. ) ;
#4713 = CYLINDRICAL_SURFACE ( 'NONE', #3396, 1.699999999999975753 ) ;
#4714 = DIRECTION ( 'NONE',  ( -1.000000000000000000, 0.000000000000000000, 0.000000000000000000 ) ) ;
#4715 = EDGE_CURVE ( 'NONE', #2611, #4734, #7428, .T. ) ;
#4716 = DIRECTION ( 'NONE',  ( 0.000000000000000000, 0.000000000000000000, -1.000000000000000000 ) ) ;
#4717 = DIRECTION ( 'NONE',  ( 0.000000000000000000, 0.000000000000000000, -1.000000000000000000 ) ) ;
#4718 = DIRECTION ( 'NONE',  ( -0.000000000000000000, 0.000000000000000000, 1.000000000000000000 ) ) ;
#4719 = EDGE_CURVE ( 'NONE', #4432, #4060, #2900, .T. ) ;
#4720 = ORIENTED_EDGE ( 'NONE', *, *, #5267, .F. ) ;
#4721 = CARTESIAN_POINT ( 'NONE',  ( 0.000000000000000000, 0.000000000000000000, 0.000000000000000000 ) ) ;
#4722 = DIRECTION ( 'NONE',  ( 1.000000000000000000, 0.000000000000000000, 0.000000000000000000 ) ) ;
#4723 = DIRECTION ( 'NONE',  ( -1.000000000000000000, 0.000000000000000000, 0.000000000000000000 ) ) ;
#4724 = CARTESIAN_POINT ( 'NONE',  ( 11.99999999999999822, -22.82995208772658557, -41.06517797613688003 ) ) ;
#4725 = AXIS2_PLACEMENT_3D ( 'NONE', #5763, #7334, #468 ) ;
#4726 = ORIENTED_EDGE ( 'NONE', *, *, #1884, .T. ) ;
#4727 = CARTESIAN_POINT ( 'NONE',  ( 11.99999999999999822, 17.50309955389676020, -43.60271849949344869 ) ) ;
#4728 = CARTESIAN_POINT ( 'NONE',  ( 0.000000000000000000, 19.74581912682840823, 48.10512059033401755 ) ) ;
#4729 = VECTOR ( 'NONE', #2129, 1000.000000000000000 ) ;
#4730 = DIRECTION ( 'NONE',  ( 0.000000000000000000, 0.3681245526846719240, 0.9297764858882537897 ) ) ;
#4731 = EDGE_CURVE ( 'NONE', #1131, #2438, #4221, .T. ) ;
#4732 = ORIENTED_EDGE ( 'NONE', *, *, #3889, .F. ) ;
#4733 = ORIENTED_EDGE ( 'NONE', *, *, #2267, .F. ) ;
#4734 = VERTEX_POINT ( 'NONE', #3552 ) ;
#4735 = CIRCLE ( 'NONE', #3252, 52.00000000000000000 ) ;
#4736 = EDGE_LOOP ( 'NONE', ( #1981, #548, #3534, #966 ) ) ;
#4737 = VECTOR ( 'NONE', #2863, 1000.000000000000000 ) ;
#4738 = DIRECTION ( 'NONE',  ( 0.000000000000000000, 0.000000000000000000, 1.000000000000000000 ) ) ;
#4739 = ADVANCED_FACE ( 'NONE', ( #5257 ), #5898, .T. ) ;
#4740 = CARTESIAN_POINT ( 'NONE',  ( 11.99999999999999822, -6.109652351741469367, -46.58570277113513924 ) ) ;
#4741 = CARTESIAN_POINT ( 'NONE',  ( 12.00000000000000000, 29.60891106212786639, 37.14118181634776050 ) ) ;
#4742 = CARTESIAN_POINT ( 'NONE',  ( 0.000000000000000000, -49.25004636492376875, -16.68630974939811651 ) ) ;
#4743 = AXIS2_PLACEMENT_3D ( 'NONE', #3661, #2466, #1231 ) ;
#4744 = ORIENTED_EDGE ( 'NONE', *, *, #5286, .F. ) ;
#4745 = EDGE_CURVE ( 'NONE', #278, #4387, #6683, .T. ) ;
#4746 = ORIENTED_EDGE ( 'NONE', *, *, #7276, .F. ) ;
#4747 = AXIS2_PLACEMENT_3D ( 'NONE', #4018, #7558, #3472 ) ;
#4748 = CARTESIAN_POINT ( 'NONE',  ( 11.99999999999999822, -46.87740477351714929, -3.172455868805721391 ) ) ;
#4749 = CARTESIAN_POINT ( 'NONE',  ( 12.00000000000000000, 0.000000000000000000, 0.000000000000000000 ) ) ;
#4750 = DIRECTION ( 'NONE',  ( 0.000000000000000000, 0.7705132427757903635, -0.6374239897486881912 ) ) ;
#4751 = CYLINDRICAL_SURFACE ( 'NONE', #2017, 20.00000000000000355 ) ;
#4752 = DIRECTION ( 'NONE',  ( 0.000000000000000000, 0.8443279255020164076, -0.5358267949789947693 ) ) ;
#4753 = CIRCLE ( 'NONE', #4377, 20.00000000000000711 ) ;
#4754 = AXIS2_PLACEMENT_3D ( 'NONE', #5574, #4960, #4883 ) ;
#4755 = PLANE ( 'NONE',  #6829 ) ;
#4756 = CARTESIAN_POINT ( 'NONE',  ( 11.99999999999999822, -32.32520163883560826, -34.09746168776069197 ) ) ;
#4757 = CARTESIAN_POINT ( 'NONE',  ( 12.00000000000000000, -15.49408907645141653, -44.90087086784608061 ) ) ;
#4758 = DIRECTION ( 'NONE',  ( 0.000000000000000000, -0.8443279255020199603, 0.5358267949789886631 ) ) ;
#4759 = CIRCLE ( 'NONE', #4142, 47.49900000000000233 ) ;
#4760 = AXIS2_PLACEMENT_3D ( 'NONE', #6156, #1556, #7309 ) ;
#4761 = VECTOR ( 'NONE', #8, 1000.000000000000000 ) ;
#4762 = ORIENTED_EDGE ( 'NONE', *, *, #312, .F. ) ;
#4763 = AXIS2_PLACEMENT_3D ( 'NONE', #1948, #6684, #2608 ) ;
#4764 = CARTESIAN_POINT ( 'NONE',  ( -10.00000000000000000, 0.000000000000000000, 0.000000000000000000 ) ) ;
#4765 = DIRECTION ( 'NONE',  ( 0.000000000000000000, 0.000000000000000000, -1.000000000000000000 ) ) ;
#4766 = EDGE_CURVE ( 'NONE', #4209, #4946, #5830, .T. ) ;
#4767 = ORIENTED_EDGE ( 'NONE', *, *, #5681, .T. ) ;
#4768 = ORIENTED_EDGE ( 'NONE', *, *, #4657, .T. ) ;
#4769 = AXIS2_PLACEMENT_3D ( 'NONE', #3325, #5644, #1531 ) ;
#4770 = CIRCLE ( 'NONE', #5499, 20.00000000000000711 ) ;
#4771 = ADVANCED_FACE ( 'NONE', ( #4168 ), #2997, .T. ) ;
#4772 = VERTEX_POINT ( 'NONE', #7121 ) ;
#4773 = EDGE_CURVE ( 'NONE', #4784, #3347, #1850, .T. ) ;
#4774 = ORIENTED_EDGE ( 'NONE', *, *, #5811, .T. ) ;
#4775 = CARTESIAN_POINT ( 'NONE',  ( 0.000000000000000000, -51.93417535146740249, -2.615612846549743242 ) ) ;
#4776 = CIRCLE ( 'NONE', #5371, 20.00000000000000711 ) ;
#4777 = CARTESIAN_POINT ( 'NONE',  ( 11.99999999999999822, 9.744342220503391161, 46.48873837489801275 ) ) ;
#4778 = LINE ( 'NONE', #160, #824 ) ;
#4779 = EDGE_CURVE ( 'NONE', #7252, #1943, #712, .T. ) ;
#4780 = ORIENTED_EDGE ( 'NONE', *, *, #2392, .T. ) ;
#4781 = EDGE_CURVE ( 'NONE', #521, #785, #441, .T. ) ;
#4782 = EDGE_CURVE ( 'NONE', #2931, #2518, #5458, .T. ) ;
#4784 = VERTEX_POINT ( 'NONE', #202 ) ;
#4783 = VECTOR ( 'NONE', #6983, 1000.000000000000000 ) ;
#4785 = DIRECTION ( 'NONE',  ( 0.000000000000000000, 0.9048270524660205760, -0.4257792915650702170 ) ) ;
#4786 = DIRECTION ( 'NONE',  ( -1.000000000000000000, 0.000000000000000000, 0.000000000000000000 ) ) ;
#4787 = DIRECTION ( 'NONE',  ( -1.000000000000000000, 0.000000000000000000, -0.000000000000000000 ) ) ;
#4788 = DIRECTION ( 'NONE',  ( 0.000000000000000000, 0.000000000000000000, 1.000000000000000000 ) ) ;
#4789 = CARTESIAN_POINT ( 'NONE',  ( 6.000000000000000000, -0.6505223195679005199, -51.99593080916760357 ) ) ;
#4790 = DIRECTION ( 'NONE',  ( -1.000000000000000000, -0.000000000000000000, -0.000000000000000000 ) ) ;
#4791 = DIRECTION ( 'NONE',  ( -1.000000000000000000, 0.000000000000000000, 0.000000000000000000 ) ) ;
#4792 = DIRECTION ( 'NONE',  ( 0.000000000000000000, 0.000000000000000000, -1.000000000000000000 ) ) ;
#4793 = DIRECTION ( 'NONE',  ( 0.000000000000000000, 0.000000000000000000, 1.000000000000000000 ) ) ;
#4794 = DIRECTION ( 'NONE',  ( -1.000000000000000000, -0.000000000000000000, 0.000000000000000000 ) ) ;
#4795 = VERTEX_POINT ( 'NONE', #6158 ) ;
#4796 = EDGE_CURVE ( 'NONE', #1685, #3674, #2538, .T. ) ;
#4797 = CIRCLE ( 'NONE', #6767, 20.00000000000000711 ) ;
#4798 = EDGE_LOOP ( 'NONE', ( #7532, #4954, #6142, #4881 ) ) ;
#4799 = CARTESIAN_POINT ( 'NONE',  ( 0.000000000000000000, 31.08872492059956372, 41.68322423723112280 ) ) ;
#4800 = CYLINDRICAL_SURFACE ( 'NONE', #5197, 52.00000000000000000 ) ;
#4801 = EDGE_CURVE ( 'NONE', #6774, #5947, #4349, .T. ) ;
#4802 = VERTEX_POINT ( 'NONE', #3653 ) ;
#4803 = VERTEX_POINT ( 'NONE', #6697 ) ;
#4804 = CIRCLE ( 'NONE', #1497, 20.00000000000000000 ) ;
#4805 = EDGE_CURVE ( 'NONE', #1737, #7174, #5340, .T. ) ;
#4806 = EDGE_LOOP ( 'NONE', ( #2818, #1986, #5545, #4948 ) ) ;
#4807 = VERTEX_POINT ( 'NONE', #2617 ) ;
#4808 = AXIS2_PLACEMENT_3D ( 'NONE', #6129, #6794, #5471 ) ;
#4809 = CARTESIAN_POINT ( 'NONE',  ( 12.00000000000000000, 43.83938735307267365, 18.28286404005815413 ) ) ;
#4810 = DIRECTION ( 'NONE',  ( 0.000000000000000000, 0.000000000000000000, 1.000000000000000000 ) ) ;
#4811 = CARTESIAN_POINT ( 'NONE',  ( 11.99999999999999822, 44.75336757549779065, 14.30704879393621454 ) ) ;
#4812 = VERTEX_POINT ( 'NONE', #2662 ) ;
#4813 = VERTEX_POINT ( 'NONE', #1393 ) ;
#4814 = VECTOR ( 'NONE', #765, 1000.000000000000000 ) ;
#4815 = CARTESIAN_POINT ( 'NONE',  ( 0.000000000000000000, 46.87740477351712087, 3.172455868806049128 ) ) ;
#4816 = CARTESIAN_POINT ( 'NONE',  ( 6.000000000000000000, 46.77034588191337861, -22.72740077717178053 ) ) ;
#4817 = PLANE ( 'NONE',  #5224 ) ;
#4818 = DIRECTION ( 'NONE',  ( -1.000000000000000000, 0.000000000000000000, -0.000000000000000000 ) ) ;
#4819 = DIRECTION ( 'NONE',  ( 0.000000000000000000, -0.8443279255020201823, 0.5358267949789886631 ) ) ;
#4820 = CARTESIAN_POINT ( 'NONE',  ( 11.99999999999999822, 9.744342220504064400, -46.48873837489787064 ) ) ;
#4821 = EDGE_CURVE ( 'NONE', #6774, #5549, #7311, .T. ) ;
#4822 = CARTESIAN_POINT ( 'NONE',  ( 0.000000000000000000, 36.06787431788731624, -37.45808914225450081 ) ) ;
#4823 = FACE_OUTER_BOUND ( 'NONE', #5624, .T. ) ;
#4824 = FACE_OUTER_BOUND ( 'NONE', #1873, .T. ) ;
#4825 = CARTESIAN_POINT ( 'NONE',  ( -10.00000000000000000, 0.000000000000000000, 0.000000000000000000 ) ) ;
#4826 = CARTESIAN_POINT ( 'NONE',  ( 11.99999999999999822, -0.6505223195686499205, 51.99593080916758936 ) ) ;
#4827 = VERTEX_POINT ( 'NONE', #6067 ) ;
#4828 = VERTEX_POINT ( 'NONE', #902 ) ;
#4829 = CARTESIAN_POINT ( 'NONE',  ( 11.99999999999999822, 36.06787431788731624, -37.45808914225450081 ) ) ;
#4830 = CIRCLE ( 'NONE', #7420, 20.00000000000000355 ) ;
#4831 = DIRECTION ( 'NONE',  ( 0.000000000000000000, 0.000000000000000000, 1.000000000000000000 ) ) ;
#4832 = DIRECTION ( 'NONE',  ( -1.000000000000000000, 0.000000000000000000, -0.000000000000000000 ) ) ;
#4833 = ORIENTED_EDGE ( 'NONE', *, *, #2632, .T. ) ;
#4834 = ORIENTED_EDGE ( 'NONE', *, *, #6827, .T. ) ;
#4835 = AXIS2_PLACEMENT_3D ( 'NONE', #1875, #4369, #4831 ) ;
#4836 = ORIENTED_EDGE ( 'NONE', *, *, #5275, .T. ) ;
#4837 = ORIENTED_EDGE ( 'NONE', *, *, #4117, .F. ) ;
#4838 = AXIS2_PLACEMENT_3D ( 'NONE', #2786, #5069, #7404 ) ;
#4840 = EDGE_CURVE ( 'NONE', #5050, #3982, #2994, .T. ) ;
#4839 = DIRECTION ( 'NONE',  ( 0.000000000000000000, -0.9510565162951565288, 0.3090169943749383474 ) ) ;
#4841 = CARTESIAN_POINT ( 'NONE',  ( 11.99999999999999822, -44.61570720899084108, -14.73072383765614290 ) ) ;
#4842 = DIRECTION ( 'NONE',  ( -1.000000000000000000, 0.000000000000000000, 0.000000000000000000 ) ) ;
#4843 = ORIENTED_EDGE ( 'NONE', *, *, #3975, .F. ) ;
#4844 = VERTEX_POINT ( 'NONE', #748 ) ;
#4845 = AXIS2_PLACEMENT_3D ( 'NONE', #7455, #4652, #6958 ) ;
#4846 = VERTEX_POINT ( 'NONE', #7271 ) ;
#4847 = CIRCLE ( 'NONE', #1184, 20.00000000000000355 ) ;
#4848 = CARTESIAN_POINT ( 'NONE',  ( -10.00000000000000000, 0.000000000000000000, 0.000000000000000000 ) ) ;
#4849 = LINE ( 'NONE', #820, #6817 ) ;
#4850 = VECTOR ( 'NONE', #6125, 1000.000000000000000 ) ;
#4851 = CARTESIAN_POINT ( 'NONE',  ( 12.00000000000000000, 9.744342220503391161, 46.48873837489801275 ) ) ;
#4852 = CARTESIAN_POINT ( 'NONE',  ( 6.000000000000000000, -5.871425383721183167, -51.66745943012288933 ) ) ;
#4853 = DIRECTION ( 'NONE',  ( -0.000000000000000000, 0.000000000000000000, 1.000000000000000000 ) ) ;
#4854 = VERTEX_POINT ( 'NONE', #6624 ) ;
#4855 = AXIS2_PLACEMENT_3D ( 'NONE', #3439, #3943, #7488 ) ;
#4856 = CIRCLE ( 'NONE', #3511, 52.00000000000000000 ) ;
#4857 = ADVANCED_FACE ( 'NONE', ( #4439 ), #4309, .T. ) ;
#4858 = EDGE_CURVE ( 'NONE', #4043, #6262, #6557, .T. ) ;
#4859 = CARTESIAN_POINT ( 'NONE',  ( 0.000000000000000000, -17.08890430202780664, 43.76671000081938701 ) ) ;
#4860 = AXIS2_PLACEMENT_3D ( 'NONE', #6869, #1059, #1101 ) ;
#4861 = CYLINDRICAL_SURFACE ( 'NONE', #6493, 20.00000000000000355 ) ;
#4862 = DIRECTION ( 'NONE',  ( 0.000000000000000000, 0.000000000000000000, -1.000000000000000000 ) ) ;
#4863 = DIRECTION ( 'NONE',  ( 0.000000000000000000, 0.000000000000000000, -1.000000000000000000 ) ) ;
#4864 = CARTESIAN_POINT ( 'NONE',  ( 12.00000000000000000, -8.053585752062225822, 46.81126742072019908 ) ) ;
#4865 = ORIENTED_EDGE ( 'NONE', *, *, #1493, .F. ) ;
#4866 = EDGE_CURVE ( 'NONE', #7113, #1810, #3237, .T. ) ;
#4867 = EDGE_CURVE ( 'NONE', #4000, #3223, #3606, .T. ) ;
#4868 = AXIS2_PLACEMENT_3D ( 'NONE', #2527, #7263, #4380 ) ;
#4869 = EDGE_CURVE ( 'NONE', #367, #3109, #4849, .T. ) ;
#4870 = VERTEX_POINT ( 'NONE', #5503 ) ;
#4871 = DIRECTION ( 'NONE',  ( -1.000000000000000000, -0.000000000000000000, -0.000000000000000000 ) ) ;
#4872 = LINE ( 'NONE', #1939, #3983 ) ;
#4873 = CYLINDRICAL_SURFACE ( 'NONE', #408, 52.00000000000000000 ) ;
#4874 = AXIS2_PLACEMENT_3D ( 'NONE', #2270, #7516, #7548 ) ;
#4875 = CIRCLE ( 'NONE', #7579, 20.00000000000000355 ) ;
#4876 = ORIENTED_EDGE ( 'NONE', *, *, #3556, .T. ) ;
#4877 = VERTEX_POINT ( 'NONE', #5541 ) ;
#4878 = CIRCLE ( 'NONE', #4384, 1.699999999999975753 ) ;
#4879 = ORIENTED_EDGE ( 'NONE', *, *, #5454, .T. ) ;
#4880 = CIRCLE ( 'NONE', #5871, 52.00000000000000000 ) ;
#4881 = ORIENTED_EDGE ( 'NONE', *, *, #3033, .T. ) ;
#4882 = DIRECTION ( 'NONE',  ( 0.000000000000000000, -0.9980267284282708928, -0.06279051952932446223 ) ) ;
#4883 = DIRECTION ( 'NONE',  ( 0.000000000000000000, -0.5877852522924802425, 0.8090169943749421222 ) ) ;
#4884 = DIRECTION ( 'NONE',  ( 1.000000000000000000, -0.000000000000000000, -0.000000000000000000 ) ) ;
#4885 = CIRCLE ( 'NONE', #1584, 20.00000000000000355 ) ;
#4886 = AXIS2_PLACEMENT_3D ( 'NONE', #3344, #5692, #6310 ) ;
#4887 = VERTEX_POINT ( 'NONE', #247 ) ;
#4888 = ORIENTED_EDGE ( 'NONE', *, *, #2267, .T. ) ;
#4889 = EDGE_CURVE ( 'NONE', #3836, #6134, #2880, .T. ) ;
#4890 = LINE ( 'NONE', #4304, #5938 ) ;
#4891 = AXIS2_PLACEMENT_3D ( 'NONE', #4131, #6410, #2940 ) ;
#4892 = DIRECTION ( 'NONE',  ( 1.000000000000000000, 0.000000000000000000, 0.000000000000000000 ) ) ;
#4893 = DIRECTION ( 'NONE',  ( -1.000000000000000000, 0.000000000000000000, 0.000000000000000000 ) ) ;
#4894 = CARTESIAN_POINT ( 'NONE',  ( 0.000000000000000000, -32.00046193115173310, 34.40241257139675923 ) ) ;
#4895 = DIRECTION ( 'NONE',  ( 1.000000000000000000, -0.000000000000000000, -0.000000000000000000 ) ) ;
#4896 = CARTESIAN_POINT ( 'NONE',  ( 12.00000000000000000, 3.840921266750529472, -47.34345070675165346 ) ) ;
#4897 = EDGE_CURVE ( 'NONE', #6030, #2931, #3859, .T. ) ;
#4898 = ORIENTED_EDGE ( 'NONE', *, *, #1414, .T. ) ;
#4899 = EDGE_CURVE ( 'NONE', #3899, #2050, #284, .T. ) ;
#4900 = PRODUCT_DEFINITION_FORMATION_WITH_SPECIFIED_SOURCE ( 'TUTTO', '', #4284, .NOT_KNOWN. ) ;
#4901 = DIRECTION ( 'NONE',  ( -1.000000000000000000, 0.000000000000000000, -0.000000000000000000 ) ) ;
#4902 = CARTESIAN_POINT ( 'NONE',  ( 6.000000000000000000, 50.95304419620840264, -10.38206564895606476 ) ) ;
#4903 = LINE ( 'NONE', #139, #4695 ) ;
#4904 = CARTESIAN_POINT ( 'NONE',  ( 11.99999999999999822, -24.72041153920759982, 40.55929306992680949 ) ) ;
#4905 = LINE ( 'NONE', #7240, #3451 ) ;
#4906 = VERTEX_POINT ( 'NONE', #3807 ) ;
#4907 = VERTEX_POINT ( 'NONE', #2204 ) ;
#4908 = VERTEX_POINT ( 'NONE', #6249 ) ;
#4909 = CARTESIAN_POINT ( 'NONE',  ( 12.00000000000000000, 0.000000000000000000, 0.000000000000000000 ) ) ;
#4910 = CYLINDRICAL_SURFACE ( 'NONE', #7341, 20.00000000000000355 ) ;
#4911 = DIRECTION ( 'NONE',  ( -1.000000000000000000, 0.000000000000000000, -0.000000000000000000 ) ) ;
#4912 = CYLINDRICAL_SURFACE ( 'NONE', #5784, 20.00000000000000355 ) ;
#4913 = EDGE_CURVE ( 'NONE', #3407, #2721, #650, .T. ) ;
#4914 = ORIENTED_EDGE ( 'NONE', *, *, #2464, .T. ) ;
#4915 = ORIENTED_EDGE ( 'NONE', *, *, #2395, .T. ) ;
#4916 = EDGE_CURVE ( 'NONE', #3639, #5050, #6777, .T. ) ;
#4917 = ORIENTED_EDGE ( 'NONE', *, *, #3504, .T. ) ;
#4918 = VERTEX_POINT ( 'NONE', #3431 ) ;
#4919 = CARTESIAN_POINT ( 'NONE',  ( 11.99999999999999822, 13.56094713063640533, -50.20060470671726449 ) ) ;
#4920 = DIRECTION ( 'NONE',  ( -1.000000000000000000, -0.000000000000000000, 0.000000000000000000 ) ) ;
#4921 = CARTESIAN_POINT ( 'NONE',  ( 0.000000000000000000, -30.93515269692088765, -36.04401931830283701 ) ) ;
#4922 = CIRCLE ( 'NONE', #262, 20.00000000000000711 ) ;
#4923 = ORIENTED_EDGE ( 'NONE', *, *, #3590, .T. ) ;
#4924 = ORIENTED_EDGE ( 'NONE', *, *, #496, .T. ) ;
#4925 = ORIENTED_EDGE ( 'NONE', *, *, #3257, .T. ) ;
#4926 = CIRCLE ( 'NONE', #5190, 52.00000000000000000 ) ;
#4927 = CARTESIAN_POINT ( 'NONE',  ( 0.000000000000000000, 41.00000000000000000, 0.000000000000000000 ) ) ;
#4928 = DIRECTION ( 'NONE',  ( -1.000000000000000000, 0.000000000000000000, -0.000000000000000000 ) ) ;
#4929 = CARTESIAN_POINT ( 'NONE',  ( 12.00000000000000000, 41.20225022064669673, -23.63323037071358357 ) ) ;
#4930 = DIRECTION ( 'NONE',  ( 0.000000000000000000, 0.000000000000000000, 1.000000000000000000 ) ) ;
#4931 = EDGE_CURVE ( 'NONE', #7439, #2759, #6916, .T. ) ;
#4932 = CARTESIAN_POINT ( 'NONE',  ( 0.000000000000000000, -24.47917365149915625, -45.87777302070961127 ) ) ;
#4933 = DIRECTION ( 'NONE',  ( -1.000000000000000000, 0.000000000000000000, 0.000000000000000000 ) ) ;
#4934 = CARTESIAN_POINT ( 'NONE',  ( 0.000000000000000000, 51.93417535146742381, 2.615612846549382642 ) ) ;
#4935 = ORIENTED_EDGE ( 'NONE', *, *, #4202, .T. ) ;
#4936 = ORIENTED_EDGE ( 'NONE', *, *, #931, .F. ) ;
#4937 = ADVANCED_FACE ( 'NONE', ( #2823 ), #3848, .T. ) ;
#4938 = DIRECTION ( 'NONE',  ( -1.000000000000000000, 0.000000000000000000, -0.000000000000000000 ) ) ;
#4939 = LINE ( 'NONE', #1929, #6343 ) ;
#4940 = DIRECTION ( 'NONE',  ( 1.000000000000000000, -0.000000000000000000, -0.000000000000000000 ) ) ;
#4941 = CARTESIAN_POINT ( 'NONE',  ( 11.99999999999999822, 39.78933988720149983, -24.98727647984959077 ) ) ;
#4942 = CYLINDRICAL_SURFACE ( 'NONE', #1220, 20.00000000000000355 ) ;
#4943 = CARTESIAN_POINT ( 'NONE',  ( 0.000000000000000000, 13.85708833600031298, -45.43276465116649376 ) ) ;
#4944 = EDGE_CURVE ( 'NONE', #2321, #1038, #5665, .T. ) ;
#4945 = VERTEX_POINT ( 'NONE', #1519 ) ;
#4946 = VERTEX_POINT ( 'NONE', #5310 ) ;
#4947 = ORIENTED_EDGE ( 'NONE', *, *, #3067, .T. ) ;
#4948 = ORIENTED_EDGE ( 'NONE', *, *, #6586, .T. ) ;
#4949 = CARTESIAN_POINT ( 'NONE',  ( 11.99999999999999822, 47.49120266317495265, -0.8606222198177008176 ) ) ;
#4950 = CYLINDRICAL_SURFACE ( 'NONE', #602, 20.00000000000000355 ) ;
#4951 = DIRECTION ( 'NONE',  ( -1.000000000000000000, -0.000000000000000000, 0.000000000000000000 ) ) ;
#4952 = DIRECTION ( 'NONE',  ( 1.000000000000000000, 0.000000000000000000, 0.000000000000000000 ) ) ;
#4953 = ORIENTED_EDGE ( 'NONE', *, *, #628, .T. ) ;
#4954 = ORIENTED_EDGE ( 'NONE', *, *, #144, .F. ) ;
#4955 = ORIENTED_EDGE ( 'NONE', *, *, #7461, .T. ) ;
#4956 = AXIS2_PLACEMENT_3D ( 'NONE', #5331, #2911, #512 ) ;
#4957 = ORIENTED_EDGE ( 'NONE', *, *, #144, .T. ) ;
#4958 = ADVANCED_FACE ( 'NONE', ( #6936 ), #412, .T. ) ;
#4959 = CARTESIAN_POINT ( 'NONE',  ( 11.99999999999999822, -46.77034588191321518, 22.72740077717213225 ) ) ;
#4960 = DIRECTION ( 'NONE',  ( -1.000000000000000000, 0.000000000000000000, 0.000000000000000000 ) ) ;
#4961 = CARTESIAN_POINT ( 'NONE',  ( 0.000000000000000000, 25.61928775981106199, -45.25098998563452568 ) ) ;
#4962 = EDGE_LOOP ( 'NONE', ( #3247, #243, #2552, #3625 ) ) ;
#4963 = VERTEX_POINT ( 'NONE', #3934 ) ;
#4964 = AXIS2_PLACEMENT_3D ( 'NONE', #5562, #4327, #4704 ) ;
#4965 = EDGE_CURVE ( 'NONE', #4472, #519, #4193, .T. ) ;
#4966 = VERTEX_POINT ( 'NONE', #6358 ) ;
#4967 = CARTESIAN_POINT ( 'NONE',  ( 0.000000000000000000, 46.87740477351717061, -3.172455868805375889 ) ) ;
#4968 = CARTESIAN_POINT ( 'NONE',  ( 0.000000000000000000, -46.90537658765332907, 2.727856614654137424 ) ) ;
#4969 = DIRECTION ( 'NONE',  ( 0.000000000000000000, 0.000000000000000000, 1.000000000000000000 ) ) ;
#4970 = CARTESIAN_POINT ( 'NONE',  ( 11.99999999999999822, 26.17370628620655637, 39.63700417846172286 ) ) ;
#4971 = CARTESIAN_POINT ( 'NONE',  ( 11.99999999999999822, 0.000000000000000000, 0.000000000000000000 ) ) ;
#4972 = DIRECTION ( 'NONE',  ( -1.000000000000000000, -0.000000000000000000, 0.000000000000000000 ) ) ;
#4973 = DIRECTION ( 'NONE',  ( 0.000000000000000000, -0.9822872507286865007, -0.1873813145857355367 ) ) ;
#4974 = ADVANCED_FACE ( 'NONE', ( #5701 ), #6199, .F. ) ;
#4975 = AXIS2_PLACEMENT_3D ( 'NONE', #3721, #1322, #1955 ) ;
#4976 = ORIENTED_EDGE ( 'NONE', *, *, #7180, .F. ) ;
#4977 = EDGE_CURVE ( 'NONE', #5514, #6168, #4451, .T. ) ;
#4978 = VECTOR ( 'NONE', #5823, 1000.000000000000000 ) ;
#4979 = ORIENTED_EDGE ( 'NONE', *, *, #4693, .T. ) ;
#4980 = AXIS2_PLACEMENT_3D ( 'NONE', #6380, #5116, #577 ) ;
#4981 = VERTEX_POINT ( 'NONE', #5138 ) ;
#4982 = DIRECTION ( 'NONE',  ( -1.000000000000000000, 0.000000000000000000, 0.000000000000000000 ) ) ;
#4983 = CIRCLE ( 'NONE', #803, 47.49900000000000233 ) ;
#4984 = DIRECTION ( 'NONE',  ( -1.000000000000000000, 0.000000000000000000, 0.000000000000000000 ) ) ;
#4985 = CARTESIAN_POINT ( 'NONE',  ( 11.99999999999999822, -32.00046193115173310, 34.40241257139675923 ) ) ;
#4986 = DIRECTION ( 'NONE',  ( 0.000000000000000000, 0.000000000000000000, -1.000000000000000000 ) ) ;
#4987 = CARTESIAN_POINT ( 'NONE',  ( 15.00000000000000000, 2.081899558550472916E-16, -39.30000000000002558 ) ) ;
#4988 = ORIENTED_EDGE ( 'NONE', *, *, #500, .F. ) ;
#4989 = AXIS2_PLACEMENT_3D ( 'NONE', #4859, #6632, #3693 ) ;
#4990 = ORIENTED_EDGE ( 'NONE', *, *, #2747, .T. ) ;
#4991 = ORIENTED_EDGE ( 'NONE', *, *, #2, .F. ) ;
#4992 = CIRCLE ( 'NONE', #5355, 20.00000000000000711 ) ;
#4993 = ORIENTED_EDGE ( 'NONE', *, *, #7592, .F. ) ;
#4994 = CARTESIAN_POINT ( 'NONE',  ( 0.000000000000000000, -41.20225022064652620, 23.63323037071389265 ) ) ;
#4995 = DIRECTION ( 'NONE',  ( 1.000000000000000000, 0.000000000000000000, 0.000000000000000000 ) ) ;
#4996 = DIRECTION ( 'NONE',  ( -1.000000000000000000, 0.000000000000000000, 0.000000000000000000 ) ) ;
#4997 = CARTESIAN_POINT ( 'NONE',  ( 11.99999999999999822, -22.43957647427128776, -41.27978878573652821 ) ) ;
#4998 = VERTEX_POINT ( 'NONE', #2124 ) ;
#4999 = EDGE_LOOP ( 'NONE', ( #6972, #553, #1485, #5829 ) ) ;
#5000 = AXIS2_PLACEMENT_3D ( 'NONE', #821, #7272, #4394 ) ;
#5001 = VERTEX_POINT ( 'NONE', #526 ) ;
#5002 = ORIENTED_EDGE ( 'NONE', *, *, #883, .T. ) ;
#5003 = AXIS2_PLACEMENT_3D ( 'NONE', #3501, #1212, #1638 ) ;
#5004 = EDGE_CURVE ( 'NONE', #847, #3051, #892, .T. ) ;
#5005 = CIRCLE ( 'NONE', #5364, 47.49900000000000233 ) ;
#5006 = DIRECTION ( 'NONE',  ( 0.000000000000000000, 0.000000000000000000, -1.000000000000000000 ) ) ;
#5007 = DIRECTION ( 'NONE',  ( -1.000000000000000000, 0.000000000000000000, -0.000000000000000000 ) ) ;
#5008 = DIRECTION ( 'NONE',  ( 0.000000000000000000, 0.000000000000000000, 1.000000000000000000 ) ) ;
#5009 = ORIENTED_EDGE ( 'NONE', *, *, #3042, .T. ) ;
#5010 = ORIENTED_EDGE ( 'NONE', *, *, #3110, .T. ) ;
#5011 = CIRCLE ( 'NONE', #3021, 47.49900000000000233 ) ;
#5012 = AXIS2_PLACEMENT_3D ( 'NONE', #893, #193, #2567 ) ;
#5013 = CIRCLE ( 'NONE', #2532, 52.00000000000000000 ) ;
#5014 = ORIENTED_EDGE ( 'NONE', *, *, #4548, .F. ) ;
#5015 = CARTESIAN_POINT ( 'NONE',  ( 0.000000000000000000, -44.61570720899105424, 14.73072383765551940 ) ) ;
#5017 = CARTESIAN_POINT ( 'NONE',  ( -10.00000000000000000, 0.000000000000000000, 0.000000000000000000 ) ) ;
#5016 = AXIS2_PLACEMENT_3D ( 'NONE', #2910, #6340, #5762 ) ;
#5018 = DIRECTION ( 'NONE',  ( 1.000000000000000000, 0.000000000000000000, 0.000000000000000000 ) ) ;
#5020 = DIRECTION ( 'NONE',  ( -1.000000000000000000, 0.000000000000000000, 0.000000000000000000 ) ) ;
#5019 = AXIS2_PLACEMENT_3D ( 'NONE', #3623, #6552, #4793 ) ;
#5021 = ADVANCED_FACE ( 'NONE', ( #2369 ), #1668, .F. ) ;
#5022 = LINE ( 'NONE', #5425, #6467 ) ;
#5023 = CARTESIAN_POINT ( 'NONE',  ( 11.99999999999999822, -44.75336757549789723, 14.30704879393588769 ) ) ;
#5024 = DIRECTION ( 'NONE',  ( -1.000000000000000000, -0.000000000000000000, -0.000000000000000000 ) ) ;
#5025 = EDGE_CURVE ( 'NONE', #398, #4998, #1141, .T. ) ;
#5026 = ORIENTED_EDGE ( 'NONE', *, *, #3014, .T. ) ;
#5027 = ADVANCED_FACE ( 'NONE', ( #2704 ), #6905, .T. ) ;
#5028 = VECTOR ( 'NONE', #1033, 1000.000000000000000 ) ;
#5029 = CIRCLE ( 'NONE', #4659, 20.00000000000000711 ) ;
#5030 = ORIENTED_EDGE ( 'NONE', *, *, #2833, .F. ) ;
#5031 = CARTESIAN_POINT ( 'NONE',  ( 15.00000000000000000, 0.000000000000000000, 47.49900000000000233 ) ) ;
#5032 = DIRECTION ( 'NONE',  ( -1.000000000000000000, 0.000000000000000000, -0.000000000000000000 ) ) ;
#5033 = CARTESIAN_POINT ( 'NONE',  ( 0.000000000000000000, 0.000000000000000000, 0.000000000000000000 ) ) ;
#5034 = LINE ( 'NONE', #6295, #5492 ) ;
#5035 = DIRECTION ( 'NONE',  ( 0.000000000000000000, 0.000000000000000000, 1.000000000000000000 ) ) ;
#5036 = AXIS2_PLACEMENT_3D ( 'NONE', #33, #5788, #4718 ) ;
#5037 = ORIENTED_EDGE ( 'NONE', *, *, #2370, .F. ) ;
#5038 = ORIENTED_EDGE ( 'NONE', *, *, #4556, .T. ) ;
#5039 = ORIENTED_EDGE ( 'NONE', *, *, #6980, .F. ) ;
#5040 = ORIENTED_EDGE ( 'NONE', *, *, #6241, .T. ) ;
#5041 = CARTESIAN_POINT ( 'NONE',  ( 12.00000000000000000, 0.000000000000000000, 0.000000000000000000 ) ) ;
#5042 = CYLINDRICAL_SURFACE ( 'NONE', #3528, 20.00000000000000355 ) ;
#5043 = CARTESIAN_POINT ( 'NONE',  ( 12.00000000000000000, -29.60891106212760349, -37.14118181634798077 ) ) ;
#5044 = DIRECTION ( 'NONE',  ( 0.000000000000000000, 0.000000000000000000, 1.000000000000000000 ) ) ;
#5045 = EDGE_CURVE ( 'NONE', #6860, #2250, #3340, .T. ) ;
#5046 = EDGE_CURVE ( 'NONE', #6428, #3799, #3456, .T. ) ;
#5047 = ORIENTED_EDGE ( 'NONE', *, *, #6889, .T. ) ;
#5048 = EDGE_CURVE ( 'NONE', #885, #5493, #5942, .T. ) ;
#5049 = ORIENTED_EDGE ( 'NONE', *, *, #2166, .T. ) ;
#5050 = VERTEX_POINT ( 'NONE', #4290 ) ;
#5051 = EDGE_CURVE ( 'NONE', #5885, #252, #2593, .T. ) ;
#5052 = CARTESIAN_POINT ( 'NONE',  ( 12.00000000000000000, 0.000000000000000000, 0.000000000000000000 ) ) ;
#5053 = DIRECTION ( 'NONE',  ( -1.000000000000000000, 0.000000000000000000, -0.000000000000000000 ) ) ;
#5054 = LINE ( 'NONE', #978, #1914 ) ;
#5055 = EDGE_CURVE ( 'NONE', #3019, #982, #5412, .T. ) ;
#5056 = EDGE_LOOP ( 'NONE', ( #6355, #6925, #3673, #2062 ) ) ;
#5057 = ORIENTED_EDGE ( 'NONE', *, *, #928, .T. ) ;
#5058 = ORIENTED_EDGE ( 'NONE', *, *, #5428, .T. ) ;
#5059 = AXIS2_PLACEMENT_3D ( 'NONE', #3743, #6452, #3956 ) ;
#5060 = CARTESIAN_POINT ( 'NONE',  ( 5.999999999999999112, 35.11945359308111847, 38.34871548466026070 ) ) ;
#5061 = CARTESIAN_POINT ( 'NONE',  ( 12.00000000000000000, -47.49120266317494554, -0.8606222198180371041 ) ) ;
#5062 = DIRECTION ( 'NONE',  ( 1.000000000000000000, 0.000000000000000000, 0.000000000000000000 ) ) ;
#5063 = CARTESIAN_POINT ( 'NONE',  ( 12.00000000000000000, 0.000000000000000000, 0.000000000000000000 ) ) ;
#5064 = CARTESIAN_POINT ( 'NONE',  ( 11.99999999999999822, 35.11945359308111847, 38.34871548466026070 ) ) ;
#5065 = DIRECTION ( 'NONE',  ( 1.000000000000000000, -0.000000000000000000, -0.000000000000000000 ) ) ;
#5066 = DIRECTION ( 'NONE',  ( 0.000000000000000000, 0.000000000000000000, -1.000000000000000000 ) ) ;
#5067 = VERTEX_POINT ( 'NONE', #4728 ) ;
#5068 = SHAPE_DEFINITION_REPRESENTATION ( #4667, #2258 ) ;
#5069 = DIRECTION ( 'NONE',  ( -1.000000000000000000, 0.000000000000000000, 0.000000000000000000 ) ) ;
#5070 = CARTESIAN_POINT ( 'NONE',  ( 0.000000000000000000, -35.11945359308138848, 38.34871548466002622 ) ) ;
#5071 = CYLINDRICAL_SURFACE ( 'NONE', #4583, 20.00000000000000355 ) ;
#5073 = AXIS2_PLACEMENT_3D ( 'NONE', #6049, #184, #2516 ) ;
#5072 = CARTESIAN_POINT ( 'NONE',  ( 12.00000000000000000, 0.000000000000000000, 0.000000000000000000 ) ) ;
#5074 = CARTESIAN_POINT ( 'NONE',  ( 12.00000000000000000, 0.000000000000000000, 0.000000000000000000 ) ) ;
#5075 = EDGE_CURVE ( 'NONE', #2649, #6194, #2983, .T. ) ;
#5076 = VERTEX_POINT ( 'NONE', #660 ) ;
#5077 = ORIENTED_EDGE ( 'NONE', *, *, #3416, .T. ) ;
#5078 = ORIENTED_EDGE ( 'NONE', *, *, #784, .T. ) ;
#5079 = VERTEX_POINT ( 'NONE', #77 ) ;
#5080 = DIRECTION ( 'NONE',  ( -1.000000000000000000, -0.000000000000000000, -0.000000000000000000 ) ) ;
#5081 = DIRECTION ( 'NONE',  ( 0.000000000000000000, -6.938893903907226800E-15, 1.000000000000000000 ) ) ;
#5082 = CARTESIAN_POINT ( 'NONE',  ( 0.000000000000000000, -40.47821179127690527, -32.64221760512806014 ) ) ;
#5083 = CARTESIAN_POINT ( 'NONE',  ( 12.00000000000000000, 38.92705108641771972, -27.21837053747753643 ) ) ;
#5084 = EDGE_CURVE ( 'NONE', #2208, #6313, #2111, .T. ) ;
#5085 = EDGE_LOOP ( 'NONE', ( #5091, #3122, #6511, #3057 ) ) ;
#5086 = VERTEX_POINT ( 'NONE', #6500 ) ;
#5087 = DIRECTION ( 'NONE',  ( -1.000000000000000000, 0.000000000000000000, 0.000000000000000000 ) ) ;
#5088 = CARTESIAN_POINT ( 'NONE',  ( 0.000000000000000000, -0.6505223195678970782, -51.99593080916760357 ) ) ;
#5089 = ORIENTED_EDGE ( 'NONE', *, *, #2098, .T. ) ;
#5090 = ORIENTED_EDGE ( 'NONE', *, *, #4374, .T. ) ;
#5091 = ORIENTED_EDGE ( 'NONE', *, *, #4003, .T. ) ;
#5092 = ADVANCED_FACE ( 'NONE', ( #6529 ), #1268, .F. ) ;
#5093 = DIRECTION ( 'NONE',  ( -1.000000000000000000, 0.000000000000000000, 0.000000000000000000 ) ) ;
#5094 = DIRECTION ( 'NONE',  ( 1.000000000000000000, 0.000000000000000000, 0.000000000000000000 ) ) ;
#5095 = LINE ( 'NONE', #6658, #1808 ) ;
#5096 = DIRECTION ( 'NONE',  ( 0.000000000000000000, 0.000000000000000000, 1.000000000000000000 ) ) ;
#5097 = CARTESIAN_POINT ( 'NONE',  ( 0.000000000000000000, -0.2227391519113372520, -46.98410307550730636 ) ) ;
#5098 = AXIS2_PLACEMENT_3D ( 'NONE', #5611, #7380, #2640 ) ;
#5099 = CARTESIAN_POINT ( 'NONE',  ( 11.99999999999999822, 37.91532898920921468, 28.61088654061653713 ) ) ;
#5100 = CYLINDRICAL_SURFACE ( 'NONE', #851, 20.00000000000000355 ) ;
#5101 = ORIENTED_EDGE ( 'NONE', *, *, #7249, .F. ) ;
#5102 = CARTESIAN_POINT ( 'NONE',  ( 11.99999999999999822, 27.79676263918187118, 37.88001506494778425 ) ) ;
#5103 = AXIS2_PLACEMENT_3D ( 'NONE', #7595, #675, #4091 ) ;
#5104 = DIRECTION ( 'NONE',  ( 0.000000000000000000, -0.7705132427757815927, -0.6374239897486989603 ) ) ;
#5105 = CARTESIAN_POINT ( 'NONE',  ( 0.000000000000000000, 0.6505223195682821036, 51.99593080916759646 ) ) ;
#5106 = DIRECTION ( 'NONE',  ( -1.000000000000000000, 0.000000000000000000, 0.000000000000000000 ) ) ;
#5107 = LINE ( 'NONE', #6917, #3684 ) ;
#5108 = VERTEX_POINT ( 'NONE', #1865 ) ;
#5109 = EDGE_CURVE ( 'NONE', #4828, #6337, #38, .T. ) ;
#5110 = EDGE_CURVE ( 'NONE', #2110, #3682, #1260, .T. ) ;
#5111 = CIRCLE ( 'NONE', #7557, 47.49900000000000233 ) ;
#5112 = ORIENTED_EDGE ( 'NONE', *, *, #3975, .T. ) ;
#5113 = ORIENTED_EDGE ( 'NONE', *, *, #6536, .T. ) ;
#5114 = CIRCLE ( 'NONE', #3730, 47.49900000000000233 ) ;
#5115 = ORIENTED_EDGE ( 'NONE', *, *, #5051, .T. ) ;
#5116 = DIRECTION ( 'NONE',  ( 1.000000000000000000, 0.000000000000000000, 0.000000000000000000 ) ) ;
#5117 = CARTESIAN_POINT ( 'NONE',  ( 0.000000000000000000, -49.65209126885751800, -15.44894276735606731 ) ) ;
#5118 = CARTESIAN_POINT ( 'NONE',  ( 11.99999999999999822, -2.123073309834811351, -47.45152853935337589 ) ) ;
#5119 = DIRECTION ( 'NONE',  ( -1.000000000000000000, 0.000000000000000000, -0.000000000000000000 ) ) ;
#5120 = AXIS2_PLACEMENT_3D ( 'NONE', #7097, #5874, #3586 ) ;
#5121 = EDGE_CURVE ( 'NONE', #4387, #2759, #3015, .T. ) ;
#5122 = EDGE_CURVE ( 'NONE', #3051, #847, #1507, .T. ) ;
#5123 = ADVANCED_FACE ( 'NONE', ( #3631 ), #4800, .T. ) ;
#5124 = EDGE_CURVE ( 'NONE', #1524, #5128, #3692, .T. ) ;
#5125 = ADVANCED_FACE ( 'NONE', ( #3565 ), #4873, .T. ) ;
#5126 = CIRCLE ( 'NONE', #4623, 47.49900000000000233 ) ;
#5127 = VERTEX_POINT ( 'NONE', #799 ) ;
#5128 = VERTEX_POINT ( 'NONE', #6561 ) ;
#5129 = DIRECTION ( 'NONE',  ( -1.000000000000000000, 0.000000000000000000, 0.000000000000000000 ) ) ;
#5130 = AXIS2_PLACEMENT_3D ( 'NONE', #6200, #4272, #6033 ) ;
#5131 = DIRECTION ( 'NONE',  ( -1.000000000000000000, -0.000000000000000000, 0.000000000000000000 ) ) ;
#5132 = EDGE_LOOP ( 'NONE', ( #1122, #4324, #3305, #1512 ) ) ;
#5133 = ORIENTED_EDGE ( 'NONE', *, *, #1029, .T. ) ;
#5134 = ORIENTED_EDGE ( 'NONE', *, *, #4003, .F. ) ;
#5135 = CIRCLE ( 'NONE', #1574, 52.00000000000000000 ) ;
#5136 = DIRECTION ( 'NONE',  ( 0.000000000000000000, 0.000000000000000000, 1.000000000000000000 ) ) ;
#5137 = CARTESIAN_POINT ( 'NONE',  ( 12.00000000000000000, -8.053585752061573899, -46.81126742072031277 ) ) ;
#5138 = CARTESIAN_POINT ( 'NONE',  ( 0.000000000000000000, 51.93417535146742381, -2.615612846549382642 ) ) ;
#5139 = CARTESIAN_POINT ( 'NONE',  ( 0.000000000000000000, -19.44205635905570873, 43.33776004284602124 ) ) ;
#5140 = DIRECTION ( 'NONE',  ( -1.000000000000000000, -0.000000000000000000, -0.000000000000000000 ) ) ;
#5141 = CARTESIAN_POINT ( 'NONE',  ( 12.00000000000000000, 0.000000000000000000, 0.000000000000000000 ) ) ;
#5142 = CIRCLE ( 'NONE', #111, 20.00000000000000711 ) ;
#5143 = CIRCLE ( 'NONE', #3897, 20.00000000000000711 ) ;
#5144 = AXIS2_PLACEMENT_3D ( 'NONE', #2845, #5277, #1628 ) ;
#5145 = ORIENTED_EDGE ( 'NONE', *, *, #5603, .T. ) ;
#5146 = EDGE_CURVE ( 'NONE', #3408, #1978, #2729, .T. ) ;
#5147 = AXIS2_PLACEMENT_3D ( 'NONE', #7379, #3172, #797 ) ;
#5148 = CARTESIAN_POINT ( 'NONE',  ( 5.999999999999999112, -30.03615769709764294, 42.44795908868979240 ) ) ;
#5149 = EDGE_CURVE ( 'NONE', #4617, #509, #150, .T. ) ;
#5150 = CARTESIAN_POINT ( 'NONE',  ( 11.99999999999999822, 11.46872990052443697, -45.56340405422432127 ) ) ;
#5151 = CARTESIAN_POINT ( 'NONE',  ( 12.00000000000000000, -38.92705108641751366, 27.21837053747782775 ) ) ;
#5152 = FACE_OUTER_BOUND ( 'NONE', #4292, .T. ) ;
#5153 = CARTESIAN_POINT ( 'NONE',  ( 0.000000000000000000, 0.000000000000000000, 0.000000000000000000 ) ) ;
#5154 = ORIENTED_EDGE ( 'NONE', *, *, #4715, .F. ) ;
#5155 = VECTOR ( 'NONE', #5710, 1000.000000000000000 ) ;
#5156 = VERTEX_POINT ( 'NONE', #2475 ) ;
#5157 = ORIENTED_EDGE ( 'NONE', *, *, #3826, .T. ) ;
#5158 = AXIS2_PLACEMENT_3D ( 'NONE', #4171, #5427, #4752 ) ;
#5159 = DIRECTION ( 'NONE',  ( -1.000000000000000000, 0.000000000000000000, 0.000000000000000000 ) ) ;
#5160 = AXIS2_PLACEMENT_3D ( 'NONE', #5813, #555, #5136 ) ;
#5161 = PLANE ( 'NONE',  #5747 ) ;
#5162 = DIRECTION ( 'NONE',  ( 0.000000000000000000, -0.9822872507286865007, -0.1873813145857355367 ) ) ;
#5163 = DIRECTION ( 'NONE',  ( -1.000000000000000000, 0.000000000000000000, 0.000000000000000000 ) ) ;
#5164 = AXIS2_PLACEMENT_3D ( 'NONE', #2040, #4396, #5586 ) ;
#5165 = EDGE_LOOP ( 'NONE', ( #6427, #112, #4191, #5987 ) ) ;
#5166 = ORIENTED_EDGE ( 'NONE', *, *, #6043, .F. ) ;
#5167 = CARTESIAN_POINT ( 'NONE',  ( 11.99999999999999822, -5.667686777401370612, -46.64153600743609474 ) ) ;
#5168 = DIRECTION ( 'NONE',  ( 0.000000000000000000, 0.8443279255020126328, 0.5358267949790005424 ) ) ;
#5169 = EDGE_CURVE ( 'NONE', #766, #2128, #3957, .T. ) ;
#5170 = ORIENTED_EDGE ( 'NONE', *, *, #2181, .F. ) ;
#5171 = ORIENTED_EDGE ( 'NONE', *, *, #1941, .F. ) ;
#5172 = ORIENTED_EDGE ( 'NONE', *, *, #1190, .T. ) ;
#5173 = ORIENTED_EDGE ( 'NONE', *, *, #3563, .T. ) ;
#5174 = CARTESIAN_POINT ( 'NONE',  ( 0.000000000000000000, 12.30077720129170338, -50.52416135122069107 ) ) ;
#5175 = DIRECTION ( 'NONE',  ( -0.000000000000000000, 0.000000000000000000, 1.000000000000000000 ) ) ;
#5176 = DIRECTION ( 'NONE',  ( 0.000000000000000000, 0.3681245526846786964, -0.9297764858882511252 ) ) ;
#5177 = DIRECTION ( 'NONE',  ( -1.000000000000000000, -0.000000000000000000, -0.000000000000000000 ) ) ;
#5178 = CARTESIAN_POINT ( 'NONE',  ( 12.00000000000000000, 0.000000000000000000, 0.000000000000000000 ) ) ;
#5179 = DIRECTION ( 'NONE',  ( 0.000000000000000000, -0.3681245526846853022, 0.9297764858882484607 ) ) ;
#5180 = ORIENTED_EDGE ( 'NONE', *, *, #775, .T. ) ;
#5181 = EDGE_CURVE ( 'NONE', #4331, #4784, #5795, .T. ) ;
#5182 = DIRECTION ( 'NONE',  ( 0.000000000000000000, 0.000000000000000000, 1.000000000000000000 ) ) ;
#5183 = DIRECTION ( 'NONE',  ( 0.000000000000000000, 0.000000000000000000, 1.000000000000000000 ) ) ;
#5184 = CYLINDRICAL_SURFACE ( 'NONE', #1291, 52.00000000000000000 ) ;
#5185 = DIRECTION ( 'NONE',  ( -1.000000000000000000, -0.000000000000000000, 0.000000000000000000 ) ) ;
#5186 = DIRECTION ( 'NONE',  ( -1.000000000000000000, -0.000000000000000000, 0.000000000000000000 ) ) ;
#5187 = ORIENTED_EDGE ( 'NONE', *, *, #5169, .F. ) ;
#5188 = AXIS2_PLACEMENT_3D ( 'NONE', #5799, #1764, #5764 ) ;
#5189 = ORIENTED_EDGE ( 'NONE', *, *, #1347, .T. ) ;
#5190 = AXIS2_PLACEMENT_3D ( 'NONE', #3864, #6712, #4410 ) ;
#5191 = EDGE_LOOP ( 'NONE', ( #4627, #1415, #3647, #7504 ) ) ;
#5192 = EDGE_CURVE ( 'NONE', #4611, #5588, #536, .T. ) ;
#5193 = CYLINDRICAL_SURFACE ( 'NONE', #2015, 20.00000000000000355 ) ;
#5194 = CARTESIAN_POINT ( 'NONE',  ( 11.99999999999999822, 39.78933988720115167, 24.98727647985015565 ) ) ;
#5195 = DIRECTION ( 'NONE',  ( -1.000000000000000000, 0.000000000000000000, 0.000000000000000000 ) ) ;
#5196 = DIRECTION ( 'NONE',  ( -1.000000000000000000, -0.000000000000000000, -0.000000000000000000 ) ) ;
#5197 = AXIS2_PLACEMENT_3D ( 'NONE', #1902, #1940, #1237 ) ;
#5198 = ORIENTED_EDGE ( 'NONE', *, *, #1469, .F. ) ;
#5199 = CARTESIAN_POINT ( 'NONE',  ( 11.99999999999999822, 0.000000000000000000, 0.000000000000000000 ) ) ;
#5200 = CARTESIAN_POINT ( 'NONE',  ( 12.00000000000000000, -19.44205635905570873, 43.33776004284602124 ) ) ;
#5201 = EDGE_LOOP ( 'NONE', ( #7189, #2866, #4865, #3924 ) ) ;
#5202 = ORIENTED_EDGE ( 'NONE', *, *, #1371, .T. ) ;
#5203 = ADVANCED_FACE ( 'NONE', ( #2600 ), #6226, .F. ) ;
#5204 = ORIENTED_EDGE ( 'NONE', *, *, #6495, .F. ) ;
#5205 = ADVANCED_FACE ( 'NONE', ( #2641 ), #1461, .T. ) ;
#5206 = VERTEX_POINT ( 'NONE', #2068 ) ;
#5207 = CYLINDRICAL_SURFACE ( 'NONE', #6995, 20.00000000000000355 ) ;
#5208 = CARTESIAN_POINT ( 'NONE',  ( 12.00000000000000000, 0.000000000000000000, 0.000000000000000000 ) ) ;
#5209 = DIRECTION ( 'NONE',  ( 1.000000000000000000, -0.000000000000000000, -0.000000000000000000 ) ) ;
#5210 = CARTESIAN_POINT ( 'NONE',  ( 0.000000000000000000, 22.43957647427160040, 41.27978878573636479 ) ) ;
#5211 = DIRECTION ( 'NONE',  ( 0.000000000000000000, 0.000000000000000000, -1.000000000000000000 ) ) ;
#5212 = ORIENTED_EDGE ( 'NONE', *, *, #6426, .T. ) ;
#5213 = ADVANCED_FACE ( 'NONE', ( #7250 ), #6091, .T. ) ;
#5214 = VECTOR ( 'NONE', #1858, 1000.000000000000000 ) ;
#5215 = CARTESIAN_POINT ( 'NONE',  ( 12.00000000000000000, 0.000000000000000000, 0.000000000000000000 ) ) ;
#5216 = FACE_BOUND ( 'NONE', #83, .T. ) ;
#5217 = EDGE_CURVE ( 'NONE', #5549, #3458, #2465, .T. ) ;
#5218 = DIRECTION ( 'NONE',  ( -1.000000000000000000, -0.000000000000000000, -0.000000000000000000 ) ) ;
#5219 = CYLINDRICAL_SURFACE ( 'NONE', #4158, 1.699999999999975753 ) ;
#5220 = DIRECTION ( 'NONE',  ( 0.000000000000000000, 0.000000000000000000, 1.000000000000000000 ) ) ;
#5221 = VERTEX_POINT ( 'NONE', #6140 ) ;
#5222 = AXIS2_PLACEMENT_3D ( 'NONE', #6139, #1901, #5479 ) ;
#5223 = ORIENTED_EDGE ( 'NONE', *, *, #1261, .T. ) ;
#5224 = AXIS2_PLACEMENT_3D ( 'NONE', #4749, #4128, #1252 ) ;
#5225 = CARTESIAN_POINT ( 'NONE',  ( 0.000000000000000000, -46.87740477351714929, -3.172455868805721391 ) ) ;
#5226 = CARTESIAN_POINT ( 'NONE',  ( 0.000000000000000000, 0.000000000000000000, 52.00000000000000000 ) ) ;
#5227 = DIRECTION ( 'NONE',  ( 0.000000000000000000, -0.7705132427757817037, -0.6374239897486988493 ) ) ;
#5228 = FACE_OUTER_BOUND ( 'NONE', #5730, .T. ) ;
#5229 = CIRCLE ( 'NONE', #2885, 20.00000000000000355 ) ;
#5230 = EDGE_CURVE ( 'NONE', #3109, #186, #5421, .T. ) ;
#5231 = VECTOR ( 'NONE', #1069, 1000.000000000000000 ) ;
#5232 = ORIENTED_EDGE ( 'NONE', *, *, #3076, .T. ) ;
#5233 = AXIS2_PLACEMENT_3D ( 'NONE', #909, #3858, #7367 ) ;
#5234 = CARTESIAN_POINT ( 'NONE',  ( 11.99999999999999822, 17.08890430202813349, -43.76671000081925911 ) ) ;
#5235 = DIRECTION ( 'NONE',  ( -1.000000000000000000, -0.000000000000000000, -0.000000000000000000 ) ) ;
#5236 = EDGE_CURVE ( 'NONE', #3462, #4907, #2114, .T. ) ;
#5237 = AXIS2_PLACEMENT_3D ( 'NONE', #5288, #1670, #7016 ) ;
#5238 = PLANE ( 'NONE',  #713 ) ;
#5239 = CIRCLE ( 'NONE', #6346, 20.00000000000000000 ) ;
#5240 = EDGE_LOOP ( 'NONE', ( #5476, #6919, #4507, #4538 ) ) ;
#5241 = ORIENTED_EDGE ( 'NONE', *, *, #2943, .F. ) ;
#5242 = CIRCLE ( 'NONE', #6575, 52.00000000000000000 ) ;
#5243 = ORIENTED_EDGE ( 'NONE', *, *, #7257, .T. ) ;
#5244 = EDGE_CURVE ( 'NONE', #2951, #1866, #2560, .T. ) ;
#5245 = EDGE_LOOP ( 'NONE', ( #4575, #6761, #162, #3648 ) ) ;
#5246 = CARTESIAN_POINT ( 'NONE',  ( 11.99999999999999822, 51.93417535146740960, -2.615612846549379089 ) ) ;
#5247 = CARTESIAN_POINT ( 'NONE',  ( 0.000000000000000000, 0.000000000000000000, 0.000000000000000000 ) ) ;
#5248 = DIRECTION ( 'NONE',  ( 1.000000000000000000, 0.000000000000000000, 0.000000000000000000 ) ) ;
#5249 = CARTESIAN_POINT ( 'NONE',  ( 5.999999999999999112, 40.47821179127713975, 32.64221760512775461 ) ) ;
#5250 = CARTESIAN_POINT ( 'NONE',  ( 11.99999999999999822, -20.99948489194393275, -42.60488980472802467 ) ) ;
#5251 = EDGE_LOOP ( 'NONE', ( #1353, #3132, #6021, #426 ) ) ;
#5252 = VECTOR ( 'NONE', #3028, 1000.000000000000000 ) ;
#5253 = ORIENTED_EDGE ( 'NONE', *, *, #7393, .F. ) ;
#5254 = DIRECTION ( 'NONE',  ( -1.000000000000000000, -0.000000000000000000, -0.000000000000000000 ) ) ;
#5255 = ADVANCED_FACE ( 'NONE', ( #3301 ), #4503, .T. ) ;
#5257 = FACE_OUTER_BOUND ( 'NONE', #279, .T. ) ;
#5256 = CIRCLE ( 'NONE', #6232, 20.00000000000000355 ) ;
#5258 = CARTESIAN_POINT ( 'NONE',  ( 0.000000000000000000, 0.000000000000000000, 0.000000000000000000 ) ) ;
#5259 = FACE_OUTER_BOUND ( 'NONE', #6900, .T. ) ;
#5260 = CARTESIAN_POINT ( 'NONE',  ( 11.99999999999999822, -46.87740477351714929, -3.172455868805721391 ) ) ;
#5261 = DIRECTION ( 'NONE',  ( -1.000000000000000000, 0.000000000000000000, -0.000000000000000000 ) ) ;
#5262 = EDGE_CURVE ( 'NONE', #1188, #5847, #4081, .T. ) ;
#5263 = ORIENTED_EDGE ( 'NONE', *, *, #5920, .F. ) ;
#5264 = AXIS2_PLACEMENT_3D ( 'NONE', #7137, #1303, #732 ) ;
#5265 = AXIS2_PLACEMENT_3D ( 'NONE', #2482, #84, #3572 ) ;
#5266 = EDGE_LOOP ( 'NONE', ( #7302, #3366, #1370, #5274 ) ) ;
#5267 = EDGE_CURVE ( 'NONE', #4802, #3194, #6404, .T. ) ;
#5268 = FACE_OUTER_BOUND ( 'NONE', #5486, .T. ) ;
#5269 = CARTESIAN_POINT ( 'NONE',  ( 11.99999999999999822, -46.11014828289836487, -9.022736828081212579 ) ) ;
#5270 = CARTESIAN_POINT ( 'NONE',  ( 0.000000000000000000, -2.123073309834811351, -47.45152853935337589 ) ) ;
#5271 = CYLINDRICAL_SURFACE ( 'NONE', #5188, 20.00000000000000355 ) ;
#5272 = AXIS2_PLACEMENT_3D ( 'NONE', #2879, #3377, #4588 ) ;
#5273 = AXIS2_PLACEMENT_3D ( 'NONE', #281, #4892, #2573 ) ;
#5274 = ORIENTED_EDGE ( 'NONE', *, *, #5681, .F. ) ;
#5275 = EDGE_CURVE ( 'NONE', #5067, #1206, #1502, .T. ) ;
#5276 = CARTESIAN_POINT ( 'NONE',  ( 6.000000000000000000, 12.30077720129097507, 50.52416135122086871 ) ) ;
#5277 = DIRECTION ( 'NONE',  ( -1.000000000000000000, -0.000000000000000000, 0.000000000000000000 ) ) ;
#5278 = AXIS2_PLACEMENT_3D ( 'NONE', #639, #2964, #2051 ) ;
#5279 = ORIENTED_EDGE ( 'NONE', *, *, #5839, .F. ) ;
#5280 = VERTEX_POINT ( 'NONE', #924 ) ;
#5281 = VERTEX_POINT ( 'NONE', #5083 ) ;
#5282 = EDGE_CURVE ( 'NONE', #3869, #3728, #877, .T. ) ;
#5283 = ORIENTED_EDGE ( 'NONE', *, *, #221, .T. ) ;
#5284 = LINE ( 'NONE', #19, #3036 ) ;
#5286 = EDGE_CURVE ( 'NONE', #1273, #4398, #2956, .T. ) ;
#5285 = CARTESIAN_POINT ( 'NONE',  ( 11.99999999999999822, 46.90537658765334328, -2.727856614653787037 ) ) ;
#5287 = LINE ( 'NONE', #7583, #2172 ) ;
#5288 = CARTESIAN_POINT ( 'NONE',  ( 11.99999999999999822, 17.50309955389612426, 43.60271849949369027 ) ) ;
#5289 = DIRECTION ( 'NONE',  ( -1.000000000000000000, -0.000000000000000000, -0.000000000000000000 ) ) ;
#5290 = VERTEX_POINT ( 'NONE', #6804 ) ;
#5291 = EDGE_LOOP ( 'NONE', ( #4836, #4433, #4376, #4424 ) ) ;
#5292 = DIRECTION ( 'NONE',  ( -1.000000000000000000, -0.000000000000000000, -0.000000000000000000 ) ) ;
#5293 = CARTESIAN_POINT ( 'NONE',  ( 11.99999999999999822, -36.34385289850568057, -29.77717097092113008 ) ) ;
#5294 = DIRECTION ( 'NONE',  ( 0.000000000000000000, 0.000000000000000000, 1.000000000000000000 ) ) ;
#5295 = DIRECTION ( 'NONE',  ( -1.000000000000000000, -0.000000000000000000, 0.000000000000000000 ) ) ;
#5296 = PLANE ( 'NONE',  #5036 ) ;
#5297 = CARTESIAN_POINT ( 'NONE',  ( 0.000000000000000000, 0.000000000000000000, 0.000000000000000000 ) ) ;
#5298 = ORIENTED_EDGE ( 'NONE', *, *, #3338, .T. ) ;
#5299 = ADVANCED_FACE ( 'NONE', ( #5689 ), #4912, .T. ) ;
#5300 = DIRECTION ( 'NONE',  ( -1.000000000000000000, 0.000000000000000000, -0.000000000000000000 ) ) ;
#5301 = DIRECTION ( 'NONE',  ( 0.000000000000000000, 0.6845471059286899473, -0.7289686274214103312 ) ) ;
#5302 = DIRECTION ( 'NONE',  ( -1.000000000000000000, 0.000000000000000000, 0.000000000000000000 ) ) ;
#5303 = CIRCLE ( 'NONE', #3568, 20.00000000000000355 ) ;
#5304 = CARTESIAN_POINT ( 'NONE',  ( 0.000000000000000000, -47.00885577955406092, -6.806061952192796305 ) ) ;
#5305 = AXIS2_PLACEMENT_3D ( 'NONE', #2133, #960, #1491 ) ;
#5306 = AXIS2_PLACEMENT_3D ( 'NONE', #4408, #911, #3776 ) ;
#5307 = EDGE_CURVE ( 'NONE', #665, #4432, #4574, .T. ) ;
#5308 = ORIENTED_EDGE ( 'NONE', *, *, #3321, .F. ) ;
#5309 = DIRECTION ( 'NONE',  ( 0.000000000000000000, 0.000000000000000000, 1.000000000000000000 ) ) ;
#5311 = EDGE_CURVE ( 'NONE', #4813, #5637, #4103, .T. ) ;
#5310 = CARTESIAN_POINT ( 'NONE',  ( 15.00000000000000178, 2.081899558550485982E-16, -39.30000000000001137 ) ) ;
#5312 = CARTESIAN_POINT ( 'NONE',  ( 0.000000000000000000, 0.000000000000000000, 0.000000000000000000 ) ) ;
#5313 = ORIENTED_EDGE ( 'NONE', *, *, #2279, .F. ) ;
#5314 = VERTEX_POINT ( 'NONE', #6342 ) ;
#5315 = ORIENTED_EDGE ( 'NONE', *, *, #7501, .F. ) ;
#5316 = ORIENTED_EDGE ( 'NONE', *, *, #4709, .T. ) ;
#5317 = CARTESIAN_POINT ( 'NONE',  ( 12.00000000000000000, 8.053585752061881209, 46.81126742072025593 ) ) ;
#5318 = CARTESIAN_POINT ( 'NONE',  ( 11.99999999999999822, -30.93515269692088765, -36.04401931830283701 ) ) ;
#5319 = CARTESIAN_POINT ( 'NONE',  ( 11.99999999999999822, 39.64889472655732305, 33.64468972902521671 ) ) ;
#5320 = DIRECTION ( 'NONE',  ( 0.000000000000000000, 0.000000000000000000, 1.000000000000000000 ) ) ;
#5321 = EDGE_LOOP ( 'NONE', ( #4460, #2031 ) ) ;
#5322 = ORIENTED_EDGE ( 'NONE', *, *, #4218, .T. ) ;
#5323 = DIRECTION ( 'NONE',  ( -1.000000000000000000, 0.000000000000000000, 0.000000000000000000 ) ) ;
#5324 = DIRECTION ( 'NONE',  ( 0.000000000000000000, 0.000000000000000000, -1.000000000000000000 ) ) ;
#5325 = FACE_BOUND ( 'NONE', #7472, .T. ) ;
#5326 = CARTESIAN_POINT ( 'NONE',  ( 11.99999999999999822, -51.93417535146743091, 2.615612846549018045 ) ) ;
#5327 = DIRECTION ( 'NONE',  ( -1.000000000000000000, 0.000000000000000000, 0.000000000000000000 ) ) ;
#5328 = AXIS2_PLACEMENT_3D ( 'NONE', #7417, #6225, #971 ) ;
#5329 = CARTESIAN_POINT ( 'NONE',  ( 15.00000000000000178, 0.000000000000000000, -42.69999999999998863 ) ) ;
#5330 = DIRECTION ( 'NONE',  ( -1.000000000000000000, -0.000000000000000000, -0.000000000000000000 ) ) ;
#5331 = CARTESIAN_POINT ( 'NONE',  ( 11.99999999999999822, 46.87740477351717061, -3.172455868805375889 ) ) ;
#5332 = DIRECTION ( 'NONE',  ( -1.000000000000000000, -0.000000000000000000, -0.000000000000000000 ) ) ;
#5333 = AXIS2_PLACEMENT_3D ( 'NONE', #4139, #7065, #5876 ) ;
#5334 = EDGE_CURVE ( 'NONE', #2217, #5353, #3063, .T. ) ;
#5335 = ADVANCED_FACE ( 'NONE', ( #431 ), #1156, .F. ) ;
#5336 = ORIENTED_EDGE ( 'NONE', *, *, #2733, .T. ) ;
#5337 = CARTESIAN_POINT ( 'NONE',  ( 6.000000000000000000, -46.77034588191321518, 22.72740077717213225 ) ) ;
#5338 = DIRECTION ( 'NONE',  ( -1.000000000000000000, -0.000000000000000000, -0.000000000000000000 ) ) ;
#5339 = ADVANCED_FACE ( 'NONE', ( #1692 ), #543, .F. ) ;
#5340 = CIRCLE ( 'NONE', #679, 20.00000000000000711 ) ;
#5341 = ADVANCED_FACE ( 'NONE', ( #4691 ), #2873, .T. ) ;
#5342 = ORIENTED_EDGE ( 'NONE', *, *, #1989, .T. ) ;
#5343 = VERTEX_POINT ( 'NONE', #6924 ) ;
#5344 = ORIENTED_EDGE ( 'NONE', *, *, #4869, .F. ) ;
#5345 = AXIS2_PLACEMENT_3D ( 'NONE', #5928, #5356, #4785 ) ;
#5346 = VERTEX_POINT ( 'NONE', #4545 ) ;
#5347 = CIRCLE ( 'NONE', #5589, 20.00000000000000000 ) ;
#5348 = CYLINDRICAL_SURFACE ( 'NONE', #3030, 52.00000000000000000 ) ;
#5349 = VECTOR ( 'NONE', #1822, 1000.000000000000000 ) ;
#5350 = CARTESIAN_POINT ( 'NONE',  ( 0.000000000000000000, 0.000000000000000000, 0.000000000000000000 ) ) ;
#5351 = DIRECTION ( 'NONE',  ( 0.000000000000000000, 0.000000000000000000, 1.000000000000000000 ) ) ;
#5352 = CIRCLE ( 'NONE', #5459, 20.00000000000000355 ) ;
#5353 = VERTEX_POINT ( 'NONE', #6893 ) ;
#5354 = VERTEX_POINT ( 'NONE', #1081 ) ;
#5355 = AXIS2_PLACEMENT_3D ( 'NONE', #2211, #5786, #6370 ) ;
#5356 = DIRECTION ( 'NONE',  ( -1.000000000000000000, 0.000000000000000000, -0.000000000000000000 ) ) ;
#5357 = CARTESIAN_POINT ( 'NONE',  ( 11.99999999999999822, -42.60732521687557295, -19.80331771201702296 ) ) ;
#5358 = CARTESIAN_POINT ( 'NONE',  ( 11.99999999999999822, -13.56094713063535373, -50.20060470671755581 ) ) ;
#5359 = CYLINDRICAL_SURFACE ( 'NONE', #4116, 20.00000000000000355 ) ;
#5360 = FACE_OUTER_BOUND ( 'NONE', #2724, .T. ) ;
#5361 = EDGE_CURVE ( 'NONE', #4677, #5076, #3412, .T. ) ;
#5362 = VECTOR ( 'NONE', #5890, 1000.000000000000000 ) ;
#5363 = ADVANCED_FACE ( 'NONE', ( #2293 ), #5271, .T. ) ;
#5364 = AXIS2_PLACEMENT_3D ( 'NONE', #810, #276, #2025 ) ;
#5365 = CYLINDRICAL_SURFACE ( 'NONE', #4743, 52.00000000000000000 ) ;
#5366 = CARTESIAN_POINT ( 'NONE',  ( 0.000000000000000000, 19.44205635905539964, 43.33776004284617045 ) ) ;
#5367 = CARTESIAN_POINT ( 'NONE',  ( 5.999999999999999112, -18.53613841426757958, -48.58406706613921244 ) ) ;
#5368 = DIRECTION ( 'NONE',  ( -1.000000000000000000, 0.000000000000000000, 0.000000000000000000 ) ) ;
#5369 = DIRECTION ( 'NONE',  ( -1.000000000000000000, 0.000000000000000000, -0.000000000000000000 ) ) ;
#5370 = EDGE_CURVE ( 'NONE', #2442, #2139, #7126, .T. ) ;
#5371 = AXIS2_PLACEMENT_3D ( 'NONE', #1900, #1836, #3013 ) ;
#5372 = CIRCLE ( 'NONE', #2048, 52.00000000000000000 ) ;
#5373 = CIRCLE ( 'NONE', #5016, 52.00000000000000000 ) ;
#5374 = EDGE_LOOP ( 'NONE', ( #7220, #906 ) ) ;
#5375 = CYLINDRICAL_SURFACE ( 'NONE', #3403, 20.00000000000000355 ) ;
#5376 = CARTESIAN_POINT ( 'NONE',  ( 5.999999999999999112, -31.08872492059926884, -41.68322423723133596 ) ) ;
#5377 = EDGE_LOOP ( 'NONE', ( #4166, #3793, #2444, #2603 ) ) ;
#5378 = ORIENTED_EDGE ( 'NONE', *, *, #3658, .F. ) ;
#5379 = AXIS2_PLACEMENT_3D ( 'NONE', #5512, #791, #6669 ) ;
#5380 = ORIENTED_EDGE ( 'NONE', *, *, #5775, .F. ) ;
#5381 = EDGE_LOOP ( 'NONE', ( #6498, #2104, #5134, #222 ) ) ;
#5382 = EDGE_CURVE ( 'NONE', #2352, #2722, #5403, .T. ) ;
#5383 = FACE_OUTER_BOUND ( 'NONE', #3822, .T. ) ;
#5384 = CIRCLE ( 'NONE', #7485, 47.49900000000000233 ) ;
#5385 = CIRCLE ( 'NONE', #5625, 20.00000000000000355 ) ;
#5386 = DIRECTION ( 'NONE',  ( -1.000000000000000000, 0.000000000000000000, 0.000000000000000000 ) ) ;
#5387 = DIRECTION ( 'NONE',  ( 0.000000000000000000, 0.000000000000000000, 1.000000000000000000 ) ) ;
#5388 = EDGE_LOOP ( 'NONE', ( #163, #6800, #1455, #6532 ) ) ;
#5389 = ORIENTED_EDGE ( 'NONE', *, *, #776, .T. ) ;
#5391 = ORIENTED_EDGE ( 'NONE', *, *, #5896, .T. ) ;
#5390 = AXIS2_PLACEMENT_3D ( 'NONE', #23, #2207, #3970 ) ;
#5392 = DIRECTION ( 'NONE',  ( -1.000000000000000000, -0.000000000000000000, 0.000000000000000000 ) ) ;
#5393 = CARTESIAN_POINT ( 'NONE',  ( 0.000000000000000000, -51.85248208264521708, 3.914090171285991016 ) ) ;
#5394 = FACE_BOUND ( 'NONE', #3494, .T. ) ;
#5395 = CARTESIAN_POINT ( 'NONE',  ( 11.99999999999999822, 47.22458491092827160, -5.098390039073716906 ) ) ;
#5396 = DIRECTION ( 'NONE',  ( -1.000000000000000000, 0.000000000000000000, -0.000000000000000000 ) ) ;
#5397 = CYLINDRICAL_SURFACE ( 'NONE', #5120, 20.00000000000000355 ) ;
#5398 = DIRECTION ( 'NONE',  ( 0.000000000000000000, 0.000000000000000000, 1.000000000000000000 ) ) ;
#5399 = DIRECTION ( 'NONE',  ( 0.000000000000000000, 0.000000000000000000, 1.000000000000000000 ) ) ;
#5400 = DIRECTION ( 'NONE',  ( -0.000000000000000000, 0.000000000000000000, 1.000000000000000000 ) ) ;
#5401 = CARTESIAN_POINT ( 'NONE',  ( 0.000000000000000000, 0.000000000000000000, 0.000000000000000000 ) ) ;
#5402 = ORIENTED_EDGE ( 'NONE', *, *, #4781, .T. ) ;
#5403 = CIRCLE ( 'NONE', #1738, 20.00000000000000711 ) ;
#5404 = ORIENTED_EDGE ( 'NONE', *, *, #151, .T. ) ;
#5405 = CARTESIAN_POINT ( 'NONE',  ( 0.000000000000000000, 0.000000000000000000, 0.000000000000000000 ) ) ;
#5406 = FACE_OUTER_BOUND ( 'NONE', #2689, .T. ) ;
#5407 = DIRECTION ( 'NONE',  ( 1.000000000000000000, -0.000000000000000000, -0.000000000000000000 ) ) ;
#5408 = ORIENTED_EDGE ( 'NONE', *, *, #7040, .F. ) ;
#5409 = ORIENTED_EDGE ( 'NONE', *, *, #5675, .F. ) ;
#5410 = ORIENTED_EDGE ( 'NONE', *, *, #2285, .F. ) ;
#5411 = ORIENTED_EDGE ( 'NONE', *, *, #3193, .F. ) ;
#5412 = CIRCLE ( 'NONE', #5546, 52.00000000000000000 ) ;
#5413 = DIRECTION ( 'NONE',  ( 0.000000000000000000, -0.9048270524660235736, 0.4257792915650641108 ) ) ;
#5414 = DIRECTION ( 'NONE',  ( -1.000000000000000000, -0.000000000000000000, 0.000000000000000000 ) ) ;
#5415 = FACE_OUTER_BOUND ( 'NONE', #3265, .T. ) ;
#5416 = ORIENTED_EDGE ( 'NONE', *, *, #1250, .T. ) ;
#5417 = ORIENTED_EDGE ( 'NONE', *, *, #6911, .T. ) ;
#5418 = AXIS2_PLACEMENT_3D ( 'NONE', #1611, #6212, #455 ) ;
#5419 = EDGE_CURVE ( 'NONE', #1839, #4163, #7383, .T. ) ;
#5420 = ADVANCED_FACE ( 'NONE', ( #513 ), #581, .T. ) ;
#5421 = CIRCLE ( 'NONE', #152, 52.00000000000000000 ) ;
#5422 = ORIENTED_EDGE ( 'NONE', *, *, #780, .T. ) ;
#5423 = CARTESIAN_POINT ( 'NONE',  ( 11.99999999999999822, 0.000000000000000000, 0.000000000000000000 ) ) ;
#5424 = CARTESIAN_POINT ( 'NONE',  ( 11.99999999999999822, -42.41764978026592559, -20.20639853260335173 ) ) ;
#5425 = CARTESIAN_POINT ( 'NONE',  ( 15.00000000000000000, 2.081899558550472916E-16, 42.69999999999998153 ) ) ;
#5426 = DIRECTION ( 'NONE',  ( 0.000000000000000000, 0.000000000000000000, -1.000000000000000000 ) ) ;
#5427 = DIRECTION ( 'NONE',  ( -1.000000000000000000, 0.000000000000000000, -0.000000000000000000 ) ) ;
#5428 = EDGE_CURVE ( 'NONE', #2328, #885, #4922, .T. ) ;
#5429 = EDGE_CURVE ( 'NONE', #1315, #5524, #3449, .T. ) ;
#5430 = DIRECTION ( 'NONE',  ( -1.000000000000000000, 0.000000000000000000, 0.000000000000000000 ) ) ;
#5431 = CARTESIAN_POINT ( 'NONE',  ( 11.99999999999999822, 46.87740477351717061, 16.82754413119462811 ) ) ;
#5432 = CARTESIAN_POINT ( 'NONE',  ( 11.99999999999999822, 0.000000000000000000, 0.000000000000000000 ) ) ;
#5433 = CYLINDRICAL_SURFACE ( 'NONE', #1927, 52.00000000000000000 ) ;
#5434 = CARTESIAN_POINT ( 'NONE',  ( 5.999999999999999112, 44.25018368420742831, 27.31155879685199039 ) ) ;
#5435 = ORIENTED_EDGE ( 'NONE', *, *, #552, .T. ) ;
#5436 = ORIENTED_EDGE ( 'NONE', *, *, #7555, .T. ) ;
#5437 = CARTESIAN_POINT ( 'NONE',  ( 12.00000000000000000, 0.000000000000000000, 0.000000000000000000 ) ) ;
#5438 = VECTOR ( 'NONE', #3695, 1000.000000000000000 ) ;
#5439 = CARTESIAN_POINT ( 'NONE',  ( 11.99999999999999822, 0.2227391519116668495, 46.98410307550729215 ) ) ;
#5440 = DIRECTION ( 'NONE',  ( 0.000000000000000000, 0.9822872507286892763, -0.1873813145857214368 ) ) ;
#5441 = ADVANCED_FACE ( 'NONE', ( #5228 ), #7571, .T. ) ;
#5442 = ORIENTED_EDGE ( 'NONE', *, *, #507, .F. ) ;
#5443 = ORIENTED_EDGE ( 'NONE', *, *, #4560, .F. ) ;
#5444 = ORIENTED_EDGE ( 'NONE', *, *, #2747, .F. ) ;
#5445 = ORIENTED_EDGE ( 'NONE', *, *, #4455, .T. ) ;
#5446 = VECTOR ( 'NONE', #4679, 1000.000000000000000 ) ;
#5447 = EDGE_CURVE ( 'NONE', #4592, #907, #7002, .T. ) ;
#5448 = DIRECTION ( 'NONE',  ( -1.000000000000000000, -0.000000000000000000, 0.000000000000000000 ) ) ;
#5449 = FACE_OUTER_BOUND ( 'NONE', #4147, .T. ) ;
#5450 = CARTESIAN_POINT ( 'NONE',  ( 0.000000000000000000, 0.000000000000000000, 0.000000000000000000 ) ) ;
#5451 = ORIENTED_EDGE ( 'NONE', *, *, #7375, .F. ) ;
#5452 = VERTEX_POINT ( 'NONE', #3561 ) ;
#5453 = AXIS2_PLACEMENT_3D ( 'NONE', #2290, #7497, #466 ) ;
#5454 = EDGE_CURVE ( 'NONE', #6194, #2517, #6148, .T. ) ;
#5455 = EDGE_LOOP ( 'NONE', ( #49, #7419, #3930, #3327 ) ) ;
#5456 = AXIS2_PLACEMENT_3D ( 'NONE', #646, #6328, #4605 ) ;
#5457 = DIRECTION ( 'NONE',  ( -1.000000000000000000, 0.000000000000000000, 0.000000000000000000 ) ) ;
#5458 = LINE ( 'NONE', #3104, #1176 ) ;
#5459 = AXIS2_PLACEMENT_3D ( 'NONE', #4174, #6549, #3044 ) ;
#5460 = DIRECTION ( 'NONE',  ( -1.000000000000000000, -0.000000000000000000, -0.000000000000000000 ) ) ;
#5461 = FACE_OUTER_BOUND ( 'NONE', #6488, .T. ) ;
#5462 = CARTESIAN_POINT ( 'NONE',  ( 11.99999999999999822, 0.000000000000000000, 0.000000000000000000 ) ) ;
#5463 = ORIENTED_EDGE ( 'NONE', *, *, #5, .F. ) ;
#5464 = AXIS2_PLACEMENT_3D ( 'NONE', #6879, #2245, #4604 ) ;
#5465 = EDGE_CURVE ( 'NONE', #5555, #2442, #725, .T. ) ;
#5466 = CARTESIAN_POINT ( 'NONE',  ( 11.99999999999999822, 29.60891106212838508, -37.14118181634735549 ) ) ;
#5467 = VECTOR ( 'NONE', #3935, 1000.000000000000000 ) ;
#5468 = DIRECTION ( 'NONE',  ( -1.000000000000000000, 0.000000000000000000, -0.000000000000000000 ) ) ;
#5469 = DIRECTION ( 'NONE',  ( -1.000000000000000000, 0.000000000000000000, 0.000000000000000000 ) ) ;
#5470 = DIRECTION ( 'NONE',  ( 1.000000000000000000, 0.000000000000000000, -0.000000000000000000 ) ) ;
#5471 = DIRECTION ( 'NONE',  ( 0.000000000000000000, 0.000000000000000000, 1.000000000000000000 ) ) ;
#5472 = EDGE_CURVE ( 'NONE', #7511, #4877, #1624, .T. ) ;
#5473 = ORIENTED_EDGE ( 'NONE', *, *, #1340, .T. ) ;
#5474 = VERTEX_POINT ( 'NONE', #5304 ) ;
#5475 = VECTOR ( 'NONE', #3754, 1000.000000000000000 ) ;
#5476 = ORIENTED_EDGE ( 'NONE', *, *, #3184, .T. ) ;
#5477 = LINE ( 'NONE', #4325, #3495 ) ;
#5478 = CYLINDRICAL_SURFACE ( 'NONE', #3291, 52.00000000000000000 ) ;
#5479 = DIRECTION ( 'NONE',  ( 0.000000000000000000, 0.000000000000000000, 1.000000000000000000 ) ) ;
#5480 = DIRECTION ( 'NONE',  ( -1.000000000000000000, -0.000000000000000000, -0.000000000000000000 ) ) ;
#5481 = CIRCLE ( 'NONE', #1595, 52.00000000000000000 ) ;
#5482 = AXIS2_PLACEMENT_3D ( 'NONE', #5312, #48, #2371 ) ;
#5483 = EDGE_LOOP ( 'NONE', ( #6352, #5869 ) ) ;
#5484 = ORIENTED_EDGE ( 'NONE', *, *, #3902, .T. ) ;
#5485 = CIRCLE ( 'NONE', #2418, 47.49900000000000233 ) ;
#5486 = EDGE_LOOP ( 'NONE', ( #6123, #6775, #7110, #5913 ) ) ;
#5487 = AXIS2_PLACEMENT_3D ( 'NONE', #4469, #3753, #3882 ) ;
#5488 = ORIENTED_EDGE ( 'NONE', *, *, #3281, .T. ) ;
#5489 = DIRECTION ( 'NONE',  ( 0.000000000000000000, 0.000000000000000000, -1.000000000000000000 ) ) ;
#5490 = CARTESIAN_POINT ( 'NONE',  ( 11.99999999999999822, -51.19683565102438649, -9.104066087304016008 ) ) ;
#5491 = DIRECTION ( 'NONE',  ( -1.000000000000000000, 0.000000000000000000, -0.000000000000000000 ) ) ;
#5492 = VECTOR ( 'NONE', #4409, 1000.000000000000000 ) ;
#5493 = VERTEX_POINT ( 'NONE', #2400 ) ;
#5494 = EDGE_LOOP ( 'NONE', ( #2092, #2119, #804, #7222 ) ) ;
#5495 = EDGE_CURVE ( 'NONE', #5949, #6863, #5877, .T. ) ;
#5496 = VERTEX_POINT ( 'NONE', #1265 ) ;
#5497 = ADVANCED_FACE ( 'NONE', ( #7164 ), #1796, .T. ) ;
#5498 = VECTOR ( 'NONE', #2541, 1000.000000000000000 ) ;
#5499 = AXIS2_PLACEMENT_3D ( 'NONE', #4670, #4006, #597 ) ;
#5500 = CARTESIAN_POINT ( 'NONE',  ( 11.99999999999999822, -9.744342220503087404, -46.48873837489808380 ) ) ;
#5501 = DIRECTION ( 'NONE',  ( 0.000000000000000000, 0.000000000000000000, -1.000000000000000000 ) ) ;
#5502 = CARTESIAN_POINT ( 'NONE',  ( 0.000000000000000000, 0.2227391519123260444, -46.98410307550729215 ) ) ;
#5503 = CARTESIAN_POINT ( 'NONE',  ( 12.00000000000000000, -37.91532898920940653, 28.61088654061626357 ) ) ;
#5504 = FACE_OUTER_BOUND ( 'NONE', #3735, .T. ) ;
#5505 = LINE ( 'NONE', #3106, #1416 ) ;
#5506 = CARTESIAN_POINT ( 'NONE',  ( 12.00000000000000000, 0.000000000000000000, 0.000000000000000000 ) ) ;
#5507 = ORIENTED_EDGE ( 'NONE', *, *, #6414, .T. ) ;
#5508 = AXIS2_PLACEMENT_3D ( 'NONE', #3896, #6252, #6785 ) ;
#5509 = CARTESIAN_POINT ( 'NONE',  ( 12.00000000000000000, -41.20225022064652620, 23.63323037071389265 ) ) ;
#5510 = LINE ( 'NONE', #1529, #3510 ) ;
#5511 = DIRECTION ( 'NONE',  ( -1.000000000000000000, -0.000000000000000000, 0.000000000000000000 ) ) ;
#5512 = CARTESIAN_POINT ( 'NONE',  ( 0.000000000000000000, 0.2227391519116668495, 46.98410307550729215 ) ) ;
#5513 = CARTESIAN_POINT ( 'NONE',  ( 0.000000000000000000, 37.91532898920961969, -28.61088654061597936 ) ) ;
#5514 = VERTEX_POINT ( 'NONE', #625 ) ;
#5515 = VERTEX_POINT ( 'NONE', #3624 ) ;
#5516 = EDGE_CURVE ( 'NONE', #191, #4214, #2223, .T. ) ;
#5517 = VERTEX_POINT ( 'NONE', #6596 ) ;
#5518 = ORIENTED_EDGE ( 'NONE', *, *, #7168, .T. ) ;
#5519 = DIRECTION ( 'NONE',  ( 0.000000000000000000, 0.000000000000000000, -1.000000000000000000 ) ) ;
#5520 = CYLINDRICAL_SURFACE ( 'NONE', #6097, 52.00000000000000000 ) ;
#5521 = DIRECTION ( 'NONE',  ( -1.000000000000000000, 0.000000000000000000, 0.000000000000000000 ) ) ;
#5522 = DIRECTION ( 'NONE',  ( -1.000000000000000000, 0.000000000000000000, 0.000000000000000000 ) ) ;
#5523 = ORIENTED_EDGE ( 'NONE', *, *, #6518, .T. ) ;
#5524 = VERTEX_POINT ( 'NONE', #4140 ) ;
#5525 = EDGE_CURVE ( 'NONE', #2518, #6334, #4797, .T. ) ;
#5526 = ORIENTED_EDGE ( 'NONE', *, *, #5275, .F. ) ;
#5527 = EDGE_CURVE ( 'NONE', #4194, #6018, #5910, .T. ) ;
#5528 = ORIENTED_EDGE ( 'NONE', *, *, #5603, .F. ) ;
#5529 = LINE ( 'NONE', #4298, #4035 ) ;
#5530 = CARTESIAN_POINT ( 'NONE',  ( 12.00000000000000000, 20.99948489194422763, 42.60488980472788256 ) ) ;
#5531 = LINE ( 'NONE', #811, #1437 ) ;
#5532 = AXIS2_PLACEMENT_3D ( 'NONE', #42, #4794, #3048 ) ;
#5533 = ORIENTED_EDGE ( 'NONE', *, *, #4866, .F. ) ;
#5534 = ORIENTED_EDGE ( 'NONE', *, *, #3405, .F. ) ;
#5535 = EDGE_LOOP ( 'NONE', ( #2402, #5408, #2479, #5010 ) ) ;
#5536 = CIRCLE ( 'NONE', #5305, 52.00000000000000000 ) ;
#5537 = AXIS2_PLACEMENT_3D ( 'NONE', #790, #1330, #3080 ) ;
#5538 = LINE ( 'NONE', #1356, #1458 ) ;
#5539 = DIRECTION ( 'NONE',  ( 0.000000000000000000, 0.000000000000000000, -1.000000000000000000 ) ) ;
#5540 = DIRECTION ( 'NONE',  ( -1.000000000000000000, 0.000000000000000000, 0.000000000000000000 ) ) ;
#5541 = CARTESIAN_POINT ( 'NONE',  ( 11.99999999999999822, 0.6505223195690384985, -51.99593080916757515 ) ) ;
#5542 = DIRECTION ( 'NONE',  ( 0.000000000000000000, 0.000000000000000000, -1.000000000000000000 ) ) ;
#5543 = DIRECTION ( 'NONE',  ( 0.000000000000000000, 0.000000000000000000, 1.000000000000000000 ) ) ;
#5544 = CARTESIAN_POINT ( 'NONE',  ( 15.00000000000000178, 41.00000000000000000, 1.699999999999986411 ) ) ;
#5545 = ORIENTED_EDGE ( 'NONE', *, *, #6663, .F. ) ;
#5546 = AXIS2_PLACEMENT_3D ( 'NONE', #1800, #5338, #6015 ) ;
#5547 = EDGE_CURVE ( 'NONE', #2735, #3019, #5303, .T. ) ;
#5548 = ORIENTED_EDGE ( 'NONE', *, *, #1513, .T. ) ;
#5549 = VERTEX_POINT ( 'NONE', #1369 ) ;
#5550 = DIRECTION ( 'NONE',  ( -1.000000000000000000, 0.000000000000000000, 0.000000000000000000 ) ) ;
#5551 = CARTESIAN_POINT ( 'NONE',  ( 11.99999999999999822, -26.17370628620683704, 39.63700417846153812 ) ) ;
#5552 = CYLINDRICAL_SURFACE ( 'NONE', #5418, 20.00000000000000355 ) ;
#5553 = DIRECTION ( 'NONE',  ( 1.000000000000000000, 0.000000000000000000, 0.000000000000000000 ) ) ;
#5554 = DIRECTION ( 'NONE',  ( 1.000000000000000000, -0.000000000000000000, -0.000000000000000000 ) ) ;
#5555 = VERTEX_POINT ( 'NONE', #4864 ) ;
#5556 = ORIENTED_EDGE ( 'NONE', *, *, #3339, .F. ) ;
#5557 = EDGE_CURVE ( 'NONE', #5156, #6859, #1961, .T. ) ;
#5558 = ORIENTED_EDGE ( 'NONE', *, *, #695, .F. ) ;
#5559 = VERTEX_POINT ( 'NONE', #5911 ) ;
#5560 = FILL_AREA_STYLE_COLOUR ( '', #3992 ) ;
#5561 = DIRECTION ( 'NONE',  ( 0.000000000000000000, 0.000000000000000000, 1.000000000000000000 ) ) ;
#5562 = CARTESIAN_POINT ( 'NONE',  ( 12.00000000000000000, 0.000000000000000000, 0.000000000000000000 ) ) ;
#5563 = DIRECTION ( 'NONE',  ( -1.000000000000000000, 0.000000000000000000, -0.000000000000000000 ) ) ;
#5564 = EDGE_CURVE ( 'NONE', #6314, #2835, #1362, .T. ) ;
#5565 = ORIENTED_EDGE ( 'NONE', *, *, #5046, .F. ) ;
#5566 = VERTEX_POINT ( 'NONE', #7205 ) ;
#5567 = EDGE_LOOP ( 'NONE', ( #4371, #3140, #5695, #2884 ) ) ;
#5568 = EDGE_CURVE ( 'NONE', #522, #7304, #6639, .T. ) ;
#5569 = AXIS2_PLACEMENT_3D ( 'NONE', #7535, #5195, #7570 ) ;
#5570 = EDGE_CURVE ( 'NONE', #1810, #4516, #3195, .T. ) ;
#5571 = VERTEX_POINT ( 'NONE', #4826 ) ;
#5572 = EDGE_CURVE ( 'NONE', #2050, #3382, #4301, .T. ) ;
#5573 = DIRECTION ( 'NONE',  ( 1.000000000000000000, 0.000000000000000000, 0.000000000000000000 ) ) ;
#5574 = CARTESIAN_POINT ( 'NONE',  ( 0.000000000000000000, -46.19362259308826424, -8.585149169758988563 ) ) ;
#5575 = DIRECTION ( 'NONE',  ( -1.000000000000000000, 0.000000000000000000, -0.000000000000000000 ) ) ;
#5576 = ORIENTED_EDGE ( 'NONE', *, *, #6119, .T. ) ;
#5577 = ORIENTED_EDGE ( 'NONE', *, *, #615, .T. ) ;
#5578 = VECTOR ( 'NONE', #5979, 1000.000000000000000 ) ;
#5579 = ORIENTED_EDGE ( 'NONE', *, *, #6016, .F. ) ;
#5580 = CARTESIAN_POINT ( 'NONE',  ( 0.000000000000000000, 0.000000000000000000, 0.000000000000000000 ) ) ;
#5581 = CARTESIAN_POINT ( 'NONE',  ( -10.00000000000000000, 0.000000000000000000, 0.000000000000000000 ) ) ;
#5582 = DIRECTION ( 'NONE',  ( 0.000000000000000000, -0.3681245526846853022, 0.9297764858882484607 ) ) ;
#5583 = DIRECTION ( 'NONE',  ( 0.000000000000000000, 0.9510565162951521989, 0.3090169943749515036 ) ) ;
#5584 = CARTESIAN_POINT ( 'NONE',  ( 0.000000000000000000, -19.74581912682807072, -48.10512059033415966 ) ) ;
#5585 = DIRECTION ( 'NONE',  ( 0.000000000000000000, -0.4817536741017036661, -0.8763066800438700232 ) ) ;
#5586 = DIRECTION ( 'NONE',  ( 0.000000000000000000, 0.000000000000000000, -1.000000000000000000 ) ) ;
#5587 = AXIS2_PLACEMENT_3D ( 'NONE', #4015, #4603, #7524 ) ;
#5588 = VERTEX_POINT ( 'NONE', #2435 ) ;
#5589 = AXIS2_PLACEMENT_3D ( 'NONE', #2089, #7435, #5585 ) ;
#5590 = AXIS2_PLACEMENT_3D ( 'NONE', #7245, #2638, #3248 ) ;
#5591 = ORIENTED_EDGE ( 'NONE', *, *, #6734, .T. ) ;
#5592 = EDGE_CURVE ( 'NONE', #5001, #7509, #3069, .T. ) ;
#5593 = CARTESIAN_POINT ( 'NONE',  ( 12.00000000000000000, 9.744342220504064400, -46.48873837489787064 ) ) ;
#5594 = CARTESIAN_POINT ( 'NONE',  ( 12.00000000000000000, 0.000000000000000000, 0.000000000000000000 ) ) ;
#5595 = CIRCLE ( 'NONE', #7445, 47.49900000000000944 ) ;
#5596 = FACE_BOUND ( 'NONE', #5321, .T. ) ;
#5597 = DIRECTION ( 'NONE',  ( -1.000000000000000000, 0.000000000000000000, -0.000000000000000000 ) ) ;
#5598 = CARTESIAN_POINT ( 'NONE',  ( 6.000000000000000000, -51.85248208264515313, -3.914090171286722875 ) ) ;
#5599 = CARTESIAN_POINT ( 'NONE',  ( 0.000000000000000000, 22.82995208772688400, 41.06517797613670950 ) ) ;
#5600 = VECTOR ( 'NONE', #6126, 1000.000000000000000 ) ;
#5601 = EDGE_LOOP ( 'NONE', ( #5170, #3026, #6447, #18 ) ) ;
#5602 = CIRCLE ( 'NONE', #3617, 20.00000000000000355 ) ;
#5603 = EDGE_CURVE ( 'NONE', #6264, #6324, #6009, .T. ) ;
#5604 = VERTEX_POINT ( 'NONE', #217 ) ;
#5605 = ORIENTED_EDGE ( 'NONE', *, *, #617, .T. ) ;
#5606 = AXIS2_PLACEMENT_3D ( 'NONE', #2355, #6484, #7155 ) ;
#5607 = ORIENTED_EDGE ( 'NONE', *, *, #5361, .F. ) ;
#5608 = EDGE_CURVE ( 'NONE', #3682, #4946, #6670, .T. ) ;
#5609 = LINE ( 'NONE', #3210, #3611 ) ;
#5610 = LINE ( 'NONE', #6763, #5975 ) ;
#5611 = CARTESIAN_POINT ( 'NONE',  ( 0.000000000000000000, -5.667686777402022535, 46.64153600743603079 ) ) ;
#5612 = DIRECTION ( 'NONE',  ( 0.000000000000000000, 0.000000000000000000, 1.000000000000000000 ) ) ;
#5613 = ORIENTED_EDGE ( 'NONE', *, *, #4067, .T. ) ;
#5614 = AXIS2_PLACEMENT_3D ( 'NONE', #4706, #6469, #3545 ) ;
#5615 = VERTEX_POINT ( 'NONE', #3162 ) ;
#5616 = ORIENTED_EDGE ( 'NONE', *, *, #379, .T. ) ;
#5617 = AXIS2_PLACEMENT_3D ( 'NONE', #3966, #525, #2925 ) ;
#5618 = CIRCLE ( 'NONE', #4641, 20.00000000000000355 ) ;
#5619 = CIRCLE ( 'NONE', #6976, 20.00000000000000711 ) ;
#5620 = FACE_OUTER_BOUND ( 'NONE', #2008, .T. ) ;
#5621 = CARTESIAN_POINT ( 'NONE',  ( 11.99999999999999822, -45.78515115856033191, -12.64416602183715810 ) ) ;
#5622 = DIRECTION ( 'NONE',  ( 0.000000000000000000, 0.000000000000000000, 1.000000000000000000 ) ) ;
#5623 = ORIENTED_EDGE ( 'NONE', *, *, #1805, .F. ) ;
#5624 = EDGE_LOOP ( 'NONE', ( #1011, #1615, #5436, #2765 ) ) ;
#5625 = AXIS2_PLACEMENT_3D ( 'NONE', #6046, #113, #1338 ) ;
#5626 = AXIS2_PLACEMENT_3D ( 'NONE', #2024, #4379, #313 ) ;
#5627 = VERTEX_POINT ( 'NONE', #6081 ) ;
#5628 = EDGE_CURVE ( 'NONE', #3991, #4827, #5536, .T. ) ;
#5629 = PLANE ( 'NONE',  #4255 ) ;
#5630 = CARTESIAN_POINT ( 'NONE',  ( 50.00005079999999680, 0.000000000000000000, 0.000000000000000000 ) ) ;
#5631 = DIRECTION ( 'NONE',  ( 1.000000000000000000, 0.000000000000000000, 0.000000000000000000 ) ) ;
#5633 = DIRECTION ( 'NONE',  ( -1.000000000000000000, -0.000000000000000000, -0.000000000000000000 ) ) ;
#5632 = CIRCLE ( 'NONE', #5379, 20.00000000000000000 ) ;
#5634 = DIRECTION ( 'NONE',  ( 0.000000000000000000, 0.1253332335642974305, 0.9921147013144787641 ) ) ;
#5635 = DIRECTION ( 'NONE',  ( 0.000000000000000000, 0.000000000000000000, 1.000000000000000000 ) ) ;
#5636 = CARTESIAN_POINT ( 'NONE',  ( 6.000000000000000000, -13.56094713063605717, 50.20060470671736397 ) ) ;
#5637 = VERTEX_POINT ( 'NONE', #5513 ) ;
#5638 = AXIS2_PLACEMENT_3D ( 'NONE', #245, #5094, #2574 ) ;
#5639 = EDGE_CURVE ( 'NONE', #3853, #3579, #6757, .T. ) ;
#5640 = CARTESIAN_POINT ( 'NONE',  ( 0.000000000000000000, 0.000000000000000000, 0.000000000000000000 ) ) ;
#5641 = CARTESIAN_POINT ( 'NONE',  ( 12.00000000000000000, 35.20873326984127516, -31.88259874183990661 ) ) ;
#5642 = CARTESIAN_POINT ( 'NONE',  ( 0.000000000000000000, 0.000000000000000000, 0.000000000000000000 ) ) ;
#5643 = DIRECTION ( 'NONE',  ( -1.000000000000000000, -0.000000000000000000, 0.000000000000000000 ) ) ;
#5644 = DIRECTION ( 'NONE',  ( 1.000000000000000000, 0.000000000000000000, 0.000000000000000000 ) ) ;
#5645 = DIRECTION ( 'NONE',  ( 0.000000000000000000, -0.1253332335642905193, -0.9921147013144796523 ) ) ;
#5646 = ORIENTED_EDGE ( 'NONE', *, *, #1894, .F. ) ;
#5647 = ORIENTED_EDGE ( 'NONE', *, *, #1730, .F. ) ;
#5648 = ORIENTED_EDGE ( 'NONE', *, *, #4192, .F. ) ;
#5649 = ORIENTED_EDGE ( 'NONE', *, *, #6166, .F. ) ;
#5650 = FILL_AREA_STYLE ('',( #5560 ) ) ;
#5651 = DIRECTION ( 'NONE',  ( -1.000000000000000000, -0.000000000000000000, -0.000000000000000000 ) ) ;
#5652 = CARTESIAN_POINT ( 'NONE',  ( 0.000000000000000000, -46.90537658765328644, -2.727856614654789791 ) ) ;
#5653 = CARTESIAN_POINT ( 'NONE',  ( 0.000000000000000000, 32.00046193115196758, -34.40241257139653186 ) ) ;
#5654 = ORIENTED_EDGE ( 'NONE', *, *, #2658, .F. ) ;
#5655 = VERTEX_POINT ( 'NONE', #1532 ) ;
#5656 = DIRECTION ( 'NONE',  ( 0.000000000000000000, 0.000000000000000000, 1.000000000000000000 ) ) ;
#5657 = CARTESIAN_POINT ( 'NONE',  ( 0.000000000000000000, 0.000000000000000000, 0.000000000000000000 ) ) ;
#5658 = EDGE_LOOP ( 'NONE', ( #4465, #7331, #6564, #3958 ) ) ;
#5659 = EDGE_LOOP ( 'NONE', ( #317, #839, #7391, #4535 ) ) ;
#5660 = ORIENTED_EDGE ( 'NONE', *, *, #2867, .T. ) ;
#5661 = AXIS2_PLACEMENT_3D ( 'NONE', #7066, #655, #1933 ) ;
#5662 = DIRECTION ( 'NONE',  ( -1.000000000000000000, -0.000000000000000000, 0.000000000000000000 ) ) ;
#5663 = CARTESIAN_POINT ( 'NONE',  ( 12.00000000000000000, 0.000000000000000000, 0.000000000000000000 ) ) ;
#5664 = DIRECTION ( 'NONE',  ( -1.000000000000000000, 0.000000000000000000, 0.000000000000000000 ) ) ;
#5665 = LINE ( 'NONE', #7433, #6417 ) ;
#5666 = DIRECTION ( 'NONE',  ( -1.000000000000000000, 0.000000000000000000, 0.000000000000000000 ) ) ;
#5667 = CARTESIAN_POINT ( 'NONE',  ( 0.000000000000000000, 49.65209126885785196, -15.44894276735499794 ) ) ;
#5668 = DIRECTION ( 'NONE',  ( 1.000000000000000000, -0.000000000000000000, -0.000000000000000000 ) ) ;
#5669 = EDGE_CURVE ( 'NONE', #5515, #1907, #6019, .T. ) ;
#5670 = EDGE_CURVE ( 'NONE', #4360, #3991, #4186, .T. ) ;
#5671 = ORIENTED_EDGE ( 'NONE', *, *, #857, .T. ) ;
#5672 = AXIS2_PLACEMENT_3D ( 'NONE', #3980, #5261, #1034 ) ;
#5673 = CIRCLE ( 'NONE', #1629, 52.00000000000000000 ) ;
#5674 = EDGE_CURVE ( 'NONE', #2692, #6194, #2227, .T. ) ;
#5675 = EDGE_CURVE ( 'NONE', #3311, #2931, #648, .T. ) ;
#5676 = DIRECTION ( 'NONE',  ( 0.000000000000000000, -0.9980267284282723361, 0.06279051952930261860 ) ) ;
#5677 = CARTESIAN_POINT ( 'NONE',  ( 11.99999999999999822, -5.871425383721179614, -51.66745943012288933 ) ) ;
#5678 = DIRECTION ( 'NONE',  ( 1.000000000000000000, 0.000000000000000000, 0.000000000000000000 ) ) ;
#5679 = CARTESIAN_POINT ( 'NONE',  ( 5.999999999999999112, -40.47821179127737423, 32.64221760512747039 ) ) ;
#5680 = CARTESIAN_POINT ( 'NONE',  ( 11.99999999999999822, -47.49120266317495975, 0.8606222198173691940 ) ) ;
#5681 = EDGE_CURVE ( 'NONE', #1907, #5086, #4926, .T. ) ;
#5682 = ORIENTED_EDGE ( 'NONE', *, *, #5286, .T. ) ;
#5683 = VERTEX_POINT ( 'NONE', #2590 ) ;
#5684 = ORIENTED_EDGE ( 'NONE', *, *, #4077, .T. ) ;
#5685 = ORIENTED_EDGE ( 'NONE', *, *, #814, .T. ) ;
#5686 = FACE_OUTER_BOUND ( 'NONE', #2836, .T. ) ;
#5687 = DIRECTION ( 'NONE',  ( 1.000000000000000000, 0.000000000000000000, 0.000000000000000000 ) ) ;
#5688 = CARTESIAN_POINT ( 'NONE',  ( 12.00000000000000000, 13.85708833600031298, -45.43276465116649376 ) ) ;
#5689 = FACE_OUTER_BOUND ( 'NONE', #7144, .T. ) ;
#5690 = ORIENTED_EDGE ( 'NONE', *, *, #2451, .T. ) ;
#5691 = EDGE_LOOP ( 'NONE', ( #268, #4329, #5919, #937 ) ) ;
#5693 = EDGE_CURVE ( 'NONE', #665, #5627, #2549, .T. ) ;
#5692 = DIRECTION ( 'NONE',  ( -1.000000000000000000, 0.000000000000000000, 0.000000000000000000 ) ) ;
#5694 = DIRECTION ( 'NONE',  ( 0.000000000000000000, -0.5877852522924804646, 0.8090169943749421222 ) ) ;
#5695 = ORIENTED_EDGE ( 'NONE', *, *, #2120, .F. ) ;
#5696 = EDGE_LOOP ( 'NONE', ( #5917, #2443, #1045, #4265 ) ) ;
#5697 = VERTEX_POINT ( 'NONE', #792 ) ;
#5698 = EDGE_CURVE ( 'NONE', #5281, #5946, #2344, .T. ) ;
#5699 = CARTESIAN_POINT ( 'NONE',  ( 0.000000000000000000, -27.79676263918214829, 37.88001506494759241 ) ) ;
#5700 = CARTESIAN_POINT ( 'NONE',  ( 12.00000000000000000, 0.000000000000000000, 0.000000000000000000 ) ) ;
#5701 = FACE_OUTER_BOUND ( 'NONE', #4686, .T. ) ;
#5702 = DIRECTION ( 'NONE',  ( -1.000000000000000000, 0.000000000000000000, -0.000000000000000000 ) ) ;
#5703 = CIRCLE ( 'NONE', #5819, 20.00000000000000355 ) ;
#5704 = CARTESIAN_POINT ( 'NONE',  ( 0.000000000000000000, 0.000000000000000000, 0.000000000000000000 ) ) ;
#5705 = DIRECTION ( 'NONE',  ( 0.000000000000000000, 0.000000000000000000, -1.000000000000000000 ) ) ;
#5706 = ORIENTED_EDGE ( 'NONE', *, *, #1660, .T. ) ;
#5707 = CARTESIAN_POINT ( 'NONE',  ( 11.99999999999999822, 29.60891106212786639, 37.14118181634776050 ) ) ;
#5708 = PLANE ( 'NONE',  #7317 ) ;
#5709 = LINE ( 'NONE', #2674, #3334 ) ;
#5710 = DIRECTION ( 'NONE',  ( -1.000000000000000000, -0.000000000000000000, 0.000000000000000000 ) ) ;
#5711 = CARTESIAN_POINT ( 'NONE',  ( 0.000000000000000000, 47.32430374665962347, -21.55018039121478779 ) ) ;
#5712 = ORIENTED_EDGE ( 'NONE', *, *, #7096, .T. ) ;
#5713 = VERTEX_POINT ( 'NONE', #7408 ) ;
#5714 = ORIENTED_EDGE ( 'NONE', *, *, #7306, .F. ) ;
#5715 = ADVANCED_FACE ( 'NONE', ( #2056 ), #6041, .T. ) ;
#5716 = AXIS2_PLACEMENT_3D ( 'NONE', #6002, #750, #4311 ) ;
#5717 = ADVANCED_FACE ( 'NONE', ( #872 ), #341, .F. ) ;
#5718 = ORIENTED_EDGE ( 'NONE', *, *, #3085, .F. ) ;
#5719 = LINE ( 'NONE', #3986, #4113 ) ;
#5720 = CARTESIAN_POINT ( 'NONE',  ( 11.99999999999999822, 40.47821179127761582, -32.64221760512715775 ) ) ;
#5721 = DIRECTION ( 'NONE',  ( 0.000000000000000000, 0.2486898871648552389, -0.9685831611286309650 ) ) ;
#5722 = CARTESIAN_POINT ( 'NONE',  ( 0.000000000000000000, 0.000000000000000000, 0.000000000000000000 ) ) ;
#5723 = AXIS2_PLACEMENT_3D ( 'NONE', #4100, #1856, #1830 ) ;
#5724 = CIRCLE ( 'NONE', #7182, 20.00000000000000711 ) ;
#5725 = ORIENTED_EDGE ( 'NONE', *, *, #5768, .F. ) ;
#5726 = ORIENTED_EDGE ( 'NONE', *, *, #5516, .F. ) ;
#5727 = CARTESIAN_POINT ( 'NONE',  ( 0.000000000000000000, 0.000000000000000000, 0.000000000000000000 ) ) ;
#5728 = AXIS2_PLACEMENT_3D ( 'NONE', #446, #1709, #2271 ) ;
#5729 = DIRECTION ( 'NONE',  ( 0.000000000000000000, 0.000000000000000000, 1.000000000000000000 ) ) ;
#5730 = EDGE_LOOP ( 'NONE', ( #234, #604, #1916, #4061 ) ) ;
#5731 = ORIENTED_EDGE ( 'NONE', *, *, #3167, .T. ) ;
#5732 = EDGE_CURVE ( 'NONE', #58, #585, #4905, .T. ) ;
#5733 = ORIENTED_EDGE ( 'NONE', *, *, #6335, .T. ) ;
#5734 = CIRCLE ( 'NONE', #6084, 52.00000000000000000 ) ;
#5735 = ORIENTED_EDGE ( 'NONE', *, *, #984, .F. ) ;
#5736 = FACE_OUTER_BOUND ( 'NONE', #1494, .T. ) ;
#5737 = CARTESIAN_POINT ( 'NONE',  ( 12.00000000000000000, 8.053585752062561554, -46.81126742072013514 ) ) ;
#5738 = CARTESIAN_POINT ( 'NONE',  ( 50.00005079999999680, 0.000000000000000000, 0.000000000000000000 ) ) ;
#5739 = CARTESIAN_POINT ( 'NONE',  ( 0.000000000000000000, 42.03146605346818632, -22.12489237027270761 ) ) ;
#5740 = DIRECTION ( 'NONE',  ( 1.000000000000000000, -0.000000000000000000, -0.000000000000000000 ) ) ;
#5741 = DIRECTION ( 'NONE',  ( -1.000000000000000000, 0.000000000000000000, 0.000000000000000000 ) ) ;
#5742 = CIRCLE ( 'NONE', #3638, 20.00000000000000355 ) ;
#5743 = AXIS2_PLACEMENT_3D ( 'NONE', #3764, #5631, #4391 ) ;
#5744 = CIRCLE ( 'NONE', #3024, 20.00000000000000355 ) ;
#5745 = ORIENTED_EDGE ( 'NONE', *, *, #6240, .T. ) ;
#5746 = EDGE_CURVE ( 'NONE', #1051, #2260, #6524, .T. ) ;
#5747 = AXIS2_PLACEMENT_3D ( 'NONE', #6960, #3480, #7534 ) ;
#5748 = CIRCLE ( 'NONE', #7337, 52.00000000000000000 ) ;
#5749 = CYLINDRICAL_SURFACE ( 'NONE', #6448, 20.00000000000000355 ) ;
#5750 = DIRECTION ( 'NONE',  ( -1.000000000000000000, -0.000000000000000000, -0.000000000000000000 ) ) ;
#5751 = DIRECTION ( 'NONE',  ( 0.000000000000000000, 0.000000000000000000, 1.000000000000000000 ) ) ;
#5752 = CARTESIAN_POINT ( 'NONE',  ( 12.00000000000000000, -46.21320724403656754, 10.97699764141935042 ) ) ;
#5753 = CARTESIAN_POINT ( 'NONE',  ( 0.000000000000000000, 45.78515115856060191, -12.64416602183617577 ) ) ;
#5754 = VERTEX_POINT ( 'NONE', #4943 ) ;
#5755 = AXIS2_PLACEMENT_3D ( 'NONE', #6213, #5106, #4492 ) ;
#5756 = AXIS2_PLACEMENT_3D ( 'NONE', #5580, #778, #7268 ) ;
#5757 = ORIENTED_EDGE ( 'NONE', *, *, #7537, .F. ) ;
#5758 = ORIENTED_EDGE ( 'NONE', *, *, #1493, .T. ) ;
#5759 = CIRCLE ( 'NONE', #6611, 52.00000000000000000 ) ;
#5760 = DIRECTION ( 'NONE',  ( -1.000000000000000000, -0.000000000000000000, 0.000000000000000000 ) ) ;
#5761 = CIRCLE ( 'NONE', #4141, 52.00000000000000000 ) ;
#5762 = DIRECTION ( 'NONE',  ( 0.000000000000000000, 0.000000000000000000, 1.000000000000000000 ) ) ;
#5763 = CARTESIAN_POINT ( 'NONE',  ( 0.000000000000000000, 0.000000000000000000, 0.000000000000000000 ) ) ;
#5764 = DIRECTION ( 'NONE',  ( 0.000000000000000000, 0.000000000000000000, 1.000000000000000000 ) ) ;
#5765 = ADVANCED_FACE ( 'NONE', ( #7371 ), #7282, .F. ) ;
#5766 = VECTOR ( 'NONE', #1746, 1000.000000000000000 ) ;
#5767 = VERTEX_POINT ( 'NONE', #2629 ) ;
#5768 = EDGE_CURVE ( 'NONE', #4432, #4844, #403, .T. ) ;
#5769 = CARTESIAN_POINT ( 'NONE',  ( 6.000000000000000000, 24.47917365149947955, 45.87777302070943364 ) ) ;
#5770 = DIRECTION ( 'NONE',  ( 0.000000000000000000, -0.9980267284282708928, -0.06279051952932436509 ) ) ;
#5771 = EDGE_LOOP ( 'NONE', ( #1240, #7545, #6533, #2908, #2680 ) ) ;
#5772 = VERTEX_POINT ( 'NONE', #1000 ) ;
#5773 = ADVANCED_FACE ( 'NONE', ( #1111 ), #2284, .T. ) ;
#5774 = ORIENTED_EDGE ( 'NONE', *, *, #1121, .F. ) ;
#5775 = EDGE_CURVE ( 'NONE', #3579, #1355, #2960, .T. ) ;
#5776 = ORIENTED_EDGE ( 'NONE', *, *, #1120, .F. ) ;
#5777 = CARTESIAN_POINT ( 'NONE',  ( 0.000000000000000000, 46.21320724403648939, 10.97699764141968970 ) ) ;
#5778 = FACE_OUTER_BOUND ( 'NONE', #4497, .T. ) ;
#5779 = DIRECTION ( 'NONE',  ( -1.000000000000000000, -0.000000000000000000, -0.000000000000000000 ) ) ;
#5780 = DIRECTION ( 'NONE',  ( 1.000000000000000000, -0.000000000000000000, 0.000000000000000000 ) ) ;
#5781 = CARTESIAN_POINT ( 'NONE',  ( -10.00000000000000000, 0.000000000000000000, 0.000000000000000000 ) ) ;
#5782 = CARTESIAN_POINT ( 'NONE',  ( 0.000000000000000000, -0.2227391519119964469, 46.98410307550729215 ) ) ;
#5783 = EDGE_LOOP ( 'NONE', ( #4608, #6416, #4712, #3877 ) ) ;
#5784 = AXIS2_PLACEMENT_3D ( 'NONE', #394, #2728, #6849 ) ;
#5785 = CARTESIAN_POINT ( 'NONE',  ( 11.99999999999999822, -2.123073309835499245, 47.45152853935333326 ) ) ;
#5786 = DIRECTION ( 'NONE',  ( -1.000000000000000000, 0.000000000000000000, -0.000000000000000000 ) ) ;
#5787 = DIRECTION ( 'NONE',  ( -1.000000000000000000, 0.000000000000000000, 0.000000000000000000 ) ) ;
#5788 = DIRECTION ( 'NONE',  ( -1.000000000000000000, 0.000000000000000000, -0.000000000000000000 ) ) ;
#5789 = CARTESIAN_POINT ( 'NONE',  ( 6.000000000000000000, 13.56094713063569479, 50.20060470671746344 ) ) ;
#5790 = EDGE_CURVE ( 'NONE', #356, #4828, #1071, .T. ) ;
#5791 = ORIENTED_EDGE ( 'NONE', *, *, #1753, .T. ) ;
#5792 = VECTOR ( 'NONE', #6297, 1000.000000000000000 ) ;
#5793 = ORIENTED_EDGE ( 'NONE', *, *, #125, .T. ) ;
#5794 = EDGE_CURVE ( 'NONE', #5697, #3505, #5107, .T. ) ;
#5795 = CIRCLE ( 'NONE', #6296, 52.00000000000000000 ) ;
#5796 = DIRECTION ( 'NONE',  ( -1.000000000000000000, -0.000000000000000000, -0.000000000000000000 ) ) ;
#5797 = DIRECTION ( 'NONE',  ( -1.000000000000000000, -0.000000000000000000, 0.000000000000000000 ) ) ;
#5798 = CARTESIAN_POINT ( 'NONE',  ( 6.000000000000000000, 30.03615769709734806, 42.44795908868999135 ) ) ;
#5799 = CARTESIAN_POINT ( 'NONE',  ( 11.99999999999999822, 27.43636312076319683, 38.14186064215159888 ) ) ;
#5800 = EDGE_CURVE ( 'NONE', #299, #2165, #1741, .T. ) ;
#5801 = ORIENTED_EDGE ( 'NONE', *, *, #2029, .F. ) ;
#5802 = CARTESIAN_POINT ( 'NONE',  ( 0.000000000000000000, 0.000000000000000000, 0.000000000000000000 ) ) ;
#5803 = LINE ( 'NONE', #5769, #489 ) ;
#5804 = DIRECTION ( 'NONE',  ( -0.000000000000000000, 0.000000000000000000, 1.000000000000000000 ) ) ;
#5805 = APPLICATION_CONTEXT ( 'automotive_design' ) ;
#5806 = ORIENTED_EDGE ( 'NONE', *, *, #2037, .F. ) ;
#5807 = ORIENTED_EDGE ( 'NONE', *, *, #2080, .T. ) ;
#5808 = EDGE_CURVE ( 'NONE', #6909, #4194, #7528, .T. ) ;
#5809 = ADVANCED_FACE ( 'NONE', ( #6411 ), #7449, .F. ) ;
#5810 = ORIENTED_EDGE ( 'NONE', *, *, #6403, .F. ) ;
#5811 = EDGE_CURVE ( 'NONE', #7052, #5559, #886, .T. ) ;
#5812 = ORIENTED_EDGE ( 'NONE', *, *, #4557, .T. ) ;
#5813 = CARTESIAN_POINT ( 'NONE',  ( -10.00000000000000000, 0.000000000000000000, 0.000000000000000000 ) ) ;
#5814 = CARTESIAN_POINT ( 'NONE',  ( 6.000000000000000000, -13.56094713063535373, -50.20060470671755581 ) ) ;
#5815 = LINE ( 'NONE', #4777, #5362 ) ;
#5816 = DIRECTION ( 'NONE',  ( -1.000000000000000000, 0.000000000000000000, -0.000000000000000000 ) ) ;
#5817 = CARTESIAN_POINT ( 'NONE',  ( 0.000000000000000000, -17.50309955389643335, 43.60271849949356948 ) ) ;
#5818 = ORIENTED_EDGE ( 'NONE', *, *, #7125, .F. ) ;
#5819 = AXIS2_PLACEMENT_3D ( 'NONE', #5652, #1043, #3411 ) ;
#5820 = CARTESIAN_POINT ( 'NONE',  ( 0.000000000000000000, -42.03146605346771025, -22.12489237027361000 ) ) ;
#5821 = CARTESIAN_POINT ( 'NONE',  ( 0.000000000000000000, 40.47821179127713975, 32.64221760512775461 ) ) ;
#5822 = CARTESIAN_POINT ( 'NONE',  ( 12.00000000000000000, -37.91532898920898731, -28.61088654061681424 ) ) ;
#5823 = DIRECTION ( 'NONE',  ( -1.000000000000000000, 0.000000000000000000, 0.000000000000000000 ) ) ;
#5824 = CARTESIAN_POINT ( 'NONE',  ( 5.999999999999999112, 47.32430374665962347, -21.55018039121479134 ) ) ;
#5825 = DIRECTION ( 'NONE',  ( 1.000000000000000000, -0.000000000000000000, -0.000000000000000000 ) ) ;
#5826 = ORIENTED_EDGE ( 'NONE', *, *, #3654, .F. ) ;
#5827 = CIRCLE ( 'NONE', #6815, 20.00000000000000711 ) ;
#5828 = EDGE_CURVE ( 'NONE', #5314, #482, #2723, .T. ) ;
#5829 = ORIENTED_EDGE ( 'NONE', *, *, #7470, .T. ) ;
#5830 = CIRCLE ( 'NONE', #1289, 1.699999999999986189 ) ;
#5831 = ADVANCED_FACE ( 'NONE', ( #2327 ), #2865, .F. ) ;
#5832 = CARTESIAN_POINT ( 'NONE',  ( 0.000000000000000000, 24.72041153920788403, -40.55929306992662475 ) ) ;
#5833 = CARTESIAN_POINT ( 'NONE',  ( 11.99999999999999822, -35.20873326984104068, 31.88259874184016951 ) ) ;
#5834 = DIRECTION ( 'NONE',  ( 0.000000000000000000, 0.000000000000000000, 1.000000000000000000 ) ) ;
#5835 = DIRECTION ( 'NONE',  ( -1.000000000000000000, 0.000000000000000000, -0.000000000000000000 ) ) ;
#5836 = CIRCLE ( 'NONE', #800, 47.49900000000000233 ) ;
#5837 = EDGE_CURVE ( 'NONE', #1750, #1951, #1647, .T. ) ;
#5838 = AXIS2_PLACEMENT_3D ( 'NONE', #3073, #1825, #134 ) ;
#5839 = EDGE_CURVE ( 'NONE', #744, #2413, #5912, .T. ) ;
#5840 = VERTEX_POINT ( 'NONE', #6330 ) ;
#5841 = AXIS2_PLACEMENT_3D ( 'NONE', #2001, #4354, #1528 ) ;
#5842 = CARTESIAN_POINT ( 'NONE',  ( 11.99999999999999822, 46.87740477351717061, -3.172455868805375889 ) ) ;
#5843 = DIRECTION ( 'NONE',  ( 0.000000000000000000, 0.7705132427757904745, -0.6374239897486881912 ) ) ;
#5844 = CIRCLE ( 'NONE', #1895, 52.00000000000000000 ) ;
#5845 = LINE ( 'NONE', #437, #6364 ) ;
#5846 = CIRCLE ( 'NONE', #4365, 20.00000000000000711 ) ;
#5847 = VERTEX_POINT ( 'NONE', #5711 ) ;
#5848 = ORIENTED_EDGE ( 'NONE', *, *, #6690, .T. ) ;
#5849 = CIRCLE ( 'NONE', #6840, 20.00000000000000000 ) ;
#5850 = ORIENTED_EDGE ( 'NONE', *, *, #4341, .T. ) ;
#5851 = ORIENTED_EDGE ( 'NONE', *, *, #2302, .F. ) ;
#5852 = CARTESIAN_POINT ( 'NONE',  ( 12.00000000000000000, 0.000000000000000000, 0.000000000000000000 ) ) ;
#5853 = FACE_OUTER_BOUND ( 'NONE', #2449, .T. ) ;
#5854 = DIRECTION ( 'NONE',  ( -1.000000000000000000, 0.000000000000000000, 0.000000000000000000 ) ) ;
#5855 = DIRECTION ( 'NONE',  ( 0.000000000000000000, 0.000000000000000000, -1.000000000000000000 ) ) ;
#5856 = CYLINDRICAL_SURFACE ( 'NONE', #116, 52.00000000000000000 ) ;
#5857 = ORIENTED_EDGE ( 'NONE', *, *, #3573, .T. ) ;
#5858 = AXIS2_PLACEMENT_3D ( 'NONE', #4740, #2890, #3603 ) ;
#5859 = ADVANCED_FACE ( 'NONE', ( #6993 ), #1613, .F. ) ;
#5860 = EDGE_LOOP ( 'NONE', ( #4071, #235, #6219, #3706 ) ) ;
#5861 = DIRECTION ( 'NONE',  ( -1.000000000000000000, 0.000000000000000000, -0.000000000000000000 ) ) ;
#5863 = FACE_OUTER_BOUND ( 'NONE', #1397, .T. ) ;
#5862 = AXIS2_PLACEMENT_3D ( 'NONE', #5208, #2312, #5175 ) ;
#5864 = AXIS2_PLACEMENT_3D ( 'NONE', #2653, #402, #7300 ) ;
#5865 = CYLINDRICAL_SURFACE ( 'NONE', #6964, 20.00000000000000355 ) ;
#5866 = CARTESIAN_POINT ( 'NONE',  ( 0.000000000000000000, 46.90537658765334328, -2.727856614653787037 ) ) ;
#5867 = DIRECTION ( 'NONE',  ( 0.000000000000000000, 0.000000000000000000, 1.000000000000000000 ) ) ;
#5868 = CARTESIAN_POINT ( 'NONE',  ( 11.99999999999999822, -32.00046193115173310, 34.40241257139675923 ) ) ;
#5869 = ORIENTED_EDGE ( 'NONE', *, *, #4434, .F. ) ;
#5870 = VECTOR ( 'NONE', #2504, 1000.000000000000000 ) ;
#5871 = AXIS2_PLACEMENT_3D ( 'NONE', #3960, #5235, #7422 ) ;
#5872 = EDGE_CURVE ( 'NONE', #7045, #1912, #6646, .T. ) ;
#5873 = VERTEX_POINT ( 'NONE', #5753 ) ;
#5874 = DIRECTION ( 'NONE',  ( -1.000000000000000000, 0.000000000000000000, -0.000000000000000000 ) ) ;
#5875 = DIRECTION ( 'NONE',  ( -1.000000000000000000, -0.000000000000000000, -0.000000000000000000 ) ) ;
#5876 = DIRECTION ( 'NONE',  ( 0.000000000000000000, -0.9048270524660145808, -0.4257792915650830956 ) ) ;
#5877 = LINE ( 'NONE', #5434, #2341 ) ;
#5878 = CIRCLE ( 'NONE', #2678, 52.00000000000000000 ) ;
#5879 = VECTOR ( 'NONE', #4319, 1000.000000000000000 ) ;
#5880 = CIRCLE ( 'NONE', #6110, 20.00000000000000355 ) ;
#5881 = ORIENTED_EDGE ( 'NONE', *, *, #3715, .F. ) ;
#5882 = LINE ( 'NONE', #5060, #4411 ) ;
#5883 = CARTESIAN_POINT ( 'NONE',  ( 11.99999999999999822, 20.99948489194483514, -42.60488980472759835 ) ) ;
#5884 = CIRCLE ( 'NONE', #5508, 20.00000000000000711 ) ;
#5885 = VERTEX_POINT ( 'NONE', #4684 ) ;
#5886 = ORIENTED_EDGE ( 'NONE', *, *, #7128, .T. ) ;
#5887 = ORIENTED_EDGE ( 'NONE', *, *, #1340, .F. ) ;
#5888 = ORIENTED_EDGE ( 'NONE', *, *, #3295, .T. ) ;
#5889 = CARTESIAN_POINT ( 'NONE',  ( 0.000000000000000000, -46.87740477351714929, 16.82754413119428349 ) ) ;
#5890 = DIRECTION ( 'NONE',  ( -1.000000000000000000, 0.000000000000000000, 0.000000000000000000 ) ) ;
#5891 = DIRECTION ( 'NONE',  ( -1.000000000000000000, 0.000000000000000000, -0.000000000000000000 ) ) ;
#5892 = CARTESIAN_POINT ( 'NONE',  ( 12.00000000000000000, 2.123073309835852296, -47.45152853935331905 ) ) ;
#5893 = EDGE_LOOP ( 'NONE', ( #2868, #3419, #2643, #981 ) ) ;
#5894 = ORIENTED_EDGE ( 'NONE', *, *, #7306, .T. ) ;
#5895 = EDGE_CURVE ( 'NONE', #6187, #4617, #4804, .T. ) ;
#5896 = EDGE_CURVE ( 'NONE', #2287, #1273, #6773, .T. ) ;
#5897 = FACE_OUTER_BOUND ( 'NONE', #4291, .T. ) ;
#5898 = CYLINDRICAL_SURFACE ( 'NONE', #5103, 52.00000000000000000 ) ;
#5899 = DIRECTION ( 'NONE',  ( -1.000000000000000000, -0.000000000000000000, -0.000000000000000000 ) ) ;
#5900 = CARTESIAN_POINT ( 'NONE',  ( 0.000000000000000000, 38.92705108641771972, -27.21837053747753643 ) ) ;
#5901 = DIRECTION ( 'NONE',  ( -1.000000000000000000, -0.000000000000000000, -0.000000000000000000 ) ) ;
#5902 = EDGE_CURVE ( 'NONE', #1381, #7484, #2103, .T. ) ;
#5903 = EDGE_CURVE ( 'NONE', #4152, #5515, #7389, .T. ) ;
#5904 = EDGE_CURVE ( 'NONE', #907, #3562, #4305, .T. ) ;
#5905 = EDGE_CURVE ( 'NONE', #3194, #3290, #270, .T. ) ;
#5906 = EDGE_CURVE ( 'NONE', #7252, #5927, #4577, .T. ) ;
#5907 = LINE ( 'NONE', #721, #6206 ) ;
#5908 = CARTESIAN_POINT ( 'NONE',  ( 11.99999999999999822, 46.19362259308845609, -8.585149169757976040 ) ) ;
#5909 = FACE_OUTER_BOUND ( 'NONE', #2234, .T. ) ;
#5910 = CIRCLE ( 'NONE', #136, 20.00000000000000355 ) ;
#5911 = CARTESIAN_POINT ( 'NONE',  ( 12.00000000000000000, -47.00885577955416039, 6.806061952192135500 ) ) ;
#5912 = CIRCLE ( 'NONE', #2455, 20.00000000000000711 ) ;
#5913 = ORIENTED_EDGE ( 'NONE', *, *, #7413, .T. ) ;
#5914 = CYLINDRICAL_SURFACE ( 'NONE', #710, 20.00000000000000355 ) ;
#5915 = DIRECTION ( 'NONE',  ( 0.000000000000000000, 0.000000000000000000, 1.000000000000000000 ) ) ;
#5916 = AXIS2_PLACEMENT_3D ( 'NONE', #6283, #1636, #3352 ) ;
#5917 = ORIENTED_EDGE ( 'NONE', *, *, #500, .T. ) ;
#5918 = EDGE_LOOP ( 'NONE', ( #1266, #2591, #873, #2340 ) ) ;
#5919 = ORIENTED_EDGE ( 'NONE', *, *, #2171, .T. ) ;
#5920 = EDGE_CURVE ( 'NONE', #2177, #3408, #1317, .T. ) ;
#5921 = ORIENTED_EDGE ( 'NONE', *, *, #7168, .F. ) ;
#5922 = DIRECTION ( 'NONE',  ( -1.000000000000000000, 0.000000000000000000, 0.000000000000000000 ) ) ;
#5923 = CARTESIAN_POINT ( 'NONE',  ( 0.000000000000000000, 15.49408907645171674, 44.90087086784597403 ) ) ;
#5924 = CARTESIAN_POINT ( 'NONE',  ( 11.99999999999999822, 39.78933988720149983, -24.98727647984959077 ) ) ;
#5925 = VERTEX_POINT ( 'NONE', #3892 ) ;
#5926 = EDGE_CURVE ( 'NONE', #919, #5353, #211, .T. ) ;
#5927 = VERTEX_POINT ( 'NONE', #2616 ) ;
#5928 = CARTESIAN_POINT ( 'NONE',  ( 0.000000000000000000, 36.34385289850590084, 29.77717097092087783 ) ) ;
#5929 = CARTESIAN_POINT ( 'NONE',  ( 11.99999999999999822, -41.20225022064653331, 23.63323037071389621 ) ) ;
#5930 = PLANE ( 'NONE',  #1797 ) ;
#5931 = DIRECTION ( 'NONE',  ( -1.000000000000000000, -0.000000000000000000, 0.000000000000000000 ) ) ;
#5932 = DIRECTION ( 'NONE',  ( 0.000000000000000000, 0.000000000000000000, 1.000000000000000000 ) ) ;
#5933 = VECTOR ( 'NONE', #4723, 1000.000000000000000 ) ;
#5934 = CARTESIAN_POINT ( 'NONE',  ( 0.000000000000000000, 46.77034588191304465, 22.72740077717245555 ) ) ;
#5935 = CARTESIAN_POINT ( 'NONE',  ( 0.000000000000000000, 36.34385289850632006, -29.77717097092037690 ) ) ;
#5936 = CARTESIAN_POINT ( 'NONE',  ( 6.000000000000000000, -49.25004636492401033, 16.68630974939740241 ) ) ;
#5937 = DIRECTION ( 'NONE',  ( 0.000000000000000000, 0.000000000000000000, -1.000000000000000000 ) ) ;
#5938 = VECTOR ( 'NONE', #6655, 1000.000000000000000 ) ;
#5939 = ADVANCED_FACE ( 'NONE', ( #7355 ), #7432, .T. ) ;
#5940 = ORIENTED_EDGE ( 'NONE', *, *, #1036, .F. ) ;
#5941 = CARTESIAN_POINT ( 'NONE',  ( 11.99999999999999822, -29.60891106212812574, 37.14118181634756155 ) ) ;
#5942 = LINE ( 'NONE', #3089, #6165 ) ;
#5943 = AXIS2_PLACEMENT_3D ( 'NONE', #5424, #165, #2492 ) ;
#5944 = ORIENTED_EDGE ( 'NONE', *, *, #4173, .F. ) ;
#5945 = AXIS2_PLACEMENT_3D ( 'NONE', #782, #6544, #6627 ) ;
#5946 = VERTEX_POINT ( 'NONE', #4929 ) ;
#5947 = VERTEX_POINT ( 'NONE', #7270 ) ;
#5948 = PRESENTATION_LAYER_ASSIGNMENT (  '', '', ( #1297 ) ) ;
#5949 = VERTEX_POINT ( 'NONE', #246 ) ;
#5950 = AXIS2_PLACEMENT_3D ( 'NONE', #5210, #4598, #6939 ) ;
#5951 = DIRECTION ( 'NONE',  ( 0.000000000000000000, -0.9822872507286865007, -0.1873813145857355367 ) ) ;
#5952 = CIRCLE ( 'NONE', #2897, 20.00000000000000355 ) ;
#5953 = CARTESIAN_POINT ( 'NONE',  ( 11.99999999999999822, 6.109652351742444587, -46.58570277113501135 ) ) ;
#5954 = LINE ( 'NONE', #4224, #3278 ) ;
#5955 = VECTOR ( 'NONE', #6912, 1000.000000000000000 ) ;
#5956 = ORIENTED_EDGE ( 'NONE', *, *, #3055, .F. ) ;
#5957 = ORIENTED_EDGE ( 'NONE', *, *, #4779, .T. ) ;
#5958 = CIRCLE ( 'NONE', #6349, 52.00000000000000000 ) ;
#5959 = CARTESIAN_POINT ( 'NONE',  ( 11.99999999999999822, 22.43957647427219371, -41.27978878573603083 ) ) ;
#5960 = DIRECTION ( 'NONE',  ( 1.000000000000000000, -0.000000000000000000, 0.000000000000000000 ) ) ;
#5961 = CARTESIAN_POINT ( 'NONE',  ( 5.999999999999999112, -44.25018368420722936, -27.31155879685228527 ) ) ;
#5962 = LINE ( 'NONE', #4852, #4616 ) ;
#5963 = DIRECTION ( 'NONE',  ( 0.000000000000000000, 0.000000000000000000, 1.000000000000000000 ) ) ;
#5964 = CIRCLE ( 'NONE', #5000, 47.49900000000000233 ) ;
#5965 = AXIS2_PLACEMENT_3D ( 'NONE', #6812, #1548, #3308 ) ;
#5966 = VECTOR ( 'NONE', #1949, 1000.000000000000000 ) ;
#5967 = CARTESIAN_POINT ( 'NONE',  ( 0.000000000000000000, 0.000000000000000000, -41.00000000000000000 ) ) ;
#5968 = DIRECTION ( 'NONE',  ( 0.000000000000000000, 0.000000000000000000, -1.000000000000000000 ) ) ;
#5969 = CARTESIAN_POINT ( 'NONE',  ( 0.000000000000000000, 11.46872990052380459, 45.56340405422447049 ) ) ;
#5970 = CARTESIAN_POINT ( 'NONE',  ( 6.000000000000000000, -12.30077720129064467, -50.52416135122095397 ) ) ;
#5971 = CARTESIAN_POINT ( 'NONE',  ( 11.99999999999999822, -46.87740477351714929, 16.82754413119428349 ) ) ;
#5972 = ORIENTED_EDGE ( 'NONE', *, *, #3911, .T. ) ;
#5973 = CIRCLE ( 'NONE', #5264, 52.00000000000000000 ) ;
#5974 = AXIS2_PLACEMENT_3D ( 'NONE', #4187, #3677, #3541 ) ;
#5975 = VECTOR ( 'NONE', #1975, 1000.000000000000000 ) ;
#5976 = ORIENTED_EDGE ( 'NONE', *, *, #3306, .T. ) ;
#5977 = CIRCLE ( 'NONE', #4886, 20.00000000000000711 ) ;
#5978 = DIRECTION ( 'NONE',  ( -1.000000000000000000, -0.000000000000000000, 0.000000000000000000 ) ) ;
#5979 = DIRECTION ( 'NONE',  ( -1.000000000000000000, 0.000000000000000000, 0.000000000000000000 ) ) ;
#5980 = EDGE_CURVE ( 'NONE', #1407, #2692, #5256, .T. ) ;
#5981 = EDGE_CURVE ( 'NONE', #6266, #1549, #95, .T. ) ;
#5982 = DIRECTION ( 'NONE',  ( -1.000000000000000000, -0.000000000000000000, -0.000000000000000000 ) ) ;
#5983 = ORIENTED_EDGE ( 'NONE', *, *, #473, .F. ) ;
#5984 = ORIENTED_EDGE ( 'NONE', *, *, #3660, .F. ) ;
#5985 = CIRCLE ( 'NONE', #364, 20.00000000000000711 ) ;
#5986 = CIRCLE ( 'NONE', #5638, 20.00000000000000355 ) ;
#5987 = ORIENTED_EDGE ( 'NONE', *, *, #3090, .F. ) ;
#5988 = EDGE_CURVE ( 'NONE', #2110, #4209, #7310, .T. ) ;
#5989 = ORIENTED_EDGE ( 'NONE', *, *, #4322, .F. ) ;
#5990 = EDGE_CURVE ( 'NONE', #198, #7402, #5095, .T. ) ;
#5991 = CARTESIAN_POINT ( 'NONE',  ( 11.99999999999999822, -32.32520163883560826, -34.09746168776069197 ) ) ;
#5992 = AXIS2_PLACEMENT_3D ( 'NONE', #2460, #7157, #4853 ) ;
#5993 = LINE ( 'NONE', #3137, #1439 ) ;
#5994 = DIRECTION ( 'NONE',  ( 0.000000000000000000, 0.9822872507286879440, 0.1873813145857285145 ) ) ;
#5995 = ORIENTED_EDGE ( 'NONE', *, *, #875, .T. ) ;
#5996 = VERTEX_POINT ( 'NONE', #2741 ) ;
#5997 = ADVANCED_FACE ( 'NONE', ( #2575 ), #1557, .F. ) ;
#5998 = ORIENTED_EDGE ( 'NONE', *, *, #1686, .F. ) ;
#5999 = CARTESIAN_POINT ( 'NONE',  ( 0.000000000000000000, -7.162210897276072963, 51.50439529848826936 ) ) ;
#6000 = CARTESIAN_POINT ( 'NONE',  ( 6.000000000000000000, -49.65209126885773827, 15.44894276735534078 ) ) ;
#6001 = DIRECTION ( 'NONE',  ( -1.000000000000000000, 0.000000000000000000, -0.000000000000000000 ) ) ;
#6002 = CARTESIAN_POINT ( 'NONE',  ( 12.00000000000000000, 0.000000000000000000, 0.000000000000000000 ) ) ;
#6003 = DIRECTION ( 'NONE',  ( -1.000000000000000000, 0.000000000000000000, -0.000000000000000000 ) ) ;
#6004 = EDGE_CURVE ( 'NONE', #3443, #6739, #6093, .T. ) ;
#6005 = DIRECTION ( 'NONE',  ( -0.000000000000000000, 0.000000000000000000, 1.000000000000000000 ) ) ;
#6006 = DIRECTION ( 'NONE',  ( -1.000000000000000000, 0.000000000000000000, 0.000000000000000000 ) ) ;
#6007 = DIRECTION ( 'NONE',  ( -1.000000000000000000, 0.000000000000000000, 0.000000000000000000 ) ) ;
#6008 = DIRECTION ( 'NONE',  ( 1.000000000000000000, 0.000000000000000000, 0.000000000000000000 ) ) ;
#6009 = LINE ( 'NONE', #5971, #1368 ) ;
#6010 = ORIENTED_EDGE ( 'NONE', *, *, #1198, .F. ) ;
#6011 = EDGE_CURVE ( 'NONE', #5517, #3264, #2551, .T. ) ;
#6012 = ORIENTED_EDGE ( 'NONE', *, *, #2841, .T. ) ;
#6013 = DIRECTION ( 'NONE',  ( -0.000000000000000000, 0.000000000000000000, 1.000000000000000000 ) ) ;
#6014 = CYLINDRICAL_SURFACE ( 'NONE', #5222, 52.00000000000000000 ) ;
#6015 = DIRECTION ( 'NONE',  ( 0.000000000000000000, 0.000000000000000000, 1.000000000000000000 ) ) ;
#6016 = EDGE_CURVE ( 'NONE', #3529, #3674, #2411, .T. ) ;
#6017 = VERTEX_POINT ( 'NONE', #325 ) ;
#6018 = VERTEX_POINT ( 'NONE', #2661 ) ;
#6019 = CIRCLE ( 'NONE', #758, 20.00000000000000711 ) ;
#6020 = ORIENTED_EDGE ( 'NONE', *, *, #6944, .T. ) ;
#6021 = ORIENTED_EDGE ( 'NONE', *, *, #1642, .F. ) ;
#6022 = AXIS2_PLACEMENT_3D ( 'NONE', #7138, #3704, #4765 ) ;
#6023 = DIRECTION ( 'NONE',  ( -1.000000000000000000, 0.000000000000000000, 0.000000000000000000 ) ) ;
#6024 = CYLINDRICAL_SURFACE ( 'NONE', #4136, 20.00000000000000355 ) ;
#6025 = CYLINDRICAL_SURFACE ( 'NONE', #6714, 20.00000000000000355 ) ;
#6026 = ORIENTED_EDGE ( 'NONE', *, *, #5903, .F. ) ;
#6027 = VERTEX_POINT ( 'NONE', #1432 ) ;
#6028 = EDGE_CURVE ( 'NONE', #6713, #4080, #3919, .T. ) ;
#6029 = EDGE_CURVE ( 'NONE', #509, #3477, #477, .T. ) ;
#6030 = VERTEX_POINT ( 'NONE', #6157 ) ;
#6031 = CARTESIAN_POINT ( 'NONE',  ( 12.00000000000000000, -46.21320724403641123, -10.97699764142002010 ) ) ;
#6032 = DIRECTION ( 'NONE',  ( 0.000000000000000000, 0.1253332335642974860, 0.9921147013144787641 ) ) ;
#6033 = DIRECTION ( 'NONE',  ( 0.000000000000000000, 0.000000000000000000, 1.000000000000000000 ) ) ;
#6034 = DIRECTION ( 'NONE',  ( -1.000000000000000000, 0.000000000000000000, 0.000000000000000000 ) ) ;
#6035 = DIRECTION ( 'NONE',  ( 0.000000000000000000, 0.000000000000000000, 1.000000000000000000 ) ) ;
#6036 = ORIENTED_EDGE ( 'NONE', *, *, #1759, .F. ) ;
#6037 = DIRECTION ( 'NONE',  ( 0.000000000000000000, 0.000000000000000000, 1.000000000000000000 ) ) ;
#6038 = CARTESIAN_POINT ( 'NONE',  ( 12.00000000000000000, 0.000000000000000000, 0.000000000000000000 ) ) ;
#6039 = CYLINDRICAL_SURFACE ( 'NONE', #649, 20.00000000000000355 ) ;
#6040 = DIRECTION ( 'NONE',  ( 0.000000000000000000, -0.2486898871648622333, 0.9685831611286292997 ) ) ;
#6041 = CYLINDRICAL_SURFACE ( 'NONE', #4808, 52.00000000000000000 ) ;
#6042 = ORIENTED_EDGE ( 'NONE', *, *, #517, .F. ) ;
#6043 = EDGE_CURVE ( 'NONE', #169, #3209, #619, .T. ) ;
#6044 = VERTEX_POINT ( 'NONE', #1518 ) ;
#6045 = DIRECTION ( 'NONE',  ( 0.000000000000000000, 0.000000000000000000, 1.000000000000000000 ) ) ;
#6046 = CARTESIAN_POINT ( 'NONE',  ( 0.000000000000000000, -39.78933988720132930, 24.98727647984987854 ) ) ;
#6047 = AXIS2_PLACEMENT_3D ( 'NONE', #2186, #2142, #6892 ) ;
#6048 = PLANE ( 'NONE',  #177 ) ;
#6049 = CARTESIAN_POINT ( 'NONE',  ( 12.00000000000000000, 0.000000000000000000, 0.000000000000000000 ) ) ;
#6050 = EDGE_CURVE ( 'NONE', #1017, #1657, #5481, .T. ) ;
#6051 = ORIENTED_EDGE ( 'NONE', *, *, #562, .F. ) ;
#6052 = ORIENTED_EDGE ( 'NONE', *, *, #5904, .F. ) ;
#6053 = EDGE_CURVE ( 'NONE', #2070, #6644, #1207, .T. ) ;
#6054 = ORIENTED_EDGE ( 'NONE', *, *, #5084, .T. ) ;
#6055 = ORIENTED_EDGE ( 'NONE', *, *, #461, .T. ) ;
#6056 = LINE ( 'NONE', #4333, #4257 ) ;
#6057 = CARTESIAN_POINT ( 'NONE',  ( 0.000000000000000000, 2.081899558550470697E-16, -39.30000000000002558 ) ) ;
#6058 = DIRECTION ( 'NONE',  ( -1.000000000000000000, 0.000000000000000000, 0.000000000000000000 ) ) ;
#6059 = ORIENTED_EDGE ( 'NONE', *, *, #4584, .T. ) ;
#6060 = ORIENTED_EDGE ( 'NONE', *, *, #3003, .F. ) ;
#6061 = AXIS2_PLACEMENT_3D ( 'NONE', #4062, #510, #3953 ) ;
#6062 = DIRECTION ( 'NONE',  ( 1.000000000000000000, 0.000000000000000000, 0.000000000000000000 ) ) ;
#6063 = AXIS2_PLACEMENT_3D ( 'NONE', #6285, #4972, #5635 ) ;
#6064 = CARTESIAN_POINT ( 'NONE',  ( 11.99999999999999822, -51.85248208264520997, 3.914090171285994124 ) ) ;
#6065 = CARTESIAN_POINT ( 'NONE',  ( 11.99999999999999822, -22.82995208772717177, 41.06517797613654608 ) ) ;
#6066 = DIRECTION ( 'NONE',  ( -1.000000000000000000, 0.000000000000000000, -0.000000000000000000 ) ) ;
#6067 = CARTESIAN_POINT ( 'NONE',  ( 0.000000000000000000, 50.95304419620840264, -10.38206564895606476 ) ) ;
#6068 = AXIS2_PLACEMENT_3D ( 'NONE', #754, #1262, #6519 ) ;
#6069 = DIRECTION ( 'NONE',  ( 0.000000000000000000, 0.000000000000000000, 1.000000000000000000 ) ) ;
#6070 = CARTESIAN_POINT ( 'NONE',  ( 11.99999999999999822, -7.162210897275365973, -51.50439529848836173 ) ) ;
#6071 = CYLINDRICAL_SURFACE ( 'NONE', #6109, 52.00000000000000000 ) ;
#6072 = ORIENTED_EDGE ( 'NONE', *, *, #3343, .T. ) ;
#6073 = ADVANCED_FACE ( 'NONE', ( #411 ), #488, .F. ) ;
#6074 = CIRCLE ( 'NONE', #2397, 52.00000000000000000 ) ;
#6075 = EDGE_LOOP ( 'NONE', ( #6977, #3178, #2772, #5322 ) ) ;
#6076 = DIRECTION ( 'NONE',  ( -1.000000000000000000, 0.000000000000000000, -0.000000000000000000 ) ) ;
#6077 = VECTOR ( 'NONE', #5702, 1000.000000000000000 ) ;
#6078 = FACE_OUTER_BOUND ( 'NONE', #1163, .T. ) ;
#6079 = CARTESIAN_POINT ( 'NONE',  ( 11.99999999999999822, -46.11014828289849987, 9.022736828080546445 ) ) ;
#6080 = CARTESIAN_POINT ( 'NONE',  ( 12.00000000000000000, 37.91532898920920758, 28.61088654061653358 ) ) ;
#6081 = CARTESIAN_POINT ( 'NONE',  ( 0.000000000000000000, -38.92705108641751366, 27.21837053747782775 ) ) ;
#6082 = EDGE_LOOP ( 'NONE', ( #3964, #4744, #3866, #1451, #5556, #4471 ) ) ;
#6083 = ADVANCED_FACE ( 'NONE', ( #5778 ), #598, .T. ) ;
#6084 = AXIS2_PLACEMENT_3D ( 'NONE', #3263, #3221, #7423 ) ;
#6085 = VERTEX_POINT ( 'NONE', #5137 ) ;
#6086 = VECTOR ( 'NONE', #934, 1000.000000000000000 ) ;
#6087 = VERTEX_POINT ( 'NONE', #6318 ) ;
#6088 = CARTESIAN_POINT ( 'NONE',  ( 0.000000000000000000, 2.123073309835852296, -47.45152853935331905 ) ) ;
#6089 = DIRECTION ( 'NONE',  ( -1.000000000000000000, -0.000000000000000000, -0.000000000000000000 ) ) ;
#6090 = CARTESIAN_POINT ( 'NONE',  ( 11.99999999999999822, 44.61570720899095477, -14.73072383765582849 ) ) ;
#6091 = CYLINDRICAL_SURFACE ( 'NONE', #3077, 20.00000000000000355 ) ;
#6092 = AXIS2_PLACEMENT_3D ( 'NONE', #1475, #3144, #2659 ) ;
#6093 = CIRCLE ( 'NONE', #3277, 47.49900000000000233 ) ;
#6094 = VECTOR ( 'NONE', #6246, 1000.000000000000000 ) ;
#6095 = ORIENTED_EDGE ( 'NONE', *, *, #5839, .T. ) ;
#6096 = ORIENTED_EDGE ( 'NONE', *, *, #3050, .F. ) ;
#6097 = AXIS2_PLACEMENT_3D ( 'NONE', #265, #3788, #6847 ) ;
#6098 = ORIENTED_EDGE ( 'NONE', *, *, #3050, .T. ) ;
#6099 = AXIS2_PLACEMENT_3D ( 'NONE', #2379, #702, #6507 ) ;
#6100 = ORIENTED_EDGE ( 'NONE', *, *, #4965, .T. ) ;
#6102 = EDGE_CURVE ( 'NONE', #1053, #5655, #7465, .T. ) ;
#6101 = CARTESIAN_POINT ( 'NONE',  ( 12.00000000000000000, 0.000000000000000000, 0.000000000000000000 ) ) ;
#6103 = CARTESIAN_POINT ( 'NONE',  ( 0.000000000000000000, -3.840921266749489860, -47.34345070675173872 ) ) ;
#6104 = DIRECTION ( 'NONE',  ( 1.000000000000000000, 0.000000000000000000, 0.000000000000000000 ) ) ;
#6105 = CIRCLE ( 'NONE', #3418, 20.00000000000000355 ) ;
#6106 = ORIENTED_EDGE ( 'NONE', *, *, #5495, .T. ) ;
#6107 = ORIENTED_EDGE ( 'NONE', *, *, #2711, .T. ) ;
#6108 = ORIENTED_EDGE ( 'NONE', *, *, #5230, .F. ) ;
#6109 = AXIS2_PLACEMENT_3D ( 'NONE', #6162, #5024, #2127 ) ;
#6110 = AXIS2_PLACEMENT_3D ( 'NONE', #2821, #3385, #1135 ) ;
#6111 = CARTESIAN_POINT ( 'NONE',  ( -10.00000000000000000, 0.000000000000000000, 0.000000000000000000 ) ) ;
#6112 = DIRECTION ( 'NONE',  ( 0.000000000000000000, 0.000000000000000000, 1.000000000000000000 ) ) ;
#6113 = DIRECTION ( 'NONE',  ( -0.000000000000000000, 0.000000000000000000, 1.000000000000000000 ) ) ;
#6114 = DIRECTION ( 'NONE',  ( 0.000000000000000000, 0.7705132427757903635, -0.6374239897486881912 ) ) ;
#6115 = CYLINDRICAL_SURFACE ( 'NONE', #1687, 52.00000000000000000 ) ;
#6116 = DIRECTION ( 'NONE',  ( -0.000000000000000000, 0.000000000000000000, 1.000000000000000000 ) ) ;
#6117 = CARTESIAN_POINT ( 'NONE',  ( 6.000000000000000000, -51.85248208264521708, 3.914090171285994124 ) ) ;
#6118 = ORIENTED_EDGE ( 'NONE', *, *, #3493, .F. ) ;
#6119 = EDGE_CURVE ( 'NONE', #1946, #3205, #4759, .T. ) ;
#6120 = CIRCLE ( 'NONE', #985, 20.00000000000000355 ) ;
#6121 = EDGE_CURVE ( 'NONE', #2730, #191, #3386, .T. ) ;
#6122 = ADVANCED_FACE ( 'NONE', ( #2160 ), #444, .T. ) ;
#6123 = ORIENTED_EDGE ( 'NONE', *, *, #4773, .T. ) ;
#6124 = DIRECTION ( 'NONE',  ( 1.000000000000000000, 0.000000000000000000, 0.000000000000000000 ) ) ;
#6125 = DIRECTION ( 'NONE',  ( -1.000000000000000000, 0.000000000000000000, 0.000000000000000000 ) ) ;
#6126 = DIRECTION ( 'NONE',  ( 1.000000000000000000, -0.000000000000000000, -0.000000000000000000 ) ) ;
#6127 = LINE ( 'NONE', #870, #451 ) ;
#6128 = CARTESIAN_POINT ( 'NONE',  ( 11.99999999999999822, -17.08890430202717781, -43.76671000081963570 ) ) ;
#6129 = CARTESIAN_POINT ( 'NONE',  ( -10.00000000000000000, 0.000000000000000000, 0.000000000000000000 ) ) ;
#6130 = VERTEX_POINT ( 'NONE', #2855 ) ;
#6131 = ADVANCED_FACE ( 'NONE', ( #2777 ), #1743, .T. ) ;
#6132 = EDGE_CURVE ( 'NONE', #3683, #1874, #1442, .T. ) ;
#6133 = EDGE_LOOP ( 'NONE', ( #3332, #5548 ) ) ;
#6134 = VERTEX_POINT ( 'NONE', #6397 ) ;
#6135 = ADVANCED_FACE ( 'NONE', ( #1603 ), #4048, .F. ) ;
#6136 = ORIENTED_EDGE ( 'NONE', *, *, #5370, .F. ) ;
#6137 = CARTESIAN_POINT ( 'NONE',  ( 11.99999999999999822, -31.08872492059984793, 41.68322423723090253 ) ) ;
#6138 = CARTESIAN_POINT ( 'NONE',  ( 0.000000000000000000, 39.78933988720149983, -24.98727647984959077 ) ) ;
#6139 = CARTESIAN_POINT ( 'NONE',  ( -10.00000000000000000, 0.000000000000000000, 0.000000000000000000 ) ) ;
#6140 = CARTESIAN_POINT ( 'NONE',  ( 0.000000000000000000, -43.83938735307253864, -18.28286404005847032 ) ) ;
#6141 = VERTEX_POINT ( 'NONE', #5737 ) ;
#6142 = ORIENTED_EDGE ( 'NONE', *, *, #4455, .F. ) ;
#6143 = ORIENTED_EDGE ( 'NONE', *, *, #5564, .T. ) ;
#6144 = ORIENTED_EDGE ( 'NONE', *, *, #7438, .T. ) ;
#6145 = CARTESIAN_POINT ( 'NONE',  ( 0.000000000000000000, 0.000000000000000000, 0.000000000000000000 ) ) ;
#6146 = CARTESIAN_POINT ( 'NONE',  ( 0.000000000000000000, 18.53613841426859565, -48.58406706613883586 ) ) ;
#6147 = LINE ( 'NONE', #6857, #6850 ) ;
#6148 = CIRCLE ( 'NONE', #2448, 20.00000000000000000 ) ;
#6149 = ORIENTED_EDGE ( 'NONE', *, *, #3417, .T. ) ;
#6150 = EDGE_LOOP ( 'NONE', ( #2530, #1277, #6461, #7046 ) ) ;
#6151 = ADVANCED_FACE ( 'NONE', ( #6282 ), #2203, .F. ) ;
#6152 = EDGE_LOOP ( 'NONE', ( #1175, #1040, #4402, #2148 ) ) ;
#6153 = AXIS2_PLACEMENT_3D ( 'NONE', #2792, #4607, #3326 ) ;
#6154 = VECTOR ( 'NONE', #2003, 1000.000000000000000 ) ;
#6155 = DIRECTION ( 'NONE',  ( 0.000000000000000000, 0.000000000000000000, -1.000000000000000000 ) ) ;
#6156 = CARTESIAN_POINT ( 'NONE',  ( -10.00000000000000000, 0.000000000000000000, 0.000000000000000000 ) ) ;
#6157 = CARTESIAN_POINT ( 'NONE',  ( 0.000000000000000000, -24.72041153920702428, -40.55929306992714345 ) ) ;
#6158 = CARTESIAN_POINT ( 'NONE',  ( 11.99999999999999822, -36.06787431788649201, -37.45808914225528952 ) ) ;
#6159 = DIRECTION ( 'NONE',  ( -1.000000000000000000, -0.000000000000000000, -0.000000000000000000 ) ) ;
#6160 = AXIS2_PLACEMENT_3D ( 'NONE', #3862, #6792, #6835 ) ;
#6161 = CYLINDRICAL_SURFACE ( 'NONE', #6063, 20.00000000000000355 ) ;
#6162 = CARTESIAN_POINT ( 'NONE',  ( -10.00000000000000000, 0.000000000000000000, 0.000000000000000000 ) ) ;
#6163 = EDGE_CURVE ( 'NONE', #2020, #1907, #1170, .T. ) ;
#6164 = ORIENTED_EDGE ( 'NONE', *, *, #4555, .T. ) ;
#6165 = VECTOR ( 'NONE', #4832, 1000.000000000000000 ) ;
#6166 = EDGE_CURVE ( 'NONE', #3505, #5514, #5143, .T. ) ;
#6167 = ORIENTED_EDGE ( 'NONE', *, *, #2196, .F. ) ;
#6168 = VERTEX_POINT ( 'NONE', #6904 ) ;
#6169 = CARTESIAN_POINT ( 'NONE',  ( 11.99999999999999822, -32.00046193115123572, -34.40241257139721398 ) ) ;
#6170 = DIRECTION ( 'NONE',  ( -1.000000000000000000, 0.000000000000000000, 0.000000000000000000 ) ) ;
#6171 = DIRECTION ( 'NONE',  ( 1.000000000000000000, -0.000000000000000000, -0.000000000000000000 ) ) ;
#6172 = FACE_OUTER_BOUND ( 'NONE', #4798, .T. ) ;
#6173 = DIRECTION ( 'NONE',  ( -1.000000000000000000, -0.000000000000000000, 0.000000000000000000 ) ) ;
#6174 = DIRECTION ( 'NONE',  ( 0.000000000000000000, 0.000000000000000000, 1.000000000000000000 ) ) ;
#6175 = ORIENTED_EDGE ( 'NONE', *, *, #309, .T. ) ;
#6176 = ORIENTED_EDGE ( 'NONE', *, *, #1686, .T. ) ;
#6177 = VERTEX_POINT ( 'NONE', #1707 ) ;
#6178 = ORIENTED_EDGE ( 'NONE', *, *, #4444, .T. ) ;
#6179 = CARTESIAN_POINT ( 'NONE',  ( 11.99999999999999822, 47.32430374665931794, 21.55018039121546636 ) ) ;
#6180 = CARTESIAN_POINT ( 'NONE',  ( 15.00000000000000178, 0.000000000000000000, 41.00000000000000000 ) ) ;
#6181 = DIRECTION ( 'NONE',  ( 1.000000000000000000, 0.000000000000000000, 0.000000000000000000 ) ) ;
#6182 = DIRECTION ( 'NONE',  ( -1.000000000000000000, -0.000000000000000000, -0.000000000000000000 ) ) ;
#6183 = ORIENTED_EDGE ( 'NONE', *, *, #2370, .T. ) ;
#6184 = ADVANCED_FACE ( 'NONE', ( #5853 ), #1136, .T. ) ;
#6185 = ORIENTED_EDGE ( 'NONE', *, *, #5794, .T. ) ;
#6186 = AXIS2_PLACEMENT_3D ( 'NONE', #2255, #7034, #1264 ) ;
#6187 = VERTEX_POINT ( 'NONE', #4007 ) ;
#6188 = DIRECTION ( 'NONE',  ( 0.000000000000000000, 0.000000000000000000, 1.000000000000000000 ) ) ;
#6189 = LINE ( 'NONE', #4429, #6086 ) ;
#6190 = CARTESIAN_POINT ( 'NONE',  ( 11.99999999999999822, 46.77034588191337861, -22.72740077717178053 ) ) ;
#6191 = VERTEX_POINT ( 'NONE', #6357 ) ;
#6192 = ORIENTED_EDGE ( 'NONE', *, *, #1928, .F. ) ;
#6193 = VECTOR ( 'NONE', #4502, 1000.000000000000000 ) ;
#6194 = VERTEX_POINT ( 'NONE', #3430 ) ;
#6195 = AXIS2_PLACEMENT_3D ( 'NONE', #2036, #1993, #6032 ) ;
#6196 = CARTESIAN_POINT ( 'NONE',  ( 0.000000000000000000, 36.05989434073612898, 30.12041790338631841 ) ) ;
#6197 = CARTESIAN_POINT ( 'NONE',  ( 5.999999999999999112, 43.55304910509448746, -28.41006711799936113 ) ) ;
#6198 = DIRECTION ( 'NONE',  ( -1.000000000000000000, -0.000000000000000000, -0.000000000000000000 ) ) ;
#6199 = CYLINDRICAL_SURFACE ( 'NONE', #761, 35.00000000000000711 ) ;
#6200 = CARTESIAN_POINT ( 'NONE',  ( -10.00000000000000000, 0.000000000000000000, 0.000000000000000000 ) ) ;
#6201 = CARTESIAN_POINT ( 'NONE',  ( 5.999999999999999112, -0.6505223195686429261, 51.99593080916758936 ) ) ;
#6202 = FACE_OUTER_BOUND ( 'NONE', #4999, .T. ) ;
#6203 = CIRCLE ( 'NONE', #6061, 20.00000000000000355 ) ;
#6204 = ORIENTED_EDGE ( 'NONE', *, *, #5572, .F. ) ;
#6205 = AXIS2_PLACEMENT_3D ( 'NONE', #3554, #6371, #6991 ) ;
#6206 = VECTOR ( 'NONE', #68, 1000.000000000000000 ) ;
#6207 = ORIENTED_EDGE ( 'NONE', *, *, #7413, .F. ) ;
#6208 = FACE_OUTER_BOUND ( 'NONE', #4806, .T. ) ;
#6209 = CARTESIAN_POINT ( 'NONE',  ( 12.00000000000000000, 2.123073309835163069, 47.45152853935334747 ) ) ;
#6210 = VECTOR ( 'NONE', #5065, 1000.000000000000000 ) ;
#6211 = PLANE ( 'NONE',  #6705 ) ;
#6212 = DIRECTION ( 'NONE',  ( -1.000000000000000000, 0.000000000000000000, 0.000000000000000000 ) ) ;
#6213 = CARTESIAN_POINT ( 'NONE',  ( 11.99999999999999822, 44.61570720899095477, -14.73072383765582849 ) ) ;
#6214 = DIRECTION ( 'NONE',  ( -0.000000000000000000, 0.000000000000000000, 1.000000000000000000 ) ) ;
#6215 = EDGE_CURVE ( 'NONE', #7530, #3209, #3464, .T. ) ;
#6216 = VECTOR ( 'NONE', #1568, 1000.000000000000000 ) ;
#6217 = ORIENTED_EDGE ( 'NONE', *, *, #1513, .F. ) ;
#6218 = CIRCLE ( 'NONE', #2898, 20.00000000000000355 ) ;
#6219 = ORIENTED_EDGE ( 'NONE', *, *, #1217, .F. ) ;
#6220 = ORIENTED_EDGE ( 'NONE', *, *, #7375, .T. ) ;
#6221 = AXIS2_PLACEMENT_3D ( 'NONE', #203, #2539, #3687 ) ;
#6222 = EDGE_LOOP ( 'NONE', ( #7421, #6531, #1702, #6095 ) ) ;
#6223 = LINE ( 'NONE', #4949, #6333 ) ;
#6224 = DIRECTION ( 'NONE',  ( 0.000000000000000000, 0.000000000000000000, 1.000000000000000000 ) ) ;
#6225 = DIRECTION ( 'NONE',  ( 1.000000000000000000, 0.000000000000000000, 0.000000000000000000 ) ) ;
#6226 = PLANE ( 'NONE',  #146 ) ;
#6227 = CIRCLE ( 'NONE', #6221, 52.00000000000000000 ) ;
#6228 = ORIENTED_EDGE ( 'NONE', *, *, #6734, .F. ) ;
#6229 = EDGE_CURVE ( 'NONE', #342, #359, #6853, .T. ) ;
#6230 = EDGE_CURVE ( 'NONE', #6422, #5949, #6722, .T. ) ;
#6231 = ORIENTED_EDGE ( 'NONE', *, *, #6331, .T. ) ;
#6232 = AXIS2_PLACEMENT_3D ( 'NONE', #6820, #5664, #5582 ) ;
#6233 = AXIS2_PLACEMENT_3D ( 'NONE', #743, #3062, #7226 ) ;
#6234 = DIRECTION ( 'NONE',  ( 1.000000000000000000, 0.000000000000000000, 0.000000000000000000 ) ) ;
#6235 = CARTESIAN_POINT ( 'NONE',  ( 11.99999999999999822, -40.47821179127736002, 32.64221760512746329 ) ) ;
#6236 = ORIENTED_EDGE ( 'NONE', *, *, #4796, .F. ) ;
#6237 = VERTEX_POINT ( 'NONE', #5317 ) ;
#6238 = CIRCLE ( 'NONE', #2914, 52.00000000000000000 ) ;
#6239 = CIRCLE ( 'NONE', #220, 20.00000000000000711 ) ;
#6240 = EDGE_CURVE ( 'NONE', #5517, #1503, #3404, .T. ) ;
#6241 = EDGE_CURVE ( 'NONE', #2438, #2518, #5372, .T. ) ;
#6242 = ORIENTED_EDGE ( 'NONE', *, *, #1157, .T. ) ;
#6243 = ADVANCED_FACE ( 'NONE', ( #5383 ), #1350, .T. ) ;
#6244 = DIRECTION ( 'NONE',  ( 0.000000000000000000, 0.000000000000000000, -1.000000000000000000 ) ) ;
#6246 = DIRECTION ( 'NONE',  ( 1.000000000000000000, -0.000000000000000000, 0.000000000000000000 ) ) ;
#6245 = AXIS2_PLACEMENT_3D ( 'NONE', #2012, #4368, #7416 ) ;
#6247 = CARTESIAN_POINT ( 'NONE',  ( 11.99999999999999822, -0.2227391519113372520, -46.98410307550730636 ) ) ;
#6249 = CARTESIAN_POINT ( 'NONE',  ( 0.000000000000000000, 47.49120266317495265, 0.8606222198177054805 ) ) ;
#6248 = VECTOR ( 'NONE', #257, 1000.000000000000000 ) ;
#6250 = CARTESIAN_POINT ( 'NONE',  ( 12.00000000000000000, 0.000000000000000000, 0.000000000000000000 ) ) ;
#6251 = DIRECTION ( 'NONE',  ( 0.000000000000000000, -0.8443279255020201823, 0.5358267949789886631 ) ) ;
#6252 = DIRECTION ( 'NONE',  ( -1.000000000000000000, 0.000000000000000000, -0.000000000000000000 ) ) ;
#6253 = VERTEX_POINT ( 'NONE', #1243 ) ;
#6254 = VECTOR ( 'NONE', #4606, 1000.000000000000000 ) ;
#6255 = CIRCLE ( 'NONE', #3164, 47.49900000000000233 ) ;
#6256 = AXIS2_PLACEMENT_3D ( 'NONE', #5502, #5062, #283 ) ;
#6257 = CARTESIAN_POINT ( 'NONE',  ( 11.99999999999999822, 0.000000000000000000, 0.000000000000000000 ) ) ;
#6258 = CYLINDRICAL_SURFACE ( 'NONE', #578, 20.00000000000000355 ) ;
#6259 = DIRECTION ( 'NONE',  ( 0.000000000000000000, 0.000000000000000000, 1.000000000000000000 ) ) ;
#6260 = CARTESIAN_POINT ( 'NONE',  ( 0.000000000000000000, 35.20873326984080620, 31.88259874184042886 ) ) ;
#6261 = DIRECTION ( 'NONE',  ( -1.000000000000000000, -0.000000000000000000, 0.000000000000000000 ) ) ;
#6262 = VERTEX_POINT ( 'NONE', #4809 ) ;
#6263 = ORIENTED_EDGE ( 'NONE', *, *, #5608, .T. ) ;
#6264 = VERTEX_POINT ( 'NONE', #7081 ) ;
#6265 = EDGE_CURVE ( 'NONE', #3639, #5615, #4260, .T. ) ;
#6266 = VERTEX_POINT ( 'NONE', #1774 ) ;
#6267 = CARTESIAN_POINT ( 'NONE',  ( 6.000000000000000000, 0.6505223195682786619, 51.99593080916759646 ) ) ;
#6268 = CARTESIAN_POINT ( 'NONE',  ( 0.000000000000000000, 27.79676263918187118, 37.88001506494778425 ) ) ;
#6269 = DIRECTION ( 'NONE',  ( -1.000000000000000000, -0.000000000000000000, 0.000000000000000000 ) ) ;
#6270 = DIRECTION ( 'NONE',  ( -1.000000000000000000, -0.000000000000000000, -0.000000000000000000 ) ) ;
#6271 = ADVANCED_FACE ( 'NONE', ( #635 ), #5348, .T. ) ;
#6272 = ORIENTED_EDGE ( 'NONE', *, *, #3879, .F. ) ;
#6273 = ORIENTED_EDGE ( 'NONE', *, *, #3635, .F. ) ;
#6274 = EDGE_CURVE ( 'NONE', #907, #2721, #6985, .T. ) ;
#6275 = CARTESIAN_POINT ( 'NONE',  ( 0.000000000000000000, 6.109652351742444587, -46.58570277113501135 ) ) ;
#6276 = DIRECTION ( 'NONE',  ( -0.000000000000000000, 0.000000000000000000, 1.000000000000000000 ) ) ;
#6277 = VERTEX_POINT ( 'NONE', #3602 ) ;
#6278 = ORIENTED_EDGE ( 'NONE', *, *, #7403, .F. ) ;
#6279 = ORIENTED_EDGE ( 'NONE', *, *, #4601, .T. ) ;
#6280 = AXIS2_PLACEMENT_3D ( 'NONE', #5653, #6765, #2143 ) ;
#6281 = CARTESIAN_POINT ( 'NONE',  ( 11.99999999999999822, -34.03046037009229963, -33.13733193845843772 ) ) ;
#6282 = FACE_OUTER_BOUND ( 'NONE', #2183, .T. ) ;
#6283 = CARTESIAN_POINT ( 'NONE',  ( 15.00000000000000000, 0.000000000000000000, 0.000000000000000000 ) ) ;
#6284 = DIRECTION ( 'NONE',  ( -0.000000000000000000, 0.000000000000000000, 1.000000000000000000 ) ) ;
#6285 = CARTESIAN_POINT ( 'NONE',  ( 11.99999999999999822, -42.41764978026592559, -20.20639853260335173 ) ) ;
#6286 = DIRECTION ( 'NONE',  ( 0.000000000000000000, 0.000000000000000000, -1.000000000000000000 ) ) ;
#6287 = ORIENTED_EDGE ( 'NONE', *, *, #1405, .T. ) ;
#6288 = EDGE_CURVE ( 'NONE', #4456, #2304, #711, .T. ) ;
#6289 = AXIS2_PLACEMENT_3D ( 'NONE', #3204, #2676, #6214 ) ;
#6290 = EDGE_CURVE ( 'NONE', #7111, #7521, #1697, .T. ) ;
#6291 = CIRCLE ( 'NONE', #6160, 20.00000000000000355 ) ;
#6292 = DIRECTION ( 'NONE',  ( 0.000000000000000000, 0.9980267284282714479, 0.06279051952931685721 ) ) ;
#6293 = CARTESIAN_POINT ( 'NONE',  ( 15.00000000000000178, -41.00000000000000000, -1.699999999999986189 ) ) ;
#6294 = DIRECTION ( 'NONE',  ( -1.000000000000000000, 0.000000000000000000, -0.000000000000000000 ) ) ;
#6296 = AXIS2_PLACEMENT_3D ( 'NONE', #1540, #6721, #305 ) ;
#6295 = CARTESIAN_POINT ( 'NONE',  ( 6.000000000000000000, 49.25004636492413823, -16.68630974939705425 ) ) ;
#6297 = DIRECTION ( 'NONE',  ( -1.000000000000000000, 0.000000000000000000, 0.000000000000000000 ) ) ;
#6298 = ORIENTED_EDGE ( 'NONE', *, *, #5244, .F. ) ;
#6299 = ORIENTED_EDGE ( 'NONE', *, *, #6474, .T. ) ;
#6300 = ORIENTED_EDGE ( 'NONE', *, *, #78, .T. ) ;
#6301 = EDGE_LOOP ( 'NONE', ( #6446, #2766, #2797, #5850 ) ) ;
#6302 = DIRECTION ( 'NONE',  ( -1.000000000000000000, 0.000000000000000000, -0.000000000000000000 ) ) ;
#6303 = DIRECTION ( 'NONE',  ( -1.000000000000000000, 0.000000000000000000, 0.000000000000000000 ) ) ;
#6304 = DIRECTION ( 'NONE',  ( 0.000000000000000000, 0.000000000000000000, 1.000000000000000000 ) ) ;
#6305 = DIRECTION ( 'NONE',  ( -1.000000000000000000, -0.000000000000000000, -0.000000000000000000 ) ) ;
#6306 = EDGE_CURVE ( 'NONE', #5493, #1188, #7095, .T. ) ;
#6307 = VERTEX_POINT ( 'NONE', #4775 ) ;
#6308 = ORIENTED_EDGE ( 'NONE', *, *, #564, .T. ) ;
#6309 = ADVANCED_FACE ( 'NONE', ( #7146 ), #1908, .T. ) ;
#6310 = DIRECTION ( 'NONE',  ( 0.000000000000000000, 0.8443279255020126328, 0.5358267949790005424 ) ) ;
#6311 = DIRECTION ( 'NONE',  ( 0.000000000000000000, 0.000000000000000000, 1.000000000000000000 ) ) ;
#6312 = ADVANCED_FACE ( 'NONE', ( #4157 ), #6535, .T. ) ;
#6313 = VERTEX_POINT ( 'NONE', #3096 ) ;
#6314 = VERTEX_POINT ( 'NONE', #1811 ) ;
#6315 = VECTOR ( 'NONE', #1501, 1000.000000000000000 ) ;
#6316 = ORIENTED_EDGE ( 'NONE', *, *, #7261, .T. ) ;
#6317 = CARTESIAN_POINT ( 'NONE',  ( 11.99999999999999822, 32.32520163883631881, -34.09746168776001696 ) ) ;
#6318 = CARTESIAN_POINT ( 'NONE',  ( 0.000000000000000000, 46.77034588191337861, -22.72740077717178053 ) ) ;
#6319 = CARTESIAN_POINT ( 'NONE',  ( -10.00000000000000000, 0.000000000000000000, 0.000000000000000000 ) ) ;
#6320 = LINE ( 'NONE', #2857, #5467 ) ;
#6321 = AXIS2_PLACEMENT_3D ( 'NONE', #5439, #149, #183 ) ;
#6322 = CARTESIAN_POINT ( 'NONE',  ( 11.99999999999999822, 27.43636312076375106, -38.14186064215120808 ) ) ;
#6323 = DIRECTION ( 'NONE',  ( 1.000000000000000000, 0.000000000000000000, 0.000000000000000000 ) ) ;
#6324 = VERTEX_POINT ( 'NONE', #5889 ) ;
#6325 = LINE ( 'NONE', #1609, #5955 ) ;
#6326 = VECTOR ( 'NONE', #2244, 1000.000000000000000 ) ;
#6327 = FACE_OUTER_BOUND ( 'NONE', #4337, .T. ) ;
#6328 = DIRECTION ( 'NONE',  ( -1.000000000000000000, 0.000000000000000000, -0.000000000000000000 ) ) ;
#6329 = DIRECTION ( 'NONE',  ( -1.000000000000000000, 0.000000000000000000, 0.000000000000000000 ) ) ;
#6330 = CARTESIAN_POINT ( 'NONE',  ( 11.99999999999999822, -19.74581912682807072, -48.10512059033415255 ) ) ;
#6331 = EDGE_CURVE ( 'NONE', #7117, #6422, #2346, .T. ) ;
#6332 = ORIENTED_EDGE ( 'NONE', *, *, #2805, .T. ) ;
#6333 = VECTOR ( 'NONE', #2684, 1000.000000000000000 ) ;
#6334 = VERTEX_POINT ( 'NONE', #1274 ) ;
#6335 = EDGE_CURVE ( 'NONE', #3984, #7374, #6599, .T. ) ;
#6336 = AXIS2_PLACEMENT_3D ( 'NONE', #6443, #1645, #3978 ) ;
#6337 = VERTEX_POINT ( 'NONE', #1422 ) ;
#6338 = DIRECTION ( 'NONE',  ( 0.000000000000000000, -0.4817536741017223179, 0.8763066800438596982 ) ) ;
#6339 = EDGE_CURVE ( 'NONE', #890, #7206, #2669, .T. ) ;
#6340 = DIRECTION ( 'NONE',  ( -1.000000000000000000, -0.000000000000000000, -0.000000000000000000 ) ) ;
#6341 = LINE ( 'NONE', #5798, #297 ) ;
#6342 = CARTESIAN_POINT ( 'NONE',  ( 0.000000000000000000, -35.20873326984104068, 31.88259874184016951 ) ) ;
#6343 = VECTOR ( 'NONE', #4901, 1000.000000000000000 ) ;
#6344 = EDGE_CURVE ( 'NONE', #1052, #4981, #6239, .T. ) ;
#6345 = EDGE_CURVE ( 'NONE', #5683, #7471, #2526, .T. ) ;
#6346 = AXIS2_PLACEMENT_3D ( 'NONE', #3159, #7322, #6633 ) ;
#6347 = VERTEX_POINT ( 'NONE', #4919 ) ;
#6348 = CARTESIAN_POINT ( 'NONE',  ( 0.000000000000000000, 0.000000000000000000, 0.000000000000000000 ) ) ;
#6349 = AXIS2_PLACEMENT_3D ( 'NONE', #1254, #1824, #6515 ) ;
#6350 = CARTESIAN_POINT ( 'NONE',  ( 11.99999999999999822, -44.61570720899105424, 14.73072383765551940 ) ) ;
#6351 = ORIENTED_EDGE ( 'NONE', *, *, #1942, .F. ) ;
#6352 = ORIENTED_EDGE ( 'NONE', *, *, #4415, .F. ) ;
#6353 = EDGE_LOOP ( 'NONE', ( #5315, #1661, #88, #80 ) ) ;
#6354 = VECTOR ( 'NONE', #3061, 1000.000000000000000 ) ;
#6355 = ORIENTED_EDGE ( 'NONE', *, *, #507, .T. ) ;
#6356 = CARTESIAN_POINT ( 'NONE',  ( 0.000000000000000000, -43.83938735307280865, 18.28286404005783083 ) ) ;
#6357 = CARTESIAN_POINT ( 'NONE',  ( 0.000000000000000000, 39.64889472655733016, 33.64468972902522381 ) ) ;
#6358 = CARTESIAN_POINT ( 'NONE',  ( 12.00000000000000000, 35.20873326984080620, 31.88259874184042886 ) ) ;
#6359 = CARTESIAN_POINT ( 'NONE',  ( 0.000000000000000000, 40.47821179127762292, -32.64221760512717196 ) ) ;
#6360 = LINE ( 'NONE', #4050, #594 ) ;
#6361 = DIRECTION ( 'NONE',  ( 0.000000000000000000, -0.5877852522924802425, 0.8090169943749422332 ) ) ;
#6362 = AXIS2_PLACEMENT_3D ( 'NONE', #5437, #4210, #6013 ) ;
#6363 = AXIS2_PLACEMENT_3D ( 'NONE', #5868, #614, #2941 ) ;
#6364 = VECTOR ( 'NONE', #1089, 1000.000000000000000 ) ;
#6365 = ORIENTED_EDGE ( 'NONE', *, *, #4181, .F. ) ;
#6366 = VECTOR ( 'NONE', #4791, 1000.000000000000000 ) ;
#6367 = VECTOR ( 'NONE', #4620, 1000.000000000000000 ) ;
#6368 = DIRECTION ( 'NONE',  ( -1.000000000000000000, 0.000000000000000000, 0.000000000000000000 ) ) ;
#6369 = EDGE_CURVE ( 'NONE', #3982, #1791, #4528, .T. ) ;
#6370 = DIRECTION ( 'NONE',  ( 0.000000000000000000, 0.9980267284282717810, -0.06279051952930989056 ) ) ;
#6371 = DIRECTION ( 'NONE',  ( -1.000000000000000000, -0.000000000000000000, -0.000000000000000000 ) ) ;
#6372 = DIRECTION ( 'NONE',  ( 0.000000000000000000, -0.1253332335642905193, -0.9921147013144796523 ) ) ;
#6373 = DIRECTION ( 'NONE',  ( 0.000000000000000000, 0.000000000000000000, -1.000000000000000000 ) ) ;
#6374 = ORIENTED_EDGE ( 'NONE', *, *, #4201, .F. ) ;
#6375 = AXIS2_PLACEMENT_3D ( 'NONE', #7239, #140, #5400 ) ;
#6376 = VECTOR ( 'NONE', #3804, 1000.000000000000000 ) ;
#6377 = ORIENTED_EDGE ( 'NONE', *, *, #4484, .F. ) ;
#6378 = ORIENTED_EDGE ( 'NONE', *, *, #2658, .T. ) ;
#6379 = CIRCLE ( 'NONE', #1464, 47.49900000000000233 ) ;
#6380 = CARTESIAN_POINT ( 'NONE',  ( 12.00000000000000000, 0.000000000000000000, 0.000000000000000000 ) ) ;
#6381 = DIRECTION ( 'NONE',  ( 0.000000000000000000, 0.000000000000000000, 1.000000000000000000 ) ) ;
#6382 = CARTESIAN_POINT ( 'NONE',  ( 11.99999999999999822, 50.95304419620840264, -10.38206564895606476 ) ) ;
#6383 = DIRECTION ( 'NONE',  ( 0.000000000000000000, -0.3681245526846654847, -0.9297764858882562322 ) ) ;
#6384 = EDGE_CURVE ( 'NONE', #885, #3570, #1215, .T. ) ;
#6385 = EDGE_CURVE ( 'NONE', #3182, #1248, #6728, .T. ) ;
#6386 = EDGE_CURVE ( 'NONE', #7206, #5281, #354, .T. ) ;
#6387 = AXIS2_PLACEMENT_3D ( 'NONE', #6940, #1671, #6361 ) ;
#6388 = EDGE_LOOP ( 'NONE', ( #1301, #6473, #6060, #3185 ) ) ;
#6389 = DIRECTION ( 'NONE',  ( 1.000000000000000000, 0.000000000000000000, 0.000000000000000000 ) ) ;
#6390 = DIRECTION ( 'NONE',  ( -1.000000000000000000, -0.000000000000000000, -0.000000000000000000 ) ) ;
#6391 = CARTESIAN_POINT ( 'NONE',  ( 11.99999999999999822, 18.53613841426790998, 48.58406706613910586 ) ) ;
#6392 = EDGE_LOOP ( 'NONE', ( #7513, #5173, #2621, #2043 ) ) ;
#6393 = ORIENTED_EDGE ( 'NONE', *, *, #2869, .T. ) ;
#6394 = ORIENTED_EDGE ( 'NONE', *, *, #2285, .T. ) ;
#6395 = ORIENTED_EDGE ( 'NONE', *, *, #6339, .F. ) ;
#6396 = FACE_OUTER_BOUND ( 'NONE', #3782, .T. ) ;
#6397 = CARTESIAN_POINT ( 'NONE',  ( 0.000000000000000000, 35.11945359308111847, 38.34871548466026070 ) ) ;
#6398 = CARTESIAN_POINT ( 'NONE',  ( 0.000000000000000000, -44.47301969247457265, 16.68249143361892450 ) ) ;
#6399 = CARTESIAN_POINT ( 'NONE',  ( 11.99999999999999822, -25.61928775981074224, 45.25098998563468911 ) ) ;
#6400 = CARTESIAN_POINT ( 'NONE',  ( 11.99999999999999822, 32.32520163883584274, 34.09746168776048592 ) ) ;
#6401 = EDGE_CURVE ( 'NONE', #2438, #3311, #6056, .T. ) ;
#6402 = VERTEX_POINT ( 'NONE', #7223 ) ;
#6403 = EDGE_CURVE ( 'NONE', #424, #2070, #2419, .T. ) ;
#6404 = CIRCLE ( 'NONE', #2582, 47.49900000000000233 ) ;
#6405 = DIRECTION ( 'NONE',  ( -1.000000000000000000, 0.000000000000000000, 0.000000000000000000 ) ) ;
#6406 = CARTESIAN_POINT ( 'NONE',  ( 11.99999999999999822, -12.30077720129133212, 50.52416135122076923 ) ) ;
#6407 = EDGE_CURVE ( 'NONE', #5588, #1750, #6487, .T. ) ;
#6408 = DIRECTION ( 'NONE',  ( 0.000000000000000000, 0.000000000000000000, 1.000000000000000000 ) ) ;
#6409 = CARTESIAN_POINT ( 'NONE',  ( 11.99999999999999822, -36.05989434073634214, 30.12041790338605551 ) ) ;
#6410 = DIRECTION ( 'NONE',  ( 1.000000000000000000, 0.000000000000000000, 0.000000000000000000 ) ) ;
#6411 = FACE_OUTER_BOUND ( 'NONE', #1354, .T. ) ;
#6412 = ORIENTED_EDGE ( 'NONE', *, *, #6704, .T. ) ;
#6413 = AXIS2_PLACEMENT_3D ( 'NONE', #4021, #3442, #5220 ) ;
#6414 = EDGE_CURVE ( 'NONE', #2700, #626, #2916, .T. ) ;
#6415 = AXIS2_PLACEMENT_3D ( 'NONE', #6914, #4491, #383 ) ;
#6416 = ORIENTED_EDGE ( 'NONE', *, *, #7261, .F. ) ;
#6417 = VECTOR ( 'NONE', #4521, 1000.000000000000000 ) ;
#6418 = CARTESIAN_POINT ( 'NONE',  ( 11.99999999999999822, 42.60732521687599217, -19.80331771201613122 ) ) ;
#6419 = DIRECTION ( 'NONE',  ( 0.000000000000000000, 0.000000000000000000, 1.000000000000000000 ) ) ;
#6420 = FACE_OUTER_BOUND ( 'NONE', #6301, .T. ) ;
#6421 = DIRECTION ( 'NONE',  ( -1.000000000000000000, 0.000000000000000000, -0.000000000000000000 ) ) ;
#6422 = VERTEX_POINT ( 'NONE', #3179 ) ;
#6423 = DIRECTION ( 'NONE',  ( 0.000000000000000000, 0.000000000000000000, 1.000000000000000000 ) ) ;
#6424 = CARTESIAN_POINT ( 'NONE',  ( 6.000000000000000000, -19.74581912682874218, 48.10512059033388255 ) ) ;
#6425 = DIRECTION ( 'NONE',  ( 0.000000000000000000, 0.000000000000000000, 1.000000000000000000 ) ) ;
#6426 = EDGE_CURVE ( 'NONE', #2070, #3031, #5529, .T. ) ;
#6427 = ORIENTED_EDGE ( 'NONE', *, *, #551, .F. ) ;
#6428 = VERTEX_POINT ( 'NONE', #4959 ) ;
#6429 = EDGE_LOOP ( 'NONE', ( #7495, #2698, #5826, #6622 ) ) ;
#6430 = ORIENTED_EDGE ( 'NONE', *, *, #2978, .T. ) ;
#6431 = DIRECTION ( 'NONE',  ( -1.000000000000000000, 0.000000000000000000, -0.000000000000000000 ) ) ;
#6432 = CARTESIAN_POINT ( 'NONE',  ( 12.00000000000000000, 0.000000000000000000, 0.000000000000000000 ) ) ;
#6433 = CARTESIAN_POINT ( 'NONE',  ( 11.99999999999999822, 44.61570720899074161, 14.73072383765645377 ) ) ;
#6434 = DIRECTION ( 'NONE',  ( 0.000000000000000000, 0.000000000000000000, 1.000000000000000000 ) ) ;
#6435 = FACE_OUTER_BOUND ( 'NONE', #961, .T. ) ;
#6436 = ORIENTED_EDGE ( 'NONE', *, *, #3362, .T. ) ;
#6437 = EDGE_CURVE ( 'NONE', #6134, #4734, #1583, .T. ) ;
#6438 = ORIENTED_EDGE ( 'NONE', *, *, #6501, .T. ) ;
#6439 = VECTOR ( 'NONE', #5469, 1000.000000000000000 ) ;
#6440 = CARTESIAN_POINT ( 'NONE',  ( 12.00000000000000000, 0.000000000000000000, 0.000000000000000000 ) ) ;
#6441 = CARTESIAN_POINT ( 'NONE',  ( 0.000000000000000000, 0.000000000000000000, 0.000000000000000000 ) ) ;
#6442 = CARTESIAN_POINT ( 'NONE',  ( 0.000000000000000000, -39.64889472655708147, -33.64468972902550092 ) ) ;
#6443 = CARTESIAN_POINT ( 'NONE',  ( 0.000000000000000000, 0.000000000000000000, 0.000000000000000000 ) ) ;
#6444 = DIRECTION ( 'NONE',  ( 0.000000000000000000, 0.000000000000000000, -1.000000000000000000 ) ) ;
#6445 = DIRECTION ( 'NONE',  ( 0.000000000000000000, 0.9980267284282716700, -0.06279051952930995995 ) ) ;
#6446 = ORIENTED_EDGE ( 'NONE', *, *, #3084, .F. ) ;
#6447 = ORIENTED_EDGE ( 'NONE', *, *, #1747, .F. ) ;
#6448 = AXIS2_PLACEMENT_3D ( 'NONE', #4488, #6368, #5182 ) ;
#6449 = DIRECTION ( 'NONE',  ( -1.000000000000000000, 0.000000000000000000, 0.000000000000000000 ) ) ;
#6450 = CARTESIAN_POINT ( 'NONE',  ( 0.000000000000000000, 42.41764978026606059, 20.20639853260305685 ) ) ;
#6451 = CARTESIAN_POINT ( 'NONE',  ( 11.99999999999999822, -27.79676263918162604, -37.88001506494797610 ) ) ;
#6452 = DIRECTION ( 'NONE',  ( 1.000000000000000000, 0.000000000000000000, 0.000000000000000000 ) ) ;
#6453 = AXIS2_PLACEMENT_3D ( 'NONE', #540, #3917, #2184 ) ;
#6454 = CIRCLE ( 'NONE', #7305, 47.49900000000000233 ) ;
#6455 = ORIENTED_EDGE ( 'NONE', *, *, #5746, .F. ) ;
#6456 = CIRCLE ( 'NONE', #4626, 47.49900000000000233 ) ;
#6457 = DIRECTION ( 'NONE',  ( 0.000000000000000000, 0.7705132427757903635, -0.6374239897486883022 ) ) ;
#6458 = CIRCLE ( 'NONE', #3121, 20.00000000000000355 ) ;
#6459 = DIRECTION ( 'NONE',  ( -1.000000000000000000, 0.000000000000000000, -0.000000000000000000 ) ) ;
#6460 = VECTOR ( 'NONE', #1754, 1000.000000000000000 ) ;
#6461 = ORIENTED_EDGE ( 'NONE', *, *, #3751, .F. ) ;
#6462 = ORIENTED_EDGE ( 'NONE', *, *, #7019, .F. ) ;
#6463 = EDGE_CURVE ( 'NONE', #767, #5713, #7207, .T. ) ;
#6464 = ADVANCED_FACE ( 'NONE', ( #5620 ), #4427, .F. ) ;
#6465 = EDGE_LOOP ( 'NONE', ( #6217, #5888, #7362, #4082 ) ) ;
#6466 = EDGE_LOOP ( 'NONE', ( #5389, #4666, #197, #1216 ) ) ;
#6467 = VECTOR ( 'NONE', #4310, 1000.000000000000000 ) ;
#6468 = DIRECTION ( 'NONE',  ( 0.000000000000000000, -0.3681245526846654847, -0.9297764858882564543 ) ) ;
#6469 = DIRECTION ( 'NONE',  ( -1.000000000000000000, 0.000000000000000000, -0.000000000000000000 ) ) ;
#6470 = CYLINDRICAL_SURFACE ( 'NONE', #7327, 52.00000000000000000 ) ;
#6471 = CARTESIAN_POINT ( 'NONE',  ( 15.00000000000000178, 41.00000000000000000, -1.699999999999986189 ) ) ;
#6472 = EDGE_CURVE ( 'NONE', #7117, #3342, #603, .T. ) ;
#6473 = ORIENTED_EDGE ( 'NONE', *, *, #1514, .T. ) ;
#6474 = EDGE_CURVE ( 'NONE', #6739, #6130, #1093, .T. ) ;
#6475 = AXIS2_PLACEMENT_3D ( 'NONE', #3798, #4381, #1510 ) ;
#6476 = EDGE_CURVE ( 'NONE', #5637, #3407, #2298, .T. ) ;
#6477 = EDGE_CURVE ( 'NONE', #189, #269, #3283, .T. ) ;
#6478 = ORIENTED_EDGE ( 'NONE', *, *, #6975, .F. ) ;
#6479 = FACE_OUTER_BOUND ( 'NONE', #4323, .T. ) ;
#6480 = AXIS2_PLACEMENT_3D ( 'NONE', #5842, #12, #4697 ) ;
#6482 = DIRECTION ( 'NONE',  ( 1.000000000000000000, 0.000000000000000000, 0.000000000000000000 ) ) ;
#6481 = AXIS2_PLACEMENT_3D ( 'NONE', #901, #372, #2086 ) ;
#6483 = CIRCLE ( 'NONE', #6854, 47.49900000000000944 ) ;
#6484 = DIRECTION ( 'NONE',  ( -1.000000000000000000, -0.000000000000000000, -0.000000000000000000 ) ) ;
#6485 = DIRECTION ( 'NONE',  ( 0.000000000000000000, 0.000000000000000000, 1.000000000000000000 ) ) ;
#6486 = CARTESIAN_POINT ( 'NONE',  ( 6.000000000000000000, 13.56094713063640533, -50.20060470671727160 ) ) ;
#6487 = CIRCLE ( 'NONE', #4763, 47.49900000000000233 ) ;
#6488 = EDGE_LOOP ( 'NONE', ( #272, #2848, #2486, #6609 ) ) ;
#6489 = DIRECTION ( 'NONE',  ( -1.000000000000000000, 0.000000000000000000, -0.000000000000000000 ) ) ;
#6490 = DIRECTION ( 'NONE',  ( -1.000000000000000000, 0.000000000000000000, 0.000000000000000000 ) ) ;
#6491 = CARTESIAN_POINT ( 'NONE',  ( 11.99999999999999822, -29.60891106212760349, -37.14118181634798077 ) ) ;
#6492 = DIRECTION ( 'NONE',  ( 0.000000000000000000, -0.9980267284282708928, -0.06279051952932446223 ) ) ;
#6493 = AXIS2_PLACEMENT_3D ( 'NONE', #3007, #682, #3662 ) ;
#6494 = AXIS2_PLACEMENT_3D ( 'NONE', #2628, #871, #7448 ) ;
#6495 = EDGE_CURVE ( 'NONE', #6973, #5697, #4880, .T. ) ;
#6496 = AXIS2_PLACEMENT_3D ( 'NONE', #1396, #6545, #3151 ) ;
#6497 = AXIS2_PLACEMENT_3D ( 'NONE', #3763, #1391, #2159 ) ;
#6498 = ORIENTED_EDGE ( 'NONE', *, *, #5121, .F. ) ;
#6499 = CARTESIAN_POINT ( 'NONE',  ( 0.000000000000000000, -7.162210897275365973, -51.50439529848836173 ) ) ;
#6500 = CARTESIAN_POINT ( 'NONE',  ( 0.000000000000000000, 7.162210897275707033, 51.50439529848831199 ) ) ;
#6501 = EDGE_CURVE ( 'NONE', #6018, #4700, #5748, .T. ) ;
#6502 = AXIS2_PLACEMENT_3D ( 'NONE', #2826, #6323, #1103 ) ;
#6503 = EDGE_LOOP ( 'NONE', ( #514, #5944, #1905, #485 ) ) ;
#6504 = EDGE_LOOP ( 'NONE', ( #812, #7543, #3092, #5279 ) ) ;
#6505 = ORIENTED_EDGE ( 'NONE', *, *, #4486, .T. ) ;
#6506 = ORIENTED_EDGE ( 'NONE', *, *, #615, .F. ) ;
#6507 = DIRECTION ( 'NONE',  ( 0.000000000000000000, 0.000000000000000000, 1.000000000000000000 ) ) ;
#6508 = CARTESIAN_POINT ( 'NONE',  ( 15.00000000000000178, 0.000000000000000000, 39.30000000000001847 ) ) ;
#6509 = DIRECTION ( 'NONE',  ( -1.000000000000000000, -0.000000000000000000, 0.000000000000000000 ) ) ;
#6510 = DIRECTION ( 'NONE',  ( -1.000000000000000000, 0.000000000000000000, 0.000000000000000000 ) ) ;
#6511 = ORIENTED_EDGE ( 'NONE', *, *, #461, .F. ) ;
#6512 = ORIENTED_EDGE ( 'NONE', *, *, #2817, .T. ) ;
#6513 = CYLINDRICAL_SURFACE ( 'NONE', #3997, 52.00000000000000000 ) ;
#6514 = FACE_OUTER_BOUND ( 'NONE', #3749, .T. ) ;
#6515 = DIRECTION ( 'NONE',  ( 0.000000000000000000, 0.000000000000000000, 1.000000000000000000 ) ) ;
#6516 = CARTESIAN_POINT ( 'NONE',  ( 11.99999999999999822, 50.95304419620825342, 10.38206564895678419 ) ) ;
#6517 = CARTESIAN_POINT ( 'NONE',  ( 11.99999999999999822, -39.78933988720097403, -24.98727647985041855 ) ) ;
#6518 = EDGE_CURVE ( 'NONE', #6863, #7117, #2188, .T. ) ;
#6519 = DIRECTION ( 'NONE',  ( 0.000000000000000000, -0.6845471059286950544, 0.7289686274214053352 ) ) ;
#6520 = LINE ( 'NONE', #1794, #6987 ) ;
#6521 = CARTESIAN_POINT ( 'NONE',  ( 11.99999999999999822, 5.667686777402349385, -46.64153600743598105 ) ) ;
#6522 = AXIS2_PLACEMENT_3D ( 'NONE', #4242, #4282, #3082 ) ;
#6523 = DIRECTION ( 'NONE',  ( -1.000000000000000000, 0.000000000000000000, 0.000000000000000000 ) ) ;
#6524 = CIRCLE ( 'NONE', #4445, 52.00000000000000000 ) ;
#6525 = CIRCLE ( 'NONE', #887, 52.00000000000000000 ) ;
#6526 = ORIENTED_EDGE ( 'NONE', *, *, #2242, .T. ) ;
#6527 = ADVANCED_FACE ( 'NONE', ( #2810 ), #2301, .T. ) ;
#6528 = FACE_OUTER_BOUND ( 'NONE', #2566, .T. ) ;
#6529 = FACE_OUTER_BOUND ( 'NONE', #3476, .T. ) ;
#6530 = AXIS2_PLACEMENT_3D ( 'NONE', #4563, #4479, #946 ) ;
#6531 = ORIENTED_EDGE ( 'NONE', *, *, #2075, .F. ) ;
#6532 = ORIENTED_EDGE ( 'NONE', *, *, #3169, .T. ) ;
#6533 = ORIENTED_EDGE ( 'NONE', *, *, #3826, .F. ) ;
#6534 = EDGE_LOOP ( 'NONE', ( #6769, #7326, #1511, #390 ) ) ;
#6536 = EDGE_CURVE ( 'NONE', #737, #1310, #6896, .T. ) ;
#6535 = CYLINDRICAL_SURFACE ( 'NONE', #6099, 20.00000000000000355 ) ;
#6537 = CARTESIAN_POINT ( 'NONE',  ( 11.99999999999999822, 49.65209126885762458, 15.44894276735569782 ) ) ;
#6538 = CARTESIAN_POINT ( 'NONE',  ( 11.99999999999999822, -44.75336757549789723, 14.30704879393588769 ) ) ;
#6539 = ORIENTED_EDGE ( 'NONE', *, *, #2218, .T. ) ;
#6540 = ORIENTED_EDGE ( 'NONE', *, *, #7438, .F. ) ;
#6541 = CARTESIAN_POINT ( 'NONE',  ( 0.000000000000000000, 0.000000000000000000, 39.30000000000002558 ) ) ;
#6542 = CARTESIAN_POINT ( 'NONE',  ( 12.00000000000000000, -38.92705108641711576, -27.21837053747839263 ) ) ;
#6543 = CARTESIAN_POINT ( 'NONE',  ( 12.00000000000000000, -34.03046037009278280, 33.13733193845793323 ) ) ;
#6544 = DIRECTION ( 'NONE',  ( -1.000000000000000000, 0.000000000000000000, -0.000000000000000000 ) ) ;
#6545 = DIRECTION ( 'NONE',  ( -1.000000000000000000, 0.000000000000000000, 0.000000000000000000 ) ) ;
#6546 = CIRCLE ( 'NONE', #3101, 20.00000000000000711 ) ;
#6547 = EDGE_CURVE ( 'NONE', #7318, #3605, #6967, .T. ) ;
#6548 = EDGE_CURVE ( 'NONE', #4163, #1498, #3530, .T. ) ;
#6549 = DIRECTION ( 'NONE',  ( 1.000000000000000000, 0.000000000000000000, 0.000000000000000000 ) ) ;
#6550 = CARTESIAN_POINT ( 'NONE',  ( 0.000000000000000000, 0.000000000000000000, 0.000000000000000000 ) ) ;
#6551 = DIRECTION ( 'NONE',  ( 0.000000000000000000, -0.7705132427757949154, 0.6374239897486827511 ) ) ;
#6552 = DIRECTION ( 'NONE',  ( -1.000000000000000000, 0.000000000000000000, -0.000000000000000000 ) ) ;
#6553 = DIRECTION ( 'NONE',  ( -1.000000000000000000, 0.000000000000000000, 0.000000000000000000 ) ) ;
#6554 = CIRCLE ( 'NONE', #550, 1.699999999999975753 ) ;
#6555 = ORIENTED_EDGE ( 'NONE', *, *, #1454, .F. ) ;
#6556 = ADVANCED_FACE ( 'NONE', ( #7007 ), #4509, .T. ) ;
#6557 = CIRCLE ( 'NONE', #6946, 20.00000000000000711 ) ;
#6558 = EDGE_LOOP ( 'NONE', ( #6539, #3746, #6118, #3177 ) ) ;
#6559 = CARTESIAN_POINT ( 'NONE',  ( 11.99999999999999822, 0.000000000000000000, 0.000000000000000000 ) ) ;
#6560 = FACE_OUTER_BOUND ( 'NONE', #5201, .T. ) ;
#6561 = CARTESIAN_POINT ( 'NONE',  ( 0.000000000000000000, -50.95304419620833158, 10.38206564895641826 ) ) ;
#6562 = VECTOR ( 'NONE', #5960, 1000.000000000000000 ) ;
#6563 = EDGE_CURVE ( 'NONE', #5496, #7530, #4024, .T. ) ;
#6564 = ORIENTED_EDGE ( 'NONE', *, *, #4077, .F. ) ;
#6565 = VECTOR ( 'NONE', #904, 1000.000000000000000 ) ;
#6566 = ORIENTED_EDGE ( 'NONE', *, *, #209, .F. ) ;
#6567 = VERTEX_POINT ( 'NONE', #1699 ) ;
#6568 = AXIS2_PLACEMENT_3D ( 'NONE', #643, #7088, #3512 ) ;
#6569 = ORIENTED_EDGE ( 'NONE', *, *, #4657, .F. ) ;
#6570 = VECTOR ( 'NONE', #4086, 1000.000000000000000 ) ;
#6571 = DIRECTION ( 'NONE',  ( -1.000000000000000000, 0.000000000000000000, 0.000000000000000000 ) ) ;
#6572 = AXIS2_PLACEMENT_3D ( 'NONE', #3045, #3079, #255 ) ;
#6573 = DIRECTION ( 'NONE',  ( 0.000000000000000000, 0.000000000000000000, 1.000000000000000000 ) ) ;
#6574 = DIRECTION ( 'NONE',  ( -1.000000000000000000, 0.000000000000000000, 0.000000000000000000 ) ) ;
#6575 = AXIS2_PLACEMENT_3D ( 'NONE', #7160, #4790, #1290 ) ;
#6576 = ORIENTED_EDGE ( 'NONE', *, *, #1250, .F. ) ;
#6577 = ORIENTED_EDGE ( 'NONE', *, *, #120, .F. ) ;
#6578 = EDGE_CURVE ( 'NONE', #2128, #240, #2307, .T. ) ;
#6579 = ORIENTED_EDGE ( 'NONE', *, *, #5902, .T. ) ;
#6580 = CIRCLE ( 'NONE', #5606, 52.00000000000000000 ) ;
#6581 = CYLINDRICAL_SURFACE ( 'NONE', #3651, 52.00000000000000000 ) ;
#6582 = DIRECTION ( 'NONE',  ( -1.000000000000000000, 0.000000000000000000, 0.000000000000000000 ) ) ;
#6583 = CARTESIAN_POINT ( 'NONE',  ( 0.000000000000000000, 0.000000000000000000, 41.00000000000000000 ) ) ;
#6584 = CARTESIAN_POINT ( 'NONE',  ( 12.00000000000000000, 0.000000000000000000, 0.000000000000000000 ) ) ;
#6585 = DIRECTION ( 'NONE',  ( 1.000000000000000000, 0.000000000000000000, -0.000000000000000000 ) ) ;
#6586 = EDGE_CURVE ( 'NONE', #1343, #1209, #5977, .T. ) ;
#6587 = AXIS2_PLACEMENT_3D ( 'NONE', #3808, #6159, #1479 ) ;
#6588 = AXIS2_PLACEMENT_3D ( 'NONE', #5285, #4562, #7479 ) ;
#6589 = CIRCLE ( 'NONE', #6233, 20.00000000000000355 ) ;
#6590 = EDGE_CURVE ( 'NONE', #5772, #2497, #1586, .T. ) ;
#6591 = CIRCLE ( 'NONE', #1567, 52.00000000000000000 ) ;
#6592 = CARTESIAN_POINT ( 'NONE',  ( 12.00000000000000000, 0.000000000000000000, 0.000000000000000000 ) ) ;
#6593 = DIRECTION ( 'NONE',  ( -1.000000000000000000, -0.000000000000000000, 0.000000000000000000 ) ) ;
#6594 = CYLINDRICAL_SURFACE ( 'NONE', #5537, 20.00000000000000355 ) ;
#6595 = CARTESIAN_POINT ( 'NONE',  ( 0.000000000000000000, -46.11014828289849987, 9.022736828080546445 ) ) ;
#6596 = CARTESIAN_POINT ( 'NONE',  ( 0.000000000000000000, -19.44205635905509766, -43.33776004284629835 ) ) ;
#6597 = ORIENTED_EDGE ( 'NONE', *, *, #2979, .T. ) ;
#6598 = AXIS2_PLACEMENT_3D ( 'NONE', #2917, #7430, #1766 ) ;
#6599 = CIRCLE ( 'NONE', #2804, 20.00000000000000711 ) ;
#6600 = CIRCLE ( 'NONE', #6245, 47.49900000000000944 ) ;
#6601 = ORIENTED_EDGE ( 'NONE', *, *, #1588, .T. ) ;
#6602 = AXIS2_PLACEMENT_3D ( 'NONE', #2506, #1402, #4863 ) ;
#6603 = EDGE_CURVE ( 'NONE', #5840, #1663, #3292, .T. ) ;
#6604 = CARTESIAN_POINT ( 'NONE',  ( 11.99999999999999822, 0.000000000000000000, 0.000000000000000000 ) ) ;
#6605 = CYLINDRICAL_SURFACE ( 'NONE', #2986, 1.699999999999975753 ) ;
#6606 = CARTESIAN_POINT ( 'NONE',  ( 11.99999999999999822, -20.99948489194453316, 42.60488980472772624 ) ) ;
#6607 = ADVANCED_FACE ( 'NONE', ( #6926 ), #4662, .T. ) ;
#6608 = EDGE_CURVE ( 'NONE', #5496, #1472, #2807, .T. ) ;
#6609 = ORIENTED_EDGE ( 'NONE', *, *, #2805, .F. ) ;
#6610 = VERTEX_POINT ( 'NONE', #3420 ) ;
#6611 = AXIS2_PLACEMENT_3D ( 'NONE', #5462, #205, #6662 ) ;
#6612 = VECTOR ( 'NONE', #4047, 1000.000000000000000 ) ;
#6613 = EDGE_LOOP ( 'NONE', ( #4646, #3712, #5212, #7150 ) ) ;
#6614 = EDGE_LOOP ( 'NONE', ( #2774, #308, #2556, #6300 ) ) ;
#6615 = EDGE_CURVE ( 'NONE', #5050, #549, #5803, .T. ) ;
#6616 = DIRECTION ( 'NONE',  ( -1.000000000000000000, -0.000000000000000000, 0.000000000000000000 ) ) ;
#6617 = AXIS2_PLACEMENT_3D ( 'NONE', #4348, #3467, #5179 ) ;
#6618 = DIRECTION ( 'NONE',  ( 0.000000000000000000, 0.9822872507286879440, 0.1873813145857285700 ) ) ;
#6619 = DIRECTION ( 'NONE',  ( 0.000000000000000000, 0.6845471059286899473, -0.7289686274214103312 ) ) ;
#6620 = VERTEX_POINT ( 'NONE', #2844 ) ;
#6621 = EDGE_LOOP ( 'NONE', ( #793, #5533, #7053, #1723 ) ) ;
#6622 = ORIENTED_EDGE ( 'NONE', *, *, #4227, .F. ) ;
#6623 = DIRECTION ( 'NONE',  ( -1.000000000000000000, 0.000000000000000000, 0.000000000000000000 ) ) ;
#6624 = CARTESIAN_POINT ( 'NONE',  ( 0.000000000000000000, 24.47917365150011904, -45.87777302070909258 ) ) ;
#6625 = EDGE_CURVE ( 'NONE', #4123, #2328, #727, .T. ) ;
#6626 = CARTESIAN_POINT ( 'NONE',  ( 0.000000000000000000, 5.871425383722303160, -51.66745943012276143 ) ) ;
#6627 = DIRECTION ( 'NONE',  ( 0.000000000000000000, 0.5877852522924742473, -0.8090169943749465631 ) ) ;
#6628 = CARTESIAN_POINT ( 'NONE',  ( -10.00000000000000000, 0.000000000000000000, 0.000000000000000000 ) ) ;
#6629 = ORIENTED_EDGE ( 'NONE', *, *, #1027, .T. ) ;
#6630 = ADVANCED_FACE ( 'NONE', ( #1125 ), #3454, .F. ) ;
#6631 = ADVANCED_FACE ( 'NONE', ( #7163 ), #2004, .T. ) ;
#6632 = DIRECTION ( 'NONE',  ( -1.000000000000000000, 0.000000000000000000, 0.000000000000000000 ) ) ;
#6633 = DIRECTION ( 'NONE',  ( 0.000000000000000000, 0.3681245526846718685, 0.9297764858882539007 ) ) ;
#6634 = DIRECTION ( 'NONE',  ( 1.000000000000000000, 0.000000000000000000, 0.000000000000000000 ) ) ;
#6635 = DIRECTION ( 'NONE',  ( 0.000000000000000000, 0.000000000000000000, -1.000000000000000000 ) ) ;
#6636 = DIRECTION ( 'NONE',  ( 0.000000000000000000, -0.9980267284282723361, 0.06279051952930261860 ) ) ;
#6637 = EDGE_CURVE ( 'NONE', #1428, #4513, #3664, .T. ) ;
#6638 = ORIENTED_EDGE ( 'NONE', *, *, #3573, .F. ) ;
#6639 = CIRCLE ( 'NONE', #3328, 52.00000000000000000 ) ;
#6640 = ORIENTED_EDGE ( 'NONE', *, *, #295, .T. ) ;
#6641 = DIRECTION ( 'NONE',  ( 0.000000000000000000, 0.000000000000000000, 1.000000000000000000 ) ) ;
#6642 = DIRECTION ( 'NONE',  ( -0.000000000000000000, 0.000000000000000000, 1.000000000000000000 ) ) ;
#6643 = DIRECTION ( 'NONE',  ( 0.000000000000000000, 0.9510565162951544194, -0.3090169943749448977 ) ) ;
#6644 = VERTEX_POINT ( 'NONE', #7204 ) ;
#6645 = ORIENTED_EDGE ( 'NONE', *, *, #5048, .T. ) ;
#6646 = CIRCLE ( 'NONE', #3331, 52.00000000000000000 ) ;
#6647 = EDGE_LOOP ( 'NONE', ( #951, #4336, #4366, #6287 ) ) ;
#6648 = ORIENTED_EDGE ( 'NONE', *, *, #6536, .F. ) ;
#6649 = ADVANCED_FACE ( 'NONE', ( #684 ), #1294, .F. ) ;
#6650 = CARTESIAN_POINT ( 'NONE',  ( 11.99999999999999822, 46.19362259308845609, -8.585149169757976040 ) ) ;
#6651 = CARTESIAN_POINT ( 'NONE',  ( 12.00000000000000000, 0.000000000000000000, 0.000000000000000000 ) ) ;
#6652 = CARTESIAN_POINT ( 'NONE',  ( 11.99999999999999822, 18.53613841426859565, -48.58406706613883586 ) ) ;
#6653 = EDGE_LOOP ( 'NONE', ( #4383, #5014, #1911, #6899 ) ) ;
#6654 = EDGE_LOOP ( 'NONE', ( #5078, #273, #662, #1614 ) ) ;
#6655 = DIRECTION ( 'NONE',  ( -1.000000000000000000, 0.000000000000000000, -0.000000000000000000 ) ) ;
#6656 = EDGE_CURVE ( 'NONE', #169, #672, #7281, .T. ) ;
#6657 = DIRECTION ( 'NONE',  ( 0.000000000000000000, 0.3681245526846786964, -0.9297764858882511252 ) ) ;
#6658 = CARTESIAN_POINT ( 'NONE',  ( 5.999999999999999112, -35.11945359308084136, -38.34871548466050228 ) ) ;
#6659 = DIRECTION ( 'NONE',  ( 0.000000000000000000, 0.000000000000000000, 1.000000000000000000 ) ) ;
#6660 = DIRECTION ( 'NONE',  ( 1.000000000000000000, -0.000000000000000000, -0.000000000000000000 ) ) ;
#6661 = LINE ( 'NONE', #5395, #3497 ) ;
#6662 = DIRECTION ( 'NONE',  ( 0.000000000000000000, 0.000000000000000000, 1.000000000000000000 ) ) ;
#6663 = EDGE_CURVE ( 'NONE', #1343, #6277, #7132, .T. ) ;
#6664 = ORIENTED_EDGE ( 'NONE', *, *, #4245, .F. ) ;
#6665 = VERTEX_POINT ( 'NONE', #2469 ) ;
#6666 = LINE ( 'NONE', #7236, #452 ) ;
#6667 = DIRECTION ( 'NONE',  ( -0.000000000000000000, 0.000000000000000000, 1.000000000000000000 ) ) ;
#6668 = DIRECTION ( 'NONE',  ( -1.000000000000000000, -0.000000000000000000, 0.000000000000000000 ) ) ;
#6669 = DIRECTION ( 'NONE',  ( 0.000000000000000000, 0.9048270524660176894, 0.4257792915650767118 ) ) ;
#6670 = LINE ( 'NONE', #4987, #1257 ) ;
#6671 = ORIENTED_EDGE ( 'NONE', *, *, #2481, .T. ) ;
#6672 = ORIENTED_EDGE ( 'NONE', *, *, #3539, .T. ) ;
#6673 = ORIENTED_EDGE ( 'NONE', *, *, #4715, .T. ) ;
#6674 = CARTESIAN_POINT ( 'NONE',  ( 6.000000000000000000, -30.03615769709706029, -42.44795908869020451 ) ) ;
#6675 = CARTESIAN_POINT ( 'NONE',  ( 12.00000000000000000, -45.78515115856033191, -12.64416602183715810 ) ) ;
#6676 = AXIS2_PLACEMENT_3D ( 'NONE', #654, #3481, #1194 ) ;
#6677 = DIRECTION ( 'NONE',  ( -1.000000000000000000, 0.000000000000000000, -0.000000000000000000 ) ) ;
#6678 = CARTESIAN_POINT ( 'NONE',  ( 11.99999999999999822, 15.49408907645236155, -44.90087086784575376 ) ) ;
#6679 = ORIENTED_EDGE ( 'NONE', *, *, #3854, .F. ) ;
#6680 = ORIENTED_EDGE ( 'NONE', *, *, #7475, .F. ) ;
#6681 = VERTEX_POINT ( 'NONE', #4206 ) ;
#6682 = ORIENTED_EDGE ( 'NONE', *, *, #4297, .T. ) ;
#6683 = CIRCLE ( 'NONE', #1781, 19.99999999999999645 ) ;
#6684 = DIRECTION ( 'NONE',  ( 1.000000000000000000, 0.000000000000000000, 0.000000000000000000 ) ) ;
#6685 = CARTESIAN_POINT ( 'NONE',  ( 0.000000000000000000, 18.53613841426790998, 48.58406706613910586 ) ) ;
#6686 = FACE_OUTER_BOUND ( 'NONE', #5659, .T. ) ;
#6687 = ORIENTED_EDGE ( 'NONE', *, *, #4897, .F. ) ;
#6688 = ORIENTED_EDGE ( 'NONE', *, *, #4719, .T. ) ;
#6689 = ADVANCED_FACE ( 'NONE', ( #4281 ), #5433, .T. ) ;
#6690 = EDGE_CURVE ( 'NONE', #4998, #1657, #1160, .T. ) ;
#6691 = VECTOR ( 'NONE', #5760, 1000.000000000000000 ) ;
#6692 = ORIENTED_EDGE ( 'NONE', *, *, #3216, .F. ) ;
#6693 = VECTOR ( 'NONE', #6294, 1000.000000000000000 ) ;
#6694 = LINE ( 'NONE', #4230, #6376 ) ;
#6695 = CARTESIAN_POINT ( 'NONE',  ( 12.00000000000000000, 46.21320724403648939, 10.97699764141968970 ) ) ;
#6696 = CARTESIAN_POINT ( 'NONE',  ( 0.000000000000000000, 0.000000000000000000, 0.000000000000000000 ) ) ;
#6697 = CARTESIAN_POINT ( 'NONE',  ( 11.99999999999999822, 51.19683565102457123, -9.104066087302943089 ) ) ;
#6698 = AXIS2_PLACEMENT_3D ( 'NONE', #1364, #6753, #3236 ) ;
#6699 = FACE_OUTER_BOUND ( 'NONE', #2420, .T. ) ;
#6700 = CARTESIAN_POINT ( 'NONE',  ( 12.00000000000000000, 0.000000000000000000, 0.000000000000000000 ) ) ;
#6701 = CARTESIAN_POINT ( 'NONE',  ( 12.00000000000000000, -43.83938735307280865, 18.28286404005783083 ) ) ;
#6702 = EDGE_CURVE ( 'NONE', #2413, #4331, #4241, .T. ) ;
#6703 = ORIENTED_EDGE ( 'NONE', *, *, #5926, .F. ) ;
#6704 = EDGE_CURVE ( 'NONE', #6841, #5925, #2191, .T. ) ;
#6705 = AXIS2_PLACEMENT_3D ( 'NONE', #1964, #3731, #3817 ) ;
#6706 = ORIENTED_EDGE ( 'NONE', *, *, #952, .F. ) ;
#6707 = PLANE ( 'NONE',  #75 ) ;
#6708 = AXIS2_PLACEMENT_3D ( 'NONE', #1560, #6937, #3894 ) ;
#6709 = PLANE ( 'NONE',  #3876 ) ;
#6710 = LINE ( 'NONE', #5936, #5214 ) ;
#6711 = DIRECTION ( 'NONE',  ( -1.000000000000000000, -0.000000000000000000, 0.000000000000000000 ) ) ;
#6712 = DIRECTION ( 'NONE',  ( -1.000000000000000000, -0.000000000000000000, -0.000000000000000000 ) ) ;
#6713 = VERTEX_POINT ( 'NONE', #3161 ) ;
#6714 = AXIS2_PLACEMENT_3D ( 'NONE', #2381, #6574, #1314 ) ;
#6715 = ORIENTED_EDGE ( 'NONE', *, *, #3915, .T. ) ;
#6716 = AXIS2_PLACEMENT_3D ( 'NONE', #6651, #894, #771 ) ;
#6717 = EDGE_LOOP ( 'NONE', ( #4898, #7265, #3811, #5009 ) ) ;
#6718 = ORIENTED_EDGE ( 'NONE', *, *, #6578, .F. ) ;
#6719 = CARTESIAN_POINT ( 'NONE',  ( -10.00000000000000000, 0.000000000000000000, 0.000000000000000000 ) ) ;
#6720 = DIRECTION ( 'NONE',  ( 0.000000000000000000, 0.000000000000000000, 1.000000000000000000 ) ) ;
#6721 = DIRECTION ( 'NONE',  ( -1.000000000000000000, -0.000000000000000000, -0.000000000000000000 ) ) ;
#6722 = CIRCLE ( 'NONE', #1913, 20.00000000000000355 ) ;
#6723 = EDGE_CURVE ( 'NONE', #3649, #3836, #3646, .T. ) ;
#6724 = ORIENTED_EDGE ( 'NONE', *, *, #1253, .T. ) ;
#6725 = ORIENTED_EDGE ( 'NONE', *, *, #6608, .T. ) ;
#6726 = AXIS2_PLACEMENT_3D ( 'NONE', #1762, #5687, #2332 ) ;
#6727 = ORIENTED_EDGE ( 'NONE', *, *, #6842, .F. ) ;
#6728 = CIRCLE ( 'NONE', #1321, 52.00000000000000000 ) ;
#6729 = VERTEX_POINT ( 'NONE', #3047 ) ;
#6730 = EDGE_CURVE ( 'NONE', #3477, #3605, #5632, .T. ) ;
#6731 = CARTESIAN_POINT ( 'NONE',  ( 0.000000000000000000, 0.000000000000000000, 0.000000000000000000 ) ) ;
#6732 = DIRECTION ( 'NONE',  ( -1.000000000000000000, 0.000000000000000000, 0.000000000000000000 ) ) ;
#6733 = CYLINDRICAL_SURFACE ( 'NONE', #2405, 20.00000000000000355 ) ;
#6734 = EDGE_CURVE ( 'NONE', #2517, #1407, #7101, .T. ) ;
#6735 = AXIS2_PLACEMENT_3D ( 'NONE', #7490, #1570, #293 ) ;
#6736 = AXIS2_PLACEMENT_3D ( 'NONE', #4270, #6623, #7153 ) ;
#6737 = EDGE_LOOP ( 'NONE', ( #2816, #1904, #7010, #4097 ) ) ;
#6738 = EDGE_LOOP ( 'NONE', ( #5241, #2436, #4733, #3672 ) ) ;
#6739 = VERTEX_POINT ( 'NONE', #757 ) ;
#6740 = AXIS2_PLACEMENT_3D ( 'NONE', #5506, #7234, #1256 ) ;
#6741 = AXIS2_PLACEMENT_3D ( 'NONE', #4179, #2952, #3669 ) ;
#6742 = CARTESIAN_POINT ( 'NONE',  ( 0.000000000000000000, 0.000000000000000000, -42.69999999999998153 ) ) ;
#6743 = CARTESIAN_POINT ( 'NONE',  ( 12.00000000000000000, 24.72041153920730849, 40.55929306992697292 ) ) ;
#6744 = DIRECTION ( 'NONE',  ( -1.000000000000000000, 0.000000000000000000, -0.000000000000000000 ) ) ;
#6745 = DIRECTION ( 'NONE',  ( -1.000000000000000000, 0.000000000000000000, 0.000000000000000000 ) ) ;
#6746 = CARTESIAN_POINT ( 'NONE',  ( 12.00000000000000000, -35.20873326984057883, -31.88259874184068465 ) ) ;
#6747 = CARTESIAN_POINT ( 'NONE',  ( 5.999999999999999112, 43.55304910509406824, 28.41006711799999707 ) ) ;
#6748 = CARTESIAN_POINT ( 'NONE',  ( 0.000000000000000000, -30.03615769709764294, 42.44795908868978529 ) ) ;
#6749 = ORIENTED_EDGE ( 'NONE', *, *, #1119, .F. ) ;
#6750 = AXIS2_PLACEMENT_3D ( 'NONE', #56, #7084, #5320 ) ;
#6751 = ORIENTED_EDGE ( 'NONE', *, *, #6344, .T. ) ;
#6752 = CARTESIAN_POINT ( 'NONE',  ( 11.99999999999999822, -5.667686777402022535, 46.64153600743603079 ) ) ;
#6753 = DIRECTION ( 'NONE',  ( 1.000000000000000000, 0.000000000000000000, 0.000000000000000000 ) ) ;
#6754 = LINE ( 'NONE', #1488, #2277 ) ;
#6755 = CARTESIAN_POINT ( 'NONE',  ( 6.000000000000000000, 49.65209126885785196, -15.44894276735499794 ) ) ;
#6756 = CARTESIAN_POINT ( 'NONE',  ( 5.999999999999999112, -36.06787431788703913, 37.45808914225477082 ) ) ;
#6757 = LINE ( 'NONE', #1450, #7253 ) ;
#6758 = EDGE_CURVE ( 'NONE', #3914, #7330, #108, .T. ) ;
#6759 = EDGE_LOOP ( 'NONE', ( #6059, #6143, #6393, #3284 ) ) ;
#6760 = ORIENTED_EDGE ( 'NONE', *, *, #2451, .F. ) ;
#6761 = ORIENTED_EDGE ( 'NONE', *, *, #145, .F. ) ;
#6762 = ORIENTED_EDGE ( 'NONE', *, *, #5790, .F. ) ;
#6763 = CARTESIAN_POINT ( 'NONE',  ( 6.000000000000000000, 49.25004636492389665, 16.68630974939776124 ) ) ;
#6764 = LINE ( 'NONE', #1007, #6193 ) ;
#6765 = DIRECTION ( 'NONE',  ( -1.000000000000000000, -0.000000000000000000, 0.000000000000000000 ) ) ;
#6766 = ORIENTED_EDGE ( 'NONE', *, *, #583, .T. ) ;
#6767 = AXIS2_PLACEMENT_3D ( 'NONE', #2977, #3010, #4758 ) ;
#6768 = ORIENTED_EDGE ( 'NONE', *, *, #3167, .F. ) ;
#6769 = ORIENTED_EDGE ( 'NONE', *, *, #891, .F. ) ;
#6770 = DIRECTION ( 'NONE',  ( -1.000000000000000000, -0.000000000000000000, 0.000000000000000000 ) ) ;
#6771 = FACE_OUTER_BOUND ( 'NONE', #3099, .T. ) ;
#6772 = DIRECTION ( 'NONE',  ( 0.000000000000000000, 0.000000000000000000, 1.000000000000000000 ) ) ;
#6773 = CIRCLE ( 'NONE', #1134, 52.00000000000000000 ) ;
#6774 = VERTEX_POINT ( 'NONE', #3009 ) ;
#6775 = ORIENTED_EDGE ( 'NONE', *, *, #377, .T. ) ;
#6776 = ORIENTED_EDGE ( 'NONE', *, *, #2809, .F. ) ;
#6777 = CIRCLE ( 'NONE', #1372, 20.00000000000000711 ) ;
#6778 = ADVANCED_FACE ( 'NONE', ( #3081 ), #3116, .T. ) ;
#6779 = CYLINDRICAL_SURFACE ( 'NONE', #1465, 20.00000000000000355 ) ;
#6780 = LINE ( 'NONE', #6197, #109 ) ;
#6781 = DIRECTION ( 'NONE',  ( 1.000000000000000000, -0.000000000000000000, -0.000000000000000000 ) ) ;
#6782 = DIRECTION ( 'NONE',  ( -1.000000000000000000, -0.000000000000000000, -0.000000000000000000 ) ) ;
#6783 = DIRECTION ( 'NONE',  ( -1.000000000000000000, 0.000000000000000000, 0.000000000000000000 ) ) ;
#6784 = DIRECTION ( 'NONE',  ( 0.000000000000000000, 0.6845471059286846183, 0.7289686274214152162 ) ) ;
#6785 = DIRECTION ( 'NONE',  ( 0.000000000000000000, 0.2486898871648552389, -0.9685831611286309650 ) ) ;
#6786 = ORIENTED_EDGE ( 'NONE', *, *, #4068, .T. ) ;
#6787 = AXIS2_PLACEMENT_3D ( 'NONE', #4997, #3213, #5612 ) ;
#6788 = VERTEX_POINT ( 'NONE', #6080 ) ;
#6789 = DIRECTION ( 'NONE',  ( 1.000000000000000000, 0.000000000000000000, 0.000000000000000000 ) ) ;
#6790 = CARTESIAN_POINT ( 'NONE',  ( 0.000000000000000000, -51.19683565102450729, 9.104066087303300137 ) ) ;
#6791 = CARTESIAN_POINT ( 'NONE',  ( 12.00000000000000000, 15.49408907645236155, -44.90087086784575376 ) ) ;
#6792 = DIRECTION ( 'NONE',  ( -1.000000000000000000, 0.000000000000000000, 0.000000000000000000 ) ) ;
#6793 = CARTESIAN_POINT ( 'NONE',  ( 11.99999999999999822, 25.61928775981106199, -45.25098998563451147 ) ) ;
#6794 = DIRECTION ( 'NONE',  ( -1.000000000000000000, -0.000000000000000000, -0.000000000000000000 ) ) ;
#6795 = ORIENTED_EDGE ( 'NONE', *, *, #984, .T. ) ;
#6796 = ADVANCED_FACE ( 'NONE', ( #2588 ), #4942, .T. ) ;
#6797 = EDGE_CURVE ( 'NONE', #1791, #3639, #1327, .T. ) ;
#6798 = EDGE_LOOP ( 'NONE', ( #6478, #4587, #4554, #6278 ) ) ;
#6799 = ORIENTED_EDGE ( 'NONE', *, *, #6132, .F. ) ;
#6800 = ORIENTED_EDGE ( 'NONE', *, *, #5568, .F. ) ;
#6801 = LINE ( 'NONE', #6674, #2388 ) ;
#6802 = DIRECTION ( 'NONE',  ( 0.000000000000000000, 0.000000000000000000, 1.000000000000000000 ) ) ;
#6803 = CARTESIAN_POINT ( 'NONE',  ( 11.99999999999999822, -35.11945359308084136, -38.34871548466050228 ) ) ;
#6804 = CARTESIAN_POINT ( 'NONE',  ( 0.000000000000000000, -37.91532898920898731, -28.61088654061681424 ) ) ;
#6805 = EDGE_CURVE ( 'NONE', #6887, #5127, #3771, .T. ) ;
#6806 = ORIENTED_EDGE ( 'NONE', *, *, #3321, .T. ) ;
#6807 = ADVANCED_FACE ( 'NONE', ( #2175 ), #4533, .F. ) ;
#6808 = ORIENTED_EDGE ( 'NONE', *, *, #5547, .F. ) ;
#6809 = AXIS2_PLACEMENT_3D ( 'NONE', #6451, #5302, #3588 ) ;
#6810 = ORIENTED_EDGE ( 'NONE', *, *, #6407, .F. ) ;
#6811 = CARTESIAN_POINT ( 'NONE',  ( 11.99999999999999822, 46.11014828289830803, 9.022736828081534100 ) ) ;
#6812 = CARTESIAN_POINT ( 'NONE',  ( 11.99999999999999822, -11.90021268425588197, 45.45261810511210143 ) ) ;
#6813 = ORIENTED_EDGE ( 'NONE', *, *, #1598, .F. ) ;
#6814 = ORIENTED_EDGE ( 'NONE', *, *, #7159, .T. ) ;
#6815 = AXIS2_PLACEMENT_3D ( 'NONE', #7499, #6269, #2107 ) ;
#6816 = ORIENTED_EDGE ( 'NONE', *, *, #6832, .T. ) ;
#6817 = VECTOR ( 'NONE', #3148, 1000.000000000000000 ) ;
#6818 = CARTESIAN_POINT ( 'NONE',  ( 15.00000000000000178, 41.00000000000000000, 0.000000000000000000 ) ) ;
#6819 = CYLINDRICAL_SURFACE ( 'NONE', #1593, 35.00000000000000711 ) ;
#6820 = CARTESIAN_POINT ( 'NONE',  ( 11.99999999999999822, -46.87740477351719193, 3.172455868805044599 ) ) ;
#6821 = DIRECTION ( 'NONE',  ( 0.000000000000000000, 0.9048270524660205760, -0.4257792915650702170 ) ) ;
#6822 = CARTESIAN_POINT ( 'NONE',  ( 12.00000000000000000, 47.49120266317495265, -0.8606222198177008176 ) ) ;
#6823 = DIRECTION ( 'NONE',  ( -1.000000000000000000, 0.000000000000000000, 0.000000000000000000 ) ) ;
#6824 = DIRECTION ( 'NONE',  ( -1.000000000000000000, -0.000000000000000000, -0.000000000000000000 ) ) ;
#6825 = AXIS2_PLACEMENT_3D ( 'NONE', #2011, #7332, #5519 ) ;
#6826 = ORIENTED_EDGE ( 'NONE', *, *, #5837, .F. ) ;
#6827 = EDGE_CURVE ( 'NONE', #2260, #2328, #5034, .T. ) ;
#6828 = CIRCLE ( 'NONE', #5456, 20.00000000000000711 ) ;
#6829 = AXIS2_PLACEMENT_3D ( 'NONE', #6592, #6489, #6005 ) ;
#6830 =( NAMED_UNIT ( * ) PLANE_ANGLE_UNIT ( ) SI_UNIT ( $, .RADIAN. ) );
#6831 = CARTESIAN_POINT ( 'NONE',  ( 11.99999999999999822, 38.92705108641732892, 27.21837053747810842 ) ) ;
#6832 = EDGE_CURVE ( 'NONE', #5772, #3363, #7324, .T. ) ;
#6833 = AXIS2_PLACEMENT_3D ( 'NONE', #3768, #863, #5543 ) ;
#6834 = DIRECTION ( 'NONE',  ( -1.000000000000000000, 0.000000000000000000, 0.000000000000000000 ) ) ;
#6835 = DIRECTION ( 'NONE',  ( 0.000000000000000000, -0.4817536741017223179, 0.8763066800438598092 ) ) ;
#6836 = DIRECTION ( 'NONE',  ( 1.000000000000000000, 0.000000000000000000, 0.000000000000000000 ) ) ;
#6837 = DIRECTION ( 'NONE',  ( -1.000000000000000000, -0.000000000000000000, 0.000000000000000000 ) ) ;
#6838 = AXIS2_PLACEMENT_3D ( 'NONE', #2002, #2626, #2546 ) ;
#6839 = ORIENTED_EDGE ( 'NONE', *, *, #4512, .T. ) ;
#6840 = AXIS2_PLACEMENT_3D ( 'NONE', #2210, #2861, #6292 ) ;
#6841 = VERTEX_POINT ( 'NONE', #2675 ) ;
#6842 = EDGE_CURVE ( 'NONE', #6237, #2208, #2055, .T. ) ;
#6843 = EDGE_LOOP ( 'NONE', ( #6149, #1063, #4226, #2140 ) ) ;
#6844 = AXIS2_PLACEMENT_3D ( 'NONE', #948, #5666, #5634 ) ;
#6845 = ORIENTED_EDGE ( 'NONE', *, *, #2934, .T. ) ;
#6846 = CARTESIAN_POINT ( 'NONE',  ( 0.000000000000000000, 32.32520163883631881, -34.09746168776001696 ) ) ;
#6847 = DIRECTION ( 'NONE',  ( 0.000000000000000000, 0.000000000000000000, 1.000000000000000000 ) ) ;
#6848 = DIRECTION ( 'NONE',  ( 0.000000000000000000, 0.000000000000000000, -1.000000000000000000 ) ) ;
#6849 = DIRECTION ( 'NONE',  ( 0.000000000000000000, 0.000000000000000000, 1.000000000000000000 ) ) ;
#6850 = VECTOR ( 'NONE', #277, 1000.000000000000000 ) ;
#6851 = ORIENTED_EDGE ( 'NONE', *, *, #6797, .T. ) ;
#6852 = VERTEX_POINT ( 'NONE', #3202 ) ;
#6853 = CIRCLE ( 'NONE', #4250, 20.00000000000000711 ) ;
#6854 = AXIS2_PLACEMENT_3D ( 'NONE', #3421, #2338, #5168 ) ;
#6855 = EDGE_CURVE ( 'NONE', #3290, #1758, #340, .T. ) ;
#6856 = DIRECTION ( 'NONE',  ( 0.000000000000000000, 0.000000000000000000, 1.000000000000000000 ) ) ;
#6857 = CARTESIAN_POINT ( 'NONE',  ( 11.99999999999999822, -19.44205635905570873, 43.33776004284602124 ) ) ;
#6858 = ADVANCED_FACE ( 'NONE', ( #5152 ), #2751, .T. ) ;
#6859 = VERTEX_POINT ( 'NONE', #6881 ) ;
#6860 = VERTEX_POINT ( 'NONE', #7370 ) ;
#6861 = CIRCLE ( 'NONE', #4389, 52.00000000000000000 ) ;
#6862 = VECTOR ( 'NONE', #479, 1000.000000000000000 ) ;
#6863 = VERTEX_POINT ( 'NONE', #2096 ) ;
#6865 = DIRECTION ( 'NONE',  ( 0.000000000000000000, 0.000000000000000000, 1.000000000000000000 ) ) ;
#6864 = AXIS2_PLACEMENT_3D ( 'NONE', #1292, #2948, #5301 ) ;
#6866 = DIRECTION ( 'NONE',  ( 1.000000000000000000, 0.000000000000000000, 0.000000000000000000 ) ) ;
#6868 = CARTESIAN_POINT ( 'NONE',  ( 0.000000000000000000, 0.000000000000000000, 0.000000000000000000 ) ) ;
#6867 = AXIS2_PLACEMENT_3D ( 'NONE', #175, #6008, #6635 ) ;
#6869 = CARTESIAN_POINT ( 'NONE',  ( 0.000000000000000000, 17.50309955389676020, -43.60271849949344869 ) ) ;
#6870 = DIRECTION ( 'NONE',  ( -1.000000000000000000, 0.000000000000000000, -0.000000000000000000 ) ) ;
#6871 = CARTESIAN_POINT ( 'NONE',  ( 11.99999999999999822, 13.85708833599966816, 45.43276465116670693 ) ) ;
#6872 = ORIENTED_EDGE ( 'NONE', *, *, #6832, .F. ) ;
#6873 = CIRCLE ( 'NONE', #1708, 20.00000000000000355 ) ;
#6874 = AXIS2_PLACEMENT_3D ( 'NONE', #1742, #6431, #2776 ) ;
#6875 = AXIS2_PLACEMENT_3D ( 'NONE', #1021, #6935, #4084 ) ;
#6876 = ADVANCED_FACE ( 'NONE', ( #1449 ), #3360, .F. ) ;
#6877 = DIRECTION ( 'NONE',  ( 0.000000000000000000, 0.000000000000000000, -1.000000000000000000 ) ) ;
#6878 = DIRECTION ( 'NONE',  ( 1.000000000000000000, -0.000000000000000000, 0.000000000000000000 ) ) ;
#6879 = CARTESIAN_POINT ( 'NONE',  ( 0.000000000000000000, 0.000000000000000000, 0.000000000000000000 ) ) ;
#6880 = DIRECTION ( 'NONE',  ( -1.000000000000000000, 0.000000000000000000, -0.000000000000000000 ) ) ;
#6881 = CARTESIAN_POINT ( 'NONE',  ( 0.000000000000000000, 44.47301969247445186, 16.68249143361925135 ) ) ;
#6882 = DIRECTION ( 'NONE',  ( 0.000000000000000000, -0.6845471059286791782, -0.7289686274214204342 ) ) ;
#6883 = VECTOR ( 'NONE', #3852, 1000.000000000000000 ) ;
#6884 = EDGE_LOOP ( 'NONE', ( #4558, #7350, #806, #6795 ) ) ;
#6885 = EDGE_CURVE ( 'NONE', #1866, #5754, #3910, .T. ) ;
#6886 = ORIENTED_EDGE ( 'NONE', *, *, #4586, .F. ) ;
#6887 = VERTEX_POINT ( 'NONE', #3240 ) ;
#6888 = ORIENTED_EDGE ( 'NONE', *, *, #6331, .F. ) ;
#6889 = EDGE_CURVE ( 'NONE', #2681, #2993, #2716, .T. ) ;
#6890 = DIRECTION ( 'NONE',  ( 1.000000000000000000, -0.000000000000000000, -0.000000000000000000 ) ) ;
#6891 = DIRECTION ( 'NONE',  ( 0.000000000000000000, 0.000000000000000000, 1.000000000000000000 ) ) ;
#6892 = DIRECTION ( 'NONE',  ( 0.000000000000000000, 0.000000000000000000, 1.000000000000000000 ) ) ;
#6893 = CARTESIAN_POINT ( 'NONE',  ( 0.000000000000000000, 51.19683565102444334, 9.104066087303662513 ) ) ;
#6894 = VERTEX_POINT ( 'NONE', #6793 ) ;
#6895 = ORIENTED_EDGE ( 'NONE', *, *, #128, .T. ) ;
#6896 = LINE ( 'NONE', #2225, #6367 ) ;
#6897 = CARTESIAN_POINT ( 'NONE',  ( 5.999999999999999112, -25.61928775981074224, 45.25098998563469621 ) ) ;
#6898 = ORIENTED_EDGE ( 'NONE', *, *, #2109, .F. ) ;
#6899 = ORIENTED_EDGE ( 'NONE', *, *, #5547, .T. ) ;
#6900 = EDGE_LOOP ( 'NONE', ( #1140, #7546, #5444, #5807 ) ) ;
#6901 = ADVANCED_FACE ( 'NONE', ( #3863 ), #3945, .T. ) ;
#6902 = AXIS2_PLACEMENT_3D ( 'NONE', #5722, #6305, #7458 ) ;
#6903 = CARTESIAN_POINT ( 'NONE',  ( 0.000000000000000000, 15.49408907645236155, -44.90087086784575376 ) ) ;
#6904 = CARTESIAN_POINT ( 'NONE',  ( 12.00000000000000000, 44.47301969247445186, 16.68249143361925135 ) ) ;
#6905 = CYLINDRICAL_SURFACE ( 'NONE', #3207, 52.00000000000000000 ) ;
#6906 = LINE ( 'NONE', #1669, #464 ) ;
#6907 = CARTESIAN_POINT ( 'NONE',  ( 0.000000000000000000, 43.83938735307293655, -18.28286404005752530 ) ) ;
#6908 = CARTESIAN_POINT ( 'NONE',  ( 0.000000000000000000, -35.11945359308084136, -38.34871548466050228 ) ) ;
#6909 = VERTEX_POINT ( 'NONE', #959 ) ;
#6910 = VECTOR ( 'NONE', #4572, 1000.000000000000000 ) ;
#6911 = EDGE_CURVE ( 'NONE', #4000, #4700, #1821, .T. ) ;
#6912 = DIRECTION ( 'NONE',  ( 1.000000000000000000, -0.000000000000000000, -0.000000000000000000 ) ) ;
#6913 = CYLINDRICAL_SURFACE ( 'NONE', #194, 52.00000000000000000 ) ;
#6914 = CARTESIAN_POINT ( 'NONE',  ( 11.99999999999999822, -6.109652351741469367, -46.58570277113513924 ) ) ;
#6916 = CIRCLE ( 'NONE', #1019, 52.00000000000000000 ) ;
#6915 = DIRECTION ( 'NONE',  ( 0.000000000000000000, 0.000000000000000000, 1.000000000000000000 ) ) ;
#6917 = CARTESIAN_POINT ( 'NONE',  ( 5.999999999999999112, 49.65209126885762458, 15.44894276735570138 ) ) ;
#6918 = EDGE_LOOP ( 'NONE', ( #6175, #6204, #7227, #6220 ) ) ;
#6919 = ORIENTED_EDGE ( 'NONE', *, *, #6474, .F. ) ;
#6920 = ORIENTED_EDGE ( 'NONE', *, *, #3911, .F. ) ;
#6921 = CYLINDRICAL_SURFACE ( 'NONE', #1672, 20.00000000000000355 ) ;
#6922 = DIRECTION ( 'NONE',  ( 0.000000000000000000, -0.3681245526846854133, 0.9297764858882485717 ) ) ;
#6923 = DIRECTION ( 'NONE',  ( -1.000000000000000000, 0.000000000000000000, -0.000000000000000000 ) ) ;
#6924 = CARTESIAN_POINT ( 'NONE',  ( 0.000000000000000000, 31.08872492060013926, -41.68322423723068937 ) ) ;
#6925 = ORIENTED_EDGE ( 'NONE', *, *, #5670, .F. ) ;
#6926 = FACE_OUTER_BOUND ( 'NONE', #5291, .T. ) ;
#6927 = DIRECTION ( 'NONE',  ( -1.000000000000000000, -0.000000000000000000, -0.000000000000000000 ) ) ;
#6928 = ORIENTED_EDGE ( 'NONE', *, *, #4073, .F. ) ;
#6929 = ORIENTED_EDGE ( 'NONE', *, *, #7208, .T. ) ;
#6930 = AXIS2_PLACEMENT_3D ( 'NONE', #4318, #2468, #1965 ) ;
#6931 = EDGE_LOOP ( 'NONE', ( #378, #5647, #5774, #3760 ) ) ;
#6932 = EDGE_CURVE ( 'NONE', #1053, #4321, #6105, .T. ) ;
#6933 = VERTEX_POINT ( 'NONE', #6260 ) ;
#6934 = DIRECTION ( 'NONE',  ( 1.000000000000000000, 0.000000000000000000, 0.000000000000000000 ) ) ;
#6935 = DIRECTION ( 'NONE',  ( -1.000000000000000000, -0.000000000000000000, -0.000000000000000000 ) ) ;
#6936 = FACE_OUTER_BOUND ( 'NONE', #181, .T. ) ;
#6937 = DIRECTION ( 'NONE',  ( -1.000000000000000000, 0.000000000000000000, -0.000000000000000000 ) ) ;
#6938 = CIRCLE ( 'NONE', #7165, 20.00000000000001066 ) ;
#6939 = DIRECTION ( 'NONE',  ( 0.000000000000000000, 0.000000000000000000, -1.000000000000000000 ) ) ;
#6940 = CARTESIAN_POINT ( 'NONE',  ( 0.000000000000000000, 0.000000000000000000, 0.000000000000000000 ) ) ;
#6941 = EDGE_CURVE ( 'NONE', #1576, #2553, #999, .T. ) ;
#6942 = ORIENTED_EDGE ( 'NONE', *, *, #6578, .T. ) ;
#6943 = EDGE_CURVE ( 'NONE', #6307, #7113, #456, .T. ) ;
#6944 = EDGE_CURVE ( 'NONE', #6347, #7045, #7598, .T. ) ;
#6945 = DIRECTION ( 'NONE',  ( 1.000000000000000000, 0.000000000000000000, 0.000000000000000000 ) ) ;
#6946 = AXIS2_PLACEMENT_3D ( 'NONE', #4345, #3071, #1478 ) ;
#6947 = LINE ( 'NONE', #4681, #2157 ) ;
#6948 = LINE ( 'NONE', #1680, #4978 ) ;
#6949 = CARTESIAN_POINT ( 'NONE',  ( 11.99999999999999822, 39.55064067543097650, -25.36340625197318488 ) ) ;
#6950 = DIRECTION ( 'NONE',  ( -1.000000000000000000, 0.000000000000000000, 0.000000000000000000 ) ) ;
#6951 = ADVANCED_FACE ( 'NONE', ( #2903 ), #1182, .T. ) ;
#6952 = VECTOR ( 'NONE', #5931, 1000.000000000000000 ) ;
#6953 = VERTEX_POINT ( 'NONE', #647 ) ;
#6954 = AXIS2_PLACEMENT_3D ( 'NONE', #3446, #7567, #2909 ) ;
#6955 = VERTEX_POINT ( 'NONE', #3516 ) ;
#6956 = AXIS2_PLACEMENT_3D ( 'NONE', #5023, #4441, #6784 ) ;
#6957 = ORIENTED_EDGE ( 'NONE', *, *, #2992, .T. ) ;
#6958 = DIRECTION ( 'NONE',  ( 0.000000000000000000, 0.000000000000000000, 1.000000000000000000 ) ) ;
#6959 = CIRCLE ( 'NONE', #4855, 47.49900000000000944 ) ;
#6960 = CARTESIAN_POINT ( 'NONE',  ( 12.00000000000000000, 0.000000000000000000, 0.000000000000000000 ) ) ;
#6961 = CARTESIAN_POINT ( 'NONE',  ( -10.00000000000000000, 0.000000000000000000, 0.000000000000000000 ) ) ;
#6962 = CARTESIAN_POINT ( 'NONE',  ( 11.99999999999999822, 46.87740477351712087, 3.172455868806049128 ) ) ;
#6963 = AXIS2_PLACEMENT_3D ( 'NONE', #4055, #7444, #3976 ) ;
#6964 = AXIS2_PLACEMENT_3D ( 'NONE', #31, #2458, #2971 ) ;
#6965 = ORIENTED_EDGE ( 'NONE', *, *, #1883, .T. ) ;
#6966 = CARTESIAN_POINT ( 'NONE',  ( 11.99999999999999822, -42.41764978026620270, 20.20639853260276197 ) ) ;
#6968 = ADVANCED_FACE ( 'NONE', ( #2864 ), #5219, .F. ) ;
#6967 = LINE ( 'NONE', #6424, #6862 ) ;
#6969 = CIRCLE ( 'NONE', #2401, 52.00000000000000000 ) ;
#6970 = CYLINDRICAL_SURFACE ( 'NONE', #1693, 52.00000000000000000 ) ;
#6971 = ORIENTED_EDGE ( 'NONE', *, *, #5837, .T. ) ;
#6972 = ORIENTED_EDGE ( 'NONE', *, *, #2565, .T. ) ;
#6973 = VERTEX_POINT ( 'NONE', #3979 ) ;
#6974 = CIRCLE ( 'NONE', #3016, 47.49900000000000233 ) ;
#6975 = EDGE_CURVE ( 'NONE', #3086, #1563, #1105, .T. ) ;
#6976 = AXIS2_PLACEMENT_3D ( 'NONE', #2928, #2416, #4160 ) ;
#6977 = ORIENTED_EDGE ( 'NONE', *, *, #7019, .T. ) ;
#6978 = DIRECTION ( 'NONE',  ( -1.000000000000000000, -0.000000000000000000, -0.000000000000000000 ) ) ;
#6980 = EDGE_CURVE ( 'NONE', #4918, #3800, #4541, .T. ) ;
#6979 = CARTESIAN_POINT ( 'NONE',  ( 6.000000000000000000, 5.871425383721564195, 51.66745943012285380 ) ) ;
#6981 = CARTESIAN_POINT ( 'NONE',  ( 12.00000000000000000, 0.000000000000000000, 0.000000000000000000 ) ) ;
#6982 = DIRECTION ( 'NONE',  ( -1.000000000000000000, -0.000000000000000000, 0.000000000000000000 ) ) ;
#6983 = DIRECTION ( 'NONE',  ( -1.000000000000000000, 0.000000000000000000, 0.000000000000000000 ) ) ;
#6984 = AXIS2_PLACEMENT_3D ( 'NONE', #1954, #3718, #4307 ) ;
#6985 = CIRCLE ( 'NONE', #7343, 20.00000000000000355 ) ;
#6986 = ORIENTED_EDGE ( 'NONE', *, *, #5564, .F. ) ;
#6987 = VECTOR ( 'NONE', #653, 1000.000000000000000 ) ;
#6988 = VECTOR ( 'NONE', #3777, 1000.000000000000000 ) ;
#6989 = DIRECTION ( 'NONE',  ( -1.000000000000000000, 0.000000000000000000, -0.000000000000000000 ) ) ;
#6990 = CARTESIAN_POINT ( 'NONE',  ( 0.000000000000000000, 45.78515115856042428, 12.64416602183683125 ) ) ;
#6991 = DIRECTION ( 'NONE',  ( 0.000000000000000000, 0.000000000000000000, 1.000000000000000000 ) ) ;
#6992 = DIRECTION ( 'NONE',  ( 1.000000000000000000, 0.000000000000000000, 0.000000000000000000 ) ) ;
#6993 = FACE_OUTER_BOUND ( 'NONE', #4550, .T. ) ;
#6994 = ORIENTED_EDGE ( 'NONE', *, *, #1623, .F. ) ;
#6995 = AXIS2_PLACEMENT_3D ( 'NONE', #7547, #3429, #6865 ) ;
#6996 = ORIENTED_EDGE ( 'NONE', *, *, #6723, .T. ) ;
#6997 = ADVANCED_FACE ( 'NONE', ( #1070 ), #2831, .T. ) ;
#6998 = VECTOR ( 'NONE', #2671, 1000.000000000000000 ) ;
#6999 = CARTESIAN_POINT ( 'NONE',  ( 11.99999999999999822, 49.65209126885784485, -15.44894276735499261 ) ) ;
#7000 = FACE_OUTER_BOUND ( 'NONE', #7316, .T. ) ;
#7001 = DIRECTION ( 'NONE',  ( -1.000000000000000000, 0.000000000000000000, -0.000000000000000000 ) ) ;
#7002 = LINE ( 'NONE', #1728, #2720 ) ;
#7003 = AXIS2_PLACEMENT_3D ( 'NONE', #5782, #3502, #5705 ) ;
#7004 = ORIENTED_EDGE ( 'NONE', *, *, #5800, .T. ) ;
#7005 = DIRECTION ( 'NONE',  ( 0.000000000000000000, 0.9822872507286893873, -0.1873813145857213258 ) ) ;
#7006 = EDGE_CURVE ( 'NONE', #1663, #342, #5384, .T. ) ;
#7007 = FACE_OUTER_BOUND ( 'NONE', #544, .T. ) ;
#7008 = DIRECTION ( 'NONE',  ( -1.000000000000000000, -0.000000000000000000, 0.000000000000000000 ) ) ;
#7009 = ORIENTED_EDGE ( 'NONE', *, *, #5790, .T. ) ;
#7010 = ORIENTED_EDGE ( 'NONE', *, *, #5808, .F. ) ;
#7011 = ORIENTED_EDGE ( 'NONE', *, *, #5192, .F. ) ;
#7012 = ORIENTED_EDGE ( 'NONE', *, *, #3018, .T. ) ;
#7013 = CARTESIAN_POINT ( 'NONE',  ( 0.000000000000000000, 5.871425383721564195, 51.66745943012285380 ) ) ;
#7014 = DIRECTION ( 'NONE',  ( -1.000000000000000000, 0.000000000000000000, 0.000000000000000000 ) ) ;
#7015 = CARTESIAN_POINT ( 'NONE',  ( 0.000000000000000000, -32.32520163883560826, -34.09746168776069197 ) ) ;
#7016 = DIRECTION ( 'NONE',  ( 0.000000000000000000, 0.000000000000000000, 1.000000000000000000 ) ) ;
#7017 = CARTESIAN_POINT ( 'NONE',  ( 6.000000000000000000, -51.93417535146743802, 2.615612846549025150 ) ) ;
#7018 = EDGE_LOOP ( 'NONE', ( #5518, #5202, #3460, #884 ) ) ;
#7019 = EDGE_CURVE ( 'NONE', #6266, #5847, #3474, .T. ) ;
#7020 = ORIENTED_EDGE ( 'NONE', *, *, #4731, .F. ) ;
#7021 = AXIS2_PLACEMENT_3D ( 'NONE', #10, #4655, #4066 ) ;
#7022 = DIRECTION ( 'NONE',  ( 0.000000000000000000, 0.000000000000000000, -1.000000000000000000 ) ) ;
#7023 = DIRECTION ( 'NONE',  ( 0.000000000000000000, 0.000000000000000000, 1.000000000000000000 ) ) ;
#7024 = CARTESIAN_POINT ( 'NONE',  ( 0.000000000000000000, 0.000000000000000000, 0.000000000000000000 ) ) ;
#7025 = DIRECTION ( 'NONE',  ( -1.000000000000000000, 0.000000000000000000, 0.000000000000000000 ) ) ;
#7026 = DIRECTION ( 'NONE',  ( 0.000000000000000000, 0.000000000000000000, 1.000000000000000000 ) ) ;
#7027 = DIRECTION ( 'NONE',  ( -1.000000000000000000, 0.000000000000000000, -0.000000000000000000 ) ) ;
#7028 = ORIENTED_EDGE ( 'NONE', *, *, #4315, .F. ) ;
#7029 = AXIS2_PLACEMENT_3D ( 'NONE', #4534, #571, #2752 ) ;
#7030 = ORIENTED_EDGE ( 'NONE', *, *, #3504, .F. ) ;
#7031 = AXIS2_PLACEMENT_3D ( 'NONE', #4596, #2161, #2742 ) ;
#7032 = DIRECTION ( 'NONE',  ( 0.000000000000000000, -0.3681245526846653737, -0.9297764858882564543 ) ) ;
#7033 = CARTESIAN_POINT ( 'NONE',  ( 12.00000000000000000, 0.000000000000000000, 0.000000000000000000 ) ) ;
#7034 = DIRECTION ( 'NONE',  ( 1.000000000000000000, 0.000000000000000000, 0.000000000000000000 ) ) ;
#7035 = DIRECTION ( 'NONE',  ( -1.000000000000000000, 0.000000000000000000, 0.000000000000000000 ) ) ;
#7036 = EDGE_CURVE ( 'NONE', #2497, #199, #618, .T. ) ;
#7037 = ADVANCED_FACE ( 'NONE', ( #570 ), #3441, .T. ) ;
#7038 = ORIENTED_EDGE ( 'NONE', *, *, #6586, .F. ) ;
#7039 = CARTESIAN_POINT ( 'NONE',  ( 11.99999999999999822, 49.25004636492389665, 16.68630974939776479 ) ) ;
#7040 = EDGE_CURVE ( 'NONE', #2139, #4321, #2683, .T. ) ;
#7041 = CYLINDRICAL_SURFACE ( 'NONE', #7338, 20.00000000000000000 ) ;
#7042 = ADVANCED_FACE ( 'NONE', ( #3399 ), #5296, .F. ) ;
#7043 = ORIENTED_EDGE ( 'NONE', *, *, #1896, .T. ) ;
#7044 = ORIENTED_EDGE ( 'NONE', *, *, #78, .F. ) ;
#7045 = VERTEX_POINT ( 'NONE', #7058 ) ;
#7046 = ORIENTED_EDGE ( 'NONE', *, *, #5980, .T. ) ;
#7047 = DIRECTION ( 'NONE',  ( 0.000000000000000000, -0.1253332335642904638, -0.9921147013144795412 ) ) ;
#7048 = DIRECTION ( 'NONE',  ( -1.000000000000000000, -0.000000000000000000, -0.000000000000000000 ) ) ;
#7049 = FACE_OUTER_BOUND ( 'NONE', #495, .T. ) ;
#7050 = LINE ( 'NONE', #5249, #4621 ) ;
#7051 = CARTESIAN_POINT ( 'NONE',  ( 11.99999999999999822, 30.03615769709794847, -42.44795908868957923 ) ) ;
#7052 = VERTEX_POINT ( 'NONE', #5752 ) ;
#7053 = ORIENTED_EDGE ( 'NONE', *, *, #3281, .F. ) ;
#7054 = LINE ( 'NONE', #4054, #2500 ) ;
#7055 = CYLINDRICAL_SURFACE ( 'NONE', #7061, 20.00000000000000711 ) ;
#7056 = DIRECTION ( 'NONE',  ( 1.000000000000000000, -0.000000000000000000, 0.000000000000000000 ) ) ;
#7057 = LINE ( 'NONE', #1145, #4737 ) ;
#7058 = CARTESIAN_POINT ( 'NONE',  ( 0.000000000000000000, 13.56094713063640533, -50.20060470671727160 ) ) ;
#7059 = ADVANCED_FACE ( 'NONE', ( #2973 ), #1788, .T. ) ;
#7060 = EDGE_LOOP ( 'NONE', ( #3034, #1803, #126, #936 ) ) ;
#7061 = AXIS2_PLACEMENT_3D ( 'NONE', #2354, #4786, #7023 ) ;
#7062 = EDGE_CURVE ( 'NONE', #4906, #4002, #6379, .T. ) ;
#7063 = DIRECTION ( 'NONE',  ( 0.000000000000000000, 0.000000000000000000, 1.000000000000000000 ) ) ;
#7064 = CARTESIAN_POINT ( 'NONE',  ( 0.000000000000000000, 0.000000000000000000, 0.000000000000000000 ) ) ;
#7065 = DIRECTION ( 'NONE',  ( -1.000000000000000000, -0.000000000000000000, 0.000000000000000000 ) ) ;
#7066 = CARTESIAN_POINT ( 'NONE',  ( 11.99999999999999822, -39.78933988720132930, 24.98727647984987854 ) ) ;
#7067 = MECHANICAL_DESIGN_GEOMETRIC_PRESENTATION_REPRESENTATION (  '', ( #1297 ), #318 ) ;
#7068 = CIRCLE ( 'NONE', #6205, 52.00000000000000000 ) ;
#7069 = ORIENTED_EDGE ( 'NONE', *, *, #3556, .F. ) ;
#7070 = CIRCLE ( 'NONE', #3503, 20.00000000000000711 ) ;
#7071 = LINE ( 'NONE', #5941, #4647 ) ;
#7072 = DIRECTION ( 'NONE',  ( 0.000000000000000000, 0.000000000000000000, -1.000000000000000000 ) ) ;
#7073 = AXIS2_PLACEMENT_3D ( 'NONE', #5642, #291, #3114 ) ;
#7074 = ORIENTED_EDGE ( 'NONE', *, *, #1341, .T. ) ;
#7075 = ORIENTED_EDGE ( 'NONE', *, *, #4512, .F. ) ;
#7076 = ORIENTED_EDGE ( 'NONE', *, *, #2943, .T. ) ;
#7077 = EDGE_CURVE ( 'NONE', #6644, #4803, #3650, .T. ) ;
#7078 = ORIENTED_EDGE ( 'NONE', *, *, #4219, .F. ) ;
#7079 = AXIS2_PLACEMENT_3D ( 'NONE', #6250, #990, #6284 ) ;
#7080 = ADVANCED_FACE ( 'NONE', ( #7124 ), #3689, .F. ) ;
#7081 = CARTESIAN_POINT ( 'NONE',  ( 11.99999999999999822, -46.87740477351714929, 16.82754413119428349 ) ) ;
#7082 = DIRECTION ( 'NONE',  ( 0.000000000000000000, 0.000000000000000000, 1.000000000000000000 ) ) ;
#7083 = CARTESIAN_POINT ( 'NONE',  ( 11.99999999999999822, 0.000000000000000000, 0.000000000000000000 ) ) ;
#7084 = DIRECTION ( 'NONE',  ( -1.000000000000000000, 0.000000000000000000, 0.000000000000000000 ) ) ;
#7085 = ORIENTED_EDGE ( 'NONE', *, *, #4745, .F. ) ;
#7086 = CIRCLE ( 'NONE', #5003, 20.00000000000000711 ) ;
#7087 = ORIENTED_EDGE ( 'NONE', *, *, #6548, .F. ) ;
#7088 = DIRECTION ( 'NONE',  ( 1.000000000000000000, -0.000000000000000000, -0.000000000000000000 ) ) ;
#7089 = DIRECTION ( 'NONE',  ( 1.000000000000000000, -0.000000000000000000, -0.000000000000000000 ) ) ;
#7090 = AXIS2_PLACEMENT_3D ( 'NONE', #5581, #7396, #2615 ) ;
#7091 = CARTESIAN_POINT ( 'NONE',  ( 11.99999999999999822, 31.08872492060013926, -41.68322423723068226 ) ) ;
#7092 = DIRECTION ( 'NONE',  ( 1.000000000000000000, 0.000000000000000000, 0.000000000000000000 ) ) ;
#7093 = DIRECTION ( 'NONE',  ( 0.000000000000000000, 0.000000000000000000, 1.000000000000000000 ) ) ;
#7094 = AXIS2_PLACEMENT_3D ( 'NONE', #6268, #4580, #2871 ) ;
#7095 = CIRCLE ( 'NONE', #7587, 47.49899999999998812 ) ;
#7096 = EDGE_CURVE ( 'NONE', #744, #3562, #3657, .T. ) ;
#7097 = CARTESIAN_POINT ( 'NONE',  ( 11.99999999999999822, 36.34385289850632006, -29.77717097092037690 ) ) ;
#7098 = DIRECTION ( 'NONE',  ( 0.000000000000000000, 0.000000000000000000, 1.000000000000000000 ) ) ;
#7099 = FACE_OUTER_BOUND ( 'NONE', #2190, .T. ) ;
#7100 = DIRECTION ( 'NONE',  ( -1.000000000000000000, 0.000000000000000000, 0.000000000000000000 ) ) ;
#7101 = CIRCLE ( 'NONE', #6867, 47.49900000000000233 ) ;
#7102 = AXIS2_PLACEMENT_3D ( 'NONE', #987, #3846, #2122 ) ;
#7103 = EDGE_CURVE ( 'NONE', #2304, #3051, #3614, .T. ) ;
#7104 = VECTOR ( 'NONE', #6003, 1000.000000000000000 ) ;
#7105 = AXIS2_PLACEMENT_3D ( 'NONE', #4967, #1990, #6657 ) ;
#7106 = ORIENTED_EDGE ( 'NONE', *, *, #5447, .F. ) ;
#7107 = DIRECTION ( 'NONE',  ( -1.000000000000000000, 0.000000000000000000, -0.000000000000000000 ) ) ;
#7108 = CARTESIAN_POINT ( 'NONE',  ( 5.999999999999999112, -49.65209126885752511, -15.44894276735606375 ) ) ;
#7109 = AXIS2_PLACEMENT_3D ( 'NONE', #6400, #3390, #4087 ) ;
#7110 = ORIENTED_EDGE ( 'NONE', *, *, #4944, .T. ) ;
#7111 = VERTEX_POINT ( 'NONE', #2391 ) ;
#7112 = ORIENTED_EDGE ( 'NONE', *, *, #6885, .F. ) ;
#7113 = VERTEX_POINT ( 'NONE', #2495 ) ;
#7114 = CARTESIAN_POINT ( 'NONE',  ( 0.000000000000000000, 27.43636312076319683, 38.14186064215159888 ) ) ;
#7115 = FACE_OUTER_BOUND ( 'NONE', #3049, .T. ) ;
#7116 = CARTESIAN_POINT ( 'NONE',  ( 0.000000000000000000, 27.79676263918241830, -37.88001506494738635 ) ) ;
#7117 = VERTEX_POINT ( 'NONE', #1325 ) ;
#7118 = ADVANCED_FACE ( 'NONE', ( #5360 ), #7196, .T. ) ;
#7119 = ORIENTED_EDGE ( 'NONE', *, *, #1683, .T. ) ;
#7120 = LINE ( 'NONE', #4195, #3111 ) ;
#7121 = CARTESIAN_POINT ( 'NONE',  ( 0.000000000000000000, 47.22458491092827160, -5.098390039073716906 ) ) ;
#7122 = DIRECTION ( 'NONE',  ( 0.000000000000000000, 0.000000000000000000, 1.000000000000000000 ) ) ;
#7123 = CARTESIAN_POINT ( 'NONE',  ( 12.00000000000000000, 44.47301969247468634, -16.68249143361861542 ) ) ;
#7124 = FACE_OUTER_BOUND ( 'NONE', #805, .T. ) ;
#7125 = EDGE_CURVE ( 'NONE', #7521, #4906, #4274, .T. ) ;
#7126 = CIRCLE ( 'NONE', #3680, 20.00000000000000711 ) ;
#7127 = ADVANCED_FACE ( 'NONE', ( #1853 ), #3107, .T. ) ;
#7128 = EDGE_CURVE ( 'NONE', #4617, #1343, #1333, .T. ) ;
#7129 = CARTESIAN_POINT ( 'NONE',  ( 0.000000000000000000, -39.55064067543080597, 25.36340625197345844 ) ) ;
#7130 = CARTESIAN_POINT ( 'NONE',  ( 0.000000000000000000, 39.64889472655781333, -33.64468972902463406 ) ) ;
#7131 = DIRECTION ( 'NONE',  ( -1.000000000000000000, 0.000000000000000000, -0.000000000000000000 ) ) ;
#7132 = LINE ( 'NONE', #4904, #4264 ) ;
#7133 = CARTESIAN_POINT ( 'NONE',  ( 11.99999999999999822, -36.05989434073590871, -30.12041790338657776 ) ) ;
#7134 = ORIENTED_EDGE ( 'NONE', *, *, #1418, .T. ) ;
#7135 = AXIS2_PLACEMENT_3D ( 'NONE', #3946, #3908, #7491 ) ;
#7136 = ORIENTED_EDGE ( 'NONE', *, *, #7372, .T. ) ;
#7137 = CARTESIAN_POINT ( 'NONE',  ( 11.99999999999999822, 0.000000000000000000, 0.000000000000000000 ) ) ;
#7138 = CARTESIAN_POINT ( 'NONE',  ( 0.000000000000000000, -46.11014828289836487, -9.022736828081212579 ) ) ;
#7139 = AXIS2_PLACEMENT_3D ( 'NONE', #1305, #5982, #734 ) ;
#7140 = PRODUCT_RELATED_PRODUCT_CATEGORY ( 'part', '', ( #4284 ) ) ;
#7141 = ORIENTED_EDGE ( 'NONE', *, *, #3727, .T. ) ;
#7142 = ORIENTED_EDGE ( 'NONE', *, *, #636, .T. ) ;
#7143 = ORIENTED_EDGE ( 'NONE', *, *, #4869, .T. ) ;
#7144 = EDGE_LOOP ( 'NONE', ( #5157, #5145, #6308, #4185 ) ) ;
#7145 = EDGE_CURVE ( 'NONE', #866, #2050, #1934, .T. ) ;
#7146 = FACE_OUTER_BOUND ( 'NONE', #4026, .T. ) ;
#7147 = DIRECTION ( 'NONE',  ( 0.000000000000000000, 0.000000000000000000, 1.000000000000000000 ) ) ;
#7148 = DIRECTION ( 'NONE',  ( -1.000000000000000000, 0.000000000000000000, -0.000000000000000000 ) ) ;
#7149 = ORIENTED_EDGE ( 'NONE', *, *, #4889, .T. ) ;
#7150 = ORIENTED_EDGE ( 'NONE', *, *, #2453, .T. ) ;
#7151 = ADVANCED_FACE ( 'NONE', ( #751 ), #3041, .T. ) ;
#7152 = DIRECTION ( 'NONE',  ( 0.000000000000000000, 0.000000000000000000, -1.000000000000000000 ) ) ;
#7153 = DIRECTION ( 'NONE',  ( 0.000000000000000000, -0.9822872507286903865, 0.1873813145857150253 ) ) ;
#7154 = DIRECTION ( 'NONE',  ( -1.000000000000000000, -0.000000000000000000, -0.000000000000000000 ) ) ;
#7155 = DIRECTION ( 'NONE',  ( 0.000000000000000000, 0.000000000000000000, 1.000000000000000000 ) ) ;
#7156 = CARTESIAN_POINT ( 'NONE',  ( 11.99999999999999822, -46.77034588191288833, -22.72740077717277885 ) ) ;
#7157 = DIRECTION ( 'NONE',  ( -1.000000000000000000, 0.000000000000000000, -0.000000000000000000 ) ) ;
#7158 = ADVANCED_FACE ( 'NONE', ( #100 ), #783, .T. ) ;
#7159 = EDGE_CURVE ( 'NONE', #6933, #6191, #6873, .T. ) ;
#7160 = CARTESIAN_POINT ( 'NONE',  ( 11.99999999999999822, 0.000000000000000000, 0.000000000000000000 ) ) ;
#7161 = CARTESIAN_POINT ( 'NONE',  ( 0.000000000000000000, 47.22458491092819344, 5.098390039074386593 ) ) ;
#7162 = FACE_OUTER_BOUND ( 'NONE', #7235, .T. ) ;
#7163 = FACE_OUTER_BOUND ( 'NONE', #6075, .T. ) ;
#7164 = FACE_OUTER_BOUND ( 'NONE', #3244, .T. ) ;
#7165 = AXIS2_PLACEMENT_3D ( 'NONE', #6090, #6677, #266 ) ;
#7166 = ORIENTED_EDGE ( 'NONE', *, *, #776, .F. ) ;
#7167 = VECTOR ( 'NONE', #3513, 1000.000000000000000 ) ;
#7168 = EDGE_CURVE ( 'NONE', #4807, #3739, #2428, .T. ) ;
#7169 = ORIENTED_EDGE ( 'NONE', *, *, #883, .F. ) ;
#7170 = FACE_OUTER_BOUND ( 'NONE', #307, .T. ) ;
#7171 = PLANE ( 'NONE',  #4609 ) ;
#7172 = DIRECTION ( 'NONE',  ( -1.000000000000000000, 0.000000000000000000, -0.000000000000000000 ) ) ;
#7173 = ORIENTED_EDGE ( 'NONE', *, *, #4173, .T. ) ;
#7174 = VERTEX_POINT ( 'NONE', #3001 ) ;
#7175 = ORIENTED_EDGE ( 'NONE', *, *, #4731, .T. ) ;
#7176 = AXIS2_PLACEMENT_3D ( 'NONE', #1487, #254, #7278 ) ;
#7177 = EDGE_CURVE ( 'NONE', #1209, #6187, #5759, .T. ) ;
#7178 = ORIENTED_EDGE ( 'NONE', *, *, #2709, .T. ) ;
#7179 = AXIS2_PLACEMENT_3D ( 'NONE', #991, #6823, #1561 ) ;
#7180 = EDGE_CURVE ( 'NONE', #1492, #5354, #3724, .T. ) ;
#7181 = DIRECTION ( 'NONE',  ( 0.000000000000000000, 0.000000000000000000, 1.000000000000000000 ) ) ;
#7182 = AXIS2_PLACEMENT_3D ( 'NONE', #5150, #2130, #5104 ) ;
#7183 = CARTESIAN_POINT ( 'NONE',  ( 11.99999999999999822, 0.000000000000000000, 0.000000000000000000 ) ) ;
#7184 = FACE_OUTER_BOUND ( 'NONE', #4593, .T. ) ;
#7185 = AXIS2_PLACEMENT_3D ( 'NONE', #5102, #7487, #3322 ) ;
#7186 = VERTEX_POINT ( 'NONE', #4896 ) ;
#7187 = ORIENTED_EDGE ( 'NONE', *, *, #717, .F. ) ;
#7188 = ADVANCED_FACE ( 'NONE', ( #1959 ), #4312, .T. ) ;
#7189 = ORIENTED_EDGE ( 'NONE', *, *, #1027, .F. ) ;
#7190 = AXIS2_PLACEMENT_3D ( 'NONE', #5258, #7596, #7122 ) ;
#7191 = ADVANCED_FACE ( 'NONE', ( #1287 ), #6071, .T. ) ;
#7192 = DIRECTION ( 'NONE',  ( -1.000000000000000000, -0.000000000000000000, -0.000000000000000000 ) ) ;
#7193 = CARTESIAN_POINT ( 'NONE',  ( 11.99999999999999822, 0.000000000000000000, 0.000000000000000000 ) ) ;
#7194 = DIRECTION ( 'NONE',  ( 1.000000000000000000, -0.000000000000000000, -0.000000000000000000 ) ) ;
#7195 = LINE ( 'NONE', #1880, #2769 ) ;
#7196 = CYLINDRICAL_SURFACE ( 'NONE', #1592, 52.00000000000000000 ) ;
#7197 = ORIENTED_EDGE ( 'NONE', *, *, #5192, .T. ) ;
#7198 = CIRCLE ( 'NONE', #7460, 47.49900000000000233 ) ;
#7199 = AXIS2_PLACEMENT_3D ( 'NONE', #5247, #7014, #2822 ) ;
#7200 = CIRCLE ( 'NONE', #5864, 1.699999999999979305 ) ;
#7201 = DIRECTION ( 'NONE',  ( 0.000000000000000000, 0.000000000000000000, -1.000000000000000000 ) ) ;
#7202 = CARTESIAN_POINT ( 'NONE',  ( 0.000000000000000000, -6.109652351741469367, -46.58570277113513924 ) ) ;
#7203 = CARTESIAN_POINT ( 'NONE',  ( 12.00000000000000000, 0.000000000000000000, 47.49900000000000233 ) ) ;
#7204 = CARTESIAN_POINT ( 'NONE',  ( 12.00000000000000000, 47.00885577955421013, -6.806061952191806874 ) ) ;
#7205 = CARTESIAN_POINT ( 'NONE',  ( 11.99999999999999822, -50.95304419620832448, 10.38206564895642181 ) ) ;
#7206 = VERTEX_POINT ( 'NONE', #3937 ) ;
#7207 = CIRCLE ( 'NONE', #4648, 20.00000000000000355 ) ;
#7208 = EDGE_CURVE ( 'NONE', #6237, #474, #3163, .T. ) ;
#7209 = CIRCLE ( 'NONE', #101, 47.49900000000000233 ) ;
#7210 = ORIENTED_EDGE ( 'NONE', *, *, #4576, .F. ) ;
#7211 = VECTOR ( 'NONE', #6711, 1000.000000000000000 ) ;
#7212 = CARTESIAN_POINT ( 'NONE',  ( 11.99999999999999822, 46.87740477351712087, 3.172455868806049128 ) ) ;
#7213 = FACE_OUTER_BOUND ( 'NONE', #7412, .T. ) ;
#7214 = CARTESIAN_POINT ( 'NONE',  ( 12.00000000000000000, 0.000000000000000000, 0.000000000000000000 ) ) ;
#7215 = EDGE_LOOP ( 'NONE', ( #6228, #508, #1404, #4600 ) ) ;
#7216 = VERTEX_POINT ( 'NONE', #5544 ) ;
#7217 = VECTOR ( 'NONE', #168, 1000.000000000000000 ) ;
#7218 = AXIS2_PLACEMENT_3D ( 'NONE', #818, #4928, #7269 ) ;
#7219 = AXIS2_PLACEMENT_3D ( 'NONE', #3720, #6066, #6113 ) ;
#7220 = ORIENTED_EDGE ( 'NONE', *, *, #145, .T. ) ;
#7221 = EDGE_CURVE ( 'NONE', #5927, #6428, #2429, .T. ) ;
#7222 = ORIENTED_EDGE ( 'NONE', *, *, #633, .F. ) ;
#7223 = CARTESIAN_POINT ( 'NONE',  ( 0.000000000000000000, -43.55304910509427430, 28.41006711799969153 ) ) ;
#7224 = CIRCLE ( 'NONE', #6617, 20.00000000000000355 ) ;
#7225 = LINE ( 'NONE', #7299, #6354 ) ;
#7226 = DIRECTION ( 'NONE',  ( 0.000000000000000000, -0.5877852522924624790, -0.8090169943749551118 ) ) ;
#7227 = ORIENTED_EDGE ( 'NONE', *, *, #4899, .F. ) ;
#7228 = VERTEX_POINT ( 'NONE', #4934 ) ;
#7229 = ORIENTED_EDGE ( 'NONE', *, *, #3854, .T. ) ;
#7230 = CARTESIAN_POINT ( 'NONE',  ( 11.99999999999999822, 31.08872492059956372, 41.68322423723112280 ) ) ;
#7231 = DIRECTION ( 'NONE',  ( 0.000000000000000000, 0.000000000000000000, -1.000000000000000000 ) ) ;
#7232 = DIRECTION ( 'NONE',  ( 0.000000000000000000, 0.000000000000000000, 1.000000000000000000 ) ) ;
#7233 = DIRECTION ( 'NONE',  ( -1.000000000000000000, 0.000000000000000000, 0.000000000000000000 ) ) ;
#7234 = DIRECTION ( 'NONE',  ( 1.000000000000000000, 0.000000000000000000, 0.000000000000000000 ) ) ;
#7235 = EDGE_LOOP ( 'NONE', ( #7452, #2623, #4330, #4013 ) ) ;
#7236 = CARTESIAN_POINT ( 'NONE',  ( 6.000000000000000000, -7.162210897276076516, 51.50439529848826936 ) ) ;
#7237 = CARTESIAN_POINT ( 'NONE',  ( -10.00000000000000000, 0.000000000000000000, 0.000000000000000000 ) ) ;
#7238 = DIRECTION ( 'NONE',  ( -1.000000000000000000, 0.000000000000000000, -0.000000000000000000 ) ) ;
#7239 = CARTESIAN_POINT ( 'NONE',  ( 12.00000000000000000, 0.000000000000000000, 0.000000000000000000 ) ) ;
#7240 = CARTESIAN_POINT ( 'NONE',  ( 11.99999999999999822, -9.744342220503728669, 46.48873837489794170 ) ) ;
#7241 = VERTEX_POINT ( 'NONE', #7436 ) ;
#7242 = EDGE_LOOP ( 'NONE', ( #4155, #7496, #1696, #5758 ) ) ;
#7243 = AXIS2_PLACEMENT_3D ( 'NONE', #7335, #4422, #4464 ) ;
#7244 = VERTEX_POINT ( 'NONE', #864 ) ;
#7245 = CARTESIAN_POINT ( 'NONE',  ( -10.00000000000000000, 0.000000000000000000, 0.000000000000000000 ) ) ;
#7246 = CARTESIAN_POINT ( 'NONE',  ( 12.00000000000000000, 0.000000000000000000, 0.000000000000000000 ) ) ;
#7247 = DIRECTION ( 'NONE',  ( -0.000000000000000000, 0.000000000000000000, 1.000000000000000000 ) ) ;
#7248 = EDGE_CURVE ( 'NONE', #4700, #2128, #7359, .T. ) ;
#7249 = EDGE_CURVE ( 'NONE', #6141, #1316, #5985, .T. ) ;
#7250 = FACE_OUTER_BOUND ( 'NONE', #2134, .T. ) ;
#7251 = ORIENTED_EDGE ( 'NONE', *, *, #2499, .F. ) ;
#7252 = VERTEX_POINT ( 'NONE', #6701 ) ;
#7253 = VECTOR ( 'NONE', #3289, 1000.000000000000000 ) ;
#7254 = AXIS2_PLACEMENT_3D ( 'NONE', #723, #2587, #4792 ) ;
#7255 = ORIENTED_EDGE ( 'NONE', *, *, #6335, .F. ) ;
#7256 = EDGE_CURVE ( 'NONE', #4870, #640, #4524, .T. ) ;
#7257 = EDGE_CURVE ( 'NONE', #1563, #3529, #2707, .T. ) ;
#7258 = ORIENTED_EDGE ( 'NONE', *, *, #6163, .T. ) ;
#7259 = AXIS2_PLACEMENT_3D ( 'NONE', #882, #3174, #972 ) ;
#7260 = ADVANCED_FACE ( 'NONE', ( #2620 ), #2579, .T. ) ;
#7261 = EDGE_CURVE ( 'NONE', #1280, #2951, #1601, .T. ) ;
#7262 = DIRECTION ( 'NONE',  ( -1.000000000000000000, 0.000000000000000000, -0.000000000000000000 ) ) ;
#7263 = DIRECTION ( 'NONE',  ( -1.000000000000000000, -0.000000000000000000, -0.000000000000000000 ) ) ;
#7264 = PLANE ( 'NONE',  #7459 ) ;
#7265 = ORIENTED_EDGE ( 'NONE', *, *, #6369, .T. ) ;
#7266 = ORIENTED_EDGE ( 'NONE', *, *, #3085, .T. ) ;
#7267 = EDGE_LOOP ( 'NONE', ( #1868, #7142, #3468, #407 ) ) ;
#7268 = DIRECTION ( 'NONE',  ( 0.000000000000000000, 0.000000000000000000, -1.000000000000000000 ) ) ;
#7269 = DIRECTION ( 'NONE',  ( -0.000000000000000000, 0.000000000000000000, 1.000000000000000000 ) ) ;
#7270 = CARTESIAN_POINT ( 'NONE',  ( 11.99999999999999822, -49.25004636492401033, 16.68630974939740241 ) ) ;
#7271 = CARTESIAN_POINT ( 'NONE',  ( 11.99999999999999822, -7.162210897276076516, 51.50439529848825515 ) ) ;
#7272 = DIRECTION ( 'NONE',  ( -1.000000000000000000, 0.000000000000000000, 0.000000000000000000 ) ) ;
#7273 = FACE_OUTER_BOUND ( 'NONE', #11, .T. ) ;
#7274 = CARTESIAN_POINT ( 'NONE',  ( 11.99999999999999822, -11.90021268425523004, -45.45261810511226486 ) ) ;
#7275 = EDGE_LOOP ( 'NONE', ( #3012, #7255, #2894, #45 ) ) ;
#7276 = EDGE_CURVE ( 'NONE', #6337, #4110, #7315, .T. ) ;
#7277 = APPLICATION_PROTOCOL_DEFINITION ( 'draft international standard', 'automotive_design', 1998, #3834 ) ;
#7278 = DIRECTION ( 'NONE',  ( 0.000000000000000000, 0.4817536741017162116, -0.8763066800438631399 ) ) ;
#7279 = CYLINDRICAL_SURFACE ( 'NONE', #2646, 20.00000000000000355 ) ;
#7280 = CARTESIAN_POINT ( 'NONE',  ( 11.99999999999999822, 8.053585752062561554, -46.81126742072013514 ) ) ;
#7281 = LINE ( 'NONE', #5970, #1098 ) ;
#7282 = CYLINDRICAL_SURFACE ( 'NONE', #3203, 1.699999999999979305 ) ;
#7283 = ORIENTED_EDGE ( 'NONE', *, *, #3193, .T. ) ;
#7284 = CIRCLE ( 'NONE', #4725, 52.00000000000000000 ) ;
#7285 = ADVANCED_FACE ( 'NONE', ( #2164 ), #1996, .F. ) ;
#7286 = EDGE_LOOP ( 'NONE', ( #4045, #5793, #1177, #5416 ) ) ;
#7287 = ORIENTED_EDGE ( 'NONE', *, *, #4, .T. ) ;
#7288 = ORIENTED_EDGE ( 'NONE', *, *, #2712, .T. ) ;
#7289 =( NAMED_UNIT ( * ) SI_UNIT ( $, .STERADIAN. ) SOLID_ANGLE_UNIT ( ) );
#7290 = DIRECTION ( 'NONE',  ( -1.000000000000000000, 0.000000000000000000, 0.000000000000000000 ) ) ;
#7291 = PLANE ( 'NONE',  #1282 ) ;
#7292 = DIRECTION ( 'NONE',  ( -1.000000000000000000, -0.000000000000000000, -0.000000000000000000 ) ) ;
#7293 = ORIENTED_EDGE ( 'NONE', *, *, #2481, .F. ) ;
#7294 = ORIENTED_EDGE ( 'NONE', *, *, #1124, .T. ) ;
#7295 = ORIENTED_EDGE ( 'NONE', *, *, #2946, .T. ) ;
#7296 = ORIENTED_EDGE ( 'NONE', *, *, #4201, .T. ) ;
#7297 = AXIS2_PLACEMENT_3D ( 'NONE', #1067, #996, #1716 ) ;
#7298 = DIRECTION ( 'NONE',  ( 0.000000000000000000, 0.000000000000000000, -1.000000000000000000 ) ) ;
#7299 = CARTESIAN_POINT ( 'NONE',  ( 11.99999999999999822, -37.91532898920898731, -28.61088654061681424 ) ) ;
#7300 = DIRECTION ( 'NONE',  ( 0.000000000000000000, 0.000000000000000000, -1.000000000000000000 ) ) ;
#7301 = ORIENTED_EDGE ( 'NONE', *, *, #1049, .T. ) ;
#7302 = ORIENTED_EDGE ( 'NONE', *, *, #6163, .F. ) ;
#7303 = AXIS2_PLACEMENT_3D ( 'NONE', #2969, #5323, #1783 ) ;
#7304 = VERTEX_POINT ( 'NONE', #6748 ) ;
#7305 = AXIS2_PLACEMENT_3D ( 'NONE', #2830, #2247, #1719 ) ;
#7306 = EDGE_CURVE ( 'NONE', #1951, #2217, #5884, .T. ) ;
#7307 = VECTOR ( 'NONE', #1283, 1000.000000000000000 ) ;
#7308 = FACE_OUTER_BOUND ( 'NONE', #5535, .T. ) ;
#7309 = DIRECTION ( 'NONE',  ( 0.000000000000000000, 0.000000000000000000, 1.000000000000000000 ) ) ;
#7310 = LINE ( 'NONE', #3227, #593 ) ;
#7311 = LINE ( 'NONE', #6000, #2496 ) ;
#7312 = VECTOR ( 'NONE', #829, 1000.000000000000000 ) ;
#7313 = DIRECTION ( 'NONE',  ( -1.000000000000000000, -0.000000000000000000, -0.000000000000000000 ) ) ;
#7314 = CARTESIAN_POINT ( 'NONE',  ( 11.99999999999999822, -24.72041153920702428, -40.55929306992714345 ) ) ;
#7315 = LINE ( 'NONE', #6871, #2695 ) ;
#7316 = EDGE_LOOP ( 'NONE', ( #664, #620, #1047, #5189 ) ) ;
#7317 = AXIS2_PLACEMENT_3D ( 'NONE', #3358, #4569, #3905 ) ;
#7318 = VERTEX_POINT ( 'NONE', #1481 ) ;
#7319 = EDGE_LOOP ( 'NONE', ( #2882, #854, #1724, #7425 ) ) ;
#7320 = DIRECTION ( 'NONE',  ( 1.000000000000000000, 0.000000000000000000, 0.000000000000000000 ) ) ;
#7321 = VECTOR ( 'NONE', #2205, 1000.000000000000000 ) ;
#7322 = DIRECTION ( 'NONE',  ( -1.000000000000000000, 0.000000000000000000, 0.000000000000000000 ) ) ;
#7323 = DIRECTION ( 'NONE',  ( 0.000000000000000000, 0.000000000000000000, 1.000000000000000000 ) ) ;
#7324 = LINE ( 'NONE', #2791, #7211 ) ;
#7325 = CARTESIAN_POINT ( 'NONE',  ( 11.99999999999999822, -27.43636312076347394, 38.14186064215141414 ) ) ;
#7326 = ORIENTED_EDGE ( 'NONE', *, *, #5055, .T. ) ;
#7327 = AXIS2_PLACEMENT_3D ( 'NONE', #5781, #2780, #6434 ) ;
#7328 = ORIENTED_EDGE ( 'NONE', *, *, #6385, .T. ) ;
#7329 = CIRCLE ( 'NONE', #1694, 52.00000000000000000 ) ;
#7330 = VERTEX_POINT ( 'NONE', #3276 ) ;
#7331 = ORIENTED_EDGE ( 'NONE', *, *, #3654, .T. ) ;
#7332 = DIRECTION ( 'NONE',  ( 1.000000000000000000, 0.000000000000000000, 0.000000000000000000 ) ) ;
#7333 = DIRECTION ( 'NONE',  ( -1.000000000000000000, 0.000000000000000000, 0.000000000000000000 ) ) ;
#7334 = DIRECTION ( 'NONE',  ( -1.000000000000000000, -0.000000000000000000, -0.000000000000000000 ) ) ;
#7335 = CARTESIAN_POINT ( 'NONE',  ( 11.99999999999999822, 22.82995208772747731, -41.06517797613638265 ) ) ;
#7336 = CIRCLE ( 'NONE', #2430, 20.00000000000000355 ) ;
#7337 = AXIS2_PLACEMENT_3D ( 'NONE', #5727, #3993, #1013 ) ;
#7338 = AXIS2_PLACEMENT_3D ( 'NONE', #6350, #7008, #6425 ) ;
#7339 = ORIENTED_EDGE ( 'NONE', *, *, #2563, .F. ) ;
#7340 = ORIENTED_EDGE ( 'NONE', *, *, #3416, .F. ) ;
#7341 = AXIS2_PLACEMENT_3D ( 'NONE', #1538, #2639, #5561 ) ;
#7342 = ORIENTED_EDGE ( 'NONE', *, *, #2711, .F. ) ;
#7343 = AXIS2_PLACEMENT_3D ( 'NONE', #3060, #158, #2415 ) ;
#7344 = ORIENTED_EDGE ( 'NONE', *, *, #4105, .F. ) ;
#7345 = DIRECTION ( 'NONE',  ( 0.000000000000000000, -0.4817536741017036661, -0.8763066800438700232 ) ) ;
#7346 = CYLINDRICAL_SURFACE ( 'NONE', #4252, 20.00000000000000355 ) ;
#7347 = DIRECTION ( 'NONE',  ( 0.000000000000000000, 0.000000000000000000, -1.000000000000000000 ) ) ;
#7348 = AXIS2_PLACEMENT_3D ( 'NONE', #4437, #410, #4343 ) ;
#7349 = ORIENTED_EDGE ( 'NONE', *, *, #5267, .T. ) ;
#7350 = ORIENTED_EDGE ( 'NONE', *, *, #1641, .T. ) ;
#7351 = EDGE_LOOP ( 'NONE', ( #4313, #689, #3824, #7175 ) ) ;
#7352 = AXIS2_PLACEMENT_3D ( 'NONE', #6949, #1681, #6372 ) ;
#7353 = DIRECTION ( 'NONE',  ( -1.000000000000000000, 0.000000000000000000, -0.000000000000000000 ) ) ;
#7354 = CYLINDRICAL_SURFACE ( 'NONE', #3918, 20.00000000000000355 ) ;
#7355 = FACE_OUTER_BOUND ( 'NONE', #3783, .T. ) ;
#7356 = DIRECTION ( 'NONE',  ( -1.000000000000000000, 0.000000000000000000, 0.000000000000000000 ) ) ;
#7357 = CARTESIAN_POINT ( 'NONE',  ( 15.00000000000000000, 41.00000000000000000, 0.000000000000000000 ) ) ;
#7358 = LINE ( 'NONE', #7314, #6565 ) ;
#7359 = LINE ( 'NONE', #6117, #1714 ) ;
#7360 = EDGE_CURVE ( 'NONE', #2951, #5452, #1829, .T. ) ;
#7361 = EDGE_CURVE ( 'NONE', #509, #4887, #6120, .T. ) ;
#7362 = ORIENTED_EDGE ( 'NONE', *, *, #2524, .T. ) ;
#7363 = EDGE_CURVE ( 'NONE', #7174, #2308, #4442, .T. ) ;
#7364 = ORIENTED_EDGE ( 'NONE', *, *, #2452, .T. ) ;
#7365 = ADVANCED_FACE ( 'NONE', ( #6202 ), #5100, .T. ) ;
#7366 = CYLINDRICAL_SURFACE ( 'NONE', #3923, 19.99999999999999645 ) ;
#7367 = DIRECTION ( 'NONE',  ( 0.000000000000000000, 0.5877852522924742473, -0.8090169943749466741 ) ) ;
#7368 = CYLINDRICAL_SURFACE ( 'NONE', #6838, 52.00000000000000000 ) ;
#7369 = CARTESIAN_POINT ( 'NONE',  ( 15.00000000000000000, 4.286263797015737285E-15, -35.00000000000000711 ) ) ;
#7370 = CARTESIAN_POINT ( 'NONE',  ( 11.99999999999999822, 46.87740477351717061, 16.82754413119462811 ) ) ;
#7371 = FACE_OUTER_BOUND ( 'NONE', #5377, .T. ) ;
#7372 = EDGE_CURVE ( 'NONE', #1657, #5885, #7224, .T. ) ;
#7373 = ORIENTED_EDGE ( 'NONE', *, *, #7249, .T. ) ;
#7374 = VERTEX_POINT ( 'NONE', #7520 ) ;
#7375 = EDGE_CURVE ( 'NONE', #3899, #4578, #1336, .T. ) ;
#7376 = EDGE_LOOP ( 'NONE', ( #7009, #3485, #939, #3294 ) ) ;
#7377 = ORIENTED_EDGE ( 'NONE', *, *, #4295, .T. ) ;
#7378 = DIRECTION ( 'NONE',  ( 0.000000000000000000, 0.000000000000000000, -1.000000000000000000 ) ) ;
#7379 = CARTESIAN_POINT ( 'NONE',  ( 0.000000000000000000, 46.11014828289830803, 9.022736828081534100 ) ) ;
#7380 = DIRECTION ( 'NONE',  ( -1.000000000000000000, 0.000000000000000000, 0.000000000000000000 ) ) ;
#7381 = DIRECTION ( 'NONE',  ( -1.000000000000000000, 0.000000000000000000, -0.000000000000000000 ) ) ;
#7382 = ORIENTED_EDGE ( 'NONE', *, *, #6241, .F. ) ;
#7383 = CIRCLE ( 'NONE', #4435, 47.49900000000000233 ) ;
#7384 = ORIENTED_EDGE ( 'NONE', *, *, #4650, .T. ) ;
#7385 = ORIENTED_EDGE ( 'NONE', *, *, #6119, .F. ) ;
#7387 = ADVANCED_FACE ( 'NONE', ( #529 ), #2349, .F. ) ;
#7386 = DIRECTION ( 'NONE',  ( 1.000000000000000000, -0.000000000000000000, 0.000000000000000000 ) ) ;
#7388 = FACE_OUTER_BOUND ( 'NONE', #26, .T. ) ;
#7389 = CIRCLE ( 'NONE', #35, 47.49900000000000233 ) ;
#7390 = EDGE_LOOP ( 'NONE', ( #2224, #7287, #5112, #5180 ) ) ;
#7391 = ORIENTED_EDGE ( 'NONE', *, *, #6842, .T. ) ;
#7392 = VERTEX_POINT ( 'NONE', #7483 ) ;
#7393 = EDGE_CURVE ( 'NONE', #5524, #6713, #3549, .T. ) ;
#7394 = AXIS2_PLACEMENT_3D ( 'NONE', #5063, #47, #3893 ) ;
#7395 = DIRECTION ( 'NONE',  ( 0.000000000000000000, 0.000000000000000000, 1.000000000000000000 ) ) ;
#7396 = DIRECTION ( 'NONE',  ( -1.000000000000000000, -0.000000000000000000, -0.000000000000000000 ) ) ;
#7397 = DIRECTION ( 'NONE',  ( 0.000000000000000000, 0.000000000000000000, 1.000000000000000000 ) ) ;
#7398 = DIRECTION ( 'NONE',  ( 1.000000000000000000, -0.000000000000000000, -0.000000000000000000 ) ) ;
#7399 = DIRECTION ( 'NONE',  ( 0.000000000000000000, 0.000000000000000000, -1.000000000000000000 ) ) ;
#7400 = DIRECTION ( 'NONE',  ( -1.000000000000000000, -0.000000000000000000, -0.000000000000000000 ) ) ;
#7401 = DIRECTION ( 'NONE',  ( -1.000000000000000000, 0.000000000000000000, 0.000000000000000000 ) ) ;
#7402 = VERTEX_POINT ( 'NONE', #6908 ) ;
#7403 = EDGE_CURVE ( 'NONE', #1563, #1685, #4546, .T. ) ;
#7404 = DIRECTION ( 'NONE',  ( 0.000000000000000000, 0.9510565162951521989, 0.3090169943749515036 ) ) ;
#7405 = LINE ( 'NONE', #419, #696 ) ;
#7406 = FACE_OUTER_BOUND ( 'NONE', #5696, .T. ) ;
#7407 = CARTESIAN_POINT ( 'NONE',  ( 0.000000000000000000, 0.000000000000000000, 0.000000000000000000 ) ) ;
#7408 = CARTESIAN_POINT ( 'NONE',  ( 0.000000000000000000, 43.55304910509448746, -28.41006711799936113 ) ) ;
#7409 = ORIENTED_EDGE ( 'NONE', *, *, #695, .T. ) ;
#7410 = EDGE_CURVE ( 'NONE', #2980, #3341, #237, .T. ) ;
#7411 = ORIENTED_EDGE ( 'NONE', *, *, #6590, .T. ) ;
#7412 = EDGE_LOOP ( 'NONE', ( #1462, #7464, #739, #6436 ) ) ;
#7413 = EDGE_CURVE ( 'NONE', #1038, #4784, #2201, .T. ) ;
#7414 = VERTEX_POINT ( 'NONE', #4012 ) ;
#7415 = DIRECTION ( 'NONE',  ( -1.000000000000000000, 0.000000000000000000, -0.000000000000000000 ) ) ;
#7416 = DIRECTION ( 'NONE',  ( 0.000000000000000000, 0.9510565162951523099, 0.3090169943749515591 ) ) ;
#7417 = CARTESIAN_POINT ( 'NONE',  ( 12.00000000000000000, 0.000000000000000000, 0.000000000000000000 ) ) ;
#7418 = CARTESIAN_POINT ( 'NONE',  ( 0.000000000000000000, 0.000000000000000000, 0.000000000000000000 ) ) ;
#7419 = ORIENTED_EDGE ( 'NONE', *, *, #726, .T. ) ;
#7420 = AXIS2_PLACEMENT_3D ( 'NONE', #1931, #4205, #6551 ) ;
#7421 = ORIENTED_EDGE ( 'NONE', *, *, #6702, .T. ) ;
#7422 = DIRECTION ( 'NONE',  ( 0.000000000000000000, 0.000000000000000000, 1.000000000000000000 ) ) ;
#7423 = DIRECTION ( 'NONE',  ( 0.000000000000000000, 0.000000000000000000, 1.000000000000000000 ) ) ;
#7424 = ORIENTED_EDGE ( 'NONE', *, *, #2330, .F. ) ;
#7425 = ORIENTED_EDGE ( 'NONE', *, *, #4766, .T. ) ;
#7426 = EDGE_CURVE ( 'NONE', #4060, #6955, #735, .T. ) ;
#7427 = VERTEX_POINT ( 'NONE', #6471 ) ;
#7428 = CIRCLE ( 'NONE', #1406, 20.00000000000000355 ) ;
#7429 = ADVANCED_FACE ( 'NONE', ( #601 ), #1174, .T. ) ;
#7430 = DIRECTION ( 'NONE',  ( -1.000000000000000000, -0.000000000000000000, 0.000000000000000000 ) ) ;
#7431 = CARTESIAN_POINT ( 'NONE',  ( 0.000000000000000000, 26.17370628620711415, -39.63700417846134627 ) ) ;
#7432 = CYLINDRICAL_SURFACE ( 'NONE', #3759, 20.00000000000000355 ) ;
#7433 = CARTESIAN_POINT ( 'NONE',  ( 11.99999999999999822, 30.93515269692164438, -36.04401931830218331 ) ) ;
#7434 = CARTESIAN_POINT ( 'NONE',  ( 11.99999999999999822, -42.03146605346803000, 22.12489237027302380 ) ) ;
#7435 = DIRECTION ( 'NONE',  ( -1.000000000000000000, -0.000000000000000000, 0.000000000000000000 ) ) ;
#7436 = CARTESIAN_POINT ( 'NONE',  ( 11.99999999999999822, 5.871425383722299607, -51.66745943012275433 ) ) ;
#7437 = CIRCLE ( 'NONE', #6453, 20.00000000000000000 ) ;
#7438 = EDGE_CURVE ( 'NONE', #5290, #5076, #2932, .T. ) ;
#7439 = VERTEX_POINT ( 'NONE', #3434 ) ;
#7440 = CIRCLE ( 'NONE', #2887, 20.00000000000000711 ) ;
#7441 = EDGE_CURVE ( 'NONE', #2753, #5067, #1722, .T. ) ;
#7442 = AXIS2_PLACEMENT_3D ( 'NONE', #5967, #1761, #39 ) ;
#7443 = CARTESIAN_POINT ( 'NONE',  ( 11.99999999999999822, -5.871425383721918578, 51.66745943012280406 ) ) ;
#7444 = DIRECTION ( 'NONE',  ( 1.000000000000000000, 0.000000000000000000, 0.000000000000000000 ) ) ;
#7445 = AXIS2_PLACEMENT_3D ( 'NONE', #5704, #447, #1435 ) ;
#7446 = CARTESIAN_POINT ( 'NONE',  ( 11.99999999999999822, -44.75336757549768407, -14.30704879393653250 ) ) ;
#7447 = DIRECTION ( 'NONE',  ( 0.000000000000000000, 0.000000000000000000, 1.000000000000000000 ) ) ;
#7448 = DIRECTION ( 'NONE',  ( -0.000000000000000000, 0.000000000000000000, 1.000000000000000000 ) ) ;
#7449 = PLANE ( 'NONE',  #7135 ) ;
#7450 = CIRCLE ( 'NONE', #3616, 52.00000000000000000 ) ;
#7451 = ORIENTED_EDGE ( 'NONE', *, *, #6437, .T. ) ;
#7452 = ORIENTED_EDGE ( 'NONE', *, *, #6855, .T. ) ;
#7453 = ORIENTED_EDGE ( 'NONE', *, *, #4073, .T. ) ;
#7454 = ORIENTED_EDGE ( 'NONE', *, *, #3003, .T. ) ;
#7455 = CARTESIAN_POINT ( 'NONE',  ( 0.000000000000000000, 0.000000000000000000, 0.000000000000000000 ) ) ;
#7456 = DIRECTION ( 'NONE',  ( 1.000000000000000000, 0.000000000000000000, 0.000000000000000000 ) ) ;
#7457 = CARTESIAN_POINT ( 'NONE',  ( 0.000000000000000000, -39.64889472655756464, 33.64468972902493249 ) ) ;
#7458 = DIRECTION ( 'NONE',  ( 0.000000000000000000, 0.000000000000000000, 1.000000000000000000 ) ) ;
#7459 = AXIS2_PLACEMENT_3D ( 'NONE', #1985, #3841, #4470 ) ;
#7460 = AXIS2_PLACEMENT_3D ( 'NONE', #3180, #3097, #4299 ) ;
#7461 = EDGE_CURVE ( 'NONE', #4152, #626, #4165, .T. ) ;
#7462 = ORIENTED_EDGE ( 'NONE', *, *, #3563, .F. ) ;
#7463 = AXIS2_PLACEMENT_3D ( 'NONE', #6196, #3453, #4661 ) ;
#7464 = ORIENTED_EDGE ( 'NONE', *, *, #4913, .F. ) ;
#7465 = CIRCLE ( 'NONE', #7199, 47.49900000000000233 ) ;
#7466 = AXIS2_PLACEMENT_3D ( 'NONE', #3489, #2262, #5729 ) ;
#7467 = DIRECTION ( 'NONE',  ( 0.000000000000000000, 0.4817536741017162116, -0.8763066800438631399 ) ) ;
#7468 = DIRECTION ( 'NONE',  ( -1.000000000000000000, 0.000000000000000000, 0.000000000000000000 ) ) ;
#7469 = UNCERTAINTY_MEASURE_WITH_UNIT (LENGTH_MEASURE( 1.000000000000000082E-05 ), #954, 'distance_accuracy_value', 'NONE');
#7470 = EDGE_CURVE ( 'NONE', #5627, #6402, #3785, .T. ) ;
#7471 = VERTEX_POINT ( 'NONE', #7051 ) ;
#7472 = EDGE_LOOP ( 'NONE', ( #5380, #3425 ) ) ;
#7473 = AXIS2_PLACEMENT_3D ( 'NONE', #6180, #921, #350 ) ;
#7474 = AXIS2_PLACEMENT_3D ( 'NONE', #1658, #2150, #1590 ) ;
#7475 = EDGE_CURVE ( 'NONE', #634, #975, #4634, .T. ) ;
#7476 = ORIENTED_EDGE ( 'NONE', *, *, #5557, .F. ) ;
#7478 = DIRECTION ( 'NONE',  ( 1.000000000000000000, 0.000000000000000000, 0.000000000000000000 ) ) ;
#7477 = CIRCLE ( 'NONE', #2543, 20.00000000000000355 ) ;
#7479 = DIRECTION ( 'NONE',  ( 0.000000000000000000, 0.000000000000000000, 1.000000000000000000 ) ) ;
#7480 = CARTESIAN_POINT ( 'NONE',  ( 15.00000000000000178, -41.00000000000000000, 0.000000000000000000 ) ) ;
#7481 = DIRECTION ( 'NONE',  ( 0.000000000000000000, -0.9048270524660145808, -0.4257792915650830956 ) ) ;
#7482 = DIRECTION ( 'NONE',  ( 0.000000000000000000, 0.000000000000000000, 1.000000000000000000 ) ) ;
#7483 = CARTESIAN_POINT ( 'NONE',  ( 11.99999999999999822, 39.64889472655782043, -33.64468972902463406 ) ) ;
#7484 = VERTEX_POINT ( 'NONE', #560 ) ;
#7485 = AXIS2_PLACEMENT_3D ( 'NONE', #1720, #4058, #1146 ) ;
#7486 = CIRCLE ( 'NONE', #4159, 52.00000000000000000 ) ;
#7487 = DIRECTION ( 'NONE',  ( -1.000000000000000000, 0.000000000000000000, -0.000000000000000000 ) ) ;
#7488 = DIRECTION ( 'NONE',  ( 0.000000000000000000, -0.9980267284282722251, 0.06279051952930256308 ) ) ;
#7489 = DIRECTION ( 'NONE',  ( 0.000000000000000000, 0.000000000000000000, 1.000000000000000000 ) ) ;
#7490 = CARTESIAN_POINT ( 'NONE',  ( 12.00000000000000000, 0.000000000000000000, 0.000000000000000000 ) ) ;
#7491 = DIRECTION ( 'NONE',  ( -0.000000000000000000, 0.000000000000000000, 1.000000000000000000 ) ) ;
#7492 = EDGE_CURVE ( 'NONE', #1131, #1503, #2892, .T. ) ;
#7493 = AXIS2_PLACEMENT_3D ( 'NONE', #1639, #4051, #4566 ) ;
#7494 = ORIENTED_EDGE ( 'NONE', *, *, #2814, .F. ) ;
#7495 = ORIENTED_EDGE ( 'NONE', *, *, #628, .F. ) ;
#7496 = ORIENTED_EDGE ( 'NONE', *, *, #1542, .F. ) ;
#7497 = DIRECTION ( 'NONE',  ( 1.000000000000000000, 0.000000000000000000, 0.000000000000000000 ) ) ;
#7498 = DIRECTION ( 'NONE',  ( 0.000000000000000000, 0.000000000000000000, 1.000000000000000000 ) ) ;
#7499 = CARTESIAN_POINT ( 'NONE',  ( 0.000000000000000000, 11.46872990052443697, -45.56340405422432127 ) ) ;
#7500 = DIRECTION ( 'NONE',  ( 0.000000000000000000, 0.000000000000000000, 1.000000000000000000 ) ) ;
#7501 = EDGE_CURVE ( 'NONE', #766, #6018, #4674, .T. ) ;
#7502 = ORIENTED_EDGE ( 'NONE', *, *, #128, .F. ) ;
#7503 = ADVANCED_FACE ( 'NONE', ( #6435 ), #5856, .T. ) ;
#7504 = ORIENTED_EDGE ( 'NONE', *, *, #6229, .F. ) ;
#7505 = ADVANCED_FACE ( 'NONE', ( #1814 ), #4162, .T. ) ;
#7506 = DIRECTION ( 'NONE',  ( 0.000000000000000000, 0.1253332335642974305, 0.9921147013144787641 ) ) ;
#7507 = CARTESIAN_POINT ( 'NONE',  ( 12.00000000000000000, 0.000000000000000000, 0.000000000000000000 ) ) ;
#7508 = ORIENTED_EDGE ( 'NONE', *, *, #4867, .F. ) ;
#7509 = VERTEX_POINT ( 'NONE', #4742 ) ;
#7510 = EDGE_CURVE ( 'NONE', #6044, #5549, #3428, .T. ) ;
#7511 = VERTEX_POINT ( 'NONE', #5892 ) ;
#7512 = EDGE_CURVE ( 'NONE', #4513, #58, #2077, .T. ) ;
#7513 = ORIENTED_EDGE ( 'NONE', *, *, #7180, .T. ) ;
#7514 = AXIS2_PLACEMENT_3D ( 'NONE', #685, #5369, #107 ) ;
#7515 = DIRECTION ( 'NONE',  ( -1.000000000000000000, -0.000000000000000000, -0.000000000000000000 ) ) ;
#7516 = DIRECTION ( 'NONE',  ( -1.000000000000000000, 0.000000000000000000, -0.000000000000000000 ) ) ;
#7517 = CARTESIAN_POINT ( 'NONE',  ( 11.99999999999999822, -46.90537658765332907, 2.727856614654137424 ) ) ;
#7518 = DIRECTION ( 'NONE',  ( 0.000000000000000000, 0.000000000000000000, 1.000000000000000000 ) ) ;
#7519 = CARTESIAN_POINT ( 'NONE',  ( 0.000000000000000000, -46.77034588191321518, 22.72740077717212870 ) ) ;
#7520 = CARTESIAN_POINT ( 'NONE',  ( 0.000000000000000000, 0.6505223195690315041, -51.99593080916758936 ) ) ;
#7521 = VERTEX_POINT ( 'NONE', #5593 ) ;
#7522 = AXIS2_PLACEMENT_3D ( 'NONE', #7325, #2097, #4452 ) ;
#7523 = AXIS2_PLACEMENT_3D ( 'NONE', #3944, #2095, #6259 ) ;
#7524 = DIRECTION ( 'NONE',  ( 0.000000000000000000, 0.7705132427757861446, 0.6374239897486934092 ) ) ;
#7525 = LINE ( 'NONE', #3397, #6216 ) ;
#7526 = CARTESIAN_POINT ( 'NONE',  ( 11.99999999999999822, -2.123073309835499245, 47.45152853935333326 ) ) ;
#7527 = CARTESIAN_POINT ( 'NONE',  ( 11.99999999999999822, -27.43636312076293748, -38.14186064215179073 ) ) ;
#7528 = LINE ( 'NONE', #5680, #141 ) ;
#7529 = ORIENTED_EDGE ( 'NONE', *, *, #2632, .F. ) ;
#7530 = VERTEX_POINT ( 'NONE', #4405 ) ;
#7531 = ADVANCED_FACE ( 'NONE', ( #6208 ), #7366, .T. ) ;
#7532 = ORIENTED_EDGE ( 'NONE', *, *, #1483, .T. ) ;
#7533 = DIRECTION ( 'NONE',  ( 1.000000000000000000, 0.000000000000000000, 0.000000000000000000 ) ) ;
#7534 = DIRECTION ( 'NONE',  ( -0.000000000000000000, 0.000000000000000000, 1.000000000000000000 ) ) ;
#7535 = CARTESIAN_POINT ( 'NONE',  ( 11.99999999999999822, -17.50309955389643335, 43.60271849949356948 ) ) ;
#7536 = CARTESIAN_POINT ( 'NONE',  ( 11.99999999999999822, -38.92705108641711576, -27.21837053747839263 ) ) ;
#7537 = EDGE_CURVE ( 'NONE', #240, #6909, #621, .T. ) ;
#7538 = ADVANCED_FACE ( 'NONE', ( #2584 ), #995, .T. ) ;
#7539 = ORIENTED_EDGE ( 'NONE', *, *, #4434, .T. ) ;
#7540 = DIRECTION ( 'NONE',  ( 1.000000000000000000, 0.000000000000000000, 0.000000000000000000 ) ) ;
#7541 = DIRECTION ( 'NONE',  ( 0.000000000000000000, 0.000000000000000000, 1.000000000000000000 ) ) ;
#7542 = VERTEX_POINT ( 'NONE', #7443 ) ;
#7543 = ORIENTED_EDGE ( 'NONE', *, *, #377, .F. ) ;
#7544 = CIRCLE ( 'NONE', #4956, 20.00000000000000711 ) ;
#7545 = ORIENTED_EDGE ( 'NONE', *, *, #2849, .F. ) ;
#7546 = ORIENTED_EDGE ( 'NONE', *, *, #7510, .F. ) ;
#7547 = CARTESIAN_POINT ( 'NONE',  ( 11.99999999999999822, 42.41764978026606059, -20.20639853260305685 ) ) ;
#7548 = DIRECTION ( 'NONE',  ( -0.000000000000000000, 0.000000000000000000, 1.000000000000000000 ) ) ;
#7549 = CARTESIAN_POINT ( 'NONE',  ( 5.999999999999999112, 40.47821179127762292, -32.64221760512717196 ) ) ;
#7550 = AXIS2_PLACEMENT_3D ( 'NONE', #130, #1388, #2454 ) ;
#7551 = CYLINDRICAL_SURFACE ( 'NONE', #5237, 20.00000000000001066 ) ;
#7552 = CARTESIAN_POINT ( 'NONE',  ( 0.000000000000000000, -46.19362259308839214, 8.585149169758322429 ) ) ;
#7553 = VERTEX_POINT ( 'NONE', #253 ) ;
#7554 = VECTOR ( 'NONE', #566, 1000.000000000000000 ) ;
#7555 = EDGE_CURVE ( 'NONE', #5281, #767, #3157, .T. ) ;
#7556 = CARTESIAN_POINT ( 'NONE',  ( 0.000000000000000000, 0.000000000000000000, 0.000000000000000000 ) ) ;
#7557 = AXIS2_PLACEMENT_3D ( 'NONE', #5041, #2105, #4419 ) ;
#7558 = DIRECTION ( 'NONE',  ( -1.000000000000000000, 0.000000000000000000, -0.000000000000000000 ) ) ;
#7559 = CYLINDRICAL_SURFACE ( 'NONE', #687, 20.00000000000000355 ) ;
#7560 = CARTESIAN_POINT ( 'NONE',  ( 6.000000000000000000, -51.93417535146740249, -2.615612846549743242 ) ) ;
#7561 = CARTESIAN_POINT ( 'NONE',  ( 11.99999999999999822, 17.08890430202813349, -43.76671000081925911 ) ) ;
#7562 = AXIS2_PLACEMENT_3D ( 'NONE', #2972, #64, #5751 ) ;
#7563 = ORIENTED_EDGE ( 'NONE', *, *, #3940, .T. ) ;
#7564 = CIRCLE ( 'NONE', #7303, 47.49900000000000233 ) ;
#7565 = ORIENTED_EDGE ( 'NONE', *, *, #2464, .F. ) ;
#7566 = CIRCLE ( 'NONE', #1554, 20.00000000000000711 ) ;
#7567 = DIRECTION ( 'NONE',  ( -1.000000000000000000, 0.000000000000000000, 0.000000000000000000 ) ) ;
#7568 = VECTOR ( 'NONE', #4940, 1000.000000000000000 ) ;
#7569 = CARTESIAN_POINT ( 'NONE',  ( 12.00000000000000000, -47.00885577955406092, -6.806061952192796305 ) ) ;
#7570 = DIRECTION ( 'NONE',  ( 0.000000000000000000, 0.000000000000000000, 1.000000000000000000 ) ) ;
#7571 = CYLINDRICAL_SURFACE ( 'NONE', #7021, 52.00000000000000000 ) ;
#7572 = ORIENTED_EDGE ( 'NONE', *, *, #1229, .F. ) ;
#7573 = DIRECTION ( 'NONE',  ( 1.000000000000000000, -0.000000000000000000, -0.000000000000000000 ) ) ;
#7574 = DIRECTION ( 'NONE',  ( -1.000000000000000000, 0.000000000000000000, -0.000000000000000000 ) ) ;
#7575 = CARTESIAN_POINT ( 'NONE',  ( 11.99999999999999822, -22.43957647427128776, -41.27978878573652821 ) ) ;
#7576 = ORIENTED_EDGE ( 'NONE', *, *, #4444, .F. ) ;
#7577 = ORIENTED_EDGE ( 'NONE', *, *, #6477, .F. ) ;
#7578 = ORIENTED_EDGE ( 'NONE', *, *, #2945, .T. ) ;
#7579 = AXIS2_PLACEMENT_3D ( 'NONE', #4811, #7148, #6619 ) ;
#7580 = ORIENTED_EDGE ( 'NONE', *, *, #6723, .F. ) ;
#7581 = LINE ( 'NONE', #3350, #2197 ) ;
#7582 = CARTESIAN_POINT ( 'NONE',  ( 12.00000000000000000, 0.000000000000000000, 0.000000000000000000 ) ) ;
#7583 = CARTESIAN_POINT ( 'NONE',  ( 11.99999999999999822, -46.21320724403641833, -10.97699764142002188 ) ) ;
#7584 = FACE_OUTER_BOUND ( 'NONE', #4004, .T. ) ;
#7585 = DIRECTION ( 'NONE',  ( -1.000000000000000000, -0.000000000000000000, 0.000000000000000000 ) ) ;
#7586 = AXIS2_PLACEMENT_3D ( 'NONE', #2158, #986, #7005 ) ;
#7587 = AXIS2_PLACEMENT_3D ( 'NONE', #2961, #6616, #6468 ) ;
#7588 = ORIENTED_EDGE ( 'NONE', *, *, #6495, .T. ) ;
#7589 = ORIENTED_EDGE ( 'NONE', *, *, #6306, .F. ) ;
#7590 = AXIS2_PLACEMENT_3D ( 'NONE', #3299, #3211, #5081 ) ;
#7591 = AXIS2_PLACEMENT_3D ( 'NONE', #2434, #216, #3733 ) ;
#7592 = EDGE_CURVE ( 'NONE', #4472, #521, #3198, .T. ) ;
#7593 = EDGE_CURVE ( 'NONE', #2570, #5474, #417, .T. ) ;
#7594 = CARTESIAN_POINT ( 'NONE',  ( 12.00000000000000000, 26.17370628620655282, 39.63700417846171575 ) ) ;
#7595 = CARTESIAN_POINT ( 'NONE',  ( -10.00000000000000000, 0.000000000000000000, 0.000000000000000000 ) ) ;
#7596 = DIRECTION ( 'NONE',  ( -1.000000000000000000, -0.000000000000000000, -0.000000000000000000 ) ) ;
#7597 = CARTESIAN_POINT ( 'NONE',  ( 6.000000000000000000, -7.162210897275365973, -51.50439529848836173 ) ) ;
#7598 = LINE ( 'NONE', #6486, #4268 ) ;
#7599 = CARTESIAN_POINT ( 'NONE',  ( 11.99999999999999822, 46.21320724403648939, 10.97699764141968970 ) ) ;
#7600 = ORIENTED_EDGE ( 'NONE', *, *, #2437, .F. ) ;
ENDSEC;
END-ISO-10303-21;
