ISO-10303-21;
HEADER;
FILE_DESCRIPTION (( 'STEP AP214' ),
    '1' );
FILE_NAME ('ELP-0050.STEP',
    '2026-04-12T10:01:59',
    ( '' ),
    ( '' ),
    'SwSTEP 2.0',
    'SolidWorks 2024',
    '' );
FILE_SCHEMA (( 'AUTOMOTIVE_DESIGN' ));
ENDSEC;

DATA;
#1 = ADVANCED_FACE ( 'NONE', ( #195, #316 ), #873, .F. ) ;
#2 = CARTESIAN_POINT ( 'NONE',  ( 102.9869158722325722, 137.8541725873879500, -1.648317011490313622 ) ) ;
#3 = ORIENTED_EDGE ( 'NONE', *, *, #502, .T. ) ;
#4 = CARTESIAN_POINT ( 'NONE',  ( 102.9681524869772460, 140.8699539402658445, 2.562049267724904489 ) ) ;
#5 = AXIS2_PLACEMENT_3D ( 'NONE', #1062, #389, #427 ) ;
#6 = CARTESIAN_POINT ( 'NONE',  ( -110.3982630562916398, 141.6176764290904941, 4.742272574256887196 ) ) ;
#7 = AXIS2_PLACEMENT_3D ( 'NONE', #1393, #172, #604 ) ;
#8 = ORIENTED_EDGE ( 'NONE', *, *, #1313, .T. ) ;
#9 =( LENGTH_UNIT ( ) NAMED_UNIT ( * ) SI_UNIT ( .MILLI., .METRE. ) );
#10 = CARTESIAN_POINT ( 'NONE',  ( -4.587063617709088937E-15, 145.0000000000000284, -110.4999999999999858 ) ) ;
#11 = CARTESIAN_POINT ( 'NONE',  ( 4.041334437186258607E-16, 8.673617379884035472E-16, 84.70000000000001705 ) ) ;
#12 = ADVANCED_FACE ( 'NONE', ( #454 ), #602, .F. ) ;
#13 = ORIENTED_EDGE ( 'NONE', *, *, #41, .F. ) ;
#14 = ADVANCED_FACE ( 'NONE', ( #1126 ), #1281, .F. ) ;
#15 = CARTESIAN_POINT ( 'NONE',  ( 102.9869829137361990, 142.1490001246398549, -1.644040925516643492 ) ) ;
#16 = DIRECTION ( 'NONE',  ( 0.000000000000000000, -0.000000000000000000, 1.000000000000000000 ) ) ;
#17 = ORIENTED_EDGE ( 'NONE', *, *, #1604, .F. ) ;
#18 = CARTESIAN_POINT ( 'NONE',  ( -2.682385955143874234, 139.6450906392690001, -102.9650717372104936 ) ) ;
#19 = CARTESIAN_POINT ( 'NONE',  ( -110.3868198654168822, 139.6695929869152053, 5.000000000000032863 ) ) ;
#20 = CARTESIAN_POINT ( 'NONE',  ( 102.9646055690983673, 140.0000000000000000, 2.699999999999975309 ) ) ;
#21 = ORIENTED_EDGE ( 'NONE', *, *, #243, .T. ) ;
#22 = CARTESIAN_POINT ( 'NONE',  ( 2.699999999999985523, 140.0000000000000000, -102.9646055690983673 ) ) ;
#23 = ORIENTED_EDGE ( 'NONE', *, *, #430, .T. ) ;
#24 = DIRECTION ( 'NONE',  ( 0.000000000000000000, 0.000000000000000000, 1.000000000000000000 ) ) ;
#25 = CYLINDRICAL_SURFACE ( 'NONE', #1718, 2.700000000000008171 ) ;
#26 = CARTESIAN_POINT ( 'NONE',  ( 2.699999999999985523, 140.0000000000000000, -102.9646055690983673 ) ) ;
#27 = AXIS2_PLACEMENT_3D ( 'NONE', #851, #579, #16 ) ;
#28 = CARTESIAN_POINT ( 'NONE',  ( 1.303344330353478187, 144.8383836884492268, -110.4927861432364864 ) ) ;
#29 = EDGE_CURVE ( 'NONE', #532, #921, #641, .T. ) ;
#30 = CARTESIAN_POINT ( 'NONE',  ( -4.744997436820906245, 138.3899453537942463, -110.3981463834929286 ) ) ;
#31 = ORIENTED_EDGE ( 'NONE', *, *, #1673, .T. ) ;
#32 = VECTOR ( 'NONE', #689, 1000.000000000000000 ) ;
#33 = CYLINDRICAL_SURFACE ( 'NONE', #598, 4.999999999999998224 ) ;
#34 = AXIS2_PLACEMENT_3D ( 'NONE', #451, #1383, #872 ) ;
#35 = CARTESIAN_POINT ( 'NONE',  ( 102.9931907069027233, 137.5726760379838254, 1.195570377803055528 ) ) ;
#36 = CARTESIAN_POINT ( 'NONE',  ( -1.387778780781445676E-14, 140.0000000000000000, -110.4999999999999858 ) ) ;
#37 = PLANE ( 'NONE',  #27 ) ;
#38 = CARTESIAN_POINT ( 'NONE',  ( -0.3262736714257554738, 135.0000000000000284, -110.4999999999999858 ) ) ;
#39 = ORIENTED_EDGE ( 'NONE', *, *, #633, .T. ) ;
#40 = CARTESIAN_POINT ( 'NONE',  ( -2.700000000000012612, 140.0000000000000000, -107.4999999999999858 ) ) ;
#41 = EDGE_CURVE ( 'NONE', #1528, #599, #1011, .T. ) ;
#42 = CARTESIAN_POINT ( 'NONE',  ( 4.493306385027199035, 137.7824619397032109, -110.4086770201915328 ) ) ;
#43 = CARTESIAN_POINT ( 'NONE',  ( -107.4999999999999858, 140.0000000000000000, 2.720448455601260219E-14 ) ) ;
#44 = CARTESIAN_POINT ( 'NONE',  ( 8.939921633775680015E-15, 5.000000000000000000, 73.00000000000001421 ) ) ;
#45 = ORIENTED_EDGE ( 'NONE', *, *, #1144, .F. ) ;
#46 = CARTESIAN_POINT ( 'NONE',  ( 1.387778780781445676E-14, 140.0000000000000000, 110.4999999999999858 ) ) ;
#47 = EDGE_CURVE ( 'NONE', #146, #1340, #55, .T. ) ;
#48 = DIRECTION ( 'NONE',  ( -0.000000000000000000, -0.000000000000000000, 1.000000000000000000 ) ) ;
#49 = CARTESIAN_POINT ( 'NONE',  ( 110.3925354705399542, 138.8653557996092900, -4.872281118080646678 ) ) ;
#50 = CARTESIAN_POINT ( 'NONE',  ( 110.4286239300514723, 143.0505513356085316, 3.975233440725127299 ) ) ;
#51 = CYLINDRICAL_SURFACE ( 'NONE', #207, 73.00000000000001421 ) ;
#52 = CARTESIAN_POINT ( 'NONE',  ( -5.000000000000012434, 140.0000000000000000, -110.3868198654168822 ) ) ;
#53 = ORIENTED_EDGE ( 'NONE', *, *, #623, .T. ) ;
#54 = CARTESIAN_POINT ( 'NONE',  ( -110.3868198654168680, 140.0000000000000000, 5.000000000000031974 ) ) ;
#55 = LINE ( 'NONE', #1698, #779 ) ;
#56 = CARTESIAN_POINT ( 'NONE',  ( 110.4285660137832252, 136.9517219029275736, -3.976780379358047846 ) ) ;
#57 = EDGE_CURVE ( 'NONE', #238, #1340, #117, .T. ) ;
#58 = CARTESIAN_POINT ( 'NONE',  ( 1.261386208644806842E-14, 137.3000000000000114, 103.0000000000000142 ) ) ;
#59 = EDGE_CURVE ( 'NONE', #1150, #169, #82, .T. ) ;
#60 = DIRECTION ( 'NONE',  ( 0.000000000000000000, 0.000000000000000000, -1.000000000000000000 ) ) ;
#61 = VERTEX_POINT ( 'NONE', #928 ) ;
#62 = CARTESIAN_POINT ( 'NONE',  ( 0.000000000000000000, 5.000000000000000000, 0.000000000000000000 ) ) ;
#63 = VERTEX_POINT ( 'NONE', #1341 ) ;
#64 = CARTESIAN_POINT ( 'NONE',  ( -102.9714495736146489, 141.1982457788779470, 2.425927941075867178 ) ) ;
#65 = DIRECTION ( 'NONE',  ( 1.000000000000000000, 0.000000000000000000, 0.000000000000000000 ) ) ;
#66 = CARTESIAN_POINT ( 'NONE',  ( 110.3942816649429091, 138.7069045277772545, -4.832685210916349838 ) ) ;
#67 = CARTESIAN_POINT ( 'NONE',  ( 1.292600514886984797, 144.8328071961534533, 110.4925507630519803 ) ) ;
#68 = CARTESIAN_POINT ( 'NONE',  ( 107.4999999999999858, 140.0000000000000000, -3.384463868488894524E-14 ) ) ;
#69 = CARTESIAN_POINT ( 'NONE',  ( -2.146170573278216587, 141.6478751123170809, -102.9776854179549872 ) ) ;
#70 = ORIENTED_EDGE ( 'NONE', *, *, #840, .F. ) ;
#71 = CARTESIAN_POINT ( 'NONE',  ( -110.4999999999999858, 140.0000000000000000, 2.775557561562891351E-14 ) ) ;
#72 = DIRECTION ( 'NONE',  ( 0.000000000000000000, 1.000000000000000000, 0.000000000000000000 ) ) ;
#73 = CARTESIAN_POINT ( 'NONE',  ( -110.4999999999999858, 140.0000000000000000, 2.775557561562891351E-14 ) ) ;
#74 = CARTESIAN_POINT ( 'NONE',  ( 4.999999999999984901, 140.0000000000000000, -110.4999999999999858 ) ) ;
#75 = FACE_BOUND ( 'NONE', #649, .T. ) ;
#76 = EDGE_CURVE ( 'NONE', #572, #767, #322, .T. ) ;
#77 = ORIENTED_EDGE ( 'NONE', *, *, #41, .T. ) ;
#78 = CYLINDRICAL_SURFACE ( 'NONE', #1187, 2.699999999999999289 ) ;
#79 = EDGE_CURVE ( 'NONE', #169, #1420, #101, .T. ) ;
#80 = ORIENTED_EDGE ( 'NONE', *, *, #1100, .F. ) ;
#81 = CARTESIAN_POINT ( 'NONE',  ( -102.9681524869772460, 140.8699539402658445, -2.562049267724911150 ) ) ;
#82 = LINE ( 'NONE', #897, #1003 ) ;
#83 = EDGE_CURVE ( 'NONE', #776, #1367, #230, .T. ) ;
#84 = CARTESIAN_POINT ( 'NONE',  ( 4.681444233625183138, 138.2362120025878767, 110.4008062873097487 ) ) ;
#85 = CIRCLE ( 'NONE', #750, 2.700000000000008171 ) ;
#86 = CARTESIAN_POINT ( 'NONE',  ( 110.3939467966548307, 141.2951229820960748, 4.840517055712692418 ) ) ;
#87 = CARTESIAN_POINT ( 'NONE',  ( 1.762258474839004441, 144.6820209742170960, 110.4860506592047500 ) ) ;
#88 = AXIS2_PLACEMENT_3D ( 'NONE', #1182, #481, #1719 ) ;
#89 = ORIENTED_EDGE ( 'NONE', *, *, #1510, .F. ) ;
#90 = DIRECTION ( 'NONE',  ( -0.000000000000000000, 1.000000000000000000, -0.000000000000000000 ) ) ;
#91 = CARTESIAN_POINT ( 'NONE',  ( -2.561939117863884174, 140.8702928412977826, -102.9681552624984846 ) ) ;
#92 = ADVANCED_FACE ( 'NONE', ( #534, #628 ), #773, .T. ) ;
#93 = ORIENTED_EDGE ( 'NONE', *, *, #243, .F. ) ;
#94 = CARTESIAN_POINT ( 'NONE',  ( -102.9650577833236724, 140.3512831417519919, -2.682921446796769693 ) ) ;
#95 = DIRECTION ( 'NONE',  ( -0.000000000000000000, 1.000000000000000000, -0.000000000000000000 ) ) ;
#96 = CARTESIAN_POINT ( 'NONE',  ( 110.4151193853636528, 137.4961042242014457, 4.330982683984204940 ) ) ;
#97 = ADVANCED_FACE ( 'NONE', ( #646 ), #253, .F. ) ;
#98 = CARTESIAN_POINT ( 'NONE',  ( 110.4287778896998304, 143.0560286219852344, -3.970951379448071528 ) ) ;
#99 = CARTESIAN_POINT ( 'NONE',  ( -4.494959250048657928, 142.2139278282009514, 110.4086088298593609 ) ) ;
#100 = DIRECTION ( 'NONE',  ( 0.000000000000000000, -1.000000000000000000, 0.000000000000000000 ) ) ;
#101 = B_SPLINE_CURVE_WITH_KNOTS ( 'NONE', 3,
 ( #396, #245, #1439, #915, #1039, #1706, #763, #105, #1429, #661, #1458, #792, #1578, #221, #784, #232, #936, #1467, #1587, #1208 ),
 .UNSPECIFIED., .F., .F.,
 ( 4, 2, 2, 2, 2, 2, 2, 2, 2, 4 ),
 ( 4.457685994651792378E-18, 0.0009773646379762474488, 0.001466046956964368788, 0.001954729275952490127, 0.002932093913928763163, 0.003909458551905036633, 0.004886823189881309669, 0.005864187827857582705, 0.006841552465833855741, 0.007818917103810130512 ),
 .UNSPECIFIED. ) ;
#102 = CARTESIAN_POINT ( 'NONE',  ( -110.4781084163228542, 144.4920124758645841, -2.220129577941107879 ) ) ;
#103 = EDGE_LOOP ( 'NONE', ( #356, #119 ) ) ;
#104 = DIRECTION ( 'NONE',  ( 0.000000000000000000, 0.000000000000000000, -1.000000000000000000 ) ) ;
#105 = CARTESIAN_POINT ( 'NONE',  ( -2.218029328256713839, 144.4930856647782775, -110.4781520389114746 ) ) ;
#106 = PLANE ( 'NONE',  #202 ) ;
#107 = LINE ( 'NONE', #118, #448 ) ;
#108 = ORIENTED_EDGE ( 'NONE', *, *, #1531, .T. ) ;
#109 = CARTESIAN_POINT ( 'NONE',  ( 4.340289505507857193, 142.5036679134300925, -110.4148754917036825 ) ) ;
#110 = CARTESIAN_POINT ( 'NONE',  ( -110.3868198654168822, 140.3303318490357867, 5.000000000000032863 ) ) ;
#111 = CIRCLE ( 'NONE', #860, 2.699999999999998845 ) ;
#112 = VERTEX_POINT ( 'NONE', #517 ) ;
#113 = CARTESIAN_POINT ( 'NONE',  ( -0.6988607991895984251, 142.6139215169451973, 102.9977738079070093 ) ) ;
#114 = CARTESIAN_POINT ( 'NONE',  ( -110.4782295773402154, 135.5050175628185229, -2.214148173917966478 ) ) ;
#115 = CARTESIAN_POINT ( 'NONE',  ( 0.000000000000000000, 150.0000000000000000, 0.000000000000000000 ) ) ;
#116 = CARTESIAN_POINT ( 'NONE',  ( 110.4985398124611464, 144.9680272645114769, -0.6517468177126860551 ) ) ;
#117 = CIRCLE ( 'NONE', #147, 3.299999999999983391 ) ;
#118 = CARTESIAN_POINT ( 'NONE',  ( 1.353234713057825123E-14, 150.0000000000000000, 110.4999999999999858 ) ) ;
#119 = ORIENTED_EDGE ( 'NONE', *, *, #1645, .T. ) ;
#120 = VECTOR ( 'NONE', #1670, 1000.000000000000000 ) ;
#121 = CARTESIAN_POINT ( 'NONE',  ( 2.700000000000012612, 140.0000000000000000, 107.4999999999999858 ) ) ;
#122 = DIRECTION ( 'NONE',  ( -1.000000000000000000, -0.000000000000000000, 1.836970198721029688E-16 ) ) ;
#123 = ORIENTED_EDGE ( 'NONE', *, *, #770, .T. ) ;
#124 = DIRECTION ( 'NONE',  ( -0.000000000000000000, -0.000000000000000000, 1.000000000000000000 ) ) ;
#125 = FACE_OUTER_BOUND ( 'NONE', #1704, .T. ) ;
#126 = CARTESIAN_POINT ( 'NONE',  ( 110.4060243494905649, 137.9352591895242313, 4.556723695268663832 ) ) ;
#127 = CARTESIAN_POINT ( 'NONE',  ( 110.4150298111879493, 142.5106040968780121, -4.336430890152999318 ) ) ;
#128 = DIRECTION ( 'NONE',  ( 0.000000000000000000, 0.000000000000000000, -1.000000000000000000 ) ) ;
#129 = ORIENTED_EDGE ( 'NONE', *, *, #564, .T. ) ;
#130 = CARTESIAN_POINT ( 'NONE',  ( -4.999999999999984901, 140.0000000000000000, 110.4999999999999858 ) ) ;
#131 = CARTESIAN_POINT ( 'NONE',  ( -107.4999999999999858, 140.0000000000000000, 2.720448455601260219E-14 ) ) ;
#132 = ORIENTED_EDGE ( 'NONE', *, *, #1102, .T. ) ;
#133 = DIRECTION ( 'NONE',  ( 0.000000000000000000, 0.000000000000000000, -1.000000000000000000 ) ) ;
#134 = EDGE_CURVE ( 'NONE', #921, #1357, #1736, .T. ) ;
#135 = CARTESIAN_POINT ( 'NONE',  ( -2.214186386931947137, 135.5139915048740420, -110.4779086354719055 ) ) ;
#136 = CARTESIAN_POINT ( 'NONE',  ( 102.9646055690983673, 140.0000000000000000, -2.700000000000040590 ) ) ;
#137 = ORIENTED_EDGE ( 'NONE', *, *, #601, .F. ) ;
#138 = CARTESIAN_POINT ( 'NONE',  ( 102.9646055690983673, 140.0000000000000000, 2.699999999999975309 ) ) ;
#139 = CARTESIAN_POINT ( 'NONE',  ( -110.4886034740232219, 144.7431249693082691, -1.615523739131009995 ) ) ;
#140 = VERTEX_POINT ( 'NONE', #1598 ) ;
#141 = EDGE_CURVE ( 'NONE', #732, #1420, #495, .T. ) ;
#142 = CARTESIAN_POINT ( 'NONE',  ( 1.261386204239018687E-14, 142.7000000000000171, 103.0000000000000142 ) ) ;
#143 = CARTESIAN_POINT ( 'NONE',  ( -1.387778780781445676E-14, 140.0000000000000000, -110.4999999999999858 ) ) ;
#144 = CIRCLE ( 'NONE', #834, 5.000000000000004441 ) ;
#145 = CARTESIAN_POINT ( 'NONE',  ( 102.9776731921174644, 138.3530168742721003, 2.146715613471856354 ) ) ;
#146 = VERTEX_POINT ( 'NONE', #433 ) ;
#147 = AXIS2_PLACEMENT_3D ( 'NONE', #1019, #205, #1299 ) ;
#148 = CARTESIAN_POINT ( 'NONE',  ( 102.9931915891369272, 142.4273639607298207, -1.195532953734337767 ) ) ;
#149 = CIRCLE ( 'NONE', #1215, 4.999999999999999112 ) ;
#150 = FACE_OUTER_BOUND ( 'NONE', #1380, .T. ) ;
#151 = CIRCLE ( 'NONE', #7, 3.299999999999983391 ) ;
#152 = VERTEX_POINT ( 'NONE', #260 ) ;
#153 = CARTESIAN_POINT ( 'NONE',  ( -1.354253479107821789, 137.6575813753789532, -102.9912004890709198 ) ) ;
#154 = CARTESIAN_POINT ( 'NONE',  ( -110.3942816649429091, 138.7069045277772545, 4.832685210916343621 ) ) ;
#155 = CARTESIAN_POINT ( 'NONE',  ( 102.9681548717495474, 139.1295704292877247, -2.561967746219363296 ) ) ;
#156 = ADVANCED_FACE ( 'NONE', ( #582 ), #839, .F. ) ;
#157 = VERTEX_POINT ( 'NONE', #442 ) ;
#158 = LINE ( 'NONE', #312, #1035 ) ;
#159 = ORIENTED_EDGE ( 'NONE', *, *, #506, .F. ) ;
#160 = DIRECTION ( 'NONE',  ( 0.000000000000000000, 0.000000000000000000, -1.000000000000000000 ) ) ;
#161 = CARTESIAN_POINT ( 'NONE',  ( 2.148195942877964004, 141.6450822862463781, -102.9776423336664664 ) ) ;
#162 = EDGE_CURVE ( 'NONE', #1638, #797, #353, .T. ) ;
#163 = ORIENTED_EDGE ( 'NONE', *, *, #857, .T. ) ;
#164 = CARTESIAN_POINT ( 'NONE',  ( -110.4999999999999858, 140.0000000000000000, -2.699999999999980194 ) ) ;
#165 = CARTESIAN_POINT ( 'NONE',  ( -0.7011092674226788724, 137.3866494949975845, 102.9977592483258348 ) ) ;
#166 = B_SPLINE_CURVE_WITH_KNOTS ( 'NONE', 3,
 ( #26, #1652, #1137, #848, #292, #1127, #856, #161, #1244, #705, #593, #566, #455, #1675, #697, #1668 ),
 .UNSPECIFIED., .F., .F.,
 ( 4, 2, 2, 2, 2, 2, 2, 4 ),
 ( 0.01266397132547161103, 0.01319118500522086651, 0.01371839868497012373, 0.01424561236471937921, 0.01477282604446863469, 0.01530003972421789191, 0.01582725340396714739, 0.01688168076346565835 ),
 .UNSPECIFIED. ) ;
#167 = ORIENTED_EDGE ( 'NONE', *, *, #301, .F. ) ;
#168 = DIRECTION ( 'NONE',  ( 0.000000000000000000, 0.000000000000000000, -1.000000000000000000 ) ) ;
#169 = VERTEX_POINT ( 'NONE', #10 ) ;
#170 = ORIENTED_EDGE ( 'NONE', *, *, #1532, .T. ) ;
#171 = CARTESIAN_POINT ( 'NONE',  ( 102.9668332290854664, 139.3010570576211080, -2.613892122610849356 ) ) ;
#172 = DIRECTION ( 'NONE',  ( -0.000000000000000000, 1.000000000000000000, -0.000000000000000000 ) ) ;
#173 = EDGE_CURVE ( 'NONE', #1624, #1435, #592, .T. ) ;
#174 = CARTESIAN_POINT ( 'NONE',  ( 88.00000000000001421, 5.000000000000000000, 0.000000000000000000 ) ) ;
#175 = DIRECTION ( 'NONE',  ( -1.000000000000000000, -0.000000000000000000, 1.836970198721029688E-16 ) ) ;
#176 = AXIS2_PLACEMENT_3D ( 'NONE', #756, #187, #735 ) ;
#177 = ORIENTED_EDGE ( 'NONE', *, *, #789, .T. ) ;
#178 = CIRCLE ( 'NONE', #1398, 103.0000000000000142 ) ;
#179 = DIRECTION ( 'NONE',  ( -0.000000000000000000, 1.000000000000000000, -0.000000000000000000 ) ) ;
#180 = AXIS2_PLACEMENT_3D ( 'NONE', #1113, #1654, #1571 ) ;
#181 = CARTESIAN_POINT ( 'NONE',  ( 1.353234713057825123E-14, 150.0000000000000000, 110.4999999999999858 ) ) ;
#182 = FACE_BOUND ( 'NONE', #560, .T. ) ;
#183 = CARTESIAN_POINT ( 'NONE',  ( -2.699999999999985523, 140.0000000000000000, 102.9646055690983673 ) ) ;
#184 = ADVANCED_FACE ( 'NONE', ( #125 ), #679, .F. ) ;
#185 = ORIENTED_EDGE ( 'NONE', *, *, #1618, .F. ) ;
#186 = CARTESIAN_POINT ( 'NONE',  ( 110.4999999999999858, 140.0000000000000000, -3.469446951953614189E-14 ) ) ;
#187 = DIRECTION ( 'NONE',  ( 1.000000000000000000, -0.000000000000000000, -2.832769448823989808E-16 ) ) ;
#188 = FACE_OUTER_BOUND ( 'NONE', #394, .T. ) ;
#189 = CARTESIAN_POINT ( 'NONE',  ( 110.4148567562393026, 142.5030926605487593, 4.340837648674376048 ) ) ;
#190 = FACE_OUTER_BOUND ( 'NONE', #258, .T. ) ;
#191 = CARTESIAN_POINT ( 'NONE',  ( -0.8693760333569845455, 137.4376840399148136, 102.9964605671089402 ) ) ;
#192 = ORIENTED_EDGE ( 'NONE', *, *, #588, .F. ) ;
#193 = LINE ( 'NONE', #894, #1627 ) ;
#194 = DIRECTION ( 'NONE',  ( 1.000000000000000000, -0.000000000000000000, -2.832769448823989808E-16 ) ) ;
#195 = FACE_BOUND ( 'NONE', #1267, .T. ) ;
#196 = CARTESIAN_POINT ( 'NONE',  ( -4.486008594891815804, 137.7858138176599141, 110.4089295379126412 ) ) ;
#197 = CARTESIAN_POINT ( 'NONE',  ( 110.4085876274907889, 142.2128523515528116, 4.495476499035212292 ) ) ;
#198 = CARTESIAN_POINT ( 'NONE',  ( 0.8702928483982659280, 137.4380608843022458, 102.9964514298440577 ) ) ;
#199 = AXIS2_PLACEMENT_3D ( 'NONE', #1139, #701, #464 ) ;
#200 = CARTESIAN_POINT ( 'NONE',  ( 2.426211541877458355, 141.1976577086286966, 102.9714428463062319 ) ) ;
#201 = DIRECTION ( 'NONE',  ( 1.000000000000000000, -0.000000000000000000, -2.832769448823989808E-16 ) ) ;
#202 = AXIS2_PLACEMENT_3D ( 'NONE', #809, #1355, #473 ) ;
#203 = ORIENTED_EDGE ( 'NONE', *, *, #83, .F. ) ;
#204 = CARTESIAN_POINT ( 'NONE',  ( -102.9646055690983673, 140.0000000000000000, -2.699999999999981526 ) ) ;
#205 = DIRECTION ( 'NONE',  ( -0.000000000000000000, 1.000000000000000000, -0.000000000000000000 ) ) ;
#206 = DIRECTION ( 'NONE',  ( 0.000000000000000000, 0.000000000000000000, 1.000000000000000000 ) ) ;
#207 = AXIS2_PLACEMENT_3D ( 'NONE', #638, #1581, #901 ) ;
#208 = CARTESIAN_POINT ( 'NONE',  ( 1.783879777502356045, 137.9655922632746581, 102.9846265725832097 ) ) ;
#209 = CARTESIAN_POINT ( 'NONE',  ( 2.342039846461146713, 141.3550773713905926, 102.9734168136891554 ) ) ;
#210 = CARTESIAN_POINT ( 'NONE',  ( -1.387778780781445676E-14, 140.0000000000000000, -107.4999999999999858 ) ) ;
#211 = VERTEX_POINT ( 'NONE', #1761 ) ;
#212 = CARTESIAN_POINT ( 'NONE',  ( -1.294306906236265320, 144.8405632862449863, 110.4928822286928920 ) ) ;
#213 = CARTESIAN_POINT ( 'NONE',  ( 4.840563310774748551, 138.7056931934992861, -110.3939445462454643 ) ) ;
#214 = CARTESIAN_POINT ( 'NONE',  ( 110.3868198654168822, 140.3262736576912744, 4.999999999999970690 ) ) ;
#215 = CARTESIAN_POINT ( 'NONE',  ( 2.700000000000013056, 140.0000000000000000, 102.9646055690983673 ) ) ;
#216 = CARTESIAN_POINT ( 'NONE',  ( 2.033207540376334777, 141.7852423814542817, 102.9800057934098163 ) ) ;
#217 = VERTEX_POINT ( 'NONE', #413 ) ;
#218 = DIRECTION ( 'NONE',  ( 0.000000000000000000, -1.000000000000000000, 0.000000000000000000 ) ) ;
#219 = VERTEX_POINT ( 'NONE', #426 ) ;
#220 = CYLINDRICAL_SURFACE ( 'NONE', #388, 110.4999999999999858 ) ;
#221 = CARTESIAN_POINT ( 'NONE',  ( -4.339843487753982210, 142.5047793424934071, -110.4148957315140080 ) ) ;
#222 = DIRECTION ( 'NONE',  ( 0.000000000000000000, 0.000000000000000000, 1.000000000000000000 ) ) ;
#223 = CARTESIAN_POINT ( 'NONE',  ( 0.3296576563964581652, 145.0000000000000568, 110.5000000000000142 ) ) ;
#224 = FACE_BOUND ( 'NONE', #845, .T. ) ;
#225 = PRODUCT_DEFINITION_FORMATION_WITH_SPECIFIED_SOURCE ( 'TUTTO', '', #226, .NOT_KNOWN. ) ;
#226 = PRODUCT ( 'ELP-0050', 'ELP-0050', '', ( #730 ) ) ;
#227 = DIRECTION ( 'NONE',  ( 0.000000000000000000, 1.000000000000000000, 0.000000000000000000 ) ) ;
#228 = ADVANCED_FACE ( 'NONE', ( #830 ), #1369, .F. ) ;
#229 = EDGE_LOOP ( 'NONE', ( #837, #853 ) ) ;
#230 = CIRCLE ( 'NONE', #979, 103.0000000000000142 ) ;
#231 = CARTESIAN_POINT ( 'NONE',  ( -102.9931526537193349, 142.4257135901232800, -1.198812906780216014 ) ) ;
#232 = CARTESIAN_POINT ( 'NONE',  ( -4.744298735076907469, 141.6117496057017320, -110.3981756386137221 ) ) ;
#233 = CARTESIAN_POINT ( 'NONE',  ( 110.3883148334307549, 139.3422108146209553, 4.967297155705850287 ) ) ;
#234 = CIRCLE ( 'NONE', #981, 4.999999999999999112 ) ;
#235 =( GEOMETRIC_REPRESENTATION_CONTEXT ( 3 ) GLOBAL_UNCERTAINTY_ASSIGNED_CONTEXT ( ( #320 ) ) GLOBAL_UNIT_ASSIGNED_CONTEXT ( ( #9, #561, #1473 ) ) REPRESENTATION_CONTEXT ( 'NONE', 'WORKASPACE' ) );
#236 = CARTESIAN_POINT ( 'NONE',  ( 88.00000000000001421, 8.673617379884035472E-16, 0.000000000000000000 ) ) ;
#237 = CARTESIAN_POINT ( 'NONE',  ( 0.7000594577492019743, 137.3862854406737313, 102.9977684563382212 ) ) ;
#238 = VERTEX_POINT ( 'NONE', #1651 ) ;
#239 = CARTESIAN_POINT ( 'NONE',  ( 2.700000000000013056, 140.0000000000000000, 102.9646055690983673 ) ) ;
#240 = CARTESIAN_POINT ( 'NONE',  ( -110.4361184638809164, 143.3074712420479671, 3.763921229008565739 ) ) ;
#241 = EDGE_CURVE ( 'NONE', #217, #634, #1068, .T. ) ;
#242 = ORIENTED_EDGE ( 'NONE', *, *, #59, .T. ) ;
#243 = EDGE_CURVE ( 'NONE', #407, #548, #1151, .T. ) ;
#244 = CARTESIAN_POINT ( 'NONE',  ( -103.0000038840377812, 142.7001481688999434, 0.1757766700613480060 ) ) ;
#245 = CARTESIAN_POINT ( 'NONE',  ( -0.3304821537486715144, 145.0000000000000853, -110.4999999999999716 ) ) ;
#246 = CARTESIAN_POINT ( 'NONE',  ( 3.303494171955509984, 136.2325925549220926, 110.4508498623939801 ) ) ;
#247 = CARTESIAN_POINT ( 'NONE',  ( -4.999999999999984901, 140.0000000000000000, 110.3868198654168822 ) ) ;
#248 = ORIENTED_EDGE ( 'NONE', *, *, #1673, .F. ) ;
#249 = CARTESIAN_POINT ( 'NONE',  ( 102.9733698658798886, 141.3515754669223270, 2.344109833041004620 ) ) ;
#250 = LINE ( 'NONE', #796, #1149 ) ;
#251 = ORIENTED_EDGE ( 'NONE', *, *, #1346, .F. ) ;
#252 = CARTESIAN_POINT ( 'NONE',  ( -1.352529384874460394, 142.3434755426488323, 102.9912241672296460 ) ) ;
#253 = CYLINDRICAL_SURFACE ( 'NONE', #384, 3.299999999999990496 ) ;
#254 = CARTESIAN_POINT ( 'NONE',  ( 110.4582662322794420, 136.0236576203744505, 3.048747079669355209 ) ) ;
#255 = DIRECTION ( 'NONE',  ( 0.000000000000000000, 0.000000000000000000, 1.000000000000000000 ) ) ;
#256 = CARTESIAN_POINT ( 'NONE',  ( 102.9977865743423990, 142.6144225216550865, -0.6969356654696081677 ) ) ;
#257 = CARTESIAN_POINT ( 'NONE',  ( -110.4359669434922608, 143.3024132856247945, -3.768329027000941522 ) ) ;
#258 = EDGE_LOOP ( 'NONE', ( #192, #814 ) ) ;
#259 = CARTESIAN_POINT ( 'NONE',  ( 88.00000000000001421, 5.000000000000000888, 3.299999999999983391 ) ) ;
#260 = CARTESIAN_POINT ( 'NONE',  ( 0.000000000000000000, 5.000000000000000000, -103.0000000000000142 ) ) ;
#261 = FACE_OUTER_BOUND ( 'NONE', #691, .T. ) ;
#262 = CARTESIAN_POINT ( 'NONE',  ( 110.4720203140623340, 144.3416590808919295, -2.501312839944492161 ) ) ;
#263 = DIRECTION ( 'NONE',  ( 0.000000000000000000, 1.000000000000000000, 0.000000000000000000 ) ) ;
#264 = ORIENTED_EDGE ( 'NONE', *, *, #1343, .F. ) ;
#265 = CARTESIAN_POINT ( 'NONE',  ( 4.832807202164145721, 141.2926004895566621, -110.3942762750142350 ) ) ;
#266 = CIRCLE ( 'NONE', #476, 3.299999999999983391 ) ;
#267 = DIRECTION ( 'NONE',  ( -0.000000000000000000, -1.000000000000000000, -0.000000000000000000 ) ) ;
#268 = ORIENTED_EDGE ( 'NONE', *, *, #623, .F. ) ;
#269 = CARTESIAN_POINT ( 'NONE',  ( -102.9931907069027375, 137.5726760379837970, -1.195570377803060635 ) ) ;
#270 = CARTESIAN_POINT ( 'NONE',  ( -110.4928484114375067, 135.1602002986008699, 1.297932034684997404 ) ) ;
#271 = CARTESIAN_POINT ( 'NONE',  ( 0.000000000000000000, 5.000000000000000000, -73.00000000000001421 ) ) ;
#272 = ORIENTED_EDGE ( 'NONE', *, *, #47, .T. ) ;
#273 = CARTESIAN_POINT ( 'NONE',  ( 110.3868198654168680, 140.0000000000000000, -5.000000000000039080 ) ) ;
#274 = EDGE_LOOP ( 'NONE', ( #528, #170, #822, #953 ) ) ;
#275 = CARTESIAN_POINT ( 'NONE',  ( 102.9931526537193349, 142.4257135901232800, 1.198812906780209575 ) ) ;
#276 = ADVANCED_FACE ( 'NONE', ( #1550 ), #25, .F. ) ;
#277 = DIRECTION ( 'NONE',  ( 0.000000000000000000, 0.000000000000000000, 1.000000000000000000 ) ) ;
#278 = ADVANCED_FACE ( 'NONE', ( #1688, #726 ), #1522, .F. ) ;
#279 = ORIENTED_EDGE ( 'NONE', *, *, #380, .F. ) ;
#280 = CARTESIAN_POINT ( 'NONE',  ( -2.034234315945296245, 141.7840697781578854, 102.9799854058015001 ) ) ;
#281 = CARTESIAN_POINT ( 'NONE',  ( -110.4509215393214987, 136.2303235055861705, -3.301285231677995924 ) ) ;
#282 = CARTESIAN_POINT ( 'NONE',  ( 102.9799763365562484, 138.2163531020010510, 2.034789868084811104 ) ) ;
#283 = ORIENTED_EDGE ( 'NONE', *, *, #1615, .T. ) ;
#284 = CYLINDRICAL_SURFACE ( 'NONE', #752, 3.299999999999997158 ) ;
#285 = CARTESIAN_POINT ( 'NONE',  ( 0.000000000000000000, 0.000000000000000000, 0.000000000000000000 ) ) ;
#286 = ADVANCED_FACE ( 'NONE', ( #478 ), #1259, .F. ) ;
#287 = ADVANCED_FACE ( 'NONE', ( #824, #1666 ), #452, .F. ) ;
#288 = EDGE_LOOP ( 'NONE', ( #345, #21, #963, #1500, #674, #459, #589, #23, #163, #1548 ) ) ;
#289 = CARTESIAN_POINT ( 'NONE',  ( -102.9799763365562484, 138.2163531020010510, -2.034789868084816877 ) ) ;
#290 = CARTESIAN_POINT ( 'NONE',  ( -110.4008001604049980, 138.2365978858537687, 4.681588354953693631 ) ) ;
#291 = CIRCLE ( 'NONE', #1235, 3.299999999999997158 ) ;
#292 = CARTESIAN_POINT ( 'NONE',  ( 2.562201570612482104, 140.8697585007862756, -102.9681490504062253 ) ) ;
#293 = ORIENTED_EDGE ( 'NONE', *, *, #1212, .F. ) ;
#294 = DIRECTION ( 'NONE',  ( 0.000000000000000000, -1.000000000000000000, 0.000000000000000000 ) ) ;
#295 = CIRCLE ( 'NONE', #782, 3.299999999999997158 ) ;
#296 = AXIS2_PLACEMENT_3D ( 'NONE', #36, #996, #990 ) ;
#297 = ORIENTED_EDGE ( 'NONE', *, *, #644, .F. ) ;
#298 = CARTESIAN_POINT ( 'NONE',  ( -102.9650728796822392, 139.6448139669483339, -2.682341956318776255 ) ) ;
#299 = CARTESIAN_POINT ( 'NONE',  ( -110.4285660137832252, 136.9517219029275736, 3.976780379358039852 ) ) ;
#300 = B_SPLINE_CURVE_WITH_KNOTS ( 'NONE', 3,
 ( #607, #1300, #1020, #49, #66, #1707, #629, #480, #880, #56, #1163, #1171, #496, #1029, #358, #956, #1746, #680, #1060, #518, #1226, #662, #799, #929, #670, #254, #1608, #937, #1327, #1486, #96, #1449, #126, #1209, #1763, #233, #655, #1073 ),
 .UNSPECIFIED., .F., .F.,
 ( 4, 2, 2, 2, 2, 2, 2, 2, 2, 2, 2, 2, 2, 2, 2, 2, 2, 2, 4 ),
 ( 0.000000000000000000, 0.0009771423872909539357, 0.001465713580936430904, 0.001954284774581907871, 0.002931427161872785046, 0.003908569549163662220, 0.004885711936454539828, 0.005862854323745417436, 0.006839996711036295043, 0.007817139098327171784, 0.008794281485618048524, 0.009771423872908927000, 0.01074856626019980374, 0.01172570864749068222, 0.01270285103478155896, 0.01319142222842699906, 0.01367999342207243743, 0.01465713580936331591, 0.01563427819665419438 ),
 .UNSPECIFIED. ) ;
#301 = EDGE_CURVE ( 'NONE', #1367, #1260, #1693, .T. ) ;
#302 = CARTESIAN_POINT ( 'NONE',  ( 102.9995371152233758, 137.3174949162191751, 0.3540302064001831228 ) ) ;
#303 = ORIENTED_EDGE ( 'NONE', *, *, #727, .F. ) ;
#304 = DIRECTION ( 'NONE',  ( -0.000000000000000000, 1.000000000000000000, -0.000000000000000000 ) ) ;
#305 = UNCERTAINTY_MEASURE_WITH_UNIT (LENGTH_MEASURE( 1.000000000000000082E-05 ), #1655, 'distance_accuracy_value', 'NONE');
#306 = CARTESIAN_POINT ( 'NONE',  ( -2.146956414798827595, 138.3533349913577126, 102.9776681327615506 ) ) ;
#307 = EDGE_LOOP ( 'NONE', ( #677, #391, #913, #843 ) ) ;
#308 = DIRECTION ( 'NONE',  ( 0.000000000000000000, 0.000000000000000000, -1.000000000000000000 ) ) ;
#309 = EDGE_CURVE ( 'NONE', #961, #1025, #414, .T. ) ;
#310 = DIRECTION ( 'NONE',  ( -0.000000000000000000, -0.000000000000000000, -1.000000000000000000 ) ) ;
#311 = EDGE_CURVE ( 'NONE', #1104, #157, #1279, .T. ) ;
#312 = CARTESIAN_POINT ( 'NONE',  ( 110.4999999999999858, 140.0000000000000000, -2.700000000000042810 ) ) ;
#313 = CARTESIAN_POINT ( 'NONE',  ( -4.494413314303880469, 137.7847064304220055, -110.4086317936545498 ) ) ;
#314 = VERTEX_POINT ( 'NONE', #136 ) ;
#315 = DIRECTION ( 'NONE',  ( 0.000000000000000000, 0.000000000000000000, 1.000000000000000000 ) ) ;
#316 = FACE_OUTER_BOUND ( 'NONE', #362, .T. ) ;
#317 = CIRCLE ( 'NONE', #1505, 73.00000000000001421 ) ;
#318 = CARTESIAN_POINT ( 'NONE',  ( 102.9681467826154062, 139.1305048514968234, 2.562292526827895767 ) ) ;
#319 = FACE_BOUND ( 'NONE', #229, .T. ) ;
#320 = UNCERTAINTY_MEASURE_WITH_UNIT (LENGTH_MEASURE( 1.000000000000000082E-05 ), #9, 'distance_accuracy_value', 'NONE');
#321 = EDGE_CURVE ( 'NONE', #146, #1437, #295, .T. ) ;
#322 = CIRCLE ( 'NONE', #565, 3.299999999999983391 ) ;
#323 = DIRECTION ( 'NONE',  ( 0.000000000000000000, -1.000000000000000000, 0.000000000000000000 ) ) ;
#324 = CARTESIAN_POINT ( 'NONE',  ( -0.3549093625954307663, 137.3176140450702860, 102.9995339976123887 ) ) ;
#325 = CIRCLE ( 'NONE', #1601, 5.000000000000004441 ) ;
#326 = ORIENTED_EDGE ( 'NONE', *, *, #311, .F. ) ;
#327 = VECTOR ( 'NONE', #673, 1000.000000000000000 ) ;
#328 = FACE_OUTER_BOUND ( 'NONE', #1125, .T. ) ;
#329 = CARTESIAN_POINT ( 'NONE',  ( 0.000000000000000000, 5.000000000000000000, 0.000000000000000000 ) ) ;
#330 = VECTOR ( 'NONE', #369, 1000.000000000000000 ) ;
#331 = CARTESIAN_POINT ( 'NONE',  ( -4.839545430174496232, 138.7017396708907597, 110.3939893706451443 ) ) ;
#332 = CARTESIAN_POINT ( 'NONE',  ( 1.261386203121773919E-14, 150.0000000000000000, 103.0000000000000142 ) ) ;
#333 = CARTESIAN_POINT ( 'NONE',  ( 0.000000000000000000, 5.000000000000000000, 0.000000000000000000 ) ) ;
#334 = EDGE_CURVE ( 'NONE', #1418, #374, #1689, .T. ) ;
#335 = ORIENTED_EDGE ( 'NONE', *, *, #79, .F. ) ;
#336 = CARTESIAN_POINT ( 'NONE',  ( 0.000000000000000000, 150.0000000000000000, -103.0000000000000142 ) ) ;
#337 = CARTESIAN_POINT ( 'NONE',  ( 3.765164639972069516, 136.6939619238848707, -110.4360756146746496 ) ) ;
#338 = CARTESIAN_POINT ( 'NONE',  ( 1.352239263162939409, 137.6562665218110340, -102.9912293590003429 ) ) ;
#339 = CARTESIAN_POINT ( 'NONE',  ( 2.613853321402222374, 139.3009018720144638, 102.9668342192339310 ) ) ;
#340 = CARTESIAN_POINT ( 'NONE',  ( 0.000000000000000000, 5.000000000000000000, 0.000000000000000000 ) ) ;
#341 = ORIENTED_EDGE ( 'NONE', *, *, #688, .F. ) ;
#342 = DIRECTION ( 'NONE',  ( -0.000000000000000000, -0.000000000000000000, 1.000000000000000000 ) ) ;
#343 = CARTESIAN_POINT ( 'NONE',  ( 1.353234713057825123E-14, 150.0000000000000000, 110.4999999999999858 ) ) ;
#344 = B_SPLINE_CURVE_WITH_KNOTS ( 'NONE', 3,
 ( #852, #875, #324, #165, #191, #1140, #597, #1402, #1008, #465, #306, #991, #870, #821, #1278, #739, #985, #183 ),
 .UNSPECIFIED., .F., .F.,
 ( 4, 2, 2, 2, 2, 2, 2, 2, 4 ),
 ( 0.004221854729457602540, 0.004749347321386186878, 0.005276839913314771216, 0.005804332505243355554, 0.006331825097171939892, 0.006859317689100524230, 0.007386810281029108569, 0.007914302872957693774, 0.008441795464886277245 ),
 .UNSPECIFIED. ) ;
#345 = ORIENTED_EDGE ( 'NONE', *, *, #509, .F. ) ;
#346 = CARTESIAN_POINT ( 'NONE',  ( -102.9734254445867236, 141.3557375539080283, 2.341664309989303305 ) ) ;
#347 = CARTESIAN_POINT ( 'NONE',  ( -0.6573069160703202130, 135.0326268070645597, 110.4985100242957827 ) ) ;
#348 = CARTESIAN_POINT ( 'NONE',  ( 0.1762742565084955970, 137.3000000000000114, -103.0000000000000000 ) ) ;
#349 = CARTESIAN_POINT ( 'NONE',  ( 0.1761554108418129649, 137.3000000000000682, 103.0000000000000142 ) ) ;
#350 = CARTESIAN_POINT ( 'NONE',  ( 88.00000000000001421, 5.000000000000000000, -3.299999999999990496 ) ) ;
#351 = ORIENTED_EDGE ( 'NONE', *, *, #1324, .F. ) ;
#352 = CARTESIAN_POINT ( 'NONE',  ( 1.261386208644806842E-14, 137.3000000000000114, 103.0000000000000142 ) ) ;
#353 = CIRCLE ( 'NONE', #1348, 2.700000000000008171 ) ;
#354 = CIRCLE ( 'NONE', #810, 3.299999999999983391 ) ;
#355 = EDGE_CURVE ( 'NONE', #1025, #1260, #166, .T. ) ;
#356 = ORIENTED_EDGE ( 'NONE', *, *, #1016, .T. ) ;
#357 = CARTESIAN_POINT ( 'NONE',  ( -102.9714104490155790, 141.1948904286277866, -2.427581753928677255 ) ) ;
#358 = CARTESIAN_POINT ( 'NONE',  ( 110.4782112745139528, 135.5054833581098137, -2.214809093503469661 ) ) ;
#359 = AXIS2_PLACEMENT_3D ( 'NONE', #1507, #472, #1407 ) ;
#360 = EDGE_CURVE ( 'NONE', #921, #532, #1291, .T. ) ;
#361 = CARTESIAN_POINT ( 'NONE',  ( 2.426292149731369197, 138.8023162578593883, 102.9714412193943645 ) ) ;
#362 = EDGE_LOOP ( 'NONE', ( #1631, #1360 ) ) ;
#363 = CARTESIAN_POINT ( 'NONE',  ( 0.8697585049713844052, 142.5622015694417541, 102.9964576406226797 ) ) ;
#364 = DIRECTION ( 'NONE',  ( -0.000000000000000000, 1.000000000000000000, -0.000000000000000000 ) ) ;
#365 = ORIENTED_EDGE ( 'NONE', *, *, #360, .F. ) ;
#366 = CARTESIAN_POINT ( 'NONE',  ( -102.9977865743423990, 142.6144225216550581, 0.6969356654696021725 ) ) ;
#367 = CARTESIAN_POINT ( 'NONE',  ( 4.999999999999985789, 140.0000000000000000, -107.4999999999999858 ) ) ;
#368 = CARTESIAN_POINT ( 'NONE',  ( 0.000000000000000000, 150.0000000000000000, -103.0000000000000142 ) ) ;
#369 = DIRECTION ( 'NONE',  ( 1.000000000000000000, -0.000000000000000000, -2.832769448823989808E-16 ) ) ;
#370 = EDGE_CURVE ( 'NONE', #1661, #805, #989, .T. ) ;
#371 = DIRECTION ( 'NONE',  ( 0.000000000000000000, -1.000000000000000000, 0.000000000000000000 ) ) ;
#372 = ORIENTED_EDGE ( 'NONE', *, *, #1629, .T. ) ;
#373 = LINE ( 'NONE', #1048, #1273 ) ;
#374 = VERTEX_POINT ( 'NONE', #11 ) ;
#375 = CARTESIAN_POINT ( 'NONE',  ( -2.343733485136398009, 141.3522392504775098, 102.9733785226567733 ) ) ;
#376 = CARTESIAN_POINT ( 'NONE',  ( 5.000000000000012434, 140.0000000000000000, 110.4999999999999858 ) ) ;
#377 = CARTESIAN_POINT ( 'NONE',  ( -88.00000000000001421, 5.000000000000000888, 0.000000000000000000 ) ) ;
#378 = CARTESIAN_POINT ( 'NONE',  ( 4.492929868969370411, 142.2179936909213325, 110.4086916163162755 ) ) ;
#379 = EDGE_LOOP ( 'NONE', ( #992, #986 ) ) ;
#380 = EDGE_CURVE ( 'NONE', #1025, #643, #1524, .T. ) ;
#381 = FACE_BOUND ( 'NONE', #1231, .T. ) ;
#382 = CARTESIAN_POINT ( 'NONE',  ( -1.646357889244735029, 142.1472446851201425, -102.9869460381074902 ) ) ;
#383 = ORIENTED_EDGE ( 'NONE', *, *, #1712, .T. ) ;
#384 = AXIS2_PLACEMENT_3D ( 'NONE', #1190, #1728, #1059 ) ;
#385 = CARTESIAN_POINT ( 'NONE',  ( -2.217538293736136090, 144.4933062740875869, 110.4781611572514493 ) ) ;
#386 = FACE_BOUND ( 'NONE', #379, .T. ) ;
#387 = CIRCLE ( 'NONE', #891, 103.0000000000000142 ) ;
#388 = AXIS2_PLACEMENT_3D ( 'NONE', #1058, #1597, #104 ) ;
#389 = DIRECTION ( 'NONE',  ( -0.000000000000000000, 1.000000000000000000, -0.000000000000000000 ) ) ;
#390 = CARTESIAN_POINT ( 'NONE',  ( -3.767102721182000735, 143.3038295377971281, 110.4360092390929680 ) ) ;
#391 = ORIENTED_EDGE ( 'NONE', *, *, #1547, .T. ) ;
#392 = CARTESIAN_POINT ( 'NONE',  ( 4.999999999999984901, 140.0000000000000000, -110.3868198654168822 ) ) ;
#393 = CARTESIAN_POINT ( 'NONE',  ( -110.4943276223677771, 144.8731340298472787, 1.130965044100357364 ) ) ;
#394 = EDGE_LOOP ( 'NONE', ( #681, #1610, #1032, #1091 ) ) ;
#395 = CARTESIAN_POINT ( 'NONE',  ( -102.9681467826153920, 139.1305048514968519, -2.562292526827901540 ) ) ;
#396 = CARTESIAN_POINT ( 'NONE',  ( -4.587063617709088937E-15, 145.0000000000000284, -110.4999999999999858 ) ) ;
#397 = CARTESIAN_POINT ( 'NONE',  ( 4.832609541442158374, 138.7066168466188287, 110.3942849868838323 ) ) ;
#398 = CARTESIAN_POINT ( 'NONE',  ( 5.000000000000013323, 140.3301590909880190, 110.3868198654168964 ) ) ;
#399 = CARTESIAN_POINT ( 'NONE',  ( 102.9646055690983673, 140.1761810210151111, 2.699999999999975309 ) ) ;
#400 = DIRECTION ( 'NONE',  ( 0.000000000000000000, 0.000000000000000000, 1.000000000000000000 ) ) ;
#401 = ORIENTED_EDGE ( 'NONE', *, *, #1346, .T. ) ;
#402 = CARTESIAN_POINT ( 'NONE',  ( -0.8706634973519239429, 142.5618784071716334, 102.9964496303246193 ) ) ;
#403 = CARTESIAN_POINT ( 'NONE',  ( -110.4360617651993550, 136.6944202313730443, 3.765571506177971095 ) ) ;
#404 = DIRECTION ( 'NONE',  ( -0.000000000000000000, 1.000000000000000000, -0.000000000000000000 ) ) ;
#405 = CARTESIAN_POINT ( 'NONE',  ( 110.4943276223677771, 144.8731340298472787, -1.130965044100364914 ) ) ;
#406 = DIRECTION ( 'NONE',  ( -0.000000000000000000, 1.000000000000000000, -0.000000000000000000 ) ) ;
#407 = VERTEX_POINT ( 'NONE', #181 ) ;
#408 = CARTESIAN_POINT ( 'NONE',  ( 102.9846396528887595, 142.0350690430213092, -1.783129799331185428 ) ) ;
#409 = AXIS2_PLACEMENT_3D ( 'NONE', #1296, #227, #1436 ) ;
#410 = DIRECTION ( 'NONE',  ( 0.000000000000000000, 0.000000000000000000, 1.000000000000000000 ) ) ;
#411 = EDGE_LOOP ( 'NONE', ( #863, #8, #1606, #1240 ) ) ;
#412 = FILL_AREA_STYLE_COLOUR ( '', #1543 ) ;
#413 = CARTESIAN_POINT ( 'NONE',  ( 8.939921633775680015E-15, 5.000000000000000000, 73.00000000000001421 ) ) ;
#414 = B_SPLINE_CURVE_WITH_KNOTS ( 'NONE', 3,
 ( #1192, #348, #1292, #1013, #765, #908, #338, #1181, #1030, #1302, #1730, #900, #1431, #497, #737, #1283, #1043, #1318 ),
 .UNSPECIFIED., .F., .F.,
 ( 4, 2, 2, 2, 2, 2, 2, 2, 4 ),
 ( 0.008441795472818936982, 0.008969567454400521889, 0.009497339435982105060, 0.01002511141756368997, 0.01055288339914527487, 0.01108065538072685804, 0.01160842736230844295, 0.01213619934389002786, 0.01266397132547161103 ),
 .UNSPECIFIED. ) ;
#415 = DIRECTION ( 'NONE',  ( -1.000000000000000000, -0.000000000000000000, 1.836970198721029688E-16 ) ) ;
#416 = EDGE_CURVE ( 'NONE', #314, #61, #1174, .T. ) ;
#417 = ORIENTED_EDGE ( 'NONE', *, *, #770, .F. ) ;
#418 = ORIENTED_EDGE ( 'NONE', *, *, #1534, .F. ) ;
#419 = AXIS2_PLACEMENT_3D ( 'NONE', #907, #736, #222 ) ;
#420 = CARTESIAN_POINT ( 'NONE',  ( -2.699999999999985079, 140.0000000000000000, 107.4999999999999858 ) ) ;
#421 = AXIS2_PLACEMENT_3D ( 'NONE', #850, #1271, #738 ) ;
#422 = AXIS2_PLACEMENT_3D ( 'NONE', #1594, #201, #884 ) ;
#423 = CARTESIAN_POINT ( 'NONE',  ( -110.4150298111879351, 142.5106040968779837, 4.336430890152993101 ) ) ;
#424 = ORIENTED_EDGE ( 'NONE', *, *, #83, .T. ) ;
#425 = CARTESIAN_POINT ( 'NONE',  ( -102.9714383377649938, 138.8025680423895096, 2.426413624494334176 ) ) ;
#426 = CARTESIAN_POINT ( 'NONE',  ( 1.261386204239018687E-14, 142.7000000000000171, 103.0000000000000142 ) ) ;
#427 = DIRECTION ( 'NONE',  ( 0.000000000000000000, 0.000000000000000000, 1.000000000000000000 ) ) ;
#428 = EDGE_LOOP ( 'NONE', ( #933, #372 ) ) ;
#429 = CARTESIAN_POINT ( 'NONE',  ( 102.9668331254547411, 140.6992849260035996, 2.613898989560483166 ) ) ;
#430 = EDGE_CURVE ( 'NONE', #63, #1456, #666, .T. ) ;
#431 = ORIENTED_EDGE ( 'NONE', *, *, #502, .F. ) ;
#432 = CARTESIAN_POINT ( 'NONE',  ( -102.9912173647732914, 137.6567994775558077, 1.353120677065779542 ) ) ;
#433 = CARTESIAN_POINT ( 'NONE',  ( 88.00000000000001421, 8.673617379884035472E-16, 3.299999999999997158 ) ) ;
#434 = CARTESIAN_POINT ( 'NONE',  ( 2.699999999999985523, 140.0000000000000000, -110.4999999999999858 ) ) ;
#435 = ORIENTED_EDGE ( 'NONE', *, *, #1674, .T. ) ;
#436 = CARTESIAN_POINT ( 'NONE',  ( 3.306056726319062555, 143.7651481731500951, -110.4507726892529575 ) ) ;
#437 = PRODUCT_DEFINITION ( 'NON CONOSCIUTO', '', #225, #1647 ) ;
#438 = CYLINDRICAL_SURFACE ( 'NONE', #1475, 3.299999999999990496 ) ;
#439 = EDGE_CURVE ( 'NONE', #444, #1274, #1591, .T. ) ;
#440 = ORIENTED_EDGE ( 'NONE', *, *, #727, .T. ) ;
#441 = CARTESIAN_POINT ( 'NONE',  ( 8.939921633775680015E-15, 0.000000000000000000, 73.00000000000001421 ) ) ;
#442 = CARTESIAN_POINT ( 'NONE',  ( 110.3868198654168680, 140.0000000000000000, -5.000000000000039080 ) ) ;
#443 = CARTESIAN_POINT ( 'NONE',  ( 102.9977630300501517, 137.3864986412836231, -0.7008467925836199264 ) ) ;
#444 = VERTEX_POINT ( 'NONE', #1152 ) ;
#445 = AXIS2_PLACEMENT_3D ( 'NONE', #479, #1667, #1551 ) ;
#446 = CYLINDRICAL_SURFACE ( 'NONE', #1750, 3.299999999999997158 ) ;
#447 = VECTOR ( 'NONE', #175, 1000.000000000000000 ) ;
#448 = VECTOR ( 'NONE', #1747, 1000.000000000000000 ) ;
#449 = CARTESIAN_POINT ( 'NONE',  ( 0.000000000000000000, 5.000000000000000888, 88.00000000000001421 ) ) ;
#450 = ORIENTED_EDGE ( 'NONE', *, *, #1534, .T. ) ;
#451 = CARTESIAN_POINT ( 'NONE',  ( -88.00000000000001421, 5.000000000000000000, 0.000000000000000000 ) ) ;
#452 = PLANE ( 'NONE',  #1664 ) ;
#453 = EDGE_LOOP ( 'NONE', ( #297, #761, #469, #123 ) ) ;
#454 = FACE_OUTER_BOUND ( 'NONE', #274, .T. ) ;
#455 = CARTESIAN_POINT ( 'NONE',  ( 1.197657719686598510, 142.4262115366719854, -102.9931646443103403 ) ) ;
#456 = DIRECTION ( 'NONE',  ( -0.000000000000000000, -1.000000000000000000, -0.000000000000000000 ) ) ;
#457 = FACE_BOUND ( 'NONE', #751, .T. ) ;
#458 = CARTESIAN_POINT ( 'NONE',  ( -3.975707235142798002, 136.9504328806847298, -110.4286039525774612 ) ) ;
#459 = ORIENTED_EDGE ( 'NONE', *, *, #1692, .T. ) ;
#460 = CYLINDRICAL_SURFACE ( 'NONE', #34, 3.299999999999990496 ) ;
#461 = DIRECTION ( 'NONE',  ( 0.000000000000000000, -1.000000000000000000, 0.000000000000000000 ) ) ;
#462 = CARTESIAN_POINT ( 'NONE',  ( 102.9964452766161145, 137.4383075368530172, -0.8710105688815268365 ) ) ;
#463 = DIRECTION ( 'NONE',  ( -1.000000000000000000, -0.000000000000000000, 1.836970198721029688E-16 ) ) ;
#464 = DIRECTION ( 'NONE',  ( -1.000000000000000000, 0.000000000000000000, 0.000000000000000000 ) ) ;
#465 = CARTESIAN_POINT ( 'NONE',  ( -2.035085338578021652, 138.2166937428342237, 102.9799704397926661 ) ) ;
#466 = ORIENTED_EDGE ( 'NONE', *, *, #141, .F. ) ;
#467 = CARTESIAN_POINT ( 'NONE',  ( -2.427017596307847747, 138.8038129942060550, -102.9714240198963040 ) ) ;
#468 = CARTESIAN_POINT ( 'NONE',  ( 0.000000000000000000, 150.0000000000000000, 0.000000000000000000 ) ) ;
#469 = ORIENTED_EDGE ( 'NONE', *, *, #1717, .T. ) ;
#470 = CARTESIAN_POINT ( 'NONE',  ( -4.967312167282332602, 139.3423605200181612, 110.3883141413510316 ) ) ;
#471 = ADVANCED_FACE ( 'NONE', ( #188 ), #620, .F. ) ;
#472 = DIRECTION ( 'NONE',  ( -0.000000000000000000, 1.000000000000000000, -0.000000000000000000 ) ) ;
#473 = DIRECTION ( 'NONE',  ( 2.832769448823989808E-16, 0.000000000000000000, 1.000000000000000000 ) ) ;
#474 = AXIS2_PLACEMENT_3D ( 'NONE', #143, #694, #1110 ) ;
#475 = VERTEX_POINT ( 'NONE', #367 ) ;
#476 = AXIS2_PLACEMENT_3D ( 'NONE', #984, #1131, #720 ) ;
#477 = CARTESIAN_POINT ( 'NONE',  ( -2.700000000000013056, 139.8239244512317896, -102.9646055690983673 ) ) ;
#478 = FACE_OUTER_BOUND ( 'NONE', #1491, .T. ) ;
#479 = CARTESIAN_POINT ( 'NONE',  ( 2.700000000000012612, 140.0000000000000000, 107.4999999999999858 ) ) ;
#480 = CARTESIAN_POINT ( 'NONE',  ( 110.4086768999166850, 137.7824385861525798, -4.493311422711360414 ) ) ;
#481 = DIRECTION ( 'NONE',  ( -0.000000000000000000, 1.000000000000000000, -0.000000000000000000 ) ) ;
#482 = CARTESIAN_POINT ( 'NONE',  ( -5.000000000000013323, 139.6739037203750229, -110.3868198654168395 ) ) ;
#483 = ORIENTED_EDGE ( 'NONE', *, *, #47, .F. ) ;
#484 = CYLINDRICAL_SURFACE ( 'NONE', #999, 3.299999999999990496 ) ;
#485 = DIRECTION ( 'NONE',  ( 0.000000000000000000, 0.000000000000000000, 1.000000000000000000 ) ) ;
#486 = DIRECTION ( 'NONE',  ( -0.000000000000000000, 1.000000000000000000, -0.000000000000000000 ) ) ;
#487 = CARTESIAN_POINT ( 'NONE',  ( -2.215293733751073191, 135.5055867630021567, 110.4782063562026480 ) ) ;
#488 = DIRECTION ( 'NONE',  ( 0.000000000000000000, 0.000000000000000000, 1.000000000000000000 ) ) ;
#489 = DIRECTION ( 'NONE',  ( 0.000000000000000000, 0.000000000000000000, -1.000000000000000000 ) ) ;
#490 = EDGE_CURVE ( 'NONE', #475, #732, #234, .T. ) ;
#491 = CARTESIAN_POINT ( 'NONE',  ( -2.343528535363722298, 141.3525585086551359, -102.9733830471391087 ) ) ;
#492 = EDGE_CURVE ( 'NONE', #140, #1649, #924, .T. ) ;
#493 = ORIENTED_EDGE ( 'NONE', *, *, #615, .T. ) ;
#494 = CARTESIAN_POINT ( 'NONE',  ( -102.9646055690983673, 140.0000000000000000, 2.700000000000034373 ) ) ;
#495 = LINE ( 'NONE', #1028, #696 ) ;
#496 = CARTESIAN_POINT ( 'NONE',  ( 110.4581692776694979, 136.0262723282990862, -3.052473344515103104 ) ) ;
#497 = CARTESIAN_POINT ( 'NONE',  ( 2.561878409714926530, 139.1293365108533351, -102.9681570628325034 ) ) ;
#498 = CARTESIAN_POINT ( 'NONE',  ( 1.195341312764872210, 137.5726350046782898, 102.9931918911545807 ) ) ;
#499 = B_SPLINE_CURVE_WITH_KNOTS ( 'NONE', 3,
 ( #1082, #1737, #525, #1468, #397, #1317, #84, #535, #945, #647, #1476, #246, #793, #1755, #1191, #1334, #546, #1599, #1588, #1051 ),
 .UNSPECIFIED., .F., .F.,
 ( 4, 2, 2, 2, 2, 2, 2, 2, 2, 4 ),
 ( 0.000000000000000000, 0.0009773646239498506513, 0.001466046935924776194, 0.001954729247899701736, 0.002932093871849477795, 0.003909458495799253419, 0.004886823119749030345, 0.005864187743698806403, 0.006841552367648582461, 0.007818916991598357652 ),
 .UNSPECIFIED. ) ;
#500 = CARTESIAN_POINT ( 'NONE',  ( 1.784042681670419794, 142.0342603011321216, 102.9846236960786996 ) ) ;
#501 = CARTESIAN_POINT ( 'NONE',  ( 0.000000000000000000, 8.673617379884035472E-16, 88.00000000000001421 ) ) ;
#502 = EDGE_CURVE ( 'NONE', #157, #1104, #300, .T. ) ;
#503 = VECTOR ( 'NONE', #624, 1000.000000000000000 ) ;
#504 = VERTEX_POINT ( 'NONE', #1342 ) ;
#505 = CARTESIAN_POINT ( 'NONE',  ( -2.699999999999985523, 140.0000000000000000, 102.9646055690983673 ) ) ;
#506 = EDGE_CURVE ( 'NONE', #732, #475, #149, .T. ) ;
#507 = CARTESIAN_POINT ( 'NONE',  ( 3.051913730158922533, 136.0257994087381803, -110.4581859266534281 ) ) ;
#508 = AXIS2_PLACEMENT_3D ( 'NONE', #1053, #1164, #488 ) ;
#509 = EDGE_CURVE ( 'NONE', #407, #1150, #721, .T. ) ;
#510 = CARTESIAN_POINT ( 'NONE',  ( 1.352558524521772831, 137.6564714735081338, 102.9912248351233046 ) ) ;
#511 = VECTOR ( 'NONE', #1288, 1000.000000000000000 ) ;
#512 = DIRECTION ( 'NONE',  ( -0.000000000000000000, 1.000000000000000000, -0.000000000000000000 ) ) ;
#513 = EDGE_LOOP ( 'NONE', ( #1671, #861, #754, #268, #466 ) ) ;
#514 = CARTESIAN_POINT ( 'NONE',  ( -1.785330424177821396, 142.0331348151731277, -102.9846013270436913 ) ) ;
#515 = ORIENTED_EDGE ( 'NONE', *, *, #439, .F. ) ;
#516 = CARTESIAN_POINT ( 'NONE',  ( -102.9846396528887453, 142.0350690430212808, 1.783129799331179877 ) ) ;
#517 = CARTESIAN_POINT ( 'NONE',  ( -102.9646055690983673, 140.0000000000000000, 2.700000000000034373 ) ) ;
#518 = CARTESIAN_POINT ( 'NONE',  ( 110.5000052407911966, 134.9998841785070454, 0.3243839327794059146 ) ) ;
#519 = CARTESIAN_POINT ( 'NONE',  ( 3.046511432795781626, 143.9780942831533253, 110.4583291757414258 ) ) ;
#520 = CARTESIAN_POINT ( 'NONE',  ( 0.6987386817040390774, 142.6139351044534465, 102.9977741676834171 ) ) ;
#521 = DIRECTION ( 'NONE',  ( 0.000000000000000000, 0.000000000000000000, 1.000000000000000000 ) ) ;
#522 = ORIENTED_EDGE ( 'NONE', *, *, #241, .F. ) ;
#523 = CARTESIAN_POINT ( 'NONE',  ( -102.9964722173323963, 142.5627858468679392, 0.8680573393549995131 ) ) ;
#524 = DIRECTION ( 'NONE',  ( -0.000000000000000000, -0.000000000000000000, 1.000000000000000000 ) ) ;
#525 = CARTESIAN_POINT ( 'NONE',  ( 4.967556863987960369, 139.3445685560168954, 110.3883029405485843 ) ) ;
#526 = CARTESIAN_POINT ( 'NONE',  ( 110.4583822817404979, 143.9795662581758506, -3.044605375865788499 ) ) ;
#527 = CARTESIAN_POINT ( 'NONE',  ( -3.048860329861840857, 143.9763619503586369, 110.4582658646427831 ) ) ;
#528 = ORIENTED_EDGE ( 'NONE', *, *, #416, .T. ) ;
#529 = CIRCLE ( 'NONE', #1445, 3.299999999999997158 ) ;
#530 = CARTESIAN_POINT ( 'NONE',  ( 0.3539577870083960298, 142.6824627417020110, 102.9995360820981318 ) ) ;
#531 = CARTESIAN_POINT ( 'NONE',  ( -110.4718882731545193, 144.3383262278835275, -2.507155253859427724 ) ) ;
#532 = VERTEX_POINT ( 'NONE', #1619 ) ;
#533 = CARTESIAN_POINT ( 'NONE',  ( -102.9964452766161287, 137.4383075368530172, 0.8710105688815207303 ) ) ;
#534 = FACE_OUTER_BOUND ( 'NONE', #1262, .T. ) ;
#535 = CARTESIAN_POINT ( 'NONE',  ( 4.493085762728688870, 137.7819708797684086, 110.4086861452997539 ) ) ;
#536 = VECTOR ( 'NONE', #711, 1000.000000000000000 ) ;
#537 = VECTOR ( 'NONE', #1254, 1000.000000000000000 ) ;
#538 = CARTESIAN_POINT ( 'NONE',  ( -3.306038408849703458, 143.7651643478031929, 110.4507732413321435 ) ) ;
#539 = ORIENTED_EDGE ( 'NONE', *, *, #1054, .T. ) ;
#540 = DIRECTION ( 'NONE',  ( -0.000000000000000000, 1.000000000000000000, -0.000000000000000000 ) ) ;
#541 = EDGE_CURVE ( 'NONE', #1498, #1236, #85, .T. ) ;
#542 = CARTESIAN_POINT ( 'NONE',  ( 0.000000000000000000, 5.000000000000000000, 88.00000000000001421 ) ) ;
#543 = ORIENTED_EDGE ( 'NONE', *, *, #633, .F. ) ;
#544 = CARTESIAN_POINT ( 'NONE',  ( -102.9668475952468185, 139.2988383192250978, -2.613328870639124446 ) ) ;
#545 = CARTESIAN_POINT ( 'NONE',  ( -110.4089389581485392, 137.7853426820111906, -4.485777304872727633 ) ) ;
#546 = CARTESIAN_POINT ( 'NONE',  ( 1.296469470177306071, 135.1598042301889677, 110.4928658127211492 ) ) ;
#547 = CARTESIAN_POINT ( 'NONE',  ( 5.000000000000012434, 140.0000000000000000, 110.3868198654168822 ) ) ;
#548 = VERTEX_POINT ( 'NONE', #1460 ) ;
#549 = CARTESIAN_POINT ( 'NONE',  ( 102.9912070840999121, 142.3427258702089375, 1.353816407573430913 ) ) ;
#550 = LINE ( 'NONE', #571, #1595 ) ;
#551 = EDGE_CURVE ( 'NONE', #1357, #444, #499, .T. ) ;
#552 = ORIENTED_EDGE ( 'NONE', *, *, #57, .T. ) ;
#553 = CARTESIAN_POINT ( 'NONE',  ( -102.9681548717495474, 139.1295704292877247, 2.561967746219357078 ) ) ;
#554 = CARTESIAN_POINT ( 'NONE',  ( -110.5000052407911966, 134.9998841785070454, -0.3243839327794129646 ) ) ;
#555 = CARTESIAN_POINT ( 'NONE',  ( -1.387778780781445676E-14, 140.0000000000000000, -107.4999999999999858 ) ) ;
#556 = CARTESIAN_POINT ( 'NONE',  ( 110.3883024502948729, 140.6571944426073912, -4.967582351218529979 ) ) ;
#557 = ORIENTED_EDGE ( 'NONE', *, *, #644, .T. ) ;
#558 = CARTESIAN_POINT ( 'NONE',  ( 102.9734254445867663, 141.3557375539080283, -2.341664309989309967 ) ) ;
#559 = CARTESIAN_POINT ( 'NONE',  ( -110.4999875678061159, 144.9997252484216688, -0.3339257526931461162 ) ) ;
#560 = EDGE_LOOP ( 'NONE', ( #1160, #832 ) ) ;
#561 =( NAMED_UNIT ( * ) PLANE_ANGLE_UNIT ( ) SI_UNIT ( $, .RADIAN. ) );
#562 = DIRECTION ( 'NONE',  ( -0.000000000000000000, -0.000000000000000000, 1.000000000000000000 ) ) ;
#563 = CARTESIAN_POINT ( 'NONE',  ( 88.00000000000001421, 5.000000000000000888, 0.000000000000000000 ) ) ;
#564 = EDGE_CURVE ( 'NONE', #767, #572, #354, .T. ) ;
#565 = AXIS2_PLACEMENT_3D ( 'NONE', #1170, #95, #1448 ) ;
#566 = CARTESIAN_POINT ( 'NONE',  ( 1.355077385177818394, 142.3420398387607122, -102.9911910742856662 ) ) ;
#567 = ADVANCED_FACE ( 'NONE', ( #386, #261 ), #106, .F. ) ;
#568 = ORIENTED_EDGE ( 'NONE', *, *, #1580, .F. ) ;
#569 = AXIS2_PLACEMENT_3D ( 'NONE', #1616, #124, #678 ) ;
#570 = CARTESIAN_POINT ( 'NONE',  ( 102.9800191781793757, 141.7860155410050709, -2.032536931623865062 ) ) ;
#571 = CARTESIAN_POINT ( 'NONE',  ( 0.000000000000000000, 150.0000000000000000, -110.4999999999999858 ) ) ;
#572 = VERTEX_POINT ( 'NONE', #1519 ) ;
#573 = CARTESIAN_POINT ( 'NONE',  ( -102.9912079599098149, 137.6572520590713111, -1.353695583101423017 ) ) ;
#574 = CARTESIAN_POINT ( 'NONE',  ( -110.3984086553292912, 138.3927336217618347, 4.737471586983680538 ) ) ;
#575 = CARTESIAN_POINT ( 'NONE',  ( 102.9846197906960583, 137.9659358968976903, -1.784267829633674030 ) ) ;
#576 = EDGE_CURVE ( 'NONE', #1075, #504, #1748, .T. ) ;
#577 = ORIENTED_EDGE ( 'NONE', *, *, #309, .T. ) ;
#578 = PLANE ( 'NONE',  #180 ) ;
#579 = DIRECTION ( 'NONE',  ( 0.000000000000000000, 1.000000000000000000, 0.000000000000000000 ) ) ;
#580 = EDGE_LOOP ( 'NONE', ( #1733, #1112 ) ) ;
#581 = CARTESIAN_POINT ( 'NONE',  ( -5.000000000000012434, 140.0000000000000000, -110.3868198654168822 ) ) ;
#582 = FACE_OUTER_BOUND ( 'NONE', #1133, .T. ) ;
#583 = CARTESIAN_POINT ( 'NONE',  ( 0.3264442955325342899, 134.9999999999999716, -110.4999999999999432 ) ) ;
#584 = ORIENTED_EDGE ( 'NONE', *, *, #789, .F. ) ;
#585 = CARTESIAN_POINT ( 'NONE',  ( -4.587063617709088937E-15, 145.0000000000000284, -110.4999999999999858 ) ) ;
#586 = EDGE_CURVE ( 'NONE', #1340, #238, #1155, .T. ) ;
#587 = APPLICATION_PROTOCOL_DEFINITION ( 'draft international standard', 'automotive_design', 1998, #1248 ) ;
#588 = EDGE_CURVE ( 'NONE', #152, #599, #387, .T. ) ;
#589 = ORIENTED_EDGE ( 'NONE', *, *, #1674, .F. ) ;
#590 = DIRECTION ( 'NONE',  ( 1.000000000000000000, 0.000000000000000000, 0.000000000000000000 ) ) ;
#591 = CIRCLE ( 'NONE', #917, 110.4999999999999858 ) ;
#592 = B_SPLINE_CURVE_WITH_KNOTS ( 'NONE', 3,
 ( #1640, #19, #1658, #847, #154, #574, #290, #669, #1233, #299, #403, #1474, #1080, #978, #944, #703, #270, #820, #1502, #554, #1361, #1251, #1513, #114, #1089, #1626, #281, #965, #1218, #1754, #1097, #545, #1617, #808, #687, #1770, #1496, #1354 ),
 .UNSPECIFIED., .F., .F.,
 ( 4, 2, 2, 2, 2, 2, 2, 2, 2, 2, 2, 2, 2, 2, 2, 2, 2, 2, 4 ),
 ( 0.000000000000000000, 0.0009771423872909539357, 0.001465713580936430904, 0.001954284774581907871, 0.002931427161872785046, 0.003908569549163662220, 0.004885711936454539828, 0.005862854323745417436, 0.006839996711036295043, 0.007817139098327171784, 0.008794281485618048524, 0.009771423872908927000, 0.01074856626019980374, 0.01172570864749068222, 0.01270285103478155896, 0.01319142222842699906, 0.01367999342207243743, 0.01465713580936331591, 0.01563427819665419438 ),
 .UNSPECIFIED. ) ;
#593 = CARTESIAN_POINT ( 'NONE',  ( 1.649485328078042157, 142.1448970787937185, -102.9868966022973780 ) ) ;
#594 = CARTESIAN_POINT ( 'NONE',  ( 0.6568525124805988380, 144.9676159208380852, -110.4985205372239392 ) ) ;
#595 = AXIS2_PLACEMENT_3D ( 'NONE', #910, #1321, #489 ) ;
#596 = CIRCLE ( 'NONE', #1603, 2.700000000000008171 ) ;
#597 = CARTESIAN_POINT ( 'NONE',  ( -1.354249002159483295, 137.6575750172237917, 102.9912006050055879 ) ) ;
#598 = AXIS2_PLACEMENT_3D ( 'NONE', #46, #1258, #590 ) ;
#599 = VERTEX_POINT ( 'NONE', #1408 ) ;
#600 = CARTESIAN_POINT ( 'NONE',  ( -2.035297408258911478, 138.2169357828331329, -102.9799662303289125 ) ) ;
#601 = EDGE_CURVE ( 'NONE', #1528, #712, #344, .T. ) ;
#602 = CYLINDRICAL_SURFACE ( 'NONE', #176, 2.700000000000008171 ) ;
#603 = DIRECTION ( 'NONE',  ( 1.000000000000000000, 0.000000000000000000, 0.000000000000000000 ) ) ;
#604 = DIRECTION ( 'NONE',  ( 0.000000000000000000, 0.000000000000000000, 1.000000000000000000 ) ) ;
#605 = DIRECTION ( 'NONE',  ( 0.000000000000000000, 0.000000000000000000, 1.000000000000000000 ) ) ;
#606 = VERTEX_POINT ( 'NONE', #1015 ) ;
#607 = CARTESIAN_POINT ( 'NONE',  ( 110.3868198654168680, 140.0000000000000000, -5.000000000000039080 ) ) ;
#608 = LINE ( 'NONE', #332, #1691 ) ;
#609 = DIRECTION ( 'NONE',  ( 0.000000000000000000, -1.000000000000000000, 0.000000000000000000 ) ) ;
#610 = ORIENTED_EDGE ( 'NONE', *, *, #301, .T. ) ;
#611 = CARTESIAN_POINT ( 'NONE',  ( -102.9646055690983388, 139.8237791042360811, -2.699999999999981526 ) ) ;
#612 = DIRECTION ( 'NONE',  ( 1.000000000000000000, 0.000000000000000000, 0.000000000000000000 ) ) ;
#613 = EDGE_CURVE ( 'NONE', #112, #1498, #1388, .T. ) ;
#614 = CARTESIAN_POINT ( 'NONE',  ( -4.745065013418821032, 138.3900780645379029, 110.3981436333131256 ) ) ;
#615 = EDGE_CURVE ( 'NONE', #1295, #1427, #1098, .T. ) ;
#616 = CARTESIAN_POINT ( 'NONE',  ( 1.387778780781445676E-14, 140.0000000000000000, 107.4999999999999858 ) ) ;
#617 = CARTESIAN_POINT ( 'NONE',  ( -3.769035789861662433, 136.6979898200730759, -110.4359491783668119 ) ) ;
#618 = CIRCLE ( 'NONE', #672, 3.299999999999997158 ) ;
#619 = CARTESIAN_POINT ( 'NONE',  ( -0.8706226257404094948, 142.5619047966276582, -102.9964502358464387 ) ) ;
#620 = CYLINDRICAL_SURFACE ( 'NONE', #1422, 5.000000000000004441 ) ;
#621 = B_SPLINE_CURVE_WITH_KNOTS ( 'NONE', 3,
 ( #247, #1211, #1477, #663, #813, #99, #657, #1203, #390, #538, #527, #1419, #385, #1326, #212, #1438, #1566, #1697 ),
 .UNSPECIFIED., .F., .F.,
 ( 4, 2, 2, 2, 2, 2, 2, 2, 4 ),
 ( 0.01563427819665418050, 0.01661170920745811894, 0.01758914021826205737, 0.01856657122906599580, 0.01954400223986993423, 0.02052143325067387267, 0.02149886426147781110, 0.02247629527228174953, 0.02345372628308568796 ),
 .UNSPECIFIED. ) ;
#622 = CARTESIAN_POINT ( 'NONE',  ( 2.700000000000013500, 139.8215560499386925, 102.9646055690983815 ) ) ;
#623 = EDGE_CURVE ( 'NONE', #1420, #63, #1045, .T. ) ;
#624 = DIRECTION ( 'NONE',  ( -1.000000000000000000, -0.000000000000000000, 1.836970198721029688E-16 ) ) ;
#625 = LINE ( 'NONE', #1186, #1490 ) ;
#626 = ORIENTED_EDGE ( 'NONE', *, *, #1158, .T. ) ;
#627 = CYLINDRICAL_SURFACE ( 'NONE', #983, 2.700000000000008171 ) ;
#628 = FACE_BOUND ( 'NONE', #1573, .T. ) ;
#629 = CARTESIAN_POINT ( 'NONE',  ( 110.4008001604049980, 138.2365978858537687, -4.681588354953700737 ) ) ;
#630 = CARTESIAN_POINT ( 'NONE',  ( 1.606198894868721361, 144.7378229806949435, 110.4884370209245787 ) ) ;
#631 = DIRECTION ( 'NONE',  ( -1.000000000000000000, 0.000000000000000000, 0.000000000000000000 ) ) ;
#632 = CARTESIAN_POINT ( 'NONE',  ( 107.4999999999999858, 140.0000000000000000, -2.700000000000041922 ) ) ;
#633 = EDGE_CURVE ( 'NONE', #976, #572, #1695, .T. ) ;
#634 = VERTEX_POINT ( 'NONE', #271 ) ;
#635 = CARTESIAN_POINT ( 'NONE',  ( -2.682903545303997994, 140.3514684816041722, 102.9650582621582657 ) ) ;
#636 = CARTESIAN_POINT ( 'NONE',  ( -4.999999999999984901, 140.0000000000000000, 110.3868198654168822 ) ) ;
#637 = CIRCLE ( 'NONE', #1061, 3.299999999999983391 ) ;
#638 = CARTESIAN_POINT ( 'NONE',  ( 0.000000000000000000, 5.000000000000000000, 0.000000000000000000 ) ) ;
#639 = DIRECTION ( 'NONE',  ( 0.000000000000000000, 0.000000000000000000, -1.000000000000000000 ) ) ;
#640 = CARTESIAN_POINT ( 'NONE',  ( -2.700000000000013056, 140.0000000000000000, -102.9646055690983530 ) ) ;
#641 = CIRCLE ( 'NONE', #1508, 4.999999999999999112 ) ;
#642 = VECTOR ( 'NONE', #512, 1000.000000000000000 ) ;
#643 = VERTEX_POINT ( 'NONE', #1362 ) ;
#644 = EDGE_CURVE ( 'NONE', #217, #1483, #1234, .T. ) ;
#645 = CARTESIAN_POINT ( 'NONE',  ( -102.9995308817810553, 142.6822650095323013, -0.3555495164407907471 ) ) ;
#646 = FACE_OUTER_BOUND ( 'NONE', #1478, .T. ) ;
#647 = CARTESIAN_POINT ( 'NONE',  ( 3.976329262985308866, 136.9511251120979693, 110.4285823896252339 ) ) ;
#648 = CARTESIAN_POINT ( 'NONE',  ( 2.503668129134529519, 144.3402893837817658, 110.4719664082511201 ) ) ;
#649 = EDGE_LOOP ( 'NONE', ( #1632, #1297 ) ) ;
#650 = CARTESIAN_POINT ( 'NONE',  ( 0.000000000000000000, 0.000000000000000000, -110.4999999999999858 ) ) ;
#651 = CARTESIAN_POINT ( 'NONE',  ( -2.613714560138458598, 140.7000594545527292, -102.9668378391523049 ) ) ;
#652 = VERTEX_POINT ( 'NONE', #650 ) ;
#653 = CARTESIAN_POINT ( 'NONE',  ( -102.9799720208728786, 141.7832958331541420, -2.034904465415286356 ) ) ;
#654 = DIRECTION ( 'NONE',  ( 0.000000000000000000, 0.000000000000000000, 1.000000000000000000 ) ) ;
#655 = CARTESIAN_POINT ( 'NONE',  ( 110.3868198654169248, 139.6736521016647998, 4.999999999999971578 ) ) ;
#656 = CARTESIAN_POINT ( 'NONE',  ( 110.4884821641590236, 144.7388747899787802, -1.603100474216280436 ) ) ;
#657 = CARTESIAN_POINT ( 'NONE',  ( -4.340149055527517952, 142.5043070656093107, 110.4148841105899095 ) ) ;
#658 = DIRECTION ( 'NONE',  ( 1.000000000000000000, -0.000000000000000000, -2.832769448823989808E-16 ) ) ;
#659 = CARTESIAN_POINT ( 'NONE',  ( -110.4087128780571589, 142.2190697538241579, 4.492410892321231586 ) ) ;
#660 = EDGE_LOOP ( 'NONE', ( #1084, #926, #515, #1141, #1166 ) ) ;
#661 = CARTESIAN_POINT ( 'NONE',  ( -3.048875182402246864, 143.9763290403624012, -110.4582648924506714 ) ) ;
#662 = CARTESIAN_POINT ( 'NONE',  ( 110.4928531970343357, 135.1600954785423312, 1.297007148875860105 ) ) ;
#663 = CARTESIAN_POINT ( 'NONE',  ( -4.840349169442292876, 141.2957950280396062, 110.3939541971681280 ) ) ;
#664 = ADVANCED_FACE ( 'NONE', ( #1722, #224 ), #1425, .F. ) ;
#665 = CARTESIAN_POINT ( 'NONE',  ( 4.041334437186258607E-16, 8.673617379884035472E-16, -91.30000000000001137 ) ) ;
#666 = B_SPLINE_CURVE_WITH_KNOTS ( 'NONE', 3,
 ( #831, #583, #1276, #1145, #1552, #757, #1542, #507, #899, #337, #1559, #1690, #42, #1406, #213, #1002, #1310, #1568 ),
 .UNSPECIFIED., .F., .F.,
 ( 4, 2, 2, 2, 2, 2, 2, 2, 4 ),
 ( 0.01563427832724929856, 0.01661170935844823518, 0.01758914038964717180, 0.01856657142084610843, 0.01954400245204504505, 0.02052143348324398167, 0.02149886451444291829, 0.02247629554564185492, 0.02345372657684079154 ),
 .UNSPECIFIED. ) ;
#667 = CARTESIAN_POINT ( 'NONE',  ( -110.3868198654168680, 140.0000000000000000, 5.000000000000031974 ) ) ;
#668 = ORIENTED_EDGE ( 'NONE', *, *, #355, .T. ) ;
#669 = CARTESIAN_POINT ( 'NONE',  ( -110.4086768999166850, 137.7824385861525798, 4.493311422711353309 ) ) ;
#670 = CARTESIAN_POINT ( 'NONE',  ( 110.4718911707897604, 135.6616295075570520, 2.506930183730419870 ) ) ;
#671 = AXIS2_PLACEMENT_3D ( 'NONE', #115, #1199, #1628 ) ;
#672 = AXIS2_PLACEMENT_3D ( 'NONE', #733, #179, #24 ) ;
#673 = DIRECTION ( 'NONE',  ( -1.000000000000000000, -0.000000000000000000, 1.836970198721029688E-16 ) ) ;
#674 = ORIENTED_EDGE ( 'NONE', *, *, #1212, .T. ) ;
#675 = CARTESIAN_POINT ( 'NONE',  ( 4.999999999999984013, 140.3296576353866385, -110.3868198654168822 ) ) ;
#676 = CARTESIAN_POINT ( 'NONE',  ( -110.3868198654168822, 140.0000000000000000, -4.999999999999976907 ) ) ;
#677 = ORIENTED_EDGE ( 'NONE', *, *, #1629, .F. ) ;
#678 = DIRECTION ( 'NONE',  ( 1.000000000000000000, 0.000000000000000000, 0.000000000000000000 ) ) ;
#679 = CYLINDRICAL_SURFACE ( 'NONE', #1569, 4.999999999999998224 ) ;
#680 = CARTESIAN_POINT ( 'NONE',  ( 110.4985453208207247, 135.0318384593271333, -0.6524259514329826537 ) ) ;
#681 = ORIENTED_EDGE ( 'NONE', *, *, #684, .F. ) ;
#682 = CARTESIAN_POINT ( 'NONE',  ( 3.767117403776331308, 143.3038126928718157, -110.4360087344559389 ) ) ;
#683 = CARTESIAN_POINT ( 'NONE',  ( 0.000000000000000000, 5.000000000000000000, -73.00000000000001421 ) ) ;
#684 = EDGE_CURVE ( 'NONE', #1649, #1435, #1023, .T. ) ;
#685 = ORIENTED_EDGE ( 'NONE', *, *, #1242, .F. ) ;
#686 = CARTESIAN_POINT ( 'NONE',  ( -102.9846197906960725, 137.9659358968976903, 1.784267829633668034 ) ) ;
#687 = CARTESIAN_POINT ( 'NONE',  ( -110.3939925520973162, 138.7014521802055924, -4.839473236333916795 ) ) ;
#688 = EDGE_CURVE ( 'NONE', #1115, #211, #325, .T. ) ;
#689 = DIRECTION ( 'NONE',  ( -0.000000000000000000, 1.000000000000000000, -0.000000000000000000 ) ) ;
#690 = CARTESIAN_POINT ( 'NONE',  ( 110.4860983756952635, 144.6831461010512214, -1.759275466934971277 ) ) ;
#691 = EDGE_LOOP ( 'NONE', ( #108, #905 ) ) ;
#692 = CARTESIAN_POINT ( 'NONE',  ( -110.4928428683193715, 144.8396673334549405, -1.297612382566181388 ) ) ;
#693 = EDGE_LOOP ( 'NONE', ( #17, #849 ) ) ;
#694 = DIRECTION ( 'NONE',  ( -0.000000000000000000, -0.000000000000000000, -1.000000000000000000 ) ) ;
#695 = ADVANCED_FACE ( 'NONE', ( #1742 ), #1165, .F. ) ;
#696 = VECTOR ( 'NONE', #1567, 1000.000000000000000 ) ;
#697 = CARTESIAN_POINT ( 'NONE',  ( 0.3565374831290576974, 142.7000000000000455, -103.0000000000000284 ) ) ;
#698 = ORIENTED_EDGE ( 'NONE', *, *, #1510, .T. ) ;
#699 = AXIS2_PLACEMENT_3D ( 'NONE', #616, #1589, #1156 ) ;
#700 = CARTESIAN_POINT ( 'NONE',  ( 0.000000000000000000, 5.000000000000000000, -88.00000000000001421 ) ) ;
#701 = DIRECTION ( 'NONE',  ( -0.000000000000000000, -0.000000000000000000, -1.000000000000000000 ) ) ;
#702 = ORIENTED_EDGE ( 'NONE', *, *, #969, .T. ) ;
#703 = CARTESIAN_POINT ( 'NONE',  ( -110.4886352027427279, 135.2561595312590725, 1.613083002213498096 ) ) ;
#704 = ADVANCED_FACE ( 'NONE', ( #922 ), #1562, .F. ) ;
#705 = CARTESIAN_POINT ( 'NONE',  ( 1.785242399861590945, 142.0332075241099972, -102.9846028170502450 ) ) ;
#706 = ORIENTED_EDGE ( 'NONE', *, *, #57, .F. ) ;
#707 = LINE ( 'NONE', #164, #537 ) ;
#708 =( NAMED_UNIT ( * ) SI_UNIT ( $, .STERADIAN. ) SOLID_ANGLE_UNIT ( ) );
#709 = ORIENTED_EDGE ( 'NONE', *, *, #1615, .F. ) ;
#710 = CARTESIAN_POINT ( 'NONE',  ( 0.000000000000000000, 8.673617379884035472E-16, 91.30000000000001137 ) ) ;
#711 = DIRECTION ( 'NONE',  ( -0.000000000000000000, -0.000000000000000000, 1.000000000000000000 ) ) ;
#712 = VERTEX_POINT ( 'NONE', #749 ) ;
#713 = FACE_OUTER_BOUND ( 'NONE', #1325, .T. ) ;
#714 = EDGE_CURVE ( 'NONE', #599, #152, #178, .T. ) ;
#715 = CARTESIAN_POINT ( 'NONE',  ( -110.4999999999999858, 140.0000000000000000, 2.700000000000035705 ) ) ;
#716 = ORIENTED_EDGE ( 'NONE', *, *, #1335, .F. ) ;
#717 = DIRECTION ( 'NONE',  ( 1.000000000000000000, -0.000000000000000000, -2.832769448823989808E-16 ) ) ;
#718 = EDGE_LOOP ( 'NONE', ( #988, #1257 ) ) ;
#719 = CARTESIAN_POINT ( 'NONE',  ( 102.9714383377649654, 138.8025680423895096, -2.426413624494339949 ) ) ;
#720 = DIRECTION ( 'NONE',  ( 0.000000000000000000, 0.000000000000000000, 1.000000000000000000 ) ) ;
#721 = CIRCLE ( 'NONE', #671, 110.4999999999999858 ) ;
#722 = EDGE_CURVE ( 'NONE', #1418, #1075, #1173, .T. ) ;
#723 = AXIS2_PLACEMENT_3D ( 'NONE', #939, #1461, #1329 ) ;
#724 = CARTESIAN_POINT ( 'NONE',  ( -0.6576394619766420258, 135.0326878278379183, -110.4985073074141155 ) ) ;
#725 = ORIENTED_EDGE ( 'NONE', *, *, #742, .T. ) ;
#726 = FACE_OUTER_BOUND ( 'NONE', #1217, .T. ) ;
#727 = EDGE_CURVE ( 'NONE', #1437, #238, #1442, .T. ) ;
#728 = CARTESIAN_POINT ( 'NONE',  ( 2.700000000000013056, 140.0000000000000000, 110.4999999999999858 ) ) ;
#729 = CARTESIAN_POINT ( 'NONE',  ( 0.000000000000000000, 5.000000000000000000, -88.00000000000001421 ) ) ;
#730 = PRODUCT_CONTEXT ( 'NONE', #1248, 'mechanical' ) ;
#731 = DIRECTION ( 'NONE',  ( -0.000000000000000000, 1.000000000000000000, -0.000000000000000000 ) ) ;
#732 = VERTEX_POINT ( 'NONE', #1033 ) ;
#733 = CARTESIAN_POINT ( 'NONE',  ( 88.00000000000001421, 8.673617379884035472E-16, 0.000000000000000000 ) ) ;
#734 = DIRECTION ( 'NONE',  ( -0.000000000000000000, -1.000000000000000000, -0.000000000000000000 ) ) ;
#735 = DIRECTION ( 'NONE',  ( 0.000000000000000000, 0.000000000000000000, -1.000000000000000000 ) ) ;
#736 = DIRECTION ( 'NONE',  ( -1.000000000000000000, -0.000000000000000000, 1.836970198721029688E-16 ) ) ;
#737 = CARTESIAN_POINT ( 'NONE',  ( 2.613921518432301028, 139.3011392068563907, -102.9668324858261315 ) ) ;
#738 = DIRECTION ( 'NONE',  ( 0.000000000000000000, 0.000000000000000000, 1.000000000000000000 ) ) ;
#739 = CARTESIAN_POINT ( 'NONE',  ( -2.682350034655152093, 139.6448945406082203, 102.9650726640735030 ) ) ;
#740 = ORIENTED_EDGE ( 'NONE', *, *, #370, .T. ) ;
#741 = DIRECTION ( 'NONE',  ( -1.000000000000000000, 0.000000000000000000, 0.000000000000000000 ) ) ;
#742 = EDGE_CURVE ( 'NONE', #219, #1661, #746, .T. ) ;
#743 = DIRECTION ( 'NONE',  ( -0.000000000000000000, -1.000000000000000000, -0.000000000000000000 ) ) ;
#744 = VECTOR ( 'NONE', #323, 1000.000000000000000 ) ;
#745 = CARTESIAN_POINT ( 'NONE',  ( -3.768727038276966201, 136.6976374350496712, 110.4359597612918265 ) ) ;
#746 = B_SPLINE_CURVE_WITH_KNOTS ( 'NONE', 3,
 ( #768, #1732, #530, #520, #363, #1709, #1183, #1415, #500, #216, #890, #209, #200, #1294, #1454, #239 ),
 .UNSPECIFIED., .F., .F.,
 ( 4, 2, 2, 2, 2, 2, 2, 4 ),
 ( 0.01266397130762359109, 0.01319118498729378655, 0.01371839866696398201, 0.01424561234663417747, 0.01477282602630437293, 0.01530003970597456839, 0.01582725338564476558, 0.01688168074498523283 ),
 .UNSPECIFIED. ) ;
#747 = CARTESIAN_POINT ( 'NONE',  ( 110.4359669434922608, 143.3024132856247945, 3.768329027000934861 ) ) ;
#748 = CARTESIAN_POINT ( 'NONE',  ( 3.765148440938194785, 143.3060564232673926, 110.4360761676896630 ) ) ;
#749 = CARTESIAN_POINT ( 'NONE',  ( -2.699999999999985523, 140.0000000000000000, 102.9646055690983673 ) ) ;
#750 = AXIS2_PLACEMENT_3D ( 'NONE', #1219, #415, #785 ) ;
#751 = EDGE_LOOP ( 'NONE', ( #1520, #203 ) ) ;
#752 = AXIS2_PLACEMENT_3D ( 'NONE', #700, #540, #1757 ) ;
#753 = LINE ( 'NONE', #1161, #511 ) ;
#754 = ORIENTED_EDGE ( 'NONE', *, *, #430, .F. ) ;
#755 = CARTESIAN_POINT ( 'NONE',  ( -102.9800191781793473, 141.7860155410050709, 2.032536931623858845 ) ) ;
#756 = CARTESIAN_POINT ( 'NONE',  ( 110.4999999999999858, 140.0000000000000000, -3.469446951953614189E-14 ) ) ;
#757 = CARTESIAN_POINT ( 'NONE',  ( 2.213928017015070360, 135.5050408397680144, -110.4782293024313304 ) ) ;
#758 = CARTESIAN_POINT ( 'NONE',  ( 0.3514081242582798859, 137.3170726114515503, 102.9995480696884300 ) ) ;
#759 = CARTESIAN_POINT ( 'NONE',  ( -88.00000000000001421, 5.000000000000000888, -3.299999999999983391 ) ) ;
#760 = DIRECTION ( 'NONE',  ( -0.000000000000000000, 1.000000000000000000, -0.000000000000000000 ) ) ;
#761 = ORIENTED_EDGE ( 'NONE', *, *, #1564, .F. ) ;
#762 = CARTESIAN_POINT ( 'NONE',  ( -102.9668331254547269, 140.6992849260035996, -2.613898989560489383 ) ) ;
#763 = CARTESIAN_POINT ( 'NONE',  ( -1.763788121588769187, 144.6814441879780588, -110.4860261954904672 ) ) ;
#764 = CARTESIAN_POINT ( 'NONE',  ( -3.302010479882665717, 136.2309644748065693, 110.4508996734633257 ) ) ;
#765 = CARTESIAN_POINT ( 'NONE',  ( 0.8703980002914278868, 137.4380951894287080, -102.9964505662388490 ) ) ;
#766 = CARTESIAN_POINT ( 'NONE',  ( 1.647875132850425528, 137.8538294421758792, 102.9869230298085370 ) ) ;
#767 = VERTEX_POINT ( 'NONE', #759 ) ;
#768 = CARTESIAN_POINT ( 'NONE',  ( 1.261386204239018687E-14, 142.7000000000000171, 103.0000000000000142 ) ) ;
#769 = CARTESIAN_POINT ( 'NONE',  ( -0.1784439497237309824, 142.7000000000000171, -103.0000000000000000 ) ) ;
#770 = EDGE_CURVE ( 'NONE', #606, #1483, #1636, .T. ) ;
#771 = ORIENTED_EDGE ( 'NONE', *, *, #509, .T. ) ;
#772 = CARTESIAN_POINT ( 'NONE',  ( -7.317075824769481562E-15, 142.7000000000000171, -103.0000000000000142 ) ) ;
#773 = CYLINDRICAL_SURFACE ( 'NONE', #1066, 110.4999999999999858 ) ;
#774 = DIRECTION ( 'NONE',  ( 1.000000000000000000, 0.000000000000000000, -0.000000000000000000 ) ) ;
#775 = CARTESIAN_POINT ( 'NONE',  ( 2.033134831913542939, 138.2146695949797959, 102.9800072835026441 ) ) ;
#776 = VERTEX_POINT ( 'NONE', #903 ) ;
#777 = FACE_BOUND ( 'NONE', #428, .T. ) ;
#778 = PRODUCT_RELATED_PRODUCT_CATEGORY ( 'part', '', ( #226 ) ) ;
#779 = VECTOR ( 'NONE', #486, 1000.000000000000000 ) ;
#780 = CARTESIAN_POINT ( 'NONE',  ( 1.387778780781445676E-14, 140.0000000000000000, 110.4999999999999858 ) ) ;
#781 = ADVANCED_FACE ( 'NONE', ( #1204, #1434, #75, #777, #1592, #381 ), #882, .F. ) ;
#782 = AXIS2_PLACEMENT_3D ( 'NONE', #236, #1328, #1202 ) ;
#783 = ORIENTED_EDGE ( 'NONE', *, *, #1081, .F. ) ;
#784 = CARTESIAN_POINT ( 'NONE',  ( -4.495078875768750315, 142.2136786532263102, -110.4086039252488973 ) ) ;
#785 = DIRECTION ( 'NONE',  ( 0.000000000000000000, 0.000000000000000000, 1.000000000000000000 ) ) ;
#786 = CARTESIAN_POINT ( 'NONE',  ( 2.343306411253152977, 138.6471995345196717, 102.9733874827885671 ) ) ;
#787 = CARTESIAN_POINT ( 'NONE',  ( -110.4999999999999858, 140.0000000000000000, -4.999999999999976907 ) ) ;
#788 = CARTESIAN_POINT ( 'NONE',  ( -110.4999999999999858, 140.0000000000000000, 2.775557561562891351E-14 ) ) ;
#789 = EDGE_CURVE ( 'NONE', #61, #314, #1301, .T. ) ;
#790 = VERTEX_POINT ( 'NONE', #420 ) ;
#791 = CARTESIAN_POINT ( 'NONE',  ( -102.9995432320020825, 142.6827358999754267, 0.3519268880375037156 ) ) ;
#792 = CARTESIAN_POINT ( 'NONE',  ( -3.767407742520008984, 143.3034938342782141, -110.4359989835716220 ) ) ;
#793 = CARTESIAN_POINT ( 'NONE',  ( 3.051652548097467665, 136.0256349162039555, 110.4581922336357849 ) ) ;
#794 = FACE_OUTER_BOUND ( 'NONE', #307, .T. ) ;
#795 = CARTESIAN_POINT ( 'NONE',  ( 102.9995308817810411, 142.6822650095322729, 0.3555495164407844189 ) ) ;
#796 = CARTESIAN_POINT ( 'NONE',  ( 4.041334437186257128E-16, 5.000000000000000000, -91.30000000000001137 ) ) ;
#797 = VERTEX_POINT ( 'NONE', #1499 ) ;
#798 = CARTESIAN_POINT ( 'NONE',  ( -1.646377139188536898, 142.1472437382606699, 102.9869459374199181 ) ) ;
#799 = CARTESIAN_POINT ( 'NONE',  ( 110.4887038417079310, 135.2545460504059065, 1.608721871212091648 ) ) ;
#800 = ADVANCED_FACE ( 'NONE', ( #826 ), #803, .F. ) ;
#801 = CARTESIAN_POINT ( 'NONE',  ( 110.4928428683193857, 144.8396673334549405, 1.297612382566174061 ) ) ;
#802 = CARTESIAN_POINT ( 'NONE',  ( 0.000000000000000000, 150.0000000000000000, -110.4999999999999858 ) ) ;
#803 = CYLINDRICAL_SURFACE ( 'NONE', #1399, 73.00000000000001421 ) ;
#804 = DIRECTION ( 'NONE',  ( 0.000000000000000000, 0.000000000000000000, 1.000000000000000000 ) ) ;
#805 = VERTEX_POINT ( 'NONE', #121 ) ;
#806 = VECTOR ( 'NONE', #524, 1000.000000000000000 ) ;
#807 = CARTESIAN_POINT ( 'NONE',  ( -102.9776573022046477, 138.3539634068054340, 2.147487545830647715 ) ) ;
#808 = CARTESIAN_POINT ( 'NONE',  ( -110.3981486085457533, 138.3897254858034671, -4.744950767584223073 ) ) ;
#809 = CARTESIAN_POINT ( 'NONE',  ( 107.4999999999999858, 142.7000000000000171, -3.384463868488894524E-14 ) ) ;
#810 = AXIS2_PLACEMENT_3D ( 'NONE', #377, #404, #916 ) ;
#811 = CIRCLE ( 'NONE', #1424, 2.700000000000008171 ) ;
#812 = CARTESIAN_POINT ( 'NONE',  ( 110.4508905234423253, 143.7685968303963477, -3.302142783872674681 ) ) ;
#813 = CARTESIAN_POINT ( 'NONE',  ( -4.744239855015758067, 141.6119315389186681, 110.3981782032773111 ) ) ;
#814 = ORIENTED_EDGE ( 'NONE', *, *, #714, .F. ) ;
#815 = CARTESIAN_POINT ( 'NONE',  ( 102.9912481407435081, 142.3445139047825876, -1.350676367882635232 ) ) ;
#816 = ADVANCED_FACE ( 'NONE', ( #1365 ), #284, .F. ) ;
#817 = DIRECTION ( 'NONE',  ( -0.000000000000000000, 1.000000000000000000, -0.000000000000000000 ) ) ;
#818 = VERTEX_POINT ( 'NONE', #665 ) ;
#819 = PRESENTATION_STYLE_ASSIGNMENT (( #1760 ) ) ;
#820 = CARTESIAN_POINT ( 'NONE',  ( -110.4985453208207247, 135.0318384593271333, 0.6524259514329757703 ) ) ;
#821 = CARTESIAN_POINT ( 'NONE',  ( -2.562354023361605115, 139.1306946565827900, 102.9681452321007242 ) ) ;
#822 = ORIENTED_EDGE ( 'NONE', *, *, #1401, .T. ) ;
#823 = CARTESIAN_POINT ( 'NONE',  ( 110.4999875678060874, 144.9997252484216403, 0.3339257526931390663 ) ) ;
#824 = FACE_BOUND ( 'NONE', #967, .T. ) ;
#825 = ORIENTED_EDGE ( 'NONE', *, *, #141, .T. ) ;
#826 = FACE_OUTER_BOUND ( 'NONE', #942, .T. ) ;
#827 = CARTESIAN_POINT ( 'NONE',  ( -110.3868198654168822, 140.3262736576912459, -4.999999999999976907 ) ) ;
#828 = ORIENTED_EDGE ( 'NONE', *, *, #1692, .F. ) ;
#829 = CARTESIAN_POINT ( 'NONE',  ( -102.9995371152233758, 137.3174949162191467, -0.3540302064001892290 ) ) ;
#830 = FACE_OUTER_BOUND ( 'NONE', #513, .T. ) ;
#831 = CARTESIAN_POINT ( 'NONE',  ( 1.697707554126139506E-23, 135.0000000000000000, -110.4999999999999858 ) ) ;
#832 = ORIENTED_EDGE ( 'NONE', *, *, #898, .F. ) ;
#833 = CARTESIAN_POINT ( 'NONE',  ( 102.9714104490156217, 141.1948904286278150, 2.427581753928671482 ) ) ;
#834 = AXIS2_PLACEMENT_3D ( 'NONE', #131, #122, #952 ) ;
#835 = APPLICATION_PROTOCOL_DEFINITION ( 'draft international standard', 'automotive_design', 1998, #1504 ) ;
#836 =( GEOMETRIC_REPRESENTATION_CONTEXT ( 3 ) GLOBAL_UNCERTAINTY_ASSIGNED_CONTEXT ( ( #305 ) ) GLOBAL_UNIT_ASSIGNED_CONTEXT ( ( #1655, #1147, #708 ) ) REPRESENTATION_CONTEXT ( 'NONE', 'WORKASPACE' ) );
#837 = ORIENTED_EDGE ( 'NONE', *, *, #76, .F. ) ;
#838 = CARTESIAN_POINT ( 'NONE',  ( -102.9869158722325722, 137.8541725873879500, 1.648317011490307404 ) ) ;
#839 = CYLINDRICAL_SURFACE ( 'NONE', #1124, 4.999999999999998224 ) ;
#840 = EDGE_CURVE ( 'NONE', #532, #1274, #1749, .T. ) ;
#841 = CARTESIAN_POINT ( 'NONE',  ( 103.0000016341028299, 137.2999376619988254, 0.1751538556671253799 ) ) ;
#842 = AXIS2_PLACEMENT_3D ( 'NONE', #980, #1370, #603 ) ;
#843 = ORIENTED_EDGE ( 'NONE', *, *, #722, .F. ) ;
#844 = DIRECTION ( 'NONE',  ( 0.000000000000000000, 0.000000000000000000, -1.000000000000000000 ) ) ;
#845 = EDGE_LOOP ( 'NONE', ( #1517, #584 ) ) ;
#846 = CARTESIAN_POINT ( 'NONE',  ( 88.00000000000001421, 8.673617379884035472E-16, -3.299999999999997158 ) ) ;
#847 = CARTESIAN_POINT ( 'NONE',  ( -110.3925354705399542, 138.8653557996092900, 4.872281118080640461 ) ) ;
#848 = CARTESIAN_POINT ( 'NONE',  ( 2.613935104681011534, 140.6987386805105871, -102.9668321259537862 ) ) ;
#849 = ORIENTED_EDGE ( 'NONE', *, *, #1026, .F. ) ;
#850 = CARTESIAN_POINT ( 'NONE',  ( 0.000000000000000000, 8.673617379884035472E-16, -88.00000000000001421 ) ) ;
#851 = CARTESIAN_POINT ( 'NONE',  ( 0.000000000000000000, 150.0000000000000000, 0.000000000000000000 ) ) ;
#852 = CARTESIAN_POINT ( 'NONE',  ( 1.261386208644806842E-14, 137.3000000000000114, 103.0000000000000142 ) ) ;
#853 = ORIENTED_EDGE ( 'NONE', *, *, #564, .F. ) ;
#854 = CARTESIAN_POINT ( 'NONE',  ( -110.3868198654168822, 140.0000000000000000, -4.999999999999976907 ) ) ;
#855 = ORIENTED_EDGE ( 'NONE', *, *, #1245, .T. ) ;
#856 = CARTESIAN_POINT ( 'NONE',  ( 2.343765478690866377, 141.3519633569057703, -102.9733768009500068 ) ) ;
#857 = EDGE_CURVE ( 'NONE', #1456, #169, #1612, .T. ) ;
#858 = CARTESIAN_POINT ( 'NONE',  ( 0.000000000000000000, 0.000000000000000000, 0.000000000000000000 ) ) ;
#859 = CARTESIAN_POINT ( 'NONE',  ( -2.064297098335773573, 135.4430766789498648, -110.4808201634950535 ) ) ;
#860 = AXIS2_PLACEMENT_3D ( 'NONE', #210, #904, #741 ) ;
#861 = ORIENTED_EDGE ( 'NONE', *, *, #1105, .T. ) ;
#862 = CARTESIAN_POINT ( 'NONE',  ( -2.562315961508367934, 139.1306239714497508, -102.9681461230193236 ) ) ;
#863 = ORIENTED_EDGE ( 'NONE', *, *, #994, .F. ) ;
#864 = CARTESIAN_POINT ( 'NONE',  ( 102.9650728796822250, 139.6448139669483623, 2.682341956318770482 ) ) ;
#865 = AXIS2_PLACEMENT_3D ( 'NONE', #449, #1641, #605 ) ;
#866 = CARTESIAN_POINT ( 'NONE',  ( -88.00000000000001421, 8.673617379884035472E-16, 3.299999999999997158 ) ) ;
#867 = AXIS2_PLACEMENT_3D ( 'NONE', #1304, #100, #1554 ) ;
#868 = EDGE_CURVE ( 'NONE', #1483, #606, #1572, .T. ) ;
#869 = AXIS2_PLACEMENT_3D ( 'NONE', #1074, #263, #255 ) ;
#870 = CARTESIAN_POINT ( 'NONE',  ( -2.426884658934227446, 138.8035131537034204, 102.9714272093586942 ) ) ;
#871 = ORIENTED_EDGE ( 'NONE', *, *, #878, .T. ) ;
#872 = DIRECTION ( 'NONE',  ( 0.000000000000000000, 0.000000000000000000, 1.000000000000000000 ) ) ;
#873 = PLANE ( 'NONE',  #445 ) ;
#874 = CARTESIAN_POINT ( 'NONE',  ( -4.999999999999985789, 139.6737263246926091, 110.3868198654169106 ) ) ;
#875 = CARTESIAN_POINT ( 'NONE',  ( -0.1760755501108731136, 137.3000000000000114, 103.0000000000000000 ) ) ;
#876 = EDGE_LOOP ( 'NONE', ( #1541, #450, #950, #1663, #1096 ) ) ;
#877 = CYLINDRICAL_SURFACE ( 'NONE', #1487, 2.700000000000008171 ) ;
#878 = EDGE_CURVE ( 'NONE', #314, #1638, #158, .T. ) ;
#879 = DIRECTION ( 'NONE',  ( -0.000000000000000000, -0.000000000000000000, 1.000000000000000000 ) ) ;
#880 = CARTESIAN_POINT ( 'NONE',  ( 110.4148993245141952, 137.4952444551986446, -4.339698284849485610 ) ) ;
#881 = CARTESIAN_POINT ( 'NONE',  ( 2.682483871641223150, 139.6460965431886052, 102.9650691185869533 ) ) ;
#882 = PLANE ( 'NONE',  #1320 ) ;
#883 = ORIENTED_EDGE ( 'NONE', *, *, #576, .T. ) ;
#884 = DIRECTION ( 'NONE',  ( 0.000000000000000000, 0.000000000000000000, -1.000000000000000000 ) ) ;
#885 = ORIENTED_EDGE ( 'NONE', *, *, #969, .F. ) ;
#886 = CARTESIAN_POINT ( 'NONE',  ( -102.9845867161127728, 142.0323896519465450, -1.786161390964611906 ) ) ;
#887 = CARTESIAN_POINT ( 'NONE',  ( -4.247282591264651685, 137.3566870303714609, 110.4183806732400654 ) ) ;
#888 = CARTESIAN_POINT ( 'NONE',  ( 110.3868198654168822, 140.0000000000000000, 4.999999999999969802 ) ) ;
#889 = CARTESIAN_POINT ( 'NONE',  ( 4.742537444802227498, 141.6168653020869783, 110.3982515342473931 ) ) ;
#890 = CARTESIAN_POINT ( 'NONE',  ( 2.144897092679779682, 141.6494853096286022, 102.9777118477099691 ) ) ;
#891 = AXIS2_PLACEMENT_3D ( 'NONE', #333, #609, #1685 ) ;
#892 = ORIENTED_EDGE ( 'NONE', *, *, #934, .T. ) ;
#893 = CIRCLE ( 'NONE', #699, 2.699999999999998845 ) ;
#894 = CARTESIAN_POINT ( 'NONE',  ( 110.4999999999999858, 140.0000000000000000, -5.000000000000039080 ) ) ;
#895 = ORIENTED_EDGE ( 'NONE', *, *, #1580, .T. ) ;
#896 = CARTESIAN_POINT ( 'NONE',  ( -102.9964350738114405, 142.5612947473560155, -0.8723577385099064996 ) ) ;
#897 = CARTESIAN_POINT ( 'NONE',  ( 0.000000000000000000, 150.0000000000000000, -110.4999999999999858 ) ) ;
#898 = EDGE_CURVE ( 'NONE', #504, #1075, #266, .T. ) ;
#899 = CARTESIAN_POINT ( 'NONE',  ( 3.303829870568260940, 136.2328975706572294, -110.4508396080472465 ) ) ;
#900 = CARTESIAN_POINT ( 'NONE',  ( 2.343475552149413499, 138.6474706319040706, -102.9733837146437736 ) ) ;
#901 = DIRECTION ( 'NONE',  ( 0.000000000000000000, 0.000000000000000000, -1.000000000000000000 ) ) ;
#902 = ORIENTED_EDGE ( 'NONE', *, *, #439, .T. ) ;
#903 = CARTESIAN_POINT ( 'NONE',  ( 1.261386203121773919E-14, 150.0000000000000000, 103.0000000000000142 ) ) ;
#904 = DIRECTION ( 'NONE',  ( -0.000000000000000000, -0.000000000000000000, -1.000000000000000000 ) ) ;
#905 = ORIENTED_EDGE ( 'NONE', *, *, #688, .T. ) ;
#906 = FACE_OUTER_BOUND ( 'NONE', #288, .T. ) ;
#907 = CARTESIAN_POINT ( 'NONE',  ( -107.4999999999999858, 140.0000000000000000, 2.720448455601260219E-14 ) ) ;
#908 = CARTESIAN_POINT ( 'NONE',  ( 1.195478084622350945, 137.5727008658742818, -102.9931903286415320 ) ) ;
#909 = CARTESIAN_POINT ( 'NONE',  ( 110.3868198654168822, 140.0000000000000000, 4.999999999999969802 ) ) ;
#910 = CARTESIAN_POINT ( 'NONE',  ( 0.000000000000000000, 150.0000000000000000, 0.000000000000000000 ) ) ;
#911 = ORIENTED_EDGE ( 'NONE', *, *, #868, .F. ) ;
#912 = DIRECTION ( 'NONE',  ( 1.000000000000000000, -0.000000000000000000, -2.832769448823989808E-16 ) ) ;
#913 = ORIENTED_EDGE ( 'NONE', *, *, #898, .T. ) ;
#914 = CARTESIAN_POINT ( 'NONE',  ( -2.146083510185845977, 141.6480179632486340, 102.9776873724935200 ) ) ;
#915 = CARTESIAN_POINT ( 'NONE',  ( -1.134897414750299927, 144.8722233893733176, -110.4942874220875382 ) ) ;
#916 = DIRECTION ( 'NONE',  ( 0.000000000000000000, 0.000000000000000000, 1.000000000000000000 ) ) ;
#917 = AXIS2_PLACEMENT_3D ( 'NONE', #941, #1471, #804 ) ;
#918 = CARTESIAN_POINT ( 'NONE',  ( 110.4507229303732316, 143.7636863056100367, 3.307703517211341371 ) ) ;
#919 = CARTESIAN_POINT ( 'NONE',  ( 2.561904798339603939, 139.1293773801005216, 102.9681564572235999 ) ) ;
#920 = PRODUCT_DEFINITION_SHAPE ( 'NONE', 'NONE',  #437 ) ;
#921 = VERTEX_POINT ( 'NONE', #1662 ) ;
#922 = FACE_OUTER_BOUND ( 'NONE', #973, .T. ) ;
#923 = CARTESIAN_POINT ( 'NONE',  ( -110.3939467966548307, 141.2951229820961032, -4.840517055712699523 ) ) ;
#924 = CIRCLE ( 'NONE', #419, 5.000000000000004441 ) ;
#925 = VECTOR ( 'NONE', #1694, 1000.000000000000000 ) ;
#926 = ORIENTED_EDGE ( 'NONE', *, *, #840, .T. ) ;
#927 = CARTESIAN_POINT ( 'NONE',  ( -4.999999999999984901, 140.0000000000000000, 110.3868198654168822 ) ) ;
#928 = CARTESIAN_POINT ( 'NONE',  ( 102.9646055690983673, 140.0000000000000000, 2.699999999999975309 ) ) ;
#929 = CARTESIAN_POINT ( 'NONE',  ( 110.4782295773402154, 135.5050175628185229, 2.214148173917959372 ) ) ;
#930 = DIRECTION ( 'NONE',  ( -0.000000000000000000, 1.000000000000000000, -0.000000000000000000 ) ) ;
#931 = CARTESIAN_POINT ( 'NONE',  ( 102.9650577833236724, 140.3512831417520204, 2.682921446796762588 ) ) ;
#932 = CARTESIAN_POINT ( 'NONE',  ( -110.4287778896998020, 143.0560286219851776, 3.970951379448063534 ) ) ;
#933 = ORIENTED_EDGE ( 'NONE', *, *, #334, .T. ) ;
#934 = EDGE_CURVE ( 'NONE', #1236, #1498, #596, .T. ) ;
#935 = CARTESIAN_POINT ( 'NONE',  ( -102.9999983569808677, 137.3000626781407618, 0.1770704952247331987 ) ) ;
#936 = CARTESIAN_POINT ( 'NONE',  ( -4.840195783249626515, 141.2964694172734141, -110.3939609786724532 ) ) ;
#937 = CARTESIAN_POINT ( 'NONE',  ( 110.4359786784541342, 136.6970045935294138, 3.768178127194306448 ) ) ;
#938 = CARTESIAN_POINT ( 'NONE',  ( 110.4582125796266752, 143.9748839114122916, 3.050770364562369164 ) ) ;
#939 = CARTESIAN_POINT ( 'NONE',  ( -107.4999999999999858, 142.7000000000000171, 2.720448455601260534E-14 ) ) ;
#940 = DIRECTION ( 'NONE',  ( 0.000000000000000000, -0.000000000000000000, 1.000000000000000000 ) ) ;
#941 = CARTESIAN_POINT ( 'NONE',  ( 0.000000000000000000, 0.000000000000000000, 0.000000000000000000 ) ) ;
#942 = EDGE_LOOP ( 'NONE', ( #522, #557, #1686, #1315 ) ) ;
#943 = CARTESIAN_POINT ( 'NONE',  ( -102.9646055690983957, 139.8215964990631619, 2.700000000000034373 ) ) ;
#944 = CARTESIAN_POINT ( 'NONE',  ( -110.4782112745139528, 135.5054833581098137, 2.214809093503462556 ) ) ;
#945 = CARTESIAN_POINT ( 'NONE',  ( 4.339406459648495584, 137.4947287436857835, 110.4149109249646443 ) ) ;
#946 = ADVANCED_FACE ( 'NONE', ( #713 ), #446, .F. ) ;
#947 = CARTESIAN_POINT ( 'NONE',  ( 110.4782332673800198, 144.4950771252030108, -2.214026180486060369 ) ) ;
#948 = CARTESIAN_POINT ( 'NONE',  ( 0.000000000000000000, 5.000000000000000000, -84.70000000000001705 ) ) ;
#949 = EDGE_CURVE ( 'NONE', #970, #818, #1069, .T. ) ;
#950 = ORIENTED_EDGE ( 'NONE', *, *, #1335, .T. ) ;
#951 = CARTESIAN_POINT ( 'NONE',  ( 4.737823002818563722, 141.6061988273109762, -110.3983935251388999 ) ) ;
#952 = DIRECTION ( 'NONE',  ( 0.000000000000000000, 0.000000000000000000, 1.000000000000000000 ) ) ;
#953 = ORIENTED_EDGE ( 'NONE', *, *, #878, .F. ) ;
#954 = CARTESIAN_POINT ( 'NONE',  ( -1.197396951679660759, 142.4264204991842462, 102.9931693459217570 ) ) ;
#955 = DIRECTION ( 'NONE',  ( -0.000000000000000000, -0.000000000000000000, -1.000000000000000000 ) ) ;
#956 = CARTESIAN_POINT ( 'NONE',  ( 110.4886352027427279, 135.2561595312590725, -1.613083002213504757 ) ) ;
#957 = AXIS2_PLACEMENT_3D ( 'NONE', #1702, #658, #1312 ) ;
#958 = ORIENTED_EDGE ( 'NONE', *, *, #1645, .F. ) ;
#959 = STYLED_ITEM ( 'NONE', ( #819 ), #1337 ) ;
#960 = CARTESIAN_POINT ( 'NONE',  ( 110.4886034740232361, 144.7431249693082975, 1.615523739131003556 ) ) ;
#961 = VERTEX_POINT ( 'NONE', #1669 ) ;
#962 = CARTESIAN_POINT ( 'NONE',  ( 0.000000000000000000, 5.000000000000000000, 0.000000000000000000 ) ) ;
#963 = ORIENTED_EDGE ( 'NONE', *, *, #1144, .T. ) ;
#964 = CARTESIAN_POINT ( 'NONE',  ( -102.9650689085418804, 139.6461761014645617, 2.682491736086712208 ) ) ;
#965 = CARTESIAN_POINT ( 'NONE',  ( -110.4359786784541342, 136.6970045935294138, -3.768178127194313998 ) ) ;
#966 = CARTESIAN_POINT ( 'NONE',  ( 102.9734110338825133, 138.6454678642452336, 2.342260454083604060 ) ) ;
#967 = EDGE_LOOP ( 'NONE', ( #1087, #185 ) ) ;
#968 = CARTESIAN_POINT ( 'NONE',  ( 102.9964722173324247, 142.5627858468679392, -0.8680573393550062855 ) ) ;
#969 = EDGE_CURVE ( 'NONE', #776, #219, #608, .T. ) ;
#970 = VERTEX_POINT ( 'NONE', #1146 ) ;
#971 = DIRECTION ( 'NONE',  ( -1.000000000000000000, 0.000000000000000000, 0.000000000000000000 ) ) ;
#972 = CARTESIAN_POINT ( 'NONE',  ( 102.9931847413217270, 137.5729376158018624, -1.195949777397707026 ) ) ;
#973 = EDGE_LOOP ( 'NONE', ( #279, #668, #895, #493, #1403 ) ) ;
#974 = DIRECTION ( 'NONE',  ( 0.000000000000000000, 0.000000000000000000, 1.000000000000000000 ) ) ;
#975 = CIRCLE ( 'NONE', #199, 2.699999999999998845 ) ;
#976 = VERTEX_POINT ( 'NONE', #866 ) ;
#977 = CARTESIAN_POINT ( 'NONE',  ( -107.4999999999999858, 140.0000000000000000, 2.700000000000035261 ) ) ;
#978 = CARTESIAN_POINT ( 'NONE',  ( -110.4719222261514204, 135.6607659920892672, 2.505823886949718915 ) ) ;
#979 = AXIS2_PLACEMENT_3D ( 'NONE', #1309, #72, #654 ) ;
#980 = CARTESIAN_POINT ( 'NONE',  ( 1.387778780781445676E-14, 140.0000000000000000, 107.4999999999999858 ) ) ;
#981 = AXIS2_PLACEMENT_3D ( 'NONE', #1180, #1282, #1715 ) ;
#982 = EDGE_LOOP ( 'NONE', ( #251, #440, #552, #483 ) ) ;
#983 = AXIS2_PLACEMENT_3D ( 'NONE', #71, #1727, #485 ) ;
#984 = CARTESIAN_POINT ( 'NONE',  ( 0.000000000000000000, 5.000000000000000888, 88.00000000000001421 ) ) ;
#985 = CARTESIAN_POINT ( 'NONE',  ( -2.699999999999985523, 139.8238190585021812, 102.9646055690983673 ) ) ;
#986 = ORIENTED_EDGE ( 'NONE', *, *, #1401, .F. ) ;
#987 = FACE_OUTER_BOUND ( 'NONE', #660, .T. ) ;
#988 = ORIENTED_EDGE ( 'NONE', *, *, #1564, .T. ) ;
#989 = LINE ( 'NONE', #728, #536 ) ;
#990 = DIRECTION ( 'NONE',  ( -1.000000000000000000, 0.000000000000000000, 0.000000000000000000 ) ) ;
#991 = CARTESIAN_POINT ( 'NONE',  ( -2.342418633648527759, 138.6457465368443707, 102.9734073965359187 ) ) ;
#992 = ORIENTED_EDGE ( 'NONE', *, *, #162, .F. ) ;
#993 = CARTESIAN_POINT ( 'NONE',  ( -2.613350505713432526, 139.2988907353522734, -102.9668470498905180 ) ) ;
#994 = EDGE_CURVE ( 'NONE', #1488, #1236, #707, .T. ) ;
#995 = CARTESIAN_POINT ( 'NONE',  ( 102.9995450180203278, 137.3171891462782810, -0.3522804306799769414 ) ) ;
#996 = DIRECTION ( 'NONE',  ( -0.000000000000000000, -0.000000000000000000, -1.000000000000000000 ) ) ;
#997 = SHAPE_DEFINITION_REPRESENTATION ( #920, #1453 ) ;
#998 = CARTESIAN_POINT ( 'NONE',  ( -2.503380384852782026, 135.6687207174840921, -110.4717339615545484 ) ) ;
#999 = AXIS2_PLACEMENT_3D ( 'NONE', #1195, #364, #1563 ) ;
#1000 = ORIENTED_EDGE ( 'NONE', *, *, #1102, .F. ) ;
#1001 = CARTESIAN_POINT ( 'NONE',  ( -1.196486858472662007, 137.5731153468212256, -102.9931802782297439 ) ) ;
#1002 = CARTESIAN_POINT ( 'NONE',  ( 4.967648739028208915, 139.3452105066480726, -110.3882987986080195 ) ) ;
#1003 = VECTOR ( 'NONE', #1198, 1000.000000000000000 ) ;
#1004 = ADVANCED_FACE ( 'NONE', ( #1683 ), #1263, .F. ) ;
#1005 = CARTESIAN_POINT ( 'NONE',  ( 110.3981666991533501, 141.6111189175592813, 4.744504222427606166 ) ) ;
#1006 = FACE_BOUND ( 'NONE', #718, .T. ) ;
#1007 = EDGE_CURVE ( 'NONE', #961, #152, #1525, .T. ) ;
#1008 = CARTESIAN_POINT ( 'NONE',  ( -1.783064235399945741, 137.9647026078286274, 102.9846423795718806 ) ) ;
#1009 = ORIENTED_EDGE ( 'NONE', *, *, #1016, .F. ) ;
#1010 = CARTESIAN_POINT ( 'NONE',  ( 4.999999999999984901, 140.0000000000000000, -110.3868198654168822 ) ) ;
#1011 = LINE ( 'NONE', #1412, #1154 ) ;
#1012 = CARTESIAN_POINT ( 'NONE',  ( 1.353234722828634364E-14, 135.0000000000000000, 110.4999999999999858 ) ) ;
#1013 = CARTESIAN_POINT ( 'NONE',  ( 0.6996520801616258334, 137.3861927204659139, -102.9977708288396485 ) ) ;
#1014 = CARTESIAN_POINT ( 'NONE',  ( 0.6554636409804168728, 144.9675273544306719, 110.4985172253207537 ) ) ;
#1015 = CARTESIAN_POINT ( 'NONE',  ( 0.000000000000000000, 0.000000000000000000, -73.00000000000001421 ) ) ;
#1016 = EDGE_CURVE ( 'NONE', #976, #1057, #1243, .T. ) ;
#1017 = CARTESIAN_POINT ( 'NONE',  ( 0.000000000000000000, 5.000000000000000888, -88.00000000000001421 ) ) ;
#1018 = FACE_OUTER_BOUND ( 'NONE', #411, .T. ) ;
#1019 = CARTESIAN_POINT ( 'NONE',  ( 88.00000000000001421, 5.000000000000000888, 0.000000000000000000 ) ) ;
#1020 = CARTESIAN_POINT ( 'NONE',  ( 110.3883022664323192, 139.3447163564946436, -4.967571475771159761 ) ) ;
#1021 = CARTESIAN_POINT ( 'NONE',  ( 2.699999999999985079, 140.0000000000000000, -107.4999999999999858 ) ) ;
#1022 = CARTESIAN_POINT ( 'NONE',  ( 3.303812968512749748, 143.7671171637226735, 110.4508401143565237 ) ) ;
#1023 = LINE ( 'NONE', #787, #503 ) ;
#1024 = FACE_OUTER_BOUND ( 'NONE', #1657, .T. ) ;
#1025 = VERTEX_POINT ( 'NONE', #22 ) ;
#1026 = EDGE_CURVE ( 'NONE', #1093, #1409, #151, .T. ) ;
#1027 = CARTESIAN_POINT ( 'NONE',  ( -2.699999999999985523, 140.1762742563889503, 102.9646055690983246 ) ) ;
#1028 = CARTESIAN_POINT ( 'NONE',  ( -5.000000000000012434, 140.0000000000000000, -110.4999999999999858 ) ) ;
#1029 = CARTESIAN_POINT ( 'NONE',  ( 110.4719222261514204, 135.6607659920892672, -2.505823886949724688 ) ) ;
#1030 = CARTESIAN_POINT ( 'NONE',  ( 1.784069798363726145, 137.9657657017742167, -102.9846232036993001 ) ) ;
#1031 = CARTESIAN_POINT ( 'NONE',  ( 110.4999999999999858, 140.0000000000000000, 4.999999999999969802 ) ) ;
#1032 = ORIENTED_EDGE ( 'NONE', *, *, #1230, .T. ) ;
#1033 = CARTESIAN_POINT ( 'NONE',  ( -5.000000000000013323, 140.0000000000000000, -107.4999999999999858 ) ) ;
#1034 = VECTOR ( 'NONE', #734, 1000.000000000000000 ) ;
#1035 = VECTOR ( 'NONE', #1120, 1000.000000000000000 ) ;
#1036 = CYLINDRICAL_SURFACE ( 'NONE', #1286, 5.000000000000004441 ) ;
#1037 = ORIENTED_EDGE ( 'NONE', *, *, #1042, .F. ) ;
#1038 = FACE_BOUND ( 'NONE', #1119, .T. ) ;
#1039 = CARTESIAN_POINT ( 'NONE',  ( -1.293383214459543407, 144.8326095257532415, -110.4925420587221225 ) ) ;
#1040 = CARTESIAN_POINT ( 'NONE',  ( -1.610054725316545143, 135.2550025865987777, 110.4886841707872236 ) ) ;
#1041 = ADVANCED_FACE ( 'NONE', ( #319, #1400, #1284, #182, #1006, #190 ), #578, .F. ) ;
#1042 = EDGE_CURVE ( 'NONE', #1661, #1528, #1153, .T. ) ;
#1043 = CARTESIAN_POINT ( 'NONE',  ( 2.699999999999987299, 139.8218438703283084, -102.9646055690983957 ) ) ;
#1044 = FACE_OUTER_BOUND ( 'NONE', #453, .T. ) ;
#1045 = B_SPLINE_CURVE_WITH_KNOTS ( 'NONE', 3,
 ( #52, #482, #1285, #1265, #30, #313, #1272, #458, #617, #1159, #1527, #1771, #998, #135, #859, #1395, #1546, #724, #38, #1678 ),
 .UNSPECIFIED., .F., .F.,
 ( 4, 2, 2, 2, 2, 2, 2, 2, 2, 4 ),
 ( 0.007818917103810130512, 0.008795837256740008520, 0.009772757409669884793, 0.01074967756259976280, 0.01172659771552964081, 0.01270351786845951882, 0.01319197794492448124, 0.01368043802138944366, 0.01465735817431937024, 0.01563427832724929856 ),
 .UNSPECIFIED. ) ;
#1046 = DIRECTION ( 'NONE',  ( 0.000000000000000000, -1.000000000000000000, 0.000000000000000000 ) ) ;
#1047 = ORIENTED_EDGE ( 'NONE', *, *, #1324, .T. ) ;
#1048 = CARTESIAN_POINT ( 'NONE',  ( 110.4999999999999858, 140.0000000000000000, 2.699999999999973088 ) ) ;
#1049 = ORIENTED_EDGE ( 'NONE', *, *, #321, .F. ) ;
#1050 = CARTESIAN_POINT ( 'NONE',  ( -102.9646055690983957, 140.3567262646289464, 2.700000000000034817 ) ) ;
#1051 = CARTESIAN_POINT ( 'NONE',  ( 1.353234722828634364E-14, 135.0000000000000000, 110.4999999999999858 ) ) ;
#1052 = CARTESIAN_POINT ( 'NONE',  ( 110.4925894815776104, 144.8336915168272583, -1.289298927976400444 ) ) ;
#1053 = CARTESIAN_POINT ( 'NONE',  ( 0.000000000000000000, 150.0000000000000000, 0.000000000000000000 ) ) ;
#1054 = EDGE_CURVE ( 'NONE', #1150, #407, #1101, .T. ) ;
#1055 = CARTESIAN_POINT ( 'NONE',  ( 0.000000000000000000, 5.000000000000000000, 91.30000000000001137 ) ) ;
#1056 = DIRECTION ( 'NONE',  ( 0.000000000000000000, 0.000000000000000000, -1.000000000000000000 ) ) ;
#1057 = VERTEX_POINT ( 'NONE', #1414 ) ;
#1058 = CARTESIAN_POINT ( 'NONE',  ( 0.000000000000000000, 150.0000000000000000, 0.000000000000000000 ) ) ;
#1059 = DIRECTION ( 'NONE',  ( 0.000000000000000000, 0.000000000000000000, 1.000000000000000000 ) ) ;
#1060 = CARTESIAN_POINT ( 'NONE',  ( 110.4999947305236390, 135.0001164554345507, -0.3279446675478863149 ) ) ;
#1061 = AXIS2_PLACEMENT_3D ( 'NONE', #1017, #1734, #521 ) ;
#1062 = CARTESIAN_POINT ( 'NONE',  ( 0.000000000000000000, 8.673617379884035472E-16, 88.00000000000001421 ) ) ;
#1063 = CARTESIAN_POINT ( 'NONE',  ( -107.4999999999999858, 140.0000000000000000, -2.699999999999980638 ) ) ;
#1064 = ADVANCED_FACE ( 'NONE', ( #1044 ), #51, .F. ) ;
#1065 = DIRECTION ( 'NONE',  ( 0.000000000000000000, -1.000000000000000000, 0.000000000000000000 ) ) ;
#1066 = AXIS2_PLACEMENT_3D ( 'NONE', #1179, #1072, #1714 ) ;
#1067 = CARTESIAN_POINT ( 'NONE',  ( -110.4984999720069823, 144.9671471529464100, -0.6585035724093701859 ) ) ;
#1068 = CIRCLE ( 'NONE', #1540, 73.00000000000001421 ) ;
#1069 = CIRCLE ( 'NONE', #421, 3.299999999999997158 ) ;
#1070 = ORIENTED_EDGE ( 'NONE', *, *, #1532, .F. ) ;
#1071 = CARTESIAN_POINT ( 'NONE',  ( -102.9776731921174786, 138.3530168742720718, -2.146715613471861683 ) ) ;
#1072 = DIRECTION ( 'NONE',  ( -0.000000000000000000, -1.000000000000000000, -0.000000000000000000 ) ) ;
#1073 = CARTESIAN_POINT ( 'NONE',  ( 110.3868198654168822, 140.0000000000000000, 4.999999999999969802 ) ) ;
#1074 = CARTESIAN_POINT ( 'NONE',  ( 0.000000000000000000, 150.0000000000000000, 0.000000000000000000 ) ) ;
#1075 = VERTEX_POINT ( 'NONE', #1432 ) ;
#1076 = CARTESIAN_POINT ( 'NONE',  ( 0.000000000000000000, 0.000000000000000000, 0.000000000000000000 ) ) ;
#1077 = CARTESIAN_POINT ( 'NONE',  ( -88.00000000000001421, 8.673617379884035472E-16, 0.000000000000000000 ) ) ;
#1078 = ORIENTED_EDGE ( 'NONE', *, *, #1245, .F. ) ;
#1079 = CARTESIAN_POINT ( 'NONE',  ( -102.9800015002893190, 138.2150035459710864, 2.033424727522416653 ) ) ;
#1080 = CARTESIAN_POINT ( 'NONE',  ( -110.4581692776695121, 136.0262723282990862, 3.052473344515095999 ) ) ;
#1081 = EDGE_CURVE ( 'NONE', #1057, #767, #1193, .T. ) ;
#1082 = CARTESIAN_POINT ( 'NONE',  ( 5.000000000000012434, 140.0000000000000000, 110.3868198654168822 ) ) ;
#1083 = LINE ( 'NONE', #948, #1157 ) ;
#1084 = ORIENTED_EDGE ( 'NONE', *, *, #29, .F. ) ;
#1085 = CARTESIAN_POINT ( 'NONE',  ( 4.967527349706327477, 140.6554636655827153, -110.3883042125909100 ) ) ;
#1086 = FACE_OUTER_BOUND ( 'NONE', #1223, .T. ) ;
#1087 = ORIENTED_EDGE ( 'NONE', *, *, #1738, .F. ) ;
#1088 = CARTESIAN_POINT ( 'NONE',  ( -1.785251573175574258, 142.0331972471897757, 102.9846026367618350 ) ) ;
#1089 = CARTESIAN_POINT ( 'NONE',  ( -110.4718911707897604, 135.6616295075570520, -2.506930183730427419 ) ) ;
#1090 = DIRECTION ( 'NONE',  ( -1.000000000000000000, 0.000000000000000000, 0.000000000000000000 ) ) ;
#1091 = ORIENTED_EDGE ( 'NONE', *, *, #1656, .F. ) ;
#1092 = CARTESIAN_POINT ( 'NONE',  ( 110.3868198654168538, 140.3303318490357583, -5.000000000000039080 ) ) ;
#1093 = VERTEX_POINT ( 'NONE', #1708 ) ;
#1094 = CARTESIAN_POINT ( 'NONE',  ( 102.9845867161127728, 142.0323896519465734, 1.786161390964605244 ) ) ;
#1095 = CARTESIAN_POINT ( 'NONE',  ( -110.4148567562392600, 142.5030926605487309, -4.340837648674380489 ) ) ;
#1096 = ORIENTED_EDGE ( 'NONE', *, *, #1042, .T. ) ;
#1097 = CARTESIAN_POINT ( 'NONE',  ( -110.4151193853636528, 137.4961042242014457, -4.330982683984212933 ) ) ;
#1098 = LINE ( 'NONE', #1132, #120 ) ;
#1099 = AXIS2_PLACEMENT_3D ( 'NONE', #1740, #930, #1620 ) ;
#1100 = EDGE_CURVE ( 'NONE', #1115, #1104, #1451, .T. ) ;
#1101 = CIRCLE ( 'NONE', #508, 110.4999999999999858 ) ;
#1102 = EDGE_CURVE ( 'NONE', #805, #790, #893, .T. ) ;
#1103 = CARTESIAN_POINT ( 'NONE',  ( 102.9912079599098007, 137.6572520590713111, 1.353695583101416799 ) ) ;
#1104 = VERTEX_POINT ( 'NONE', #909 ) ;
#1105 = EDGE_CURVE ( 'NONE', #475, #1456, #1303, .T. ) ;
#1106 = CARTESIAN_POINT ( 'NONE',  ( 102.9776755200343388, 141.6472735707705510, 2.146647836788028396 ) ) ;
#1107 = CARTESIAN_POINT ( 'NONE',  ( -110.4507229303732316, 143.7636863056100083, -3.307703517211349808 ) ) ;
#1108 = ORIENTED_EDGE ( 'NONE', *, *, #1547, .F. ) ;
#1109 = CARTESIAN_POINT ( 'NONE',  ( -102.9869462961859625, 137.8527556527427009, -1.646299292232559441 ) ) ;
#1110 = DIRECTION ( 'NONE',  ( -1.000000000000000000, 0.000000000000000000, 0.000000000000000000 ) ) ;
#1111 = CARTESIAN_POINT ( 'NONE',  ( 102.9912173647732772, 137.6567994775558077, -1.353120677065785538 ) ) ;
#1112 = ORIENTED_EDGE ( 'NONE', *, *, #490, .T. ) ;
#1113 = CARTESIAN_POINT ( 'NONE',  ( 0.000000000000000000, 5.000000000000000000, 0.000000000000000000 ) ) ;
#1114 = DIRECTION ( 'NONE',  ( 0.000000000000000000, 0.000000000000000000, 1.000000000000000000 ) ) ;
#1115 = VERTEX_POINT ( 'NONE', #1731 ) ;
#1116 = CARTESIAN_POINT ( 'NONE',  ( -102.9646055690983673, 140.0000000000000000, -2.699999999999981526 ) ) ;
#1117 = DIRECTION ( 'NONE',  ( 1.000000000000000000, -0.000000000000000000, -2.832769448823989808E-16 ) ) ;
#1118 = CARTESIAN_POINT ( 'NONE',  ( 102.9869462961859483, 137.8527556527427009, 1.646299292232553890 ) ) ;
#1119 = EDGE_LOOP ( 'NONE', ( #3, #1744 ) ) ;
#1120 = DIRECTION ( 'NONE',  ( 1.000000000000000000, -0.000000000000000000, -2.832769448823989808E-16 ) ) ;
#1121 = EDGE_LOOP ( 'NONE', ( #264, #1382 ) ) ;
#1122 = CARTESIAN_POINT ( 'NONE',  ( -2.342424990967856946, 138.6457510124169232, -102.9734072806263327 ) ) ;
#1123 = DIRECTION ( 'NONE',  ( -0.000000000000000000, -1.000000000000000000, -0.000000000000000000 ) ) ;
#1124 = AXIS2_PLACEMENT_3D ( 'NONE', #1485, #955, #971 ) ;
#1125 = EDGE_LOOP ( 'NONE', ( #783, #1009, #39, #1465 ) ) ;
#1126 = FACE_OUTER_BOUND ( 'NONE', #1330, .T. ) ;
#1127 = CARTESIAN_POINT ( 'NONE',  ( 2.426657338529119912, 141.1969506671128727, -102.9714325913575692 ) ) ;
#1128 = VECTOR ( 'NONE', #310, 1000.000000000000000 ) ;
#1129 = B_SPLINE_CURVE_WITH_KNOTS ( 'NONE', 3,
 ( #676, #827, #1366, #923, #1493, #1359, #1095, #1455, #257, #1107, #1205, #531, #102, #139, #692, #1067, #559, #1349, #1605, #393, #1222, #1743, #1238, #1634, #1751, #1758, #1339, #240, #932, #423, #659, #6, #1229, #1767, #110, #667 ),
 .UNSPECIFIED., .F., .F.,
 ( 4, 2, 2, 2, 2, 2, 2, 2, 2, 2, 2, 2, 2, 2, 2, 2, 2, 4 ),
 ( 0.01563427819665419438, 0.01661119829454005617, 0.01758811839242592143, 0.01856503849031178321, 0.01954195858819764847, 0.02051887868608351026, 0.02149579878396937205, 0.02247271888185523731, 0.02344963897974109562, 0.02442655907762696088, 0.02491501912656989004, 0.02540347917551282614, 0.02638039927339871915, 0.02735731937128461216, 0.02833423946917050518, 0.02931115956705639819, 0.03028807966494229467, 0.03126499976282819115 ),
 .UNSPECIFIED. ) ;
#1130 = CIRCLE ( 'NONE', #869, 103.0000000000000142 ) ;
#1131 = DIRECTION ( 'NONE',  ( -0.000000000000000000, 1.000000000000000000, -0.000000000000000000 ) ) ;
#1132 = CARTESIAN_POINT ( 'NONE',  ( -2.700000000000013056, 140.0000000000000000, -110.4999999999999858 ) ) ;
#1133 = EDGE_LOOP ( 'NONE', ( #1711, #159, #825, #335, #1590 ) ) ;
#1134 = EDGE_CURVE ( 'NONE', #818, #970, #1482, .T. ) ;
#1135 = CARTESIAN_POINT ( 'NONE',  ( -0.7010069289682655524, 137.3866322719418633, -102.9977596942215712 ) ) ;
#1136 = CARTESIAN_POINT ( 'NONE',  ( 1.387778780781445676E-14, 140.0000000000000000, 110.4999999999999858 ) ) ;
#1137 = CARTESIAN_POINT ( 'NONE',  ( 2.682462741417959595, 140.3539577884860137, -102.9650696519296673 ) ) ;
#1138 = DIRECTION ( 'NONE',  ( -0.000000000000000000, -1.000000000000000000, -0.000000000000000000 ) ) ;
#1139 = CARTESIAN_POINT ( 'NONE',  ( -1.387778780781445676E-14, 140.0000000000000000, -107.4999999999999858 ) ) ;
#1140 = CARTESIAN_POINT ( 'NONE',  ( -1.196187015761350336, 137.5729824083854282, 102.9931834669786639 ) ) ;
#1141 = ORIENTED_EDGE ( 'NONE', *, *, #551, .F. ) ;
#1142 = CARTESIAN_POINT ( 'NONE',  ( -102.9646055690983673, 140.0000000000000000, -2.699999999999981526 ) ) ;
#1143 = CARTESIAN_POINT ( 'NONE',  ( -110.4999999999999858, 140.0000000000000000, 2.775557561562891351E-14 ) ) ;
#1144 = EDGE_CURVE ( 'NONE', #548, #1357, #1239, .T. ) ;
#1145 = CARTESIAN_POINT ( 'NONE',  ( 1.295795127341184960, 135.1596508544486710, -110.4928725874734852 ) ) ;
#1146 = CARTESIAN_POINT ( 'NONE',  ( 0.000000000000000000, 8.673617379884035472E-16, -84.70000000000001705 ) ) ;
#1147 =( NAMED_UNIT ( * ) PLANE_ANGLE_UNIT ( ) SI_UNIT ( $, .RADIAN. ) );
#1148 = DIRECTION ( 'NONE',  ( 0.000000000000000000, 0.000000000000000000, 1.000000000000000000 ) ) ;
#1149 = VECTOR ( 'NONE', #1214, 1000.000000000000000 ) ;
#1150 = VERTEX_POINT ( 'NONE', #802 ) ;
#1151 = LINE ( 'NONE', #343, #1034 ) ;
#1152 = CARTESIAN_POINT ( 'NONE',  ( 1.353234722828634364E-14, 135.0000000000000000, 110.4999999999999858 ) ) ;
#1153 = B_SPLINE_CURVE_WITH_KNOTS ( 'NONE', 3,
 ( #215, #622, #881, #339, #919, #361, #786, #1172, #775, #208, #766, #510, #498, #198, #237, #758, #349, #58 ),
 .UNSPECIFIED., .F., .F.,
 ( 4, 2, 2, 2, 2, 2, 2, 2, 4 ),
 ( 0.000000000000000000, 0.0005277318411822004259, 0.001055463682364400852, 0.001583195523546601386, 0.002110927364728801704, 0.002638659205911002021, 0.003166391047093202772, 0.003694122888275402656, 0.004221854729457602540 ),
 .UNSPECIFIED. ) ;
#1154 = VECTOR ( 'NONE', #743, 1000.000000000000000 ) ;
#1155 = CIRCLE ( 'NONE', #1511, 3.299999999999983391 ) ;
#1156 = DIRECTION ( 'NONE',  ( 1.000000000000000000, 0.000000000000000000, 0.000000000000000000 ) ) ;
#1157 = VECTOR ( 'NONE', #406, 1000.000000000000000 ) ;
#1158 = EDGE_CURVE ( 'NONE', #1367, #776, #1130, .T. ) ;
#1159 = CARTESIAN_POINT ( 'NONE',  ( -3.302362834511900491, 136.2312731960470273, -110.4508890929416793 ) ) ;
#1160 = ORIENTED_EDGE ( 'NONE', *, *, #576, .F. ) ;
#1161 = CARTESIAN_POINT ( 'NONE',  ( -2.699999999999985523, 140.0000000000000000, 110.4999999999999858 ) ) ;
#1162 = CARTESIAN_POINT ( 'NONE',  ( -102.9777236863383649, 141.6502279063990386, 2.144332976171427596 ) ) ;
#1163 = CARTESIAN_POINT ( 'NONE',  ( 110.4360617651993408, 136.6944202313730443, -3.765571506177978200 ) ) ;
#1164 = DIRECTION ( 'NONE',  ( 0.000000000000000000, 1.000000000000000000, 0.000000000000000000 ) ) ;
#1165 = CYLINDRICAL_SURFACE ( 'NONE', #957, 5.000000000000004441 ) ;
#1166 = ORIENTED_EDGE ( 'NONE', *, *, #134, .F. ) ;
#1167 = CARTESIAN_POINT ( 'NONE',  ( -7.317075824769481562E-15, 142.7000000000000171, -103.0000000000000142 ) ) ;
#1168 = ORIENTED_EDGE ( 'NONE', *, *, #134, .T. ) ;
#1169 = CARTESIAN_POINT ( 'NONE',  ( -102.9665489122191673, 140.7110959941967963, 2.628311202008290604 ) ) ;
#1170 = CARTESIAN_POINT ( 'NONE',  ( -88.00000000000001421, 5.000000000000000888, 0.000000000000000000 ) ) ;
#1171 = CARTESIAN_POINT ( 'NONE',  ( 110.4508281110645385, 136.2332308512770283, -3.304214968055917634 ) ) ;
#1172 = CARTESIAN_POINT ( 'NONE',  ( 2.147244698643256289, 138.3536421286450775, 102.9776624070564566 ) ) ;
#1173 = LINE ( 'NONE', #1055, #1350 ) ;
#1174 = B_SPLINE_CURVE_WITH_KNOTS ( 'NONE', 3,
 ( #1516, #1392, #1660, #171, #155, #719, #1261, #1385, #1270, #575, #2, #1111, #972, #462, #443, #995, #1503, #841, #302, #1379, #1397, #35, #1103, #1118, #1642, #282, #145, #966, #1530, #318, #1252, #864, #1497, #20 ),
 .UNSPECIFIED., .F., .F.,
 ( 4, 2, 2, 2, 2, 2, 2, 2, 2, 2, 2, 2, 2, 2, 2, 2, 4 ),
 ( 0.000000000000000000, 0.0005276122165553940625, 0.001055224433110788125, 0.001582836649666182188, 0.002110448866221576250, 0.002638061082776970313, 0.003165673299332364375, 0.003693285515887758438, 0.004220897732443152500, 0.004748509948998546129, 0.005276122165553940625, 0.005803734382109335121, 0.006331346598664728750, 0.006858958815220122379, 0.007386571031775516875, 0.007914183248330911372, 0.008441795464886305000 ),
 .UNSPECIFIED. ) ;
#1175 = CARTESIAN_POINT ( 'NONE',  ( -2.427365001549225187, 141.1953412995915755, -102.9714155936242861 ) ) ;
#1176 = CIRCLE ( 'NONE', #409, 110.4999999999999858 ) ;
#1177 = ORIENTED_EDGE ( 'NONE', *, *, #321, .T. ) ;
#1178 = CARTESIAN_POINT ( 'NONE',  ( -102.9869829137361421, 142.1490001246398265, 1.644040925516636165 ) ) ;
#1179 = CARTESIAN_POINT ( 'NONE',  ( 0.000000000000000000, 150.0000000000000000, 0.000000000000000000 ) ) ;
#1180 = CARTESIAN_POINT ( 'NONE',  ( -1.387778780781445676E-14, 140.0000000000000000, -107.4999999999999858 ) ) ;
#1181 = CARTESIAN_POINT ( 'NONE',  ( 1.648017982662812297, 137.8539165043169419, -102.9869210756000797 ) ) ;
#1182 = CARTESIAN_POINT ( 'NONE',  ( 0.000000000000000000, 8.673617379884035472E-16, -88.00000000000001421 ) ) ;
#1183 = CARTESIAN_POINT ( 'NONE',  ( 1.351963370032484235, 142.3437654712833478, 102.9912310794983199 ) ) ;
#1184 = AXIS2_PLACEMENT_3D ( 'NONE', #1411, #194, #128 ) ;
#1185 = EDGE_LOOP ( 'NONE', ( #1726, #1305, #1188, #1446 ) ) ;
#1186 = CARTESIAN_POINT ( 'NONE',  ( 4.041334437186257128E-16, 5.000000000000000000, 84.70000000000001705 ) ) ;
#1187 = AXIS2_PLACEMENT_3D ( 'NONE', #780, #342, #1314 ) ;
#1188 = ORIENTED_EDGE ( 'NONE', *, *, #173, .F. ) ;
#1189 = CARTESIAN_POINT ( 'NONE',  ( -102.9999960663130452, 142.6998499370745606, -0.1802994426784060578 ) ) ;
#1190 = CARTESIAN_POINT ( 'NONE',  ( -88.00000000000001421, 5.000000000000000000, 0.000000000000000000 ) ) ;
#1191 = CARTESIAN_POINT ( 'NONE',  ( 2.213678870137576915, 135.5049212267805103, 110.4782342033147557 ) ) ;
#1192 = CARTESIAN_POINT ( 'NONE',  ( 7.935349060844463004E-24, 137.3000000000000114, -103.0000000000000142 ) ) ;
#1193 = LINE ( 'NONE', #1311, #1637 ) ;
#1194 = DIRECTION ( 'NONE',  ( -0.000000000000000000, -0.000000000000000000, -1.000000000000000000 ) ) ;
#1195 = CARTESIAN_POINT ( 'NONE',  ( 88.00000000000001421, 5.000000000000000000, 0.000000000000000000 ) ) ;
#1196 = ORIENTED_EDGE ( 'NONE', *, *, #1604, .T. ) ;
#1197 = CARTESIAN_POINT ( 'NONE',  ( -102.9869290696579327, 142.1464358974238280, -1.647421107856602562 ) ) ;
#1198 = DIRECTION ( 'NONE',  ( -0.000000000000000000, -1.000000000000000000, -0.000000000000000000 ) ) ;
#1199 = DIRECTION ( 'NONE',  ( 0.000000000000000000, 1.000000000000000000, 0.000000000000000000 ) ) ;
#1200 = ADVANCED_FACE ( 'NONE', ( #1609, #1220 ), #1336, .F. ) ;
#1201 = ADVANCED_FACE ( 'NONE', ( #794 ), #1345, .F. ) ;
#1202 = DIRECTION ( 'NONE',  ( 0.000000000000000000, 0.000000000000000000, 1.000000000000000000 ) ) ;
#1203 = CARTESIAN_POINT ( 'NONE',  ( -3.974200830290516517, 143.0519134102355565, 110.4286613825401560 ) ) ;
#1204 = FACE_BOUND ( 'NONE', #103, .T. ) ;
#1205 = CARTESIAN_POINT ( 'NONE',  ( -110.4582125796266467, 143.9748839114122916, -3.050770364562375825 ) ) ;
#1206 = ORIENTED_EDGE ( 'NONE', *, *, #949, .F. ) ;
#1207 = CARTESIAN_POINT ( 'NONE',  ( -102.9668332290854806, 139.3010570576211364, 2.613892122610843582 ) ) ;
#1208 = CARTESIAN_POINT ( 'NONE',  ( -5.000000000000012434, 140.0000000000000000, -110.3868198654168822 ) ) ;
#1209 = CARTESIAN_POINT ( 'NONE',  ( 110.3981486085457533, 138.3897254858034671, 4.744950767584215079 ) ) ;
#1210 = CARTESIAN_POINT ( 'NONE',  ( 110.4781084163228400, 144.4920124758645557, 2.220129577941100774 ) ) ;
#1211 = CARTESIAN_POINT ( 'NONE',  ( -4.999999999999984901, 140.3264442933725888, 110.3868198654168538 ) ) ;
#1212 = EDGE_CURVE ( 'NONE', #444, #1565, #107, .T. ) ;
#1213 = CARTESIAN_POINT ( 'NONE',  ( 102.9646055690983388, 140.3567262646288896, -2.700000000000039702 ) ) ;
#1214 = DIRECTION ( 'NONE',  ( -0.000000000000000000, 1.000000000000000000, -0.000000000000000000 ) ) ;
#1215 = AXIS2_PLACEMENT_3D ( 'NONE', #555, #1729, #1090 ) ;
#1216 = B_SPLINE_CURVE_WITH_KNOTS ( 'NONE', 3,
 ( #1224, #943, #964, #1207, #553, #425, #1232, #807, #1079, #686, #838, #432, #1745, #533, #1353, #1639, #935, #1650, #829, #1625, #1484, #269, #573, #1109, #1501, #289, #1071, #1607, #1753, #395, #544, #298, #611, #1116 ),
 .UNSPECIFIED., .F., .F.,
 ( 4, 2, 2, 2, 2, 2, 2, 2, 2, 2, 2, 2, 2, 2, 2, 2, 4 ),
 ( 0.000000000000000000, 0.0005276122165553943878, 0.001055224433110788776, 0.001582836649666183055, 0.002110448866221577551, 0.002638061082776972047, 0.003165673299332366110, 0.003693285515887760606, 0.004220897732443155102, 0.004748509948998549599, 0.005276122165553944095, 0.005803734382109337724, 0.006331346598664730485, 0.006858958815220124981, 0.007386571031775517743, 0.007914183248330911372, 0.008441795464886305000 ),
 .UNSPECIFIED. ) ;
#1217 = EDGE_LOOP ( 'NONE', ( #626, #702, #351, #137, #77, #1386, #1389, #89, #568, #167 ) ) ;
#1218 = CARTESIAN_POINT ( 'NONE',  ( -110.4286162211944173, 136.9499914531710942, -3.975367519888214574 ) ) ;
#1219 = CARTESIAN_POINT ( 'NONE',  ( -107.4999999999999858, 140.0000000000000000, 2.720448455601260219E-14 ) ) ;
#1220 = FACE_OUTER_BOUND ( 'NONE', #1576, .T. ) ;
#1221 = CARTESIAN_POINT ( 'NONE',  ( 102.9777236863383649, 141.6502279063990670, -2.144332976171434257 ) ) ;
#1222 = CARTESIAN_POINT ( 'NONE',  ( -110.4925894815776104, 144.8336915168272583, 1.289298927976392894 ) ) ;
#1223 = EDGE_LOOP ( 'NONE', ( #1108, #1433, #1373, #883 ) ) ;
#1224 = CARTESIAN_POINT ( 'NONE',  ( -102.9646055690983673, 140.0000000000000000, 2.700000000000034373 ) ) ;
#1225 = DIRECTION ( 'NONE',  ( 1.000000000000000000, 0.000000000000000000, 0.000000000000000000 ) ) ;
#1226 = CARTESIAN_POINT ( 'NONE',  ( 110.4985200223091226, 135.0324054839285566, 0.6556737336197244748 ) ) ;
#1227 = ORIENTED_EDGE ( 'NONE', *, *, #742, .F. ) ;
#1228 = CARTESIAN_POINT ( 'NONE',  ( 102.9799720208728928, 141.7832958331541704, 2.034904465415280583 ) ) ;
#1229 = CARTESIAN_POINT ( 'NONE',  ( -110.3940481831781426, 141.3040172343465599, 4.838214340442041461 ) ) ;
#1230 = EDGE_CURVE ( 'NONE', #140, #1624, #1756, .T. ) ;
#1231 = EDGE_LOOP ( 'NONE', ( #417, #911 ) ) ;
#1232 = CARTESIAN_POINT ( 'NONE',  ( -102.9733838669309591, 138.6474771639073822, 2.343463505899204158 ) ) ;
#1233 = CARTESIAN_POINT ( 'NONE',  ( -110.4148993245141952, 137.4952444551986446, 4.339698284849477616 ) ) ;
#1234 = LINE ( 'NONE', #44, #1374 ) ;
#1235 = AXIS2_PLACEMENT_3D ( 'NONE', #501, #760, #1306 ) ;
#1236 = VERTEX_POINT ( 'NONE', #1063 ) ;
#1237 = DIRECTION ( 'NONE',  ( 0.000000000000000000, 1.000000000000000000, 0.000000000000000000 ) ) ;
#1238 = CARTESIAN_POINT ( 'NONE',  ( -110.4860983756952635, 144.6831461010512214, 1.759275466934963728 ) ) ;
#1239 = B_SPLINE_CURVE_WITH_KNOTS ( 'NONE', 3,
 ( #1441, #223, #1014, #1319, #67, #630, #87, #1553, #648, #519, #1022, #748, #1293, #1561, #378, #889, #1423, #1469, #398, #547 ),
 .UNSPECIFIED., .F., .F.,
 ( 4, 2, 2, 2, 2, 2, 2, 2, 2, 4 ),
 ( 0.02345372628308568796, 0.02443013546805351127, 0.02491834006053741599, 0.02540654465302131723, 0.02638295383798912666, 0.02735936302295693262, 0.02833577220792474205, 0.02931218139289254801, 0.03028859057786035397, 0.03126499976282816340 ),
 .UNSPECIFIED. ) ;
#1240 = ORIENTED_EDGE ( 'NONE', *, *, #541, .T. ) ;
#1241 = CARTESIAN_POINT ( 'NONE',  ( 1.387778780781445676E-14, 140.0000000000000000, 110.4999999999999858 ) ) ;
#1242 = EDGE_CURVE ( 'NONE', #970, #1409, #1083, .T. ) ;
#1243 = CIRCLE ( 'NONE', #359, 3.299999999999997158 ) ;
#1244 = CARTESIAN_POINT ( 'NONE',  ( 2.034260315691708954, 141.7840426649502774, -102.9799849134765708 ) ) ;
#1245 = EDGE_CURVE ( 'NONE', #1274, #548, #621, .T. ) ;
#1246 = EDGE_LOOP ( 'NONE', ( #1416, #31, #1679, #685 ) ) ;
#1247 = CARTESIAN_POINT ( 'NONE',  ( 102.9646055690983673, 140.0000000000000000, -2.700000000000040590 ) ) ;
#1248 = APPLICATION_CONTEXT ( 'automotive_design' ) ;
#1249 = EDGE_LOOP ( 'NONE', ( #1177, #401 ) ) ;
#1250 = CARTESIAN_POINT ( 'NONE',  ( 5.000000000000012434, 140.0000000000000000, 110.3868198654168822 ) ) ;
#1251 = CARTESIAN_POINT ( 'NONE',  ( -110.4928531970343357, 135.1600954785423312, -1.297007148875867211 ) ) ;
#1252 = CARTESIAN_POINT ( 'NONE',  ( 102.9668475952468327, 139.2988383192251263, 2.613328870639118673 ) ) ;
#1253 = EDGE_LOOP ( 'NONE', ( #1307, #1596, #892, #1391 ) ) ;
#1254 = DIRECTION ( 'NONE',  ( -1.000000000000000000, -0.000000000000000000, 1.836970198721029688E-16 ) ) ;
#1255 = DIRECTION ( 'NONE',  ( 1.000000000000000000, 0.000000000000000000, 0.000000000000000000 ) ) ;
#1256 = B_SPLINE_CURVE_WITH_KNOTS ( 'NONE', 3,
 ( #505, #1027, #635, #1713, #1577, #1586, #375, #914, #280, #1088, #798, #252, #954, #402, #113, #1368, #1466, #142 ),
 .UNSPECIFIED., .F., .F.,
 ( 4, 2, 2, 2, 2, 2, 2, 2, 4 ),
 ( 0.008441795464886277245, 0.008969567445228442126, 0.009497339425570605273, 0.01002511140591277015, 0.01055288338625493330, 0.01108065536659709818, 0.01160842734693926306, 0.01213619932728142795, 0.01266397130762359109 ),
 .UNSPECIFIED. ) ;
#1257 = ORIENTED_EDGE ( 'NONE', *, *, #241, .T. ) ;
#1258 = DIRECTION ( 'NONE',  ( -0.000000000000000000, -0.000000000000000000, 1.000000000000000000 ) ) ;
#1259 = CYLINDRICAL_SURFACE ( 'NONE', #1184, 5.000000000000004441 ) ;
#1260 = VERTEX_POINT ( 'NONE', #772 ) ;
#1261 = CARTESIAN_POINT ( 'NONE',  ( 102.9733838669309591, 138.6474771639073822, -2.343463505899209931 ) ) ;
#1262 = EDGE_LOOP ( 'NONE', ( #93, #1523, #242, #1574, #53, #435, #1443, #293, #902, #855 ) ) ;
#1263 = CYLINDRICAL_SURFACE ( 'NONE', #296, 2.699999999999999289 ) ;
#1264 = ADVANCED_FACE ( 'NONE', ( #1018 ), #627, .F. ) ;
#1265 = CARTESIAN_POINT ( 'NONE',  ( -4.839515520936400250, 138.7015631178019817, -110.3939907082015139 ) ) ;
#1266 = ADVANCED_FACE ( 'NONE', ( #1038, #906 ), #220, .T. ) ;
#1267 = EDGE_LOOP ( 'NONE', ( #1000, #716 ) ) ;
#1268 = CARTESIAN_POINT ( 'NONE',  ( -2.700000000000013056, 140.0000000000000000, -102.9646055690983530 ) ) ;
#1269 = ORIENTED_EDGE ( 'NONE', *, *, #586, .T. ) ;
#1270 = CARTESIAN_POINT ( 'NONE',  ( 102.9800015002893332, 138.2150035459711148, -2.033424727522423314 ) ) ;
#1271 = DIRECTION ( 'NONE',  ( -0.000000000000000000, 1.000000000000000000, -0.000000000000000000 ) ) ;
#1272 = CARTESIAN_POINT ( 'NONE',  ( -4.337770728795930175, 137.4920421177426135, -110.4149743650704920 ) ) ;
#1273 = VECTOR ( 'NONE', #912, 1000.000000000000000 ) ;
#1274 = VERTEX_POINT ( 'NONE', #927 ) ;
#1275 = CARTESIAN_POINT ( 'NONE',  ( 0.000000000000000000, 5.000000000000000888, -84.70000000000003126 ) ) ;
#1276 = CARTESIAN_POINT ( 'NONE',  ( 0.6509088555331153936, 135.0316619957305022, -110.4985533629534871 ) ) ;
#1277 = CARTESIAN_POINT ( 'NONE',  ( 2.217993872832710878, 144.4929297833327837, -110.4781465686960047 ) ) ;
#1278 = CARTESIAN_POINT ( 'NONE',  ( -2.613367728816201829, 139.2989930744376750, 102.9668466038478414 ) ) ;
#1279 = B_SPLINE_CURVE_WITH_KNOTS ( 'NONE', 3,
 ( #888, #214, #1544, #86, #1005, #197, #189, #50, #747, #918, #938, #1363, #1210, #960, #801, #1344, #823, #1739, #116, #405, #1052, #656, #690, #947, #262, #526, #812, #1489, #98, #127, #1356, #1764, #1450, #556, #1092, #273 ),
 .UNSPECIFIED., .F., .F.,
 ( 4, 2, 2, 2, 2, 2, 2, 2, 2, 2, 2, 2, 2, 2, 2, 2, 2, 4 ),
 ( 0.01563427819665419438, 0.01661119829454005617, 0.01758811839242592143, 0.01856503849031178321, 0.01954195858819764847, 0.02051887868608351026, 0.02149579878396937205, 0.02247271888185523384, 0.02344963897974109562, 0.02442655907762696088, 0.02491501912656989004, 0.02540347917551282614, 0.02638039927339871915, 0.02735731937128461216, 0.02833423946917050518, 0.02931115956705640166, 0.03028807966494229814, 0.03126499976282819115 ),
 .UNSPECIFIED. ) ;
#1280 = ORIENTED_EDGE ( 'NONE', *, *, #309, .F. ) ;
#1281 = CYLINDRICAL_SURFACE ( 'NONE', #1539, 2.699999999999999289 ) ;
#1282 = DIRECTION ( 'NONE',  ( -0.000000000000000000, -0.000000000000000000, -1.000000000000000000 ) ) ;
#1283 = CARTESIAN_POINT ( 'NONE',  ( 2.682539010974374083, 139.6464797497773418, -102.9650676798850526 ) ) ;
#1284 = FACE_BOUND ( 'NONE', #693, .T. ) ;
#1285 = CARTESIAN_POINT ( 'NONE',  ( -4.967373196429343274, 139.3426931144193759, -110.3883114214873160 ) ) ;
#1286 = AXIS2_PLACEMENT_3D ( 'NONE', #788, #1332, #277 ) ;
#1287 = EDGE_LOOP ( 'NONE', ( #885, #424, #610, #1364, #1280, #1352, #1759, #13, #1037, #1227 ) ) ;
#1288 = DIRECTION ( 'NONE',  ( -0.000000000000000000, -0.000000000000000000, 1.000000000000000000 ) ) ;
#1289 = CARTESIAN_POINT ( 'NONE',  ( 1.387778780781445676E-14, 140.0000000000000000, 107.4999999999999858 ) ) ;
#1290 = DIRECTION ( 'NONE',  ( -1.000000000000000000, -0.000000000000000000, 1.836970198721029688E-16 ) ) ;
#1291 = CIRCLE ( 'NONE', #842, 4.999999999999999112 ) ;
#1292 = CARTESIAN_POINT ( 'NONE',  ( 0.3514684829905855290, 137.3170964547185235, -102.9995474681753791 ) ) ;
#1293 = CARTESIAN_POINT ( 'NONE',  ( 3.971983821798017011, 143.0546695821492733, 110.4287404732426694 ) ) ;
#1294 = CARTESIAN_POINT ( 'NONE',  ( 2.628386449504148459, 140.7107252661691916, 102.9665468094189720 ) ) ;
#1295 = VERTEX_POINT ( 'NONE', #1316 ) ;
#1296 = CARTESIAN_POINT ( 'NONE',  ( 0.000000000000000000, 0.000000000000000000, 0.000000000000000000 ) ) ;
#1297 = ORIENTED_EDGE ( 'NONE', *, *, #1134, .T. ) ;
#1298 = CARTESIAN_POINT ( 'NONE',  ( -102.9776755200342961, 141.6472735707705226, -2.146647836788034613 ) ) ;
#1299 = DIRECTION ( 'NONE',  ( 0.000000000000000000, 0.000000000000000000, 1.000000000000000000 ) ) ;
#1300 = CARTESIAN_POINT ( 'NONE',  ( 110.3868198654168822, 139.6695929869152053, -5.000000000000039080 ) ) ;
#1301 = B_SPLINE_CURVE_WITH_KNOTS ( 'NONE', 3,
 ( #138, #399, #931, #429, #4, #833, #249, #1106, #1228, #1094, #1347, #549, #275, #1470, #1766, #795, #1611, #1646, #1633, #256, #968, #148, #815, #15, #408, #570, #1221, #558, #1492, #1479, #1213, #1247 ),
 .UNSPECIFIED., .F., .F.,
 ( 4, 2, 2, 2, 2, 2, 2, 2, 2, 2, 2, 2, 2, 2, 2, 4 ),
 ( 0.008441795464886305000, 0.008969288294892491242, 0.009496781124898677484, 0.01002427395490486373, 0.01055176678491104997, 0.01107925961491723621, 0.01160675244492342245, 0.01213424527492961043, 0.01266173810493579667, 0.01318923093494198118, 0.01371672376494816915, 0.01424421659495435540, 0.01477170942496054337, 0.01529920225496672961, 0.01582669508497291933, 0.01688168074498529181 ),
 .UNSPECIFIED. ) ;
#1302 = CARTESIAN_POINT ( 'NONE',  ( 2.033197264945409977, 138.2147484470444283, -102.9800059736606244 ) ) ;
#1303 = LINE ( 'NONE', #74, #925 ) ;
#1304 = CARTESIAN_POINT ( 'NONE',  ( 0.000000000000000000, 0.000000000000000000, 0.000000000000000000 ) ) ;
#1305 = ORIENTED_EDGE ( 'NONE', *, *, #684, .T. ) ;
#1306 = DIRECTION ( 'NONE',  ( 0.000000000000000000, 0.000000000000000000, 1.000000000000000000 ) ) ;
#1307 = ORIENTED_EDGE ( 'NONE', *, *, #1343, .T. ) ;
#1308 = CARTESIAN_POINT ( 'NONE',  ( -102.9912481407435223, 142.3445139047825876, 1.350676367882629458 ) ) ;
#1309 = CARTESIAN_POINT ( 'NONE',  ( 0.000000000000000000, 150.0000000000000000, 0.000000000000000000 ) ) ;
#1310 = CARTESIAN_POINT ( 'NONE',  ( 4.999999999999984901, 139.6699973668513906, -110.3868198654168822 ) ) ;
#1311 = CARTESIAN_POINT ( 'NONE',  ( -88.00000000000001421, 5.000000000000000000, -3.299999999999990496 ) ) ;
#1312 = DIRECTION ( 'NONE',  ( 0.000000000000000000, 0.000000000000000000, -1.000000000000000000 ) ) ;
#1313 = EDGE_CURVE ( 'NONE', #1488, #112, #1635, .T. ) ;
#1314 = DIRECTION ( 'NONE',  ( 1.000000000000000000, 0.000000000000000000, 0.000000000000000000 ) ) ;
#1315 = ORIENTED_EDGE ( 'NONE', *, *, #1717, .F. ) ;
#1316 = CARTESIAN_POINT ( 'NONE',  ( -2.700000000000013056, 140.0000000000000000, -102.9646055690983530 ) ) ;
#1317 = CARTESIAN_POINT ( 'NONE',  ( 4.737352339585099159, 138.3923782247943279, 110.3984137818836047 ) ) ;
#1318 = CARTESIAN_POINT ( 'NONE',  ( 2.699999999999985523, 140.0000000000000000, -102.9646055690983673 ) ) ;
#1319 = CARTESIAN_POINT ( 'NONE',  ( 1.134369378505444059, 144.8723399166648562, 110.4942925743583118 ) ) ;
#1320 = AXIS2_PLACEMENT_3D ( 'NONE', #1076, #1237, #940 ) ;
#1321 = DIRECTION ( 'NONE',  ( -0.000000000000000000, -1.000000000000000000, -0.000000000000000000 ) ) ;
#1322 = AXIS2_PLACEMENT_3D ( 'NONE', #858, #294, #844 ) ;
#1323 = FACE_OUTER_BOUND ( 'NONE', #876, .T. ) ;
#1324 = EDGE_CURVE ( 'NONE', #712, #219, #1256, .T. ) ;
#1325 = EDGE_LOOP ( 'NONE', ( #248, #1206, #1509, #1196 ) ) ;
#1326 = CARTESIAN_POINT ( 'NONE',  ( -1.612422534160950160, 144.7441933906904126, 110.4886494728899606 ) ) ;
#1327 = CARTESIAN_POINT ( 'NONE',  ( 110.4286162211944173, 136.9499914531710942, 3.975367519888207468 ) ) ;
#1328 = DIRECTION ( 'NONE',  ( -0.000000000000000000, 1.000000000000000000, -0.000000000000000000 ) ) ;
#1329 = DIRECTION ( 'NONE',  ( -1.836970198721029688E-16, 0.000000000000000000, -1.000000000000000000 ) ) ;
#1330 = EDGE_LOOP ( 'NONE', ( #418, #1047, #725, #740, #132 ) ) ;
#1331 = CARTESIAN_POINT ( 'NONE',  ( -1.387778780781445676E-14, 140.0000000000000000, -110.4999999999999858 ) ) ;
#1332 = DIRECTION ( 'NONE',  ( -1.000000000000000000, -0.000000000000000000, 1.836970198721029688E-16 ) ) ;
#1333 = EDGE_LOOP ( 'NONE', ( #1752, #828 ) ) ;
#1334 = CARTESIAN_POINT ( 'NONE',  ( 1.611749722670669627, 135.2557013006121736, 110.4886549363962160 ) ) ;
#1335 = EDGE_CURVE ( 'NONE', #790, #805, #1720, .T. ) ;
#1336 = PLANE ( 'NONE',  #723 ) ;
#1337 = MANIFOLD_SOLID_BREP ( 'Foro per Vite M6-1', #1716 ) ;
#1338 = CARTESIAN_POINT ( 'NONE',  ( 4.493784101079281612, 142.2166203451760396, -110.4086576319107706 ) ) ;
#1339 = CARTESIAN_POINT ( 'NONE',  ( -110.4508905234423253, 143.7685968303963477, 3.302142783872668907 ) ) ;
#1340 = VERTEX_POINT ( 'NONE', #259 ) ;
#1341 = CARTESIAN_POINT ( 'NONE',  ( 1.697707554126139506E-23, 135.0000000000000000, -110.4999999999999858 ) ) ;
#1342 = CARTESIAN_POINT ( 'NONE',  ( 4.041334437186261072E-16, 5.000000000000000888, 84.70000000000003126 ) ) ;
#1343 = EDGE_CURVE ( 'NONE', #112, #1488, #1216, .T. ) ;
#1344 = CARTESIAN_POINT ( 'NONE',  ( 110.4984999720069823, 144.9671471529464100, 0.6585035724093630805 ) ) ;
#1345 = CYLINDRICAL_SURFACE ( 'NONE', #1099, 3.299999999999997158 ) ;
#1346 = EDGE_CURVE ( 'NONE', #1437, #146, #618, .T. ) ;
#1347 = CARTESIAN_POINT ( 'NONE',  ( 102.9869290696579327, 142.1464358974238280, 1.647421107856596345 ) ) ;
#1348 = AXIS2_PLACEMENT_3D ( 'NONE', #1376, #1117, #133 ) ;
#1349 = CARTESIAN_POINT ( 'NONE',  ( -110.5000122771128304, 145.0002713242874108, 0.3256465131476847241 ) ) ;
#1350 = VECTOR ( 'NONE', #90, 1000.000000000000000 ) ;
#1351 = MECHANICAL_DESIGN_GEOMETRIC_PRESENTATION_REPRESENTATION (  '', ( #959 ), #235 ) ;
#1352 = ORIENTED_EDGE ( 'NONE', *, *, #1007, .T. ) ;
#1353 = CARTESIAN_POINT ( 'NONE',  ( -102.9977630300501517, 137.3864986412836231, 0.7008467925836139312 ) ) ;
#1354 = CARTESIAN_POINT ( 'NONE',  ( -110.3868198654168822, 140.0000000000000000, -4.999999999999976907 ) ) ;
#1355 = DIRECTION ( 'NONE',  ( -1.000000000000000000, 0.000000000000000000, 2.832769448823989808E-16 ) ) ;
#1356 = CARTESIAN_POINT ( 'NONE',  ( 110.4087128780571589, 142.2190697538241864, -4.492410892321238691 ) ) ;
#1357 = VERTEX_POINT ( 'NONE', #1250 ) ;
#1358 = CARTESIAN_POINT ( 'NONE',  ( 3.978094475486757542, 143.0465111778003973, -110.4285180883278770 ) ) ;
#1359 = CARTESIAN_POINT ( 'NONE',  ( -110.4085876274907889, 142.2128523515528116, -4.495476499035221174 ) ) ;
#1360 = ORIENTED_EDGE ( 'NONE', *, *, #29, .T. ) ;
#1361 = CARTESIAN_POINT ( 'NONE',  ( -110.4985200223091226, 135.0324054839285566, -0.6556737336197315802 ) ) ;
#1362 = CARTESIAN_POINT ( 'NONE',  ( 2.699999999999985079, 140.0000000000000000, -107.4999999999999858 ) ) ;
#1363 = CARTESIAN_POINT ( 'NONE',  ( 110.4718882731544909, 144.3383262278834422, 2.507155253859419286 ) ) ;
#1364 = ORIENTED_EDGE ( 'NONE', *, *, #355, .F. ) ;
#1365 = FACE_OUTER_BOUND ( 'NONE', #1246, .T. ) ;
#1366 = CARTESIAN_POINT ( 'NONE',  ( -110.3882665260261859, 140.6505696097124201, -4.968370768000079707 ) ) ;
#1367 = VERTEX_POINT ( 'NONE', #336 ) ;
#1368 = CARTESIAN_POINT ( 'NONE',  ( -0.3535202526119397559, 142.6825390107855185, 102.9995380534903830 ) ) ;
#1369 = CYLINDRICAL_SURFACE ( 'NONE', #474, 4.999999999999998224 ) ;
#1370 = DIRECTION ( 'NONE',  ( -0.000000000000000000, -0.000000000000000000, 1.000000000000000000 ) ) ;
#1371 = ORIENTED_EDGE ( 'NONE', *, *, #1656, .T. ) ;
#1372 = DIRECTION ( 'NONE',  ( 0.000000000000000000, 0.000000000000000000, -1.000000000000000000 ) ) ;
#1373 = ORIENTED_EDGE ( 'NONE', *, *, #722, .T. ) ;
#1374 = VECTOR ( 'NONE', #1046, 1000.000000000000000 ) ;
#1375 = SURFACE_STYLE_FILL_AREA ( #1769 ) ;
#1376 = CARTESIAN_POINT ( 'NONE',  ( 107.4999999999999858, 140.0000000000000000, -3.384463868488894524E-14 ) ) ;
#1377 = ADVANCED_FACE ( 'NONE', ( #328 ), #460, .F. ) ;
#1378 = PRESENTATION_LAYER_ASSIGNMENT (  '', '', ( #959 ) ) ;
#1379 = CARTESIAN_POINT ( 'NONE',  ( 102.9977645765147685, 137.3864401033477236, 0.7003396163040038758 ) ) ;
#1380 = EDGE_LOOP ( 'NONE', ( #539, #771 ) ) ;
#1381 = CARTESIAN_POINT ( 'NONE',  ( 3.054669885714884181, 143.9719835933405534, -110.4581068549906746 ) ) ;
#1382 = ORIENTED_EDGE ( 'NONE', *, *, #1313, .F. ) ;
#1383 = DIRECTION ( 'NONE',  ( -0.000000000000000000, 1.000000000000000000, -0.000000000000000000 ) ) ;
#1384 = DIRECTION ( 'NONE',  ( -1.000000000000000000, -0.000000000000000000, 1.836970198721029688E-16 ) ) ;
#1385 = CARTESIAN_POINT ( 'NONE',  ( 102.9776573022046477, 138.3539634068054625, -2.147487545830653044 ) ) ;
#1386 = ORIENTED_EDGE ( 'NONE', *, *, #714, .T. ) ;
#1387 = CARTESIAN_POINT ( 'NONE',  ( 2.509395814383932333, 144.3371182164211746, -110.4718394467386275 ) ) ;
#1388 = LINE ( 'NONE', #715, #447 ) ;
#1389 = ORIENTED_EDGE ( 'NONE', *, *, #1007, .F. ) ;
#1390 = FACE_OUTER_BOUND ( 'NONE', #1735, .T. ) ;
#1391 = ORIENTED_EDGE ( 'NONE', *, *, #613, .F. ) ;
#1392 = CARTESIAN_POINT ( 'NONE',  ( 102.9646055690983815, 139.8215964990631619, -2.700000000000041034 ) ) ;
#1393 = CARTESIAN_POINT ( 'NONE',  ( 0.000000000000000000, 5.000000000000000888, -88.00000000000001421 ) ) ;
#1394 = B_SPLINE_CURVE_WITH_KNOTS ( 'NONE', 3,
 ( #1167, #769, #1724, #1703, #619, #1584, #1696, #382, #514, #1555, #69, #491, #1175, #91, #651, #1410, #1444, #640 ),
 .UNSPECIFIED., .F., .F.,
 ( 4, 2, 2, 2, 2, 2, 2, 2, 4 ),
 ( 7.110792236890900788E-18, 0.0005277318420334887582, 0.001055463684066970361, 0.001583195526100451746, 0.002110927368133932915, 0.002638659210167414951, 0.003166391052200896554, 0.003694122894234378156, 0.004221854736267859759 ),
 .UNSPECIFIED. ) ;
#1395 = CARTESIAN_POINT ( 'NONE',  ( -1.609922040959347322, 135.2549350185115600, -110.4886869188740519 ) ) ;
#1396 = EDGE_LOOP ( 'NONE', ( #80, #1621, #283, #326 ) ) ;
#1397 = CARTESIAN_POINT ( 'NONE',  ( 102.9964667006487105, 137.4374383039663030, 0.8686585628883290999 ) ) ;
#1398 = AXIS2_PLACEMENT_3D ( 'NONE', #340, #371, #639 ) ;
#1399 = AXIS2_PLACEMENT_3D ( 'NONE', #962, #1065, #1372 ) ;
#1400 = FACE_BOUND ( 'NONE', #1741, .T. ) ;
#1401 = EDGE_CURVE ( 'NONE', #797, #1638, #811, .T. ) ;
#1402 = CARTESIAN_POINT ( 'NONE',  ( -1.646740919041658424, 137.8530976954369578, 102.9869391562148877 ) ) ;
#1403 = ORIENTED_EDGE ( 'NONE', *, *, #1738, .T. ) ;
#1404 = CARTESIAN_POINT ( 'NONE',  ( 107.4999999999999858, 140.0000000000000000, -3.384463868488894524E-14 ) ) ;
#1405 = DIRECTION ( 'NONE',  ( 0.000000000000000000, 0.000000000000000000, -1.000000000000000000 ) ) ;
#1406 = CARTESIAN_POINT ( 'NONE',  ( 4.744193432631883312, 138.3875776011343817, -110.3981811095294745 ) ) ;
#1407 = DIRECTION ( 'NONE',  ( 0.000000000000000000, 0.000000000000000000, 1.000000000000000000 ) ) ;
#1408 = CARTESIAN_POINT ( 'NONE',  ( 1.261386203121773919E-14, 5.000000000000000000, 103.0000000000000142 ) ) ;
#1409 = VERTEX_POINT ( 'NONE', #1275 ) ;
#1410 = CARTESIAN_POINT ( 'NONE',  ( -2.682927388766839449, 140.3514081222641323, -102.9650576604644812 ) ) ;
#1411 = CARTESIAN_POINT ( 'NONE',  ( 110.4999999999999858, 140.0000000000000000, -3.469446951953614189E-14 ) ) ;
#1412 = CARTESIAN_POINT ( 'NONE',  ( 1.261386203121773919E-14, 150.0000000000000000, 103.0000000000000142 ) ) ;
#1413 = CARTESIAN_POINT ( 'NONE',  ( -3.975814801085522987, 136.9505823294709330, 110.4285999925289303 ) ) ;
#1414 = CARTESIAN_POINT ( 'NONE',  ( -88.00000000000001421, 8.673617379884035472E-16, -3.299999999999997158 ) ) ;
#1415 = CARTESIAN_POINT ( 'NONE',  ( 1.645082301764788646, 142.1481959311734329, 102.9869661095274296 ) ) ;
#1416 = ORIENTED_EDGE ( 'NONE', *, *, #1134, .F. ) ;
#1417 = CARTESIAN_POINT ( 'NONE',  ( 1.353234713057825123E-14, 0.000000000000000000, 110.4999999999999858 ) ) ;
#1418 = VERTEX_POINT ( 'NONE', #710 ) ;
#1419 = CARTESIAN_POINT ( 'NONE',  ( -2.504800133673529494, 144.3396981417621703, 110.4719422451939153 ) ) ;
#1420 = VERTEX_POINT ( 'NONE', #581 ) ;
#1421 = CARTESIAN_POINT ( 'NONE',  ( -0.3260963017517161666, 135.0000000000000000, 110.5000000000000284 ) ) ;
#1422 = AXIS2_PLACEMENT_3D ( 'NONE', #73, #1290, #206 ) ;
#1423 = CARTESIAN_POINT ( 'NONE',  ( 4.838383690630904788, 141.3033443201594537, 110.3940407211407120 ) ) ;
#1424 = AXIS2_PLACEMENT_3D ( 'NONE', #1404, #1687, #168 ) ;
#1425 = CYLINDRICAL_SURFACE ( 'NONE', #595, 103.0000000000000142 ) ;
#1426 = DIRECTION ( 'NONE',  ( 1.000000000000000000, -0.000000000000000000, -2.832769448823989808E-16 ) ) ;
#1427 = VERTEX_POINT ( 'NONE', #40 ) ;
#1428 = CARTESIAN_POINT ( 'NONE',  ( -102.9977613489266304, 142.6134319590989890, -0.7006671357806322220 ) ) ;
#1429 = CARTESIAN_POINT ( 'NONE',  ( -2.505271510279766467, 144.3394063159467748, -110.4719309942052519 ) ) ;
#1430 = CARTESIAN_POINT ( 'NONE',  ( -2.507958122294072556, 135.6622294061180583, 110.4718675845578844 ) ) ;
#1431 = CARTESIAN_POINT ( 'NONE',  ( 2.426420505914042014, 138.8026030624824614, -102.9714381439376751 ) ) ;
#1432 = CARTESIAN_POINT ( 'NONE',  ( 0.000000000000000000, 5.000000000000000888, 91.29999999999999716 ) ) ;
#1433 = ORIENTED_EDGE ( 'NONE', *, *, #334, .F. ) ;
#1434 = FACE_BOUND ( 'NONE', #1249, .T. ) ;
#1435 = VERTEX_POINT ( 'NONE', #854 ) ;
#1436 = DIRECTION ( 'NONE',  ( 0.000000000000000000, 0.000000000000000000, 1.000000000000000000 ) ) ;
#1437 = VERTEX_POINT ( 'NONE', #846 ) ;
#1438 = CARTESIAN_POINT ( 'NONE',  ( -0.6547895326098688296, 144.9676487359371890, 110.4985226337407624 ) ) ;
#1439 = CARTESIAN_POINT ( 'NONE',  ( -0.6554314512633695466, 144.9675568647523676, -110.4985184961332436 ) ) ;
#1440 = CARTESIAN_POINT ( 'NONE',  ( -3.049567421374775655, 136.0242929923323345, 110.4582433325179807 ) ) ;
#1441 = CARTESIAN_POINT ( 'NONE',  ( 1.353234713651184365E-14, 145.0000000000000284, 110.4999999999999858 ) ) ;
#1442 = LINE ( 'NONE', #350, #642 ) ;
#1443 = ORIENTED_EDGE ( 'NONE', *, *, #1556, .T. ) ;
#1444 = CARTESIAN_POINT ( 'NONE',  ( -2.700000000000013056, 140.1761554097359124, -102.9646055690983957 ) ) ;
#1445 = AXIS2_PLACEMENT_3D ( 'NONE', #1077, #817, #410 ) ;
#1446 = ORIENTED_EDGE ( 'NONE', *, *, #1230, .F. ) ;
#1447 = CARTESIAN_POINT ( 'NONE',  ( -102.9912070840999263, 142.3427258702089375, -1.353816407573437353 ) ) ;
#1448 = DIRECTION ( 'NONE',  ( 0.000000000000000000, 0.000000000000000000, 1.000000000000000000 ) ) ;
#1449 = CARTESIAN_POINT ( 'NONE',  ( 110.4089389581485392, 137.7853426820111906, 4.485777304872723192 ) ) ;
#1450 = CARTESIAN_POINT ( 'NONE',  ( 110.3940481831781142, 141.3040172343465315, -4.838214340442046790 ) ) ;
#1451 = LINE ( 'NONE', #1031, #330 ) ;
#1452 = VECTOR ( 'NONE', #1700, 1000.000000000000000 ) ;
#1453 = ADVANCED_BREP_SHAPE_REPRESENTATION ( 'ELP-0050', ( #1337, #1630 ), #836 ) ;
#1454 = CARTESIAN_POINT ( 'NONE',  ( 2.700000000000013500, 140.3565374843252869, 102.9646055690983957 ) ) ;
#1455 = CARTESIAN_POINT ( 'NONE',  ( -110.4286239300514438, 143.0505513356085032, -3.975233440725133516 ) ) ;
#1456 = VERTEX_POINT ( 'NONE', #1010 ) ;
#1457 = CARTESIAN_POINT ( 'NONE',  ( -102.9646055690983530, 140.1761810210150543, -2.699999999999981970 ) ) ;
#1458 = CARTESIAN_POINT ( 'NONE',  ( -3.306200358113566384, 143.7650327758897220, -110.4507685432285200 ) ) ;
#1459 = ADVANCED_FACE ( 'NONE', ( #987 ), #33, .F. ) ;
#1460 = CARTESIAN_POINT ( 'NONE',  ( 1.353234713651184365E-14, 145.0000000000000284, 110.4999999999999858 ) ) ;
#1461 = DIRECTION ( 'NONE',  ( 1.000000000000000000, 0.000000000000000000, -1.836970198721029688E-16 ) ) ;
#1462 = CARTESIAN_POINT ( 'NONE',  ( 4.682021008915132398, 141.7622583798971050, -110.4007818051075844 ) ) ;
#1463 = CARTESIAN_POINT ( 'NONE',  ( 2.700000000000013056, 140.0000000000000000, 102.9646055690983673 ) ) ;
#1464 = ADVANCED_FACE ( 'NONE', ( #1390 ), #877, .F. ) ;
#1465 = ORIENTED_EDGE ( 'NONE', *, *, #76, .T. ) ;
#1466 = CARTESIAN_POINT ( 'NONE',  ( -0.1781561305646613691, 142.7000000000000171, 103.0000000000000284 ) ) ;
#1467 = CARTESIAN_POINT ( 'NONE',  ( -4.968378051684323893, 140.6508054284147420, -110.3882662936436674 ) ) ;
#1468 = CARTESIAN_POINT ( 'NONE',  ( 4.872223399492029650, 138.8651026305778657, 110.3925380221338060 ) ) ;
#1469 = CARTESIAN_POINT ( 'NONE',  ( 4.967615919495438348, 140.6568525184776490, 110.3883008998462998 ) ) ;
#1470 = CARTESIAN_POINT ( 'NONE',  ( 102.9964350738114547, 142.5612947473560439, 0.8723577385099002823 ) ) ;
#1471 = DIRECTION ( 'NONE',  ( 0.000000000000000000, 1.000000000000000000, 0.000000000000000000 ) ) ;
#1472 = ORIENTED_EDGE ( 'NONE', *, *, #1081, .T. ) ;
#1473 =( NAMED_UNIT ( * ) SI_UNIT ( $, .STERADIAN. ) SOLID_ANGLE_UNIT ( ) );
#1474 = CARTESIAN_POINT ( 'NONE',  ( -110.4508281110645385, 136.2332308512770283, 3.304214968055910973 ) ) ;
#1475 = AXIS2_PLACEMENT_3D ( 'NONE', #174, #1535, #1114 ) ;
#1476 = CARTESIAN_POINT ( 'NONE',  ( 3.765033051585729318, 136.6937999573771378, 110.4360803143143954 ) ) ;
#1477 = CARTESIAN_POINT ( 'NONE',  ( -4.968338004674960118, 140.6509088324145864, 110.3882680398595681 ) ) ;
#1478 = EDGE_LOOP ( 'NONE', ( #958, #1472, #129, #543 ) ) ;
#1479 = CARTESIAN_POINT ( 'NONE',  ( 102.9665489122191389, 140.7110959941967110, -2.628311202008295488 ) ) ;
#1480 = LINE ( 'NONE', #683, #744 ) ;
#1481 = AXIS2_PLACEMENT_3D ( 'NONE', #1331, #1194, #631 ) ;
#1482 = CIRCLE ( 'NONE', #88, 3.299999999999997158 ) ;
#1483 = VERTEX_POINT ( 'NONE', #441 ) ;
#1484 = CARTESIAN_POINT ( 'NONE',  ( -102.9964667006487247, 137.4374383039663599, -0.8686585628883346510 ) ) ;
#1485 = CARTESIAN_POINT ( 'NONE',  ( -1.387778780781445676E-14, 140.0000000000000000, -110.4999999999999858 ) ) ;
#1486 = CARTESIAN_POINT ( 'NONE',  ( 110.4183934828902096, 137.3561510549305353, 4.246950378699137829 ) ) ;
#1487 = AXIS2_PLACEMENT_3D ( 'NONE', #186, #717, #308 ) ;
#1488 = VERTEX_POINT ( 'NONE', #1142 ) ;
#1489 = CARTESIAN_POINT ( 'NONE',  ( 110.4361184638809448, 143.3074712420480239, -3.763921229008574620 ) ) ;
#1490 = VECTOR ( 'NONE', #1575, 1000.000000000000000 ) ;
#1491 = EDGE_LOOP ( 'NONE', ( #341, #1506, #431, #709 ) ) ;
#1492 = CARTESIAN_POINT ( 'NONE',  ( 102.9714495736146631, 141.1982457788779755, -2.425927941075872951 ) ) ;
#1493 = CARTESIAN_POINT ( 'NONE',  ( -110.3981666991533359, 141.6111189175592244, -4.744504222427612383 ) ) ;
#1494 = ORIENTED_EDGE ( 'NONE', *, *, #934, .F. ) ;
#1495 = SURFACE_SIDE_STYLE ('',( #1375 ) ) ;
#1496 = CARTESIAN_POINT ( 'NONE',  ( -110.3868198654169248, 139.6736521016647998, -4.999999999999977796 ) ) ;
#1497 = CARTESIAN_POINT ( 'NONE',  ( 102.9646055690983673, 139.8237791042360811, 2.699999999999974865 ) ) ;
#1498 = VERTEX_POINT ( 'NONE', #977 ) ;
#1499 = CARTESIAN_POINT ( 'NONE',  ( 107.4999999999999858, 140.0000000000000000, 2.699999999999973976 ) ) ;
#1500 = ORIENTED_EDGE ( 'NONE', *, *, #551, .T. ) ;
#1501 = CARTESIAN_POINT ( 'NONE',  ( -102.9846491966338249, 137.9643575626372467, -1.782673815146762708 ) ) ;
#1502 = CARTESIAN_POINT ( 'NONE',  ( -110.4999947305236390, 135.0001164554345507, 0.3279446675478794315 ) ) ;
#1503 = CARTESIAN_POINT ( 'NONE',  ( 102.9999983569808677, 137.3000626781407618, -0.1770704952247391939 ) ) ;
#1504 = APPLICATION_CONTEXT ( 'automotive_design' ) ;
#1505 = AXIS2_PLACEMENT_3D ( 'NONE', #62, #218, #1056 ) ;
#1506 = ORIENTED_EDGE ( 'NONE', *, *, #1100, .T. ) ;
#1507 = CARTESIAN_POINT ( 'NONE',  ( -88.00000000000001421, 8.673617379884035472E-16, 0.000000000000000000 ) ) ;
#1508 = AXIS2_PLACEMENT_3D ( 'NONE', #1289, #879, #65 ) ;
#1509 = ORIENTED_EDGE ( 'NONE', *, *, #1242, .T. ) ;
#1510 = EDGE_CURVE ( 'NONE', #1295, #961, #1659, .T. ) ;
#1511 = AXIS2_PLACEMENT_3D ( 'NONE', #563, #731, #1148 ) ;
#1512 = CARTESIAN_POINT ( 'NONE',  ( -0.8693053498295126857, 137.4376459785795248, -102.9964614578345277 ) ) ;
#1513 = CARTESIAN_POINT ( 'NONE',  ( -110.4887038417079310, 135.2545460504059065, -1.608721871212098975 ) ) ;
#1514 = VECTOR ( 'NONE', #1138, 1000.000000000000000 ) ;
#1515 = ADVANCED_FACE ( 'NONE', ( #1323 ), #78, .F. ) ;
#1516 = CARTESIAN_POINT ( 'NONE',  ( 102.9646055690983673, 140.0000000000000000, -2.700000000000040590 ) ) ;
#1517 = ORIENTED_EDGE ( 'NONE', *, *, #416, .F. ) ;
#1518 = CARTESIAN_POINT ( 'NONE',  ( 1.616865384912470338, 144.7425374205116668, -110.4885791039112632 ) ) ;
#1519 = CARTESIAN_POINT ( 'NONE',  ( -88.00000000000001421, 5.000000000000000888, 3.299999999999983391 ) ) ;
#1520 = ORIENTED_EDGE ( 'NONE', *, *, #1158, .F. ) ;
#1521 = CARTESIAN_POINT ( 'NONE',  ( -2.146902318387208908, 138.3532590993164888, -102.9776692892947807 ) ) ;
#1522 = CYLINDRICAL_SURFACE ( 'NONE', #1570, 103.0000000000000142 ) ;
#1523 = ORIENTED_EDGE ( 'NONE', *, *, #1054, .F. ) ;
#1524 = LINE ( 'NONE', #434, #1128 ) ;
#1525 = LINE ( 'NONE', #1533, #1514 ) ;
#1526 = DIRECTION ( 'NONE',  ( 0.000000000000000000, 0.000000000000000000, 1.000000000000000000 ) ) ;
#1527 = CARTESIAN_POINT ( 'NONE',  ( -3.049417979529416733, 136.0241854324039821, -110.4582472910573614 ) ) ;
#1528 = VERTEX_POINT ( 'NONE', #352 ) ;
#1529 = CARTESIAN_POINT ( 'NONE',  ( -0.1761809412504925787, 137.3000000000000114, -103.0000000000000284 ) ) ;
#1530 = CARTESIAN_POINT ( 'NONE',  ( 102.9714301249817225, 138.8032577758616810, 2.426761804395521693 ) ) ;
#1531 = EDGE_CURVE ( 'NONE', #211, #1115, #1721, .T. ) ;
#1532 = EDGE_CURVE ( 'NONE', #61, #797, #373, .T. ) ;
#1533 = CARTESIAN_POINT ( 'NONE',  ( 0.000000000000000000, 150.0000000000000000, -103.0000000000000142 ) ) ;
#1534 = EDGE_CURVE ( 'NONE', #712, #790, #753, .T. ) ;
#1535 = DIRECTION ( 'NONE',  ( -0.000000000000000000, 1.000000000000000000, -0.000000000000000000 ) ) ;
#1536 = CARTESIAN_POINT ( 'NONE',  ( -88.00000000000001421, 5.000000000000000000, 3.299999999999990496 ) ) ;
#1537 = EDGE_LOOP ( 'NONE', ( #1765, #1494 ) ) ;
#1538 = CARTESIAN_POINT ( 'NONE',  ( 7.935349060844463004E-24, 137.3000000000000114, -103.0000000000000142 ) ) ;
#1539 = AXIS2_PLACEMENT_3D ( 'NONE', #1136, #48, #612 ) ;
#1540 = AXIS2_PLACEMENT_3D ( 'NONE', #329, #461, #1405 ) ;
#1541 = ORIENTED_EDGE ( 'NONE', *, *, #601, .T. ) ;
#1542 = CARTESIAN_POINT ( 'NONE',  ( 2.504307275385657672, 135.6598510594256481, -110.4719578023939874 ) ) ;
#1543 = COLOUR_RGB ( '',0.7921568627450980005, 0.8196078431372548767, 0.9333333333333333481 ) ;
#1544 = CARTESIAN_POINT ( 'NONE',  ( 110.3882665260261575, 140.6505696097123916, 4.968370768000070825 ) ) ;
#1545 = CARTESIAN_POINT ( 'NONE',  ( 0.3301590811445392903, 145.0000000000000284, -110.4999999999999574 ) ) ;
#1546 = CARTESIAN_POINT ( 'NONE',  ( -1.298260385062823152, 135.1604545822737293, -110.4928374456968072 ) ) ;
#1547 = EDGE_CURVE ( 'NONE', #374, #504, #625, .T. ) ;
#1548 = ORIENTED_EDGE ( 'NONE', *, *, #59, .F. ) ;
#1549 = CARTESIAN_POINT ( 'NONE',  ( -1.646665027405685322, 137.8530435993793049, -102.9869403126104714 ) ) ;
#1550 = FACE_OUTER_BOUND ( 'NONE', #1253, .T. ) ;
#1551 = DIRECTION ( 'NONE',  ( -1.000000000000000000, 0.000000000000000000, -0.000000000000000000 ) ) ;
#1552 = CARTESIAN_POINT ( 'NONE',  ( 1.611931654853282936, 135.2557601813610120, -110.4886523739211697 ) ) ;
#1553 = CARTESIAN_POINT ( 'NONE',  ( 2.216620517277447799, 144.4937840205093096, 110.4781805348204387 ) ) ;
#1554 = DIRECTION ( 'NONE',  ( 0.000000000000000000, 0.000000000000000000, -1.000000000000000000 ) ) ;
#1555 = CARTESIAN_POINT ( 'NONE',  ( -2.034407754793325918, 141.7838797569906433, -102.9799820368058221 ) ) ;
#1556 = EDGE_CURVE ( 'NONE', #652, #1565, #1176, .T. ) ;
#1557 = EDGE_LOOP ( 'NONE', ( #577, #1768, #1614, #1723, #698 ) ) ;
#1558 = CARTESIAN_POINT ( 'NONE',  ( -102.9733698658798602, 141.3515754669223270, -2.344109833041009949 ) ) ;
#1559 = CARTESIAN_POINT ( 'NONE',  ( 3.976362190119214546, 136.9511399871215644, -110.4285814171876012 ) ) ;
#1560 = DIRECTION ( 'NONE',  ( 0.000000000000000000, 0.000000000000000000, 1.000000000000000000 ) ) ;
#1561 = CARTESIAN_POINT ( 'NONE',  ( 4.337118342743695010, 142.5093955881384602, 110.4150025244234428 ) ) ;
#1562 = CYLINDRICAL_SURFACE ( 'NONE', #1481, 2.699999999999999289 ) ;
#1563 = DIRECTION ( 'NONE',  ( 0.000000000000000000, 0.000000000000000000, 1.000000000000000000 ) ) ;
#1564 = EDGE_CURVE ( 'NONE', #634, #217, #317, .T. ) ;
#1565 = VERTEX_POINT ( 'NONE', #1417 ) ;
#1566 = CARTESIAN_POINT ( 'NONE',  ( -0.3300026477336366337, 145.0000000000000568, 110.4999999999999858 ) ) ;
#1567 = DIRECTION ( 'NONE',  ( -0.000000000000000000, -0.000000000000000000, -1.000000000000000000 ) ) ;
#1568 = CARTESIAN_POINT ( 'NONE',  ( 4.999999999999984901, 140.0000000000000000, -110.3868198654168822 ) ) ;
#1569 = AXIS2_PLACEMENT_3D ( 'NONE', #1241, #562, #1225 ) ;
#1570 = AXIS2_PLACEMENT_3D ( 'NONE', #468, #1123, #160 ) ;
#1571 = DIRECTION ( 'NONE',  ( 0.000000000000000000, -0.000000000000000000, -1.000000000000000000 ) ) ;
#1572 = CIRCLE ( 'NONE', #1322, 73.00000000000001421 ) ;
#1573 = EDGE_LOOP ( 'NONE', ( #1644, #1371 ) ) ;
#1574 = ORIENTED_EDGE ( 'NONE', *, *, #79, .T. ) ;
#1575 = DIRECTION ( 'NONE',  ( -0.000000000000000000, 1.000000000000000000, -0.000000000000000000 ) ) ;
#1576 = EDGE_LOOP ( 'NONE', ( #1583, #383 ) ) ;
#1577 = CARTESIAN_POINT ( 'NONE',  ( -2.561904812781858887, 140.8703979932465415, 102.9681561263512464 ) ) ;
#1578 = CARTESIAN_POINT ( 'NONE',  ( -3.974365338190224417, 143.0516522100943746, -110.4286550722135019 ) ) ;
#1579 = CARTESIAN_POINT ( 'NONE',  ( -1.298436927809862862, 135.1604844907463416, 110.4928361094773379 ) ) ;
#1580 = EDGE_CURVE ( 'NONE', #1260, #1295, #1394, .T. ) ;
#1581 = DIRECTION ( 'NONE',  ( 0.000000000000000000, -1.000000000000000000, 0.000000000000000000 ) ) ;
#1582 = DIRECTION ( 'NONE',  ( 1.000000000000000000, -0.000000000000000000, -2.832769448823989808E-16 ) ) ;
#1583 = ORIENTED_EDGE ( 'NONE', *, *, #492, .T. ) ;
#1584 = CARTESIAN_POINT ( 'NONE',  ( -1.197683754777216558, 142.4262921437818932, -102.9931662711909297 ) ) ;
#1585 = ORIENTED_EDGE ( 'NONE', *, *, #586, .F. ) ;
#1586 = CARTESIAN_POINT ( 'NONE',  ( -2.427299139581329701, 141.1954780731532253, 102.9714171564972673 ) ) ;
#1587 = CARTESIAN_POINT ( 'NONE',  ( -5.000000000000012434, 140.3262446488848525, -110.3868198654168822 ) ) ;
#1588 = CARTESIAN_POINT ( 'NONE',  ( 0.3262446671069584303, 135.0000000000000284, 110.5000000000000142 ) ) ;
#1589 = DIRECTION ( 'NONE',  ( -0.000000000000000000, -0.000000000000000000, 1.000000000000000000 ) ) ;
#1590 = ORIENTED_EDGE ( 'NONE', *, *, #857, .F. ) ;
#1591 = B_SPLINE_CURVE_WITH_KNOTS ( 'NONE', 3,
 ( #1012, #1421, #347, #1579, #1040, #487, #1430, #1440, #764, #745, #1413, #887, #1681, #196, #1699, #614, #331, #470, #874, #636 ),
 .UNSPECIFIED., .F., .F.,
 ( 4, 2, 2, 2, 2, 2, 2, 2, 2, 4 ),
 ( 0.007818916991598357652, 0.008795837142230289105, 0.009772757292862222292, 0.01074967744349415374, 0.01172659759412608693, 0.01270351774475801838, 0.01319197782007401967, 0.01368043789539002270, 0.01465735804602210160, 0.01563427819665418050 ),
 .UNSPECIFIED. ) ;
#1592 = FACE_OUTER_BOUND ( 'NONE', #1333, .T. ) ;
#1593 = ADVANCED_FACE ( 'NONE', ( #1024 ), #484, .F. ) ;
#1594 = CARTESIAN_POINT ( 'NONE',  ( 107.4999999999999858, 140.0000000000000000, -3.384463868488894524E-14 ) ) ;
#1595 = VECTOR ( 'NONE', #267, 1000.000000000000000 ) ;
#1596 = ORIENTED_EDGE ( 'NONE', *, *, #994, .T. ) ;
#1597 = DIRECTION ( 'NONE',  ( -0.000000000000000000, -1.000000000000000000, -0.000000000000000000 ) ) ;
#1598 = CARTESIAN_POINT ( 'NONE',  ( -107.4999999999999858, 140.0000000000000000, 5.000000000000031086 ) ) ;
#1599 = CARTESIAN_POINT ( 'NONE',  ( 0.6508054613212245210, 135.0316219519129675, 110.4985551075063626 ) ) ;
#1600 = CARTESIAN_POINT ( 'NONE',  ( -110.4999999999999858, 140.0000000000000000, 5.000000000000031974 ) ) ;
#1601 = AXIS2_PLACEMENT_3D ( 'NONE', #68, #1582, #60 ) ;
#1602 = DIRECTION ( 'NONE',  ( -0.000000000000000000, -0.000000000000000000, 1.000000000000000000 ) ) ;
#1603 = AXIS2_PLACEMENT_3D ( 'NONE', #43, #463, #974 ) ;
#1604 = EDGE_CURVE ( 'NONE', #1409, #1093, #637, .T. ) ;
#1605 = CARTESIAN_POINT ( 'NONE',  ( -110.4985398124611606, 144.9680272645114769, 0.6517468177126788387 ) ) ;
#1606 = ORIENTED_EDGE ( 'NONE', *, *, #613, .T. ) ;
#1607 = CARTESIAN_POINT ( 'NONE',  ( -102.9734110338824706, 138.6454678642452052, -2.342260454083609833 ) ) ;
#1608 = CARTESIAN_POINT ( 'NONE',  ( 110.4509215393214987, 136.2303235055861705, 3.301285231677988374 ) ) ;
#1609 = FACE_BOUND ( 'NONE', #1537, .T. ) ;
#1610 = ORIENTED_EDGE ( 'NONE', *, *, #492, .F. ) ;
#1611 = CARTESIAN_POINT ( 'NONE',  ( 102.9999960663130452, 142.6998499370745606, 0.1802994426783994242 ) ) ;
#1612 = B_SPLINE_CURVE_WITH_KNOTS ( 'NONE', 3,
 ( #392, #675, #1085, #1622, #265, #951, #1462, #1338, #109, #1358, #682, #436, #1381, #1387, #1277, #1518, #28, #594, #1545, #585 ),
 .UNSPECIFIED., .F., .F.,
 ( 4, 2, 2, 2, 2, 2, 2, 2, 2, 4 ),
 ( 0.02345372657684079154, 0.02443013576310749946, 0.02491834035624085342, 0.02540654494937420391, 0.02638295413564091182, 0.02735936332190761974, 0.02833577250817432419, 0.02931218169444103211, 0.03028859088070774003, 0.03126500006697444795 ),
 .UNSPECIFIED. ) ;
#1613 = DIRECTION ( 'NONE',  ( -0.000000000000000000, 1.000000000000000000, -0.000000000000000000 ) ) ;
#1614 = ORIENTED_EDGE ( 'NONE', *, *, #1618, .T. ) ;
#1615 = EDGE_CURVE ( 'NONE', #211, #157, #193, .T. ) ;
#1616 = CARTESIAN_POINT ( 'NONE',  ( 1.387778780781445676E-14, 140.0000000000000000, 107.4999999999999858 ) ) ;
#1617 = CARTESIAN_POINT ( 'NONE',  ( -110.4060243494905649, 137.9352591895242313, -4.556723695268671825 ) ) ;
#1618 = EDGE_CURVE ( 'NONE', #643, #1427, #111, .T. ) ;
#1619 = CARTESIAN_POINT ( 'NONE',  ( -4.999999999999985789, 140.0000000000000000, 107.4999999999999858 ) ) ;
#1620 = DIRECTION ( 'NONE',  ( 0.000000000000000000, 0.000000000000000000, 1.000000000000000000 ) ) ;
#1621 = ORIENTED_EDGE ( 'NONE', *, *, #1531, .F. ) ;
#1622 = CARTESIAN_POINT ( 'NONE',  ( 4.872339918296890282, 141.1343693698770778, -110.3925328654341627 ) ) ;
#1623 = CYLINDRICAL_SURFACE ( 'NONE', #1684, 3.299999999999997158 ) ;
#1624 = VERTEX_POINT ( 'NONE', #54 ) ;
#1625 = CARTESIAN_POINT ( 'NONE',  ( -102.9977645765147827, 137.3864401033477520, -0.7003396163040100930 ) ) ;
#1626 = CARTESIAN_POINT ( 'NONE',  ( -110.4582662322794420, 136.0236576203744505, -3.048747079669361870 ) ) ;
#1627 = VECTOR ( 'NONE', #1426, 1000.000000000000000 ) ;
#1628 = DIRECTION ( 'NONE',  ( 0.000000000000000000, 0.000000000000000000, 1.000000000000000000 ) ) ;
#1629 = EDGE_CURVE ( 'NONE', #374, #1418, #291, .T. ) ;
#1630 = AXIS2_PLACEMENT_3D ( 'NONE', #285, #1526, #1255 ) ;
#1631 = ORIENTED_EDGE ( 'NONE', *, *, #360, .T. ) ;
#1632 = ORIENTED_EDGE ( 'NONE', *, *, #949, .T. ) ;
#1633 = CARTESIAN_POINT ( 'NONE',  ( 102.9995432320020825, 142.6827358999753983, -0.3519268880375102104 ) ) ;
#1634 = CARTESIAN_POINT ( 'NONE',  ( -110.4782332673800198, 144.4950771252030108, 2.214026180486052819 ) ) ;
#1635 = B_SPLINE_CURVE_WITH_KNOTS ( 'NONE', 3,
 ( #204, #1457, #94, #762, #81, #357, #1558, #1298, #653, #886, #1197, #1447, #231, #896, #1428, #645, #1189, #244, #791, #366, #523, #1705, #1308, #1178, #516, #755, #1162, #346, #64, #1169, #1050, #494 ),
 .UNSPECIFIED., .F., .F.,
 ( 4, 2, 2, 2, 2, 2, 2, 2, 2, 2, 2, 2, 2, 2, 2, 4 ),
 ( 0.008441795464886305000, 0.008969288294892491242, 0.009496781124898677484, 0.01002427395490486373, 0.01055176678491105170, 0.01107925961491723794, 0.01160675244492342592, 0.01213424527492961216, 0.01266173810493579840, 0.01318923093494198638, 0.01371672376494817436, 0.01424421659495436060, 0.01477170942496054684, 0.01529920225496673308, 0.01582669508497291933, 0.01688168074498529181 ),
 .UNSPECIFIED. ) ;
#1636 = CIRCLE ( 'NONE', #867, 73.00000000000001421 ) ;
#1637 = VECTOR ( 'NONE', #1701, 1000.000000000000000 ) ;
#1638 = VERTEX_POINT ( 'NONE', #632 ) ;
#1639 = CARTESIAN_POINT ( 'NONE',  ( -102.9995450180203420, 137.3171891462782810, 0.3522804306799707796 ) ) ;
#1640 = CARTESIAN_POINT ( 'NONE',  ( -110.3868198654168680, 140.0000000000000000, 5.000000000000031974 ) ) ;
#1641 = DIRECTION ( 'NONE',  ( -0.000000000000000000, 1.000000000000000000, -0.000000000000000000 ) ) ;
#1642 = CARTESIAN_POINT ( 'NONE',  ( 102.9846491966338249, 137.9643575626372467, 1.782673815146756935 ) ) ;
#1643 = ADVANCED_FACE ( 'NONE', ( #1710 ), #1036, .F. ) ;
#1644 = ORIENTED_EDGE ( 'NONE', *, *, #173, .T. ) ;
#1645 = EDGE_CURVE ( 'NONE', #1057, #976, #529, .T. ) ;
#1646 = CARTESIAN_POINT ( 'NONE',  ( 103.0000038840377385, 142.7001481688999149, -0.1757766700613544175 ) ) ;
#1647 = PRODUCT_DEFINITION_CONTEXT ( 'detailed design', #1504, 'design' ) ;
#1648 = CARTESIAN_POINT ( 'NONE',  ( -107.4999999999999858, 140.0000000000000000, -4.999999999999977796 ) ) ;
#1649 = VERTEX_POINT ( 'NONE', #1648 ) ;
#1650 = CARTESIAN_POINT ( 'NONE',  ( -103.0000016341028442, 137.2999376619987970, -0.1751538556671314584 ) ) ;
#1651 = CARTESIAN_POINT ( 'NONE',  ( 88.00000000000001421, 5.000000000000000888, -3.299999999999983391 ) ) ;
#1652 = CARTESIAN_POINT ( 'NONE',  ( 2.699999999999984190, 140.1779676678036424, -102.9646055690983815 ) ) ;
#1653 = ORIENTED_EDGE ( 'NONE', *, *, #162, .T. ) ;
#1654 = DIRECTION ( 'NONE',  ( 0.000000000000000000, -1.000000000000000000, 0.000000000000000000 ) ) ;
#1655 =( LENGTH_UNIT ( ) NAMED_UNIT ( * ) SI_UNIT ( .MILLI., .METRE. ) );
#1656 = EDGE_CURVE ( 'NONE', #1435, #1624, #1129, .T. ) ;
#1657 = EDGE_LOOP ( 'NONE', ( #303, #1049, #272, #1269 ) ) ;
#1658 = CARTESIAN_POINT ( 'NONE',  ( -110.3883022664323192, 139.3447163564946436, 4.967571475771152656 ) ) ;
#1659 = B_SPLINE_CURVE_WITH_KNOTS ( 'NONE', 3,
 ( #1268, #477, #18, #993, #862, #467, #1122, #1521, #600, #1680, #1549, #153, #1001, #1512, #1135, #1672, #1529, #1538 ),
 .UNSPECIFIED., .F., .F.,
 ( 4, 2, 2, 2, 2, 2, 2, 2, 4 ),
 ( 0.004221854736267859759, 0.004749347328336744195, 0.005276839920405629498, 0.005804332512474514802, 0.006331825104543399238, 0.006859317696612283674, 0.007386810288681168110, 0.007914302880750052546, 0.008441795472818936982 ),
 .UNSPECIFIED. ) ;
#1660 = CARTESIAN_POINT ( 'NONE',  ( 102.9650689085419089, 139.6461761014645901, -2.682491736086718870 ) ) ;
#1661 = VERTEX_POINT ( 'NONE', #1463 ) ;
#1662 = CARTESIAN_POINT ( 'NONE',  ( 5.000000000000013323, 140.0000000000000000, 107.4999999999999858 ) ) ;
#1663 = ORIENTED_EDGE ( 'NONE', *, *, #370, .F. ) ;
#1664 = AXIS2_PLACEMENT_3D ( 'NONE', #1021, #1560, #774 ) ;
#1665 = VECTOR ( 'NONE', #1602, 1000.000000000000000 ) ;
#1666 = FACE_OUTER_BOUND ( 'NONE', #580, .T. ) ;
#1667 = DIRECTION ( 'NONE',  ( 0.000000000000000000, 0.000000000000000000, -1.000000000000000000 ) ) ;
#1668 = CARTESIAN_POINT ( 'NONE',  ( -7.317075824769481562E-15, 142.7000000000000171, -103.0000000000000142 ) ) ;
#1669 = CARTESIAN_POINT ( 'NONE',  ( 7.935349060844463004E-24, 137.3000000000000114, -103.0000000000000142 ) ) ;
#1670 = DIRECTION ( 'NONE',  ( -0.000000000000000000, -0.000000000000000000, -1.000000000000000000 ) ) ;
#1671 = ORIENTED_EDGE ( 'NONE', *, *, #490, .F. ) ;
#1672 = CARTESIAN_POINT ( 'NONE',  ( -0.3551054583057088321, 137.3176499650494975, -102.9995330710607959 ) ) ;
#1673 = EDGE_CURVE ( 'NONE', #818, #1093, #250, .T. ) ;
#1674 = EDGE_CURVE ( 'NONE', #63, #652, #550, .T. ) ;
#1675 = CARTESIAN_POINT ( 'NONE',  ( 0.7107252682005114064, 142.6283864498892342, -102.9980594936006923 ) ) ;
#1676 = DIRECTION ( 'NONE',  ( 0.000000000000000000, 0.000000000000000000, 1.000000000000000000 ) ) ;
#1677 = FACE_OUTER_BOUND ( 'NONE', #982, .T. ) ;
#1678 = CARTESIAN_POINT ( 'NONE',  ( 1.697707554126139506E-23, 135.0000000000000000, -110.4999999999999858 ) ) ;
#1679 = ORIENTED_EDGE ( 'NONE', *, *, #1026, .T. ) ;
#1680 = CARTESIAN_POINT ( 'NONE',  ( -1.783306273555122390, 137.9649146756695757, -102.9846381703332270 ) ) ;
#1681 = CARTESIAN_POINT ( 'NONE',  ( -4.331279428740644200, 137.4966198703199325, 110.4151077223192772 ) ) ;
#1682 = ADVANCED_FACE ( 'NONE', ( #1086 ), #1623, .F. ) ;
#1683 = FACE_OUTER_BOUND ( 'NONE', #1557, .T. ) ;
#1684 = AXIS2_PLACEMENT_3D ( 'NONE', #542, #1613, #400 ) ;
#1685 = DIRECTION ( 'NONE',  ( 0.000000000000000000, 0.000000000000000000, -1.000000000000000000 ) ) ;
#1686 = ORIENTED_EDGE ( 'NONE', *, *, #868, .T. ) ;
#1687 = DIRECTION ( 'NONE',  ( 1.000000000000000000, -0.000000000000000000, -2.832769448823989808E-16 ) ) ;
#1688 = FACE_BOUND ( 'NONE', #1121, .T. ) ;
#1689 = CIRCLE ( 'NONE', #5, 3.299999999999997158 ) ;
#1690 = CARTESIAN_POINT ( 'NONE',  ( 4.339698298339618177, 137.4952001428203801, -110.4148996682912838 ) ) ;
#1691 = VECTOR ( 'NONE', #456, 1000.000000000000000 ) ;
#1692 = EDGE_CURVE ( 'NONE', #1565, #652, #591, .T. ) ;
#1693 = LINE ( 'NONE', #368, #1452 ) ;
#1694 = DIRECTION ( 'NONE',  ( -0.000000000000000000, -0.000000000000000000, -1.000000000000000000 ) ) ;
#1695 = LINE ( 'NONE', #1536, #32 ) ;
#1696 = CARTESIAN_POINT ( 'NONE',  ( -1.352800480908679104, 142.3433064025236092, -102.9912203996748161 ) ) ;
#1697 = CARTESIAN_POINT ( 'NONE',  ( 1.353234713651184365E-14, 145.0000000000000284, 110.4999999999999858 ) ) ;
#1698 = CARTESIAN_POINT ( 'NONE',  ( 88.00000000000001421, 5.000000000000000000, 3.299999999999990496 ) ) ;
#1699 = CARTESIAN_POINT ( 'NONE',  ( -4.556923400113410239, 137.9357030784157416, 110.4060160907968822 ) ) ;
#1700 = DIRECTION ( 'NONE',  ( -0.000000000000000000, -1.000000000000000000, -0.000000000000000000 ) ) ;
#1701 = DIRECTION ( 'NONE',  ( -0.000000000000000000, 1.000000000000000000, -0.000000000000000000 ) ) ;
#1702 = CARTESIAN_POINT ( 'NONE',  ( 110.4999999999999858, 140.0000000000000000, -3.469446951953614189E-14 ) ) ;
#1703 = CARTESIAN_POINT ( 'NONE',  ( -0.6990981315081459257, 142.6138533205675856, -102.9977720750390944 ) ) ;
#1704 = EDGE_LOOP ( 'NONE', ( #70, #365, #1168, #45, #1078 ) ) ;
#1705 = CARTESIAN_POINT ( 'NONE',  ( -102.9931915891369272, 142.4273639607298776, 1.195532953734331327 ) ) ;
#1706 = CARTESIAN_POINT ( 'NONE',  ( -1.607621871775247291, 144.7373523074852528, -110.4884167804720789 ) ) ;
#1707 = CARTESIAN_POINT ( 'NONE',  ( 110.3984086553292912, 138.3927336217618347, -4.737471586983686755 ) ) ;
#1708 = CARTESIAN_POINT ( 'NONE',  ( 4.041334437186261072E-16, 5.000000000000000888, -91.29999999999999716 ) ) ;
#1709 = CARTESIAN_POINT ( 'NONE',  ( 1.196950677581691824, 142.4266573336292652, 102.9931748974125014 ) ) ;
#1710 = FACE_OUTER_BOUND ( 'NONE', #1185, .T. ) ;
#1711 = ORIENTED_EDGE ( 'NONE', *, *, #1105, .F. ) ;
#1712 = EDGE_CURVE ( 'NONE', #1649, #140, #144, .T. ) ;
#1713 = CARTESIAN_POINT ( 'NONE',  ( -2.613807280979116410, 140.6996520741528798, 102.9668354658962386 ) ) ;
#1714 = DIRECTION ( 'NONE',  ( 0.000000000000000000, 0.000000000000000000, -1.000000000000000000 ) ) ;
#1715 = DIRECTION ( 'NONE',  ( -1.000000000000000000, 0.000000000000000000, 0.000000000000000000 ) ) ;
#1716 = CLOSED_SHELL ( 'NONE', ( #97, #1762, #816, #1201, #800, #1515, #1459, #12, #286, #1004, #228, #276, #1643, #1266, #278, #664, #1725, #781, #92, #471, #1264, #1200, #156, #704, #287, #695, #1464, #567, #184, #14, #1, #1041, #1064, #1682, #946, #1593, #1377 ) ) ;
#1717 = EDGE_CURVE ( 'NONE', #634, #606, #1480, .T. ) ;
#1718 = AXIS2_PLACEMENT_3D ( 'NONE', #1143, #1384, #315 ) ;
#1719 = DIRECTION ( 'NONE',  ( 0.000000000000000000, 0.000000000000000000, 1.000000000000000000 ) ) ;
#1720 = CIRCLE ( 'NONE', #569, 2.699999999999998845 ) ;
#1721 = CIRCLE ( 'NONE', #422, 5.000000000000004441 ) ;
#1722 = FACE_OUTER_BOUND ( 'NONE', #1287, .T. ) ;
#1723 = ORIENTED_EDGE ( 'NONE', *, *, #615, .F. ) ;
#1724 = CARTESIAN_POINT ( 'NONE',  ( -0.3539034572527939293, 142.6824838716877082, -102.9995366152786431 ) ) ;
#1725 = ADVANCED_FACE ( 'NONE', ( #150, #457 ), #37, .T. ) ;
#1726 = ORIENTED_EDGE ( 'NONE', *, *, #1712, .F. ) ;
#1727 = DIRECTION ( 'NONE',  ( -1.000000000000000000, -0.000000000000000000, 1.836970198721029688E-16 ) ) ;
#1728 = DIRECTION ( 'NONE',  ( -0.000000000000000000, 1.000000000000000000, -0.000000000000000000 ) ) ;
#1729 = DIRECTION ( 'NONE',  ( -0.000000000000000000, -0.000000000000000000, -1.000000000000000000 ) ) ;
#1730 = CARTESIAN_POINT ( 'NONE',  ( 2.147243752816153872, 138.3536228800557808, -102.9776625078117576 ) ) ;
#1731 = CARTESIAN_POINT ( 'NONE',  ( 107.4999999999999858, 140.0000000000000000, 4.999999999999970690 ) ) ;
#1732 = CARTESIAN_POINT ( 'NONE',  ( 0.1779676690867976752, 142.7000000000000171, 103.0000000000000426 ) ) ;
#1733 = ORIENTED_EDGE ( 'NONE', *, *, #506, .T. ) ;
#1734 = DIRECTION ( 'NONE',  ( -0.000000000000000000, 1.000000000000000000, -0.000000000000000000 ) ) ;
#1735 = EDGE_LOOP ( 'NONE', ( #1070, #177, #871, #1653 ) ) ;
#1736 = LINE ( 'NONE', #376, #806 ) ;
#1737 = CARTESIAN_POINT ( 'NONE',  ( 5.000000000000011546, 139.6695178407014453, 110.3868198654168680 ) ) ;
#1738 = EDGE_CURVE ( 'NONE', #1427, #643, #975, .T. ) ;
#1739 = CARTESIAN_POINT ( 'NONE',  ( 110.5000122771128304, 145.0002713242874108, -0.3256465131476923847 ) ) ;
#1740 = CARTESIAN_POINT ( 'NONE',  ( 0.000000000000000000, 5.000000000000000000, 88.00000000000001421 ) ) ;
#1741 = EDGE_LOOP ( 'NONE', ( #1585, #706 ) ) ;
#1742 = FACE_OUTER_BOUND ( 'NONE', #1396, .T. ) ;
#1743 = CARTESIAN_POINT ( 'NONE',  ( -110.4884821641590236, 144.7388747899787802, 1.603100474216272886 ) ) ;
#1744 = ORIENTED_EDGE ( 'NONE', *, *, #311, .T. ) ;
#1745 = CARTESIAN_POINT ( 'NONE',  ( -102.9931847413217270, 137.5729376158018624, 1.195949777397700586 ) ) ;
#1746 = CARTESIAN_POINT ( 'NONE',  ( 110.4928484114375067, 135.1602002986008699, -1.297932034685004288 ) ) ;
#1747 = DIRECTION ( 'NONE',  ( -0.000000000000000000, -1.000000000000000000, -0.000000000000000000 ) ) ;
#1748 = CIRCLE ( 'NONE', #865, 3.299999999999983391 ) ;
#1749 = LINE ( 'NONE', #130, #1665 ) ;
#1750 = AXIS2_PLACEMENT_3D ( 'NONE', #729, #304, #1676 ) ;
#1751 = CARTESIAN_POINT ( 'NONE',  ( -110.4720203140623340, 144.3416590808919295, 2.501312839944485056 ) ) ;
#1752 = ORIENTED_EDGE ( 'NONE', *, *, #1556, .F. ) ;
#1753 = CARTESIAN_POINT ( 'NONE',  ( -102.9714301249816941, 138.8032577758616242, -2.426761804395527466 ) ) ;
#1754 = CARTESIAN_POINT ( 'NONE',  ( -110.4183934828902096, 137.3561510549305353, -4.246950378699145823 ) ) ;
#1755 = CARTESIAN_POINT ( 'NONE',  ( 2.504779603624791573, 135.6601566582569092, 110.4719461851487949 ) ) ;
#1756 = LINE ( 'NONE', #1600, #327 ) ;
#1757 = DIRECTION ( 'NONE',  ( 0.000000000000000000, 0.000000000000000000, 1.000000000000000000 ) ) ;
#1758 = CARTESIAN_POINT ( 'NONE',  ( -110.4583822817404695, 143.9795662581758506, 3.044605375865780950 ) ) ;
#1759 = ORIENTED_EDGE ( 'NONE', *, *, #588, .T. ) ;
#1760 = SURFACE_STYLE_USAGE ( .BOTH. , #1495 ) ;
#1761 = CARTESIAN_POINT ( 'NONE',  ( 107.4999999999999858, 140.0000000000000000, -5.000000000000038192 ) ) ;
#1762 = ADVANCED_FACE ( 'NONE', ( #1677 ), #438, .F. ) ;
#1763 = CARTESIAN_POINT ( 'NONE',  ( 110.3939925520973162, 138.7014521802055924, 4.839473236333908801 ) ) ;
#1764 = CARTESIAN_POINT ( 'NONE',  ( 110.3982630562916398, 141.6176764290904657, -4.742272574256894302 ) ) ;
#1765 = ORIENTED_EDGE ( 'NONE', *, *, #541, .F. ) ;
#1766 = CARTESIAN_POINT ( 'NONE',  ( 102.9977613489266304, 142.6134319590989890, 0.7006671357806257827 ) ) ;
#1767 = CARTESIAN_POINT ( 'NONE',  ( -110.3883024502948871, 140.6571944426073912, 4.967582351218522874 ) ) ;
#1768 = ORIENTED_EDGE ( 'NONE', *, *, #380, .T. ) ;
#1769 = FILL_AREA_STYLE ('',( #412 ) ) ;
#1770 = CARTESIAN_POINT ( 'NONE',  ( -110.3883148334307549, 139.3422108146209553, -4.967297155705856504 ) ) ;
#1771 = CARTESIAN_POINT ( 'NONE',  ( -2.643313243836464821, 135.7527175785679674, -110.4684626092511479 ) ) ;
ENDSEC;
END-ISO-10303-21;
