ISO-10303-21;
HEADER;
FILE_DESCRIPTION (( 'STEP AP214' ),
    '1' );
FILE_NAME ('ELP-0023.STEP',
    '2026-04-25T09:59:33',
    ( '' ),
    ( '' ),
    'SwSTEP 2.0',
    'SolidWorks 2024',
    '' );
FILE_SCHEMA (( 'AUTOMOTIVE_DESIGN' ));
ENDSEC;

DATA;
#1 = FACE_OUTER_BOUND ( 'NONE', #568, .T. ) ;
#2 = ORIENTED_EDGE ( 'NONE', *, *, #221, .F. ) ;
#3 = CARTESIAN_POINT ( 'NONE',  ( 16.00000000000000000, 110.0000000000000000, -2.000000000000002665 ) ) ;
#4 = ORIENTED_EDGE ( 'NONE', *, *, #919, .F. ) ;
#5 = FACE_OUTER_BOUND ( 'NONE', #292, .T. ) ;
#6 = ORIENTED_EDGE ( 'NONE', *, *, #375, .T. ) ;
#7 = CARTESIAN_POINT ( 'NONE',  ( 1.999999999999999112, 135.0000000000000000, -23.50000000000000000 ) ) ;
#8 = VERTEX_POINT ( 'NONE', #21 ) ;
#9 = FACE_OUTER_BOUND ( 'NONE', #107, .T. ) ;
#10 = ORIENTED_EDGE ( 'NONE', *, *, #503, .T. ) ;
#11 = EDGE_CURVE ( 'NONE', #305, #661, #1231, .T. ) ;
#12 = DIRECTION ( 'NONE',  ( 0.000000000000000000, 0.000000000000000000, -1.000000000000000000 ) ) ;
#13 = VECTOR ( 'NONE', #336, 1000.000000000000000 ) ;
#14 = ORIENTED_EDGE ( 'NONE', *, *, #221, .T. ) ;
#15 = CARTESIAN_POINT ( 'NONE',  ( 5.999999999999999112, 155.0000000000000000, -27.50000000000000355 ) ) ;
#16 = CIRCLE ( 'NONE', #1317, 2.250000000000001776 ) ;
#17 = STYLED_ITEM ( 'NONE', ( #1285 ), #1258 ) ;
#18 = FACE_OUTER_BOUND ( 'NONE', #807, .T. ) ;
#19 = ORIENTED_EDGE ( 'NONE', *, *, #89, .F. ) ;
#20 = CARTESIAN_POINT ( 'NONE',  ( 6.000000000000000000, 90.00000000000000000, -14.00000000000000000 ) ) ;
#21 = CARTESIAN_POINT ( 'NONE',  ( 7.999999999999998224, 235.0000000000000000, -6.000000000000004441 ) ) ;
#22 = CARTESIAN_POINT ( 'NONE',  ( 5.999999999999999112, 175.0000000000000000, -19.49999999999999645 ) ) ;
#23 = PLANE ( 'NONE',  #320 ) ;
#24 = ORIENTED_EDGE ( 'NONE', *, *, #428, .F. ) ;
#25 = CARTESIAN_POINT ( 'NONE',  ( 5.000000000000000000, 0.000000000000000000, -4.999999999999997335 ) ) ;
#26 = ORIENTED_EDGE ( 'NONE', *, *, #647, .T. ) ;
#27 = EDGE_CURVE ( 'NONE', #632, #328, #1405, .T. ) ;
#28 = CARTESIAN_POINT ( 'NONE',  ( 6.000000000000000000, 83.99999999999998579, -8.000000000000003553 ) ) ;
#29 = EDGE_CURVE ( 'NONE', #525, #310, #453, .T. ) ;
#30 = CARTESIAN_POINT ( 'NONE',  ( -6.177022107025522602E-15, 175.0000000000000000, -25.75000000000000355 ) ) ;
#31 = EDGE_LOOP ( 'NONE', ( #763, #1078, #239, #79 ) ) ;
#32 = CARTESIAN_POINT ( 'NONE',  ( 5.999999999999999112, 155.0000000000000000, -27.50000000000000355 ) ) ;
#33 = DIRECTION ( 'NONE',  ( -1.000000000000000000, 0.000000000000000000, -5.204170427930421283E-16 ) ) ;
#34 = CARTESIAN_POINT ( 'NONE',  ( 5.999999999999999112, 135.0000000000000000, -23.50000000000000000 ) ) ;
#35 = CIRCLE ( 'NONE', #834, 2.249999999999991562 ) ;
#36 = CARTESIAN_POINT ( 'NONE',  ( 3.700743415417195042E-16, 235.0000000000000000, -4.999999999999997335 ) ) ;
#37 = CIRCLE ( 'NONE', #1224, 3.000000000000000888 ) ;
#38 = CARTESIAN_POINT ( 'NONE',  ( 3.700743415417193070E-16, 0.000000000000000000, -4.999999999999997335 ) ) ;
#39 = CIRCLE ( 'NONE', #1021, 4.000000000000003553 ) ;
#40 = EDGE_CURVE ( 'NONE', #393, #967, #1138, .T. ) ;
#41 = VECTOR ( 'NONE', #1259, 1000.000000000000000 ) ;
#42 = EDGE_LOOP ( 'NONE', ( #96, #229 ) ) ;
#43 = FACE_OUTER_BOUND ( 'NONE', #809, .T. ) ;
#44 = FACE_OUTER_BOUND ( 'NONE', #87, .T. ) ;
#45 = CYLINDRICAL_SURFACE ( 'NONE', #298, 2.250000000000001776 ) ;
#46 = CARTESIAN_POINT ( 'NONE',  ( 9.999999999999998224, 7.000000000000000000, 16.99999999999999645 ) ) ;
#47 = CARTESIAN_POINT ( 'NONE',  ( 5.999999999999999112, 175.0000000000000000, -27.50000000000000355 ) ) ;
#48 = ORIENTED_EDGE ( 'NONE', *, *, #230, .F. ) ;
#49 = DIRECTION ( 'NONE',  ( 1.611602387391754722E-51, 1.000000000000000000, 3.437394441204422654E-35 ) ) ;
#50 = DIRECTION ( 'NONE',  ( -1.000000000000000000, -0.000000000000000000, -0.000000000000000000 ) ) ;
#51 = DIRECTION ( 'NONE',  ( 1.000000000000000000, -0.000000000000000000, 7.401486830834377758E-17 ) ) ;
#52 = DIRECTION ( 'NONE',  ( 1.000000000000000000, -0.000000000000000000, -4.688441826964345531E-17 ) ) ;
#53 = ORIENTED_EDGE ( 'NONE', *, *, #1084, .F. ) ;
#54 = DIRECTION ( 'NONE',  ( 1.000000000000000000, 6.102289674358180136E-19, 5.632958487120583153E-17 ) ) ;
#55 = EDGE_CURVE ( 'NONE', #379, #981, #853, .T. ) ;
#56 = CARTESIAN_POINT ( 'NONE',  ( 31.00000000000000000, 125.0000000000000000, 9.000000000000001776 ) ) ;
#57 = ORIENTED_EDGE ( 'NONE', *, *, #95, .T. ) ;
#58 = AXIS2_PLACEMENT_3D ( 'NONE', #1013, #352, #690 ) ;
#59 = FACE_BOUND ( 'NONE', #382, .T. ) ;
#60 = EDGE_LOOP ( 'NONE', ( #285, #398 ) ) ;
#61 = AXIS2_PLACEMENT_3D ( 'NONE', #699, #139, #993 ) ;
#62 = PLANE ( 'NONE',  #556 ) ;
#63 = AXIS2_PLACEMENT_3D ( 'NONE', #56, #1274, #1366 ) ;
#64 = DIRECTION ( 'NONE',  ( 0.7071067811865500152, -0.000000000000000000, 0.7071067811865450192 ) ) ;
#65 = EDGE_LOOP ( 'NONE', ( #520, #978, #893, #830 ) ) ;
#66 = FACE_OUTER_BOUND ( 'NONE', #638, .T. ) ;
#67 = ORIENTED_EDGE ( 'NONE', *, *, #1130, .T. ) ;
#68 = DIRECTION ( 'NONE',  ( 0.000000000000000000, 0.000000000000000000, 1.000000000000000000 ) ) ;
#69 = CARTESIAN_POINT ( 'NONE',  ( 1.999999999999999112, 175.0000000000000000, -19.49999999999999645 ) ) ;
#70 = ADVANCED_FACE ( 'NONE', ( #249 ), #45, .F. ) ;
#71 = ORIENTED_EDGE ( 'NONE', *, *, #938, .F. ) ;
#72 = CARTESIAN_POINT ( 'NONE',  ( 16.00000000000000000, 110.0000000000000000, 9.000000000000001776 ) ) ;
#73 = ADVANCED_FACE ( 'NONE', ( #921, #793 ), #813, .F. ) ;
#74 = ORIENTED_EDGE ( 'NONE', *, *, #623, .T. ) ;
#75 = DIRECTION ( 'NONE',  ( -1.000000000000000000, -0.000000000000000000, -7.401486830834377758E-17 ) ) ;
#76 = LINE ( 'NONE', #263, #563 ) ;
#77 = EDGE_LOOP ( 'NONE', ( #465, #1414, #10, #648 ) ) ;
#78 = LINE ( 'NONE', #824, #633 ) ;
#79 = ORIENTED_EDGE ( 'NONE', *, *, #40, .F. ) ;
#80 = CARTESIAN_POINT ( 'NONE',  ( 10.00000000000000000, 235.0000000000000000, 22.00000000000000000 ) ) ;
#81 = VECTOR ( 'NONE', #1089, 1000.000000000000000 ) ;
#82 = CIRCLE ( 'NONE', #746, 2.249999999999991562 ) ;
#83 = CIRCLE ( 'NONE', #396, 2.250000000000001776 ) ;
#84 = CARTESIAN_POINT ( 'NONE',  ( 10.00000000000000000, 0.000000000000000000, 4.302114220422483961E-15 ) ) ;
#85 = VERTEX_POINT ( 'NONE', #1104 ) ;
#86 = LINE ( 'NONE', #1282, #902 ) ;
#87 = EDGE_LOOP ( 'NONE', ( #1281, #1356, #1256, #1147, #1301 ) ) ;
#88 = CARTESIAN_POINT ( 'NONE',  ( -5.966042224812127059E-15, 155.0000000000000000, -21.24999999999999645 ) ) ;
#89 = EDGE_CURVE ( 'NONE', #442, #845, #1121, .T. ) ;
#90 = FILL_AREA_STYLE ('',( #211 ) ) ;
#91 = ORIENTED_EDGE ( 'NONE', *, *, #1244, .F. ) ;
#92 = CARTESIAN_POINT ( 'NONE',  ( 16.00000000000000000, 110.0000000000000000, 9.000000000000000000 ) ) ;
#93 = ORIENTED_EDGE ( 'NONE', *, *, #516, .F. ) ;
#94 = DIRECTION ( 'NONE',  ( 4.688441826964345531E-17, 0.000000000000000000, 1.000000000000000000 ) ) ;
#95 = EDGE_CURVE ( 'NONE', #845, #661, #1000, .T. ) ;
#96 = ORIENTED_EDGE ( 'NONE', *, *, #27, .T. ) ;
#97 = DIRECTION ( 'NONE',  ( 1.000000000000000000, -0.000000000000000000, -4.688441826964345531E-17 ) ) ;
#98 = ORIENTED_EDGE ( 'NONE', *, *, #1041, .T. ) ;
#99 = DIRECTION ( 'NONE',  ( 0.000000000000000000, 0.000000000000000000, -1.000000000000000000 ) ) ;
#100 = CLOSED_SHELL ( 'NONE', ( #754, #818, #527, #422, #321, #198, #1311, #129, #435, #1300, #691, #920, #833, #387, #771, #799, #1149, #1297, #178, #340, #145, #70, #514, #541, #542, #73, #138, #682, #560, #1341, #873, #1368, #493, #1338, #257, #1094, #1140, #1029, #530, #1401, #1216, #297, #891, #271 ) ) ;
#101 = AXIS2_PLACEMENT_3D ( 'NONE', #1052, #844, #958 ) ;
#102 = VECTOR ( 'NONE', #111, 1000.000000000000000 ) ;
#103 =( NAMED_UNIT ( * ) PLANE_ANGLE_UNIT ( ) SI_UNIT ( $, .RADIAN. ) );
#104 = VECTOR ( 'NONE', #143, 1000.000000000000000 ) ;
#105 = ORIENTED_EDGE ( 'NONE', *, *, #364, .T. ) ;
#106 = DIRECTION ( 'NONE',  ( 0.000000000000000000, 0.000000000000000000, -1.000000000000000000 ) ) ;
#107 = EDGE_LOOP ( 'NONE', ( #376, #728, #132, #1087 ) ) ;
#108 = CARTESIAN_POINT ( 'NONE',  ( 31.00000000000000000, 110.0000000000000000, 5.999999999999998224 ) ) ;
#109 = CYLINDRICAL_SURFACE ( 'NONE', #1409, 2.250000000000001776 ) ;
#110 = VERTEX_POINT ( 'NONE', #685 ) ;
#111 = DIRECTION ( 'NONE',  ( 1.000000000000000000, -0.000000000000000000, -4.688441826964345531E-17 ) ) ;
#112 = VERTEX_POINT ( 'NONE', #460 ) ;
#113 = LINE ( 'NONE', #968, #787 ) ;
#114 = EDGE_CURVE ( 'NONE', #661, #196, #907, .T. ) ;
#115 = ORIENTED_EDGE ( 'NONE', *, *, #1305, .F. ) ;
#116 = CARTESIAN_POINT ( 'NONE',  ( 1.999999999999999112, 175.0000000000000000, -23.50000000000000000 ) ) ;
#117 = EDGE_LOOP ( 'NONE', ( #344, #287, #839, #274 ) ) ;
#118 = DIRECTION ( 'NONE',  ( 1.000000000000000000, -0.000000000000000000, -4.688441826964345531E-17 ) ) ;
#119 = DIRECTION ( 'NONE',  ( 1.000000000000000000, -0.000000000000000000, -4.688441826964345531E-17 ) ) ;
#120 = ORIENTED_EDGE ( 'NONE', *, *, #1044, .F. ) ;
#121 = AXIS2_PLACEMENT_3D ( 'NONE', #342, #1229, #1354 ) ;
#122 = AXIS2_PLACEMENT_3D ( 'NONE', #1391, #1289, #1097 ) ;
#123 = CARTESIAN_POINT ( 'NONE',  ( 16.00000000000000000, 0.000000000000000000, -2.000000000000002665 ) ) ;
#124 = AXIS2_PLACEMENT_3D ( 'NONE', #152, #52, #477 ) ;
#125 = CARTESIAN_POINT ( 'NONE',  ( 16.00000000000000711, 90.00000000000000000, -43.00000000000000000 ) ) ;
#126 = VECTOR ( 'NONE', #332, 1000.000000000000000 ) ;
#127 = AXIS2_PLACEMENT_3D ( 'NONE', #676, #130, #1005 ) ;
#128 = FACE_OUTER_BOUND ( 'NONE', #523, .T. ) ;
#129 = ADVANCED_FACE ( 'NONE', ( #1343 ), #574, .F. ) ;
#130 = DIRECTION ( 'NONE',  ( -7.401486830834377758E-17, 0.000000000000000000, 1.000000000000000000 ) ) ;
#131 = EDGE_CURVE ( 'NONE', #886, #750, #650, .T. ) ;
#132 = ORIENTED_EDGE ( 'NONE', *, *, #889, .T. ) ;
#133 = CARTESIAN_POINT ( 'NONE',  ( 12.00000000000000000, 235.0000000000000000, -2.000000000000003109 ) ) ;
#134 = CARTESIAN_POINT ( 'NONE',  ( -6.071532165918824830E-15, 135.0000000000000000, -23.50000000000000000 ) ) ;
#135 = LINE ( 'NONE', #1011, #716 ) ;
#136 = CARTESIAN_POINT ( 'NONE',  ( 8.000000000000000000, 235.0000000000000000, -8.000000000000003553 ) ) ;
#137 = CARTESIAN_POINT ( 'NONE',  ( 16.00000000000000000, 0.000000000000000000, -2.000000000000002665 ) ) ;
#138 = ADVANCED_FACE ( 'NONE', ( #499 ), #283, .F. ) ;
#139 = DIRECTION ( 'NONE',  ( -1.000000000000000000, -0.000000000000000000, -7.401486830834377758E-17 ) ) ;
#140 = CARTESIAN_POINT ( 'NONE',  ( 12.00000000000000000, 0.000000000000000000, -2.000000000000003109 ) ) ;
#141 = VERTEX_POINT ( 'NONE', #918 ) ;
#142 = LINE ( 'NONE', #373, #255 ) ;
#143 = DIRECTION ( 'NONE',  ( 1.000000000000000000, -0.000000000000000000, -4.688441826964345531E-17 ) ) ;
#144 = DIRECTION ( 'NONE',  ( -1.000000000000000000, -0.000000000000000000, -0.000000000000000000 ) ) ;
#145 = ADVANCED_FACE ( 'NONE', ( #43 ), #149, .F. ) ;
#146 = DIRECTION ( 'NONE',  ( 0.000000000000000000, 0.000000000000000000, -1.000000000000000000 ) ) ;
#147 = CIRCLE ( 'NONE', #949, 4.000000000000003553 ) ;
#148 = VERTEX_POINT ( 'NONE', #457 ) ;
#149 = PLANE ( 'NONE',  #1358 ) ;
#150 = EDGE_LOOP ( 'NONE', ( #439, #936, #1072, #494 ) ) ;
#151 = CARTESIAN_POINT ( 'NONE',  ( 9.999999999999998224, 7.000000000000000000, 6.999999999999997335 ) ) ;
#152 = CARTESIAN_POINT ( 'NONE',  ( 1.999999999999999112, 175.0000000000000000, -23.50000000000000000 ) ) ;
#153 = EDGE_LOOP ( 'NONE', ( #1403, #603, #991, #501 ) ) ;
#154 = CARTESIAN_POINT ( 'NONE',  ( 5.999999999999999112, 155.0000000000000000, -23.50000000000000000 ) ) ;
#155 = EDGE_CURVE ( 'NONE', #141, #942, #142, .T. ) ;
#156 = DIRECTION ( 'NONE',  ( -7.401486830834377758E-17, 0.000000000000000000, 1.000000000000000000 ) ) ;
#157 = CARTESIAN_POINT ( 'NONE',  ( 1.000000000000000888, 117.5000000000000000, 13.00000000000000000 ) ) ;
#158 = VERTEX_POINT ( 'NONE', #1118 ) ;
#159 = CARTESIAN_POINT ( 'NONE',  ( 23.99999999999997868, 125.0000000000000000, 5.999999999999997335 ) ) ;
#160 = LINE ( 'NONE', #273, #817 ) ;
#161 = EDGE_LOOP ( 'NONE', ( #740, #504, #172, #1298 ) ) ;
#162 = AXIS2_PLACEMENT_3D ( 'NONE', #25, #810, #450 ) ;
#163 = CARTESIAN_POINT ( 'NONE',  ( 10.00000000000000000, 117.5000000000000000, 16.00000000000000000 ) ) ;
#164 = AXIS2_PLACEMENT_3D ( 'NONE', #421, #197, #989 ) ;
#165 = VERTEX_POINT ( 'NONE', #593 ) ;
#166 = VECTOR ( 'NONE', #295, 1000.000000000000000 ) ;
#167 = CARTESIAN_POINT ( 'NONE',  ( 16.00000000000000000, 235.0000000000000000, -6.000000000000000000 ) ) ;
#168 = VECTOR ( 'NONE', #985, 1000.000000000000000 ) ;
#169 = EDGE_CURVE ( 'NONE', #328, #632, #275, .T. ) ;
#170 = DIRECTION ( 'NONE',  ( 0.000000000000000000, 0.000000000000000000, -1.000000000000000000 ) ) ;
#171 = EDGE_CURVE ( 'NONE', #1050, #992, #262, .T. ) ;
#172 = ORIENTED_EDGE ( 'NONE', *, *, #1398, .T. ) ;
#173 = FACE_OUTER_BOUND ( 'NONE', #1286, .T. ) ;
#174 = ORIENTED_EDGE ( 'NONE', *, *, #1323, .T. ) ;
#175 = DIRECTION ( 'NONE',  ( -7.401486830834378990E-17, -1.476360405086644618E-17, 1.000000000000000000 ) ) ;
#176 = DIRECTION ( 'NONE',  ( 1.000000000000000000, -0.000000000000000000, -4.688441826964345531E-17 ) ) ;
#177 = CARTESIAN_POINT ( 'NONE',  ( 10.00000000000000000, 0.000000000000000000, 2.000000000000002665 ) ) ;
#178 = ADVANCED_FACE ( 'NONE', ( #704 ), #479, .F. ) ;
#179 = VERTEX_POINT ( 'NONE', #248 ) ;
#180 = EDGE_CURVE ( 'NONE', #182, #992, #1257, .T. ) ;
#181 = CARTESIAN_POINT ( 'NONE',  ( 1.999999999999999112, 175.0000000000000000, -23.50000000000000000 ) ) ;
#182 = VERTEX_POINT ( 'NONE', #917 ) ;
#183 = DIRECTION ( 'NONE',  ( -1.000000000000000000, -0.000000000000000000, -7.401486830834377758E-17 ) ) ;
#184 = LINE ( 'NONE', #84, #438 ) ;
#185 = ORIENTED_EDGE ( 'NONE', *, *, #1158, .T. ) ;
#186 = FACE_BOUND ( 'NONE', #761, .T. ) ;
#187 = EDGE_CURVE ( 'NONE', #533, #305, #135, .T. ) ;
#188 = ORIENTED_EDGE ( 'NONE', *, *, #631, .F. ) ;
#189 = DIRECTION ( 'NONE',  ( 0.000000000000000000, 0.000000000000000000, -1.000000000000000000 ) ) ;
#190 = AXIS2_PLACEMENT_3D ( 'NONE', #1165, #176, #626 ) ;
#191 = CIRCLE ( 'NONE', #1362, 2.250000000000001776 ) ;
#192 = CIRCLE ( 'NONE', #719, 2.250000000000001776 ) ;
#193 =( NAMED_UNIT ( * ) SI_UNIT ( $, .STERADIAN. ) SOLID_ANGLE_UNIT ( ) );
#194 = EDGE_LOOP ( 'NONE', ( #389, #1350, #420, #642 ) ) ;
#195 = CYLINDRICAL_SURFACE ( 'NONE', #814, 3.000000000000000888 ) ;
#196 = VERTEX_POINT ( 'NONE', #266 ) ;
#197 = DIRECTION ( 'NONE',  ( 1.000000000000000000, -0.000000000000000000, -4.688441826964345531E-17 ) ) ;
#198 = ADVANCED_FACE ( 'NONE', ( #1340 ), #1250, .F. ) ;
#199 = CYLINDRICAL_SURFACE ( 'NONE', #1159, 5.000000000000000000 ) ;
#200 = ORIENTED_EDGE ( 'NONE', *, *, #857, .T. ) ;
#201 = DIRECTION ( 'NONE',  ( -7.401486830834377758E-17, 0.000000000000000000, 1.000000000000000000 ) ) ;
#202 = EDGE_LOOP ( 'NONE', ( #325, #478 ) ) ;
#203 = LINE ( 'NONE', #1102, #233 ) ;
#204 = ORIENTED_EDGE ( 'NONE', *, *, #1070, .T. ) ;
#205 = PLANE ( 'NONE',  #904 ) ;
#206 = VERTEX_POINT ( 'NONE', #32 ) ;
#207 = LINE ( 'NONE', #773, #459 ) ;
#208 = CIRCLE ( 'NONE', #1382, 3.000000000000002665 ) ;
#209 = VECTOR ( 'NONE', #723, 1000.000000000000000 ) ;
#210 = AXIS2_PLACEMENT_3D ( 'NONE', #678, #353, #1223 ) ;
#211 = FILL_AREA_STYLE_COLOUR ( '', #675 ) ;
#212 = AXIS2_PLACEMENT_3D ( 'NONE', #620, #705, #718 ) ;
#213 = VERTEX_POINT ( 'NONE', #709 ) ;
#214 = EDGE_CURVE ( 'NONE', #141, #1353, #671, .T. ) ;
#215 = DIRECTION ( 'NONE',  ( 0.000000000000000000, 0.000000000000000000, -1.000000000000000000 ) ) ;
#216 = EDGE_LOOP ( 'NONE', ( #774, #424, #1388, #26 ) ) ;
#217 = DIRECTION ( 'NONE',  ( 1.000000000000000000, -0.000000000000000000, -4.688441826964345531E-17 ) ) ;
#218 = DIRECTION ( 'NONE',  ( -8.195446571860579663E-34, 1.000000000000000000, 1.476360405086644618E-17 ) ) ;
#219 = ORIENTED_EDGE ( 'NONE', *, *, #710, .F. ) ;
#220 = DIRECTION ( 'NONE',  ( 7.401486830834378990E-17, 0.000000000000000000, -1.000000000000000000 ) ) ;
#221 = EDGE_CURVE ( 'NONE', #213, #672, #606, .T. ) ;
#222 = DIRECTION ( 'NONE',  ( 0.000000000000000000, -1.000000000000000000, 0.000000000000000000 ) ) ;
#223 = APPLICATION_CONTEXT ( 'automotive_design' ) ;
#224 = EDGE_LOOP ( 'NONE', ( #71, #860, #234, #307 ) ) ;
#225 = ORIENTED_EDGE ( 'NONE', *, *, #171, .T. ) ;
#226 = FACE_OUTER_BOUND ( 'NONE', #153, .T. ) ;
#227 = CARTESIAN_POINT ( 'NONE',  ( 16.00000000000000000, 125.0000000000000000, -2.000000000000002665 ) ) ;
#228 = EDGE_CURVE ( 'NONE', #85, #783, #1135, .T. ) ;
#229 = ORIENTED_EDGE ( 'NONE', *, *, #169, .T. ) ;
#230 = EDGE_CURVE ( 'NONE', #589, #165, #1082, .T. ) ;
#231 = AXIS2_PLACEMENT_3D ( 'NONE', #253, #894, #1034 ) ;
#232 = CARTESIAN_POINT ( 'NONE',  ( 16.00000000000000000, 0.000000000000000000, -6.000000000000000000 ) ) ;
#233 = VECTOR ( 'NONE', #753, 1000.000000000000000 ) ;
#234 = ORIENTED_EDGE ( 'NONE', *, *, #419, .T. ) ;
#235 = VECTOR ( 'NONE', #1232, 1000.000000000000000 ) ;
#236 = DIRECTION ( 'NONE',  ( 1.000000000000000000, 0.000000000000000000, 4.302114220422484552E-16 ) ) ;
#237 = AXIS2_PLACEMENT_3D ( 'NONE', #769, #309, #315 ) ;
#238 = DIRECTION ( 'NONE',  ( 4.688441826964345531E-17, 0.000000000000000000, 1.000000000000000000 ) ) ;
#239 = ORIENTED_EDGE ( 'NONE', *, *, #1280, .T. ) ;
#240 = DIRECTION ( 'NONE',  ( -0.000000000000000000, -1.000000000000000000, -0.000000000000000000 ) ) ;
#241 = EDGE_CURVE ( 'NONE', #411, #1167, #1028, .T. ) ;
#242 = SHAPE_DEFINITION_REPRESENTATION ( #1290, #451 ) ;
#243 = CARTESIAN_POINT ( 'NONE',  ( 16.00000000000000000, 125.0000000000000000, 9.000000000000000000 ) ) ;
#244 = FACE_OUTER_BOUND ( 'NONE', #1266, .T. ) ;
#245 = ORIENTED_EDGE ( 'NONE', *, *, #1238, .F. ) ;
#246 = DIRECTION ( 'NONE',  ( 0.000000000000000000, 0.000000000000000000, -1.000000000000000000 ) ) ;
#247 = ORIENTED_EDGE ( 'NONE', *, *, #474, .T. ) ;
#248 = CARTESIAN_POINT ( 'NONE',  ( 1.999999999999999112, 155.0000000000000000, -21.24999999999999645 ) ) ;
#249 = FACE_OUTER_BOUND ( 'NONE', #1100, .T. ) ;
#250 = DIRECTION ( 'NONE',  ( 1.000000000000000000, -0.000000000000000000, -4.688441826964345531E-17 ) ) ;
#251 = DIRECTION ( 'NONE',  ( 0.000000000000000000, 1.000000000000000000, 0.000000000000000000 ) ) ;
#252 = ORIENTED_EDGE ( 'NONE', *, *, #1349, .F. ) ;
#253 = CARTESIAN_POINT ( 'NONE',  ( -6.071532165918824830E-15, 155.0000000000000000, -23.50000000000000000 ) ) ;
#254 = ORIENTED_EDGE ( 'NONE', *, *, #516, .T. ) ;
#255 = VECTOR ( 'NONE', #466, 1000.000000000000000 ) ;
#256 = LINE ( 'NONE', #1106, #303 ) ;
#257 = ADVANCED_FACE ( 'NONE', ( #473 ), #911, .F. ) ;
#258 = LINE ( 'NONE', #892, #1019 ) ;
#259 = CIRCLE ( 'NONE', #1407, 4.000000000000003553 ) ;
#260 = CIRCLE ( 'NONE', #1066, 4.000000000000003553 ) ;
#261 = ORIENTED_EDGE ( 'NONE', *, *, #1191, .F. ) ;
#262 = LINE ( 'NONE', #572, #1334 ) ;
#263 = CARTESIAN_POINT ( 'NONE',  ( 16.00000000000000355, 235.0000000000000000, -43.00000000000000000 ) ) ;
#264 = CARTESIAN_POINT ( 'NONE',  ( 5.999999999999999112, 135.0000000000000000, -27.50000000000000355 ) ) ;
#265 = ORIENTED_EDGE ( 'NONE', *, *, #605, .T. ) ;
#266 = CARTESIAN_POINT ( 'NONE',  ( 16.00000000000000000, 125.0000000000000000, 9.000000000000000000 ) ) ;
#267 = CARTESIAN_POINT ( 'NONE',  ( 1.000000000000001110, 117.5000000000000000, 9.999999999999998224 ) ) ;
#268 = ORIENTED_EDGE ( 'NONE', *, *, #11, .T. ) ;
#269 = DIRECTION ( 'NONE',  ( 1.000000000000000000, -0.000000000000000000, -4.688441826964345531E-17 ) ) ;
#270 = ORIENTED_EDGE ( 'NONE', *, *, #857, .F. ) ;
#271 = ADVANCED_FACE ( 'NONE', ( #581 ), #1020, .T. ) ;
#272 = DIRECTION ( 'NONE',  ( -1.000000000000000000, -0.000000000000000000, -7.401486830834377758E-17 ) ) ;
#273 = CARTESIAN_POINT ( 'NONE',  ( 5.999999999999998224, 235.0000000000000000, -43.00000000000000000 ) ) ;
#274 = ORIENTED_EDGE ( 'NONE', *, *, #1007, .F. ) ;
#275 = CIRCLE ( 'NONE', #231, 2.250000000000001776 ) ;
#276 = CARTESIAN_POINT ( 'NONE',  ( 7.703719777548943412E-31, 0.000000000000000000, 5.701898048196684693E-47 ) ) ;
#277 = AXIS2_PLACEMENT_3D ( 'NONE', #960, #272, #731 ) ;
#278 = EDGE_LOOP ( 'NONE', ( #404, #1038 ) ) ;
#279 = VECTOR ( 'NONE', #884, 1000.000000000000000 ) ;
#280 = PLANE ( 'NONE',  #1060 ) ;
#281 = EDGE_CURVE ( 'NONE', #472, #400, #35, .T. ) ;
#282 = EDGE_CURVE ( 'NONE', #1133, #869, #208, .T. ) ;
#283 = CYLINDRICAL_SURFACE ( 'NONE', #190, 4.000000000000003553 ) ;
#284 = DIRECTION ( 'NONE',  ( 4.688441826964345531E-17, 0.000000000000000000, 1.000000000000000000 ) ) ;
#285 = ORIENTED_EDGE ( 'NONE', *, *, #598, .F. ) ;
#286 = DIRECTION ( 'NONE',  ( 1.000000000000000000, -0.000000000000000000, -4.688441826964345531E-17 ) ) ;
#287 = ORIENTED_EDGE ( 'NONE', *, *, #1236, .T. ) ;
#288 = CARTESIAN_POINT ( 'NONE',  ( 16.00000000000000000, 117.5000000000000000, 13.00000000000000178 ) ) ;
#289 = FACE_OUTER_BOUND ( 'NONE', #349, .T. ) ;
#290 = ORIENTED_EDGE ( 'NONE', *, *, #446, .T. ) ;
#291 = CARTESIAN_POINT ( 'NONE',  ( 10.00000000000000000, 7.000000000000000000, 14.75000000000001954 ) ) ;
#292 = EDGE_LOOP ( 'NONE', ( #417, #805, #539, #1367, #247 ) ) ;
#293 = CARTESIAN_POINT ( 'NONE',  ( 16.00000000000000000, 7.000000000000000000, 16.99999999999999645 ) ) ;
#294 = ORIENTED_EDGE ( 'NONE', *, *, #1174, .T. ) ;
#295 = DIRECTION ( 'NONE',  ( 1.000000000000000000, 0.000000000000000000, 4.302114220422484552E-16 ) ) ;
#296 = EDGE_CURVE ( 'NONE', #553, #651, #1397, .T. ) ;
#297 = ADVANCED_FACE ( 'NONE', ( #1381 ), #280, .F. ) ;
#298 = AXIS2_PLACEMENT_3D ( 'NONE', #34, #1239, #475 ) ;
#299 = ORIENTED_EDGE ( 'NONE', *, *, #480, .T. ) ;
#300 = DIRECTION ( 'NONE',  ( 0.000000000000000000, 0.000000000000000000, -1.000000000000000000 ) ) ;
#301 = CIRCLE ( 'NONE', #1107, 4.000000000000003553 ) ;
#302 = VECTOR ( 'NONE', #1093, 1000.000000000000000 ) ;
#303 = VECTOR ( 'NONE', #1328, 1000.000000000000000 ) ;
#304 = DIRECTION ( 'NONE',  ( 1.000000000000000000, -0.000000000000000000, -4.688441826964345531E-17 ) ) ;
#305 = VERTEX_POINT ( 'NONE', #159 ) ;
#306 = DIRECTION ( 'NONE',  ( 0.000000000000000000, 0.000000000000000000, -1.000000000000000000 ) ) ;
#307 = ORIENTED_EDGE ( 'NONE', *, *, #980, .F. ) ;
#308 = DIRECTION ( 'NONE',  ( -1.000000000000000000, -0.000000000000000000, -0.000000000000000000 ) ) ;
#309 = DIRECTION ( 'NONE',  ( -5.204170427930422269E-16, 0.000000000000000000, 1.000000000000000000 ) ) ;
#310 = VERTEX_POINT ( 'NONE', #747 ) ;
#311 = CARTESIAN_POINT ( 'NONE',  ( 8.000000000000000000, 235.0000000000000000, 2.000000000000002665 ) ) ;
#312 = VERTEX_POINT ( 'NONE', #1284 ) ;
#313 = CARTESIAN_POINT ( 'NONE',  ( 5.999999999999999112, 135.0000000000000000, -23.50000000000000000 ) ) ;
#314 = EDGE_CURVE ( 'NONE', #1262, #1295, #582, .T. ) ;
#315 = DIRECTION ( 'NONE',  ( 1.000000000000000000, 0.000000000000000000, 5.204170427930422269E-16 ) ) ;
#316 = ORIENTED_EDGE ( 'NONE', *, *, #962, .F. ) ;
#317 = CARTESIAN_POINT ( 'NONE',  ( 5.999999999999999112, 135.0000000000000000, -23.50000000000000000 ) ) ;
#318 = ORIENTED_EDGE ( 'NONE', *, *, #841, .T. ) ;
#319 = DIRECTION ( 'NONE',  ( -1.000000000000000000, -0.000000000000000000, -7.401486830834377758E-17 ) ) ;
#320 = AXIS2_PLACEMENT_3D ( 'NONE', #1329, #1225, #238 ) ;
#321 = ADVANCED_FACE ( 'NONE', ( #386 ), #604, .F. ) ;
#322 = VECTOR ( 'NONE', #236, 1000.000000000000000 ) ;
#323 = CARTESIAN_POINT ( 'NONE',  ( 16.00000000000000000, 7.000000000000000000, 14.75000000000001954 ) ) ;
#324 = AXIS2_PLACEMENT_3D ( 'NONE', #329, #1127, #12 ) ;
#325 = ORIENTED_EDGE ( 'NONE', *, *, #484, .F. ) ;
#326 = CARTESIAN_POINT ( 'NONE',  ( 16.00000000000000000, 117.5000000000000000, 16.00000000000000355 ) ) ;
#327 = CYLINDRICAL_SURFACE ( 'NONE', #559, 4.000000000000000000 ) ;
#328 = VERTEX_POINT ( 'NONE', #88 ) ;
#329 = CARTESIAN_POINT ( 'NONE',  ( 5.999999999999999112, 175.0000000000000000, -23.50000000000000000 ) ) ;
#330 = ORIENTED_EDGE ( 'NONE', *, *, #935, .T. ) ;
#331 = EDGE_CURVE ( 'NONE', #85, #196, #840, .T. ) ;
#332 = DIRECTION ( 'NONE',  ( -1.000000000000000000, -6.102289674358180136E-19, -5.632958487120583153E-17 ) ) ;
#333 = FACE_OUTER_BOUND ( 'NONE', #1143, .T. ) ;
#334 = ORIENTED_EDGE ( 'NONE', *, *, #1392, .T. ) ;
#335 = DIRECTION ( 'NONE',  ( 0.000000000000000000, 0.000000000000000000, 1.000000000000000000 ) ) ;
#336 = DIRECTION ( 'NONE',  ( -0.7071067811865500152, -0.000000000000000000, -0.7071067811865450192 ) ) ;
#337 = CARTESIAN_POINT ( 'NONE',  ( 16.00000000000000000, 0.000000000000000000, 22.00000000000000000 ) ) ;
#338 = ORIENTED_EDGE ( 'NONE', *, *, #331, .F. ) ;
#339 = CARTESIAN_POINT ( 'NONE',  ( 23.99999999999997868, 110.0000000000000000, 5.999999999999997335 ) ) ;
#340 = ADVANCED_FACE ( 'NONE', ( #625 ), #62, .F. ) ;
#341 = ORIENTED_EDGE ( 'NONE', *, *, #623, .F. ) ;
#342 = CARTESIAN_POINT ( 'NONE',  ( 16.00000000000000355, 83.99999999999998579, -13.99999999999999822 ) ) ;
#343 = PRODUCT_CONTEXT ( 'NONE', #616, 'mechanical' ) ;
#344 = ORIENTED_EDGE ( 'NONE', *, *, #744, .F. ) ;
#345 = CIRCLE ( 'NONE', #1364, 2.249999999999989786 ) ;
#346 = CARTESIAN_POINT ( 'NONE',  ( 10.00000000000000000, 7.000000000000000000, 6.999999999999997335 ) ) ;
#347 = VECTOR ( 'NONE', #912, 1000.000000000000000 ) ;
#348 = CARTESIAN_POINT ( 'NONE',  ( 5.999999999999999112, 135.0000000000000000, -23.50000000000000000 ) ) ;
#349 = EDGE_LOOP ( 'NONE', ( #1058, #837, #1090, #756, #1345 ) ) ;
#350 = DIRECTION ( 'NONE',  ( 4.302114220422485045E-16, 0.000000000000000000, -1.000000000000000000 ) ) ;
#351 = LINE ( 'NONE', #1120, #104 ) ;
#352 = DIRECTION ( 'NONE',  ( 1.000000000000000000, -0.000000000000000000, -4.688441826964345531E-17 ) ) ;
#353 = DIRECTION ( 'NONE',  ( 7.401486830834377758E-17, 0.000000000000000000, -1.000000000000000000 ) ) ;
#354 = CYLINDRICAL_SURFACE ( 'NONE', #1061, 4.000000000000003553 ) ;
#355 = ORIENTED_EDGE ( 'NONE', *, *, #946, .T. ) ;
#356 = DIRECTION ( 'NONE',  ( 1.000000000000000000, -0.000000000000000000, -4.688441826964345531E-17 ) ) ;
#357 = DIRECTION ( 'NONE',  ( -6.102289674358182062E-19, 1.000000000000000000, 0.000000000000000000 ) ) ;
#358 = EDGE_CURVE ( 'NONE', #828, #1123, #558, .T. ) ;
#359 = VERTEX_POINT ( 'NONE', #737 ) ;
#360 = DIRECTION ( 'NONE',  ( 0.000000000000000000, -1.000000000000000000, 0.000000000000000000 ) ) ;
#361 = PLANE ( 'NONE',  #535 ) ;
#362 = EDGE_LOOP ( 'NONE', ( #1221, #225, #1260, #265 ) ) ;
#363 = CARTESIAN_POINT ( 'NONE',  ( 9.999999999999998224, 7.000000000000000000, 16.99999999999999645 ) ) ;
#364 = EDGE_CURVE ( 'NONE', #158, #8, #826, .T. ) ;
#365 = ORIENTED_EDGE ( 'NONE', *, *, #831, .T. ) ;
#366 = AXIS2_PLACEMENT_3D ( 'NONE', #293, #183, #68 ) ;
#367 = DIRECTION ( 'NONE',  ( -0.000000000000000000, -1.000000000000000000, -0.000000000000000000 ) ) ;
#368 = AXIS2_PLACEMENT_3D ( 'NONE', #878, #217, #645 ) ;
#369 = CARTESIAN_POINT ( 'NONE',  ( 10.00000000000000000, 7.000000000000000000, 9.249999999999976907 ) ) ;
#370 = AXIS2_PLACEMENT_3D ( 'NONE', #1395, #118, #106 ) ;
#371 = AXIS2_PLACEMENT_3D ( 'NONE', #443, #667, #1113 ) ;
#372 = VERTEX_POINT ( 'NONE', #521 ) ;
#373 = CARTESIAN_POINT ( 'NONE',  ( 5.999999999999999112, 135.0000000000000000, -21.24999999999999645 ) ) ;
#374 = LINE ( 'NONE', #1160, #41 ) ;
#375 = EDGE_CURVE ( 'NONE', #359, #456, #926, .T. ) ;
#376 = ORIENTED_EDGE ( 'NONE', *, *, #1412, .F. ) ;
#377 = CARTESIAN_POINT ( 'NONE',  ( 31.00000000000000000, 110.0000000000000000, 5.999999999999998224 ) ) ;
#378 = EDGE_CURVE ( 'NONE', #783, #525, #846, .T. ) ;
#379 = VERTEX_POINT ( 'NONE', #1376 ) ;
#380 = DIRECTION ( 'NONE',  ( 0.000000000000000000, 0.000000000000000000, -1.000000000000000000 ) ) ;
#381 = CARTESIAN_POINT ( 'NONE',  ( -3.661373804614911741E-18, 90.00000000000000000, -14.00000000000000000 ) ) ;
#382 = EDGE_LOOP ( 'NONE', ( #666, #316 ) ) ;
#383 = DIRECTION ( 'NONE',  ( -1.000000000000000000, -0.000000000000000000, -7.401486830834377758E-17 ) ) ;
#384 = EDGE_CURVE ( 'NONE', #310, #305, #407, .T. ) ;
#385 = ORIENTED_EDGE ( 'NONE', *, *, #1398, .F. ) ;
#386 = FACE_OUTER_BOUND ( 'NONE', #1375, .T. ) ;
#387 = ADVANCED_FACE ( 'NONE', ( #1164 ), #945, .T. ) ;
#388 = CARTESIAN_POINT ( 'NONE',  ( 5.999999999999999112, 175.0000000000000000, -21.24999999999999645 ) ) ;
#389 = ORIENTED_EDGE ( 'NONE', *, *, #131, .F. ) ;
#390 = VECTOR ( 'NONE', #1235, 1000.000000000000000 ) ;
#391 = CARTESIAN_POINT ( 'NONE',  ( 10.00000000000000000, 235.0000000000000000, 4.302114220422483961E-15 ) ) ;
#392 = AXIS2_PLACEMENT_3D ( 'NONE', #140, #778, #579 ) ;
#393 = VERTEX_POINT ( 'NONE', #80 ) ;
#394 = AXIS2_PLACEMENT_3D ( 'NONE', #133, #447, #669 ) ;
#395 = DIRECTION ( 'NONE',  ( 1.000000000000000000, 0.000000000000000000, 7.401486830834378990E-17 ) ) ;
#396 = AXIS2_PLACEMENT_3D ( 'NONE', #1081, #1306, #874 ) ;
#397 = DIRECTION ( 'NONE',  ( 0.000000000000000000, 0.000000000000000000, -1.000000000000000000 ) ) ;
#398 = ORIENTED_EDGE ( 'NONE', *, *, #789, .F. ) ;
#399 = CARTESIAN_POINT ( 'NONE',  ( 5.999999999999998224, 90.00000000000000000, -43.00000000000000000 ) ) ;
#400 = VERTEX_POINT ( 'NONE', #852 ) ;
#401 = DIRECTION ( 'NONE',  ( -4.688441826964344914E-17, 0.000000000000000000, -1.000000000000000000 ) ) ;
#402 = DIRECTION ( 'NONE',  ( 0.000000000000000000, 0.000000000000000000, 1.000000000000000000 ) ) ;
#403 = EDGE_CURVE ( 'NONE', #1167, #1053, #1278, .T. ) ;
#404 = ORIENTED_EDGE ( 'NONE', *, *, #983, .F. ) ;
#405 = DIRECTION ( 'NONE',  ( 1.000000000000000000, 0.000000000000000000, 7.401486830834377758E-17 ) ) ;
#406 = ORIENTED_EDGE ( 'NONE', *, *, #187, .F. ) ;
#407 = LINE ( 'NONE', #1154, #209 ) ;
#408 = DIRECTION ( 'NONE',  ( -1.000000000000000000, 0.000000000000000000, 4.688441826964345531E-17 ) ) ;
#409 = ORIENTED_EDGE ( 'NONE', *, *, #1175, .T. ) ;
#410 = FACE_OUTER_BOUND ( 'NONE', #1018, .T. ) ;
#411 = VERTEX_POINT ( 'NONE', #955 ) ;
#412 = CYLINDRICAL_SURFACE ( 'NONE', #812, 2.249999999999979572 ) ;
#413 = AXIS2_PLACEMENT_3D ( 'NONE', #1217, #455, #1032 ) ;
#414 = AXIS2_PLACEMENT_3D ( 'NONE', #548, #987, #531 ) ;
#415 = PRESENTATION_LAYER_ASSIGNMENT (  '', '', ( #17 ) ) ;
#416 = DIRECTION ( 'NONE',  ( 1.000000000000000000, -0.000000000000000000, -4.688441826964345531E-17 ) ) ;
#417 = ORIENTED_EDGE ( 'NONE', *, *, #444, .T. ) ;
#418 = DIRECTION ( 'NONE',  ( 0.000000000000000000, 0.000000000000000000, -1.000000000000000000 ) ) ;
#419 = EDGE_CURVE ( 'NONE', #518, #206, #879, .T. ) ;
#420 = ORIENTED_EDGE ( 'NONE', *, *, #1392, .F. ) ;
#421 = CARTESIAN_POINT ( 'NONE',  ( 5.999999999999999112, 175.0000000000000000, -23.50000000000000000 ) ) ;
#422 = ADVANCED_FACE ( 'NONE', ( #9 ), #765, .F. ) ;
#423 = DIRECTION ( 'NONE',  ( 0.000000000000000000, 1.000000000000000000, 0.000000000000000000 ) ) ;
#424 = ORIENTED_EDGE ( 'NONE', *, *, #1238, .T. ) ;
#425 = CARTESIAN_POINT ( 'NONE',  ( 8.000000000000000000, 235.0000000000000000, 3.441691376337986853E-15 ) ) ;
#426 = ORIENTED_EDGE ( 'NONE', *, *, #575, .T. ) ;
#427 = DIRECTION ( 'NONE',  ( 1.000000000000000000, -0.000000000000000000, -4.688441826964345531E-17 ) ) ;
#428 = EDGE_CURVE ( 'NONE', #206, #518, #1291, .T. ) ;
#429 = LINE ( 'NONE', #1399, #489 ) ;
#430 = ORIENTED_EDGE ( 'NONE', *, *, #467, .F. ) ;
#431 = LINE ( 'NONE', #643, #166 ) ;
#432 = ORIENTED_EDGE ( 'NONE', *, *, #1384, .F. ) ;
#433 = CARTESIAN_POINT ( 'NONE',  ( 12.00000000000000000, 235.0000000000000000, -2.000000000000003109 ) ) ;
#434 = ORIENTED_EDGE ( 'NONE', *, *, #1321, .F. ) ;
#435 = ADVANCED_FACE ( 'NONE', ( #1304 ), #526, .F. ) ;
#436 = AXIS2_PLACEMENT_3D ( 'NONE', #838, #1374, #1046 ) ;
#437 =( NAMED_UNIT ( * ) SI_UNIT ( $, .STERADIAN. ) SOLID_ANGLE_UNIT ( ) );
#438 = VECTOR ( 'NONE', #646, 1000.000000000000000 ) ;
#439 = ORIENTED_EDGE ( 'NONE', *, *, #375, .F. ) ;
#440 = LINE ( 'NONE', #337, #235 ) ;
#441 = CARTESIAN_POINT ( 'NONE',  ( 16.00000000000000000, 7.000000000000000000, 6.999999999999997335 ) ) ;
#442 = VERTEX_POINT ( 'NONE', #659 ) ;
#443 = CARTESIAN_POINT ( 'NONE',  ( 8.000000000000000000, 0.000000000000000000, 2.000000000000002665 ) ) ;
#444 = EDGE_CURVE ( 'NONE', #760, #845, #203, .T. ) ;
#445 = CARTESIAN_POINT ( 'NONE',  ( 29.00000000000001421, 125.0000000000000000, 11.00000000000000000 ) ) ;
#446 = EDGE_CURVE ( 'NONE', #312, #672, #207, .T. ) ;
#447 = DIRECTION ( 'NONE',  ( 0.000000000000000000, 1.000000000000000000, 0.000000000000000000 ) ) ;
#448 = CARTESIAN_POINT ( 'NONE',  ( 1.999999999999999112, 175.0000000000000000, -21.24999999999999645 ) ) ;
#449 = ORIENTED_EDGE ( 'NONE', *, *, #131, .T. ) ;
#450 = DIRECTION ( 'NONE',  ( 0.000000000000000000, 0.000000000000000000, -1.000000000000000000 ) ) ;
#451 = ADVANCED_BREP_SHAPE_REPRESENTATION ( 'ELP-0023', ( #1258, #1111 ), #905 ) ;
#452 = LINE ( 'NONE', #1220, #748 ) ;
#453 = LINE ( 'NONE', #896, #1155 ) ;
#454 = DIRECTION ( 'NONE',  ( 1.000000000000000000, -0.000000000000000000, -4.688441826964345531E-17 ) ) ;
#455 = DIRECTION ( 'NONE',  ( 1.000000000000000000, -0.000000000000000000, -4.688441826964345531E-17 ) ) ;
#456 = VERTEX_POINT ( 'NONE', #534 ) ;
#457 = CARTESIAN_POINT ( 'NONE',  ( 1.999999999999999112, 175.0000000000000000, -25.75000000000000355 ) ) ;
#458 = DIRECTION ( 'NONE',  ( 0.000000000000000000, 0.000000000000000000, -1.000000000000000000 ) ) ;
#459 = VECTOR ( 'NONE', #872, 1000.000000000000000 ) ;
#460 = CARTESIAN_POINT ( 'NONE',  ( 1.999999999999999112, 155.0000000000000000, -25.75000000000000355 ) ) ;
#461 = VECTOR ( 'NONE', #360, 1000.000000000000000 ) ;
#462 = CARTESIAN_POINT ( 'NONE',  ( 16.00000000000000000, 235.0000000000000000, 22.00000000000000355 ) ) ;
#463 = ORIENTED_EDGE ( 'NONE', *, *, #314, .T. ) ;
#464 = CYLINDRICAL_SURFACE ( 'NONE', #1202, 2.250000000000001776 ) ;
#465 = ORIENTED_EDGE ( 'NONE', *, *, #733, .F. ) ;
#466 = DIRECTION ( 'NONE',  ( 1.000000000000000000, -0.000000000000000000, -4.688441826964345531E-17 ) ) ;
#467 = EDGE_CURVE ( 'NONE', #165, #589, #301, .T. ) ;
#468 = FACE_OUTER_BOUND ( 'NONE', #932, .T. ) ;
#469 = CARTESIAN_POINT ( 'NONE',  ( 9.999999999999998224, 7.000000000000000000, 6.999999999999997335 ) ) ;
#470 = LINE ( 'NONE', #462, #586 ) ;
#471 = DIRECTION ( 'NONE',  ( 1.000000000000000000, -0.000000000000000000, -4.688441826964345531E-17 ) ) ;
#472 = VERTEX_POINT ( 'NONE', #1319 ) ;
#473 = FACE_OUTER_BOUND ( 'NONE', #1322, .T. ) ;
#474 = EDGE_CURVE ( 'NONE', #783, #760, #113, .T. ) ;
#475 = DIRECTION ( 'NONE',  ( 0.000000000000000000, 0.000000000000000000, -1.000000000000000000 ) ) ;
#476 = PLANE ( 'NONE',  #1318 ) ;
#477 = DIRECTION ( 'NONE',  ( 0.000000000000000000, 0.000000000000000000, -1.000000000000000000 ) ) ;
#478 = ORIENTED_EDGE ( 'NONE', *, *, #889, .F. ) ;
#479 = PLANE ( 'NONE',  #696 ) ;
#480 = EDGE_CURVE ( 'NONE', #456, #359, #697, .T. ) ;
#481 = AXIS2_PLACEMENT_3D ( 'NONE', #1348, #804, #1243 ) ;
#482 = CIRCLE ( 'NONE', #124, 2.250000000000001776 ) ;
#483 = DIRECTION ( 'NONE',  ( 0.000000000000000000, -1.000000000000000000, 0.000000000000000000 ) ) ;
#484 = EDGE_CURVE ( 'NONE', #577, #1209, #630, .T. ) ;
#485 = VECTOR ( 'NONE', #706, 1000.000000000000000 ) ;
#486 = ORIENTED_EDGE ( 'NONE', *, *, #29, .F. ) ;
#487 = CARTESIAN_POINT ( 'NONE',  ( 1.999999999999999112, 135.0000000000000000, -25.75000000000000355 ) ) ;
#488 = AXIS2_PLACEMENT_3D ( 'NONE', #948, #492, #397 ) ;
#489 = VECTOR ( 'NONE', #749, 1000.000000000000000 ) ;
#490 = ORIENTED_EDGE ( 'NONE', *, *, #946, .F. ) ;
#491 = DIRECTION ( 'NONE',  ( -5.632958487120583153E-17, -3.437394441204422654E-35, 1.000000000000000000 ) ) ;
#492 = DIRECTION ( 'NONE',  ( 1.000000000000000000, -0.000000000000000000, -4.688441826964345531E-17 ) ) ;
#493 = ADVANCED_FACE ( 'NONE', ( #18 ), #327, .T. ) ;
#494 = ORIENTED_EDGE ( 'NONE', *, *, #684, .F. ) ;
#495 = EDGE_CURVE ( 'NONE', #597, #213, #664, .T. ) ;
#496 = DIRECTION ( 'NONE',  ( -4.688441826964345531E-17, -6.298417456155773303E-35, -1.000000000000000000 ) ) ;
#497 = ORIENTED_EDGE ( 'NONE', *, *, #495, .F. ) ;
#498 = CARTESIAN_POINT ( 'NONE',  ( 16.00000000000000355, 9.763663478973089758E-18, -7.999999999999998224 ) ) ;
#499 = FACE_OUTER_BOUND ( 'NONE', #1410, .T. ) ;
#500 = DIRECTION ( 'NONE',  ( -1.000000000000000000, 0.000000000000000000, 4.688441826964345531E-17 ) ) ;
#501 = ORIENTED_EDGE ( 'NONE', *, *, #331, .T. ) ;
#502 = DIRECTION ( 'NONE',  ( 0.000000000000000000, 0.000000000000000000, -1.000000000000000000 ) ) ;
#503 = EDGE_CURVE ( 'NONE', #1262, #400, #652, .T. ) ;
#504 = ORIENTED_EDGE ( 'NONE', *, *, #1254, .F. ) ;
#505 = DIRECTION ( 'NONE',  ( 0.000000000000000000, 0.000000000000000000, 1.000000000000000000 ) ) ;
#506 = DIRECTION ( 'NONE',  ( -0.000000000000000000, -1.000000000000000000, -0.000000000000000000 ) ) ;
#507 = VERTEX_POINT ( 'NONE', #1325 ) ;
#508 = VECTOR ( 'NONE', #564, 1000.000000000000000 ) ;
#509 = PLANE ( 'NONE',  #436 ) ;
#510 = VECTOR ( 'NONE', #885, 1000.000000000000000 ) ;
#511 = ORIENTED_EDGE ( 'NONE', *, *, #1112, .F. ) ;
#512 = AXIS2_PLACEMENT_3D ( 'NONE', #979, #405, #306 ) ;
#513 = DIRECTION ( 'NONE',  ( 0.000000000000000000, -1.000000000000000000, 0.000000000000000000 ) ) ;
#514 = ADVANCED_FACE ( 'NONE', ( #867, #333 ), #1186, .F. ) ;
#515 = VECTOR ( 'NONE', #218, 1000.000000000000000 ) ;
#516 = EDGE_CURVE ( 'NONE', #310, #85, #759, .T. ) ;
#517 = CARTESIAN_POINT ( 'NONE',  ( 16.00000000000000000, 0.000000000000000000, 1.184237892933500638E-15 ) ) ;
#518 = VERTEX_POINT ( 'NONE', #1404 ) ;
#519 = CARTESIAN_POINT ( 'NONE',  ( 10.00000000000000000, 117.5000000000000000, 9.999999999999998224 ) ) ;
#520 = ORIENTED_EDGE ( 'NONE', *, *, #1070, .F. ) ;
#521 = CARTESIAN_POINT ( 'NONE',  ( 5.999999999999999112, 135.0000000000000000, -27.50000000000000355 ) ) ;
#522 = CARTESIAN_POINT ( 'NONE',  ( 16.00000000000000000, 7.000000000000000000, 19.24999999999997513 ) ) ;
#523 = EDGE_LOOP ( 'NONE', ( #1125, #636 ) ) ;
#524 = LINE ( 'NONE', #966, #654 ) ;
#525 = VERTEX_POINT ( 'NONE', #108 ) ;
#526 = CYLINDRICAL_SURFACE ( 'NONE', #947, 2.250000000000001776 ) ;
#527 = ADVANCED_FACE ( 'NONE', ( #544 ), #412, .F. ) ;
#528 = DIRECTION ( 'NONE',  ( -7.401486830834377758E-17, 0.000000000000000000, 1.000000000000000000 ) ) ;
#529 = ORIENTED_EDGE ( 'NONE', *, *, #882, .T. ) ;
#530 = ADVANCED_FACE ( 'NONE', ( #5 ), #361, .F. ) ;
#531 = DIRECTION ( 'NONE',  ( 0.000000000000000000, 0.000000000000000000, 1.000000000000000000 ) ) ;
#532 = AXIS2_PLACEMENT_3D ( 'NONE', #1128, #961, #725 ) ;
#533 = VERTEX_POINT ( 'NONE', #339 ) ;
#534 = CARTESIAN_POINT ( 'NONE',  ( 16.00000000000000000, 7.000000000000000000, 9.249999999999976907 ) ) ;
#535 = AXIS2_PLACEMENT_3D ( 'NONE', #808, #670, #1131 ) ;
#536 = CIRCLE ( 'NONE', #561, 4.000000000000003553 ) ;
#537 = PRODUCT_DEFINITION_FORMATION_WITH_SPECIFIED_SOURCE ( 'TUTTO', '', #764, .NOT_KNOWN. ) ;
#538 = FACE_OUTER_BOUND ( 'NONE', #1339, .T. ) ;
#539 = ORIENTED_EDGE ( 'NONE', *, *, #798, .F. ) ;
#540 = CARTESIAN_POINT ( 'NONE',  ( 8.000000000000000000, 0.000000000000000000, 3.441691376337987247E-15 ) ) ;
#541 = ADVANCED_FACE ( 'NONE', ( #702 ), #354, .F. ) ;
#542 = ADVANCED_FACE ( 'NONE', ( #784 ), #1026, .F. ) ;
#543 = ORIENTED_EDGE ( 'NONE', *, *, #55, .T. ) ;
#544 = FACE_OUTER_BOUND ( 'NONE', #150, .T. ) ;
#545 = ORIENTED_EDGE ( 'NONE', *, *, #444, .F. ) ;
#546 = CARTESIAN_POINT ( 'NONE',  ( 3.957160719004230308E-16, 90.00000000000000000, -8.000000000000000000 ) ) ;
#547 = ORIENTED_EDGE ( 'NONE', *, *, #1158, .F. ) ;
#548 = CARTESIAN_POINT ( 'NONE',  ( 10.00000000000000000, 7.000000000000000000, 16.99999999999999645 ) ) ;
#549 = ORIENTED_EDGE ( 'NONE', *, *, #467, .T. ) ;
#550 = DIRECTION ( 'NONE',  ( 0.000000000000000000, 0.000000000000000000, 1.000000000000000000 ) ) ;
#551 = ORIENTED_EDGE ( 'NONE', *, *, #578, .T. ) ;
#552 =( LENGTH_UNIT ( ) NAMED_UNIT ( * ) SI_UNIT ( .MILLI., .METRE. ) );
#553 = VERTEX_POINT ( 'NONE', #1108 ) ;
#554 = DIRECTION ( 'NONE',  ( 1.000000000000000000, -0.000000000000000000, -4.688441826964345531E-17 ) ) ;
#555 = DIRECTION ( 'NONE',  ( 0.000000000000000000, -1.000000000000000000, 0.000000000000000000 ) ) ;
#556 = AXIS2_PLACEMENT_3D ( 'NONE', #498, #491, #715 ) ;
#557 = ORIENTED_EDGE ( 'NONE', *, *, #980, .T. ) ;
#558 = CIRCLE ( 'NONE', #1360, 4.000000000000003553 ) ;
#559 = AXIS2_PLACEMENT_3D ( 'NONE', #433, #222, #1190 ) ;
#560 = ADVANCED_FACE ( 'NONE', ( #679, #128 ), #23, .F. ) ;
#561 = AXIS2_PLACEMENT_3D ( 'NONE', #317, #1203, #215 ) ;
#562 = CARTESIAN_POINT ( 'NONE',  ( 0.000000000000000000, 0.000000000000000000, 0.000000000000000000 ) ) ;
#563 = VECTOR ( 'NONE', #1265, 1000.000000000000000 ) ;
#564 = DIRECTION ( 'NONE',  ( -0.000000000000000000, 1.000000000000000000, -0.000000000000000000 ) ) ;
#565 = CARTESIAN_POINT ( 'NONE',  ( 9.999999999999998224, 7.000000000000000000, 4.750000000000007105 ) ) ;
#566 = DIRECTION ( 'NONE',  ( 0.000000000000000000, 0.000000000000000000, -1.000000000000000000 ) ) ;
#567 = DIRECTION ( 'NONE',  ( -6.102289674358180136E-19, 1.000000000000000000, -3.437394441204421051E-35 ) ) ;
#568 = EDGE_LOOP ( 'NONE', ( #341, #490, #2, #497 ) ) ;
#569 = LINE ( 'NONE', #1351, #461 ) ;
#570 = CARTESIAN_POINT ( 'NONE',  ( 5.999999999999999112, 155.0000000000000000, -23.50000000000000000 ) ) ;
#571 = ORIENTED_EDGE ( 'NONE', *, *, #831, .F. ) ;
#572 = CARTESIAN_POINT ( 'NONE',  ( 6.000000000000000000, 83.99999999999998579, -7.999999999999998224 ) ) ;
#573 = LINE ( 'NONE', #1332, #515 ) ;
#574 = CYLINDRICAL_SURFACE ( 'NONE', #58, 4.000000000000003553 ) ;
#575 = EDGE_CURVE ( 'NONE', #179, #112, #191, .T. ) ;
#576 = LINE ( 'NONE', #22, #790 ) ;
#577 = VERTEX_POINT ( 'NONE', #47 ) ;
#578 = EDGE_CURVE ( 'NONE', #1353, #141, #743, .T. ) ;
#579 = DIRECTION ( 'NONE',  ( 0.000000000000000000, 0.000000000000000000, -1.000000000000000000 ) ) ;
#580 = ORIENTED_EDGE ( 'NONE', *, *, #241, .F. ) ;
#581 = FACE_OUTER_BOUND ( 'NONE', #656, .T. ) ;
#582 = CIRCLE ( 'NONE', #366, 2.249999999999977796 ) ;
#583 = LINE ( 'NONE', #800, #347 ) ;
#584 = CIRCLE ( 'NONE', #609, 3.000000000000000888 ) ;
#585 = CARTESIAN_POINT ( 'NONE',  ( 1.999999999999999112, 157.2500000000000000, -23.50000000000000000 ) ) ;
#586 = VECTOR ( 'NONE', #914, 1000.000000000000000 ) ;
#587 = CARTESIAN_POINT ( 'NONE',  ( 10.00000000000000000, 0.000000000000000000, 22.00000000000000000 ) ) ;
#588 = VECTOR ( 'NONE', #416, 1000.000000000000000 ) ;
#589 = VERTEX_POINT ( 'NONE', #915 ) ;
#590 = EDGE_CURVE ( 'NONE', #182, #507, #1179, .T. ) ;
#591 = DIRECTION ( 'NONE',  ( 1.000000000000000000, -0.000000000000000000, -4.688441826964345531E-17 ) ) ;
#592 = ORIENTED_EDGE ( 'NONE', *, *, #724, .F. ) ;
#593 = CARTESIAN_POINT ( 'NONE',  ( 1.999999999999999112, 135.0000000000000000, -27.50000000000000355 ) ) ;
#594 = DIRECTION ( 'NONE',  ( 0.000000000000000000, 1.000000000000000000, 0.000000000000000000 ) ) ;
#595 = LINE ( 'NONE', #929, #1294 ) ;
#596 = CARTESIAN_POINT ( 'NONE',  ( 5.000000000000000000, 235.0000000000000000, -4.999999999999997335 ) ) ;
#597 = VERTEX_POINT ( 'NONE', #1247 ) ;
#598 = EDGE_CURVE ( 'NONE', #148, #601, #482, .T. ) ;
#599 = DIRECTION ( 'NONE',  ( 0.000000000000000000, 0.000000000000000000, -1.000000000000000000 ) ) ;
#600 = CARTESIAN_POINT ( 'NONE',  ( 5.999999999999999112, 175.0000000000000000, -19.49999999999999645 ) ) ;
#601 = VERTEX_POINT ( 'NONE', #448 ) ;
#602 = DIRECTION ( 'NONE',  ( 0.000000000000000000, 0.000000000000000000, -1.000000000000000000 ) ) ;
#603 = ORIENTED_EDGE ( 'NONE', *, *, #474, .F. ) ;
#604 = CYLINDRICAL_SURFACE ( 'NONE', #1178, 2.250000000000001776 ) ;
#605 = EDGE_CURVE ( 'NONE', #182, #312, #258, .T. ) ;
#606 = CIRCLE ( 'NONE', #162, 5.000000000000000888 ) ;
#607 = VECTOR ( 'NONE', #687, 1000.000000000000000 ) ;
#608 = CARTESIAN_POINT ( 'NONE',  ( 8.000000000000000000, 235.0000000000000000, -8.000000000000003553 ) ) ;
#609 = AXIS2_PLACEMENT_3D ( 'NONE', #1267, #629, #1389 ) ;
#610 = ORIENTED_EDGE ( 'NONE', *, *, #1084, .T. ) ;
#611 = DIRECTION ( 'NONE',  ( 1.000000000000000000, -0.000000000000000000, -4.688441826964345531E-17 ) ) ;
#612 = EDGE_LOOP ( 'NONE', ( #1307, #318 ) ) ;
#613 = CARTESIAN_POINT ( 'NONE',  ( 16.00000000000000000, 0.000000000000000000, 22.00000000000000000 ) ) ;
#614 = DIRECTION ( 'NONE',  ( -8.673617379884035472E-16, 0.000000000000000000, 1.000000000000000000 ) ) ;
#615 = ORIENTED_EDGE ( 'NONE', *, *, #727, .T. ) ;
#616 = APPLICATION_CONTEXT ( 'automotive_design' ) ;
#617 = CARTESIAN_POINT ( 'NONE',  ( 10.00000000000000000, 235.0000000000000000, 2.000000000000002665 ) ) ;
#618 = ORIENTED_EDGE ( 'NONE', *, *, #938, .T. ) ;
#619 = DIRECTION ( 'NONE',  ( 1.000000000000000000, 0.000000000000000000, 7.401486830834377758E-17 ) ) ;
#620 = CARTESIAN_POINT ( 'NONE',  ( 10.00000000000000000, 7.000000000000000000, 16.99999999999999645 ) ) ;
#621 = ORIENTED_EDGE ( 'NONE', *, *, #990, .T. ) ;
#622 = LINE ( 'NONE', #391, #1136 ) ;
#623 = EDGE_CURVE ( 'NONE', #411, #597, #855, .T. ) ;
#624 = VERTEX_POINT ( 'NONE', #30 ) ;
#625 = FACE_OUTER_BOUND ( 'NONE', #362, .T. ) ;
#626 = DIRECTION ( 'NONE',  ( 0.000000000000000000, 0.000000000000000000, -1.000000000000000000 ) ) ;
#627 = CARTESIAN_POINT ( 'NONE',  ( 10.00000000000000000, 7.000000000000000000, 4.750000000000018652 ) ) ;
#628 = ORIENTED_EDGE ( 'NONE', *, *, #935, .F. ) ;
#629 = DIRECTION ( 'NONE',  ( 1.000000000000000000, 0.000000000000000000, 0.000000000000000000 ) ) ;
#630 = CIRCLE ( 'NONE', #164, 4.000000000000003553 ) ;
#631 = EDGE_CURVE ( 'NONE', #796, #942, #1383, .T. ) ;
#632 = VERTEX_POINT ( 'NONE', #898 ) ;
#633 = VECTOR ( 'NONE', #496, 1000.000000000000000 ) ;
#634 = DIRECTION ( 'NONE',  ( 0.000000000000000000, 0.000000000000000000, 1.000000000000000000 ) ) ;
#635 = FACE_BOUND ( 'NONE', #1195, .T. ) ;
#636 = ORIENTED_EDGE ( 'NONE', *, *, #1412, .T. ) ;
#637 = CARTESIAN_POINT ( 'NONE',  ( 16.00000000000000000, 0.000000000000000000, 22.00000000000000000 ) ) ;
#638 = EDGE_LOOP ( 'NONE', ( #290, #355, #1045, #1151, #434, #658, #875 ) ) ;
#639 = CARTESIAN_POINT ( 'NONE',  ( 1.999999999999999112, 137.2500000000000000, -23.50000000000000000 ) ) ;
#640 = EDGE_CURVE ( 'NONE', #698, #720, #37, .T. ) ;
#641 =( LENGTH_UNIT ( ) NAMED_UNIT ( * ) SI_UNIT ( .MILLI., .METRE. ) );
#642 = ORIENTED_EDGE ( 'NONE', *, *, #1095, .F. ) ;
#643 = CARTESIAN_POINT ( 'NONE',  ( 9.575673587391971217E-16, 235.0000000000000000, 1.993337492440789984E-31 ) ) ;
#644 = ORIENTED_EDGE ( 'NONE', *, *, #228, .T. ) ;
#645 = DIRECTION ( 'NONE',  ( 0.000000000000000000, 0.000000000000000000, -1.000000000000000000 ) ) ;
#646 = DIRECTION ( 'NONE',  ( 0.000000000000000000, 0.000000000000000000, 1.000000000000000000 ) ) ;
#647 = EDGE_CURVE ( 'NONE', #507, #8, #923, .T. ) ;
#648 = ORIENTED_EDGE ( 'NONE', *, *, #983, .T. ) ;
#649 = CARTESIAN_POINT ( 'NONE',  ( 16.00000000000000000, 235.0000000000000000, 22.00000000000000355 ) ) ;
#650 = CIRCLE ( 'NONE', #532, 2.000000000000000000 ) ;
#651 = VERTEX_POINT ( 'NONE', #1124 ) ;
#652 = LINE ( 'NONE', #995, #510 ) ;
#653 = AXIS2_PLACEMENT_3D ( 'NONE', #1002, #1352, #1241 ) ;
#654 = VECTOR ( 'NONE', #1402, 1000.000000000000000 ) ;
#655 = FACE_BOUND ( 'NONE', #1347, .T. ) ;
#656 = EDGE_LOOP ( 'NONE', ( #261, #57, #1176, #406 ) ) ;
#657 = DIRECTION ( 'NONE',  ( 0.000000000000000000, -0.000000000000000000, 1.000000000000000000 ) ) ;
#658 = ORIENTED_EDGE ( 'NONE', *, *, #701, .T. ) ;
#659 = CARTESIAN_POINT ( 'NONE',  ( 16.00000000000000000, 0.000000000000000000, -2.000000000000001776 ) ) ;
#660 = CYLINDRICAL_SURFACE ( 'NONE', #324, 4.000000000000003553 ) ;
#661 = VERTEX_POINT ( 'NONE', #227 ) ;
#662 = DIRECTION ( 'NONE',  ( -1.000000000000000000, 0.000000000000000000, -7.401486830834378990E-17 ) ) ;
#663 = PRODUCT_DEFINITION ( 'NON CONOSCIUTO', '', #537, #1119 ) ;
#664 = LINE ( 'NONE', #1310, #972 ) ;
#665 = EDGE_CURVE ( 'NONE', #1110, #442, #1406, .T. ) ;
#666 = ORIENTED_EDGE ( 'NONE', *, *, #55, .F. ) ;
#667 = DIRECTION ( 'NONE',  ( 0.000000000000000000, 1.000000000000000000, -0.000000000000000000 ) ) ;
#668 = DIRECTION ( 'NONE',  ( 4.688441826964345531E-17, 0.000000000000000000, 1.000000000000000000 ) ) ;
#669 = DIRECTION ( 'NONE',  ( 0.000000000000000000, 0.000000000000000000, 1.000000000000000000 ) ) ;
#670 = DIRECTION ( 'NONE',  ( -0.000000000000000000, 1.000000000000000000, 0.000000000000000000 ) ) ;
#671 = CIRCLE ( 'NONE', #1017, 2.250000000000001776 ) ;
#672 = VERTEX_POINT ( 'NONE', #38 ) ;
#673 = AXIS2_PLACEMENT_3D ( 'NONE', #441, #1415, #550 ) ;
#674 = VECTOR ( 'NONE', #250, 1000.000000000000000 ) ;
#675 = COLOUR_RGB ( '',0.7921568627450980005, 0.8196078431372548767, 0.9333333333333333481 ) ;
#676 = CARTESIAN_POINT ( 'NONE',  ( 31.00000000000000000, 110.0000000000000000, 5.999999999999998224 ) ) ;
#677 = ORIENTED_EDGE ( 'NONE', *, *, #707, .T. ) ;
#678 = CARTESIAN_POINT ( 'NONE',  ( 31.00000000000000000, 110.0000000000000000, 9.000000000000001776 ) ) ;
#679 = FACE_BOUND ( 'NONE', #60, .T. ) ;
#680 = ORIENTED_EDGE ( 'NONE', *, *, #789, .T. ) ;
#681 = CARTESIAN_POINT ( 'NONE',  ( 9.575673587391971217E-16, 235.0000000000000000, 1.993337492440789984E-31 ) ) ;
#682 = ADVANCED_FACE ( 'NONE', ( #1346 ), #464, .F. ) ;
#683 = DIRECTION ( 'NONE',  ( 0.000000000000000000, 1.000000000000000000, 0.000000000000000000 ) ) ;
#684 = EDGE_CURVE ( 'NONE', #456, #379, #1173, .T. ) ;
#685 = CARTESIAN_POINT ( 'NONE',  ( 1.999999999999999112, 155.0000000000000000, -19.49999999999999645 ) ) ;
#686 = CARTESIAN_POINT ( 'NONE',  ( 1.999999999999999112, 135.0000000000000000, -21.24999999999999645 ) ) ;
#687 = DIRECTION ( 'NONE',  ( -0.000000000000000000, 1.000000000000000000, -0.000000000000000000 ) ) ;
#688 = ORIENTED_EDGE ( 'NONE', *, *, #1044, .T. ) ;
#689 = CARTESIAN_POINT ( 'NONE',  ( 1.999999999999999112, 135.0000000000000000, -23.50000000000000000 ) ) ;
#690 = DIRECTION ( 'NONE',  ( 0.000000000000000000, 0.000000000000000000, -1.000000000000000000 ) ) ;
#691 = ADVANCED_FACE ( 'NONE', ( #186, #1276, #1065, #59 ), #1168, .F. ) ;
#692 = DIRECTION ( 'NONE',  ( 0.000000000000000000, 0.000000000000000000, 1.000000000000000000 ) ) ;
#693 = DIRECTION ( 'NONE',  ( 0.000000000000000000, 0.000000000000000000, 1.000000000000000000 ) ) ;
#694 = EDGE_LOOP ( 'NONE', ( #24, #957 ) ) ;
#695 = DIRECTION ( 'NONE',  ( -1.000000000000000000, 0.000000000000000000, -4.302114220422485045E-16 ) ) ;
#696 = AXIS2_PLACEMENT_3D ( 'NONE', #903, #567, #925 ) ;
#697 = CIRCLE ( 'NONE', #673, 2.249999999999979572 ) ;
#698 = VERTEX_POINT ( 'NONE', #163 ) ;
#699 = CARTESIAN_POINT ( 'NONE',  ( 16.00000000000000000, 7.000000000000000000, 16.99999999999999645 ) ) ;
#700 = AXIS2_PLACEMENT_3D ( 'NONE', #136, #683, #906 ) ;
#701 = EDGE_CURVE ( 'NONE', #1380, #1050, #1336, .T. ) ;
#702 = FACE_OUTER_BOUND ( 'NONE', #1083, .T. ) ;
#703 = ORIENTED_EDGE ( 'NONE', *, *, #798, .T. ) ;
#704 = FACE_OUTER_BOUND ( 'NONE', #117, .T. ) ;
#705 = DIRECTION ( 'NONE',  ( -1.000000000000000000, -0.000000000000000000, -0.000000000000000000 ) ) ;
#706 = DIRECTION ( 'NONE',  ( 1.000000000000000000, -0.000000000000000000, -4.688441826964345531E-17 ) ) ;
#707 = EDGE_CURVE ( 'NONE', #632, #112, #86, .T. ) ;
#708 = ORIENTED_EDGE ( 'NONE', *, *, #282, .T. ) ;
#709 = CARTESIAN_POINT ( 'NONE',  ( 4.999999999999998224, 0.000000000000000000, 2.151057110211241586E-15 ) ) ;
#710 = EDGE_CURVE ( 'NONE', #720, #698, #584, .T. ) ;
#711 = LINE ( 'NONE', #627, #1022 ) ;
#712 = VERTEX_POINT ( 'NONE', #399 ) ;
#713 = DIRECTION ( 'NONE',  ( 1.000000000000000000, -0.000000000000000000, 7.401486830834377758E-17 ) ) ;
#714 = ORIENTED_EDGE ( 'NONE', *, *, #1197, .T. ) ;
#715 = DIRECTION ( 'NONE',  ( 1.000000000000000000, 0.000000000000000000, 5.632958487120583153E-17 ) ) ;
#716 = VECTOR ( 'NONE', #821, 1000.000000000000000 ) ;
#717 = AXIS2_PLACEMENT_3D ( 'NONE', #639, #1075, #94 ) ;
#718 = DIRECTION ( 'NONE',  ( 0.000000000000000000, 0.000000000000000000, 1.000000000000000000 ) ) ;
#719 = AXIS2_PLACEMENT_3D ( 'NONE', #742, #97, #1085 ) ;
#720 = VERTEX_POINT ( 'NONE', #519 ) ;
#721 = FACE_BOUND ( 'NONE', #42, .T. ) ;
#722 = ORIENTED_EDGE ( 'NONE', *, *, #631, .T. ) ;
#723 = DIRECTION ( 'NONE',  ( -1.000000000000000000, -0.000000000000000000, -7.401486830834377758E-17 ) ) ;
#724 = EDGE_CURVE ( 'NONE', #165, #372, #1255, .T. ) ;
#725 = DIRECTION ( 'NONE',  ( 0.000000000000000000, 0.000000000000000000, 1.000000000000000000 ) ) ;
#726 = CARTESIAN_POINT ( 'NONE',  ( 16.00000000000000000, 235.0000000000000000, 22.00000000000000355 ) ) ;
#727 = EDGE_CURVE ( 'NONE', #750, #393, #622, .T. ) ;
#728 = ORIENTED_EDGE ( 'NONE', *, *, #964, .T. ) ;
#729 = DIRECTION ( 'NONE',  ( 0.000000000000000000, 0.000000000000000000, 1.000000000000000000 ) ) ;
#730 = ORIENTED_EDGE ( 'NONE', *, *, #384, .F. ) ;
#731 = DIRECTION ( 'NONE',  ( 0.000000000000000000, 0.000000000000000000, 1.000000000000000000 ) ) ;
#732 = CARTESIAN_POINT ( 'NONE',  ( 3.182639337258783003E-15, 235.0000000000000000, -43.00000000000000000 ) ) ;
#733 = EDGE_CURVE ( 'NONE', #1295, #472, #829, .T. ) ;
#734 = EDGE_LOOP ( 'NONE', ( #1015, #338, #93, #1390, #268 ) ) ;
#735 = DIRECTION ( 'NONE',  ( 7.228014483236694583E-17, 0.000000000000000000, -1.000000000000000000 ) ) ;
#736 = EDGE_LOOP ( 'NONE', ( #115, #1288, #677, #714 ) ) ;
#737 = CARTESIAN_POINT ( 'NONE',  ( 16.00000000000000000, 7.000000000000000000, 4.750000000000018652 ) ) ;
#738 = CARTESIAN_POINT ( 'NONE',  ( 5.999999999999999112, 155.0000000000000000, -21.24999999999999645 ) ) ;
#739 = VECTOR ( 'NONE', #1263, 1000.000000000000000 ) ;
#740 = ORIENTED_EDGE ( 'NONE', *, *, #1174, .F. ) ;
#741 = VECTOR ( 'NONE', #189, 1000.000000000000000 ) ;
#742 = CARTESIAN_POINT ( 'NONE',  ( -6.071532165918824830E-15, 175.0000000000000000, -23.50000000000000000 ) ) ;
#743 = CIRCLE ( 'NONE', #996, 2.250000000000001776 ) ;
#744 = EDGE_CURVE ( 'NONE', #1361, #712, #78, .T. ) ;
#745 = EDGE_LOOP ( 'NONE', ( #1076, #881, #1283, #950 ) ) ;
#746 = AXIS2_PLACEMENT_3D ( 'NONE', #46, #1122, #692 ) ;
#747 = CARTESIAN_POINT ( 'NONE',  ( 31.00000000000000000, 125.0000000000000000, 5.999999999999998224 ) ) ;
#748 = VECTOR ( 'NONE', #357, 1000.000000000000000 ) ;
#749 = DIRECTION ( 'NONE',  ( -1.000000000000000000, 0.000000000000000000, -7.401486830834378990E-17 ) ) ;
#750 = VERTEX_POINT ( 'NONE', #617 ) ;
#751 = FACE_OUTER_BOUND ( 'NONE', #924, .T. ) ;
#752 = ORIENTED_EDGE ( 'NONE', *, *, #1413, .F. ) ;
#753 = DIRECTION ( 'NONE',  ( 0.000000000000000000, 0.000000000000000000, -1.000000000000000000 ) ) ;
#754 = ADVANCED_FACE ( 'NONE', ( #1369 ), #1146, .F. ) ;
#755 = LINE ( 'NONE', #738, #588 ) ;
#756 = ORIENTED_EDGE ( 'NONE', *, *, #744, .T. ) ;
#757 = PLANE ( 'NONE',  #1181 ) ;
#758 = ORIENTED_EDGE ( 'NONE', *, *, #428, .T. ) ;
#759 = LINE ( 'NONE', #1196, #81 ) ;
#760 = VERTEX_POINT ( 'NONE', #72 ) ;
#761 = EDGE_LOOP ( 'NONE', ( #820, #1027 ) ) ;
#762 = CARTESIAN_POINT ( 'NONE',  ( 5.999999999999999112, 175.0000000000000000, -27.50000000000000355 ) ) ;
#763 = ORIENTED_EDGE ( 'NONE', *, *, #727, .F. ) ;
#764 = PRODUCT ( 'ELP-0023', 'ELP-0023', '', ( #343 ) ) ;
#765 = CYLINDRICAL_SURFACE ( 'NONE', #1249, 4.000000000000003553 ) ;
#766 = AXIS2_PLACEMENT_3D ( 'NONE', #951, #1379, #819 ) ;
#767 = VECTOR ( 'NONE', #1035, 1000.000000000000000 ) ;
#768 = CIRCLE ( 'NONE', #488, 2.250000000000001776 ) ;
#769 = CARTESIAN_POINT ( 'NONE',  ( 16.00000000000000000, 235.0000000000000000, -6.000000000000000000 ) ) ;
#770 = ORIENTED_EDGE ( 'NONE', *, *, #701, .F. ) ;
#771 = ADVANCED_FACE ( 'NONE', ( #173 ), #509, .T. ) ;
#772 = LINE ( 'NONE', #425, #302 ) ;
#773 = CARTESIAN_POINT ( 'NONE',  ( 3.182639337258783003E-15, 0.000000000000000000, -43.00000000000000000 ) ) ;
#774 = ORIENTED_EDGE ( 'NONE', *, *, #364, .F. ) ;
#775 = CARTESIAN_POINT ( 'NONE',  ( 16.00000000000000355, 235.0000000000000000, -2.000000000000001776 ) ) ;
#776 = ORIENTED_EDGE ( 'NONE', *, *, #169, .F. ) ;
#777 = CARTESIAN_POINT ( 'NONE',  ( 1.999999999999999112, 155.0000000000000000, -23.50000000000000000 ) ) ;
#778 = DIRECTION ( 'NONE',  ( -0.000000000000000000, -1.000000000000000000, 0.000000000000000000 ) ) ;
#779 = ORIENTED_EDGE ( 'NONE', *, *, #1069, .F. ) ;
#780 = PLANE ( 'NONE',  #127 ) ;
#781 = DIRECTION ( 'NONE',  ( 1.000000000000000000, -0.000000000000000000, -4.688441826964345531E-17 ) ) ;
#782 = CARTESIAN_POINT ( 'NONE',  ( 9.575673587391971217E-16, 0.000000000000000000, 1.993337492440789984E-31 ) ) ;
#783 = VERTEX_POINT ( 'NONE', #1037 ) ;
#784 = FACE_OUTER_BOUND ( 'NONE', #736, .T. ) ;
#785 = AXIS2_PLACEMENT_3D ( 'NONE', #154, #1144, #599 ) ;
#786 = EDGE_LOOP ( 'NONE', ( #188, #1033 ) ) ;
#787 = VECTOR ( 'NONE', #319, 1000.000000000000000 ) ;
#788 = CARTESIAN_POINT ( 'NONE',  ( -1.628327102783563452E-15, 235.0000000000000000, 22.00000000000000355 ) ) ;
#789 = EDGE_CURVE ( 'NONE', #601, #148, #836, .T. ) ;
#790 = VECTOR ( 'NONE', #454, 1000.000000000000000 ) ;
#791 = VECTOR ( 'NONE', #156, 1000.000000000000000 ) ;
#792 =( NAMED_UNIT ( * ) PLANE_ANGLE_UNIT ( ) SI_UNIT ( $, .RADIAN. ) );
#793 = FACE_OUTER_BOUND ( 'NONE', #871, .T. ) ;
#794 = DIRECTION ( 'NONE',  ( 0.000000000000000000, 0.000000000000000000, 1.000000000000000000 ) ) ;
#795 = CARTESIAN_POINT ( 'NONE',  ( 10.00000000000000000, 117.5000000000000000, 13.00000000000000000 ) ) ;
#796 = VERTEX_POINT ( 'NONE', #487 ) ;
#797 = CARTESIAN_POINT ( 'NONE',  ( 31.00000000000000000, 110.0000000000000000, 9.000000000000001776 ) ) ;
#798 = EDGE_CURVE ( 'NONE', #525, #533, #931, .T. ) ;
#799 = ADVANCED_FACE ( 'NONE', ( #1261, #721, #1152, #66 ), #937, .T. ) ;
#800 = CARTESIAN_POINT ( 'NONE',  ( 5.999999999999999112, 135.0000000000000000, -19.49999999999999645 ) ) ;
#801 = ORIENTED_EDGE ( 'NONE', *, *, #1199, .F. ) ;
#802 = CARTESIAN_POINT ( 'NONE',  ( 3.993774457050379356E-16, 83.99999999999995737, -8.000000000000000000 ) ) ;
#803 = CARTESIAN_POINT ( 'NONE',  ( 1.999999999999999112, 155.0000000000000000, -23.50000000000000000 ) ) ;
#804 = DIRECTION ( 'NONE',  ( 0.7071067811865450192, 0.000000000000000000, -0.7071067811865500152 ) ) ;
#805 = ORIENTED_EDGE ( 'NONE', *, *, #1191, .T. ) ;
#806 = CARTESIAN_POINT ( 'NONE',  ( 10.00000000000000000, 0.000000000000000000, 2.000000000000002665 ) ) ;
#807 = EDGE_LOOP ( 'NONE', ( #1378, #4, #965, #19, #1245, #245 ) ) ;
#808 = CARTESIAN_POINT ( 'NONE',  ( 31.00000000000000000, 110.0000000000000000, 9.000000000000001776 ) ) ;
#809 = EDGE_LOOP ( 'NONE', ( #270, #1309, #610, #529 ) ) ;
#810 = DIRECTION ( 'NONE',  ( -0.000000000000000000, -1.000000000000000000, 0.000000000000000000 ) ) ;
#811 = AXIS2_PLACEMENT_3D ( 'NONE', #469, #50, #913 ) ;
#812 = AXIS2_PLACEMENT_3D ( 'NONE', #862, #308, #982 ) ;
#813 = PLANE ( 'NONE',  #900 ) ;
#814 = AXIS2_PLACEMENT_3D ( 'NONE', #865, #1077, #1302 ) ;
#815 = LINE ( 'NONE', #381, #952 ) ;
#816 = PRODUCT_RELATED_PRODUCT_CATEGORY ( 'part', '', ( #764 ) ) ;
#817 = VECTOR ( 'NONE', #367, 1000.000000000000000 ) ;
#818 = ADVANCED_FACE ( 'NONE', ( #876 ), #1296, .F. ) ;
#819 = DIRECTION ( 'NONE',  ( 0.000000000000000000, 0.000000000000000000, -1.000000000000000000 ) ) ;
#820 = ORIENTED_EDGE ( 'NONE', *, *, #710, .T. ) ;
#821 = DIRECTION ( 'NONE',  ( 0.000000000000000000, 1.000000000000000000, 0.000000000000000000 ) ) ;
#822 = DIRECTION ( 'NONE',  ( -1.000000000000000000, -6.102289674358180136E-19, -5.632958487120583153E-17 ) ) ;
#823 = ORIENTED_EDGE ( 'NONE', *, *, #899, .F. ) ;
#824 = CARTESIAN_POINT ( 'NONE',  ( 6.000000000000000000, 90.00000000000000000, -6.000000000000005329 ) ) ;
#825 = ORIENTED_EDGE ( 'NONE', *, *, #665, .T. ) ;
#826 = LINE ( 'NONE', #167, #739 ) ;
#827 = FACE_BOUND ( 'NONE', #202, .T. ) ;
#828 = VERTEX_POINT ( 'NONE', #973 ) ;
#829 = LINE ( 'NONE', #291, #880 ) ;
#830 = ORIENTED_EDGE ( 'NONE', *, *, #503, .F. ) ;
#831 = EDGE_CURVE ( 'NONE', #869, #1133, #1251, .T. ) ;
#832 = CARTESIAN_POINT ( 'NONE',  ( 31.00000000000000000, 0.000000000000000000, 1.110223024625156540E-15 ) ) ;
#833 = ADVANCED_FACE ( 'NONE', ( #751 ), #205, .T. ) ;
#834 = AXIS2_PLACEMENT_3D ( 'NONE', #363, #1177, #634 ) ;
#835 = CARTESIAN_POINT ( 'NONE',  ( 16.00000000000000355, 0.000000000000000000, -43.00000000000000000 ) ) ;
#836 = CIRCLE ( 'NONE', #1272, 2.250000000000001776 ) ;
#837 = ORIENTED_EDGE ( 'NONE', *, *, #1051, .T. ) ;
#838 = CARTESIAN_POINT ( 'NONE',  ( 16.00000000000000355, 0.000000000000000000, -43.00000000000000000 ) ) ;
#839 = ORIENTED_EDGE ( 'NONE', *, *, #1321, .T. ) ;
#840 = LINE ( 'NONE', #1039, #1132 ) ;
#841 = EDGE_CURVE ( 'NONE', #1326, #624, #192, .T. ) ;
#842 = LINE ( 'NONE', #1171, #1042 ) ;
#843 = EDGE_LOOP ( 'NONE', ( #1214, #1153 ) ) ;
#844 = DIRECTION ( 'NONE',  ( 1.000000000000000000, 0.000000000000000000, 7.401486830834377758E-17 ) ) ;
#845 = VERTEX_POINT ( 'NONE', #3 ) ;
#846 = LINE ( 'NONE', #940, #741 ) ;
#847 = EDGE_CURVE ( 'NONE', #942, #796, #16, .T. ) ;
#848 = PLANE ( 'NONE',  #1227 ) ;
#849 = ORIENTED_EDGE ( 'NONE', *, *, #282, .F. ) ;
#850 = FACE_OUTER_BOUND ( 'NONE', #194, .T. ) ;
#851 = VERTEX_POINT ( 'NONE', #637 ) ;
#852 = CARTESIAN_POINT ( 'NONE',  ( 9.999999999999998224, 7.000000000000000000, 19.24999999999998934 ) ) ;
#853 = CIRCLE ( 'NONE', #811, 2.249999999999989786 ) ;
#854 = ORIENTED_EDGE ( 'NONE', *, *, #605, .F. ) ;
#855 = CIRCLE ( 'NONE', #1040, 5.000000000000000000 ) ;
#856 = CYLINDRICAL_SURFACE ( 'NONE', #1292, 2.000000000000000000 ) ;
#857 = EDGE_CURVE ( 'NONE', #597, #886, #431, .T. ) ;
#858 = VECTOR ( 'NONE', #383, 1000.000000000000000 ) ;
#859 = EDGE_CURVE ( 'NONE', #828, #577, #1316, .T. ) ;
#860 = ORIENTED_EDGE ( 'NONE', *, *, #1069, .T. ) ;
#861 = CIRCLE ( 'NONE', #1206, 5.999999999999998224 ) ;
#862 = CARTESIAN_POINT ( 'NONE',  ( 10.00000000000000000, 7.000000000000000000, 6.999999999999997335 ) ) ;
#863 = DIRECTION ( 'NONE',  ( -1.000000000000000000, -0.000000000000000000, -0.000000000000000000 ) ) ;
#864 = ORIENTED_EDGE ( 'NONE', *, *, #480, .F. ) ;
#865 = CARTESIAN_POINT ( 'NONE',  ( 1.000000000000000888, 117.5000000000000000, 13.00000000000000000 ) ) ;
#866 = ORIENTED_EDGE ( 'NONE', *, *, #296, .T. ) ;
#867 = FACE_BOUND ( 'NONE', #786, .T. ) ;
#868 = DIRECTION ( 'NONE',  ( 0.000000000000000000, 0.000000000000000000, 1.000000000000000000 ) ) ;
#869 = VERTEX_POINT ( 'NONE', #326 ) ;
#870 = CARTESIAN_POINT ( 'NONE',  ( 8.000000000000000000, 235.0000000000000000, 3.441691376337987247E-15 ) ) ;
#871 = EDGE_LOOP ( 'NONE', ( #98, #618 ) ) ;
#872 = DIRECTION ( 'NONE',  ( -7.401486830834377758E-17, 0.000000000000000000, 1.000000000000000000 ) ) ;
#873 = ADVANCED_FACE ( 'NONE', ( #850 ), #856, .F. ) ;
#874 = DIRECTION ( 'NONE',  ( -4.688441826964351694E-17, 0.000000000000000000, -1.000000000000000000 ) ) ;
#875 = ORIENTED_EDGE ( 'NONE', *, *, #1355, .F. ) ;
#876 = FACE_OUTER_BOUND ( 'NONE', #65, .T. ) ;
#877 = AXIS2_PLACEMENT_3D ( 'NONE', #689, #356, #1331 ) ;
#878 = CARTESIAN_POINT ( 'NONE',  ( 5.999999999999999112, 155.0000000000000000, -23.50000000000000000 ) ) ;
#879 = CIRCLE ( 'NONE', #122, 4.000000000000003553 ) ;
#880 = VECTOR ( 'NONE', #1057, 1000.000000000000000 ) ;
#881 = ORIENTED_EDGE ( 'NONE', *, *, #155, .T. ) ;
#882 = EDGE_CURVE ( 'NONE', #930, #886, #772, .T. ) ;
#883 = EDGE_LOOP ( 'NONE', ( #551, #1242 ) ) ;
#884 = DIRECTION ( 'NONE',  ( 1.000000000000000000, -0.000000000000000000, -4.688441826964345531E-17 ) ) ;
#885 = DIRECTION ( 'NONE',  ( -1.000000000000000000, -0.000000000000000000, -0.000000000000000000 ) ) ;
#886 = VERTEX_POINT ( 'NONE', #870 ) ;
#887 = CARTESIAN_POINT ( 'NONE',  ( 1.999999999999999112, 155.0000000000000000, -27.50000000000000355 ) ) ;
#888 = DIRECTION ( 'NONE',  ( -0.000000000000000000, 1.000000000000000000, -0.000000000000000000 ) ) ;
#889 = EDGE_CURVE ( 'NONE', #1209, #577, #1226, .T. ) ;
#890 = DIRECTION ( 'NONE',  ( 1.000000000000000000, -0.000000000000000000, -4.688441826964345531E-17 ) ) ;
#891 = ADVANCED_FACE ( 'NONE', ( #1308 ), #195, .F. ) ;
#892 = CARTESIAN_POINT ( 'NONE',  ( 16.00000000000000355, 9.763663478973089758E-18, -7.999999999999998224 ) ) ;
#893 = ORIENTED_EDGE ( 'NONE', *, *, #281, .T. ) ;
#894 = DIRECTION ( 'NONE',  ( 1.000000000000000000, -0.000000000000000000, -4.688441826964345531E-17 ) ) ;
#895 = APPLICATION_PROTOCOL_DEFINITION ( 'draft international standard', 'automotive_design', 1998, #616 ) ;
#896 = CARTESIAN_POINT ( 'NONE',  ( 31.00000000000000000, 110.0000000000000000, 5.999999999999998224 ) ) ;
#897 = LINE ( 'NONE', #125, #126 ) ;
#898 = CARTESIAN_POINT ( 'NONE',  ( -6.177022107025522602E-15, 155.0000000000000000, -25.75000000000000355 ) ) ;
#899 = EDGE_CURVE ( 'NONE', #196, #760, #1073, .T. ) ;
#900 = AXIS2_PLACEMENT_3D ( 'NONE', #585, #1252, #668 ) ;
#901 = ORIENTED_EDGE ( 'NONE', *, *, #187, .T. ) ;
#902 = VECTOR ( 'NONE', #286, 1000.000000000000000 ) ;
#903 = CARTESIAN_POINT ( 'NONE',  ( 16.00000000000000355, 90.00000000000000000, -7.999999999999998224 ) ) ;
#904 = AXIS2_PLACEMENT_3D ( 'NONE', #649, #1287, #657 ) ;
#905 =( GEOMETRIC_REPRESENTATION_CONTEXT ( 3 ) GLOBAL_UNCERTAINTY_ASSIGNED_CONTEXT ( ( #954 ) ) GLOBAL_UNIT_ASSIGNED_CONTEXT ( ( #552, #792, #437 ) ) REPRESENTATION_CONTEXT ( 'NONE', 'WORKASPACE' ) );
#906 = DIRECTION ( 'NONE',  ( 0.000000000000000000, 0.000000000000000000, 1.000000000000000000 ) ) ;
#907 = LINE ( 'NONE', #243, #970 ) ;
#908 = CARTESIAN_POINT ( 'NONE',  ( 2.367251542392627036E-15, 90.00000000000000000, -43.00000000000000000 ) ) ;
#909 = CARTESIAN_POINT ( 'NONE',  ( 5.999999999999999112, 175.0000000000000000, -23.50000000000000000 ) ) ;
#910 = ORIENTED_EDGE ( 'NONE', *, *, #1413, .T. ) ;
#911 = CYLINDRICAL_SURFACE ( 'NONE', #121, 5.999999999999998224 ) ;
#912 = DIRECTION ( 'NONE',  ( 1.000000000000000000, -0.000000000000000000, -4.688441826964345531E-17 ) ) ;
#913 = DIRECTION ( 'NONE',  ( 0.000000000000000000, 0.000000000000000000, 1.000000000000000000 ) ) ;
#914 = DIRECTION ( 'NONE',  ( 7.401486830834378990E-17, 0.000000000000000000, -1.000000000000000000 ) ) ;
#915 = CARTESIAN_POINT ( 'NONE',  ( 1.999999999999999112, 135.0000000000000000, -19.49999999999999645 ) ) ;
#916 = ORIENTED_EDGE ( 'NONE', *, *, #859, .T. ) ;
#917 = CARTESIAN_POINT ( 'NONE',  ( 6.000000000000000000, 3.661373804614907889E-18, -7.999999999999998224 ) ) ;
#918 = CARTESIAN_POINT ( 'NONE',  ( -5.966042224812127059E-15, 135.0000000000000000, -21.24999999999999645 ) ) ;
#919 = EDGE_CURVE ( 'NONE', #661, #1394, #524, .T. ) ;
#920 = ADVANCED_FACE ( 'NONE', ( #410 ), #757, .T. ) ;
#921 = FACE_BOUND ( 'NONE', #843, .T. ) ;
#922 = PLANE ( 'NONE',  #63 ) ;
#923 = LINE ( 'NONE', #1359, #607 ) ;
#924 = EDGE_LOOP ( 'NONE', ( #580, #74, #200, #449, #615, #1161, #688, #621, #105, #1234, #866, #185 ) ) ;
#925 = DIRECTION ( 'NONE',  ( -1.000000000000000000, -6.102289674358180136E-19, 0.000000000000000000 ) ) ;
#926 = CIRCLE ( 'NONE', #277, 2.249999999999979572 ) ;
#927 = CIRCLE ( 'NONE', #61, 2.249999999999977796 ) ;
#928 = AXIS2_PLACEMENT_3D ( 'NONE', #276, #943, #201 ) ;
#929 = CARTESIAN_POINT ( 'NONE',  ( 29.00000000000001421, 110.0000000000000000, 11.00000000000000000 ) ) ;
#930 = VERTEX_POINT ( 'NONE', #540 ) ;
#931 = LINE ( 'NONE', #377, #858 ) ;
#932 = EDGE_LOOP ( 'NONE', ( #703, #901, #730, #486 ) ) ;
#933 = DIRECTION ( 'NONE',  ( 0.000000000000000000, 0.000000000000000000, -1.000000000000000000 ) ) ;
#934 = DIRECTION ( 'NONE',  ( 1.000000000000000000, -0.000000000000000000, -4.688441826964345531E-17 ) ) ;
#935 = EDGE_CURVE ( 'NONE', #1067, #372, #536, .T. ) ;
#936 = ORIENTED_EDGE ( 'NONE', *, *, #1244, .T. ) ;
#937 = PLANE ( 'NONE',  #928 ) ;
#938 = EDGE_CURVE ( 'NONE', #110, #1373, #259, .T. ) ;
#939 = ORIENTED_EDGE ( 'NONE', *, *, #114, .F. ) ;
#940 = CARTESIAN_POINT ( 'NONE',  ( 31.00000000000000000, 110.0000000000000000, 9.000000000000001776 ) ) ;
#941 = CARTESIAN_POINT ( 'NONE',  ( 6.000000000000000000, 235.0000000000000000, -6.000000000000005329 ) ) ;
#942 = VERTEX_POINT ( 'NONE', #686 ) ;
#943 = DIRECTION ( 'NONE',  ( -1.000000000000000000, 0.000000000000000000, -7.401486830834377758E-17 ) ) ;
#944 = ORIENTED_EDGE ( 'NONE', *, *, #171, .F. ) ;
#945 = PLANE ( 'NONE',  #1134 ) ;
#946 = EDGE_CURVE ( 'NONE', #672, #411, #1129, .T. ) ;
#947 = AXIS2_PLACEMENT_3D ( 'NONE', #313, #427, #99 ) ;
#948 = CARTESIAN_POINT ( 'NONE',  ( 1.999999999999999112, 155.0000000000000000, -23.50000000000000000 ) ) ;
#949 = AXIS2_PLACEMENT_3D ( 'NONE', #1031, #934, #170 ) ;
#950 = ORIENTED_EDGE ( 'NONE', *, *, #998, .F. ) ;
#951 = CARTESIAN_POINT ( 'NONE',  ( 10.00000000000000000, 235.0000000000000000, 4.302114220422483961E-15 ) ) ;
#952 = VECTOR ( 'NONE', #822, 1000.000000000000000 ) ;
#953 = ORIENTED_EDGE ( 'NONE', *, *, #40, .T. ) ;
#954 = UNCERTAINTY_MEASURE_WITH_UNIT (LENGTH_MEASURE( 1.000000000000000082E-05 ), #552, 'distance_accuracy_value', 'NONE');
#955 = CARTESIAN_POINT ( 'NONE',  ( 3.700743415417189125E-16, 235.0000000000000000, -4.999999999999997335 ) ) ;
#956 = DIRECTION ( 'NONE',  ( -1.000000000000000000, 0.000000000000000000, -7.401486830834377758E-17 ) ) ;
#957 = ORIENTED_EDGE ( 'NONE', *, *, #419, .F. ) ;
#958 = DIRECTION ( 'NONE',  ( -7.401486830834376525E-17, 1.387778780781445676E-14, 1.000000000000000000 ) ) ;
#959 = ORIENTED_EDGE ( 'NONE', *, *, #578, .F. ) ;
#960 = CARTESIAN_POINT ( 'NONE',  ( 16.00000000000000000, 7.000000000000000000, 6.999999999999997335 ) ) ;
#961 = DIRECTION ( 'NONE',  ( -0.000000000000000000, -1.000000000000000000, -0.000000000000000000 ) ) ;
#962 = EDGE_CURVE ( 'NONE', #981, #379, #345, .T. ) ;
#963 = CARTESIAN_POINT ( 'NONE',  ( 6.000000000000000000, 83.99999999999998579, -13.99999999999999822 ) ) ;
#964 = EDGE_CURVE ( 'NONE', #1123, #1209, #576, .T. ) ;
#965 = ORIENTED_EDGE ( 'NONE', *, *, #95, .F. ) ;
#966 = CARTESIAN_POINT ( 'NONE',  ( 16.00000000000000000, 0.000000000000000000, -2.000000000000002665 ) ) ;
#967 = VERTEX_POINT ( 'NONE', #587 ) ;
#968 = CARTESIAN_POINT ( 'NONE',  ( 31.00000000000000000, 110.0000000000000000, 9.000000000000001776 ) ) ;
#969 = SURFACE_SIDE_STYLE ('',( #1071 ) ) ;
#970 = VECTOR ( 'NONE', #1327, 1000.000000000000000 ) ;
#971 = ORIENTED_EDGE ( 'NONE', *, *, #1199, .T. ) ;
#972 = VECTOR ( 'NONE', #555, 1000.000000000000000 ) ;
#973 = CARTESIAN_POINT ( 'NONE',  ( 1.999999999999999112, 175.0000000000000000, -27.50000000000000355 ) ) ;
#974 = ORIENTED_EDGE ( 'NONE', *, *, #724, .T. ) ;
#975 = MECHANICAL_DESIGN_GEOMETRIC_PRESENTATION_REPRESENTATION (  '', ( #17 ), #1184 ) ;
#976 = CARTESIAN_POINT ( 'NONE',  ( 1.999999999999999112, 135.0000000000000000, -23.50000000000000000 ) ) ;
#977 = CARTESIAN_POINT ( 'NONE',  ( -5.966042224812127059E-15, 175.0000000000000000, -21.24999999999999645 ) ) ;
#978 = ORIENTED_EDGE ( 'NONE', *, *, #733, .T. ) ;
#979 = CARTESIAN_POINT ( 'NONE',  ( 16.00000000000000000, 117.5000000000000000, 13.00000000000000178 ) ) ;
#980 = EDGE_CURVE ( 'NONE', #1373, #206, #1215, .T. ) ;
#981 = VERTEX_POINT ( 'NONE', #565 ) ;
#982 = DIRECTION ( 'NONE',  ( 0.000000000000000000, 0.000000000000000000, 1.000000000000000000 ) ) ;
#983 = EDGE_CURVE ( 'NONE', #400, #472, #82, .T. ) ;
#984 = ORIENTED_EDGE ( 'NONE', *, *, #964, .F. ) ;
#985 = DIRECTION ( 'NONE',  ( 5.632958487120583153E-17, 0.000000000000000000, -1.000000000000000000 ) ) ;
#986 = ORIENTED_EDGE ( 'NONE', *, *, #1130, .F. ) ;
#987 = DIRECTION ( 'NONE',  ( -1.000000000000000000, -0.000000000000000000, -0.000000000000000000 ) ) ;
#988 = ORIENTED_EDGE ( 'NONE', *, *, #446, .F. ) ;
#989 = DIRECTION ( 'NONE',  ( 0.000000000000000000, 0.000000000000000000, -1.000000000000000000 ) ) ;
#990 = EDGE_CURVE ( 'NONE', #1394, #158, #1109, .T. ) ;
#991 = ORIENTED_EDGE ( 'NONE', *, *, #228, .F. ) ;
#992 = VERTEX_POINT ( 'NONE', #28 ) ;
#993 = DIRECTION ( 'NONE',  ( 0.000000000000000000, 0.000000000000000000, 1.000000000000000000 ) ) ;
#994 = VECTOR ( 'NONE', #240, 1000.000000000000000 ) ;
#995 = CARTESIAN_POINT ( 'NONE',  ( 10.00000000000000000, 7.000000000000000000, 19.24999999999997513 ) ) ;
#996 = AXIS2_PLACEMENT_3D ( 'NONE', #134, #471, #1141 ) ;
#997 = ORIENTED_EDGE ( 'NONE', *, *, #998, .T. ) ;
#998 = EDGE_CURVE ( 'NONE', #1353, #796, #1344, .T. ) ;
#999 = DIRECTION ( 'NONE',  ( 1.000000000000000000, 0.000000000000000000, 0.000000000000000000 ) ) ;
#1000 = LINE ( 'NONE', #137, #1313 ) ;
#1001 = PLANE ( 'NONE',  #210 ) ;
#1002 = CARTESIAN_POINT ( 'NONE',  ( 8.000000000000000000, 0.000000000000000000, -8.000000000000003553 ) ) ;
#1003 = EDGE_LOOP ( 'NONE', ( #801, #219, #1036, #708 ) ) ;
#1004 = DIRECTION ( 'NONE',  ( 1.000000000000000000, -0.000000000000000000, -4.688441826964345531E-17 ) ) ;
#1005 = DIRECTION ( 'NONE',  ( 1.000000000000000000, 0.000000000000000000, 7.401486830834377758E-17 ) ) ;
#1006 = DIRECTION ( 'NONE',  ( -4.688441826964351694E-17, 0.000000000000000000, -1.000000000000000000 ) ) ;
#1007 = EDGE_CURVE ( 'NONE', #712, #1053, #897, .T. ) ;
#1008 = LINE ( 'NONE', #782, #322 ) ;
#1009 = DIRECTION ( 'NONE',  ( 0.000000000000000000, 0.000000000000000000, -1.000000000000000000 ) ) ;
#1010 = ORIENTED_EDGE ( 'NONE', *, *, #1175, .F. ) ;
#1011 = CARTESIAN_POINT ( 'NONE',  ( 23.99999999999997868, 125.0000000000000000, 5.999999999999997335 ) ) ;
#1012 = FACE_OUTER_BOUND ( 'NONE', #1047, .T. ) ;
#1013 = CARTESIAN_POINT ( 'NONE',  ( 5.999999999999999112, 135.0000000000000000, -23.50000000000000000 ) ) ;
#1014 = DIRECTION ( 'NONE',  ( 0.000000000000000000, 0.000000000000000000, 1.000000000000000000 ) ) ;
#1015 = ORIENTED_EDGE ( 'NONE', *, *, #114, .T. ) ;
#1016 = DIRECTION ( 'NONE',  ( 1.000000000000000000, -0.000000000000000000, -4.688441826964345531E-17 ) ) ;
#1017 = AXIS2_PLACEMENT_3D ( 'NONE', #1148, #1004, #1126 ) ;
#1018 = EDGE_LOOP ( 'NONE', ( #1064, #1275, #547, #1396 ) ) ;
#1019 = VECTOR ( 'NONE', #1337, 1000.000000000000000 ) ;
#1020 = PLANE ( 'NONE',  #481 ) ;
#1021 = AXIS2_PLACEMENT_3D ( 'NONE', #777, #890, #1025 ) ;
#1022 = VECTOR ( 'NONE', #863, 1000.000000000000000 ) ;
#1023 = LINE ( 'NONE', #232, #1137 ) ;
#1024 = DIRECTION ( 'NONE',  ( -0.000000000000000000, -1.000000000000000000, -0.000000000000000000 ) ) ;
#1025 = DIRECTION ( 'NONE',  ( 0.000000000000000000, 0.000000000000000000, -1.000000000000000000 ) ) ;
#1026 = CYLINDRICAL_SURFACE ( 'NONE', #1271, 2.250000000000001776 ) ;
#1027 = ORIENTED_EDGE ( 'NONE', *, *, #640, .T. ) ;
#1028 = LINE ( 'NONE', #788, #390 ) ;
#1029 = ADVANCED_FACE ( 'NONE', ( #226 ), #1001, .F. ) ;
#1030 = CARTESIAN_POINT ( 'NONE',  ( -6.071532165918824830E-15, 155.0000000000000000, -23.50000000000000000 ) ) ;
#1031 = CARTESIAN_POINT ( 'NONE',  ( 5.999999999999999112, 135.0000000000000000, -23.50000000000000000 ) ) ;
#1032 = DIRECTION ( 'NONE',  ( 0.000000000000000000, 0.000000000000000000, -1.000000000000000000 ) ) ;
#1033 = ORIENTED_EDGE ( 'NONE', *, *, #847, .F. ) ;
#1034 = DIRECTION ( 'NONE',  ( -4.688441826964351694E-17, 0.000000000000000000, -1.000000000000000000 ) ) ;
#1035 = DIRECTION ( 'NONE',  ( 1.000000000000000000, -0.000000000000000000, 7.401486830834377758E-17 ) ) ;
#1036 = ORIENTED_EDGE ( 'NONE', *, *, #1112, .T. ) ;
#1037 = CARTESIAN_POINT ( 'NONE',  ( 31.00000000000000000, 110.0000000000000000, 9.000000000000001776 ) ) ;
#1038 = ORIENTED_EDGE ( 'NONE', *, *, #281, .F. ) ;
#1039 = CARTESIAN_POINT ( 'NONE',  ( 31.00000000000000000, 125.0000000000000000, 9.000000000000001776 ) ) ;
#1040 = AXIS2_PLACEMENT_3D ( 'NONE', #596, #251, #693 ) ;
#1041 = EDGE_CURVE ( 'NONE', #1373, #110, #39, .T. ) ;
#1042 = VECTOR ( 'NONE', #51, 1000.000000000000000 ) ;
#1043 = FACE_OUTER_BOUND ( 'NONE', #77, .T. ) ;
#1044 = EDGE_CURVE ( 'NONE', #1117, #1394, #470, .T. ) ;
#1045 = ORIENTED_EDGE ( 'NONE', *, *, #241, .T. ) ;
#1046 = DIRECTION ( 'NONE',  ( 0.000000000000000000, -0.000000000000000000, -1.000000000000000000 ) ) ;
#1047 = EDGE_LOOP ( 'NONE', ( #984, #1228, #916, #1074 ) ) ;
#1048 = DIRECTION ( 'NONE',  ( -1.000000000000000000, 0.000000000000000000, 0.000000000000000000 ) ) ;
#1049 = FACE_BOUND ( 'NONE', #1193, .T. ) ;
#1050 = VERTEX_POINT ( 'NONE', #802 ) ;
#1051 = EDGE_CURVE ( 'NONE', #553, #992, #569, .T. ) ;
#1052 = CARTESIAN_POINT ( 'NONE',  ( 0.000000000000000000, 83.99999999999998579, -14.00000000000000000 ) ) ;
#1053 = VERTEX_POINT ( 'NONE', #908 ) ;
#1054 = CARTESIAN_POINT ( 'NONE',  ( 6.000000000000000000, 235.0000000000000000, -6.000000000000005329 ) ) ;
#1055 = CARTESIAN_POINT ( 'NONE',  ( 12.00000000000000178, 0.000000000000000000, -6.000000000000001776 ) ) ;
#1056 = VERTEX_POINT ( 'NONE', #806 ) ;
#1057 = DIRECTION ( 'NONE',  ( -1.000000000000000000, -0.000000000000000000, -0.000000000000000000 ) ) ;
#1058 = ORIENTED_EDGE ( 'NONE', *, *, #296, .F. ) ;
#1059 = CARTESIAN_POINT ( 'NONE',  ( 3.182639337258783003E-15, 235.0000000000000000, -43.00000000000000000 ) ) ;
#1060 = AXIS2_PLACEMENT_3D ( 'NONE', #832, #1048, #505 ) ;
#1061 = AXIS2_PLACEMENT_3D ( 'NONE', #348, #1016, #146 ) ;
#1062 = PLANE ( 'NONE',  #237 ) ;
#1063 = AXIS2_PLACEMENT_3D ( 'NONE', #157, #713, #735 ) ;
#1064 = ORIENTED_EDGE ( 'NONE', *, *, #1007, .T. ) ;
#1065 = FACE_OUTER_BOUND ( 'NONE', #31, .T. ) ;
#1066 = AXIS2_PLACEMENT_3D ( 'NONE', #116, #1213, #458 ) ;
#1067 = VERTEX_POINT ( 'NONE', #1246 ) ;
#1068 = DIRECTION ( 'NONE',  ( 1.000000000000000000, -0.000000000000000000, -4.688441826964345531E-17 ) ) ;
#1069 = EDGE_CURVE ( 'NONE', #110, #518, #256, .T. ) ;
#1070 = EDGE_CURVE ( 'NONE', #1295, #1262, #927, .T. ) ;
#1071 = SURFACE_STYLE_FILL_AREA ( #90 ) ;
#1072 = ORIENTED_EDGE ( 'NONE', *, *, #962, .T. ) ;
#1073 = LINE ( 'NONE', #92, #1157 ) ;
#1074 = ORIENTED_EDGE ( 'NONE', *, *, #484, .T. ) ;
#1075 = DIRECTION ( 'NONE',  ( -1.000000000000000000, 0.000000000000000000, 4.688441826964345531E-17 ) ) ;
#1076 = ORIENTED_EDGE ( 'NONE', *, *, #214, .F. ) ;
#1077 = DIRECTION ( 'NONE',  ( 1.000000000000000000, -0.000000000000000000, 7.401486830834377758E-17 ) ) ;
#1078 = ORIENTED_EDGE ( 'NONE', *, *, #1095, .T. ) ;
#1079 = CARTESIAN_POINT ( 'NONE',  ( 5.999999999999999112, 175.0000000000000000, -23.50000000000000000 ) ) ;
#1080 = EDGE_CURVE ( 'NONE', #851, #967, #440, .T. ) ;
#1081 = CARTESIAN_POINT ( 'NONE',  ( -6.071532165918824830E-15, 175.0000000000000000, -23.50000000000000000 ) ) ;
#1082 = CIRCLE ( 'NONE', #877, 4.000000000000003553 ) ;
#1083 = EDGE_LOOP ( 'NONE', ( #752, #430, #974, #67 ) ) ;
#1084 = EDGE_CURVE ( 'NONE', #213, #930, #1008, .T. ) ;
#1085 = DIRECTION ( 'NONE',  ( -4.688441826964351694E-17, 0.000000000000000000, -1.000000000000000000 ) ) ;
#1086 = VECTOR ( 'NONE', #1240, 1000.000000000000000 ) ;
#1087 = ORIENTED_EDGE ( 'NONE', *, *, #859, .F. ) ;
#1088 = CIRCLE ( 'NONE', #371, 2.000000000000000000 ) ;
#1089 = DIRECTION ( 'NONE',  ( -0.000000000000000000, -0.000000000000000000, 1.000000000000000000 ) ) ;
#1090 = ORIENTED_EDGE ( 'NONE', *, *, #1264, .T. ) ;
#1091 = FACE_OUTER_BOUND ( 'NONE', #1400, .T. ) ;
#1092 = EDGE_LOOP ( 'NONE', ( #1189, #971, #365, #511 ) ) ;
#1093 = DIRECTION ( 'NONE',  ( -0.000000000000000000, 1.000000000000000000, -0.000000000000000000 ) ) ;
#1094 = ADVANCED_FACE ( 'NONE', ( #244 ), #1335, .F. ) ;
#1095 = EDGE_CURVE ( 'NONE', #750, #1056, #1253, .T. ) ;
#1096 = ORIENTED_EDGE ( 'NONE', *, *, #919, .T. ) ;
#1097 = DIRECTION ( 'NONE',  ( 0.000000000000000000, 0.000000000000000000, -1.000000000000000000 ) ) ;
#1098 = EDGE_LOOP ( 'NONE', ( #48, #910, #330, #592 ) ) ;
#1099 = CYLINDRICAL_SURFACE ( 'NONE', #700, 2.000000000000000000 ) ;
#1100 = EDGE_LOOP ( 'NONE', ( #1212, #959, #997, #722 ) ) ;
#1101 = CARTESIAN_POINT ( 'NONE',  ( 1.999999999999999112, 155.0000000000000000, -23.50000000000000000 ) ) ;
#1102 = CARTESIAN_POINT ( 'NONE',  ( 16.00000000000000000, 110.0000000000000000, 9.000000000000000000 ) ) ;
#1103 = ORIENTED_EDGE ( 'NONE', *, *, #378, .T. ) ;
#1104 = CARTESIAN_POINT ( 'NONE',  ( 31.00000000000000000, 125.0000000000000000, 9.000000000000001776 ) ) ;
#1105 = VECTOR ( 'NONE', #49, 1000.000000000000000 ) ;
#1106 = CARTESIAN_POINT ( 'NONE',  ( 5.999999999999999112, 155.0000000000000000, -19.49999999999999645 ) ) ;
#1107 = AXIS2_PLACEMENT_3D ( 'NONE', #976, #119, #1211 ) ;
#1108 = CARTESIAN_POINT ( 'NONE',  ( 6.000000000000000000, 235.0000000000000000, -8.000000000000003553 ) ) ;
#1109 = CIRCLE ( 'NONE', #394, 4.000000000000000000 ) ;
#1110 = VERTEX_POINT ( 'NONE', #1055 ) ;
#1111 = AXIS2_PLACEMENT_3D ( 'NONE', #562, #335, #999 ) ;
#1112 = EDGE_CURVE ( 'NONE', #720, #1133, #1372, .T. ) ;
#1113 = DIRECTION ( 'NONE',  ( 0.000000000000000000, 0.000000000000000000, -1.000000000000000000 ) ) ;
#1114 = EDGE_LOOP ( 'NONE', ( #644, #1103, #1182, #254 ) ) ;
#1115 = DIRECTION ( 'NONE',  ( -1.000000000000000000, -0.000000000000000000, -0.000000000000000000 ) ) ;
#1116 = DIRECTION ( 'NONE',  ( 1.000000000000000000, -0.000000000000000000, -4.688441826964345531E-17 ) ) ;
#1117 = VERTEX_POINT ( 'NONE', #726 ) ;
#1118 = CARTESIAN_POINT ( 'NONE',  ( 12.00000000000000178, 235.0000000000000000, -6.000000000000001776 ) ) ;
#1119 = PRODUCT_DEFINITION_CONTEXT ( 'detailed design', #223, 'design' ) ;
#1120 = CARTESIAN_POINT ( 'NONE',  ( 5.999999999999999112, 175.0000000000000000, -25.75000000000000355 ) ) ;
#1121 = LINE ( 'NONE', #123, #508 ) ;
#1122 = DIRECTION ( 'NONE',  ( -1.000000000000000000, -0.000000000000000000, -0.000000000000000000 ) ) ;
#1123 = VERTEX_POINT ( 'NONE', #69 ) ;
#1124 = CARTESIAN_POINT ( 'NONE',  ( 5.999999999999998224, 235.0000000000000000, -43.00000000000000000 ) ) ;
#1125 = ORIENTED_EDGE ( 'NONE', *, *, #358, .T. ) ;
#1126 = DIRECTION ( 'NONE',  ( -4.688441826964351694E-17, 0.000000000000000000, -1.000000000000000000 ) ) ;
#1127 = DIRECTION ( 'NONE',  ( 1.000000000000000000, -0.000000000000000000, -4.688441826964345531E-17 ) ) ;
#1128 = CARTESIAN_POINT ( 'NONE',  ( 8.000000000000000000, 235.0000000000000000, 2.000000000000002665 ) ) ;
#1129 = LINE ( 'NONE', #36, #1086 ) ;
#1130 = EDGE_CURVE ( 'NONE', #372, #1067, #147, .T. ) ;
#1131 = DIRECTION ( 'NONE',  ( 0.000000000000000000, -0.000000000000000000, 1.000000000000000000 ) ) ;
#1132 = VECTOR ( 'NONE', #75, 1000.000000000000000 ) ;
#1133 = VERTEX_POINT ( 'NONE', #1150 ) ;
#1134 = AXIS2_PLACEMENT_3D ( 'NONE', #613, #175, #395 ) ;
#1135 = LINE ( 'NONE', #797, #994 ) ;
#1136 = VECTOR ( 'NONE', #729, 1000.000000000000000 ) ;
#1137 = VECTOR ( 'NONE', #33, 1000.000000000000000 ) ;
#1138 = LINE ( 'NONE', #1333, #1270 ) ;
#1139 = DIRECTION ( 'NONE',  ( 0.000000000000000000, 0.000000000000000000, -1.000000000000000000 ) ) ;
#1140 = ADVANCED_FACE ( 'NONE', ( #1043 ), #1387, .F. ) ;
#1141 = DIRECTION ( 'NONE',  ( -4.688441826964351694E-17, 0.000000000000000000, -1.000000000000000000 ) ) ;
#1142 = EDGE_CURVE ( 'NONE', #8, #553, #1365, .T. ) ;
#1143 = EDGE_LOOP ( 'NONE', ( #549, #1219 ) ) ;
#1144 = DIRECTION ( 'NONE',  ( 1.000000000000000000, -0.000000000000000000, -4.688441826964345531E-17 ) ) ;
#1145 = LINE ( 'NONE', #835, #791 ) ;
#1146 = CYLINDRICAL_SURFACE ( 'NONE', #1063, 3.000000000000000888 ) ;
#1147 = ORIENTED_EDGE ( 'NONE', *, *, #180, .T. ) ;
#1148 = CARTESIAN_POINT ( 'NONE',  ( -6.071532165918824830E-15, 135.0000000000000000, -23.50000000000000000 ) ) ;
#1149 = ADVANCED_FACE ( 'NONE', ( #827, #1166, #1049, #289 ), #476, .F. ) ;
#1150 = CARTESIAN_POINT ( 'NONE',  ( 16.00000000000000000, 117.5000000000000000, 9.999999999999998224 ) ) ;
#1151 = ORIENTED_EDGE ( 'NONE', *, *, #403, .T. ) ;
#1152 = FACE_BOUND ( 'NONE', #883, .T. ) ;
#1153 = ORIENTED_EDGE ( 'NONE', *, *, #575, .F. ) ;
#1154 = CARTESIAN_POINT ( 'NONE',  ( 31.00000000000000000, 125.0000000000000000, 5.999999999999998224 ) ) ;
#1155 = VECTOR ( 'NONE', #594, 1000.000000000000000 ) ;
#1156 = VECTOR ( 'NONE', #1162, 1000.000000000000000 ) ;
#1157 = VECTOR ( 'NONE', #1210, 1000.000000000000000 ) ;
#1158 = EDGE_CURVE ( 'NONE', #651, #1167, #76, .T. ) ;
#1159 = AXIS2_PLACEMENT_3D ( 'NONE', #1192, #423, #868 ) ;
#1160 = CARTESIAN_POINT ( 'NONE',  ( 12.00000000000000178, 235.0000000000000000, -6.000000000000001776 ) ) ;
#1161 = ORIENTED_EDGE ( 'NONE', *, *, #1323, .F. ) ;
#1162 = DIRECTION ( 'NONE',  ( -1.000000000000000000, -0.000000000000000000, -0.000000000000000000 ) ) ;
#1163 = ORIENTED_EDGE ( 'NONE', *, *, #684, .T. ) ;
#1164 = FACE_OUTER_BOUND ( 'NONE', #1320, .T. ) ;
#1165 = CARTESIAN_POINT ( 'NONE',  ( 5.999999999999999112, 155.0000000000000000, -23.50000000000000000 ) ) ;
#1166 = FACE_BOUND ( 'NONE', #694, .T. ) ;
#1167 = VERTEX_POINT ( 'NONE', #732 ) ;
#1168 = PLANE ( 'NONE',  #766 ) ;
#1169 = ORIENTED_EDGE ( 'NONE', *, *, #1080, .F. ) ;
#1170 = DIRECTION ( 'NONE',  ( 1.000000000000000000, -0.000000000000000000, -4.688441826964345531E-17 ) ) ;
#1171 = CARTESIAN_POINT ( 'NONE',  ( 1.000000000000000666, 117.5000000000000000, 16.00000000000000000 ) ) ;
#1172 = ORIENTED_EDGE ( 'NONE', *, *, #707, .F. ) ;
#1173 = LINE ( 'NONE', #369, #1156 ) ;
#1174 = EDGE_CURVE ( 'NONE', #1326, #601, #1377, .T. ) ;
#1175 = EDGE_CURVE ( 'NONE', #442, #851, #1145, .T. ) ;
#1176 = ORIENTED_EDGE ( 'NONE', *, *, #11, .F. ) ;
#1177 = DIRECTION ( 'NONE',  ( -1.000000000000000000, -0.000000000000000000, -0.000000000000000000 ) ) ;
#1178 = AXIS2_PLACEMENT_3D ( 'NONE', #1371, #1068, #933 ) ;
#1179 = CIRCLE ( 'NONE', #653, 2.000000000000000000 ) ;
#1180 = CARTESIAN_POINT ( 'NONE',  ( 5.999999999999999112, 155.0000000000000000, -23.50000000000000000 ) ) ;
#1181 = AXIS2_PLACEMENT_3D ( 'NONE', #1194, #220, #662 ) ;
#1182 = ORIENTED_EDGE ( 'NONE', *, *, #29, .T. ) ;
#1183 = DIRECTION ( 'NONE',  ( -0.000000000000000000, 1.000000000000000000, 0.000000000000000000 ) ) ;
#1184 =( GEOMETRIC_REPRESENTATION_CONTEXT ( 3 ) GLOBAL_UNCERTAINTY_ASSIGNED_CONTEXT ( ( #1237 ) ) GLOBAL_UNIT_ASSIGNED_CONTEXT ( ( #641, #103, #193 ) ) REPRESENTATION_CONTEXT ( 'NONE', 'WORKASPACE' ) );
#1185 = ORIENTED_EDGE ( 'NONE', *, *, #1080, .T. ) ;
#1186 = PLANE ( 'NONE',  #717 ) ;
#1187 = ORIENTED_EDGE ( 'NONE', *, *, #1041, .F. ) ;
#1188 = DIRECTION ( 'NONE',  ( 0.000000000000000000, 0.000000000000000000, 1.000000000000000000 ) ) ;
#1189 = ORIENTED_EDGE ( 'NONE', *, *, #640, .F. ) ;
#1190 = DIRECTION ( 'NONE',  ( 0.000000000000000000, 0.000000000000000000, -1.000000000000000000 ) ) ;
#1191 = EDGE_CURVE ( 'NONE', #845, #533, #595, .T. ) ;
#1192 = CARTESIAN_POINT ( 'NONE',  ( 5.000000000000000000, 235.0000000000000000, -4.999999999999997335 ) ) ;
#1193 = EDGE_LOOP ( 'NONE', ( #986, #628 ) ) ;
#1194 = CARTESIAN_POINT ( 'NONE',  ( 16.00000000000000355, 235.0000000000000000, -43.00000000000000000 ) ) ;
#1195 = EDGE_LOOP ( 'NONE', ( #299, #6 ) ) ;
#1196 = CARTESIAN_POINT ( 'NONE',  ( 31.00000000000000000, 125.0000000000000000, 9.000000000000001776 ) ) ;
#1197 = EDGE_CURVE ( 'NONE', #112, #179, #768, .T. ) ;
#1198 = FACE_BOUND ( 'NONE', #1314, .T. ) ;
#1199 = EDGE_CURVE ( 'NONE', #698, #869, #842, .T. ) ;
#1200 = VECTOR ( 'NONE', #401, 1000.000000000000000 ) ;
#1201 = ORIENTED_EDGE ( 'NONE', *, *, #1280, .F. ) ;
#1202 = AXIS2_PLACEMENT_3D ( 'NONE', #909, #611, #602 ) ;
#1203 = DIRECTION ( 'NONE',  ( 1.000000000000000000, -0.000000000000000000, -4.688441826964345531E-17 ) ) ;
#1204 = VECTOR ( 'NONE', #483, 1000.000000000000000 ) ;
#1205 = ORIENTED_EDGE ( 'NONE', *, *, #1264, .F. ) ;
#1206 = AXIS2_PLACEMENT_3D ( 'NONE', #963, #408, #402 ) ;
#1207 = DIRECTION ( 'NONE',  ( 1.000000000000000000, -0.000000000000000000, -4.688441826964345531E-17 ) ) ;
#1208 = CARTESIAN_POINT ( 'NONE',  ( -6.177022107025522602E-15, 135.0000000000000000, -25.75000000000000355 ) ) ;
#1209 = VERTEX_POINT ( 'NONE', #600 ) ;
#1210 = DIRECTION ( 'NONE',  ( -0.000000000000000000, -1.000000000000000000, -0.000000000000000000 ) ) ;
#1211 = DIRECTION ( 'NONE',  ( 0.000000000000000000, 0.000000000000000000, -1.000000000000000000 ) ) ;
#1212 = ORIENTED_EDGE ( 'NONE', *, *, #155, .F. ) ;
#1213 = DIRECTION ( 'NONE',  ( 1.000000000000000000, -0.000000000000000000, -4.688441826964345531E-17 ) ) ;
#1214 = ORIENTED_EDGE ( 'NONE', *, *, #1197, .F. ) ;
#1215 = LINE ( 'NONE', #15, #279 ) ;
#1216 = ADVANCED_FACE ( 'NONE', ( #1357 ), #922, .F. ) ;
#1217 = CARTESIAN_POINT ( 'NONE',  ( 1.999999999999999112, 135.0000000000000000, -23.50000000000000000 ) ) ;
#1218 = EDGE_CURVE ( 'NONE', #651, #712, #160, .T. ) ;
#1219 = ORIENTED_EDGE ( 'NONE', *, *, #230, .T. ) ;
#1220 = CARTESIAN_POINT ( 'NONE',  ( 4.506366789696466522E-16, -8.633657800523396242E-35, -8.000000000000000000 ) ) ;
#1221 = ORIENTED_EDGE ( 'NONE', *, *, #1355, .T. ) ;
#1222 = AXIS2_PLACEMENT_3D ( 'NONE', #1030, #781, #1006 ) ;
#1223 = DIRECTION ( 'NONE',  ( -1.000000000000000000, 0.000000000000000000, -7.401486830834377758E-17 ) ) ;
#1224 = AXIS2_PLACEMENT_3D ( 'NONE', #795, #1233, #246 ) ;
#1225 = DIRECTION ( 'NONE',  ( -1.000000000000000000, 0.000000000000000000, 4.688441826964345531E-17 ) ) ;
#1226 = CIRCLE ( 'NONE', #370, 4.000000000000003553 ) ;
#1227 = AXIS2_PLACEMENT_3D ( 'NONE', #517, #956, #528 ) ;
#1228 = ORIENTED_EDGE ( 'NONE', *, *, #358, .F. ) ;
#1229 = DIRECTION ( 'NONE',  ( 1.000000000000000000, 6.102289674358180136E-19, 5.632958487120583153E-17 ) ) ;
#1230 = APPLICATION_PROTOCOL_DEFINITION ( 'draft international standard', 'automotive_design', 1998, #223 ) ;
#1231 = LINE ( 'NONE', #445, #13 ) ;
#1232 = DIRECTION ( 'NONE',  ( -1.000000000000000000, 0.000000000000000000, -7.401486830834378990E-17 ) ) ;
#1233 = DIRECTION ( 'NONE',  ( 1.000000000000000000, 0.000000000000000000, 0.000000000000000000 ) ) ;
#1234 = ORIENTED_EDGE ( 'NONE', *, *, #1142, .T. ) ;
#1235 = DIRECTION ( 'NONE',  ( 7.401486830834378990E-17, 0.000000000000000000, -1.000000000000000000 ) ) ;
#1236 = EDGE_CURVE ( 'NONE', #1361, #1380, #815, .T. ) ;
#1237 = UNCERTAINTY_MEASURE_WITH_UNIT (LENGTH_MEASURE( 1.000000000000000082E-05 ), #641, 'distance_accuracy_value', 'NONE');
#1238 = EDGE_CURVE ( 'NONE', #158, #1110, #374, .T. ) ;
#1239 = DIRECTION ( 'NONE',  ( 1.000000000000000000, -0.000000000000000000, -4.688441826964345531E-17 ) ) ;
#1240 = DIRECTION ( 'NONE',  ( -0.000000000000000000, 1.000000000000000000, -0.000000000000000000 ) ) ;
#1241 = DIRECTION ( 'NONE',  ( 0.000000000000000000, 0.000000000000000000, -1.000000000000000000 ) ) ;
#1242 = ORIENTED_EDGE ( 'NONE', *, *, #214, .T. ) ;
#1243 = DIRECTION ( 'NONE',  ( 0.000000000000000000, -1.000000000000000000, 0.000000000000000000 ) ) ;
#1244 = EDGE_CURVE ( 'NONE', #359, #981, #711, .T. ) ;
#1245 = ORIENTED_EDGE ( 'NONE', *, *, #665, .F. ) ;
#1246 = CARTESIAN_POINT ( 'NONE',  ( 5.999999999999999112, 135.0000000000000000, -19.49999999999999645 ) ) ;
#1247 = CARTESIAN_POINT ( 'NONE',  ( 4.999999999999998224, 235.0000000000000000, 2.151057110211241586E-15 ) ) ;
#1248 = ORIENTED_EDGE ( 'NONE', *, *, #1384, .T. ) ;
#1249 = AXIS2_PLACEMENT_3D ( 'NONE', #1079, #1207, #1299 ) ;
#1250 = CYLINDRICAL_SURFACE ( 'NONE', #785, 4.000000000000003553 ) ;
#1251 = CIRCLE ( 'NONE', #512, 3.000000000000002665 ) ;
#1252 = DIRECTION ( 'NONE',  ( -1.000000000000000000, 0.000000000000000000, 4.688441826964345531E-17 ) ) ;
#1253 = LINE ( 'NONE', #177, #1204 ) ;
#1254 = EDGE_CURVE ( 'NONE', #624, #1326, #83, .T. ) ;
#1255 = LINE ( 'NONE', #264, #485 ) ;
#1256 = ORIENTED_EDGE ( 'NONE', *, *, #590, .F. ) ;
#1257 = LINE ( 'NONE', #1363, #1105 ) ;
#1258 = MANIFOLD_SOLID_BREP ( 'Smusso1', #100 ) ;
#1259 = DIRECTION ( 'NONE',  ( 0.000000000000000000, -1.000000000000000000, 0.000000000000000000 ) ) ;
#1260 = ORIENTED_EDGE ( 'NONE', *, *, #180, .F. ) ;
#1261 = FACE_BOUND ( 'NONE', #612, .T. ) ;
#1262 = VERTEX_POINT ( 'NONE', #522 ) ;
#1263 = DIRECTION ( 'NONE',  ( -1.000000000000000000, 0.000000000000000000, -5.204170427930421283E-16 ) ) ;
#1264 = EDGE_CURVE ( 'NONE', #992, #1361, #861, .T. ) ;
#1265 = DIRECTION ( 'NONE',  ( -1.000000000000000000, 0.000000000000000000, -7.401486830834378990E-17 ) ) ;
#1266 = EDGE_LOOP ( 'NONE', ( #91, #864, #1163, #543 ) ) ;
#1267 = CARTESIAN_POINT ( 'NONE',  ( 10.00000000000000000, 117.5000000000000000, 13.00000000000000000 ) ) ;
#1268 = ORIENTED_EDGE ( 'NONE', *, *, #1236, .F. ) ;
#1269 = CARTESIAN_POINT ( 'NONE',  ( 1.999999999999999112, 175.0000000000000000, -23.50000000000000000 ) ) ;
#1270 = VECTOR ( 'NONE', #1024, 1000.000000000000000 ) ;
#1271 = AXIS2_PLACEMENT_3D ( 'NONE', #570, #591, #1009 ) ;
#1272 = AXIS2_PLACEMENT_3D ( 'NONE', #181, #269, #502 ) ;
#1273 = VECTOR ( 'NONE', #1279, 1000.000000000000000 ) ;
#1274 = DIRECTION ( 'NONE',  ( 0.000000000000000000, -1.000000000000000000, 0.000000000000000000 ) ) ;
#1275 = ORIENTED_EDGE ( 'NONE', *, *, #403, .F. ) ;
#1276 = FACE_BOUND ( 'NONE', #278, .T. ) ;
#1277 = ORIENTED_EDGE ( 'NONE', *, *, #590, .T. ) ;
#1278 = LINE ( 'NONE', #1059, #1315 ) ;
#1279 = DIRECTION ( 'NONE',  ( 1.000000000000000000, -0.000000000000000000, -4.688441826964345531E-17 ) ) ;
#1280 = EDGE_CURVE ( 'NONE', #1056, #967, #184, .T. ) ;
#1281 = ORIENTED_EDGE ( 'NONE', *, *, #1142, .F. ) ;
#1282 = CARTESIAN_POINT ( 'NONE',  ( 5.999999999999999112, 155.0000000000000000, -25.75000000000000355 ) ) ;
#1283 = ORIENTED_EDGE ( 'NONE', *, *, #847, .T. ) ;
#1284 = CARTESIAN_POINT ( 'NONE',  ( 4.506366789696466522E-16, -8.633657800523396242E-35, -8.000000000000000000 ) ) ;
#1285 = PRESENTATION_STYLE_ASSIGNMENT (( #1408 ) ) ;
#1286 = EDGE_LOOP ( 'NONE', ( #53, #14, #988, #854, #1277, #252, #825, #409, #1185, #1201, #334 ) ) ;
#1287 = DIRECTION ( 'NONE',  ( 0.000000000000000000, 1.000000000000000000, 0.000000000000000000 ) ) ;
#1288 = ORIENTED_EDGE ( 'NONE', *, *, #27, .F. ) ;
#1289 = DIRECTION ( 'NONE',  ( 1.000000000000000000, -0.000000000000000000, -4.688441826964345531E-17 ) ) ;
#1290 = PRODUCT_DEFINITION_SHAPE ( 'NONE', 'NONE',  #663 ) ;
#1291 = CIRCLE ( 'NONE', #368, 4.000000000000003553 ) ;
#1292 = AXIS2_PLACEMENT_3D ( 'NONE', #311, #1183, #1188 ) ;
#1293 = DIRECTION ( 'NONE',  ( 0.000000000000000000, 0.000000000000000000, -1.000000000000000000 ) ) ;
#1294 = VECTOR ( 'NONE', #64, 1000.000000000000000 ) ;
#1295 = VERTEX_POINT ( 'NONE', #323 ) ;
#1296 = CYLINDRICAL_SURFACE ( 'NONE', #414, 2.249999999999977796 ) ;
#1297 = ADVANCED_FACE ( 'NONE', ( #1393 ), #1062, .F. ) ;
#1298 = ORIENTED_EDGE ( 'NONE', *, *, #598, .T. ) ;
#1299 = DIRECTION ( 'NONE',  ( 0.000000000000000000, 0.000000000000000000, -1.000000000000000000 ) ) ;
#1300 = ADVANCED_FACE ( 'NONE', ( #1198, #538, #635, #655 ), #848, .F. ) ;
#1301 = ORIENTED_EDGE ( 'NONE', *, *, #1051, .F. ) ;
#1302 = DIRECTION ( 'NONE',  ( 7.228014483236694583E-17, 0.000000000000000000, -1.000000000000000000 ) ) ;
#1303 = ORIENTED_EDGE ( 'NONE', *, *, #89, .T. ) ;
#1304 = FACE_OUTER_BOUND ( 'NONE', #745, .T. ) ;
#1305 = EDGE_CURVE ( 'NONE', #328, #179, #755, .T. ) ;
#1306 = DIRECTION ( 'NONE',  ( 1.000000000000000000, -0.000000000000000000, -4.688441826964345531E-17 ) ) ;
#1307 = ORIENTED_EDGE ( 'NONE', *, *, #1254, .T. ) ;
#1308 = FACE_OUTER_BOUND ( 'NONE', #1003, .T. ) ;
#1309 = ORIENTED_EDGE ( 'NONE', *, *, #495, .T. ) ;
#1310 = CARTESIAN_POINT ( 'NONE',  ( 4.999999999999998224, 0.000000000000000000, 2.151057110211241586E-15 ) ) ;
#1311 = ADVANCED_FACE ( 'NONE', ( #1091 ), #109, .F. ) ;
#1312 = LINE ( 'NONE', #546, #168 ) ;
#1313 = VECTOR ( 'NONE', #888, 1000.000000000000000 ) ;
#1314 = EDGE_LOOP ( 'NONE', ( #849, #571 ) ) ;
#1315 = VECTOR ( 'NONE', #513, 1000.000000000000000 ) ;
#1316 = LINE ( 'NONE', #762, #102 ) ;
#1317 = AXIS2_PLACEMENT_3D ( 'NONE', #7, #1411, #418 ) ;
#1318 = AXIS2_PLACEMENT_3D ( 'NONE', #941, #500, #284 ) ;
#1319 = CARTESIAN_POINT ( 'NONE',  ( 9.999999999999998224, 7.000000000000000000, 14.75000000000000533 ) ) ;
#1320 = EDGE_LOOP ( 'NONE', ( #953, #1169, #1248, #174 ) ) ;
#1321 = EDGE_CURVE ( 'NONE', #1380, #1053, #1312, .T. ) ;
#1322 = EDGE_LOOP ( 'NONE', ( #1205, #944, #770, #1268 ) ) ;
#1323 = EDGE_CURVE ( 'NONE', #1117, #393, #429, .T. ) ;
#1324 = CARTESIAN_POINT ( 'NONE',  ( 5.999999999999999112, 135.0000000000000000, -25.75000000000000355 ) ) ;
#1325 = CARTESIAN_POINT ( 'NONE',  ( 7.999999999999998224, 0.000000000000000000, -6.000000000000004441 ) ) ;
#1326 = VERTEX_POINT ( 'NONE', #977 ) ;
#1327 = DIRECTION ( 'NONE',  ( -0.000000000000000000, -0.000000000000000000, 1.000000000000000000 ) ) ;
#1328 = DIRECTION ( 'NONE',  ( 1.000000000000000000, -0.000000000000000000, -4.688441826964345531E-17 ) ) ;
#1329 = CARTESIAN_POINT ( 'NONE',  ( 1.999999999999999112, 177.2500000000000000, -23.50000000000000000 ) ) ;
#1330 = ORIENTED_EDGE ( 'NONE', *, *, #1305, .T. ) ;
#1331 = DIRECTION ( 'NONE',  ( 0.000000000000000000, 0.000000000000000000, -1.000000000000000000 ) ) ;
#1332 = CARTESIAN_POINT ( 'NONE',  ( 16.00000000000000000, 0.000000000000000000, 22.00000000000000000 ) ) ;
#1333 = CARTESIAN_POINT ( 'NONE',  ( 10.00000000000000000, 235.0000000000000000, 22.00000000000000000 ) ) ;
#1334 = VECTOR ( 'NONE', #54, 1000.000000000000000 ) ;
#1335 = CYLINDRICAL_SURFACE ( 'NONE', #1385, 2.249999999999979572 ) ;
#1336 = CIRCLE ( 'NONE', #101, 6.000000000000000000 ) ;
#1337 = DIRECTION ( 'NONE',  ( -1.000000000000000000, -6.102289674358180136E-19, -5.632958487120583153E-17 ) ) ;
#1338 = ADVANCED_FACE ( 'NONE', ( #1 ), #199, .T. ) ;
#1339 = EDGE_LOOP ( 'NONE', ( #939, #1096, #120, #432, #1010, #1303, #545, #823 ) ) ;
#1340 = FACE_OUTER_BOUND ( 'NONE', #224, .T. ) ;
#1341 = ADVANCED_FACE ( 'NONE', ( #1012 ), #660, .F. ) ;
#1342 = CARTESIAN_POINT ( 'NONE',  ( 7.336935811276580693E-16, 90.00000000000000000, -14.00000000000000000 ) ) ;
#1343 = FACE_OUTER_BOUND ( 'NONE', #1098, .T. ) ;
#1344 = LINE ( 'NONE', #1324, #674 ) ;
#1345 = ORIENTED_EDGE ( 'NONE', *, *, #1218, .F. ) ;
#1346 = FACE_OUTER_BOUND ( 'NONE', #161, .T. ) ;
#1347 = EDGE_LOOP ( 'NONE', ( #463, #204 ) ) ;
#1348 = CARTESIAN_POINT ( 'NONE',  ( 23.99999999999997868, 110.0000000000000000, 5.999999999999997335 ) ) ;
#1349 = EDGE_CURVE ( 'NONE', #1110, #507, #1023, .T. ) ;
#1350 = ORIENTED_EDGE ( 'NONE', *, *, #882, .F. ) ;
#1351 = CARTESIAN_POINT ( 'NONE',  ( 6.000000000000000000, 0.000000000000000000, -8.000000000000003553 ) ) ;
#1352 = DIRECTION ( 'NONE',  ( 0.000000000000000000, 1.000000000000000000, -0.000000000000000000 ) ) ;
#1353 = VERTEX_POINT ( 'NONE', #1208 ) ;
#1354 = DIRECTION ( 'NONE',  ( 0.000000000000000000, 0.000000000000000000, -1.000000000000000000 ) ) ;
#1355 = EDGE_CURVE ( 'NONE', #312, #1050, #452, .T. ) ;
#1356 = ORIENTED_EDGE ( 'NONE', *, *, #647, .F. ) ;
#1357 = FACE_OUTER_BOUND ( 'NONE', #734, .T. ) ;
#1358 = AXIS2_PLACEMENT_3D ( 'NONE', #681, #350, #695 ) ;
#1359 = CARTESIAN_POINT ( 'NONE',  ( 7.999999999999998224, 235.0000000000000000, -6.000000000000004441 ) ) ;
#1360 = AXIS2_PLACEMENT_3D ( 'NONE', #1269, #1170, #380 ) ;
#1361 = VERTEX_POINT ( 'NONE', #20 ) ;
#1362 = AXIS2_PLACEMENT_3D ( 'NONE', #803, #1116, #566 ) ;
#1363 = CARTESIAN_POINT ( 'NONE',  ( 6.000000000000000000, 235.0000000000000000, -7.999999999999998224 ) ) ;
#1364 = AXIS2_PLACEMENT_3D ( 'NONE', #151, #144, #1014 ) ;
#1365 = CIRCLE ( 'NONE', #1386, 2.000000000000000000 ) ;
#1366 = DIRECTION ( 'NONE',  ( 0.000000000000000000, -0.000000000000000000, -1.000000000000000000 ) ) ;
#1367 = ORIENTED_EDGE ( 'NONE', *, *, #378, .F. ) ;
#1368 = ADVANCED_FACE ( 'NONE', ( #44 ), #1099, .F. ) ;
#1369 = FACE_OUTER_BOUND ( 'NONE', #1092, .T. ) ;
#1370 = ORIENTED_EDGE ( 'NONE', *, *, #841, .F. ) ;
#1371 = CARTESIAN_POINT ( 'NONE',  ( 5.999999999999999112, 175.0000000000000000, -23.50000000000000000 ) ) ;
#1372 = LINE ( 'NONE', #267, #767 ) ;
#1373 = VERTEX_POINT ( 'NONE', #887 ) ;
#1374 = DIRECTION ( 'NONE',  ( 0.000000000000000000, -1.000000000000000000, 0.000000000000000000 ) ) ;
#1375 = EDGE_LOOP ( 'NONE', ( #1370, #294, #680, #385 ) ) ;
#1376 = CARTESIAN_POINT ( 'NONE',  ( 9.999999999999998224, 7.000000000000000000, 9.249999999999987566 ) ) ;
#1377 = LINE ( 'NONE', #388, #1273 ) ;
#1378 = ORIENTED_EDGE ( 'NONE', *, *, #990, .F. ) ;
#1379 = DIRECTION ( 'NONE',  ( 1.000000000000000000, 0.000000000000000000, 0.000000000000000000 ) ) ;
#1380 = VERTEX_POINT ( 'NONE', #1342 ) ;
#1381 = FACE_OUTER_BOUND ( 'NONE', #1114, .T. ) ;
#1382 = AXIS2_PLACEMENT_3D ( 'NONE', #288, #619, #300 ) ;
#1383 = CIRCLE ( 'NONE', #413, 2.250000000000001776 ) ;
#1384 = EDGE_CURVE ( 'NONE', #851, #1117, #573, .T. ) ;
#1385 = AXIS2_PLACEMENT_3D ( 'NONE', #346, #1115, #794 ) ;
#1386 = AXIS2_PLACEMENT_3D ( 'NONE', #608, #506, #614 ) ;
#1387 = CYLINDRICAL_SURFACE ( 'NONE', #212, 2.249999999999977796 ) ;
#1388 = ORIENTED_EDGE ( 'NONE', *, *, #1349, .T. ) ;
#1389 = DIRECTION ( 'NONE',  ( 0.000000000000000000, 0.000000000000000000, -1.000000000000000000 ) ) ;
#1390 = ORIENTED_EDGE ( 'NONE', *, *, #384, .T. ) ;
#1391 = CARTESIAN_POINT ( 'NONE',  ( 5.999999999999999112, 155.0000000000000000, -23.50000000000000000 ) ) ;
#1392 = EDGE_CURVE ( 'NONE', #1056, #930, #1088, .T. ) ;
#1393 = FACE_OUTER_BOUND ( 'NONE', #216, .T. ) ;
#1394 = VERTEX_POINT ( 'NONE', #775 ) ;
#1395 = CARTESIAN_POINT ( 'NONE',  ( 5.999999999999999112, 175.0000000000000000, -23.50000000000000000 ) ) ;
#1396 = ORIENTED_EDGE ( 'NONE', *, *, #1218, .T. ) ;
#1397 = LINE ( 'NONE', #1054, #1200 ) ;
#1398 = EDGE_CURVE ( 'NONE', #624, #148, #351, .T. ) ;
#1399 = CARTESIAN_POINT ( 'NONE',  ( 16.00000000000000000, 235.0000000000000000, 22.00000000000000355 ) ) ;
#1400 = EDGE_LOOP ( 'NONE', ( #776, #1330, #426, #1172 ) ) ;
#1401 = ADVANCED_FACE ( 'NONE', ( #468 ), #780, .F. ) ;
#1402 = DIRECTION ( 'NONE',  ( -0.000000000000000000, 1.000000000000000000, -0.000000000000000000 ) ) ;
#1403 = ORIENTED_EDGE ( 'NONE', *, *, #899, .T. ) ;
#1404 = CARTESIAN_POINT ( 'NONE',  ( 5.999999999999999112, 155.0000000000000000, -19.49999999999999645 ) ) ;
#1405 = CIRCLE ( 'NONE', #1222, 2.250000000000001776 ) ;
#1406 = CIRCLE ( 'NONE', #392, 4.000000000000000000 ) ;
#1407 = AXIS2_PLACEMENT_3D ( 'NONE', #1101, #554, #1139 ) ;
#1408 = SURFACE_STYLE_USAGE ( .BOTH. , #969 ) ;
#1409 = AXIS2_PLACEMENT_3D ( 'NONE', #1180, #304, #1293 ) ;
#1410 = EDGE_LOOP ( 'NONE', ( #779, #1187, #557, #758 ) ) ;
#1411 = DIRECTION ( 'NONE',  ( 1.000000000000000000, -0.000000000000000000, -4.688441826964345531E-17 ) ) ;
#1412 = EDGE_CURVE ( 'NONE', #1123, #828, #260, .T. ) ;
#1413 = EDGE_CURVE ( 'NONE', #589, #1067, #583, .T. ) ;
#1414 = ORIENTED_EDGE ( 'NONE', *, *, #314, .F. ) ;
#1415 = DIRECTION ( 'NONE',  ( -1.000000000000000000, -0.000000000000000000, -7.401486830834377758E-17 ) ) ;
ENDSEC;
END-ISO-10303-21;
