ISO-10303-21;
HEADER;
FILE_DESCRIPTION (( 'STEP AP214' ),
    '1' );
FILE_NAME ('ELP-0061.STEP',
    '2026-04-28T14:54:30',
    ( '' ),
    ( '' ),
    'SwSTEP 2.0',
    'SolidWorks 2024',
    '' );
FILE_SCHEMA (( 'AUTOMOTIVE_DESIGN' ));
ENDSEC;

DATA;
#1 = ORIENTED_EDGE ( 'NONE', *, *, #1712, .T. ) ;
#2 = EDGE_CURVE ( 'NONE', #1234, #236, #8720, .T. ) ;
#3 = EDGE_CURVE ( 'NONE', #4324, #606, #8508, .T. ) ;
#4 = EDGE_CURVE ( 'NONE', #5975, #7224, #7519, .T. ) ;
#5 = CYLINDRICAL_SURFACE ( 'NONE', #7132, 97.00000000000000000 ) ;
#6 = AXIS2_PLACEMENT_3D ( 'NONE', #2506, #8762, #3920 ) ;
#7 = CARTESIAN_POINT ( 'NONE',  ( 0.000000000000000000, -86.69171227586959105, -52.79204507951780556 ) ) ;
#8 = VERTEX_POINT ( 'NONE', #3354 ) ;
#9 = CYLINDRICAL_SURFACE ( 'NONE', #8890, 49.50000000000001421 ) ;
#10 = CARTESIAN_POINT ( 'NONE',  ( 0.000000000000000000, 63.01448283994531607, -73.74398248273712397 ) ) ;
#11 = DIRECTION ( 'NONE',  ( 0.000000000000000000, 0.000000000000000000, 1.000000000000000000 ) ) ;
#12 = DIRECTION ( 'NONE',  ( -1.000000000000000000, -0.000000000000000000, 0.000000000000000000 ) ) ;
#13 = AXIS2_PLACEMENT_3D ( 'NONE', #4728, #1278, #3186 ) ;
#14 = EDGE_CURVE ( 'NONE', #3158, #5017, #5954, .T. ) ;
#15 = DIRECTION ( 'NONE',  ( -1.000000000000000000, -0.000000000000000000, -0.000000000000000000 ) ) ;
#16 = DIRECTION ( 'NONE',  ( 0.000000000000000000, 0.6667690005162876243, 0.7452644496757582226 ) ) ;
#17 = DIRECTION ( 'NONE',  ( -1.000000000000000000, -0.000000000000000000, 0.000000000000000000 ) ) ;
#18 = EDGE_LOOP ( 'NONE', ( #4339, #7697, #8106, #4686 ) ) ;
#19 = VECTOR ( 'NONE', #2573, 1000.000000000000000 ) ;
#20 = DIRECTION ( 'NONE',  ( 1.000000000000000000, 0.000000000000000000, 0.000000000000000000 ) ) ;
#21 = VERTEX_POINT ( 'NONE', #1273 ) ;
#22 = CARTESIAN_POINT ( 'NONE',  ( 8.000000000000001776, 38.21392632221432706, -85.64190758274875748 ) ) ;
#23 = AXIS2_PLACEMENT_3D ( 'NONE', #3390, #1224, #3991 ) ;
#24 = CARTESIAN_POINT ( 'NONE',  ( 3.999999999999998224, -85.08657671802403399, 46.57547060854899712 ) ) ;
#25 = AXIS2_PLACEMENT_3D ( 'NONE', #5743, #2367, #5839 ) ;
#26 = DIRECTION ( 'NONE',  ( -1.000000000000000000, -0.000000000000000000, -0.000000000000000000 ) ) ;
#27 = AXIS2_PLACEMENT_3D ( 'NONE', #6579, #2421, #3701 ) ;
#28 = CARTESIAN_POINT ( 'NONE',  ( 8.000000000000001776, 0.000000000000000000, 0.000000000000000000 ) ) ;
#29 = ORIENTED_EDGE ( 'NONE', *, *, #1332, .F. ) ;
#30 = DIRECTION ( 'NONE',  ( 0.000000000000000000, 0.000000000000000000, 1.000000000000000000 ) ) ;
#31 = LINE ( 'NONE', #5571, #2140 ) ;
#32 = ORIENTED_EDGE ( 'NONE', *, *, #8688, .T. ) ;
#33 = DIRECTION ( 'NONE',  ( -1.000000000000000000, 0.000000000000000000, 0.000000000000000000 ) ) ;
#34 = CIRCLE ( 'NONE', #760, 49.50000000000003553 ) ;
#35 = ADVANCED_FACE ( 'NONE', ( #3953 ), #5278, .F. ) ;
#36 = DIRECTION ( 'NONE',  ( 1.000000000000000000, 0.000000000000000000, 0.000000000000000000 ) ) ;
#37 = AXIS2_PLACEMENT_3D ( 'NONE', #5323, #8014, #4402 ) ;
#38 = AXIS2_PLACEMENT_3D ( 'NONE', #6299, #5520, #6168 ) ;
#39 = AXIS2_PLACEMENT_3D ( 'NONE', #3382, #537, #2607 ) ;
#40 = VERTEX_POINT ( 'NONE', #1895 ) ;
#41 = DIRECTION ( 'NONE',  ( 1.000000000000000000, 0.000000000000000000, -0.000000000000000000 ) ) ;
#42 = CARTESIAN_POINT ( 'NONE',  ( 8.000000000000001776, 55.06110443411417776, -75.91518476475755506 ) ) ;
#43 = ORIENTED_EDGE ( 'NONE', *, *, #3264, .F. ) ;
#44 = FACE_OUTER_BOUND ( 'NONE', #1776, .T. ) ;
#45 = AXIS2_PLACEMENT_3D ( 'NONE', #7089, #3794, #5752 ) ;
#46 = ORIENTED_EDGE ( 'NONE', *, *, #919, .T. ) ;
#47 = EDGE_CURVE ( 'NONE', #5158, #1858, #4675, .T. ) ;
#48 = AXIS2_PLACEMENT_3D ( 'NONE', #2866, #6334, #197 ) ;
#49 = VECTOR ( 'NONE', #1210, 1000.000000000000000 ) ;
#50 = CARTESIAN_POINT ( 'NONE',  ( 8.000000000000001776, 42.85801168260380223, -92.00893345547375191 ) ) ;
#51 = EDGE_CURVE ( 'NONE', #1048, #5357, #5367, .T. ) ;
#52 = CARTESIAN_POINT ( 'NONE',  ( 8.000000000000001776, -93.28925708950882267, 39.99459354322199545 ) ) ;
#53 = AXIS2_PLACEMENT_3D ( 'NONE', #1772, #8516, #4408 ) ;
#54 = ORIENTED_EDGE ( 'NONE', *, *, #2650, .T. ) ;
#55 = EDGE_CURVE ( 'NONE', #1448, #7866, #2155, .T. ) ;
#56 = DIRECTION ( 'NONE',  ( 0.000000000000000000, 3.574581708073419723E-15, -1.000000000000000000 ) ) ;
#57 = DIRECTION ( 'NONE',  ( 0.000000000000000000, -0.9848077530122062440, -0.1736481776669404620 ) ) ;
#58 = EDGE_CURVE ( 'NONE', #6071, #8586, #582, .T. ) ;
#59 = ORIENTED_EDGE ( 'NONE', *, *, #102, .T. ) ;
#60 = CARTESIAN_POINT ( 'NONE',  ( 8.000000000000001776, -100.3437769205262526, -15.28330573938977643 ) ) ;
#61 = DIRECTION ( 'NONE',  ( 0.000000000000000000, 0.2203105327865343133, 0.9754297868854084896 ) ) ;
#62 = FACE_OUTER_BOUND ( 'NONE', #8751, .T. ) ;
#63 = CARTESIAN_POINT ( 'NONE',  ( 8.000000000000001776, 0.000000000000000000, 0.000000000000000000 ) ) ;
#64 = FACE_OUTER_BOUND ( 'NONE', #8000, .T. ) ;
#65 = VECTOR ( 'NONE', #1524, 1000.000000000000000 ) ;
#66 = ORIENTED_EDGE ( 'NONE', *, *, #2322, .T. ) ;
#67 = ADVANCED_FACE ( 'NONE', ( #4724 ), #3999, .F. ) ;
#68 = VERTEX_POINT ( 'NONE', #8791 ) ;
#69 = DIRECTION ( 'NONE',  ( -1.000000000000000000, 0.000000000000000000, 0.000000000000000000 ) ) ;
#70 = CARTESIAN_POINT ( 'NONE',  ( 0.000000000000000000, 88.84034388607526012, -30.03720688705253394 ) ) ;
#71 = VECTOR ( 'NONE', #5247, 1000.000000000000000 ) ;
#72 = DIRECTION ( 'NONE',  ( -1.000000000000000000, 0.000000000000000000, -0.000000000000000000 ) ) ;
#73 = CIRCLE ( 'NONE', #5581, 49.50000000000002842 ) ;
#74 = FACE_OUTER_BOUND ( 'NONE', #2035, .T. ) ;
#75 = EDGE_LOOP ( 'NONE', ( #7691, #6399, #2246, #4597 ) ) ;
#76 = LINE ( 'NONE', #3472, #6417 ) ;
#77 = DIRECTION ( 'NONE',  ( 0.000000000000000000, -0.5136773915734133000, 0.8579834132349728471 ) ) ;
#78 = ORIENTED_EDGE ( 'NONE', *, *, #4717, .T. ) ;
#79 = CIRCLE ( 'NONE', #4416, 49.50000000000002132 ) ;
#80 = DIRECTION ( 'NONE',  ( -1.000000000000000000, 0.000000000000000000, -0.000000000000000000 ) ) ;
#81 = CIRCLE ( 'NONE', #6923, 49.50000000000000711 ) ;
#82 = CARTESIAN_POINT ( 'NONE',  ( 8.000000000000001776, -70.65451445836178834, 72.87244052214214207 ) ) ;
#83 = ORIENTED_EDGE ( 'NONE', *, *, #8904, .T. ) ;
#84 = CARTESIAN_POINT ( 'NONE',  ( 0.000000000000000000, -93.43022383455226532, -8.101467373085654344 ) ) ;
#85 = CARTESIAN_POINT ( 'NONE',  ( -10.00000000000000000, 0.000000000000000000, 0.000000000000000000 ) ) ;
#86 = EDGE_LOOP ( 'NONE', ( #6288, #5553, #1941, #8246 ) ) ;
#87 = VERTEX_POINT ( 'NONE', #6748 ) ;
#88 = DIRECTION ( 'NONE',  ( 1.000000000000000000, 0.000000000000000000, 0.000000000000000000 ) ) ;
#89 = AXIS2_PLACEMENT_3D ( 'NONE', #2966, #8527, #2507 ) ;
#90 = ORIENTED_EDGE ( 'NONE', *, *, #3201, .F. ) ;
#91 = VECTOR ( 'NONE', #3337, 1000.000000000000000 ) ;
#92 = AXIS2_PLACEMENT_3D ( 'NONE', #3132, #5912, #8694 ) ;
#93 = CARTESIAN_POINT ( 'NONE',  ( 8.000000000000001776, -71.74226592738069996, -71.80181251615444182 ) ) ;
#94 = EDGE_CURVE ( 'NONE', #6049, #1928, #1725, .T. ) ;
#95 = CARTESIAN_POINT ( 'NONE',  ( 8.000000000000001776, 3.646702112543261265, -93.70988241948700193 ) ) ;
#96 = ORIENTED_EDGE ( 'NONE', *, *, #2492, .T. ) ;
#97 = CARTESIAN_POINT ( 'NONE',  ( 3.999999999999998224, -93.72080647353398319, -25.00820733180192335 ) ) ;
#98 = VERTEX_POINT ( 'NONE', #6647 ) ;
#99 = DIRECTION ( 'NONE',  ( 0.000000000000000000, 0.7957618405308289899, 0.6056096871376707158 ) ) ;
#100 = LINE ( 'NONE', #141, #3890 ) ;
#101 = VECTOR ( 'NONE', #3267, 1000.000000000000000 ) ;
#102 = EDGE_CURVE ( 'NONE', #4881, #5067, #1850, .T. ) ;
#103 = ORIENTED_EDGE ( 'NONE', *, *, #6955, .T. ) ;
#104 = EDGE_CURVE ( 'NONE', #7591, #8844, #3182, .T. ) ;
#105 = FACE_OUTER_BOUND ( 'NONE', #1759, .T. ) ;
#106 = CARTESIAN_POINT ( 'NONE',  ( 8.000000000000001776, 58.25306790625216280, -83.12059360056071000 ) ) ;
#107 = ORIENTED_EDGE ( 'NONE', *, *, #1693, .F. ) ;
#108 = CARTESIAN_POINT ( 'NONE',  ( 8.000000000000001776, -94.05677713582142019, 23.71334381360888699 ) ) ;
#109 = ORIENTED_EDGE ( 'NONE', *, *, #2820, .T. ) ;
#110 = DIRECTION ( 'NONE',  ( 0.000000000000000000, 0.000000000000000000, 1.000000000000000000 ) ) ;
#111 = DIRECTION ( 'NONE',  ( 0.000000000000000000, 0.000000000000000000, -1.000000000000000000 ) ) ;
#112 = ADVANCED_FACE ( 'NONE', ( #8193 ), #1136, .F. ) ;
#113 = ADVANCED_FACE ( 'NONE', ( #8062 ), #1809, .F. ) ;
#114 = EDGE_CURVE ( 'NONE', #6712, #4592, #4194, .T. ) ;
#115 = AXIS2_PLACEMENT_3D ( 'NONE', #4918, #3509, #3597 ) ;
#116 = LINE ( 'NONE', #5567, #7606 ) ;
#117 = DIRECTION ( 'NONE',  ( 1.000000000000000000, 0.000000000000000000, 0.000000000000000000 ) ) ;
#118 = CARTESIAN_POINT ( 'NONE',  ( 7.703719777548943412E-31, 117.2280138519631549, -33.14648933991709612 ) ) ;
#119 = EDGE_LOOP ( 'NONE', ( #7745, #2640, #4481, #1644 ) ) ;
#120 = DIRECTION ( 'NONE',  ( 1.000000000000000000, -1.090159848241243142E-16, 2.101110889278814005E-17 ) ) ;
#121 = CARTESIAN_POINT ( 'NONE',  ( 0.000000000000000000, -8.245600228092932582, -93.41761384369748100 ) ) ;
#122 = ORIENTED_EDGE ( 'NONE', *, *, #1202, .F. ) ;
#123 = PLANE ( 'NONE',  #8615 ) ;
#124 = CIRCLE ( 'NONE', #4172, 101.5009999999999906 ) ;
#125 = DIRECTION ( 'NONE',  ( 0.000000000000000000, 0.000000000000000000, 1.000000000000000000 ) ) ;
#126 = CARTESIAN_POINT ( 'NONE',  ( 0.000000000000000000, 68.51814608921604588, -68.66049560334423063 ) ) ;
#127 = ORIENTED_EDGE ( 'NONE', *, *, #8842, .T. ) ;
#128 = LINE ( 'NONE', #8539, #2514 ) ;
#129 = CARTESIAN_POINT ( 'NONE',  ( 4.000000000000000888, 64.02547913686530023, -72.86794920467315251 ) ) ;
#130 = VERTEX_POINT ( 'NONE', #7433 ) ;
#131 = VERTEX_POINT ( 'NONE', #1181 ) ;
#132 = CARTESIAN_POINT ( 'NONE',  ( 8.000000000000001776, -21.53444405119564209, -99.19032573999302826 ) ) ;
#133 = ORIENTED_EDGE ( 'NONE', *, *, #8219, .T. ) ;
#134 = CIRCLE ( 'NONE', #1433, 49.50000000000002842 ) ;
#135 = CARTESIAN_POINT ( 'NONE',  ( 8.000000000000001776, -83.16889538622369571, 58.18408580733549229 ) ) ;
#136 = LINE ( 'NONE', #3402, #3678 ) ;
#137 = VERTEX_POINT ( 'NONE', #510 ) ;
#138 = DIRECTION ( 'NONE',  ( 0.000000000000000000, 0.000000000000000000, 1.000000000000000000 ) ) ;
#139 = VERTEX_POINT ( 'NONE', #3271 ) ;
#140 = CARTESIAN_POINT ( 'NONE',  ( 8.000000000000001776, -56.80902787495130468, 78.62400620613915692 ) ) ;
#141 = CARTESIAN_POINT ( 'NONE',  ( 8.000000000000001776, 89.06510829453070244, -48.68120258871506678 ) ) ;
#142 = EDGE_CURVE ( 'NONE', #4001, #7068, #5800, .T. ) ;
#143 = CIRCLE ( 'NONE', #5235, 115.0000000000000142 ) ;
#144 = VERTEX_POINT ( 'NONE', #2712 ) ;
#145 = DIRECTION ( 'NONE',  ( 0.000000000000000000, -0.7345917086575252108, -0.6785094115571408402 ) ) ;
#146 = CYLINDRICAL_SURFACE ( 'NONE', #3669, 101.5009999999999906 ) ;
#147 = ORIENTED_EDGE ( 'NONE', *, *, #771, .T. ) ;
#148 = DIRECTION ( 'NONE',  ( 1.000000000000000000, 0.000000000000000000, 0.000000000000000000 ) ) ;
#149 = ORIENTED_EDGE ( 'NONE', *, *, #1008, .T. ) ;
#150 = LINE ( 'NONE', #7935, #2769 ) ;
#151 = DIRECTION ( 'NONE',  ( 1.000000000000000000, -0.000000000000000000, -0.000000000000000000 ) ) ;
#152 = EDGE_CURVE ( 'NONE', #4939, #1359, #8240, .T. ) ;
#153 = EDGE_CURVE ( 'NONE', #8923, #5448, #4921, .T. ) ;
#154 = VECTOR ( 'NONE', #1844, 1000.000000000000000 ) ;
#155 = CARTESIAN_POINT ( 'NONE',  ( 8.000000000000001776, 0.000000000000000000, 0.000000000000000000 ) ) ;
#156 = DIRECTION ( 'NONE',  ( -1.000000000000000000, -0.000000000000000000, 0.000000000000000000 ) ) ;
#157 = CARTESIAN_POINT ( 'NONE',  ( 0.000000000000000000, 59.49631672749161737, -82.23528012271863474 ) ) ;
#158 = ORIENTED_EDGE ( 'NONE', *, *, #1313, .F. ) ;
#159 = DIRECTION ( 'NONE',  ( 0.000000000000000000, -0.5670598638627774024, 0.8236765814298281363 ) ) ;
#160 = CARTESIAN_POINT ( 'NONE',  ( 0.000000000000000000, 90.91925016621782163, -33.80369727134448965 ) ) ;
#161 = EDGE_LOOP ( 'NONE', ( #4737, #6795, #2222, #5579 ) ) ;
#162 = ADVANCED_FACE ( 'NONE', ( #2801 ), #8369, .F. ) ;
#163 = CYLINDRICAL_SURFACE ( 'NONE', #1484, 97.00000000000000000 ) ;
#164 = EDGE_CURVE ( 'NONE', #5756, #7224, #6533, .T. ) ;
#165 = AXIS2_PLACEMENT_3D ( 'NONE', #4239, #6828, #590 ) ;
#166 = AXIS2_PLACEMENT_3D ( 'NONE', #6274, #2032, #56 ) ;
#167 = DIRECTION ( 'NONE',  ( -1.000000000000000000, -0.000000000000000000, -0.000000000000000000 ) ) ;
#168 = CIRCLE ( 'NONE', #2039, 49.50000000000002132 ) ;
#169 = DIRECTION ( 'NONE',  ( 1.000000000000000000, 0.000000000000000000, -0.000000000000000000 ) ) ;
#170 = AXIS2_PLACEMENT_3D ( 'NONE', #389, #1733, #6620 ) ;
#171 = ORIENTED_EDGE ( 'NONE', *, *, #1798, .F. ) ;
#172 = FACE_OUTER_BOUND ( 'NONE', #3392, .T. ) ;
#173 = FACE_OUTER_BOUND ( 'NONE', #1842, .T. ) ;
#174 = VERTEX_POINT ( 'NONE', #4765 ) ;
#175 = ORIENTED_EDGE ( 'NONE', *, *, #6054, .F. ) ;
#176 = EDGE_CURVE ( 'NONE', #480, #3293, #1018, .T. ) ;
#177 = CARTESIAN_POINT ( 'NONE',  ( 0.000000000000000000, -96.75998376373422616, 6.819497198613071021 ) ) ;
#178 = ORIENTED_EDGE ( 'NONE', *, *, #7834, .T. ) ;
#179 = CIRCLE ( 'NONE', #2489, 49.50000000000001421 ) ;
#180 = VECTOR ( 'NONE', #5160, 1000.000000000000000 ) ;
#181 = ORIENTED_EDGE ( 'NONE', *, *, #5329, .F. ) ;
#182 = FACE_OUTER_BOUND ( 'NONE', #2249, .T. ) ;
#183 = EDGE_LOOP ( 'NONE', ( #5832, #2586, #8474, #7371 ) ) ;
#184 = AXIS2_PLACEMENT_3D ( 'NONE', #1519, #1561, #5068 ) ;
#185 = FACE_OUTER_BOUND ( 'NONE', #8734, .T. ) ;
#186 = AXIS2_PLACEMENT_3D ( 'NONE', #4029, #6254, #4838 ) ;
#187 = DIRECTION ( 'NONE',  ( 1.000000000000000000, 0.000000000000000000, 0.000000000000000000 ) ) ;
#188 = LINE ( 'NONE', #1496, #214 ) ;
#189 = CARTESIAN_POINT ( 'NONE',  ( 8.000000000000001776, -79.31118670879922661, -63.34183975731988170 ) ) ;
#190 = CIRCLE ( 'NONE', #1627, 101.5010000000000190 ) ;
#191 = ORIENTED_EDGE ( 'NONE', *, *, #2917, .F. ) ;
#192 = AXIS2_PLACEMENT_3D ( 'NONE', #5922, #2314, #3635 ) ;
#193 = CARTESIAN_POINT ( 'NONE',  ( 8.000000000000001776, 91.92809040966959344, -18.54903482673212523 ) ) ;
#194 = DIRECTION ( 'NONE',  ( -1.000000000000000000, 0.000000000000000000, 0.000000000000000000 ) ) ;
#195 = ORIENTED_EDGE ( 'NONE', *, *, #7567, .F. ) ;
#196 = ADVANCED_FACE ( 'NONE', ( #7602 ), #4082, .F. ) ;
#197 = DIRECTION ( 'NONE',  ( 0.000000000000000000, 0.000000000000000000, 1.000000000000000000 ) ) ;
#198 = DIRECTION ( 'NONE',  ( 1.000000000000000000, -0.000000000000000000, -0.000000000000000000 ) ) ;
#199 = CARTESIAN_POINT ( 'NONE',  ( 8.000000000000001776, -101.4228187791121343, 3.983068151486413910 ) ) ;
#200 = AXIS2_PLACEMENT_3D ( 'NONE', #7912, #7773, #1706 ) ;
#201 = CARTESIAN_POINT ( 'NONE',  ( 8.000000000000001776, 0.000000000000000000, 0.000000000000000000 ) ) ;
#202 = CARTESIAN_POINT ( 'NONE',  ( 0.000000000000000000, 77.26155120828794054, -65.82632988317899958 ) ) ;
#203 = ORIENTED_EDGE ( 'NONE', *, *, #8841, .F. ) ;
#204 = EDGE_LOOP ( 'NONE', ( #4077, #3171, #9003, #2826 ) ) ;
#205 = DIRECTION ( 'NONE',  ( -1.000000000000000000, 0.000000000000000000, -0.000000000000000000 ) ) ;
#206 = CARTESIAN_POINT ( 'NONE',  ( 0.000000000000000000, -91.94599763622035482, 30.90199861950939564 ) ) ;
#207 = VERTEX_POINT ( 'NONE', #6875 ) ;
#208 = CARTESIAN_POINT ( 'NONE',  ( 8.000000000000001776, 78.24260759233487761, -64.65715241295355042 ) ) ;
#209 = AXIS2_PLACEMENT_3D ( 'NONE', #4734, #8936, #699 ) ;
#210 = CIRCLE ( 'NONE', #938, 101.5010000000000048 ) ;
#211 = CYLINDRICAL_SURFACE ( 'NONE', #6739, 101.5009999999999906 ) ;
#212 = EDGE_CURVE ( 'NONE', #4053, #3939, #279, .T. ) ;
#213 = ADVANCED_FACE ( 'NONE', ( #44 ), #7735, .F. ) ;
#214 = VECTOR ( 'NONE', #8423, 1000.000000000000000 ) ;
#215 = CARTESIAN_POINT ( 'NONE',  ( 8.000000000000001776, -65.89040824918107830, 77.20691097146843163 ) ) ;
#216 = VERTEX_POINT ( 'NONE', #4895 ) ;
#217 = EDGE_CURVE ( 'NONE', #5993, #1048, #248, .T. ) ;
#218 = CARTESIAN_POINT ( 'NONE',  ( 0.000000000000000000, -95.63804952087234312, 33.99730114057837937 ) ) ;
#219 = DIRECTION ( 'NONE',  ( 0.000000000000000000, -0.4861967361004579935, -0.8738493770697908225 ) ) ;
#220 = VERTEX_POINT ( 'NONE', #6312 ) ;
#221 = ORIENTED_EDGE ( 'NONE', *, *, #4188, .F. ) ;
#222 = ORIENTED_EDGE ( 'NONE', *, *, #9002, .F. ) ;
#223 = CIRCLE ( 'NONE', #8948, 49.50000000000001421 ) ;
#224 = CIRCLE ( 'NONE', #2683, 49.50000000000001421 ) ;
#225 = ADVANCED_FACE ( 'NONE', ( #3397 ), #6182, .F. ) ;
#226 = CARTESIAN_POINT ( 'NONE',  ( 8.000000000000001776, 52.86395178372370651, -86.64788285242829602 ) ) ;
#227 = VERTEX_POINT ( 'NONE', #770 ) ;
#228 = DIRECTION ( 'NONE',  ( -1.000000000000000000, -0.000000000000000000, -0.000000000000000000 ) ) ;
#229 = AXIS2_PLACEMENT_3D ( 'NONE', #892, #2977, #5173 ) ;
#230 = EDGE_LOOP ( 'NONE', ( #2517, #1792, #7661, #795 ) ) ;
#231 = DIRECTION ( 'NONE',  ( 1.000000000000000000, 0.000000000000000000, 0.000000000000000000 ) ) ;
#232 = EDGE_LOOP ( 'NONE', ( #3180, #7915, #929, #7666 ) ) ;
#233 = DIRECTION ( 'NONE',  ( -1.000000000000000000, -0.000000000000000000, -0.000000000000000000 ) ) ;
#234 = DIRECTION ( 'NONE',  ( 0.000000000000000000, 1.682156097916903144E-15, -1.000000000000000000 ) ) ;
#235 = AXIS2_PLACEMENT_3D ( 'NONE', #347, #5157, #1869 ) ;
#236 = VERTEX_POINT ( 'NONE', #1403 ) ;
#237 = DIRECTION ( 'NONE',  ( -1.000000000000000000, -0.000000000000000000, -0.000000000000000000 ) ) ;
#238 = CARTESIAN_POINT ( 'NONE',  ( 8.000000000000001776, -76.15177792364997345, 67.10707652749519525 ) ) ;
#239 = ORIENTED_EDGE ( 'NONE', *, *, #2422, .F. ) ;
#240 = DIRECTION ( 'NONE',  ( -1.000000000000000000, 0.000000000000000000, 0.000000000000000000 ) ) ;
#241 = ORIENTED_EDGE ( 'NONE', *, *, #1584, .F. ) ;
#242 = AXIS2_PLACEMENT_3D ( 'NONE', #5602, #5186, #4398 ) ;
#243 = DIRECTION ( 'NONE',  ( -1.000000000000000000, -0.000000000000000000, 0.000000000000000000 ) ) ;
#244 = LINE ( 'NONE', #5787, #3006 ) ;
#245 = ORIENTED_EDGE ( 'NONE', *, *, #4314, .T. ) ;
#246 = CARTESIAN_POINT ( 'NONE',  ( 8.000000000000001776, 0.000000000000000000, 0.000000000000000000 ) ) ;
#247 = CARTESIAN_POINT ( 'NONE',  ( 0.000000000000000000, -93.75594538243989007, -2.159445488233664889 ) ) ;
#248 = CIRCLE ( 'NONE', #4305, 49.50000000000003553 ) ;
#249 = DIRECTION ( 'NONE',  ( 0.000000000000000000, -0.6427876096865299260, -0.7660444431189857850 ) ) ;
#250 = ORIENTED_EDGE ( 'NONE', *, *, #2162, .F. ) ;
#251 = ORIENTED_EDGE ( 'NONE', *, *, #994, .T. ) ;
#252 = FACE_OUTER_BOUND ( 'NONE', #4200, .T. ) ;
#253 = DIRECTION ( 'NONE',  ( -1.000000000000000000, -0.000000000000000000, 0.000000000000000000 ) ) ;
#254 = ORIENTED_EDGE ( 'NONE', *, *, #8854, .T. ) ;
#255 = DIRECTION ( 'NONE',  ( -1.000000000000000000, -0.000000000000000000, 0.000000000000000000 ) ) ;
#256 = CIRCLE ( 'NONE', #5626, 101.5009999999999906 ) ;
#257 = EDGE_CURVE ( 'NONE', #6587, #8202, #3435, .T. ) ;
#258 = CARTESIAN_POINT ( 'NONE',  ( -101.9074929644522598, 0.000000000000000000, 0.000000000000000000 ) ) ;
#259 = DIRECTION ( 'NONE',  ( 1.000000000000000000, 0.000000000000000000, 0.000000000000000000 ) ) ;
#260 = AXIS2_PLACEMENT_3D ( 'NONE', #5374, #1026, #6146 ) ;
#261 = ORIENTED_EDGE ( 'NONE', *, *, #1798, .T. ) ;
#262 = LINE ( 'NONE', #4437, #6601 ) ;
#263 = DIRECTION ( 'NONE',  ( 1.000000000000000000, -0.000000000000000000, 0.000000000000000000 ) ) ;
#264 = ORIENTED_EDGE ( 'NONE', *, *, #8373, .F. ) ;
#265 = CIRCLE ( 'NONE', #4321, 97.00000000000000000 ) ;
#266 = ORIENTED_EDGE ( 'NONE', *, *, #1666, .T. ) ;
#267 = ORIENTED_EDGE ( 'NONE', *, *, #7178, .F. ) ;
#268 = ADVANCED_FACE ( 'NONE', ( #8325 ), #2068, .F. ) ;
#269 = AXIS2_PLACEMENT_3D ( 'NONE', #7721, #5845, #4245 ) ;
#270 = EDGE_CURVE ( 'NONE', #6995, #8586, #7236, .T. ) ;
#271 = AXIS2_PLACEMENT_3D ( 'NONE', #283, #3043, #5822 ) ;
#272 = DIRECTION ( 'NONE',  ( -1.000000000000000000, 0.000000000000000000, -0.000000000000000000 ) ) ;
#273 = VERTEX_POINT ( 'NONE', #1444 ) ;
#274 = DIRECTION ( 'NONE',  ( 0.000000000000000000, 0.8325698546347686246, 0.5539200638661143650 ) ) ;
#275 = DIRECTION ( 'NONE',  ( -1.000000000000000000, -0.000000000000000000, -0.000000000000000000 ) ) ;
#276 = ORIENTED_EDGE ( 'NONE', *, *, #2767, .T. ) ;
#277 = EDGE_CURVE ( 'NONE', #6584, #3016, #692, .T. ) ;
#278 = CARTESIAN_POINT ( 'NONE',  ( 8.000000000000001776, -96.75998376373422616, 6.819497198613071021 ) ) ;
#279 = LINE ( 'NONE', #7009, #5919 ) ;
#280 = VECTOR ( 'NONE', #5194, 1000.000000000000000 ) ;
#281 = FACE_OUTER_BOUND ( 'NONE', #4258, .T. ) ;
#282 = EDGE_CURVE ( 'NONE', #5105, #3218, #7057, .T. ) ;
#283 = CARTESIAN_POINT ( 'NONE',  ( 0.000000000000000000, 0.000000000000000000, 0.000000000000000000 ) ) ;
#284 = EDGE_CURVE ( 'NONE', #511, #87, #401, .T. ) ;
#285 = ORIENTED_EDGE ( 'NONE', *, *, #5659, .F. ) ;
#286 = DIRECTION ( 'NONE',  ( -1.000000000000000000, 0.000000000000000000, 0.000000000000000000 ) ) ;
#287 = CARTESIAN_POINT ( 'NONE',  ( 4.000000000000000888, -35.24196385636264495, -90.37147771031980881 ) ) ;
#288 = ORIENTED_EDGE ( 'NONE', *, *, #3233, .T. ) ;
#289 = CARTESIAN_POINT ( 'NONE',  ( 8.000000000000001776, 30.86557432008500257, -96.69420521877880503 ) ) ;
#290 = ORIENTED_EDGE ( 'NONE', *, *, #6060, .T. ) ;
#291 = DIRECTION ( 'NONE',  ( 0.000000000000000000, -0.2203105327865478857, 0.9754297868854053810 ) ) ;
#292 = DIRECTION ( 'NONE',  ( 0.000000000000000000, 0.000000000000000000, 1.000000000000000000 ) ) ;
#293 = EDGE_CURVE ( 'NONE', #21, #144, #6644, .T. ) ;
#294 = AXIS2_PLACEMENT_3D ( 'NONE', #462, #2533, #5324 ) ;
#295 = VERTEX_POINT ( 'NONE', #177 ) ;
#296 = CARTESIAN_POINT ( 'NONE',  ( 0.000000000000000000, -101.1110795888540679, 8.888339854912203464 ) ) ;
#297 = DIRECTION ( 'NONE',  ( 0.000000000000000000, -0.9938384644612530128, -0.1108381999010214503 ) ) ;
#298 = DIRECTION ( 'NONE',  ( -1.000000000000000000, -0.000000000000000000, -0.000000000000000000 ) ) ;
#299 = ORIENTED_EDGE ( 'NONE', *, *, #8725, .F. ) ;
#300 = AXIS2_PLACEMENT_3D ( 'NONE', #4017, #4739, #6024 ) ;
#301 = LINE ( 'NONE', #3061, #180 ) ;
#302 = FACE_OUTER_BOUND ( 'NONE', #5263, .T. ) ;
#303 = ORIENTED_EDGE ( 'NONE', *, *, #4878, .F. ) ;
#304 = DIRECTION ( 'NONE',  ( -1.000000000000000000, -0.000000000000000000, 0.000000000000000000 ) ) ;
#305 = AXIS2_PLACEMENT_3D ( 'NONE', #1583, #5780, #6056 ) ;
#306 = CARTESIAN_POINT ( 'NONE',  ( 0.000000000000000000, -99.17242527825040099, -21.61673114580099764 ) ) ;
#307 = CYLINDRICAL_SURFACE ( 'NONE', #6771, 101.5009999999999906 ) ;
#308 = ORIENTED_EDGE ( 'NONE', *, *, #2456, .T. ) ;
#309 = CARTESIAN_POINT ( 'NONE',  ( 3.999999999999998224, -96.75998376373422616, 6.819497198613078126 ) ) ;
#310 = CARTESIAN_POINT ( 'NONE',  ( 0.000000000000000000, 0.000000000000000000, 0.000000000000000000 ) ) ;
#311 = ORIENTED_EDGE ( 'NONE', *, *, #2210, .F. ) ;
#312 = ORIENTED_EDGE ( 'NONE', *, *, #8771, .F. ) ;
#313 = CIRCLE ( 'NONE', #7287, 101.5009999999999764 ) ;
#314 = EDGE_CURVE ( 'NONE', #728, #8202, #4522, .T. ) ;
#315 = ORIENTED_EDGE ( 'NONE', *, *, #878, .T. ) ;
#316 = AXIS2_PLACEMENT_3D ( 'NONE', #2794, #808, #2923 ) ;
#317 = ORIENTED_EDGE ( 'NONE', *, *, #3931, .T. ) ;
#318 = CARTESIAN_POINT ( 'NONE',  ( 3.999999999999998224, 47.91958859476037702, -84.33690194042527821 ) ) ;
#319 = LINE ( 'NONE', #5816, #8916 ) ;
#320 = VERTEX_POINT ( 'NONE', #5719 ) ;
#321 = EDGE_CURVE ( 'NONE', #8716, #5947, #8390, .T. ) ;
#322 = CARTESIAN_POINT ( 'NONE',  ( 8.000000000000001776, 45.00783804032340640, -82.27475320113529733 ) ) ;
#323 = ORIENTED_EDGE ( 'NONE', *, *, #6784, .F. ) ;
#324 = FACE_OUTER_BOUND ( 'NONE', #8309, .T. ) ;
#325 = AXIS2_PLACEMENT_3D ( 'NONE', #4323, #970, #8430 ) ;
#326 = DIRECTION ( 'NONE',  ( 1.000000000000000000, 0.000000000000000000, 0.000000000000000000 ) ) ;
#327 = EDGE_CURVE ( 'NONE', #6359, #4949, #2850, .T. ) ;
#328 = ORIENTED_EDGE ( 'NONE', *, *, #4604, .T. ) ;
#329 = DIRECTION ( 'NONE',  ( 0.000000000000000000, 0.000000000000000000, 1.000000000000000000 ) ) ;
#330 = EDGE_CURVE ( 'NONE', #6094, #3913, #5940, .T. ) ;
#331 = AXIS2_PLACEMENT_3D ( 'NONE', #3627, #5726, #6320 ) ;
#332 = EDGE_CURVE ( 'NONE', #7851, #6247, #7090, .T. ) ;
#333 = AXIS2_PLACEMENT_3D ( 'NONE', #3429, #8994, #8311 ) ;
#334 = DIRECTION ( 'NONE',  ( 0.000000000000000000, 0.000000000000000000, -1.000000000000000000 ) ) ;
#335 = ORIENTED_EDGE ( 'NONE', *, *, #3434, .F. ) ;
#336 = EDGE_CURVE ( 'NONE', #6978, #4670, #550, .T. ) ;
#337 = ORIENTED_EDGE ( 'NONE', *, *, #1384, .F. ) ;
#338 = CARTESIAN_POINT ( 'NONE',  ( 16.50000000000000711, 96.35576641085029337, -26.73229693121841777 ) ) ;
#339 = DIRECTION ( 'NONE',  ( -1.000000000000000000, -0.000000000000000000, 0.000000000000000000 ) ) ;
#340 = CIRCLE ( 'NONE', #8037, 101.5010000000000048 ) ;
#341 = VECTOR ( 'NONE', #8899, 1000.000000000000000 ) ;
#342 = CIRCLE ( 'NONE', #6583, 49.50000000000002132 ) ;
#343 = ORIENTED_EDGE ( 'NONE', *, *, #3369, .F. ) ;
#344 = DIRECTION ( 'NONE',  ( 0.000000000000000000, -0.7957618405308374276, 0.6056096871376596136 ) ) ;
#345 = EDGE_CURVE ( 'NONE', #6712, #2889, #6673, .T. ) ;
#346 = DIRECTION ( 'NONE',  ( -1.000000000000000000, -0.000000000000000000, 0.000000000000000000 ) ) ;
#347 = CARTESIAN_POINT ( 'NONE',  ( 8.000000000000001776, 0.000000000000000000, 0.000000000000000000 ) ) ;
#348 = ORIENTED_EDGE ( 'NONE', *, *, #5279, .F. ) ;
#349 = CARTESIAN_POINT ( 'NONE',  ( 8.000000000000001776, -51.70801026982476145, -82.06876186427878395 ) ) ;
#350 = DIRECTION ( 'NONE',  ( -1.000000000000000000, 0.000000000000000000, 0.000000000000000000 ) ) ;
#351 = ORIENTED_EDGE ( 'NONE', *, *, #5764, .T. ) ;
#352 = CIRCLE ( 'NONE', #8052, 115.0000000000000142 ) ;
#353 = DIRECTION ( 'NONE',  ( 1.000000000000000000, 0.000000000000000000, 0.000000000000000000 ) ) ;
#354 = DIRECTION ( 'NONE',  ( 0.000000000000000000, 0.000000000000000000, -1.000000000000000000 ) ) ;
#355 = CARTESIAN_POINT ( 'NONE',  ( 3.999999999999998224, -91.94599763621994271, -30.90199861951064264 ) ) ;
#356 = CARTESIAN_POINT ( 'NONE',  ( 0.000000000000000000, 0.000000000000000000, 0.000000000000000000 ) ) ;
#357 = ORIENTED_EDGE ( 'NONE', *, *, #6740, .T. ) ;
#358 = DIRECTION ( 'NONE',  ( 0.000000000000000000, 0.000000000000000000, 1.000000000000000000 ) ) ;
#359 = CARTESIAN_POINT ( 'NONE',  ( 8.000000000000001776, -65.20060208237521238, -67.40713602777879032 ) ) ;
#360 = VERTEX_POINT ( 'NONE', #8038 ) ;
#361 = AXIS2_PLACEMENT_3D ( 'NONE', #6634, #7372, #8135 ) ;
#362 = ORIENTED_EDGE ( 'NONE', *, *, #6792, .T. ) ;
#363 = ORIENTED_EDGE ( 'NONE', *, *, #1108, .F. ) ;
#364 = SHAPE_DEFINITION_REPRESENTATION ( #7823, #5182 ) ;
#365 = DIRECTION ( 'NONE',  ( 0.000000000000000000, 0.000000000000000000, 1.000000000000000000 ) ) ;
#366 = VERTEX_POINT ( 'NONE', #6402 ) ;
#367 = CARTESIAN_POINT ( 'NONE',  ( 8.000000000000001776, -69.34455695586046886, -63.13614590681894612 ) ) ;
#368 = CARTESIAN_POINT ( 'NONE',  ( -101.9074929644522598, 0.000000000000000000, -115.0000000000000142 ) ) ;
#369 = ORIENTED_EDGE ( 'NONE', *, *, #936, .T. ) ;
#370 = CARTESIAN_POINT ( 'NONE',  ( 8.000000000000001776, -50.08817875965120692, -88.28152326246542714 ) ) ;
#371 = ORIENTED_EDGE ( 'NONE', *, *, #4149, .T. ) ;
#372 = FACE_OUTER_BOUND ( 'NONE', #7112, .T. ) ;
#373 = DIRECTION ( 'NONE',  ( 1.000000000000000000, 0.000000000000000000, 0.000000000000000000 ) ) ;
#374 = EDGE_CURVE ( 'NONE', #21, #5158, #3153, .T. ) ;
#375 = VERTEX_POINT ( 'NONE', #5303 ) ;
#376 = AXIS2_PLACEMENT_3D ( 'NONE', #7771, #7229, #4387 ) ;
#377 = CARTESIAN_POINT ( 'NONE',  ( -10.00000000000000000, 0.000000000000000000, 0.000000000000000000 ) ) ;
#378 = LINE ( 'NONE', #287, #4249 ) ;
#379 = ORIENTED_EDGE ( 'NONE', *, *, #8061, .F. ) ;
#380 = AXIS2_PLACEMENT_3D ( 'NONE', #2797, #4891, #5491 ) ;
#381 = DIRECTION ( 'NONE',  ( -1.000000000000000000, -0.000000000000000000, -0.000000000000000000 ) ) ;
#382 = ORIENTED_EDGE ( 'NONE', *, *, #6113, .F. ) ;
#383 = DIRECTION ( 'NONE',  ( -1.000000000000000000, -0.000000000000000000, 0.000000000000000000 ) ) ;
#384 = CARTESIAN_POINT ( 'NONE',  ( 8.000000000000001776, -92.36341720061230376, 29.63105065679639338 ) ) ;
#385 = AXIS2_PLACEMENT_3D ( 'NONE', #5614, #2833, #3560 ) ;
#386 = EDGE_CURVE ( 'NONE', #538, #7468, #5337, .T. ) ;
#387 = ADVANCED_FACE ( 'NONE', ( #3619 ), #4986, .F. ) ;
#388 = VERTEX_POINT ( 'NONE', #441 ) ;
#389 = CARTESIAN_POINT ( 'NONE',  ( 8.000000000000001776, 84.32312297300096304, -41.04206904448000159 ) ) ;
#390 = FACE_OUTER_BOUND ( 'NONE', #2944, .T. ) ;
#391 = AXIS2_PLACEMENT_3D ( 'NONE', #8209, #2001, #8299 ) ;
#392 = DIRECTION ( 'NONE',  ( 0.000000000000000000, 0.000000000000000000, 1.000000000000000000 ) ) ;
#393 = ORIENTED_EDGE ( 'NONE', *, *, #5339, .T. ) ;
#394 = DIRECTION ( 'NONE',  ( 1.000000000000000000, 0.000000000000000000, 0.000000000000000000 ) ) ;
#395 = ORIENTED_EDGE ( 'NONE', *, *, #1059, .F. ) ;
#396 = CARTESIAN_POINT ( 'NONE',  ( 8.000000000000001776, -45.21962749668706749, -85.81483140495507200 ) ) ;
#397 = EDGE_CURVE ( 'NONE', #1100, #4901, #1159, .T. ) ;
#398 = DIRECTION ( 'NONE',  ( 0.000000000000000000, -0.9998741276738751793, 0.01586596383479774511 ) ) ;
#399 = EDGE_CURVE ( 'NONE', #5453, #5091, #3927, .T. ) ;
#400 = ADVANCED_FACE ( 'NONE', ( #2936 ), #2465, .F. ) ;
#401 = CIRCLE ( 'NONE', #837, 115.0000000000000142 ) ;
#402 = DIRECTION ( 'NONE',  ( -1.000000000000000000, 0.000000000000000000, 0.000000000000000000 ) ) ;
#403 = DIRECTION ( 'NONE',  ( 0.000000000000000000, 0.000000000000000000, 1.000000000000000000 ) ) ;
#404 = ORIENTED_EDGE ( 'NONE', *, *, #3044, .T. ) ;
#405 = FACE_OUTER_BOUND ( 'NONE', #6697, .T. ) ;
#406 = CARTESIAN_POINT ( 'NONE',  ( 0.000000000000000000, -45.75568781208222191, -90.60281471258645070 ) ) ;
#407 = VERTEX_POINT ( 'NONE', #1029 ) ;
#408 = ORIENTED_EDGE ( 'NONE', *, *, #7337, .F. ) ;
#409 = VECTOR ( 'NONE', #7353, 1000.000000000000000 ) ;
#410 = ORIENTED_EDGE ( 'NONE', *, *, #7103, .T. ) ;
#411 = APPLICATION_PROTOCOL_DEFINITION ( 'draft international standard', 'automotive_design', 1998, #6326 ) ;
#412 = CARTESIAN_POINT ( 'NONE',  ( -10.00000000000000000, 0.000000000000000000, 0.000000000000000000 ) ) ;
#413 = ORIENTED_EDGE ( 'NONE', *, *, #7001, .F. ) ;
#414 = FACE_OUTER_BOUND ( 'NONE', #6256, .T. ) ;
#415 = DIRECTION ( 'NONE',  ( 0.000000000000000000, 0.5670598638627660781, 0.8236765814298359079 ) ) ;
#416 = EDGE_LOOP ( 'NONE', ( #2103, #1009, #4649, #4211 ) ) ;
#417 = AXIS2_PLACEMENT_3D ( 'NONE', #1117, #4023, #6815 ) ;
#418 = CARTESIAN_POINT ( 'NONE',  ( 4.000000000000000888, 71.84295120991662031, -65.17354034767130599 ) ) ;
#419 = DIRECTION ( 'NONE',  ( -1.000000000000000000, -0.000000000000000000, -0.000000000000000000 ) ) ;
#420 = CARTESIAN_POINT ( 'NONE',  ( 8.000000000000001776, 18.37649831258603683, -99.82363102375870767 ) ) ;
#421 = CIRCLE ( 'NONE', #6509, 97.00000000000000000 ) ;
#422 = LINE ( 'NONE', #2264, #2287 ) ;
#423 = CIRCLE ( 'NONE', #6817, 49.50000000000002842 ) ;
#424 = DIRECTION ( 'NONE',  ( 0.000000000000000000, 0.000000000000000000, 1.000000000000000000 ) ) ;
#425 = DIRECTION ( 'NONE',  ( -1.000000000000000000, -0.000000000000000000, 0.000000000000000000 ) ) ;
#426 = VERTEX_POINT ( 'NONE', #8769 ) ;
#427 = VERTEX_POINT ( 'NONE', #8677 ) ;
#428 = DIRECTION ( 'NONE',  ( 0.000000000000000000, 0.000000000000000000, 1.000000000000000000 ) ) ;
#429 = EDGE_LOOP ( 'NONE', ( #1806, #5877, #5237, #4136 ) ) ;
#430 = EDGE_CURVE ( 'NONE', #7990, #4020, #7992, .T. ) ;
#431 = CARTESIAN_POINT ( 'NONE',  ( 0.000000000000000000, -92.72829175089816545, -14.01086750818866378 ) ) ;
#432 = CARTESIAN_POINT ( 'NONE',  ( -8.500000000000001776, -63.60141849350122101, 95.81158367136264076 ) ) ;
#433 = ORIENTED_EDGE ( 'NONE', *, *, #5699, .F. ) ;
#434 = DIRECTION ( 'NONE',  ( -1.000000000000000000, 0.000000000000000000, -0.000000000000000000 ) ) ;
#435 = CARTESIAN_POINT ( 'NONE',  ( 8.000000000000001776, 76.65880538145837875, -59.43422883732647932 ) ) ;
#436 = CARTESIAN_POINT ( 'NONE',  ( 8.000000000000001776, 0.000000000000000000, 0.000000000000000000 ) ) ;
#437 = ORIENTED_EDGE ( 'NONE', *, *, #8990, .T. ) ;
#438 = CYLINDRICAL_SURFACE ( 'NONE', #8043, 97.00000000000000000 ) ;
#439 = ORIENTED_EDGE ( 'NONE', *, *, #3381, .F. ) ;
#440 = DIRECTION ( 'NONE',  ( 1.000000000000000000, 0.000000000000000000, 0.000000000000000000 ) ) ;
#441 = CARTESIAN_POINT ( 'NONE',  ( 0.000000000000000000, -67.04387314720949576, 76.20742794781151019 ) ) ;
#442 = EDGE_CURVE ( 'NONE', #5365, #220, #6205, .T. ) ;
#443 = AXIS2_PLACEMENT_3D ( 'NONE', #2000, #8080, #6809 ) ;
#444 = CARTESIAN_POINT ( 'NONE',  ( 8.000000000000001776, -84.03437208676349712, 56.92694712509519661 ) ) ;
#445 = ADVANCED_FACE ( 'NONE', ( #1789 ), #7365, .F. ) ;
#446 = DIRECTION ( 'NONE',  ( 1.000000000000000000, 0.000000000000000000, 0.000000000000000000 ) ) ;
#447 = EDGE_CURVE ( 'NONE', #695, #320, #5192, .T. ) ;
#448 = ORIENTED_EDGE ( 'NONE', *, *, #514, .T. ) ;
#449 = CYLINDRICAL_SURFACE ( 'NONE', #1796, 97.00000000000000000 ) ;
#450 = EDGE_CURVE ( 'NONE', #7549, #3048, #1542, .T. ) ;
#451 = DIRECTION ( 'NONE',  ( -1.000000000000000000, -0.000000000000000000, 0.000000000000000000 ) ) ;
#452 = ORIENTED_EDGE ( 'NONE', *, *, #1223, .T. ) ;
#453 = ORIENTED_EDGE ( 'NONE', *, *, #7558, .F. ) ;
#454 = ORIENTED_EDGE ( 'NONE', *, *, #7561, .F. ) ;
#455 = DIRECTION ( 'NONE',  ( 0.000000000000000000, -0.9938384644612529017, -0.1108381999010213670 ) ) ;
#456 = ORIENTED_EDGE ( 'NONE', *, *, #1924, .T. ) ;
#457 = DIRECTION ( 'NONE',  ( -1.000000000000000000, 0.000000000000000000, -0.000000000000000000 ) ) ;
#458 = EDGE_CURVE ( 'NONE', #3474, #1081, #6940, .T. ) ;
#459 = CARTESIAN_POINT ( 'NONE',  ( 0.000000000000000000, 0.000000000000000000, 0.000000000000000000 ) ) ;
#460 = ORIENTED_EDGE ( 'NONE', *, *, #7411, .T. ) ;
#461 = LINE ( 'NONE', #5189, #5410 ) ;
#462 = CARTESIAN_POINT ( 'NONE',  ( 8.000000000000001776, 28.62388835078512983, -89.30573058350449855 ) ) ;
#463 = ORIENTED_EDGE ( 'NONE', *, *, #5101, .F. ) ;
#464 = CIRCLE ( 'NONE', #1184, 97.00000000000000000 ) ;
#465 = LINE ( 'NONE', #1855, #5662 ) ;
#466 = CARTESIAN_POINT ( 'NONE',  ( 0.000000000000000000, -13.68933125847467380, -100.5736307920507926 ) ) ;
#467 = VERTEX_POINT ( 'NONE', #4064 ) ;
#468 = VECTOR ( 'NONE', #8480, 1000.000000000000000 ) ;
#469 = VERTEX_POINT ( 'NONE', #4789 ) ;
#470 = CIRCLE ( 'NONE', #6293, 101.5010000000000048 ) ;
#471 = VERTEX_POINT ( 'NONE', #5432 ) ;
#472 = CARTESIAN_POINT ( 'NONE',  ( 0.000000000000000000, -92.72829175089835019, 14.01086750818740434 ) ) ;
#473 = CARTESIAN_POINT ( 'NONE',  ( 8.000000000000001776, 54.16084759374957258, -85.84320351039229990 ) ) ;
#474 = AXIS2_PLACEMENT_3D ( 'NONE', #8554, #7876, #4179 ) ;
#475 = CIRCLE ( 'NONE', #1619, 49.50000000000001421 ) ;
#476 = EDGE_LOOP ( 'NONE', ( #4486, #6683, #689, #1292 ) ) ;
#477 = PLANE ( 'NONE',  #6372 ) ;
#478 = CYLINDRICAL_SURFACE ( 'NONE', #300, 49.50000000000001421 ) ;
#479 = FACE_OUTER_BOUND ( 'NONE', #8134, .T. ) ;
#480 = VERTEX_POINT ( 'NONE', #6860 ) ;
#481 = FACE_OUTER_BOUND ( 'NONE', #6306, .T. ) ;
#482 = ORIENTED_EDGE ( 'NONE', *, *, #345, .T. ) ;
#483 = DIRECTION ( 'NONE',  ( 0.000000000000000000, -0.5929079290546301895, -0.8052702575310661803 ) ) ;
#484 = AXIS2_PLACEMENT_3D ( 'NONE', #8582, #7948, #7766 ) ;
#485 = DIRECTION ( 'NONE',  ( -1.000000000000000000, 0.000000000000000000, -0.000000000000000000 ) ) ;
#486 = CIRCLE ( 'NONE', #908, 49.50000000000003553 ) ;
#487 = AXIS2_PLACEMENT_3D ( 'NONE', #4494, #228, #3763 ) ;
#488 = VECTOR ( 'NONE', #1121, 1000.000000000000000 ) ;
#489 = EDGE_CURVE ( 'NONE', #7753, #6094, #2734, .T. ) ;
#490 = LINE ( 'NONE', #5988, #3961 ) ;
#491 = CIRCLE ( 'NONE', #1612, 97.00000000000000000 ) ;
#492 = LINE ( 'NONE', #8774, #3698 ) ;
#493 = AXIS2_PLACEMENT_3D ( 'NONE', #5601, #1545, #7621 ) ;
#494 = ORIENTED_EDGE ( 'NONE', *, *, #7955, .F. ) ;
#495 = CARTESIAN_POINT ( 'NONE',  ( 0.000000000000000000, 0.000000000000000000, 0.000000000000000000 ) ) ;
#496 = CARTESIAN_POINT ( 'NONE',  ( 8.000000000000001776, -42.37477060330834888, -83.66133704220068523 ) ) ;
#497 = ORIENTED_EDGE ( 'NONE', *, *, #327, .T. ) ;
#498 = ORIENTED_EDGE ( 'NONE', *, *, #6266, .T. ) ;
#499 = ORIENTED_EDGE ( 'NONE', *, *, #1276, .F. ) ;
#500 = EDGE_CURVE ( 'NONE', #4799, #6224, #3295, .T. ) ;
#501 = ADVANCED_FACE ( 'NONE', ( #8862 ), #6943, .F. ) ;
#502 = DIRECTION ( 'NONE',  ( -0.000000000000000000, 0.000000000000000000, 1.000000000000000000 ) ) ;
#503 = EDGE_CURVE ( 'NONE', #407, #7363, #1405, .T. ) ;
#504 = CARTESIAN_POINT ( 'NONE',  ( 0.000000000000000000, 3.646702112543261265, -93.70988241948700193 ) ) ;
#505 = ORIENTED_EDGE ( 'NONE', *, *, #4878, .T. ) ;
#506 = CARTESIAN_POINT ( 'NONE',  ( 5.100766768294539365E-16, -63.60141849350122101, 95.81158367136264076 ) ) ;
#507 = CARTESIAN_POINT ( 'NONE',  ( 1.062190476068823620E-14, 97.87238061538435829, -18.86335522284969102 ) ) ;
#508 = EDGE_LOOP ( 'NONE', ( #677, #1954, #7028, #3709 ) ) ;
#509 = CARTESIAN_POINT ( 'NONE',  ( 16.50000000000000711, 92.42805162179945455, -25.97529195377680367 ) ) ;
#510 = CARTESIAN_POINT ( 'NONE',  ( 8.000000000000001776, -62.07551835258968964, -80.30618296406137802 ) ) ;
#511 = VERTEX_POINT ( 'NONE', #2642 ) ;
#512 = AXIS2_PLACEMENT_3D ( 'NONE', #1103, #6563, #3101 ) ;
#513 = EDGE_CURVE ( 'NONE', #7960, #2024, #3725, .T. ) ;
#514 = EDGE_CURVE ( 'NONE', #1968, #899, #8129, .T. ) ;
#515 = DIRECTION ( 'NONE',  ( 0.000000000000000000, -0.9968547759519431617, 0.07924995685677822810 ) ) ;
#516 = CARTESIAN_POINT ( 'NONE',  ( -10.00000000000000000, 0.000000000000000000, 0.000000000000000000 ) ) ;
#517 = CIRCLE ( 'NONE', #6174, 49.50000000000001421 ) ;
#518 = ORIENTED_EDGE ( 'NONE', *, *, #940, .F. ) ;
#519 = CARTESIAN_POINT ( 'NONE',  ( 8.000000000000001776, 0.000000000000000000, 0.000000000000000000 ) ) ;
#520 = DIRECTION ( 'NONE',  ( -1.000000000000000000, -0.000000000000000000, 0.000000000000000000 ) ) ;
#521 = ORIENTED_EDGE ( 'NONE', *, *, #1264, .F. ) ;
#522 = LINE ( 'NONE', #6659, #4268 ) ;
#523 = CARTESIAN_POINT ( 'NONE',  ( 8.000000000000001776, 82.18588994942956560, -59.56452378908317513 ) ) ;
#524 = CIRCLE ( 'NONE', #3994, 101.5010000000000048 ) ;
#525 = AXIS2_PLACEMENT_3D ( 'NONE', #5436, #1967, #8865 ) ;
#526 = DIRECTION ( 'NONE',  ( 0.000000000000000000, 0.000000000000000000, 1.000000000000000000 ) ) ;
#527 = CIRCLE ( 'NONE', #5595, 97.00000000000000000 ) ;
#528 = CYLINDRICAL_SURFACE ( 'NONE', #7431, 49.50000000000001421 ) ;
#529 = CARTESIAN_POINT ( 'NONE',  ( 0.000000000000000000, -90.29814238342842714, -35.42944371708490081 ) ) ;
#530 = ORIENTED_EDGE ( 'NONE', *, *, #270, .F. ) ;
#531 = CARTESIAN_POINT ( 'NONE',  ( -10.00000000000000000, 0.000000000000000000, 0.000000000000000000 ) ) ;
#532 = ORIENTED_EDGE ( 'NONE', *, *, #5536, .F. ) ;
#533 = AXIS2_PLACEMENT_3D ( 'NONE', #2875, #8438, #3646 ) ;
#534 = FACE_OUTER_BOUND ( 'NONE', #1377, .T. ) ;
#535 = DIRECTION ( 'NONE',  ( 1.000000000000000000, 0.000000000000000000, 0.000000000000000000 ) ) ;
#536 = VECTOR ( 'NONE', #17, 1000.000000000000000 ) ;
#537 = DIRECTION ( 'NONE',  ( 1.000000000000000000, 0.000000000000000000, 0.000000000000000000 ) ) ;
#538 = VERTEX_POINT ( 'NONE', #8170 ) ;
#539 = CARTESIAN_POINT ( 'NONE',  ( 0.000000000000000000, -86.69171227587034423, 52.79204507951659764 ) ) ;
#540 = CYLINDRICAL_SURFACE ( 'NONE', #2964, 49.50000000000001421 ) ;
#541 = ORIENTED_EDGE ( 'NONE', *, *, #4976, .T. ) ;
#542 = CIRCLE ( 'NONE', #1263, 97.00000000000000000 ) ;
#543 = ADVANCED_FACE ( 'NONE', ( #665 ), #6160, .F. ) ;
#544 = ORIENTED_EDGE ( 'NONE', *, *, #5788, .T. ) ;
#545 = DIRECTION ( 'NONE',  ( 0.000000000000000000, -0.9968547759519431617, 0.07924995685677815871 ) ) ;
#546 = FACE_OUTER_BOUND ( 'NONE', #5622, .T. ) ;
#547 = ORIENTED_EDGE ( 'NONE', *, *, #6041, .T. ) ;
#548 = CARTESIAN_POINT ( 'NONE',  ( 8.000000000000001776, 0.000000000000000000, 0.000000000000000000 ) ) ;
#549 = FACE_OUTER_BOUND ( 'NONE', #4213, .T. ) ;
#550 = CIRCLE ( 'NONE', #2118, 101.5010000000000190 ) ;
#551 = ORIENTED_EDGE ( 'NONE', *, *, #3747, .F. ) ;
#552 = EDGE_CURVE ( 'NONE', #7282, #1560, #3442, .T. ) ;
#553 = DIRECTION ( 'NONE',  ( 0.000000000000000000, 0.000000000000000000, 1.000000000000000000 ) ) ;
#554 = ORIENTED_EDGE ( 'NONE', *, *, #816, .T. ) ;
#555 = EDGE_CURVE ( 'NONE', #98, #8686, #6207, .T. ) ;
#556 = DIRECTION ( 'NONE',  ( -1.000000000000000000, -0.000000000000000000, -0.000000000000000000 ) ) ;
#557 = EDGE_CURVE ( 'NONE', #7430, #4324, #3164, .T. ) ;
#558 = DIRECTION ( 'NONE',  ( 0.000000000000000000, 0.000000000000000000, 1.000000000000000000 ) ) ;
#559 = ORIENTED_EDGE ( 'NONE', *, *, #430, .F. ) ;
#560 = VECTOR ( 'NONE', #7438, 1000.000000000000000 ) ;
#561 = EDGE_CURVE ( 'NONE', #6180, #5231, #5766, .T. ) ;
#562 = CARTESIAN_POINT ( 'NONE',  ( 8.000000000000001776, 27.06486892284542733, -89.79049710053341471 ) ) ;
#563 = DIRECTION ( 'NONE',  ( 0.000000000000000000, 0.7557495743542550493, 0.6548607339452887643 ) ) ;
#564 = EDGE_CURVE ( 'NONE', #717, #7776, #840, .T. ) ;
#565 = ORIENTED_EDGE ( 'NONE', *, *, #2523, .F. ) ;
#566 = VECTOR ( 'NONE', #2548, 1000.000000000000000 ) ;
#567 = CYLINDRICAL_SURFACE ( 'NONE', #5147, 49.50000000000001421 ) ;
#568 = CYLINDRICAL_SURFACE ( 'NONE', #2714, 97.00000000000000000 ) ;
#569 = AXIS2_PLACEMENT_3D ( 'NONE', #3650, #6529, #4972 ) ;
#570 = AXIS2_PLACEMENT_3D ( 'NONE', #4863, #4182, #6976 ) ;
#571 = CARTESIAN_POINT ( 'NONE',  ( 16.50000000000000000, -66.91975337142302749, 100.8104489063902633 ) ) ;
#572 = DIRECTION ( 'NONE',  ( 1.000000000000000000, 0.000000000000000000, 0.000000000000000000 ) ) ;
#573 = DIRECTION ( 'NONE',  ( 0.000000000000000000, 1.429832683229368205E-14, -1.000000000000000000 ) ) ;
#574 = ORIENTED_EDGE ( 'NONE', *, *, #833, .F. ) ;
#575 = FACE_OUTER_BOUND ( 'NONE', #3324, .T. ) ;
#576 = ADVANCED_FACE ( 'NONE', ( #1254 ), #4701, .F. ) ;
#577 = VERTEX_POINT ( 'NONE', #8216 ) ;
#578 = DIRECTION ( 'NONE',  ( -1.000000000000000000, 0.000000000000000000, -0.000000000000000000 ) ) ;
#579 = DIRECTION ( 'NONE',  ( 1.000000000000000000, 0.000000000000000000, 0.000000000000000000 ) ) ;
#580 = AXIS2_PLACEMENT_3D ( 'NONE', #8809, #3287, #3328 ) ;
#581 = DIRECTION ( 'NONE',  ( 0.000000000000000000, 0.000000000000000000, 1.000000000000000000 ) ) ;
#582 = CIRCLE ( 'NONE', #1574, 97.00000000000000000 ) ;
#583 = DIRECTION ( 'NONE',  ( 1.000000000000000000, 0.000000000000000000, 0.000000000000000000 ) ) ;
#584 = ORIENTED_EDGE ( 'NONE', *, *, #3219, .T. ) ;
#585 = DIRECTION ( 'NONE',  ( -1.000000000000000000, -0.000000000000000000, -0.000000000000000000 ) ) ;
#586 = CARTESIAN_POINT ( 'NONE',  ( 8.000000000000001776, 0.000000000000000000, 0.000000000000000000 ) ) ;
#587 = ORIENTED_EDGE ( 'NONE', *, *, #4205, .F. ) ;
#588 = AXIS2_PLACEMENT_3D ( 'NONE', #1975, #5061, #3690 ) ;
#589 = CARTESIAN_POINT ( 'NONE',  ( 5.100766768294539365E-16, -63.60141849350122101, 95.81158367136264076 ) ) ;
#590 = DIRECTION ( 'NONE',  ( 0.000000000000000000, 0.4582265217274053004, 0.8888354486549260303 ) ) ;
#591 = ADVANCED_FACE ( 'NONE', ( #1424 ), #1508, .F. ) ;
#592 = ORIENTED_EDGE ( 'NONE', *, *, #6674, .F. ) ;
#593 = FACE_OUTER_BOUND ( 'NONE', #2994, .T. ) ;
#594 = CARTESIAN_POINT ( 'NONE',  ( 0.000000000000000000, 0.000000000000000000, 0.000000000000000000 ) ) ;
#595 = ORIENTED_EDGE ( 'NONE', *, *, #2536, .F. ) ;
#596 = AXIS2_PLACEMENT_3D ( 'NONE', #8111, #2623, #4046 ) ;
#597 = CARTESIAN_POINT ( 'NONE',  ( -101.9074929644522598, 0.000000000000000000, 0.000000000000000000 ) ) ;
#598 = ORIENTED_EDGE ( 'NONE', *, *, #6851, .F. ) ;
#599 = AXIS2_PLACEMENT_3D ( 'NONE', #412, #8054, #1802 ) ;
#600 = CARTESIAN_POINT ( 'NONE',  ( 8.000000000000001776, 25.20266038432001920, -93.66870293514600121 ) ) ;
#601 = EDGE_CURVE ( 'NONE', #4401, #3939, #256, .T. ) ;
#602 = CARTESIAN_POINT ( 'NONE',  ( 0.000000000000000000, -80.04000465091354499, -48.87164980695292371 ) ) ;
#603 = VERTEX_POINT ( 'NONE', #2137 ) ;
#604 = DIRECTION ( 'NONE',  ( 1.000000000000000000, 0.000000000000000000, 0.000000000000000000 ) ) ;
#605 = DIRECTION ( 'NONE',  ( 0.000000000000000000, -0.4861967361004579380, -0.8738493770697909335 ) ) ;
#606 = VERTEX_POINT ( 'NONE', #6250 ) ;
#607 = VECTOR ( 'NONE', #1555, 1000.000000000000000 ) ;
#608 = DIRECTION ( 'NONE',  ( -1.000000000000000000, 0.000000000000000000, -0.000000000000000000 ) ) ;
#609 = DIRECTION ( 'NONE',  ( -1.000000000000000000, 0.000000000000000000, 0.000000000000000000 ) ) ;
#610 = EDGE_CURVE ( 'NONE', #68, #8202, #7387, .T. ) ;
#611 = EDGE_CURVE ( 'NONE', #3799, #3681, #6810, .T. ) ;
#612 = EDGE_CURVE ( 'NONE', #4909, #7614, #7036, .T. ) ;
#613 = VERTEX_POINT ( 'NONE', #8434 ) ;
#614 = CARTESIAN_POINT ( 'NONE',  ( 0.000000000000000000, -21.53444405119564209, -99.19032573999302826 ) ) ;
#615 = EDGE_CURVE ( 'NONE', #4551, #8234, #8351, .T. ) ;
#616 = LINE ( 'NONE', #6853, #3475 ) ;
#617 = FACE_OUTER_BOUND ( 'NONE', #4848, .T. ) ;
#618 = ORIENTED_EDGE ( 'NONE', *, *, #4050, .F. ) ;
#619 = CARTESIAN_POINT ( 'NONE',  ( 0.000000000000000000, 0.000000000000000000, 0.000000000000000000 ) ) ;
#620 = VERTEX_POINT ( 'NONE', #7756 ) ;
#621 = DIRECTION ( 'NONE',  ( 0.000000000000000000, 1.233581138472395876E-14, -1.000000000000000000 ) ) ;
#622 = CARTESIAN_POINT ( 'NONE',  ( 8.000000000000001776, -77.70503590289601448, 52.50493209881664569 ) ) ;
#623 = CIRCLE ( 'NONE', #1765, 97.00000000000000000 ) ;
#624 = EDGE_CURVE ( 'NONE', #7187, #6937, #3303, .T. ) ;
#625 = FACE_OUTER_BOUND ( 'NONE', #8900, .T. ) ;
#626 = DIRECTION ( 'NONE',  ( 0.000000000000000000, 0.000000000000000000, 1.000000000000000000 ) ) ;
#627 = CIRCLE ( 'NONE', #5694, 101.5010000000000048 ) ;
#628 = ORIENTED_EDGE ( 'NONE', *, *, #5764, .F. ) ;
#629 = DIRECTION ( 'NONE',  ( 0.000000000000000000, 0.7126941713788593757, 0.7014748877063248234 ) ) ;
#630 = CIRCLE ( 'NONE', #2926, 101.5010000000000048 ) ;
#631 = FACE_OUTER_BOUND ( 'NONE', #1414, .T. ) ;
#632 = VERTEX_POINT ( 'NONE', #797 ) ;
#633 = AXIS2_PLACEMENT_3D ( 'NONE', #8218, #7544, #6164 ) ;
#634 = AXIS2_PLACEMENT_3D ( 'NONE', #1115, #3292, #8859 ) ;
#635 = AXIS2_PLACEMENT_3D ( 'NONE', #3084, #1001, #1717 ) ;
#636 = DIRECTION ( 'NONE',  ( -1.000000000000000000, -0.000000000000000000, 0.000000000000000000 ) ) ;
#637 = DIRECTION ( 'NONE',  ( 0.000000000000000000, 0.000000000000000000, 1.000000000000000000 ) ) ;
#638 = VERTEX_POINT ( 'NONE', #4282 ) ;
#639 = DIRECTION ( 'NONE',  ( -1.000000000000000000, -0.000000000000000000, 0.000000000000000000 ) ) ;
#640 = CARTESIAN_POINT ( 'NONE',  ( 8.000000000000001776, -78.50593618205158464, -56.97208074293622815 ) ) ;
#641 = ORIENTED_EDGE ( 'NONE', *, *, #1328, .T. ) ;
#642 = ORIENTED_EDGE ( 'NONE', *, *, #7550, .F. ) ;
#643 = CARTESIAN_POINT ( 'NONE',  ( 8.000000000000001776, -57.44201543540581412, 74.12998962694049965 ) ) ;
#644 = AXIS2_PLACEMENT_3D ( 'NONE', #7662, #8427, #2728 ) ;
#645 = ORIENTED_EDGE ( 'NONE', *, *, #1488, .F. ) ;
#646 = DIRECTION ( 'NONE',  ( -1.000000000000000000, -0.000000000000000000, -0.000000000000000000 ) ) ;
#647 = CARTESIAN_POINT ( 'NONE',  ( 8.000000000000001776, 0.000000000000000000, 0.000000000000000000 ) ) ;
#648 = EDGE_LOOP ( 'NONE', ( #4915, #1577, #3089, #2109 ) ) ;
#649 = DIRECTION ( 'NONE',  ( 1.000000000000000000, 0.000000000000000000, 0.000000000000000000 ) ) ;
#650 = DIRECTION ( 'NONE',  ( 0.000000000000000000, 0.3420201433256628842, 0.9396926207859104263 ) ) ;
#651 = EDGE_LOOP ( 'NONE', ( #2770, #595, #6886, #7656 ) ) ;
#652 = AXIS2_PLACEMENT_3D ( 'NONE', #1078, #6727, #2565 ) ;
#653 = CARTESIAN_POINT ( 'NONE',  ( 0.000000000000000000, -99.17242527825069942, 21.61673114579960497 ) ) ;
#654 = FACE_OUTER_BOUND ( 'NONE', #5376, .T. ) ;
#655 = EDGE_CURVE ( 'NONE', #5678, #2978, #876, .T. ) ;
#656 = ORIENTED_EDGE ( 'NONE', *, *, #4545, .T. ) ;
#657 = CIRCLE ( 'NONE', #7194, 101.5010000000000048 ) ;
#658 = CARTESIAN_POINT ( 'NONE',  ( 0.000000000000000000, 0.000000000000000000, 0.000000000000000000 ) ) ;
#659 = CARTESIAN_POINT ( 'NONE',  ( 0.000000000000000000, 93.64022849477200339, 5.133040699097722204 ) ) ;
#660 = DIRECTION ( 'NONE',  ( 1.000000000000000000, 0.000000000000000000, 0.000000000000000000 ) ) ;
#661 = VERTEX_POINT ( 'NONE', #2910 ) ;
#662 = CARTESIAN_POINT ( 'NONE',  ( 8.000000000000001776, 0.000000000000000000, 0.000000000000000000 ) ) ;
#663 = ORIENTED_EDGE ( 'NONE', *, *, #4489, .T. ) ;
#664 = DIRECTION ( 'NONE',  ( 0.000000000000000000, 0.000000000000000000, 1.000000000000000000 ) ) ;
#665 = FACE_OUTER_BOUND ( 'NONE', #4353, .T. ) ;
#666 = EDGE_CURVE ( 'NONE', #3131, #2214, #5738, .T. ) ;
#667 = CIRCLE ( 'NONE', #7639, 97.00000000000000000 ) ;
#668 = ADVANCED_FACE ( 'NONE', ( #3466 ), #751, .F. ) ;
#669 = FACE_OUTER_BOUND ( 'NONE', #4871, .T. ) ;
#670 = CIRCLE ( 'NONE', #4580, 49.50000000000001421 ) ;
#671 = DIRECTION ( 'NONE',  ( 1.000000000000000000, 0.000000000000000000, 0.000000000000000000 ) ) ;
#672 = EDGE_CURVE ( 'NONE', #3583, #7866, #5199, .T. ) ;
#673 = ORIENTED_EDGE ( 'NONE', *, *, #4554, .T. ) ;
#674 = DIRECTION ( 'NONE',  ( 1.000000000000000000, 0.000000000000000000, 0.000000000000000000 ) ) ;
#675 = VECTOR ( 'NONE', #6859, 1000.000000000000000 ) ;
#676 = CARTESIAN_POINT ( 'NONE',  ( 8.000000000000001776, 0.000000000000000000, 0.000000000000000000 ) ) ;
#677 = ORIENTED_EDGE ( 'NONE', *, *, #8295, .T. ) ;
#678 = EDGE_CURVE ( 'NONE', #5527, #4710, #2569, .T. ) ;
#679 = DIRECTION ( 'NONE',  ( -1.000000000000000000, -0.000000000000000000, -0.000000000000000000 ) ) ;
#680 = AXIS2_PLACEMENT_3D ( 'NONE', #1480, #7054, #2749 ) ;
#681 = EDGE_CURVE ( 'NONE', #5892, #4861, #1841, .T. ) ;
#682 = CIRCLE ( 'NONE', #6480, 49.50000000000002132 ) ;
#683 = DIRECTION ( 'NONE',  ( 0.000000000000000000, 0.7557495743542550493, 0.6548607339452887643 ) ) ;
#684 = ORIENTED_EDGE ( 'NONE', *, *, #4488, .T. ) ;
#685 = CARTESIAN_POINT ( 'NONE',  ( 0.000000000000000000, -101.4228187791121343, 3.983068151486399255 ) ) ;
#686 = CARTESIAN_POINT ( 'NONE',  ( 0.000000000000000000, -93.27503075632668583, 9.726722817990363978 ) ) ;
#687 = ORIENTED_EDGE ( 'NONE', *, *, #8384, .F. ) ;
#688 = CIRCLE ( 'NONE', #92, 97.00000000000000000 ) ;
#689 = ORIENTED_EDGE ( 'NONE', *, *, #8004, .F. ) ;
#690 = CARTESIAN_POINT ( 'NONE',  ( 8.000000000000001776, -46.18167158087781843, -81.62164975891904817 ) ) ;
#691 = ORIENTED_EDGE ( 'NONE', *, *, #564, .F. ) ;
#692 = CIRCLE ( 'NONE', #8252, 101.5010000000000190 ) ;
#693 = DIRECTION ( 'NONE',  ( 0.000000000000000000, 0.000000000000000000, 1.000000000000000000 ) ) ;
#694 = DIRECTION ( 'NONE',  ( 0.000000000000000000, 0.000000000000000000, 1.000000000000000000 ) ) ;
#695 = VERTEX_POINT ( 'NONE', #199 ) ;
#696 = DIRECTION ( 'NONE',  ( -1.000000000000000000, -0.000000000000000000, 0.000000000000000000 ) ) ;
#697 = DIRECTION ( 'NONE',  ( 0.000000000000000000, 0.000000000000000000, 1.000000000000000000 ) ) ;
#698 = ORIENTED_EDGE ( 'NONE', *, *, #1313, .T. ) ;
#699 = DIRECTION ( 'NONE',  ( 0.000000000000000000, 0.000000000000000000, 1.000000000000000000 ) ) ;
#700 = CARTESIAN_POINT ( 'NONE',  ( 0.000000000000000000, -70.43315616595515394, 61.91939124275916129 ) ) ;
#701 = ORIENTED_EDGE ( 'NONE', *, *, #3772, .F. ) ;
#702 = LINE ( 'NONE', #2863, #1926 ) ;
#703 = AXIS2_PLACEMENT_3D ( 'NONE', #4778, #6020, #4640 ) ;
#704 = DIRECTION ( 'NONE',  ( 0.000000000000000000, 0.000000000000000000, 1.000000000000000000 ) ) ;
#705 = ORIENTED_EDGE ( 'NONE', *, *, #2800, .T. ) ;
#706 = EDGE_CURVE ( 'NONE', #5923, #717, #8980, .T. ) ;
#707 = FACE_OUTER_BOUND ( 'NONE', #7348, .T. ) ;
#708 = LINE ( 'NONE', #2691, #675 ) ;
#709 = DIRECTION ( 'NONE',  ( 0.000000000000000000, -0.3420201433256758183, 0.9396926207859058744 ) ) ;
#710 = VECTOR ( 'NONE', #2284, 1000.000000000000000 ) ;
#711 = DIRECTION ( 'NONE',  ( -1.000000000000000000, 0.000000000000000000, 0.000000000000000000 ) ) ;
#712 = CARTESIAN_POINT ( 'NONE',  ( 0.000000000000000000, -16.18476450428374491, -95.64022897264976564 ) ) ;
#713 = ORIENTED_EDGE ( 'NONE', *, *, #7839, .F. ) ;
#714 = EDGE_CURVE ( 'NONE', #3507, #7116, #6338, .T. ) ;
#715 = CARTESIAN_POINT ( 'NONE',  ( 8.000000000000001776, -3.947223798554312602, -96.91965447876982864 ) ) ;
#716 = FACE_OUTER_BOUND ( 'NONE', #8913, .T. ) ;
#717 = VERTEX_POINT ( 'NONE', #7669 ) ;
#718 = CIRCLE ( 'NONE', #3319, 49.50000000000001421 ) ;
#719 = CARTESIAN_POINT ( 'NONE',  ( 8.000000000000001776, -89.74863504084525800, 27.20336390369514135 ) ) ;
#720 = EDGE_CURVE ( 'NONE', #6184, #1438, #6944, .T. ) ;
#721 = DIRECTION ( 'NONE',  ( 0.000000000000000000, 0.000000000000000000, 1.000000000000000000 ) ) ;
#722 = EDGE_CURVE ( 'NONE', #3052, #2117, #8256, .T. ) ;
#723 = EDGE_CURVE ( 'NONE', #6967, #6768, #244, .T. ) ;
#724 = ORIENTED_EDGE ( 'NONE', *, *, #1905, .T. ) ;
#725 = CARTESIAN_POINT ( 'NONE',  ( 8.000000000000001776, 0.000000000000000000, 0.000000000000000000 ) ) ;
#726 = DIRECTION ( 'NONE',  ( 0.000000000000000000, 0.000000000000000000, 1.000000000000000000 ) ) ;
#727 = EDGE_LOOP ( 'NONE', ( #930, #5810, #5874, #1156, #7276, #8070 ) ) ;
#728 = VERTEX_POINT ( 'NONE', #8663 ) ;
#729 = DIRECTION ( 'NONE',  ( -1.000000000000000000, -0.000000000000000000, 0.000000000000000000 ) ) ;
#730 = ORIENTED_EDGE ( 'NONE', *, *, #2362, .T. ) ;
#731 = EDGE_CURVE ( 'NONE', #2520, #295, #7535, .T. ) ;
#732 = FACE_OUTER_BOUND ( 'NONE', #1116, .T. ) ;
#733 = CIRCLE ( 'NONE', #1019, 49.50000000000002132 ) ;
#734 = DIRECTION ( 'NONE',  ( -1.000000000000000000, -0.000000000000000000, -0.000000000000000000 ) ) ;
#735 = ORIENTED_EDGE ( 'NONE', *, *, #3388, .F. ) ;
#736 = DIRECTION ( 'NONE',  ( 0.000000000000000000, -0.6667690005162977274, 0.7452644496757492298 ) ) ;
#737 = DIRECTION ( 'NONE',  ( 0.000000000000000000, -3.557059248720119327E-15, -1.000000000000000000 ) ) ;
#738 = ORIENTED_EDGE ( 'NONE', *, *, #217, .T. ) ;
#739 = CARTESIAN_POINT ( 'NONE',  ( 8.000000000000001776, 30.86557432008500257, -96.69420521877880503 ) ) ;
#740 = CARTESIAN_POINT ( 'NONE',  ( 8.000000000000001776, 53.73118847029943623, -76.86221363544551366 ) ) ;
#741 = AXIS2_PLACEMENT_3D ( 'NONE', #377, #2583, #424 ) ;
#742 = VERTEX_POINT ( 'NONE', #384 ) ;
#743 = CARTESIAN_POINT ( 'NONE',  ( 8.000000000000001776, 80.27401815957509257, -54.45256659255105802 ) ) ;
#744 = CARTESIAN_POINT ( 'NONE',  ( 8.000000000000001776, 0.000000000000000000, 0.000000000000000000 ) ) ;
#745 = DIRECTION ( 'NONE',  ( 0.000000000000000000, 0.000000000000000000, 1.000000000000000000 ) ) ;
#746 = VERTEX_POINT ( 'NONE', #3686 ) ;
#747 = CIRCLE ( 'NONE', #5089, 101.5009999999999906 ) ;
#748 = DIRECTION ( 'NONE',  ( 0.000000000000000000, -0.9938384644612529017, -0.1108381999010213670 ) ) ;
#749 = ORIENTED_EDGE ( 'NONE', *, *, #4594, .T. ) ;
#750 = CARTESIAN_POINT ( 'NONE',  ( 4.000000000000000888, 96.97008148644907521, -2.409003219471794743 ) ) ;
#751 = CYLINDRICAL_SURFACE ( 'NONE', #115, 101.5009999999999906 ) ;
#752 = DIRECTION ( 'NONE',  ( 0.000000000000000000, 0.000000000000000000, 1.000000000000000000 ) ) ;
#753 = VECTOR ( 'NONE', #4570, 1000.000000000000000 ) ;
#754 = DIRECTION ( 'NONE',  ( 0.000000000000000000, -0.1580013959733570783, 0.9874388886763931783 ) ) ;
#755 = ORIENTED_EDGE ( 'NONE', *, *, #8616, .T. ) ;
#756 = CARTESIAN_POINT ( 'NONE',  ( 0.000000000000000000, 0.000000000000000000, 0.000000000000000000 ) ) ;
#757 = DIRECTION ( 'NONE',  ( -1.000000000000000000, -0.000000000000000000, -0.000000000000000000 ) ) ;
#758 = VERTEX_POINT ( 'NONE', #3734 ) ;
#759 = LINE ( 'NONE', #1849, #4680 ) ;
#760 = AXIS2_PLACEMENT_3D ( 'NONE', #4598, #2402, #3146 ) ;
#761 = EDGE_CURVE ( 'NONE', #7055, #4168, #984, .T. ) ;
#762 = DIRECTION ( 'NONE',  ( 1.000000000000000000, 0.000000000000000000, 0.000000000000000000 ) ) ;
#763 = CIRCLE ( 'NONE', #4955, 49.50000000000000711 ) ;
#764 = AXIS2_PLACEMENT_3D ( 'NONE', #7173, #1603, #4376 ) ;
#765 = VERTEX_POINT ( 'NONE', #5881 ) ;
#766 = FACE_OUTER_BOUND ( 'NONE', #161, .T. ) ;
#767 = DIRECTION ( 'NONE',  ( 1.000000000000000000, 0.000000000000000000, 0.000000000000000000 ) ) ;
#768 = ORIENTED_EDGE ( 'NONE', *, *, #5689, .F. ) ;
#769 = ORIENTED_EDGE ( 'NONE', *, *, #6947, .T. ) ;
#770 = CARTESIAN_POINT ( 'NONE',  ( 0.000000000000000000, -56.80902787495130468, 78.62400620613915692 ) ) ;
#771 = EDGE_CURVE ( 'NONE', #7520, #469, #2272, .T. ) ;
#772 = VECTOR ( 'NONE', #7131, 1000.000000000000000 ) ;
#773 = ORIENTED_EDGE ( 'NONE', *, *, #5269, .T. ) ;
#774 = EDGE_CURVE ( 'NONE', #6476, #2269, #6473, .T. ) ;
#775 = CIRCLE ( 'NONE', #2057, 101.5010000000000332 ) ;
#776 = AXIS2_PLACEMENT_3D ( 'NONE', #3255, #4615, #7505 ) ;
#777 = ADVANCED_FACE ( 'NONE', ( #5290 ), #8757, .F. ) ;
#778 = CARTESIAN_POINT ( 'NONE',  ( 0.000000000000000000, 0.000000000000000000, 0.000000000000000000 ) ) ;
#779 = CARTESIAN_POINT ( 'NONE',  ( 0.000000000000000000, 2.207747618793602484, -96.97487226313684516 ) ) ;
#780 = CIRCLE ( 'NONE', #6152, 101.5010000000000048 ) ;
#781 = ORIENTED_EDGE ( 'NONE', *, *, #1380, .F. ) ;
#782 = DIRECTION ( 'NONE',  ( -1.000000000000000000, -0.000000000000000000, -0.000000000000000000 ) ) ;
#783 = VERTEX_POINT ( 'NONE', #1063 ) ;
#784 = DIRECTION ( 'NONE',  ( -1.000000000000000000, 0.000000000000000000, 0.000000000000000000 ) ) ;
#785 = ADVANCED_FACE ( 'NONE', ( #4511 ), #1104, .F. ) ;
#786 = DIRECTION ( 'NONE',  ( -1.000000000000000000, 0.000000000000000000, -0.000000000000000000 ) ) ;
#787 = EDGE_CURVE ( 'NONE', #1500, #7549, #6613, .T. ) ;
#788 = AXIS2_PLACEMENT_3D ( 'NONE', #95, #5632, #4946 ) ;
#789 = ORIENTED_EDGE ( 'NONE', *, *, #8736, .T. ) ;
#790 = DIRECTION ( 'NONE',  ( 1.000000000000000000, 0.000000000000000000, 0.000000000000000000 ) ) ;
#791 = LINE ( 'NONE', #7197, #6638 ) ;
#792 = AXIS2_PLACEMENT_3D ( 'NONE', #7277, #2979, #945 ) ;
#793 = ORIENTED_EDGE ( 'NONE', *, *, #681, .T. ) ;
#794 = CARTESIAN_POINT ( 'NONE',  ( 0.000000000000000000, 15.48032765108796305, -92.49432390793865011 ) ) ;
#795 = ORIENTED_EDGE ( 'NONE', *, *, #2376, .F. ) ;
#796 = DIRECTION ( 'NONE',  ( 0.000000000000000000, 0.000000000000000000, 1.000000000000000000 ) ) ;
#797 = CARTESIAN_POINT ( 'NONE',  ( 8.000000000000001776, 24.67070643004641184, -98.45714420621018803 ) ) ;
#798 = CIRCLE ( 'NONE', #2961, 49.50000000000001421 ) ;
#799 = DIRECTION ( 'NONE',  ( 0.000000000000000000, -0.9096319953545137782, -0.4154150130018965381 ) ) ;
#800 = DIRECTION ( 'NONE',  ( 0.000000000000000000, -0.8497254299495082819, -0.5272254676105122551 ) ) ;
#801 = ORIENTED_EDGE ( 'NONE', *, *, #6499, .F. ) ;
#802 = CYLINDRICAL_SURFACE ( 'NONE', #2634, 49.50000000000001421 ) ;
#803 = CARTESIAN_POINT ( 'NONE',  ( 0.000000000000000000, -89.74863504084490273, -27.20336390369634927 ) ) ;
#804 = ORIENTED_EDGE ( 'NONE', *, *, #336, .F. ) ;
#805 = VECTOR ( 'NONE', #809, 1000.000000000000114 ) ;
#806 = CARTESIAN_POINT ( 'NONE',  ( 8.000000000000001776, 0.000000000000000000, 0.000000000000000000 ) ) ;
#807 = VECTOR ( 'NONE', #6862, 1000.000000000000000 ) ;
#808 = DIRECTION ( 'NONE',  ( 1.000000000000000000, 0.000000000000000000, 0.000000000000000000 ) ) ;
#809 = DIRECTION ( 'NONE',  ( 0.000000000000000000, -0.4783379665707575001, 0.8781758307633801275 ) ) ;
#811 = VERTEX_POINT ( 'NONE', #3782 ) ;
#810 = AXIS2_PLACEMENT_3D ( 'NONE', #507, #7335, #6692 ) ;
#812 = CYLINDRICAL_SURFACE ( 'NONE', #3977, 49.50000000000001421 ) ;
#813 = CARTESIAN_POINT ( 'NONE',  ( 0.000000000000000000, 97.87238061538435829, -18.86335522284969102 ) ) ;
#814 = ORIENTED_EDGE ( 'NONE', *, *, #2816, .F. ) ;
#815 = ORIENTED_EDGE ( 'NONE', *, *, #8792, .F. ) ;
#816 = EDGE_CURVE ( 'NONE', #8051, #9007, #1642, .T. ) ;
#817 = DIRECTION ( 'NONE',  ( 0.000000000000000000, -0.6667690005162977274, 0.7452644496757492298 ) ) ;
#818 = AXIS2_PLACEMENT_3D ( 'NONE', #28, #927, #2187 ) ;
#819 = ORIENTED_EDGE ( 'NONE', *, *, #8112, .F. ) ;
#820 = ADVANCED_FACE ( 'NONE', ( #5100 ), #8570, .F. ) ;
#821 = CYLINDRICAL_SURFACE ( 'NONE', #788, 49.50000000000001421 ) ;
#822 = ORIENTED_EDGE ( 'NONE', *, *, #7190, .F. ) ;
#823 = EDGE_CURVE ( 'NONE', #5285, #5678, #7097, .T. ) ;
#824 = CARTESIAN_POINT ( 'NONE',  ( 0.000000000000000000, -38.50943535154166852, -93.91206732846121952 ) ) ;
#825 = ORIENTED_EDGE ( 'NONE', *, *, #4653, .F. ) ;
#826 = DIRECTION ( 'NONE',  ( 0.000000000000000000, -0.2203105327865478857, 0.9754297868854053810 ) ) ;
#827 = DIRECTION ( 'NONE',  ( 1.000000000000000000, 0.000000000000000000, -0.000000000000000000 ) ) ;
#828 = EDGE_CURVE ( 'NONE', #6215, #227, #6664, .T. ) ;
#829 = EDGE_CURVE ( 'NONE', #7851, #2568, #7973, .T. ) ;
#830 = ORIENTED_EDGE ( 'NONE', *, *, #5038, .T. ) ;
#831 = DIRECTION ( 'NONE',  ( 1.000000000000000000, 0.000000000000000000, 0.000000000000000000 ) ) ;
#832 = EDGE_CURVE ( 'NONE', #6145, #3913, #5248, .T. ) ;
#833 = EDGE_CURVE ( 'NONE', #4495, #695, #423, .T. ) ;
#834 = DIRECTION ( 'NONE',  ( 0.000000000000000000, 0.000000000000000000, 1.000000000000000000 ) ) ;
#835 = ORIENTED_EDGE ( 'NONE', *, *, #823, .T. ) ;
#836 = CARTESIAN_POINT ( 'NONE',  ( 0.000000000000000000, 78.24260759233487761, -64.65715241295355042 ) ) ;
#837 = AXIS2_PLACEMENT_3D ( 'NONE', #4170, #6966, #354 ) ;
#838 = FACE_OUTER_BOUND ( 'NONE', #1692, .T. ) ;
#839 = DIRECTION ( 'NONE',  ( -1.000000000000000000, -0.000000000000000000, -0.000000000000000000 ) ) ;
#840 = CIRCLE ( 'NONE', #1699, 101.5010000000000048 ) ;
#841 = ADVANCED_FACE ( 'NONE', ( #7981 ), #5835, .T. ) ;
#842 = CARTESIAN_POINT ( 'NONE',  ( 0.000000000000000000, -66.30519446822957264, 70.79986713638845686 ) ) ;
#843 = CARTESIAN_POINT ( 'NONE',  ( 8.000000000000001776, 0.000000000000000000, 0.000000000000000000 ) ) ;
#844 = ORIENTED_EDGE ( 'NONE', *, *, #5031, .F. ) ;
#845 = DIRECTION ( 'NONE',  ( 0.000000000000000000, 0.000000000000000000, 1.000000000000000000 ) ) ;
#846 = CARTESIAN_POINT ( 'NONE',  ( 8.000000000000001776, 86.52148266699620649, -43.85240058542605368 ) ) ;
#847 = ORIENTED_EDGE ( 'NONE', *, *, #6329, .T. ) ;
#848 = CARTESIAN_POINT ( 'NONE',  ( 8.000000000000001776, -18.40718772011918603, -91.95659812981338632 ) ) ;
#849 = DIRECTION ( 'NONE',  ( 0.000000000000000000, 0.2203105327865343133, 0.9754297868854083786 ) ) ;
#850 = VECTOR ( 'NONE', #2444, 1000.000000000000000 ) ;
#851 = DIRECTION ( 'NONE',  ( 1.000000000000000000, 0.000000000000000000, 0.000000000000000000 ) ) ;
#852 = ORIENTED_EDGE ( 'NONE', *, *, #4964, .T. ) ;
#853 = CARTESIAN_POINT ( 'NONE',  ( 0.000000000000000000, 82.18588994942956560, -59.56452378908317513 ) ) ;
#854 = DIRECTION ( 'NONE',  ( 1.000000000000000000, 0.000000000000000000, 0.000000000000000000 ) ) ;
#855 = ORIENTED_EDGE ( 'NONE', *, *, #2194, .F. ) ;
#856 = ORIENTED_EDGE ( 'NONE', *, *, #4096, .T. ) ;
#857 = CARTESIAN_POINT ( 'NONE',  ( 8.000000000000001776, -92.67733574038355471, -41.39280663429611451 ) ) ;
#858 = VERTEX_POINT ( 'NONE', #4557 ) ;
#859 = EDGE_CURVE ( 'NONE', #5995, #3712, #5422, .T. ) ;
#860 = DIRECTION ( 'NONE',  ( 1.000000000000000000, 0.000000000000000000, 0.000000000000000000 ) ) ;
#861 = CARTESIAN_POINT ( 'NONE',  ( 8.000000000000001776, -91.29328596891753023, 21.45638451298701455 ) ) ;
#862 = ORIENTED_EDGE ( 'NONE', *, *, #2087, .F. ) ;
#863 = FACE_OUTER_BOUND ( 'NONE', #8237, .T. ) ;
#864 = EDGE_LOOP ( 'NONE', ( #3260, #8944, #6367, #3761 ) ) ;
#865 = DIRECTION ( 'NONE',  ( 1.000000000000000000, 0.000000000000000000, 0.000000000000000000 ) ) ;
#866 = CYLINDRICAL_SURFACE ( 'NONE', #7825, 49.50000000000001421 ) ;
#867 = AXIS2_PLACEMENT_3D ( 'NONE', #3331, #8896, #6154 ) ;
#868 = ADVANCED_FACE ( 'NONE', ( #4013 ), #8804, .F. ) ;
#869 = VERTEX_POINT ( 'NONE', #1327 ) ;
#870 = DIRECTION ( 'NONE',  ( 1.000000000000000000, 0.000000000000000000, 0.000000000000000000 ) ) ;
#871 = CARTESIAN_POINT ( 'NONE',  ( 8.000000000000001776, 0.000000000000000000, 0.000000000000000000 ) ) ;
#872 = ORIENTED_EDGE ( 'NONE', *, *, #4770, .T. ) ;
#873 = DIRECTION ( 'NONE',  ( 1.000000000000000000, 0.000000000000000000, 0.000000000000000000 ) ) ;
#874 = AXIS2_PLACEMENT_3D ( 'NONE', #6837, #4899, #8419 ) ;
#875 = CARTESIAN_POINT ( 'NONE',  ( 8.000000000000001776, -77.70503590289530393, -52.50493209881769729 ) ) ;
#876 = LINE ( 'NONE', #2779, #5342 ) ;
#877 = EDGE_CURVE ( 'NONE', #4425, #742, #6150, .T. ) ;
#878 = EDGE_CURVE ( 'NONE', #5256, #6313, #1417, .T. ) ;
#879 = EDGE_CURVE ( 'NONE', #5935, #4440, #124, .T. ) ;
#880 = CARTESIAN_POINT ( 'NONE',  ( 0.000000000000000000, -20.04054408469180615, -99.50291248897954688 ) ) ;
#881 = CARTESIAN_POINT ( 'NONE',  ( 8.000000000000001776, 89.06510829453070244, -48.68120258871506678 ) ) ;
#882 = DIRECTION ( 'NONE',  ( 0.000000000000000000, -0.7126941713788688126, 0.7014748877063152754 ) ) ;
#883 = CIRCLE ( 'NONE', #7141, 97.00000000000000000 ) ;
#884 = ORIENTED_EDGE ( 'NONE', *, *, #6221, .F. ) ;
#885 = CARTESIAN_POINT ( 'NONE',  ( -8.499999999999994671, 92.42805162179945455, -25.97529195377680367 ) ) ;
#886 = LINE ( 'NONE', #981, #3893 ) ;
#887 = ORIENTED_EDGE ( 'NONE', *, *, #1170, .T. ) ;
#888 = DIRECTION ( 'NONE',  ( 1.000000000000000000, 0.000000000000000000, 0.000000000000000000 ) ) ;
#889 = ADVANCED_FACE ( 'NONE', ( #654 ), #568, .F. ) ;
#890 = CARTESIAN_POINT ( 'NONE',  ( 0.000000000000000000, 80.27401815957509257, -54.45256659255105802 ) ) ;
#891 = VECTOR ( 'NONE', #4191, 1000.000000000000000 ) ;
#892 = CARTESIAN_POINT ( 'NONE',  ( 16.50000000000000000, 0.000000000000000000, 0.000000000000000000 ) ) ;
#893 = VECTOR ( 'NONE', #72, 1000.000000000000000 ) ;
#894 = ORIENTED_EDGE ( 'NONE', *, *, #2263, .T. ) ;
#895 = DIRECTION ( 'NONE',  ( 1.000000000000000000, -0.000000000000000000, 0.000000000000000000 ) ) ;
#896 = CARTESIAN_POINT ( 'NONE',  ( 8.000000000000001776, -55.58649528943173834, -84.92699536918743775 ) ) ;
#897 = ORIENTED_EDGE ( 'NONE', *, *, #7793, .F. ) ;
#898 = VERTEX_POINT ( 'NONE', #8120 ) ;
#899 = VERTEX_POINT ( 'NONE', #6888 ) ;
#900 = CIRCLE ( 'NONE', #37, 97.00000000000000000 ) ;
#901 = AXIS2_PLACEMENT_3D ( 'NONE', #4926, #2698, #7720 ) ;
#902 = CARTESIAN_POINT ( 'NONE',  ( 0.000000000000000000, -78.50593618205236623, 56.97208074293514812 ) ) ;
#903 = ORIENTED_EDGE ( 'NONE', *, *, #8168, .T. ) ;
#904 = DIRECTION ( 'NONE',  ( -1.000000000000000000, 0.000000000000000000, -0.000000000000000000 ) ) ;
#905 = ORIENTED_EDGE ( 'NONE', *, *, #4382, .T. ) ;
#906 = VECTOR ( 'NONE', #8533, 1000.000000000000000 ) ;
#907 = CARTESIAN_POINT ( 'NONE',  ( 0.000000000000000000, -62.07551835259080519, 80.30618296406049694 ) ) ;
#908 = AXIS2_PLACEMENT_3D ( 'NONE', #6813, #4189, #3375 ) ;
#909 = ORIENTED_EDGE ( 'NONE', *, *, #6617, .F. ) ;
#910 = CARTESIAN_POINT ( 'NONE',  ( 0.000000000000000000, -14.15391040208219309, 92.70656567741862375 ) ) ;
#911 = CARTESIAN_POINT ( 'NONE',  ( 3.999999999999998224, -96.99769385426560575, -0.6688699082529198092 ) ) ;
#912 = AXIS2_PLACEMENT_3D ( 'NONE', #5831, #6757, #8976 ) ;
#913 = ORIENTED_EDGE ( 'NONE', *, *, #3312, .T. ) ;
#914 = AXIS2_PLACEMENT_3D ( 'NONE', #3144, #8705, #7253 ) ;
#915 = CYLINDRICAL_SURFACE ( 'NONE', #2151, 49.50000000000001421 ) ;
#916 = DIRECTION ( 'NONE',  ( 0.000000000000000000, -0.9938384644612530128, -0.1108381999010214503 ) ) ;
#917 = ORIENTED_EDGE ( 'NONE', *, *, #7692, .F. ) ;
#918 = DIRECTION ( 'NONE',  ( -1.000000000000000000, -0.000000000000000000, -0.000000000000000000 ) ) ;
#919 = EDGE_CURVE ( 'NONE', #7206, #8102, #4757, .T. ) ;
#920 = DIRECTION ( 'NONE',  ( -1.000000000000000000, 0.000000000000000000, 0.000000000000000000 ) ) ;
#921 = CARTESIAN_POINT ( 'NONE',  ( 0.000000000000000000, -85.58284989173270674, 38.34600766417349860 ) ) ;
#922 = CIRCLE ( 'NONE', #6297, 49.50000000000000711 ) ;
#923 = VERTEX_POINT ( 'NONE', #1286 ) ;
#924 = CIRCLE ( 'NONE', #652, 49.50000000000002132 ) ;
#925 = CARTESIAN_POINT ( 'NONE',  ( 8.000000000000001776, 0.000000000000000000, 0.000000000000000000 ) ) ;
#926 = DIRECTION ( 'NONE',  ( 0.000000000000000000, 0.000000000000000000, 1.000000000000000000 ) ) ;
#927 = DIRECTION ( 'NONE',  ( -1.000000000000000000, -0.000000000000000000, 0.000000000000000000 ) ) ;
#928 = AXIS2_PLACEMENT_3D ( 'NONE', #4086, #6927, #694 ) ;
#929 = ORIENTED_EDGE ( 'NONE', *, *, #5312, .F. ) ;
#930 = ORIENTED_EDGE ( 'NONE', *, *, #4866, .T. ) ;
#931 = DIRECTION ( 'NONE',  ( 0.000000000000000000, 0.000000000000000000, -1.000000000000000000 ) ) ;
#932 = EDGE_CURVE ( 'NONE', #5344, #1250, #8937, .T. ) ;
#933 = CARTESIAN_POINT ( 'NONE',  ( 8.000000000000001776, -77.71277963783393261, -58.04932282948234956 ) ) ;
#934 = VERTEX_POINT ( 'NONE', #8205 ) ;
#935 = FACE_OUTER_BOUND ( 'NONE', #6776, .T. ) ;
#936 = EDGE_CURVE ( 'NONE', #2302, #8051, #265, .T. ) ;
#937 = VECTOR ( 'NONE', #920, 1000.000000000000000 ) ;
#938 = AXIS2_PLACEMENT_3D ( 'NONE', #6084, #7278, #1838 ) ;
#939 = CYLINDRICAL_SURFACE ( 'NONE', #7008, 115.0000000000000142 ) ;
#940 = EDGE_CURVE ( 'NONE', #2497, #8568, #5488, .T. ) ;
#941 = AXIS2_PLACEMENT_3D ( 'NONE', #4999, #2947, #7023 ) ;
#942 = CARTESIAN_POINT ( 'NONE',  ( 8.000000000000001776, -71.74226592738163788, 71.80181251615347549 ) ) ;
#943 = EDGE_CURVE ( 'NONE', #3628, #7282, #3242, .T. ) ;
#944 = VERTEX_POINT ( 'NONE', #3966 ) ;
#945 = DIRECTION ( 'NONE',  ( 0.000000000000000000, 0.000000000000000000, 1.000000000000000000 ) ) ;
#946 = ADVANCED_FACE ( 'NONE', ( #8294 ), #1951, .F. ) ;
#947 = DIRECTION ( 'NONE',  ( -1.000000000000000000, -0.000000000000000000, 0.000000000000000000 ) ) ;
#948 = VERTEX_POINT ( 'NONE', #4055 ) ;
#949 = ORIENTED_EDGE ( 'NONE', *, *, #8479, .F. ) ;
#950 = ORIENTED_EDGE ( 'NONE', *, *, #5167, .F. ) ;
#951 = CIRCLE ( 'NONE', #6317, 101.5009999999999764 ) ;
#952 = DIRECTION ( 'NONE',  ( 1.000000000000000000, 0.000000000000000000, 0.000000000000000000 ) ) ;
#953 = VECTOR ( 'NONE', #4629, 1000.000000000000000 ) ;
#954 = CARTESIAN_POINT ( 'NONE',  ( 8.000000000000001776, 0.000000000000000000, 0.000000000000000000 ) ) ;
#955 = VERTEX_POINT ( 'NONE', #7397 ) ;
#956 = DIRECTION ( 'NONE',  ( 1.000000000000000000, 0.000000000000000000, 0.000000000000000000 ) ) ;
#957 = EDGE_CURVE ( 'NONE', #1015, #3537, #7444, .T. ) ;
#958 = DIRECTION ( 'NONE',  ( 0.000000000000000000, 0.000000000000000000, 1.000000000000000000 ) ) ;
#959 = CIRCLE ( 'NONE', #1529, 101.5010000000000048 ) ;
#960 = ORIENTED_EDGE ( 'NONE', *, *, #4868, .T. ) ;
#961 = CYLINDRICAL_SURFACE ( 'NONE', #3806, 101.5009999999999906 ) ;
#962 = ORIENTED_EDGE ( 'NONE', *, *, #1986, .F. ) ;
#963 = CARTESIAN_POINT ( 'NONE',  ( 8.000000000000001776, -84.03437208676349712, 56.92694712509519661 ) ) ;
#964 = CYLINDRICAL_SURFACE ( 'NONE', #6825, 49.50000000000001421 ) ;
#965 = CIRCLE ( 'NONE', #391, 49.50000000000002132 ) ;
#966 = ORIENTED_EDGE ( 'NONE', *, *, #1047, .T. ) ;
#967 = DIRECTION ( 'NONE',  ( -1.000000000000000000, -0.000000000000000000, -0.000000000000000000 ) ) ;
#968 = DIRECTION ( 'NONE',  ( 0.000000000000000000, 0.000000000000000000, 1.000000000000000000 ) ) ;
#969 = ORIENTED_EDGE ( 'NONE', *, *, #666, .F. ) ;
#970 = DIRECTION ( 'NONE',  ( -1.000000000000000000, -0.000000000000000000, -0.000000000000000000 ) ) ;
#971 = DIRECTION ( 'NONE',  ( 0.000000000000000000, 0.000000000000000000, 1.000000000000000000 ) ) ;
#972 = DIRECTION ( 'NONE',  ( -1.000000000000000000, -0.000000000000000000, -0.000000000000000000 ) ) ;
#973 = ORIENTED_EDGE ( 'NONE', *, *, #7892, .T. ) ;
#974 = EDGE_CURVE ( 'NONE', #3826, #8019, #7249, .T. ) ;
#975 = DIRECTION ( 'NONE',  ( -1.000000000000000000, -0.000000000000000000, -0.000000000000000000 ) ) ;
#976 = DIRECTION ( 'NONE',  ( 1.000000000000000000, 0.000000000000000000, 0.000000000000000000 ) ) ;
#977 = VECTOR ( 'NONE', #7319, 1000.000000000000000 ) ;
#978 = CARTESIAN_POINT ( 'NONE',  ( 4.000000000000000888, 38.09152125614464524, -89.20782481594696378 ) ) ;
#979 = ORIENTED_EDGE ( 'NONE', *, *, #2083, .F. ) ;
#980 = DIRECTION ( 'NONE',  ( 1.000000000000000000, 0.000000000000000000, 0.000000000000000000 ) ) ;
#981 = CARTESIAN_POINT ( 'NONE',  ( 4.000000000000000888, -61.68129557521566397, -74.86265942486203073 ) ) ;
#982 = ORIENTED_EDGE ( 'NONE', *, *, #8448, .F. ) ;
#983 = DIRECTION ( 'NONE',  ( 0.000000000000000000, -0.8145759520503291773, -0.5800569095712073686 ) ) ;
#984 = CIRCLE ( 'NONE', #4313, 101.5009999999999906 ) ;
#985 = CYLINDRICAL_SURFACE ( 'NONE', #8918, 49.50000000000001421 ) ;
#986 = EDGE_CURVE ( 'NONE', #8650, #6745, #992, .T. ) ;
#987 = CARTESIAN_POINT ( 'NONE',  ( 8.000000000000001776, -93.28925708950882267, 39.99459354322199545 ) ) ;
#988 = ORIENTED_EDGE ( 'NONE', *, *, #1440, .F. ) ;
#989 = CARTESIAN_POINT ( 'NONE',  ( 0.000000000000000000, 81.28096256721885027, -60.79356976807965651 ) ) ;
#990 = LINE ( 'NONE', #813, #7918 ) ;
#991 = ORIENTED_EDGE ( 'NONE', *, *, #7238, .T. ) ;
#992 = CIRCLE ( 'NONE', #7818, 49.50000000000001421 ) ;
#993 = ORIENTED_EDGE ( 'NONE', *, *, #6054, .T. ) ;
#994 = EDGE_CURVE ( 'NONE', #2380, #8456, #4688, .T. ) ;
#995 = VECTOR ( 'NONE', #5347, 1000.000000000000000 ) ;
#996 = EDGE_CURVE ( 'NONE', #7251, #6091, #3172, .T. ) ;
#997 = EDGE_CURVE ( 'NONE', #2121, #6589, #100, .T. ) ;
#998 = EDGE_CURVE ( 'NONE', #6224, #7806, #5630, .T. ) ;
#999 = EDGE_LOOP ( 'NONE', ( #1803, #5572, #4028, #7073 ) ) ;
#1000 = DIRECTION ( 'NONE',  ( -1.000000000000000000, 0.000000000000000000, -0.000000000000000000 ) ) ;
#1001 = DIRECTION ( 'NONE',  ( -1.000000000000000000, 0.000000000000000000, 0.000000000000000000 ) ) ;
#1002 = ORIENTED_EDGE ( 'NONE', *, *, #6442, .T. ) ;
#1003 = CARTESIAN_POINT ( 'NONE',  ( 16.50000000000000000, -66.91975337142302749, 100.8104489063902633 ) ) ;
#1004 = VERTEX_POINT ( 'NONE', #3540 ) ;
#1005 = VECTOR ( 'NONE', #286, 1000.000000000000000 ) ;
#1006 = CARTESIAN_POINT ( 'NONE',  ( 0.000000000000000000, 23.18747631044369584, -98.81697193980704697 ) ) ;
#1007 = CARTESIAN_POINT ( 'NONE',  ( 8.000000000000001776, 0.000000000000000000, 0.000000000000000000 ) ) ;
#1008 = EDGE_CURVE ( 'NONE', #5105, #8389, #3737, .T. ) ;
#1009 = ORIENTED_EDGE ( 'NONE', *, *, #7829, .F. ) ;
#1010 = VECTOR ( 'NONE', #2487, 1000.000000000000000 ) ;
#1011 = DIRECTION ( 'NONE',  ( -1.000000000000000000, -0.000000000000000000, 0.000000000000000000 ) ) ;
#1012 = DIRECTION ( 'NONE',  ( 0.000000000000000000, 0.000000000000000000, 1.000000000000000000 ) ) ;
#1013 = EDGE_LOOP ( 'NONE', ( #5244, #7788, #3454, #2077 ) ) ;
#1014 = CARTESIAN_POINT ( 'NONE',  ( 4.000000000000000888, 75.83186949266098509, -60.48576336005054088 ) ) ;
#1015 = VERTEX_POINT ( 'NONE', #5550 ) ;
#1016 = LINE ( 'NONE', #1730, #71 ) ;
#1017 = DIRECTION ( 'NONE',  ( -1.000000000000000000, 0.000000000000000000, -0.000000000000000000 ) ) ;
#1018 = CIRCLE ( 'NONE', #6240, 49.50000000000003553 ) ;
#1019 = AXIS2_PLACEMENT_3D ( 'NONE', #6342, #117, #2660 ) ;
#1020 = ORIENTED_EDGE ( 'NONE', *, *, #293, .T. ) ;
#1021 = DIRECTION ( 'NONE',  ( 0.000000000000000000, -0.9819286972627080390, 0.1892512443604031647 ) ) ;
#1022 = CARTESIAN_POINT ( 'NONE',  ( 8.000000000000001776, -89.80095471819176112, -36.67135846544648814 ) ) ;
#1023 = FACE_OUTER_BOUND ( 'NONE', #1154, .T. ) ;
#1024 = ORIENTED_EDGE ( 'NONE', *, *, #2082, .T. ) ;
#1025 = DIRECTION ( 'NONE',  ( 1.000000000000000000, 0.000000000000000000, 0.000000000000000000 ) ) ;
#1026 = DIRECTION ( 'NONE',  ( 1.000000000000000000, 0.000000000000000000, 0.000000000000000000 ) ) ;
#1027 = ORIENTED_EDGE ( 'NONE', *, *, #1437, .F. ) ;
#1028 = DIRECTION ( 'NONE',  ( 0.000000000000000000, 0.000000000000000000, 1.000000000000000000 ) ) ;
#1029 = CARTESIAN_POINT ( 'NONE',  ( 8.000000000000001776, 4.067213502787617507, -101.4194792696291927 ) ) ;
#1030 = DIRECTION ( 'NONE',  ( 0.000000000000000000, 0.000000000000000000, 1.000000000000000000 ) ) ;
#1031 = CARTESIAN_POINT ( 'NONE',  ( 3.999999999999998224, -87.86926881703411141, 41.08517491212366934 ) ) ;
#1032 = EDGE_LOOP ( 'NONE', ( #5925, #6841, #8808, #2177 ) ) ;
#1033 = CARTESIAN_POINT ( 'NONE',  ( 8.000000000000001776, 24.67070643004641184, -98.45714420621018803 ) ) ;
#1034 = DIRECTION ( 'NONE',  ( 0.000000000000000000, -2.663413821701764396E-15, -1.000000000000000000 ) ) ;
#1035 = ORIENTED_EDGE ( 'NONE', *, *, #4033, .F. ) ;
#1036 = ORIENTED_EDGE ( 'NONE', *, *, #2820, .F. ) ;
#1037 = AXIS2_PLACEMENT_3D ( 'NONE', #2615, #8692, #5230 ) ;
#1038 = ADVANCED_FACE ( 'NONE', ( #8469 ), #6323, .F. ) ;
#1039 = CIRCLE ( 'NONE', #6125, 49.50000000000002132 ) ;
#1040 = ORIENTED_EDGE ( 'NONE', *, *, #4866, .F. ) ;
#1041 = CYLINDRICAL_SURFACE ( 'NONE', #599, 97.00000000000000000 ) ;
#1042 = EDGE_LOOP ( 'NONE', ( #2555, #1724, #7914, #1884 ) ) ;
#1043 = CARTESIAN_POINT ( 'NONE',  ( 0.000000000000000000, 0.000000000000000000, 0.000000000000000000 ) ) ;
#1044 = DIRECTION ( 'NONE',  ( 1.000000000000000000, 0.000000000000000000, 0.000000000000000000 ) ) ;
#1045 = EDGE_LOOP ( 'NONE', ( #5734, #8426, #4469, #4573 ) ) ;
#1046 = DIRECTION ( 'NONE',  ( -1.000000000000000000, 0.000000000000000000, 0.000000000000000000 ) ) ;
#1047 = EDGE_CURVE ( 'NONE', #8958, #1275, #6658, .T. ) ;
#1048 = VERTEX_POINT ( 'NONE', #7658 ) ;
#1049 = DIRECTION ( 'NONE',  ( 0.000000000000000000, 0.000000000000000000, 1.000000000000000000 ) ) ;
#1050 = AXIS2_PLACEMENT_3D ( 'NONE', #4904, #7701, #4219 ) ;
#1051 = ADVANCED_FACE ( 'NONE', ( #8382 ), #2900, .F. ) ;
#1052 = ORIENTED_EDGE ( 'NONE', *, *, #5102, .T. ) ;
#1053 = CARTESIAN_POINT ( 'NONE',  ( 0.000000000000000000, 0.000000000000000000, 0.000000000000000000 ) ) ;
#1054 = PRODUCT_DEFINITION_FORMATION_WITH_SPECIFIED_SOURCE ( 'TUTTO', '', #5705, .NOT_KNOWN. ) ;
#1055 = EDGE_CURVE ( 'NONE', #6536, #8013, #1995, .T. ) ;
#1056 = AXIS2_PLACEMENT_3D ( 'NONE', #2283, #7043, #3562 ) ;
#1057 = DIRECTION ( 'NONE',  ( -1.000000000000000000, -0.000000000000000000, 0.000000000000000000 ) ) ;
#1058 = ORIENTED_EDGE ( 'NONE', *, *, #2584, .F. ) ;
#1059 = EDGE_CURVE ( 'NONE', #5730, #3471, #8264, .T. ) ;
#1060 = CARTESIAN_POINT ( 'NONE',  ( 4.000000000000000888, -55.71933719032543308, -79.39997142991185797 ) ) ;
#1061 = EDGE_CURVE ( 'NONE', #6995, #7361, #4223, .T. ) ;
#1062 = DIRECTION ( 'NONE',  ( 0.000000000000000000, 0.000000000000000000, -1.000000000000000000 ) ) ;
#1063 = CARTESIAN_POINT ( 'NONE',  ( 0.000000000000000000, -56.80902787495021045, -78.62400620613993851 ) ) ;
#1064 = AXIS2_PLACEMENT_3D ( 'NONE', #6157, #20, #748 ) ;
#1065 = EDGE_LOOP ( 'NONE', ( #5095, #7734, #7964, #7537 ) ) ;
#1066 = DIRECTION ( 'NONE',  ( 1.000000000000000000, 0.000000000000000000, 0.000000000000000000 ) ) ;
#1067 = LINE ( 'NONE', #8668, #8577 ) ;
#1068 = CARTESIAN_POINT ( 'NONE',  ( 0.000000000000000000, -96.99769385426560575, 0.6688699082516014194 ) ) ;
#1069 = VERTEX_POINT ( 'NONE', #5729 ) ;
#1070 = DIRECTION ( 'NONE',  ( 0.000000000000000000, -0.9223542941045851373, 0.3863451256931197397 ) ) ;
#1071 = ORIENTED_EDGE ( 'NONE', *, *, #4665, .T. ) ;
#1072 = AXIS2_PLACEMENT_3D ( 'NONE', #3098, #194, #968 ) ;
#1073 = DIRECTION ( 'NONE',  ( 1.000000000000000000, 0.000000000000000000, 0.000000000000000000 ) ) ;
#1074 = CARTESIAN_POINT ( 'NONE',  ( 8.000000000000001776, -70.43315616595515394, 61.91939124275916129 ) ) ;
#1075 = CARTESIAN_POINT ( 'NONE',  ( 8.000000000000001776, -56.85720735473360321, 84.08157332508014292 ) ) ;
#1076 = DIRECTION ( 'NONE',  ( 0.000000000000000000, 0.000000000000000000, 1.000000000000000000 ) ) ;
#1077 = ORIENTED_EDGE ( 'NONE', *, *, #1430, .F. ) ;
#1078 = CARTESIAN_POINT ( 'NONE',  ( 0.000000000000000000, -90.20860519332357796, 25.63684942512978537 ) ) ;
#1079 = CARTESIAN_POINT ( 'NONE',  ( 0.000000000000000000, 0.000000000000000000, 0.000000000000000000 ) ) ;
#1080 = ORIENTED_EDGE ( 'NONE', *, *, #3936, .F. ) ;
#1081 = VERTEX_POINT ( 'NONE', #2172 ) ;
#1082 = ORIENTED_EDGE ( 'NONE', *, *, #678, .T. ) ;
#1083 = VECTOR ( 'NONE', #3072, 1000.000000000000114 ) ;
#1084 = AXIS2_PLACEMENT_3D ( 'NONE', #3053, #6377, #291 ) ;
#1085 = DIRECTION ( 'NONE',  ( 0.000000000000000000, 0.000000000000000000, 1.000000000000000000 ) ) ;
#1086 = ADVANCED_FACE ( 'NONE', ( #2080 ), #7791, .F. ) ;
#1087 = ORIENTED_EDGE ( 'NONE', *, *, #164, .F. ) ;
#1088 = DIRECTION ( 'NONE',  ( 1.000000000000000000, 0.000000000000000000, 0.000000000000000000 ) ) ;
#1089 = CARTESIAN_POINT ( 'NONE',  ( 8.000000000000001776, 0.000000000000000000, 0.000000000000000000 ) ) ;
#1090 = ORIENTED_EDGE ( 'NONE', *, *, #2034, .F. ) ;
#1091 = CARTESIAN_POINT ( 'NONE',  ( 8.000000000000001776, -29.90010982920049187, -88.88657902953320900 ) ) ;
#1092 = CARTESIAN_POINT ( 'NONE',  ( 8.000000000000001776, 0.000000000000000000, 0.000000000000000000 ) ) ;
#1093 = CARTESIAN_POINT ( 'NONE',  ( 0.000000000000000000, 0.000000000000000000, 0.000000000000000000 ) ) ;
#1094 = CARTESIAN_POINT ( 'NONE',  ( 0.000000000000000000, -74.21852193085013027, -57.32758063769674806 ) ) ;
#1095 = AXIS2_PLACEMENT_3D ( 'NONE', #6136, #2843, #8922 ) ;
#1096 = AXIS2_PLACEMENT_3D ( 'NONE', #1388, #583, #8221 ) ;
#1097 = FACE_OUTER_BOUND ( 'NONE', #8268, .T. ) ;
#1098 = EDGE_CURVE ( 'NONE', #3279, #5074, #6239, .T. ) ;
#1099 = DIRECTION ( 'NONE',  ( 0.000000000000000000, 0.000000000000000000, 1.000000000000000000 ) ) ;
#1100 = VERTEX_POINT ( 'NONE', #4312 ) ;
#1101 = ORIENTED_EDGE ( 'NONE', *, *, #601, .T. ) ;
#1102 = ORIENTED_EDGE ( 'NONE', *, *, #2312, .T. ) ;
#1103 = CARTESIAN_POINT ( 'NONE',  ( 0.000000000000000000, 0.000000000000000000, 0.000000000000000000 ) ) ;
#1104 = CYLINDRICAL_SURFACE ( 'NONE', #1128, 49.50000000000001421 ) ;
#1105 = CIRCLE ( 'NONE', #3420, 101.5009999999999906 ) ;
#1106 = ADVANCED_FACE ( 'NONE', ( #7110 ), #866, .F. ) ;
#1107 = EDGE_CURVE ( 'NONE', #8253, #8400, #4464, .T. ) ;
#1108 = EDGE_CURVE ( 'NONE', #7386, #3311, #6086, .T. ) ;
#1109 = ORIENTED_EDGE ( 'NONE', *, *, #5496, .T. ) ;
#1110 = CARTESIAN_POINT ( 'NONE',  ( 8.000000000000001776, 17.08817225873055534, -92.21081752282461252 ) ) ;
#1111 = CARTESIAN_POINT ( 'NONE',  ( 8.000000000000001776, -81.96127100534754106, 51.87822332335580455 ) ) ;
#1112 = VECTOR ( 'NONE', #1132, 1000.000000000000000 ) ;
#1113 = DIRECTION ( 'NONE',  ( -1.000000000000000000, 0.000000000000000000, -0.000000000000000000 ) ) ;
#1114 = ORIENTED_EDGE ( 'NONE', *, *, #282, .F. ) ;
#1115 = CARTESIAN_POINT ( 'NONE',  ( 0.000000000000000000, -93.75594538243993270, 2.159445488232394794 ) ) ;
#1116 = EDGE_LOOP ( 'NONE', ( #4031, #1145, #8367, #5548 ) ) ;
#1117 = CARTESIAN_POINT ( 'NONE',  ( 0.000000000000000000, -25.77599115522042439, -90.16894575926738753 ) ) ;
#1118 = CARTESIAN_POINT ( 'NONE',  ( 8.000000000000001776, 0.000000000000000000, 0.000000000000000000 ) ) ;
#1119 = EDGE_CURVE ( 'NONE', #7450, #3859, #3599, .T. ) ;
#1120 = AXIS2_PLACEMENT_3D ( 'NONE', #2753, #2847, #817 ) ;
#1121 = DIRECTION ( 'NONE',  ( 1.000000000000000000, 0.000000000000000000, -0.000000000000000000 ) ) ;
#1122 = DIRECTION ( 'NONE',  ( 0.000000000000000000, -0.9848077530122062440, -0.1736481776669404620 ) ) ;
#1123 = EDGE_LOOP ( 'NONE', ( #8683, #3523, #7778, #2524 ) ) ;
#1124 = CARTESIAN_POINT ( 'NONE',  ( 0.000000000000000000, -84.43617198548791691, 47.74445371388286929 ) ) ;
#1125 = CARTESIAN_POINT ( 'NONE',  ( 8.000000000000001776, -93.72080647353398319, -25.00820733180191624 ) ) ;
#1126 = ORIENTED_EDGE ( 'NONE', *, *, #655, .F. ) ;
#1127 = EDGE_LOOP ( 'NONE', ( #2855, #2192, #7798, #32 ) ) ;
#1128 = AXIS2_PLACEMENT_3D ( 'NONE', #3828, #339, #5973 ) ;
#1129 = VERTEX_POINT ( 'NONE', #7024 ) ;
#1130 = CARTESIAN_POINT ( 'NONE',  ( 8.000000000000001776, 0.000000000000000000, 0.000000000000000000 ) ) ;
#1131 = VERTEX_POINT ( 'NONE', #5141 ) ;
#1132 = DIRECTION ( 'NONE',  ( -1.000000000000000000, 0.000000000000000000, 0.000000000000000000 ) ) ;
#1133 = DIRECTION ( 'NONE',  ( -1.000000000000000000, -0.000000000000000000, 0.000000000000000000 ) ) ;
#1134 = ORIENTED_EDGE ( 'NONE', *, *, #2532, .F. ) ;
#1135 = LINE ( 'NONE', #418, #6575 ) ;
#1136 = CYLINDRICAL_SURFACE ( 'NONE', #3036, 115.0000000000000142 ) ;
#1137 = AXIS2_PLACEMENT_3D ( 'NONE', #3431, #4839, #3344 ) ;
#1138 = ORIENTED_EDGE ( 'NONE', *, *, #828, .T. ) ;
#1139 = CIRCLE ( 'NONE', #2871, 49.50000000000001421 ) ;
#1140 = EDGE_CURVE ( 'NONE', #6059, #7392, #5051, .T. ) ;
#1141 = DIRECTION ( 'NONE',  ( 1.000000000000000000, 0.000000000000000000, 0.000000000000000000 ) ) ;
#1142 = CARTESIAN_POINT ( 'NONE',  ( 8.000000000000001776, 16.87343272981488340, -100.0886620397755706 ) ) ;
#1143 = CIRCLE ( 'NONE', #580, 97.00000000000000000 ) ;
#1144 = ORIENTED_EDGE ( 'NONE', *, *, #153, .T. ) ;
#1145 = ORIENTED_EDGE ( 'NONE', *, *, #6341, .F. ) ;
#1146 = CARTESIAN_POINT ( 'NONE',  ( 0.000000000000000000, 34.23037868430131425, -87.31049005990654166 ) ) ;
#1147 = ORIENTED_EDGE ( 'NONE', *, *, #7504, .F. ) ;
#1148 = DIRECTION ( 'NONE',  ( 0.000000000000000000, -0.7761464642917493828, -0.6305526670845318371 ) ) ;
#1149 = DIRECTION ( 'NONE',  ( 0.000000000000000000, 0.000000000000000000, 1.000000000000000000 ) ) ;
#1150 = ORIENTED_EDGE ( 'NONE', *, *, #2189, .F. ) ;
#1151 = DIRECTION ( 'NONE',  ( 0.000000000000000000, -0.8781758307633801275, -0.4783379665707575001 ) ) ;
#1152 = FACE_OUTER_BOUND ( 'NONE', #1013, .T. ) ;
#1153 = CARTESIAN_POINT ( 'NONE',  ( 8.000000000000001776, -90.20860519332322269, -25.63684942513104303 ) ) ;
#1154 = EDGE_LOOP ( 'NONE', ( #6036, #4210, #4953, #3224 ) ) ;
#1155 = DIRECTION ( 'NONE',  ( 1.000000000000000000, 0.000000000000000000, 0.000000000000000000 ) ) ;
#1156 = ORIENTED_EDGE ( 'NONE', *, *, #3813, .T. ) ;
#1157 = EDGE_CURVE ( 'NONE', #4349, #869, #6516, .T. ) ;
#1158 = CARTESIAN_POINT ( 'NONE',  ( 8.000000000000001776, 92.91946191691053514, -12.68124979816728803 ) ) ;
#1159 = LINE ( 'NONE', #857, #8689 ) ;
#1160 = ADVANCED_FACE ( 'NONE', ( #3771 ), #964, .F. ) ;
#1161 = EDGE_CURVE ( 'NONE', #5208, #3063, #1139, .T. ) ;
#1162 = AXIS2_PLACEMENT_3D ( 'NONE', #6479, #8623, #3878 ) ;
#1163 = CARTESIAN_POINT ( 'NONE',  ( 0.000000000000000000, -70.65451445836082200, -72.87244052214309420 ) ) ;
#1164 = DIRECTION ( 'NONE',  ( 1.000000000000000000, 0.000000000000000000, 0.000000000000000000 ) ) ;
#1165 = ORIENTED_EDGE ( 'NONE', *, *, #6726, .F. ) ;
#1166 = LINE ( 'NONE', #5991, #8346 ) ;
#1167 = FACE_OUTER_BOUND ( 'NONE', #2955, .T. ) ;
#1168 = ORIENTED_EDGE ( 'NONE', *, *, #8072, .F. ) ;
#1169 = ORIENTED_EDGE ( 'NONE', *, *, #513, .F. ) ;
#1170 = EDGE_CURVE ( 'NONE', #4421, #6359, #7972, .T. ) ;
#1171 = EDGE_CURVE ( 'NONE', #3809, #2380, #2434, .T. ) ;
#1172 = ORIENTED_EDGE ( 'NONE', *, *, #8441, .F. ) ;
#1173 = DIRECTION ( 'NONE',  ( -1.000000000000000000, 0.000000000000000000, -0.000000000000000000 ) ) ;
#1174 = CARTESIAN_POINT ( 'NONE',  ( 3.999999999999998224, -10.08630113881341117, -96.47417545300488939 ) ) ;
#1175 = AXIS2_PLACEMENT_3D ( 'NONE', #8460, #8644, #5078 ) ;
#1176 = ORIENTED_EDGE ( 'NONE', *, *, #7477, .T. ) ;
#1177 = CARTESIAN_POINT ( 'NONE',  ( 0.000000000000000000, -94.05677713582109334, -23.71334381361018728 ) ) ;
#1178 = CARTESIAN_POINT ( 'NONE',  ( 8.000000000000001776, -92.67733574038412314, 41.39280663429486395 ) ) ;
#1179 = VERTEX_POINT ( 'NONE', #8559 ) ;
#1180 = DIRECTION ( 'NONE',  ( -1.000000000000000000, 0.000000000000000000, -0.000000000000000000 ) ) ;
#1181 = CARTESIAN_POINT ( 'NONE',  ( 0.000000000000000000, 5.591737568208505316, -101.3468572377470878 ) ) ;
#1182 = EDGE_LOOP ( 'NONE', ( #1109, #3302, #5284, #6539 ) ) ;
#1183 = VECTOR ( 'NONE', #2737, 1000.000000000000000 ) ;
#1184 = AXIS2_PLACEMENT_3D ( 'NONE', #5575, #167, #721 ) ;
#1185 = FACE_OUTER_BOUND ( 'NONE', #5071, .T. ) ;
#1186 = DIRECTION ( 'NONE',  ( -1.000000000000000000, 0.000000000000000000, 0.000000000000000000 ) ) ;
#1187 = CIRCLE ( 'NONE', #5836, 101.5009999999999906 ) ;
#1188 = VERTEX_POINT ( 'NONE', #4500 ) ;
#1189 = CIRCLE ( 'NONE', #4689, 49.50000000000002132 ) ;
#1190 = DIRECTION ( 'NONE',  ( -1.000000000000000000, 0.000000000000000000, -0.000000000000000000 ) ) ;
#1191 = CARTESIAN_POINT ( 'NONE',  ( 4.000000000000000888, 79.51543960134426925, -55.55443155145205480 ) ) ;
#1192 = ORIENTED_EDGE ( 'NONE', *, *, #1854, .T. ) ;
#1193 = DIRECTION ( 'NONE',  ( 0.000000000000000000, 0.000000000000000000, 1.000000000000000000 ) ) ;
#1194 = DIRECTION ( 'NONE',  ( -1.000000000000000000, -0.000000000000000000, -0.000000000000000000 ) ) ;
#1195 = VECTOR ( 'NONE', #5085, 1000.000000000000000 ) ;
#1196 = ORIENTED_EDGE ( 'NONE', *, *, #7786, .T. ) ;
#1197 = FACE_OUTER_BOUND ( 'NONE', #3199, .T. ) ;
#1198 = AXIS2_PLACEMENT_3D ( 'NONE', #8091, #5435, #5394 ) ;
#1199 = DIRECTION ( 'NONE',  ( 0.000000000000000000, 0.000000000000000000, -1.000000000000000000 ) ) ;
#1200 = CARTESIAN_POINT ( 'NONE',  ( 0.000000000000000000, 14.46627289076940492, -95.91520707713551985 ) ) ;
#1201 = ORIENTED_EDGE ( 'NONE', *, *, #5998, .T. ) ;
#1202 = EDGE_CURVE ( 'NONE', #3816, #7968, #4544, .T. ) ;
#1203 = CARTESIAN_POINT ( 'NONE',  ( 8.000000000000001776, -100.3437769205262526, -15.28330573938977643 ) ) ;
#1204 = ORIENTED_EDGE ( 'NONE', *, *, #1927, .T. ) ;
#1205 = CARTESIAN_POINT ( 'NONE',  ( 0.000000000000000000, -46.39878275736268165, -85.18305558404830435 ) ) ;
#1206 = CIRCLE ( 'NONE', #7603, 49.50000000000001421 ) ;
#1207 = CARTESIAN_POINT ( 'NONE',  ( 8.000000000000001776, 0.000000000000000000, 0.000000000000000000 ) ) ;
#1208 = AXIS2_PLACEMENT_3D ( 'NONE', #5428, #5560, #5470 ) ;
#1209 = CIRCLE ( 'NONE', #4975, 49.50000000000001421 ) ;
#1210 = DIRECTION ( 'NONE',  ( 1.000000000000000000, 0.000000000000000000, -0.000000000000000000 ) ) ;
#1211 = EDGE_CURVE ( 'NONE', #7968, #1781, #2142, .T. ) ;
#1212 = VECTOR ( 'NONE', #7613, 1000.000000000000000 ) ;
#1213 = PLANE ( 'NONE',  #6774 ) ;
#1214 = AXIS2_PLACEMENT_3D ( 'NONE', #6243, #4826, #1454 ) ;
#1215 = ORIENTED_EDGE ( 'NONE', *, *, #3655, .T. ) ;
#1216 = EDGE_CURVE ( 'NONE', #6742, #9006, #5497, .T. ) ;
#1217 = LINE ( 'NONE', #7998, #8488 ) ;
#1218 = CARTESIAN_POINT ( 'NONE',  ( 0.000000000000000000, -61.68129557521668005, 74.86265942486120650 ) ) ;
#1219 = ORIENTED_EDGE ( 'NONE', *, *, #3914, .T. ) ;
#1220 = EDGE_LOOP ( 'NONE', ( #2114, #7445, #4762, #59 ) ) ;
#1221 = ORIENTED_EDGE ( 'NONE', *, *, #8273, .T. ) ;
#1222 = CIRCLE ( 'NONE', #3526, 97.00000000000000000 ) ;
#1223 = EDGE_CURVE ( 'NONE', #7363, #131, #8653, .T. ) ;
#1224 = DIRECTION ( 'NONE',  ( -1.000000000000000000, 0.000000000000000000, -0.000000000000000000 ) ) ;
#1225 = EDGE_CURVE ( 'NONE', #5256, #4799, #5783, .T. ) ;
#1226 = EDGE_CURVE ( 'NONE', #4807, #366, #422, .T. ) ;
#1227 = AXIS2_PLACEMENT_3D ( 'NONE', #5308, #2471, #8094 ) ;
#1228 = DIRECTION ( 'NONE',  ( 1.000000000000000000, 0.000000000000000000, 0.000000000000000000 ) ) ;
#1229 = ORIENTED_EDGE ( 'NONE', *, *, #2087, .T. ) ;
#1230 = CYLINDRICAL_SURFACE ( 'NONE', #8819, 49.50000000000001421 ) ;
#1231 = DIRECTION ( 'NONE',  ( 1.000000000000000000, 0.000000000000000000, 0.000000000000000000 ) ) ;
#1232 = ORIENTED_EDGE ( 'NONE', *, *, #6378, .F. ) ;
#1233 = CARTESIAN_POINT ( 'NONE',  ( 8.000000000000001776, 0.000000000000000000, 0.000000000000000000 ) ) ;
#1234 = VERTEX_POINT ( 'NONE', #1579 ) ;
#1235 = AXIS2_PLACEMENT_3D ( 'NONE', #2723, #5593, #4054 ) ;
#1236 = AXIS2_PLACEMENT_3D ( 'NONE', #5905, #1931, #1034 ) ;
#1237 = EDGE_CURVE ( 'NONE', #8996, #3576, #7152, .T. ) ;
#1238 = CARTESIAN_POINT ( 'NONE',  ( 8.000000000000001776, -51.26545789146223342, -78.52829634310434415 ) ) ;
#1239 = CYLINDRICAL_SURFACE ( 'NONE', #1361, 49.50000000000001421 ) ;
#1240 = EDGE_LOOP ( 'NONE', ( #5301, #2501, #437, #894 ) ) ;
#1241 = FACE_OUTER_BOUND ( 'NONE', #3960, .T. ) ;
#1242 = CARTESIAN_POINT ( 'NONE',  ( 0.000000000000000000, 49.07810525950718272, -83.66803203217304485 ) ) ;
#1243 = ORIENTED_EDGE ( 'NONE', *, *, #8891, .F. ) ;
#1244 = CARTESIAN_POINT ( 'NONE',  ( 8.000000000000001776, -32.47563198627179304, -96.16541128749069856 ) ) ;
#1245 = DIRECTION ( 'NONE',  ( 0.000000000000000000, 0.8325698546347686246, 0.5539200638661144760 ) ) ;
#1246 = AXIS2_PLACEMENT_3D ( 'NONE', #2563, #7322, #1076 ) ;
#1247 = VECTOR ( 'NONE', #1133, 1000.000000000000000 ) ;
#1248 = CYLINDRICAL_SURFACE ( 'NONE', #3336, 101.5009999999999906 ) ;
#1249 = CYLINDRICAL_SURFACE ( 'NONE', #4293, 49.50000000000001421 ) ;
#1250 = VERTEX_POINT ( 'NONE', #5088 ) ;
#1251 = ORIENTED_EDGE ( 'NONE', *, *, #919, .F. ) ;
#1252 = CIRCLE ( 'NONE', #6324, 49.50000000000002132 ) ;
#1253 = CARTESIAN_POINT ( 'NONE',  ( 8.000000000000001776, -57.44201543540481225, -74.12998962694128124 ) ) ;
#1254 = FACE_OUTER_BOUND ( 'NONE', #1943, .T. ) ;
#1255 = EDGE_CURVE ( 'NONE', #5359, #2985, #3022, .T. ) ;
#1256 = VECTOR ( 'NONE', #1000, 1000.000000000000000 ) ;
#1257 = CARTESIAN_POINT ( 'NONE',  ( 0.000000000000000000, 0.000000000000000000, 0.000000000000000000 ) ) ;
#1258 = DIRECTION ( 'NONE',  ( 1.000000000000000000, 0.000000000000000000, 0.000000000000000000 ) ) ;
#1259 = ORIENTED_EDGE ( 'NONE', *, *, #3430, .F. ) ;
#1260 = CYLINDRICAL_SURFACE ( 'NONE', #1227, 49.50000000000001421 ) ;
#1261 = CARTESIAN_POINT ( 'NONE',  ( 8.000000000000001776, -23.51808856449304841, -94.10578893071702566 ) ) ;
#1262 = ORIENTED_EDGE ( 'NONE', *, *, #4412, .F. ) ;
#1263 = AXIS2_PLACEMENT_3D ( 'NONE', #3393, #6307, #8964 ) ;
#1264 = EDGE_CURVE ( 'NONE', #4472, #1250, #8272, .T. ) ;
#1265 = PLANE ( 'NONE',  #2331 ) ;
#1266 = CARTESIAN_POINT ( 'NONE',  ( 0.000000000000000000, -92.72829175089816545, -14.01086750818866378 ) ) ;
#1267 = ORIENTED_EDGE ( 'NONE', *, *, #4100, .F. ) ;
#1268 = DIRECTION ( 'NONE',  ( 0.000000000000000000, 0.000000000000000000, 1.000000000000000000 ) ) ;
#1269 = CARTESIAN_POINT ( 'NONE',  ( 8.000000000000001776, -85.58284989173270674, 38.34600766417349860 ) ) ;
#1270 = VECTOR ( 'NONE', #7541, 1000.000000000000000 ) ;
#1271 = ORIENTED_EDGE ( 'NONE', *, *, #8341, .F. ) ;
#1272 = EDGE_CURVE ( 'NONE', #1937, #5181, #4621, .T. ) ;
#1273 = CARTESIAN_POINT ( 'NONE',  ( 0.000000000000000000, -100.1026268487577084, 16.79038710031353077 ) ) ;
#1274 = ADVANCED_FACE ( 'NONE', ( #4738 ), #1867, .F. ) ;
#1275 = VERTEX_POINT ( 'NONE', #2551 ) ;
#1276 = EDGE_CURVE ( 'NONE', #98, #4324, #2726, .T. ) ;
#1277 = ADVANCED_FACE ( 'NONE', ( #7356 ), #1289, .F. ) ;
#1278 = DIRECTION ( 'NONE',  ( -1.000000000000000000, -0.000000000000000000, -0.000000000000000000 ) ) ;
#1279 = CYLINDRICAL_SURFACE ( 'NONE', #2069, 101.5009999999999906 ) ;
#1280 = ORIENTED_EDGE ( 'NONE', *, *, #6902, .T. ) ;
#1281 = CIRCLE ( 'NONE', #4756, 49.50000000000001421 ) ;
#1282 = LINE ( 'NONE', #7568, #4462 ) ;
#1283 = DIRECTION ( 'NONE',  ( 1.000000000000000000, 0.000000000000000000, 0.000000000000000000 ) ) ;
#1284 = ORIENTED_EDGE ( 'NONE', *, *, #5484, .F. ) ;
#1285 = DIRECTION ( 'NONE',  ( 0.000000000000000000, 0.000000000000000000, 1.000000000000000000 ) ) ;
#1286 = CARTESIAN_POINT ( 'NONE',  ( 8.000000000000001776, -97.60174128166855212, -27.86311360537862214 ) ) ;
#1287 = ADVANCED_FACE ( 'NONE', ( #6665 ), #3877, .F. ) ;
#1288 = ORIENTED_EDGE ( 'NONE', *, *, #6674, .T. ) ;
#1289 = CYLINDRICAL_SURFACE ( 'NONE', #8410, 49.50000000000001421 ) ;
#1290 = DIRECTION ( 'NONE',  ( 1.000000000000000000, 0.000000000000000000, 0.000000000000000000 ) ) ;
#1291 = LINE ( 'NONE', #5426, #7219 ) ;
#1292 = ORIENTED_EDGE ( 'NONE', *, *, #6784, .T. ) ;
#1293 = CARTESIAN_POINT ( 'NONE',  ( 0.000000000000000000, 58.21048187889133629, -77.59213748458836335 ) ) ;
#1294 = ORIENTED_EDGE ( 'NONE', *, *, #5597, .T. ) ;
#1295 = FACE_OUTER_BOUND ( 'NONE', #4407, .T. ) ;
#1296 = DIRECTION ( 'NONE',  ( 1.000000000000000000, 0.000000000000000000, 0.000000000000000000 ) ) ;
#1297 = CIRCLE ( 'NONE', #2289, 49.50000000000001421 ) ;
#1298 = DIRECTION ( 'NONE',  ( 1.000000000000000000, 0.000000000000000000, 0.000000000000000000 ) ) ;
#1299 = LINE ( 'NONE', #4067, #807 ) ;
#1300 = EDGE_LOOP ( 'NONE', ( #382, #3396, #7294, #2718 ) ) ;
#1301 = DIRECTION ( 'NONE',  ( 1.000000000000000000, 0.000000000000000000, 0.000000000000000000 ) ) ;
#1302 = DIRECTION ( 'NONE',  ( 1.000000000000000000, 0.000000000000000000, 0.000000000000000000 ) ) ;
#1303 = ORIENTED_EDGE ( 'NONE', *, *, #212, .F. ) ;
#1304 = CIRCLE ( 'NONE', #2454, 97.00000000000000000 ) ;
#1305 = FACE_OUTER_BOUND ( 'NONE', #3137, .T. ) ;
#1306 = CARTESIAN_POINT ( 'NONE',  ( 8.000000000000001776, -39.91718116827530594, -93.32240700163646352 ) ) ;
#1307 = ORIENTED_EDGE ( 'NONE', *, *, #5710, .F. ) ;
#1308 = LINE ( 'NONE', #7598, #4018 ) ;
#1309 = CARTESIAN_POINT ( 'NONE',  ( 0.000000000000000000, -42.37477060330950707, 83.66133704220008838 ) ) ;
#1310 = ORIENTED_EDGE ( 'NONE', *, *, #7415, .F. ) ;
#1311 = ORIENTED_EDGE ( 'NONE', *, *, #2882, .T. ) ;
#1312 = CIRCLE ( 'NONE', #7281, 49.50000000000002842 ) ;
#1313 = EDGE_CURVE ( 'NONE', #898, #8283, #5636, .T. ) ;
#1314 = CARTESIAN_POINT ( 'NONE',  ( 8.000000000000001776, 0.000000000000000000, 0.000000000000000000 ) ) ;
#1315 = ORIENTED_EDGE ( 'NONE', *, *, #1437, .T. ) ;
#1316 = STYLED_ITEM ( 'NONE', ( #8919 ), #2115 ) ;
#1317 = CARTESIAN_POINT ( 'NONE',  ( 8.000000000000001776, -56.13571807399382863, 84.56497003675387703 ) ) ;
#1318 = VECTOR ( 'NONE', #636, 1000.000000000000000 ) ;
#1319 = EDGE_CURVE ( 'NONE', #511, #8606, #5382, .T. ) ;
#1320 = DIRECTION ( 'NONE',  ( -1.000000000000000000, -0.000000000000000000, 0.000000000000000000 ) ) ;
#1321 = ORIENTED_EDGE ( 'NONE', *, *, #3467, .T. ) ;
#1322 = DIRECTION ( 'NONE',  ( 0.000000000000000000, 0.000000000000000000, 1.000000000000000000 ) ) ;
#1323 = EDGE_CURVE ( 'NONE', #7105, #4959, #8130, .T. ) ;
#1324 = DIRECTION ( 'NONE',  ( 0.000000000000000000, -0.9819286972627080390, 0.1892512443604031647 ) ) ;
#1325 = ORIENTED_EDGE ( 'NONE', *, *, #1760, .T. ) ;
#1326 = DIRECTION ( 'NONE',  ( 1.000000000000000000, 0.000000000000000000, 0.000000000000000000 ) ) ;
#1327 = CARTESIAN_POINT ( 'NONE',  ( 8.000000000000001776, -13.68933125847467380, -100.5736307920507926 ) ) ;
#1328 = EDGE_CURVE ( 'NONE', #3922, #3387, #1143, .T. ) ;
#1329 = VERTEX_POINT ( 'NONE', #8161 ) ;
#1330 = CIRCLE ( 'NONE', #3943, 49.50000000000001421 ) ;
#1331 = CARTESIAN_POINT ( 'NONE',  ( 0.000000000000000000, -70.66210574512419385, 66.45198877132941107 ) ) ;
#1332 = EDGE_CURVE ( 'NONE', #2117, #2401, #8711, .T. ) ;
#1333 = EDGE_CURVE ( 'NONE', #7826, #2497, #718, .T. ) ;
#1334 = DIRECTION ( 'NONE',  ( 0.000000000000000000, 0.000000000000000000, 1.000000000000000000 ) ) ;
#1335 = DIRECTION ( 'NONE',  ( 0.000000000000000000, 0.000000000000000000, 1.000000000000000000 ) ) ;
#1336 = VERTEX_POINT ( 'NONE', #1911 ) ;
#1337 = DIRECTION ( 'NONE',  ( -1.000000000000000000, -0.000000000000000000, -0.000000000000000000 ) ) ;
#1338 = ORIENTED_EDGE ( 'NONE', *, *, #4248, .F. ) ;
#1339 = CARTESIAN_POINT ( 'NONE',  ( 8.000000000000001776, -89.74863504084490273, -27.20336390369634927 ) ) ;
#1340 = DIRECTION ( 'NONE',  ( 0.000000000000000000, -0.5406408174555870083, -0.8412535328311878668 ) ) ;
#1341 = CIRCLE ( 'NONE', #2050, 97.00000000000000000 ) ;
#1342 = CIRCLE ( 'NONE', #4236, 97.00000000000000000 ) ;
#1343 = LINE ( 'NONE', #444, #4237 ) ;
#1344 = CARTESIAN_POINT ( 'NONE',  ( 8.000000000000001776, -93.27503075632668583, 9.726722817990363978 ) ) ;
#1345 = CIRCLE ( 'NONE', #4968, 101.5009999999999906 ) ;
#1346 = VERTEX_POINT ( 'NONE', #7447 ) ;
#1347 = DIRECTION ( 'NONE',  ( -1.000000000000000000, -0.000000000000000000, -0.000000000000000000 ) ) ;
#1348 = CARTESIAN_POINT ( 'NONE',  ( 8.000000000000001776, 64.59221519262636946, -78.29622428642041143 ) ) ;
#1349 = ORIENTED_EDGE ( 'NONE', *, *, #3439, .F. ) ;
#1350 = AXIS2_PLACEMENT_3D ( 'NONE', #6234, #4856, #3491 ) ;
#1351 = DIRECTION ( 'NONE',  ( -1.000000000000000000, -0.000000000000000000, -0.000000000000000000 ) ) ;
#1352 = CIRCLE ( 'NONE', #5999, 101.5009999999999906 ) ;
#1353 = CIRCLE ( 'NONE', #8333, 101.5010000000000048 ) ;
#1354 = CARTESIAN_POINT ( 'NONE',  ( 8.000000000000001776, 0.000000000000000000, 0.000000000000000000 ) ) ;
#1355 = ORIENTED_EDGE ( 'NONE', *, *, #3528, .F. ) ;
#1356 = CARTESIAN_POINT ( 'NONE',  ( 8.000000000000001776, 0.000000000000000000, 0.000000000000000000 ) ) ;
#1357 = DIRECTION ( 'NONE',  ( 1.000000000000000000, 0.000000000000000000, 0.000000000000000000 ) ) ;
#1358 = ORIENTED_EDGE ( 'NONE', *, *, #2646, .F. ) ;
#1359 = VERTEX_POINT ( 'NONE', #614 ) ;
#1360 = DIRECTION ( 'NONE',  ( 0.000000000000000000, 0.000000000000000000, 1.000000000000000000 ) ) ;
#1361 = AXIS2_PLACEMENT_3D ( 'NONE', #8750, #4007, #8113 ) ;
#1362 = ORIENTED_EDGE ( 'NONE', *, *, #8006, .F. ) ;
#1363 = CIRCLE ( 'NONE', #8934, 115.0000000000000142 ) ;
#1364 = ADVANCED_FACE ( 'NONE', ( #1197 ), #477, .F. ) ;
#1365 = DIRECTION ( 'NONE',  ( 0.000000000000000000, 0.7557495743542551603, 0.6548607339452886533 ) ) ;
#1366 = DIRECTION ( 'NONE',  ( -1.000000000000000000, -0.000000000000000000, 0.000000000000000000 ) ) ;
#1367 = ORIENTED_EDGE ( 'NONE', *, *, #1530, .F. ) ;
#1368 = LINE ( 'NONE', #4134, #3790 ) ;
#1369 = VERTEX_POINT ( 'NONE', #6709 ) ;
#1370 = CIRCLE ( 'NONE', #1509, 97.00000000000000000 ) ;
#1371 = DIRECTION ( 'NONE',  ( -1.000000000000000000, -0.000000000000000000, 0.000000000000000000 ) ) ;
#1372 = DIRECTION ( 'NONE',  ( 0.000000000000000000, 0.000000000000000000, 1.000000000000000000 ) ) ;
#1373 = ADVANCED_FACE ( 'NONE', ( #7495 ), #6112, .F. ) ;
#1374 = VECTOR ( 'NONE', #7926, 1000.000000000000000 ) ;
#1375 = DIRECTION ( 'NONE',  ( -1.000000000000000000, -0.000000000000000000, 0.000000000000000000 ) ) ;
#1376 = CARTESIAN_POINT ( 'NONE',  ( -8.500000000000001776, -63.60141849350122101, 95.81158367136264076 ) ) ;
#1377 = EDGE_LOOP ( 'NONE', ( #7646, #8893, #4392, #1196 ) ) ;
#1378 = ORIENTED_EDGE ( 'NONE', *, *, #8891, .T. ) ;
#1379 = CARTESIAN_POINT ( 'NONE',  ( 8.000000000000001776, 0.000000000000000000, 0.000000000000000000 ) ) ;
#1380 = EDGE_CURVE ( 'NONE', #1665, #1797, #7413, .T. ) ;
#1381 = CARTESIAN_POINT ( 'NONE',  ( 8.000000000000001776, 0.000000000000000000, 0.000000000000000000 ) ) ;
#1382 = CIRCLE ( 'NONE', #1387, 101.5009999999999906 ) ;
#1383 = EDGE_CURVE ( 'NONE', #7520, #375, #134, .T. ) ;
#1384 = EDGE_CURVE ( 'NONE', #8102, #4803, #6242, .T. ) ;
#1385 = AXIS2_PLACEMENT_3D ( 'NONE', #85, #6262, #8366 ) ;
#1386 = CARTESIAN_POINT ( 'NONE',  ( 8.000000000000001776, 0.000000000000000000, 0.000000000000000000 ) ) ;
#1387 = AXIS2_PLACEMENT_3D ( 'NONE', #8133, #7954, #1122 ) ;
#1388 = CARTESIAN_POINT ( 'NONE',  ( 8.000000000000001776, -93.70414482884916652, 3.791271721436575870 ) ) ;
#1389 = ORIENTED_EDGE ( 'NONE', *, *, #104, .F. ) ;
#1390 = LINE ( 'NONE', #8401, #6142 ) ;
#1391 = CARTESIAN_POINT ( 'NONE',  ( -8.500000000000007105, 100.8977962754999851, -3.166008196913426165 ) ) ;
#1392 = ORIENTED_EDGE ( 'NONE', *, *, #14, .T. ) ;
#1393 = CARTESIAN_POINT ( 'NONE',  ( 0.000000000000000000, -78.50593618205158464, -56.97208074293622815 ) ) ;
#1394 = ADVANCED_FACE ( 'NONE', ( #6198 ), #6891, .F. ) ;
#1395 = AXIS2_PLACEMENT_3D ( 'NONE', #1691, #2411, #8715 ) ;
#1396 = CARTESIAN_POINT ( 'NONE',  ( 8.000000000000001776, 19.21108298590378993, -95.07856903902539614 ) ) ;
#1397 = ORIENTED_EDGE ( 'NONE', *, *, #2980, .F. ) ;
#1398 = CYLINDRICAL_SURFACE ( 'NONE', #5611, 97.00000000000000000 ) ;
#1399 = CARTESIAN_POINT ( 'NONE',  ( 0.000000000000000000, 0.000000000000000000, 0.000000000000000000 ) ) ;
#1400 = ORIENTED_EDGE ( 'NONE', *, *, #5380, .F. ) ;
#1401 = CIRCLE ( 'NONE', #6336, 97.00000000000000000 ) ;
#1402 = ORIENTED_EDGE ( 'NONE', *, *, #8855, .F. ) ;
#1403 = CARTESIAN_POINT ( 'NONE',  ( 8.000000000000001776, -96.84482846637750697, -5.484450685156939898 ) ) ;
#1404 = ORIENTED_EDGE ( 'NONE', *, *, #8806, .F. ) ;
#1405 = CIRCLE ( 'NONE', #2561, 101.5009999999999906 ) ;
#1406 = LINE ( 'NONE', #3490, #2022 ) ;
#1407 = DIRECTION ( 'NONE',  ( -1.000000000000000000, -0.000000000000000000, -0.000000000000000000 ) ) ;
#1408 = ORIENTED_EDGE ( 'NONE', *, *, #7995, .T. ) ;
#1409 = DIRECTION ( 'NONE',  ( 0.000000000000000000, -0.8660254037844432595, 0.4999999999999918954 ) ) ;
#1410 = DIRECTION ( 'NONE',  ( 0.000000000000000000, -0.6900790114821030441, -0.7237340381050786364 ) ) ;
#1411 = ORIENTED_EDGE ( 'NONE', *, *, #8854, .F. ) ;
#1412 = DIRECTION ( 'NONE',  ( 1.000000000000000000, 0.000000000000000000, 0.000000000000000000 ) ) ;
#1413 = CARTESIAN_POINT ( 'NONE',  ( 8.000000000000001776, -35.47744648150409574, -86.81123942510967595 ) ) ;
#1414 = EDGE_LOOP ( 'NONE', ( #5081, #8415, #4307, #6318 ) ) ;
#1415 = DIRECTION ( 'NONE',  ( -1.000000000000000000, -0.000000000000000000, -0.000000000000000000 ) ) ;
#1416 = CARTESIAN_POINT ( 'NONE',  ( 8.000000000000001776, -66.36418094012169888, -66.26187431335226563 ) ) ;
#1417 = CIRCLE ( 'NONE', #5204, 101.5009999999999906 ) ;
#1418 = DIRECTION ( 'NONE',  ( 1.000000000000000000, 0.000000000000000000, 0.000000000000000000 ) ) ;
#1419 = VERTEX_POINT ( 'NONE', #7751 ) ;
#1420 = DIRECTION ( 'NONE',  ( 0.000000000000000000, 0.000000000000000000, 1.000000000000000000 ) ) ;
#1421 = ORIENTED_EDGE ( 'NONE', *, *, #2869, .F. ) ;
#1422 = EDGE_CURVE ( 'NONE', #1900, #7430, #4823, .T. ) ;
#1423 = CARTESIAN_POINT ( 'NONE',  ( 0.000000000000000000, -60.79410739645052786, -71.40670140288335688 ) ) ;
#1424 = FACE_OUTER_BOUND ( 'NONE', #1123, .T. ) ;
#1425 = DIRECTION ( 'NONE',  ( -1.000000000000000000, -0.000000000000000000, 0.000000000000000000 ) ) ;
#1426 = CARTESIAN_POINT ( 'NONE',  ( 8.000000000000001776, -87.84259803568458835, -32.84080494922203286 ) ) ;
#1427 = EDGE_CURVE ( 'NONE', #7251, #4001, #1297, .T. ) ;
#1428 = ORIENTED_EDGE ( 'NONE', *, *, #447, .T. ) ;
#1429 = DIRECTION ( 'NONE',  ( -1.000000000000000000, 0.000000000000000000, 0.000000000000000000 ) ) ;
#1430 = EDGE_CURVE ( 'NONE', #5856, #3809, #8418, .T. ) ;
#1431 = LINE ( 'NONE', #1391, #3400 ) ;
#1432 = ORIENTED_EDGE ( 'NONE', *, *, #3813, .F. ) ;
#1433 = AXIS2_PLACEMENT_3D ( 'NONE', #3545, #2771, #145 ) ;
#1434 = CARTESIAN_POINT ( 'NONE',  ( 8.000000000000001776, -47.59558639957950987, -80.80532565773040687 ) ) ;
#1435 = EDGE_CURVE ( 'NONE', #3168, #6730, #3459, .T. ) ;
#1436 = DIRECTION ( 'NONE',  ( 0.000000000000000000, 0.000000000000000000, 1.000000000000000000 ) ) ;
#1437 = EDGE_CURVE ( 'NONE', #613, #5408, #4773, .T. ) ;
#1438 = VERTEX_POINT ( 'NONE', #1331 ) ;
#1439 = DIRECTION ( 'NONE',  ( -1.000000000000000000, 0.000000000000000000, 0.000000000000000000 ) ) ;
#1440 = EDGE_CURVE ( 'NONE', #4636, #944, #6522, .T. ) ;
#1441 = CARTESIAN_POINT ( 'NONE',  ( 8.000000000000001776, 0.000000000000000000, 0.000000000000000000 ) ) ;
#1442 = VERTEX_POINT ( 'NONE', #743 ) ;
#1443 = ORIENTED_EDGE ( 'NONE', *, *, #3713, .T. ) ;
#1444 = CARTESIAN_POINT ( 'NONE',  ( 8.000000000000001776, -87.47571382902562220, -51.48254549944491743 ) ) ;
#1445 = AXIS2_PLACEMENT_3D ( 'NONE', #1314, #3484, #8281 ) ;
#1446 = VERTEX_POINT ( 'NONE', #3501 ) ;
#1447 = DIRECTION ( 'NONE',  ( -1.000000000000000000, 0.000000000000000000, 0.000000000000000000 ) ) ;
#1448 = VERTEX_POINT ( 'NONE', #6284 ) ;
#1449 = LINE ( 'NONE', #4266, #1195 ) ;
#1450 = ORIENTED_EDGE ( 'NONE', *, *, #3081, .T. ) ;
#1451 = CYLINDRICAL_SURFACE ( 'NONE', #6032, 49.50000000000001421 ) ;
#1452 = DIRECTION ( 'NONE',  ( 0.000000000000000000, -0.9938384644612529017, -0.1108381999010213670 ) ) ;
#1453 = ORIENTED_EDGE ( 'NONE', *, *, #3408, .F. ) ;
#1454 = DIRECTION ( 'NONE',  ( 0.000000000000000000, 0.000000000000000000, 1.000000000000000000 ) ) ;
#1455 = DIRECTION ( 'NONE',  ( -1.000000000000000000, -0.000000000000000000, 0.000000000000000000 ) ) ;
#1456 = ORIENTED_EDGE ( 'NONE', *, *, #7415, .T. ) ;
#1457 = AXIS2_PLACEMENT_3D ( 'NONE', #8594, #3578, #6363 ) ;
#1458 = CARTESIAN_POINT ( 'NONE',  ( 0.000000000000000000, -55.71933719032650600, 79.39997142991109058 ) ) ;
#1459 = ORIENTED_EDGE ( 'NONE', *, *, #6738, .F. ) ;
#1460 = CARTESIAN_POINT ( 'NONE',  ( 8.000000000000001776, -16.18476450428374491, -95.64022897264976564 ) ) ;
#1461 = CARTESIAN_POINT ( 'NONE',  ( 8.000000000000001776, -92.72829175089816545, -14.01086750818866378 ) ) ;
#1462 = ADVANCED_FACE ( 'NONE', ( #62 ), #2819, .F. ) ;
#1463 = DIRECTION ( 'NONE',  ( 0.000000000000000000, 0.4783379665707574446, -0.8781758307633801275 ) ) ;
#1464 = CYLINDRICAL_SURFACE ( 'NONE', #7299, 97.00000000000000000 ) ;
#1465 = CARTESIAN_POINT ( 'NONE',  ( 8.000000000000001776, -36.98332656173007393, 86.18047375014909051 ) ) ;
#1466 = ORIENTED_EDGE ( 'NONE', *, *, #1713, .F. ) ;
#1467 = FACE_OUTER_BOUND ( 'NONE', #5411, .T. ) ;
#1468 = DIRECTION ( 'NONE',  ( 0.000000000000000000, -0.7957618405308374276, 0.6056096871376596136 ) ) ;
#1469 = ORIENTED_EDGE ( 'NONE', *, *, #8084, .F. ) ;
#1470 = LINE ( 'NONE', #6302, #2494 ) ;
#1471 = AXIS2_PLACEMENT_3D ( 'NONE', #2721, #8847, #4732 ) ;
#1472 = EDGE_CURVE ( 'NONE', #4750, #7010, #6968, .T. ) ;
#1473 = CARTESIAN_POINT ( 'NONE',  ( 4.000000000000000888, -74.73448566193221154, -61.83653170130461518 ) ) ;
#1474 = CIRCLE ( 'NONE', #474, 49.50000000000001421 ) ;
#1475 = ADVANCED_FACE ( 'NONE', ( #1726 ), #915, .F. ) ;
#1476 = CIRCLE ( 'NONE', #7885, 49.50000000000002842 ) ;
#1477 = CARTESIAN_POINT ( 'NONE',  ( 0.000000000000000000, -92.47033105578937295, 15.62300783474231736 ) ) ;
#1478 = ORIENTED_EDGE ( 'NONE', *, *, #816, .F. ) ;
#1479 = LINE ( 'NONE', #4253, #5142 ) ;
#1480 = CARTESIAN_POINT ( 'NONE',  ( 0.000000000000000000, 0.000000000000000000, 0.000000000000000000 ) ) ;
#1481 = ORIENTED_EDGE ( 'NONE', *, *, #5722, .T. ) ;
#1482 = ORIENTED_EDGE ( 'NONE', *, *, #5711, .F. ) ;
#1483 = DIRECTION ( 'NONE',  ( 0.000000000000000000, 0.000000000000000000, 1.000000000000000000 ) ) ;
#1484 = AXIS2_PLACEMENT_3D ( 'NONE', #5706, #3064, #2286 ) ;
#1485 = ORIENTED_EDGE ( 'NONE', *, *, #2523, .T. ) ;
#1486 = EDGE_CURVE ( 'NONE', #4633, #3826, #6556, .T. ) ;
#1487 = CIRCLE ( 'NONE', #1208, 49.50000000000002842 ) ;
#1488 = EDGE_CURVE ( 'NONE', #139, #4828, #4335, .T. ) ;
#1489 = EDGE_CURVE ( 'NONE', #2522, #4786, #5360, .T. ) ;
#1490 = DIRECTION ( 'NONE',  ( 0.000000000000000000, -0.8959937742913399727, 0.4440666126057660756 ) ) ;
#1491 = CARTESIAN_POINT ( 'NONE',  ( 0.000000000000000000, -93.28925708950882267, 39.99459354322199545 ) ) ;
#1492 = CIRCLE ( 'NONE', #6749, 115.0000000000000142 ) ;
#1493 = ORIENTED_EDGE ( 'NONE', *, *, #7966, .F. ) ;
#1494 = CARTESIAN_POINT ( 'NONE',  ( 0.000000000000000000, -83.72661252417920252, -42.24564894279249927 ) ) ;
#1495 = ORIENTED_EDGE ( 'NONE', *, *, #7308, .F. ) ;
#1496 = CARTESIAN_POINT ( 'NONE',  ( 4.000000000000000888, 63.01448283994531607, -73.74398248273712397 ) ) ;
#1497 = DIRECTION ( 'NONE',  ( -1.000000000000000000, -0.000000000000000000, -0.000000000000000000 ) ) ;
#1498 = EDGE_CURVE ( 'NONE', #5720, #5055, #6826, .T. ) ;
#1499 = CIRCLE ( 'NONE', #2950, 49.50000000000001421 ) ;
#1500 = VERTEX_POINT ( 'NONE', #6605 ) ;
#1501 = DIRECTION ( 'NONE',  ( 0.000000000000000000, 0.000000000000000000, -1.000000000000000000 ) ) ;
#1502 = CYLINDRICAL_SURFACE ( 'NONE', #3968, 97.00000000000000000 ) ;
#1503 = CIRCLE ( 'NONE', #8639, 49.50000000000001421 ) ;
#1504 = ORIENTED_EDGE ( 'NONE', *, *, #2986, .T. ) ;
#1505 = DIRECTION ( 'NONE',  ( 0.000000000000000000, -0.5670598638627775134, 0.8236765814298281363 ) ) ;
#1506 = ORIENTED_EDGE ( 'NONE', *, *, #8229, .T. ) ;
#1507 = CARTESIAN_POINT ( 'NONE',  ( 8.000000000000001776, 35.51041165613322192, -95.08661138673497248 ) ) ;
#1508 = CYLINDRICAL_SURFACE ( 'NONE', #4032, 101.5009999999999906 ) ;
#1509 = AXIS2_PLACEMENT_3D ( 'NONE', #5150, #8521, #971 ) ;
#1510 = DIRECTION ( 'NONE',  ( -1.000000000000000000, -0.000000000000000000, -0.000000000000000000 ) ) ;
#1511 = VECTOR ( 'NONE', #8824, 1000.000000000000000 ) ;
#1512 = SURFACE_SIDE_STYLE ('',( #3558 ) ) ;
#1513 = DIRECTION ( 'NONE',  ( 1.000000000000000000, 0.000000000000000000, 0.000000000000000000 ) ) ;
#1514 = EDGE_LOOP ( 'NONE', ( #6874, #1628, #4723, #7161 ) ) ;
#1515 = DIRECTION ( 'NONE',  ( -1.000000000000000000, -0.000000000000000000, -0.000000000000000000 ) ) ;
#1516 = DIRECTION ( 'NONE',  ( 0.000000000000000000, 0.09505604330417634362, 0.9954719225730852550 ) ) ;
#1517 = ORIENTED_EDGE ( 'NONE', *, *, #7065, .T. ) ;
#1518 = AXIS2_PLACEMENT_3D ( 'NONE', #6975, #4818, #11 ) ;
#1519 = CARTESIAN_POINT ( 'NONE',  ( 8.000000000000001776, -93.75594538243993270, 2.159445488232394794 ) ) ;
#1520 = EDGE_CURVE ( 'NONE', #3583, #3823, #1680, .T. ) ;
#1521 = VECTOR ( 'NONE', #7728, 1000.000000000000114 ) ;
#1522 = DIRECTION ( 'NONE',  ( 1.000000000000000000, 0.000000000000000000, 0.000000000000000000 ) ) ;
#1523 = ORIENTED_EDGE ( 'NONE', *, *, #2028, .T. ) ;
#1524 = DIRECTION ( 'NONE',  ( -1.000000000000000000, 0.000000000000000000, 0.000000000000000000 ) ) ;
#1525 = CARTESIAN_POINT ( 'NONE',  ( -8.499999999999998224, 97.87238061538435829, -18.86335522284969457 ) ) ;
#1526 = ORIENTED_EDGE ( 'NONE', *, *, #4207, .F. ) ;
#1527 = ORIENTED_EDGE ( 'NONE', *, *, #3040, .T. ) ;
#1528 = DIRECTION ( 'NONE',  ( -1.000000000000000000, -0.000000000000000000, 0.000000000000000000 ) ) ;
#1529 = AXIS2_PLACEMENT_3D ( 'NONE', #3880, #8624, #6622 ) ;
#1530 = EDGE_CURVE ( 'NONE', #7055, #5105, #5502, .T. ) ;
#1531 = ORIENTED_EDGE ( 'NONE', *, *, #5498, .F. ) ;
#1532 = DIRECTION ( 'NONE',  ( 1.000000000000000000, 0.000000000000000000, 0.000000000000000000 ) ) ;
#1533 = DIRECTION ( 'NONE',  ( 0.000000000000000000, 0.6667690005162877354, 0.7452644496757581116 ) ) ;
#1534 = ORIENTED_EDGE ( 'NONE', *, *, #6311, .T. ) ;
#1535 = EDGE_CURVE ( 'NONE', #8253, #7470, #2903, .T. ) ;
#1536 = DIRECTION ( 'NONE',  ( -1.000000000000000000, -0.000000000000000000, 0.000000000000000000 ) ) ;
#1537 = EDGE_CURVE ( 'NONE', #5419, #3684, #4358, .T. ) ;
#1538 = ORIENTED_EDGE ( 'NONE', *, *, #1701, .F. ) ;
#1539 = CYLINDRICAL_SURFACE ( 'NONE', #2085, 49.50000000000001421 ) ;
#1540 = DIRECTION ( 'NONE',  ( -1.000000000000000000, 0.000000000000000000, -0.000000000000000000 ) ) ;
#1541 = EDGE_CURVE ( 'NONE', #68, #427, #3002, .T. ) ;
#1542 = CIRCLE ( 'NONE', #3000, 49.50000000000002132 ) ;
#1543 = VERTEX_POINT ( 'NONE', #7975 ) ;
#1544 = DIRECTION ( 'NONE',  ( 0.000000000000000000, -1.682156097916903341E-15, -1.000000000000000000 ) ) ;
#1545 = DIRECTION ( 'NONE',  ( 1.000000000000000000, 0.000000000000000000, 0.000000000000000000 ) ) ;
#1546 = ORIENTED_EDGE ( 'NONE', *, *, #4875, .F. ) ;
#1547 = LINE ( 'NONE', #5604, #3519 ) ;
#1548 = EDGE_CURVE ( 'NONE', #8075, #6492, #2880, .T. ) ;
#1549 = ORIENTED_EDGE ( 'NONE', *, *, #1319, .F. ) ;
#1550 = VECTOR ( 'NONE', #8988, 1000.000000000000000 ) ;
#1551 = DIRECTION ( 'NONE',  ( 1.000000000000000000, 0.000000000000000000, 0.000000000000000000 ) ) ;
#1552 = DIRECTION ( 'NONE',  ( -1.000000000000000000, 0.000000000000000000, 0.000000000000000000 ) ) ;
#1553 = AXIS2_PLACEMENT_3D ( 'NONE', #921, #7259, #8028 ) ;
#1554 = CARTESIAN_POINT ( 'NONE',  ( 8.000000000000001776, 42.47413406683178749, -87.20635260846998449 ) ) ;
#1555 = DIRECTION ( 'NONE',  ( -1.000000000000000000, -0.000000000000000000, 0.000000000000000000 ) ) ;
#1556 = CARTESIAN_POINT ( 'NONE',  ( 8.000000000000001776, 0.000000000000000000, 0.000000000000000000 ) ) ;
#1557 = ORIENTED_EDGE ( 'NONE', *, *, #514, .F. ) ;
#1558 = DIRECTION ( 'NONE',  ( 0.000000000000000000, 0.000000000000000000, 1.000000000000000000 ) ) ;
#1559 = DIRECTION ( 'NONE',  ( 0.000000000000000000, 0.000000000000000000, 1.000000000000000000 ) ) ;
#1560 = VERTEX_POINT ( 'NONE', #8472 ) ;
#1561 = DIRECTION ( 'NONE',  ( 1.000000000000000000, 0.000000000000000000, 0.000000000000000000 ) ) ;
#1562 = DIRECTION ( 'NONE',  ( -1.000000000000000000, -0.000000000000000000, -0.000000000000000000 ) ) ;
#1563 = LINE ( 'NONE', #4338, #6626 ) ;
#1564 = ORIENTED_EDGE ( 'NONE', *, *, #2656, .T. ) ;
#1565 = CARTESIAN_POINT ( 'NONE',  ( 8.000000000000001776, 36.93615743614882518, -94.54191279454857977 ) ) ;
#1566 = LINE ( 'NONE', #5126, #4415 ) ;
#1567 = EDGE_LOOP ( 'NONE', ( #7694, #494, #5889, #738 ) ) ;
#1568 = ORIENTED_EDGE ( 'NONE', *, *, #3330, .F. ) ;
#1569 = ORIENTED_EDGE ( 'NONE', *, *, #3783, .F. ) ;
#1570 = AXIS2_PLACEMENT_3D ( 'NONE', #7796, #870, #6415 ) ;
#1571 = EDGE_CURVE ( 'NONE', #1442, #1015, #3609, .T. ) ;
#1572 = ORIENTED_EDGE ( 'NONE', *, *, #7284, .F. ) ;
#1573 = CARTESIAN_POINT ( 'NONE',  ( -2.000000000000000000, 0.000000000000000000, 0.000000000000000000 ) ) ;
#1574 = AXIS2_PLACEMENT_3D ( 'NONE', #1233, #419, #3229 ) ;
#1575 = EDGE_LOOP ( 'NONE', ( #7172, #2681, #905, #2934 ) ) ;
#1576 = DIRECTION ( 'NONE',  ( 1.362699810301553589E-16, -0.1892512443604031647, -0.9819286972627080390 ) ) ;
#1577 = ORIENTED_EDGE ( 'NONE', *, *, #8285, .F. ) ;
#1578 = CYLINDRICAL_SURFACE ( 'NONE', #5003, 49.50000000000002132 ) ;
#1579 = CARTESIAN_POINT ( 'NONE',  ( 8.000000000000001776, -101.4228187791120774, -3.983068151487785258 ) ) ;
#1580 = AXIS2_PLACEMENT_3D ( 'NONE', #5887, #976, #297 ) ;
#1581 = EDGE_CURVE ( 'NONE', #1438, #5720, #2952, .T. ) ;
#1582 = VERTEX_POINT ( 'NONE', #7155 ) ;
#1583 = CARTESIAN_POINT ( 'NONE',  ( 8.000000000000001776, 32.70524385948489510, -87.89315970804172196 ) ) ;
#1584 = EDGE_CURVE ( 'NONE', #8099, #4706, #5092, .T. ) ;
#1585 = CARTESIAN_POINT ( 'NONE',  ( 0.000000000000000000, -22.21805753540699868, -94.42117304584465387 ) ) ;
#1586 = ORIENTED_EDGE ( 'NONE', *, *, #3273, .F. ) ;
#1587 = DIRECTION ( 'NONE',  ( 0.000000000000000000, -0.4582265217274173463, 0.8888354486549198130 ) ) ;
#1588 = EDGE_LOOP ( 'NONE', ( #4125, #7765, #565, #6396, #3867, #3441, #6800, #7938, #5968, #6960, #4894, #819, #2266, #6812, #1768, #29, #3774, #2013, #3754, #6625, #7148, #2941, #1534, #7196, #5321, #7064, #5920, #6858, #343, #8035, #5127, #5665, #363, #6517, #6766, #3191, #3581, #8164, #2416, #453, #4206, #3830, #6866, #3269, #2256, #3004, #5736, #5225, #1493, #5112, #4154, #1052, #7601, #628, #8222, #5223, #5463, #6298, #1020, #6507, #5980, #171, #8755, #2346, #4230, #6920, #7336, #1910, #5592, #6495, #7919, #8648, #454, #5580, #96, #2475, #3661, #3335, #315, #5368, #768, #7702, #78, #5314, #2482, #3925, #6355, #3803, #2904, #7500, #1101, #1294, #4984, #8443, #1215, #7423, #1482, #4776, #1866, #973, #8214, #6895, #1822, #2498, #6111, #8377, #3648, #2188, #1983, #3984, #8984, #2291, #988, #5280, #7427, #4767, #6170, #3665, #3244, #6483, #8597, #6836, #8226, #6829, #2432, #8866, #730, #8466, #1267, #1035, #3458, #2865, #2426, #5307, #1321, #3037, #7863, #6639, #3595, #2811, #7882, #1404, #8529, #7088, #8486, #4103, #6645, #1, #1087, #4232, #8640, #4190, #195, #4008, #3710, #2725, #2315, #7221, #4351, #5318, #6277, #6138, #6482, #3847, #2441, #2696, #2084, #2935, #5148, #2349, #109, #4304, #518, #4851, #1102, #3564, #1397, #3500, #4121, #8732, #3019, #8924, #4564, #8589, #222, #4506, #460, #4451, #303, #5885, #2785, #7928, #687, #4683, #6029, #3697, #4802, #1367, #5358, #127, #7983, #5193, #7904, #8364, #4742, #4445, #5519, #2567, #8656, #1169, #3015, #5982, #7736, #5869, #7635, #6544, #6400, #2638, #7159, #4508, #4947, #4925, #6064, #5951, #551, #3128, #1748, #4059, #191, #6085, #8708, #3805, #862, #6365, #178, #7911, #4242, #2310, #4163, #856, #6523, #4410, #3722, #2620, #3881, #3870 ) ) ;
#1589 = CIRCLE ( 'NONE', #596, 97.00000000000000000 ) ;
#1590 = CARTESIAN_POINT ( 'NONE',  ( 8.000000000000001776, 0.000000000000000000, 0.000000000000000000 ) ) ;
#1591 = CARTESIAN_POINT ( 'NONE',  ( 0.000000000000000000, 0.000000000000000000, 0.000000000000000000 ) ) ;
#1592 = EDGE_CURVE ( 'NONE', #5274, #4349, #4065, .T. ) ;
#1593 = ADVANCED_FACE ( 'NONE', ( #6798 ), #7484, .F. ) ;
#1594 = EDGE_CURVE ( 'NONE', #8687, #3142, #5239, .T. ) ;
#1595 = EDGE_LOOP ( 'NONE', ( #6283, #7970, #3485, #439 ) ) ;
#1596 = CIRCLE ( 'NONE', #1037, 101.5010000000000048 ) ;
#1597 = CARTESIAN_POINT ( 'NONE',  ( 8.000000000000001776, -52.62475156798626585, 77.62393974657194917 ) ) ;
#1598 = CARTESIAN_POINT ( 'NONE',  ( 8.000000000000001776, 0.000000000000000000, 0.000000000000000000 ) ) ;
#1599 = FACE_OUTER_BOUND ( 'NONE', #1861, .T. ) ;
#1600 = ORIENTED_EDGE ( 'NONE', *, *, #4716, .T. ) ;
#1601 = CIRCLE ( 'NONE', #8304, 101.5009999999999906 ) ;
#1602 = ORIENTED_EDGE ( 'NONE', *, *, #7512, .T. ) ;
#1603 = DIRECTION ( 'NONE',  ( -1.000000000000000000, 0.000000000000000000, 0.000000000000000000 ) ) ;
#1604 = CARTESIAN_POINT ( 'NONE',  ( 3.999999999999998224, 86.52148266699620649, -43.85240058542605368 ) ) ;
#1605 = EDGE_LOOP ( 'NONE', ( #8747, #5953, #7722, #5583 ) ) ;
#1606 = LINE ( 'NONE', #4379, #4962 ) ;
#1607 = VECTOR ( 'NONE', #8408, 1000.000000000000000 ) ;
#1608 = EDGE_CURVE ( 'NONE', #8013, #2982, #2166, .T. ) ;
#1609 = LINE ( 'NONE', #6534, #3640 ) ;
#1610 = VECTOR ( 'NONE', #69, 1000.000000000000000 ) ;
#1611 = LINE ( 'NONE', #5755, #5883 ) ;
#1612 = AXIS2_PLACEMENT_3D ( 'NONE', #1821, #4459, #5878 ) ;
#1613 = ORIENTED_EDGE ( 'NONE', *, *, #859, .T. ) ;
#1614 = CARTESIAN_POINT ( 'NONE',  ( 8.000000000000001776, -99.17242527825069942, 21.61673114579960497 ) ) ;
#1615 = LINE ( 'NONE', #5073, #4993 ) ;
#1616 = ORIENTED_EDGE ( 'NONE', *, *, #1920, .F. ) ;
#1617 = ORIENTED_EDGE ( 'NONE', *, *, #3534, .T. ) ;
#1618 = ORIENTED_EDGE ( 'NONE', *, *, #5437, .T. ) ;
#1619 = AXIS2_PLACEMENT_3D ( 'NONE', #8484, #2371, #931 ) ;
#1620 = DIRECTION ( 'NONE',  ( 0.000000000000000000, -0.4861967361004579380, -0.8738493770697908225 ) ) ;
#1621 = ORIENTED_EDGE ( 'NONE', *, *, #601, .F. ) ;
#1622 = CARTESIAN_POINT ( 'NONE',  ( 8.000000000000001776, -96.13265536941959510, 12.94266478065471482 ) ) ;
#1623 = CYLINDRICAL_SURFACE ( 'NONE', #7642, 49.50000000000000000 ) ;
#1624 = ORIENTED_EDGE ( 'NONE', *, *, #4853, .T. ) ;
#1625 =( GEOMETRIC_REPRESENTATION_CONTEXT ( 3 ) GLOBAL_UNCERTAINTY_ASSIGNED_CONTEXT ( ( #6783 ) ) GLOBAL_UNIT_ASSIGNED_CONTEXT ( ( #7867, #4395, #7193 ) ) REPRESENTATION_CONTEXT ( 'NONE', 'WORKASPACE' ) );
#1626 = DIRECTION ( 'NONE',  ( 0.000000000000000000, -0.5406408174555870083, -0.8412535328311878668 ) ) ;
#1627 = AXIS2_PLACEMENT_3D ( 'NONE', #662, #6896, #7665 ) ;
#1628 = ORIENTED_EDGE ( 'NONE', *, *, #940, .T. ) ;
#1629 = CARTESIAN_POINT ( 'NONE',  ( 8.000000000000001776, -101.4712436262028348, -2.457583762925791948 ) ) ;
#1630 = VECTOR ( 'NONE', #1834, 1000.000000000000000 ) ;
#1631 = DIRECTION ( 'NONE',  ( -1.000000000000000000, -0.000000000000000000, -0.000000000000000000 ) ) ;
#1632 = ADVANCED_FACE ( 'NONE', ( #1097 ), #6652, .F. ) ;
#1633 = VECTOR ( 'NONE', #5505, 1000.000000000000000 ) ;
#1634 = ORIENTED_EDGE ( 'NONE', *, *, #787, .T. ) ;
#1635 = AXIS2_PLACEMENT_3D ( 'NONE', #4228, #7030, #4956 ) ;
#1636 = DIRECTION ( 'NONE',  ( -1.000000000000000000, -0.000000000000000000, -0.000000000000000000 ) ) ;
#1637 = CARTESIAN_POINT ( 'NONE',  ( 0.000000000000000000, -60.64301354649336417, -75.70617483402408254 ) ) ;
#1638 = ORIENTED_EDGE ( 'NONE', *, *, #8341, .T. ) ;
#1639 = CARTESIAN_POINT ( 'NONE',  ( 8.000000000000001776, 0.000000000000000000, 0.000000000000000000 ) ) ;
#1640 = ORIENTED_EDGE ( 'NONE', *, *, #1255, .T. ) ;
#1641 = CYLINDRICAL_SURFACE ( 'NONE', #3942, 97.00000000000000000 ) ;
#1642 = LINE ( 'NONE', #4461, #1987 ) ;
#1643 = ADVANCED_FACE ( 'NONE', ( #1185 ), #6097, .F. ) ;
#1644 = ORIENTED_EDGE ( 'NONE', *, *, #2757, .T. ) ;
#1645 = VECTOR ( 'NONE', #5027, 1000.000000000000000 ) ;
#1646 = LINE ( 'NONE', #2408, #5259 ) ;
#1647 = CARTESIAN_POINT ( 'NONE',  ( 8.000000000000001776, 0.000000000000000000, 0.000000000000000000 ) ) ;
#1648 = CARTESIAN_POINT ( 'NONE',  ( 8.000000000000001776, -25.77599115522042439, -90.16894575926738753 ) ) ;
#1649 = EDGE_LOOP ( 'NONE', ( #2044, #1564, #5452, #6039 ) ) ;
#1650 = EDGE_CURVE ( 'NONE', #6992, #8150, #3780, .T. ) ;
#1651 = DIRECTION ( 'NONE',  ( 0.000000000000000000, 0.000000000000000000, 1.000000000000000000 ) ) ;
#1652 = FACE_OUTER_BOUND ( 'NONE', #4589, .T. ) ;
#1653 = ORIENTED_EDGE ( 'NONE', *, *, #458, .T. ) ;
#1654 = ADVANCED_FACE ( 'NONE', ( #3956 ), #8749, .F. ) ;
#1655 = DIRECTION ( 'NONE',  ( 0.000000000000000000, -0.8959937742913399727, 0.4440666126057660756 ) ) ;
#1656 = EDGE_CURVE ( 'NONE', #4538, #4345, #1737, .T. ) ;
#1657 = AXIS2_PLACEMENT_3D ( 'NONE', #7572, #7657, #2813 ) ;
#1658 = AXIS2_PLACEMENT_3D ( 'NONE', #7137, #3571, #2293 ) ;
#1659 = CARTESIAN_POINT ( 'NONE',  ( 0.000000000000000000, -92.47033105578917400, -15.62300783474360877 ) ) ;
#1660 = DIRECTION ( 'NONE',  ( -1.000000000000000000, -0.000000000000000000, 0.000000000000000000 ) ) ;
#1661 = ORIENTED_EDGE ( 'NONE', *, *, #5164, .F. ) ;
#1662 = DIRECTION ( 'NONE',  ( -1.000000000000000000, 0.000000000000000000, 0.000000000000000000 ) ) ;
#1663 = CARTESIAN_POINT ( 'NONE',  ( 8.000000000000001776, -96.99769385426560575, -0.6688699082529128148 ) ) ;
#1664 = ORIENTED_EDGE ( 'NONE', *, *, #257, .F. ) ;
#1665 = VERTEX_POINT ( 'NONE', #8151 ) ;
#1666 = EDGE_CURVE ( 'NONE', #2380, #6167, #1312, .T. ) ;
#1667 = ORIENTED_EDGE ( 'NONE', *, *, #5598, .F. ) ;
#1668 = AXIS2_PLACEMENT_3D ( 'NONE', #2884, #1522, #4295 ) ;
#1669 = CIRCLE ( 'NONE', #6916, 49.50000000000002842 ) ;
#1670 = ORIENTED_EDGE ( 'NONE', *, *, #5437, .F. ) ;
#1671 = DIRECTION ( 'NONE',  ( 0.000000000000000000, 0.000000000000000000, -1.000000000000000000 ) ) ;
#1672 = DIRECTION ( 'NONE',  ( 0.000000000000000000, 0.000000000000000000, 1.000000000000000000 ) ) ;
#1673 = AXIS2_PLACEMENT_3D ( 'NONE', #843, #2279, #4420 ) ;
#1674 = ORIENTED_EDGE ( 'NONE', *, *, #6900, .T. ) ;
#1675 = DIRECTION ( 'NONE',  ( -1.000000000000000000, 0.000000000000000000, -0.000000000000000000 ) ) ;
#1676 = EDGE_LOOP ( 'NONE', ( #4811, #5907, #7679, #6003 ) ) ;
#1677 = DIRECTION ( 'NONE',  ( -1.000000000000000000, -0.000000000000000000, -0.000000000000000000 ) ) ;
#1678 = CIRCLE ( 'NONE', #242, 49.50000000000002132 ) ;
#1679 = ORIENTED_EDGE ( 'NONE', *, *, #8728, .T. ) ;
#1680 = LINE ( 'NONE', #7208, #5944 ) ;
#1681 = CARTESIAN_POINT ( 'NONE',  ( -8.500000000000007105, 0.000000000000000000, 0.000000000000000000 ) ) ;
#1682 = ORIENTED_EDGE ( 'NONE', *, *, #4594, .F. ) ;
#1683 = CARTESIAN_POINT ( 'NONE',  ( 8.000000000000001776, 75.83186949266098509, -60.48576336005054088 ) ) ;
#1684 = ORIENTED_EDGE ( 'NONE', *, *, #7834, .F. ) ;
#1685 = CARTESIAN_POINT ( 'NONE',  ( 8.000000000000001776, 0.000000000000000000, 0.000000000000000000 ) ) ;
#1686 = DIRECTION ( 'NONE',  ( 0.000000000000000000, 0.000000000000000000, 1.000000000000000000 ) ) ;
#1687 = ORIENTED_EDGE ( 'NONE', *, *, #1161, .F. ) ;
#1688 = DIRECTION ( 'NONE',  ( 1.000000000000000000, 0.000000000000000000, 0.000000000000000000 ) ) ;
#1689 = DIRECTION ( 'NONE',  ( 0.000000000000000000, -0.7761464642917493828, -0.6305526670845318371 ) ) ;
#1690 = AXIS2_PLACEMENT_3D ( 'NONE', #622, #8262, #2560 ) ;
#1691 = CARTESIAN_POINT ( 'NONE',  ( 8.000000000000001776, 0.000000000000000000, 0.000000000000000000 ) ) ;
#1692 = EDGE_LOOP ( 'NONE', ( #2668, #1232, #8026, #8550 ) ) ;
#1693 = EDGE_CURVE ( 'NONE', #3809, #6215, #8197, .T. ) ;
#1694 = DIRECTION ( 'NONE',  ( 0.000000000000000000, 0.000000000000000000, 1.000000000000000000 ) ) ;
#1695 = DIRECTION ( 'NONE',  ( 0.000000000000000000, 0.000000000000000000, 1.000000000000000000 ) ) ;
#1696 = ORIENTED_EDGE ( 'NONE', *, *, #5598, .T. ) ;
#1697 = CARTESIAN_POINT ( 'NONE',  ( 0.000000000000000000, -24.20237598767207743, -90.60400375216902091 ) ) ;
#1698 = CARTESIAN_POINT ( 'NONE',  ( 8.000000000000001776, 0.000000000000000000, 0.000000000000000000 ) ) ;
#1699 = AXIS2_PLACEMENT_3D ( 'NONE', #1207, #579, #1919 ) ;
#1700 = CARTESIAN_POINT ( 'NONE',  ( 3.999999999999998224, 0.8701761867115007654, -96.99609679468592560 ) ) ;
#1701 = EDGE_CURVE ( 'NONE', #7386, #7614, #6393, .T. ) ;
#1702 = FACE_OUTER_BOUND ( 'NONE', #3055, .T. ) ;
#1703 = AXIS2_PLACEMENT_3D ( 'NONE', #8885, #4731, #1695 ) ;
#1704 = ORIENTED_EDGE ( 'NONE', *, *, #1537, .F. ) ;
#1705 = EDGE_CURVE ( 'NONE', #6245, #934, #1589, .T. ) ;
#1706 = DIRECTION ( 'NONE',  ( 0.000000000000000000, -0.2817325568414371095, 0.9594929736144952592 ) ) ;
#1707 = CYLINDRICAL_SURFACE ( 'NONE', #1658, 49.50000000000001421 ) ;
#1708 = ORIENTED_EDGE ( 'NONE', *, *, #4047, .F. ) ;
#1709 = EDGE_LOOP ( 'NONE', ( #5700, #7377, #1557, #3085 ) ) ;
#1710 = ORIENTED_EDGE ( 'NONE', *, *, #6109, .F. ) ;
#1711 = AXIS2_PLACEMENT_3D ( 'NONE', #3838, #5939, #8721 ) ;
#1712 = EDGE_CURVE ( 'NONE', #6725, #7224, #8583, .T. ) ;
#1713 = EDGE_CURVE ( 'NONE', #2755, #3802, #8704, .T. ) ;
#1714 = CARTESIAN_POINT ( 'NONE',  ( 0.000000000000000000, 0.000000000000000000, 0.000000000000000000 ) ) ;
#1715 = ORIENTED_EDGE ( 'NONE', *, *, #555, .F. ) ;
#1716 = DIRECTION ( 'NONE',  ( -1.000000000000000000, -0.000000000000000000, 0.000000000000000000 ) ) ;
#1717 = DIRECTION ( 'NONE',  ( 0.000000000000000000, 0.000000000000000000, 1.000000000000000000 ) ) ;
#1718 = ORIENTED_EDGE ( 'NONE', *, *, #5450, .F. ) ;
#1719 = CARTESIAN_POINT ( 'NONE',  ( 0.000000000000000000, -87.86926881703357139, -41.08517491212484884 ) ) ;
#1720 = ORIENTED_EDGE ( 'NONE', *, *, #5104, .F. ) ;
#1721 = AXIS2_PLACEMENT_3D ( 'NONE', #4692, #5338, #6023 ) ;
#1722 = CARTESIAN_POINT ( 'NONE',  ( 8.000000000000001776, -56.14281629694171727, -75.11873719398883509 ) ) ;
#1723 = CARTESIAN_POINT ( 'NONE',  ( 3.999999999999998224, 83.56599579877772044, -49.25164308080153575 ) ) ;
#1724 = ORIENTED_EDGE ( 'NONE', *, *, #164, .T. ) ;
#1725 = CIRCLE ( 'NONE', #6687, 49.50000000000002132 ) ;
#1726 = FACE_OUTER_BOUND ( 'NONE', #1567, .T. ) ;
#1727 = DIRECTION ( 'NONE',  ( 1.000000000000000000, 0.000000000000000000, 0.000000000000000000 ) ) ;
#1728 = ORIENTED_EDGE ( 'NONE', *, *, #1435, .F. ) ;
#1729 = CARTESIAN_POINT ( 'NONE',  ( 0.000000000000000000, 31.09275556449043876, -91.88166602433180685 ) ) ;
#1730 = CARTESIAN_POINT ( 'NONE',  ( 4.000000000000000888, -61.68129557521668005, 74.86265942486120650 ) ) ;
#1731 = CARTESIAN_POINT ( 'NONE',  ( 0.000000000000000000, 0.000000000000000000, 0.000000000000000000 ) ) ;
#1732 = EDGE_LOOP ( 'NONE', ( #5254, #724, #3898, #1640 ) ) ;
#1733 = DIRECTION ( 'NONE',  ( 1.000000000000000000, 0.000000000000000000, 0.000000000000000000 ) ) ;
#1734 = CARTESIAN_POINT ( 'NONE',  ( 8.000000000000001776, -60.79410739645052786, -71.40670140288335688 ) ) ;
#1735 = DIRECTION ( 'NONE',  ( 1.000000000000000000, 0.000000000000000000, 0.000000000000000000 ) ) ;
#1736 = EDGE_LOOP ( 'NONE', ( #1674, #3315, #4062, #5846 ) ) ;
#1737 = CIRCLE ( 'NONE', #6107, 101.5009999999999906 ) ;
#1738 = CARTESIAN_POINT ( 'NONE',  ( 0.000000000000000000, -80.87865912086839160, 47.47086472966424253 ) ) ;
#1739 = VERTEX_POINT ( 'NONE', #8020 ) ;
#1740 = CARTESIAN_POINT ( 'NONE',  ( 8.000000000000001776, 0.000000000000000000, 0.000000000000000000 ) ) ;
#1741 = CARTESIAN_POINT ( 'NONE',  ( 4.000000000000000888, -91.94599763622035482, 30.90199861950939564 ) ) ;
#1742 = AXIS2_PLACEMENT_3D ( 'NONE', #7759, #5613, #6176 ) ;
#1743 = ADVANCED_FACE ( 'NONE', ( #1769 ), #3234, .F. ) ;
#1744 = CARTESIAN_POINT ( 'NONE',  ( 8.000000000000001776, 0.000000000000000000, 0.000000000000000000 ) ) ;
#1745 = ORIENTED_EDGE ( 'NONE', *, *, #4964, .F. ) ;
#1746 = CARTESIAN_POINT ( 'NONE',  ( 8.000000000000001776, 91.31736841360853418, -44.31242745566181895 ) ) ;
#1747 = CARTESIAN_POINT ( 'NONE',  ( 0.000000000000000000, 58.25306790625215569, -83.12059360056071000 ) ) ;
#1748 = ORIENTED_EDGE ( 'NONE', *, *, #8534, .T. ) ;
#1749 = ORIENTED_EDGE ( 'NONE', *, *, #2404, .T. ) ;
#1750 = AXIS2_PLACEMENT_3D ( 'NONE', #1266, #2186, #4037 ) ;
#1751 = AXIS2_PLACEMENT_3D ( 'NONE', #5361, #8275, #4715 ) ;
#1752 = ORIENTED_EDGE ( 'NONE', *, *, #1779, .T. ) ;
#1753 = EDGE_CURVE ( 'NONE', #7216, #2612, #465, .T. ) ;
#1754 = EDGE_CURVE ( 'NONE', #3802, #3784, #3623, .T. ) ;
#1755 = CARTESIAN_POINT ( 'NONE',  ( 4.000000000000000888, -60.64301354649442999, 75.70617483402322989 ) ) ;
#1756 = ORIENTED_EDGE ( 'NONE', *, *, #1760, .F. ) ;
#1757 = DIRECTION ( 'NONE',  ( 0.000000000000000000, 0.000000000000000000, 1.000000000000000000 ) ) ;
#1758 = DIRECTION ( 'NONE',  ( 0.000000000000000000, 0.09505604330417623260, 0.9954719225730852550 ) ) ;
#1759 = EDGE_LOOP ( 'NONE', ( #822, #4114, #5790, #6148 ) ) ;
#1760 = EDGE_CURVE ( 'NONE', #5773, #1234, #4790, .T. ) ;
#1761 = DIRECTION ( 'NONE',  ( -1.000000000000000000, -0.000000000000000000, 0.000000000000000000 ) ) ;
#1762 = DIRECTION ( 'NONE',  ( 0.000000000000000000, 0.000000000000000000, 1.000000000000000000 ) ) ;
#1763 = DIRECTION ( 'NONE',  ( -1.000000000000000000, -0.000000000000000000, 0.000000000000000000 ) ) ;
#1764 = ADVANCED_FACE ( 'NONE', ( #3529 ), #5, .F. ) ;
#1765 = AXIS2_PLACEMENT_3D ( 'NONE', #2153, #8314, #4885 ) ;
#1766 = DIRECTION ( 'NONE',  ( 1.000000000000000000, 0.000000000000000000, 0.000000000000000000 ) ) ;
#1767 = EDGE_CURVE ( 'NONE', #8844, #7314, #7696, .T. ) ;
#1768 = ORIENTED_EDGE ( 'NONE', *, *, #7829, .T. ) ;
#1769 = FACE_OUTER_BOUND ( 'NONE', #2807, .T. ) ;
#1770 = AXIS2_PLACEMENT_3D ( 'NONE', #1697, #5113, #4474 ) ;
#1771 = AXIS2_PLACEMENT_3D ( 'NONE', #5749, #8083, #4470 ) ;
#1772 = CARTESIAN_POINT ( 'NONE',  ( 8.000000000000001776, 0.000000000000000000, 0.000000000000000000 ) ) ;
#1773 = ORIENTED_EDGE ( 'NONE', *, *, #5322, .T. ) ;
#1774 = VERTEX_POINT ( 'NONE', #7739 ) ;
#1775 = DIRECTION ( 'NONE',  ( 1.000000000000000000, 0.000000000000000000, 0.000000000000000000 ) ) ;
#1776 = EDGE_LOOP ( 'NONE', ( #3617, #8055, #2853, #2706 ) ) ;
#1777 = CARTESIAN_POINT ( 'NONE',  ( 8.000000000000001776, 29.40815210784554878, -97.14738077067141830 ) ) ;
#1778 = DIRECTION ( 'NONE',  ( 1.000000000000000000, 0.000000000000000000, 0.000000000000000000 ) ) ;
#1779 = EDGE_CURVE ( 'NONE', #2522, #4071, #1406, .T. ) ;
#1780 = CIRCLE ( 'NONE', #634, 49.50000000000002132 ) ;
#1781 = VERTEX_POINT ( 'NONE', #600 ) ;
#1782 = DIRECTION ( 'NONE',  ( -1.000000000000000000, -0.000000000000000000, 0.000000000000000000 ) ) ;
#1783 = CARTESIAN_POINT ( 'NONE',  ( -10.00000000000000000, 0.000000000000000000, 0.000000000000000000 ) ) ;
#1784 = ORIENTED_EDGE ( 'NONE', *, *, #3486, .F. ) ;
#1785 = CARTESIAN_POINT ( 'NONE',  ( 8.000000000000001776, -93.28925708950828266, -39.99459354322326021 ) ) ;
#1786 = EDGE_LOOP ( 'NONE', ( #7052, #8523, #5399, #2335, #5633, #8967 ) ) ;
#1787 = AXIS2_PLACEMENT_3D ( 'NONE', #1416, #790, #2042 ) ;
#1788 = DIRECTION ( 'NONE',  ( -1.000000000000000000, -0.000000000000000000, 0.000000000000000000 ) ) ;
#1789 = FACE_OUTER_BOUND ( 'NONE', #7943, .T. ) ;
#1790 = CARTESIAN_POINT ( 'NONE',  ( 0.000000000000000000, -85.08657671802403399, 46.57547060854901133 ) ) ;
#1791 = CARTESIAN_POINT ( 'NONE',  ( 7.703719777548943412E-31, 0.000000000000000000, -97.00000000000000000 ) ) ;
#1792 = ORIENTED_EDGE ( 'NONE', *, *, #5711, .T. ) ;
#1793 = FACE_OUTER_BOUND ( 'NONE', #8457, .T. ) ;
#1794 = CARTESIAN_POINT ( 'NONE',  ( -8.500000000000001776, -66.91975337142302749, 100.8104489063902633 ) ) ;
#1795 = VERTEX_POINT ( 'NONE', #93 ) ;
#1796 = AXIS2_PLACEMENT_3D ( 'NONE', #3124, #8867, #8777 ) ;
#1797 = VERTEX_POINT ( 'NONE', #5538 ) ;
#1798 = EDGE_CURVE ( 'NONE', #7470, #2522, #8296, .T. ) ;
#1799 = ORIENTED_EDGE ( 'NONE', *, *, #6447, .T. ) ;
#1800 = CIRCLE ( 'NONE', #2081, 97.00000000000000000 ) ;
#1801 = CIRCLE ( 'NONE', #3538, 49.50000000000001421 ) ;
#1802 = DIRECTION ( 'NONE',  ( 0.000000000000000000, 0.000000000000000000, 1.000000000000000000 ) ) ;
#1803 = ORIENTED_EDGE ( 'NONE', *, *, #4584, .F. ) ;
#1804 = CARTESIAN_POINT ( 'NONE',  ( 8.000000000000001776, -27.78212749876423615, -97.62482467406745457 ) ) ;
#1805 = DIRECTION ( 'NONE',  ( -1.000000000000000000, 0.000000000000000000, -0.000000000000000000 ) ) ;
#1806 = ORIENTED_EDGE ( 'NONE', *, *, #832, .T. ) ;
#1807 = ADVANCED_FACE ( 'NONE', ( #6969 ), #2804, .F. ) ;
#1808 = LINE ( 'NONE', #4590, #8908 ) ;
#1809 = CYLINDRICAL_SURFACE ( 'NONE', #2602, 49.50000000000001421 ) ;
#1810 = AXIS2_PLACEMENT_3D ( 'NONE', #5870, #6535, #6443 ) ;
#1811 = EDGE_LOOP ( 'NONE', ( #8431, #505, #2665, #6731 ) ) ;
#1812 = CIRCLE ( 'NONE', #8361, 97.00000000000000000 ) ;
#1813 = CARTESIAN_POINT ( 'NONE',  ( 8.000000000000001776, -60.86098462158992106, 81.23049644001073943 ) ) ;
#1814 = ADVANCED_FACE ( 'NONE', ( #732 ), #2851, .F. ) ;
#1815 = EDGE_CURVE ( 'NONE', #2896, #6768, #6698, .T. ) ;
#1816 = CIRCLE ( 'NONE', #4433, 49.50000000000000711 ) ;
#1817 = FACE_OUTER_BOUND ( 'NONE', #7511, .T. ) ;
#1818 = EDGE_LOOP ( 'NONE', ( #1959, #410, #7409, #6701 ) ) ;
#1819 = ORIENTED_EDGE ( 'NONE', *, *, #943, .T. ) ;
#1820 = EDGE_CURVE ( 'NONE', #6018, #5162, #7441, .T. ) ;
#1821 = CARTESIAN_POINT ( 'NONE',  ( 0.000000000000000000, 0.000000000000000000, 0.000000000000000000 ) ) ;
#1822 = ORIENTED_EDGE ( 'NONE', *, *, #6090, .T. ) ;
#1823 = DIRECTION ( 'NONE',  ( -1.000000000000000000, -0.000000000000000000, 0.000000000000000000 ) ) ;
#1824 = DIRECTION ( 'NONE',  ( 0.000000000000000000, -0.9096319953545136672, -0.4154150130018964826 ) ) ;
#1825 = EDGE_CURVE ( 'NONE', #1981, #7324, #6188, .T. ) ;
#1826 = DIRECTION ( 'NONE',  ( -1.000000000000000000, -0.000000000000000000, 0.000000000000000000 ) ) ;
#1827 = CARTESIAN_POINT ( 'NONE',  ( 0.000000000000000000, -92.67733574038412314, 41.39280663429484974 ) ) ;
#1828 = ORIENTED_EDGE ( 'NONE', *, *, #4435, .F. ) ;
#1829 = CYLINDRICAL_SURFACE ( 'NONE', #5120, 97.00000000000000000 ) ;
#1830 = VERTEX_POINT ( 'NONE', #1317 ) ;
#1831 = DIRECTION ( 'NONE',  ( 0.000000000000000000, -0.9096319953545137782, -0.4154150130018965381 ) ) ;
#1832 = DIRECTION ( 'NONE',  ( 1.000000000000000000, 0.000000000000000000, 0.000000000000000000 ) ) ;
#1833 = AXIS2_PLACEMENT_3D ( 'NONE', #4147, #535, #7502 ) ;
#1834 = DIRECTION ( 'NONE',  ( -1.000000000000000000, -0.000000000000000000, 0.000000000000000000 ) ) ;
#1835 = DIRECTION ( 'NONE',  ( -1.000000000000000000, -0.000000000000000000, -0.000000000000000000 ) ) ;
#1836 = ORIENTED_EDGE ( 'NONE', *, *, #4004, .F. ) ;
#1837 = DIRECTION ( 'NONE',  ( -1.000000000000000000, -0.000000000000000000, -0.000000000000000000 ) ) ;
#1838 = DIRECTION ( 'NONE',  ( 0.000000000000000000, -0.7345917086575253219, -0.6785094115571408402 ) ) ;
#1839 = EDGE_LOOP ( 'NONE', ( #1600, #4291, #2174, #2713 ) ) ;
#1840 = ORIENTED_EDGE ( 'NONE', *, *, #7308, .T. ) ;
#1841 = CIRCLE ( 'NONE', #3879, 49.50000000000001421 ) ;
#1842 = EDGE_LOOP ( 'NONE', ( #8514, #2010, #1071, #6654 ) ) ;
#1843 = CARTESIAN_POINT ( 'NONE',  ( 8.000000000000001776, 0.000000000000000000, 0.000000000000000000 ) ) ;
#1844 = DIRECTION ( 'NONE',  ( -1.000000000000000000, 0.000000000000000000, 0.000000000000000000 ) ) ;
#1845 = ORIENTED_EDGE ( 'NONE', *, *, #8406, .T. ) ;
#1846 = CARTESIAN_POINT ( 'NONE',  ( 8.000000000000001776, 0.000000000000000000, 0.000000000000000000 ) ) ;
#1847 = CYLINDRICAL_SURFACE ( 'NONE', #2239, 49.50000000000001421 ) ;
#1848 = ORIENTED_EDGE ( 'NONE', *, *, #1974, .T. ) ;
#1849 = CARTESIAN_POINT ( 'NONE',  ( 3.999999999999998224, 36.85765119199707840, -89.72465407349908162 ) ) ;
#1850 = LINE ( 'NONE', #6009, #2738 ) ;
#1851 = VECTOR ( 'NONE', #8485, 1000.000000000000000 ) ;
#1852 = ORIENTED_EDGE ( 'NONE', *, *, #1924, .F. ) ;
#1853 = AXIS2_PLACEMENT_3D ( 'NONE', #1094, #3863, #6649 ) ;
#1854 = EDGE_CURVE ( 'NONE', #3158, #6604, #2119, .T. ) ;
#1855 = CARTESIAN_POINT ( 'NONE',  ( -8.499999999999992895, 116.6622728137844405, -32.10785109474228705 ) ) ;
#1856 = LINE ( 'NONE', #6100, #6898 ) ;
#1857 = AXIS2_PLACEMENT_3D ( 'NONE', #3727, #967, #8658 ) ;
#1858 = VERTEX_POINT ( 'NONE', #4085 ) ;
#1859 = CARTESIAN_POINT ( 'NONE',  ( 8.000000000000001776, -95.11823470135377079, -19.01371681965895277 ) ) ;
#1860 = CARTESIAN_POINT ( 'NONE',  ( 8.000000000000001776, 2.207747618793602484, -96.97487226313684516 ) ) ;
#1861 = EDGE_LOOP ( 'NONE', ( #2451, #4087, #3437, #4455 ) ) ;
#1862 = CARTESIAN_POINT ( 'NONE',  ( 8.000000000000001776, 71.31282434913349277, -60.90420004171580359 ) ) ;
#1863 = DIRECTION ( 'NONE',  ( 0.000000000000000000, 0.2817325568414236758, 0.9594929736144991450 ) ) ;
#1864 = EDGE_CURVE ( 'NONE', #3684, #2236, #313, .T. ) ;
#1865 = ADVANCED_FACE ( 'NONE', ( #8928 ), #2670, .F. ) ;
#1866 = ORIENTED_EDGE ( 'NONE', *, *, #8122, .T. ) ;
#1867 = CYLINDRICAL_SURFACE ( 'NONE', #7403, 97.00000000000000000 ) ;
#1868 = DIRECTION ( 'NONE',  ( -1.000000000000000000, 0.000000000000000000, -0.000000000000000000 ) ) ;
#1869 = DIRECTION ( 'NONE',  ( 0.000000000000000000, 0.000000000000000000, 1.000000000000000000 ) ) ;
#1870 = EDGE_LOOP ( 'NONE', ( #2763, #6045, #3070, #6496 ) ) ;
#1871 = CARTESIAN_POINT ( 'NONE',  ( 0.000000000000000000, -73.20928577321367925, -58.61092880980164921 ) ) ;
#1872 = ORIENTED_EDGE ( 'NONE', *, *, #4382, .F. ) ;
#1873 = FACE_OUTER_BOUND ( 'NONE', #2030, .T. ) ;
#1874 = ADVANCED_FACE ( 'NONE', ( #2716 ), #5500, .F. ) ;
#1875 = DIRECTION ( 'NONE',  ( -1.000000000000000000, 0.000000000000000000, -0.000000000000000000 ) ) ;
#1876 = ADVANCED_FACE ( 'NONE', ( #6233 ), #2940, .F. ) ;
#1877 = EDGE_CURVE ( 'NONE', #5219, #2121, #3056, .T. ) ;
#1878 = DIRECTION ( 'NONE',  ( 0.000000000000000000, -0.2203105327865479413, 0.9754297868854053810 ) ) ;
#1879 = FACE_OUTER_BOUND ( 'NONE', #1588, .T. ) ;
#1880 = VERTEX_POINT ( 'NONE', #2299 ) ;
#1881 = CARTESIAN_POINT ( 'NONE',  ( 0.000000000000000000, 0.000000000000000000, 0.000000000000000000 ) ) ;
#1882 = CYLINDRICAL_SURFACE ( 'NONE', #5585, 49.50000000000001421 ) ;
#1883 = ORIENTED_EDGE ( 'NONE', *, *, #399, .T. ) ;
#1884 = ORIENTED_EDGE ( 'NONE', *, *, #7580, .F. ) ;
#1885 = ORIENTED_EDGE ( 'NONE', *, *, #8121, .F. ) ;
#1886 = ADVANCED_FACE ( 'NONE', ( #3032 ), #2255, .F. ) ;
#1887 = DIRECTION ( 'NONE',  ( 0.000000000000000000, 0.000000000000000000, 1.000000000000000000 ) ) ;
#1888 = CARTESIAN_POINT ( 'NONE',  ( 8.000000000000001776, -93.43022383455237900, 8.101467373084391355 ) ) ;
#1889 = VECTOR ( 'NONE', #4626, 1000.000000000000000 ) ;
#1890 = ORIENTED_EDGE ( 'NONE', *, *, #6166, .F. ) ;
#1891 = CARTESIAN_POINT ( 'NONE',  ( 0.000000000000000000, 89.12857806173282427, -38.27657995032468818 ) ) ;
#1892 = CARTESIAN_POINT ( 'NONE',  ( 0.000000000000000000, -81.96127100534754106, 51.87822332335580455 ) ) ;
#1893 = VERTEX_POINT ( 'NONE', #5034 ) ;
#1894 = CARTESIAN_POINT ( 'NONE',  ( 0.000000000000000000, -0.6716452350692749818, -93.77840578752612544 ) ) ;
#1895 = CARTESIAN_POINT ( 'NONE',  ( 8.000000000000001776, 29.40815210784554878, -97.14738077067141830 ) ) ;
#1896 = ORIENTED_EDGE ( 'NONE', *, *, #672, .F. ) ;
#1897 = AXIS2_PLACEMENT_3D ( 'NONE', #3567, #5709, #7769 ) ;
#1898 = DIRECTION ( 'NONE',  ( 0.000000000000000000, 0.7957618405308289899, 0.6056096871376707158 ) ) ;
#1899 = DIRECTION ( 'NONE',  ( 0.000000000000000000, 0.000000000000000000, 1.000000000000000000 ) ) ;
#1900 = VERTEX_POINT ( 'NONE', #902 ) ;
#1901 = CIRCLE ( 'NONE', #3502, 101.5010000000000048 ) ;
#1902 = CYLINDRICAL_SURFACE ( 'NONE', #5486, 49.50000000000001421 ) ;
#1903 = CARTESIAN_POINT ( 'NONE',  ( 8.000000000000001776, -74.21852193085013027, -57.32758063769674806 ) ) ;
#1904 = ORIENTED_EDGE ( 'NONE', *, *, #2, .T. ) ;
#1905 = EDGE_CURVE ( 'NONE', #8292, #407, #8435, .T. ) ;
#1906 = CARTESIAN_POINT ( 'NONE',  ( 8.000000000000001776, -83.16889538622289990, -58.18408580733665758 ) ) ;
#1907 = DIRECTION ( 'NONE',  ( 0.000000000000000000, 2.663413821701763607E-15, -1.000000000000000000 ) ) ;
#1908 = AXIS2_PLACEMENT_3D ( 'NONE', #4497, #4539, #7245 ) ;
#1909 = AXIS2_PLACEMENT_3D ( 'NONE', #2234, #3606, #6528 ) ;
#1910 = ORIENTED_EDGE ( 'NONE', *, *, #7820, .T. ) ;
#1911 = CARTESIAN_POINT ( 'NONE',  ( 8.000000000000001776, 69.42802360460022726, -74.04189718908530438 ) ) ;
#1912 = CARTESIAN_POINT ( 'NONE',  ( 0.000000000000000000, -15.20004899788072272, -100.3564223727710782 ) ) ;
#1913 = LINE ( 'NONE', #6936, #7650 ) ;
#1914 = ORIENTED_EDGE ( 'NONE', *, *, #6378, .T. ) ;
#1915 = CYLINDRICAL_SURFACE ( 'NONE', #5413, 115.0000000000000142 ) ;
#1916 = ORIENTED_EDGE ( 'NONE', *, *, #2083, .T. ) ;
#1917 = LINE ( 'NONE', #6030, #8263 ) ;
#1918 = CIRCLE ( 'NONE', #2195, 49.50000000000002132 ) ;
#1919 = DIRECTION ( 'NONE',  ( 0.000000000000000000, 0.3420201433256630508, 0.9396926207859105373 ) ) ;
#1920 = EDGE_CURVE ( 'NONE', #4015, #3211, #3716, .T. ) ;
#1921 = AXIS2_PLACEMENT_3D ( 'NONE', #8566, #7754, #7710 ) ;
#1922 = CIRCLE ( 'NONE', #5415, 97.00000000000000000 ) ;
#1923 = FACE_OUTER_BOUND ( 'NONE', #1514, .T. ) ;
#1924 = EDGE_CURVE ( 'NONE', #3756, #5995, #747, .T. ) ;
#1925 = CARTESIAN_POINT ( 'NONE',  ( -10.00000000000000000, 0.000000000000000000, 0.000000000000000000 ) ) ;
#1926 = VECTOR ( 'NONE', #2773, 1000.000000000000114 ) ;
#1927 = EDGE_CURVE ( 'NONE', #8234, #8503, #5393, .T. ) ;
#1928 = VERTEX_POINT ( 'NONE', #226 ) ;
#1929 = CARTESIAN_POINT ( 'NONE',  ( 8.000000000000001776, -33.91794212442418655, -95.66622289525292899 ) ) ;
#1930 = EDGE_CURVE ( 'NONE', #6313, #2133, #8887, .T. ) ;
#1931 = DIRECTION ( 'NONE',  ( -1.000000000000000000, -0.000000000000000000, -0.000000000000000000 ) ) ;
#1932 = ORIENTED_EDGE ( 'NONE', *, *, #6001, .T. ) ;
#1933 = EDGE_CURVE ( 'NONE', #1004, #7931, #3929, .T. ) ;
#1934 = AXIS2_PLACEMENT_3D ( 'NONE', #2167, #734, #4131 ) ;
#1935 = DIRECTION ( 'NONE',  ( -1.000000000000000000, 0.000000000000000000, -0.000000000000000000 ) ) ;
#1936 = LINE ( 'NONE', #7716, #2905 ) ;
#1937 = VERTEX_POINT ( 'NONE', #5132 ) ;
#1938 = CYLINDRICAL_SURFACE ( 'NONE', #6196, 97.00000000000000000 ) ;
#1939 = EDGE_CURVE ( 'NONE', #6596, #7216, #5823, .T. ) ;
#1940 = DIRECTION ( 'NONE',  ( -1.000000000000000000, 0.000000000000000000, 0.000000000000000000 ) ) ;
#1941 = ORIENTED_EDGE ( 'NONE', *, *, #5440, .F. ) ;
#1942 = DIRECTION ( 'NONE',  ( 0.000000000000000000, -0.8497254299495082819, -0.5272254676105121440 ) ) ;
#1943 = EDGE_LOOP ( 'NONE', ( #5704, #6555, #8611, #7235 ) ) ;
#1944 = DIRECTION ( 'NONE',  ( 0.000000000000000000, -0.8660254037844432595, 0.4999999999999920064 ) ) ;
#1945 = DIRECTION ( 'NONE',  ( -1.000000000000000000, -0.000000000000000000, -0.000000000000000000 ) ) ;
#1946 = AXIS2_PLACEMENT_3D ( 'NONE', #8585, #851, #2927 ) ;
#1947 = ORIENTED_EDGE ( 'NONE', *, *, #7620, .T. ) ;
#1948 = CARTESIAN_POINT ( 'NONE',  ( 8.000000000000001776, -96.30200313503419807, 11.61568733135773179 ) ) ;
#1949 = ORIENTED_EDGE ( 'NONE', *, *, #6173, .T. ) ;
#1950 = DIRECTION ( 'NONE',  ( 0.000000000000000000, 0.000000000000000000, 1.000000000000000000 ) ) ;
#1951 = CYLINDRICAL_SURFACE ( 'NONE', #703, 101.5009999999999906 ) ;
#1952 = CIRCLE ( 'NONE', #6614, 97.00000000000000000 ) ;
#1953 = AXIS2_PLACEMENT_3D ( 'NONE', #6991, #8992, #754 ) ;
#1954 = ORIENTED_EDGE ( 'NONE', *, *, #552, .F. ) ;
#1955 = DIRECTION ( 'NONE',  ( 0.000000000000000000, 0.000000000000000000, 1.000000000000000000 ) ) ;
#1956 = AXIS2_PLACEMENT_3D ( 'NONE', #1089, #6005, #8787 ) ;
#1957 = CARTESIAN_POINT ( 'NONE',  ( 0.000000000000000000, -65.32250189068433599, 71.70753619210145757 ) ) ;
#1958 = CARTESIAN_POINT ( 'NONE',  ( 8.000000000000001776, 73.98426986970670782, -69.48942950439591471 ) ) ;
#1959 = ORIENTED_EDGE ( 'NONE', *, *, #7111, .F. ) ;
#1960 = DIRECTION ( 'NONE',  ( 0.000000000000000000, -0.8660254037844432595, 0.4999999999999919509 ) ) ;
#1961 = ORIENTED_EDGE ( 'NONE', *, *, #8501, .T. ) ;
#1962 = CYLINDRICAL_SURFACE ( 'NONE', #7366, 101.5009999999999906 ) ;
#1963 = CARTESIAN_POINT ( 'NONE',  ( 8.000000000000001776, 0.000000000000000000, 0.000000000000000000 ) ) ;
#1964 = AXIS2_PLACEMENT_3D ( 'NONE', #3971, #6854, #8163 ) ;
#1965 = EDGE_CURVE ( 'NONE', #4828, #6536, #7195, .T. ) ;
#1966 = LINE ( 'NONE', #6677, #2791 ) ;
#1967 = DIRECTION ( 'NONE',  ( 1.000000000000000000, 0.000000000000000000, 0.000000000000000000 ) ) ;
#1968 = VERTEX_POINT ( 'NONE', #7917 ) ;
#1969 = CARTESIAN_POINT ( 'NONE',  ( 8.000000000000000000, 92.42805162179945455, -25.97529195377680367 ) ) ;
#1970 = CARTESIAN_POINT ( 'NONE',  ( 8.000000000000001776, -10.08630113881341117, -96.47417545300488939 ) ) ;
#1971 = VERTEX_POINT ( 'NONE', #4444 ) ;
#1972 = ADVANCED_FACE ( 'NONE', ( #3080 ), #2211, .F. ) ;
#1973 = DIRECTION ( 'NONE',  ( 0.000000000000000000, 0.000000000000000000, 1.000000000000000000 ) ) ;
#1974 = EDGE_CURVE ( 'NONE', #6167, #3333, #8008, .T. ) ;
#1975 = CARTESIAN_POINT ( 'NONE',  ( 8.000000000000001776, 0.000000000000000000, 0.000000000000000000 ) ) ;
#1976 = ORIENTED_EDGE ( 'NONE', *, *, #2988, .T. ) ;
#1977 = DIRECTION ( 'NONE',  ( 0.000000000000000000, 0.000000000000000000, 1.000000000000000000 ) ) ;
#1978 = LINE ( 'NONE', #2019, #2098 ) ;
#1979 = ORIENTED_EDGE ( 'NONE', *, *, #4270, .T. ) ;
#1980 = AXIS2_PLACEMENT_3D ( 'NONE', #7693, #6358, #2023 ) ;
#1981 = VERTEX_POINT ( 'NONE', #8830 ) ;
#1982 = DIRECTION ( 'NONE',  ( -1.000000000000000000, -0.000000000000000000, 0.000000000000000000 ) ) ;
#1983 = ORIENTED_EDGE ( 'NONE', *, *, #2539, .F. ) ;
#1984 = EDGE_CURVE ( 'NONE', #2601, #3479, #8874, .T. ) ;
#1985 = ADVANCED_FACE ( 'NONE', ( #546 ), #8738, .F. ) ;
#1986 = EDGE_CURVE ( 'NONE', #4939, #5285, #1596, .T. ) ;
#1987 = VECTOR ( 'NONE', #2360, 1000.000000000000000 ) ;
#1988 = DIRECTION ( 'NONE',  ( -1.000000000000000000, -0.000000000000000000, 0.000000000000000000 ) ) ;
#1989 = DIRECTION ( 'NONE',  ( 0.000000000000000000, 0.000000000000000000, 1.000000000000000000 ) ) ;
#1990 = EDGE_LOOP ( 'NONE', ( #2570, #2106, #8578, #4436 ) ) ;
#1991 = CIRCLE ( 'NONE', #6360, 49.50000000000001421 ) ;
#1992 = CARTESIAN_POINT ( 'NONE',  ( 0.000000000000000000, 18.37649831258603683, -99.82363102375870767 ) ) ;
#1993 = FACE_OUTER_BOUND ( 'NONE', #7268, .T. ) ;
#1994 = ORIENTED_EDGE ( 'NONE', *, *, #774, .F. ) ;
#1995 = CIRCLE ( 'NONE', #7102, 49.50000000000000711 ) ;
#1996 = DIRECTION ( 'NONE',  ( -1.000000000000000000, 0.000000000000000000, 0.000000000000000000 ) ) ;
#1997 = DIRECTION ( 'NONE',  ( 1.000000000000000000, 0.000000000000000000, 0.000000000000000000 ) ) ;
#1998 = ORIENTED_EDGE ( 'NONE', *, *, #6057, .F. ) ;
#1999 = VECTOR ( 'NONE', #6552, 1000.000000000000000 ) ;
#2000 = CARTESIAN_POINT ( 'NONE',  ( 0.000000000000000000, 0.000000000000000000, 0.000000000000000000 ) ) ;
#2001 = DIRECTION ( 'NONE',  ( 1.000000000000000000, 0.000000000000000000, 0.000000000000000000 ) ) ;
#2002 = ORIENTED_EDGE ( 'NONE', *, *, #8072, .T. ) ;
#2003 = DIRECTION ( 'NONE',  ( 0.000000000000000000, 0.000000000000000000, -1.000000000000000000 ) ) ;
#2004 = ORIENTED_EDGE ( 'NONE', *, *, #8173, .T. ) ;
#2005 = CARTESIAN_POINT ( 'NONE',  ( 8.000000000000001776, 21.31551331143050021, -91.32627985219771460 ) ) ;
#2006 = DIRECTION ( 'NONE',  ( 0.000000000000000000, -0.5929079290546301895, -0.8052702575310660693 ) ) ;
#2007 = VECTOR ( 'NONE', #5424, 1000.000000000000000 ) ;
#2008 = CARTESIAN_POINT ( 'NONE',  ( 0.000000000000000000, -66.30519446822860630, -70.79986713638933793 ) ) ;
#2009 = CARTESIAN_POINT ( 'NONE',  ( 8.000000000000001776, -96.13265536941942457, -12.94266478065606663 ) ) ;
#2010 = ORIENTED_EDGE ( 'NONE', *, *, #833, .T. ) ;
#2011 = CARTESIAN_POINT ( 'NONE',  ( 0.000000000000000000, -87.47571382902634696, 51.48254549944370240 ) ) ;
#2012 = DIRECTION ( 'NONE',  ( 0.000000000000000000, -0.9819286972627080390, 0.1892512443604031647 ) ) ;
#2013 = ORIENTED_EDGE ( 'NONE', *, *, #7522, .T. ) ;
#2014 = EDGE_CURVE ( 'NONE', #6018, #955, #6787, .T. ) ;
#2015 = CIRCLE ( 'NONE', #6098, 49.50000000000002132 ) ;
#2016 = DIRECTION ( 'NONE',  ( 0.000000000000000000, 0.000000000000000000, 1.000000000000000000 ) ) ;
#2017 = VERTEX_POINT ( 'NONE', #5404 ) ;
#2018 = FACE_OUTER_BOUND ( 'NONE', #8387, .T. ) ;
#2019 = CARTESIAN_POINT ( 'NONE',  ( 8.000000000000001776, -100.9660000373496729, -10.40768165625303254 ) ) ;
#2020 = VERTEX_POINT ( 'NONE', #5955 ) ;
#2021 = ORIENTED_EDGE ( 'NONE', *, *, #3652, .F. ) ;
#2022 = VECTOR ( 'NONE', #4173, 1000.000000000000000 ) ;
#2023 = DIRECTION ( 'NONE',  ( 0.000000000000000000, 0.000000000000000000, 1.000000000000000000 ) ) ;
#2024 = VERTEX_POINT ( 'NONE', #3307 ) ;
#2025 = EDGE_CURVE ( 'NONE', #5669, #8505, #4655, .T. ) ;
#2026 = CARTESIAN_POINT ( 'NONE',  ( 8.000000000000001776, 0.000000000000000000, 0.000000000000000000 ) ) ;
#2027 = AXIS2_PLACEMENT_3D ( 'NONE', #5544, #4903, #8335 ) ;
#2028 = EDGE_CURVE ( 'NONE', #1100, #5035, #6997, .T. ) ;
#2029 = CARTESIAN_POINT ( 'NONE',  ( 0.000000000000000000, -17.50218104709044908, -95.40793289132128052 ) ) ;
#2030 = EDGE_LOOP ( 'NONE', ( #8552, #1872, #456, #1613 ) ) ;
#2031 = ADVANCED_FACE ( 'NONE', ( #3854 ), #3993, .F. ) ;
#2032 = DIRECTION ( 'NONE',  ( -1.000000000000000000, -0.000000000000000000, -0.000000000000000000 ) ) ;
#2033 = CARTESIAN_POINT ( 'NONE',  ( 0.000000000000000000, -62.02798058046838037, 70.33754420279929320 ) ) ;
#2034 = EDGE_CURVE ( 'NONE', #6068, #4720, #2466, .T. ) ;
#2035 = EDGE_LOOP ( 'NONE', ( #2750, #6897, #1715, #7291 ) ) ;
#2036 = LINE ( 'NONE', #1906, #7346 ) ;
#2037 = CARTESIAN_POINT ( 'NONE',  ( 8.000000000000001776, 0.000000000000000000, 0.000000000000000000 ) ) ;
#2038 = CIRCLE ( 'NONE', #6405, 49.50000000000001421 ) ;
#2039 = AXIS2_PLACEMENT_3D ( 'NONE', #875, #6337, #7755 ) ;
#2040 = VECTOR ( 'NONE', #8573, 1000.000000000000000 ) ;
#2041 = VECTOR ( 'NONE', #3963, 1000.000000000000000 ) ;
#2042 = DIRECTION ( 'NONE',  ( 0.000000000000000000, -0.2817325568414370540, 0.9594929736144951482 ) ) ;
#2043 = LINE ( 'NONE', #3290, #536 ) ;
#2044 = ORIENTED_EDGE ( 'NONE', *, *, #1098, .T. ) ;
#2045 = CARTESIAN_POINT ( 'NONE',  ( 0.000000000000000000, -101.4228187791120774, -3.983068151487785258 ) ) ;
#2046 = ADVANCED_FACE ( 'NONE', ( #7426 ), #1041, .F. ) ;
#2047 = VERTEX_POINT ( 'NONE', #4583 ) ;
#2048 = DIRECTION ( 'NONE',  ( 6.018531076210109988E-33, -0.1892512443604031647, -0.9819286972627080390 ) ) ;
#2049 = DIRECTION ( 'NONE',  ( 0.000000000000000000, 0.000000000000000000, 1.000000000000000000 ) ) ;
#2050 = AXIS2_PLACEMENT_3D ( 'NONE', #6506, #5276, #3181 ) ;
#2051 = AXIS2_PLACEMENT_3D ( 'NONE', #5110, #3017, #159 ) ;
#2052 = CARTESIAN_POINT ( 'NONE',  ( 0.000000000000000000, 0.000000000000000000, 0.000000000000000000 ) ) ;
#2053 = DIRECTION ( 'NONE',  ( -1.000000000000000000, -0.000000000000000000, 0.000000000000000000 ) ) ;
#2054 = AXIS2_PLACEMENT_3D ( 'NONE', #8549, #3078, #3176 ) ;
#2055 = ORIENTED_EDGE ( 'NONE', *, *, #2, .F. ) ;
#2056 = CARTESIAN_POINT ( 'NONE',  ( 0.000000000000000000, 0.000000000000000000, 0.000000000000000000 ) ) ;
#2057 = AXIS2_PLACEMENT_3D ( 'NONE', #3637, #873, #5785 ) ;
#2058 = CYLINDRICAL_SURFACE ( 'NONE', #4177, 97.00000000000000000 ) ;
#2059 = ORIENTED_EDGE ( 'NONE', *, *, #6382, .T. ) ;
#2060 = CARTESIAN_POINT ( 'NONE',  ( 0.000000000000000000, 93.12614285867191199, 11.06173655616218809 ) ) ;
#2061 = AXIS2_PLACEMENT_3D ( 'NONE', #6844, #3406, #6062 ) ;
#2062 = CIRCLE ( 'NONE', #493, 101.5010000000000048 ) ;
#2063 = DIRECTION ( 'NONE',  ( 0.000000000000000000, -0.4009305354066207139, 0.9161084574320664808 ) ) ;
#2064 = ORIENTED_EDGE ( 'NONE', *, *, #8654, .F. ) ;
#2065 = CYLINDRICAL_SURFACE ( 'NONE', #4702, 101.5009999999999906 ) ;
#2066 = CARTESIAN_POINT ( 'NONE',  ( 3.999999999999998224, 19.21108298590378993, -95.07856903902539614 ) ) ;
#2067 = ORIENTED_EDGE ( 'NONE', *, *, #4779, .F. ) ;
#2068 = CYLINDRICAL_SURFACE ( 'NONE', #3577, 97.00000000000000000 ) ;
#2069 = AXIS2_PLACEMENT_3D ( 'NONE', #4682, #425, #1899 ) ;
#2070 = ORIENTED_EDGE ( 'NONE', *, *, #3889, .T. ) ;
#2071 = CIRCLE ( 'NONE', #7188, 49.50000000000001421 ) ;
#2072 = DIRECTION ( 'NONE',  ( 0.000000000000000000, 0.000000000000000000, -1.000000000000000000 ) ) ;
#2073 = CYLINDRICAL_SURFACE ( 'NONE', #7626, 49.50000000000001421 ) ;
#2074 = ORIENTED_EDGE ( 'NONE', *, *, #5542, .T. ) ;
#2075 = CARTESIAN_POINT ( 'NONE',  ( 8.000000000000001776, 0.000000000000000000, 0.000000000000000000 ) ) ;
#2076 = CARTESIAN_POINT ( 'NONE',  ( 8.000000000000001776, 0.000000000000000000, 0.000000000000000000 ) ) ;
#2077 = ORIENTED_EDGE ( 'NONE', *, *, #5897, .T. ) ;
#2078 = CIRCLE ( 'NONE', #2521, 97.00000000000000000 ) ;
#2079 = DIRECTION ( 'NONE',  ( -1.000000000000000000, -0.000000000000000000, 0.000000000000000000 ) ) ;
#2080 = FACE_OUTER_BOUND ( 'NONE', #1870, .T. ) ;
#2081 = AXIS2_PLACEMENT_3D ( 'NONE', #7959, #3663, #7186 ) ;
#2082 = EDGE_CURVE ( 'NONE', #8719, #3001, #5246, .T. ) ;
#2083 = EDGE_CURVE ( 'NONE', #174, #3850, #3223, .T. ) ;
#2084 = ORIENTED_EDGE ( 'NONE', *, *, #336, .T. ) ;
#2085 = AXIS2_PLACEMENT_3D ( 'NONE', #5087, #7703, #6322 ) ;
#2086 = DIRECTION ( 'NONE',  ( 1.000000000000000000, 0.000000000000000000, 0.000000000000000000 ) ) ;
#2087 = EDGE_CURVE ( 'NONE', #4421, #3048, #2178, .T. ) ;
#2088 = CARTESIAN_POINT ( 'NONE',  ( 8.000000000000001776, 0.000000000000000000, 0.000000000000000000 ) ) ;
#2089 = DIRECTION ( 'NONE',  ( -1.000000000000000000, -0.000000000000000000, -0.000000000000000000 ) ) ;
#2090 = ORIENTED_EDGE ( 'NONE', *, *, #7059, .F. ) ;
#2091 = AXIS2_PLACEMENT_3D ( 'NONE', #3473, #3515, #8957 ) ;
#2092 = CARTESIAN_POINT ( 'NONE',  ( 0.000000000000000000, 0.000000000000000000, 0.000000000000000000 ) ) ;
#2093 = VERTEX_POINT ( 'NONE', #6741 ) ;
#2094 = CARTESIAN_POINT ( 'NONE',  ( 8.000000000000001776, -90.56482174570778909, 45.83084183350960927 ) ) ;
#2095 = DIRECTION ( 'NONE',  ( 0.000000000000000000, -8.410780489584517692E-16, -1.000000000000000000 ) ) ;
#2096 = AXIS2_PLACEMENT_3D ( 'NONE', #3210, #446, #5352 ) ;
#2097 = EDGE_CURVE ( 'NONE', #3684, #3279, #3631, .T. ) ;
#2098 = VECTOR ( 'NONE', #6919, 1000.000000000000000 ) ;
#2099 = EDGE_CURVE ( 'NONE', #3537, #7549, #3346, .T. ) ;
#2100 = CARTESIAN_POINT ( 'NONE',  ( 0.000000000000000000, 0.000000000000000000, 0.000000000000000000 ) ) ;
#2101 = AXIS2_PLACEMENT_3D ( 'NONE', #1783, #7406, #5888 ) ;
#2102 = DIRECTION ( 'NONE',  ( -1.000000000000000000, -0.000000000000000000, -0.000000000000000000 ) ) ;
#2103 = ORIENTED_EDGE ( 'NONE', *, *, #4605, .T. ) ;
#2104 = DIRECTION ( 'NONE',  ( 0.000000000000000000, 0.000000000000000000, 1.000000000000000000 ) ) ;
#2105 = FACE_OUTER_BOUND ( 'NONE', #86, .T. ) ;
#2106 = ORIENTED_EDGE ( 'NONE', *, *, #7892, .F. ) ;
#2107 = DIRECTION ( 'NONE',  ( -1.000000000000000000, -0.000000000000000000, -0.000000000000000000 ) ) ;
#2108 = CARTESIAN_POINT ( 'NONE',  ( 8.000000000000001776, 10.49144579095613317, -100.9573304233795170 ) ) ;
#2109 = ORIENTED_EDGE ( 'NONE', *, *, #5639, .T. ) ;
#2110 = DIRECTION ( 'NONE',  ( 1.000000000000000000, 0.000000000000000000, 0.000000000000000000 ) ) ;
#2111 = CARTESIAN_POINT ( 'NONE',  ( 0.000000000000000000, -95.11823470135402658, 19.01371681965760629 ) ) ;
#2112 = ORIENTED_EDGE ( 'NONE', *, *, #5987, .F. ) ;
#2113 = AXIS2_PLACEMENT_3D ( 'NONE', #8876, #5232, #8011 ) ;
#2114 = ORIENTED_EDGE ( 'NONE', *, *, #8122, .F. ) ;
#2115 = MANIFOLD_SOLID_BREP ( 'Taglio-Estrusione2', #6531 ) ;
#2116 = DIRECTION ( 'NONE',  ( -1.000000000000000000, -0.000000000000000000, 0.000000000000000000 ) ) ;
#2117 = VERTEX_POINT ( 'NONE', #842 ) ;
#2118 = AXIS2_PLACEMENT_3D ( 'NONE', #2206, #3161, #2513 ) ;
#2119 = LINE ( 'NONE', #50, #2901 ) ;
#2120 = FACE_OUTER_BOUND ( 'NONE', #8483, .T. ) ;
#2121 = VERTEX_POINT ( 'NONE', #881 ) ;
#2122 = CYLINDRICAL_SURFACE ( 'NONE', #2027, 97.00000000000000000 ) ;
#2123 = DIRECTION ( 'NONE',  ( 0.000000000000000000, -1.233581138472395560E-14, -1.000000000000000000 ) ) ;
#2124 = ORIENTED_EDGE ( 'NONE', *, *, #397, .F. ) ;
#2125 = DIRECTION ( 'NONE',  ( 0.000000000000000000, 0.000000000000000000, 1.000000000000000000 ) ) ;
#2126 = CARTESIAN_POINT ( 'NONE',  ( 8.000000000000001776, 0.000000000000000000, 0.000000000000000000 ) ) ;
#2127 = AXIS2_PLACEMENT_3D ( 'NONE', #7120, #5608, #7714 ) ;
#2128 = EDGE_CURVE ( 'NONE', #3681, #5669, #2705, .T. ) ;
#2129 = ORIENTED_EDGE ( 'NONE', *, *, #8534, .F. ) ;
#2130 = DIRECTION ( 'NONE',  ( 0.000000000000000000, -0.4009305354066207139, 0.9161084574320665919 ) ) ;
#2131 = AXIS2_PLACEMENT_3D ( 'NONE', #2126, #1540, #3457 ) ;
#2132 = CARTESIAN_POINT ( 'NONE',  ( -10.00000000000000000, 0.000000000000000000, 0.000000000000000000 ) ) ;
#2133 = VERTEX_POINT ( 'NONE', #2913 ) ;
#2134 = LINE ( 'NONE', #6470, #4681 ) ;
#2135 = ORIENTED_EDGE ( 'NONE', *, *, #6499, .T. ) ;
#2136 = CARTESIAN_POINT ( 'NONE',  ( 8.000000000000001776, 0.000000000000000000, 0.000000000000000000 ) ) ;
#2137 = CARTESIAN_POINT ( 'NONE',  ( 8.000000000000001776, -80.25465358751438316, -62.14212402668633217 ) ) ;
#2138 = AXIS2_PLACEMENT_3D ( 'NONE', #1158, #5388, #483 ) ;
#2139 = ADVANCED_FACE ( 'NONE', ( #4718 ), #1464, .F. ) ;
#2140 = VECTOR ( 'NONE', #7590, 1000.000000000000000 ) ;
#2141 = EDGE_CURVE ( 'NONE', #5838, #811, #2144, .T. ) ;
#2142 = CIRCLE ( 'NONE', #8548, 97.00000000000000000 ) ;
#2143 = CARTESIAN_POINT ( 'NONE',  ( 0.000000000000000000, -96.13265536941959510, 12.94266478065471482 ) ) ;
#2144 = LINE ( 'NONE', #4074, #4513 ) ;
#2145 = LINE ( 'NONE', #118, #7215 ) ;
#2146 = EDGE_CURVE ( 'NONE', #8125, #2837, #5674, .T. ) ;
#2147 = ORIENTED_EDGE ( 'NONE', *, *, #6941, .T. ) ;
#2148 = FACE_OUTER_BOUND ( 'NONE', #4896, .T. ) ;
#2149 = CARTESIAN_POINT ( 'NONE',  ( 0.000000000000000000, -93.72080647353398319, -25.00820733180191624 ) ) ;
#2150 = ORIENTED_EDGE ( 'NONE', *, *, #6063, .F. ) ;
#2151 = AXIS2_PLACEMENT_3D ( 'NONE', #8562, #3775, #2267 ) ;
#2152 = ADVANCED_FACE ( 'NONE', ( #6384 ), #5697, .F. ) ;
#2153 = CARTESIAN_POINT ( 'NONE',  ( 8.000000000000001776, 0.000000000000000000, 0.000000000000000000 ) ) ;
#2154 = EDGE_CURVE ( 'NONE', #6742, #6091, #1936, .T. ) ;
#2155 = CIRCLE ( 'NONE', #7269, 97.00000000000000000 ) ;
#2156 = CARTESIAN_POINT ( 'NONE',  ( 0.000000000000000000, 52.86395178372370651, -86.64788285242829602 ) ) ;
#2157 = ORIENTED_EDGE ( 'NONE', *, *, #8284, .T. ) ;
#2158 = DIRECTION ( 'NONE',  ( 0.000000000000000000, 0.000000000000000000, 1.000000000000000000 ) ) ;
#2159 = DIRECTION ( 'NONE',  ( 1.000000000000000000, 0.000000000000000000, 0.000000000000000000 ) ) ;
#2160 = ORIENTED_EDGE ( 'NONE', *, *, #8448, .T. ) ;
#2161 = ORIENTED_EDGE ( 'NONE', *, *, #2478, .T. ) ;
#2162 = EDGE_CURVE ( 'NONE', #4049, #3188, #8017, .T. ) ;
#2163 = DIRECTION ( 'NONE',  ( 1.000000000000000000, 0.000000000000000000, 0.000000000000000000 ) ) ;
#2164 = ORIENTED_EDGE ( 'NONE', *, *, #6792, .F. ) ;
#2165 = DIRECTION ( 'NONE',  ( 1.000000000000000000, 0.000000000000000000, 0.000000000000000000 ) ) ;
#2166 = CIRCLE ( 'NONE', #6988, 97.00000000000000000 ) ;
#2167 = CARTESIAN_POINT ( 'NONE',  ( 8.000000000000001776, 0.000000000000000000, 0.000000000000000000 ) ) ;
#2168 = ORIENTED_EDGE ( 'NONE', *, *, #6477, .T. ) ;
#2169 = CYLINDRICAL_SURFACE ( 'NONE', #4088, 97.00000000000000000 ) ;
#2170 = ORIENTED_EDGE ( 'NONE', *, *, #4599, .F. ) ;
#2171 = DIRECTION ( 'NONE',  ( 1.000000000000000000, 0.000000000000000000, 0.000000000000000000 ) ) ;
#2172 = CARTESIAN_POINT ( 'NONE',  ( 8.000000000000001776, -75.13411987488841248, -68.24453847470800838 ) ) ;
#2173 = AXIS2_PLACEMENT_3D ( 'NONE', #504, #4758, #4966 ) ;
#2174 = ORIENTED_EDGE ( 'NONE', *, *, #8061, .T. ) ;
#2175 = CARTESIAN_POINT ( 'NONE',  ( 8.000000000000001776, -100.1026268487574669, -16.79038710031493409 ) ) ;
#2176 = DIRECTION ( 'NONE',  ( 0.000000000000000000, 0.000000000000000000, 1.000000000000000000 ) ) ;
#2177 = ORIENTED_EDGE ( 'NONE', *, *, #7025, .F. ) ;
#2178 = CIRCLE ( 'NONE', #7578, 97.00000000000000000 ) ;
#2179 = ADVANCED_FACE ( 'NONE', ( #3348 ), #7039, .T. ) ;
#2180 = CARTESIAN_POINT ( 'NONE',  ( 0.000000000000000000, 0.000000000000000000, 0.000000000000000000 ) ) ;
#2181 = ORIENTED_EDGE ( 'NONE', *, *, #997, .F. ) ;
#2182 = CARTESIAN_POINT ( 'NONE',  ( 8.000000000000001776, -62.02798058046742113, -70.33754420280013164 ) ) ;
#2183 = VECTOR ( 'NONE', #1173, 1000.000000000000000 ) ;
#2184 = DIRECTION ( 'NONE',  ( 0.000000000000000000, 0.000000000000000000, -1.000000000000000000 ) ) ;
#2185 = DIRECTION ( 'NONE',  ( 0.000000000000000000, 0.000000000000000000, -1.000000000000000000 ) ) ;
#2186 = DIRECTION ( 'NONE',  ( -1.000000000000000000, -0.000000000000000000, -0.000000000000000000 ) ) ;
#2187 = DIRECTION ( 'NONE',  ( 0.000000000000000000, 0.000000000000000000, 1.000000000000000000 ) ) ;
#2188 = ORIENTED_EDGE ( 'NONE', *, *, #2536, .T. ) ;
#2189 = EDGE_CURVE ( 'NONE', #3987, #1665, #733, .T. ) ;
#2190 = CARTESIAN_POINT ( 'NONE',  ( 8.000000000000001776, 0.000000000000000000, 0.000000000000000000 ) ) ;
#2191 = DIRECTION ( 'NONE',  ( 0.000000000000000000, 0.000000000000000000, 1.000000000000000000 ) ) ;
#2192 = ORIENTED_EDGE ( 'NONE', *, *, #4916, .T. ) ;
#2193 = CARTESIAN_POINT ( 'NONE',  ( 0.000000000000000000, -83.72661252417977096, 42.24564894279136951 ) ) ;
#2194 = EDGE_CURVE ( 'NONE', #3211, #765, #2745, .T. ) ;
#2195 = AXIS2_PLACEMENT_3D ( 'NONE', #719, #4118, #6348 ) ;
#2196 = EDGE_CURVE ( 'NONE', #471, #3583, #3194, .T. ) ;
#2197 = VECTOR ( 'NONE', #120, 1000.000000000000000 ) ;
#2198 = CARTESIAN_POINT ( 'NONE',  ( 8.000000000000001776, -101.4712436262028632, 2.457583762924420601 ) ) ;
#2199 = CIRCLE ( 'NONE', #3079, 101.5009999999999906 ) ;
#2200 = ORIENTED_EDGE ( 'NONE', *, *, #1767, .T. ) ;
#2201 = ADVANCED_FACE ( 'NONE', ( #390 ), #2278, .F. ) ;
#2202 = DIRECTION ( 'NONE',  ( 0.000000000000000000, 0.000000000000000000, 1.000000000000000000 ) ) ;
#2203 = CARTESIAN_POINT ( 'NONE',  ( 8.000000000000001776, 93.77725798045879912, -0.8163241011873780817 ) ) ;
#2204 = ORIENTED_EDGE ( 'NONE', *, *, #5159, .T. ) ;
#2205 = EDGE_LOOP ( 'NONE', ( #825, #6781, #5562, #4988 ) ) ;
#2206 = CARTESIAN_POINT ( 'NONE',  ( 0.000000000000000000, 0.000000000000000000, 0.000000000000000000 ) ) ;
#2207 = EDGE_LOOP ( 'NONE', ( #6623, #2168, #2135, #2204 ) ) ;
#2208 = CIRCLE ( 'NONE', #7321, 49.50000000000001421 ) ;
#2209 = CIRCLE ( 'NONE', #776, 101.5010000000000048 ) ;
#2210 = EDGE_CURVE ( 'NONE', #869, #6967, #2015, .T. ) ;
#2211 = CYLINDRICAL_SURFACE ( 'NONE', #6117, 97.00000000000000000 ) ;
#2212 = DIRECTION ( 'NONE',  ( 1.000000000000000000, 0.000000000000000000, 0.000000000000000000 ) ) ;
#2213 = VECTOR ( 'NONE', #7752, 1000.000000000000000 ) ;
#2214 = VERTEX_POINT ( 'NONE', #1022 ) ;
#2215 = VERTEX_POINT ( 'NONE', #7359 ) ;
#2216 = CARTESIAN_POINT ( 'NONE',  ( 0.000000000000000000, 0.000000000000000000, 0.000000000000000000 ) ) ;
#2217 = DIRECTION ( 'NONE',  ( -1.000000000000000000, -0.000000000000000000, -0.000000000000000000 ) ) ;
#2218 = EDGE_LOOP ( 'NONE', ( #5688, #107, #5768, #251 ) ) ;
#2219 = DIRECTION ( 'NONE',  ( 0.000000000000000000, 0.000000000000000000, 1.000000000000000000 ) ) ;
#2220 = DIRECTION ( 'NONE',  ( -1.000000000000000000, -0.000000000000000000, -0.000000000000000000 ) ) ;
#2221 = VECTOR ( 'NONE', #3752, 1000.000000000000000 ) ;
#2222 = ORIENTED_EDGE ( 'NONE', *, *, #5450, .T. ) ;
#2223 = DIRECTION ( 'NONE',  ( 1.000000000000000000, 0.000000000000000000, 0.000000000000000000 ) ) ;
#2224 = EDGE_LOOP ( 'NONE', ( #4252, #433, #847, #6758 ) ) ;
#2225 = CARTESIAN_POINT ( 'NONE',  ( 8.000000000000001776, -45.75568781208222191, -90.60281471258645070 ) ) ;
#2226 = DIRECTION ( 'NONE',  ( -1.000000000000000000, -0.000000000000000000, -0.000000000000000000 ) ) ;
#2227 = AXIS2_PLACEMENT_3D ( 'NONE', #6538, #5805, #8588 ) ;
#2228 = AXIS2_PLACEMENT_3D ( 'NONE', #3553, #7162, #110 ) ;
#2229 = LINE ( 'NONE', #4920, #893 ) ;
#2230 = CIRCLE ( 'NONE', #4854, 97.00000000000000000 ) ;
#2231 = DIRECTION ( 'NONE',  ( 0.000000000000000000, -0.1892512443604030814, -0.9819286972627080390 ) ) ;
#2232 = DIRECTION ( 'NONE',  ( 0.000000000000000000, 0.000000000000000000, 1.000000000000000000 ) ) ;
#2233 = ORIENTED_EDGE ( 'NONE', *, *, #6041, .F. ) ;
#2234 = CARTESIAN_POINT ( 'NONE',  ( 8.000000000000001776, -24.20237598767207743, -90.60400375216902091 ) ) ;
#2235 = CYLINDRICAL_SURFACE ( 'NONE', #269, 49.50000000000001421 ) ;
#2236 = VERTEX_POINT ( 'NONE', #4515 ) ;
#2237 = AXIS2_PLACEMENT_3D ( 'NONE', #6238, #1996, #4137 ) ;
#2238 = CARTESIAN_POINT ( 'NONE',  ( 8.000000000000001776, 0.000000000000000000, 0.000000000000000000 ) ) ;
#2239 = AXIS2_PLACEMENT_3D ( 'NONE', #1269, #1940, #6744 ) ;
#2240 = EDGE_CURVE ( 'NONE', #1275, #4698, #1067, .T. ) ;
#2241 = CIRCLE ( 'NONE', #4725, 49.50000000000002132 ) ;
#2242 = CARTESIAN_POINT ( 'NONE',  ( 0.000000000000000000, -92.36341720061230376, 29.63105065679639338 ) ) ;
#2243 = VECTOR ( 'NONE', #2512, 1000.000000000000000 ) ;
#2244 = DIRECTION ( 'NONE',  ( -1.000000000000000000, 0.000000000000000000, 0.000000000000000000 ) ) ;
#2246 = ORIENTED_EDGE ( 'NONE', *, *, #345, .F. ) ;
#2245 = AXIS2_PLACEMENT_3D ( 'NONE', #7233, #6448, #4983 ) ;
#2247 = CARTESIAN_POINT ( 'NONE',  ( 0.000000000000000000, -97.60174128166855212, -27.86311360537861859 ) ) ;
#2248 = DIRECTION ( 'NONE',  ( 1.000000000000000000, 0.000000000000000000, 0.000000000000000000 ) ) ;
#2249 = EDGE_LOOP ( 'NONE', ( #2798, #547, #1773, #8564 ) ) ;
#2250 = ORIENTED_EDGE ( 'NONE', *, *, #3097, .F. ) ;
#2251 = AXIS2_PLACEMENT_3D ( 'NONE', #1648, #1513, #882 ) ;
#2252 = EDGE_LOOP ( 'NONE', ( #5725, #5658, #6465, #2338 ) ) ;
#2253 = EDGE_CURVE ( 'NONE', #2601, #3784, #7712, .T. ) ;
#2254 = EDGE_CURVE ( 'NONE', #4049, #4551, #6838, .T. ) ;
#2255 = CYLINDRICAL_SURFACE ( 'NONE', #2320, 49.50000000000001421 ) ;
#2256 = ORIENTED_EDGE ( 'NONE', *, *, #5546, .F. ) ;
#2257 = FACE_OUTER_BOUND ( 'NONE', #7330, .T. ) ;
#2258 = ORIENTED_EDGE ( 'NONE', *, *, #1939, .T. ) ;
#2259 = ADVANCED_FACE ( 'NONE', ( #3013 ), #2409, .F. ) ;
#2260 = DIRECTION ( 'NONE',  ( 1.000000000000000000, 0.000000000000000000, 0.000000000000000000 ) ) ;
#2261 = ORIENTED_EDGE ( 'NONE', *, *, #6950, .F. ) ;
#2262 = FACE_OUTER_BOUND ( 'NONE', #1736, .T. ) ;
#2263 = EDGE_CURVE ( 'NONE', #4472, #8439, #8287, .T. ) ;
#2264 = CARTESIAN_POINT ( 'NONE',  ( -101.9074929644522598, 112.4050519506655519, -24.29206240664194638 ) ) ;
#2265 = ADVANCED_FACE ( 'NONE', ( #3152 ), #8714, .F. ) ;
#2266 = ORIENTED_EDGE ( 'NONE', *, *, #2456, .F. ) ;
#2267 = DIRECTION ( 'NONE',  ( 0.000000000000000000, 0.000000000000000000, 1.000000000000000000 ) ) ;
#2268 = DIRECTION ( 'NONE',  ( 1.000000000000000000, 0.000000000000000000, 0.000000000000000000 ) ) ;
#2269 = VERTEX_POINT ( 'NONE', #435 ) ;
#2270 = DIRECTION ( 'NONE',  ( 0.000000000000000000, 0.8325698546347686246, 0.5539200638661143650 ) ) ;
#2271 = ORIENTED_EDGE ( 'NONE', *, *, #615, .F. ) ;
#2272 = CIRCLE ( 'NONE', #8397, 97.00000000000000000 ) ;
#2273 = CARTESIAN_POINT ( 'NONE',  ( 4.000000000000000888, -74.73448566193304998, 61.83653170130358490 ) ) ;
#2274 = DIRECTION ( 'NONE',  ( 0.000000000000000000, 0.000000000000000000, 1.000000000000000000 ) ) ;
#2275 = ORIENTED_EDGE ( 'NONE', *, *, #8074, .T. ) ;
#2276 = AXIS2_PLACEMENT_3D ( 'NONE', #432, #5151, #7936 ) ;
#2277 = CARTESIAN_POINT ( 'NONE',  ( 8.000000000000001776, 0.000000000000000000, 0.000000000000000000 ) ) ;
#2278 = CYLINDRICAL_SURFACE ( 'NONE', #2606, 49.50000000000001421 ) ;
#2279 = DIRECTION ( 'NONE',  ( 1.000000000000000000, 0.000000000000000000, 0.000000000000000000 ) ) ;
#2280 = ORIENTED_EDGE ( 'NONE', *, *, #3317, .F. ) ;
#2281 = CIRCLE ( 'NONE', #1711, 49.50000000000002132 ) ;
#2282 = EDGE_LOOP ( 'NONE', ( #8280, #7916, #1355, #6704 ) ) ;
#2283 = CARTESIAN_POINT ( 'NONE',  ( 8.000000000000001776, -80.87865912086773790, -47.47086472966532966 ) ) ;
#2284 = DIRECTION ( 'NONE',  ( -1.000000000000000000, -0.000000000000000000, 0.000000000000000000 ) ) ;
#2285 = EDGE_LOOP ( 'NONE', ( #8010, #1704, #4638, #4300 ) ) ;
#2286 = DIRECTION ( 'NONE',  ( 0.000000000000000000, 0.000000000000000000, 1.000000000000000000 ) ) ;
#2287 = VECTOR ( 'NONE', #5044, 1000.000000000000000 ) ;
#2288 = CARTESIAN_POINT ( 'NONE',  ( 8.000000000000001776, -95.37140362625773093, -17.70015170436222007 ) ) ;
#2289 = AXIS2_PLACEMENT_3D ( 'NONE', #4781, #1415, #1501 ) ;
#2290 = DIRECTION ( 'NONE',  ( 1.000000000000000000, 0.000000000000000000, 0.000000000000000000 ) ) ;
#2291 = ORIENTED_EDGE ( 'NONE', *, *, #4540, .T. ) ;
#2292 = DIRECTION ( 'NONE',  ( 0.000000000000000000, 0.000000000000000000, -1.000000000000000000 ) ) ;
#2293 = DIRECTION ( 'NONE',  ( 0.000000000000000000, 0.000000000000000000, 1.000000000000000000 ) ) ;
#2294 = EDGE_LOOP ( 'NONE', ( #4183, #2449, #1453, #7604 ) ) ;
#2295 = EDGE_LOOP ( 'NONE', ( #3364, #2888, #6733, #5742 ) ) ;
#2296 = ADVANCED_FACE ( 'NONE', ( #5252 ), #8031, .F. ) ;
#2297 = EDGE_LOOP ( 'NONE', ( #3688, #1358, #7085, #7539 ) ) ;
#2298 = CARTESIAN_POINT ( 'NONE',  ( 8.000000000000001776, -66.36418094012169888, -66.26187431335226563 ) ) ;
#2299 = CARTESIAN_POINT ( 'NONE',  ( 0.000000000000000000, -65.89040824918002670, -77.20691097146932691 ) ) ;
#2300 = ORIENTED_EDGE ( 'NONE', *, *, #8841, .T. ) ;
#2301 = PLANE ( 'NONE',  #6427 ) ;
#2302 = VERTEX_POINT ( 'NONE', #1111 ) ;
#2303 = ADVANCED_FACE ( 'NONE', ( #7263 ), #7218, .F. ) ;
#2304 = DIRECTION ( 'NONE',  ( 1.000000000000000000, 0.000000000000000000, 0.000000000000000000 ) ) ;
#2305 = ORIENTED_EDGE ( 'NONE', *, *, #6903, .T. ) ;
#2306 = LINE ( 'NONE', #3723, #2525 ) ;
#2307 = CARTESIAN_POINT ( 'NONE',  ( 8.000000000000001776, -62.02798058046742113, -70.33754420280013164 ) ) ;
#2308 = AXIS2_PLACEMENT_3D ( 'NONE', #3197, #1290, #4782 ) ;
#2309 = ADVANCED_FACE ( 'NONE', ( #4562 ), #5744, .F. ) ;
#2310 = ORIENTED_EDGE ( 'NONE', *, *, #2593, .F. ) ;
#2311 = CARTESIAN_POINT ( 'NONE',  ( 0.000000000000000000, 78.44911144590737706, -51.38654894735887524 ) ) ;
#2312 = EDGE_CURVE ( 'NONE', #7826, #4662, #4344, .T. ) ;
#2313 = EDGE_CURVE ( 'NONE', #3479, #6096, #5514, .T. ) ;
#2314 = DIRECTION ( 'NONE',  ( 1.000000000000000000, 0.000000000000000000, 0.000000000000000000 ) ) ;
#2315 = ORIENTED_EDGE ( 'NONE', *, *, #4314, .F. ) ;
#2316 = CARTESIAN_POINT ( 'NONE',  ( 8.000000000000001776, 11.20539675743573937, -93.10896617877438075 ) ) ;
#2317 = FACE_OUTER_BOUND ( 'NONE', #4892, .T. ) ;
#2318 = DIRECTION ( 'NONE',  ( -1.000000000000000000, -0.000000000000000000, 0.000000000000000000 ) ) ;
#2319 = ORIENTED_EDGE ( 'NONE', *, *, #8454, .T. ) ;
#2320 = AXIS2_PLACEMENT_3D ( 'NONE', #5184, #4396, #4262 ) ;
#2321 = DIRECTION ( 'NONE',  ( 1.000000000000000000, 0.000000000000000000, 0.000000000000000000 ) ) ;
#2322 = EDGE_CURVE ( 'NONE', #4441, #3868, #4924, .T. ) ;
#2323 = DIRECTION ( 'NONE',  ( 0.000000000000000000, 0.000000000000000000, 1.000000000000000000 ) ) ;
#2324 = CARTESIAN_POINT ( 'NONE',  ( 0.000000000000000000, -82.97848981719934613, -43.69680454024813088 ) ) ;
#2325 = ORIENTED_EDGE ( 'NONE', *, *, #8620, .F. ) ;
#2326 = ORIENTED_EDGE ( 'NONE', *, *, #8717, .T. ) ;
#2327 = CYLINDRICAL_SURFACE ( 'NONE', #764, 49.50000000000001421 ) ;
#2328 = DIRECTION ( 'NONE',  ( -1.000000000000000000, -0.000000000000000000, 0.000000000000000000 ) ) ;
#2329 = ORIENTED_EDGE ( 'NONE', *, *, #7726, .F. ) ;
#2330 = FACE_OUTER_BOUND ( 'NONE', #18, .T. ) ;
#2331 = AXIS2_PLACEMENT_3D ( 'NONE', #3477, #762, #4294 ) ;
#2332 = DIRECTION ( 'NONE',  ( -1.000000000000000000, 0.000000000000000000, -0.000000000000000000 ) ) ;
#2333 = LINE ( 'NONE', #2198, #7925 ) ;
#2334 = AXIS2_PLACEMENT_3D ( 'NONE', #1146, #1775, #5197 ) ;
#2335 = ORIENTED_EDGE ( 'NONE', *, *, #1319, .T. ) ;
#2336 = DIRECTION ( 'NONE',  ( 0.000000000000000000, -3.539536789366817353E-15, -1.000000000000000000 ) ) ;
#2337 = DIRECTION ( 'NONE',  ( 0.000000000000000000, -0.9898214418809340165, 0.1423148382732755679 ) ) ;
#2338 = ORIENTED_EDGE ( 'NONE', *, *, #7343, .T. ) ;
#2339 = ORIENTED_EDGE ( 'NONE', *, *, #1608, .T. ) ;
#2340 = ORIENTED_EDGE ( 'NONE', *, *, #1656, .T. ) ;
#2341 = AXIS2_PLACEMENT_3D ( 'NONE', #1494, #8379, #2123 ) ;
#2342 = DIRECTION ( 'NONE',  ( 0.000000000000000000, -0.03172793349807451202, 0.9994965423831848605 ) ) ;
#2343 = ORIENTED_EDGE ( 'NONE', *, *, #6941, .F. ) ;
#2344 = FACE_OUTER_BOUND ( 'NONE', #6130, .T. ) ;
#2345 = DIRECTION ( 'NONE',  ( 0.000000000000000000, 0.000000000000000000, 1.000000000000000000 ) ) ;
#2346 = ORIENTED_EDGE ( 'NONE', *, *, #6843, .T. ) ;
#2347 = CARTESIAN_POINT ( 'NONE',  ( 3.999999999999998224, 80.27401815957509257, -54.45256659255106513 ) ) ;
#2348 = AXIS2_PLACEMENT_3D ( 'NONE', #2956, #918, #8518 ) ;
#2349 = ORIENTED_EDGE ( 'NONE', *, *, #1255, .F. ) ;
#2350 = CARTESIAN_POINT ( 'NONE',  ( 8.000000000000001776, -29.43929703980932544, -92.42471417214053986 ) ) ;
#2351 = AXIS2_PLACEMENT_3D ( 'NONE', #8132, #1298, #1878 ) ;
#2352 = VECTOR ( 'NONE', #4135, 1000.000000000000000 ) ;
#2353 = ORIENTED_EDGE ( 'NONE', *, *, #1594, .T. ) ;
#2354 = AXIS2_PLACEMENT_3D ( 'NONE', #2541, #8843, #558 ) ;
#2355 = DIRECTION ( 'NONE',  ( 1.000000000000000000, 0.000000000000000000, -0.000000000000000000 ) ) ;
#2356 = DIRECTION ( 'NONE',  ( 1.000000000000000000, 0.000000000000000000, 0.000000000000000000 ) ) ;
#2357 = ORIENTED_EDGE ( 'NONE', *, *, #1440, .T. ) ;
#2358 = DIRECTION ( 'NONE',  ( -1.000000000000000000, 0.000000000000000000, -0.000000000000000000 ) ) ;
#2359 = DIRECTION ( 'NONE',  ( -1.000000000000000000, 0.000000000000000000, -0.000000000000000000 ) ) ;
#2360 = DIRECTION ( 'NONE',  ( -1.000000000000000000, 0.000000000000000000, 0.000000000000000000 ) ) ;
#2361 = AXIS2_PLACEMENT_3D ( 'NONE', #7017, #6364, #2852 ) ;
#2362 = EDGE_CURVE ( 'NONE', #1369, #6619, #8872, .T. ) ;
#2363 = EDGE_CURVE ( 'NONE', #4225, #6469, #6892, .T. ) ;
#2364 = ADVANCED_FACE ( 'NONE', ( #5425 ), #1248, .F. ) ;
#2365 = ORIENTED_EDGE ( 'NONE', *, *, #5391, .T. ) ;
#2366 = CIRCLE ( 'NONE', #7490, 97.00000000000000000 ) ;
#2367 = DIRECTION ( 'NONE',  ( -1.000000000000000000, 0.000000000000000000, 0.000000000000000000 ) ) ;
#2368 = DIRECTION ( 'NONE',  ( 0.000000000000000000, -0.9638421585599448171, 0.2664738136900252075 ) ) ;
#2369 = DIRECTION ( 'NONE',  ( -1.000000000000000000, -0.000000000000000000, 0.000000000000000000 ) ) ;
#2370 = ORIENTED_EDGE ( 'NONE', *, *, #2756, .F. ) ;
#2371 = DIRECTION ( 'NONE',  ( -1.000000000000000000, -0.000000000000000000, -0.000000000000000000 ) ) ;
#2372 = CYLINDRICAL_SURFACE ( 'NONE', #7680, 101.5009999999999906 ) ;
#2373 = ORIENTED_EDGE ( 'NONE', *, *, #3222, .F. ) ;
#2374 = CARTESIAN_POINT ( 'NONE',  ( 8.000000000000001776, -38.50943535154166852, -93.91206732846121952 ) ) ;
#2375 = DIRECTION ( 'NONE',  ( -1.000000000000000000, -0.000000000000000000, 0.000000000000000000 ) ) ;
#2376 = EDGE_CURVE ( 'NONE', #5723, #5035, #6985, .T. ) ;
#2377 = EDGE_CURVE ( 'NONE', #742, #7206, #8425, .T. ) ;
#2378 = LINE ( 'NONE', #7369, #8619 ) ;
#2379 = CARTESIAN_POINT ( 'NONE',  ( 8.000000000000000000, 90.91925016621782163, -33.80369727134448965 ) ) ;
#2380 = VERTEX_POINT ( 'NONE', #7575 ) ;
#2381 = CARTESIAN_POINT ( 'NONE',  ( 4.000000000000000888, -69.73895957493047604, 67.42015661066216126 ) ) ;
#2382 = DIRECTION ( 'NONE',  ( 0.000000000000000000, 0.000000000000000000, 1.000000000000000000 ) ) ;
#2383 = VERTEX_POINT ( 'NONE', #1912 ) ;
#2384 = ORIENTED_EDGE ( 'NONE', *, *, #4821, .F. ) ;
#2385 = VECTOR ( 'NONE', #7466, 1000.000000000000000 ) ;
#2386 = ORIENTED_EDGE ( 'NONE', *, *, #2596, .F. ) ;
#2387 = CIRCLE ( 'NONE', #8086, 49.50000000000002842 ) ;
#2388 = CARTESIAN_POINT ( 'NONE',  ( 8.000000000000001776, -89.74863504084525800, 27.20336390369514135 ) ) ;
#2389 = ORIENTED_EDGE ( 'NONE', *, *, #6311, .F. ) ;
#2390 = DIRECTION ( 'NONE',  ( 1.000000000000000000, 0.000000000000000000, 0.000000000000000000 ) ) ;
#2391 = CARTESIAN_POINT ( 'NONE',  ( 0.000000000000000000, 0.000000000000000000, 0.000000000000000000 ) ) ;
#2392 = ORIENTED_EDGE ( 'NONE', *, *, #1488, .T. ) ;
#2393 = CARTESIAN_POINT ( 'NONE',  ( 0.000000000000000000, 16.87343272981487630, -100.0886620397755706 ) ) ;
#2394 = EDGE_LOOP ( 'NONE', ( #4220, #8033, #5084, #5867 ) ) ;
#2395 = DIRECTION ( 'NONE',  ( 0.000000000000000000, 1.682156097916903341E-15, -1.000000000000000000 ) ) ;
#2396 = DIRECTION ( 'NONE',  ( 0.000000000000000000, -0.3420201433256757073, 0.9396926207859058744 ) ) ;
#2397 = AXIS2_PLACEMENT_3D ( 'NONE', #8646, #2390, #3504 ) ;
#2398 = VERTEX_POINT ( 'NONE', #7405 ) ;
#2399 = DIRECTION ( 'NONE',  ( -1.000000000000000000, -0.000000000000000000, -0.000000000000000000 ) ) ;
#2400 = FACE_OUTER_BOUND ( 'NONE', #4011, .T. ) ;
#2401 = VERTEX_POINT ( 'NONE', #1957 ) ;
#2402 = DIRECTION ( 'NONE',  ( 1.000000000000000000, 0.000000000000000000, 0.000000000000000000 ) ) ;
#2403 = CIRCLE ( 'NONE', #2113, 97.00000000000000000 ) ;
#2404 = EDGE_CURVE ( 'NONE', #3779, #3507, #2891, .T. ) ;
#2405 = DIRECTION ( 'NONE',  ( 0.000000000000000000, 0.000000000000000000, 1.000000000000000000 ) ) ;
#2406 = DIRECTION ( 'NONE',  ( 0.000000000000000000, 0.000000000000000000, 1.000000000000000000 ) ) ;
#2407 = ORIENTED_EDGE ( 'NONE', *, *, #5369, .F. ) ;
#2408 = CARTESIAN_POINT ( 'NONE',  ( 3.999999999999998224, -94.05677713582109334, -23.71334381361018728 ) ) ;
#2409 = CYLINDRICAL_SURFACE ( 'NONE', #1162, 97.00000000000000000 ) ;
#2410 = AXIS2_PLACEMENT_3D ( 'NONE', #3252, #3378, #8947 ) ;
#2411 = DIRECTION ( 'NONE',  ( -1.000000000000000000, 0.000000000000000000, 0.000000000000000000 ) ) ;
#2412 = ORIENTED_EDGE ( 'NONE', *, *, #2805, .F. ) ;
#2413 = DIRECTION ( 'NONE',  ( 0.000000000000000000, 0.7557495743542550493, 0.6548607339452887643 ) ) ;
#2414 = ADVANCED_FACE ( 'NONE', ( #5341 ), #528, .F. ) ;
#2415 = DIRECTION ( 'NONE',  ( -1.000000000000000000, -0.000000000000000000, -0.000000000000000000 ) ) ;
#2416 = ORIENTED_EDGE ( 'NONE', *, *, #4641, .T. ) ;
#2417 = CARTESIAN_POINT ( 'NONE',  ( 8.000000000000001776, 0.000000000000000000, 0.000000000000000000 ) ) ;
#2418 = DIRECTION ( 'NONE',  ( 0.000000000000000000, 0.1580013959733432838, 0.9874388886763952877 ) ) ;
#2419 = EDGE_CURVE ( 'NONE', #3624, #6469, #4496, .T. ) ;
#2420 = AXIS2_PLACEMENT_3D ( 'NONE', #2868, #5647, #2184 ) ;
#2421 = DIRECTION ( 'NONE',  ( -1.000000000000000000, -0.000000000000000000, -0.000000000000000000 ) ) ;
#2422 = EDGE_CURVE ( 'NONE', #3142, #5139, #4101, .T. ) ;
#2423 = CARTESIAN_POINT ( 'NONE',  ( 0.000000000000000000, -80.87865912086773790, -47.47086472966532966 ) ) ;
#2424 = CIRCLE ( 'NONE', #260, 101.5010000000000048 ) ;
#2425 = EDGE_CURVE ( 'NONE', #8971, #577, #616, .T. ) ;
#2426 = ORIENTED_EDGE ( 'NONE', *, *, #7103, .F. ) ;
#2427 = CARTESIAN_POINT ( 'NONE',  ( 8.000000000000001776, 23.18747631044369939, -98.81697193980704697 ) ) ;
#2428 = ADVANCED_FACE ( 'NONE', ( #1152 ), #478, .F. ) ;
#2429 = CARTESIAN_POINT ( 'NONE',  ( 0.000000000000000000, -86.23742840964244749, 36.85032483796442193 ) ) ;
#2430 = ORIENTED_EDGE ( 'NONE', *, *, #723, .F. ) ;
#2431 = AXIS2_PLACEMENT_3D ( 'NONE', #4602, #2678, #2724 ) ;
#2432 = ORIENTED_EDGE ( 'NONE', *, *, #3105, .F. ) ;
#2433 = EDGE_LOOP ( 'NONE', ( #521, #7018, #4512, #7896 ) ) ;
#2434 = CIRCLE ( 'NONE', #4769, 101.5010000000000048 ) ;
#2435 = ORIENTED_EDGE ( 'NONE', *, *, #5291, .F. ) ;
#2436 = CARTESIAN_POINT ( 'NONE',  ( 0.000000000000000000, 0.000000000000000000, 0.000000000000000000 ) ) ;
#2437 = EDGE_CURVE ( 'NONE', #1937, #4168, #4057, .T. ) ;
#2438 = CARTESIAN_POINT ( 'NONE',  ( 8.000000000000001776, -90.56482174570778909, 45.83084183350960927 ) ) ;
#2439 = ORIENTED_EDGE ( 'NONE', *, *, #1061, .T. ) ;
#2440 = CYLINDRICAL_SURFACE ( 'NONE', #1908, 101.5009999999999906 ) ;
#2441 = ORIENTED_EDGE ( 'NONE', *, *, #3233, .F. ) ;
#2442 = AXIS2_PLACEMENT_3D ( 'NONE', #1053, #1636, #7252 ) ;
#2443 = CARTESIAN_POINT ( 'NONE',  ( 0.000000000000000000, 84.32312297300096304, -41.04206904448000159 ) ) ;
#2444 = DIRECTION ( 'NONE',  ( -1.000000000000000000, 0.000000000000000000, -0.000000000000000000 ) ) ;
#2445 = ORIENTED_EDGE ( 'NONE', *, *, #6123, .T. ) ;
#2446 = AXIS2_PLACEMENT_3D ( 'NONE', #6139, #2667, #4591 ) ;
#2447 = CARTESIAN_POINT ( 'NONE',  ( 3.999999999999998224, -22.21805753540699868, -94.42117304584465387 ) ) ;
#2448 = FACE_OUTER_BOUND ( 'NONE', #2474, .T. ) ;
#2449 = ORIENTED_EDGE ( 'NONE', *, *, #1705, .T. ) ;
#2450 = DIRECTION ( 'NONE',  ( 0.000000000000000000, -0.2203105327865479413, 0.9754297868854053810 ) ) ;
#2451 = ORIENTED_EDGE ( 'NONE', *, *, #47, .F. ) ;
#2452 = CARTESIAN_POINT ( 'NONE',  ( 3.999999999999998224, -96.99769385426560575, 0.6688699082516083028 ) ) ;
#2453 = DIRECTION ( 'NONE',  ( 0.000000000000000000, -0.9788024462147807414, 0.2048066680651810245 ) ) ;
#2454 = AXIS2_PLACEMENT_3D ( 'NONE', #3970, #6764, #6069 ) ;
#2455 = ORIENTED_EDGE ( 'NONE', *, *, #4050, .T. ) ;
#2456 = EDGE_CURVE ( 'NONE', #955, #3674, #7993, .T. ) ;
#2457 = CARTESIAN_POINT ( 'NONE',  ( 8.000000000000001776, -21.53444405119564209, -99.19032573999302826 ) ) ;
#2458 = CARTESIAN_POINT ( 'NONE',  ( 0.000000000000000000, 81.55030435593896243, -46.30754105786039787 ) ) ;
#2459 = DIRECTION ( 'NONE',  ( 1.000000000000000000, 0.000000000000000000, 0.000000000000000000 ) ) ;
#2460 = ORIENTED_EDGE ( 'NONE', *, *, #6457, .F. ) ;
#2461 = AXIS2_PLACEMENT_3D ( 'NONE', #4547, #5282, #8067 ) ;
#2462 = CARTESIAN_POINT ( 'NONE',  ( -101.9074929644522598, 0.000000000000000000, 0.000000000000000000 ) ) ;
#2463 = EDGE_LOOP ( 'NONE', ( #4080, #1402, #6042, #8258 ) ) ;
#2464 = CARTESIAN_POINT ( 'NONE',  ( 0.000000000000000000, -89.86545223748106537, -47.18742941878711150 ) ) ;
#2465 = CYLINDRICAL_SURFACE ( 'NONE', #6067, 101.5009999999999906 ) ;
#2466 = CIRCLE ( 'NONE', #6856, 49.50000000000000711 ) ;
#2467 = EDGE_CURVE ( 'NONE', #130, #4807, #143, .T. ) ;
#2468 = FACE_OUTER_BOUND ( 'NONE', #2654, .T. ) ;
#2469 = DIRECTION ( 'NONE',  ( 1.000000000000000000, 0.000000000000000000, 0.000000000000000000 ) ) ;
#2470 = ORIENTED_EDGE ( 'NONE', *, *, #8960, .F. ) ;
#2471 = DIRECTION ( 'NONE',  ( -1.000000000000000000, 0.000000000000000000, 0.000000000000000000 ) ) ;
#2472 = CARTESIAN_POINT ( 'NONE',  ( 8.000000000000001776, 82.18588994942956560, -59.56452378908317513 ) ) ;
#2473 = VERTEX_POINT ( 'NONE', #3372 ) ;
#2474 = EDGE_LOOP ( 'NONE', ( #1036, #1546, #6471, #452 ) ) ;
#2475 = ORIENTED_EDGE ( 'NONE', *, *, #3632, .T. ) ;
#2476 = EDGE_CURVE ( 'NONE', #6352, #7116, #1304, .T. ) ;
#2477 = CIRCLE ( 'NONE', #7588, 49.50000000000001421 ) ;
#2478 = EDGE_CURVE ( 'NONE', #746, #8452, #5961, .T. ) ;
#2479 = CIRCLE ( 'NONE', #170, 49.50000000000001421 ) ;
#2480 = EDGE_CURVE ( 'NONE', #603, #6995, #3620, .T. ) ;
#2481 = CARTESIAN_POINT ( 'NONE',  ( 8.000000000000001776, -65.89040824918107830, 77.20691097146843163 ) ) ;
#2482 = ORIENTED_EDGE ( 'NONE', *, *, #142, .F. ) ;
#2483 = DIRECTION ( 'NONE',  ( 0.000000000000000000, -0.9819286972627080390, 0.1892512443604031647 ) ) ;
#2484 = DIRECTION ( 'NONE',  ( 0.000000000000000000, 0.000000000000000000, 1.000000000000000000 ) ) ;
#2485 = ORIENTED_EDGE ( 'NONE', *, *, #6650, .F. ) ;
#2486 = CARTESIAN_POINT ( 'NONE',  ( 8.000000000000001776, 58.49791306659874124, -73.29962255171822960 ) ) ;
#2487 = DIRECTION ( 'NONE',  ( -1.000000000000000000, 0.000000000000000000, 0.000000000000000000 ) ) ;
#2488 = CARTESIAN_POINT ( 'NONE',  ( 8.000000000000001776, -55.71933719032543308, -79.39997142991185797 ) ) ;
#2489 = AXIS2_PLACEMENT_3D ( 'NONE', #2060, #2107, #7592 ) ;
#2490 = ORIENTED_EDGE ( 'NONE', *, *, #6012, .T. ) ;
#2491 = AXIS2_PLACEMENT_3D ( 'NONE', #4069, #1347, #6993 ) ;
#2492 = EDGE_CURVE ( 'NONE', #2508, #6211, #780, .T. ) ;
#2493 = CARTESIAN_POINT ( 'NONE',  ( 8.000000000000001776, 0.000000000000000000, 0.000000000000000000 ) ) ;
#2494 = VECTOR ( 'NONE', #6912, 1000.000000000000000 ) ;
#2495 = CIRCLE ( 'NONE', #8770, 101.5009999999999906 ) ;
#2496 = DIRECTION ( 'NONE',  ( -1.000000000000000000, -0.000000000000000000, -0.000000000000000000 ) ) ;
#2497 = VERTEX_POINT ( 'NONE', #2636 ) ;
#2498 = ORIENTED_EDGE ( 'NONE', *, *, #4367, .T. ) ;
#2499 = CIRCLE ( 'NONE', #6578, 101.5009999999999906 ) ;
#2500 = CARTESIAN_POINT ( 'NONE',  ( 0.000000000000000000, 0.000000000000000000, 0.000000000000000000 ) ) ;
#2501 = ORIENTED_EDGE ( 'NONE', *, *, #94, .T. ) ;
#2502 = LINE ( 'NONE', #8756, #8795 ) ;
#2503 = CARTESIAN_POINT ( 'NONE',  ( 4.000000000000000888, 76.65880538145837875, -59.43422883732647222 ) ) ;
#2504 = AXIS2_PLACEMENT_3D ( 'NONE', #2180, #7077, #1505 ) ;
#2505 = CARTESIAN_POINT ( 'NONE',  ( 0.000000000000000000, 53.73118847029943623, -76.86221363544551366 ) ) ;
#2506 = CARTESIAN_POINT ( 'NONE',  ( 8.000000000000001776, 0.000000000000000000, 0.000000000000000000 ) ) ;
#2507 = DIRECTION ( 'NONE',  ( 0.000000000000000000, -0.5406408174555871193, -0.8412535328311878668 ) ) ;
#2508 = VERTEX_POINT ( 'NONE', #7496 ) ;
#2509 = CARTESIAN_POINT ( 'NONE',  ( 0.000000000000000000, 0.000000000000000000, 0.000000000000000000 ) ) ;
#2510 = ORIENTED_EDGE ( 'NONE', *, *, #3587, .T. ) ;
#2511 = VECTOR ( 'NONE', #4175, 1000.000000000000000 ) ;
#2512 = DIRECTION ( 'NONE',  ( -1.000000000000000000, 0.000000000000000000, -0.000000000000000000 ) ) ;
#2513 = DIRECTION ( 'NONE',  ( 0.000000000000000000, -0.9998741276738751793, 0.01586596383479783531 ) ) ;
#2514 = VECTOR ( 'NONE', #895, 1000.000000000000000 ) ;
#2515 = CYLINDRICAL_SURFACE ( 'NONE', #5556, 97.00000000000000000 ) ;
#2516 = DIRECTION ( 'NONE',  ( 1.000000000000000000, 0.000000000000000000, 0.000000000000000000 ) ) ;
#2517 = ORIENTED_EDGE ( 'NONE', *, *, #8451, .F. ) ;
#2518 = FACE_OUTER_BOUND ( 'NONE', #3407, .T. ) ;
#2519 = DIRECTION ( 'NONE',  ( 0.000000000000000000, -0.09505604330418981895, 0.9954719225730839227 ) ) ;
#2520 = VERTEX_POINT ( 'NONE', #4911 ) ;
#2521 = AXIS2_PLACEMENT_3D ( 'NONE', #1685, #4325, #796 ) ;
#2522 = VERTEX_POINT ( 'NONE', #7797 ) ;
#2523 = EDGE_CURVE ( 'NONE', #2020, #366, #352, .T. ) ;
#2524 = ORIENTED_EDGE ( 'NONE', *, *, #5312, .T. ) ;
#2525 = VECTOR ( 'NONE', #784, 1000.000000000000000 ) ;
#2526 = CARTESIAN_POINT ( 'NONE',  ( 0.000000000000000000, 0.000000000000000000, 0.000000000000000000 ) ) ;
#2527 = ORIENTED_EDGE ( 'NONE', *, *, #8282, .F. ) ;
#2528 = DIRECTION ( 'NONE',  ( 1.000000000000000000, 0.000000000000000000, 0.000000000000000000 ) ) ;
#2529 = PLANE ( 'NONE',  #810 ) ;
#2530 = EDGE_LOOP ( 'NONE', ( #2129, #7874, #544, #1819 ) ) ;
#2531 = CARTESIAN_POINT ( 'NONE',  ( 0.000000000000000000, 7.020296890627782282, -96.74562228632073868 ) ) ;
#2532 = EDGE_CURVE ( 'NONE', #40, #8297, #2062, .T. ) ;
#2533 = DIRECTION ( 'NONE',  ( 1.000000000000000000, 0.000000000000000000, 0.000000000000000000 ) ) ;
#2534 = CIRCLE ( 'NONE', #5455, 49.50000000000001421 ) ;
#2535 = ORIENTED_EDGE ( 'NONE', *, *, #4367, .F. ) ;
#2536 = EDGE_CURVE ( 'NONE', #8561, #8740, #4833, .T. ) ;
#2537 = AXIS2_PLACEMENT_3D ( 'NONE', #459, #5407, #1758 ) ;
#2538 = DIRECTION ( 'NONE',  ( 0.000000000000000000, -0.7557495743542639310, 0.6548607339452785503 ) ) ;
#2539 = EDGE_CURVE ( 'NONE', #7961, #8740, #5708, .T. ) ;
#2540 = AXIS2_PLACEMENT_3D ( 'NONE', #4917, #2048, #5515 ) ;
#2541 = CARTESIAN_POINT ( 'NONE',  ( 8.000000000000001776, 0.000000000000000000, 0.000000000000000000 ) ) ;
#2542 = ORIENTED_EDGE ( 'NONE', *, *, #9002, .T. ) ;
#2543 = ADVANCED_FACE ( 'NONE', ( #7706 ), #5510, .F. ) ;
#2544 = CARTESIAN_POINT ( 'NONE',  ( 8.000000000000001776, 0.000000000000000000, 0.000000000000000000 ) ) ;
#2545 = ADVANCED_FACE ( 'NONE', ( #5641 ), #146, .F. ) ;
#2546 = ORIENTED_EDGE ( 'NONE', *, *, #2557, .T. ) ;
#2547 = CARTESIAN_POINT ( 'NONE',  ( 8.000000000000001776, -35.24196385636264495, -90.37147771031980881 ) ) ;
#2548 = DIRECTION ( 'NONE',  ( 1.000000000000000000, -0.000000000000000000, -0.000000000000000000 ) ) ;
#2549 = VECTOR ( 'NONE', #8399, 1000.000000000000000 ) ;
#2550 = ORIENTED_EDGE ( 'NONE', *, *, #1984, .T. ) ;
#2551 = CARTESIAN_POINT ( 'NONE',  ( 8.000000000000001776, -66.30519446822860630, -70.79986713638933793 ) ) ;
#2552 = DIRECTION ( 'NONE',  ( 1.000000000000000000, 0.000000000000000000, -0.000000000000000000 ) ) ;
#2553 = AXIS2_PLACEMENT_3D ( 'NONE', #2864, #4536, #3225 ) ;
#2554 = DIRECTION ( 'NONE',  ( 1.000000000000000000, 0.000000000000000000, 0.000000000000000000 ) ) ;
#2555 = ORIENTED_EDGE ( 'NONE', *, *, #8736, .F. ) ;
#2556 = CARTESIAN_POINT ( 'NONE',  ( 8.000000000000001776, -95.63804952087234312, 33.99730114057837937 ) ) ;
#2557 = EDGE_CURVE ( 'NONE', #2629, #4527, #7037, .T. ) ;
#2558 = EDGE_LOOP ( 'NONE', ( #6821, #5177, #3848, #4196 ) ) ;
#2559 = DIRECTION ( 'NONE',  ( 0.000000000000000000, 0.000000000000000000, -1.000000000000000000 ) ) ;
#2560 = DIRECTION ( 'NONE',  ( 0.000000000000000000, 0.000000000000000000, 1.000000000000000000 ) ) ;
#2561 = AXIS2_PLACEMENT_3D ( 'NONE', #6121, #5348, #3976 ) ;
#2562 = CARTESIAN_POINT ( 'NONE',  ( 0.000000000000000000, 64.02547913686530023, -72.86794920467315251 ) ) ;
#2563 = CARTESIAN_POINT ( 'NONE',  ( 8.000000000000001776, 93.53667954635716342, -6.762401852433402638 ) ) ;
#2564 = ORIENTED_EDGE ( 'NONE', *, *, #6090, .F. ) ;
#2565 = DIRECTION ( 'NONE',  ( 0.000000000000000000, -0.2203105327865478857, 0.9754297868854053810 ) ) ;
#2566 = CARTESIAN_POINT ( 'NONE',  ( 8.000000000000001776, -60.86098462158878419, -81.23049644001157787 ) ) ;
#2567 = ORIENTED_EDGE ( 'NONE', *, *, #8855, .T. ) ;
#2568 = VERTEX_POINT ( 'NONE', #3460 ) ;
#2569 = CIRCLE ( 'NONE', #7672, 49.50000000000000711 ) ;
#2570 = ORIENTED_EDGE ( 'NONE', *, *, #3486, .T. ) ;
#2571 = DIRECTION ( 'NONE',  ( 0.000000000000000000, 0.000000000000000000, 1.000000000000000000 ) ) ;
#2572 = AXIS2_PLACEMENT_3D ( 'NONE', #3283, #6066, #1245 ) ;
#2573 = DIRECTION ( 'NONE',  ( -1.000000000000000000, -0.000000000000000000, 0.000000000000000000 ) ) ;
#2574 = EDGE_CURVE ( 'NONE', #7591, #6145, #702, .T. ) ;
#2575 = EDGE_LOOP ( 'NONE', ( #5185, #5814, #5268, #4218 ) ) ;
#2576 = CYLINDRICAL_SURFACE ( 'NONE', #4740, 101.5009999999999906 ) ;
#2577 = LINE ( 'NONE', #3226, #7782 ) ;
#2578 = ORIENTED_EDGE ( 'NONE', *, *, #4465, .F. ) ;
#2579 = DIRECTION ( 'NONE',  ( -1.000000000000000000, -0.000000000000000000, -0.000000000000000000 ) ) ;
#2580 = DIRECTION ( 'NONE',  ( 0.000000000000000000, 0.000000000000000000, 1.000000000000000000 ) ) ;
#2581 = CIRCLE ( 'NONE', #7686, 97.00000000000000000 ) ;
#2582 = VERTEX_POINT ( 'NONE', #2175 ) ;
#2583 = DIRECTION ( 'NONE',  ( -1.000000000000000000, -0.000000000000000000, -0.000000000000000000 ) ) ;
#2584 = EDGE_CURVE ( 'NONE', #3731, #923, #8926, .T. ) ;
#2585 = CARTESIAN_POINT ( 'NONE',  ( 8.000000000000001776, 0.000000000000000000, 0.000000000000000000 ) ) ;
#2586 = ORIENTED_EDGE ( 'NONE', *, *, #4704, .T. ) ;
#2587 = DIRECTION ( 'NONE',  ( -1.000000000000000000, -0.000000000000000000, -0.000000000000000000 ) ) ;
#2588 = ORIENTED_EDGE ( 'NONE', *, *, #3149, .F. ) ;
#2589 = DIRECTION ( 'NONE',  ( -1.000000000000000000, -0.000000000000000000, 0.000000000000000000 ) ) ;
#2590 = DIRECTION ( 'NONE',  ( -1.000000000000000000, -0.000000000000000000, -0.000000000000000000 ) ) ;
#2591 = EDGE_CURVE ( 'NONE', #2889, #2982, #5423, .T. ) ;
#2592 = EDGE_CURVE ( 'NONE', #3608, #1188, #5557, .T. ) ;
#2593 = EDGE_CURVE ( 'NONE', #3168, #3177, #3095, .T. ) ;
#2594 = ORIENTED_EDGE ( 'NONE', *, *, #2736, .F. ) ;
#2595 = DIRECTION ( 'NONE',  ( -1.000000000000000000, -0.000000000000000000, -0.000000000000000000 ) ) ;
#2596 = EDGE_CURVE ( 'NONE', #1336, #620, #4977, .T. ) ;
#2597 = DIRECTION ( 'NONE',  ( 0.000000000000000000, -0.8959937742913398617, 0.4440666126057660201 ) ) ;
#2598 = DIRECTION ( 'NONE',  ( -1.000000000000000000, -0.000000000000000000, 0.000000000000000000 ) ) ;
#2599 = ORIENTED_EDGE ( 'NONE', *, *, #7838, .F. ) ;
#2600 = DIRECTION ( 'NONE',  ( -1.000000000000000000, -0.000000000000000000, 0.000000000000000000 ) ) ;
#2601 = VERTEX_POINT ( 'NONE', #4185 ) ;
#2602 = AXIS2_PLACEMENT_3D ( 'NONE', #3907, #6696, #4632 ) ;
#2603 = DIRECTION ( 'NONE',  ( -1.000000000000000000, 0.000000000000000000, 0.000000000000000000 ) ) ;
#2604 = CARTESIAN_POINT ( 'NONE',  ( 1.062190476068823620E-14, 92.42805162179945455, -25.97529195377680367 ) ) ;
#2605 = EDGE_CURVE ( 'NONE', #139, #4592, #4690, .T. ) ;
#2606 = AXIS2_PLACEMENT_3D ( 'NONE', #1734, #5933, #3833 ) ;
#2607 = DIRECTION ( 'NONE',  ( 0.000000000000000000, -0.9549022414440706541, -0.2969203753282850800 ) ) ;
#2608 = CARTESIAN_POINT ( 'NONE',  ( -10.00000000000000000, 0.000000000000000000, 0.000000000000000000 ) ) ;
#2609 = ORIENTED_EDGE ( 'NONE', *, *, #3682, .T. ) ;
#2610 = CARTESIAN_POINT ( 'NONE',  ( 0.000000000000000000, 38.09152125614464524, -89.20782481594696378 ) ) ;
#2611 = DIRECTION ( 'NONE',  ( 1.000000000000000000, 0.000000000000000000, 0.000000000000000000 ) ) ;
#2612 = VERTEX_POINT ( 'NONE', #4869 ) ;
#2613 = VERTEX_POINT ( 'NONE', #6286 ) ;
#2614 = FACE_OUTER_BOUND ( 'NONE', #6006, .T. ) ;
#2615 = CARTESIAN_POINT ( 'NONE',  ( 8.000000000000001776, 0.000000000000000000, 0.000000000000000000 ) ) ;
#2616 = AXIS2_PLACEMENT_3D ( 'NONE', #1888, #5317, #3901 ) ;
#2617 = EDGE_LOOP ( 'NONE', ( #1621, #2622, #7623, #3626 ) ) ;
#2618 = DIRECTION ( 'NONE',  ( 0.000000000000000000, 0.000000000000000000, 1.000000000000000000 ) ) ;
#2619 = CARTESIAN_POINT ( 'NONE',  ( 0.000000000000000000, -90.56482174570778909, 45.83084183350960927 ) ) ;
#2620 = ORIENTED_EDGE ( 'NONE', *, *, #3821, .T. ) ;
#2621 = DIRECTION ( 'NONE',  ( 1.000000000000000000, 0.000000000000000000, 0.000000000000000000 ) ) ;
#2622 = ORIENTED_EDGE ( 'NONE', *, *, #8501, .F. ) ;
#2623 = DIRECTION ( 'NONE',  ( -1.000000000000000000, -0.000000000000000000, -0.000000000000000000 ) ) ;
#2624 = DIRECTION ( 'NONE',  ( -1.000000000000000000, 0.000000000000000000, -0.000000000000000000 ) ) ;
#2625 = VERTEX_POINT ( 'NONE', #4141 ) ;
#2626 = CIRCLE ( 'NONE', #2504, 101.5010000000000190 ) ;
#2627 = DIRECTION ( 'NONE',  ( -1.000000000000000000, -0.000000000000000000, 0.000000000000000000 ) ) ;
#2628 = LINE ( 'NONE', #7655, #1633 ) ;
#2629 = VERTEX_POINT ( 'NONE', #3546 ) ;
#2630 = CYLINDRICAL_SURFACE ( 'NONE', #6911, 101.5009999999999906 ) ;
#2631 = CARTESIAN_POINT ( 'NONE',  ( 0.000000000000000000, 0.000000000000000000, 0.000000000000000000 ) ) ;
#2632 = EDGE_CURVE ( 'NONE', #1543, #1100, #6590, .T. ) ;
#2633 = AXIS2_PLACEMENT_3D ( 'NONE', #322, #8601, #1626 ) ;
#2634 = AXIS2_PLACEMENT_3D ( 'NONE', #8626, #205, #1651 ) ;
#2635 = DIRECTION ( 'NONE',  ( 1.000000000000000000, 0.000000000000000000, 0.000000000000000000 ) ) ;
#2636 = CARTESIAN_POINT ( 'NONE',  ( 0.000000000000000000, 8.353829215691318311, -96.63960646357715234 ) ) ;
#2637 = DIRECTION ( 'NONE',  ( -1.000000000000000000, -0.000000000000000000, 0.000000000000000000 ) ) ;
#2638 = ORIENTED_EDGE ( 'NONE', *, *, #5040, .F. ) ;
#2639 = DIRECTION ( 'NONE',  ( 1.000000000000000000, 0.000000000000000000, 0.000000000000000000 ) ) ;
#2640 = ORIENTED_EDGE ( 'NONE', *, *, #4931, .F. ) ;
#2641 = DIRECTION ( 'NONE',  ( 0.000000000000000000, -0.9341478602651027696, -0.3568862215918823799 ) ) ;
#2642 = CARTESIAN_POINT ( 'NONE',  ( 16.50000000000000000, -63.60141849350122101, 95.81158367136264076 ) ) ;
#2643 = ADVANCED_FACE ( 'NONE', ( #105 ), #1502, .F. ) ;
#2644 = CIRCLE ( 'NONE', #3659, 49.50000000000003553 ) ;
#2645 = CIRCLE ( 'NONE', #7474, 101.5010000000000048 ) ;
#2646 = EDGE_CURVE ( 'NONE', #6684, #130, #1492, .T. ) ;
#2647 = DIRECTION ( 'NONE',  ( 1.000000000000000000, 0.000000000000000000, -0.000000000000000000 ) ) ;
#2648 = DIRECTION ( 'NONE',  ( 1.000000000000000000, 0.000000000000000000, 0.000000000000000000 ) ) ;
#2649 = VECTOR ( 'NONE', #4505, 1000.000000000000114 ) ;
#2650 = EDGE_CURVE ( 'NONE', #8528, #2612, #5875, .T. ) ;
#2651 = VERTEX_POINT ( 'NONE', #2953 ) ;
#2652 = CARTESIAN_POINT ( 'NONE',  ( 0.000000000000000000, 29.40815210784555234, -97.14738077067141830 ) ) ;
#2653 = CARTESIAN_POINT ( 'NONE',  ( 0.000000000000000000, -55.58649528943173834, -84.92699536918743775 ) ) ;
#2654 = EDGE_LOOP ( 'NONE', ( #6486, #245, #1126, #5489 ) ) ;
#2655 = ADVANCED_FACE ( 'NONE', ( #5146 ), #3776, .F. ) ;
#2656 = EDGE_CURVE ( 'NONE', #5074, #5419, #7757, .T. ) ;
#2657 = CIRCLE ( 'NONE', #7191, 101.5009999999999906 ) ;
#2658 = CARTESIAN_POINT ( 'NONE',  ( 8.000000000000001776, 0.000000000000000000, 0.000000000000000000 ) ) ;
#2659 = VECTOR ( 'NONE', #3800, 1000.000000000000000 ) ;
#2660 = DIRECTION ( 'NONE',  ( 0.000000000000000000, -0.4297949120891598196, -0.9029265382866267231 ) ) ;
#2661 = ORIENTED_EDGE ( 'NONE', *, *, #1216, .T. ) ;
#2662 = CYLINDRICAL_SURFACE ( 'NONE', #4842, 49.50000000000001421 ) ;
#2663 = CARTESIAN_POINT ( 'NONE',  ( 8.000000000000000000, 97.87238061538435829, -18.86335522284969102 ) ) ;
#2664 = ORIENTED_EDGE ( 'NONE', *, *, #6381, .F. ) ;
#2665 = ORIENTED_EDGE ( 'NONE', *, *, #7238, .F. ) ;
#2666 = AXIS2_PLACEMENT_3D ( 'NONE', #5667, #3027, #7816 ) ;
#2667 = DIRECTION ( 'NONE',  ( 1.000000000000000000, 0.000000000000000000, 0.000000000000000000 ) ) ;
#2668 = ORIENTED_EDGE ( 'NONE', *, *, #2492, .F. ) ;
#2669 = VECTOR ( 'NONE', #6019, 1000.000000000000000 ) ;
#2670 = PLANE ( 'NONE',  #5670 ) ;
#2671 = DIRECTION ( 'NONE',  ( -1.000000000000000000, -0.000000000000000000, -0.000000000000000000 ) ) ;
#2672 = CIRCLE ( 'NONE', #3403, 49.50000000000002842 ) ;
#2673 = ORIENTED_EDGE ( 'NONE', *, *, #1584, .T. ) ;
#2674 = CARTESIAN_POINT ( 'NONE',  ( 3.999999999999998224, 7.020296890627782282, -96.74562228632073868 ) ) ;
#2675 = CARTESIAN_POINT ( 'NONE',  ( 8.000000000000001776, -51.26545789146223342, -78.52829634310434415 ) ) ;
#2676 = VERTEX_POINT ( 'NONE', #7976 ) ;
#2677 = DIRECTION ( 'NONE',  ( -1.000000000000000000, -0.000000000000000000, 0.000000000000000000 ) ) ;
#2678 = DIRECTION ( 'NONE',  ( -1.000000000000000000, -0.000000000000000000, -0.000000000000000000 ) ) ;
#2679 = CIRCLE ( 'NONE', #6780, 101.5010000000000048 ) ;
#2680 = CIRCLE ( 'NONE', #229, 121.0000000000000284 ) ;
#2681 = ORIENTED_EDGE ( 'NONE', *, *, #8771, .T. ) ;
#2682 = DIRECTION ( 'NONE',  ( 0.000000000000000000, -0.4297949120891599306, -0.9029265382866267231 ) ) ;
#2683 = AXIS2_PLACEMENT_3D ( 'NONE', #686, #6308, #8278 ) ;
#2684 = CARTESIAN_POINT ( 'NONE',  ( 8.000000000000001776, 0.000000000000000000, 0.000000000000000000 ) ) ;
#2685 = CYLINDRICAL_SURFACE ( 'NONE', #8098, 97.00000000000000000 ) ;
#2686 = ORIENTED_EDGE ( 'NONE', *, *, #3478, .T. ) ;
#2687 = ADVANCED_FACE ( 'NONE', ( #6557 ), #3822, .F. ) ;
#2688 = FACE_OUTER_BOUND ( 'NONE', #4627, .T. ) ;
#2689 = VERTEX_POINT ( 'NONE', #1637 ) ;
#2690 = CIRCLE ( 'NONE', #8664, 97.00000000000000000 ) ;
#2691 = CARTESIAN_POINT ( 'NONE',  ( 8.000000000000001776, 41.46968330986009477, -92.64296177897115570 ) ) ;
#2692 = DIRECTION ( 'NONE',  ( 0.000000000000000000, 0.000000000000000000, 1.000000000000000000 ) ) ;
#2693 = AXIS2_PLACEMENT_3D ( 'NONE', #7872, #4186, #1671 ) ;
#2694 = LINE ( 'NONE', #5477, #6280 ) ;
#2695 = CYLINDRICAL_SURFACE ( 'NONE', #3134, 97.00000000000000000 ) ;
#2696 = ORIENTED_EDGE ( 'NONE', *, *, #7709, .F. ) ;
#2697 = EDGE_CURVE ( 'NONE', #5448, #8743, #378, .T. ) ;
#2698 = DIRECTION ( 'NONE',  ( -1.000000000000000000, 0.000000000000000000, -0.000000000000000000 ) ) ;
#2699 = CARTESIAN_POINT ( 'NONE',  ( 8.000000000000001776, 9.582808174979758675, -93.28992596659752223 ) ) ;
#2700 = ORIENTED_EDGE ( 'NONE', *, *, #2141, .F. ) ;
#2701 = ADVANCED_FACE ( 'NONE', ( #7930 ), #6418, .F. ) ;
#2702 = CARTESIAN_POINT ( 'NONE',  ( 8.000000000000000000, 0.000000000000000000, -97.00000000000000000 ) ) ;
#2703 = EDGE_CURVE ( 'NONE', #4015, #5798, #2943, .T. ) ;
#2704 = ADVANCED_FACE ( 'NONE', ( #2448 ), #5733, .F. ) ;
#2705 = LINE ( 'NONE', #1306, #607 ) ;
#2706 = ORIENTED_EDGE ( 'NONE', *, *, #321, .T. ) ;
#2707 = DIRECTION ( 'NONE',  ( -1.000000000000000000, -0.000000000000000000, -0.000000000000000000 ) ) ;
#2708 = CYLINDRICAL_SURFACE ( 'NONE', #380, 49.50000000000001421 ) ;
#2709 = ORIENTED_EDGE ( 'NONE', *, *, #4604, .F. ) ;
#2710 = AXIS2_PLACEMENT_3D ( 'NONE', #4024, #6816, #3338 ) ;
#2711 = ORIENTED_EDGE ( 'NONE', *, *, #4665, .F. ) ;
#2712 = CARTESIAN_POINT ( 'NONE',  ( 0.000000000000000000, -100.3437769205264516, 15.28330573938837844 ) ) ;
#2713 = ORIENTED_EDGE ( 'NONE', *, *, #3488, .T. ) ;
#2714 = AXIS2_PLACEMENT_3D ( 'NONE', #3410, #1194, #5336 ) ;
#2715 = ADVANCED_FACE ( 'NONE', ( #2400 ), #5195, .F. ) ;
#2716 = FACE_OUTER_BOUND ( 'NONE', #1127, .T. ) ;
#2717 = CARTESIAN_POINT ( 'NONE',  ( 16.50000000000000000, -63.60141849350122101, 95.81158367136264076 ) ) ;
#2718 = ORIENTED_EDGE ( 'NONE', *, *, #5498, .T. ) ;
#2719 = CIRCLE ( 'NONE', #1137, 49.50000000000000711 ) ;
#2720 = DIRECTION ( 'NONE',  ( 1.000000000000000000, 0.000000000000000000, 0.000000000000000000 ) ) ;
#2721 = CARTESIAN_POINT ( 'NONE',  ( 8.000000000000001776, 0.000000000000000000, 0.000000000000000000 ) ) ;
#2722 = ORIENTED_EDGE ( 'NONE', *, *, #8232, .F. ) ;
#2723 = CARTESIAN_POINT ( 'NONE',  ( 0.000000000000000000, 0.000000000000000000, 0.000000000000000000 ) ) ;
#2724 = DIRECTION ( 'NONE',  ( 0.000000000000000000, 0.000000000000000000, 1.000000000000000000 ) ) ;
#2725 = ORIENTED_EDGE ( 'NONE', *, *, #5291, .T. ) ;
#2726 = CIRCLE ( 'NONE', #3455, 49.50000000000002842 ) ;
#2727 = DIRECTION ( 'NONE',  ( 0.000000000000000000, 0.000000000000000000, 1.000000000000000000 ) ) ;
#2728 = DIRECTION ( 'NONE',  ( 0.000000000000000000, -0.5670598638627775134, 0.8236765814298280253 ) ) ;
#2729 = CARTESIAN_POINT ( 'NONE',  ( 0.000000000000000000, -32.47563198627179304, -96.16541128749069856 ) ) ;
#2730 = VERTEX_POINT ( 'NONE', #3728 ) ;
#2731 = CARTESIAN_POINT ( 'NONE',  ( 8.000000000000001776, -93.27503075632668583, 9.726722817990363978 ) ) ;
#2732 = ORIENTED_EDGE ( 'NONE', *, *, #6796, .F. ) ;
#2733 = CARTESIAN_POINT ( 'NONE',  ( 8.000000000000001776, 88.32304916852054077, -50.01491764039108290 ) ) ;
#2734 = LINE ( 'NONE', #2604, #1270 ) ;
#2735 = VECTOR ( 'NONE', #5048, 1000.000000000000000 ) ;
#2736 = EDGE_CURVE ( 'NONE', #3628, #360, #4546, .T. ) ;
#2737 = DIRECTION ( 'NONE',  ( -1.000000000000000000, 0.000000000000000000, -0.000000000000000000 ) ) ;
#2738 = VECTOR ( 'NONE', #4043, 1000.000000000000000 ) ;
#2739 = LINE ( 'NONE', #2783, #7063 ) ;
#2740 = ORIENTED_EDGE ( 'NONE', *, *, #1225, .T. ) ;
#2741 = CARTESIAN_POINT ( 'NONE',  ( -101.9074929644522598, 0.000000000000000000, -121.0000000000000284 ) ) ;
#2742 = DIRECTION ( 'NONE',  ( 0.000000000000000000, 0.000000000000000000, 1.000000000000000000 ) ) ;
#2743 = ORIENTED_EDGE ( 'NONE', *, *, #8717, .F. ) ;
#2744 = DIRECTION ( 'NONE',  ( 0.000000000000000000, 1.065365528680705443E-14, -1.000000000000000000 ) ) ;
#2745 = CIRCLE ( 'NONE', #3917, 101.5010000000000048 ) ;
#2746 = DIRECTION ( 'NONE',  ( 0.000000000000000000, 1.682156097916903341E-15, -1.000000000000000000 ) ) ;
#2747 = EDGE_LOOP ( 'NONE', ( #4600, #2664, #6333, #7600 ) ) ;
#2748 = CARTESIAN_POINT ( 'NONE',  ( 8.000000000000001776, -98.83617571244400324, 23.10548358158499482 ) ) ;
#2749 = DIRECTION ( 'NONE',  ( 0.000000000000000000, 0.000000000000000000, 1.000000000000000000 ) ) ;
#2750 = ORIENTED_EDGE ( 'NONE', *, *, #3, .T. ) ;
#2751 = EDGE_LOOP ( 'NONE', ( #7098, #2951, #3986, #8003 ) ) ;
#2752 = AXIS2_PLACEMENT_3D ( 'NONE', #6143, #7607, #2072 ) ;
#2753 = CARTESIAN_POINT ( 'NONE',  ( 0.000000000000000000, -91.29328596891726022, -21.45638451298825800 ) ) ;
#2754 = EDGE_CURVE ( 'NONE', #3621, #6596, #6010, .T. ) ;
#2755 = VERTEX_POINT ( 'NONE', #1585 ) ;
#2756 = EDGE_CURVE ( 'NONE', #3859, #8719, #1353, .T. ) ;
#2757 = EDGE_CURVE ( 'NONE', #2629, #7856, #3680, .T. ) ;
#2758 = DIRECTION ( 'NONE',  ( 1.000000000000000000, 0.000000000000000000, 0.000000000000000000 ) ) ;
#2759 = DIRECTION ( 'NONE',  ( 0.000000000000000000, 0.000000000000000000, 1.000000000000000000 ) ) ;
#2760 = ORIENTED_EDGE ( 'NONE', *, *, #8560, .T. ) ;
#2761 = LINE ( 'NONE', #4859, #6258 ) ;
#2762 = CARTESIAN_POINT ( 'NONE',  ( 3.999999999999998224, -95.37140362625773093, -17.70015170436222007 ) ) ;
#2763 = ORIENTED_EDGE ( 'NONE', *, *, #4886, .F. ) ;
#2764 = AXIS2_PLACEMENT_3D ( 'NONE', #1386, #7038, #3468 ) ;
#2765 = DIRECTION ( 'NONE',  ( 1.000000000000000000, 0.000000000000000000, 0.000000000000000000 ) ) ;
#2766 = ADVANCED_FACE ( 'NONE', ( #5782 ), #8563, .F. ) ;
#2767 = EDGE_CURVE ( 'NONE', #4441, #7960, #6515, .T. ) ;
#2768 = VECTOR ( 'NONE', #2840, 1000.000000000000000 ) ;
#2769 = VECTOR ( 'NONE', #243, 1000.000000000000000 ) ;
#2770 = ORIENTED_EDGE ( 'NONE', *, *, #4207, .T. ) ;
#2771 = DIRECTION ( 'NONE',  ( 1.000000000000000000, 0.000000000000000000, 0.000000000000000000 ) ) ;
#2772 = CIRCLE ( 'NONE', #912, 49.50000000000002132 ) ;
#2773 = DIRECTION ( 'NONE',  ( 0.000000000000000000, -0.1892512443604030814, -0.9819286972627080390 ) ) ;
#2774 = DIRECTION ( 'NONE',  ( -1.000000000000000000, -0.000000000000000000, -0.000000000000000000 ) ) ;
#2775 = ORIENTED_EDGE ( 'NONE', *, *, #7001, .T. ) ;
#2776 = CARTESIAN_POINT ( 'NONE',  ( 8.000000000000001776, 26.49203041665125369, -93.31223030451701561 ) ) ;
#2777 = VERTEX_POINT ( 'NONE', #8152 ) ;
#2778 = CARTESIAN_POINT ( 'NONE',  ( 8.000000000000001776, -20.04054408469180615, -99.50291248897954688 ) ) ;
#2779 = CARTESIAN_POINT ( 'NONE',  ( 3.999999999999998224, -17.50218104709044908, -95.40793289132128052 ) ) ;
#2780 = CIRCLE ( 'NONE', #5686, 49.50000000000000711 ) ;
#2781 = CIRCLE ( 'NONE', #333, 97.00000000000000000 ) ;
#2782 = LINE ( 'NONE', #5696, #468 ) ;
#2783 = CARTESIAN_POINT ( 'NONE',  ( 8.000000000000001776, -97.60174128166855212, -27.86311360537862214 ) ) ;
#2784 = CIRCLE ( 'NONE', #6734, 97.00000000000000000 ) ;
#2785 = ORIENTED_EDGE ( 'NONE', *, *, #8395, .T. ) ;
#2786 = DIRECTION ( 'NONE',  ( -1.000000000000000000, -0.000000000000000000, 0.000000000000000000 ) ) ;
#2787 = CIRCLE ( 'NONE', #6435, 49.50000000000000000 ) ;
#2788 = CYLINDRICAL_SURFACE ( 'NONE', #7205, 97.00000000000000000 ) ;
#2789 = ORIENTED_EDGE ( 'NONE', *, *, #1328, .F. ) ;
#2790 = DIRECTION ( 'NONE',  ( 6.018531076210109988E-33, -0.1892512443604031647, -0.9819286972627080390 ) ) ;
#2791 = VECTOR ( 'NONE', #4791, 1000.000000000000000 ) ;
#2792 = CIRCLE ( 'NONE', #8172, 97.00000000000000000 ) ;
#2793 = AXIS2_PLACEMENT_3D ( 'NONE', #2088, #6199, #3503 ) ;
#2794 = CARTESIAN_POINT ( 'NONE',  ( 8.000000000000001776, -80.87865912086773790, -47.47086472966532966 ) ) ;
#2795 = ORIENTED_EDGE ( 'NONE', *, *, #2632, .F. ) ;
#2796 = CARTESIAN_POINT ( 'NONE',  ( -10.00000000000000000, 0.000000000000000000, 0.000000000000000000 ) ) ;
#2797 = CARTESIAN_POINT ( 'NONE',  ( 8.000000000000001776, 22.90213972150329624, -90.94136844994388014 ) ) ;
#2798 = ORIENTED_EDGE ( 'NONE', *, *, #47, .T. ) ;
#2799 = VERTEX_POINT ( 'NONE', #8069 ) ;
#2800 = EDGE_CURVE ( 'NONE', #6068, #620, #6294, .T. ) ;
#2801 = FACE_OUTER_BOUND ( 'NONE', #3593, .T. ) ;
#2802 = AXIS2_PLACEMENT_3D ( 'NONE', #7345, #8798, #5587 ) ;
#2803 = ORIENTED_EDGE ( 'NONE', *, *, #7048, .T. ) ;
#2804 = CYLINDRICAL_SURFACE ( 'NONE', #2752, 115.0000000000000142 ) ;
#2805 = EDGE_CURVE ( 'NONE', #5856, #6235, #7482, .T. ) ;
#2806 = CARTESIAN_POINT ( 'NONE',  ( 0.000000000000000000, -84.03437208676270131, -56.92694712509637611 ) ) ;
#2807 = EDGE_LOOP ( 'NONE', ( #2271, #3679, #3897, #7016 ) ) ;
#2808 = CARTESIAN_POINT ( 'NONE',  ( 0.000000000000000000, 48.60729184248118173, -89.10546661535343560 ) ) ;
#2809 = EDGE_CURVE ( 'NONE', #3342, #5139, #922, .T. ) ;
#2810 = LINE ( 'NONE', #97, #7594 ) ;
#2811 = ORIENTED_EDGE ( 'NONE', *, *, #5661, .T. ) ;
#2812 = AXIS2_PLACEMENT_3D ( 'NONE', #5464, #1412, #4012 ) ;
#2813 = DIRECTION ( 'NONE',  ( 0.000000000000000000, -0.9096319953545136672, -0.4154150130018965936 ) ) ;
#2814 = DIRECTION ( 'NONE',  ( 0.000000000000000000, 0.000000000000000000, 1.000000000000000000 ) ) ;
#2815 = CIRCLE ( 'NONE', #2227, 97.00000000000000000 ) ;
#2816 = EDGE_CURVE ( 'NONE', #7468, #5680, #7181, .T. ) ;
#2817 = ORIENTED_EDGE ( 'NONE', *, *, #2480, .T. ) ;
#2818 = AXIS2_PLACEMENT_3D ( 'NONE', #3456, #2765, #3409 ) ;
#2819 = CYLINDRICAL_SURFACE ( 'NONE', #1857, 97.00000000000000000 ) ;
#2820 = EDGE_CURVE ( 'NONE', #5359, #131, #6014, .T. ) ;
#2821 = ADVANCED_FACE ( 'NONE', ( #1817 ), #4729, .F. ) ;
#2822 = DIRECTION ( 'NONE',  ( 1.000000000000000000, 0.000000000000000000, 0.000000000000000000 ) ) ;
#2823 = DIRECTION ( 'NONE',  ( -1.000000000000000000, -0.000000000000000000, -0.000000000000000000 ) ) ;
#2824 = ORIENTED_EDGE ( 'NONE', *, *, #8183, .F. ) ;
#2825 = CARTESIAN_POINT ( 'NONE',  ( 8.000000000000001776, -5.283448409585292715, -96.85600225542684427 ) ) ;
#2826 = ORIENTED_EDGE ( 'NONE', *, *, #2929, .T. ) ;
#2827 = CARTESIAN_POINT ( 'NONE',  ( 0.000000000000000000, -100.3437769205262384, -15.28330573938978176 ) ) ;
#2828 = DIRECTION ( 'NONE',  ( -1.000000000000000000, -0.000000000000000000, 0.000000000000000000 ) ) ;
#2829 = CIRCLE ( 'NONE', #1096, 49.50000000000002132 ) ;
#2830 = VECTOR ( 'NONE', #3352, 1000.000000000000000 ) ;
#2831 = CARTESIAN_POINT ( 'NONE',  ( -8.499999999999992895, 100.8977962754999709, -3.166008196913418615 ) ) ;
#2832 = EDGE_CURVE ( 'NONE', #5285, #4973, #1856, .T. ) ;
#2833 = DIRECTION ( 'NONE',  ( -1.000000000000000000, -0.000000000000000000, -0.000000000000000000 ) ) ;
#2834 = ORIENTED_EDGE ( 'NONE', *, *, #1767, .F. ) ;
#2835 = CARTESIAN_POINT ( 'NONE',  ( 8.000000000000001776, 64.02547913686530023, -72.86794920467315251 ) ) ;
#2836 = LINE ( 'NONE', #4070, #4719 ) ;
#2837 = VERTEX_POINT ( 'NONE', #5330 ) ;
#2838 = FACE_OUTER_BOUND ( 'NONE', #1032, .T. ) ;
#2839 = VECTOR ( 'NONE', #1455, 1000.000000000000000 ) ;
#2840 = DIRECTION ( 'NONE',  ( 1.000000000000000000, -0.000000000000000000, 0.000000000000000000 ) ) ;
#2841 = ORIENTED_EDGE ( 'NONE', *, *, #4554, .F. ) ;
#2842 = CARTESIAN_POINT ( 'NONE',  ( 0.000000000000000000, -81.96127100534681631, -51.87822332335694853 ) ) ;
#2843 = DIRECTION ( 'NONE',  ( 1.000000000000000000, 0.000000000000000000, 0.000000000000000000 ) ) ;
#2844 = ORIENTED_EDGE ( 'NONE', *, *, #561, .F. ) ;
#2845 = AXIS2_PLACEMENT_3D ( 'NONE', #1846, #3856, #1268 ) ;
#2846 = VERTEX_POINT ( 'NONE', #1142 ) ;
#2847 = DIRECTION ( 'NONE',  ( 1.000000000000000000, 0.000000000000000000, 0.000000000000000000 ) ) ;
#2848 = ORIENTED_EDGE ( 'NONE', *, *, #6319, .F. ) ;
#2849 = ADVANCED_FACE ( 'NONE', ( #8198 ), #7390, .F. ) ;
#2850 = CIRCLE ( 'NONE', #5761, 97.00000000000000000 ) ;
#2851 = CYLINDRICAL_SURFACE ( 'NONE', #3923, 101.5009999999999906 ) ;
#2852 = DIRECTION ( 'NONE',  ( 0.000000000000000000, -0.3420201433256757073, 0.9396926207859058744 ) ) ;
#2853 = ORIENTED_EDGE ( 'NONE', *, *, #4545, .F. ) ;
#2854 = DIRECTION ( 'NONE',  ( 1.000000000000000000, 0.000000000000000000, -0.000000000000000000 ) ) ;
#2855 = ORIENTED_EDGE ( 'NONE', *, *, #8159, .T. ) ;
#2856 = CARTESIAN_POINT ( 'NONE',  ( 8.000000000000001776, -90.20860519332357796, 25.63684942512978537 ) ) ;
#2857 = CARTESIAN_POINT ( 'NONE',  ( 0.000000000000000000, 0.000000000000000000, 0.000000000000000000 ) ) ;
#2858 = VECTOR ( 'NONE', #151, 1000.000000000000000 ) ;
#2859 = ADVANCED_FACE ( 'NONE', ( #7526 ), #1279, .F. ) ;
#2860 = VERTEX_POINT ( 'NONE', #3909 ) ;
#2861 = DIRECTION ( 'NONE',  ( 0.000000000000000000, 0.000000000000000000, -1.000000000000000000 ) ) ;
#2862 = CIRCLE ( 'NONE', #4035, 97.00000000000000000 ) ;
#2863 = CARTESIAN_POINT ( 'NONE',  ( 8.000000000000000000, 96.97008148644906100, -2.409003219471800072 ) ) ;
#2864 = CARTESIAN_POINT ( 'NONE',  ( 8.000000000000001776, 0.000000000000000000, 0.000000000000000000 ) ) ;
#2865 = ORIENTED_EDGE ( 'NONE', *, *, #6422, .T. ) ;
#2866 = CARTESIAN_POINT ( 'NONE',  ( -10.00000000000000000, 0.000000000000000000, 0.000000000000000000 ) ) ;
#2867 = CARTESIAN_POINT ( 'NONE',  ( 8.000000000000001776, -40.91192797837033623, -84.38634159900726672 ) ) ;
#2868 = CARTESIAN_POINT ( 'NONE',  ( 0.000000000000000000, -89.74863504084525800, 27.20336390369514135 ) ) ;
#2869 = EDGE_CURVE ( 'NONE', #427, #728, #5292, .T. ) ;
#2870 = ADVANCED_FACE ( 'NONE', ( #7485 ), #1239, .F. ) ;
#2871 = AXIS2_PLACEMENT_3D ( 'NONE', #2307, #1766, #2396 ) ;
#2872 = ADVANCED_FACE ( 'NONE', ( #6700 ), #4048, .F. ) ;
#2873 = CARTESIAN_POINT ( 'NONE',  ( 0.000000000000000000, 92.91946191691053514, -12.68124979816728803 ) ) ;
#2874 = CARTESIAN_POINT ( 'NONE',  ( 0.000000000000000000, 0.000000000000000000, 0.000000000000000000 ) ) ;
#2875 = CARTESIAN_POINT ( 'NONE',  ( 0.000000000000000000, 93.53667954635716342, -6.762401852433402638 ) ) ;
#2876 = ORIENTED_EDGE ( 'NONE', *, *, #6270, .F. ) ;
#2877 = CARTESIAN_POINT ( 'NONE',  ( 0.000000000000000000, -101.4712436262028632, 2.457583762924420601 ) ) ;
#2878 = CARTESIAN_POINT ( 'NONE',  ( 8.000000000000001776, -85.58284989173218094, -38.34600766417468520 ) ) ;
#2879 = EDGE_LOOP ( 'NONE', ( #7762, #1710, #5471, #2661 ) ) ;
#2880 = CIRCLE ( 'NONE', #7982, 97.00000000000000000 ) ;
#2881 = CARTESIAN_POINT ( 'NONE',  ( 1.062190476068823620E-14, 96.35576641085029337, -26.73229693121841777 ) ) ;
#2882 = EDGE_CURVE ( 'NONE', #6127, #8971, #1499, .T. ) ;
#2883 = CARTESIAN_POINT ( 'NONE',  ( 8.000000000000001776, -96.84482846637756381, 5.484450685155628946 ) ) ;
#2884 = CARTESIAN_POINT ( 'NONE',  ( 8.000000000000001776, -8.245600228094202677, 93.41761384369736732 ) ) ;
#2885 = ORIENTED_EDGE ( 'NONE', *, *, #8384, .T. ) ;
#2886 = FACE_OUTER_BOUND ( 'NONE', #2747, .T. ) ;
#2887 = CARTESIAN_POINT ( 'NONE',  ( 0.000000000000000000, 0.000000000000000000, 0.000000000000000000 ) ) ;
#2888 = ORIENTED_EDGE ( 'NONE', *, *, #3149, .T. ) ;
#2889 = VERTEX_POINT ( 'NONE', #8245 ) ;
#2890 = DIRECTION ( 'NONE',  ( 0.000000000000000000, 0.000000000000000000, 1.000000000000000000 ) ) ;
#2891 = CIRCLE ( 'NONE', #8147, 49.50000000000002132 ) ;
#2892 = ORIENTED_EDGE ( 'NONE', *, *, #611, .F. ) ;
#2893 = CARTESIAN_POINT ( 'NONE',  ( 8.000000000000001776, 0.000000000000000000, 0.000000000000000000 ) ) ;
#2894 = AXIS2_PLACEMENT_3D ( 'NONE', #5412, #3143, #5921 ) ;
#2895 = CARTESIAN_POINT ( 'NONE',  ( 8.000000000000001776, 28.62388835078512983, -89.30573058350449855 ) ) ;
#2896 = VERTEX_POINT ( 'NONE', #466 ) ;
#2897 = CARTESIAN_POINT ( 'NONE',  ( 0.000000000000000000, -2.304087932219582413, -93.75250225019225070 ) ) ;
#2898 = ORIENTED_EDGE ( 'NONE', *, *, #706, .F. ) ;
#2899 = CARTESIAN_POINT ( 'NONE',  ( 8.000000000000001776, 7.020296890627782282, -96.74562228632073868 ) ) ;
#2900 = CYLINDRICAL_SURFACE ( 'NONE', #8849, 49.50000000000001421 ) ;
#2901 = VECTOR ( 'NONE', #8972, 1000.000000000000000 ) ;
#2902 = EDGE_LOOP ( 'NONE', ( #2564, #7374, #5643, #7800 ) ) ;
#2903 = LINE ( 'NONE', #7929, #1005 ) ;
#2904 = ORIENTED_EDGE ( 'NONE', *, *, #3551, .F. ) ;
#2905 = VECTOR ( 'NONE', #156, 1000.000000000000000 ) ;
#2906 = DIRECTION ( 'NONE',  ( 0.000000000000000000, -0.8497254299495082819, -0.5272254676105122551 ) ) ;
#2907 = ORIENTED_EDGE ( 'NONE', *, *, #2869, .T. ) ;
#2908 = ADVANCED_FACE ( 'NONE', ( #3359 ), #3237, .F. ) ;
#2909 = CARTESIAN_POINT ( 'NONE',  ( -10.00000000000000000, 0.000000000000000000, 0.000000000000000000 ) ) ;
#2910 = CARTESIAN_POINT ( 'NONE',  ( 0.000000000000000000, 96.35576641085029337, -26.73229693121841777 ) ) ;
#2911 = AXIS2_PLACEMENT_3D ( 'NONE', #2277, #2321, #5886 ) ;
#2912 = FACE_OUTER_BOUND ( 'NONE', #7711, .T. ) ;
#2913 = CARTESIAN_POINT ( 'NONE',  ( 0.000000000000000000, -95.37140362625773093, -17.70015170436222007 ) ) ;
#2914 = CARTESIAN_POINT ( 'NONE',  ( 8.000000000000001776, -71.74226592738069996, -71.80181251615444182 ) ) ;
#2915 = ORIENTED_EDGE ( 'NONE', *, *, #4447, .F. ) ;
#2916 = FACE_OUTER_BOUND ( 'NONE', #864, .T. ) ;
#2917 = EDGE_CURVE ( 'NONE', #4397, #1560, #8058, .T. ) ;
#2918 = CARTESIAN_POINT ( 'NONE',  ( 8.000000000000001776, -85.58284989173218094, -38.34600766417468520 ) ) ;
#2919 = VERTEX_POINT ( 'NONE', #7 ) ;
#2920 = DIRECTION ( 'NONE',  ( 0.000000000000000000, -0.03172793349807447733, 0.9994965423831848605 ) ) ;
#2921 = VECTOR ( 'NONE', #33, 1000.000000000000000 ) ;
#2922 = EDGE_CURVE ( 'NONE', #613, #511, #6189, .T. ) ;
#2923 = DIRECTION ( 'NONE',  ( 0.000000000000000000, -0.03172793349807447039, 0.9994965423831848605 ) ) ;
#2924 = CIRCLE ( 'NONE', #4820, 101.5009999999999764 ) ;
#2925 = EDGE_CURVE ( 'NONE', #758, #8743, #3389, .T. ) ;
#2926 = AXIS2_PLACEMENT_3D ( 'NONE', #7944, #1155, #8765 ) ;
#2927 = DIRECTION ( 'NONE',  ( 0.000000000000000000, -0.6427876096865299260, -0.7660444431189857850 ) ) ;
#2928 = AXIS2_PLACEMENT_3D ( 'NONE', #861, #1044, #1533 ) ;
#2929 = EDGE_CURVE ( 'NONE', #5993, #3016, #3580, .T. ) ;
#2930 = ORIENTED_EDGE ( 'NONE', *, *, #6282, .F. ) ;
#2931 = CARTESIAN_POINT ( 'NONE',  ( 8.000000000000001776, 14.46627289076940492, -95.91520707713551985 ) ) ;
#2932 = EDGE_CURVE ( 'NONE', #236, #4463, #8376, .T. ) ;
#2933 = CARTESIAN_POINT ( 'NONE',  ( -8.499999999999998224, 97.87238061538435829, -18.86335522284969457 ) ) ;
#2934 = ORIENTED_EDGE ( 'NONE', *, *, #722, .T. ) ;
#2935 = ORIENTED_EDGE ( 'NONE', *, *, #7907, .T. ) ;
#2936 = FACE_OUTER_BOUND ( 'NONE', #5212, .T. ) ;
#2937 = VERTEX_POINT ( 'NONE', #2806 ) ;
#2938 = AXIS2_PLACEMENT_3D ( 'NONE', #3157, #5890, #2413 ) ;
#2939 = CIRCLE ( 'NONE', #8040, 49.50000000000002132 ) ;
#2940 = CYLINDRICAL_SURFACE ( 'NONE', #5524, 49.50000000000001421 ) ;
#2941 = ORIENTED_EDGE ( 'NONE', *, *, #3421, .T. ) ;
#2942 = CYLINDRICAL_SURFACE ( 'NONE', #5122, 101.5009999999999906 ) ;
#2943 = CIRCLE ( 'NONE', #7331, 101.5010000000000048 ) ;
#2944 = EDGE_LOOP ( 'NONE', ( #5748, #2435, #3355, #835 ) ) ;
#2945 = CARTESIAN_POINT ( 'NONE',  ( 7.999999999999992895, 112.4050519506655377, -24.29206240664194283 ) ) ;
#2946 = ORIENTED_EDGE ( 'NONE', *, *, #610, .T. ) ;
#2947 = DIRECTION ( 'NONE',  ( 1.000000000000000000, 0.000000000000000000, 0.000000000000000000 ) ) ;
#2948 = DIRECTION ( 'NONE',  ( -1.000000000000000000, 0.000000000000000000, -0.000000000000000000 ) ) ;
#2949 = CIRCLE ( 'NONE', #6450, 101.5010000000000190 ) ;
#2950 = AXIS2_PLACEMENT_3D ( 'NONE', #6840, #2496, #6754 ) ;
#2951 = ORIENTED_EDGE ( 'NONE', *, *, #6931, .T. ) ;
#2952 = LINE ( 'NONE', #5732, #2735 ) ;
#2953 = CARTESIAN_POINT ( 'NONE',  ( 0.000000000000000000, 36.93615743614882518, -94.54191279454857977 ) ) ;
#2954 = AXIS2_PLACEMENT_3D ( 'NONE', #4618, #6083, #8177 ) ;
#2955 = EDGE_LOOP ( 'NONE', ( #1527, #4391, #5668, #5817 ) ) ;
#2956 = CARTESIAN_POINT ( 'NONE',  ( 8.000000000000001776, 0.000000000000000000, 0.000000000000000000 ) ) ;
#2957 = EDGE_LOOP ( 'NONE', ( #6040, #2996, #1531, #4763 ) ) ;
#2958 = CYLINDRICAL_SURFACE ( 'NONE', #6305, 49.50000000000001421 ) ;
#2959 = CARTESIAN_POINT ( 'NONE',  ( 0.000000000000000000, -52.62475156798522846, -77.62393974657267393 ) ) ;
#2960 = CIRCLE ( 'NONE', #5299, 101.5010000000000048 ) ;
#2961 = AXIS2_PLACEMENT_3D ( 'NONE', #472, #3827, #5880 ) ;
#2962 = ADVANCED_FACE ( 'NONE', ( #2120 ), #7698, .F. ) ;
#2963 = DIRECTION ( 'NONE',  ( 0.000000000000000000, -0.9788024462147807414, 0.2048066680651809690 ) ) ;
#2964 = AXIS2_PLACEMENT_3D ( 'NONE', #359, #3937, #6729 ) ;
#2965 = CARTESIAN_POINT ( 'NONE',  ( -10.00000000000000000, 0.000000000000000000, 0.000000000000000000 ) ) ;
#2966 = CARTESIAN_POINT ( 'NONE',  ( 8.000000000000001776, 0.000000000000000000, 0.000000000000000000 ) ) ;
#2967 = ORIENTED_EDGE ( 'NONE', *, *, #4478, .F. ) ;
#2968 = ORIENTED_EDGE ( 'NONE', *, *, #8567, .T. ) ;
#2969 = CYLINDRICAL_SURFACE ( 'NONE', #1771, 97.00000000000000000 ) ;
#2970 = CARTESIAN_POINT ( 'NONE',  ( 8.000000000000001776, 0.000000000000000000, 0.000000000000000000 ) ) ;
#2971 = ORIENTED_EDGE ( 'NONE', *, *, #4696, .T. ) ;
#2972 = AXIS2_PLACEMENT_3D ( 'NONE', #7150, #3539, #3677 ) ;
#2973 = DIRECTION ( 'NONE',  ( 1.000000000000000000, 0.000000000000000000, 0.000000000000000000 ) ) ;
#2974 = VECTOR ( 'NONE', #7507, 1000.000000000000000 ) ;
#2975 = DIRECTION ( 'NONE',  ( -1.000000000000000000, -0.000000000000000000, 0.000000000000000000 ) ) ;
#2976 = EDGE_CURVE ( 'NONE', #1346, #4959, #5540, .T. ) ;
#2977 = DIRECTION ( 'NONE',  ( 1.000000000000000000, 0.000000000000000000, 0.000000000000000000 ) ) ;
#2978 = VERTEX_POINT ( 'NONE', #2029 ) ;
#2979 = DIRECTION ( 'NONE',  ( -1.000000000000000000, 0.000000000000000000, 0.000000000000000000 ) ) ;
#2980 = EDGE_CURVE ( 'NONE', #6745, #2047, #1222, .T. ) ;
#2981 = DIRECTION ( 'NONE',  ( 0.000000000000000000, 0.2203105327865343133, 0.9754297868854083786 ) ) ;
#2982 = VERTEX_POINT ( 'NONE', #7609 ) ;
#2983 = EDGE_LOOP ( 'NONE', ( #1720, #3404, #46, #3588 ) ) ;
#2984 = VECTOR ( 'NONE', #8124, 1000.000000000000000 ) ;
#2985 = VERTEX_POINT ( 'NONE', #779 ) ;
#2986 = EDGE_CURVE ( 'NONE', #4053, #5311, #3673, .T. ) ;
#2987 = ADVANCED_FACE ( 'NONE', ( #3532 ), #821, .F. ) ;
#2988 = EDGE_CURVE ( 'NONE', #5035, #8576, #6970, .T. ) ;
#2989 = CYLINDRICAL_SURFACE ( 'NONE', #6425, 49.50000000000001421 ) ;
#2990 = VECTOR ( 'NONE', #2598, 1000.000000000000000 ) ;
#2991 = CARTESIAN_POINT ( 'NONE',  ( 0.000000000000000000, -88.40099660786249558, 31.30661748110753706 ) ) ;
#2992 = EDGE_LOOP ( 'NONE', ( #4942, #8356, #7201, #4774 ) ) ;
#2993 = CARTESIAN_POINT ( 'NONE',  ( 8.000000000000001776, 42.85801168260380223, -92.00893345547375191 ) ) ;
#2994 = EDGE_LOOP ( 'NONE', ( #2373, #5825, #6971, #7310 ) ) ;
#2995 = DIRECTION ( 'NONE',  ( 0.000000000000000000, -0.9718115683235390989, -0.2357589355094378836 ) ) ;
#2996 = ORIENTED_EDGE ( 'NONE', *, *, #7341, .F. ) ;
#2997 = DIRECTION ( 'NONE',  ( 0.000000000000000000, 0.7957618405308291010, 0.6056096871376706048 ) ) ;
#2998 = CARTESIAN_POINT ( 'NONE',  ( 8.000000000000001776, -76.77922663551944993, -53.84970618882934446 ) ) ;
#2999 = EDGE_CURVE ( 'NONE', #3218, #5017, #5866, .T. ) ;
#3000 = AXIS2_PLACEMENT_3D ( 'NONE', #7628, #1296, #1340 ) ;
#3001 = VERTEX_POINT ( 'NONE', #8332 ) ;
#3002 = LINE ( 'NONE', #3096, #7260 ) ;
#3003 = DIRECTION ( 'NONE',  ( -1.000000000000000000, 0.000000000000000000, 0.000000000000000000 ) ) ;
#3004 = ORIENTED_EDGE ( 'NONE', *, *, #2146, .F. ) ;
#3005 = DIRECTION ( 'NONE',  ( -1.000000000000000000, -0.000000000000000000, -0.000000000000000000 ) ) ;
#3006 = VECTOR ( 'NONE', #2318, 1000.000000000000000 ) ;
#3007 = FACE_OUTER_BOUND ( 'NONE', #8802, .T. ) ;
#3008 = DIRECTION ( 'NONE',  ( 1.000000000000000000, 0.000000000000000000, 0.000000000000000000 ) ) ;
#3009 = AXIS2_PLACEMENT_3D ( 'NONE', #562, #649, #5891 ) ;
#3010 = ORIENTED_EDGE ( 'NONE', *, *, #51, .F. ) ;
#3011 = AXIS2_PLACEMENT_3D ( 'NONE', #8424, #1497, #7704 ) ;
#3012 = CARTESIAN_POINT ( 'NONE',  ( 8.000000000000001776, 0.000000000000000000, 0.000000000000000000 ) ) ;
#3013 = FACE_OUTER_BOUND ( 'NONE', #3075, .T. ) ;
#3014 = DIRECTION ( 'NONE',  ( 1.000000000000000000, -0.000000000000000000, 0.000000000000000000 ) ) ;
#3015 = ORIENTED_EDGE ( 'NONE', *, *, #5536, .T. ) ;
#3016 = VERTEX_POINT ( 'NONE', #1491 ) ;
#3017 = DIRECTION ( 'NONE',  ( 1.000000000000000000, 0.000000000000000000, 0.000000000000000000 ) ) ;
#3018 = DIRECTION ( 'NONE',  ( 0.000000000000000000, -0.8325698546347760631, 0.5539200638661031517 ) ) ;
#3019 = ORIENTED_EDGE ( 'NONE', *, *, #1705, .F. ) ;
#3020 = AXIS2_PLACEMENT_3D ( 'NONE', #4333, #2328, #4290 ) ;
#3021 = DIRECTION ( 'NONE',  ( 0.000000000000000000, -0.6667690005162978384, 0.7452644496757492298 ) ) ;
#3022 = CIRCLE ( 'NONE', #5942, 49.50000000000001421 ) ;
#3023 = LINE ( 'NONE', #5754, #753 ) ;
#3024 = CARTESIAN_POINT ( 'NONE',  ( -101.9074929644522598, 0.000000000000000000, -115.0000000000000142 ) ) ;
#3025 = ORIENTED_EDGE ( 'NONE', *, *, #489, .F. ) ;
#3026 = DIRECTION ( 'NONE',  ( -1.000000000000000000, 0.000000000000000000, 0.000000000000000000 ) ) ;
#3027 = DIRECTION ( 'NONE',  ( -1.000000000000000000, 0.000000000000000000, 0.000000000000000000 ) ) ;
#3028 = ORIENTED_EDGE ( 'NONE', *, *, #7228, .F. ) ;
#3029 = ORIENTED_EDGE ( 'NONE', *, *, #2240, .T. ) ;
#3030 = EDGE_CURVE ( 'NONE', #3063, #4053, #2657, .T. ) ;
#3031 = ORIENTED_EDGE ( 'NONE', *, *, #3254, .T. ) ;
#3032 = FACE_OUTER_BOUND ( 'NONE', #4274, .T. ) ;
#3033 = ORIENTED_EDGE ( 'NONE', *, *, #8951, .F. ) ;
#3034 = CARTESIAN_POINT ( 'NONE',  ( 8.000000000000001776, 34.23037868430131425, -87.31049005990654166 ) ) ;
#3035 = DIRECTION ( 'NONE',  ( 0.000000000000000000, 0.000000000000000000, 1.000000000000000000 ) ) ;
#3036 = AXIS2_PLACEMENT_3D ( 'NONE', #597, #4542, #8745 ) ;
#3037 = ORIENTED_EDGE ( 'NONE', *, *, #2809, .T. ) ;
#3038 = ADVANCED_FACE ( 'NONE', ( #7740 ), #2073, .F. ) ;
#3039 = DIRECTION ( 'NONE',  ( -1.000000000000000000, 0.000000000000000000, 0.000000000000000000 ) ) ;
#3040 = EDGE_CURVE ( 'NONE', #3784, #6096, #136, .T. ) ;
#3041 = CARTESIAN_POINT ( 'NONE',  ( 4.000000000000000888, -77.71277963783474263, 58.04932282948127664 ) ) ;
#3042 = DIRECTION ( 'NONE',  ( -1.000000000000000000, -0.000000000000000000, 0.000000000000000000 ) ) ;
#3043 = DIRECTION ( 'NONE',  ( 1.000000000000000000, 0.000000000000000000, 0.000000000000000000 ) ) ;
#3044 = EDGE_CURVE ( 'NONE', #7530, #8150, #4843, .T. ) ;
#3045 = AXIS2_PLACEMENT_3D ( 'NONE', #247, #3110, #7312 ) ;
#3046 = ORIENTED_EDGE ( 'NONE', *, *, #1098, .F. ) ;
#3047 = CARTESIAN_POINT ( 'NONE',  ( 8.000000000000001776, 63.40761948437956619, -79.25860705515921723 ) ) ;
#3048 = VERTEX_POINT ( 'NONE', #3449 ) ;
#3049 = EDGE_CURVE ( 'NONE', #3868, #469, #8185, .T. ) ;
#3050 = CARTESIAN_POINT ( 'NONE',  ( 8.000000000000001776, -8.804448712013826395, -101.1184191128278940 ) ) ;
#3051 = EDGE_CURVE ( 'NONE', #5773, #1004, #5769, .T. ) ;
#3052 = VERTEX_POINT ( 'NONE', #3672 ) ;
#3053 = CARTESIAN_POINT ( 'NONE',  ( 8.000000000000001776, -70.43315616595427286, -61.91939124276014894 ) ) ;
#3054 = CARTESIAN_POINT ( 'NONE',  ( -10.00000000000000000, 0.000000000000000000, 0.000000000000000000 ) ) ;
#3055 = EDGE_LOOP ( 'NONE', ( #8114, #4822, #6230, #1002 ) ) ;
#3056 = CIRCLE ( 'NONE', #6705, 101.5009999999999906 ) ;
#3057 = CARTESIAN_POINT ( 'NONE',  ( 8.000000000000001776, -36.98332656172887312, -86.18047375014958789 ) ) ;
#3058 = CARTESIAN_POINT ( 'NONE',  ( 0.000000000000000000, -65.20060208237521238, -67.40713602777879032 ) ) ;
#3059 = CARTESIAN_POINT ( 'NONE',  ( -10.00000000000000000, 0.000000000000000000, 0.000000000000000000 ) ) ;
#3060 = ORIENTED_EDGE ( 'NONE', *, *, #8394, .T. ) ;
#3061 = CARTESIAN_POINT ( 'NONE',  ( 8.000000000000001776, 88.32304916852054077, -50.01491764039108290 ) ) ;
#3062 = DIRECTION ( 'NONE',  ( 1.000000000000000000, 0.000000000000000000, 0.000000000000000000 ) ) ;
#3063 = VERTEX_POINT ( 'NONE', #7243 ) ;
#3064 = DIRECTION ( 'NONE',  ( -1.000000000000000000, -0.000000000000000000, -0.000000000000000000 ) ) ;
#3065 = AXIS2_PLACEMENT_3D ( 'NONE', #2100, #4879, #4193 ) ;
#3066 = VECTOR ( 'NONE', #3305, 1000.000000000000000 ) ;
#3067 = CARTESIAN_POINT ( 'NONE',  ( 0.000000000000000000, -73.87460308289878697, -62.86129985407686149 ) ) ;
#3068 = CARTESIAN_POINT ( 'NONE',  ( 0.000000000000000000, 92.42805162179945455, -25.97529195377645195 ) ) ;
#3069 = AXIS2_PLACEMENT_3D ( 'NONE', #7842, #4411, #1587 ) ;
#3070 = ORIENTED_EDGE ( 'NONE', *, *, #3642, .T. ) ;
#3071 = CARTESIAN_POINT ( 'NONE',  ( 0.000000000000000000, -98.83617571244400324, 23.10548358158499838 ) ) ;
#3072 = DIRECTION ( 'NONE',  ( -5.059610138265687687E-16, 0.1892512443604032479, 0.9819286972627080390 ) ) ;
#3073 = ORIENTED_EDGE ( 'NONE', *, *, #442, .T. ) ;
#3074 = ORIENTED_EDGE ( 'NONE', *, *, #714, .F. ) ;
#3075 = EDGE_LOOP ( 'NONE', ( #7643, #7518, #6390, #5196 ) ) ;
#3076 = CIRCLE ( 'NONE', #4812, 101.5009999999999906 ) ;
#3077 = AXIS2_PLACEMENT_3D ( 'NONE', #6864, #2786, #2104 ) ;
#3078 = DIRECTION ( 'NONE',  ( -1.000000000000000000, -0.000000000000000000, -0.000000000000000000 ) ) ;
#3079 = AXIS2_PLACEMENT_3D ( 'NONE', #4748, #5304, #6773 ) ;
#3080 = FACE_OUTER_BOUND ( 'NONE', #6387, .T. ) ;
#3081 = EDGE_CURVE ( 'NONE', #538, #5448, #8617, .T. ) ;
#3082 = VERTEX_POINT ( 'NONE', #5083 ) ;
#3083 = LINE ( 'NONE', #318, #5326 ) ;
#3084 = CARTESIAN_POINT ( 'NONE',  ( 8.000000000000001776, 0.000000000000000000, 0.000000000000000000 ) ) ;
#3085 = ORIENTED_EDGE ( 'NONE', *, *, #5763, .T. ) ;
#3086 = AXIS2_PLACEMENT_3D ( 'NONE', #5165, #255, #1028 ) ;
#3087 = DIRECTION ( 'NONE',  ( 0.000000000000000000, 0.000000000000000000, 1.000000000000000000 ) ) ;
#3088 = AXIS2_PLACEMENT_3D ( 'NONE', #1871, #4648, #1070 ) ;
#3089 = ORIENTED_EDGE ( 'NONE', *, *, #5753, .T. ) ;
#3090 = PLANE ( 'NONE',  #1810 ) ;
#3091 = AXIS2_PLACEMENT_3D ( 'NONE', #8536, #5069, #6489 ) ;
#3092 = CARTESIAN_POINT ( 'NONE',  ( 8.000000000000001776, -91.65297556423627157, 19.86385082488329701 ) ) ;
#3093 = EDGE_CURVE ( 'NONE', #5408, #87, #8461, .T. ) ;
#3094 = ORIENTED_EDGE ( 'NONE', *, *, #3030, .F. ) ;
#3095 = CIRCLE ( 'NONE', #6889, 49.50000000000001421 ) ;
#3096 = CARTESIAN_POINT ( 'NONE',  ( 4.000000000000000888, -69.73895957492959496, -67.42015661066309917 ) ) ;
#3097 = EDGE_CURVE ( 'NONE', #2520, #4495, #7827, .T. ) ;
#3098 = CARTESIAN_POINT ( 'NONE',  ( 8.000000000000001776, -91.65297556423597314, -19.86385082488457243 ) ) ;
#3099 = ORIENTED_EDGE ( 'NONE', *, *, #1119, .T. ) ;
#3100 = LINE ( 'NONE', #7350, #5837 ) ;
#3101 = DIRECTION ( 'NONE',  ( 0.000000000000000000, 0.000000000000000000, -1.000000000000000000 ) ) ;
#3102 = DIRECTION ( 'NONE',  ( 0.000000000000000000, 0.03172793349806101587, 0.9994965423831853046 ) ) ;
#3103 = AXIS2_PLACEMENT_3D ( 'NONE', #7652, #8973, #4900 ) ;
#3104 = ADVANCED_FACE ( 'NONE', ( #7104 ), #3719, .F. ) ;
#3105 = EDGE_CURVE ( 'NONE', #2689, #8727, #1922, .T. ) ;
#3106 = ADVANCED_FACE ( 'NONE', ( #2257 ), #7783, .F. ) ;
#3107 = ORIENTED_EDGE ( 'NONE', *, *, #5401, .F. ) ;
#3108 = CIRCLE ( 'NONE', #200, 101.5009999999999906 ) ;
#3109 = DIRECTION ( 'NONE',  ( 0.000000000000000000, 0.000000000000000000, 1.000000000000000000 ) ) ;
#3110 = DIRECTION ( 'NONE',  ( -1.000000000000000000, -0.000000000000000000, -0.000000000000000000 ) ) ;
#3111 = FACE_OUTER_BOUND ( 'NONE', #2433, .T. ) ;
#3112 = ORIENTED_EDGE ( 'NONE', *, *, #1779, .F. ) ;
#3113 = DIRECTION ( 'NONE',  ( -1.000000000000000000, -0.000000000000000000, -0.000000000000000000 ) ) ;
#3114 = DIRECTION ( 'NONE',  ( 0.000000000000000000, 0.000000000000000000, 1.000000000000000000 ) ) ;
#3115 = EDGE_LOOP ( 'NONE', ( #3262, #6832, #1696, #2760 ) ) ;
#3116 = CARTESIAN_POINT ( 'NONE',  ( 8.000000000000001776, -67.04387314720949576, 76.20742794781151019 ) ) ;
#3117 = DIRECTION ( 'NONE',  ( -1.000000000000000000, -0.000000000000000000, -0.000000000000000000 ) ) ;
#3118 = CIRCLE ( 'NONE', #6022, 97.00000000000000000 ) ;
#3119 = AXIS2_PLACEMENT_3D ( 'NONE', #2887, #8455, #2981 ) ;
#3120 = ADVANCED_FACE ( 'NONE', ( #5865 ), #2942, .F. ) ;
#3121 = DIRECTION ( 'NONE',  ( 1.000000000000000000, 0.000000000000000000, 0.000000000000000000 ) ) ;
#3122 = CARTESIAN_POINT ( 'NONE',  ( 0.000000000000000000, -50.57129872908485169, -82.77405236457654780 ) ) ;
#3123 = ORIENTED_EDGE ( 'NONE', *, *, #3140, .T. ) ;
#3124 = CARTESIAN_POINT ( 'NONE',  ( -10.00000000000000000, 0.000000000000000000, 0.000000000000000000 ) ) ;
#3125 = LINE ( 'NONE', #2566, #7061 ) ;
#3126 = EDGE_LOOP ( 'NONE', ( #7577, #4620, #7351, #1638 ) ) ;
#3127 = ORIENTED_EDGE ( 'NONE', *, *, #7618, .T. ) ;
#3128 = ORIENTED_EDGE ( 'NONE', *, *, #4804, .F. ) ;
#3129 = CIRCLE ( 'NONE', #5739, 49.50000000000002132 ) ;
#3130 = CIRCLE ( 'NONE', #1956, 97.00000000000000000 ) ;
#3131 = VERTEX_POINT ( 'NONE', #5135 ) ;
#3132 = CARTESIAN_POINT ( 'NONE',  ( 0.000000000000000000, 0.000000000000000000, 0.000000000000000000 ) ) ;
#3133 = DIRECTION ( 'NONE',  ( -1.000000000000000000, -0.000000000000000000, -0.000000000000000000 ) ) ;
#3134 = AXIS2_PLACEMENT_3D ( 'NONE', #2608, #8175, #3426 ) ;
#3135 = ORIENTED_EDGE ( 'NONE', *, *, #5775, .F. ) ;
#3136 = CARTESIAN_POINT ( 'NONE',  ( 0.000000000000000000, -36.98332656172887312, -86.18047375014958789 ) ) ;
#3137 = EDGE_LOOP ( 'NONE', ( #8241, #285, #5456, #1392 ) ) ;
#3138 = CARTESIAN_POINT ( 'NONE',  ( 0.000000000000000000, 27.06486892284542733, -89.79049710053341471 ) ) ;
#3139 = DIRECTION ( 'NONE',  ( 0.000000000000000000, 0.7957618405308291010, 0.6056096871376706048 ) ) ;
#3140 = EDGE_CURVE ( 'NONE', #1739, #7591, #319, .T. ) ;
#3141 = AXIS2_PLACEMENT_3D ( 'NONE', #4229, #2823, #8598 ) ;
#3142 = VERTEX_POINT ( 'NONE', #7290 ) ;
#3143 = DIRECTION ( 'NONE',  ( 1.000000000000000000, 0.000000000000000000, 0.000000000000000000 ) ) ;
#3144 = CARTESIAN_POINT ( 'NONE',  ( 8.000000000000001776, -93.75594538243993270, 2.159445488232394794 ) ) ;
#3145 = ORIENTED_EDGE ( 'NONE', *, *, #957, .F. ) ;
#3146 = DIRECTION ( 'NONE',  ( 0.000000000000000000, 0.3420201433256628842, 0.9396926207859104263 ) ) ;
#3147 = CARTESIAN_POINT ( 'NONE',  ( 0.000000000000000000, 93.94398484599103938, -38.43150676536382804 ) ) ;
#3148 = CARTESIAN_POINT ( 'NONE',  ( 8.000000000000001776, 85.79823873469557327, -54.23204985084175433 ) ) ;
#3149 = EDGE_CURVE ( 'NONE', #5720, #7135, #7893, .T. ) ;
#3150 = EDGE_LOOP ( 'NONE', ( #3060, #264, #2181, #3741 ) ) ;
#3151 = CARTESIAN_POINT ( 'NONE',  ( 0.000000000000000000, 0.000000000000000000, 0.000000000000000000 ) ) ;
#3152 = FACE_OUTER_BOUND ( 'NONE', #8001, .T. ) ;
#3153 = CIRCLE ( 'NONE', #7382, 49.50000000000001421 ) ;
#3154 = CYLINDRICAL_SURFACE ( 'NONE', #1395, 101.5009999999999906 ) ;
#3155 = ORIENTED_EDGE ( 'NONE', *, *, #6740, .F. ) ;
#3156 = EDGE_CURVE ( 'NONE', #144, #4786, #2939, .T. ) ;
#3157 = CARTESIAN_POINT ( 'NONE',  ( 0.000000000000000000, -20.00522777441543454, 91.62222089136162140 ) ) ;
#3158 = VERTEX_POINT ( 'NONE', #2993 ) ;
#3159 = ADVANCED_FACE ( 'NONE', ( #5187 ), #2301, .F. ) ;
#3160 = CARTESIAN_POINT ( 'NONE',  ( 0.000000000000000000, 0.000000000000000000, 0.000000000000000000 ) ) ;
#3161 = DIRECTION ( 'NONE',  ( 1.000000000000000000, 0.000000000000000000, 0.000000000000000000 ) ) ;
#3162 = ADVANCED_FACE ( 'NONE', ( #182 ), #4350, .F. ) ;
#3163 = EDGE_CURVE ( 'NONE', #6049, #5181, #4429, .T. ) ;
#3164 = CIRCLE ( 'NONE', #4167, 97.00000000000000000 ) ;
#3165 = CARTESIAN_POINT ( 'NONE',  ( 0.000000000000000000, -52.62475156798626585, 77.62393974657194917 ) ) ;
#3166 = CARTESIAN_POINT ( 'NONE',  ( 8.000000000000001776, 59.76508719630616184, -72.27015187329845958 ) ) ;
#3167 = VECTOR ( 'NONE', #1190, 1000.000000000000000 ) ;
#3168 = VERTEX_POINT ( 'NONE', #4306 ) ;
#3169 = CARTESIAN_POINT ( 'NONE',  ( -10.00000000000000000, 0.000000000000000000, 0.000000000000000000 ) ) ;
#3170 = CYLINDRICAL_SURFACE ( 'NONE', #8805, 49.50000000000001421 ) ;
#3171 = ORIENTED_EDGE ( 'NONE', *, *, #8018, .F. ) ;
#3172 = CIRCLE ( 'NONE', #5046, 101.5009999999999906 ) ;
#3173 = ORIENTED_EDGE ( 'NONE', *, *, #3714, .F. ) ;
#3174 = ADVANCED_FACE ( 'NONE', ( #3625 ), #1623, .F. ) ;
#3175 = VERTEX_POINT ( 'NONE', #8877 ) ;
#3176 = DIRECTION ( 'NONE',  ( 0.000000000000000000, 0.000000000000000000, 1.000000000000000000 ) ) ;
#3177 = VERTEX_POINT ( 'NONE', #5233 ) ;
#3178 = CARTESIAN_POINT ( 'NONE',  ( 8.000000000000001776, 0.000000000000000000, 0.000000000000000000 ) ) ;
#3179 = CARTESIAN_POINT ( 'NONE',  ( 0.000000000000000000, -45.21962749668706749, -85.81483140495507200 ) ) ;
#3180 = ORIENTED_EDGE ( 'NONE', *, *, #4, .T. ) ;
#3181 = DIRECTION ( 'NONE',  ( 0.000000000000000000, 0.000000000000000000, 1.000000000000000000 ) ) ;
#3182 = LINE ( 'NONE', #5409, #3469 ) ;
#3183 = VECTOR ( 'NONE', #4317, 1000.000000000000000 ) ;
#3184 = CYLINDRICAL_SURFACE ( 'NONE', #6314, 49.50000000000001421 ) ;
#3185 = AXIS2_PLACEMENT_3D ( 'NONE', #3313, #5963, #7385 ) ;
#3186 = DIRECTION ( 'NONE',  ( 0.000000000000000000, 0.000000000000000000, 1.000000000000000000 ) ) ;
#3187 = DIRECTION ( 'NONE',  ( 0.000000000000000000, -0.9988673391830074078, -0.04758191582375303347 ) ) ;
#3188 = VERTEX_POINT ( 'NONE', #2619 ) ;
#3189 = ORIENTED_EDGE ( 'NONE', *, *, #5281, .T. ) ;
#3190 = DIRECTION ( 'NONE',  ( 1.000000000000000000, 0.000000000000000000, -0.000000000000000000 ) ) ;
#3191 = ORIENTED_EDGE ( 'NONE', *, *, #6051, .F. ) ;
#3192 = CARTESIAN_POINT ( 'NONE',  ( 8.000000000000001776, 81.28096256721885027, -60.79356976807965651 ) ) ;
#3193 = DIRECTION ( 'NONE',  ( 0.000000000000000000, 0.000000000000000000, 1.000000000000000000 ) ) ;
#3194 = CIRCLE ( 'NONE', #588, 101.5010000000000048 ) ;
#3195 = EDGE_LOOP ( 'NONE', ( #122, #2542, #7546, #5144 ) ) ;
#3196 = CARTESIAN_POINT ( 'NONE',  ( 0.000000000000000000, 0.000000000000000000, 0.000000000000000000 ) ) ;
#3197 = CARTESIAN_POINT ( 'NONE',  ( 8.000000000000001776, -91.65297556423597314, -19.86385082488457243 ) ) ;
#3198 = CARTESIAN_POINT ( 'NONE',  ( 0.000000000000000000, -25.77599115522163231, 90.16894575926703226 ) ) ;
#3199 = EDGE_LOOP ( 'NONE', ( #4443, #8556, #317, #54, #7974, #1040, #4264, #8779 ) ) ;
#3200 = VECTOR ( 'NONE', #7651, 1000.000000000000000 ) ;
#3201 = EDGE_CURVE ( 'NONE', #1081, #6587, #6831, .T. ) ;
#3202 = CARTESIAN_POINT ( 'NONE',  ( -10.00000000000000000, 0.000000000000000000, 0.000000000000000000 ) ) ;
#3203 = ORIENTED_EDGE ( 'NONE', *, *, #8618, .T. ) ;
#3204 = DIRECTION ( 'NONE',  ( 0.000000000000000000, 0.000000000000000000, 1.000000000000000000 ) ) ;
#3205 = DIRECTION ( 'NONE',  ( -1.000000000000000000, -0.000000000000000000, -0.000000000000000000 ) ) ;
#3206 = MECHANICAL_DESIGN_GEOMETRIC_PRESENTATION_REPRESENTATION (  '', ( #1316 ), #3349 ) ;
#3207 = DIRECTION ( 'NONE',  ( 1.000000000000000000, 0.000000000000000000, 0.000000000000000000 ) ) ;
#3208 = CIRCLE ( 'NONE', #1751, 49.50000000000002132 ) ;
#3209 = EDGE_CURVE ( 'NONE', #620, #5969, #2577, .T. ) ;
#3210 = CARTESIAN_POINT ( 'NONE',  ( 0.000000000000000000, -91.65297556423627157, 19.86385082488329701 ) ) ;
#3211 = VERTEX_POINT ( 'NONE', #5959 ) ;
#3212 = ADVANCED_FACE ( 'NONE', ( #549 ), #5364, .F. ) ;
#3213 = DIRECTION ( 'NONE',  ( -1.000000000000000000, -0.000000000000000000, -0.000000000000000000 ) ) ;
#3214 = CARTESIAN_POINT ( 'NONE',  ( 8.000000000000001776, 48.74810734211839502, -80.11530771290220798 ) ) ;
#3215 = ORIENTED_EDGE ( 'NONE', *, *, #6879, .T. ) ;
#3216 = VERTEX_POINT ( 'NONE', #7517 ) ;
#3217 = AXIS2_PLACEMENT_3D ( 'NONE', #4932, #8489, #2063 ) ;
#3218 = VERTEX_POINT ( 'NONE', #3857 ) ;
#3219 = EDGE_CURVE ( 'NONE', #7530, #3462, #1669, .T. ) ;
#3220 = ADVANCED_FACE ( 'NONE', ( #3904 ), #1847, .F. ) ;
#3221 = CIRCLE ( 'NONE', #8315, 101.5010000000000048 ) ;
#3222 = EDGE_CURVE ( 'NONE', #7470, #5008, #7070, .T. ) ;
#3223 = LINE ( 'NONE', #1174, #6122 ) ;
#3224 = ORIENTED_EDGE ( 'NONE', *, *, #3312, .F. ) ;
#3225 = DIRECTION ( 'NONE',  ( 0.000000000000000000, 0.000000000000000000, 1.000000000000000000 ) ) ;
#3226 = CARTESIAN_POINT ( 'NONE',  ( 4.000000000000000888, 67.56474671917180785, -69.59888649090704860 ) ) ;
#3227 = ORIENTED_EDGE ( 'NONE', *, *, #8678, .T. ) ;
#3228 = DIRECTION ( 'NONE',  ( 0.000000000000000000, -0.9848077530122063550, -0.1736481776669404897 ) ) ;
#3229 = DIRECTION ( 'NONE',  ( 0.000000000000000000, 0.000000000000000000, 1.000000000000000000 ) ) ;
#3230 = AXIS2_PLACEMENT_3D ( 'NONE', #2486, #7923, #3087 ) ;
#3231 = ORIENTED_EDGE ( 'NONE', *, *, #1666, .F. ) ;
#3232 = CIRCLE ( 'NONE', #7595, 101.5010000000000048 ) ;
#3233 = EDGE_CURVE ( 'NONE', #3175, #5956, #3700, .T. ) ;
#3234 = CYLINDRICAL_SURFACE ( 'NONE', #2461, 97.00000000000000000 ) ;
#3235 = AXIS2_PLACEMENT_3D ( 'NONE', #7285, #5033, #952 ) ;
#3236 = AXIS2_PLACEMENT_3D ( 'NONE', #6669, #2600, #1694 ) ;
#3237 = CYLINDRICAL_SURFACE ( 'NONE', #6752, 97.00000000000000000 ) ;
#3238 = ORIENTED_EDGE ( 'NONE', *, *, #4654, .F. ) ;
#3239 = CARTESIAN_POINT ( 'NONE',  ( 8.000000000000001776, -85.08657671802403399, 46.57547060854901133 ) ) ;
#3240 = ORIENTED_EDGE ( 'NONE', *, *, #3467, .F. ) ;
#3241 = CARTESIAN_POINT ( 'NONE',  ( 8.000000000000001776, -91.29328596891726022, -21.45638451298825800 ) ) ;
#3242 = LINE ( 'NONE', #523, #5349 ) ;
#3243 = AXIS2_PLACEMENT_3D ( 'NONE', #7302, #2356, #7840 ) ;
#3244 = ORIENTED_EDGE ( 'NONE', *, *, #4061, .T. ) ;
#3245 = DIRECTION ( 'NONE',  ( 0.000000000000000000, 0.000000000000000000, 1.000000000000000000 ) ) ;
#3246 = CARTESIAN_POINT ( 'NONE',  ( 4.000000000000000888, -46.39878275736268165, -85.18305558404830435 ) ) ;
#3247 = CYLINDRICAL_SURFACE ( 'NONE', #5900, 101.5009999999999906 ) ;
#3248 = ORIENTED_EDGE ( 'NONE', *, *, #1535, .T. ) ;
#3249 = CARTESIAN_POINT ( 'NONE',  ( 0.000000000000000000, -57.44201543540481225, -74.12998962694128124 ) ) ;
#3250 = ORIENTED_EDGE ( 'NONE', *, *, #447, .F. ) ;
#3251 = CARTESIAN_POINT ( 'NONE',  ( 16.50000000000000711, 100.8977962754999709, -3.166008196913418615 ) ) ;
#3252 = CARTESIAN_POINT ( 'NONE',  ( 0.000000000000000000, 86.75640213517152688, -35.61133510459993090 ) ) ;
#3253 = CIRCLE ( 'NONE', #361, 101.5009999999999906 ) ;
#3254 = EDGE_CURVE ( 'NONE', #4538, #3413, #6093, .T. ) ;
#3255 = CARTESIAN_POINT ( 'NONE',  ( 8.000000000000001776, 0.000000000000000000, 0.000000000000000000 ) ) ;
#3256 = CARTESIAN_POINT ( 'NONE',  ( 8.000000000000001776, -12.53788020431948880, -92.93891574229729713 ) ) ;
#3257 = ORIENTED_EDGE ( 'NONE', *, *, #1055, .T. ) ;
#3258 = CYLINDRICAL_SURFACE ( 'NONE', #5434, 97.00000000000000000 ) ;
#3259 = CARTESIAN_POINT ( 'NONE',  ( 0.000000000000000000, -71.74226592738163788, 71.80181251615347549 ) ) ;
#3260 = ORIENTED_EDGE ( 'NONE', *, *, #5927, .F. ) ;
#3261 = AXIS2_PLACEMENT_3D ( 'NONE', #8157, #3781, #2405 ) ;
#3262 = ORIENTED_EDGE ( 'NONE', *, *, #1202, .T. ) ;
#3263 = ORIENTED_EDGE ( 'NONE', *, *, #3885, .T. ) ;
#3264 = EDGE_CURVE ( 'NONE', #5798, #8051, #8502, .T. ) ;
#3265 = AXIS2_PLACEMENT_3D ( 'NONE', #8699, #8016, #8746 ) ;
#3266 = ORIENTED_EDGE ( 'NONE', *, *, #270, .T. ) ;
#3267 = DIRECTION ( 'NONE',  ( 1.000000000000000000, 0.000000000000000000, 0.000000000000000000 ) ) ;
#3268 = CYLINDRICAL_SURFACE ( 'NONE', #8810, 97.00000000000000000 ) ;
#3269 = ORIENTED_EDGE ( 'NONE', *, *, #6268, .F. ) ;
#3270 = LINE ( 'NONE', #208, #772 ) ;
#3271 = CARTESIAN_POINT ( 'NONE',  ( 8.000000000000001776, 72.73491465031813163, -64.17657041951474639 ) ) ;
#3272 = AXIS2_PLACEMENT_3D ( 'NONE', #3843, #6632, #403 ) ;
#3273 = EDGE_CURVE ( 'NONE', #5231, #3188, #3310, .T. ) ;
#3274 = ORIENTED_EDGE ( 'NONE', *, *, #5229, .F. ) ;
#3275 = ADVANCED_FACE ( 'NONE', ( #8145 ), #2529, .F. ) ;
#3276 = CIRCLE ( 'NONE', #8090, 49.50000000000002132 ) ;
#3277 = DIRECTION ( 'NONE',  ( 1.000000000000000000, 0.000000000000000000, 0.000000000000000000 ) ) ;
#3278 = CARTESIAN_POINT ( 'NONE',  ( 8.000000000000001776, 0.000000000000000000, 0.000000000000000000 ) ) ;
#3279 = VERTEX_POINT ( 'NONE', #3179 ) ;
#3280 = CARTESIAN_POINT ( 'NONE',  ( 0.000000000000000000, 55.06110443411417776, -75.91518476475755506 ) ) ;
#3281 = CARTESIAN_POINT ( 'NONE',  ( 8.000000000000001776, -20.00522777441543454, 91.62222089136162140 ) ) ;
#3282 = DIRECTION ( 'NONE',  ( 0.000000000000000000, 0.000000000000000000, 1.000000000000000000 ) ) ;
#3283 = CARTESIAN_POINT ( 'NONE',  ( 0.000000000000000000, -8.245600228094202677, 93.41761384369736732 ) ) ;
#3284 = ADVANCED_FACE ( 'NONE', ( #8057 ), #8695, .F. ) ;
#3285 = CIRCLE ( 'NONE', #4150, 49.50000000000002842 ) ;
#3286 = ORIENTED_EDGE ( 'NONE', *, *, #217, .F. ) ;
#3287 = DIRECTION ( 'NONE',  ( -1.000000000000000000, -0.000000000000000000, -0.000000000000000000 ) ) ;
#3288 = DIRECTION ( 'NONE',  ( 0.000000000000000000, 0.000000000000000000, -1.000000000000000000 ) ) ;
#3289 = AXIS2_PLACEMENT_3D ( 'NONE', #7428, #6789, #6830 ) ;
#3290 = CARTESIAN_POINT ( 'NONE',  ( 8.000000000000001776, -65.89040824918002670, -77.20691097146932691 ) ) ;
#3291 = EDGE_LOOP ( 'NONE', ( #1315, #8848, #2490, #735, #3123, #5795, #884, #1661, #4849, #2275, #8414, #781, #1150, #4342, #2930, #5203, #8933, #497, #3524, #4596, #7828, #7391, #2594, #4667, #8024, #8858, #158, #6011, #645, #7189, #8645, #8117, #1090, #705, #2386, #3974, #4661, #147, #8870, #8693, #3274, #5346, #1469, #4256, #844, #852, #7772, #2527, #4098, #6310, #5506, #1310, #3033, #3304, #4143, #5387, #6201, #5188, #8139, #8167, #6197, #6347, #5234, #1134, #1459, #4267, #6260, #5029, #8974, #4817, #8517, #949, #1259, #2968, #7045, #2370, #4322, #1176, #701, #8969, #8471, #7170, #6421, #8776, #6419, #404, #3894, #8696, #4246, #2775, #311, #6984, #5645, #8543, #8417, #962, #6087, #5405, #5843, #7138, #348, #6755, #5128, #814, #8785, #1450, #5002, #3911, #2892, #4577, #4691, #4187, #7257, #1517, #5806, #7475, #221, #4929, #1896, #7246, #7146, #1947, #3445, #6633, #8920, #4531, #2848, #5569, #5829, #966, #7553, #909, #8671, #2907, #7638, #5803, #4559, #7979, #530, #6104, #5129, #641, #1400, #3633, #8690, #3492, #5287, #1569, #8492, #254, #7154, #8156, #1708, #4793, #7107, #2795, #4081, #8753, #5492, #3094, #1687, #5124, #4995, #1572, #1058, #673, #8825, #6137, #2407, #3374, #323, #7821, #3450, #4520, #950, #7741, #181, #6263, #2055, #1756, #1828, #913, #7007, #3250, #574, #8878, #5971, #3432, #7653, #3203, #7003, #8815, #2233, #7846, #5965, #1262, #4940, #2002, #8541, #1251, #4981, #7076, #2722, #691, #2898, #1670, #3764, #3286, #6655, #3855, #2326, #2150, #2844, #6939, #1204, #598, #8347, #2876, #369, #43, #7860, #8429, #3751, #499, #6459, #1890, #8260, #6849, #8760, #2588, #6141, #2170, #1852, #312, #3548, #1172, #8359, #6824, #5717, #3231, #6437, #1077, #5064, #1998, #1885, #175 ) ) ;
#3292 = DIRECTION ( 'NONE',  ( 1.000000000000000000, 0.000000000000000000, 0.000000000000000000 ) ) ;
#3293 = VERTEX_POINT ( 'NONE', #1178 ) ;
#3294 = CARTESIAN_POINT ( 'NONE',  ( 8.000000000000001776, -69.73895957493047604, 67.42015661066216126 ) ) ;
#3295 = LINE ( 'NONE', #8305, #6349 ) ;
#3296 = AXIS2_PLACEMENT_3D ( 'NONE', #5258, #3795, #2418 ) ;
#3297 = DIRECTION ( 'NONE',  ( -1.000000000000000000, 0.000000000000000000, 0.000000000000000000 ) ) ;
#3298 = CARTESIAN_POINT ( 'NONE',  ( 8.000000000000001776, -60.64301354649442999, 75.70617483402322989 ) ) ;
#3299 = ORIENTED_EDGE ( 'NONE', *, *, #1650, .T. ) ;
#3300 = CYLINDRICAL_SURFACE ( 'NONE', #2954, 49.50000000000001421 ) ;
#3301 = DIRECTION ( 'NONE',  ( 0.000000000000000000, 0.000000000000000000, 1.000000000000000000 ) ) ;
#3302 = ORIENTED_EDGE ( 'NONE', *, *, #7820, .F. ) ;
#3303 = CIRCLE ( 'NONE', #2127, 49.50000000000002132 ) ;
#3304 = ORIENTED_EDGE ( 'NONE', *, *, #2999, .T. ) ;
#3305 = DIRECTION ( 'NONE',  ( -1.000000000000000000, 0.000000000000000000, -0.000000000000000000 ) ) ;
#3306 = AXIS2_PLACEMENT_3D ( 'NONE', #5417, #3321, #6102 ) ;
#3307 = CARTESIAN_POINT ( 'NONE',  ( 0.000000000000000000, 59.27500417742437122, -76.78198929284343421 ) ) ;
#3308 = ORIENTED_EDGE ( 'NONE', *, *, #6890, .F. ) ;
#3309 = LINE ( 'NONE', #506, #101 ) ;
#3310 = LINE ( 'NONE', #2438, #4578 ) ;
#3311 = VERTEX_POINT ( 'NONE', #1892 ) ;
#3312 = EDGE_CURVE ( 'NONE', #3576, #2676, #3130, .T. ) ;
#3313 = CARTESIAN_POINT ( 'NONE',  ( -10.00000000000000000, 0.000000000000000000, 0.000000000000000000 ) ) ;
#3314 = AXIS2_PLACEMENT_3D ( 'NONE', #676, #8995, #5521 ) ;
#3315 = ORIENTED_EDGE ( 'NONE', *, *, #6422, .F. ) ;
#3316 = CARTESIAN_POINT ( 'NONE',  ( -10.00000000000000000, 0.000000000000000000, 0.000000000000000000 ) ) ;
#3317 = EDGE_CURVE ( 'NONE', #7614, #7375, #8949, .T. ) ;
#3318 = DIRECTION ( 'NONE',  ( 1.000000000000000000, 0.000000000000000000, 0.000000000000000000 ) ) ;
#3319 = AXIS2_PLACEMENT_3D ( 'NONE', #2505, #7404, #8207 ) ;
#3320 = ORIENTED_EDGE ( 'NONE', *, *, #2932, .T. ) ;
#3321 = DIRECTION ( 'NONE',  ( 1.000000000000000000, 0.000000000000000000, 0.000000000000000000 ) ) ;
#3322 = ADVANCED_FACE ( 'NONE', ( #3950 ), #3268, .F. ) ;
#3323 = CYLINDRICAL_SURFACE ( 'NONE', #1050, 49.50000000000001421 ) ;
#3324 = EDGE_LOOP ( 'NONE', ( #3812, #2059, #5625, #2967 ) ) ;
#3325 = CARTESIAN_POINT ( 'NONE',  ( 8.000000000000001776, -70.66210574512419385, 66.45198877132941107 ) ) ;
#3326 = DIRECTION ( 'NONE',  ( 0.000000000000000000, 0.000000000000000000, 1.000000000000000000 ) ) ;
#3327 = ORIENTED_EDGE ( 'NONE', *, *, #2034, .T. ) ;
#3328 = DIRECTION ( 'NONE',  ( 0.000000000000000000, 0.000000000000000000, 1.000000000000000000 ) ) ;
#3329 = ADVANCED_FACE ( 'NONE', ( #4801 ), #4209, .F. ) ;
#3330 = EDGE_CURVE ( 'NONE', #467, #4124, #3481, .T. ) ;
#3331 = CARTESIAN_POINT ( 'NONE',  ( 8.000000000000001776, 0.000000000000000000, 0.000000000000000000 ) ) ;
#3332 = CYLINDRICAL_SURFACE ( 'NONE', #5606, 97.00000000000000000 ) ;
#3333 = VERTEX_POINT ( 'NONE', #6872 ) ;
#3334 = CYLINDRICAL_SURFACE ( 'NONE', #5552, 49.50000000000001421 ) ;
#3335 = ORIENTED_EDGE ( 'NONE', *, *, #1225, .F. ) ;
#3336 = AXIS2_PLACEMENT_3D ( 'NONE', #2684, #4607, #8255 ) ;
#3337 = DIRECTION ( 'NONE',  ( -1.000000000000000000, -0.000000000000000000, 0.000000000000000000 ) ) ;
#3338 = DIRECTION ( 'NONE',  ( 0.000000000000000000, 0.000000000000000000, 1.000000000000000000 ) ) ;
#3339 = VECTOR ( 'NONE', #8840, 1000.000000000000000 ) ;
#3340 = LINE ( 'NONE', #5350, #7894 ) ;
#3341 = CARTESIAN_POINT ( 'NONE',  ( 0.000000000000000000, -31.44296371712121996, 88.35259210716742473 ) ) ;
#3342 = VERTEX_POINT ( 'NONE', #6226 ) ;
#3343 = LINE ( 'NONE', #7677, #7465 ) ;
#3344 = DIRECTION ( 'NONE',  ( 0.000000000000000000, -0.3716624556603156937, -0.9283679330160774512 ) ) ;
#3345 = ORIENTED_EDGE ( 'NONE', *, *, #2809, .F. ) ;
#3346 = CIRCLE ( 'NONE', #1742, 101.5009999999999906 ) ;
#3347 = CYLINDRICAL_SURFACE ( 'NONE', #23, 49.50000000000001421 ) ;
#3348 = FACE_OUTER_BOUND ( 'NONE', #8592, .T. ) ;
#3349 =( GEOMETRIC_REPRESENTATION_CONTEXT ( 3 ) GLOBAL_UNCERTAINTY_ASSIGNED_CONTEXT ( ( #6688 ) ) GLOBAL_UNIT_ASSIGNED_CONTEXT ( ( #3645, #8188, #8437 ) ) REPRESENTATION_CONTEXT ( 'NONE', 'WORKASPACE' ) );
#3350 = ORIENTED_EDGE ( 'NONE', *, *, #5958, .F. ) ;
#3351 = DIRECTION ( 'NONE',  ( 0.000000000000000000, 0.000000000000000000, 1.000000000000000000 ) ) ;
#3352 = DIRECTION ( 'NONE',  ( -1.000000000000000000, 0.000000000000000000, -0.000000000000000000 ) ) ;
#3353 = ORIENTED_EDGE ( 'NONE', *, *, #2254, .T. ) ;
#3354 = CARTESIAN_POINT ( 'NONE',  ( 0.000000000000000000, -87.29431505020137649, 42.29305569376826668 ) ) ;
#3355 = ORIENTED_EDGE ( 'NONE', *, *, #2832, .F. ) ;
#3356 = CIRCLE ( 'NONE', #7868, 97.00000000000000000 ) ;
#3357 = ADVANCED_FACE ( 'NONE', ( #7005 ), #2708, .F. ) ;
#3358 = DIRECTION ( 'NONE',  ( -1.000000000000000000, -0.000000000000000000, -0.000000000000000000 ) ) ;
#3359 = FACE_OUTER_BOUND ( 'NONE', #2294, .T. ) ;
#3360 = EDGE_LOOP ( 'NONE', ( #3793, #379, #1653, #5684 ) ) ;
#3361 = AXIS2_PLACEMENT_3D ( 'NONE', #4309, #1576, #8422 ) ;
#3362 = LINE ( 'NONE', #2674, #3167 ) ;
#3363 = DIRECTION ( 'NONE',  ( 0.000000000000000000, 0.000000000000000000, 1.000000000000000000 ) ) ;
#3364 = ORIENTED_EDGE ( 'NONE', *, *, #1581, .T. ) ;
#3365 = DIRECTION ( 'NONE',  ( 1.000000000000000000, 0.000000000000000000, 0.000000000000000000 ) ) ;
#3366 = CARTESIAN_POINT ( 'NONE',  ( 8.000000000000001776, -71.74226592738163788, 71.80181251615347549 ) ) ;
#3367 = EDGE_CURVE ( 'NONE', #7206, #1129, #4079, .T. ) ;
#3368 = CIRCLE ( 'NONE', #7026, 49.50000000000002132 ) ;
#3369 = EDGE_CURVE ( 'NONE', #3211, #1900, #224, .T. ) ;
#3370 = ORIENTED_EDGE ( 'NONE', *, *, #6676, .F. ) ;
#3371 = CARTESIAN_POINT ( 'NONE',  ( 8.000000000000001776, 45.00783804032340640, -82.27475320113529733 ) ) ;
#3372 = CARTESIAN_POINT ( 'NONE',  ( 8.000000000000001776, -90.29814238342891031, 35.42944371708367157 ) ) ;
#3373 = DIRECTION ( 'NONE',  ( -1.000000000000000000, -0.000000000000000000, -0.000000000000000000 ) ) ;
#3374 = ORIENTED_EDGE ( 'NONE', *, *, #4465, .T. ) ;
#3375 = DIRECTION ( 'NONE',  ( 0.000000000000000000, 0.4009305354066083349, 0.9161084574320718099 ) ) ;
#3376 = EDGE_LOOP ( 'NONE', ( #887, #5820, #7462, #2686 ) ) ;
#3377 = DIRECTION ( 'NONE',  ( 1.000000000000000000, 0.000000000000000000, 0.000000000000000000 ) ) ;
#3378 = DIRECTION ( 'NONE',  ( -1.000000000000000000, -0.000000000000000000, -0.000000000000000000 ) ) ;
#3379 = CIRCLE ( 'NONE', #2938, 49.50000000000002132 ) ;
#3380 = EDGE_CURVE ( 'NONE', #7379, #6211, #1978, .T. ) ;
#3381 = EDGE_CURVE ( 'NONE', #6414, #8476, #527, .T. ) ;
#3382 = CARTESIAN_POINT ( 'NONE',  ( 0.000000000000000000, -18.40718772011918603, -91.95659812981338632 ) ) ;
#3383 = DIRECTION ( 'NONE',  ( 1.000000000000000000, 0.000000000000000000, 0.000000000000000000 ) ) ;
#3384 = ORIENTED_EDGE ( 'NONE', *, *, #7681, .F. ) ;
#3385 = CARTESIAN_POINT ( 'NONE',  ( 0.000000000000000000, 0.000000000000000000, 0.000000000000000000 ) ) ;
#3386 = CYLINDRICAL_SURFACE ( 'NONE', #6958, 49.50000000000001421 ) ;
#3387 = VERTEX_POINT ( 'NONE', #640 ) ;
#3388 = EDGE_CURVE ( 'NONE', #1739, #1188, #8966, .T. ) ;
#3389 = CIRCLE ( 'NONE', #3103, 97.00000000000000000 ) ;
#3390 = CARTESIAN_POINT ( 'NONE',  ( 8.000000000000001776, 53.73118847029943623, -76.86221363544551366 ) ) ;
#3391 = AXIS2_PLACEMENT_3D ( 'NONE', #1881, #3213, #7325 ) ;
#3392 = EDGE_LOOP ( 'NONE', ( #6637, #801, #3726, #2673 ) ) ;
#3393 = CARTESIAN_POINT ( 'NONE',  ( 0.000000000000000000, 0.000000000000000000, 0.000000000000000000 ) ) ;
#3394 = DIRECTION ( 'NONE',  ( -1.000000000000000000, 0.000000000000000000, 0.000000000000000000 ) ) ;
#3395 = VERTEX_POINT ( 'NONE', #5451 ) ;
#3396 = ORIENTED_EDGE ( 'NONE', *, *, #3587, .F. ) ;
#3397 = FACE_OUTER_BOUND ( 'NONE', #8421, .T. ) ;
#3398 = EDGE_LOOP ( 'NONE', ( #3964, #1979, #3533, #308 ) ) ;
#3399 = VECTOR ( 'NONE', #8339, 1000.000000000000000 ) ;
#3400 = VECTOR ( 'NONE', #2012, 1000.000000000000000 ) ;
#3401 = CARTESIAN_POINT ( 'NONE',  ( 8.000000000000001776, 0.000000000000000000, 0.000000000000000000 ) ) ;
#3402 = CARTESIAN_POINT ( 'NONE',  ( 3.999999999999998224, -23.51808856449304841, -94.10578893071702566 ) ) ;
#3403 = AXIS2_PLACEMENT_3D ( 'NONE', #910, #4269, #99 ) ;
#3404 = ORIENTED_EDGE ( 'NONE', *, *, #3367, .F. ) ;
#3405 = DIRECTION ( 'NONE',  ( 0.000000000000000000, 0.000000000000000000, 1.000000000000000000 ) ) ;
#3406 = DIRECTION ( 'NONE',  ( -1.000000000000000000, -0.000000000000000000, -0.000000000000000000 ) ) ;
#3407 = EDGE_LOOP ( 'NONE', ( #3127, #6558, #7383, #6374 ) ) ;
#3408 = EDGE_CURVE ( 'NONE', #4485, #934, #4761, .T. ) ;
#3409 = DIRECTION ( 'NONE',  ( 0.000000000000000000, -0.5670598638627775134, 0.8236765814298281363 ) ) ;
#3410 = CARTESIAN_POINT ( 'NONE',  ( -10.00000000000000000, 0.000000000000000000, 0.000000000000000000 ) ) ;
#3411 = AXIS2_PLACEMENT_3D ( 'NONE', #8682, #1835, #7417 ) ;
#3412 = AXIS2_PLACEMENT_3D ( 'NONE', #4063, #4106, #8350 ) ;
#3413 = VERTEX_POINT ( 'NONE', #3440 ) ;
#3414 = CIRCLE ( 'NONE', #8511, 101.5009999999999906 ) ;
#3415 = DIRECTION ( 'NONE',  ( 0.000000000000000000, 0.000000000000000000, -1.000000000000000000 ) ) ;
#3416 = CARTESIAN_POINT ( 'NONE',  ( 8.000000000000001776, -97.17174618014824716, -29.32754243541122108 ) ) ;
#3417 = ORIENTED_EDGE ( 'NONE', *, *, #399, .F. ) ;
#3418 = CYLINDRICAL_SURFACE ( 'NONE', #7027, 97.00000000000000000 ) ;
#3419 = ORIENTED_EDGE ( 'NONE', *, *, #2703, .T. ) ;
#3420 = AXIS2_PLACEMENT_3D ( 'NONE', #7313, #2459, #5253 ) ;
#3421 = EDGE_CURVE ( 'NONE', #6184, #7856, #2679, .T. ) ;
#3422 = CYLINDRICAL_SURFACE ( 'NONE', #8089, 101.5009999999999906 ) ;
#3423 = CARTESIAN_POINT ( 'NONE',  ( 8.000000000000001776, 0.000000000000000000, 0.000000000000000000 ) ) ;
#3424 = CIRCLE ( 'NONE', #4014, 97.00000000000000000 ) ;
#3425 = DIRECTION ( 'NONE',  ( -1.000000000000000000, -0.000000000000000000, 0.000000000000000000 ) ) ;
#3426 = DIRECTION ( 'NONE',  ( 0.000000000000000000, 0.000000000000000000, 1.000000000000000000 ) ) ;
#3427 = ADVANCED_FACE ( 'NONE', ( #4254 ), #5578, .F. ) ;
#3428 = ORIENTED_EDGE ( 'NONE', *, *, #1581, .F. ) ;
#3429 = CARTESIAN_POINT ( 'NONE',  ( 8.000000000000001776, 0.000000000000000000, 0.000000000000000000 ) ) ;
#3430 = EDGE_CURVE ( 'NONE', #7255, #2846, #7932, .T. ) ;
#3431 = CARTESIAN_POINT ( 'NONE',  ( 0.000000000000000000, 59.76508719630616184, -72.27015187329845958 ) ) ;
#3432 = ORIENTED_EDGE ( 'NONE', *, *, #1107, .F. ) ;
#3433 = FACE_OUTER_BOUND ( 'NONE', #8813, .T. ) ;
#3434 = EDGE_CURVE ( 'NONE', #3779, #2919, #5624, .T. ) ;
#3435 = CIRCLE ( 'NONE', #1120, 49.50000000000002132 ) ;
#3436 = FACE_OUTER_BOUND ( 'NONE', #3126, .T. ) ;
#3437 = ORIENTED_EDGE ( 'NONE', *, *, #7292, .F. ) ;
#3438 = DIRECTION ( 'NONE',  ( 0.000000000000000000, 0.000000000000000000, 1.000000000000000000 ) ) ;
#3439 = EDGE_CURVE ( 'NONE', #765, #9007, #5898, .T. ) ;
#3440 = CARTESIAN_POINT ( 'NONE',  ( 0.000000000000000000, -67.04387314720847257, -76.20742794781241969 ) ) ;
#3441 = ORIENTED_EDGE ( 'NONE', *, *, #6950, .T. ) ;
#3442 = CIRCLE ( 'NONE', #8691, 49.50000000000001421 ) ;
#3443 = VERTEX_POINT ( 'NONE', #9005 ) ;
#3444 = CARTESIAN_POINT ( 'NONE',  ( 0.000000000000000000, 0.000000000000000000, 0.000000000000000000 ) ) ;
#3445 = ORIENTED_EDGE ( 'NONE', *, *, #4002, .F. ) ;
#3446 = AXIS2_PLACEMENT_3D ( 'NONE', #5461, #7946, #6572 ) ;
#3447 = CARTESIAN_POINT ( 'NONE',  ( 3.999999999999998224, 32.35692078631444701, -91.44413418709901009 ) ) ;
#3448 = AXIS2_PLACEMENT_3D ( 'NONE', #3975, #6769, #4700 ) ;
#3449 = CARTESIAN_POINT ( 'NONE',  ( 0.000000000000000000, 82.87882909923183661, -50.39940165458636301 ) ) ;
#3450 = ORIENTED_EDGE ( 'NONE', *, *, #998, .F. ) ;
#3451 = AXIS2_PLACEMENT_3D ( 'NONE', #2970, #3062, #8442 ) ;
#3452 = CARTESIAN_POINT ( 'NONE',  ( 8.000000000000001776, -2.304087932219582413, -93.75250225019225070 ) ) ;
#3453 = CARTESIAN_POINT ( 'NONE',  ( 0.000000000000000000, 50.13541003783966232, -79.25453400096041889 ) ) ;
#3454 = ORIENTED_EDGE ( 'NONE', *, *, #152, .T. ) ;
#3455 = AXIS2_PLACEMENT_3D ( 'NONE', #7533, #4561, #4016 ) ;
#3456 = CARTESIAN_POINT ( 'NONE',  ( 8.000000000000001776, 0.000000000000000000, 0.000000000000000000 ) ) ;
#3457 = DIRECTION ( 'NONE',  ( 0.000000000000000000, 0.000000000000000000, 1.000000000000000000 ) ) ;
#3458 = ORIENTED_EDGE ( 'NONE', *, *, #8792, .T. ) ;
#3459 = CIRCLE ( 'NONE', #8557, 101.5010000000000048 ) ;
#3460 = CARTESIAN_POINT ( 'NONE',  ( 8.000000000000001776, 41.46968330986009477, -92.64296177897115570 ) ) ;
#3461 = CARTESIAN_POINT ( 'NONE',  ( 0.000000000000000000, -91.65297556423597314, -19.86385082488457243 ) ) ;
#3462 = VERTEX_POINT ( 'NONE', #8413 ) ;
#3463 = DIRECTION ( 'NONE',  ( -1.000000000000000000, -0.000000000000000000, 0.000000000000000000 ) ) ;
#3464 = EDGE_LOOP ( 'NONE', ( #855, #1616, #3419, #7079 ) ) ;
#3465 = FACE_OUTER_BOUND ( 'NONE', #5493, .T. ) ;
#3466 = FACE_OUTER_BOUND ( 'NONE', #2530, .T. ) ;
#3467 = EDGE_CURVE ( 'NONE', #858, #3342, #3414, .T. ) ;
#3468 = DIRECTION ( 'NONE',  ( 0.000000000000000000, 0.000000000000000000, 1.000000000000000000 ) ) ;
#3469 = VECTOR ( 'NONE', #6834, 1000.000000000000000 ) ;
#3470 = LINE ( 'NONE', #8308, #8513 ) ;
#3471 = VERTEX_POINT ( 'NONE', #2111 ) ;
#3472 = CARTESIAN_POINT ( 'NONE',  ( 3.999999999999998224, -93.72080647353433847, 25.00820733180062660 ) ) ;
#3473 = CARTESIAN_POINT ( 'NONE',  ( 8.000000000000001776, -40.91192797837033623, -84.38634159900726672 ) ) ;
#3474 = VERTEX_POINT ( 'NONE', #7689 ) ;
#3475 = VECTOR ( 'NONE', #2552, 1000.000000000000000 ) ;
#3476 = EDGE_CURVE ( 'NONE', #3131, #6686, #7367, .T. ) ;
#3477 = CARTESIAN_POINT ( 'NONE',  ( 16.50000000000000000, -66.91975337142302749, 100.8104489063902633 ) ) ;
#3478 = EDGE_CURVE ( 'NONE', #8459, #4421, #8959, .T. ) ;
#3479 = VERTEX_POINT ( 'NONE', #5176 ) ;
#3480 = CARTESIAN_POINT ( 'NONE',  ( -10.00000000000000000, 0.000000000000000000, 0.000000000000000000 ) ) ;
#3481 = LINE ( 'NONE', #5529, #4864 ) ;
#3482 = ORIENTED_EDGE ( 'NONE', *, *, #5260, .F. ) ;
#3483 = AXIS2_PLACEMENT_3D ( 'NONE', #7389, #5966, #7435 ) ;
#3484 = DIRECTION ( 'NONE',  ( -1.000000000000000000, 0.000000000000000000, 0.000000000000000000 ) ) ;
#3485 = ORIENTED_EDGE ( 'NONE', *, *, #5600, .F. ) ;
#3486 = EDGE_CURVE ( 'NONE', #6570, #5914, #7774, .T. ) ;
#3487 = ADVANCED_FACE ( 'NONE', ( #4298 ), #7913, .F. ) ;
#3488 = EDGE_CURVE ( 'NONE', #3216, #4636, #5741, .T. ) ;
#3489 = AXIS2_PLACEMENT_3D ( 'NONE', #5767, #860, #2342 ) ;
#3490 = CARTESIAN_POINT ( 'NONE',  ( 3.999999999999998224, -96.30200313503419807, 11.61568733135773179 ) ) ;
#3491 = DIRECTION ( 'NONE',  ( 0.000000000000000000, -0.7761464642917492718, -0.6305526670845317261 ) ) ;
#3492 = ORIENTED_EDGE ( 'NONE', *, *, #5420, .T. ) ;
#3493 = LINE ( 'NONE', #6972, #6662 ) ;
#3494 = CARTESIAN_POINT ( 'NONE',  ( 4.000000000000000888, -87.29431505020082227, -42.29305569376945328 ) ) ;
#3495 = EDGE_LOOP ( 'NONE', ( #815, #713, #3694, #6803 ) ) ;
#3496 = VECTOR ( 'NONE', #1021, 1000.000000000000000 ) ;
#3497 = FACE_OUTER_BOUND ( 'NONE', #1709, .T. ) ;
#3498 = DIRECTION ( 'NONE',  ( 0.000000000000000000, 0.000000000000000000, 1.000000000000000000 ) ) ;
#3499 = EDGE_CURVE ( 'NONE', #4710, #7520, #7862, .T. ) ;
#3500 = ORIENTED_EDGE ( 'NONE', *, *, #986, .F. ) ;
#3501 = CARTESIAN_POINT ( 'NONE',  ( 8.000000000000001776, -61.68129557521567818, -74.86265942486201652 ) ) ;
#3502 = AXIS2_PLACEMENT_3D ( 'NONE', #8116, #3869, #6656 ) ;
#3503 = DIRECTION ( 'NONE',  ( 0.000000000000000000, 0.000000000000000000, 1.000000000000000000 ) ) ;
#3504 = DIRECTION ( 'NONE',  ( 0.000000000000000000, 0.6181589862206007258, 0.7860530947427910586 ) ) ;
#3505 = ORIENTED_EDGE ( 'NONE', *, *, #731, .T. ) ;
#3506 = LINE ( 'NONE', #8943, #4386 ) ;
#3507 = VERTEX_POINT ( 'NONE', #3753 ) ;
#3508 = DIRECTION ( 'NONE',  ( 0.000000000000000000, 0.000000000000000000, 1.000000000000000000 ) ) ;
#3509 = DIRECTION ( 'NONE',  ( -1.000000000000000000, 0.000000000000000000, -0.000000000000000000 ) ) ;
#3510 = CIRCLE ( 'NONE', #6416, 97.00000000000000000 ) ;
#3511 = CYLINDRICAL_SURFACE ( 'NONE', #2764, 101.5009999999999906 ) ;
#3512 = CARTESIAN_POINT ( 'NONE',  ( 0.000000000000000000, -100.1026268487574669, -16.79038710031493409 ) ) ;
#3513 = EDGE_LOOP ( 'NONE', ( #8334, #3107, #1456, #6863 ) ) ;
#3514 = DIRECTION ( 'NONE',  ( -1.000000000000000000, -0.000000000000000000, -0.000000000000000000 ) ) ;
#3515 = DIRECTION ( 'NONE',  ( 1.000000000000000000, 0.000000000000000000, 0.000000000000000000 ) ) ;
#3516 = EDGE_LOOP ( 'NONE', ( #4278, #6241, #6451, #8860 ) ) ;
#3517 = VECTOR ( 'NONE', #7909, 1000.000000000000000 ) ;
#3518 = ADVANCED_FACE ( 'NONE', ( #4390 ), #3708, .F. ) ;
#3519 = VECTOR ( 'NONE', #8388, 1000.000000000000000 ) ;
#3520 = CARTESIAN_POINT ( 'NONE',  ( 8.000000000000001776, 0.000000000000000000, 0.000000000000000000 ) ) ;
#3521 = EDGE_LOOP ( 'NONE', ( #1916, #3189, #5759, #3844 ) ) ;
#3522 = CYLINDRICAL_SURFACE ( 'NONE', #7047, 49.50000000000001421 ) ;
#3523 = ORIENTED_EDGE ( 'NONE', *, *, #8242, .F. ) ;
#3524 = ORIENTED_EDGE ( 'NONE', *, *, #8616, .F. ) ;
#3525 = CARTESIAN_POINT ( 'NONE',  ( 0.000000000000000000, 0.000000000000000000, 0.000000000000000000 ) ) ;
#3526 = AXIS2_PLACEMENT_3D ( 'NONE', #8420, #1407, #4810 ) ;
#3527 = ORIENTED_EDGE ( 'NONE', *, *, #6553, .T. ) ;
#3528 = EDGE_CURVE ( 'NONE', #2613, #638, #4341, .T. ) ;
#3529 = FACE_OUTER_BOUND ( 'NONE', #3195, .T. ) ;
#3530 = PRODUCT_DEFINITION ( 'NON CONOSCIUTO', '', #1054, #8140 ) ;
#3531 = ORIENTED_EDGE ( 'NONE', *, *, #7011, .F. ) ;
#3532 = FACE_OUTER_BOUND ( 'NONE', #1649, .T. ) ;
#3533 = ORIENTED_EDGE ( 'NONE', *, *, #2014, .T. ) ;
#3534 = EDGE_CURVE ( 'NONE', #6180, #4049, #1615, .T. ) ;
#3535 = CYLINDRICAL_SURFACE ( 'NONE', #331, 49.50000000000001421 ) ;
#3536 = EDGE_CURVE ( 'NONE', #7324, #7733, #1800, .T. ) ;
#3537 = VERTEX_POINT ( 'NONE', #7095 ) ;
#3538 = AXIS2_PLACEMENT_3D ( 'NONE', #431, #7258, #1062 ) ;
#3539 = DIRECTION ( 'NONE',  ( -1.000000000000000000, -0.000000000000000000, -0.000000000000000000 ) ) ;
#3540 = CARTESIAN_POINT ( 'NONE',  ( 0.000000000000000000, -101.4712436262028348, -2.457583762925805271 ) ) ;
#3541 = ADVANCED_FACE ( 'NONE', ( #173 ), #1707, .F. ) ;
#3542 = CIRCLE ( 'NONE', #8796, 101.5010000000000048 ) ;
#3543 = ORIENTED_EDGE ( 'NONE', *, *, #6903, .F. ) ;
#3544 = AXIS2_PLACEMENT_3D ( 'NONE', #1093, #4499, #4452 ) ;
#3545 = CARTESIAN_POINT ( 'NONE',  ( 8.000000000000001776, 88.84034388607526012, -30.03720688705253394 ) ) ;
#3546 = CARTESIAN_POINT ( 'NONE',  ( 8.000000000000001776, -76.15177792364997345, 67.10707652749519525 ) ) ;
#3547 = CARTESIAN_POINT ( 'NONE',  ( 0.000000000000000000, 0.000000000000000000, 0.000000000000000000 ) ) ;
#3548 = ORIENTED_EDGE ( 'NONE', *, *, #4308, .T. ) ;
#3549 = CIRCLE ( 'NONE', #8655, 101.5009999999999906 ) ;
#3550 = CYLINDRICAL_SURFACE ( 'NONE', #48, 97.00000000000000000 ) ;
#3551 = EDGE_CURVE ( 'NONE', #7355, #7327, #2815, .T. ) ;
#3552 = ORIENTED_EDGE ( 'NONE', *, *, #6650, .T. ) ;
#3553 = CARTESIAN_POINT ( 'NONE',  ( 8.000000000000001776, -91.65297556423627157, 19.86385082488329701 ) ) ;
#3554 = CARTESIAN_POINT ( 'NONE',  ( 3.999999999999998224, -89.80095471819177533, -36.67135846544647393 ) ) ;
#3555 = CIRCLE ( 'NONE', #2096, 49.50000000000002132 ) ;
#3556 = VECTOR ( 'NONE', #4847, 1000.000000000000000 ) ;
#3557 = CARTESIAN_POINT ( 'NONE',  ( 8.000000000000001776, -87.47571382902562220, -51.48254549944491743 ) ) ;
#3558 = SURFACE_STYLE_FILL_AREA ( #7552 ) ;
#3559 = CIRCLE ( 'NONE', #5170, 49.50000000000002132 ) ;
#3560 = DIRECTION ( 'NONE',  ( 0.000000000000000000, 0.000000000000000000, 1.000000000000000000 ) ) ;
#3561 = EDGE_LOOP ( 'NONE', ( #3951, #6134, #1271, #1024 ) ) ;
#3562 = DIRECTION ( 'NONE',  ( 0.000000000000000000, 0.000000000000000000, 1.000000000000000000 ) ) ;
#3563 = CARTESIAN_POINT ( 'NONE',  ( 8.000000000000001776, -100.1026268487577084, 16.79038710031354142 ) ) ;
#3564 = ORIENTED_EDGE ( 'NONE', *, *, #8005, .T. ) ;
#3565 = DIRECTION ( 'NONE',  ( 0.000000000000000000, -0.8325698546347761742, 0.5539200638661029297 ) ) ;
#3566 = CIRCLE ( 'NONE', #8669, 97.00000000000000000 ) ;
#3567 = CARTESIAN_POINT ( 'NONE',  ( 8.000000000000001776, 0.000000000000000000, 0.000000000000000000 ) ) ;
#3568 = CARTESIAN_POINT ( 'NONE',  ( 8.000000000000001776, 49.07810525950718272, -83.66803203217304485 ) ) ;
#3569 = ORIENTED_EDGE ( 'NONE', *, *, #4664, .T. ) ;
#3570 = CARTESIAN_POINT ( 'NONE',  ( 8.000000000000001776, -86.23742840964196432, -36.85032483796559433 ) ) ;
#3571 = DIRECTION ( 'NONE',  ( -1.000000000000000000, 0.000000000000000000, 0.000000000000000000 ) ) ;
#3572 = ORIENTED_EDGE ( 'NONE', *, *, #7848, .T. ) ;
#3573 = CIRCLE ( 'NONE', #2845, 97.00000000000000000 ) ;
#3574 = ORIENTED_EDGE ( 'NONE', *, *, #4100, .T. ) ;
#3575 = DIRECTION ( 'NONE',  ( 0.000000000000000000, 0.4009305354066084459, 0.9161084574320718099 ) ) ;
#3576 = VERTEX_POINT ( 'NONE', #1663 ) ;
#3577 = AXIS2_PLACEMENT_3D ( 'NONE', #4941, #9008, #1360 ) ;
#3578 = DIRECTION ( 'NONE',  ( 1.000000000000000000, 0.000000000000000000, 0.000000000000000000 ) ) ;
#3579 = EDGE_CURVE ( 'NONE', #2383, #2896, #2960, .T. ) ;
#3580 = LINE ( 'NONE', #52, #2511 ) ;
#3581 = ORIENTED_EDGE ( 'NONE', *, *, #2254, .F. ) ;
#3582 = PLANE ( 'NONE',  #3361 ) ;
#3583 = VERTEX_POINT ( 'NONE', #896 ) ;
#3584 = DIRECTION ( 'NONE',  ( -1.000000000000000000, -0.000000000000000000, -0.000000000000000000 ) ) ;
#3585 = DIRECTION ( 'NONE',  ( -1.000000000000000000, -0.000000000000000000, -0.000000000000000000 ) ) ;
#3586 = AXIS2_PLACEMENT_3D ( 'NONE', #7845, #4192, #111 ) ;
#3587 = EDGE_CURVE ( 'NONE', #2846, #8650, #1566, .T. ) ;
#3588 = ORIENTED_EDGE ( 'NONE', *, *, #1384, .T. ) ;
#3589 = AXIS2_PLACEMENT_3D ( 'NONE', #3280, #604, #7528 ) ;
#3590 = EDGE_CURVE ( 'NONE', #3608, #661, #990, .T. ) ;
#3591 = DIRECTION ( 'NONE',  ( 0.000000000000000000, 0.000000000000000000, 1.000000000000000000 ) ) ;
#3592 = AXIS2_PLACEMENT_3D ( 'NONE', #7747, #4908, #6933 ) ;
#3593 = EDGE_LOOP ( 'NONE', ( #6670, #5541, #7597, #8869 ) ) ;
#3594 = CARTESIAN_POINT ( 'NONE',  ( 0.000000000000000000, -27.78212749876423615, -97.62482467406745457 ) ) ;
#3595 = ORIENTED_EDGE ( 'NONE', *, *, #1864, .T. ) ;
#3596 = DIRECTION ( 'NONE',  ( 0.000000000000000000, 0.000000000000000000, 1.000000000000000000 ) ) ;
#3597 = DIRECTION ( 'NONE',  ( 0.000000000000000000, 0.000000000000000000, 1.000000000000000000 ) ) ;
#3598 = EDGE_CURVE ( 'NONE', #7316, #5730, #6455, .T. ) ;
#3599 = CIRCLE ( 'NONE', #6368, 49.50000000000002132 ) ;
#3600 = EDGE_CURVE ( 'NONE', #6359, #5219, #73, .T. ) ;
#3601 = ADVANCED_FACE ( 'NONE', ( #3616 ), #5758, .F. ) ;
#3602 = DIRECTION ( 'NONE',  ( -1.000000000000000000, 0.000000000000000000, 0.000000000000000000 ) ) ;
#3603 = DIRECTION ( 'NONE',  ( -1.000000000000000000, 0.000000000000000000, 0.000000000000000000 ) ) ;
#3604 = LINE ( 'NONE', #978, #7648 ) ;
#3605 = ORIENTED_EDGE ( 'NONE', *, *, #6615, .T. ) ;
#3606 = DIRECTION ( 'NONE',  ( 1.000000000000000000, 0.000000000000000000, 0.000000000000000000 ) ) ;
#3607 = FACE_OUTER_BOUND ( 'NONE', #8712, .T. ) ;
#3608 = VERTEX_POINT ( 'NONE', #5309 ) ;
#3609 = CIRCLE ( 'NONE', #1570, 49.50000000000002132 ) ;
#3610 = LINE ( 'NONE', #6574, #906 ) ;
#3611 = AXIS2_PLACEMENT_3D ( 'NONE', #8149, #6793, #553 ) ;
#3612 = DIRECTION ( 'NONE',  ( -1.000000000000000000, -0.000000000000000000, 0.000000000000000000 ) ) ;
#3613 = DIRECTION ( 'NONE',  ( 1.000000000000000000, 0.000000000000000000, 0.000000000000000000 ) ) ;
#3614 = ORIENTED_EDGE ( 'NONE', *, *, #7401, .T. ) ;
#3615 = DIRECTION ( 'NONE',  ( 0.000000000000000000, -0.9848077530122063550, -0.1736481776669404897 ) ) ;
#3616 = FACE_OUTER_BOUND ( 'NONE', #2282, .T. ) ;
#3617 = ORIENTED_EDGE ( 'NONE', *, *, #4650, .T. ) ;
#3618 = EDGE_LOOP ( 'NONE', ( #982, #5362, #4530, #2841 ) ) ;
#3619 = FACE_OUTER_BOUND ( 'NONE', #5635, .T. ) ;
#3620 = CIRCLE ( 'NONE', #867, 101.5010000000000048 ) ;
#3621 = VERTEX_POINT ( 'NONE', #1794 ) ;
#3622 = DIRECTION ( 'NONE',  ( 0.000000000000000000, 0.000000000000000000, 1.000000000000000000 ) ) ;
#3623 = CIRCLE ( 'NONE', #8733, 97.00000000000000000 ) ;
#3624 = VERTEX_POINT ( 'NONE', #1747 ) ;
#3625 = FACE_OUTER_BOUND ( 'NONE', #7814, .T. ) ;
#3626 = ORIENTED_EDGE ( 'NONE', *, *, #212, .T. ) ;
#3627 = CARTESIAN_POINT ( 'NONE',  ( 8.000000000000001776, 21.31551331143050021, -91.32627985219771460 ) ) ;
#3628 = VERTEX_POINT ( 'NONE', #2472 ) ;
#3629 = CARTESIAN_POINT ( 'NONE',  ( 0.000000000000000000, -90.56482174570717802, -45.83084183351085983 ) ) ;
#3630 = CARTESIAN_POINT ( 'NONE',  ( 8.000000000000001776, 63.02908721345282572, -69.44187975862016060 ) ) ;
#3631 = CIRCLE ( 'NONE', #2173, 49.50000000000001421 ) ;
#3632 = EDGE_CURVE ( 'NONE', #6211, #5655, #8066, .T. ) ;
#3633 = ORIENTED_EDGE ( 'NONE', *, *, #5753, .F. ) ;
#3634 = DIRECTION ( 'NONE',  ( -1.000000000000000000, -0.000000000000000000, -0.000000000000000000 ) ) ;
#3635 = DIRECTION ( 'NONE',  ( 0.000000000000000000, -0.8959937742913398617, 0.4440666126057658536 ) ) ;
#3636 = ORIENTED_EDGE ( 'NONE', *, *, #7344, .F. ) ;
#3637 = CARTESIAN_POINT ( 'NONE',  ( 8.000000000000001776, 0.000000000000000000, 0.000000000000000000 ) ) ;
#3638 = ORIENTED_EDGE ( 'NONE', *, *, #2425, .F. ) ;
#3639 = CARTESIAN_POINT ( 'NONE',  ( 0.000000000000000000, 4.067213502787617507, -101.4194792696291927 ) ) ;
#3640 = VECTOR ( 'NONE', #2975, 1000.000000000000000 ) ;
#3641 = CARTESIAN_POINT ( 'NONE',  ( 0.000000000000000000, 0.000000000000000000, 0.000000000000000000 ) ) ;
#3642 = EDGE_CURVE ( 'NONE', #375, #1336, #210, .T. ) ;
#3643 = AXIS2_PLACEMENT_3D ( 'NONE', #246, #1688, #344 ) ;
#3644 = FACE_OUTER_BOUND ( 'NONE', #2983, .T. ) ;
#3645 =( LENGTH_UNIT ( ) NAMED_UNIT ( * ) SI_UNIT ( .MILLI., .METRE. ) );
#3646 = DIRECTION ( 'NONE',  ( 0.000000000000000000, 8.410780489584516706E-16, -1.000000000000000000 ) ) ;
#3647 = EDGE_CURVE ( 'NONE', #2383, #6253, #7633, .T. ) ;
#3648 = ORIENTED_EDGE ( 'NONE', *, *, #8131, .T. ) ;
#3649 = DIRECTION ( 'NONE',  ( -1.000000000000000000, -0.000000000000000000, -0.000000000000000000 ) ) ;
#3650 = CARTESIAN_POINT ( 'NONE',  ( 0.000000000000000000, -70.43315616595427286, -61.91939124276014894 ) ) ;
#3651 = ORIENTED_EDGE ( 'NONE', *, *, #7523, .T. ) ;
#3652 = EDGE_CURVE ( 'NONE', #8400, #5008, #6038, .T. ) ;
#3653 = CARTESIAN_POINT ( 'NONE',  ( 0.000000000000000000, 0.000000000000000000, 0.000000000000000000 ) ) ;
#3654 = VECTOR ( 'NONE', #2854, 1000.000000000000000 ) ;
#3655 = EDGE_CURVE ( 'NONE', #216, #4901, #3542, .T. ) ;
#3656 = AXIS2_PLACEMENT_3D ( 'NONE', #756, #1301, #629 ) ;
#3657 = DIRECTION ( 'NONE',  ( -1.000000000000000000, 0.000000000000000000, 0.000000000000000000 ) ) ;
#3658 = CIRCLE ( 'NONE', #8768, 49.50000000000002132 ) ;
#3659 = AXIS2_PLACEMENT_3D ( 'NONE', #6571, #394, #4519 ) ;
#3660 = CARTESIAN_POINT ( 'NONE',  ( 8.000000000000000000, 0.000000000000000000, 0.000000000000000000 ) ) ;
#3661 = ORIENTED_EDGE ( 'NONE', *, *, #3824, .F. ) ;
#3662 = DIRECTION ( 'NONE',  ( 1.000000000000000000, 0.000000000000000000, 0.000000000000000000 ) ) ;
#3663 = DIRECTION ( 'NONE',  ( -1.000000000000000000, -0.000000000000000000, -0.000000000000000000 ) ) ;
#3664 = ORIENTED_EDGE ( 'NONE', *, *, #1541, .F. ) ;
#3665 = ORIENTED_EDGE ( 'NONE', *, *, #5159, .F. ) ;
#3666 = ADVANCED_FACE ( 'NONE', ( #8047 ), #3801, .F. ) ;
#3667 = ORIENTED_EDGE ( 'NONE', *, *, #4764, .F. ) ;
#3668 = CIRCLE ( 'NONE', #3945, 97.00000000000000000 ) ;
#3669 = AXIS2_PLACEMENT_3D ( 'NONE', #744, #6331, #8298 ) ;
#3670 = DIRECTION ( 'NONE',  ( 0.000000000000000000, 0.7126941713788593757, 0.7014748877063248234 ) ) ;
#3671 = ORIENTED_EDGE ( 'NONE', *, *, #877, .F. ) ;
#3672 = CARTESIAN_POINT ( 'NONE',  ( 0.000000000000000000, -70.65451445836178834, 72.87244052214214207 ) ) ;
#3673 = CIRCLE ( 'NONE', #2361, 49.50000000000001421 ) ;
#3674 = VERTEX_POINT ( 'NONE', #1218 ) ;
#3675 = FACE_OUTER_BOUND ( 'NONE', #4753, .T. ) ;
#3676 = VERTEX_POINT ( 'NONE', #8685 ) ;
#3677 = DIRECTION ( 'NONE',  ( 0.000000000000000000, 0.000000000000000000, 1.000000000000000000 ) ) ;
#3678 = VECTOR ( 'NONE', #1320, 1000.000000000000000 ) ;
#3679 = ORIENTED_EDGE ( 'NONE', *, *, #6051, .T. ) ;
#3680 = LINE ( 'NONE', #238, #6438 ) ;
#3681 = VERTEX_POINT ( 'NONE', #8778 ) ;
#3682 = EDGE_CURVE ( 'NONE', #8958, #4538, #4712, .T. ) ;
#3683 = CARTESIAN_POINT ( 'NONE',  ( 0.000000000000000000, 54.28584969690426476, -80.38685540985615319 ) ) ;
#3684 = VERTEX_POINT ( 'NONE', #406 ) ;
#3685 = DIRECTION ( 'NONE',  ( 1.000000000000000000, 0.000000000000000000, 0.000000000000000000 ) ) ;
#3686 = CARTESIAN_POINT ( 'NONE',  ( 8.000000000000001776, -44.38817481231621542, -91.28057261997896887 ) ) ;
#3687 = VECTOR ( 'NONE', #8250, 1000.000000000000114 ) ;
#3688 = ORIENTED_EDGE ( 'NONE', *, *, #6060, .F. ) ;
#3689 = CARTESIAN_POINT ( 'NONE',  ( 0.000000000000000000, 25.20266038432001920, -93.66870293514600121 ) ) ;
#3690 = DIRECTION ( 'NONE',  ( 0.000000000000000000, -0.8325698546347761742, 0.5539200638661029297 ) ) ;
#3691 = DIRECTION ( 'NONE',  ( -1.000000000000000000, 0.000000000000000000, -0.000000000000000000 ) ) ;
#3692 = ORIENTED_EDGE ( 'NONE', *, *, #5269, .F. ) ;
#3693 = ADVANCED_FACE ( 'NONE', ( #7999 ), #3170, .F. ) ;
#3694 = ORIENTED_EDGE ( 'NONE', *, *, #2196, .T. ) ;
#3695 = DIRECTION ( 'NONE',  ( 0.000000000000000000, -0.4009305354066208804, 0.9161084574320664808 ) ) ;
#3696 = LINE ( 'NONE', #5066, #7400 ) ;
#3697 = ORIENTED_EDGE ( 'NONE', *, *, #5659, .T. ) ;
#3698 = VECTOR ( 'NONE', #6582, 1000.000000000000000 ) ;
#3699 = CYLINDRICAL_SURFACE ( 'NONE', #3086, 49.50000000000001421 ) ;
#3700 = CIRCLE ( 'NONE', #7792, 97.00000000000000000 ) ;
#3701 = DIRECTION ( 'NONE',  ( 0.000000000000000000, 0.000000000000000000, 1.000000000000000000 ) ) ;
#3702 = EDGE_CURVE ( 'NONE', #1830, #6074, #4529, .T. ) ;
#3703 = ADVANCED_FACE ( 'NONE', ( #1167 ), #540, .F. ) ;
#3704 = CARTESIAN_POINT ( 'NONE',  ( 8.000000000000001776, 68.51814608921604588, -68.66049560334423063 ) ) ;
#3705 = ORIENTED_EDGE ( 'NONE', *, *, #4552, .T. ) ;
#3706 = ADVANCED_FACE ( 'NONE', ( #3846 ), #1882, .F. ) ;
#3707 = FACE_OUTER_BOUND ( 'NONE', #5396, .T. ) ;
#3708 = CYLINDRICAL_SURFACE ( 'NONE', #2666, 49.50000000000001421 ) ;
#3709 = ORIENTED_EDGE ( 'NONE', *, *, #2736, .T. ) ;
#3710 = ORIENTED_EDGE ( 'NONE', *, *, #4991, .T. ) ;
#3711 = CIRCLE ( 'NONE', #8827, 101.5010000000000048 ) ;
#3712 = VERTEX_POINT ( 'NONE', #3259 ) ;
#3713 = EDGE_CURVE ( 'NONE', #2215, #6619, #3125, .T. ) ;
#3714 = EDGE_CURVE ( 'NONE', #2117, #1419, #8136, .T. ) ;
#3715 = AXIS2_PLACEMENT_3D ( 'NONE', #6981, #956, #4493 ) ;
#3716 = LINE ( 'NONE', #135, #8009 ) ;
#3717 = ORIENTED_EDGE ( 'NONE', *, *, #8951, .T. ) ;
#3718 = DIRECTION ( 'NONE',  ( -1.000000000000000000, 0.000000000000000000, -0.000000000000000000 ) ) ;
#3719 = CYLINDRICAL_SURFACE ( 'NONE', #635, 101.5009999999999906 ) ;
#3720 = ORIENTED_EDGE ( 'NONE', *, *, #8242, .T. ) ;
#3721 = CARTESIAN_POINT ( 'NONE',  ( 8.000000000000001776, -74.73448566193221154, -61.83653170130461518 ) ) ;
#3722 = ORIENTED_EDGE ( 'NONE', *, *, #6279, .T. ) ;
#3723 = CARTESIAN_POINT ( 'NONE',  ( 8.000000000000001776, -100.3437769205264516, 15.28330573938837844 ) ) ;
#3724 = DIRECTION ( 'NONE',  ( 0.000000000000000000, -2.663413821701763607E-15, -1.000000000000000000 ) ) ;
#3725 = CIRCLE ( 'NONE', #2410, 49.50000000000001421 ) ;
#3726 = ORIENTED_EDGE ( 'NONE', *, *, #6617, .T. ) ;
#3727 = CARTESIAN_POINT ( 'NONE',  ( -10.00000000000000000, 0.000000000000000000, 0.000000000000000000 ) ) ;
#3728 = CARTESIAN_POINT ( 'NONE',  ( 0.000000000000000000, -74.73448566193304998, 61.83653170130358490 ) ) ;
#3729 = VERTEX_POINT ( 'NONE', #5222 ) ;
#3730 = DIRECTION ( 'NONE',  ( 0.000000000000000000, -0.8145759520503291773, -0.5800569095712073686 ) ) ;
#3731 = VERTEX_POINT ( 'NONE', #1125 ) ;
#3732 = VECTOR ( 'NONE', #2828, 1000.000000000000000 ) ;
#3733 = CARTESIAN_POINT ( 'NONE',  ( 8.000000000000001776, 54.16084759374957258, -85.84320351039229990 ) ) ;
#3734 = CARTESIAN_POINT ( 'NONE',  ( 0.000000000000000000, -33.99231706918357077, -90.84889861890506779 ) ) ;
#3735 = CIRCLE ( 'NONE', #5202, 49.50000000000002132 ) ;
#3736 = ORIENTED_EDGE ( 'NONE', *, *, #2917, .T. ) ;
#3737 = CIRCLE ( 'NONE', #8542, 97.00000000000000000 ) ;
#3738 = DIRECTION ( 'NONE',  ( 1.000000000000000000, 0.000000000000000000, 0.000000000000000000 ) ) ;
#3739 = DIRECTION ( 'NONE',  ( -1.000000000000000000, 0.000000000000000000, 0.000000000000000000 ) ) ;
#3740 = DIRECTION ( 'NONE',  ( -1.000000000000000000, -0.000000000000000000, -0.000000000000000000 ) ) ;
#3741 = ORIENTED_EDGE ( 'NONE', *, *, #6282, .T. ) ;
#3742 = DIRECTION ( 'NONE',  ( 0.000000000000000000, -0.7557495743542639310, 0.6548607339452785503 ) ) ;
#3743 = LINE ( 'NONE', #8580, #5781 ) ;
#3744 = ORIENTED_EDGE ( 'NONE', *, *, #7523, .F. ) ;
#3745 = AXIS2_PLACEMENT_3D ( 'NONE', #2918, #253, #1559 ) ;
#3746 = DIRECTION ( 'NONE',  ( 1.000000000000000000, 0.000000000000000000, 0.000000000000000000 ) ) ;
#3747 = EDGE_CURVE ( 'NONE', #6476, #2625, #2230, .T. ) ;
#3748 = DIRECTION ( 'NONE',  ( 0.000000000000000000, 0.000000000000000000, 1.000000000000000000 ) ) ;
#3749 = AXIS2_PLACEMENT_3D ( 'NONE', #3819, #3634, #2219 ) ;
#3750 = CARTESIAN_POINT ( 'NONE',  ( 0.000000000000000000, 0.000000000000000000, 0.000000000000000000 ) ) ;
#3751 = ORIENTED_EDGE ( 'NONE', *, *, #557, .T. ) ;
#3752 = DIRECTION ( 'NONE',  ( -1.000000000000000000, 0.000000000000000000, -0.000000000000000000 ) ) ;
#3753 = CARTESIAN_POINT ( 'NONE',  ( 8.000000000000001776, -81.96127100534681631, -51.87822332335694853 ) ) ;
#3754 = ORIENTED_EDGE ( 'NONE', *, *, #6562, .T. ) ;
#3755 = ORIENTED_EDGE ( 'NONE', *, *, #4047, .T. ) ;
#3756 = VERTEX_POINT ( 'NONE', #7373 ) ;
#3757 = EDGE_CURVE ( 'NONE', #1438, #1893, #1952, .T. ) ;
#3758 = VECTOR ( 'NONE', #8879, 1000.000000000000000 ) ;
#3759 = ADVANCED_FACE ( 'NONE', ( #716 ), #4709, .F. ) ;
#3760 = DIRECTION ( 'NONE',  ( 0.000000000000000000, -0.1580013959733569395, 0.9874388886763931783 ) ) ;
#3761 = ORIENTED_EDGE ( 'NONE', *, *, #8074, .F. ) ;
#3762 = DIRECTION ( 'NONE',  ( 0.000000000000000000, 0.000000000000000000, 1.000000000000000000 ) ) ;
#3763 = DIRECTION ( 'NONE',  ( 0.000000000000000000, 0.000000000000000000, 1.000000000000000000 ) ) ;
#3764 = ORIENTED_EDGE ( 'NONE', *, *, #4260, .T. ) ;
#3765 = AXIS2_PLACEMENT_3D ( 'NONE', #6666, #8574, #7168 ) ;
#3766 = EDGE_CURVE ( 'NONE', #638, #4796, #1431, .T. ) ;
#3767 = CARTESIAN_POINT ( 'NONE',  ( 8.000000000000001776, 0.000000000000000000, 0.000000000000000000 ) ) ;
#3768 = ORIENTED_EDGE ( 'NONE', *, *, #3534, .F. ) ;
#3769 = FACE_OUTER_BOUND ( 'NONE', #5469, .T. ) ;
#3770 = ADVANCED_FACE ( 'NONE', ( #8225 ), #2788, .F. ) ;
#3771 = FACE_OUTER_BOUND ( 'NONE', #8835, .T. ) ;
#3772 = EDGE_CURVE ( 'NONE', #7363, #5879, #7927, .T. ) ;
#3773 = AXIS2_PLACEMENT_3D ( 'NONE', #3058, #5841, #2368 ) ;
#3774 = ORIENTED_EDGE ( 'NONE', *, *, #722, .F. ) ;
#3775 = DIRECTION ( 'NONE',  ( -1.000000000000000000, 0.000000000000000000, 0.000000000000000000 ) ) ;
#3776 = CYLINDRICAL_SURFACE ( 'NONE', #914, 49.50000000000001421 ) ;
#3777 = EDGE_LOOP ( 'NONE', ( #7922, #897, #7093, #6680 ) ) ;
#3778 = CARTESIAN_POINT ( 'NONE',  ( 8.000000000000001776, -100.9660000373498150, 10.40768165625166830 ) ) ;
#3779 = VERTEX_POINT ( 'NONE', #7510 ) ;
#3780 = CIRCLE ( 'NONE', #5813, 49.50000000000000711 ) ;
#3781 = DIRECTION ( 'NONE',  ( -1.000000000000000000, -0.000000000000000000, -0.000000000000000000 ) ) ;
#3782 = CARTESIAN_POINT ( 'NONE',  ( 0.000000000000000000, -79.31118670880010768, 63.34183975731877325 ) ) ;
#3783 = EDGE_CURVE ( 'NONE', #273, #3779, #524, .T. ) ;
#3784 = VERTEX_POINT ( 'NONE', #1261 ) ;
#3785 = AXIS2_PLACEMENT_3D ( 'NONE', #3808, #6689, #455 ) ;
#3786 = FACE_OUTER_BOUND ( 'NONE', #2617, .T. ) ;
#3787 = DIRECTION ( 'NONE',  ( 0.000000000000000000, -0.9898214418809341275, 0.1423148382732756512 ) ) ;
#3788 = CARTESIAN_POINT ( 'NONE',  ( 8.000000000000001776, 72.93103485162431809, -70.59403060083167247 ) ) ;
#3789 = EDGE_LOOP ( 'NONE', ( #8462, #6403, #8629, #2740 ) ) ;
#3790 = VECTOR ( 'NONE', #8290, 1000.000000000000000 ) ;
#3791 = DIRECTION ( 'NONE',  ( 0.000000000000000000, 0.000000000000000000, -1.000000000000000000 ) ) ;
#3792 = LINE ( 'NONE', #4637, #560 ) ;
#3793 = ORIENTED_EDGE ( 'NONE', *, *, #8945, .F. ) ;
#3794 = DIRECTION ( 'NONE',  ( -1.000000000000000000, -0.000000000000000000, -0.000000000000000000 ) ) ;
#3795 = DIRECTION ( 'NONE',  ( 1.000000000000000000, 0.000000000000000000, 0.000000000000000000 ) ) ;
#3796 = CYLINDRICAL_SURFACE ( 'NONE', #27, 97.00000000000000000 ) ;
#3797 = CARTESIAN_POINT ( 'NONE',  ( 3.999999999999998224, -39.68587278434580412, -88.51006440707588752 ) ) ;
#3798 = AXIS2_PLACEMENT_3D ( 'NONE', #6275, #2304, #8464 ) ;
#3799 = VERTEX_POINT ( 'NONE', #6169 ) ;
#3800 = DIRECTION ( 'NONE',  ( -1.000000000000000000, 0.000000000000000000, -0.000000000000000000 ) ) ;
#3801 = CYLINDRICAL_SURFACE ( 'NONE', #6027, 101.5009999999999906 ) ;
#3802 = VERTEX_POINT ( 'NONE', #7637 ) ;
#3803 = ORIENTED_EDGE ( 'NONE', *, *, #6109, .T. ) ;
#3804 = EDGE_CURVE ( 'NONE', #7493, #632, #3549, .T. ) ;
#3805 = ORIENTED_EDGE ( 'NONE', *, *, #450, .T. ) ;
#3806 = AXIS2_PLACEMENT_3D ( 'NONE', #4450, #3039, #5138 ) ;
#3807 = AXIS2_PLACEMENT_3D ( 'NONE', #7086, #980, #3742 ) ;
#3808 = CARTESIAN_POINT ( 'NONE',  ( 8.000000000000001776, -35.47744648150409574, -86.81123942510967595 ) ) ;
#3809 = VERTEX_POINT ( 'NONE', #4030 ) ;
#3810 = CYLINDRICAL_SURFACE ( 'NONE', #3141, 97.00000000000000000 ) ;
#3811 = CARTESIAN_POINT ( 'NONE',  ( 8.000000000000001776, 0.000000000000000000, 0.000000000000000000 ) ) ;
#3812 = ORIENTED_EDGE ( 'NONE', *, *, #3978, .F. ) ;
#3813 = EDGE_CURVE ( 'NONE', #3621, #6684, #2836, .T. ) ;
#3814 = DIRECTION ( 'NONE',  ( 0.000000000000000000, 0.000000000000000000, 1.000000000000000000 ) ) ;
#3815 = AXIS2_PLACEMENT_3D ( 'NONE', #619, #8213, #6203 ) ;
#3816 = VERTEX_POINT ( 'NONE', #8912 ) ;
#3817 = CARTESIAN_POINT ( 'NONE',  ( 8.000000000000001776, 0.8701761867115007654, -96.99609679468592560 ) ) ;
#3818 = DIRECTION ( 'NONE',  ( -1.000000000000000000, -0.000000000000000000, 0.000000000000000000 ) ) ;
#3819 = CARTESIAN_POINT ( 'NONE',  ( 8.000000000000001776, 0.000000000000000000, 0.000000000000000000 ) ) ;
#3820 = EDGE_CURVE ( 'NONE', #6745, #7255, #31, .T. ) ;
#3821 = EDGE_CURVE ( 'NONE', #5026, #3913, #2719, .T. ) ;
#3822 = CYLINDRICAL_SURFACE ( 'NONE', #7177, 101.5009999999999906 ) ;
#3823 = VERTEX_POINT ( 'NONE', #2653 ) ;
#3824 = EDGE_CURVE ( 'NONE', #4799, #5655, #2581, .T. ) ;
#3825 = CYLINDRICAL_SURFACE ( 'NONE', #6747, 101.5009999999999906 ) ;
#3826 = VERTEX_POINT ( 'NONE', #5441 ) ;
#3827 = DIRECTION ( 'NONE',  ( 1.000000000000000000, 0.000000000000000000, 0.000000000000000000 ) ) ;
#3828 = CARTESIAN_POINT ( 'NONE',  ( 8.000000000000001776, -88.40099660786249558, 31.30661748110753706 ) ) ;
#3829 = VECTOR ( 'NONE', #6272, 1000.000000000000000 ) ;
#3830 = ORIENTED_EDGE ( 'NONE', *, *, #277, .T. ) ;
#3831 = DIRECTION ( 'NONE',  ( -1.000000000000000000, -0.000000000000000000, 0.000000000000000000 ) ) ;
#3832 = ADVANCED_FACE ( 'NONE', ( #2105 ), #8402, .F. ) ;
#3833 = DIRECTION ( 'NONE',  ( 0.000000000000000000, 0.000000000000000000, 1.000000000000000000 ) ) ;
#3834 = CYLINDRICAL_SURFACE ( 'NONE', #2101, 97.00000000000000000 ) ;
#3835 = ORIENTED_EDGE ( 'NONE', *, *, #2476, .T. ) ;
#3836 = CARTESIAN_POINT ( 'NONE',  ( 8.000000000000001776, -56.85720735473246634, -84.08157332508089610 ) ) ;
#3837 = ORIENTED_EDGE ( 'NONE', *, *, #1332, .T. ) ;
#3838 = CARTESIAN_POINT ( 'NONE',  ( 0.000000000000000000, -66.36418094012262259, 66.26187431335134193 ) ) ;
#3839 = CARTESIAN_POINT ( 'NONE',  ( 8.000000000000001776, 0.000000000000000000, 0.000000000000000000 ) ) ;
#3840 = AXIS2_PLACEMENT_3D ( 'NONE', #6951, #4752, #2742 ) ;
#3841 = DIRECTION ( 'NONE',  ( 1.000000000000000000, 0.000000000000000000, 0.000000000000000000 ) ) ;
#3842 = AXIS2_PLACEMENT_3D ( 'NONE', #2216, #865, #2997 ) ;
#3843 = CARTESIAN_POINT ( 'NONE',  ( 8.000000000000001776, 0.000000000000000000, 0.000000000000000000 ) ) ;
#3844 = ORIENTED_EDGE ( 'NONE', *, *, #7675, .T. ) ;
#3845 = CARTESIAN_POINT ( 'NONE',  ( 8.000000000000001776, -100.9660000373496729, -10.40768165625303254 ) ) ;
#3846 = FACE_OUTER_BOUND ( 'NONE', #6376, .T. ) ;
#3847 = ORIENTED_EDGE ( 'NONE', *, *, #7059, .T. ) ;
#3848 = ORIENTED_EDGE ( 'NONE', *, *, #5164, .T. ) ;
#3849 = AXIS2_PLACEMENT_3D ( 'NONE', #8191, #1805, #7429 ) ;
#3850 = VERTEX_POINT ( 'NONE', #1970 ) ;
#3851 = CIRCLE ( 'NONE', #3272, 97.00000000000000000 ) ;
#3852 = CARTESIAN_POINT ( 'NONE',  ( 0.000000000000000000, -81.23803425740963746, 53.00360166999914213 ) ) ;
#3853 = AXIS2_PLACEMENT_3D ( 'NONE', #8637, #5028, #6354 ) ;
#3854 = FACE_OUTER_BOUND ( 'NONE', #2218, .T. ) ;
#3855 = ORIENTED_EDGE ( 'NONE', *, *, #176, .F. ) ;
#3856 = DIRECTION ( 'NONE',  ( -1.000000000000000000, -0.000000000000000000, -0.000000000000000000 ) ) ;
#3857 = CARTESIAN_POINT ( 'NONE',  ( 8.000000000000001776, 43.67274061404148711, -86.61230701960693068 ) ) ;
#3858 = AXIS2_PLACEMENT_3D ( 'NONE', #7264, #1735, #8081 ) ;
#3859 = VERTEX_POINT ( 'NONE', #6865 ) ;
#3860 = DIRECTION ( 'NONE',  ( -1.000000000000000000, 0.000000000000000000, -0.000000000000000000 ) ) ;
#3861 = CARTESIAN_POINT ( 'NONE',  ( 3.999999999999998224, -95.37140362625797252, 17.70015170436088781 ) ) ;
#3862 = DIRECTION ( 'NONE',  ( -1.000000000000000000, -0.000000000000000000, -0.000000000000000000 ) ) ;
#3863 = DIRECTION ( 'NONE',  ( -1.000000000000000000, -0.000000000000000000, -0.000000000000000000 ) ) ;
#3864 = ADVANCED_FACE ( 'NONE', ( #631 ), #3386, .F. ) ;
#3865 = CARTESIAN_POINT ( 'NONE',  ( 8.000000000000001776, -14.15391040208219309, 92.70656567741862375 ) ) ;
#3866 = CARTESIAN_POINT ( 'NONE',  ( -10.00000000000000000, 0.000000000000000000, 0.000000000000000000 ) ) ;
#3867 = ORIENTED_EDGE ( 'NONE', *, *, #7550, .T. ) ;
#3868 = VERTEX_POINT ( 'NONE', #1348 ) ;
#3869 = DIRECTION ( 'NONE',  ( 1.000000000000000000, 0.000000000000000000, 0.000000000000000000 ) ) ;
#3870 = ORIENTED_EDGE ( 'NONE', *, *, #4976, .F. ) ;
#3871 = LINE ( 'NONE', #3192, #4120 ) ;
#3872 = DIRECTION ( 'NONE',  ( -1.000000000000000000, 0.000000000000000000, -0.000000000000000000 ) ) ;
#3873 = AXIS2_PLACEMENT_3D ( 'NONE', #8497, #1832, #398 ) ;
#3874 = ADVANCED_FACE ( 'NONE', ( #4116 ), #6909, .F. ) ;
#3875 = ADVANCED_FACE ( 'NONE', ( #8312 ), #2058, .F. ) ;
#3876 = ORIENTED_EDGE ( 'NONE', *, *, #8842, .F. ) ;
#3877 = CYLINDRICAL_SURFACE ( 'NONE', #9000, 49.50000000000001421 ) ;
#3878 = DIRECTION ( 'NONE',  ( 0.000000000000000000, 0.000000000000000000, 1.000000000000000000 ) ) ;
#3879 = AXIS2_PLACEMENT_3D ( 'NONE', #2959, #5010, #7802 ) ;
#3880 = CARTESIAN_POINT ( 'NONE',  ( 8.000000000000001776, 0.000000000000000000, 0.000000000000000000 ) ) ;
#3881 = ORIENTED_EDGE ( 'NONE', *, *, #330, .F. ) ;
#3882 = FACE_OUTER_BOUND ( 'NONE', #7418, .T. ) ;
#3883 = ORIENTED_EDGE ( 'NONE', *, *, #4366, .F. ) ;
#3884 = LINE ( 'NONE', #8767, #2243 ) ;
#3885 = EDGE_CURVE ( 'NONE', #8545, #4225, #6220, .T. ) ;
#3886 = DIRECTION ( 'NONE',  ( -1.000000000000000000, -0.000000000000000000, -0.000000000000000000 ) ) ;
#3887 = CIRCLE ( 'NONE', #3589, 49.50000000000002132 ) ;
#3888 = EDGE_CURVE ( 'NONE', #4617, #467, #7824, .T. ) ;
#3889 = EDGE_CURVE ( 'NONE', #1446, #8727, #886, .T. ) ;
#3890 = VECTOR ( 'NONE', #5638, 1000.000000000000000 ) ;
#3891 = CARTESIAN_POINT ( 'NONE',  ( 8.000000000000001776, -101.4228187791120774, -3.983068151487785258 ) ) ;
#3892 = DIRECTION ( 'NONE',  ( -1.000000000000000000, -0.000000000000000000, -0.000000000000000000 ) ) ;
#3893 = VECTOR ( 'NONE', #7044, 1000.000000000000000 ) ;
#3894 = ORIENTED_EDGE ( 'NONE', *, *, #1650, .F. ) ;
#3895 = CARTESIAN_POINT ( 'NONE',  ( 8.000000000000001776, -78.50593618205236623, 56.97208074293514812 ) ) ;
#3896 = CARTESIAN_POINT ( 'NONE',  ( 0.000000000000000000, 0.000000000000000000, 0.000000000000000000 ) ) ;
#3897 = ORIENTED_EDGE ( 'NONE', *, *, #5827, .F. ) ;
#3898 = ORIENTED_EDGE ( 'NONE', *, *, #4875, .T. ) ;
#3899 = ORIENTED_EDGE ( 'NONE', *, *, #2757, .F. ) ;
#3900 = AXIS2_PLACEMENT_3D ( 'NONE', #8761, #6153, #526 ) ;
#3901 = DIRECTION ( 'NONE',  ( 0.000000000000000000, -0.4009305354066208804, 0.9161084574320664808 ) ) ;
#3902 = EDGE_LOOP ( 'NONE', ( #1752, #1219, #3248, #261 ) ) ;
#3903 = DIRECTION ( 'NONE',  ( -1.000000000000000000, -0.000000000000000000, -0.000000000000000000 ) ) ;
#3904 = FACE_OUTER_BOUND ( 'NONE', #6788, .T. ) ;
#3905 = ORIENTED_EDGE ( 'NONE', *, *, #1422, .F. ) ;
#3906 = CARTESIAN_POINT ( 'NONE',  ( 8.000000000000001776, -29.90010982920049187, -88.88657902953320900 ) ) ;
#3907 = CARTESIAN_POINT ( 'NONE',  ( 8.000000000000001776, 50.13541003783966232, -79.25453400096041889 ) ) ;
#3908 = ORIENTED_EDGE ( 'NONE', *, *, #3209, .T. ) ;
#3909 = CARTESIAN_POINT ( 'NONE',  ( 8.000000000000001776, -90.56482174570719224, -45.83084183351084562 ) ) ;
#3910 = ORIENTED_EDGE ( 'NONE', *, *, #8295, .F. ) ;
#3911 = ORIENTED_EDGE ( 'NONE', *, *, #4990, .F. ) ;
#3912 = FACE_OUTER_BOUND ( 'NONE', #8666, .T. ) ;
#3913 = VERTEX_POINT ( 'NONE', #160 ) ;
#3914 = EDGE_CURVE ( 'NONE', #4071, #8253, #8989, .T. ) ;
#3915 = FACE_OUTER_BOUND ( 'NONE', #5605, .T. ) ;
#3916 = CARTESIAN_POINT ( 'NONE',  ( 8.000000000000001776, 0.000000000000000000, 0.000000000000000000 ) ) ;
#3917 = AXIS2_PLACEMENT_3D ( 'NONE', #2874, #8233, #5651 ) ;
#3918 = ORIENTED_EDGE ( 'NONE', *, *, #2025, .F. ) ;
#3919 = DIRECTION ( 'NONE',  ( 0.000000000000000000, 0.4783379665707575001, -0.8781758307633801275 ) ) ;
#3920 = DIRECTION ( 'NONE',  ( 0.000000000000000000, 0.000000000000000000, 1.000000000000000000 ) ) ;
#3921 = CYLINDRICAL_SURFACE ( 'NONE', #5457, 97.00000000000000000 ) ;
#3922 = VERTEX_POINT ( 'NONE', #933 ) ;
#3923 = AXIS2_PLACEMENT_3D ( 'NONE', #3401, #1988, #6271 ) ;
#3924 = LINE ( 'NONE', #1785, #4244 ) ;
#3925 = ORIENTED_EDGE ( 'NONE', *, *, #1427, .F. ) ;
#3926 = CARTESIAN_POINT ( 'NONE',  ( 0.000000000000000000, -33.91794212442417944, -95.66622289525292899 ) ) ;
#3927 = LINE ( 'NONE', #5166, #7667 ) ;
#3928 = EDGE_CURVE ( 'NONE', #3462, #6978, #7087, .T. ) ;
#3929 = CIRCLE ( 'NONE', #3489, 101.5010000000000190 ) ;
#3930 = LINE ( 'NONE', #7458, #49 ) ;
#3931 = EDGE_CURVE ( 'NONE', #8538, #8528, #5750, .T. ) ;
#3932 = DIRECTION ( 'NONE',  ( -1.000000000000000000, 0.000000000000000000, -0.000000000000000000 ) ) ;
#3933 = EDGE_CURVE ( 'NONE', #3868, #2398, #3696, .T. ) ;
#3934 = ORIENTED_EDGE ( 'NONE', *, *, #615, .T. ) ;
#3935 = FACE_OUTER_BOUND ( 'NONE', #8063, .T. ) ;
#3936 = EDGE_CURVE ( 'NONE', #4750, #8096, #3743, .T. ) ;
#3937 = DIRECTION ( 'NONE',  ( -1.000000000000000000, -0.000000000000000000, 0.000000000000000000 ) ) ;
#3938 = EDGE_LOOP ( 'NONE', ( #7841, #584, #4370, #5640 ) ) ;
#3939 = VERTEX_POINT ( 'NONE', #7855 ) ;
#3940 = VECTOR ( 'NONE', #7994, 1000.000000000000000 ) ;
#3941 = ORIENTED_EDGE ( 'NONE', *, *, #1170, .F. ) ;
#3942 = AXIS2_PLACEMENT_3D ( 'NONE', #2909, #5009, #3596 ) ;
#3943 = AXIS2_PLACEMENT_3D ( 'NONE', #4328, #975, #2559 ) ;
#3944 = DIRECTION ( 'NONE',  ( 0.000000000000000000, 0.000000000000000000, 1.000000000000000000 ) ) ;
#3945 = AXIS2_PLACEMENT_3D ( 'NONE', #7529, #6192, #3363 ) ;
#3946 = DIRECTION ( 'NONE',  ( -1.000000000000000000, -0.000000000000000000, -0.000000000000000000 ) ) ;
#3947 = EDGE_LOOP ( 'NONE', ( #1538, #299, #83, #5534 ) ) ;
#3948 = CARTESIAN_POINT ( 'NONE',  ( 1.062190476068823620E-14, 96.35576641085029337, -26.73229693121841777 ) ) ;
#3949 = ADVANCED_FACE ( 'NONE', ( #1652 ), #4424, .F. ) ;
#3950 = FACE_OUTER_BOUND ( 'NONE', #8180, .T. ) ;
#3951 = ORIENTED_EDGE ( 'NONE', *, *, #7296, .T. ) ;
#3952 = DIRECTION ( 'NONE',  ( 1.000000000000000000, 0.000000000000000000, 0.000000000000000000 ) ) ;
#3953 = FACE_OUTER_BOUND ( 'NONE', #999, .T. ) ;
#3954 = ORIENTED_EDGE ( 'NONE', *, *, #5937, .T. ) ;
#3955 = CIRCLE ( 'NONE', #5695, 97.00000000000000000 ) ;
#3956 = FACE_OUTER_BOUND ( 'NONE', #8828, .T. ) ;
#3957 = CIRCLE ( 'NONE', #6140, 97.00000000000000000 ) ;
#3958 = CIRCLE ( 'NONE', #2348, 97.00000000000000000 ) ;
#3959 = DIRECTION ( 'NONE',  ( 0.000000000000000000, 0.000000000000000000, 1.000000000000000000 ) ) ;
#3960 = EDGE_LOOP ( 'NONE', ( #7708, #6690, #8085, #2550 ) ) ;
#3961 = VECTOR ( 'NONE', #3297, 1000.000000000000000 ) ;
#3962 = FACE_OUTER_BOUND ( 'NONE', #2285, .T. ) ;
#3963 = DIRECTION ( 'NONE',  ( -1.000000000000000000, 0.000000000000000000, -0.000000000000000000 ) ) ;
#3964 = ORIENTED_EDGE ( 'NONE', *, *, #5484, .T. ) ;
#3965 = DIRECTION ( 'NONE',  ( 1.000000000000000000, 0.000000000000000000, 0.000000000000000000 ) ) ;
#3966 = CARTESIAN_POINT ( 'NONE',  ( 0.000000000000000000, -74.73448566193221154, -61.83653170130461518 ) ) ;
#3967 = CIRCLE ( 'NONE', #7013, 97.00000000000000000 ) ;
#3968 = AXIS2_PLACEMENT_3D ( 'NONE', #4277, #7075, #834 ) ;
#3969 = CARTESIAN_POINT ( 'NONE',  ( 8.000000000000001776, 0.000000000000000000, 0.000000000000000000 ) ) ;
#3970 = CARTESIAN_POINT ( 'NONE',  ( 0.000000000000000000, 0.000000000000000000, 0.000000000000000000 ) ) ;
#3971 = CARTESIAN_POINT ( 'NONE',  ( 8.000000000000001776, -88.40099660786249558, 31.30661748110753706 ) ) ;
#3972 = ORIENTED_EDGE ( 'NONE', *, *, #4308, .F. ) ;
#3973 = DIRECTION ( 'NONE',  ( 0.000000000000000000, 0.000000000000000000, 1.000000000000000000 ) ) ;
#3974 = ORIENTED_EDGE ( 'NONE', *, *, #3642, .F. ) ;
#3975 = CARTESIAN_POINT ( 'NONE',  ( 8.000000000000001776, 0.000000000000000000, 0.000000000000000000 ) ) ;
#3976 = DIRECTION ( 'NONE',  ( 0.000000000000000000, -0.9988673391830074078, -0.04758191582375303347 ) ) ;
#3977 = AXIS2_PLACEMENT_3D ( 'NONE', #3570, #6353, #6918 ) ;
#3978 = EDGE_CURVE ( 'NONE', #3177, #3987, #7223, .T. ) ;
#3979 = FACE_OUTER_BOUND ( 'NONE', #6158, .T. ) ;
#3980 = FACE_OUTER_BOUND ( 'NONE', #7212, .T. ) ;
#3981 = ORIENTED_EDGE ( 'NONE', *, *, #2605, .F. ) ;
#3982 = LINE ( 'NONE', #1746, #5721 ) ;
#3983 = CARTESIAN_POINT ( 'NONE',  ( 8.000000000000001776, 0.000000000000000000, 0.000000000000000000 ) ) ;
#3984 = ORIENTED_EDGE ( 'NONE', *, *, #8688, .F. ) ;
#3985 = CIRCLE ( 'NONE', #1235, 97.00000000000000000 ) ;
#3986 = ORIENTED_EDGE ( 'NONE', *, *, #6325, .F. ) ;
#3987 = VERTEX_POINT ( 'NONE', #846 ) ;
#3988 = EDGE_CURVE ( 'NONE', #5960, #471, #4473, .T. ) ;
#3989 = ADVANCED_FACE ( 'NONE', ( #302 ), #5703, .F. ) ;
#3990 = CIRCLE ( 'NONE', #2972, 97.00000000000000000 ) ;
#3991 = DIRECTION ( 'NONE',  ( 0.000000000000000000, 0.000000000000000000, 1.000000000000000000 ) ) ;
#3992 = ADVANCED_FACE ( 'NONE', ( #3607 ), #2235, .F. ) ;
#3993 = CYLINDRICAL_SURFACE ( 'NONE', #6401, 101.5009999999999906 ) ;
#3995 = ORIENTED_EDGE ( 'NONE', *, *, #7630, .T. ) ;
#3994 = AXIS2_PLACEMENT_3D ( 'NONE', #7548, #6129, #77 ) ;
#3996 = DIRECTION ( 'NONE',  ( 0.000000000000000000, 0.000000000000000000, 1.000000000000000000 ) ) ;
#3997 = CARTESIAN_POINT ( 'NONE',  ( 8.000000000000001776, -67.04387314720847257, -76.20742794781241969 ) ) ;
#3998 = ORIENTED_EDGE ( 'NONE', *, *, #6440, .F. ) ;
#3999 = CYLINDRICAL_SURFACE ( 'NONE', #3611, 49.50000000000001421 ) ;
#4000 = CIRCLE ( 'NONE', #1668, 49.50000000000000711 ) ;
#4001 = VERTEX_POINT ( 'NONE', #2149 ) ;
#4002 = EDGE_CURVE ( 'NONE', #2215, #5075, #5353, .T. ) ;
#4003 = AXIS2_PLACEMENT_3D ( 'NONE', #7921, #3133, #1672 ) ;
#4004 = EDGE_CURVE ( 'NONE', #4706, #4698, #6081, .T. ) ;
#4005 = AXIS2_PLACEMENT_3D ( 'NONE', #1465, #5698, #2232 ) ;
#4006 = DIRECTION ( 'NONE',  ( 1.000000000000000000, 0.000000000000000000, 0.000000000000000000 ) ) ;
#4007 = DIRECTION ( 'NONE',  ( -1.000000000000000000, -0.000000000000000000, 0.000000000000000000 ) ) ;
#4008 = ORIENTED_EDGE ( 'NONE', *, *, #5897, .F. ) ;
#4009 = CYLINDRICAL_SURFACE ( 'NONE', #5043, 101.5009999999999906 ) ;
#4010 = DIRECTION ( 'NONE',  ( 1.000000000000000000, 0.000000000000000000, 0.000000000000000000 ) ) ;
#4011 = EDGE_LOOP ( 'NONE', ( #8322, #4935, #3744, #2743 ) ) ;
#4012 = DIRECTION ( 'NONE',  ( 0.000000000000000000, -0.8959937742913398617, 0.4440666126057660201 ) ) ;
#4013 = FACE_OUTER_BOUND ( 'NONE', #8706, .T. ) ;
#4014 = AXIS2_PLACEMENT_3D ( 'NONE', #1043, #7965, #2176 ) ;
#4015 = VERTEX_POINT ( 'NONE', #6346 ) ;
#4016 = DIRECTION ( 'NONE',  ( 0.000000000000000000, 0.6181589862206007258, 0.7860530947427910586 ) ) ;
#4017 = CARTESIAN_POINT ( 'NONE',  ( 8.000000000000001776, 27.06486892284542733, -89.79049710053341471 ) ) ;
#4018 = VECTOR ( 'NONE', #6225, 1000.000000000000000 ) ;
#4019 = LINE ( 'NONE', #6115, #7080 ) ;
#4020 = VERTEX_POINT ( 'NONE', #206 ) ;
#4021 = CARTESIAN_POINT ( 'NONE',  ( 8.000000000000001776, -51.40995245025470695, -87.51839686638774651 ) ) ;
#4022 = VERTEX_POINT ( 'NONE', #3563 ) ;
#4023 = DIRECTION ( 'NONE',  ( -1.000000000000000000, -0.000000000000000000, -0.000000000000000000 ) ) ;
#4024 = CARTESIAN_POINT ( 'NONE',  ( 8.000000000000001776, -93.43022383455226532, -8.101467373085654344 ) ) ;
#4025 = VECTOR ( 'NONE', #5672, 1000.000000000000114 ) ;
#4026 = DIRECTION ( 'NONE',  ( 1.000000000000000000, 0.000000000000000000, 0.000000000000000000 ) ) ;
#4027 = DIRECTION ( 'NONE',  ( 0.000000000000000000, 0.000000000000000000, 1.000000000000000000 ) ) ;
#4028 = ORIENTED_EDGE ( 'NONE', *, *, #4346, .F. ) ;
#4029 = CARTESIAN_POINT ( 'NONE',  ( 0.000000000000000000, -40.91192797837033623, -84.38634159900726672 ) ) ;
#4030 = CARTESIAN_POINT ( 'NONE',  ( 8.000000000000001776, -60.86098462158992106, 81.23049644001073943 ) ) ;
#4031 = ORIENTED_EDGE ( 'NONE', *, *, #996, .F. ) ;
#4032 = AXIS2_PLACEMENT_3D ( 'NONE', #4961, #4326, #8478 ) ;
#4033 = EDGE_CURVE ( 'NONE', #426, #7560, #1991, .T. ) ;
#4034 = CARTESIAN_POINT ( 'NONE',  ( 8.000000000000001776, 23.18747631044369939, -98.81697193980704697 ) ) ;
#4035 = AXIS2_PLACEMENT_3D ( 'NONE', #8115, #2587, #3405 ) ;
#4036 = AXIS2_PLACEMENT_3D ( 'NONE', #4414, #6564, #1824 ) ;
#4037 = DIRECTION ( 'NONE',  ( 0.000000000000000000, 2.831629431493453882E-14, -1.000000000000000000 ) ) ;
#4038 = ORIENTED_EDGE ( 'NONE', *, *, #5808, .F. ) ;
#4039 = CARTESIAN_POINT ( 'NONE',  ( 8.000000000000001776, 39.69903536425473334, -84.96368100853067062 ) ) ;
#4040 = DIRECTION ( 'NONE',  ( -1.000000000000000000, 0.000000000000000000, 0.000000000000000000 ) ) ;
#4041 = ORIENTED_EDGE ( 'NONE', *, *, #3931, .F. ) ;
#4042 = EDGE_CURVE ( 'NONE', #6071, #3474, #7248, .T. ) ;
#4043 = DIRECTION ( 'NONE',  ( -1.000000000000000000, -0.000000000000000000, 0.000000000000000000 ) ) ;
#4044 = VERTEX_POINT ( 'NONE', #8628 ) ;
#4045 = ADVANCED_FACE ( 'NONE', ( #8247 ), #1902, .F. ) ;
#4046 = DIRECTION ( 'NONE',  ( 0.000000000000000000, 0.000000000000000000, 1.000000000000000000 ) ) ;
#4047 = EDGE_CURVE ( 'NONE', #5723, #2860, #7542, .T. ) ;
#4048 = CYLINDRICAL_SURFACE ( 'NONE', #8196, 49.50000000000001421 ) ;
#4049 = VERTEX_POINT ( 'NONE', #6801 ) ;
#4050 = EDGE_CURVE ( 'NONE', #5091, #7314, #1282, .T. ) ;
#4051 = FACE_OUTER_BOUND ( 'NONE', #4334, .T. ) ;
#4052 = EDGE_CURVE ( 'NONE', #3802, #4939, #6953, .T. ) ;
#4053 = VERTEX_POINT ( 'NONE', #5211 ) ;
#4054 = DIRECTION ( 'NONE',  ( 0.000000000000000000, 0.000000000000000000, 1.000000000000000000 ) ) ;
#4055 = CARTESIAN_POINT ( 'NONE',  ( 0.000000000000000000, -40.90272372289801694, -87.95434720380951887 ) ) ;
#4056 = CARTESIAN_POINT ( 'NONE',  ( 8.000000000000001776, 11.20539675743573937, -93.10896617877438075 ) ) ;
#4057 = LINE ( 'NONE', #8123, #4202 ) ;
#4058 = DIRECTION ( 'NONE',  ( 0.000000000000000000, -0.9341478602651027696, -0.3568862215918823799 ) ) ;
#4059 = ORIENTED_EDGE ( 'NONE', *, *, #552, .T. ) ;
#4060 = LINE ( 'NONE', #6857, #5277 ) ;
#4061 = EDGE_CURVE ( 'NONE', #7571, #4706, #2424, .T. ) ;
#4062 = ORIENTED_EDGE ( 'NONE', *, *, #1520, .F. ) ;
#4063 = CARTESIAN_POINT ( 'NONE',  ( 8.000000000000001776, 86.75640213517152688, -35.61133510459993090 ) ) ;
#4064 = CARTESIAN_POINT ( 'NONE',  ( 0.000000000000000000, -95.11823470135377079, -19.01371681965895277 ) ) ;
#4065 = CIRCLE ( 'NONE', #305, 49.50000000000002132 ) ;
#4066 = CARTESIAN_POINT ( 'NONE',  ( 0.000000000000000000, 0.000000000000000000, 0.000000000000000000 ) ) ;
#4067 = CARTESIAN_POINT ( 'NONE',  ( 4.000000000000000888, -73.87460308289963962, 62.86129985407585963 ) ) ;
#4068 = ORIENTED_EDGE ( 'NONE', *, *, #2099, .F. ) ;
#4069 = CARTESIAN_POINT ( 'NONE',  ( 8.000000000000001776, 0.000000000000000000, 0.000000000000000000 ) ) ;
#4070 = CARTESIAN_POINT ( 'NONE',  ( -8.500000000000001776, -63.60141849350122101, 95.81158367136264076 ) ) ;
#4071 = VERTEX_POINT ( 'NONE', #1948 ) ;
#4072 = AXIS2_PLACEMENT_3D ( 'NONE', #2991, #1532, #3760 ) ;
#4073 = DIRECTION ( 'NONE',  ( -1.000000000000000000, -0.000000000000000000, -0.000000000000000000 ) ) ;
#4074 = CARTESIAN_POINT ( 'NONE',  ( 8.000000000000001776, -79.31118670880010768, 63.34183975731877325 ) ) ;
#4075 = AXIS2_PLACEMENT_3D ( 'NONE', #6869, #4922, #637 ) ;
#4076 = ADVANCED_FACE ( 'NONE', ( #6756 ), #8673, .F. ) ;
#4077 = ORIENTED_EDGE ( 'NONE', *, *, #277, .F. ) ;
#4078 = DIRECTION ( 'NONE',  ( 1.000000000000000000, 0.000000000000000000, -0.000000000000000000 ) ) ;
#4079 = LINE ( 'NONE', #8321, #6629 ) ;
#4080 = ORIENTED_EDGE ( 'NONE', *, *, #5600, .T. ) ;
#4081 = ORIENTED_EDGE ( 'NONE', *, *, #4438, .F. ) ;
#4082 = CYLINDRICAL_SURFACE ( 'NONE', #4887, 49.50000000000001421 ) ;
#4083 = VERTEX_POINT ( 'NONE', #1992 ) ;
#4084 = VECTOR ( 'NONE', #3425, 1000.000000000000000 ) ;
#4085 = CARTESIAN_POINT ( 'NONE',  ( 8.000000000000001776, -95.37140362625797252, 17.70015170436088781 ) ) ;
#4086 = CARTESIAN_POINT ( 'NONE',  ( 8.000000000000001776, 0.000000000000000000, 0.000000000000000000 ) ) ;
#4087 = ORIENTED_EDGE ( 'NONE', *, *, #7122, .T. ) ;
#4088 = AXIS2_PLACEMENT_3D ( 'NONE', #7020, #782, #4948 ) ;
#4089 = FACE_OUTER_BOUND ( 'NONE', #8313, .T. ) ;
#4090 = CYLINDRICAL_SURFACE ( 'NONE', #1471, 101.5009999999999906 ) ;
#4091 = ORIENTED_EDGE ( 'NONE', *, *, #4713, .T. ) ;
#4092 = DIRECTION ( 'NONE',  ( 0.000000000000000000, -0.5136773915734133000, 0.8579834132349728471 ) ) ;
#4093 = DIRECTION ( 'NONE',  ( 0.000000000000000000, -0.1580013959733570783, 0.9874388886763931783 ) ) ;
#4094 = EDGE_CURVE ( 'NONE', #4495, #8590, #421, .T. ) ;
#4095 = VECTOR ( 'NONE', #7810, 1000.000000000000000 ) ;
#4096 = EDGE_CURVE ( 'NONE', #6730, #4959, #3887, .T. ) ;
#4097 = CIRCLE ( 'NONE', #4541, 49.50000000000001421 ) ;
#4098 = ORIENTED_EDGE ( 'NONE', *, *, #94, .F. ) ;
#4099 = CARTESIAN_POINT ( 'NONE',  ( 8.000000000000001776, -97.60174128166896423, 27.86311360537725434 ) ) ;
#4100 = EDGE_CURVE ( 'NONE', #7560, #783, #2862, .T. ) ;
#4101 = LINE ( 'NONE', #3246, #6248 ) ;
#4102 = CARTESIAN_POINT ( 'NONE',  ( 8.000000000000001776, -12.53788020431948880, -92.93891574229729713 ) ) ;
#4103 = ORIENTED_EDGE ( 'NONE', *, *, #8064, .F. ) ;
#4104 = LINE ( 'NONE', #4144, #341 ) ;
#4105 = EDGE_LOOP ( 'NONE', ( #1284, #7192, #8411, #1165 ) ) ;
#4106 = DIRECTION ( 'NONE',  ( 1.000000000000000000, 0.000000000000000000, 0.000000000000000000 ) ) ;
#4107 = CARTESIAN_POINT ( 'NONE',  ( 8.000000000000001776, -20.00522777441543454, 91.62222089136162140 ) ) ;
#4108 = AXIS2_PLACEMENT_3D ( 'NONE', #2092, #8259, #7624 ) ;
#4109 = AXIS2_PLACEMENT_3D ( 'NONE', #63, #8385, #2130 ) ;
#4110 = ADVANCED_FACE ( 'NONE', ( #4051 ), #2372, .F. ) ;
#4111 = LINE ( 'NONE', #3557, #4084 ) ;
#4112 = CARTESIAN_POINT ( 'NONE',  ( 8.000000000000001776, -55.71933719032650600, 79.39997142991109058 ) ) ;
#4113 = AXIS2_PLACEMENT_3D ( 'NONE', #8021, #1727, #8610 ) ;
#4114 = ORIENTED_EDGE ( 'NONE', *, *, #2925, .T. ) ;
#4115 = DIRECTION ( 'NONE',  ( 1.000000000000000000, -0.000000000000000000, -0.000000000000000000 ) ) ;
#4116 = FACE_OUTER_BOUND ( 'NONE', #5861, .T. ) ;
#4117 = ORIENTED_EDGE ( 'NONE', *, *, #2584, .T. ) ;
#4118 = DIRECTION ( 'NONE',  ( 1.000000000000000000, 0.000000000000000000, 0.000000000000000000 ) ) ;
#4119 = CARTESIAN_POINT ( 'NONE',  ( 8.000000000000001776, 0.000000000000000000, 0.000000000000000000 ) ) ;
#4120 = VECTOR ( 'NONE', #5972, 1000.000000000000000 ) ;
#4121 = ORIENTED_EDGE ( 'NONE', *, *, #6113, .T. ) ;
#4122 = FACE_OUTER_BOUND ( 'NONE', #3902, .T. ) ;
#4123 = DIRECTION ( 'NONE',  ( 0.000000000000000000, 0.5670598638627660781, 0.8236765814298359079 ) ) ;
#4124 = VERTEX_POINT ( 'NONE', #1859 ) ;
#4125 = ORIENTED_EDGE ( 'NONE', *, *, #3590, .F. ) ;
#4126 = AXIS2_PLACEMENT_3D ( 'NONE', #2429, #8095, #2519 ) ;
#4127 = DIRECTION ( 'NONE',  ( 1.000000000000000000, 0.000000000000000000, 0.000000000000000000 ) ) ;
#4128 = ORIENTED_EDGE ( 'NONE', *, *, #1047, .F. ) ;
#4129 = VECTOR ( 'NONE', #5335, 1000.000000000000000 ) ;
#4130 = CARTESIAN_POINT ( 'NONE',  ( 0.000000000000000000, -86.23742840964196432, -36.85032483796559433 ) ) ;
#4131 = DIRECTION ( 'NONE',  ( 0.000000000000000000, 0.000000000000000000, 1.000000000000000000 ) ) ;
#4132 = AXIS2_PLACEMENT_3D ( 'NONE', #8381, #6508, #2125 ) ;
#4133 = ORIENTED_EDGE ( 'NONE', *, *, #3051, .T. ) ;
#4134 = CARTESIAN_POINT ( 'NONE',  ( 4.000000000000000888, -60.64301354649335707, -75.70617483402408254 ) ) ;
#4135 = DIRECTION ( 'NONE',  ( -1.000000000000000000, 0.000000000000000000, -0.000000000000000000 ) ) ;
#4136 = ORIENTED_EDGE ( 'NONE', *, *, #6221, .T. ) ;
#4137 = DIRECTION ( 'NONE',  ( 0.000000000000000000, 0.000000000000000000, 1.000000000000000000 ) ) ;
#4138 = ADVANCED_FACE ( 'NONE', ( #4089 ), #6842, .F. ) ;
#4139 = AXIS2_PLACEMENT_3D ( 'NONE', #7634, #4705, #6946 ) ;
#4140 = EDGE_LOOP ( 'NONE', ( #8109, #2280, #8093, #5331 ) ) ;
#4141 = CARTESIAN_POINT ( 'NONE',  ( 0.000000000000000000, 75.83186949266098509, -60.48576336005054088 ) ) ;
#4142 = FACE_OUTER_BOUND ( 'NONE', #6021, .T. ) ;
#4143 = ORIENTED_EDGE ( 'NONE', *, *, #14, .F. ) ;
#4144 = CARTESIAN_POINT ( 'NONE',  ( 8.000000000000001776, -90.56482174570719224, -45.83084183351084562 ) ) ;
#4145 = CIRCLE ( 'NONE', #8961, 49.50000000000001421 ) ;
#4146 = DIRECTION ( 'NONE',  ( 1.000000000000000000, 0.000000000000000000, 0.000000000000000000 ) ) ;
#4147 = CARTESIAN_POINT ( 'NONE',  ( 8.000000000000001776, 0.000000000000000000, 0.000000000000000000 ) ) ;
#4148 = EDGE_CURVE ( 'NONE', #1781, #4985, #3792, .T. ) ;
#4149 = EDGE_CURVE ( 'NONE', #5879, #8568, #3362, .T. ) ;
#4150 = AXIS2_PLACEMENT_3D ( 'NONE', #367, #8428, #4912 ) ;
#4151 = CARTESIAN_POINT ( 'NONE',  ( 8.000000000000001776, 0.000000000000000000, 0.000000000000000000 ) ) ;
#4152 = DIRECTION ( 'NONE',  ( 0.000000000000000000, -0.3716624556603156937, -0.9283679330160773402 ) ) ;
#4153 = ADVANCED_FACE ( 'NONE', ( #3962 ), #6061, .F. ) ;
#4154 = ORIENTED_EDGE ( 'NONE', *, *, #5104, .T. ) ;
#4155 = CARTESIAN_POINT ( 'NONE',  ( 0.000000000000000000, 0.000000000000000000, 0.000000000000000000 ) ) ;
#4156 = CARTESIAN_POINT ( 'NONE',  ( -10.00000000000000000, 0.000000000000000000, 0.000000000000000000 ) ) ;
#4157 = ORIENTED_EDGE ( 'NONE', *, *, #3156, .F. ) ;
#4158 = ADVANCED_FACE ( 'NONE', ( #1241 ), #4009, .F. ) ;
#4159 = DIRECTION ( 'NONE',  ( -1.000000000000000000, -0.000000000000000000, -0.000000000000000000 ) ) ;
#4160 = EDGE_CURVE ( 'NONE', #2497, #7450, #3493, .T. ) ;
#4161 = VECTOR ( 'NONE', #7647, 1000.000000000000000 ) ;
#4162 = CARTESIAN_POINT ( 'NONE',  ( 0.000000000000000000, 63.02908721345282572, -69.44187975862016060 ) ) ;
#4163 = ORIENTED_EDGE ( 'NONE', *, *, #1435, .T. ) ;
#4164 = CARTESIAN_POINT ( 'NONE',  ( 0.000000000000000000, 0.000000000000000000, 0.000000000000000000 ) ) ;
#4165 = DIRECTION ( 'NONE',  ( 0.000000000000000000, 0.1892512443604032479, 0.9819286972627080390 ) ) ;
#4166 = EDGE_LOOP ( 'NONE', ( #592, #2339, #2325, #3981 ) ) ;
#4167 = AXIS2_PLACEMENT_3D ( 'NONE', #1381, #5516, #2049 ) ;
#4168 = VERTEX_POINT ( 'NONE', #2808 ) ;
#4169 = EDGE_CURVE ( 'NONE', #1081, #728, #3735, .T. ) ;
#4170 = CARTESIAN_POINT ( 'NONE',  ( 16.50000000000000000, 0.000000000000000000, 0.000000000000000000 ) ) ;
#4171 = ORIENTED_EDGE ( 'NONE', *, *, #104, .T. ) ;
#4172 = AXIS2_PLACEMENT_3D ( 'NONE', #6195, #6106, #6805 ) ;
#4173 = DIRECTION ( 'NONE',  ( 1.000000000000000000, -0.000000000000000000, -0.000000000000000000 ) ) ;
#4174 = CIRCLE ( 'NONE', #2138, 49.50000000000001421 ) ;
#4175 = DIRECTION ( 'NONE',  ( -1.000000000000000000, 0.000000000000000000, 0.000000000000000000 ) ) ;
#4176 = EDGE_LOOP ( 'NONE', ( #8082, #6791, #6668, #3417 ) ) ;
#4177 = AXIS2_PLACEMENT_3D ( 'NONE', #7678, #5111, #2191 ) ;
#4178 = DIRECTION ( 'NONE',  ( 1.000000000000000000, -0.000000000000000000, 0.000000000000000000 ) ) ;
#4179 = DIRECTION ( 'NONE',  ( 0.000000000000000000, -8.410780489584516706E-16, -1.000000000000000000 ) ) ;
#4180 = ORIENTED_EDGE ( 'NONE', *, *, #2210, .T. ) ;
#4181 = DIRECTION ( 'NONE',  ( -1.000000000000000000, -0.000000000000000000, 0.000000000000000000 ) ) ;
#4182 = DIRECTION ( 'NONE',  ( -1.000000000000000000, -0.000000000000000000, -0.000000000000000000 ) ) ;
#4183 = ORIENTED_EDGE ( 'NONE', *, *, #5339, .F. ) ;
#4184 = CARTESIAN_POINT ( 'NONE',  ( 7.999999999999992895, 0.000000000000000000, 0.000000000000000000 ) ) ;
#4185 = CARTESIAN_POINT ( 'NONE',  ( 8.000000000000001776, -26.31106071306504290, -98.03153107624814311 ) ) ;
#4186 = DIRECTION ( 'NONE',  ( 1.000000000000000000, 0.000000000000000000, 0.000000000000000000 ) ) ;
#4187 = ORIENTED_EDGE ( 'NONE', *, *, #8892, .F. ) ;
#4188 = EDGE_CURVE ( 'NONE', #1448, #8015, #1281, .T. ) ;
#4189 = DIRECTION ( 'NONE',  ( 1.000000000000000000, 0.000000000000000000, 0.000000000000000000 ) ) ;
#4190 = ORIENTED_EDGE ( 'NONE', *, *, #2313, .T. ) ;
#4191 = DIRECTION ( 'NONE',  ( -1.000000000000000000, -0.000000000000000000, 0.000000000000000000 ) ) ;
#4192 = DIRECTION ( 'NONE',  ( -1.000000000000000000, -0.000000000000000000, -0.000000000000000000 ) ) ;
#4193 = DIRECTION ( 'NONE',  ( 0.000000000000000000, -0.7345917086575253219, -0.6785094115571408402 ) ) ;
#4194 = CIRCLE ( 'NONE', #294, 49.50000000000002132 ) ;
#4195 = DIRECTION ( 'NONE',  ( 0.000000000000000000, -0.7557495743542639310, 0.6548607339452785503 ) ) ;
#4196 = ORIENTED_EDGE ( 'NONE', *, *, #5169, .T. ) ;
#4197 = EDGE_CURVE ( 'NONE', #8030, #5756, #6998, .T. ) ;
#4198 = CARTESIAN_POINT ( 'NONE',  ( 0.000000000000000000, 0.000000000000000000, 0.000000000000000000 ) ) ;
#4199 = DIRECTION ( 'NONE',  ( -1.000000000000000000, 0.000000000000000000, 0.000000000000000000 ) ) ;
#4200 = EDGE_LOOP ( 'NONE', ( #7924, #3527, #4845, #351 ) ) ;
#4201 = DIRECTION ( 'NONE',  ( -1.000000000000000000, -0.000000000000000000, 0.000000000000000000 ) ) ;
#4202 = VECTOR ( 'NONE', #1868, 1000.000000000000000 ) ;
#4203 = CARTESIAN_POINT ( 'NONE',  ( 8.000000000000001776, 0.000000000000000000, 0.000000000000000000 ) ) ;
#4204 = ADVANCED_FACE ( 'NONE', ( #6929 ), #9, .F. ) ;
#4205 = EDGE_CURVE ( 'NONE', #2689, #6335, #1368, .T. ) ;
#4206 = ORIENTED_EDGE ( 'NONE', *, *, #7171, .F. ) ;
#4207 = EDGE_CURVE ( 'NONE', #3387, #8740, #2761, .T. ) ;
#4208 = DIRECTION ( 'NONE',  ( 0.000000000000000000, 0.000000000000000000, 1.000000000000000000 ) ) ;
#4209 = CYLINDRICAL_SURFACE ( 'NONE', #8363, 49.50000000000001421 ) ;
#4210 = ORIENTED_EDGE ( 'NONE', *, *, #5476, .T. ) ;
#4211 = ORIENTED_EDGE ( 'NONE', *, *, #8441, .T. ) ;
#4212 = DIRECTION ( 'NONE',  ( 0.000000000000000000, 0.000000000000000000, 1.000000000000000000 ) ) ;
#4213 = EDGE_LOOP ( 'NONE', ( #3918, #5530, #8349, #1378 ) ) ;
#4214 = ADVANCED_FACE ( 'NONE', ( #6236 ), #2122, .F. ) ;
#4215 = CARTESIAN_POINT ( 'NONE',  ( 0.000000000000000000, -56.14281629694171727, -75.11873719398883509 ) ) ;
#4216 = AXIS2_PLACEMENT_3D ( 'NONE', #1843, #8917, #2016 ) ;
#4217 = DIRECTION ( 'NONE',  ( -1.000000000000000000, -0.000000000000000000, 0.000000000000000000 ) ) ;
#4218 = ORIENTED_EDGE ( 'NONE', *, *, #4033, .T. ) ;
#4219 = DIRECTION ( 'NONE',  ( 0.000000000000000000, 0.000000000000000000, 1.000000000000000000 ) ) ;
#4220 = ORIENTED_EDGE ( 'NONE', *, *, #4991, .F. ) ;
#4221 = AXIS2_PLACEMENT_3D ( 'NONE', #925, #5106, #6567 ) ;
#4222 = DIRECTION ( 'NONE',  ( 0.000000000000000000, 0.000000000000000000, 1.000000000000000000 ) ) ;
#4223 = LINE ( 'NONE', #189, #4898 ) ;
#4224 = CIRCLE ( 'NONE', #3091, 97.00000000000000000 ) ;
#4225 = VERTEX_POINT ( 'NONE', #7700 ) ;
#4226 = CARTESIAN_POINT ( 'NONE',  ( 8.000000000000001776, -85.58284989173270674, 38.34600766417349860 ) ) ;
#4227 = CIRCLE ( 'NONE', #2061, 97.00000000000000000 ) ;
#4228 = CARTESIAN_POINT ( 'NONE',  ( 0.000000000000000000, 28.62388835078512983, -89.30573058350449855 ) ) ;
#4229 = CARTESIAN_POINT ( 'NONE',  ( -10.00000000000000000, 0.000000000000000000, 0.000000000000000000 ) ) ;
#4230 = ORIENTED_EDGE ( 'NONE', *, *, #731, .F. ) ;
#4231 = CARTESIAN_POINT ( 'NONE',  ( 0.000000000000000000, 71.31282434913349277, -60.90420004171580359 ) ) ;
#4232 = ORIENTED_EDGE ( 'NONE', *, *, #4197, .F. ) ;
#4233 = CYLINDRICAL_SURFACE ( 'NONE', #5985, 101.5009999999999906 ) ;
#4234 = DIRECTION ( 'NONE',  ( 0.000000000000000000, -0.9223542941045850263, 0.3863451256931196287 ) ) ;
#4235 = AXIS2_PLACEMENT_3D ( 'NONE', #3767, #7200, #5962 ) ;
#4236 = AXIS2_PLACEMENT_3D ( 'NONE', #4155, #585, #6908 ) ;
#4237 = VECTOR ( 'NONE', #3602, 1000.000000000000000 ) ;
#4238 = CARTESIAN_POINT ( 'NONE',  ( 8.000000000000001776, -89.86545223748106537, -47.18742941878711150 ) ) ;
#4239 = CARTESIAN_POINT ( 'NONE',  ( 0.000000000000000000, 0.000000000000000000, 0.000000000000000000 ) ) ;
#4240 = DIRECTION ( 'NONE',  ( 1.000000000000000000, 0.000000000000000000, 0.000000000000000000 ) ) ;
#4241 = CIRCLE ( 'NONE', #45, 49.50000000000000000 ) ;
#4242 = ORIENTED_EDGE ( 'NONE', *, *, #6382, .F. ) ;
#4243 = CYLINDRICAL_SURFACE ( 'NONE', #1056, 49.50000000000001421 ) ;
#4244 = VECTOR ( 'NONE', #5345, 1000.000000000000000 ) ;
#4245 = DIRECTION ( 'NONE',  ( 0.000000000000000000, 0.000000000000000000, 1.000000000000000000 ) ) ;
#4246 = ORIENTED_EDGE ( 'NONE', *, *, #5281, .F. ) ;
#4247 = CYLINDRICAL_SURFACE ( 'NONE', #5997, 101.5009999999999906 ) ;
#4248 = EDGE_CURVE ( 'NONE', #2269, #8283, #883, .T. ) ;
#4249 = VECTOR ( 'NONE', #1057, 1000.000000000000000 ) ;
#4250 = DIRECTION ( 'NONE',  ( -1.000000000000000000, -0.000000000000000000, 0.000000000000000000 ) ) ;
#4251 = FACE_OUTER_BOUND ( 'NONE', #1220, .T. ) ;
#4252 = ORIENTED_EDGE ( 'NONE', *, *, #878, .F. ) ;
#4253 = CARTESIAN_POINT ( 'NONE',  ( 3.999999999999998224, -33.99231706918357077, -90.84889861890506779 ) ) ;
#4254 = FACE_OUTER_BOUND ( 'NONE', #230, .T. ) ;
#4255 = ORIENTED_EDGE ( 'NONE', *, *, #8223, .F. ) ;
#4256 = ORIENTED_EDGE ( 'NONE', *, *, #3885, .F. ) ;
#4257 = CARTESIAN_POINT ( 'NONE',  ( 8.000000000000001776, -92.47033105578917400, -15.62300783474360877 ) ) ;
#4258 = EDGE_LOOP ( 'NONE', ( #2070, #4658, #3155, #5460 ) ) ;
#4259 = ADVANCED_FACE ( 'NONE', ( #7593 ), #6044, .F. ) ;
#4260 = EDGE_CURVE ( 'NONE', #2473, #1048, #4945, .T. ) ;
#4261 = VECTOR ( 'NONE', #6446, 1000.000000000000000 ) ;
#4262 = DIRECTION ( 'NONE',  ( 0.000000000000000000, 0.000000000000000000, 1.000000000000000000 ) ) ;
#4263 = DIRECTION ( 'NONE',  ( -1.000000000000000000, 0.000000000000000000, -0.000000000000000000 ) ) ;
#4264 = ORIENTED_EDGE ( 'NONE', *, *, #1226, .T. ) ;
#4265 = ADVANCED_FACE ( 'NONE', ( #1305 ), #6131, .F. ) ;
#4266 = CARTESIAN_POINT ( 'NONE',  ( 8.000000000000001776, -95.63804952087187417, -33.99730114057967256 ) ) ;
#4267 = ORIENTED_EDGE ( 'NONE', *, *, #1211, .T. ) ;
#4268 = VECTOR ( 'NONE', #7443, 1000.000000000000000 ) ;
#4269 = DIRECTION ( 'NONE',  ( 1.000000000000000000, 0.000000000000000000, 0.000000000000000000 ) ) ;
#4270 = EDGE_CURVE ( 'NONE', #1329, #6018, #1039, .T. ) ;
#4271 = DIRECTION ( 'NONE',  ( 1.000000000000000000, 0.000000000000000000, 0.000000000000000000 ) ) ;
#4272 = EDGE_CURVE ( 'NONE', #7493, #5935, #6737, .T. ) ;
#4273 = AXIS2_PLACEMENT_3D ( 'NONE', #2933, #8494, #8540 ) ;
#4274 = EDGE_LOOP ( 'NONE', ( #5137, #2535, #335, #1749 ) ) ;
#4275 = CIRCLE ( 'NONE', #8078, 49.50000000000002132 ) ;
#4276 = DIRECTION ( 'NONE',  ( -1.000000000000000000, -0.000000000000000000, -0.000000000000000000 ) ) ;
#4277 = CARTESIAN_POINT ( 'NONE',  ( -10.00000000000000000, 0.000000000000000000, 0.000000000000000000 ) ) ;
#4278 = ORIENTED_EDGE ( 'NONE', *, *, #1422, .T. ) ;
#4279 = CARTESIAN_POINT ( 'NONE',  ( 8.000000000000001776, 5.277501078273780344, -93.63219789015167294 ) ) ;
#4280 = VERTEX_POINT ( 'NONE', #589 ) ;
#4281 = LINE ( 'NONE', #7081, #6719 ) ;
#4282 = CARTESIAN_POINT ( 'NONE',  ( -8.500000000000007105, 100.8977962754999851, -3.166008196913426165 ) ) ;
#4283 = AXIS2_PLACEMENT_3D ( 'NONE', #3750, #259, #5025 ) ;
#4284 = DIRECTION ( 'NONE',  ( -1.000000000000000000, 0.000000000000000000, 0.000000000000000000 ) ) ;
#4285 = SURFACE_STYLE_USAGE ( .BOTH. , #1512 ) ;
#4286 = AXIS2_PLACEMENT_3D ( 'NONE', #6481, #7169, #7760 ) ;
#4287 = DIRECTION ( 'NONE',  ( -1.000000000000000000, 0.000000000000000000, 0.000000000000000000 ) ) ;
#4288 = ORIENTED_EDGE ( 'NONE', *, *, #5329, .T. ) ;
#4289 = DIRECTION ( 'NONE',  ( 0.000000000000000000, 0.000000000000000000, -1.000000000000000000 ) ) ;
#4290 = DIRECTION ( 'NONE',  ( 0.000000000000000000, 0.000000000000000000, 1.000000000000000000 ) ) ;
#4291 = ORIENTED_EDGE ( 'NONE', *, *, #4042, .T. ) ;
#4292 = DIRECTION ( 'NONE',  ( -1.000000000000000000, -0.000000000000000000, -0.000000000000000000 ) ) ;
#4293 = AXIS2_PLACEMENT_3D ( 'NONE', #7576, #7497, #1335 ) ;
#4294 = DIRECTION ( 'NONE',  ( 0.000000000000000000, 0.000000000000000000, -1.000000000000000000 ) ) ;
#4295 = DIRECTION ( 'NONE',  ( 0.000000000000000000, 0.8325698546347686246, 0.5539200638661144760 ) ) ;
#4296 = ORIENTED_EDGE ( 'NONE', *, *, #555, .T. ) ;
#4297 = CARTESIAN_POINT ( 'NONE',  ( 8.000000000000001776, 5.277501078273780344, -93.63219789015167294 ) ) ;
#4298 = FACE_OUTER_BOUND ( 'NONE', #4997, .T. ) ;
#4299 = ORIENTED_EDGE ( 'NONE', *, *, #706, .T. ) ;
#4300 = ORIENTED_EDGE ( 'NONE', *, *, #4934, .T. ) ;
#4301 = ADVANCED_FACE ( 'NONE', ( #3436 ), #8829, .F. ) ;
#4302 = CARTESIAN_POINT ( 'NONE',  ( 8.000000000000001776, 73.98426986970670782, -69.48942950439591471 ) ) ;
#4303 = VECTOR ( 'NONE', #485, 1000.000000000000000 ) ;
#4304 = ORIENTED_EDGE ( 'NONE', *, *, #7514, .T. ) ;
#4305 = AXIS2_PLACEMENT_3D ( 'NONE', #643, #88, #4806 ) ;
#4306 = CARTESIAN_POINT ( 'NONE',  ( 0.000000000000000000, 91.31736841360853418, -44.31242745566181185 ) ) ;
#4307 = ORIENTED_EDGE ( 'NONE', *, *, #2128, .T. ) ;
#4308 = EDGE_CURVE ( 'NONE', #1419, #8049, #5974, .T. ) ;
#4309 = CARTESIAN_POINT ( 'NONE',  ( 8.443460248972526121E-15, 100.8977962754999709, -3.166008196913421280 ) ) ;
#4310 = ORIENTED_EDGE ( 'NONE', *, *, #7521, .T. ) ;
#4311 = CARTESIAN_POINT ( 'NONE',  ( 8.000000000000001776, -82.97848981719934613, -43.69680454024813088 ) ) ;
#4312 = CARTESIAN_POINT ( 'NONE',  ( 8.000000000000001776, -92.67733574038355471, -41.39280663429611451 ) ) ;
#4313 = AXIS2_PLACEMENT_3D ( 'NONE', #7307, #3008, #6521 ) ;
#4314 = EDGE_CURVE ( 'NONE', #6253, #2978, #4518, .T. ) ;
#4315 = CIRCLE ( 'NONE', #417, 49.50000000000002842 ) ;
#4316 = EDGE_LOOP ( 'NONE', ( #7100, #2609, #3031, #5909 ) ) ;
#4317 = DIRECTION ( 'NONE',  ( -1.000000000000000000, -0.000000000000000000, 0.000000000000000000 ) ) ;
#4318 = ADVANCED_FACE ( 'NONE', ( #7551 ), #4755, .F. ) ;
#4319 = EDGE_CURVE ( 'NONE', #1069, #5969, #3208, .T. ) ;
#4320 = DIRECTION ( 'NONE',  ( 1.000000000000000000, 0.000000000000000000, 0.000000000000000000 ) ) ;
#4321 = AXIS2_PLACEMENT_3D ( 'NONE', #8889, #8979, #3326 ) ;
#4322 = ORIENTED_EDGE ( 'NONE', *, *, #1119, .F. ) ;
#4323 = CARTESIAN_POINT ( 'NONE',  ( 0.000000000000000000, 0.000000000000000000, 0.000000000000000000 ) ) ;
#4324 = VERTEX_POINT ( 'NONE', #8141 ) ;
#4325 = DIRECTION ( 'NONE',  ( -1.000000000000000000, -0.000000000000000000, -0.000000000000000000 ) ) ;
#4326 = DIRECTION ( 'NONE',  ( -1.000000000000000000, -0.000000000000000000, 0.000000000000000000 ) ) ;
#4327 = AXIS2_PLACEMENT_3D ( 'NONE', #4453, #7833, #234 ) ;
#4328 = CARTESIAN_POINT ( 'NONE',  ( 0.000000000000000000, 90.56655692779558819, -24.34212943881589197 ) ) ;
#4329 = ADVANCED_FACE ( 'NONE', ( #2614 ), #3347, .F. ) ;
#4330 = CARTESIAN_POINT ( 'NONE',  ( 8.000000000000001776, 59.27500417742437122, -76.78198929284343421 ) ) ;
#4331 = EDGE_LOOP ( 'NONE', ( #3428, #5589, #4533, #8097 ) ) ;
#4332 = FACE_OUTER_BOUND ( 'NONE', #8731, .T. ) ;
#4333 = CARTESIAN_POINT ( 'NONE',  ( 8.000000000000001776, -80.04000465091354499, -48.87164980695292371 ) ) ;
#4334 = EDGE_LOOP ( 'NONE', ( #5931, #4579, #8793, #1443 ) ) ;
#4335 = CIRCLE ( 'NONE', #6678, 49.50000000000002842 ) ;
#4336 = CARTESIAN_POINT ( 'NONE',  ( 0.000000000000000000, 11.20539675743573937, -93.10896617877438075 ) ) ;
#4337 = CARTESIAN_POINT ( 'NONE',  ( 8.000000000000001776, 47.26197118536455832, -89.82627166187947410 ) ) ;
#4338 = CARTESIAN_POINT ( 'NONE',  ( 4.000000000000000888, -56.80902787495021045, -78.62400620613993851 ) ) ;
#4339 = ORIENTED_EDGE ( 'NONE', *, *, #5340, .T. ) ;
#4340 = CYLINDRICAL_SURFACE ( 'NONE', #5288, 49.50000000000001421 ) ;
#4341 = LINE ( 'NONE', #1525, #1083 ) ;
#4342 = ORIENTED_EDGE ( 'NONE', *, *, #4478, .T. ) ;
#4343 = ORIENTED_EDGE ( 'NONE', *, *, #1157, .T. ) ;
#4344 = CIRCLE ( 'NONE', #1580, 101.5010000000000048 ) ;
#4345 = VERTEX_POINT ( 'NONE', #8962 ) ;
#4346 = EDGE_CURVE ( 'NONE', #9006, #7327, #5446, .T. ) ;
#4347 = DIRECTION ( 'NONE',  ( -1.000000000000000000, 0.000000000000000000, 0.000000000000000000 ) ) ;
#4348 = AXIS2_PLACEMENT_3D ( 'NONE', #4130, #3358, #8329 ) ;
#4349 = VERTEX_POINT ( 'NONE', #4798 ) ;
#4350 = CYLINDRICAL_SURFACE ( 'NONE', #5168, 49.50000000000001421 ) ;
#4351 = ORIENTED_EDGE ( 'NONE', *, *, #3579, .T. ) ;
#4352 = CARTESIAN_POINT ( 'NONE',  ( 8.000000000000001776, 58.21048187889133629, -77.59213748458836335 ) ) ;
#4353 = EDGE_LOOP ( 'NONE', ( #7237, #1667, #5240, #8498 ) ) ;
#4354 = CARTESIAN_POINT ( 'NONE',  ( 8.000000000000001776, -80.87865912086839160, 47.47086472966424253 ) ) ;
#4355 = EDGE_CURVE ( 'NONE', #8323, #6992, #1601, .T. ) ;
#4356 = AXIS2_PLACEMENT_3D ( 'NONE', #5485, #4625, #7425 ) ;
#4357 = EDGE_LOOP ( 'NONE', ( #7556, #3883, #3569, #8909 ) ) ;
#4358 = LINE ( 'NONE', #7113, #3183 ) ;
#4359 = CARTESIAN_POINT ( 'NONE',  ( 8.000000000000001776, 0.000000000000000000, 0.000000000000000000 ) ) ;
#4360 = ORIENTED_EDGE ( 'NONE', *, *, #7966, .T. ) ;
#4361 = CARTESIAN_POINT ( 'NONE',  ( 0.000000000000000000, -95.11604032214818005, 35.43150962682067728 ) ) ;
#4362 = ORIENTED_EDGE ( 'NONE', *, *, #1754, .F. ) ;
#4363 = DIRECTION ( 'NONE',  ( 1.000000000000000000, -0.000000000000000000, 0.000000000000000000 ) ) ;
#4364 = AXIS2_PLACEMENT_3D ( 'NONE', #8186, #6088, #8873 ) ;
#4365 = CARTESIAN_POINT ( 'NONE',  ( 8.000000000000001776, -87.47571382902634696, 51.48254549944370240 ) ) ;
#4366 = EDGE_CURVE ( 'NONE', #5438, #5770, #5402, .T. ) ;
#4367 = EDGE_CURVE ( 'NONE', #2919, #7116, #6264, .T. ) ;
#4368 = CIRCLE ( 'NONE', #4669, 49.50000000000001421 ) ;
#4369 = ADVANCED_FACE ( 'NONE', ( #7513 ), #1265, .T. ) ;
#4370 = ORIENTED_EDGE ( 'NONE', *, *, #3928, .T. ) ;
#4371 = CYLINDRICAL_SURFACE ( 'NONE', #4221, 101.5009999999999906 ) ;
#4372 = DIRECTION ( 'NONE',  ( -1.000000000000000000, -0.000000000000000000, 0.000000000000000000 ) ) ;
#4373 = CYLINDRICAL_SURFACE ( 'NONE', #4286, 97.00000000000000000 ) ;
#4374 = EDGE_LOOP ( 'NONE', ( #804, #8703, #5190, #656 ) ) ;
#4375 = ORIENTED_EDGE ( 'NONE', *, *, #5209, .T. ) ;
#4376 = DIRECTION ( 'NONE',  ( 0.000000000000000000, 0.000000000000000000, 1.000000000000000000 ) ) ;
#4377 = CARTESIAN_POINT ( 'NONE',  ( 8.000000000000001776, -8.245600228092932582, -93.41761384369748100 ) ) ;
#4378 = ORIENTED_EDGE ( 'NONE', *, *, #4428, .T. ) ;
#4379 = CARTESIAN_POINT ( 'NONE',  ( 8.000000000000001776, 52.86395178372370651, -86.64788285242829602 ) ) ;
#4380 = CIRCLE ( 'NONE', #4526, 49.50000000000001421 ) ;
#4381 = CIRCLE ( 'NONE', #6577, 121.0000000000000284 ) ;
#4382 = EDGE_CURVE ( 'NONE', #3756, #3052, #5024, .T. ) ;
#4383 = EDGE_CURVE ( 'NONE', #8635, #6492, #4978, .T. ) ;
#4384 = CARTESIAN_POINT ( 'NONE',  ( 8.000000000000001776, 71.84295120991663453, -65.17354034767130599 ) ) ;
#4385 = CIRCLE ( 'NONE', #484, 49.50000000000002132 ) ;
#4386 = VECTOR ( 'NONE', #6289, 1000.000000000000000 ) ;
#4387 = DIRECTION ( 'NONE',  ( 0.000000000000000000, 0.1580013959733432283, 0.9874388886763953987 ) ) ;
#4388 = EDGE_LOOP ( 'NONE', ( #4038, #1682, #8059, #6547 ) ) ;
#4389 = LINE ( 'NONE', #309, #65 ) ;
#4390 = FACE_OUTER_BOUND ( 'NONE', #4905, .T. ) ;
#4391 = ORIENTED_EDGE ( 'NONE', *, *, #2313, .F. ) ;
#4392 = ORIENTED_EDGE ( 'NONE', *, *, #7793, .T. ) ;
#4393 = ORIENTED_EDGE ( 'NONE', *, *, #4548, .T. ) ;
#4394 = CIRCLE ( 'NONE', #8627, 97.00000000000000000 ) ;
#4395 =( NAMED_UNIT ( * ) PLANE_ANGLE_UNIT ( ) SI_UNIT ( $, .RADIAN. ) );
#4396 = DIRECTION ( 'NONE',  ( -1.000000000000000000, -0.000000000000000000, 0.000000000000000000 ) ) ;
#4397 = VERTEX_POINT ( 'NONE', #890 ) ;
#4398 = DIRECTION ( 'NONE',  ( 0.000000000000000000, 0.5136773915734013096, 0.8579834132349800635 ) ) ;
#4399 = CARTESIAN_POINT ( 'NONE',  ( 8.000000000000001776, -14.15391040208219309, 92.70656567741862375 ) ) ;
#4400 = AXIS2_PLACEMENT_3D ( 'NONE', #2585, #1945, #5967 ) ;
#4401 = VERTEX_POINT ( 'NONE', #6259 ) ;
#4402 = DIRECTION ( 'NONE',  ( 0.000000000000000000, 0.000000000000000000, 1.000000000000000000 ) ) ;
#4403 = VERTEX_POINT ( 'NONE', #4337 ) ;
#4404 = DIRECTION ( 'NONE',  ( -1.000000000000000000, -0.000000000000000000, 0.000000000000000000 ) ) ;
#4405 = CARTESIAN_POINT ( 'NONE',  ( 0.000000000000000000, 48.74810734211839502, -80.11530771290220798 ) ) ;
#4406 = AXIS2_PLACEMENT_3D ( 'NONE', #1356, #1439, #4208 ) ;
#4407 = EDGE_LOOP ( 'NONE', ( #8279, #2343, #3263, #6309 ) ) ;
#4408 = DIRECTION ( 'NONE',  ( 0.000000000000000000, 0.000000000000000000, 1.000000000000000000 ) ) ;
#4409 = CIRCLE ( 'NONE', #6171, 101.5010000000000048 ) ;
#4410 = ORIENTED_EDGE ( 'NONE', *, *, #8728, .F. ) ;
#4411 = DIRECTION ( 'NONE',  ( 1.000000000000000000, 0.000000000000000000, 0.000000000000000000 ) ) ;
#4412 = EDGE_CURVE ( 'NONE', #7234, #5365, #7870, .T. ) ;
#4413 = FACE_OUTER_BOUND ( 'NONE', #2879, .T. ) ;
#4414 = CARTESIAN_POINT ( 'NONE',  ( 8.000000000000001776, 75.03203165220811854, -56.25864134080865142 ) ) ;
#4415 = VECTOR ( 'NONE', #4439, 1000.000000000000000 ) ;
#4416 = AXIS2_PLACEMENT_3D ( 'NONE', #2856, #7878, #826 ) ;
#4417 = VERTEX_POINT ( 'NONE', #5621 ) ;
#4418 = CARTESIAN_POINT ( 'NONE',  ( 8.000000000000001776, -87.86926881703357139, -41.08517491212484884 ) ) ;
#4419 = DIRECTION ( 'NONE',  ( 0.000000000000000000, 0.000000000000000000, 1.000000000000000000 ) ) ;
#4420 = DIRECTION ( 'NONE',  ( 0.000000000000000000, 0.6181589862206009478, 0.7860530947427908366 ) ) ;
#4421 = VERTEX_POINT ( 'NONE', #7049 ) ;
#4422 = CARTESIAN_POINT ( 'NONE',  ( 4.000000000000000888, -56.80902787495130468, 78.62400620613915692 ) ) ;
#4423 = ADVANCED_FACE ( 'NONE', ( #6394 ), #8316, .F. ) ;
#4424 = CYLINDRICAL_SURFACE ( 'NONE', #3745, 49.50000000000001421 ) ;
#4425 = VERTEX_POINT ( 'NONE', #2242 ) ;
#4426 = CIRCLE ( 'NONE', #525, 49.50000000000002132 ) ;
#4427 = CARTESIAN_POINT ( 'NONE',  ( 8.000000000000001776, 0.000000000000000000, 0.000000000000000000 ) ) ;
#4428 = EDGE_CURVE ( 'NONE', #5935, #6245, #2038, .T. ) ;
#4429 = CIRCLE ( 'NONE', #4003, 97.00000000000000000 ) ;
#4430 = CIRCLE ( 'NONE', #2251, 49.50000000000001421 ) ;
#4431 = LINE ( 'NONE', #5901, #8187 ) ;
#4432 = ADVANCED_FACE ( 'NONE', ( #6957 ), #6350, .F. ) ;
#4433 = AXIS2_PLACEMENT_3D ( 'NONE', #6120, #4146, #2641 ) ;
#4434 = CARTESIAN_POINT ( 'NONE',  ( 3.999999999999998224, -16.18476450428374491, -95.64022897264976564 ) ) ;
#4435 = EDGE_CURVE ( 'NONE', #3576, #5773, #8596, .T. ) ;
#4436 = ORIENTED_EDGE ( 'NONE', *, *, #8965, .T. ) ;
#4437 = CARTESIAN_POINT ( 'NONE',  ( 3.999999999999998224, -95.11823470135402658, 19.01371681965759919 ) ) ;
#4438 = EDGE_CURVE ( 'NONE', #2214, #1543, #7585, .T. ) ;
#4439 = DIRECTION ( 'NONE',  ( -1.000000000000000000, 0.000000000000000000, -0.000000000000000000 ) ) ;
#4440 = VERTEX_POINT ( 'NONE', #7812 ) ;
#4441 = VERTEX_POINT ( 'NONE', #7641 ) ;
#4442 = CIRCLE ( 'NONE', #1964, 49.50000000000002132 ) ;
#4443 = ORIENTED_EDGE ( 'NONE', *, *, #2592, .T. ) ;
#4444 = CARTESIAN_POINT ( 'NONE',  ( 0.000000000000000000, -65.32250189068336965, -71.70753619210235286 ) ) ;
#4445 = ORIENTED_EDGE ( 'NONE', *, *, #5899, .F. ) ;
#4446 = CARTESIAN_POINT ( 'NONE',  ( 4.000000000000000888, -51.70801026982476145, -82.06876186427878395 ) ) ;
#4447 = EDGE_CURVE ( 'NONE', #5224, #2889, #4805, .T. ) ;
#4448 = DIRECTION ( 'NONE',  ( 0.000000000000000000, 0.1580013959733432005, 0.9874388886763953987 ) ) ;
#4449 = ORIENTED_EDGE ( 'NONE', *, *, #314, .F. ) ;
#4450 = CARTESIAN_POINT ( 'NONE',  ( 8.000000000000001776, 0.000000000000000000, 0.000000000000000000 ) ) ;
#4451 = ORIENTED_EDGE ( 'NONE', *, *, #4764, .T. ) ;
#4452 = DIRECTION ( 'NONE',  ( 0.000000000000000000, 0.000000000000000000, 1.000000000000000000 ) ) ;
#4453 = CARTESIAN_POINT ( 'NONE',  ( 0.000000000000000000, 75.03203165220811854, -56.25864134080865142 ) ) ;
#4454 = AXIS2_PLACEMENT_3D ( 'NONE', #3839, #3886, #5214 ) ;
#4455 = ORIENTED_EDGE ( 'NONE', *, *, #5946, .F. ) ;
#4456 = CARTESIAN_POINT ( 'NONE',  ( 0.000000000000000000, 0.000000000000000000, 0.000000000000000000 ) ) ;
#4457 = DIRECTION ( 'NONE',  ( 1.000000000000000000, 0.000000000000000000, 0.000000000000000000 ) ) ;
#4458 = ORIENTED_EDGE ( 'NONE', *, *, #2189, .T. ) ;
#4459 = DIRECTION ( 'NONE',  ( -1.000000000000000000, -0.000000000000000000, -0.000000000000000000 ) ) ;
#4460 = DIRECTION ( 'NONE',  ( -1.000000000000000000, 0.000000000000000000, -0.000000000000000000 ) ) ;
#4461 = CARTESIAN_POINT ( 'NONE',  ( 4.000000000000000888, -81.23803425740963746, 53.00360166999914924 ) ) ;
#4462 = VECTOR ( 'NONE', #8200, 1000.000000000000000 ) ;
#4463 = VERTEX_POINT ( 'NONE', #5526 ) ;
#4464 = CIRCLE ( 'NONE', #6675, 101.5010000000000048 ) ;
#4465 = EDGE_CURVE ( 'NONE', #4124, #4517, #464, .T. ) ;
#4466 = DIRECTION ( 'NONE',  ( 0.000000000000000000, -0.6181589862206120500, 0.7860530947427820658 ) ) ;
#4467 = DIRECTION ( 'NONE',  ( 1.000000000000000000, 0.000000000000000000, 0.000000000000000000 ) ) ;
#4468 = DIRECTION ( 'NONE',  ( 0.000000000000000000, 0.000000000000000000, 1.000000000000000000 ) ) ;
#4469 = ORIENTED_EDGE ( 'NONE', *, *, #3367, .T. ) ;
#4470 = DIRECTION ( 'NONE',  ( 0.000000000000000000, 0.000000000000000000, 1.000000000000000000 ) ) ;
#4471 = DIRECTION ( 'NONE',  ( 0.000000000000000000, 0.000000000000000000, 1.000000000000000000 ) ) ;
#4472 = VERTEX_POINT ( 'NONE', #2156 ) ;
#4473 = CIRCLE ( 'NONE', #6514, 49.50000000000002132 ) ;
#4474 = DIRECTION ( 'NONE',  ( 0.000000000000000000, -0.9718115683235390989, -0.2357589355094378836 ) ) ;
#4475 = DIRECTION ( 'NONE',  ( -1.000000000000000000, 0.000000000000000000, -0.000000000000000000 ) ) ;
#4476 = AXIS2_PLACEMENT_3D ( 'NONE', #3092, #5871, #8701 ) ;
#4477 = DIRECTION ( 'NONE',  ( 1.000000000000000000, 0.000000000000000000, 0.000000000000000000 ) ) ;
#4478 = EDGE_CURVE ( 'NONE', #3987, #2017, #5532, .T. ) ;
#4479 = AXIS2_PLACEMENT_3D ( 'NONE', #4226, #831, #5555 ) ;
#4480 = LINE ( 'NONE', #1031, #7784 ) ;
#4481 = ORIENTED_EDGE ( 'NONE', *, *, #4766, .T. ) ;
#4482 = CARTESIAN_POINT ( 'NONE',  ( 16.50000000000000711, 96.97008148644913206, -2.409003219471805846 ) ) ;
#4483 = DIRECTION ( 'NONE',  ( 0.000000000000000000, -0.1892512443604032479, -0.9819286972627080390 ) ) ;
#4484 = ORIENTED_EDGE ( 'NONE', *, *, #6162, .F. ) ;
#4485 = VERTEX_POINT ( 'NONE', #1396 ) ;
#4486 = ORIENTED_EDGE ( 'NONE', *, *, #8392, .T. ) ;
#4487 = PRODUCT_RELATED_PRODUCT_CATEGORY ( 'part', '', ( #5705 ) ) ;
#4488 = EDGE_CURVE ( 'NONE', #3859, #7826, #8362, .T. ) ;
#4489 = EDGE_CURVE ( 'NONE', #8075, #1131, #7685, .T. ) ;
#4490 = EDGE_CURVE ( 'NONE', #8586, #944, #7725, .T. ) ;
#4491 = DIRECTION ( 'NONE',  ( 0.000000000000000000, -0.9223542941045851373, 0.3863451256931196842 ) ) ;
#4492 = ORIENTED_EDGE ( 'NONE', *, *, #4188, .T. ) ;
#4493 = DIRECTION ( 'NONE',  ( 0.000000000000000000, 0.09505604330417634362, 0.9954719225730852550 ) ) ;
#4494 = CARTESIAN_POINT ( 'NONE',  ( -10.00000000000000000, 0.000000000000000000, 0.000000000000000000 ) ) ;
#4495 = VERTEX_POINT ( 'NONE', #2883 ) ;
#4496 = CIRCLE ( 'NONE', #443, 101.5009999999999906 ) ;
#4497 = CARTESIAN_POINT ( 'NONE',  ( 8.000000000000001776, 0.000000000000000000, 0.000000000000000000 ) ) ;
#4498 = VERTEX_POINT ( 'NONE', #5663 ) ;
#4499 = DIRECTION ( 'NONE',  ( -1.000000000000000000, -0.000000000000000000, -0.000000000000000000 ) ) ;
#4500 = CARTESIAN_POINT ( 'NONE',  ( 8.000000000000000000, 100.8977962754999709, -3.166008196913418615 ) ) ;
#4501 = ADVANCED_FACE ( 'NONE', ( #5261 ), #939, .F. ) ;
#4502 = AXIS2_PLACEMENT_3D ( 'NONE', #8882, #5327, #4679 ) ;
#4503 = ORIENTED_EDGE ( 'NONE', *, *, #4260, .F. ) ;
#4504 = DIRECTION ( 'NONE',  ( 0.000000000000000000, 0.000000000000000000, 1.000000000000000000 ) ) ;
#4505 = DIRECTION ( 'NONE',  ( 0.000000000000000000, 0.4783379665707574446, -0.8781758307633801275 ) ) ;
#4506 = ORIENTED_EDGE ( 'NONE', *, *, #8560, .F. ) ;
#4507 = LINE ( 'NONE', #1060, #5986 ) ;
#4508 = ORIENTED_EDGE ( 'NONE', *, *, #2591, .T. ) ;
#4509 = AXIS2_PLACEMENT_3D ( 'NONE', #8286, #6926, #693 ) ;
#4510 = CARTESIAN_POINT ( 'NONE',  ( 0.000000000000000000, 0.000000000000000000, 0.000000000000000000 ) ) ;
#4511 = FACE_OUTER_BOUND ( 'NONE', #476, .T. ) ;
#4512 = ORIENTED_EDGE ( 'NONE', *, *, #8282, .T. ) ;
#4513 = VECTOR ( 'NONE', #3603, 1000.000000000000000 ) ;
#4514 = CYLINDRICAL_SURFACE ( 'NONE', #7446, 49.50000000000001421 ) ;
#4515 = CARTESIAN_POINT ( 'NONE',  ( 0.000000000000000000, -44.38817481231621542, -91.28057261997896887 ) ) ;
#4516 = DIRECTION ( 'NONE',  ( 1.000000000000000000, -0.000000000000000000, 0.000000000000000000 ) ) ;
#4517 = VERTEX_POINT ( 'NONE', #2288 ) ;
#4518 = CIRCLE ( 'NONE', #5249, 97.00000000000000000 ) ;
#4519 = DIRECTION ( 'NONE',  ( 0.000000000000000000, 0.03172793349806100893, 0.9994965423831853046 ) ) ;
#4520 = ORIENTED_EDGE ( 'NONE', *, *, #7025, .T. ) ;
#4521 = DIRECTION ( 'NONE',  ( 0.000000000000000000, -0.3716624556603156937, -0.9283679330160773402 ) ) ;
#4522 = LINE ( 'NONE', #4613, #8243 ) ;
#4523 = AXIS2_PLACEMENT_3D ( 'NONE', #3057, #3738, #4466 ) ;
#4524 = CARTESIAN_POINT ( 'NONE',  ( 8.000000000000001776, -52.62475156798522846, -77.62393974657267393 ) ) ;
#4525 = CARTESIAN_POINT ( 'NONE',  ( 8.000000000000001776, -89.86545223748169064, 47.18742941878587516 ) ) ;
#4526 = AXIS2_PLACEMENT_3D ( 'NONE', #3136, #5236, #8404 ) ;
#4527 = VERTEX_POINT ( 'NONE', #7858 ) ;
#4528 = DIRECTION ( 'NONE',  ( -1.000000000000000000, 0.000000000000000000, -0.000000000000000000 ) ) ;
#4529 = LINE ( 'NONE', #5398, #1511 ) ;
#4530 = ORIENTED_EDGE ( 'NONE', *, *, #5022, .F. ) ;
#4531 = ORIENTED_EDGE ( 'NONE', *, *, #5958, .T. ) ;
#4532 = ADVANCED_FACE ( 'NONE', ( #2468 ), #3796, .F. ) ;
#4533 = ORIENTED_EDGE ( 'NONE', *, *, #7272, .F. ) ;
#4534 = DIRECTION ( 'NONE',  ( -1.000000000000000000, -0.000000000000000000, -0.000000000000000000 ) ) ;
#4535 = ORIENTED_EDGE ( 'NONE', *, *, #282, .T. ) ;
#4536 = DIRECTION ( 'NONE',  ( -1.000000000000000000, -0.000000000000000000, 0.000000000000000000 ) ) ;
#4537 = CARTESIAN_POINT ( 'NONE',  ( 8.000000000000001776, 0.000000000000000000, 0.000000000000000000 ) ) ;
#4538 = VERTEX_POINT ( 'NONE', #8584 ) ;
#4539 = DIRECTION ( 'NONE',  ( -1.000000000000000000, -0.000000000000000000, 0.000000000000000000 ) ) ;
#4540 = EDGE_CURVE ( 'NONE', #7361, #944, #8165, .T. ) ;
#4541 = AXIS2_PLACEMENT_3D ( 'NONE', #3249, #4565, #8672 ) ;
#4542 = DIRECTION ( 'NONE',  ( 1.000000000000000000, 0.000000000000000000, 0.000000000000000000 ) ) ;
#4543 = DIRECTION ( 'NONE',  ( 0.000000000000000000, 0.000000000000000000, 1.000000000000000000 ) ) ;
#4544 = LINE ( 'NONE', #6600, #6223 ) ;
#4545 = EDGE_CURVE ( 'NONE', #8716, #4670, #1609, .T. ) ;
#4546 = CIRCLE ( 'NONE', #4113, 49.50000000000001421 ) ;
#4547 = CARTESIAN_POINT ( 'NONE',  ( -10.00000000000000000, 0.000000000000000000, 0.000000000000000000 ) ) ;
#4548 = EDGE_CURVE ( 'NONE', #5923, #2837, #7274, .T. ) ;
#4549 = CARTESIAN_POINT ( 'NONE',  ( 8.000000000000001776, 0.000000000000000000, 0.000000000000000000 ) ) ;
#4550 = ORIENTED_EDGE ( 'NONE', *, *, #6099, .T. ) ;
#4551 = VERTEX_POINT ( 'NONE', #1790 ) ;
#4552 = EDGE_CURVE ( 'NONE', #3676, #2473, #3023, .T. ) ;
#4553 = DIRECTION ( 'NONE',  ( 0.000000000000000000, 0.000000000000000000, 1.000000000000000000 ) ) ;
#4554 = EDGE_CURVE ( 'NONE', #3731, #3443, #4224, .T. ) ;
#4555 = ORIENTED_EDGE ( 'NONE', *, *, #832, .F. ) ;
#4556 = CARTESIAN_POINT ( 'NONE',  ( 4.000000000000000888, 58.21048187889133629, -77.59213748458836335 ) ) ;
#4557 = CARTESIAN_POINT ( 'NONE',  ( 0.000000000000000000, -51.40995245025470695, -87.51839686638774651 ) ) ;
#4558 = AXIS2_PLACEMENT_3D ( 'NONE', #7436, #2671, #4635 ) ;
#4559 = ORIENTED_EDGE ( 'NONE', *, *, #4042, .F. ) ;
#4560 = CIRCLE ( 'NONE', #7767, 101.5010000000000048 ) ;
#4561 = DIRECTION ( 'NONE',  ( 1.000000000000000000, 0.000000000000000000, 0.000000000000000000 ) ) ;
#4562 = FACE_OUTER_BOUND ( 'NONE', #5030, .T. ) ;
#4563 = CARTESIAN_POINT ( 'NONE',  ( 8.000000000000001776, -85.08657671802340872, -46.57547060855014820 ) ) ;
#4564 = ORIENTED_EDGE ( 'NONE', *, *, #879, .T. ) ;
#4565 = DIRECTION ( 'NONE',  ( -1.000000000000000000, -0.000000000000000000, -0.000000000000000000 ) ) ;
#4566 = ORIENTED_EDGE ( 'NONE', *, *, #994, .F. ) ;
#4567 = CARTESIAN_POINT ( 'NONE',  ( 0.000000000000000000, -95.37140362625797252, 17.70015170436088781 ) ) ;
#4568 = DIRECTION ( 'NONE',  ( 1.000000000000000000, 0.000000000000000000, 0.000000000000000000 ) ) ;
#4569 = VECTOR ( 'NONE', #198, 1000.000000000000000 ) ;
#4570 = DIRECTION ( 'NONE',  ( 1.000000000000000000, -0.000000000000000000, -0.000000000000000000 ) ) ;
#4571 = AXIS2_PLACEMENT_3D ( 'NONE', #2443, #1677, #2395 ) ;
#4572 = LINE ( 'NONE', #7370, #2974 ) ;
#4573 = ORIENTED_EDGE ( 'NONE', *, *, #6751, .T. ) ;
#4574 = DIRECTION ( 'NONE',  ( -1.000000000000000000, -0.000000000000000000, 0.000000000000000000 ) ) ;
#4575 = DIRECTION ( 'NONE',  ( -1.000000000000000000, -0.000000000000000000, 0.000000000000000000 ) ) ;
#4576 = ORIENTED_EDGE ( 'NONE', *, *, #4096, .F. ) ;
#4577 = ORIENTED_EDGE ( 'NONE', *, *, #7681, .T. ) ;
#4578 = VECTOR ( 'NONE', #4040, 1000.000000000000000 ) ;
#4579 = ORIENTED_EDGE ( 'NONE', *, *, #5209, .F. ) ;
#4580 = AXIS2_PLACEMENT_3D ( 'NONE', #2423, #7275, #6035 ) ;
#4581 = CIRCLE ( 'NONE', #5172, 49.50000000000002842 ) ;
#4582 = AXIS2_PLACEMENT_3D ( 'NONE', #1309, #1357, #4123 ) ;
#4583 = CARTESIAN_POINT ( 'NONE',  ( 0.000000000000000000, 13.14214933673543761, -96.10558730277311668 ) ) ;
#4584 = EDGE_CURVE ( 'NONE', #7355, #5208, #7320, .T. ) ;
#4585 = ORIENTED_EDGE ( 'NONE', *, *, #3499, .T. ) ;
#4586 = CARTESIAN_POINT ( 'NONE',  ( 0.000000000000000000, -93.72080647353433847, 25.00820733180062660 ) ) ;
#4587 = DIRECTION ( 'NONE',  ( 0.000000000000000000, -0.9998741276738751793, 0.01586596383479774511 ) ) ;
#4588 = AXIS2_PLACEMENT_3D ( 'NONE', #2324, #5652, #8575 ) ;
#4589 = EDGE_LOOP ( 'NONE', ( #4550, #8249, #5442, #5713 ) ) ;
#4590 = CARTESIAN_POINT ( 'NONE',  ( -8.500000000000001776, -66.91975337142302749, 100.8104489063902633 ) ) ;
#4591 = DIRECTION ( 'NONE',  ( 0.000000000000000000, -0.9096319953545136672, -0.4154150130018965936 ) ) ;
#4592 = VERTEX_POINT ( 'NONE', #4384 ) ;
#4593 = AXIS2_PLACEMENT_3D ( 'NONE', #7920, #7289, #7031 ) ;
#4594 = EDGE_CURVE ( 'NONE', #717, #8125, #2378, .T. ) ;
#4595 = DIRECTION ( 'NONE',  ( 0.000000000000000000, 0.000000000000000000, 1.000000000000000000 ) ) ;
#4596 = ORIENTED_EDGE ( 'NONE', *, *, #6549, .F. ) ;
#4597 = ORIENTED_EDGE ( 'NONE', *, *, #114, .T. ) ;
#4598 = CARTESIAN_POINT ( 'NONE',  ( 8.000000000000001776, -62.02798058046838037, 70.33754420279929320 ) ) ;
#4599 = EDGE_CURVE ( 'NONE', #5995, #5055, #342, .T. ) ;
#4600 = ORIENTED_EDGE ( 'NONE', *, *, #4383, .T. ) ;
#4601 = CARTESIAN_POINT ( 'NONE',  ( 8.000000000000001776, 75.03203165220811854, -56.25864134080865142 ) ) ;
#4602 = CARTESIAN_POINT ( 'NONE',  ( 0.000000000000000000, 0.000000000000000000, 0.000000000000000000 ) ) ;
#4603 = ADVANCED_FACE ( 'NONE', ( #5215 ), #211, .F. ) ;
#4604 = EDGE_CURVE ( 'NONE', #1234, #7931, #5118, .T. ) ;
#4605 = EDGE_CURVE ( 'NONE', #8049, #2401, #4431, .T. ) ;
#4606 = VERTEX_POINT ( 'NONE', #7226 ) ;
#4607 = DIRECTION ( 'NONE',  ( -1.000000000000000000, 0.000000000000000000, -0.000000000000000000 ) ) ;
#4608 = CARTESIAN_POINT ( 'NONE',  ( 0.000000000000000000, 42.85801168260380223, -92.00893345547375191 ) ) ;
#4609 = ORIENTED_EDGE ( 'NONE', *, *, #8956, .F. ) ;
#4610 = DIRECTION ( 'NONE',  ( -1.000000000000000000, 0.000000000000000000, -0.000000000000000000 ) ) ;
#4611 = EDGE_LOOP ( 'NONE', ( #8368, #2389, #3899, #2546 ) ) ;
#4612 = CARTESIAN_POINT ( 'NONE',  ( 8.000000000000001776, -56.80902787495021045, -78.62400620613993851 ) ) ;
#4613 = CARTESIAN_POINT ( 'NONE',  ( 4.000000000000000888, -70.66210574512325593, -66.45198877133034898 ) ) ;
#4614 = ADVANCED_FACE ( 'NONE', ( #8681 ), #985, .F. ) ;
#4615 = DIRECTION ( 'NONE',  ( 1.000000000000000000, 0.000000000000000000, 0.000000000000000000 ) ) ;
#4616 = FACE_OUTER_BOUND ( 'NONE', #6502, .T. ) ;
#4617 = VERTEX_POINT ( 'NONE', #306 ) ;
#4618 = CARTESIAN_POINT ( 'NONE',  ( 8.000000000000001776, -93.70414482884916652, 3.791271721436575870 ) ) ;
#4619 = CARTESIAN_POINT ( 'NONE',  ( 8.000000000000001776, -20.00522777441419819, -91.62222089136189140 ) ) ;
#4620 = ORIENTED_EDGE ( 'NONE', *, *, #4488, .F. ) ;
#4621 = CIRCLE ( 'NONE', #7108, 49.50000000000002132 ) ;
#4622 = ORIENTED_EDGE ( 'NONE', *, *, #4383, .F. ) ;
#4623 = ORIENTED_EDGE ( 'NONE', *, *, #7401, .F. ) ;
#4624 = AXIS2_PLACEMENT_3D ( 'NONE', #4184, #8254, #2861 ) ;
#4625 = DIRECTION ( 'NONE',  ( -1.000000000000000000, 0.000000000000000000, -0.000000000000000000 ) ) ;
#4626 = DIRECTION ( 'NONE',  ( -1.000000000000000000, 0.000000000000000000, 0.000000000000000000 ) ) ;
#4627 = EDGE_LOOP ( 'NONE', ( #8780, #5906, #8146, #6431 ) ) ;
#4628 = CYLINDRICAL_SURFACE ( 'NONE', #3289, 49.50000000000001421 ) ;
#4629 = DIRECTION ( 'NONE',  ( -1.000000000000000000, -0.000000000000000000, 0.000000000000000000 ) ) ;
#4630 = EDGE_LOOP ( 'NONE', ( #393, #8954, #7795, #4378 ) ) ;
#4631 = CARTESIAN_POINT ( 'NONE',  ( 0.000000000000000000, 9.582808174979758675, -93.28992596659752223 ) ) ;
#4632 = DIRECTION ( 'NONE',  ( 0.000000000000000000, 0.000000000000000000, 1.000000000000000000 ) ) ;
#4633 = VERTEX_POINT ( 'NONE', #1075 ) ;
#4634 = DIRECTION ( 'NONE',  ( 1.000000000000000000, -0.000000000000000000, -0.000000000000000000 ) ) ;
#4635 = DIRECTION ( 'NONE',  ( 0.000000000000000000, 0.000000000000000000, 1.000000000000000000 ) ) ;
#4636 = VERTEX_POINT ( 'NONE', #3067 ) ;
#4637 = CARTESIAN_POINT ( 'NONE',  ( 3.999999999999998224, 25.20266038432001920, -93.66870293514600121 ) ) ;
#4638 = ORIENTED_EDGE ( 'NONE', *, *, #8892, .T. ) ;
#4639 = DIRECTION ( 'NONE',  ( 0.000000000000000000, 0.000000000000000000, 1.000000000000000000 ) ) ;
#4640 = DIRECTION ( 'NONE',  ( 0.000000000000000000, 0.000000000000000000, 1.000000000000000000 ) ) ;
#4641 = EDGE_CURVE ( 'NONE', #3188, #8, #1209, .T. ) ;
#4642 = ORIENTED_EDGE ( 'NONE', *, *, #386, .T. ) ;
#4643 = DIRECTION ( 'NONE',  ( 0.000000000000000000, -0.8814533634475764101, -0.4722710747726931446 ) ) ;
#4644 = CARTESIAN_POINT ( 'NONE',  ( 0.000000000000000000, -87.84259803568502889, 32.84080494922085336 ) ) ;
#4645 = CYLINDRICAL_SURFACE ( 'NONE', #235, 101.5009999999999906 ) ;
#4646 = ORIENTED_EDGE ( 'NONE', *, *, #6218, .F. ) ;
#4647 = VECTOR ( 'NONE', #5241, 1000.000000000000000 ) ;
#4648 = DIRECTION ( 'NONE',  ( 1.000000000000000000, 0.000000000000000000, 0.000000000000000000 ) ) ;
#4649 = ORIENTED_EDGE ( 'NONE', *, *, #7012, .F. ) ;
#4650 = EDGE_CURVE ( 'NONE', #5947, #6964, #7952, .T. ) ;
#4651 = DIRECTION ( 'NONE',  ( -1.000000000000000000, 0.000000000000000000, 0.000000000000000000 ) ) ;
#4652 = CARTESIAN_POINT ( 'NONE',  ( 8.000000000000001776, -80.25465358751523581, 62.14212402668520241 ) ) ;
#4653 = EDGE_CURVE ( 'NONE', #4498, #2093, #3930, .T. ) ;
#4654 = EDGE_CURVE ( 'NONE', #2799, #7361, #2645, .T. ) ;
#4655 = CIRCLE ( 'NONE', #4943, 101.5009999999999906 ) ;
#4656 = CARTESIAN_POINT ( 'NONE',  ( 8.000000000000001776, -66.36418094012262259, 66.26187431335134193 ) ) ;
#4657 = DIRECTION ( 'NONE',  ( 0.000000000000000000, 0.6181589862206009478, 0.7860530947427908366 ) ) ;
#4658 = ORIENTED_EDGE ( 'NONE', *, *, #7719, .F. ) ;
#4659 = CARTESIAN_POINT ( 'NONE',  ( 8.000000000000001776, 8.353829215691318311, -96.63960646357715234 ) ) ;
#4660 = DIRECTION ( 'NONE',  ( -1.000000000000000000, 0.000000000000000000, 0.000000000000000000 ) ) ;
#4661 = ORIENTED_EDGE ( 'NONE', *, *, #1383, .F. ) ;
#4662 = VERTEX_POINT ( 'NONE', #6721 ) ;
#4663 = CIRCLE ( 'NONE', #2911, 101.5009999999999906 ) ;
#4664 = EDGE_CURVE ( 'NONE', #5438, #7347, #2209, .T. ) ;
#4665 = EDGE_CURVE ( 'NONE', #695, #7230, #490, .T. ) ;
#4666 = AXIS2_PLACEMENT_3D ( 'NONE', #1659, #4477, #8042 ) ;
#4667 = ORIENTED_EDGE ( 'NONE', *, *, #5788, .F. ) ;
#4668 = DIRECTION ( 'NONE',  ( -1.000000000000000000, 0.000000000000000000, -0.000000000000000000 ) ) ;
#4669 = AXIS2_PLACEMENT_3D ( 'NONE', #4231, #4914, #6375 ) ;
#4670 = VERTEX_POINT ( 'NONE', #6033 ) ;
#4671 = DIRECTION ( 'NONE',  ( -1.000000000000000000, -0.000000000000000000, -0.000000000000000000 ) ) ;
#4672 = DIRECTION ( 'NONE',  ( 1.000000000000000000, 0.000000000000000000, 0.000000000000000000 ) ) ;
#4673 = ORIENTED_EDGE ( 'NONE', *, *, #7564, .F. ) ;
#4674 = LINE ( 'NONE', #7723, #2921 ) ;
#4675 = LINE ( 'NONE', #3861, #6835 ) ;
#4676 = CIRCLE ( 'NONE', #7884, 49.50000000000002132 ) ;
#4677 = ORIENTED_EDGE ( 'NONE', *, *, #5597, .F. ) ;
#4678 = AXIS2_PLACEMENT_3D ( 'NONE', #6484, #7222, #4289 ) ;
#4679 = DIRECTION ( 'NONE',  ( 0.000000000000000000, 0.5136773915734013096, 0.8579834132349800635 ) ) ;
#4680 = VECTOR ( 'NONE', #1180, 1000.000000000000000 ) ;
#4681 = VECTOR ( 'NONE', #240, 1000.000000000000000 ) ;
#4682 = CARTESIAN_POINT ( 'NONE',  ( 8.000000000000001776, 0.000000000000000000, 0.000000000000000000 ) ) ;
#4683 = ORIENTED_EDGE ( 'NONE', *, *, #1140, .F. ) ;
#4684 = DIRECTION ( 'NONE',  ( 0.000000000000000000, 0.000000000000000000, 1.000000000000000000 ) ) ;
#4685 = DIRECTION ( 'NONE',  ( 0.000000000000000000, -0.9341478602651026586, -0.3568862215918823799 ) ) ;
#4686 = ORIENTED_EDGE ( 'NONE', *, *, #5167, .T. ) ;
#4687 = LINE ( 'NONE', #739, #7780 ) ;
#4688 = LINE ( 'NONE', #6846, #7543 ) ;
#4689 = AXIS2_PLACEMENT_3D ( 'NONE', #4279, #148, #2906 ) ;
#4690 = CIRCLE ( 'NONE', #2793, 97.00000000000000000 ) ;
#4691 = ORIENTED_EDGE ( 'NONE', *, *, #2478, .F. ) ;
#4692 = CARTESIAN_POINT ( 'NONE',  ( 8.000000000000001776, 34.23037868430131425, -87.31049005990654166 ) ) ;
#4693 = DIRECTION ( 'NONE',  ( -1.000000000000000000, -0.000000000000000000, 0.000000000000000000 ) ) ;
#4694 = FACE_OUTER_BOUND ( 'NONE', #1605, .T. ) ;
#4695 = ORIENTED_EDGE ( 'NONE', *, *, #5546, .T. ) ;
#4696 = EDGE_CURVE ( 'NONE', #8102, #6228, #5855, .T. ) ;
#4697 = DIRECTION ( 'NONE',  ( 1.000000000000000000, 0.000000000000000000, 0.000000000000000000 ) ) ;
#4698 = VERTEX_POINT ( 'NONE', #2008 ) ;
#4699 = VECTOR ( 'NONE', #1366, 1000.000000000000000 ) ;
#4700 = DIRECTION ( 'NONE',  ( 0.000000000000000000, 0.4009305354066082794, 0.9161084574320719209 ) ) ;
#4701 = CYLINDRICAL_SURFACE ( 'NONE', #2710, 49.50000000000001421 ) ;
#4702 = AXIS2_PLACEMENT_3D ( 'NONE', #725, #639, #3438 ) ;
#4703 = CYLINDRICAL_SURFACE ( 'NONE', #633, 97.00000000000000000 ) ;
#4704 = EDGE_CURVE ( 'NONE', #6026, #5969, #5123, .T. ) ;
#4705 = DIRECTION ( 'NONE',  ( 1.000000000000000000, 0.000000000000000000, 0.000000000000000000 ) ) ;
#4706 = VERTEX_POINT ( 'NONE', #1163 ) ;
#4707 = ADVANCED_FACE ( 'NONE', ( #625 ), #2515, .F. ) ;
#4708 = FACE_OUTER_BOUND ( 'NONE', #6290, .T. ) ;
#4709 = CYLINDRICAL_SURFACE ( 'NONE', #3840, 97.00000000000000000 ) ;
#4710 = VERTEX_POINT ( 'NONE', #2562 ) ;
#4711 = VECTOR ( 'NONE', #7213, 1000.000000000000000 ) ;
#4712 = CIRCLE ( 'NONE', #8212, 49.50000000000002132 ) ;
#4713 = EDGE_CURVE ( 'NONE', #5311, #6686, #1966, .T. ) ;
#4714 = AXIS2_PLACEMENT_3D ( 'NONE', #1477, #7859, #7051 ) ;
#4715 = DIRECTION ( 'NONE',  ( 0.000000000000000000, -0.7345917086575253219, -0.6785094115571408402 ) ) ;
#4716 = EDGE_CURVE ( 'NONE', #4636, #6071, #3340, .T. ) ;
#4717 = EDGE_CURVE ( 'NONE', #4617, #899, #6285, .T. ) ;
#4718 = FACE_OUTER_BOUND ( 'NONE', #5133, .T. ) ;
#4720 = VERTEX_POINT ( 'NONE', #8772 ) ;
#4719 = VECTOR ( 'NONE', #6255, 1000.000000000000000 ) ;
#4721 = CARTESIAN_POINT ( 'NONE',  ( 3.999999999999998224, -50.57129872908483748, -82.77405236457654780 ) ) ;
#4722 = DIRECTION ( 'NONE',  ( -1.000000000000000000, 0.000000000000000000, -0.000000000000000000 ) ) ;
#4723 = ORIENTED_EDGE ( 'NONE', *, *, #4149, .F. ) ;
#4724 = FACE_OUTER_BOUND ( 'NONE', #5599, .T. ) ;
#4725 = AXIS2_PLACEMENT_3D ( 'NONE', #1426, #7545, #4195 ) ;
#4726 = ORIENTED_EDGE ( 'NONE', *, *, #7620, .F. ) ;
#4727 = ADVANCED_FACE ( 'NONE', ( #3979 ), #8174, .F. ) ;
#4728 = CARTESIAN_POINT ( 'NONE',  ( -10.00000000000000000, 0.000000000000000000, 0.000000000000000000 ) ) ;
#4729 = CYLINDRICAL_SURFACE ( 'NONE', #7041, 97.00000000000000000 ) ;
#4730 = ORIENTED_EDGE ( 'NONE', *, *, #8064, .T. ) ;
#4731 = DIRECTION ( 'NONE',  ( -1.000000000000000000, 0.000000000000000000, 0.000000000000000000 ) ) ;
#4732 = DIRECTION ( 'NONE',  ( 0.000000000000000000, 0.000000000000000000, 1.000000000000000000 ) ) ;
#4733 = EDGE_LOOP ( 'NONE', ( #1147, #2258, #5334, #8839 ) ) ;
#4734 = CARTESIAN_POINT ( 'NONE',  ( 8.000000000000001776, -87.84259803568502889, 32.84080494922085336 ) ) ;
#4735 = DIRECTION ( 'NONE',  ( -1.000000000000000000, -0.000000000000000000, 0.000000000000000000 ) ) ;
#4736 = VECTOR ( 'NONE', #2483, 1000.000000000000000 ) ;
#4737 = ORIENTED_EDGE ( 'NONE', *, *, #3330, .T. ) ;
#4738 = FACE_OUTER_BOUND ( 'NONE', #2751, .T. ) ;
#4739 = DIRECTION ( 'NONE',  ( -1.000000000000000000, -0.000000000000000000, 0.000000000000000000 ) ) ;
#4740 = AXIS2_PLACEMENT_3D ( 'NONE', #548, #8144, #3351 ) ;
#4741 = CARTESIAN_POINT ( 'NONE',  ( -10.00000000000000000, 0.000000000000000000, 0.000000000000000000 ) ) ;
#4742 = ORIENTED_EDGE ( 'NONE', *, *, #1548, .F. ) ;
#4743 = DIRECTION ( 'NONE',  ( -1.000000000000000000, -0.000000000000000000, -0.000000000000000000 ) ) ;
#4744 = ORIENTED_EDGE ( 'NONE', *, *, #7945, .F. ) ;
#4745 = CARTESIAN_POINT ( 'NONE',  ( 8.000000000000001776, 0.000000000000000000, 0.000000000000000000 ) ) ;
#4746 = DIRECTION ( 'NONE',  ( 0.000000000000000000, 0.000000000000000000, 1.000000000000000000 ) ) ;
#4747 = EDGE_CURVE ( 'NONE', #8030, #3479, #2199, .T. ) ;
#4748 = CARTESIAN_POINT ( 'NONE',  ( 0.000000000000000000, 0.000000000000000000, 0.000000000000000000 ) ) ;
#4749 = CARTESIAN_POINT ( 'NONE',  ( 0.000000000000000000, -51.70801026982476145, -82.06876186427878395 ) ) ;
#4750 = VERTEX_POINT ( 'NONE', #6861 ) ;
#4751 = CARTESIAN_POINT ( 'NONE',  ( 8.000000000000001776, -84.03437208676271553, -56.92694712509637611 ) ) ;
#4752 = DIRECTION ( 'NONE',  ( -1.000000000000000000, -0.000000000000000000, -0.000000000000000000 ) ) ;
#4753 = EDGE_LOOP ( 'NONE', ( #7566, #773, #618, #6357, #6512, #7333 ) ) ;
#4754 = AXIS2_PLACEMENT_3D ( 'NONE', #7455, #4831, #6031 ) ;
#4755 = CYLINDRICAL_SURFACE ( 'NONE', #5676, 49.50000000000001421 ) ;
#4756 = AXIS2_PLACEMENT_3D ( 'NONE', #3452, #2720, #1409 ) ;
#4757 = CIRCLE ( 'NONE', #8405, 101.5009999999999764 ) ;
#4758 = DIRECTION ( 'NONE',  ( -1.000000000000000000, -0.000000000000000000, -0.000000000000000000 ) ) ;
#4759 = ORIENTED_EDGE ( 'NONE', *, *, #4197, .T. ) ;
#4760 = CARTESIAN_POINT ( 'NONE',  ( 8.000000000000001776, -70.43315616595427286, -61.91939124276014894 ) ) ;
#4761 = LINE ( 'NONE', #2066, #2830 ) ;
#4762 = ORIENTED_EDGE ( 'NONE', *, *, #8050, .T. ) ;
#4763 = ORIENTED_EDGE ( 'NONE', *, *, #8565, .T. ) ;
#4764 = EDGE_CURVE ( 'NONE', #4044, #8189, #5116, .T. ) ;
#4765 = CARTESIAN_POINT ( 'NONE',  ( 0.000000000000000000, -10.08630113881341117, -96.47417545300488939 ) ) ;
#4766 = EDGE_CURVE ( 'NONE', #7135, #2629, #8468, .T. ) ;
#4767 = ORIENTED_EDGE ( 'NONE', *, *, #257, .T. ) ;
#4768 = ADVANCED_FACE ( 'NONE', ( #1923 ), #4703, .F. ) ;
#4769 = AXIS2_PLACEMENT_3D ( 'NONE', #6510, #326, #3139 ) ;
#4770 = EDGE_CURVE ( 'NONE', #6992, #4780, #2694, .T. ) ;
#4771 = DIRECTION ( 'NONE',  ( -1.000000000000000000, -0.000000000000000000, -0.000000000000000000 ) ) ;
#4772 = DIRECTION ( 'NONE',  ( 0.000000000000000000, -0.3420201433256758183, 0.9396926207859058744 ) ) ;
#4773 = CIRCLE ( 'NONE', #4624, 115.0000000000000142 ) ;
#4774 = ORIENTED_EDGE ( 'NONE', *, *, #7724, .T. ) ;
#4775 = LINE ( 'NONE', #8155, #2352 ) ;
#4776 = ORIENTED_EDGE ( 'NONE', *, *, #681, .F. ) ;
#4777 = CARTESIAN_POINT ( 'NONE',  ( 3.999999999999998224, -96.13265536941959510, 12.94266478065472015 ) ) ;
#4778 = CARTESIAN_POINT ( 'NONE',  ( 8.000000000000001776, 0.000000000000000000, 0.000000000000000000 ) ) ;
#4779 = EDGE_CURVE ( 'NONE', #5798, #765, #1343, .T. ) ;
#4780 = VERTEX_POINT ( 'NONE', #8398 ) ;
#4781 = CARTESIAN_POINT ( 'NONE',  ( 0.000000000000000000, -66.36418094012169888, -66.26187431335226563 ) ) ;
#4782 = DIRECTION ( 'NONE',  ( 0.000000000000000000, 0.2817325568414236203, 0.9594929736144990340 ) ) ;
#4783 = CARTESIAN_POINT ( 'NONE',  ( 8.000000000000001776, 0.000000000000000000, 0.000000000000000000 ) ) ;
#4784 = EDGE_LOOP ( 'NONE', ( #8898, #6609, #2510, #7687 ) ) ;
#4785 = CARTESIAN_POINT ( 'NONE',  ( 0.000000000000000000, 72.73491465031813163, -64.17657041951474639 ) ) ;
#4786 = VERTEX_POINT ( 'NONE', #2143 ) ;
#4787 = AXIS2_PLACEMENT_3D ( 'NONE', #4644, #7448, #1199 ) ;
#4788 = DIRECTION ( 'NONE',  ( 0.000000000000000000, -0.9788024462147807414, 0.2048066680651810245 ) ) ;
#4789 = CARTESIAN_POINT ( 'NONE',  ( 8.000000000000001776, 63.01448283994531607, -73.74398248273712397 ) ) ;
#4790 = CIRCLE ( 'NONE', #874, 101.5010000000000190 ) ;
#4791 = DIRECTION ( 'NONE',  ( -1.000000000000000000, -0.000000000000000000, 0.000000000000000000 ) ) ;
#4792 = CARTESIAN_POINT ( 'NONE',  ( 0.000000000000000000, -81.23803425740891271, -53.00360167000028611 ) ) ;
#4793 = ORIENTED_EDGE ( 'NONE', *, *, #2376, .T. ) ;
#4794 = CARTESIAN_POINT ( 'NONE',  ( 3.999999999999998224, -81.96127100534754106, 51.87822332335580455 ) ) ;
#4795 = DIRECTION ( 'NONE',  ( 0.000000000000000000, 0.000000000000000000, 1.000000000000000000 ) ) ;
#4796 = VERTEX_POINT ( 'NONE', #8436 ) ;
#4797 = PRESENTATION_LAYER_ASSIGNMENT (  '', '', ( #1316 ) ) ;
#4798 = CARTESIAN_POINT ( 'NONE',  ( 8.000000000000001776, -15.20004899788072095, -100.3564223727710782 ) ) ;
#4799 = VERTEX_POINT ( 'NONE', #7803 ) ;
#4800 = DIRECTION ( 'NONE',  ( 0.000000000000000000, 0.000000000000000000, -1.000000000000000000 ) ) ;
#4801 = FACE_OUTER_BOUND ( 'NONE', #5037, .T. ) ;
#4802 = ORIENTED_EDGE ( 'NONE', *, *, #1008, .F. ) ;
#4803 = VERTEX_POINT ( 'NONE', #6340 ) ;
#4804 = EDGE_CURVE ( 'NONE', #7244, #6476, #5850, .T. ) ;
#4805 = CIRCLE ( 'NONE', #8307, 101.5009999999999764 ) ;
#4806 = DIRECTION ( 'NONE',  ( 0.000000000000000000, 0.4009305354066083349, 0.9161084574320718099 ) ) ;
#4807 = VERTEX_POINT ( 'NONE', #6905 ) ;
#4808 = CIRCLE ( 'NONE', #7875, 49.50000000000000711 ) ;
#4809 = ADVANCED_FACE ( 'NONE', ( #2912 ), #6383, .F. ) ;
#4810 = DIRECTION ( 'NONE',  ( 0.000000000000000000, 0.000000000000000000, 1.000000000000000000 ) ) ;
#4811 = ORIENTED_EDGE ( 'NONE', *, *, #5775, .T. ) ;
#4812 = AXIS2_PLACEMENT_3D ( 'NONE', #4996, #2260, #57 ) ;
#4813 = CARTESIAN_POINT ( 'NONE',  ( 8.000000000000001776, 0.000000000000000000, 0.000000000000000000 ) ) ;
#4814 = EDGE_CURVE ( 'NONE', #6059, #6604, #2499, .T. ) ;
#4815 = FACE_OUTER_BOUND ( 'NONE', #3789, .T. ) ;
#4816 = AXIS2_PLACEMENT_3D ( 'NONE', #2056, #3514, #5439 ) ;
#4817 = ORIENTED_EDGE ( 'NONE', *, *, #8265, .T. ) ;
#4818 = DIRECTION ( 'NONE',  ( -1.000000000000000000, -0.000000000000000000, -0.000000000000000000 ) ) ;
#4819 = DIRECTION ( 'NONE',  ( 1.000000000000000000, 0.000000000000000000, 0.000000000000000000 ) ) ;
#4820 = AXIS2_PLACEMENT_3D ( 'NONE', #2238, #2973, #1655 ) ;
#4821 = EDGE_CURVE ( 'NONE', #4949, #3048, #116, .T. ) ;
#4822 = ORIENTED_EDGE ( 'NONE', *, *, #1571, .T. ) ;
#4823 = LINE ( 'NONE', #4954, #6231 ) ;
#4824 = ADVANCED_FACE ( 'NONE', ( #669 ), #6295, .F. ) ;
#4825 = EDGE_CURVE ( 'NONE', #3175, #7530, #2782, .T. ) ;
#4826 = DIRECTION ( 'NONE',  ( -1.000000000000000000, -0.000000000000000000, -0.000000000000000000 ) ) ;
#4827 = DIRECTION ( 'NONE',  ( -1.000000000000000000, 0.000000000000000000, 0.000000000000000000 ) ) ;
#4828 = VERTEX_POINT ( 'NONE', #5013 ) ;
#4829 = DIRECTION ( 'NONE',  ( 0.000000000000000000, 0.000000000000000000, 1.000000000000000000 ) ) ;
#4830 = CARTESIAN_POINT ( 'NONE',  ( 8.000000000000001776, -32.47563198627179304, -96.16541128749069856 ) ) ;
#4831 = DIRECTION ( 'NONE',  ( 1.000000000000000000, 0.000000000000000000, 0.000000000000000000 ) ) ;
#4832 = CIRCLE ( 'NONE', #6269, 49.50000000000001421 ) ;
#4833 = CIRCLE ( 'NONE', #644, 49.50000000000002842 ) ;
#4834 = DIRECTION ( 'NONE',  ( 0.000000000000000000, 0.000000000000000000, 1.000000000000000000 ) ) ;
#4835 = ADVANCED_FACE ( 'NONE', ( #6945 ), #7632, .F. ) ;
#4836 = FACE_OUTER_BOUND ( 'NONE', #8602, .T. ) ;
#4837 = ORIENTED_EDGE ( 'NONE', *, *, #4435, .T. ) ;
#4838 = DIRECTION ( 'NONE',  ( 0.000000000000000000, -0.9988673391830075188, -0.04758191582375292938 ) ) ;
#4839 = DIRECTION ( 'NONE',  ( 1.000000000000000000, 0.000000000000000000, 0.000000000000000000 ) ) ;
#4840 = ORIENTED_EDGE ( 'NONE', *, *, #3933, .T. ) ;
#4841 = DIRECTION ( 'NONE',  ( 0.000000000000000000, 0.000000000000000000, 1.000000000000000000 ) ) ;
#4842 = AXIS2_PLACEMENT_3D ( 'NONE', #7688, #5577, #2158 ) ;
#4843 = CIRCLE ( 'NONE', #928, 97.00000000000000000 ) ;
#4844 = CARTESIAN_POINT ( 'NONE',  ( 8.000000000000001776, 43.56873479101130187, -83.04580572239774483 ) ) ;
#4845 = ORIENTED_EDGE ( 'NONE', *, *, #6713, .T. ) ;
#4846 = LINE ( 'NONE', #7644, #1645 ) ;
#4847 = DIRECTION ( 'NONE',  ( -1.000000000000000000, -0.000000000000000000, 0.000000000000000000 ) ) ;
#4848 = EDGE_LOOP ( 'NONE', ( #5416, #3736, #3910, #6406 ) ) ;
#4849 = ORIENTED_EDGE ( 'NONE', *, *, #6316, .F. ) ;
#4850 = CARTESIAN_POINT ( 'NONE',  ( 4.000000000000000888, 43.67274061404148711, -86.61230701960693068 ) ) ;
#4851 = ORIENTED_EDGE ( 'NONE', *, *, #1333, .F. ) ;
#4852 = CIRCLE ( 'NONE', #3265, 97.00000000000000000 ) ;
#4853 = EDGE_CURVE ( 'NONE', #375, #5527, #2229, .T. ) ;
#4854 = AXIS2_PLACEMENT_3D ( 'NONE', #1079, #5950, #8730 ) ;
#4855 = DIRECTION ( 'NONE',  ( 0.000000000000000000, 0.000000000000000000, 1.000000000000000000 ) ) ;
#4856 = DIRECTION ( 'NONE',  ( 1.000000000000000000, 0.000000000000000000, 0.000000000000000000 ) ) ;
#4857 = VECTOR ( 'NONE', #2290, 1000.000000000000000 ) ;
#4858 = EDGE_LOOP ( 'NONE', ( #3112, #5032, #6663, #6870 ) ) ;
#4859 = CARTESIAN_POINT ( 'NONE',  ( 4.000000000000000888, -78.50593618205158464, -56.97208074293622815 ) ) ;
#4860 = DIRECTION ( 'NONE',  ( 1.000000000000000000, 0.000000000000000000, 0.000000000000000000 ) ) ;
#4861 = VERTEX_POINT ( 'NONE', #7715 ) ;
#4862 = CARTESIAN_POINT ( 'NONE',  ( 8.000000000000001776, -17.50218104709044908, -95.40793289132128052 ) ) ;
#4863 = CARTESIAN_POINT ( 'NONE',  ( 0.000000000000000000, -93.70414482884916652, 3.791271721436575870 ) ) ;
#4864 = VECTOR ( 'NONE', #7599, 1000.000000000000000 ) ;
#4865 = CIRCLE ( 'NONE', #3858, 101.5009999999999906 ) ;
#4866 = EDGE_CURVE ( 'NONE', #4807, #7216, #4965, .T. ) ;
#4867 = ORIENTED_EDGE ( 'NONE', *, *, #723, .T. ) ;
#4868 = EDGE_CURVE ( 'NONE', #273, #6127, #4111, .T. ) ;
#4869 = CARTESIAN_POINT ( 'NONE',  ( 16.50000000000000711, 116.6622728137844405, -32.10785109474228705 ) ) ;
#4870 = DIRECTION ( 'NONE',  ( 0.000000000000000000, 0.000000000000000000, 1.000000000000000000 ) ) ;
#4871 = EDGE_LOOP ( 'NONE', ( #267, #2711, #1428, #1201 ) ) ;
#4872 = DIRECTION ( 'NONE',  ( 0.000000000000000000, 0.000000000000000000, 1.000000000000000000 ) ) ;
#4873 = AXIS2_PLACEMENT_3D ( 'NONE', #4783, #3373, #6244 ) ;
#4874 = DIRECTION ( 'NONE',  ( 0.000000000000000000, -0.9638421585599447061, 0.2664738136900251519 ) ) ;
#4875 = EDGE_CURVE ( 'NONE', #407, #5359, #7083, .T. ) ;
#4876 = DIRECTION ( 'NONE',  ( 1.000000000000000000, 0.000000000000000000, -0.000000000000000000 ) ) ;
#4877 = ADVANCED_FACE ( 'NONE', ( #5517 ), #3511, .F. ) ;
#4878 = EDGE_CURVE ( 'NONE', #1981, #8189, #3356, .T. ) ;
#4879 = DIRECTION ( 'NONE',  ( 1.000000000000000000, 0.000000000000000000, 0.000000000000000000 ) ) ;
#4880 = CARTESIAN_POINT ( 'NONE',  ( 0.000000000000000000, 20.52046599069734611, -94.80459100446894638 ) ) ;
#4881 = VERTEX_POINT ( 'NONE', #4238 ) ;
#4882 = LINE ( 'NONE', #2741, #6894 ) ;
#4883 = CARTESIAN_POINT ( 'NONE',  ( 8.000000000000001776, -62.02798058046838037, 70.33754420279929320 ) ) ;
#4884 = ORIENTED_EDGE ( 'NONE', *, *, #8159, .F. ) ;
#4885 = DIRECTION ( 'NONE',  ( 0.000000000000000000, 0.000000000000000000, 1.000000000000000000 ) ) ;
#4886 = EDGE_CURVE ( 'NONE', #5527, #1069, #8450, .T. ) ;
#4887 = AXIS2_PLACEMENT_3D ( 'NONE', #6229, #6265, #4212 ) ;
#4888 = DIRECTION ( 'NONE',  ( -1.000000000000000000, 0.000000000000000000, -0.000000000000000000 ) ) ;
#4889 = VERTEX_POINT ( 'NONE', #5650 ) ;
#4890 = CYLINDRICAL_SURFACE ( 'NONE', #5183, 97.00000000000000000 ) ;
#4891 = DIRECTION ( 'NONE',  ( -1.000000000000000000, 0.000000000000000000, -0.000000000000000000 ) ) ;
#4892 = EDGE_LOOP ( 'NONE', ( #4884, #8532, #1526, #2789 ) ) ;
#4893 = AXIS2_PLACEMENT_3D ( 'NONE', #1731, #972, #3193 ) ;
#4894 = ORIENTED_EDGE ( 'NONE', *, *, #5830, .T. ) ;
#4895 = CARTESIAN_POINT ( 'NONE',  ( 0.000000000000000000, -93.28925708950828266, -39.99459354322326021 ) ) ;
#4896 = EDGE_LOOP ( 'NONE', ( #991, #3667, #7587, #8176 ) ) ;
#4897 = AXIS2_PLACEMENT_3D ( 'NONE', #8931, #7267, #5161 ) ;
#4898 = VECTOR ( 'NONE', #12, 1000.000000000000000 ) ;
#4899 = DIRECTION ( 'NONE',  ( 1.000000000000000000, 0.000000000000000000, 0.000000000000000000 ) ) ;
#4900 = DIRECTION ( 'NONE',  ( 0.000000000000000000, 0.000000000000000000, 1.000000000000000000 ) ) ;
#4901 = VERTEX_POINT ( 'NONE', #7673 ) ;
#4902 = AXIS2_PLACEMENT_3D ( 'NONE', #4883, #4199, #6823 ) ;
#4903 = DIRECTION ( 'NONE',  ( -1.000000000000000000, -0.000000000000000000, -0.000000000000000000 ) ) ;
#4904 = CARTESIAN_POINT ( 'NONE',  ( 8.000000000000001776, -20.00522777441419819, -91.62222089136189140 ) ) ;
#4905 = EDGE_LOOP ( 'NONE', ( #6190, #4299, #749, #5373 ) ) ;
#4906 = AXIS2_PLACEMENT_3D ( 'NONE', #1007, #373, #7880 ) ;
#4907 = FACE_OUTER_BOUND ( 'NONE', #7977, .T. ) ;
#4908 = DIRECTION ( 'NONE',  ( 1.000000000000000000, 0.000000000000000000, 0.000000000000000000 ) ) ;
#4909 = VERTEX_POINT ( 'NONE', #6990 ) ;
#4910 = AXIS2_PLACEMENT_3D ( 'NONE', #3969, #8895, #2682 ) ;
#4911 = CARTESIAN_POINT ( 'NONE',  ( 0.000000000000000000, -96.84482846637756381, 5.484450685155628946 ) ) ;
#4912 = DIRECTION ( 'NONE',  ( 0.000000000000000000, -0.9450008187146715644, 0.3270679633174126133 ) ) ;
#4913 = ORIENTED_EDGE ( 'NONE', *, *, #4319, .F. ) ;
#4914 = DIRECTION ( 'NONE',  ( -1.000000000000000000, -0.000000000000000000, -0.000000000000000000 ) ) ;
#4915 = ORIENTED_EDGE ( 'NONE', *, *, #8131, .F. ) ;
#4916 = EDGE_CURVE ( 'NONE', #3922, #603, #7149, .T. ) ;
#4917 = CARTESIAN_POINT ( 'NONE',  ( 1.062190476068823620E-14, 96.35576641085029337, -26.73229693121841777 ) ) ;
#4918 = CARTESIAN_POINT ( 'NONE',  ( 8.000000000000001776, 0.000000000000000000, 0.000000000000000000 ) ) ;
#4919 = VECTOR ( 'NONE', #8108, 1000.000000000000000 ) ;
#4920 = CARTESIAN_POINT ( 'NONE',  ( 8.000000000000001776, 68.30685095816747321, -75.07747407297810582 ) ) ;
#4921 = CIRCLE ( 'NONE', #8571, 49.50000000000000711 ) ;
#4922 = DIRECTION ( 'NONE',  ( -1.000000000000000000, 0.000000000000000000, 0.000000000000000000 ) ) ;
#4923 = CARTESIAN_POINT ( 'NONE',  ( 8.000000000000001776, 0.000000000000000000, 0.000000000000000000 ) ) ;
#4924 = CIRCLE ( 'NONE', #5379, 101.5010000000000048 ) ;
#4925 = ORIENTED_EDGE ( 'NONE', *, *, #1055, .F. ) ;
#4926 = CARTESIAN_POINT ( 'NONE',  ( 8.000000000000001776, -18.40718772011918603, -91.95659812981338632 ) ) ;
#4927 = ADVANCED_FACE ( 'NONE', ( #3644 ), #7167, .F. ) ;
#4928 = DIRECTION ( 'NONE',  ( 1.000000000000000000, 0.000000000000000000, 0.000000000000000000 ) ) ;
#4929 = ORIENTED_EDGE ( 'NONE', *, *, #55, .T. ) ;
#4930 = CARTESIAN_POINT ( 'NONE',  ( 8.000000000000001776, 12.00829452229154271, -100.7881633113031086 ) ) ;
#4931 = EDGE_CURVE ( 'NONE', #7135, #6184, #7124, .T. ) ;
#4932 = CARTESIAN_POINT ( 'NONE',  ( 8.000000000000001776, -57.44201543540481225, -74.12998962694128124 ) ) ;
#4933 = DIRECTION ( 'NONE',  ( 0.000000000000000000, 0.000000000000000000, 1.000000000000000000 ) ) ;
#4934 = EDGE_CURVE ( 'NONE', #746, #2236, #8622, .T. ) ;
#4935 = ORIENTED_EDGE ( 'NONE', *, *, #7558, .T. ) ;
#4936 = DIRECTION ( 'NONE',  ( -1.000000000000000000, -0.000000000000000000, 0.000000000000000000 ) ) ;
#4937 = ADVANCED_FACE ( 'NONE', ( #7939 ), #4514, .F. ) ;
#4938 = CARTESIAN_POINT ( 'NONE',  ( 8.000000000000001776, -86.69171227586959105, -52.79204507951780556 ) ) ;
#4939 = VERTEX_POINT ( 'NONE', #2457 ) ;
#4940 = ORIENTED_EDGE ( 'NONE', *, *, #6553, .F. ) ;
#4941 = CARTESIAN_POINT ( 'NONE',  ( -10.00000000000000000, 0.000000000000000000, 0.000000000000000000 ) ) ;
#4942 = ORIENTED_EDGE ( 'NONE', *, *, #4148, .T. ) ;
#4943 = AXIS2_PLACEMENT_3D ( 'NONE', #1714, #1228, #4491 ) ;
#4944 = CARTESIAN_POINT ( 'NONE',  ( -10.00000000000000000, 0.000000000000000000, 0.000000000000000000 ) ) ;
#4945 = CIRCLE ( 'NONE', #4216, 97.00000000000000000 ) ;
#4946 = DIRECTION ( 'NONE',  ( 0.000000000000000000, 0.000000000000000000, 1.000000000000000000 ) ) ;
#4947 = ORIENTED_EDGE ( 'NONE', *, *, #1608, .F. ) ;
#4948 = DIRECTION ( 'NONE',  ( 0.000000000000000000, 0.000000000000000000, 1.000000000000000000 ) ) ;
#4949 = VERTEX_POINT ( 'NONE', #5251 ) ;
#4950 = CIRCLE ( 'NONE', #5681, 97.00000000000000000 ) ;
#4951 = DIRECTION ( 'NONE',  ( 0.000000000000000000, -0.5929079290546301895, -0.8052702575310660693 ) ) ;
#4952 = CARTESIAN_POINT ( 'NONE',  ( 3.999999999999998224, -45.21962749668706749, -85.81483140495507200 ) ) ;
#4953 = ORIENTED_EDGE ( 'NONE', *, *, #5496, .F. ) ;
#4954 = CARTESIAN_POINT ( 'NONE',  ( 4.000000000000000888, -78.50593618205236623, 56.97208074293515523 ) ) ;
#4955 = AXIS2_PLACEMENT_3D ( 'NONE', #1091, #6695, #3228 ) ;
#4956 = DIRECTION ( 'NONE',  ( 0.000000000000000000, -0.6900790114821029331, -0.7237340381050787474 ) ) ;
#4957 = ORIENTED_EDGE ( 'NONE', *, *, #5420, .F. ) ;
#4958 = CARTESIAN_POINT ( 'NONE',  ( 8.000000000000001776, -81.23803425740963746, 53.00360166999914213 ) ) ;
#4959 = VERTEX_POINT ( 'NONE', #6478 ) ;
#4960 = DIRECTION ( 'NONE',  ( -1.000000000000000000, -0.000000000000000000, 0.000000000000000000 ) ) ;
#4961 = CARTESIAN_POINT ( 'NONE',  ( 8.000000000000001776, 0.000000000000000000, 0.000000000000000000 ) ) ;
#4962 = VECTOR ( 'NONE', #7179, 1000.000000000000000 ) ;
#4963 = AXIS2_PLACEMENT_3D ( 'NONE', #4198, #6949, #6213 ) ;
#4964 = EDGE_CURVE ( 'NONE', #1131, #8635, #4950, .T. ) ;
#4965 = LINE ( 'NONE', #2831, #7002 ) ;
#4966 = DIRECTION ( 'NONE',  ( 0.000000000000000000, 4.441943446061823270E-15, -1.000000000000000000 ) ) ;
#4967 = FACE_OUTER_BOUND ( 'NONE', #7303, .T. ) ;
#4968 = AXIS2_PLACEMENT_3D ( 'NONE', #8444, #3746, #6487 ) ;
#4969 = ORIENTED_EDGE ( 'NONE', *, *, #6490, .T. ) ;
#4970 = DIRECTION ( 'NONE',  ( 0.000000000000000000, 0.000000000000000000, 1.000000000000000000 ) ) ;
#4971 = CIRCLE ( 'NONE', #3088, 49.50000000000000711 ) ;
#4972 = DIRECTION ( 'NONE',  ( 0.000000000000000000, -1.149473333576550659E-14, -1.000000000000000000 ) ) ;
#4973 = VERTEX_POINT ( 'NONE', #880 ) ;
#4974 = CARTESIAN_POINT ( 'NONE',  ( 8.000000000000001776, -15.20004899788072095, -100.3564223727710782 ) ) ;
#4975 = AXIS2_PLACEMENT_3D ( 'NONE', #3165, #8633, #5171 ) ;
#4976 = EDGE_CURVE ( 'NONE', #661, #6094, #5932, .T. ) ;
#4977 = CIRCLE ( 'NONE', #8194, 49.50000000000002132 ) ;
#4978 = LINE ( 'NONE', #8447, #1607 ) ;
#4979 = ADVANCED_FACE ( 'NONE', ( #7311 ), #4371, .F. ) ;
#4980 = DIRECTION ( 'NONE',  ( 0.000000000000000000, 0.000000000000000000, 1.000000000000000000 ) ) ;
#4981 = ORIENTED_EDGE ( 'NONE', *, *, #2377, .F. ) ;
#4982 = CARTESIAN_POINT ( 'NONE',  ( 0.000000000000000000, -91.94599763621994271, -30.90199861951063554 ) ) ;
#4983 = DIRECTION ( 'NONE',  ( 0.000000000000000000, 0.000000000000000000, -1.000000000000000000 ) ) ;
#4984 = ORIENTED_EDGE ( 'NONE', *, *, #3476, .F. ) ;
#4985 = VERTEX_POINT ( 'NONE', #3689 ) ;
#4986 = CYLINDRICAL_SURFACE ( 'NONE', #5620, 97.00000000000000000 ) ;
#4987 = VECTOR ( 'NONE', #4217, 1000.000000000000000 ) ;
#4988 = ORIENTED_EDGE ( 'NONE', *, *, #8330, .F. ) ;
#4989 = EDGE_CURVE ( 'NONE', #137, #2215, #8593, .T. ) ;
#4990 = EDGE_CURVE ( 'NONE', #3681, #8923, #4663, .T. ) ;
#4991 = EDGE_CURVE ( 'NONE', #1359, #4973, #5400, .T. ) ;
#4992 = VECTOR ( 'NONE', #1662, 1000.000000000000000 ) ;
#4993 = VECTOR ( 'NONE', #5716, 1000.000000000000000 ) ;
#4994 = DIRECTION ( 'NONE',  ( -1.000000000000000000, -0.000000000000000000, 0.000000000000000000 ) ) ;
#4995 = ORIENTED_EDGE ( 'NONE', *, *, #1216, .F. ) ;
#4996 = CARTESIAN_POINT ( 'NONE',  ( 8.000000000000001776, 0.000000000000000000, 0.000000000000000000 ) ) ;
#4997 = EDGE_LOOP ( 'NONE', ( #3320, #4609, #2709, #1904 ) ) ;
#4998 = CIRCLE ( 'NONE', #512, 115.0000000000000142 ) ;
#4999 = CARTESIAN_POINT ( 'NONE',  ( 0.000000000000000000, 0.000000000000000000, 0.000000000000000000 ) ) ;
#5000 = DIRECTION ( 'NONE',  ( 0.000000000000000000, 0.000000000000000000, -1.000000000000000000 ) ) ;
#5001 = ADVANCED_FACE ( 'NONE', ( #3786 ), #8667, .F. ) ;
#5002 = ORIENTED_EDGE ( 'NONE', *, *, #153, .F. ) ;
#5003 = AXIS2_PLACEMENT_3D ( 'NONE', #4354, #5191, #8652 ) ;
#5004 = CARTESIAN_POINT ( 'NONE',  ( 8.000000000000001776, 22.90213972150329624, -90.94136844994388014 ) ) ;
#5005 = ORIENTED_EDGE ( 'NONE', *, *, #774, .T. ) ;
#5006 = AXIS2_PLACEMENT_3D ( 'NONE', #4537, #7381, #2484 ) ;
#5007 = CARTESIAN_POINT ( 'NONE',  ( 0.000000000000000000, -62.02798058046742113, -70.33754420280013164 ) ) ;
#5008 = VERTEX_POINT ( 'NONE', #296 ) ;
#5009 = DIRECTION ( 'NONE',  ( -1.000000000000000000, -0.000000000000000000, -0.000000000000000000 ) ) ;
#5010 = DIRECTION ( 'NONE',  ( -1.000000000000000000, -0.000000000000000000, -0.000000000000000000 ) ) ;
#5011 = AXIS2_PLACEMENT_3D ( 'NONE', #1925, #6165, #4027 ) ;
#5012 = VECTOR ( 'NONE', #947, 1000.000000000000000 ) ;
#5013 = CARTESIAN_POINT ( 'NONE',  ( 8.000000000000001776, 77.26155120828794054, -65.82632988317901379 ) ) ;
#5014 = DIRECTION ( 'NONE',  ( -1.000000000000000000, -0.000000000000000000, -0.000000000000000000 ) ) ;
#5015 = VECTOR ( 'NONE', #6711, 1000.000000000000000 ) ;
#5016 = CARTESIAN_POINT ( 'NONE',  ( 8.000000000000001776, -74.73448566193304998, 61.83653170130358490 ) ) ;
#5017 = VERTEX_POINT ( 'NONE', #1554 ) ;
#5018 = CARTESIAN_POINT ( 'NONE',  ( -10.00000000000000000, 0.000000000000000000, 0.000000000000000000 ) ) ;
#5019 = DIRECTION ( 'NONE',  ( 1.000000000000000000, 0.000000000000000000, 0.000000000000000000 ) ) ;
#5020 = ORIENTED_EDGE ( 'NONE', *, *, #5279, .T. ) ;
#5021 = LINE ( 'NONE', #4974, #4095 ) ;
#5022 = EDGE_CURVE ( 'NONE', #3443, #7068, #1646, .T. ) ;
#5023 = CIRCLE ( 'NONE', #3715, 49.50000000000002132 ) ;
#5024 = LINE ( 'NONE', #82, #5834 ) ;
#5025 = DIRECTION ( 'NONE',  ( 0.000000000000000000, -0.5136773915734133000, 0.8579834132349728471 ) ) ;
#5026 = VERTEX_POINT ( 'NONE', #7985 ) ;
#5027 = DIRECTION ( 'NONE',  ( -1.000000000000000000, 0.000000000000000000, -0.000000000000000000 ) ) ;
#5028 = DIRECTION ( 'NONE',  ( -1.000000000000000000, -0.000000000000000000, -0.000000000000000000 ) ) ;
#5029 = ORIENTED_EDGE ( 'NONE', *, *, #3804, .F. ) ;
#5030 = EDGE_LOOP ( 'NONE', ( #8927, #2599, #1243, #1144 ) ) ;
#5031 = EDGE_CURVE ( 'NONE', #1131, #8545, #2479, .T. ) ;
#5032 = ORIENTED_EDGE ( 'NONE', *, *, #1489, .T. ) ;
#5033 = DIRECTION ( 'NONE',  ( 0.000000000000000000, 0.000000000000000000, 1.000000000000000000 ) ) ;
#5034 = CARTESIAN_POINT ( 'NONE',  ( 0.000000000000000000, -69.73895957493047604, 67.42015661066216126 ) ) ;
#5035 = VERTEX_POINT ( 'NONE', #4418 ) ;
#5036 = CARTESIAN_POINT ( 'NONE',  ( 0.000000000000000000, -74.21852193085094029, 57.32758063769570356 ) ) ;
#5037 = EDGE_LOOP ( 'NONE', ( #6177, #4576, #3543, #498 ) ) ;
#5038 = EDGE_CURVE ( 'NONE', #227, #8019, #8023, .T. ) ;
#5039 = LINE ( 'NONE', #3494, #3654 ) ;
#5040 = EDGE_CURVE ( 'NONE', #5224, #6026, #1330, .T. ) ;
#5041 = ORIENTED_EDGE ( 'NONE', *, *, #1486, .F. ) ;
#5042 = CYLINDRICAL_SURFACE ( 'NONE', #4132, 49.50000000000000711 ) ;
#5043 = AXIS2_PLACEMENT_3D ( 'NONE', #4813, #696, #7612 ) ;
#5044 = DIRECTION ( 'NONE',  ( 1.000000000000000000, 0.000000000000000000, 0.000000000000000000 ) ) ;
#5045 = EDGE_CURVE ( 'NONE', #2568, #3158, #1187, .T. ) ;
#5046 = AXIS2_PLACEMENT_3D ( 'NONE', #5465, #1997, #6370 ) ;
#5047 = EDGE_LOOP ( 'NONE', ( #6693, #7988, #7831, #1679 ) ) ;
#5048 = DIRECTION ( 'NONE',  ( 1.000000000000000000, -0.000000000000000000, -0.000000000000000000 ) ) ;
#5049 = AXIS2_PLACEMENT_3D ( 'NONE', #7764, #6389, #1516 ) ;
#5050 = DIRECTION ( 'NONE',  ( -1.000000000000000000, -0.000000000000000000, -0.000000000000000000 ) ) ;
#5051 = CIRCLE ( 'NONE', #4327, 49.50000000000002132 ) ;
#5052 = VERTEX_POINT ( 'NONE', #3926 ) ;
#5053 = CYLINDRICAL_SURFACE ( 'NONE', #7174, 49.50000000000001421 ) ;
#5054 = EDGE_CURVE ( 'NONE', #8452, #948, #6717, .T. ) ;
#5055 = VERTEX_POINT ( 'NONE', #3294 ) ;
#5056 = DIRECTION ( 'NONE',  ( 0.000000000000000000, 0.3420201433256628842, 0.9396926207859104263 ) ) ;
#5057 = CARTESIAN_POINT ( 'NONE',  ( 3.999999999999998224, -81.96127100534681631, -51.87822332335694853 ) ) ;
#5058 = AXIS2_PLACEMENT_3D ( 'NONE', #3371, #8939, #3245 ) ;
#5059 = ORIENTED_EDGE ( 'NONE', *, *, #3254, .F. ) ;
#5060 = DIRECTION ( 'NONE',  ( -1.000000000000000000, -0.000000000000000000, -0.000000000000000000 ) ) ;
#5061 = DIRECTION ( 'NONE',  ( 1.000000000000000000, 0.000000000000000000, 0.000000000000000000 ) ) ;
#5062 = DIRECTION ( 'NONE',  ( 0.000000000000000000, 0.000000000000000000, 1.000000000000000000 ) ) ;
#5063 = ORIENTED_EDGE ( 'NONE', *, *, #4716, .F. ) ;
#5064 = ORIENTED_EDGE ( 'NONE', *, *, #2805, .T. ) ;
#5065 = CARTESIAN_POINT ( 'NONE',  ( 0.000000000000000000, -93.43022383455237900, 8.101467373084391355 ) ) ;
#5066 = CARTESIAN_POINT ( 'NONE',  ( 8.000000000000001776, 64.59221519262636946, -78.29622428642041143 ) ) ;
#5067 = VERTEX_POINT ( 'NONE', #2464 ) ;
#5068 = DIRECTION ( 'NONE',  ( 0.000000000000000000, -0.4582265217274173463, 0.8888354486549199240 ) ) ;
#5069 = DIRECTION ( 'NONE',  ( -1.000000000000000000, -0.000000000000000000, -0.000000000000000000 ) ) ;
#5070 = CARTESIAN_POINT ( 'NONE',  ( 8.000000000000001776, 0.000000000000000000, 0.000000000000000000 ) ) ;
#5071 = EDGE_LOOP ( 'NONE', ( #1466, #7210, #6598, #4362 ) ) ;
#5072 = DIRECTION ( 'NONE',  ( -1.000000000000000000, 0.000000000000000000, 0.000000000000000000 ) ) ;
#5073 = CARTESIAN_POINT ( 'NONE',  ( 8.000000000000001776, -89.86545223748169064, 47.18742941878587516 ) ) ;
#5074 = VERTEX_POINT ( 'NONE', #396 ) ;
#5075 = VERTEX_POINT ( 'NONE', #4612 ) ;
#5076 = ORIENTED_EDGE ( 'NONE', *, *, #5031, .T. ) ;
#5077 = CARTESIAN_POINT ( 'NONE',  ( 8.000000000000001776, -92.36341720061190586, -29.63105065679767947 ) ) ;
#5078 = DIRECTION ( 'NONE',  ( 0.000000000000000000, 0.000000000000000000, -1.000000000000000000 ) ) ;
#5079 = AXIS2_PLACEMENT_3D ( 'NONE', #4215, #8375, #5631 ) ;
#5080 = ADVANCED_FACE ( 'NONE', ( #6075 ), #7410, .F. ) ;
#5081 = ORIENTED_EDGE ( 'NONE', *, *, #6162, .T. ) ;
#5082 = CYLINDRICAL_SURFACE ( 'NONE', #2693, 121.0000000000000284 ) ;
#5083 = CARTESIAN_POINT ( 'NONE',  ( 8.000000000000001776, 20.52046599069734611, -94.80459100446894638 ) ) ;
#5084 = ORIENTED_EDGE ( 'NONE', *, *, #1986, .T. ) ;
#5085 = DIRECTION ( 'NONE',  ( -1.000000000000000000, -0.000000000000000000, 0.000000000000000000 ) ) ;
#5086 = ORIENTED_EDGE ( 'NONE', *, *, #5102, .F. ) ;
#5087 = CARTESIAN_POINT ( 'NONE',  ( 8.000000000000001776, 78.44911144590737706, -51.38654894735887524 ) ) ;
#5088 = CARTESIAN_POINT ( 'NONE',  ( 0.000000000000000000, 54.16084759374957258, -85.84320351039229990 ) ) ;
#5089 = AXIS2_PLACEMENT_3D ( 'NONE', #2893, #5862, #3670 ) ;
#5090 = EDGE_CURVE ( 'NONE', #2269, #3395, #4174, .T. ) ;
#5091 = VERTEX_POINT ( 'NONE', #3251 ) ;
#5092 = LINE ( 'NONE', #7883, #7836 ) ;
#5093 = EDGE_CURVE ( 'NONE', #811, #8686, #7250, .T. ) ;
#5094 = CARTESIAN_POINT ( 'NONE',  ( 8.000000000000001776, -92.47033105578937295, 15.62300783474231736 ) ) ;
#5095 = ORIENTED_EDGE ( 'NONE', *, *, #8396, .T. ) ;
#5096 = VECTOR ( 'NONE', #7847, 1000.000000000000000 ) ;
#5097 = FACE_OUTER_BOUND ( 'NONE', #429, .T. ) ;
#5098 = CARTESIAN_POINT ( 'NONE',  ( 8.000000000000001776, -93.27503075632657215, -9.726722817991660719 ) ) ;
#5099 = VECTOR ( 'NONE', #4250, 1000.000000000000000 ) ;
#5100 = FACE_OUTER_BOUND ( 'NONE', #1240, .T. ) ;
#5101 = EDGE_CURVE ( 'NONE', #1336, #1069, #1917, .T. ) ;
#5102 = EDGE_CURVE ( 'NONE', #4803, #7010, #2281, .T. ) ;
#5103 = CIRCLE ( 'NONE', #5848, 101.5009999999999764 ) ;
#5104 = EDGE_CURVE ( 'NONE', #1129, #4803, #6819, .T. ) ;
#5105 = VERTEX_POINT ( 'NONE', #8128 ) ;
#5106 = DIRECTION ( 'NONE',  ( -1.000000000000000000, 0.000000000000000000, -0.000000000000000000 ) ) ;
#5107 = DIRECTION ( 'NONE',  ( 1.000000000000000000, 0.000000000000000000, 0.000000000000000000 ) ) ;
#5108 = CARTESIAN_POINT ( 'NONE',  ( 4.000000000000000888, -81.23803425740891271, -53.00360167000027900 ) ) ;
#5109 = ORIENTED_EDGE ( 'NONE', *, *, #3702, .F. ) ;
#5110 = CARTESIAN_POINT ( 'NONE',  ( 8.000000000000001776, -42.37477060330834888, -83.66133704220068523 ) ) ;
#5111 = DIRECTION ( 'NONE',  ( -1.000000000000000000, -0.000000000000000000, -0.000000000000000000 ) ) ;
#5112 = ORIENTED_EDGE ( 'NONE', *, *, #6751, .F. ) ;
#5113 = DIRECTION ( 'NONE',  ( 1.000000000000000000, 0.000000000000000000, 0.000000000000000000 ) ) ;
#5114 = AXIS2_PLACEMENT_3D ( 'NONE', #7147, #1536, #7830 ) ;
#5115 = AXIS2_PLACEMENT_3D ( 'NONE', #3385, #7589, #30 ) ;
#5116 = CIRCLE ( 'NONE', #39, 49.50000000000002132 ) ;
#5117 = ADVANCED_FACE ( 'NONE', ( #1873 ), #8169, .F. ) ;
#5118 = LINE ( 'NONE', #3891, #3517 ) ;
#5119 = CIRCLE ( 'NONE', #1770, 49.50000000000000711 ) ;
#5120 = AXIS2_PLACEMENT_3D ( 'NONE', #531, #3113, #5936 ) ;
#5121 = DIRECTION ( 'NONE',  ( -1.000000000000000000, -0.000000000000000000, -0.000000000000000000 ) ) ;
#5122 = AXIS2_PLACEMENT_3D ( 'NONE', #7967, #904, #3035 ) ;
#5123 = CIRCLE ( 'NONE', #7029, 97.00000000000000000 ) ;
#5124 = ORIENTED_EDGE ( 'NONE', *, *, #5433, .T. ) ;
#5125 = CARTESIAN_POINT ( 'NONE',  ( 0.000000000000000000, -29.90010982920049187, -88.88657902953320900 ) ) ;
#5126 = CARTESIAN_POINT ( 'NONE',  ( 8.000000000000001776, 16.87343272981488340, -100.0886620397755706 ) ) ;
#5127 = ORIENTED_EDGE ( 'NONE', *, *, #3439, .T. ) ;
#5128 = ORIENTED_EDGE ( 'NONE', *, *, #6848, .F. ) ;
#5129 = ORIENTED_EDGE ( 'NONE', *, *, #4916, .F. ) ;
#5130 = AXIS2_PLACEMENT_3D ( 'NONE', #1903, #520, #697 ) ;
#5131 = AXIS2_PLACEMENT_3D ( 'NONE', #5094, #7886, #7209 ) ;
#5132 = CARTESIAN_POINT ( 'NONE',  ( 8.000000000000001776, 48.60729184248118173, -89.10546661535343560 ) ) ;
#5133 = EDGE_LOOP ( 'NONE', ( #5243, #1949, #1478, #6267 ) ) ;
#5134 = DIRECTION ( 'NONE',  ( -1.000000000000000000, -0.000000000000000000, -0.000000000000000000 ) ) ;
#5135 = CARTESIAN_POINT ( 'NONE',  ( 0.000000000000000000, -89.80095471819176112, -36.67135846544648814 ) ) ;
#5136 = VECTOR ( 'NONE', #4263, 1000.000000000000000 ) ;
#5137 = ORIENTED_EDGE ( 'NONE', *, *, #714, .T. ) ;
#5138 = DIRECTION ( 'NONE',  ( 0.000000000000000000, 0.000000000000000000, 1.000000000000000000 ) ) ;
#5139 = VERTEX_POINT ( 'NONE', #1205 ) ;
#5140 = LINE ( 'NONE', #6648, #1374 ) ;
#5141 = CARTESIAN_POINT ( 'NONE',  ( 8.000000000000001776, 54.28584969690426476, -80.38685540985615319 ) ) ;
#5142 = VECTOR ( 'NONE', #4078, 1000.000000000000000 ) ;
#5143 = EDGE_CURVE ( 'NONE', #3293, #5993, #5351, .T. ) ;
#5144 = ORIENTED_EDGE ( 'NONE', *, *, #1211, .F. ) ;
#5145 = CARTESIAN_POINT ( 'NONE',  ( 8.000000000000001776, -56.85720735473360321, 84.08157332508014292 ) ) ;
#5146 = FACE_OUTER_BOUND ( 'NONE', #1990, .T. ) ;
#5147 = AXIS2_PLACEMENT_3D ( 'NONE', #6278, #2677, #1285 ) ;
#5148 = ORIENTED_EDGE ( 'NONE', *, *, #8229, .F. ) ;
#5149 = DIRECTION ( 'NONE',  ( 1.000000000000000000, 0.000000000000000000, 0.000000000000000000 ) ) ;
#5150 = CARTESIAN_POINT ( 'NONE',  ( 8.000000000000001776, 0.000000000000000000, 0.000000000000000000 ) ) ;
#5151 = DIRECTION ( 'NONE',  ( -1.000000000000000000, 0.000000000000000000, -0.000000000000000000 ) ) ;
#5152 = ADVANCED_FACE ( 'NONE', ( #534 ), #7501, .F. ) ;
#5153 = CIRCLE ( 'NONE', #7503, 97.00000000000000000 ) ;
#5154 = ORIENTED_EDGE ( 'NONE', *, *, #7950, .T. ) ;
#5155 = CARTESIAN_POINT ( 'NONE',  ( 0.000000000000000000, 0.000000000000000000, 0.000000000000000000 ) ) ;
#5156 = CARTESIAN_POINT ( 'NONE',  ( 8.000000000000001776, 0.000000000000000000, 0.000000000000000000 ) ) ;
#5157 = DIRECTION ( 'NONE',  ( -1.000000000000000000, 0.000000000000000000, -0.000000000000000000 ) ) ;
#5158 = VERTEX_POINT ( 'NONE', #4567 ) ;
#5159 = EDGE_CURVE ( 'NONE', #7571, #68, #4315, .T. ) ;
#5160 = DIRECTION ( 'NONE',  ( -1.000000000000000000, 0.000000000000000000, -0.000000000000000000 ) ) ;
#5161 = DIRECTION ( 'NONE',  ( 0.000000000000000000, 0.000000000000000000, 1.000000000000000000 ) ) ;
#5162 = VERTEX_POINT ( 'NONE', #3116 ) ;
#5163 = CIRCLE ( 'NONE', #5315, 97.00000000000000000 ) ;
#5164 = EDGE_CURVE ( 'NONE', #4417, #8195, #8546, .T. ) ;
#5165 = CARTESIAN_POINT ( 'NONE',  ( 8.000000000000001776, -86.23742840964244749, 36.85032483796442193 ) ) ;
#5166 = CARTESIAN_POINT ( 'NONE',  ( 16.50000000000000711, 97.87238061538435829, -18.86335522284969102 ) ) ;
#5167 = EDGE_CURVE ( 'NONE', #7379, #8764, #6185, .T. ) ;
#5168 = AXIS2_PLACEMENT_3D ( 'NONE', #7873, #7145, #2345 ) ;
#5169 = EDGE_CURVE ( 'NONE', #8195, #5026, #3884, .T. ) ;
#5170 = AXIS2_PLACEMENT_3D ( 'NONE', #1344, #671, #5518 ) ;
#5171 = DIRECTION ( 'NONE',  ( 0.000000000000000000, 0.4582265217274053559, 0.8888354486549260303 ) ) ;
#5172 = AXIS2_PLACEMENT_3D ( 'NONE', #1339, #6159, #6249 ) ;
#5173 = DIRECTION ( 'NONE',  ( 0.000000000000000000, 0.000000000000000000, -1.000000000000000000 ) ) ;
#5174 = ORIENTED_EDGE ( 'NONE', *, *, #1820, .T. ) ;
#5175 = CARTESIAN_POINT ( 'NONE',  ( 8.000000000000001776, 32.35692078631443991, -91.44413418709901009 ) ) ;
#5176 = CARTESIAN_POINT ( 'NONE',  ( 0.000000000000000000, -26.31106071306504290, -98.03153107624814311 ) ) ;
#5177 = ORIENTED_EDGE ( 'NONE', *, *, #8935, .F. ) ;
#5178 = EDGE_LOOP ( 'NONE', ( #8781, #7241, #1961, #2004 ) ) ;
#5179 = EDGE_CURVE ( 'NONE', #2508, #4498, #7937, .T. ) ;
#5180 = AXIS2_PLACEMENT_3D ( 'NONE', #3034, #6545, #8386 ) ;
#5181 = VERTEX_POINT ( 'NONE', #7582 ) ;
#5182 = ADVANCED_BREP_SHAPE_REPRESENTATION ( 'ELP-0061', ( #2115, #3235 ), #1625 ) ;
#5183 = AXIS2_PLACEMENT_3D ( 'NONE', #3480, #5623, #1977 ) ;
#5184 = CARTESIAN_POINT ( 'NONE',  ( 8.000000000000001776, -93.70414482884912388, -3.791271721437887265 ) ) ;
#5185 = ORIENTED_EDGE ( 'NONE', *, *, #8211, .T. ) ;
#5186 = DIRECTION ( 'NONE',  ( 1.000000000000000000, 0.000000000000000000, 0.000000000000000000 ) ) ;
#5187 = FACE_OUTER_BOUND ( 'NONE', #7956, .T. ) ;
#5188 = ORIENTED_EDGE ( 'NONE', *, *, #332, .T. ) ;
#5189 = CARTESIAN_POINT ( 'NONE',  ( 8.000000000000001776, -80.25465358751438316, -62.14212402668633217 ) ) ;
#5190 = ORIENTED_EDGE ( 'NONE', *, *, #7953, .T. ) ;
#5191 = DIRECTION ( 'NONE',  ( -1.000000000000000000, 0.000000000000000000, 0.000000000000000000 ) ) ;
#5192 = CIRCLE ( 'NONE', #1833, 101.5010000000000190 ) ;
#5193 = ORIENTED_EDGE ( 'NONE', *, *, #2263, .F. ) ;
#5194 = DIRECTION ( 'NONE',  ( -1.000000000000000000, 0.000000000000000000, 0.000000000000000000 ) ) ;
#5195 = CYLINDRICAL_SURFACE ( 'NONE', #8044, 97.00000000000000000 ) ;
#5196 = ORIENTED_EDGE ( 'NONE', *, *, #8567, .F. ) ;
#5197 = DIRECTION ( 'NONE',  ( 0.000000000000000000, -0.6427876096865299260, -0.7660444431189858960 ) ) ;
#5198 = ORIENTED_EDGE ( 'NONE', *, *, #3140, .F. ) ;
#5199 = CIRCLE ( 'NONE', #6356, 49.50000000000002132 ) ;
#5200 = DIRECTION ( 'NONE',  ( 0.000000000000000000, 0.000000000000000000, 1.000000000000000000 ) ) ;
#5201 = CARTESIAN_POINT ( 'NONE',  ( 8.000000000000001776, -83.72661252417920252, -42.24564894279249927 ) ) ;
#5202 = AXIS2_PLACEMENT_3D ( 'NONE', #6191, #7654, #736 ) ;
#5203 = ORIENTED_EDGE ( 'NONE', *, *, #1877, .F. ) ;
#5204 = AXIS2_PLACEMENT_3D ( 'NONE', #2631, #7492, #4093 ) ;
#5205 = CARTESIAN_POINT ( 'NONE',  ( 0.000000000000000000, 96.35576641085029337, -26.73229693121841777 ) ) ;
#5206 = CARTESIAN_POINT ( 'NONE',  ( 0.000000000000000000, 0.000000000000000000, 0.000000000000000000 ) ) ;
#5207 = LINE ( 'NONE', #7987, #7072 ) ;
#5208 = VERTEX_POINT ( 'NONE', #8391 ) ;
#5209 = EDGE_CURVE ( 'NONE', #137, #1369, #5473, .T. ) ;
#5210 = DIRECTION ( 'NONE',  ( -1.000000000000000000, -0.000000000000000000, 0.000000000000000000 ) ) ;
#5211 = CARTESIAN_POINT ( 'NONE',  ( 8.000000000000001776, -95.11604032214768267, -35.43150962682197758 ) ) ;
#5212 = EDGE_LOOP ( 'NONE', ( #1684, #2329, #7096, #5938 ) ) ;
#5213 = CARTESIAN_POINT ( 'NONE',  ( 8.000000000000001776, 0.000000000000000000, 0.000000000000000000 ) ) ;
#5214 = DIRECTION ( 'NONE',  ( 0.000000000000000000, 0.000000000000000000, 1.000000000000000000 ) ) ;
#5215 = FACE_OUTER_BOUND ( 'NONE', #2558, .T. ) ;
#5216 = EDGE_CURVE ( 'NONE', #8099, #1275, #4581, .T. ) ;
#5217 = VECTOR ( 'NONE', #7705, 1000.000000000000000 ) ;
#5218 = CARTESIAN_POINT ( 'NONE',  ( 0.000000000000000000, -100.9660000373496729, -10.40768165625303254 ) ) ;
#5219 = VERTEX_POINT ( 'NONE', #2733 ) ;
#5220 = EDGE_CURVE ( 'NONE', #7324, #5438, #1816, .T. ) ;
#5221 = CARTESIAN_POINT ( 'NONE',  ( 8.000000000000001776, 5.591737568208505316, -101.3468572377470878 ) ) ;
#5222 = CARTESIAN_POINT ( 'NONE',  ( 8.000000000000001776, -86.69171227587034423, 52.79204507951659764 ) ) ;
#5223 = ORIENTED_EDGE ( 'NONE', *, *, #1059, .T. ) ;
#5224 = VERTEX_POINT ( 'NONE', #5607 ) ;
#5225 = ORIENTED_EDGE ( 'NONE', *, *, #8343, .T. ) ;
#5226 = AXIS2_PLACEMENT_3D ( 'NONE', #6410, #187, #5727 ) ;
#5227 = ADVANCED_FACE ( 'NONE', ( #1295 ), #1962, .F. ) ;
#5228 = ADVANCED_FACE ( 'NONE', ( #6291 ), #3422, .F. ) ;
#5229 = EDGE_CURVE ( 'NONE', #6414, #4441, #8507, .T. ) ;
#5230 = DIRECTION ( 'NONE',  ( 0.000000000000000000, -0.9788024462147807414, 0.2048066680651809690 ) ) ;
#5231 = VERTEX_POINT ( 'NONE', #2094 ) ;
#5232 = DIRECTION ( 'NONE',  ( -1.000000000000000000, -0.000000000000000000, -0.000000000000000000 ) ) ;
#5233 = CARTESIAN_POINT ( 'NONE',  ( 0.000000000000000000, 86.52148266699620649, -43.85240058542605368 ) ) ;
#5234 = ORIENTED_EDGE ( 'NONE', *, *, #8881, .F. ) ;
#5235 = AXIS2_PLACEMENT_3D ( 'NONE', #6114, #7534, #3288 ) ;
#5236 = DIRECTION ( 'NONE',  ( -1.000000000000000000, -0.000000000000000000, -0.000000000000000000 ) ) ;
#5237 = ORIENTED_EDGE ( 'NONE', *, *, #5169, .F. ) ;
#5238 = DIRECTION ( 'NONE',  ( -1.000000000000000000, -0.000000000000000000, -0.000000000000000000 ) ) ;
#5239 = CIRCLE ( 'NONE', #6847, 49.50000000000000711 ) ;
#5240 = ORIENTED_EDGE ( 'NONE', *, *, #2532, .T. ) ;
#5241 = DIRECTION ( 'NONE',  ( 1.000000000000000000, 0.000000000000000000, -0.000000000000000000 ) ) ;
#5242 = DIRECTION ( 'NONE',  ( 0.000000000000000000, 0.000000000000000000, 1.000000000000000000 ) ) ;
#5243 = ORIENTED_EDGE ( 'NONE', *, *, #7618, .F. ) ;
#5244 = ORIENTED_EDGE ( 'NONE', *, *, #1713, .T. ) ;
#5245 = DIRECTION ( 'NONE',  ( -1.000000000000000000, -0.000000000000000000, -0.000000000000000000 ) ) ;
#5246 = CIRCLE ( 'NONE', #3785, 49.50000000000002132 ) ;
#5247 = DIRECTION ( 'NONE',  ( 1.000000000000000000, -0.000000000000000000, -0.000000000000000000 ) ) ;
#5248 = LINE ( 'NONE', #7214, #7395 ) ;
#5249 = AXIS2_PLACEMENT_3D ( 'NONE', #9001, #6175, #1887 ) ;
#5250 = EDGE_LOOP ( 'NONE', ( #362, #2090, #6016, #3299 ) ) ;
#5251 = CARTESIAN_POINT ( 'NONE',  ( 8.000000000000001776, 82.87882909923183661, -50.39940165458636301 ) ) ;
#5252 = FACE_OUTER_BOUND ( 'NONE', #3495, .T. ) ;
#5253 = DIRECTION ( 'NONE',  ( 0.000000000000000000, -0.9968547759519431617, 0.07924995685677815871 ) ) ;
#5254 = ORIENTED_EDGE ( 'NONE', *, *, #6592, .T. ) ;
#5255 = FACE_OUTER_BOUND ( 'NONE', #8880, .T. ) ;
#5256 = VERTEX_POINT ( 'NONE', #2827 ) ;
#5257 = CARTESIAN_POINT ( 'NONE',  ( 0.000000000000000000, 0.000000000000000000, 0.000000000000000000 ) ) ;
#5258 = CARTESIAN_POINT ( 'NONE',  ( 0.000000000000000000, 0.000000000000000000, 0.000000000000000000 ) ) ;
#5259 = VECTOR ( 'NONE', #6429, 1000.000000000000000 ) ;
#5260 = EDGE_CURVE ( 'NONE', #2568, #6059, #708, .T. ) ;
#5261 = FACE_OUTER_BOUND ( 'NONE', #7144, .T. ) ;
#5262 = DIRECTION ( 'NONE',  ( 0.000000000000000000, -0.3716624556603156937, -0.9283679330160774512 ) ) ;
#5263 = EDGE_LOOP ( 'NONE', ( #5385, #3345, #5427, #2353 ) ) ;
#5264 = DIRECTION ( 'NONE',  ( 1.000000000000000000, 0.000000000000000000, 0.000000000000000000 ) ) ;
#5265 = DIRECTION ( 'NONE',  ( 0.000000000000000000, 0.000000000000000000, 1.000000000000000000 ) ) ;
#5266 = ORIENTED_EDGE ( 'NONE', *, *, #1223, .F. ) ;
#5267 = ORIENTED_EDGE ( 'NONE', *, *, #561, .T. ) ;
#5268 = ORIENTED_EDGE ( 'NONE', *, *, #7839, .T. ) ;
#5269 = EDGE_CURVE ( 'NONE', #4796, #7314, #6899, .T. ) ;
#5270 = AXIS2_PLACEMENT_3D ( 'NONE', #8440, #3649, #845 ) ;
#5271 = EDGE_LOOP ( 'NONE', ( #6657, #395, #408, #3073 ) ) ;
#5272 = DIRECTION ( 'NONE',  ( 0.000000000000000000, 0.000000000000000000, 1.000000000000000000 ) ) ;
#5273 = DIRECTION ( 'NONE',  ( 0.000000000000000000, 0.000000000000000000, 1.000000000000000000 ) ) ;
#5274 = VERTEX_POINT ( 'NONE', #1460 ) ;
#5275 = ADVANCED_FACE ( 'NONE', ( #3465 ), #5563, .T. ) ;
#5276 = DIRECTION ( 'NONE',  ( -1.000000000000000000, -0.000000000000000000, -0.000000000000000000 ) ) ;
#5277 = VECTOR ( 'NONE', #3463, 1000.000000000000000 ) ;
#5278 = CYLINDRICAL_SURFACE ( 'NONE', #3185, 97.00000000000000000 ) ;
#5279 = EDGE_CURVE ( 'NONE', #8884, #7006, #8310, .T. ) ;
#5280 = ORIENTED_EDGE ( 'NONE', *, *, #3488, .F. ) ;
#5281 = EDGE_CURVE ( 'NONE', #3850, #8323, #2477, .T. ) ;
#5282 = DIRECTION ( 'NONE',  ( -1.000000000000000000, -0.000000000000000000, -0.000000000000000000 ) ) ;
#5283 = DIRECTION ( 'NONE',  ( 0.000000000000000000, -0.8660254037844432595, 0.4999999999999920064 ) ) ;
#5284 = ORIENTED_EDGE ( 'NONE', *, *, #5998, .F. ) ;
#5285 = VERTEX_POINT ( 'NONE', #2778 ) ;
#5286 = LINE ( 'NONE', #5333, #5537 ) ;
#5287 = ORIENTED_EDGE ( 'NONE', *, *, #2404, .F. ) ;
#5288 = AXIS2_PLACEMENT_3D ( 'NONE', #4297, #8453, #2202 ) ;
#5289 = DIRECTION ( 'NONE',  ( 0.000000000000000000, 0.000000000000000000, 1.000000000000000000 ) ) ;
#5290 = FACE_OUTER_BOUND ( 'NONE', #8993, .T. ) ;
#5291 = EDGE_CURVE ( 'NONE', #4973, #2978, #4808, .T. ) ;
#5292 = CIRCLE ( 'NONE', #4400, 97.00000000000000000 ) ;
#5293 = VERTEX_POINT ( 'NONE', #7540 ) ;
#5294 = AXIS2_PLACEMENT_3D ( 'NONE', #5098, #3685, #5833 ) ;
#5295 = CARTESIAN_POINT ( 'NONE',  ( -8.499999999999992895, 100.8977962754999709, -3.166008196913418615 ) ) ;
#5296 = CARTESIAN_POINT ( 'NONE',  ( 8.000000000000001776, -8.245600228092932582, -93.41761384369748100 ) ) ;
#5297 = LINE ( 'NONE', #7360, #2984 ) ;
#5298 = ORIENTED_EDGE ( 'NONE', *, *, #2141, .T. ) ;
#5299 = AXIS2_PLACEMENT_3D ( 'NONE', #310, #2248, #2337 ) ;
#5300 = CARTESIAN_POINT ( 'NONE',  ( 0.000000000000000000, -76.15177792364997345, 67.10707652749519525 ) ) ;
#5301 = ORIENTED_EDGE ( 'NONE', *, *, #7344, .T. ) ;
#5302 = DIRECTION ( 'NONE',  ( -1.000000000000000000, -0.000000000000000000, -0.000000000000000000 ) ) ;
#5303 = CARTESIAN_POINT ( 'NONE',  ( 8.000000000000001776, 68.30685095816747321, -75.07747407297810582 ) ) ;
#5304 = DIRECTION ( 'NONE',  ( 1.000000000000000000, 0.000000000000000000, 0.000000000000000000 ) ) ;
#5305 = CIRCLE ( 'NONE', #1946, 101.5010000000000332 ) ;
#5306 = DIRECTION ( 'NONE',  ( 0.000000000000000000, 0.000000000000000000, 1.000000000000000000 ) ) ;
#5307 = ORIENTED_EDGE ( 'NONE', *, *, #8454, .F. ) ;
#5308 = CARTESIAN_POINT ( 'NONE',  ( 8.000000000000001776, -25.77599115522163231, 90.16894575926703226 ) ) ;
#5309 = CARTESIAN_POINT ( 'NONE',  ( 0.000000000000000000, 100.8977962754999709, -3.166008196913418615 ) ) ;
#5310 = EDGE_LOOP ( 'NONE', ( #8143, #3755, #5154, #793 ) ) ;
#5311 = VERTEX_POINT ( 'NONE', #8303 ) ;
#5312 = EDGE_CURVE ( 'NONE', #5680, #6725, #8901, .T. ) ;
#5313 = VECTOR ( 'NONE', #4165, 1000.000000000000000 ) ;
#5314 = ORIENTED_EDGE ( 'NONE', *, *, #7414, .T. ) ;
#5315 = AXIS2_PLACEMENT_3D ( 'NONE', #5395, #2102, #626 ) ;
#5316 = DIRECTION ( 'NONE',  ( 0.000000000000000000, 0.000000000000000000, 1.000000000000000000 ) ) ;
#5317 = DIRECTION ( 'NONE',  ( 1.000000000000000000, 0.000000000000000000, 0.000000000000000000 ) ) ;
#5318 = ORIENTED_EDGE ( 'NONE', *, *, #1815, .T. ) ;
#5319 = DIRECTION ( 'NONE',  ( 0.000000000000000000, -0.9968547759519431617, 0.07924995685677822810 ) ) ;
#5320 = CARTESIAN_POINT ( 'NONE',  ( 0.000000000000000000, -47.59558639958063964, 80.80532565772975317 ) ) ;
#5321 = ORIENTED_EDGE ( 'NONE', *, *, #6001, .F. ) ;
#5322 = EDGE_CURVE ( 'NONE', #4022, #21, #8946, .T. ) ;
#5323 = CARTESIAN_POINT ( 'NONE',  ( 8.000000000000001776, 0.000000000000000000, 0.000000000000000000 ) ) ;
#5324 = DIRECTION ( 'NONE',  ( 0.000000000000000000, -0.6900790114821029331, -0.7237340381050787474 ) ) ;
#5325 = ORIENTED_EDGE ( 'NONE', *, *, #8342, .F. ) ;
#5326 = VECTOR ( 'NONE', #5864, 1000.000000000000000 ) ;
#5327 = DIRECTION ( 'NONE',  ( 1.000000000000000000, 0.000000000000000000, 0.000000000000000000 ) ) ;
#5328 = ADVANCED_FACE ( 'NONE', ( #5431 ), #4233, .F. ) ;
#5329 = EDGE_CURVE ( 'NONE', #2093, #1774, #168, .T. ) ;
#5330 = CARTESIAN_POINT ( 'NONE',  ( 0.000000000000000000, -92.72829175089816545, 35.48913249181134688 ) ) ;
#5331 = ORIENTED_EDGE ( 'NONE', *, *, #6851, .T. ) ;
#5332 = ADVANCED_FACE ( 'NONE', ( #2317 ), #1641, .F. ) ;
#5333 = CARTESIAN_POINT ( 'NONE',  ( 8.000000000000001776, -84.03437208676271553, -56.92694712509637611 ) ) ;
#5334 = ORIENTED_EDGE ( 'NONE', *, *, #1753, .T. ) ;
#5335 = DIRECTION ( 'NONE',  ( -1.000000000000000000, 0.000000000000000000, 0.000000000000000000 ) ) ;
#5336 = DIRECTION ( 'NONE',  ( 0.000000000000000000, 0.000000000000000000, 1.000000000000000000 ) ) ;
#5337 = CIRCLE ( 'NONE', #8526, 49.50000000000002842 ) ;
#5338 = DIRECTION ( 'NONE',  ( 1.000000000000000000, 0.000000000000000000, 0.000000000000000000 ) ) ;
#5339 = EDGE_CURVE ( 'NONE', #6245, #3082, #4281, .T. ) ;
#5340 = EDGE_CURVE ( 'NONE', #8764, #5655, #150, .T. ) ;
#5341 = FACE_OUTER_BOUND ( 'NONE', #2575, .T. ) ;
#5342 = VECTOR ( 'NONE', #8393, 1000.000000000000000 ) ;
#5343 = DIRECTION ( 'NONE',  ( 0.000000000000000000, 0.7126941713788592647, 0.7014748877063247123 ) ) ;
#5344 = VERTEX_POINT ( 'NONE', #3733 ) ;
#5345 = DIRECTION ( 'NONE',  ( -1.000000000000000000, -0.000000000000000000, 0.000000000000000000 ) ) ;
#5346 = ORIENTED_EDGE ( 'NONE', *, *, #3381, .T. ) ;
#5347 = DIRECTION ( 'NONE',  ( -1.000000000000000000, -0.000000000000000000, 0.000000000000000000 ) ) ;
#5348 = DIRECTION ( 'NONE',  ( 1.000000000000000000, 0.000000000000000000, 0.000000000000000000 ) ) ;
#5349 = VECTOR ( 'NONE', #8158, 1000.000000000000000 ) ;
#5350 = CARTESIAN_POINT ( 'NONE',  ( 4.000000000000000888, -73.87460308289878697, -62.86129985407686149 ) ) ;
#5351 = CIRCLE ( 'NONE', #3448, 101.5010000000000190 ) ;
#5352 = DIRECTION ( 'NONE',  ( 0.000000000000000000, -0.2817325568414370540, 0.9594929736144951482 ) ) ;
#5353 = CIRCLE ( 'NONE', #8852, 49.50000000000002132 ) ;
#5354 = ORIENTED_EDGE ( 'NONE', *, *, #2999, .F. ) ;
#5355 = DIRECTION ( 'NONE',  ( 0.000000000000000000, -0.9549022414440706541, -0.2969203753282850244 ) ) ;
#5356 = CARTESIAN_POINT ( 'NONE',  ( 0.000000000000000000, 0.000000000000000000, 0.000000000000000000 ) ) ;
#5357 = VERTEX_POINT ( 'NONE', #6520 ) ;
#5358 = ORIENTED_EDGE ( 'NONE', *, *, #761, .T. ) ;
#5359 = VERTEX_POINT ( 'NONE', #3639 ) ;
#5360 = CIRCLE ( 'NONE', #7695, 97.00000000000000000 ) ;
#5361 = CARTESIAN_POINT ( 'NONE',  ( 0.000000000000000000, 22.90213972150329624, -90.94136844994388014 ) ) ;
#5362 = ORIENTED_EDGE ( 'NONE', *, *, #142, .T. ) ;
#5363 = CARTESIAN_POINT ( 'NONE',  ( 8.000000000000001776, -93.75594538243989007, -2.159445488233664889 ) ) ;
#5364 = CYLINDRICAL_SURFACE ( 'NONE', #5006, 101.5009999999999906 ) ;
#5365 = VERTEX_POINT ( 'NONE', #7801 ) ;
#5366 = CARTESIAN_POINT ( 'NONE',  ( 0.000000000000000000, -42.37477060330834888, -83.66133704220068523 ) ) ;
#5367 = LINE ( 'NONE', #6095, #1010 ) ;
#5368 = ORIENTED_EDGE ( 'NONE', *, *, #1930, .T. ) ;
#5369 = EDGE_CURVE ( 'NONE', #4124, #5990, #8182, .T. ) ;
#5370 = AXIS2_PLACEMENT_3D ( 'NONE', #3525, #5533, #2890 ) ;
#5371 = DIRECTION ( 'NONE',  ( 1.000000000000000000, 0.000000000000000000, 0.000000000000000000 ) ) ;
#5372 = CARTESIAN_POINT ( 'NONE',  ( 0.000000000000000000, 0.000000000000000000, 0.000000000000000000 ) ) ;
#5373 = ORIENTED_EDGE ( 'NONE', *, *, #2146, .T. ) ;
#5374 = CARTESIAN_POINT ( 'NONE',  ( 0.000000000000000000, 0.000000000000000000, 0.000000000000000000 ) ) ;
#5375 = DIRECTION ( 'NONE',  ( 1.000000000000000000, 0.000000000000000000, 0.000000000000000000 ) ) ;
#5376 = EDGE_LOOP ( 'NONE', ( #7486, #288, #2164, #6449 ) ) ;
#5377 = CYLINDRICAL_SURFACE ( 'NONE', #8938, 49.50000000000001421 ) ;
#5378 = DIRECTION ( 'NONE',  ( -1.000000000000000000, 0.000000000000000000, -0.000000000000000000 ) ) ;
#5379 = AXIS2_PLACEMENT_3D ( 'NONE', #5156, #7940, #1689 ) ;
#5380 = EDGE_CURVE ( 'NONE', #4889, #3387, #5876, .T. ) ;
#5381 = ADVANCED_FACE ( 'NONE', ( #4413 ), #7889, .F. ) ;
#5382 = LINE ( 'NONE', #571, #2007 ) ;
#5383 = DIRECTION ( 'NONE',  ( 1.000000000000000000, 0.000000000000000000, 0.000000000000000000 ) ) ;
#5384 = DIRECTION ( 'NONE',  ( -1.000000000000000000, -0.000000000000000000, -0.000000000000000000 ) ) ;
#5385 = ORIENTED_EDGE ( 'NONE', *, *, #2422, .T. ) ;
#5386 = FACE_OUTER_BOUND ( 'NONE', #3516, .T. ) ;
#5387 = ORIENTED_EDGE ( 'NONE', *, *, #5045, .F. ) ;
#5388 = DIRECTION ( 'NONE',  ( 1.000000000000000000, 0.000000000000000000, 0.000000000000000000 ) ) ;
#5389 = ADVANCED_FACE ( 'NONE', ( #838 ), #7035, .F. ) ;
#5390 = DIRECTION ( 'NONE',  ( -1.000000000000000000, 0.000000000000000000, 0.000000000000000000 ) ) ;
#5391 = EDGE_CURVE ( 'NONE', #2730, #6527, #8613, .T. ) ;
#5392 = ADVANCED_FACE ( 'NONE', ( #3007 ), #2958, .F. ) ;
#5393 = CIRCLE ( 'NONE', #8591, 97.00000000000000000 ) ;
#5394 = DIRECTION ( 'NONE',  ( 0.000000000000000000, 0.6667690005162877354, 0.7452644496757582226 ) ) ;
#5395 = CARTESIAN_POINT ( 'NONE',  ( 0.000000000000000000, 0.000000000000000000, 0.000000000000000000 ) ) ;
#5396 = EDGE_LOOP ( 'NONE', ( #554, #1349, #2067, #7402 ) ) ;
#5397 = DIRECTION ( 'NONE',  ( 0.000000000000000000, 0.000000000000000000, 1.000000000000000000 ) ) ;
#5398 = CARTESIAN_POINT ( 'NONE',  ( 8.000000000000001776, -56.13571807399382863, 84.56497003675387703 ) ) ;
#5399 = ORIENTED_EDGE ( 'NONE', *, *, #284, .F. ) ;
#5400 = CIRCLE ( 'NONE', #6559, 101.5010000000000048 ) ;
#5401 = EDGE_CURVE ( 'NONE', #4403, #7055, #5692, .T. ) ;
#5402 = LINE ( 'NONE', #6915, #3066 ) ;
#5403 = CIRCLE ( 'NONE', #2334, 49.50000000000003553 ) ;
#5404 = CARTESIAN_POINT ( 'NONE',  ( 8.000000000000001776, 85.90849480390308202, -45.04143115541243958 ) ) ;
#5405 = ORIENTED_EDGE ( 'NONE', *, *, #1754, .T. ) ;
#5406 = LINE ( 'NONE', #4721, #8680 ) ;
#5407 = DIRECTION ( 'NONE',  ( 1.000000000000000000, 0.000000000000000000, 0.000000000000000000 ) ) ;
#5408 = VERTEX_POINT ( 'NONE', #8477 ) ;
#5409 = CARTESIAN_POINT ( 'NONE',  ( 1.062190476068823620E-14, 92.42805162179945455, -25.97529195377680367 ) ) ;
#5410 = VECTOR ( 'NONE', #1761, 1000.000000000000000 ) ;
#5411 = EDGE_LOOP ( 'NONE', ( #5762, #4837, #4133, #2445 ) ) ;
#5412 = CARTESIAN_POINT ( 'NONE',  ( 0.000000000000000000, -69.34455695586046886, -63.13614590681894612 ) ) ;
#5413 = AXIS2_PLACEMENT_3D ( 'NONE', #5513, #4697, #2003 ) ;
#5414 = DIRECTION ( 'NONE',  ( 1.000000000000000000, 0.000000000000000000, 0.000000000000000000 ) ) ;
#5415 = AXIS2_PLACEMENT_3D ( 'NONE', #2391, #275, #6546 ) ;
#5416 = ORIENTED_EDGE ( 'NONE', *, *, #8608, .F. ) ;
#5417 = CARTESIAN_POINT ( 'NONE',  ( 8.000000000000001776, -52.62475156798522846, -77.62393974657267393 ) ) ;
#5418 = DIRECTION ( 'NONE',  ( 1.000000000000000000, 0.000000000000000000, 0.000000000000000000 ) ) ;
#5419 = VERTEX_POINT ( 'NONE', #2225 ) ;
#5420 = EDGE_CURVE ( 'NONE', #1179, #3507, #1370, .T. ) ;
#5421 = FACE_OUTER_BOUND ( 'NONE', #3360, .T. ) ;
#5422 = LINE ( 'NONE', #3366, #8702 ) ;
#5423 = CIRCLE ( 'NONE', #1635, 49.50000000000002132 ) ;
#5424 = DIRECTION ( 'NONE',  ( 0.000000000000000000, -0.5530558129869671546, 0.8331442058379358029 ) ) ;
#5425 = FACE_OUTER_BOUND ( 'NONE', #7843, .T. ) ;
#5426 = CARTESIAN_POINT ( 'NONE',  ( 4.000000000000000888, -55.71933719032650600, 79.39997142991109058 ) ) ;
#5427 = ORIENTED_EDGE ( 'NONE', *, *, #7442, .F. ) ;
#5428 = CARTESIAN_POINT ( 'NONE',  ( 0.000000000000000000, -46.18167158087781843, -81.62164975891904817 ) ) ;
#5429 = ORIENTED_EDGE ( 'NONE', *, *, #6685, .T. ) ;
#5430 = AXIS2_PLACEMENT_3D ( 'NONE', #5372, #3318, #3187 ) ;
#5431 = FACE_OUTER_BOUND ( 'NONE', #4374, .T. ) ;
#5432 = CARTESIAN_POINT ( 'NONE',  ( 8.000000000000001776, -56.85720735473246634, -84.08157332508089610 ) ) ;
#5433 = EDGE_CURVE ( 'NONE', #5208, #9006, #2078, .T. ) ;
#5434 = AXIS2_PLACEMENT_3D ( 'NONE', #3169, #7463, #6037 ) ;
#5435 = DIRECTION ( 'NONE',  ( 1.000000000000000000, 0.000000000000000000, 0.000000000000000000 ) ) ;
#5436 = CARTESIAN_POINT ( 'NONE',  ( 8.000000000000001776, 55.06110443411417776, -75.91518476475755506 ) ) ;
#5437 = EDGE_CURVE ( 'NONE', #2473, #5923, #7629, .T. ) ;
#5438 = VERTEX_POINT ( 'NONE', #1507 ) ;
#5439 = DIRECTION ( 'NONE',  ( 0.000000000000000000, 0.000000000000000000, 1.000000000000000000 ) ) ;
#5440 = EDGE_CURVE ( 'NONE', #7776, #7280, #7119, .T. ) ;
#5441 = CARTESIAN_POINT ( 'NONE',  ( 0.000000000000000000, -56.85720735473360321, 84.08157332508014292 ) ) ;
#5442 = ORIENTED_EDGE ( 'NONE', *, *, #3713, .F. ) ;
#5443 = AXIS2_PLACEMENT_3D ( 'NONE', #1862, #6065, #5289 ) ;
#5444 = ADVANCED_FACE ( 'NONE', ( #8433 ), #8569, .F. ) ;
#5445 = AXIS2_PLACEMENT_3D ( 'NONE', #8467, #3042, #7832 ) ;
#5446 = LINE ( 'NONE', #8230, #1318 ) ;
#5447 = DIRECTION ( 'NONE',  ( 0.000000000000000000, 0.000000000000000000, 1.000000000000000000 ) ) ;
#5448 = VERTEX_POINT ( 'NONE', #2547 ) ;
#5449 = CARTESIAN_POINT ( 'NONE',  ( 0.000000000000000000, -12.53788020431948880, -92.93891574229729713 ) ) ;
#5450 = EDGE_CURVE ( 'NONE', #5990, #4617, #2502, .T. ) ;
#5451 = CARTESIAN_POINT ( 'NONE',  ( 8.000000000000001776, 81.28096256721885027, -60.79356976807965651 ) ) ;
#5452 = ORIENTED_EDGE ( 'NONE', *, *, #1537, .T. ) ;
#5453 = VERTEX_POINT ( 'NONE', #338 ) ;
#5454 = DIRECTION ( 'NONE',  ( -1.000000000000000000, -0.000000000000000000, -0.000000000000000000 ) ) ;
#5455 = AXIS2_PLACEMENT_3D ( 'NONE', #7183, #3613, #7813 ) ;
#5456 = ORIENTED_EDGE ( 'NONE', *, *, #1854, .F. ) ;
#5457 = AXIS2_PLACEMENT_3D ( 'NONE', #3059, #298, #4468 ) ;
#5458 = CARTESIAN_POINT ( 'NONE',  ( 1.062190476068823620E-14, 97.87238061538435829, -18.86335522284969102 ) ) ;
#5459 = DIRECTION ( 'NONE',  ( 1.000000000000000000, 0.000000000000000000, 0.000000000000000000 ) ) ;
#5460 = ORIENTED_EDGE ( 'NONE', *, *, #6319, .T. ) ;
#5461 = CARTESIAN_POINT ( 'NONE',  ( 8.000000000000001776, -31.44296371712002625, -88.35259210716785105 ) ) ;
#5462 = DIRECTION ( 'NONE',  ( -1.000000000000000000, -0.000000000000000000, 0.000000000000000000 ) ) ;
#5463 = ORIENTED_EDGE ( 'NONE', *, *, #7122, .F. ) ;
#5464 = CARTESIAN_POINT ( 'NONE',  ( 0.000000000000000000, -76.77922663551944993, -53.84970618882934446 ) ) ;
#5465 = CARTESIAN_POINT ( 'NONE',  ( 0.000000000000000000, 0.000000000000000000, 0.000000000000000000 ) ) ;
#5466 = AXIS2_PLACEMENT_3D ( 'NONE', #3461, #2774, #573 ) ;
#5467 = DIRECTION ( 'NONE',  ( 1.000000000000000000, 0.000000000000000000, 0.000000000000000000 ) ) ;
#5468 = CYLINDRICAL_SURFACE ( 'NONE', #7659, 97.00000000000000000 ) ;
#5469 = EDGE_LOOP ( 'NONE', ( #4585, #8495, #1624, #1082 ) ) ;
#5470 = DIRECTION ( 'NONE',  ( 0.000000000000000000, -0.9998741276738751793, 0.01586596383479774511 ) ) ;
#5471 = ORIENTED_EDGE ( 'NONE', *, *, #2154, .F. ) ;
#5472 = AXIS2_PLACEMENT_3D ( 'NONE', #1074, #4568, #6628 ) ;
#5473 = LINE ( 'NONE', #6206, #91 ) ;
#5474 = DIRECTION ( 'NONE',  ( 1.000000000000000000, 0.000000000000000000, 0.000000000000000000 ) ) ;
#5475 = VECTOR ( 'NONE', #1552, 1000.000000000000000 ) ;
#5476 = EDGE_CURVE ( 'NONE', #8996, #6593, #3118, .T. ) ;
#5477 = CARTESIAN_POINT ( 'NONE',  ( 8.000000000000001776, -7.282996326843738544, -101.2393745807587351 ) ) ;
#5478 = CARTESIAN_POINT ( 'NONE',  ( 8.000000000000001776, -60.64301354649336417, -75.70617483402408254 ) ) ;
#5479 = ORIENTED_EDGE ( 'NONE', *, *, #6063, .T. ) ;
#5480 = LINE ( 'NONE', #4794, #8318 ) ;
#5481 = DIRECTION ( 'NONE',  ( -1.000000000000000000, -0.000000000000000000, 0.000000000000000000 ) ) ;
#5482 = ORIENTED_EDGE ( 'NONE', *, *, #4814, .F. ) ;
#5483 = AXIS2_PLACEMENT_3D ( 'NONE', #5929, #3872, #292 ) ;
#5484 = EDGE_CURVE ( 'NONE', #3674, #1329, #1016, .T. ) ;
#5485 = CARTESIAN_POINT ( 'NONE',  ( 8.000000000000001776, -6.618087070103778835, -93.54700114329817495 ) ) ;
#5486 = AXIS2_PLACEMENT_3D ( 'NONE', #6884, #350, #3114 ) ;
#5487 = ADVANCED_FACE ( 'NONE', ( #8027 ), #6760, .F. ) ;
#5488 = CIRCLE ( 'NONE', #2431, 97.00000000000000000 ) ;
#5489 = ORIENTED_EDGE ( 'NONE', *, *, #5826, .F. ) ;
#5490 = FACE_OUTER_BOUND ( 'NONE', #4388, .T. ) ;
#5491 = DIRECTION ( 'NONE',  ( 0.000000000000000000, 0.000000000000000000, 1.000000000000000000 ) ) ;
#5492 = ORIENTED_EDGE ( 'NONE', *, *, #2986, .F. ) ;
#5493 = EDGE_LOOP ( 'NONE', ( #3025, #5325, #8581, #541 ) ) ;
#5494 = CARTESIAN_POINT ( 'NONE',  ( 8.000000000000001776, -73.20928577321367925, -58.61092880980164921 ) ) ;
#5495 = ORIENTED_EDGE ( 'NONE', *, *, #5840, .F. ) ;
#5496 = EDGE_CURVE ( 'NONE', #2676, #6593, #8662, .T. ) ;
#5497 = CIRCLE ( 'NONE', #4476, 49.50000000000002132 ) ;
#5498 = EDGE_CURVE ( 'NONE', #5916, #4083, #522, .T. ) ;
#5499 = ADVANCED_FACE ( 'NONE', ( #8119 ), #8709, .F. ) ;
#5500 = CYLINDRICAL_SURFACE ( 'NONE', #4509, 49.50000000000001421 ) ;
#5501 = CARTESIAN_POINT ( 'NONE',  ( 3.999999999999998224, -96.84482846637750697, -5.484450685156939898 ) ) ;
#5502 = CIRCLE ( 'NONE', #8863, 49.50000000000001421 ) ;
#5503 = ORIENTED_EDGE ( 'NONE', *, *, #58, .F. ) ;
#5504 = DIRECTION ( 'NONE',  ( 0.000000000000000000, 0.000000000000000000, 1.000000000000000000 ) ) ;
#5505 = DIRECTION ( 'NONE',  ( -1.000000000000000000, 0.000000000000000000, -0.000000000000000000 ) ) ;
#5506 = ORIENTED_EDGE ( 'NONE', *, *, #1272, .F. ) ;
#5507 = CARTESIAN_POINT ( 'NONE',  ( 8.000000000000001776, -87.29431505020137649, 42.29305569376826668 ) ) ;
#5508 = DIRECTION ( 'NONE',  ( -1.000000000000000000, 0.000000000000000000, -0.000000000000000000 ) ) ;
#5509 = CARTESIAN_POINT ( 'NONE',  ( 0.000000000000000000, 0.000000000000000000, 0.000000000000000000 ) ) ;
#5510 = CYLINDRICAL_SURFACE ( 'NONE', #7610, 49.50000000000001421 ) ;
#5511 = DIRECTION ( 'NONE',  ( 0.000000000000000000, 0.09505604330417634362, 0.9954719225730852550 ) ) ;
#5512 = EDGE_LOOP ( 'NONE', ( #250, #3768, #5267, #8625 ) ) ;
#5513 = CARTESIAN_POINT ( 'NONE',  ( -101.9074929644522598, 0.000000000000000000, 0.000000000000000000 ) ) ;
#5514 = CIRCLE ( 'NONE', #3773, 49.50000000000000711 ) ;
#5515 = DIRECTION ( 'NONE',  ( 0.000000000000000000, 0.9819286972627080390, -0.1892512443604031647 ) ) ;
#5516 = DIRECTION ( 'NONE',  ( -1.000000000000000000, -0.000000000000000000, -0.000000000000000000 ) ) ;
#5517 = FACE_OUTER_BOUND ( 'NONE', #1300, .T. ) ;
#5518 = DIRECTION ( 'NONE',  ( 0.000000000000000000, 0.5670598638627660781, 0.8236765814298359079 ) ) ;
#5519 = ORIENTED_EDGE ( 'NONE', *, *, #2419, .T. ) ;
#5520 = DIRECTION ( 'NONE',  ( 1.000000000000000000, 0.000000000000000000, 0.000000000000000000 ) ) ;
#5521 = DIRECTION ( 'NONE',  ( 0.000000000000000000, 0.000000000000000000, 1.000000000000000000 ) ) ;
#5522 = ORIENTED_EDGE ( 'NONE', *, *, #6222, .T. ) ;
#5523 = CYLINDRICAL_SURFACE ( 'NONE', #8184, 97.00000000000000000 ) ;
#5524 = AXIS2_PLACEMENT_3D ( 'NONE', #2388, #4347, #3622 ) ;
#5525 = ADVANCED_FACE ( 'NONE', ( #8850 ), #5377, .F. ) ;
#5526 = CARTESIAN_POINT ( 'NONE',  ( 0.000000000000000000, -96.84482846637750697, -5.484450685156939898 ) ) ;
#5527 = VERTEX_POINT ( 'NONE', #7396 ) ;
#5528 = DIRECTION ( 'NONE',  ( 0.000000000000000000, -0.9341478602651027696, -0.3568862215918823799 ) ) ;
#5529 = CARTESIAN_POINT ( 'NONE',  ( 3.999999999999998224, -95.11823470135377079, -19.01371681965895277 ) ) ;
#5530 = ORIENTED_EDGE ( 'NONE', *, *, #2128, .F. ) ;
#5531 = ORIENTED_EDGE ( 'NONE', *, *, #3747, .T. ) ;
#5532 = CIRCLE ( 'NONE', #1897, 97.00000000000000000 ) ;
#5533 = DIRECTION ( 'NONE',  ( -1.000000000000000000, -0.000000000000000000, -0.000000000000000000 ) ) ;
#5534 = ORIENTED_EDGE ( 'NONE', *, *, #612, .T. ) ;
#5535 = AXIS2_PLACEMENT_3D ( 'NONE', #2005, #3377, #4874 ) ;
#5536 = EDGE_CURVE ( 'NONE', #7960, #2398, #657, .T. ) ;
#5537 = VECTOR ( 'NONE', #8073, 1000.000000000000000 ) ;
#5538 = CARTESIAN_POINT ( 'NONE',  ( 8.000000000000001776, 91.97334409823879753, -42.93433330549066085 ) ) ;
#5539 = ADVANCED_FACE ( 'NONE', ( #3915 ), #7980, .F. ) ;
#5540 = LINE ( 'NONE', #8288, #5136 ) ;
#5541 = ORIENTED_EDGE ( 'NONE', *, *, #5322, .F. ) ;
#5542 = EDGE_CURVE ( 'NONE', #1900, #606, #7494, .T. ) ;
#5543 = AXIS2_PLACEMENT_3D ( 'NONE', #2675, #5462, #8248 ) ;
#5544 = CARTESIAN_POINT ( 'NONE',  ( -10.00000000000000000, 0.000000000000000000, 0.000000000000000000 ) ) ;
#5545 = DIRECTION ( 'NONE',  ( 1.000000000000000000, -8.322672134519886844E-17, 1.548185138417425419E-16 ) ) ;
#5546 = EDGE_CURVE ( 'NONE', #2837, #3676, #1801, .T. ) ;
#5547 = CIRCLE ( 'NONE', #186, 49.50000000000000711 ) ;
#5548 = ORIENTED_EDGE ( 'NONE', *, *, #2154, .T. ) ;
#5549 = CARTESIAN_POINT ( 'NONE',  ( 8.000000000000001776, 0.000000000000000000, 0.000000000000000000 ) ) ;
#5550 = CARTESIAN_POINT ( 'NONE',  ( 8.000000000000001776, 84.97308417750080878, -55.51601540423594372 ) ) ;
#5551 = AXIS2_PLACEMENT_3D ( 'NONE', #1434, #4201, #6996 ) ;
#5552 = AXIS2_PLACEMENT_3D ( 'NONE', #2731, #8302, #8166 ) ;
#5553 = ORIENTED_EDGE ( 'NONE', *, *, #8343, .F. ) ;
#5554 = AXIS2_PLACEMENT_3D ( 'NONE', #3811, #5724, #8551 ) ;
#5555 = DIRECTION ( 'NONE',  ( 0.000000000000000000, 0.7957618405308289899, 0.6056096871376707158 ) ) ;
#5556 = AXIS2_PLACEMENT_3D ( 'NONE', #8820, #8950, #581 ) ;
#5557 = LINE ( 'NONE', #8473, #2213 ) ;
#5558 = FACE_OUTER_BOUND ( 'NONE', #6082, .T. ) ;
#5559 = ORIENTED_EDGE ( 'NONE', *, *, #4205, .T. ) ;
#5560 = DIRECTION ( 'NONE',  ( 1.000000000000000000, 0.000000000000000000, 0.000000000000000000 ) ) ;
#5561 = EDGE_CURVE ( 'NONE', #4280, #2020, #4998, .T. ) ;
#5562 = ORIENTED_EDGE ( 'NONE', *, *, #2932, .F. ) ;
#5563 = PLANE ( 'NONE',  #2540 ) ;
#5564 = DIRECTION ( 'NONE',  ( 1.000000000000000000, 0.000000000000000000, 0.000000000000000000 ) ) ;
#5565 = CIRCLE ( 'NONE', #8773, 101.5010000000000048 ) ;
#5566 = VECTOR ( 'NONE', #2624, 1000.000000000000000 ) ;
#5567 = CARTESIAN_POINT ( 'NONE',  ( 4.000000000000000888, 82.87882909923183661, -50.39940165458637011 ) ) ;
#5568 = CYLINDRICAL_SURFACE ( 'NONE', #5011, 97.00000000000000000 ) ;
#5569 = ORIENTED_EDGE ( 'NONE', *, *, #1656, .F. ) ;
#5570 = CARTESIAN_POINT ( 'NONE',  ( 0.000000000000000000, -55.71933719032543308, -79.39997142991185797 ) ) ;
#5571 = CARTESIAN_POINT ( 'NONE',  ( 3.999999999999998224, 14.46627289076940492, -95.91520707713551985 ) ) ;
#5572 = ORIENTED_EDGE ( 'NONE', *, *, #3551, .T. ) ;
#5573 = DIRECTION ( 'NONE',  ( 0.000000000000000000, 0.9819286972627080390, -0.1892512443604031647 ) ) ;
#5574 = AXIS2_PLACEMENT_3D ( 'NONE', #7419, #6777, #5904 ) ;
#5575 = CARTESIAN_POINT ( 'NONE',  ( 8.000000000000001776, 0.000000000000000000, 0.000000000000000000 ) ) ;
#5576 = VERTEX_POINT ( 'NONE', #3147 ) ;
#5577 = DIRECTION ( 'NONE',  ( -1.000000000000000000, -0.000000000000000000, 0.000000000000000000 ) ) ;
#5578 = CYLINDRICAL_SURFACE ( 'NONE', #1385, 97.00000000000000000 ) ;
#5579 = ORIENTED_EDGE ( 'NONE', *, *, #3888, .T. ) ;
#5580 = ORIENTED_EDGE ( 'NONE', *, *, #5179, .F. ) ;
#5581 = AXIS2_PLACEMENT_3D ( 'NONE', #2203, #854, #219 ) ;
#5582 = DIRECTION ( 'NONE',  ( 0.000000000000000000, -0.9223542941045851373, 0.3863451256931197397 ) ) ;
#5583 = ORIENTED_EDGE ( 'NONE', *, *, #3647, .T. ) ;
#5584 = CIRCLE ( 'NONE', #4571, 49.50000000000001421 ) ;
#5585 = AXIS2_PLACEMENT_3D ( 'NONE', #496, #4575, #5265 ) ;
#5586 = CARTESIAN_POINT ( 'NONE',  ( 8.000000000000001776, 0.000000000000000000, 0.000000000000000000 ) ) ;
#5587 = DIRECTION ( 'NONE',  ( 0.000000000000000000, 0.000000000000000000, 1.000000000000000000 ) ) ;
#5588 = AXIS2_PLACEMENT_3D ( 'NONE', #3256, #3932, #5306 ) ;
#5589 = ORIENTED_EDGE ( 'NONE', *, *, #3757, .T. ) ;
#5590 = DIRECTION ( 'NONE',  ( -1.000000000000000000, -0.000000000000000000, 0.000000000000000000 ) ) ;
#5591 = CARTESIAN_POINT ( 'NONE',  ( 0.000000000000000000, 88.32304916852054077, -50.01491764039108290 ) ) ;
#5592 = ORIENTED_EDGE ( 'NONE', *, *, #5476, .F. ) ;
#5593 = DIRECTION ( 'NONE',  ( -1.000000000000000000, -0.000000000000000000, -0.000000000000000000 ) ) ;
#5594 = DIRECTION ( 'NONE',  ( 0.000000000000000000, 0.000000000000000000, 1.000000000000000000 ) ) ;
#5595 = AXIS2_PLACEMENT_3D ( 'NONE', #1441, #8236, #6179 ) ;
#5596 = AXIS2_PLACEMENT_3D ( 'NONE', #4923, #4240, #249 ) ;
#5597 = EDGE_CURVE ( 'NONE', #3939, #6686, #798, .T. ) ;
#5598 = EDGE_CURVE ( 'NONE', #40, #7527, #6612, .T. ) ;
#5599 = EDGE_LOOP ( 'NONE', ( #3029, #1836, #241, #7729 ) ) ;
#5600 = EDGE_CURVE ( 'NONE', #8476, #7997, #5928, .T. ) ;
#5601 = CARTESIAN_POINT ( 'NONE',  ( 8.000000000000001776, 0.000000000000000000, 0.000000000000000000 ) ) ;
#5602 = CARTESIAN_POINT ( 'NONE',  ( 8.000000000000001776, -47.59558639958063964, 80.80532565772975317 ) ) ;
#5603 = EDGE_LOOP ( 'NONE', ( #4484, #2157, #6452, #3384 ) ) ;
#5604 = CARTESIAN_POINT ( 'NONE',  ( 4.000000000000000888, -77.71277963783393261, -58.04932282948235667 ) ) ;
#5605 = EDGE_LOOP ( 'NONE', ( #7498, #1664, #90, #5859 ) ) ;
#5606 = AXIS2_PLACEMENT_3D ( 'NONE', #4741, #2089, #4870 ) ;
#5607 = CARTESIAN_POINT ( 'NONE',  ( 0.000000000000000000, 72.93103485162431809, -70.59403060083167247 ) ) ;
#5608 = DIRECTION ( 'NONE',  ( 1.000000000000000000, 0.000000000000000000, 0.000000000000000000 ) ) ;
#5609 = EDGE_CURVE ( 'NONE', #3395, #7244, #3871, .T. ) ;
#5610 = EDGE_CURVE ( 'NONE', #1774, #7379, #4409, .T. ) ;
#5611 = AXIS2_PLACEMENT_3D ( 'NONE', #2796, #2707, #8412 ) ;
#5612 = DIRECTION ( 'NONE',  ( -1.000000000000000000, 0.000000000000000000, -0.000000000000000000 ) ) ;
#5613 = DIRECTION ( 'NONE',  ( 1.000000000000000000, 0.000000000000000000, 0.000000000000000000 ) ) ;
#5614 = CARTESIAN_POINT ( 'NONE',  ( 0.000000000000000000, 0.000000000000000000, 0.000000000000000000 ) ) ;
#5615 = ORIENTED_EDGE ( 'NONE', *, *, #2922, .T. ) ;
#5616 = CARTESIAN_POINT ( 'NONE',  ( 0.000000000000000000, 85.79823873469557327, -54.23204985084175433 ) ) ;
#5617 = CARTESIAN_POINT ( 'NONE',  ( 0.000000000000000000, 0.000000000000000000, 0.000000000000000000 ) ) ;
#5618 = ORIENTED_EDGE ( 'NONE', *, *, #1815, .F. ) ;
#5619 = CARTESIAN_POINT ( 'NONE',  ( -10.00000000000000000, 0.000000000000000000, 0.000000000000000000 ) ) ;
#5620 = AXIS2_PLACEMENT_3D ( 'NONE', #8722, #7949, #7412 ) ;
#5621 = CARTESIAN_POINT ( 'NONE',  ( 8.000000000000001776, 93.94398484599103938, -38.43150676536383514 ) ) ;
#5622 = EDGE_LOOP ( 'NONE', ( #3605, #8045, #276, #7864 ) ) ;
#5623 = DIRECTION ( 'NONE',  ( -1.000000000000000000, -0.000000000000000000, -0.000000000000000000 ) ) ;
#5624 = LINE ( 'NONE', #4938, #3556 ) ;
#5625 = ORIENTED_EDGE ( 'NONE', *, *, #8394, .F. ) ;
#5626 = AXIS2_PLACEMENT_3D ( 'NONE', #1591, #7082, #709 ) ;
#5627 = VERTEX_POINT ( 'NONE', #5507 ) ;
#5628 = DIRECTION ( 'NONE',  ( 1.000000000000000000, 0.000000000000000000, 0.000000000000000000 ) ) ;
#5629 = ORIENTED_EDGE ( 'NONE', *, *, #7114, .T. ) ;
#5630 = CIRCLE ( 'NONE', #3592, 49.50000000000002132 ) ;
#5631 = DIRECTION ( 'NONE',  ( 0.000000000000000000, -0.9898214418809341275, 0.1423148382732756512 ) ) ;
#5632 = DIRECTION ( 'NONE',  ( -1.000000000000000000, -0.000000000000000000, 0.000000000000000000 ) ) ;
#5633 = ORIENTED_EDGE ( 'NONE', *, *, #7671, .T. ) ;
#5634 = CARTESIAN_POINT ( 'NONE',  ( 8.000000000000001776, -40.90272372289801694, -87.95434720380951887 ) ) ;
#5635 = EDGE_LOOP ( 'NONE', ( #7288, #3574, #7407, #4726 ) ) ;
#5636 = CIRCLE ( 'NONE', #1721, 49.50000000000003553 ) ;
#5637 = DIRECTION ( 'NONE',  ( 0.000000000000000000, 0.000000000000000000, -1.000000000000000000 ) ) ;
#5638 = DIRECTION ( 'NONE',  ( -1.000000000000000000, 0.000000000000000000, -0.000000000000000000 ) ) ;
#5639 = EDGE_CURVE ( 'NONE', #4889, #8561, #2036, .T. ) ;
#5640 = ORIENTED_EDGE ( 'NONE', *, *, #7709, .T. ) ;
#5641 = FACE_OUTER_BOUND ( 'NONE', #7279, .T. ) ;
#5642 = CYLINDRICAL_SURFACE ( 'NONE', #5180, 49.50000000000001421 ) ;
#5643 = ORIENTED_EDGE ( 'NONE', *, *, #3783, .T. ) ;
#5644 = CARTESIAN_POINT ( 'NONE',  ( 8.000000000000001776, 59.76508719630616184, -72.27015187329845958 ) ) ;
#5645 = ORIENTED_EDGE ( 'NONE', *, *, #1592, .F. ) ;
#5646 = CARTESIAN_POINT ( 'NONE',  ( 8.000000000000001776, 47.26197118536455832, -89.82627166187947410 ) ) ;
#5647 = DIRECTION ( 'NONE',  ( -1.000000000000000000, -0.000000000000000000, -0.000000000000000000 ) ) ;
#5648 = EDGE_CURVE ( 'NONE', #6937, #4786, #6932, .T. ) ;
#5649 = ADVANCED_FACE ( 'NONE', ( #5421 ), #2630, .F. ) ;
#5650 = CARTESIAN_POINT ( 'NONE',  ( 8.000000000000001776, -83.16889538622289990, -58.18408580733665758 ) ) ;
#5651 = DIRECTION ( 'NONE',  ( 0.000000000000000000, 0.5670598638627660781, 0.8236765814298359079 ) ) ;
#5652 = DIRECTION ( 'NONE',  ( 1.000000000000000000, 0.000000000000000000, 0.000000000000000000 ) ) ;
#5653 = AXIS2_PLACEMENT_3D ( 'NONE', #2458, #7849, #5792 ) ;
#5654 = ADVANCED_FACE ( 'NONE', ( #6845 ), #7491, .F. ) ;
#5655 = VERTEX_POINT ( 'NONE', #7531 ) ;
#5656 = CYLINDRICAL_SURFACE ( 'NONE', #5270, 97.00000000000000000 ) ;
#5657 = DIRECTION ( 'NONE',  ( 0.000000000000000000, -0.7126941713788689237, 0.7014748877063150534 ) ) ;
#5658 = ORIENTED_EDGE ( 'NONE', *, *, #4272, .F. ) ;
#5659 = EDGE_CURVE ( 'NONE', #6604, #8389, #8065, .T. ) ;
#5660 = DIRECTION ( 'NONE',  ( 1.000000000000000000, 0.000000000000000000, 0.000000000000000000 ) ) ;
#5661 = EDGE_CURVE ( 'NONE', #2236, #948, #6762, .T. ) ;
#5662 = VECTOR ( 'NONE', #4634, 1000.000000000000000 ) ;
#5663 = CARTESIAN_POINT ( 'NONE',  ( 0.000000000000000000, -96.75998376373412668, -6.819497198614368649 ) ) ;
#5664 = CARTESIAN_POINT ( 'NONE',  ( 8.000000000000000000, 117.2280138519631549, -33.14648933991709612 ) ) ;
#5665 = ORIENTED_EDGE ( 'NONE', *, *, #6173, .F. ) ;
#5666 = DIRECTION ( 'NONE',  ( -1.000000000000000000, -0.000000000000000000, 0.000000000000000000 ) ) ;
#5667 = CARTESIAN_POINT ( 'NONE',  ( 8.000000000000001776, -92.72829175089816545, -14.01086750818866378 ) ) ;
#5668 = ORIENTED_EDGE ( 'NONE', *, *, #1984, .F. ) ;
#5669 = VERTEX_POINT ( 'NONE', #8293 ) ;
#5670 = AXIS2_PLACEMENT_3D ( 'NONE', #5458, #8244, #6880 ) ;
#5671 = ADVANCED_FACE ( 'NONE', ( #3497 ), #567, .F. ) ;
#5672 = DIRECTION ( 'NONE',  ( 0.000000000000000000, -0.1892512443604030814, -0.9819286972627080390 ) ) ;
#5673 = ORIENTED_EDGE ( 'NONE', *, *, #2240, .F. ) ;
#5674 = CIRCLE ( 'NONE', #1750, 49.50000000000001421 ) ;
#5675 = DIRECTION ( 'NONE',  ( 0.000000000000000000, 0.000000000000000000, 1.000000000000000000 ) ) ;
#5676 = AXIS2_PLACEMENT_3D ( 'NONE', #6867, #4668, #1973 ) ;
#5677 = DIRECTION ( 'NONE',  ( 1.000000000000000000, 0.000000000000000000, 0.000000000000000000 ) ) ;
#5678 = VERTEX_POINT ( 'NONE', #4862 ) ;
#5679 = DIRECTION ( 'NONE',  ( -1.000000000000000000, -0.000000000000000000, -0.000000000000000000 ) ) ;
#5680 = VERTEX_POINT ( 'NONE', #1244 ) ;
#5681 = AXIS2_PLACEMENT_3D ( 'NONE', #3012, #5060, #3109 ) ;
#5682 = CYLINDRICAL_SURFACE ( 'NONE', #5445, 49.50000000000001421 ) ;
#5683 = CARTESIAN_POINT ( 'NONE',  ( 0.000000000000000000, 91.92809040966959344, -18.54903482673212523 ) ) ;
#5684 = ORIENTED_EDGE ( 'NONE', *, *, #3201, .T. ) ;
#5685 = CARTESIAN_POINT ( 'NONE',  ( 0.000000000000000000, 0.000000000000000000, 0.000000000000000000 ) ) ;
#5686 = AXIS2_PLACEMENT_3D ( 'NONE', #6460, #231, #2995 ) ;
#5687 = CARTESIAN_POINT ( 'NONE',  ( 8.000000000000001776, -31.44296371712121996, 88.35259210716742473 ) ) ;
#5688 = ORIENTED_EDGE ( 'NONE', *, *, #5884, .F. ) ;
#5689 = EDGE_CURVE ( 'NONE', #467, #2133, #3985, .T. ) ;
#5690 = CARTESIAN_POINT ( 'NONE',  ( 8.000000000000001776, -76.15177792364907816, -67.10707652749624685 ) ) ;
#5691 = ORIENTED_EDGE ( 'NONE', *, *, #2425, .T. ) ;
#5692 = LINE ( 'NONE', #5646, #4711 ) ;
#5693 = CARTESIAN_POINT ( 'NONE',  ( 8.000000000000001776, -82.97848981719934613, -43.69680454024813088 ) ) ;
#5694 = AXIS2_PLACEMENT_3D ( 'NONE', #3653, #353, #3021 ) ;
#5695 = AXIS2_PLACEMENT_3D ( 'NONE', #2190, #1515, #4970 ) ;
#5696 = CARTESIAN_POINT ( 'NONE',  ( 3.999999999999998224, -3.947223798554319707, -96.91965447876982864 ) ) ;
#5697 = CYLINDRICAL_SURFACE ( 'NONE', #4075, 49.50000000000001421 ) ;
#5698 = DIRECTION ( 'NONE',  ( -1.000000000000000000, 0.000000000000000000, 0.000000000000000000 ) ) ;
#5699 = EDGE_CURVE ( 'NONE', #7806, #5256, #6149, .T. ) ;
#5700 = ORIENTED_EDGE ( 'NONE', *, *, #5022, .T. ) ;
#5701 = CYLINDRICAL_SURFACE ( 'NONE', #8465, 97.00000000000000000 ) ;
#5702 = AXIS2_PLACEMENT_3D ( 'NONE', #1738, #8126, #7362 ) ;
#5703 = CYLINDRICAL_SURFACE ( 'NONE', #3020, 49.50000000000001421 ) ;
#5704 = ORIENTED_EDGE ( 'NONE', *, *, #6161, .T. ) ;
#5705 = PRODUCT ( 'ELP-0061', 'ELP-0061', '', ( #7963 ) ) ;
#5706 = CARTESIAN_POINT ( 'NONE',  ( -10.00000000000000000, 0.000000000000000000, 0.000000000000000000 ) ) ;
#5707 = EDGE_CURVE ( 'NONE', #8297, #4044, #4687, .T. ) ;
#5708 = CIRCLE ( 'NONE', #1214, 97.00000000000000000 ) ;
#5709 = DIRECTION ( 'NONE',  ( -1.000000000000000000, -0.000000000000000000, -0.000000000000000000 ) ) ;
#5710 = EDGE_CURVE ( 'NONE', #7753, #4796, #8978, .T. ) ;
#5711 = EDGE_CURVE ( 'NONE', #4861, #8576, #7060, .T. ) ;
#5712 = LINE ( 'NONE', #3024, #4857 ) ;
#5713 = ORIENTED_EDGE ( 'NONE', *, *, #4002, .T. ) ;
#5714 = ADVANCED_FACE ( 'NONE', ( #7615 ), #6804, .F. ) ;
#5715 = CARTESIAN_POINT ( 'NONE',  ( 0.000000000000000000, -92.36341720061190586, -29.63105065679767947 ) ) ;
#5716 = DIRECTION ( 'NONE',  ( -1.000000000000000000, 0.000000000000000000, 0.000000000000000000 ) ) ;
#5717 = ORIENTED_EDGE ( 'NONE', *, *, #6726, .T. ) ;
#5718 = ORIENTED_EDGE ( 'NONE', *, *, #4355, .T. ) ;
#5719 = CARTESIAN_POINT ( 'NONE',  ( 8.000000000000001776, -101.4712436262028632, 2.457583762924420601 ) ) ;
#5720 = VERTEX_POINT ( 'NONE', #3325 ) ;
#5721 = VECTOR ( 'NONE', #8046, 1000.000000000000000 ) ;
#5722 = EDGE_CURVE ( 'NONE', #577, #273, #4275, .T. ) ;
#5723 = VERTEX_POINT ( 'NONE', #6887 ) ;
#5724 = DIRECTION ( 'NONE',  ( -1.000000000000000000, -0.000000000000000000, -0.000000000000000000 ) ) ;
#5725 = ORIENTED_EDGE ( 'NONE', *, *, #879, .F. ) ;
#5726 = DIRECTION ( 'NONE',  ( -1.000000000000000000, -0.000000000000000000, 0.000000000000000000 ) ) ;
#5727 = DIRECTION ( 'NONE',  ( 0.000000000000000000, -0.03172793349807447733, 0.9994965423831848605 ) ) ;
#5728 = LINE ( 'NONE', #7746, #5731 ) ;
#5729 = CARTESIAN_POINT ( 'NONE',  ( 0.000000000000000000, 69.42802360460022726, -74.04189718908530438 ) ) ;
#5730 = VERTEX_POINT ( 'NONE', #653 ) ;
#5731 = VECTOR ( 'NONE', #6463, 1000.000000000000000 ) ;
#5732 = CARTESIAN_POINT ( 'NONE',  ( 4.000000000000000888, -70.66210574512419385, 66.45198877132941107 ) ) ;
#5733 = CYLINDRICAL_SURFACE ( 'NONE', #53, 101.5009999999999906 ) ;
#5734 = ORIENTED_EDGE ( 'NONE', *, *, #877, .T. ) ;
#5735 = DIRECTION ( 'NONE',  ( -1.000000000000000000, 0.000000000000000000, -0.000000000000000000 ) ) ;
#5736 = ORIENTED_EDGE ( 'NONE', *, *, #5808, .T. ) ;
#5737 = DIRECTION ( 'NONE',  ( 0.000000000000000000, 0.000000000000000000, 1.000000000000000000 ) ) ;
#5738 = LINE ( 'NONE', #3554, #6651 ) ;
#5739 = AXIS2_PLACEMENT_3D ( 'NONE', #8821, #1164, #4657 ) ;
#5740 = VECTOR ( 'NONE', #8987, 1000.000000000000000 ) ;
#5741 = CIRCLE ( 'NONE', #3853, 49.50000000000002842 ) ;
#5742 = ORIENTED_EDGE ( 'NONE', *, *, #720, .T. ) ;
#5743 = CARTESIAN_POINT ( 'NONE',  ( 8.000000000000001776, 0.000000000000000000, 0.000000000000000000 ) ) ;
#5744 = CYLINDRICAL_SURFACE ( 'NONE', #7563, 49.50000000000001421 ) ;
#5745 = CIRCLE ( 'NONE', #385, 97.00000000000000000 ) ;
#5746 = LINE ( 'NONE', #2914, #8816 ) ;
#5747 = ORIENTED_EDGE ( 'NONE', *, *, #6440, .T. ) ;
#5748 = ORIENTED_EDGE ( 'NONE', *, *, #655, .T. ) ;
#5749 = CARTESIAN_POINT ( 'NONE',  ( -10.00000000000000000, 0.000000000000000000, 0.000000000000000000 ) ) ;
#5750 = LINE ( 'NONE', #5797, #8409 ) ;
#5751 = ORIENTED_EDGE ( 'NONE', *, *, #450, .F. ) ;
#5752 = DIRECTION ( 'NONE',  ( 0.000000000000000000, 0.000000000000000000, -1.000000000000000000 ) ) ;
#5753 = EDGE_CURVE ( 'NONE', #7515, #4889, #6616, .T. ) ;
#5754 = CARTESIAN_POINT ( 'NONE',  ( 3.999999999999998224, -90.29814238342891031, 35.42944371708367157 ) ) ;
#5755 = CARTESIAN_POINT ( 'NONE',  ( 4.000000000000000888, -65.32250189068336965, -71.70753619210235286 ) ) ;
#5756 = VERTEX_POINT ( 'NONE', #8558 ) ;
#5757 = CYLINDRICAL_SURFACE ( 'NONE', #6163, 101.5009999999999906 ) ;
#5758 = PLANE ( 'NONE',  #4273 ) ;
#5759 = ORIENTED_EDGE ( 'NONE', *, *, #6890, .T. ) ;
#5760 = ORIENTED_EDGE ( 'NONE', *, *, #6341, .T. ) ;
#5761 = AXIS2_PLACEMENT_3D ( 'NONE', #1118, #3205, #7271 ) ;
#5762 = ORIENTED_EDGE ( 'NONE', *, *, #1237, .T. ) ;
#5763 = EDGE_CURVE ( 'NONE', #1968, #3443, #79, .T. ) ;
#5764 = EDGE_CURVE ( 'NONE', #7316, #4750, #517, .T. ) ;
#5765 = DIRECTION ( 'NONE',  ( -1.000000000000000000, -0.000000000000000000, 0.000000000000000000 ) ) ;
#5766 = CIRCLE ( 'NONE', #4754, 101.5010000000000048 ) ;
#5767 = CARTESIAN_POINT ( 'NONE',  ( 0.000000000000000000, 0.000000000000000000, 0.000000000000000000 ) ) ;
#5768 = ORIENTED_EDGE ( 'NONE', *, *, #1171, .T. ) ;
#5769 = LINE ( 'NONE', #6504, #7750 ) ;
#5770 = VERTEX_POINT ( 'NONE', #8509 ) ;
#5771 = ADVANCED_FACE ( 'NONE', ( #4907 ), #1539, .F. ) ;
#5772 = CARTESIAN_POINT ( 'NONE',  ( 8.000000000000001776, 0.000000000000000000, 0.000000000000000000 ) ) ;
#5773 = VERTEX_POINT ( 'NONE', #1629 ) ;
#5774 = FACE_OUTER_BOUND ( 'NONE', #2295, .T. ) ;
#5775 = EDGE_CURVE ( 'NONE', #469, #8338, #188, .T. ) ;
#5776 = DIRECTION ( 'NONE',  ( 1.000000000000000000, 0.000000000000000000, -0.000000000000000000 ) ) ;
#5777 = ADVANCED_FACE ( 'NONE', ( #2262 ), #1451, .F. ) ;
#5778 = AXIS2_PLACEMENT_3D ( 'NONE', #7573, #4735, #1149 ) ;
#5779 = ORIENTED_EDGE ( 'NONE', *, *, #7272, .T. ) ;
#5780 = DIRECTION ( 'NONE',  ( 1.000000000000000000, 0.000000000000000000, 0.000000000000000000 ) ) ;
#5781 = VECTOR ( 'NONE', #8531, 1000.000000000000000 ) ;
#5782 = FACE_OUTER_BOUND ( 'NONE', #7574, .T. ) ;
#5783 = CIRCLE ( 'NONE', #1853, 49.50000000000001421 ) ;
#5784 = ORIENTED_EDGE ( 'NONE', *, *, #1486, .T. ) ;
#5785 = DIRECTION ( 'NONE',  ( 0.000000000000000000, -0.4582265217274173463, 0.8888354486549198130 ) ) ;
#5786 = CARTESIAN_POINT ( 'NONE',  ( 8.000000000000001776, -92.72829175089816545, -14.01086750818866378 ) ) ;
#5787 = CARTESIAN_POINT ( 'NONE',  ( 3.999999999999998224, -11.41579842389697852, -96.32590277980763460 ) ) ;
#5788 = EDGE_CURVE ( 'NONE', #3395, #3628, #8217, .T. ) ;
#5789 = AXIS2_PLACEMENT_3D ( 'NONE', #658, #4276, #6979 ) ;
#5790 = ORIENTED_EDGE ( 'NONE', *, *, #2697, .F. ) ;
#5791 = CARTESIAN_POINT ( 'NONE',  ( 8.000000000000001776, -44.38817481231621542, -91.28057261997896887 ) ) ;
#5792 = DIRECTION ( 'NONE',  ( 0.000000000000000000, 0.000000000000000000, -1.000000000000000000 ) ) ;
#5793 = CARTESIAN_POINT ( 'NONE',  ( 0.000000000000000000, 53.17208785233799517, -81.12785633445055566 ) ) ;
#5794 = ORIENTED_EDGE ( 'NONE', *, *, #2467, .F. ) ;
#5795 = ORIENTED_EDGE ( 'NONE', *, *, #2574, .T. ) ;
#5796 = CARTESIAN_POINT ( 'NONE',  ( 16.50000000000000000, 0.000000000000000000, 0.000000000000000000 ) ) ;
#5797 = CARTESIAN_POINT ( 'NONE',  ( -101.9074929644522598, 112.4050519506655519, -24.29206240664194638 ) ) ;
#5798 = VERTEX_POINT ( 'NONE', #963 ) ;
#5799 = CARTESIAN_POINT ( 'NONE',  ( 0.000000000000000000, -96.99769385426560575, -0.6688699082529128148 ) ) ;
#5800 = CIRCLE ( 'NONE', #8871, 97.00000000000000000 ) ;
#5801 = CARTESIAN_POINT ( 'NONE',  ( 8.000000000000001776, -25.77599115522163231, 90.16894575926703226 ) ) ;
#5802 = DIRECTION ( 'NONE',  ( -1.000000000000000000, -0.000000000000000000, 0.000000000000000000 ) ) ;
#5803 = ORIENTED_EDGE ( 'NONE', *, *, #458, .F. ) ;
#5804 = LINE ( 'NONE', #7232, #2221 ) ;
#5805 = DIRECTION ( 'NONE',  ( -1.000000000000000000, -0.000000000000000000, -0.000000000000000000 ) ) ;
#5806 = ORIENTED_EDGE ( 'NONE', *, *, #1594, .F. ) ;
#5807 = ORIENTED_EDGE ( 'NONE', *, *, #6630, .T. ) ;
#5808 = EDGE_CURVE ( 'NONE', #8125, #7280, #7354, .T. ) ;
#5809 = AXIS2_PLACEMENT_3D ( 'NONE', #1598, #3739, #6568 ) ;
#5810 = ORIENTED_EDGE ( 'NONE', *, *, #1939, .F. ) ;
#5811 = APPLICATION_PROTOCOL_DEFINITION ( 'draft international standard', 'automotive_design', 1998, #7101 ) ;
#5812 = CARTESIAN_POINT ( 'NONE',  ( 8.000000000000001776, 0.000000000000000000, 0.000000000000000000 ) ) ;
#5813 = AXIS2_PLACEMENT_3D ( 'NONE', #1238, #1141, #515 ) ;
#5814 = ORIENTED_EDGE ( 'NONE', *, *, #3988, .T. ) ;
#5815 = FACE_OUTER_BOUND ( 'NONE', #6408, .T. ) ;
#5816 = CARTESIAN_POINT ( 'NONE',  ( 8.000000000000000000, 96.35576641085029337, -26.73229693121841777 ) ) ;
#5817 = ORIENTED_EDGE ( 'NONE', *, *, #2253, .T. ) ;
#5818 = EDGE_CURVE ( 'NONE', #7187, #144, #2306, .T. ) ;
#5819 = CYLINDRICAL_SURFACE ( 'NONE', #6724, 49.50000000000001421 ) ;
#5820 = ORIENTED_EDGE ( 'NONE', *, *, #3600, .T. ) ;
#5821 = DIRECTION ( 'NONE',  ( 0.000000000000000000, 0.000000000000000000, -1.000000000000000000 ) ) ;
#5822 = DIRECTION ( 'NONE',  ( 0.000000000000000000, -0.8497254299495081709, -0.5272254676105121440 ) ) ;
#5823 = CIRCLE ( 'NONE', #1175, 121.0000000000000284 ) ;
#5824 = AXIS2_PLACEMENT_3D ( 'NONE', #2702, #1935, #502 ) ;
#5825 = ORIENTED_EDGE ( 'NONE', *, *, #1535, .F. ) ;
#5826 = EDGE_CURVE ( 'NONE', #5274, #5678, #3990, .T. ) ;
#5827 = EDGE_CURVE ( 'NONE', #8503, #7375, #5728, .T. ) ;
#5828 = DIRECTION ( 'NONE',  ( -1.000000000000000000, -0.000000000000000000, 0.000000000000000000 ) ) ;
#5829 = ORIENTED_EDGE ( 'NONE', *, *, #3682, .F. ) ;
#5830 = EDGE_CURVE ( 'NONE', #8456, #3333, #2672, .T. ) ;
#5831 = CARTESIAN_POINT ( 'NONE',  ( 0.000000000000000000, -85.58284989173218094, -38.34600766417468520 ) ) ;
#5832 = ORIENTED_EDGE ( 'NONE', *, *, #7298, .F. ) ;
#5833 = DIRECTION ( 'NONE',  ( 0.000000000000000000, -0.5670598638627775134, 0.8236765814298280253 ) ) ;
#5834 = VECTOR ( 'NONE', #7091, 1000.000000000000000 ) ;
#5835 = PLANE ( 'NONE',  #2276 ) ;
#5836 = AXIS2_PLACEMENT_3D ( 'NONE', #8861, #5894, #1831 ) ;
#5837 = VECTOR ( 'NONE', #5924, 1000.000000000000000 ) ;
#5838 = VERTEX_POINT ( 'NONE', #7069 ) ;
#5839 = DIRECTION ( 'NONE',  ( 0.000000000000000000, 0.000000000000000000, 1.000000000000000000 ) ) ;
#5840 = EDGE_CURVE ( 'NONE', #2214, #5311, #5153, .T. ) ;
#5841 = DIRECTION ( 'NONE',  ( 1.000000000000000000, 0.000000000000000000, 0.000000000000000000 ) ) ;
#5842 = CARTESIAN_POINT ( 'NONE',  ( 0.000000000000000000, 89.06510829453070244, -48.68120258871506678 ) ) ;
#5843 = ORIENTED_EDGE ( 'NONE', *, *, #2253, .F. ) ;
#5844 = DIRECTION ( 'NONE',  ( 1.000000000000000000, -0.000000000000000000, -0.000000000000000000 ) ) ;
#5845 = DIRECTION ( 'NONE',  ( -1.000000000000000000, 0.000000000000000000, 0.000000000000000000 ) ) ;
#5846 = ORIENTED_EDGE ( 'NONE', *, *, #672, .T. ) ;
#5847 = CARTESIAN_POINT ( 'NONE',  ( 8.000000000000001776, -28.16188629056015102, -92.82191638054862892 ) ) ;
#5848 = AXIS2_PLACEMENT_3D ( 'NONE', #2076, #4860, #1410 ) ;
#5849 = CIRCLE ( 'NONE', #38, 49.50000000000002132 ) ;
#5850 = CIRCLE ( 'NONE', #8041, 49.50000000000001421 ) ;
#5851 = DIRECTION ( 'NONE',  ( 0.000000000000000000, 0.000000000000000000, -1.000000000000000000 ) ) ;
#5852 = AXIS2_PLACEMENT_3D ( 'NONE', #4631, #2579, #8360 ) ;
#5853 = CIRCLE ( 'NONE', #6581, 115.0000000000000142 ) ;
#5854 = LINE ( 'NONE', #4434, #6466 ) ;
#5855 = CIRCLE ( 'NONE', #7323, 49.50000000000002132 ) ;
#5856 = VERTEX_POINT ( 'NONE', #140 ) ;
#5857 = CARTESIAN_POINT ( 'NONE',  ( 0.000000000000000000, -14.15391040208089457, -92.70656567741883691 ) ) ;
#5858 = DIRECTION ( 'NONE',  ( -1.000000000000000000, -0.000000000000000000, 0.000000000000000000 ) ) ;
#5859 = ORIENTED_EDGE ( 'NONE', *, *, #4169, .T. ) ;
#5860 = ORIENTED_EDGE ( 'NONE', *, *, #8392, .F. ) ;
#5861 = EDGE_LOOP ( 'NONE', ( #532, #5911, #66, #4840 ) ) ;
#5862 = DIRECTION ( 'NONE',  ( 1.000000000000000000, 0.000000000000000000, 0.000000000000000000 ) ) ;
#5863 = ORIENTED_EDGE ( 'NONE', *, *, #4653, .T. ) ;
#5864 = DIRECTION ( 'NONE',  ( -1.000000000000000000, 0.000000000000000000, -0.000000000000000000 ) ) ;
#5865 = FACE_OUTER_BOUND ( 'NONE', #2252, .T. ) ;
#5866 = CIRCLE ( 'NONE', #1934, 97.00000000000000000 ) ;
#5867 = ORIENTED_EDGE ( 'NONE', *, *, #2832, .T. ) ;
#5868 = CYLINDRICAL_SURFACE ( 'NONE', #7309, 49.50000000000001421 ) ;
#5869 = ORIENTED_EDGE ( 'NONE', *, *, #678, .F. ) ;
#5870 = CARTESIAN_POINT ( 'NONE',  ( 16.50000000000000711, 97.87238061538435829, -18.86335522284969102 ) ) ;
#5871 = DIRECTION ( 'NONE',  ( 1.000000000000000000, 0.000000000000000000, 0.000000000000000000 ) ) ;
#5872 = AXIS2_PLACEMENT_3D ( 'NONE', #5449, #8235, #5528 ) ;
#5873 = ADVANCED_FACE ( 'NONE', ( #5774 ), #5042, .F. ) ;
#5874 = ORIENTED_EDGE ( 'NONE', *, *, #2754, .F. ) ;
#5875 = LINE ( 'NONE', #6468, #2649 ) ;
#5876 = CIRCLE ( 'NONE', #5294, 49.50000000000002842 ) ;
#5877 = ORIENTED_EDGE ( 'NONE', *, *, #3821, .F. ) ;
#5878 = DIRECTION ( 'NONE',  ( 0.000000000000000000, 0.000000000000000000, 1.000000000000000000 ) ) ;
#5879 = VERTEX_POINT ( 'NONE', #2899 ) ;
#5880 = DIRECTION ( 'NONE',  ( 0.000000000000000000, -0.3420201433256757073, 0.9396926207859058744 ) ) ;
#5881 = CARTESIAN_POINT ( 'NONE',  ( 0.000000000000000000, -84.03437208676349712, 56.92694712509519661 ) ) ;
#5882 = ADVANCED_FACE ( 'NONE', ( #281 ), #5682, .F. ) ;
#5883 = VECTOR ( 'NONE', #8537, 1000.000000000000000 ) ;
#5884 = EDGE_CURVE ( 'NONE', #6215, #8456, #6462, .T. ) ;
#5885 = ORIENTED_EDGE ( 'NONE', *, *, #8168, .F. ) ;
#5886 = DIRECTION ( 'NONE',  ( 0.000000000000000000, -0.9223542941045851373, 0.3863451256931196842 ) ) ;
#5887 = CARTESIAN_POINT ( 'NONE',  ( 0.000000000000000000, 0.000000000000000000, 0.000000000000000000 ) ) ;
#5888 = DIRECTION ( 'NONE',  ( 0.000000000000000000, 0.000000000000000000, 1.000000000000000000 ) ) ;
#5889 = ORIENTED_EDGE ( 'NONE', *, *, #2929, .F. ) ;
#5890 = DIRECTION ( 'NONE',  ( 1.000000000000000000, 0.000000000000000000, 0.000000000000000000 ) ) ;
#5891 = DIRECTION ( 'NONE',  ( 0.000000000000000000, -0.9788024462147806304, 0.2048066680651809690 ) ) ;
#5892 = VERTEX_POINT ( 'NONE', #3629 ) ;
#5893 = CIRCLE ( 'NONE', #1953, 101.5009999999999906 ) ;
#5894 = DIRECTION ( 'NONE',  ( 1.000000000000000000, 0.000000000000000000, 0.000000000000000000 ) ) ;
#5895 = ADVANCED_FACE ( 'NONE', ( #6412 ), #1578, .F. ) ;
#5896 = DIRECTION ( 'NONE',  ( 0.000000000000000000, -0.9450008187146715644, 0.3270679633174126133 ) ) ;
#5897 = EDGE_CURVE ( 'NONE', #1359, #2755, #223, .T. ) ;
#5898 = CIRCLE ( 'NONE', #4582, 49.50000000000002132 ) ;
#5899 = EDGE_CURVE ( 'NONE', #3624, #8075, #5584, .T. ) ;
#5900 = AXIS2_PLACEMENT_3D ( 'NONE', #436, #2369, #5979 ) ;
#5901 = CARTESIAN_POINT ( 'NONE',  ( 4.000000000000000888, -65.32250189068433599, 71.70753619210145757 ) ) ;
#5902 = DIRECTION ( 'NONE',  ( 0.000000000000000000, 0.000000000000000000, -1.000000000000000000 ) ) ;
#5903 = ORIENTED_EDGE ( 'NONE', *, *, #6457, .T. ) ;
#5904 = DIRECTION ( 'NONE',  ( 0.000000000000000000, 0.000000000000000000, 1.000000000000000000 ) ) ;
#5905 = CARTESIAN_POINT ( 'NONE',  ( 0.000000000000000000, 32.70524385948489510, -87.89315970804172196 ) ) ;
#5906 = ORIENTED_EDGE ( 'NONE', *, *, #6713, .F. ) ;
#5907 = ORIENTED_EDGE ( 'NONE', *, *, #8231, .F. ) ;
#5908 = CIRCLE ( 'NONE', #8374, 49.50000000000000711 ) ;
#5909 = ORIENTED_EDGE ( 'NONE', *, *, #8914, .T. ) ;
#5910 = DIRECTION ( 'NONE',  ( 0.000000000000000000, 0.000000000000000000, 1.000000000000000000 ) ) ;
#5911 = ORIENTED_EDGE ( 'NONE', *, *, #2767, .F. ) ;
#5912 = DIRECTION ( 'NONE',  ( -1.000000000000000000, -0.000000000000000000, -0.000000000000000000 ) ) ;
#5913 = CARTESIAN_POINT ( 'NONE',  ( 8.000000000000001776, -75.13411987488841248, -68.24453847470800838 ) ) ;
#5914 = VERTEX_POINT ( 'NONE', #7971 ) ;
#5915 = DIRECTION ( 'NONE',  ( -1.000000000000000000, 0.000000000000000000, -0.000000000000000000 ) ) ;
#5916 = VERTEX_POINT ( 'NONE', #420 ) ;
#5917 = DIRECTION ( 'NONE',  ( -1.000000000000000000, 0.000000000000000000, -0.000000000000000000 ) ) ;
#5918 = DIRECTION ( 'NONE',  ( 0.000000000000000000, 0.000000000000000000, 1.000000000000000000 ) ) ;
#5919 = VECTOR ( 'NONE', #729, 1000.000000000000000 ) ;
#5920 = ORIENTED_EDGE ( 'NONE', *, *, #6959, .T. ) ;
#5921 = DIRECTION ( 'NONE',  ( 0.000000000000000000, -0.9450008187146715644, 0.3270679633174126133 ) ) ;
#5922 = CARTESIAN_POINT ( 'NONE',  ( 8.000000000000001776, 3.646702112543261265, -93.70988241948700193 ) ) ;
#5923 = VERTEX_POINT ( 'NONE', #7339 ) ;
#5924 = DIRECTION ( 'NONE',  ( -1.000000000000000000, -0.000000000000000000, 0.000000000000000000 ) ) ;
#5925 = ORIENTED_EDGE ( 'NONE', *, *, #500, .F. ) ;
#5926 = VECTOR ( 'NONE', #1017, 1000.000000000000000 ) ;
#5927 = EDGE_CURVE ( 'NONE', #7105, #207, #5140, .T. ) ;
#5928 = LINE ( 'NONE', #4556, #7770 ) ;
#5929 = CARTESIAN_POINT ( 'NONE',  ( 8.000000000000001776, 81.55030435593896243, -46.30754105786039787 ) ) ;
#5930 = AXIS2_PLACEMENT_3D ( 'NONE', #5257, #7364, #8036 ) ;
#5931 = ORIENTED_EDGE ( 'NONE', *, *, #2362, .F. ) ;
#5932 = LINE ( 'NONE', #5205, #3496 ) ;
#5933 = DIRECTION ( 'NONE',  ( -1.000000000000000000, -0.000000000000000000, 0.000000000000000000 ) ) ;
#5934 = CARTESIAN_POINT ( 'NONE',  ( 4.000000000000000888, 59.27500417742437122, -76.78198929284343421 ) ) ;
#5935 = VERTEX_POINT ( 'NONE', #1006 ) ;
#5936 = DIRECTION ( 'NONE',  ( 0.000000000000000000, 0.000000000000000000, 1.000000000000000000 ) ) ;
#5937 = EDGE_CURVE ( 'NONE', #1971, #4698, #7202, .T. ) ;
#5938 = ORIENTED_EDGE ( 'NONE', *, *, #997, .T. ) ;
#5939 = DIRECTION ( 'NONE',  ( 1.000000000000000000, 0.000000000000000000, 0.000000000000000000 ) ) ;
#5940 = LINE ( 'NONE', #7777, #4025 ) ;
#5941 = ADVANCED_FACE ( 'NONE', ( #372 ), #3184, .F. ) ;
#5942 = AXIS2_PLACEMENT_3D ( 'NONE', #4405, #7204, #3724 ) ;
#5943 = DIRECTION ( 'NONE',  ( 0.000000000000000000, 0.7126941713788592647, 0.7014748877063247123 ) ) ;
#5944 = VECTOR ( 'NONE', #1011, 1000.000000000000000 ) ;
#5945 = CYLINDRICAL_SURFACE ( 'NONE', #5588, 49.50000000000001421 ) ;
#5946 = EDGE_CURVE ( 'NONE', #1858, #220, #667, .T. ) ;
#5947 = VERTEX_POINT ( 'NONE', #3817 ) ;
#5948 = FACE_OUTER_BOUND ( 'NONE', #8986, .T. ) ;
#5949 = ADVANCED_FACE ( 'NONE', ( #3769 ), #6599, .F. ) ;
#5950 = DIRECTION ( 'NONE',  ( -1.000000000000000000, -0.000000000000000000, -0.000000000000000000 ) ) ;
#5951 = ORIENTED_EDGE ( 'NONE', *, *, #8183, .T. ) ;
#5952 = ORIENTED_EDGE ( 'NONE', *, *, #3093, .T. ) ;
#5953 = ORIENTED_EDGE ( 'NONE', *, *, #1592, .T. ) ;
#5954 = CIRCLE ( 'NONE', #2446, 49.50000000000002132 ) ;
#5955 = CARTESIAN_POINT ( 'NONE',  ( 0.000000000000000000, 0.000000000000000000, -115.0000000000000142 ) ) ;
#5956 = VERTEX_POINT ( 'NONE', #6551 ) ;
#5957 = CARTESIAN_POINT ( 'NONE',  ( 8.000000000000001776, -79.31118670879922661, -63.34183975731988170 ) ) ;
#5958 = EDGE_CURVE ( 'NONE', #6335, #1446, #4852, .T. ) ;
#5959 = CARTESIAN_POINT ( 'NONE',  ( 0.000000000000000000, -83.16889538622369571, 58.18408580733549229 ) ) ;
#5960 = VERTEX_POINT ( 'NONE', #2488 ) ;
#5961 = CIRCLE ( 'NONE', #6386, 49.50000000000002132 ) ;
#5962 = DIRECTION ( 'NONE',  ( 0.000000000000000000, 0.1580013959733432838, 0.9874388886763952877 ) ) ;
#5963 = DIRECTION ( 'NONE',  ( -1.000000000000000000, -0.000000000000000000, -0.000000000000000000 ) ) ;
#5964 = CARTESIAN_POINT ( 'NONE',  ( 8.000000000000001776, 88.84034388607526012, -30.03720688705253394 ) ) ;
#5965 = ORIENTED_EDGE ( 'NONE', *, *, #442, .F. ) ;
#5966 = DIRECTION ( 'NONE',  ( -1.000000000000000000, 0.000000000000000000, -0.000000000000000000 ) ) ;
#5967 = DIRECTION ( 'NONE',  ( 0.000000000000000000, 0.000000000000000000, 1.000000000000000000 ) ) ;
#5968 = ORIENTED_EDGE ( 'NONE', *, *, #828, .F. ) ;
#5969 = VERTEX_POINT ( 'NONE', #8603 ) ;
#5970 = CARTESIAN_POINT ( 'NONE',  ( 0.000000000000000000, 17.08817225873055534, -92.21081752282461252 ) ) ;
#5971 = ORIENTED_EDGE ( 'NONE', *, *, #6685, .F. ) ;
#5972 = DIRECTION ( 'NONE',  ( -1.000000000000000000, 0.000000000000000000, -0.000000000000000000 ) ) ;
#5973 = DIRECTION ( 'NONE',  ( 0.000000000000000000, 0.000000000000000000, 1.000000000000000000 ) ) ;
#5974 = CIRCLE ( 'NONE', #8446, 97.00000000000000000 ) ;
#5975 = VERTEX_POINT ( 'NONE', #2350 ) ;
#5976 = ADVANCED_FACE ( 'NONE', ( #324 ), #3090, .T. ) ;
#5977 = DIRECTION ( 'NONE',  ( 0.000000000000000000, 0.000000000000000000, 1.000000000000000000 ) ) ;
#5978 = CARTESIAN_POINT ( 'NONE',  ( 8.000000000000001776, 59.49631672749161737, -82.23528012271863474 ) ) ;
#5979 = DIRECTION ( 'NONE',  ( 0.000000000000000000, 0.000000000000000000, 1.000000000000000000 ) ) ;
#5980 = ORIENTED_EDGE ( 'NONE', *, *, #1489, .F. ) ;
#5981 = CYLINDRICAL_SURFACE ( 'NONE', #6878, 49.50000000000001421 ) ;
#5982 = ORIENTED_EDGE ( 'NONE', *, *, #8231, .T. ) ;
#5983 = DIRECTION ( 'NONE',  ( 0.000000000000000000, -0.09505604330418981895, 0.9954719225730839227 ) ) ;
#5984 = DIRECTION ( 'NONE',  ( 0.000000000000000000, 0.000000000000000000, 1.000000000000000000 ) ) ;
#5985 = AXIS2_PLACEMENT_3D ( 'NONE', #4745, #8261, #664 ) ;
#5986 = VECTOR ( 'NONE', #3190, 1000.000000000000000 ) ;
#5987 = EDGE_CURVE ( 'NONE', #6536, #8127, #5305, .T. ) ;
#5988 = CARTESIAN_POINT ( 'NONE',  ( 8.000000000000001776, -101.4228187791121343, 3.983068151486413910 ) ) ;
#5989 = CARTESIAN_POINT ( 'NONE',  ( 0.000000000000000000, -87.47571382902562220, -51.48254549944491743 ) ) ;
#5990 = VERTEX_POINT ( 'NONE', #7910 ) ;
#5991 = CARTESIAN_POINT ( 'NONE',  ( 8.000000000000001776, -50.08817875965120692, -88.28152326246542714 ) ) ;
#5992 = DIRECTION ( 'NONE',  ( 0.000000000000000000, 0.000000000000000000, 1.000000000000000000 ) ) ;
#5993 = VERTEX_POINT ( 'NONE', #987 ) ;
#5994 = ORIENTED_EDGE ( 'NONE', *, *, #2754, .T. ) ;
#5995 = VERTEX_POINT ( 'NONE', #942 ) ;
#5996 = ADVANCED_FACE ( 'NONE', ( #4251 ), #307, .F. ) ;
#5997 = AXIS2_PLACEMENT_3D ( 'NONE', #8998, #80, #4841 ) ;
#5998 = EDGE_CURVE ( 'NONE', #320, #7676, #2333, .T. ) ;
#5999 = AXIS2_PLACEMENT_3D ( 'NONE', #6118, #2639, #1960 ) ;
#6000 = VECTOR ( 'NONE', #2212, 1000.000000000000000 ) ;
#6001 = EDGE_CURVE ( 'NONE', #811, #2730, #8651, .T. ) ;
#6002 = DIRECTION ( 'NONE',  ( -1.000000000000000000, 0.000000000000000000, 0.000000000000000000 ) ) ;
#6003 = ORIENTED_EDGE ( 'NONE', *, *, #3049, .T. ) ;
#6004 = DIRECTION ( 'NONE',  ( 1.000000000000000000, -1.090159848241243142E-16, 2.101110889278814005E-17 ) ) ;
#6005 = DIRECTION ( 'NONE',  ( -1.000000000000000000, -0.000000000000000000, -0.000000000000000000 ) ) ;
#6006 = EDGE_LOOP ( 'NONE', ( #7034, #3099, #684, #6702 ) ) ;
#6007 = FACE_OUTER_BOUND ( 'NONE', #3777, .T. ) ;
#6008 = CIRCLE ( 'NONE', #7737, 49.50000000000003553 ) ;
#6009 = CARTESIAN_POINT ( 'NONE',  ( 8.000000000000001776, -89.86545223748106537, -47.18742941878711150 ) ) ;
#6010 = CIRCLE ( 'NONE', #3243, 121.0000000000000284 ) ;
#6011 = ORIENTED_EDGE ( 'NONE', *, *, #6447, .F. ) ;
#6012 = EDGE_CURVE ( 'NONE', #8538, #1188, #7134, .T. ) ;
#6013 = EDGE_CURVE ( 'NONE', #1971, #8958, #1611, .T. ) ;
#6014 = CIRCLE ( 'NONE', #5430, 101.5009999999999906 ) ;
#6015 = DIRECTION ( 'NONE',  ( 0.000000000000000000, 0.000000000000000000, 1.000000000000000000 ) ) ;
#6016 = ORIENTED_EDGE ( 'NONE', *, *, #4770, .F. ) ;
#6017 = CARTESIAN_POINT ( 'NONE',  ( 8.000000000000001776, 0.000000000000000000, 0.000000000000000000 ) ) ;
#6018 = VERTEX_POINT ( 'NONE', #215 ) ;
#6019 = DIRECTION ( 'NONE',  ( -1.000000000000000000, 0.000000000000000000, -0.000000000000000000 ) ) ;
#6020 = DIRECTION ( 'NONE',  ( -1.000000000000000000, 0.000000000000000000, -0.000000000000000000 ) ) ;
#6021 = EDGE_LOOP ( 'NONE', ( #8380, #8800, #4622, #1745 ) ) ;
#6022 = AXIS2_PLACEMENT_3D ( 'NONE', #8076, #6706, #5200 ) ;
#6023 = DIRECTION ( 'NONE',  ( 0.000000000000000000, -0.6427876096865299260, -0.7660444431189858960 ) ) ;
#6024 = DIRECTION ( 'NONE',  ( 0.000000000000000000, 0.000000000000000000, 1.000000000000000000 ) ) ;
#6025 = LINE ( 'NONE', #5934, #5015 ) ;
#6026 = VERTEX_POINT ( 'NONE', #126 ) ;
#6027 = AXIS2_PLACEMENT_3D ( 'NONE', #3983, #6586, #5992 ) ;
#6028 = CARTESIAN_POINT ( 'NONE',  ( 8.000000000000001776, 67.30646547182186623, -65.30451902481296145 ) ) ;
#6029 = ORIENTED_EDGE ( 'NONE', *, *, #4814, .T. ) ;
#6030 = CARTESIAN_POINT ( 'NONE',  ( 8.000000000000001776, 69.42802360460022726, -74.04189718908530438 ) ) ;
#6031 = DIRECTION ( 'NONE',  ( 0.000000000000000000, 0.4582265217274053004, 0.8888354486549260303 ) ) ;
#6032 = AXIS2_PLACEMENT_3D ( 'NONE', #4311, #4404, #4222 ) ;
#6033 = CARTESIAN_POINT ( 'NONE',  ( 0.000000000000000000, -0.8473353394928665461, -101.4974631398363982 ) ) ;
#6034 = CIRCLE ( 'NONE', #4283, 101.5010000000000048 ) ;
#6035 = DIRECTION ( 'NONE',  ( 0.000000000000000000, 0.000000000000000000, -1.000000000000000000 ) ) ;
#6036 = ORIENTED_EDGE ( 'NONE', *, *, #1237, .F. ) ;
#6037 = DIRECTION ( 'NONE',  ( 0.000000000000000000, 0.000000000000000000, 1.000000000000000000 ) ) ;
#6038 = LINE ( 'NONE', #6635, #7499 ) ;
#6039 = ORIENTED_EDGE ( 'NONE', *, *, #2097, .T. ) ;
#6040 = ORIENTED_EDGE ( 'NONE', *, *, #3408, .T. ) ;
#6041 = EDGE_CURVE ( 'NONE', #1858, #4022, #8807, .T. ) ;
#6042 = ORIENTED_EDGE ( 'NONE', *, *, #2363, .F. ) ;
#6043 = AXIS2_PLACEMENT_3D ( 'NONE', #6296, #4287, #7084 ) ;
#6044 = PLANE ( 'NONE',  #5824 ) ;
#6045 = ORIENTED_EDGE ( 'NONE', *, *, #4853, .F. ) ;
#6046 = CARTESIAN_POINT ( 'NONE',  ( 0.000000000000000000, -2.373396018659039264, -101.4732476682333129 ) ) ;
#6047 = CARTESIAN_POINT ( 'NONE',  ( -10.00000000000000000, 0.000000000000000000, 0.000000000000000000 ) ) ;
#6048 = AXIS2_PLACEMENT_3D ( 'NONE', #8857, #2637, #6811 ) ;
#6049 = VERTEX_POINT ( 'NONE', #3568 ) ;
#6050 = DIRECTION ( 'NONE',  ( 1.000000000000000000, 0.000000000000000000, 0.000000000000000000 ) ) ;
#6051 = EDGE_CURVE ( 'NONE', #4551, #7375, #7207, .T. ) ;
#6052 = CARTESIAN_POINT ( 'NONE',  ( 0.000000000000000000, 0.000000000000000000, 0.000000000000000000 ) ) ;
#6053 = EDGE_LOOP ( 'NONE', ( #6974, #1280, #3135, #8496 ) ) ;
#6054 = EDGE_CURVE ( 'NONE', #613, #1830, #6351, .T. ) ;
#6055 = AXIS2_PLACEMENT_3D ( 'NONE', #5363, #1088, #8832 ) ;
#6056 = DIRECTION ( 'NONE',  ( 0.000000000000000000, -0.9898214418809340165, 0.1423148382732756512 ) ) ;
#6057 = EDGE_CURVE ( 'NONE', #4633, #6235, #4000, .T. ) ;
#6058 = DIRECTION ( 'NONE',  ( -1.000000000000000000, -0.000000000000000000, 0.000000000000000000 ) ) ;
#6059 = VERTEX_POINT ( 'NONE', #7092 ) ;
#6060 = EDGE_CURVE ( 'NONE', #130, #2020, #5712, .T. ) ;
#6061 = CYLINDRICAL_SURFACE ( 'NONE', #8700, 101.5009999999999906 ) ;
#6062 = DIRECTION ( 'NONE',  ( 0.000000000000000000, 0.000000000000000000, 1.000000000000000000 ) ) ;
#6063 = EDGE_CURVE ( 'NONE', #5231, #5627, #2534, .T. ) ;
#6064 = ORIENTED_EDGE ( 'NONE', *, *, #5987, .T. ) ;
#6065 = DIRECTION ( 'NONE',  ( -1.000000000000000000, 0.000000000000000000, -0.000000000000000000 ) ) ;
#6066 = DIRECTION ( 'NONE',  ( 1.000000000000000000, 0.000000000000000000, 0.000000000000000000 ) ) ;
#6067 = AXIS2_PLACEMENT_3D ( 'NONE', #1698, #4475, #5984 ) ;
#6068 = VERTEX_POINT ( 'NONE', #3704 ) ;
#6069 = DIRECTION ( 'NONE',  ( 0.000000000000000000, 0.000000000000000000, 1.000000000000000000 ) ) ;
#6070 = FACE_OUTER_BOUND ( 'NONE', #8831, .T. ) ;
#6071 = VERTEX_POINT ( 'NONE', #6395 ) ;
#6072 = CYLINDRICAL_SURFACE ( 'NONE', #3236, 49.50000000000001421 ) ;
#6073 = EDGE_CURVE ( 'NONE', #6253, #5274, #5854, .T. ) ;
#6074 = VERTEX_POINT ( 'NONE', #6491 ) ;
#6075 = FACE_OUTER_BOUND ( 'NONE', #7690, .T. ) ;
#6076 = DIRECTION ( 'NONE',  ( 1.000000000000000000, 0.000000000000000000, -0.000000000000000000 ) ) ;
#6077 = VECTOR ( 'NONE', #827, 1000.000000000000000 ) ;
#6078 = DIRECTION ( 'NONE',  ( -1.000000000000000000, -0.000000000000000000, -0.000000000000000000 ) ) ;
#6079 = AXIS2_PLACEMENT_3D ( 'NONE', #1740, #2603, #6672 ) ;
#6080 = DIRECTION ( 'NONE',  ( 1.000000000000000000, 0.000000000000000000, -0.000000000000000000 ) ) ;
#6081 = CIRCLE ( 'NONE', #8547, 49.50000000000002842 ) ;
#6082 = EDGE_LOOP ( 'NONE', ( #6227, #4492, #5522, #2319 ) ) ;
#6083 = DIRECTION ( 'NONE',  ( -1.000000000000000000, 0.000000000000000000, 0.000000000000000000 ) ) ;
#6084 = CARTESIAN_POINT ( 'NONE',  ( 8.000000000000001776, 0.000000000000000000, 0.000000000000000000 ) ) ;
#6085 = ORIENTED_EDGE ( 'NONE', *, *, #6442, .F. ) ;
#6086 = CIRCLE ( 'NONE', #570, 49.50000000000001421 ) ;
#6087 = ORIENTED_EDGE ( 'NONE', *, *, #4052, .F. ) ;
#6088 = DIRECTION ( 'NONE',  ( 1.000000000000000000, 0.000000000000000000, 0.000000000000000000 ) ) ;
#6089 = CARTESIAN_POINT ( 'NONE',  ( 8.000000000000001776, 90.56655692779558819, -24.34212943881589197 ) ) ;
#6090 = EDGE_CURVE ( 'NONE', #6127, #2919, #6034, .T. ) ;
#6091 = VERTEX_POINT ( 'NONE', #8634 ) ;
#6092 = CARTESIAN_POINT ( 'NONE',  ( 8.000000000000001776, -11.41579842389697852, -96.32590277980763460 ) ) ;
#6093 = LINE ( 'NONE', #3997, #953 ) ;
#6094 = VERTEX_POINT ( 'NONE', #3068 ) ;
#6095 = CARTESIAN_POINT ( 'NONE',  ( 4.000000000000000888, -89.80095471819224429, 36.67135846544525890 ) ) ;
#6096 = VERTEX_POINT ( 'NONE', #8491 ) ;
#6097 = CYLINDRICAL_SURFACE ( 'NONE', #741, 97.00000000000000000 ) ;
#6098 = AXIS2_PLACEMENT_3D ( 'NONE', #6621, #5107, #3787 ) ;
#6099 = EDGE_CURVE ( 'NONE', #5075, #783, #1563, .T. ) ;
#6100 = CARTESIAN_POINT ( 'NONE',  ( 8.000000000000001776, -20.04054408469180615, -99.50291248897954688 ) ) ;
#6101 = ORIENTED_EDGE ( 'NONE', *, *, #1380, .T. ) ;
#6102 = DIRECTION ( 'NONE',  ( 0.000000000000000000, -0.4582265217274173463, 0.8888354486549199240 ) ) ;
#6103 = LINE ( 'NONE', #2762, #1212 ) ;
#6104 = ORIENTED_EDGE ( 'NONE', *, *, #2480, .F. ) ;
#6105 = CARTESIAN_POINT ( 'NONE',  ( 8.000000000000001776, -47.59558639957950987, -80.80532565773040687 ) ) ;
#6106 = DIRECTION ( 'NONE',  ( 1.000000000000000000, 0.000000000000000000, 0.000000000000000000 ) ) ;
#6107 = AXIS2_PLACEMENT_3D ( 'NONE', #2493, #4006, #2538 ) ;
#6108 = EDGE_CURVE ( 'NONE', #4606, #2612, #2680, .T. ) ;
#6109 = EDGE_CURVE ( 'NONE', #6091, #7327, #3555, .T. ) ;
#6110 = ADVANCED_FACE ( 'NONE', ( #4616 ), #6775, .F. ) ;
#6111 = ORIENTED_EDGE ( 'NONE', *, *, #2476, .F. ) ;
#6112 = CYLINDRICAL_SURFACE ( 'NONE', #5058, 49.50000000000001421 ) ;
#6113 = EDGE_CURVE ( 'NONE', #8650, #4083, #1382, .T. ) ;
#6114 = CARTESIAN_POINT ( 'NONE',  ( -8.500000000000007105, 0.000000000000000000, 0.000000000000000000 ) ) ;
#6115 = CARTESIAN_POINT ( 'NONE',  ( 8.000000000000001776, 36.93615743614882518, -94.54191279454857977 ) ) ;
#6116 = ORIENTED_EDGE ( 'NONE', *, *, #6562, .F. ) ;
#6117 = AXIS2_PLACEMENT_3D ( 'NONE', #6404, #4534, #5910 ) ;
#6118 = CARTESIAN_POINT ( 'NONE',  ( 8.000000000000001776, 0.000000000000000000, 0.000000000000000000 ) ) ;
#6119 = ORIENTED_EDGE ( 'NONE', *, *, #4717, .F. ) ;
#6120 = CARTESIAN_POINT ( 'NONE',  ( 8.000000000000001776, 71.31282434913349277, -60.90420004171580359 ) ) ;
#6121 = CARTESIAN_POINT ( 'NONE',  ( 8.000000000000001776, 0.000000000000000000, 0.000000000000000000 ) ) ;
#6122 = VECTOR ( 'NONE', #8784, 1000.000000000000000 ) ;
#6123 = EDGE_CURVE ( 'NONE', #1004, #8996, #670, .T. ) ;
#6124 = DIRECTION ( 'NONE',  ( -1.000000000000000000, -0.000000000000000000, -0.000000000000000000 ) ) ;
#6125 = AXIS2_PLACEMENT_3D ( 'NONE', #8100, #6827, #683 ) ;
#6126 = DIRECTION ( 'NONE',  ( 0.000000000000000000, 0.6667690005162876243, 0.7452644496757582226 ) ) ;
#6127 = VERTEX_POINT ( 'NONE', #5989 ) ;
#6128 = DIRECTION ( 'NONE',  ( 0.000000000000000000, 0.5530558129870033479, -0.8331442058379118221 ) ) ;
#6129 = DIRECTION ( 'NONE',  ( 1.000000000000000000, 0.000000000000000000, 0.000000000000000000 ) ) ;
#6130 = EDGE_LOOP ( 'NONE', ( #3905, #2074, #8766, #8674 ) ) ;
#6131 = CYLINDRICAL_SURFACE ( 'NONE', #4356, 49.50000000000001421 ) ;
#6132 = CIRCLE ( 'NONE', #2341, 49.50000000000002132 ) ;
#6133 = DIRECTION ( 'NONE',  ( 0.000000000000000000, -0.9819286972627080390, 0.1892512443604030814 ) ) ;
#6134 = ORIENTED_EDGE ( 'NONE', *, *, #8005, .F. ) ;
#6135 = FACE_OUTER_BOUND ( 'NONE', #508, .T. ) ;
#6136 = CARTESIAN_POINT ( 'NONE',  ( 8.000000000000001776, 58.49791306659874124, -73.29962255171822960 ) ) ;
#6137 = ORIENTED_EDGE ( 'NONE', *, *, #8273, .F. ) ;
#6138 = ORIENTED_EDGE ( 'NONE', *, *, #7675, .F. ) ;
#6139 = CARTESIAN_POINT ( 'NONE',  ( 8.000000000000001776, -6.618087070103778835, -93.54700114329817495 ) ) ;
#6140 = AXIS2_PLACEMENT_3D ( 'NONE', #4427, #4292, #7270 ) ;
#6141 = ORIENTED_EDGE ( 'NONE', *, *, #1498, .T. ) ;
#6142 = VECTOR ( 'NONE', #6128, 1000.000000000000000 ) ;
#6143 = CARTESIAN_POINT ( 'NONE',  ( -101.9074929644522598, 0.000000000000000000, 0.000000000000000000 ) ) ;
#6144 = DIRECTION ( 'NONE',  ( 0.000000000000000000, -0.9450008187146716754, 0.3270679633174126688 ) ) ;
#6145 = VERTEX_POINT ( 'NONE', #2379 ) ;
#6146 = DIRECTION ( 'NONE',  ( 0.000000000000000000, -0.7126941713788688126, 0.7014748877063152754 ) ) ;
#6147 = FACE_OUTER_BOUND ( 'NONE', #5250, .T. ) ;
#6148 = ORIENTED_EDGE ( 'NONE', *, *, #3081, .F. ) ;
#6149 = LINE ( 'NONE', #60, #8643 ) ;
#6150 = LINE ( 'NONE', #7532, #566 ) ;
#6151 = ADVANCED_FACE ( 'NONE', ( #1702 ), #8726, .F. ) ;
#6152 = AXIS2_PLACEMENT_3D ( 'NONE', #8940, #5383, #8162 ) ;
#6153 = DIRECTION ( 'NONE',  ( -1.000000000000000000, -0.000000000000000000, -0.000000000000000000 ) ) ;
#6154 = DIRECTION ( 'NONE',  ( 0.000000000000000000, -0.6181589862206118280, 0.7860530947427821769 ) ) ;
#6155 = LINE ( 'NONE', #8941, #2990 ) ;
#6156 = VERTEX_POINT ( 'NONE', #3122 ) ;
#6157 = CARTESIAN_POINT ( 'NONE',  ( 0.000000000000000000, -35.47744648150409574, -86.81123942510967595 ) ) ;
#6158 = EDGE_LOOP ( 'NONE', ( #3638, #5807, #1784, #1411 ) ) ;
#6159 = DIRECTION ( 'NONE',  ( 1.000000000000000000, 0.000000000000000000, 0.000000000000000000 ) ) ;
#6160 = CYLINDRICAL_SURFACE ( 'NONE', #7240, 101.5009999999999906 ) ;
#6161 = EDGE_CURVE ( 'NONE', #8875, #480, #4480, .T. ) ;
#6162 = EDGE_CURVE ( 'NONE', #2777, #3799, #6723, .T. ) ;
#6163 = AXIS2_PLACEMENT_3D ( 'NONE', #6493, #5666, #7136 ) ;
#6164 = DIRECTION ( 'NONE',  ( 0.000000000000000000, 0.000000000000000000, 1.000000000000000000 ) ) ;
#6165 = DIRECTION ( 'NONE',  ( -1.000000000000000000, -0.000000000000000000, -0.000000000000000000 ) ) ;
#6166 = EDGE_CURVE ( 'NONE', #6527, #5838, #3129, .T. ) ;
#6167 = VERTEX_POINT ( 'NONE', #3298 ) ;
#6168 = DIRECTION ( 'NONE',  ( 0.000000000000000000, -0.7957618405308374276, 0.6056096871376596136 ) ) ;
#6169 = CARTESIAN_POINT ( 'NONE',  ( 8.000000000000001776, -39.68587278434580412, -88.51006440707588752 ) ) ;
#6170 = ORIENTED_EDGE ( 'NONE', *, *, #610, .F. ) ;
#6171 = AXIS2_PLACEMENT_3D ( 'NONE', #5549, #3365, #8888 ) ;
#6172 = EDGE_CURVE ( 'NONE', #1188, #5091, #492, .T. ) ;
#6173 = EDGE_CURVE ( 'NONE', #3311, #9007, #1812, .T. ) ;
#6174 = AXIS2_PLACEMENT_3D ( 'NONE', #7109, #3584, #5637 ) ;
#6175 = DIRECTION ( 'NONE',  ( -1.000000000000000000, -0.000000000000000000, -0.000000000000000000 ) ) ;
#6176 = DIRECTION ( 'NONE',  ( 0.000000000000000000, -0.5406408174555871193, -0.8412535328311878668 ) ) ;
#6177 = ORIENTED_EDGE ( 'NONE', *, *, #2976, .T. ) ;
#6178 = FACE_OUTER_BOUND ( 'NONE', #7440, .T. ) ;
#6179 = DIRECTION ( 'NONE',  ( 0.000000000000000000, 0.000000000000000000, 1.000000000000000000 ) ) ;
#6180 = VERTEX_POINT ( 'NONE', #4525 ) ;
#6181 = EDGE_LOOP ( 'NONE', ( #5559, #1602, #4375, #7581 ) ) ;
#6182 = CYLINDRICAL_SURFACE ( 'NONE', #1980, 49.50000000000001421 ) ;
#6183 = AXIS2_PLACEMENT_3D ( 'NONE', #6906, #1258, #8355 ) ;
#6184 = VERTEX_POINT ( 'NONE', #6679 ) ;
#6185 = CIRCLE ( 'NONE', #8372, 49.50000000000001421 ) ;
#6186 = AXIS2_PLACEMENT_3D ( 'NONE', #6494, #5858, #2382 ) ;
#6187 = AXIS2_PLACEMENT_3D ( 'NONE', #1556, #3691, #5062 ) ;
#6188 = LINE ( 'NONE', #3447, #7865 ) ;
#6189 = LINE ( 'NONE', #2717, #3829 ) ;
#6190 = ORIENTED_EDGE ( 'NONE', *, *, #4548, .F. ) ;
#6191 = CARTESIAN_POINT ( 'NONE',  ( 8.000000000000001776, -91.29328596891726022, -21.45638451298825800 ) ) ;
#6192 = DIRECTION ( 'NONE',  ( -1.000000000000000000, -0.000000000000000000, -0.000000000000000000 ) ) ;
#6193 = ORIENTED_EDGE ( 'NONE', *, *, #1430, .T. ) ;
#6194 = CARTESIAN_POINT ( 'NONE',  ( -8.499999999999998224, 93.94466582633351948, -18.10635024540808402 ) ) ;
#6195 = CARTESIAN_POINT ( 'NONE',  ( 0.000000000000000000, 0.000000000000000000, 0.000000000000000000 ) ) ;
#6196 = AXIS2_PLACEMENT_3D ( 'NONE', #7334, #3903, #2618 ) ;
#6197 = ORIENTED_EDGE ( 'NONE', *, *, #5220, .F. ) ;
#6198 = FACE_OUTER_BOUND ( 'NONE', #1595, .T. ) ;
#6199 = DIRECTION ( 'NONE',  ( -1.000000000000000000, -0.000000000000000000, -0.000000000000000000 ) ) ;
#6200 = CARTESIAN_POINT ( 'NONE',  ( -10.00000000000000000, 0.000000000000000000, 0.000000000000000000 ) ) ;
#6201 = ORIENTED_EDGE ( 'NONE', *, *, #829, .F. ) ;
#6202 = ADVANCED_FACE ( 'NONE', ( #1879 ), #1213, .F. ) ;
#6203 = DIRECTION ( 'NONE',  ( 0.000000000000000000, 0.000000000000000000, 1.000000000000000000 ) ) ;
#6204 = ORIENTED_EDGE ( 'NONE', *, *, #7298, .T. ) ;
#6205 = CIRCLE ( 'NONE', #5472, 49.50000000000001421 ) ;
#6206 = CARTESIAN_POINT ( 'NONE',  ( 8.000000000000001776, -62.07551835258968964, -80.30618296406137802 ) ) ;
#6207 = LINE ( 'NONE', #4652, #1550 ) ;
#6208 = AXIS2_PLACEMENT_3D ( 'NONE', #1461, #5564, #8522 ) ;
#6209 = CARTESIAN_POINT ( 'NONE',  ( 8.000000000000001776, -92.47033105578917400, -15.62300783474360877 ) ) ;
#6210 = FACE_OUTER_BOUND ( 'NONE', #6053, .T. ) ;
#6211 = VERTEX_POINT ( 'NONE', #5218 ) ;
#6212 = ADVANCED_FACE ( 'NONE', ( #3980 ), #5945, .F. ) ;
#6213 = DIRECTION ( 'NONE',  ( 0.000000000000000000, 0.000000000000000000, 1.000000000000000000 ) ) ;
#6214 = DIRECTION ( 'NONE',  ( 0.000000000000000000, 0.000000000000000000, 1.000000000000000000 ) ) ;
#6215 = VERTEX_POINT ( 'NONE', #7996 ) ;
#6216 = CARTESIAN_POINT ( 'NONE',  ( 8.000000000000001776, -0.8473353394928665461, -101.4974631398363982 ) ) ;
#6217 = AXIS2_PLACEMENT_3D ( 'NONE', #8710, #7890, #2453 ) ;
#6218 = EDGE_CURVE ( 'NONE', #742, #7990, #3851, .T. ) ;
#6219 = DIRECTION ( 'NONE',  ( -1.000000000000000000, 0.000000000000000000, -0.000000000000000000 ) ) ;
#6220 = CIRCLE ( 'NONE', #3451, 101.5009999999999906 ) ;
#6221 = EDGE_CURVE ( 'NONE', #8195, #6145, #81, .T. ) ;
#6222 = EDGE_CURVE ( 'NONE', #8015, #858, #4572, .T. ) ;
#6223 = VECTOR ( 'NONE', #7297, 1000.000000000000000 ) ;
#6224 = VERTEX_POINT ( 'NONE', #2009 ) ;
#6225 = DIRECTION ( 'NONE',  ( -1.000000000000000000, -0.000000000000000000, 0.000000000000000000 ) ) ;
#6226 = CARTESIAN_POINT ( 'NONE',  ( 0.000000000000000000, -50.08817875965120692, -88.28152326246542714 ) ) ;
#6227 = ORIENTED_EDGE ( 'NONE', *, *, #7111, .T. ) ;
#6228 = VERTEX_POINT ( 'NONE', #6820 ) ;
#6229 = CARTESIAN_POINT ( 'NONE',  ( 8.000000000000001776, -93.43022383455237900, 8.101467373084391355 ) ) ;
#6230 = ORIENTED_EDGE ( 'NONE', *, *, #957, .T. ) ;
#6231 = VECTOR ( 'NONE', #6328, 1000.000000000000000 ) ;
#6232 = ADVANCED_FACE ( 'NONE', ( #6210 ), #5568, .F. ) ;
#6233 = FACE_OUTER_BOUND ( 'NONE', #1575, .T. ) ;
#6234 = CARTESIAN_POINT ( 'NONE',  ( 8.000000000000001776, 17.08817225873055534, -92.21081752282461252 ) ) ;
#6235 = VERTEX_POINT ( 'NONE', #4112 ) ;
#6236 = FACE_OUTER_BOUND ( 'NONE', #183, .T. ) ;
#6237 = CARTESIAN_POINT ( 'NONE',  ( 8.443460248972526121E-15, 100.8977962754999709, -3.166008196913421280 ) ) ;
#6238 = CARTESIAN_POINT ( 'NONE',  ( 8.000000000000001776, -47.59558639958063964, 80.80532565772975317 ) ) ;
#6239 = LINE ( 'NONE', #4952, #6077 ) ;
#6240 = AXIS2_PLACEMENT_3D ( 'NONE', #8970, #7559, #3575 ) ;
#6241 = ORIENTED_EDGE ( 'NONE', *, *, #6362, .T. ) ;
#6242 = LINE ( 'NONE', #4099, #5217 ) ;
#6243 = CARTESIAN_POINT ( 'NONE',  ( 0.000000000000000000, 0.000000000000000000, 0.000000000000000000 ) ) ;
#6244 = DIRECTION ( 'NONE',  ( 0.000000000000000000, 0.000000000000000000, 1.000000000000000000 ) ) ;
#6245 = VERTEX_POINT ( 'NONE', #4880 ) ;
#6246 = CARTESIAN_POINT ( 'NONE',  ( 0.000000000000000000, 63.40761948437956619, -79.25860705515920301 ) ) ;
#6247 = VERTEX_POINT ( 'NONE', #8907 ) ;
#6248 = VECTOR ( 'NONE', #1826, 1000.000000000000000 ) ;
#6249 = DIRECTION ( 'NONE',  ( 0.000000000000000000, -0.7126941713788689237, 0.7014748877063150534 ) ) ;
#6250 = CARTESIAN_POINT ( 'NONE',  ( 0.000000000000000000, -77.71277963783474263, 58.04932282948126954 ) ) ;
#6251 = CARTESIAN_POINT ( 'NONE',  ( 0.000000000000000000, 0.000000000000000000, 0.000000000000000000 ) ) ;
#6252 = CYLINDRICAL_SURFACE ( 'NONE', #818, 101.5009999999999906 ) ;
#6253 = VERTEX_POINT ( 'NONE', #712 ) ;
#6254 = DIRECTION ( 'NONE',  ( 1.000000000000000000, 0.000000000000000000, 0.000000000000000000 ) ) ;
#6255 = DIRECTION ( 'NONE',  ( 0.000000000000000000, 0.5530558129869671546, -0.8331442058379358029 ) ) ;
#6256 = EDGE_LOOP ( 'NONE', ( #5863, #4288, #1914, #8963 ) ) ;
#6257 = FACE_OUTER_BOUND ( 'NONE', #4357, .T. ) ;
#6258 = VECTOR ( 'NONE', #8378, 1000.000000000000000 ) ;
#6259 = CARTESIAN_POINT ( 'NONE',  ( 0.000000000000000000, -95.63804952087187417, -33.99730114057967256 ) ) ;
#6260 = ORIENTED_EDGE ( 'NONE', *, *, #7724, .F. ) ;
#6261 = CARTESIAN_POINT ( 'NONE',  ( 8.000000000000001776, -75.13411987488933619, 68.24453847470698520 ) ) ;
#6262 = DIRECTION ( 'NONE',  ( -1.000000000000000000, -0.000000000000000000, -0.000000000000000000 ) ) ;
#6263 = ORIENTED_EDGE ( 'NONE', *, *, #8330, .T. ) ;
#6264 = CIRCLE ( 'NONE', #4364, 49.50000000000002132 ) ;
#6265 = DIRECTION ( 'NONE',  ( -1.000000000000000000, -0.000000000000000000, 0.000000000000000000 ) ) ;
#6266 = EDGE_CURVE ( 'NONE', #1797, #1346, #4426, .T. ) ;
#6267 = ORIENTED_EDGE ( 'NONE', *, *, #936, .F. ) ;
#6268 = EDGE_CURVE ( 'NONE', #3676, #5357, #5163, .T. ) ;
#6269 = AXIS2_PLACEMENT_3D ( 'NONE', #5007, #7933, #7256 ) ;
#6270 = EDGE_CURVE ( 'NONE', #2302, #3729, #2829, .T. ) ;
#6271 = DIRECTION ( 'NONE',  ( 0.000000000000000000, 0.000000000000000000, 1.000000000000000000 ) ) ;
#6272 = DIRECTION ( 'NONE',  ( 1.000000000000000000, 0.000000000000000000, 0.000000000000000000 ) ) ;
#6273 = ORIENTED_EDGE ( 'NONE', *, *, #6166, .T. ) ;
#6274 = CARTESIAN_POINT ( 'NONE',  ( 0.000000000000000000, 21.31551331143050021, -91.32627985219771460 ) ) ;
#6275 = CARTESIAN_POINT ( 'NONE',  ( 0.000000000000000000, 0.000000000000000000, 0.000000000000000000 ) ) ;
#6276 = CIRCLE ( 'NONE', #1909, 49.50000000000000711 ) ;
#6277 = ORIENTED_EDGE ( 'NONE', *, *, #6955, .F. ) ;
#6278 = CARTESIAN_POINT ( 'NONE',  ( 8.000000000000001776, -90.20860519332357796, 25.63684942512978537 ) ) ;
#6279 = EDGE_CURVE ( 'NONE', #5576, #5026, #951, .T. ) ;
#6280 = VECTOR ( 'NONE', #7584, 1000.000000000000000 ) ;
#6281 = DIRECTION ( 'NONE',  ( 1.000000000000000000, 0.000000000000000000, 0.000000000000000000 ) ) ;
#6282 = EDGE_CURVE ( 'NONE', #2121, #2017, #8657, .T. ) ;
#6283 = ORIENTED_EDGE ( 'NONE', *, *, #6615, .F. ) ;
#6284 = CARTESIAN_POINT ( 'NONE',  ( 8.000000000000001776, -50.57129872908485169, -82.77405236457654780 ) ) ;
#6285 = CIRCLE ( 'NONE', #2351, 101.5010000000000048 ) ;
#6286 = CARTESIAN_POINT ( 'NONE',  ( -8.499999999999994671, 96.35576641085029337, -26.73229693121841777 ) ) ;
#6287 = FACE_OUTER_BOUND ( 'NONE', #4733, .T. ) ;
#6288 = ORIENTED_EDGE ( 'NONE', *, *, #430, .T. ) ;
#6289 = DIRECTION ( 'NONE',  ( -1.000000000000000000, 0.000000000000000000, -0.000000000000000000 ) ) ;
#6290 = EDGE_LOOP ( 'NONE', ( #5779, #6116, #7483, #7871 ) ) ;
#6291 = FACE_OUTER_BOUND ( 'NONE', #6519, .T. ) ;
#6292 = DIRECTION ( 'NONE',  ( 1.000000000000000000, 0.000000000000000000, 0.000000000000000000 ) ) ;
#6293 = AXIS2_PLACEMENT_3D ( 'NONE', #7393, #5149, #2450 ) ;
#6294 = CIRCLE ( 'NONE', #2354, 97.00000000000000000 ) ;
#6295 = CYLINDRICAL_SURFACE ( 'NONE', #6708, 101.5009999999999906 ) ;
#6296 = CARTESIAN_POINT ( 'NONE',  ( 8.000000000000001776, -31.44296371712121996, 88.35259210716742473 ) ) ;
#6297 = AXIS2_PLACEMENT_3D ( 'NONE', #602, #5459, #5283 ) ;
#6298 = ORIENTED_EDGE ( 'NONE', *, *, #374, .F. ) ;
#6299 = CARTESIAN_POINT ( 'NONE',  ( 8.000000000000001776, -14.15391040208089457, -92.70656567741883691 ) ) ;
#6300 = DIRECTION ( 'NONE',  ( 0.000000000000000000, 0.000000000000000000, 1.000000000000000000 ) ) ;
#6301 = VERTEX_POINT ( 'NONE', #4749 ) ;
#6302 = CARTESIAN_POINT ( 'NONE',  ( 3.999999999999998224, -28.16188629056015102, -92.82191638054862892 ) ) ;
#6303 = VECTOR ( 'NONE', #5072, 1000.000000000000000 ) ;
#6304 = DIRECTION ( 'NONE',  ( 1.000000000000000000, 0.000000000000000000, 0.000000000000000000 ) ) ;
#6305 = AXIS2_PLACEMENT_3D ( 'NONE', #2867, #2359, #5737 ) ;
#6306 = EDGE_LOOP ( 'NONE', ( #5994, #6550, #7265, #3227 ) ) ;
#6307 = DIRECTION ( 'NONE',  ( -1.000000000000000000, -0.000000000000000000, -0.000000000000000000 ) ) ;
#6308 = DIRECTION ( 'NONE',  ( -1.000000000000000000, -0.000000000000000000, -0.000000000000000000 ) ) ;
#6309 = ORIENTED_EDGE ( 'NONE', *, *, #2363, .T. ) ;
#6310 = ORIENTED_EDGE ( 'NONE', *, *, #3163, .T. ) ;
#6311 = EDGE_CURVE ( 'NONE', #7856, #8289, #2387, .T. ) ;
#6312 = CARTESIAN_POINT ( 'NONE',  ( 8.000000000000001776, -95.11823470135402658, 19.01371681965760629 ) ) ;
#6313 = VERTEX_POINT ( 'NONE', #3512 ) ;
#6314 = AXIS2_PLACEMENT_3D ( 'NONE', #1722, #1763, #7295 ) ;
#6315 = CARTESIAN_POINT ( 'NONE',  ( 16.50000000000000711, 93.94466582633351948, -18.10635024540808047 ) ) ;
#6316 = EDGE_CURVE ( 'NONE', #207, #4417, #7506, .T. ) ;
#6317 = AXIS2_PLACEMENT_3D ( 'NONE', #7674, #3383, #4152 ) ;
#6318 = ORIENTED_EDGE ( 'NONE', *, *, #8806, .T. ) ;
#6319 = EDGE_CURVE ( 'NONE', #4345, #1446, #2241, .T. ) ;
#6320 = DIRECTION ( 'NONE',  ( 0.000000000000000000, 0.000000000000000000, 1.000000000000000000 ) ) ;
#6321 = ORIENTED_EDGE ( 'NONE', *, *, #5040, .T. ) ;
#6322 = DIRECTION ( 'NONE',  ( 0.000000000000000000, 0.000000000000000000, 1.000000000000000000 ) ) ;
#6323 = CYLINDRICAL_SURFACE ( 'NONE', #7684, 49.50000000000001421 ) ;
#6324 = AXIS2_PLACEMENT_3D ( 'NONE', #3198, #8763, #5343 ) ;
#6325 = EDGE_CURVE ( 'NONE', #4527, #8289, #1299, .T. ) ;
#6326 = APPLICATION_CONTEXT ( 'automotive_design' ) ;
#6327 = ORIENTED_EDGE ( 'NONE', *, *, #3105, .T. ) ;
#6328 = DIRECTION ( 'NONE',  ( 1.000000000000000000, -0.000000000000000000, -0.000000000000000000 ) ) ;
#6329 = EDGE_CURVE ( 'NONE', #7806, #2582, #5893, .T. ) ;
#6330 = ADVANCED_FACE ( 'NONE', ( #8952 ), #2695, .F. ) ;
#6331 = DIRECTION ( 'NONE',  ( -1.000000000000000000, -0.000000000000000000, 0.000000000000000000 ) ) ;
#6332 = CYLINDRICAL_SURFACE ( 'NONE', #2553, 101.5009999999999906 ) ;
#6333 = ORIENTED_EDGE ( 'NONE', *, *, #932, .F. ) ;
#6334 = DIRECTION ( 'NONE',  ( -1.000000000000000000, -0.000000000000000000, -0.000000000000000000 ) ) ;
#6335 = VERTEX_POINT ( 'NONE', #5478 ) ;
#6336 = AXIS2_PLACEMENT_3D ( 'NONE', #3547, #7663, #745 ) ;
#6337 = DIRECTION ( 'NONE',  ( 1.000000000000000000, 0.000000000000000000, 0.000000000000000000 ) ) ;
#6338 = LINE ( 'NONE', #5057, #3732 ) ;
#6339 = AXIS2_PLACEMENT_3D ( 'NONE', #8786, #4671, #3996 ) ;
#6340 = CARTESIAN_POINT ( 'NONE',  ( 0.000000000000000000, -97.60174128166896423, 27.86311360537725434 ) ) ;
#6341 = EDGE_CURVE ( 'NONE', #923, #7251, #2739, .T. ) ;
#6342 = CARTESIAN_POINT ( 'NONE',  ( 8.000000000000001776, 93.64022849477200339, 5.133040699097722204 ) ) ;
#6343 = DIRECTION ( 'NONE',  ( 1.000000000000000000, 0.000000000000000000, 0.000000000000000000 ) ) ;
#6344 = ORIENTED_EDGE ( 'NONE', *, *, #7012, .T. ) ;
#6345 = FACE_OUTER_BOUND ( 'NONE', #5603, .T. ) ;
#6346 = CARTESIAN_POINT ( 'NONE',  ( 8.000000000000001776, -83.16889538622369571, 58.18408580733549229 ) ) ;
#6347 = ORIENTED_EDGE ( 'NONE', *, *, #3536, .T. ) ;
#6348 = DIRECTION ( 'NONE',  ( 0.000000000000000000, 0.7126941713788592647, 0.7014748877063247123 ) ) ;
#6349 = VECTOR ( 'NONE', #6076, 1000.000000000000000 ) ;
#6350 = CYLINDRICAL_SURFACE ( 'NONE', #7143, 49.50000000000001421 ) ;
#6351 = LINE ( 'NONE', #3660, #1521 ) ;
#6352 = VERTEX_POINT ( 'NONE', #4792 ) ;
#6353 = DIRECTION ( 'NONE',  ( -1.000000000000000000, 0.000000000000000000, 0.000000000000000000 ) ) ;
#6354 = DIRECTION ( 'NONE',  ( 0.000000000000000000, 0.000000000000000000, -1.000000000000000000 ) ) ;
#6355 = ORIENTED_EDGE ( 'NONE', *, *, #996, .T. ) ;
#6356 = AXIS2_PLACEMENT_3D ( 'NONE', #5693, #6424, #6379 ) ;
#6357 = ORIENTED_EDGE ( 'NONE', *, *, #6172, .F. ) ;
#6358 = DIRECTION ( 'NONE',  ( -1.000000000000000000, 0.000000000000000000, -0.000000000000000000 ) ) ;
#6359 = VERTEX_POINT ( 'NONE', #7586 ) ;
#6360 = AXIS2_PLACEMENT_3D ( 'NONE', #121, #7129, #6436 ) ;
#6361 = VECTOR ( 'NONE', #5508, 1000.000000000000000 ) ;
#6362 = EDGE_CURVE ( 'NONE', #7430, #4015, #3559, .T. ) ;
#6363 = DIRECTION ( 'NONE',  ( 0.000000000000000000, -0.9988673391830072967, -0.04758191582375291551 ) ) ;
#6364 = DIRECTION ( 'NONE',  ( 1.000000000000000000, 0.000000000000000000, 0.000000000000000000 ) ) ;
#6365 = ORIENTED_EDGE ( 'NONE', *, *, #3478, .F. ) ;
#6366 = FACE_OUTER_BOUND ( 'NONE', #2207, .T. ) ;
#6367 = ORIENTED_EDGE ( 'NONE', *, *, #2976, .F. ) ;
#6368 = AXIS2_PLACEMENT_3D ( 'NONE', #740, #6281, #1452 ) ;
#6369 = DIRECTION ( 'NONE',  ( 0.000000000000000000, 0.000000000000000000, 1.000000000000000000 ) ) ;
#6370 = DIRECTION ( 'NONE',  ( 0.000000000000000000, -0.2817325568414371095, 0.9594929736144952592 ) ) ;
#6371 = ORIENTED_EDGE ( 'NONE', *, *, #2593, .T. ) ;
#6372 = AXIS2_PLACEMENT_3D ( 'NONE', #5295, #1151, #3919 ) ;
#6373 = DIRECTION ( 'NONE',  ( 0.000000000000000000, 0.000000000000000000, -1.000000000000000000 ) ) ;
#6374 = ORIENTED_EDGE ( 'NONE', *, *, #1108, .T. ) ;
#6375 = DIRECTION ( 'NONE',  ( 0.000000000000000000, 0.000000000000000000, -1.000000000000000000 ) ) ;
#6376 = EDGE_LOOP ( 'NONE', ( #5747, #3995, #8930, #8641 ) ) ;
#6377 = DIRECTION ( 'NONE',  ( 1.000000000000000000, 0.000000000000000000, 0.000000000000000000 ) ) ;
#6378 = EDGE_CURVE ( 'NONE', #1774, #2508, #3470, .T. ) ;
#6379 = DIRECTION ( 'NONE',  ( 0.000000000000000000, -0.8325698546347760631, 0.5539200638661030407 ) ) ;
#6380 = ADVANCED_FACE ( 'NONE', ( #4836 ), #6252, .F. ) ;
#6381 = EDGE_CURVE ( 'NONE', #1250, #6492, #3276, .T. ) ;
#6382 = EDGE_CURVE ( 'NONE', #3177, #6530, #5745, .T. ) ;
#6383 = CYLINDRICAL_SURFACE ( 'NONE', #6428, 49.50000000000001421 ) ;
#6384 = FACE_OUTER_BOUND ( 'NONE', #6814, .T. ) ;
#6385 = LINE ( 'NONE', #5108, #2549 ) ;
#6386 = AXIS2_PLACEMENT_3D ( 'NONE', #8856, #5467, #2597 ) ;
#6387 = EDGE_LOOP ( 'NONE', ( #5063, #2357, #7437, #5503 ) ) ;
#6388 = CARTESIAN_POINT ( 'NONE',  ( 8.000000000000001776, 31.09275556449043876, -91.88166602433180685 ) ) ;
#6389 = DIRECTION ( 'NONE',  ( 1.000000000000000000, 0.000000000000000000, 0.000000000000000000 ) ) ;
#6390 = ORIENTED_EDGE ( 'NONE', *, *, #7296, .F. ) ;
#6391 = LINE ( 'NONE', #2374, #8463 ) ;
#6392 = EDGE_CURVE ( 'NONE', #3608, #366, #2145, .T. ) ;
#6393 = CIRCLE ( 'NONE', #4502, 101.5009999999999906 ) ;
#6394 = FACE_OUTER_BOUND ( 'NONE', #3947, .T. ) ;
#6395 = CARTESIAN_POINT ( 'NONE',  ( 8.000000000000001776, -73.87460308289878697, -62.86129985407686149 ) ) ;
#6396 = ORIENTED_EDGE ( 'NONE', *, *, #5561, .F. ) ;
#6397 = CARTESIAN_POINT ( 'NONE',  ( 4.000000000000000888, 68.51814608921604588, -68.66049560334423063 ) ) ;
#6398 = CARTESIAN_POINT ( 'NONE',  ( 3.999999999999998224, -85.08657671802340872, -46.57547060855014820 ) ) ;
#6399 = ORIENTED_EDGE ( 'NONE', *, *, #2591, .F. ) ;
#6400 = ORIENTED_EDGE ( 'NONE', *, *, #4704, .F. ) ;
#6401 = AXIS2_PLACEMENT_3D ( 'NONE', #1130, #6002, #365 ) ;
#6402 = CARTESIAN_POINT ( 'NONE',  ( 0.000000000000000000, 112.4050519506655519, -24.29206240664194638 ) ) ;
#6403 = ORIENTED_EDGE ( 'NONE', *, *, #998, .T. ) ;
#6404 = CARTESIAN_POINT ( 'NONE',  ( -10.00000000000000000, 0.000000000000000000, 0.000000000000000000 ) ) ;
#6405 = AXIS2_PLACEMENT_3D ( 'NONE', #4162, #1562, #2746 ) ;
#6406 = ORIENTED_EDGE ( 'NONE', *, *, #8512, .F. ) ;
#6407 = CARTESIAN_POINT ( 'NONE',  ( 3.999999999999998224, -96.84482846637756381, 5.484450685155628946 ) ) ;
#6408 = EDGE_LOOP ( 'NONE', ( #133, #2824, #7900, #698 ) ) ;
#6409 = CARTESIAN_POINT ( 'NONE',  ( 8.000000000000001776, 58.25306790625216280, -83.12059360056071000 ) ) ;
#6410 = CARTESIAN_POINT ( 'NONE',  ( 8.000000000000001776, -83.72661252417977096, 42.24564894279136951 ) ) ;
#6411 = AXIS2_PLACEMENT_3D ( 'NONE', #201, #3831, #7897 ) ;
#6412 = FACE_OUTER_BOUND ( 'NONE', #1182, .T. ) ;
#6413 = CARTESIAN_POINT ( 'NONE',  ( 8.000000000000001776, 84.32312297300096304, -41.04206904448000159 ) ) ;
#6414 = VERTEX_POINT ( 'NONE', #4330 ) ;
#6415 = DIRECTION ( 'NONE',  ( 0.000000000000000000, -0.5406408174555868973, -0.8412535328311878668 ) ) ;
#6416 = AXIS2_PLACEMENT_3D ( 'NONE', #5772, #5679, #138 ) ;
#6417 = VECTOR ( 'NONE', #7547, 1000.000000000000000 ) ;
#6418 = CYLINDRICAL_SURFACE ( 'NONE', #1072, 49.50000000000001421 ) ;
#6419 = ORIENTED_EDGE ( 'NONE', *, *, #3219, .F. ) ;
#6420 = FACE_OUTER_BOUND ( 'NONE', #6432, .T. ) ;
#6421 = ORIENTED_EDGE ( 'NONE', *, *, #321, .F. ) ;
#6422 = EDGE_CURVE ( 'NONE', #3823, #6301, #8228, .T. ) ;
#6423 = DIRECTION ( 'NONE',  ( 0.000000000000000000, 0.000000000000000000, 1.000000000000000000 ) ) ;
#6424 = DIRECTION ( 'NONE',  ( 1.000000000000000000, 0.000000000000000000, 0.000000000000000000 ) ) ;
#6425 = AXIS2_PLACEMENT_3D ( 'NONE', #2298, #5765, #8642 ) ;
#6426 = CIRCLE ( 'NONE', #4108, 101.5009999999999906 ) ;
#6427 = AXIS2_PLACEMENT_3D ( 'NONE', #1573, #6595, #6458 ) ;
#6428 = AXIS2_PLACEMENT_3D ( 'NONE', #6209, #1425, #8306 ) ;
#6429 = DIRECTION ( 'NONE',  ( -1.000000000000000000, -0.000000000000000000, 0.000000000000000000 ) ) ;
#6430 = CYLINDRICAL_SURFACE ( 'NONE', #6043, 49.50000000000001421 ) ;
#6431 = ORIENTED_EDGE ( 'NONE', *, *, #7337, .T. ) ;
#6432 = EDGE_LOOP ( 'NONE', ( #3046, #4310, #239, #7557 ) ) ;
#6433 = FACE_OUTER_BOUND ( 'NONE', #4331, .T. ) ;
#6434 = ADVANCED_FACE ( 'NONE', ( #4967 ), #7126, .F. ) ;
#6435 = AXIS2_PLACEMENT_3D ( 'NONE', #794, #3005, #8475 ) ;
#6436 = DIRECTION ( 'NONE',  ( 0.000000000000000000, 0.000000000000000000, -1.000000000000000000 ) ) ;
#6437 = ORIENTED_EDGE ( 'NONE', *, *, #1171, .F. ) ;
#6438 = VECTOR ( 'NONE', #3003, 1000.000000000000000 ) ;
#6439 = FACE_OUTER_BOUND ( 'NONE', #1042, .T. ) ;
#6440 = EDGE_CURVE ( 'NONE', #6352, #1179, #6385, .T. ) ;
#6441 = DIRECTION ( 'NONE',  ( 0.000000000000000000, -0.6900790114821030441, -0.7237340381050786364 ) ) ;
#6442 = EDGE_CURVE ( 'NONE', #3537, #4397, #8370, .T. ) ;
#6443 = DIRECTION ( 'NONE',  ( -0.000000000000000000, 0.000000000000000000, -1.000000000000000000 ) ) ;
#6444 = ADVANCED_FACE ( 'NONE', ( #1599 ), #4373, .F. ) ;
#6445 = ORIENTED_EDGE ( 'NONE', *, *, #1140, .T. ) ;
#6446 = DIRECTION ( 'NONE',  ( 1.000000000000000000, -0.000000000000000000, 0.000000000000000000 ) ) ;
#6447 = EDGE_CURVE ( 'NONE', #4828, #898, #6925, .T. ) ;
#6448 = DIRECTION ( 'NONE',  ( -1.000000000000000000, -0.000000000000000000, -0.000000000000000000 ) ) ;
#6449 = ORIENTED_EDGE ( 'NONE', *, *, #3044, .F. ) ;
#6450 = AXIS2_PLACEMENT_3D ( 'NONE', #4164, #2110, #8277 ) ;
#6451 = ORIENTED_EDGE ( 'NONE', *, *, #1920, .T. ) ;
#6452 = ORIENTED_EDGE ( 'NONE', *, *, #5054, .F. ) ;
#6453 = AXIS2_PLACEMENT_3D ( 'NONE', #1590, #6472, #6423 ) ;
#6454 = DIRECTION ( 'NONE',  ( -1.000000000000000000, 0.000000000000000000, 0.000000000000000000 ) ) ;
#6456 = ORIENTED_EDGE ( 'NONE', *, *, #6843, .F. ) ;
#6455 = CIRCLE ( 'NONE', #3119, 101.5009999999999906 ) ;
#6457 = EDGE_CURVE ( 'NONE', #7392, #7851, #3604, .T. ) ;
#6458 = DIRECTION ( 'NONE',  ( 0.000000000000000000, 0.5530558129870033479, -0.8331442058379118221 ) ) ;
#6459 = ORIENTED_EDGE ( 'NONE', *, *, #6490, .F. ) ;
#6460 = CARTESIAN_POINT ( 'NONE',  ( 8.000000000000001776, 63.02908721345282572, -69.44187975862016060 ) ) ;
#6461 = ORIENTED_EDGE ( 'NONE', *, *, #1933, .F. ) ;
#6462 = CIRCLE ( 'NONE', #3842, 101.5010000000000048 ) ;
#6463 = DIRECTION ( 'NONE',  ( -1.000000000000000000, 0.000000000000000000, 0.000000000000000000 ) ) ;
#6464 = DIRECTION ( 'NONE',  ( 0.000000000000000000, 0.000000000000000000, 1.000000000000000000 ) ) ;
#6465 = ORIENTED_EDGE ( 'NONE', *, *, #3804, .T. ) ;
#6466 = VECTOR ( 'NONE', #169, 1000.000000000000000 ) ;
#6467 = DIRECTION ( 'NONE',  ( 0.000000000000000000, -0.6427876096865300370, -0.7660444431189858960 ) ) ;
#6468 = CARTESIAN_POINT ( 'NONE',  ( 16.50000000000000711, 100.8977962754999709, -3.166008196913418615 ) ) ;
#6469 = VERTEX_POINT ( 'NONE', #157 ) ;
#6470 = CARTESIAN_POINT ( 'NONE',  ( 8.000000000000001776, -92.67733574038412314, 41.39280663429486395 ) ) ;
#6471 = ORIENTED_EDGE ( 'NONE', *, *, #503, .T. ) ;
#6472 = DIRECTION ( 'NONE',  ( -1.000000000000000000, -0.000000000000000000, 0.000000000000000000 ) ) ;
#6473 = LINE ( 'NONE', #2503, #409 ) ;
#6474 = VECTOR ( 'NONE', #6080, 1000.000000000000000 ) ;
#6475 = AXIS2_PLACEMENT_3D ( 'NONE', #8087, #5302, #621 ) ;
#6476 = VERTEX_POINT ( 'NONE', #7899 ) ;
#6477 = EDGE_CURVE ( 'NONE', #427, #1795, #4430, .T. ) ;
#6478 = CARTESIAN_POINT ( 'NONE',  ( 0.000000000000000000, 88.59223732086695691, -39.50209471006806439 ) ) ;
#6479 = CARTESIAN_POINT ( 'NONE',  ( -10.00000000000000000, 0.000000000000000000, 0.000000000000000000 ) ) ;
#6480 = AXIS2_PLACEMENT_3D ( 'NONE', #8983, #7622, #5511 ) ;
#6481 = CARTESIAN_POINT ( 'NONE',  ( -10.00000000000000000, 0.000000000000000000, 0.000000000000000000 ) ) ;
#6482 = ORIENTED_EDGE ( 'NONE', *, *, #6676, .T. ) ;
#6483 = ORIENTED_EDGE ( 'NONE', *, *, #4004, .T. ) ;
#6484 = CARTESIAN_POINT ( 'NONE',  ( 0.000000000000000000, 43.56873479101130187, -83.04580572239774483 ) ) ;
#6485 = DIRECTION ( 'NONE',  ( -1.000000000000000000, 0.000000000000000000, -0.000000000000000000 ) ) ;
#6486 = ORIENTED_EDGE ( 'NONE', *, *, #6073, .F. ) ;
#6487 = DIRECTION ( 'NONE',  ( 0.000000000000000000, 0.5136773915734013096, 0.8579834132349800635 ) ) ;
#6488 = CIRCLE ( 'NONE', #2397, 49.50000000000002842 ) ;
#6489 = DIRECTION ( 'NONE',  ( 0.000000000000000000, 0.000000000000000000, 1.000000000000000000 ) ) ;
#6490 = EDGE_CURVE ( 'NONE', #5838, #98, #6782, .T. ) ;
#6491 = CARTESIAN_POINT ( 'NONE',  ( 0.000000000000000000, -56.13571807399382863, 84.56497003675387703 ) ) ;
#6492 = VERTEX_POINT ( 'NONE', #5793 ) ;
#6493 = CARTESIAN_POINT ( 'NONE',  ( 8.000000000000001776, 0.000000000000000000, 0.000000000000000000 ) ) ;
#6494 = CARTESIAN_POINT ( 'NONE',  ( 8.000000000000001776, -83.72661252417977096, 42.24564894279136951 ) ) ;
#6495 = ORIENTED_EDGE ( 'NONE', *, *, #6123, .F. ) ;
#6496 = ORIENTED_EDGE ( 'NONE', *, *, #5101, .T. ) ;
#6497 = AXIS2_PLACEMENT_3D ( 'NONE', #4107, #5390, #4746 ) ;
#6498 = ORIENTED_EDGE ( 'NONE', *, *, #7781, .F. ) ;
#6499 = EDGE_CURVE ( 'NONE', #1795, #7571, #5746, .T. ) ;
#6500 = ADVANCED_FACE ( 'NONE', ( #7717 ), #6430, .F. ) ;
#6501 = CARTESIAN_POINT ( 'NONE',  ( 8.000000000000001776, 77.26155120828794054, -65.82632988317901379 ) ) ;
#6502 = EDGE_LOOP ( 'NONE', ( #1568, #7127, #5860, #2578 ) ) ;
#6503 = CARTESIAN_POINT ( 'NONE',  ( 8.000000000000001776, -8.804448712013826395, -101.1184191128278940 ) ) ;
#6504 = CARTESIAN_POINT ( 'NONE',  ( 8.000000000000001776, -101.4712436262028348, -2.457583762925791948 ) ) ;
#6505 = ORIENTED_EDGE ( 'NONE', *, *, #3889, .F. ) ;
#6506 = CARTESIAN_POINT ( 'NONE',  ( 8.000000000000001776, 0.000000000000000000, 0.000000000000000000 ) ) ;
#6507 = ORIENTED_EDGE ( 'NONE', *, *, #3156, .T. ) ;
#6508 = DIRECTION ( 'NONE',  ( -1.000000000000000000, 0.000000000000000000, 0.000000000000000000 ) ) ;
#6509 = AXIS2_PLACEMENT_3D ( 'NONE', #519, #2415, #1322 ) ;
#6510 = CARTESIAN_POINT ( 'NONE',  ( 8.000000000000001776, 0.000000000000000000, 0.000000000000000000 ) ) ;
#6511 = ADVANCED_FACE ( 'NONE', ( #74 ), #8482, .F. ) ;
#6512 = ORIENTED_EDGE ( 'NONE', *, *, #2592, .F. ) ;
#6513 = DIRECTION ( 'NONE',  ( -1.000000000000000000, -0.000000000000000000, -0.000000000000000000 ) ) ;
#6514 = AXIS2_PLACEMENT_3D ( 'NONE', #4377, #7175, #3018 ) ;
#6515 = LINE ( 'NONE', #3047, #5566 ) ;
#6516 = CIRCLE ( 'NONE', #4906, 101.5010000000000048 ) ;
#6517 = ORIENTED_EDGE ( 'NONE', *, *, #1701, .T. ) ;
#6518 = DIRECTION ( 'NONE',  ( 0.000000000000000000, 0.000000000000000000, 1.000000000000000000 ) ) ;
#6519 = EDGE_LOOP ( 'NONE', ( #3238, #2064, #2817, #2439 ) ) ;
#6520 = CARTESIAN_POINT ( 'NONE',  ( 0.000000000000000000, -89.80095471819224429, 36.67135846544525890 ) ) ;
#6521 = DIRECTION ( 'NONE',  ( 0.000000000000000000, -0.8814533634475764101, -0.4722710747726931446 ) ) ;
#6522 = CIRCLE ( 'NONE', #5789, 97.00000000000000000 ) ;
#6523 = ORIENTED_EDGE ( 'NONE', *, *, #1323, .F. ) ;
#6524 = DIRECTION ( 'NONE',  ( -1.000000000000000000, 0.000000000000000000, 0.000000000000000000 ) ) ;
#6525 = DIRECTION ( 'NONE',  ( -1.000000000000000000, -0.000000000000000000, 0.000000000000000000 ) ) ;
#6526 = CARTESIAN_POINT ( 'NONE',  ( 0.000000000000000000, -75.13411987488841248, -68.24453847470800838 ) ) ;
#6527 = VERTEX_POINT ( 'NONE', #5016 ) ;
#6528 = DIRECTION ( 'NONE',  ( 0.000000000000000000, -0.9718115683235390989, -0.2357589355094378836 ) ) ;
#6529 = DIRECTION ( 'NONE',  ( -1.000000000000000000, -0.000000000000000000, -0.000000000000000000 ) ) ;
#6530 = VERTEX_POINT ( 'NONE', #7805 ) ;
#6531 = CLOSED_SHELL ( 'NONE', ( #4501, #7891, #1807, #3992, #6202, #7738, #4259, #7958, #2046, #6833, #777, #7014, #4214, #6232, #1394, #6722, #4707, #7906, #1462, #1593, #1764, #2908, #2259, #4768, #7459, #889, #6772, #4532, #1643, #8905, #2643, #7730, #8068, #268, #387, #7456, #7121, #3106, #1972, #5332, #3759, #4727, #3427, #1654, #35, #3770, #6110, #8782, #6618, #6560, #2821, #6330, #6444, #3322, #8553, #7881, #2715, #1743, #2139, #6839, #1274, #7768, #7123, #2849, #3875, #7388, #5080, #3174, #3220, #2031, #501, #5654, #4076, #7469, #1876, #5117, #6500, #5873, #3104, #6511, #2766, #2265, #7239, #8007, #6671, #5714, #7464, #4423, #4937, #2872, #4835, #1475, #576, #8665, #3832, #3518, #7164, #2152, #2701, #4927, #4045, #7670, #7934, #2962, #3162, #162, #445, #7227, #7078, #5895, #3541, #4824, #3487, #7727, #6661, #8902, #7067, #5389, #785, #8354, #2859, #5671, #7180, #2545, #5381, #8999, #1814, #868, #5444, #5001, #196, #5152, #8595, #2655, #4614, #5996, #1886, #8836, #7231, #7153, #3706, #5499, #4809, #1874, #5228, #5539, #2543, #5649, #67, #8499, #7283, #5882, #8445, #6380, #3949, #2303, #4110, #5777, #2414, #2296, #3989, #6735, #7570, #1160, #2987, #4153, #2309, #3864, #3212, #2870, #7895, #591, #3703, #8500, #4158, #2201, #2428, #2687, #5941, #6794, #8336, #8432, #4204, #6962, #213, #4432, #5328, #5392, #3693, #2704, #1051, #4329, #4301, #8679, #8675, #4877, #3284, #1106, #3120, #7596, #7779, #543, #6212, #5487, #8737, #4265, #5525, #946, #1632, #5771, #3666, #7349, #820, #6606, #1287, #1038, #5227, #1277, #1985, #3874, #3357, #5949, #1086, #3038, #225, #2364, #6852, #7683, #6434, #6989, #7461, #668, #1373, #6151, #4979, #113, #4318, #400, #3329, #4138, #8181, #8101, #8605, #4603, #3159, #2179, #8544, #5275, #3601, #3275, #8794, #5976, #1865, #112, #841, #6913, #4369, #7984, #1364 ) ) ;
#6532 = CARTESIAN_POINT ( 'NONE',  ( 8.000000000000001776, -38.50943535154166852, -93.91206732846121952 ) ) ;
#6533 = CIRCLE ( 'NONE', #5370, 97.00000000000000000 ) ;
#6534 = CARTESIAN_POINT ( 'NONE',  ( 8.000000000000001776, -0.8473353394928665461, -101.4974631398363982 ) ) ;
#6535 = DIRECTION ( 'NONE',  ( 1.000000000000000000, 0.000000000000000000, -0.000000000000000000 ) ) ;
#6536 = VERTEX_POINT ( 'NONE', #202 ) ;
#6537 = LINE ( 'NONE', #6397, #4261 ) ;
#6538 = CARTESIAN_POINT ( 'NONE',  ( 0.000000000000000000, 0.000000000000000000, 0.000000000000000000 ) ) ;
#6539 = ORIENTED_EDGE ( 'NONE', *, *, #7790, .T. ) ;
#6540 = ORIENTED_EDGE ( 'NONE', *, *, #5609, .T. ) ;
#6541 = AXIS2_PLACEMENT_3D ( 'NONE', #8481, #6133, #2231 ) ;
#6542 = EDGE_LOOP ( 'NONE', ( #3941, #1229, #2384, #6982 ) ) ;
#6543 = DIRECTION ( 'NONE',  ( -1.000000000000000000, -0.000000000000000000, -0.000000000000000000 ) ) ;
#6544 = ORIENTED_EDGE ( 'NONE', *, *, #4319, .T. ) ;
#6545 = DIRECTION ( 'NONE',  ( -1.000000000000000000, 0.000000000000000000, -0.000000000000000000 ) ) ;
#6546 = DIRECTION ( 'NONE',  ( 0.000000000000000000, 0.000000000000000000, 1.000000000000000000 ) ) ;
#6547 = ORIENTED_EDGE ( 'NONE', *, *, #5440, .T. ) ;
#6548 = FACE_OUTER_BOUND ( 'NONE', #204, .T. ) ;
#6549 = EDGE_CURVE ( 'NONE', #1015, #1500, #7794, .T. ) ;
#6550 = ORIENTED_EDGE ( 'NONE', *, *, #7504, .T. ) ;
#6551 = CARTESIAN_POINT ( 'NONE',  ( 0.000000000000000000, -5.283448409585292715, -96.85600225542684427 ) ) ;
#6552 = DIRECTION ( 'NONE',  ( 1.000000000000000000, -0.000000000000000000, 0.000000000000000000 ) ) ;
#6553 = EDGE_CURVE ( 'NONE', #8096, #7234, #4145, .T. ) ;
#6554 = VECTOR ( 'NONE', #272, 1000.000000000000000 ) ;
#6555 = ORIENTED_EDGE ( 'NONE', *, *, #176, .T. ) ;
#6556 = LINE ( 'NONE', #5145, #280 ) ;
#6557 = FACE_OUTER_BOUND ( 'NONE', #2394, .T. ) ;
#6558 = ORIENTED_EDGE ( 'NONE', *, *, #6270, .T. ) ;
#6559 = AXIS2_PLACEMENT_3D ( 'NONE', #5155, #1066, #2963 ) ;
#6560 = ADVANCED_FACE ( 'NONE', ( #1023 ), #3921, .F. ) ;
#6561 = CARTESIAN_POINT ( 'NONE',  ( 8.000000000000001776, 94.51123570668192997, -37.01458261545051442 ) ) ;
#6562 = EDGE_CURVE ( 'NONE', #3712, #1893, #1252, .T. ) ;
#6563 = DIRECTION ( 'NONE',  ( 1.000000000000000000, 0.000000000000000000, 0.000000000000000000 ) ) ;
#6564 = DIRECTION ( 'NONE',  ( 1.000000000000000000, 0.000000000000000000, 0.000000000000000000 ) ) ;
#6565 = VECTOR ( 'NONE', #1324, 1000.000000000000000 ) ;
#6566 = ORIENTED_EDGE ( 'NONE', *, *, #3051, .F. ) ;
#6567 = DIRECTION ( 'NONE',  ( 0.000000000000000000, 0.000000000000000000, 1.000000000000000000 ) ) ;
#6568 = DIRECTION ( 'NONE',  ( 0.000000000000000000, 0.000000000000000000, 1.000000000000000000 ) ) ;
#6569 = CARTESIAN_POINT ( 'NONE',  ( -8.500000000000007105, 0.000000000000000000, -121.0000000000000284 ) ) ;
#6570 = VERTEX_POINT ( 'NONE', #4563 ) ;
#6571 = CARTESIAN_POINT ( 'NONE',  ( 8.000000000000001776, -80.87865912086839160, 47.47086472966424253 ) ) ;
#6572 = DIRECTION ( 'NONE',  ( 0.000000000000000000, -0.6667690005162978384, 0.7452644496757492298 ) ) ;
#6573 = EDGE_LOOP ( 'NONE', ( #5794, #290, #1485, #7749 ) ) ;
#6574 = CARTESIAN_POINT ( 'NONE',  ( 8.000000000000001776, 93.94398484599103938, -38.43150676536383514 ) ) ;
#6575 = VECTOR ( 'NONE', #5915, 1000.000000000000000 ) ;
#6576 = CARTESIAN_POINT ( 'NONE',  ( 0.000000000000000000, -88.40099660786205504, -31.30661748110877340 ) ) ;
#6577 = AXIS2_PLACEMENT_3D ( 'NONE', #5796, #7901, #8579 ) ;
#6578 = AXIS2_PLACEMENT_3D ( 'NONE', #2052, #7758, #799 ) ;
#6579 = CARTESIAN_POINT ( 'NONE',  ( -10.00000000000000000, 0.000000000000000000, 0.000000000000000000 ) ) ;
#6580 = CIRCLE ( 'NONE', #6876, 49.50000000000002132 ) ;
#6581 = AXIS2_PLACEMENT_3D ( 'NONE', #6767, #6624, #3791 ) ;
#6582 = DIRECTION ( 'NONE',  ( 1.000000000000000000, -8.322672134519886844E-17, 1.548185138417425419E-16 ) ) ;
#6583 = AXIS2_PLACEMENT_3D ( 'NONE', #5801, #3121, #5943 ) ;
#6584 = VERTEX_POINT ( 'NONE', #1827 ) ;
#6585 = CARTESIAN_POINT ( 'NONE',  ( 8.000000000000001776, 0.000000000000000000, 0.000000000000000000 ) ) ;
#6586 = DIRECTION ( 'NONE',  ( -1.000000000000000000, 0.000000000000000000, -0.000000000000000000 ) ) ;
#6587 = VERTEX_POINT ( 'NONE', #6526 ) ;
#6588 = ORIENTED_EDGE ( 'NONE', *, *, #4650, .F. ) ;
#6589 = VERTEX_POINT ( 'NONE', #5842 ) ;
#6590 = CIRCLE ( 'NONE', #4109, 101.5010000000000048 ) ;
#6591 = DIRECTION ( 'NONE',  ( 0.000000000000000000, 0.000000000000000000, 1.000000000000000000 ) ) ;
#6592 = EDGE_CURVE ( 'NONE', #2985, #8292, #5297, .T. ) ;
#6593 = VERTEX_POINT ( 'NONE', #1068 ) ;
#6594 = LINE ( 'NONE', #4446, #2839 ) ;
#6595 = DIRECTION ( 'NONE',  ( 0.000000000000000000, -0.8331442058379118221, -0.5530558129870033479 ) ) ;
#6596 = VERTEX_POINT ( 'NONE', #6569 ) ;
#6597 = CARTESIAN_POINT ( 'NONE',  ( 0.000000000000000000, -80.25465358751523581, 62.14212402668520241 ) ) ;
#6598 = ORIENTED_EDGE ( 'NONE', *, *, #3040, .F. ) ;
#6599 = CYLINDRICAL_SURFACE ( 'NONE', #6914, 49.50000000000001421 ) ;
#6600 = CARTESIAN_POINT ( 'NONE',  ( 3.999999999999998224, 26.49203041665125369, -93.31223030451701561 ) ) ;
#6601 = VECTOR ( 'NONE', #3026, 1000.000000000000000 ) ;
#6602 = VECTOR ( 'NONE', #263, 1000.000000000000000 ) ;
#6603 = EDGE_CURVE ( 'NONE', #7006, #2601, #4865, .T. ) ;
#6604 = VERTEX_POINT ( 'NONE', #4608 ) ;
#6605 = CARTESIAN_POINT ( 'NONE',  ( 8.000000000000001776, 85.79823873469557327, -54.23204985084175433 ) ) ;
#6606 = ADVANCED_FACE ( 'NONE', ( #3111 ), #4645, .F. ) ;
#6607 = CARTESIAN_POINT ( 'NONE',  ( -10.00000000000000000, 0.000000000000000000, 0.000000000000000000 ) ) ;
#6608 = AXIS2_PLACEMENT_3D ( 'NONE', #3241, #2589, #8803 ) ;
#6609 = ORIENTED_EDGE ( 'NONE', *, *, #3430, .T. ) ;
#6610 = DIRECTION ( 'NONE',  ( 0.000000000000000000, 0.000000000000000000, 1.000000000000000000 ) ) ;
#6611 = ORIENTED_EDGE ( 'NONE', *, *, #7071, .F. ) ;
#6612 = LINE ( 'NONE', #1777, #2669 ) ;
#6613 = LINE ( 'NONE', #3148, #5926 ) ;
#6614 = AXIS2_PLACEMENT_3D ( 'NONE', #3896, #6682, #8270 ) ;
#6615 = EDGE_CURVE ( 'NONE', #2024, #6414, #6025, .T. ) ;
#6616 = CIRCLE ( 'NONE', #2818, 101.5010000000000190 ) ;
#6617 = EDGE_CURVE ( 'NONE', #1795, #8099, #959, .T. ) ;
#6618 = ADVANCED_FACE ( 'NONE', ( #7449 ), #3834, .F. ) ;
#6619 = VERTEX_POINT ( 'NONE', #6667 ) ;
#6620 = DIRECTION ( 'NONE',  ( 0.000000000000000000, -0.8145759520503291773, -0.5800569095712073686 ) ) ;
#6621 = CARTESIAN_POINT ( 'NONE',  ( 8.000000000000001776, -56.14281629694171727, -75.11873719398883509 ) ) ;
#6622 = DIRECTION ( 'NONE',  ( 0.000000000000000000, -0.7126941713788688126, 0.7014748877063152754 ) ) ;
#6623 = ORIENTED_EDGE ( 'NONE', *, *, #1541, .T. ) ;
#6624 = DIRECTION ( 'NONE',  ( 1.000000000000000000, 0.000000000000000000, 0.000000000000000000 ) ) ;
#6625 = ORIENTED_EDGE ( 'NONE', *, *, #3757, .F. ) ;
#6626 = VECTOR ( 'NONE', #5802, 1000.000000000000000 ) ;
#6627 = CARTESIAN_POINT ( 'NONE',  ( 4.000000000000000888, -40.90272372289801694, -87.95434720380951887 ) ) ;
#6628 = DIRECTION ( 'NONE',  ( 0.000000000000000000, 0.2203105327865343133, 0.9754297868854084896 ) ) ;
#6629 = VECTOR ( 'NONE', #3394, 1000.000000000000000 ) ;
#6630 = EDGE_CURVE ( 'NONE', #8971, #5914, #2690, .T. ) ;
#6631 = CARTESIAN_POINT ( 'NONE',  ( 8.000000000000001776, -92.72829175089816545, 35.48913249181134688 ) ) ;
#6632 = DIRECTION ( 'NONE',  ( -1.000000000000000000, -0.000000000000000000, -0.000000000000000000 ) ) ;
#6633 = ORIENTED_EDGE ( 'NONE', *, *, #4989, .F. ) ;
#6634 = CARTESIAN_POINT ( 'NONE',  ( 8.000000000000001776, 0.000000000000000000, 0.000000000000000000 ) ) ;
#6635 = CARTESIAN_POINT ( 'NONE',  ( 8.000000000000001776, -101.1110795888540679, 8.888339854912203464 ) ) ;
#6636 = ORIENTED_EDGE ( 'NONE', *, *, #332, .F. ) ;
#6637 = ORIENTED_EDGE ( 'NONE', *, *, #4061, .F. ) ;
#6638 = VECTOR ( 'NONE', #3718, 1000.000000000000000 ) ;
#6639 = ORIENTED_EDGE ( 'NONE', *, *, #2097, .F. ) ;
#6640 = DIRECTION ( 'NONE',  ( 1.000000000000000000, 0.000000000000000000, 0.000000000000000000 ) ) ;
#6641 = ORIENTED_EDGE ( 'NONE', *, *, #3978, .T. ) ;
#6642 = LINE ( 'NONE', #3948, #8968 ) ;
#6643 = CARTESIAN_POINT ( 'NONE',  ( 8.000000000000001776, -42.37477060330950707, 83.66133704220008838 ) ) ;
#6644 = CIRCLE ( 'NONE', #3296, 101.5010000000000048 ) ;
#6645 = ORIENTED_EDGE ( 'NONE', *, *, #7617, .T. ) ;
#6646 = LINE ( 'NONE', #2347, #8758 ) ;
#6647 = CARTESIAN_POINT ( 'NONE',  ( 8.000000000000001776, -80.25465358751523581, 62.14212402668520241 ) ) ;
#6648 = CARTESIAN_POINT ( 'NONE',  ( 3.999999999999998224, 89.12857806173282427, -38.27657995032468818 ) ) ;
#6649 = DIRECTION ( 'NONE',  ( 0.000000000000000000, 1.233581138472395876E-14, -1.000000000000000000 ) ) ;
#6650 = EDGE_CURVE ( 'NONE', #4720, #5224, #7942, .T. ) ;
#6651 = VECTOR ( 'NONE', #4876, 1000.000000000000000 ) ;
#6652 = CYLINDRICAL_SURFACE ( 'NONE', #3483, 49.50000000000001421 ) ;
#6653 = DIRECTION ( 'NONE',  ( -1.000000000000000000, -0.000000000000000000, -0.000000000000000000 ) ) ;
#6654 = ORIENTED_EDGE ( 'NONE', *, *, #8490, .T. ) ;
#6655 = ORIENTED_EDGE ( 'NONE', *, *, #5143, .F. ) ;
#6656 = DIRECTION ( 'NONE',  ( 0.000000000000000000, -0.8497254299495081709, -0.5272254676105121440 ) ) ;
#6657 = ORIENTED_EDGE ( 'NONE', *, *, #7292, .T. ) ;
#6658 = CIRCLE ( 'NONE', #3011, 97.00000000000000000 ) ;
#6659 = CARTESIAN_POINT ( 'NONE',  ( 8.000000000000001776, 18.37649831258603683, -99.82363102375870767 ) ) ;
#6660 = CARTESIAN_POINT ( 'NONE',  ( 8.000000000000001776, 0.000000000000000000, 0.000000000000000000 ) ) ;
#6661 = ADVANCED_FACE ( 'NONE', ( #479 ), #3247, .F. ) ;
#6662 = VECTOR ( 'NONE', #4178, 1000.000000000000000 ) ;
#6663 = ORIENTED_EDGE ( 'NONE', *, *, #5648, .F. ) ;
#6664 = CIRCLE ( 'NONE', #1553, 49.50000000000001421 ) ;
#6665 = FACE_OUTER_BOUND ( 'NONE', #2463, .T. ) ;
#6666 = CARTESIAN_POINT ( 'NONE',  ( 8.000000000000001776, -65.20060208237521238, -67.40713602777879032 ) ) ;
#6667 = CARTESIAN_POINT ( 'NONE',  ( 0.000000000000000000, -60.86098462158878419, -81.23049644001157787 ) ) ;
#6668 = ORIENTED_EDGE ( 'NONE', *, *, #6172, .T. ) ;
#6669 = CARTESIAN_POINT ( 'NONE',  ( 8.000000000000001776, 15.48032765108796305, -92.49432390793865011 ) ) ;
#6670 = ORIENTED_EDGE ( 'NONE', *, *, #293, .F. ) ;
#6671 = ADVANCED_FACE ( 'NONE', ( #8812 ), #3154, .F. ) ;
#6672 = DIRECTION ( 'NONE',  ( 0.000000000000000000, 0.000000000000000000, 1.000000000000000000 ) ) ;
#6673 = LINE ( 'NONE', #4302, #4303 ) ;
#6674 = EDGE_CURVE ( 'NONE', #8013, #139, #5207, .T. ) ;
#6675 = AXIS2_PLACEMENT_3D ( 'NONE', #2037, #4819, #7616 ) ;
#6676 = EDGE_CURVE ( 'NONE', #1582, #4780, #1105, .T. ) ;
#6677 = CARTESIAN_POINT ( 'NONE',  ( 3.999999999999998224, -90.29814238342842714, -35.42944371708490081 ) ) ;
#6678 = AXIS2_PLACEMENT_3D ( 'NONE', #193, #8515, #6467 ) ;
#6679 = CARTESIAN_POINT ( 'NONE',  ( 0.000000000000000000, -75.13411987488935040, 68.24453847470698520 ) ) ;
#6680 = ORIENTED_EDGE ( 'NONE', *, *, #397, .T. ) ;
#6681 = DIRECTION ( 'NONE',  ( -1.000000000000000000, -0.000000000000000000, 0.000000000000000000 ) ) ;
#6682 = DIRECTION ( 'NONE',  ( -1.000000000000000000, -0.000000000000000000, -0.000000000000000000 ) ) ;
#6683 = ORIENTED_EDGE ( 'NONE', *, *, #1930, .F. ) ;
#6684 = VERTEX_POINT ( 'NONE', #1376 ) ;
#6685 = EDGE_CURVE ( 'NONE', #8400, #8590, #682, .T. ) ;
#6686 = VERTEX_POINT ( 'NONE', #529 ) ;
#6687 = AXIS2_PLACEMENT_3D ( 'NONE', #7338, #2621, #1942 ) ;
#6688 = UNCERTAINTY_MEASURE_WITH_UNIT (LENGTH_MEASURE( 1.000000000000000082E-05 ), #3645, 'distance_accuracy_value', 'NONE');
#6689 = DIRECTION ( 'NONE',  ( 1.000000000000000000, 0.000000000000000000, 0.000000000000000000 ) ) ;
#6690 = ORIENTED_EDGE ( 'NONE', *, *, #7114, .F. ) ;
#6691 = LINE ( 'NONE', #7380, #4736 ) ;
#6692 = DIRECTION ( 'NONE',  ( 0.000000000000000000, -0.1892512443604032479, -0.9819286972627080390 ) ) ;
#6693 = ORIENTED_EDGE ( 'NONE', *, *, #5927, .T. ) ;
#6694 = AXIS2_PLACEMENT_3D ( 'NONE', #5206, #4467, #7986 ) ;
#6695 = DIRECTION ( 'NONE',  ( 1.000000000000000000, 0.000000000000000000, 0.000000000000000000 ) ) ;
#6696 = DIRECTION ( 'NONE',  ( -1.000000000000000000, 0.000000000000000000, -0.000000000000000000 ) ) ;
#6697 = EDGE_LOOP ( 'NONE', ( #587, #6327, #6505, #3350 ) ) ;
#6698 = CIRCLE ( 'NONE', #5079, 49.50000000000002132 ) ;
#6699 = CARTESIAN_POINT ( 'NONE',  ( 8.000000000000001776, -80.04000465091354499, -48.87164980695292371 ) ) ;
#6700 = FACE_OUTER_BOUND ( 'NONE', #7184, .T. ) ;
#6701 = ORIENTED_EDGE ( 'NONE', *, *, #55, .F. ) ;
#6702 = ORIENTED_EDGE ( 'NONE', *, *, #1333, .T. ) ;
#6703 = CARTESIAN_POINT ( 'NONE',  ( 0.000000000000000000, -73.87460308289962541, 62.86129985407587384 ) ) ;
#6704 = ORIENTED_EDGE ( 'NONE', *, *, #8342, .T. ) ;
#6705 = AXIS2_PLACEMENT_3D ( 'NONE', #954, #7869, #1620 ) ;
#6706 = DIRECTION ( 'NONE',  ( -1.000000000000000000, -0.000000000000000000, -0.000000000000000000 ) ) ;
#6707 = DIRECTION ( 'NONE',  ( 1.000000000000000000, 0.000000000000000000, 0.000000000000000000 ) ) ;
#6708 = AXIS2_PLACEMENT_3D ( 'NONE', #155, #711, #4834 ) ;
#6709 = CARTESIAN_POINT ( 'NONE',  ( 0.000000000000000000, -62.07551835258968254, -80.30618296406137802 ) ) ;
#6710 = CARTESIAN_POINT ( 'NONE',  ( 8.000000000000001776, -93.70414482884912388, -3.791271721437887265 ) ) ;
#6711 = DIRECTION ( 'NONE',  ( 1.000000000000000000, -0.000000000000000000, 0.000000000000000000 ) ) ;
#6712 = VERTEX_POINT ( 'NONE', #1958 ) ;
#6713 = EDGE_CURVE ( 'NONE', #7234, #7316, #1913, .T. ) ;
#6714 = VECTOR ( 'NONE', #4888, 1000.000000000000000 ) ;
#6715 = DIRECTION ( 'NONE',  ( 1.000000000000000000, 0.000000000000000000, 0.000000000000000000 ) ) ;
#6716 = VERTEX_POINT ( 'NONE', #8257 ) ;
#6717 = LINE ( 'NONE', #6627, #995 ) ;
#6718 = DIRECTION ( 'NONE',  ( 0.000000000000000000, 0.1892512443604032479, 0.9819286972627080390 ) ) ;
#6719 = VECTOR ( 'NONE', #4363, 1000.000000000000000 ) ;
#6720 = VECTOR ( 'NONE', #5545, 1000.000000000000000 ) ;
#6721 = CARTESIAN_POINT ( 'NONE',  ( 0.000000000000000000, 12.00829452229154271, -100.7881633113031086 ) ) ;
#6722 = ADVANCED_FACE ( 'NONE', ( #4142 ), #5468, .F. ) ;
#6723 = LINE ( 'NONE', #3797, #6474 ) ;
#6724 = AXIS2_PLACEMENT_3D ( 'NONE', #8060, #3860, #7969 ) ;
#6725 = VERTEX_POINT ( 'NONE', #2729 ) ;
#6726 = EDGE_CURVE ( 'NONE', #1329, #6167, #6934, .T. ) ;
#6727 = DIRECTION ( 'NONE',  ( 1.000000000000000000, 0.000000000000000000, 0.000000000000000000 ) ) ;
#6728 = CIRCLE ( 'NONE', #4816, 97.00000000000000000 ) ;
#6729 = DIRECTION ( 'NONE',  ( 0.000000000000000000, 0.000000000000000000, 1.000000000000000000 ) ) ;
#6730 = VERTEX_POINT ( 'NONE', #6765 ) ;
#6731 = ORIENTED_EDGE ( 'NONE', *, *, #3536, .F. ) ;
#6732 = AXIS2_PLACEMENT_3D ( 'NONE', #8864, #6124, #8266 ) ;
#6733 = ORIENTED_EDGE ( 'NONE', *, *, #4931, .T. ) ;
#6734 = AXIS2_PLACEMENT_3D ( 'NONE', #806, #679, #6954 ) ;
#6735 = ADVANCED_FACE ( 'NONE', ( #5558 ), #6893, .F. ) ;
#6736 = VECTOR ( 'NONE', #7033, 1000.000000000000000 ) ;
#6737 = LINE ( 'NONE', #4034, #2183 ) ;
#6738 = EDGE_CURVE ( 'NONE', #7968, #40, #965, .T. ) ;
#6739 = AXIS2_PLACEMENT_3D ( 'NONE', #1744, #2332, #1030 ) ;
#6740 = EDGE_CURVE ( 'NONE', #4345, #1880, #2043, .T. ) ;
#6741 = CARTESIAN_POINT ( 'NONE',  ( 8.000000000000001776, -96.75998376373412668, -6.819497198614368649 ) ) ;
#6742 = VERTEX_POINT ( 'NONE', #3416 ) ;
#6743 = CARTESIAN_POINT ( 'NONE',  ( 0.000000000000000000, 47.26197118536456543, -89.82627166187947410 ) ) ;
#6744 = DIRECTION ( 'NONE',  ( 0.000000000000000000, 0.000000000000000000, 1.000000000000000000 ) ) ;
#6745 = VERTEX_POINT ( 'NONE', #1200 ) ;
#6746 = DIRECTION ( 'NONE',  ( 0.000000000000000000, -0.8814533634475764101, -0.4722710747726931446 ) ) ;
#6747 = AXIS2_PLACEMENT_3D ( 'NONE', #6017, #2358, #6610 ) ;
#6748 = CARTESIAN_POINT ( 'NONE',  ( 16.50000000000000000, 0.000000000000000000, -115.0000000000000142 ) ) ;
#6749 = AXIS2_PLACEMENT_3D ( 'NONE', #1681, #4457, #334 ) ;
#6750 = ORIENTED_EDGE ( 'NONE', *, *, #1965, .T. ) ;
#6751 = EDGE_CURVE ( 'NONE', #1129, #4425, #7376, .T. ) ;
#6752 = AXIS2_PLACEMENT_3D ( 'NONE', #516, #8929, #6015 ) ;
#6753 = DIRECTION ( 'NONE',  ( -1.000000000000000000, -0.000000000000000000, -0.000000000000000000 ) ) ;
#6754 = DIRECTION ( 'NONE',  ( 0.000000000000000000, 0.000000000000000000, -1.000000000000000000 ) ) ;
#6755 = ORIENTED_EDGE ( 'NONE', *, *, #7580, .T. ) ;
#6756 = FACE_OUTER_BOUND ( 'NONE', #7139, .T. ) ;
#6757 = DIRECTION ( 'NONE',  ( 1.000000000000000000, 0.000000000000000000, 0.000000000000000000 ) ) ;
#6758 = ORIENTED_EDGE ( 'NONE', *, *, #8004, .T. ) ;
#6759 = CIRCLE ( 'NONE', #3391, 97.00000000000000000 ) ;
#6760 = CYLINDRICAL_SURFACE ( 'NONE', #5443, 49.50000000000001421 ) ;
#6761 = CARTESIAN_POINT ( 'NONE',  ( 8.000000000000001776, 84.97308417750080878, -55.51601540423594372 ) ) ;
#6762 = CIRCLE ( 'NONE', #2812, 49.50000000000002132 ) ;
#6763 = DIRECTION ( 'NONE',  ( 0.000000000000000000, 0.000000000000000000, 1.000000000000000000 ) ) ;
#6764 = DIRECTION ( 'NONE',  ( -1.000000000000000000, -0.000000000000000000, -0.000000000000000000 ) ) ;
#6765 = CARTESIAN_POINT ( 'NONE',  ( 0.000000000000000000, 91.97334409823879753, -42.93433330549066085 ) ) ;
#6766 = ORIENTED_EDGE ( 'NONE', *, *, #3317, .T. ) ;
#6767 = CARTESIAN_POINT ( 'NONE',  ( 16.50000000000000000, 0.000000000000000000, 0.000000000000000000 ) ) ;
#6768 = VERTEX_POINT ( 'NONE', #8345 ) ;
#6769 = DIRECTION ( 'NONE',  ( 1.000000000000000000, 0.000000000000000000, 0.000000000000000000 ) ) ;
#6770 = CARTESIAN_POINT ( 'NONE',  ( 0.000000000000000000, 39.69903536425473334, -84.96368100853067062 ) ) ;
#6771 = AXIS2_PLACEMENT_3D ( 'NONE', #5070, #1660, #4933 ) ;
#6772 = ADVANCED_FACE ( 'NONE', ( #6070 ), #3332, .F. ) ;
#6773 = DIRECTION ( 'NONE',  ( 0.000000000000000000, -0.9638421585599448171, 0.2664738136900252630 ) ) ;
#6774 = AXIS2_PLACEMENT_3D ( 'NONE', #1791, #2516, #5902 ) ;
#6775 = CYLINDRICAL_SURFACE ( 'NONE', #3411, 97.00000000000000000 ) ;
#6776 = EDGE_LOOP ( 'NONE', ( #2160, #4117, #5760, #7434 ) ) ;
#6777 = DIRECTION ( 'NONE',  ( -1.000000000000000000, 0.000000000000000000, 0.000000000000000000 ) ) ;
#6778 = DIRECTION ( 'NONE',  ( 0.000000000000000000, -0.7557495743542639310, 0.6548607339452785503 ) ) ;
#6779 = ORIENTED_EDGE ( 'NONE', *, *, #2014, .F. ) ;
#6780 = AXIS2_PLACEMENT_3D ( 'NONE', #1399, #767, #7555 ) ;
#6781 = ORIENTED_EDGE ( 'NONE', *, *, #7561, .T. ) ;
#6782 = CIRCLE ( 'NONE', #1673, 101.5010000000000048 ) ;
#6783 = UNCERTAINTY_MEASURE_WITH_UNIT (LENGTH_MEASURE( 1.000000000000000082E-05 ), #7867, 'distance_accuracy_value', 'NONE');
#6784 = EDGE_CURVE ( 'NONE', #2582, #4517, #4442, .T. ) ;
#6785 = AXIS2_PLACEMENT_3D ( 'NONE', #5213, #7991, #4521 ) ;
#6786 = DIRECTION ( 'NONE',  ( 1.000000000000000000, 0.000000000000000000, 0.000000000000000000 ) ) ;
#6787 = LINE ( 'NONE', #2481, #1889 ) ;
#6788 = EDGE_LOOP ( 'NONE', ( #6873, #6193, #7467, #1138 ) ) ;
#6789 = DIRECTION ( 'NONE',  ( -1.000000000000000000, -0.000000000000000000, 0.000000000000000000 ) ) ;
#6790 = DIRECTION ( 'NONE',  ( -1.000000000000000000, -0.000000000000000000, -0.000000000000000000 ) ) ;
#6791 = ORIENTED_EDGE ( 'NONE', *, *, #3388, .T. ) ;
#6792 = EDGE_CURVE ( 'NONE', #8150, #5956, #6155, .T. ) ;
#6793 = DIRECTION ( 'NONE',  ( -1.000000000000000000, -0.000000000000000000, 0.000000000000000000 ) ) ;
#6794 = ADVANCED_FACE ( 'NONE', ( #4694 ), #1249, .F. ) ;
#6795 = ORIENTED_EDGE ( 'NONE', *, *, #5369, .T. ) ;
#6796 = EDGE_CURVE ( 'NONE', #7347, #2651, #4019, .T. ) ;
#6797 = EDGE_CURVE ( 'NONE', #6235, #8019, #1291, .T. ) ;
#6798 = FACE_OUTER_BOUND ( 'NONE', #1811, .T. ) ;
#6799 = CARTESIAN_POINT ( 'NONE',  ( 8.000000000000001776, -93.75594538243989007, -2.159445488233664889 ) ) ;
#6800 = ORIENTED_EDGE ( 'NONE', *, *, #974, .T. ) ;
#6801 = CARTESIAN_POINT ( 'NONE',  ( 0.000000000000000000, -89.86545223748169064, 47.18742941878587516 ) ) ;
#6802 = FACE_OUTER_BOUND ( 'NONE', #4316, .T. ) ;
#6803 = ORIENTED_EDGE ( 'NONE', *, *, #1520, .T. ) ;
#6804 = CYLINDRICAL_SURFACE ( 'NONE', #2237, 49.50000000000002842 ) ;
#6805 = DIRECTION ( 'NONE',  ( 0.000000000000000000, -0.9718115683235390989, -0.2357589355094378836 ) ) ;
#6806 = EDGE_CURVE ( 'NONE', #7347, #6247, #5908, .T. ) ;
#6807 = AXIS2_PLACEMENT_3D ( 'NONE', #690, #2116, #1483 ) ;
#6808 = DIRECTION ( 'NONE',  ( -1.000000000000000000, 0.000000000000000000, -0.000000000000000000 ) ) ;
#6809 = DIRECTION ( 'NONE',  ( 0.000000000000000000, -0.8145759520503291773, -0.5800569095712073686 ) ) ;
#6810 = CIRCLE ( 'NONE', #7811, 49.50000000000002132 ) ;
#6811 = DIRECTION ( 'NONE',  ( 0.000000000000000000, 0.000000000000000000, 1.000000000000000000 ) ) ;
#6812 = ORIENTED_EDGE ( 'NONE', *, *, #7781, .T. ) ;
#6813 = CARTESIAN_POINT ( 'NONE',  ( 0.000000000000000000, -57.44201543540581412, 74.12998962694049965 ) ) ;
#6814 = EDGE_LOOP ( 'NONE', ( #8326, #5086, #337, #2971 ) ) ;
#6815 = DIRECTION ( 'NONE',  ( 0.000000000000000000, 4.415659757031870309E-15, -1.000000000000000000 ) ) ;
#6816 = DIRECTION ( 'NONE',  ( -1.000000000000000000, 0.000000000000000000, 0.000000000000000000 ) ) ;
#6817 = AXIS2_PLACEMENT_3D ( 'NONE', #5201, #1778, #3102 ) ;
#6818 = DIRECTION ( 'NONE',  ( 0.000000000000000000, 0.2817325568414236203, 0.9594929736144990340 ) ) ;
#6819 = CIRCLE ( 'NONE', #5930, 101.5009999999999764 ) ;
#6820 = CARTESIAN_POINT ( 'NONE',  ( 8.000000000000001776, -93.72080647353433847, 25.00820733180062660 ) ) ;
#6821 = ORIENTED_EDGE ( 'NONE', *, *, #6279, .F. ) ;
#6822 = CARTESIAN_POINT ( 'NONE',  ( 0.000000000000000000, 0.000000000000000000, 0.000000000000000000 ) ) ;
#6823 = DIRECTION ( 'NONE',  ( 0.000000000000000000, 0.000000000000000000, 1.000000000000000000 ) ) ;
#6824 = ORIENTED_EDGE ( 'NONE', *, *, #4270, .F. ) ;
#6825 = AXIS2_PLACEMENT_3D ( 'NONE', #2998, #3818, #6464 ) ;
#6826 = CIRCLE ( 'NONE', #3749, 97.00000000000000000 ) ;
#6827 = DIRECTION ( 'NONE',  ( 1.000000000000000000, 0.000000000000000000, 0.000000000000000000 ) ) ;
#6828 = DIRECTION ( 'NONE',  ( 1.000000000000000000, 0.000000000000000000, 0.000000000000000000 ) ) ;
#6829 = ORIENTED_EDGE ( 'NONE', *, *, #7719, .T. ) ;
#6830 = DIRECTION ( 'NONE',  ( 0.000000000000000000, 0.000000000000000000, 1.000000000000000000 ) ) ;
#6831 = LINE ( 'NONE', #5913, #1247 ) ;
#6832 = ORIENTED_EDGE ( 'NONE', *, *, #6738, .T. ) ;
#6833 = ADVANCED_FACE ( 'NONE', ( #617 ), #2685, .F. ) ;
#6834 = DIRECTION ( 'NONE',  ( 1.000000000000000000, -1.090159848241243142E-16, 2.101110889278814005E-17 ) ) ;
#6835 = VECTOR ( 'NONE', #8925, 1000.000000000000000 ) ;
#6836 = ORIENTED_EDGE ( 'NONE', *, *, #8914, .F. ) ;
#6837 = CARTESIAN_POINT ( 'NONE',  ( 8.000000000000001776, 0.000000000000000000, 0.000000000000000000 ) ) ;
#6838 = CIRCLE ( 'NONE', #3045, 49.50000000000001421 ) ;
#6839 = ADVANCED_FACE ( 'NONE', ( #2344 ), #3810, .F. ) ;
#6840 = CARTESIAN_POINT ( 'NONE',  ( 0.000000000000000000, -47.59558639957950987, -80.80532565773040687 ) ) ;
#6841 = ORIENTED_EDGE ( 'NONE', *, *, #3824, .T. ) ;
#6842 = CYLINDRICAL_SURFACE ( 'NONE', #4897, 49.50000000000001421 ) ;
#6843 = EDGE_CURVE ( 'NONE', #5008, #295, #5023, .T. ) ;
#6844 = CARTESIAN_POINT ( 'NONE',  ( 8.000000000000001776, 0.000000000000000000, 0.000000000000000000 ) ) ;
#6845 = FACE_OUTER_BOUND ( 'NONE', #3398, .T. ) ;
#6846 = CARTESIAN_POINT ( 'NONE',  ( 8.000000000000001776, -62.07551835259080519, 80.30618296406049694 ) ) ;
#6847 = AXIS2_PLACEMENT_3D ( 'NONE', #6699, #5371, #1944 ) ;
#6848 = EDGE_CURVE ( 'NONE', #5680, #5975, #3285, .T. ) ;
#6849 = ORIENTED_EDGE ( 'NONE', *, *, #2557, .F. ) ;
#6850 = DIRECTION ( 'NONE',  ( -1.000000000000000000, -0.000000000000000000, -0.000000000000000000 ) ) ;
#6851 = EDGE_CURVE ( 'NONE', #4909, #8503, #1678, .T. ) ;
#6852 = ADVANCED_FACE ( 'NONE', ( #5815 ), #5642, .F. ) ;
#6853 = CARTESIAN_POINT ( 'NONE',  ( 4.000000000000000888, -84.43617198548726321, -47.74445371388404880 ) ) ;
#6854 = DIRECTION ( 'NONE',  ( 1.000000000000000000, 0.000000000000000000, 0.000000000000000000 ) ) ;
#6855 = EDGE_LOOP ( 'NONE', ( #6877, #5751, #8371, #755 ) ) ;
#6856 = AXIS2_PLACEMENT_3D ( 'NONE', #6089, #6640, #7286 ) ;
#6857 = CARTESIAN_POINT ( 'NONE',  ( 8.000000000000001776, -100.1026268487574669, -16.79038710031493409 ) ) ;
#6858 = ORIENTED_EDGE ( 'NONE', *, *, #5542, .F. ) ;
#6859 = DIRECTION ( 'NONE',  ( -1.000000000000000000, 0.000000000000000000, -0.000000000000000000 ) ) ;
#6860 = CARTESIAN_POINT ( 'NONE',  ( 8.000000000000001776, -87.86926881703411141, 41.08517491212366224 ) ) ;
#6861 = CARTESIAN_POINT ( 'NONE',  ( 0.000000000000000000, -94.05677713582142019, 23.71334381360888699 ) ) ;
#6862 = DIRECTION ( 'NONE',  ( -1.000000000000000000, 0.000000000000000000, 0.000000000000000000 ) ) ;
#6863 = ORIENTED_EDGE ( 'NONE', *, *, #2437, .T. ) ;
#6864 = CARTESIAN_POINT ( 'NONE',  ( 8.000000000000001776, 0.000000000000000000, 0.000000000000000000 ) ) ;
#6865 = CARTESIAN_POINT ( 'NONE',  ( 8.000000000000001776, 10.49144579095613317, -100.9573304233795170 ) ) ;
#6866 = ORIENTED_EDGE ( 'NONE', *, *, #7955, .T. ) ;
#6867 = CARTESIAN_POINT ( 'NONE',  ( 8.000000000000001776, 93.77725798045879912, -0.8163241011873780817 ) ) ;
#6868 = AXIS2_PLACEMENT_3D ( 'NONE', #2897, #8506, #737 ) ;
#6869 = CARTESIAN_POINT ( 'NONE',  ( 8.000000000000001776, -66.36418094012262259, 66.26187431335134193 ) ) ;
#6870 = ORIENTED_EDGE ( 'NONE', *, *, #8618, .F. ) ;
#6871 = CARTESIAN_POINT ( 'NONE',  ( -8.499999999999992895, 116.6622728137844405, -32.10785109474228705 ) ) ;
#6872 = CARTESIAN_POINT ( 'NONE',  ( 0.000000000000000000, -60.64301354649442999, 75.70617483402322989 ) ) ;
#6873 = ORIENTED_EDGE ( 'NONE', *, *, #7692, .T. ) ;
#6874 = ORIENTED_EDGE ( 'NONE', *, *, #4160, .F. ) ;
#6875 = CARTESIAN_POINT ( 'NONE',  ( 8.000000000000001776, 89.12857806173282427, -38.27657995032468818 ) ) ;
#6876 = AXIS2_PLACEMENT_3D ( 'NONE', #2193, #888, #2920 ) ;
#6877 = ORIENTED_EDGE ( 'NONE', *, *, #4821, .T. ) ;
#6878 = AXIS2_PLACEMENT_3D ( 'NONE', #6028, #4610, #3973 ) ;
#6879 = EDGE_CURVE ( 'NONE', #8439, #5293, #3424, .T. ) ;
#6880 = DIRECTION ( 'NONE',  ( 0.000000000000000000, -0.1892512443604032479, -0.9819286972627080390 ) ) ;
#6881 = AXIS2_PLACEMENT_3D ( 'NONE', #2462, #6715, #8034 ) ;
#6882 = CARTESIAN_POINT ( 'NONE',  ( 8.000000000000001776, -74.21852193085094029, 57.32758063769570356 ) ) ;
#6883 = ORIENTED_EDGE ( 'NONE', *, *, #2574, .F. ) ;
#6884 = CARTESIAN_POINT ( 'NONE',  ( 8.000000000000001776, -70.43315616595515394, 61.91939124275916129 ) ) ;
#6885 = LINE ( 'NONE', #7569, #6565 ) ;
#6886 = ORIENTED_EDGE ( 'NONE', *, *, #5639, .F. ) ;
#6887 = CARTESIAN_POINT ( 'NONE',  ( 8.000000000000001776, -87.29431505020082227, -42.29305569376945328 ) ) ;
#6888 = CARTESIAN_POINT ( 'NONE',  ( 0.000000000000000000, -98.83617571244369060, -23.10548358158637683 ) ) ;
#6889 = AXIS2_PLACEMENT_3D ( 'NONE', #659, #2220, #3415 ) ;
#6890 = EDGE_CURVE ( 'NONE', #8323, #1582, #7707, .T. ) ;
#6891 = CYLINDRICAL_SURFACE ( 'NONE', #8274, 97.00000000000000000 ) ;
#6892 = LINE ( 'NONE', #5978, #8723 ) ;
#6893 = CYLINDRICAL_SURFACE ( 'NONE', #6048, 49.50000000000001421 ) ;
#6894 = VECTOR ( 'NONE', #7636, 1000.000000000000000 ) ;
#6895 = ORIENTED_EDGE ( 'NONE', *, *, #2882, .F. ) ;
#6896 = DIRECTION ( 'NONE',  ( 1.000000000000000000, 0.000000000000000000, 0.000000000000000000 ) ) ;
#6897 = ORIENTED_EDGE ( 'NONE', *, *, #6959, .F. ) ;
#6898 = VECTOR ( 'NONE', #6058, 1000.000000000000000 ) ;
#6899 = LINE ( 'NONE', #750, #5740 ) ;
#6900 = EDGE_CURVE ( 'NONE', #7866, #6301, #6594, .T. ) ;
#6901 = CARTESIAN_POINT ( 'NONE',  ( 8.000000000000001776, -98.83617571244369060, -23.10548358158637683 ) ) ;
#6902 = EDGE_CURVE ( 'NONE', #4710, #8338, #7941, .T. ) ;
#6903 = EDGE_CURVE ( 'NONE', #1797, #6730, #791, .T. ) ;
#6904 = AXIS2_PLACEMENT_3D ( 'NONE', #8729, #4528, #5397 ) ;
#6905 = CARTESIAN_POINT ( 'NONE',  ( -8.499999999999992895, 112.4050519506655235, -24.29206240664193217 ) ) ;
#6906 = CARTESIAN_POINT ( 'NONE',  ( 8.000000000000001776, 50.13541003783966232, -79.25453400096041889 ) ) ;
#6907 = ORIENTED_EDGE ( 'NONE', *, *, #1472, .T. ) ;
#6908 = DIRECTION ( 'NONE',  ( 0.000000000000000000, 0.000000000000000000, 1.000000000000000000 ) ) ;
#6909 = CYLINDRICAL_SURFACE ( 'NONE', #3314, 101.5009999999999906 ) ;
#6910 = ORIENTED_EDGE ( 'NONE', *, *, #1272, .T. ) ;
#6911 = AXIS2_PLACEMENT_3D ( 'NONE', #8204, #2079, #1950 ) ;
#6912 = DIRECTION ( 'NONE',  ( 1.000000000000000000, 0.000000000000000000, -0.000000000000000000 ) ) ;
#6913 = ADVANCED_FACE ( 'NONE', ( #6287 ), #5082, .T. ) ;
#6914 = AXIS2_PLACEMENT_3D ( 'NONE', #5964, #5917, #4543 ) ;
#6915 = CARTESIAN_POINT ( 'NONE',  ( 8.000000000000001776, 35.51041165613322192, -95.08661138673497248 ) ) ;
#6917 = ORIENTED_EDGE ( 'NONE', *, *, #1530, .T. ) ;
#6916 = AXIS2_PLACEMENT_3D ( 'NONE', #8012, #1231, #4587 ) ;
#6918 = DIRECTION ( 'NONE',  ( 0.000000000000000000, 0.000000000000000000, 1.000000000000000000 ) ) ;
#6919 = DIRECTION ( 'NONE',  ( -1.000000000000000000, -0.000000000000000000, 0.000000000000000000 ) ) ;
#6920 = ORIENTED_EDGE ( 'NONE', *, *, #8490, .F. ) ;
#6921 = ORIENTED_EDGE ( 'NONE', *, *, #5830, .F. ) ;
#6922 = DIRECTION ( 'NONE',  ( 0.000000000000000000, -0.6181589862206119390, 0.7860530947427820658 ) ) ;
#6923 = AXIS2_PLACEMENT_3D ( 'NONE', #3166, #2469, #5262 ) ;
#6924 = ORIENTED_EDGE ( 'NONE', *, *, #7514, .F. ) ;
#6925 = CIRCLE ( 'NONE', #5596, 101.5010000000000332 ) ;
#6926 = DIRECTION ( 'NONE',  ( -1.000000000000000000, -0.000000000000000000, 0.000000000000000000 ) ) ;
#6927 = DIRECTION ( 'NONE',  ( -1.000000000000000000, -0.000000000000000000, -0.000000000000000000 ) ) ;
#6928 = ORIENTED_EDGE ( 'NONE', *, *, #2437, .F. ) ;
#6929 = FACE_OUTER_BOUND ( 'NONE', #3521, .T. ) ;
#6930 = CARTESIAN_POINT ( 'NONE',  ( 0.000000000000000000, 0.000000000000000000, 0.000000000000000000 ) ) ;
#6931 = EDGE_CURVE ( 'NONE', #2730, #8289, #688, .T. ) ;
#6932 = LINE ( 'NONE', #4777, #3399 ) ;
#6933 = DIRECTION ( 'NONE',  ( 0.000000000000000000, -0.1580013959733569395, 0.9874388886763931783 ) ) ;
#6934 = CIRCLE ( 'NONE', #4873, 97.00000000000000000 ) ;
#6935 = DIRECTION ( 'NONE',  ( 1.000000000000000000, 0.000000000000000000, 0.000000000000000000 ) ) ;
#6936 = CARTESIAN_POINT ( 'NONE',  ( 8.000000000000001776, -98.83617571244400324, 23.10548358158499482 ) ) ;
#6937 = VERTEX_POINT ( 'NONE', #1622 ) ;
#6938 = CARTESIAN_POINT ( 'NONE',  ( 0.000000000000000000, -77.71277963783393261, -58.04932282948234956 ) ) ;
#6939 = ORIENTED_EDGE ( 'NONE', *, *, #7048, .F. ) ;
#6940 = CIRCLE ( 'NONE', #8105, 101.5010000000000048 ) ;
#6941 = EDGE_CURVE ( 'NONE', #8545, #3624, #7242, .T. ) ;
#6942 = DIRECTION ( 'NONE',  ( 0.000000000000000000, 0.000000000000000000, 1.000000000000000000 ) ) ;
#6943 = CYLINDRICAL_SURFACE ( 'NONE', #6497, 49.50000000000001421 ) ;
#6944 = CIRCLE ( 'NONE', #3586, 49.50000000000001421 ) ;
#6945 = FACE_OUTER_BOUND ( 'NONE', #5512, .T. ) ;
#6946 = DIRECTION ( 'NONE',  ( 0.000000000000000000, -0.3716624556603155827, -0.9283679330160773402 ) ) ;
#6947 = EDGE_CURVE ( 'NONE', #5181, #5293, #3083, .T. ) ;
#6948 = ORIENTED_EDGE ( 'NONE', *, *, #4605, .F. ) ;
#6949 = DIRECTION ( 'NONE',  ( -1.000000000000000000, -0.000000000000000000, -0.000000000000000000 ) ) ;
#6950 = EDGE_CURVE ( 'NONE', #6074, #3826, #3711, .T. ) ;
#6951 = CARTESIAN_POINT ( 'NONE',  ( -10.00000000000000000, 0.000000000000000000, 0.000000000000000000 ) ) ;
#6952 = ORIENTED_EDGE ( 'NONE', *, *, #8846, .T. ) ;
#6953 = CIRCLE ( 'NONE', #3009, 49.50000000000002132 ) ;
#6954 = DIRECTION ( 'NONE',  ( 0.000000000000000000, 0.000000000000000000, 1.000000000000000000 ) ) ;
#6955 = EDGE_CURVE ( 'NONE', #174, #6768, #1401, .T. ) ;
#6956 = VECTOR ( 'NONE', #5378, 1000.000000000000000 ) ;
#6957 = FACE_OUTER_BOUND ( 'NONE', #3938, .T. ) ;
#6958 = AXIS2_PLACEMENT_3D ( 'NONE', #2699, #5481, #4795 ) ;
#6959 = EDGE_CURVE ( 'NONE', #8686, #606, #6488, .T. ) ;
#6960 = ORIENTED_EDGE ( 'NONE', *, *, #5884, .T. ) ;
#6961 = CARTESIAN_POINT ( 'NONE',  ( 8.000000000000001776, -100.3437769205264516, 15.28330573938837844 ) ) ;
#6962 = ADVANCED_FACE ( 'NONE', ( #64 ), #6332, .F. ) ;
#6963 = DIRECTION ( 'NONE',  ( -1.000000000000000000, 0.000000000000000000, -0.000000000000000000 ) ) ;
#6964 = VERTEX_POINT ( 'NONE', #7516 ) ;
#6965 = ORIENTED_EDGE ( 'NONE', *, *, #6806, .T. ) ;
#6966 = DIRECTION ( 'NONE',  ( 1.000000000000000000, 0.000000000000000000, 0.000000000000000000 ) ) ;
#6967 = VERTEX_POINT ( 'NONE', #6092 ) ;
#6968 = CIRCLE ( 'NONE', #2442, 97.00000000000000000 ) ;
#6969 = FACE_OUTER_BOUND ( 'NONE', #6573, .T. ) ;
#6970 = LINE ( 'NONE', #7565, #4699 ) ;
#6971 = ORIENTED_EDGE ( 'NONE', *, *, #1107, .T. ) ;
#6972 = CARTESIAN_POINT ( 'NONE',  ( 3.999999999999998224, 8.353829215691325416, -96.63960646357715234 ) ) ;
#6973 = CARTESIAN_POINT ( 'NONE',  ( 0.000000000000000000, -83.16889538622289990, -58.18408580733665758 ) ) ;
#6974 = ORIENTED_EDGE ( 'NONE', *, *, #3499, .F. ) ;
#6975 = CARTESIAN_POINT ( 'NONE',  ( 0.000000000000000000, 0.000000000000000000, 0.000000000000000000 ) ) ;
#6976 = DIRECTION ( 'NONE',  ( 0.000000000000000000, 0.000000000000000000, -1.000000000000000000 ) ) ;
#6977 = VECTOR ( 'NONE', #1982, 1000.000000000000000 ) ;
#6978 = VERTEX_POINT ( 'NONE', #6046 ) ;
#6979 = DIRECTION ( 'NONE',  ( 0.000000000000000000, 0.000000000000000000, 1.000000000000000000 ) ) ;
#6980 = CARTESIAN_POINT ( 'NONE',  ( 8.000000000000001776, -31.44296371712002625, -88.35259210716785105 ) ) ;
#6981 = CARTESIAN_POINT ( 'NONE',  ( 0.000000000000000000, -77.70503590289601448, 52.50493209881664569 ) ) ;
#6982 = ORIENTED_EDGE ( 'NONE', *, *, #327, .F. ) ;
#6983 = CARTESIAN_POINT ( 'NONE',  ( -10.00000000000000000, 0.000000000000000000, 0.000000000000000000 ) ) ;
#6984 = ORIENTED_EDGE ( 'NONE', *, *, #1157, .F. ) ;
#6985 = CIRCLE ( 'NONE', #6, 97.00000000000000000 ) ;
#6986 = CARTESIAN_POINT ( 'NONE',  ( 8.000000000000001776, -100.1026268487577084, 16.79038710031354142 ) ) ;
#6987 = CARTESIAN_POINT ( 'NONE',  ( 8.000000000000001776, 9.582808174979758675, -93.28992596659752223 ) ) ;
#6988 = AXIS2_PLACEMENT_3D ( 'NONE', #7342, #556, #8797 ) ;
#6989 = ADVANCED_FACE ( 'NONE', ( #6135 ), #1230, .F. ) ;
#6990 = CARTESIAN_POINT ( 'NONE',  ( 8.000000000000001776, -87.47571382902634696, 51.48254549944370240 ) ) ;
#6991 = CARTESIAN_POINT ( 'NONE',  ( 8.000000000000001776, 0.000000000000000000, 0.000000000000000000 ) ) ;
#6992 = VERTEX_POINT ( 'NONE', #8190 ) ;
#6993 = DIRECTION ( 'NONE',  ( 0.000000000000000000, 0.000000000000000000, 1.000000000000000000 ) ) ;
#6994 = DIRECTION ( 'NONE',  ( 0.000000000000000000, -0.9718115683235390989, -0.2357589355094378836 ) ) ;
#6995 = VERTEX_POINT ( 'NONE', #5957 ) ;
#6996 = DIRECTION ( 'NONE',  ( 0.000000000000000000, 0.000000000000000000, 1.000000000000000000 ) ) ;
#6997 = CIRCLE ( 'NONE', #2616, 49.50000000000002842 ) ;
#6998 = CIRCLE ( 'NONE', #166, 49.50000000000001421 ) ;
#6999 = EDGE_CURVE ( 'NONE', #2613, #661, #6642, .T. ) ;
#7000 = CARTESIAN_POINT ( 'NONE',  ( 4.000000000000000888, 54.28584969690427187, -80.38685540985615319 ) ) ;
#7001 = EDGE_CURVE ( 'NONE', #3850, #6967, #3566, .T. ) ;
#7002 = VECTOR ( 'NONE', #1463, 1000.000000000000114 ) ;
#7003 = ORIENTED_EDGE ( 'NONE', *, *, #624, .F. ) ;
#7004 = DIRECTION ( 'NONE',  ( -1.000000000000000000, -0.000000000000000000, -0.000000000000000000 ) ) ;
#7005 = FACE_OUTER_BOUND ( 'NONE', #8319, .T. ) ;
#7006 = VERTEX_POINT ( 'NONE', #1804 ) ;
#7007 = ORIENTED_EDGE ( 'NONE', *, *, #7790, .F. ) ;
#7008 = AXIS2_PLACEMENT_3D ( 'NONE', #258, #3841, #5851 ) ;
#7009 = CARTESIAN_POINT ( 'NONE',  ( 8.000000000000001776, -95.11604032214768267, -35.43150962682197758 ) ) ;
#7010 = VERTEX_POINT ( 'NONE', #4586 ) ;
#7011 = EDGE_CURVE ( 'NONE', #5453, #8844, #6691, .T. ) ;
#7012 = EDGE_CURVE ( 'NONE', #5162, #388, #8056, .T. ) ;
#7013 = AXIS2_PLACEMENT_3D ( 'NONE', #8707, #7978, #8754 ) ;
#7014 = ADVANCED_FACE ( 'NONE', ( #8103 ), #1938, .F. ) ;
#7015 = DIRECTION ( 'NONE',  ( 1.000000000000000000, -0.000000000000000000, 0.000000000000000000 ) ) ;
#7016 = ORIENTED_EDGE ( 'NONE', *, *, #1927, .F. ) ;
#7017 = CARTESIAN_POINT ( 'NONE',  ( 8.000000000000001776, -92.72829175089835019, 14.01086750818740434 ) ) ;
#7018 = ORIENTED_EDGE ( 'NONE', *, *, #8990, .F. ) ;
#7019 = CIRCLE ( 'NONE', #2633, 49.50000000000002132 ) ;
#7020 = CARTESIAN_POINT ( 'NONE',  ( -10.00000000000000000, 0.000000000000000000, 0.000000000000000000 ) ) ;
#7021 = CIRCLE ( 'NONE', #4963, 97.00000000000000000 ) ;
#7022 = ORIENTED_EDGE ( 'NONE', *, *, #4804, .T. ) ;
#7023 = DIRECTION ( 'NONE',  ( 0.000000000000000000, 0.3420201433256630508, 0.9396926207859105373 ) ) ;
#7024 = CARTESIAN_POINT ( 'NONE',  ( 0.000000000000000000, -97.17174618014864507, 29.32754243540986749 ) ) ;
#7025 = EDGE_CURVE ( 'NONE', #6224, #8764, #8238, .T. ) ;
#7026 = AXIS2_PLACEMENT_3D ( 'NONE', #1894, #3952, #6746 ) ;
#7027 = AXIS2_PLACEMENT_3D ( 'NONE', #6983, #1337, #4872 ) ;
#7028 = ORIENTED_EDGE ( 'NONE', *, *, #943, .F. ) ;
#7029 = AXIS2_PLACEMENT_3D ( 'NONE', #4066, #6078, #7416 ) ;
#7030 = DIRECTION ( 'NONE',  ( 1.000000000000000000, 0.000000000000000000, 0.000000000000000000 ) ) ;
#7031 = DIRECTION ( 'NONE',  ( 0.000000000000000000, 0.000000000000000000, 1.000000000000000000 ) ) ;
#7032 = ORIENTED_EDGE ( 'NONE', *, *, #1965, .F. ) ;
#7033 = DIRECTION ( 'NONE',  ( -1.000000000000000000, -0.000000000000000000, 0.000000000000000000 ) ) ;
#7034 = ORIENTED_EDGE ( 'NONE', *, *, #4160, .T. ) ;
#7035 = CYLINDRICAL_SURFACE ( 'NONE', #6453, 101.5009999999999906 ) ;
#7036 = LINE ( 'NONE', #4365, #5475 ) ;
#7037 = CIRCLE ( 'NONE', #8775, 49.50000000000002842 ) ;
#7038 = DIRECTION ( 'NONE',  ( -1.000000000000000000, 0.000000000000000000, -0.000000000000000000 ) ) ;
#7039 = PLANE ( 'NONE',  #6541 ) ;
#7040 = CARTESIAN_POINT ( 'NONE',  ( 0.000000000000000000, 5.277501078273780344, -93.63219789015167294 ) ) ;
#7041 = AXIS2_PLACEMENT_3D ( 'NONE', #3866, #6653, #4595 ) ;
#7042 = ORIENTED_EDGE ( 'NONE', *, *, #7442, .T. ) ;
#7043 = DIRECTION ( 'NONE',  ( -1.000000000000000000, -0.000000000000000000, 0.000000000000000000 ) ) ;
#7044 = DIRECTION ( 'NONE',  ( -1.000000000000000000, -0.000000000000000000, 0.000000000000000000 ) ) ;
#7045 = ORIENTED_EDGE ( 'NONE', *, *, #2082, .F. ) ;
#7046 = CARTESIAN_POINT ( 'NONE',  ( 8.000000000000001776, -96.30200313503402754, -11.61568733135904452 ) ) ;
#7047 = AXIS2_PLACEMENT_3D ( 'NONE', #4760, #4936, #7554 ) ;
#7048 = EDGE_CURVE ( 'NONE', #8234, #6180, #7524, .T. ) ;
#7049 = CARTESIAN_POINT ( 'NONE',  ( 0.000000000000000000, 83.56599579877772044, -49.25164308080153575 ) ) ;
#7050 = AXIS2_PLACEMENT_3D ( 'NONE', #5786, #1551, #5056 ) ;
#7051 = DIRECTION ( 'NONE',  ( 0.000000000000000000, 0.000000000000000000, -1.000000000000000000 ) ) ;
#7052 = ORIENTED_EDGE ( 'NONE', *, *, #2650, .F. ) ;
#7053 = CARTESIAN_POINT ( 'NONE',  ( 0.000000000000000000, -29.43929703980932544, -92.42471417214053986 ) ) ;
#7054 = DIRECTION ( 'NONE',  ( -1.000000000000000000, -0.000000000000000000, -0.000000000000000000 ) ) ;
#7055 = VERTEX_POINT ( 'NONE', #6743 ) ;
#7056 = ORIENTED_EDGE ( 'NONE', *, *, #829, .T. ) ;
#7057 = LINE ( 'NONE', #4850, #4161 ) ;
#7058 = ORIENTED_EDGE ( 'NONE', *, *, #6947, .F. ) ;
#7059 = EDGE_CURVE ( 'NONE', #4780, #5956, #7951, .T. ) ;
#7060 = CIRCLE ( 'NONE', #1518, 97.00000000000000000 ) ;
#7061 = VECTOR ( 'NONE', #451, 1000.000000000000000 ) ;
#7062 = DIRECTION ( 'NONE',  ( -1.000000000000000000, 0.000000000000000000, -0.000000000000000000 ) ) ;
#7063 = VECTOR ( 'NONE', #8267, 1000.000000000000000 ) ;
#7064 = ORIENTED_EDGE ( 'NONE', *, *, #5093, .T. ) ;
#7065 = EDGE_CURVE ( 'NONE', #5074, #3142, #3573, .T. ) ;
#7066 = CARTESIAN_POINT ( 'NONE',  ( 8.000000000000001776, -84.43617198548791691, 47.74445371388286929 ) ) ;
#7067 = ADVANCED_FACE ( 'NONE', ( #414 ), #4628, .F. ) ;
#7068 = VERTEX_POINT ( 'NONE', #1177 ) ;
#7069 = CARTESIAN_POINT ( 'NONE',  ( 8.000000000000001776, -79.31118670880010768, 63.34183975731877325 ) ) ;
#7070 = CIRCLE ( 'NONE', #2537, 101.5010000000000048 ) ;
#7071 = EDGE_CURVE ( 'NONE', #6684, #4280, #3309, .T. ) ;
#7072 = VECTOR ( 'NONE', #4516, 1000.000000000000000 ) ;
#7073 = ORIENTED_EDGE ( 'NONE', *, *, #5433, .F. ) ;
#7074 = CARTESIAN_POINT ( 'NONE',  ( -10.00000000000000000, 0.000000000000000000, 0.000000000000000000 ) ) ;
#7075 = DIRECTION ( 'NONE',  ( -1.000000000000000000, -0.000000000000000000, -0.000000000000000000 ) ) ;
#7076 = ORIENTED_EDGE ( 'NONE', *, *, #6218, .T. ) ;
#7077 = DIRECTION ( 'NONE',  ( 1.000000000000000000, 0.000000000000000000, 0.000000000000000000 ) ) ;
#7078 = ADVANCED_FACE ( 'NONE', ( #593 ), #2576, .F. ) ;
#7079 = ORIENTED_EDGE ( 'NONE', *, *, #4779, .T. ) ;
#7080 = VECTOR ( 'NONE', #8897, 1000.000000000000000 ) ;
#7081 = CARTESIAN_POINT ( 'NONE',  ( 3.999999999999998224, 20.52046599069735322, -94.80459100446894638 ) ) ;
#7082 = DIRECTION ( 'NONE',  ( 1.000000000000000000, 0.000000000000000000, 0.000000000000000000 ) ) ;
#7083 = LINE ( 'NONE', #8991, #1183 ) ;
#7084 = DIRECTION ( 'NONE',  ( 0.000000000000000000, 0.000000000000000000, 1.000000000000000000 ) ) ;
#7085 = ORIENTED_EDGE ( 'NONE', *, *, #7071, .T. ) ;
#7086 = CARTESIAN_POINT ( 'NONE',  ( 0.000000000000000000, -87.84259803568458835, -32.84080494922203286 ) ) ;
#7087 = LINE ( 'NONE', #7808, #710 ) ;
#7088 = ORIENTED_EDGE ( 'NONE', *, *, #7838, .T. ) ;
#7089 = CARTESIAN_POINT ( 'NONE',  ( 0.000000000000000000, -20.00522777441419819, -91.62222089136189140 ) ) ;
#7090 = CIRCLE ( 'NONE', #4454, 97.00000000000000000 ) ;
#7091 = DIRECTION ( 'NONE',  ( -1.000000000000000000, 0.000000000000000000, 0.000000000000000000 ) ) ;
#7092 = CARTESIAN_POINT ( 'NONE',  ( 0.000000000000000000, 41.46968330986008766, -92.64296177897115570 ) ) ;
#7093 = ORIENTED_EDGE ( 'NONE', *, *, #2632, .T. ) ;
#7094 = CARTESIAN_POINT ( 'NONE',  ( 7.999999999999992895, 0.000000000000000000, 0.000000000000000000 ) ) ;
#7095 = CARTESIAN_POINT ( 'NONE',  ( 0.000000000000000000, 84.97308417750080878, -55.51601540423594372 ) ) ;
#7096 = ORIENTED_EDGE ( 'NONE', *, *, #1877, .T. ) ;
#7097 = CIRCLE ( 'NONE', #6217, 49.50000000000000711 ) ;
#7098 = ORIENTED_EDGE ( 'NONE', *, *, #5391, .F. ) ;
#7099 = DIRECTION ( 'NONE',  ( 1.000000000000000000, 0.000000000000000000, 0.000000000000000000 ) ) ;
#7100 = ORIENTED_EDGE ( 'NONE', *, *, #6013, .T. ) ;
#7101 = APPLICATION_CONTEXT ( 'automotive_design' ) ;
#7102 = AXIS2_PLACEMENT_3D ( 'NONE', #5683, #2217, #5000 ) ;
#7103 = EDGE_CURVE ( 'NONE', #6156, #6301, #2403, .T. ) ;
#7104 = FACE_OUTER_BOUND ( 'NONE', #119, .T. ) ;
#7105 = VERTEX_POINT ( 'NONE', #1891 ) ;
#7106 = CARTESIAN_POINT ( 'NONE',  ( 16.50000000000001421, 112.4050519506655519, -24.29206240664195349 ) ) ;
#7107 = ORIENTED_EDGE ( 'NONE', *, *, #2028, .F. ) ;
#7108 = AXIS2_PLACEMENT_3D ( 'NONE', #8604, #2635, #4643 ) ;
#7109 = CARTESIAN_POINT ( 'NONE',  ( 0.000000000000000000, -90.20860519332322269, -25.63684942513104303 ) ) ;
#7110 = FACE_OUTER_BOUND ( 'NONE', #4630, .T. ) ;
#7111 = EDGE_CURVE ( 'NONE', #6156, #1448, #5406, .T. ) ;
#7112 = EDGE_LOOP ( 'NONE', ( #4867, #5618, #4623, #4180 ) ) ;
#7113 = CARTESIAN_POINT ( 'NONE',  ( 8.000000000000001776, -45.75568781208222191, -90.60281471258645070 ) ) ;
#7114 = EDGE_CURVE ( 'NONE', #7006, #8030, #1308, .T. ) ;
#7115 = DIRECTION ( 'NONE',  ( 0.000000000000000000, 0.5670598638627660781, 0.8236765814298359079 ) ) ;
#7116 = VERTEX_POINT ( 'NONE', #2842 ) ;
#7117 = CARTESIAN_POINT ( 'NONE',  ( 8.000000000000001776, -65.32250189068433599, 71.70753619210145757 ) ) ;
#7118 = ORIENTED_EDGE ( 'NONE', *, *, #7660, .F. ) ;
#7119 = LINE ( 'NONE', #7844, #937 ) ;
#7120 = CARTESIAN_POINT ( 'NONE',  ( 8.000000000000001776, -74.21852193085094029, 57.32758063769570356 ) ) ;
#7121 = ADVANCED_FACE ( 'NONE', ( #2018 ), #4890, .F. ) ;
#7122 = EDGE_CURVE ( 'NONE', #5158, #3471, #542, .T. ) ;
#7123 = ADVANCED_FACE ( 'NONE', ( #6178 ), #1398, .F. ) ;
#7124 = LINE ( 'NONE', #7262, #2040 ) ;
#7125 = FILL_AREA_STYLE_COLOUR ( '', #8739 ) ;
#7126 = CYLINDRICAL_SURFACE ( 'NONE', #6187, 101.5009999999999906 ) ;
#7127 = ORIENTED_EDGE ( 'NONE', *, *, #5689, .T. ) ;
#7128 = LINE ( 'NONE', #8530, #2197 ) ;
#7129 = DIRECTION ( 'NONE',  ( -1.000000000000000000, -0.000000000000000000, -0.000000000000000000 ) ) ;
#7130 = ORIENTED_EDGE ( 'NONE', *, *, #6592, .F. ) ;
#7131 = DIRECTION ( 'NONE',  ( -1.000000000000000000, 0.000000000000000000, -0.000000000000000000 ) ) ;
#7132 = AXIS2_PLACEMENT_3D ( 'NONE', #4944, #4771, #7562 ) ;
#7133 = CARTESIAN_POINT ( 'NONE',  ( 0.000000000000000000, 0.000000000000000000, 0.000000000000000000 ) ) ;
#7134 = LINE ( 'NONE', #5664, #805 ) ;
#7135 = VERTEX_POINT ( 'NONE', #6261 ) ;
#7136 = DIRECTION ( 'NONE',  ( 0.000000000000000000, 0.000000000000000000, 1.000000000000000000 ) ) ;
#7137 = CARTESIAN_POINT ( 'NONE',  ( 8.000000000000001776, -83.72661252417920252, -42.24564894279249927 ) ) ;
#7138 = ORIENTED_EDGE ( 'NONE', *, *, #6603, .F. ) ;
#7139 = EDGE_LOOP ( 'NONE', ( #6498, #6779, #5174, #6344 ) ) ;
#7140 = AXIS2_PLACEMENT_3D ( 'NONE', #5586, #2165, #1365 ) ;
#7141 = AXIS2_PLACEMENT_3D ( 'NONE', #2075, #7473, #5316 ) ;
#7142 = ORIENTED_EDGE ( 'NONE', *, *, #3093, .F. ) ;
#7143 = AXIS2_PLACEMENT_3D ( 'NONE', #4844, #3612, #1436 ) ;
#7144 = EDGE_LOOP ( 'NONE', ( #8403, #5952, #3572, #4041 ) ) ;
#7145 = DIRECTION ( 'NONE',  ( -1.000000000000000000, 0.000000000000000000, 0.000000000000000000 ) ) ;
#7146 = ORIENTED_EDGE ( 'NONE', *, *, #3988, .F. ) ;
#7147 = CARTESIAN_POINT ( 'NONE',  ( 8.000000000000001776, -25.77599115522042439, -90.16894575926738753 ) ) ;
#7148 = ORIENTED_EDGE ( 'NONE', *, *, #720, .F. ) ;
#7149 = CIRCLE ( 'NONE', #4523, 49.50000000000002132 ) ;
#7150 = CARTESIAN_POINT ( 'NONE',  ( 8.000000000000001776, 0.000000000000000000, 0.000000000000000000 ) ) ;
#7151 = CIRCLE ( 'NONE', #7902, 49.50000000000002132 ) ;
#7152 = LINE ( 'NONE', #911, #7254 ) ;
#7153 = ADVANCED_FACE ( 'NONE', ( #7731 ), #2662, .F. ) ;
#7154 = ORIENTED_EDGE ( 'NONE', *, *, #8965, .F. ) ;
#7155 = CARTESIAN_POINT ( 'NONE',  ( 0.000000000000000000, -8.804448712013822842, -101.1184191128278940 ) ) ;
#7156 = CIRCLE ( 'NONE', #8317, 49.50000000000001421 ) ;
#7157 = CIRCLE ( 'NONE', #5115, 97.00000000000000000 ) ;
#7158 = DIRECTION ( 'NONE',  ( 1.000000000000000000, 0.000000000000000000, 0.000000000000000000 ) ) ;
#7159 = ORIENTED_EDGE ( 'NONE', *, *, #4447, .T. ) ;
#7160 = CARTESIAN_POINT ( 'NONE',  ( 8.000000000000001776, -97.60174128166896423, 27.86311360537725434 ) ) ;
#7161 = ORIENTED_EDGE ( 'NONE', *, *, #7477, .F. ) ;
#7162 = DIRECTION ( 'NONE',  ( -1.000000000000000000, -0.000000000000000000, 0.000000000000000000 ) ) ;
#7163 = DIRECTION ( 'NONE',  ( -1.000000000000000000, 0.000000000000000000, -0.000000000000000000 ) ) ;
#7164 = ADVANCED_FACE ( 'NONE', ( #5490 ), #8365, .F. ) ;
#7165 = CIRCLE ( 'NONE', #5702, 49.50000000000003553 ) ;
#7166 = ORIENTED_EDGE ( 'NONE', *, *, #489, .T. ) ;
#7167 = CYLINDRICAL_SURFACE ( 'NONE', #25, 101.5009999999999906 ) ;
#7168 = DIRECTION ( 'NONE',  ( 0.000000000000000000, -0.9638421585599448171, 0.2664738136900252075 ) ) ;
#7169 = DIRECTION ( 'NONE',  ( -1.000000000000000000, -0.000000000000000000, -0.000000000000000000 ) ) ;
#7170 = ORIENTED_EDGE ( 'NONE', *, *, #8223, .T. ) ;
#7171 = EDGE_CURVE ( 'NONE', #6584, #8875, #1503, .T. ) ;
#7172 = ORIENTED_EDGE ( 'NONE', *, *, #3714, .T. ) ;
#7173 = CARTESIAN_POINT ( 'NONE',  ( 8.000000000000001776, -90.20860519332322269, -25.63684942513104303 ) ) ;
#7174 = AXIS2_PLACEMENT_3D ( 'NONE', #5644, #5735, #6518 ) ;
#7175 = DIRECTION ( 'NONE',  ( 1.000000000000000000, 0.000000000000000000, 0.000000000000000000 ) ) ;
#7176 = ORIENTED_EDGE ( 'NONE', *, *, #3772, .T. ) ;
#7177 = AXIS2_PLACEMENT_3D ( 'NONE', #871, #5828, #1012 ) ;
#7178 = EDGE_CURVE ( 'NONE', #7230, #7676, #2949, .T. ) ;
#7179 = DIRECTION ( 'NONE',  ( -1.000000000000000000, 0.000000000000000000, -0.000000000000000000 ) ) ;
#7180 = ADVANCED_FACE ( 'NONE', ( #766 ), #3522, .F. ) ;
#7181 = CIRCLE ( 'NONE', #7761, 101.5010000000000048 ) ;
#7182 = DIRECTION ( 'NONE',  ( -1.000000000000000000, 0.000000000000000000, 0.000000000000000000 ) ) ;
#7183 = CARTESIAN_POINT ( 'NONE',  ( 8.000000000000001776, -52.62475156798626585, 77.62393974657194917 ) ) ;
#7184 = EDGE_LOOP ( 'NONE', ( #3934, #2803, #1617, #3353 ) ) ;
#7185 = LINE ( 'NONE', #1614, #6303 ) ;
#7186 = DIRECTION ( 'NONE',  ( 0.000000000000000000, 0.000000000000000000, 1.000000000000000000 ) ) ;
#7187 = VERTEX_POINT ( 'NONE', #6961 ) ;
#7188 = AXIS2_PLACEMENT_3D ( 'NONE', #5857, #8587, #2336 ) ;
#7189 = ORIENTED_EDGE ( 'NONE', *, *, #2605, .T. ) ;
#7190 = EDGE_CURVE ( 'NONE', #758, #538, #1479, .T. ) ;
#7191 = AXIS2_PLACEMENT_3D ( 'NONE', #647, #5677, #4772 ) ;
#7192 = ORIENTED_EDGE ( 'NONE', *, *, #8112, .T. ) ;
#7193 =( NAMED_UNIT ( * ) SI_UNIT ( $, .STERADIAN. ) SOLID_ANGLE_UNIT ( ) );
#7194 = AXIS2_PLACEMENT_3D ( 'NONE', #4510, #3965, #1148 ) ;
#7195 = LINE ( 'NONE', #6501, #6554 ) ;
#7196 = ORIENTED_EDGE ( 'NONE', *, *, #6931, .F. ) ;
#7197 = CARTESIAN_POINT ( 'NONE',  ( 8.000000000000001776, 91.97334409823879753, -42.93433330549066085 ) ) ;
#7198 = DIRECTION ( 'NONE',  ( -1.000000000000000000, 0.000000000000000000, 0.000000000000000000 ) ) ;
#7199 = ORIENTED_EDGE ( 'NONE', *, *, #8219, .F. ) ;
#7200 = DIRECTION ( 'NONE',  ( 1.000000000000000000, 0.000000000000000000, 0.000000000000000000 ) ) ;
#7201 = ORIENTED_EDGE ( 'NONE', *, *, #7343, .F. ) ;
#7202 = CIRCLE ( 'NONE', #3544, 97.00000000000000000 ) ;
#7203 = CARTESIAN_POINT ( 'NONE',  ( 8.000000000000001776, 0.000000000000000000, 0.000000000000000000 ) ) ;
#7204 = DIRECTION ( 'NONE',  ( -1.000000000000000000, -0.000000000000000000, -0.000000000000000000 ) ) ;
#7205 = AXIS2_PLACEMENT_3D ( 'NONE', #4156, #757, #6300 ) ;
#7206 = VERTEX_POINT ( 'NONE', #8320 ) ;
#7207 = CIRCLE ( 'NONE', #8220, 97.00000000000000000 ) ;
#7208 = CARTESIAN_POINT ( 'NONE',  ( 8.000000000000001776, -55.58649528943173834, -84.92699536918743775 ) ) ;
#7209 = DIRECTION ( 'NONE',  ( 0.000000000000000000, 0.000000000000000000, 1.000000000000000000 ) ) ;
#7210 = ORIENTED_EDGE ( 'NONE', *, *, #7567, .T. ) ;
#7211 = DIRECTION ( 'NONE',  ( 1.000000000000000000, 0.000000000000000000, 0.000000000000000000 ) ) ;
#7212 = EDGE_LOOP ( 'NONE', ( #2300, #3028, #2732, #6965 ) ) ;
#7213 = DIRECTION ( 'NONE',  ( -1.000000000000000000, 0.000000000000000000, -0.000000000000000000 ) ) ;
#7214 = CARTESIAN_POINT ( 'NONE',  ( 4.000000000000000888, 90.91925016621782163, -33.80369727134448965 ) ) ;
#7215 = VECTOR ( 'NONE', #7850, 1000.000000000000114 ) ;
#7216 = VERTEX_POINT ( 'NONE', #6871 ) ;
#7217 = DIRECTION ( 'NONE',  ( 0.000000000000000000, 0.000000000000000000, 1.000000000000000000 ) ) ;
#7218 = CYLINDRICAL_SURFACE ( 'NONE', #7852, 49.50000000000001421 ) ;
#7219 = VECTOR ( 'NONE', #7536, 1000.000000000000000 ) ;
#7220 = DIRECTION ( 'NONE',  ( -1.000000000000000000, -0.000000000000000000, 0.000000000000000000 ) ) ;
#7221 = ORIENTED_EDGE ( 'NONE', *, *, #3647, .F. ) ;
#7222 = DIRECTION ( 'NONE',  ( -1.000000000000000000, -0.000000000000000000, -0.000000000000000000 ) ) ;
#7223 = LINE ( 'NONE', #1604, #1851 ) ;
#7224 = VERTEX_POINT ( 'NONE', #7053 ) ;
#7225 = DIRECTION ( 'NONE',  ( 1.000000000000000000, 0.000000000000000000, 0.000000000000000000 ) ) ;
#7226 = CARTESIAN_POINT ( 'NONE',  ( 16.50000000000000000, 0.000000000000000000, -121.0000000000000284 ) ) ;
#7227 = ADVANCED_FACE ( 'NONE', ( #4122 ), #812, .F. ) ;
#7228 = EDGE_CURVE ( 'NONE', #2651, #6716, #8053, .T. ) ;
#7229 = DIRECTION ( 'NONE',  ( 1.000000000000000000, 0.000000000000000000, 0.000000000000000000 ) ) ;
#7230 = VERTEX_POINT ( 'NONE', #685 ) ;
#7231 = ADVANCED_FACE ( 'NONE', ( #9004 ), #2065, .F. ) ;
#7232 = CARTESIAN_POINT ( 'NONE',  ( 3.999999999999998224, 13.14214933673543761, -96.10558730277311668 ) ) ;
#7233 = CARTESIAN_POINT ( 'NONE',  ( 0.000000000000000000, 93.77725798045879912, -0.8163241011873780817 ) ) ;
#7234 = VERTEX_POINT ( 'NONE', #2748 ) ;
#7235 = ORIENTED_EDGE ( 'NONE', *, *, #7171, .T. ) ;
#7236 = CIRCLE ( 'NONE', #7804, 49.50000000000002132 ) ;
#7237 = ORIENTED_EDGE ( 'NONE', *, *, #7411, .F. ) ;
#7238 = EDGE_CURVE ( 'NONE', #7733, #8189, #4846, .T. ) ;
#7239 = ADVANCED_FACE ( 'NONE', ( #3707 ), #7815, .F. ) ;
#7240 = AXIS2_PLACEMENT_3D ( 'NONE', #3423, #1875, #2692 ) ;
#7241 = ORIENTED_EDGE ( 'NONE', *, *, #1161, .T. ) ;
#7242 = LINE ( 'NONE', #106, #1256 ) ;
#7243 = CARTESIAN_POINT ( 'NONE',  ( 8.000000000000001776, -95.63804952087187417, -33.99730114057967256 ) ) ;
#7244 = VERTEX_POINT ( 'NONE', #989 ) ;
#7245 = DIRECTION ( 'NONE',  ( 0.000000000000000000, 0.000000000000000000, 1.000000000000000000 ) ) ;
#7246 = ORIENTED_EDGE ( 'NONE', *, *, #2196, .F. ) ;
#7247 = CARTESIAN_POINT ( 'NONE',  ( 8.000000000000001776, 0.000000000000000000, 0.000000000000000000 ) ) ;
#7248 = CIRCLE ( 'NONE', #3446, 49.50000000000002132 ) ;
#7249 = CIRCLE ( 'NONE', #2572, 49.50000000000000711 ) ;
#7250 = CIRCLE ( 'NONE', #7822, 101.5010000000000048 ) ;
#7251 = VERTEX_POINT ( 'NONE', #2247 ) ;
#7252 = DIRECTION ( 'NONE',  ( 0.000000000000000000, 0.000000000000000000, 1.000000000000000000 ) ) ;
#7253 = DIRECTION ( 'NONE',  ( 0.000000000000000000, 0.000000000000000000, 1.000000000000000000 ) ) ;
#7254 = VECTOR ( 'NONE', #5776, 1000.000000000000000 ) ;
#7255 = VERTEX_POINT ( 'NONE', #2931 ) ;
#7256 = DIRECTION ( 'NONE',  ( 0.000000000000000000, -1.065365528680705443E-14, -1.000000000000000000 ) ) ;
#7257 = ORIENTED_EDGE ( 'NONE', *, *, #2656, .F. ) ;
#7258 = DIRECTION ( 'NONE',  ( -1.000000000000000000, -0.000000000000000000, -0.000000000000000000 ) ) ;
#7259 = DIRECTION ( 'NONE',  ( -1.000000000000000000, -0.000000000000000000, -0.000000000000000000 ) ) ;
#7260 = VECTOR ( 'NONE', #2355, 1000.000000000000000 ) ;
#7261 = ORIENTED_EDGE ( 'NONE', *, *, #5045, .T. ) ;
#7262 = CARTESIAN_POINT ( 'NONE',  ( 8.000000000000001776, -75.13411987488933619, 68.24453847470698520 ) ) ;
#7263 = FACE_OUTER_BOUND ( 'NONE', #6181, .T. ) ;
#7264 = CARTESIAN_POINT ( 'NONE',  ( 8.000000000000001776, 0.000000000000000000, 0.000000000000000000 ) ) ;
#7265 = ORIENTED_EDGE ( 'NONE', *, *, #7671, .F. ) ;
#7266 = FACE_OUTER_BOUND ( 'NONE', #8160, .T. ) ;
#7267 = DIRECTION ( 'NONE',  ( -1.000000000000000000, 0.000000000000000000, -0.000000000000000000 ) ) ;
#7268 = EDGE_LOOP ( 'NONE', ( #7809, #2470, #4343, #3614 ) ) ;
#7269 = AXIS2_PLACEMENT_3D ( 'NONE', #1092, #5454, #1762 ) ;
#7270 = DIRECTION ( 'NONE',  ( 0.000000000000000000, 0.000000000000000000, 1.000000000000000000 ) ) ;
#7271 = DIRECTION ( 'NONE',  ( 0.000000000000000000, 0.000000000000000000, 1.000000000000000000 ) ) ;
#7272 = EDGE_CURVE ( 'NONE', #5055, #1893, #8493, .T. ) ;
#7273 = AXIS2_PLACEMENT_3D ( 'NONE', #1647, #6525, #2323 ) ;
#7274 = LINE ( 'NONE', #6631, #3940 ) ;
#7275 = DIRECTION ( 'NONE',  ( -1.000000000000000000, -0.000000000000000000, -0.000000000000000000 ) ) ;
#7276 = ORIENTED_EDGE ( 'NONE', *, *, #2646, .T. ) ;
#7277 = CARTESIAN_POINT ( 'NONE',  ( 8.000000000000001776, -42.37477060330950707, 83.66133704220008838 ) ) ;
#7278 = DIRECTION ( 'NONE',  ( 1.000000000000000000, 0.000000000000000000, 0.000000000000000000 ) ) ;
#7279 = EDGE_LOOP ( 'NONE', ( #6119, #1718, #1221, #448 ) ) ;
#7280 = VERTEX_POINT ( 'NONE', #218 ) ;
#7281 = AXIS2_PLACEMENT_3D ( 'NONE', #3865, #3277, #1898 ) ;
#7282 = VERTEX_POINT ( 'NONE', #853 ) ;
#7283 = ADVANCED_FACE ( 'NONE', ( #172 ), #5757, .F. ) ;
#7284 = EDGE_CURVE ( 'NONE', #923, #6742, #3108, .T. ) ;
#7285 = CARTESIAN_POINT ( 'NONE',  ( 0.000000000000000000, 0.000000000000000000, 0.000000000000000000 ) ) ;
#7286 = DIRECTION ( 'NONE',  ( 0.000000000000000000, -0.6900790114821031551, -0.7237340381050787474 ) ) ;
#7287 = AXIS2_PLACEMENT_3D ( 'NONE', #778, #2758, #1490 ) ;
#7288 = ORIENTED_EDGE ( 'NONE', *, *, #8211, .F. ) ;
#7289 = DIRECTION ( 'NONE',  ( -1.000000000000000000, -0.000000000000000000, -0.000000000000000000 ) ) ;
#7290 = CARTESIAN_POINT ( 'NONE',  ( 8.000000000000001776, -46.39878275736268165, -85.18305558404830435 ) ) ;
#7291 = ORIENTED_EDGE ( 'NONE', *, *, #1276, .T. ) ;
#7292 = EDGE_CURVE ( 'NONE', #220, #3471, #262, .T. ) ;
#7293 = FACE_OUTER_BOUND ( 'NONE', #4784, .T. ) ;
#7294 = ORIENTED_EDGE ( 'NONE', *, *, #8479, .T. ) ;
#7295 = DIRECTION ( 'NONE',  ( 0.000000000000000000, 0.000000000000000000, 1.000000000000000000 ) ) ;
#7296 = EDGE_CURVE ( 'NONE', #3001, #2047, #5804, .T. ) ;
#7297 = DIRECTION ( 'NONE',  ( 1.000000000000000000, -0.000000000000000000, 0.000000000000000000 ) ) ;
#7298 = EDGE_CURVE ( 'NONE', #6026, #6068, #6537, .T. ) ;
#7299 = AXIS2_PLACEMENT_3D ( 'NONE', #2965, #5014, #5447 ) ;
#7300 = AXIS2_PLACEMENT_3D ( 'NONE', #1354, #6219, #2571 ) ;
#7301 = ORIENTED_EDGE ( 'NONE', *, *, #5054, .T. ) ;
#7302 = CARTESIAN_POINT ( 'NONE',  ( -8.500000000000007105, 0.000000000000000000, 0.000000000000000000 ) ) ;
#7303 = EDGE_LOOP ( 'NONE', ( #2112, #7032, #1799, #6952 ) ) ;
#7304 = CARTESIAN_POINT ( 'NONE',  ( 0.000000000000000000, -70.66210574512325593, -66.45198877133034898 ) ) ;
#7305 = ORIENTED_EDGE ( 'NONE', *, *, #974, .F. ) ;
#7306 = CARTESIAN_POINT ( 'NONE',  ( 8.000000000000001776, 0.000000000000000000, 0.000000000000000000 ) ) ;
#7307 = CARTESIAN_POINT ( 'NONE',  ( 0.000000000000000000, 0.000000000000000000, 0.000000000000000000 ) ) ;
#7308 = EDGE_CURVE ( 'NONE', #8590, #295, #4389, .T. ) ;
#7309 = AXIS2_PLACEMENT_3D ( 'NONE', #3906, #1675, #3814 ) ;
#7310 = ORIENTED_EDGE ( 'NONE', *, *, #3652, .T. ) ;
#7311 = FACE_OUTER_BOUND ( 'NONE', #8886, .T. ) ;
#7312 = DIRECTION ( 'NONE',  ( 0.000000000000000000, 0.000000000000000000, -1.000000000000000000 ) ) ;
#7313 = CARTESIAN_POINT ( 'NONE',  ( 0.000000000000000000, 0.000000000000000000, 0.000000000000000000 ) ) ;
#7314 = VERTEX_POINT ( 'NONE', #4482 ) ;
#7315 = CARTESIAN_POINT ( 'NONE',  ( 0.000000000000000000, 10.49144579095612961, -100.9573304233795170 ) ) ;
#7316 = VERTEX_POINT ( 'NONE', #3071 ) ;
#7317 = CARTESIAN_POINT ( 'NONE',  ( 8.000000000000001776, -86.23742840964244749, 36.85032483796442193 ) ) ;
#7318 = CIRCLE ( 'NONE', #5852, 49.50000000000001421 ) ;
#7319 = DIRECTION ( 'NONE',  ( -1.000000000000000000, 0.000000000000000000, 0.000000000000000000 ) ) ;
#7320 = LINE ( 'NONE', #355, #488 ) ;
#7321 = AXIS2_PLACEMENT_3D ( 'NONE', #2316, #7211, #3730 ) ;
#7322 = DIRECTION ( 'NONE',  ( -1.000000000000000000, 0.000000000000000000, -0.000000000000000000 ) ) ;
#7323 = AXIS2_PLACEMENT_3D ( 'NONE', #4656, #3207, #6818 ) ;
#7324 = VERTEX_POINT ( 'NONE', #5175 ) ;
#7325 = DIRECTION ( 'NONE',  ( 0.000000000000000000, 0.000000000000000000, 1.000000000000000000 ) ) ;
#7326 = CARTESIAN_POINT ( 'NONE',  ( 4.000000000000000888, -66.30519446822957264, 70.79986713638845686 ) ) ;
#7327 = VERTEX_POINT ( 'NONE', #5715 ) ;
#7328 = ORIENTED_EDGE ( 'NONE', *, *, #4540, .F. ) ;
#7329 = EDGE_CURVE ( 'NONE', #1369, #2689, #2071, .T. ) ;
#7330 = EDGE_LOOP ( 'NONE', ( #3664, #2946, #4449, #1421 ) ) ;
#7331 = AXIS2_PLACEMENT_3D ( 'NONE', #8659, #2268, #7115 ) ;
#7332 = CARTESIAN_POINT ( 'NONE',  ( 8.000000000000001776, -26.31106071306504290, -98.03153107624814311 ) ) ;
#7333 = ORIENTED_EDGE ( 'NONE', *, *, #8396, .F. ) ;
#7334 = CARTESIAN_POINT ( 'NONE',  ( -10.00000000000000000, 0.000000000000000000, 0.000000000000000000 ) ) ;
#7335 = DIRECTION ( 'NONE',  ( -1.110223024625156294E-16, -0.9819286972627080390, 0.1892512443604032479 ) ) ;
#7336 = ORIENTED_EDGE ( 'NONE', *, *, #7178, .T. ) ;
#7337 = EDGE_CURVE ( 'NONE', #5365, #5730, #7185, .T. ) ;
#7338 = CARTESIAN_POINT ( 'NONE',  ( 8.000000000000001776, 81.55030435593896243, -46.30754105786039787 ) ) ;
#7339 = CARTESIAN_POINT ( 'NONE',  ( 8.000000000000001776, -92.72829175089816545, 35.48913249181134688 ) ) ;
#7340 = CARTESIAN_POINT ( 'NONE',  ( 8.000000000000001776, 0.000000000000000000, 0.000000000000000000 ) ) ;
#7341 = EDGE_CURVE ( 'NONE', #4083, #934, #8203, .T. ) ;
#7342 = CARTESIAN_POINT ( 'NONE',  ( 0.000000000000000000, 0.000000000000000000, 0.000000000000000000 ) ) ;
#7343 = EDGE_CURVE ( 'NONE', #632, #4440, #7957, .T. ) ;
#7344 = EDGE_CURVE ( 'NONE', #8439, #6049, #128, .T. ) ;
#7345 = CARTESIAN_POINT ( 'NONE',  ( 0.000000000000000000, 0.000000000000000000, 0.000000000000000000 ) ) ;
#7346 = VECTOR ( 'NONE', #1371, 1000.000000000000000 ) ;
#7347 = VERTEX_POINT ( 'NONE', #1565 ) ;
#7348 = EDGE_LOOP ( 'NONE', ( #7142, #1027, #5615, #7489 ) ) ;
#7349 = ADVANCED_FACE ( 'NONE', ( #2886 ), #4340, .F. ) ;
#7350 = CARTESIAN_POINT ( 'NONE',  ( 8.000000000000001776, -33.91794212442418655, -95.66622289525292899 ) ) ;
#7351 = ORIENTED_EDGE ( 'NONE', *, *, #2756, .T. ) ;
#7352 = DIRECTION ( 'NONE',  ( -1.000000000000000000, 0.000000000000000000, -0.000000000000000000 ) ) ;
#7353 = DIRECTION ( 'NONE',  ( 1.000000000000000000, -0.000000000000000000, 0.000000000000000000 ) ) ;
#7354 = CIRCLE ( 'NONE', #941, 101.5010000000000048 ) ;
#7355 = VERTEX_POINT ( 'NONE', #4982 ) ;
#7356 = FACE_OUTER_BOUND ( 'NONE', #1676, .T. ) ;
#7357 = AXIS2_PLACEMENT_3D ( 'NONE', #5320, #4672, #8104 ) ;
#7358 = EDGE_CURVE ( 'NONE', #5408, #8538, #1363, .T. ) ;
#7359 = CARTESIAN_POINT ( 'NONE',  ( 8.000000000000001776, -60.86098462158878419, -81.23049644001157787 ) ) ;
#7360 = CARTESIAN_POINT ( 'NONE',  ( 3.999999999999998224, 2.207747618793609590, -96.97487226313684516 ) ) ;
#7361 = VERTEX_POINT ( 'NONE', #7861 ) ;
#7362 = DIRECTION ( 'NONE',  ( 0.000000000000000000, 0.03172793349806100893, 0.9994965423831853046 ) ) ;
#7363 = VERTEX_POINT ( 'NONE', #5221 ) ;
#7364 = DIRECTION ( 'NONE',  ( 1.000000000000000000, 0.000000000000000000, 0.000000000000000000 ) ) ;
#7365 = CYLINDRICAL_SURFACE ( 'NONE', #1690, 49.50000000000002132 ) ;
#7366 = AXIS2_PLACEMENT_3D ( 'NONE', #2136, #578, #6942 ) ;
#7367 = CIRCLE ( 'NONE', #680, 97.00000000000000000 ) ;
#7368 = VECTOR ( 'NONE', #1113, 1000.000000000000000 ) ;
#7369 = CARTESIAN_POINT ( 'NONE',  ( 8.000000000000001776, -95.11604032214818005, 35.43150962682069860 ) ) ;
#7370 = CARTESIAN_POINT ( 'NONE',  ( 8.000000000000001776, -51.40995245025470695, -87.51839686638774651 ) ) ;
#7371 = ORIENTED_EDGE ( 'NONE', *, *, #2800, .F. ) ;
#7372 = DIRECTION ( 'NONE',  ( 1.000000000000000000, 0.000000000000000000, 0.000000000000000000 ) ) ;
#7373 = CARTESIAN_POINT ( 'NONE',  ( 8.000000000000001776, -70.65451445836178834, 72.87244052214214207 ) ) ;
#7374 = ORIENTED_EDGE ( 'NONE', *, *, #4868, .F. ) ;
#7375 = VERTEX_POINT ( 'NONE', #1124 ) ;
#7376 = CIRCLE ( 'NONE', #5466, 49.50000000000000711 ) ;
#7377 = ORIENTED_EDGE ( 'NONE', *, *, #7414, .F. ) ;
#7378 = CARTESIAN_POINT ( 'NONE',  ( 8.000000000000001776, 86.75640213517152688, -35.61133510459993090 ) ) ;
#7379 = VERTEX_POINT ( 'NONE', #3845 ) ;
#7380 = CARTESIAN_POINT ( 'NONE',  ( 16.50000000000000711, 96.35576641085029337, -26.73229693121841777 ) ) ;
#7381 = DIRECTION ( 'NONE',  ( -1.000000000000000000, -0.000000000000000000, 0.000000000000000000 ) ) ;
#7382 = AXIS2_PLACEMENT_3D ( 'NONE', #6576, #3117, #8458 ) ;
#7383 = ORIENTED_EDGE ( 'NONE', *, *, #8725, .T. ) ;
#7384 = FACE_OUTER_BOUND ( 'NONE', #2957, .T. ) ;
#7385 = DIRECTION ( 'NONE',  ( 0.000000000000000000, 0.000000000000000000, 1.000000000000000000 ) ) ;
#7386 = VERTEX_POINT ( 'NONE', #539 ) ;
#7387 = CIRCLE ( 'NONE', #8535, 97.00000000000000000 ) ;
#7388 = ADVANCED_FACE ( 'NONE', ( #3935 ), #8823, .F. ) ;
#7389 = CARTESIAN_POINT ( 'NONE',  ( 8.000000000000001776, -0.6716452350692749818, -93.77840578752612544 ) ) ;
#7390 = CYLINDRICAL_SURFACE ( 'NONE', #4558, 97.00000000000000000 ) ;
#7391 = ORIENTED_EDGE ( 'NONE', *, *, #8512, .T. ) ;
#7392 = VERTEX_POINT ( 'NONE', #2610 ) ;
#7393 = CARTESIAN_POINT ( 'NONE',  ( 8.000000000000001776, 0.000000000000000000, 0.000000000000000000 ) ) ;
#7394 = ORIENTED_EDGE ( 'NONE', *, *, #5220, .T. ) ;
#7395 = VECTOR ( 'NONE', #7163, 1000.000000000000000 ) ;
#7396 = CARTESIAN_POINT ( 'NONE',  ( 0.000000000000000000, 68.30685095816747321, -75.07747407297810582 ) ) ;
#7397 = CARTESIAN_POINT ( 'NONE',  ( 0.000000000000000000, -65.89040824918107830, 77.20691097146843163 ) ) ;
#7398 = AXIS2_PLACEMENT_3D ( 'NONE', #2417, #4651, #7454 ) ;
#7399 = EDGE_CURVE ( 'NONE', #2024, #7997, #6759, .T. ) ;
#7400 = VECTOR ( 'NONE', #6485, 1000.000000000000000 ) ;
#7401 = EDGE_CURVE ( 'NONE', #869, #2896, #1217, .T. ) ;
#7402 = ORIENTED_EDGE ( 'NONE', *, *, #3264, .T. ) ;
#7403 = AXIS2_PLACEMENT_3D ( 'NONE', #8853, #2595, #1955 ) ;
#7404 = DIRECTION ( 'NONE',  ( -1.000000000000000000, -0.000000000000000000, -0.000000000000000000 ) ) ;
#7405 = CARTESIAN_POINT ( 'NONE',  ( 0.000000000000000000, 64.59221519262636946, -78.29622428642041143 ) ) ;
#7406 = DIRECTION ( 'NONE',  ( -1.000000000000000000, -0.000000000000000000, -0.000000000000000000 ) ) ;
#7407 = ORIENTED_EDGE ( 'NONE', *, *, #6099, .F. ) ;
#7408 = CARTESIAN_POINT ( 'NONE',  ( 8.000000000000001776, 38.09152125614464524, -89.20782481594696378 ) ) ;
#7409 = ORIENTED_EDGE ( 'NONE', *, *, #6900, .F. ) ;
#7410 = CYLINDRICAL_SURFACE ( 'NONE', #6079, 101.5009999999999906 ) ;
#7411 = EDGE_CURVE ( 'NONE', #7527, #4044, #4560, .T. ) ;
#7412 = DIRECTION ( 'NONE',  ( 0.000000000000000000, 0.000000000000000000, 1.000000000000000000 ) ) ;
#7413 = CIRCLE ( 'NONE', #4910, 101.5010000000000048 ) ;
#7414 = EDGE_CURVE ( 'NONE', #899, #7068, #924, .T. ) ;
#7415 = EDGE_CURVE ( 'NONE', #4403, #1937, #3253, .T. ) ;
#7416 = DIRECTION ( 'NONE',  ( 0.000000000000000000, 0.000000000000000000, 1.000000000000000000 ) ) ;
#7417 = DIRECTION ( 'NONE',  ( 0.000000000000000000, 0.000000000000000000, 1.000000000000000000 ) ) ;
#7418 = EDGE_LOOP ( 'NONE', ( #7664, #4642, #3720, #4730 ) ) ;
#7419 = CARTESIAN_POINT ( 'NONE',  ( 8.000000000000001776, -8.245600228094202677, 93.41761384369736732 ) ) ;
#7420 = DIRECTION ( 'NONE',  ( 1.000000000000000000, 0.000000000000000000, 0.000000000000000000 ) ) ;
#7421 = EDGE_LOOP ( 'NONE', ( #5903, #7056, #8137, #6445 ) ) ;
#7422 = ORIENTED_EDGE ( 'NONE', *, *, #7424, .F. ) ;
#7423 = ORIENTED_EDGE ( 'NONE', *, *, #7660, .T. ) ;
#7424 = EDGE_CURVE ( 'NONE', #1665, #3168, #3982, .T. ) ;
#7425 = DIRECTION ( 'NONE',  ( 0.000000000000000000, 0.000000000000000000, 1.000000000000000000 ) ) ;
#7426 = FACE_OUTER_BOUND ( 'NONE', #6542, .T. ) ;
#7427 = ORIENTED_EDGE ( 'NONE', *, *, #8945, .T. ) ;
#7428 = CARTESIAN_POINT ( 'NONE',  ( 8.000000000000001776, -77.70503590289530393, -52.50493209881769729 ) ) ;
#7429 = DIRECTION ( 'NONE',  ( 0.000000000000000000, 0.000000000000000000, 1.000000000000000000 ) ) ;
#7430 = VERTEX_POINT ( 'NONE', #3895 ) ;
#7431 = AXIS2_PLACEMENT_3D ( 'NONE', #5296, #4693, #1334 ) ;
#7432 = CARTESIAN_POINT ( 'NONE',  ( 0.000000000000000000, 0.000000000000000000, 0.000000000000000000 ) ) ;
#7433 = CARTESIAN_POINT ( 'NONE',  ( -8.500000000000007105, 0.000000000000000000, -115.0000000000000142 ) ) ;
#7434 = ORIENTED_EDGE ( 'NONE', *, *, #1427, .T. ) ;
#7435 = DIRECTION ( 'NONE',  ( 0.000000000000000000, 0.000000000000000000, 1.000000000000000000 ) ) ;
#7436 = CARTESIAN_POINT ( 'NONE',  ( -10.00000000000000000, 0.000000000000000000, 0.000000000000000000 ) ) ;
#7437 = ORIENTED_EDGE ( 'NONE', *, *, #4490, .F. ) ;
#7438 = DIRECTION ( 'NONE',  ( -1.000000000000000000, 0.000000000000000000, -0.000000000000000000 ) ) ;
#7439 = LINE ( 'NONE', #1191, #2041 ) ;
#7440 = EDGE_LOOP ( 'NONE', ( #3173, #3837, #6948, #3972 ) ) ;
#7441 = CIRCLE ( 'NONE', #7140, 101.5010000000000048 ) ;
#7442 = EDGE_CURVE ( 'NONE', #8687, #3342, #1166, .T. ) ;
#7443 = DIRECTION ( 'NONE',  ( -1.000000000000000000, 0.000000000000000000, -0.000000000000000000 ) ) ;
#7444 = LINE ( 'NONE', #6761, #6956 ) ;
#7445 = ORIENTED_EDGE ( 'NONE', *, *, #7950, .F. ) ;
#7446 = AXIS2_PLACEMENT_3D ( 'NONE', #1597, #6524, #8713 ) ;
#7447 = CARTESIAN_POINT ( 'NONE',  ( 8.000000000000001776, 88.59223732086695691, -39.50209471006806439 ) ) ;
#7448 = DIRECTION ( 'NONE',  ( -1.000000000000000000, -0.000000000000000000, -0.000000000000000000 ) ) ;
#7449 = FACE_OUTER_BOUND ( 'NONE', #2205, .T. ) ;
#7450 = VERTEX_POINT ( 'NONE', #4659 ) ;
#7451 = AXIS2_PLACEMENT_3D ( 'NONE', #4203, #36, #849 ) ;
#7452 = LINE ( 'NONE', #3836, #8470 ) ;
#7453 = ORIENTED_EDGE ( 'NONE', *, *, #6222, .F. ) ;
#7454 = DIRECTION ( 'NONE',  ( 0.000000000000000000, 0.000000000000000000, 1.000000000000000000 ) ) ;
#7455 = CARTESIAN_POINT ( 'NONE',  ( 8.000000000000001776, 0.000000000000000000, 0.000000000000000000 ) ) ;
#7456 = ADVANCED_FACE ( 'NONE', ( #405 ), #3258, .F. ) ;
#7457 = CIRCLE ( 'NONE', #7879, 49.50000000000002842 ) ;
#7458 = CARTESIAN_POINT ( 'NONE',  ( 3.999999999999998224, -96.75998376373412668, -6.819497198614368649 ) ) ;
#7459 = ADVANCED_FACE ( 'NONE', ( #1793 ), #449, .F. ) ;
#7460 = DIRECTION ( 'NONE',  ( 0.000000000000000000, 0.000000000000000000, 1.000000000000000000 ) ) ;
#7461 = ADVANCED_FACE ( 'NONE', ( #5948 ), #7509, .F. ) ;
#7462 = ORIENTED_EDGE ( 'NONE', *, *, #7726, .T. ) ;
#7463 = DIRECTION ( 'NONE',  ( -1.000000000000000000, -0.000000000000000000, -0.000000000000000000 ) ) ;
#7464 = ADVANCED_FACE ( 'NONE', ( #2518 ), #3300, .F. ) ;
#7465 = VECTOR ( 'NONE', #1429, 1000.000000000000000 ) ;
#7466 = DIRECTION ( 'NONE',  ( 1.000000000000000000, -0.000000000000000000, -0.000000000000000000 ) ) ;
#7467 = ORIENTED_EDGE ( 'NONE', *, *, #1693, .T. ) ;
#7468 = VERTEX_POINT ( 'NONE', #1929 ) ;
#7469 = ADVANCED_FACE ( 'NONE', ( #4708 ), #1260, .F. ) ;
#7470 = VERTEX_POINT ( 'NONE', #8684 ) ;
#7471 = CIRCLE ( 'NONE', #2054, 97.00000000000000000 ) ;
#7472 = CIRCLE ( 'NONE', #1921, 97.00000000000000000 ) ;
#7473 = DIRECTION ( 'NONE',  ( -1.000000000000000000, -0.000000000000000000, -0.000000000000000000 ) ) ;
#7474 = AXIS2_PLACEMENT_3D ( 'NONE', #1257, #4026, #8906 ) ;
#7475 = ORIENTED_EDGE ( 'NONE', *, *, #7995, .F. ) ;
#7476 = CARTESIAN_POINT ( 'NONE',  ( 8.000000000000001776, -67.04387314720949576, 76.20742794781151019 ) ) ;
#7477 = EDGE_CURVE ( 'NONE', #7450, #5879, #2366, .T. ) ;
#7478 = DIRECTION ( 'NONE',  ( -1.000000000000000000, -0.000000000000000000, -0.000000000000000000 ) ) ;
#7479 = EDGE_LOOP ( 'NONE', ( #8071, #7394, #7853, #903 ) ) ;
#7480 = CIRCLE ( 'NONE', #3069, 101.5010000000000332 ) ;
#7481 = CARTESIAN_POINT ( 'NONE',  ( 4.000000000000000888, -29.43929703980932544, -92.42471417214053986 ) ) ;
#7482 = CIRCLE ( 'NONE', #8630, 97.00000000000000000 ) ;
#7483 = ORIENTED_EDGE ( 'NONE', *, *, #859, .F. ) ;
#7484 = CYLINDRICAL_SURFACE ( 'NONE', #13, 97.00000000000000000 ) ;
#7485 = FACE_OUTER_BOUND ( 'NONE', #232, .T. ) ;
#7486 = ORIENTED_EDGE ( 'NONE', *, *, #4825, .F. ) ;
#7487 = CARTESIAN_POINT ( 'NONE',  ( 8.000000000000001776, 0.000000000000000000, 0.000000000000000000 ) ) ;
#7488 = LINE ( 'NONE', #6237, #6720 ) ;
#7489 = ORIENTED_EDGE ( 'NONE', *, *, #284, .T. ) ;
#7490 = AXIS2_PLACEMENT_3D ( 'NONE', #6585, #1837, #358 ) ;
#7491 = CYLINDRICAL_SURFACE ( 'NONE', #209, 49.50000000000001421 ) ;
#7492 = DIRECTION ( 'NONE',  ( 1.000000000000000000, 0.000000000000000000, 0.000000000000000000 ) ) ;
#7493 = VERTEX_POINT ( 'NONE', #2427 ) ;
#7494 = CIRCLE ( 'NONE', #3261, 97.00000000000000000 ) ;
#7495 = FACE_OUTER_BOUND ( 'NONE', #6855, .T. ) ;
#7496 = CARTESIAN_POINT ( 'NONE',  ( 0.000000000000000000, -101.1110795888539258, -8.888339854913565929 ) ) ;
#7497 = DIRECTION ( 'NONE',  ( -1.000000000000000000, -0.000000000000000000, 0.000000000000000000 ) ) ;
#7498 = ORIENTED_EDGE ( 'NONE', *, *, #314, .T. ) ;
#7499 = VECTOR ( 'NONE', #4660, 1000.000000000000000 ) ;
#7500 = ORIENTED_EDGE ( 'NONE', *, *, #8173, .F. ) ;
#7501 = CYLINDRICAL_SURFACE ( 'NONE', #8407, 49.50000000000001421 ) ;
#7502 = DIRECTION ( 'NONE',  ( 0.000000000000000000, 0.03172793349806100199, 0.9994965423831853046 ) ) ;
#7503 = AXIS2_PLACEMENT_3D ( 'NONE', #7789, #233, #6369 ) ;
#7504 = EDGE_CURVE ( 'NONE', #6596, #4606, #4882, .T. ) ;
#7505 = DIRECTION ( 'NONE',  ( 0.000000000000000000, -0.9341478602651026586, -0.3568862215918823799 ) ) ;
#7506 = CIRCLE ( 'NONE', #4139, 49.50000000000002132 ) ;
#7507 = DIRECTION ( 'NONE',  ( -1.000000000000000000, -0.000000000000000000, 0.000000000000000000 ) ) ;
#7508 = ORIENTED_EDGE ( 'NONE', *, *, #5818, .F. ) ;
#7509 = CYLINDRICAL_SURFACE ( 'NONE', #6904, 49.50000000000001421 ) ;
#7510 = CARTESIAN_POINT ( 'NONE',  ( 8.000000000000001776, -86.69171227586959105, -52.79204507951780556 ) ) ;
#7511 = EDGE_LOOP ( 'NONE', ( #2250, #3505, #1495, #8600 ) ) ;
#7512 = EDGE_CURVE ( 'NONE', #6335, #137, #5849, .T. ) ;
#7513 = FACE_OUTER_BOUND ( 'NONE', #1786, .T. ) ;
#7514 = EDGE_CURVE ( 'NONE', #131, #8568, #5547, .T. ) ;
#7515 = VERTEX_POINT ( 'NONE', #4751 ) ;
#7516 = CARTESIAN_POINT ( 'NONE',  ( 0.000000000000000000, 0.8701761867115007654, -96.99609679468592560 ) ) ;
#7517 = CARTESIAN_POINT ( 'NONE',  ( 0.000000000000000000, -76.15177792364907816, -67.10707652749626106 ) ) ;
#7518 = ORIENTED_EDGE ( 'NONE', *, *, #2980, .T. ) ;
#7519 = LINE ( 'NONE', #7481, #4919 ) ;
#7520 = VERTEX_POINT ( 'NONE', #2835 ) ;
#7521 = EDGE_CURVE ( 'NONE', #3279, #5139, #6728, .T. ) ;
#7522 = EDGE_CURVE ( 'NONE', #3052, #3712, #8178, .T. ) ;
#7523 = EDGE_CURVE ( 'NONE', #5627, #8, #3343, .T. ) ;
#7524 = CIRCLE ( 'NONE', #6055, 49.50000000000001421 ) ;
#7525 = DIRECTION ( 'NONE',  ( 0.000000000000000000, 0.000000000000000000, 1.000000000000000000 ) ) ;
#7526 = FACE_OUTER_BOUND ( 'NONE', #2224, .T. ) ;
#7527 = VERTEX_POINT ( 'NONE', #2652 ) ;
#7528 = DIRECTION ( 'NONE',  ( 0.000000000000000000, -0.4297949120891598196, -0.9029265382866267231 ) ) ;
#7529 = CARTESIAN_POINT ( 'NONE',  ( 0.000000000000000000, 0.000000000000000000, 0.000000000000000000 ) ) ;
#7530 = VERTEX_POINT ( 'NONE', #715 ) ;
#7531 = CARTESIAN_POINT ( 'NONE',  ( 0.000000000000000000, -96.30200313503402754, -11.61568733135904452 ) ) ;
#7532 = CARTESIAN_POINT ( 'NONE',  ( 3.999999999999998224, -92.36341720061230376, 29.63105065679639338 ) ) ;
#7533 = CARTESIAN_POINT ( 'NONE',  ( 8.000000000000001776, -36.98332656173007393, 86.18047375014909051 ) ) ;
#7534 = DIRECTION ( 'NONE',  ( 1.000000000000000000, 0.000000000000000000, 0.000000000000000000 ) ) ;
#7535 = CIRCLE ( 'NONE', #4893, 97.00000000000000000 ) ;
#7536 = DIRECTION ( 'NONE',  ( -1.000000000000000000, 0.000000000000000000, 0.000000000000000000 ) ) ;
#7537 = ORIENTED_EDGE ( 'NONE', *, *, #3528, .T. ) ;
#7538 = CARTESIAN_POINT ( 'NONE',  ( 8.000000000000001776, -91.94599763622035482, 30.90199861950939564 ) ) ;
#7539 = ORIENTED_EDGE ( 'NONE', *, *, #5561, .T. ) ;
#7540 = CARTESIAN_POINT ( 'NONE',  ( 0.000000000000000000, 47.91958859476037702, -84.33690194042527821 ) ) ;
#7541 = DIRECTION ( 'NONE',  ( 1.000000000000000000, -1.090159848241243142E-16, 2.101110889278814005E-17 ) ) ;
#7542 = CIRCLE ( 'NONE', #3306, 49.50000000000002132 ) ;
#7543 = VECTOR ( 'NONE', #609, 1000.000000000000000 ) ;
#7544 = DIRECTION ( 'NONE',  ( -1.000000000000000000, -0.000000000000000000, -0.000000000000000000 ) ) ;
#7545 = DIRECTION ( 'NONE',  ( 1.000000000000000000, 0.000000000000000000, 0.000000000000000000 ) ) ;
#7546 = ORIENTED_EDGE ( 'NONE', *, *, #4148, .F. ) ;
#7547 = DIRECTION ( 'NONE',  ( -1.000000000000000000, 0.000000000000000000, 0.000000000000000000 ) ) ;
#7548 = CARTESIAN_POINT ( 'NONE',  ( 8.000000000000001776, 0.000000000000000000, 0.000000000000000000 ) ) ;
#7549 = VERTEX_POINT ( 'NONE', #5616 ) ;
#7550 = EDGE_CURVE ( 'NONE', #4280, #6074, #1390, .T. ) ;
#7551 = FACE_OUTER_BOUND ( 'NONE', #3376, .T. ) ;
#7552 = FILL_AREA_STYLE ('',( #7125 ) ) ;
#7553 = ORIENTED_EDGE ( 'NONE', *, *, #5216, .F. ) ;
#7554 = DIRECTION ( 'NONE',  ( 0.000000000000000000, 0.000000000000000000, 1.000000000000000000 ) ) ;
#7555 = DIRECTION ( 'NONE',  ( 0.000000000000000000, 0.6667690005162877354, 0.7452644496757582226 ) ) ;
#7556 = ORIENTED_EDGE ( 'NONE', *, *, #8395, .F. ) ;
#7557 = ORIENTED_EDGE ( 'NONE', *, *, #7065, .F. ) ;
#7558 = EDGE_CURVE ( 'NONE', #8875, #8, #1342, .T. ) ;
#7559 = DIRECTION ( 'NONE',  ( 1.000000000000000000, 0.000000000000000000, 0.000000000000000000 ) ) ;
#7560 = VERTEX_POINT ( 'NONE', #5570 ) ;
#7561 = EDGE_CURVE ( 'NONE', #4498, #4463, #7021, .T. ) ;
#7562 = DIRECTION ( 'NONE',  ( 0.000000000000000000, 0.000000000000000000, 1.000000000000000000 ) ) ;
#7563 = AXIS2_PLACEMENT_3D ( 'NONE', #8525, #346, #4419 ) ;
#7564 = EDGE_CURVE ( 'NONE', #6228, #7010, #76, .T. ) ;
#7565 = CARTESIAN_POINT ( 'NONE',  ( 3.999999999999998224, -87.86926881703357139, -41.08517491212484884 ) ) ;
#7566 = ORIENTED_EDGE ( 'NONE', *, *, #3766, .T. ) ;
#7567 = EDGE_CURVE ( 'NONE', #2755, #6096, #7157, .T. ) ;
#7568 = CARTESIAN_POINT ( 'NONE',  ( 16.50000000000000711, 100.8977962754999709, -3.166008196913418615 ) ) ;
#7569 = CARTESIAN_POINT ( 'NONE',  ( -8.499999999999994671, 96.35576641085029337, -26.73229693121841777 ) ) ;
#7570 = ADVANCED_FACE ( 'NONE', ( #8224 ), #8269, .F. ) ;
#7571 = VERTEX_POINT ( 'NONE', #8910 ) ;
#7572 = CARTESIAN_POINT ( 'NONE',  ( 0.000000000000000000, -6.618087070103778835, -93.54700114329817495 ) ) ;
#7573 = CARTESIAN_POINT ( 'NONE',  ( 8.000000000000001776, -92.72829175089835019, 14.01086750818740434 ) ) ;
#7574 = EDGE_LOOP ( 'NONE', ( #2365, #6273, #5298, #1932 ) ) ;
#7575 = CARTESIAN_POINT ( 'NONE',  ( 8.000000000000001776, -62.07551835259080519, 80.30618296406049694 ) ) ;
#7576 = CARTESIAN_POINT ( 'NONE',  ( 8.000000000000001776, 32.70524385948489510, -87.89315970804172196 ) ) ;
#7577 = ORIENTED_EDGE ( 'NONE', *, *, #2312, .F. ) ;
#7578 = AXIS2_PLACEMENT_3D ( 'NONE', #2526, #3946, #6591 ) ;
#7579 = DIRECTION ( 'NONE',  ( -1.000000000000000000, 0.000000000000000000, 0.000000000000000000 ) ) ;
#7580 = EDGE_CURVE ( 'NONE', #8884, #5975, #8039, .T. ) ;
#7581 = ORIENTED_EDGE ( 'NONE', *, *, #7329, .T. ) ;
#7582 = CARTESIAN_POINT ( 'NONE',  ( 8.000000000000001776, 47.91958859476037702, -84.33690194042527821 ) ) ;
#7583 = DIRECTION ( 'NONE',  ( 1.000000000000000000, 0.000000000000000000, 0.000000000000000000 ) ) ;
#7584 = DIRECTION ( 'NONE',  ( -1.000000000000000000, -0.000000000000000000, 0.000000000000000000 ) ) ;
#7585 = CIRCLE ( 'NONE', #3217, 49.50000000000002842 ) ;
#7586 = CARTESIAN_POINT ( 'NONE',  ( 8.000000000000001776, 83.56599579877772044, -49.25164308080153575 ) ) ;
#7587 = ORIENTED_EDGE ( 'NONE', *, *, #5707, .F. ) ;
#7588 = AXIS2_PLACEMENT_3D ( 'NONE', #22, #7668, #7713 ) ;
#7589 = DIRECTION ( 'NONE',  ( -1.000000000000000000, -0.000000000000000000, -0.000000000000000000 ) ) ;
#7590 = DIRECTION ( 'NONE',  ( 1.000000000000000000, -0.000000000000000000, 0.000000000000000000 ) ) ;
#7591 = VERTEX_POINT ( 'NONE', #1969 ) ;
#7592 = DIRECTION ( 'NONE',  ( 0.000000000000000000, 0.000000000000000000, -1.000000000000000000 ) ) ;
#7593 = FACE_OUTER_BOUND ( 'NONE', #3291, .T. ) ;
#7594 = VECTOR ( 'NONE', #7743, 1000.000000000000000 ) ;
#7595 = AXIS2_PLACEMENT_3D ( 'NONE', #6822, #674, #8357 ) ;
#7596 = ADVANCED_FACE ( 'NONE', ( #2148 ), #8955, .F. ) ;
#7597 = ORIENTED_EDGE ( 'NONE', *, *, #8632, .T. ) ;
#7598 = CARTESIAN_POINT ( 'NONE',  ( 8.000000000000001776, -27.78212749876423615, -97.62482467406745457 ) ) ;
#7599 = DIRECTION ( 'NONE',  ( 1.000000000000000000, 0.000000000000000000, -0.000000000000000000 ) ) ;
#7600 = ORIENTED_EDGE ( 'NONE', *, *, #8171, .T. ) ;
#7601 = ORIENTED_EDGE ( 'NONE', *, *, #1472, .F. ) ;
#7602 = FACE_OUTER_BOUND ( 'NONE', #8660, .T. ) ;
#7603 = AXIS2_PLACEMENT_3D ( 'NONE', #4336, #7225, #983 ) ;
#7604 = ORIENTED_EDGE ( 'NONE', *, *, #8265, .F. ) ;
#7605 = AXIS2_PLACEMENT_3D ( 'NONE', #8985, #7579, #1420 ) ;
#7606 = VECTOR ( 'NONE', #5612, 1000.000000000000000 ) ;
#7607 = DIRECTION ( 'NONE',  ( 1.000000000000000000, 0.000000000000000000, 0.000000000000000000 ) ) ;
#7608 = CIRCLE ( 'NONE', #325, 97.00000000000000000 ) ;
#7609 = CARTESIAN_POINT ( 'NONE',  ( 0.000000000000000000, 71.84295120991663453, -65.17354034767130599 ) ) ;
#7610 = AXIS2_PLACEMENT_3D ( 'NONE', #6980, #1375, #3591 ) ;
#7611 = EDGE_LOOP ( 'NONE', ( #3240, #7453, #1408, #7042 ) ) ;
#7612 = DIRECTION ( 'NONE',  ( 0.000000000000000000, 0.000000000000000000, 1.000000000000000000 ) ) ;
#7613 = DIRECTION ( 'NONE',  ( -1.000000000000000000, -0.000000000000000000, 0.000000000000000000 ) ) ;
#7614 = VERTEX_POINT ( 'NONE', #2011 ) ;
#7615 = FACE_OUTER_BOUND ( 'NONE', #4140, .T. ) ;
#7616 = DIRECTION ( 'NONE',  ( 0.000000000000000000, 0.09505604330417623260, 0.9954719225730852550 ) ) ;
#7617 = EDGE_CURVE ( 'NONE', #5052, #6725, #3232, .T. ) ;
#7618 = EDGE_CURVE ( 'NONE', #3311, #2302, #5480, .T. ) ;
#7619 = DIRECTION ( 'NONE',  ( 0.000000000000000000, -0.4297949120891599306, -0.9029265382866267231 ) ) ;
#7620 = EDGE_CURVE ( 'NONE', #5960, #5075, #2781, .T. ) ;
#7621 = DIRECTION ( 'NONE',  ( 0.000000000000000000, -0.9549022414440706541, -0.2969203753282850244 ) ) ;
#7622 = DIRECTION ( 'NONE',  ( 1.000000000000000000, 0.000000000000000000, 0.000000000000000000 ) ) ;
#7623 = ORIENTED_EDGE ( 'NONE', *, *, #3030, .T. ) ;
#7624 = DIRECTION ( 'NONE',  ( 0.000000000000000000, -0.7557495743542639310, 0.6548607339452785503 ) ) ;
#7625 = ORIENTED_EDGE ( 'NONE', *, *, #2596, .T. ) ;
#7626 = AXIS2_PLACEMENT_3D ( 'NONE', #2895, #7062, #1989 ) ;
#7627 = DIRECTION ( 'NONE',  ( -1.000000000000000000, -0.000000000000000000, 0.000000000000000000 ) ) ;
#7628 = CARTESIAN_POINT ( 'NONE',  ( 0.000000000000000000, 45.00783804032340640, -82.27475320113529733 ) ) ;
#7629 = CIRCLE ( 'NONE', #7050, 49.50000000000003553 ) ;
#7630 = EDGE_CURVE ( 'NONE', #1179, #7515, #8759, .T. ) ;
#7631 = EDGE_CURVE ( 'NONE', #1739, #5453, #7128, .T. ) ;
#7632 = CYLINDRICAL_SURFACE ( 'NONE', #8752, 101.5009999999999906 ) ;
#7633 = CIRCLE ( 'NONE', #1236, 49.50000000000000000 ) ;
#7634 = CARTESIAN_POINT ( 'NONE',  ( 8.000000000000001776, 93.12614285867191199, 11.06173655616218809 ) ) ;
#7635 = ORIENTED_EDGE ( 'NONE', *, *, #4886, .T. ) ;
#7636 = DIRECTION ( 'NONE',  ( 1.000000000000000000, 0.000000000000000000, 0.000000000000000000 ) ) ;
#7637 = CARTESIAN_POINT ( 'NONE',  ( 8.000000000000001776, -22.21805753540699868, -94.42117304584465387 ) ) ;
#7638 = ORIENTED_EDGE ( 'NONE', *, *, #4169, .F. ) ;
#7639 = AXIS2_PLACEMENT_3D ( 'NONE', #7247, #5238, #1049 ) ;
#7640 = CARTESIAN_POINT ( 'NONE',  ( 0.000000000000000000, -35.24196385636264495, -90.37147771031980881 ) ) ;
#7641 = CARTESIAN_POINT ( 'NONE',  ( 8.000000000000001776, 63.40761948437956619, -79.25860705515921723 ) ) ;
#7643 = ORIENTED_EDGE ( 'NONE', *, *, #3820, .F. ) ;
#7642 = AXIS2_PLACEMENT_3D ( 'NONE', #4399, #7198, #958 ) ;
#7644 = CARTESIAN_POINT ( 'NONE',  ( 3.999999999999998224, 31.09275556449043876, -91.88166602433180685 ) ) ;
#7645 = DIRECTION ( 'NONE',  ( 0.000000000000000000, -0.8660254037844432595, 0.4999999999999919509 ) ) ;
#7646 = ORIENTED_EDGE ( 'NONE', *, *, #666, .T. ) ;
#7647 = DIRECTION ( 'NONE',  ( 1.000000000000000000, -0.000000000000000000, 0.000000000000000000 ) ) ;
#7648 = VECTOR ( 'NONE', #3014, 1000.000000000000000 ) ;
#7649 = EDGE_LOOP ( 'NONE', ( #3651, #7819, #1586, #5479 ) ) ;
#7650 = VECTOR ( 'NONE', #4827, 1000.000000000000000 ) ;
#7651 = DIRECTION ( 'NONE',  ( 0.000000000000000000, 0.1892512443604032479, 0.9819286972627080390 ) ) ;
#7652 = CARTESIAN_POINT ( 'NONE',  ( 0.000000000000000000, 0.000000000000000000, 0.000000000000000000 ) ) ;
#7653 = ORIENTED_EDGE ( 'NONE', *, *, #3914, .F. ) ;
#7654 = DIRECTION ( 'NONE',  ( 1.000000000000000000, 0.000000000000000000, 0.000000000000000000 ) ) ;
#7655 = CARTESIAN_POINT ( 'NONE',  ( 8.000000000000001776, 12.00829452229154271, -100.7881633113031086 ) ) ;
#7656 = ORIENTED_EDGE ( 'NONE', *, *, #5380, .T. ) ;
#7657 = DIRECTION ( 'NONE',  ( 1.000000000000000000, 0.000000000000000000, 0.000000000000000000 ) ) ;
#7658 = CARTESIAN_POINT ( 'NONE',  ( 8.000000000000001776, -89.80095471819224429, 36.67135846544525890 ) ) ;
#7659 = AXIS2_PLACEMENT_3D ( 'NONE', #6200, #5384, #704 ) ;
#7660 = EDGE_CURVE ( 'NONE', #4901, #8576, #1476, .T. ) ;
#7661 = ORIENTED_EDGE ( 'NONE', *, *, #2988, .F. ) ;
#7662 = CARTESIAN_POINT ( 'NONE',  ( 0.000000000000000000, -93.27503075632657215, -9.726722817991660719 ) ) ;
#7663 = DIRECTION ( 'NONE',  ( -1.000000000000000000, -0.000000000000000000, -0.000000000000000000 ) ) ;
#7664 = ORIENTED_EDGE ( 'NONE', *, *, #7190, .T. ) ;
#7665 = DIRECTION ( 'NONE',  ( 0.000000000000000000, -0.9998741276738751793, 0.01586596383479783531 ) ) ;
#7666 = ORIENTED_EDGE ( 'NONE', *, *, #6848, .T. ) ;
#7667 = VECTOR ( 'NONE', #6718, 1000.000000000000000 ) ;
#7668 = DIRECTION ( 'NONE',  ( 1.000000000000000000, 0.000000000000000000, 0.000000000000000000 ) ) ;
#7669 = CARTESIAN_POINT ( 'NONE',  ( 8.000000000000001776, -95.11604032214818005, 35.43150962682069860 ) ) ;
#7670 = ADVANCED_FACE ( 'NONE', ( #252 ), #2327, .F. ) ;
#7671 = EDGE_CURVE ( 'NONE', #8606, #4606, #4381, .T. ) ;
#7672 = AXIS2_PLACEMENT_3D ( 'NONE', #70, #2226, #2095 ) ;
#7673 = CARTESIAN_POINT ( 'NONE',  ( 0.000000000000000000, -92.67733574038355471, -41.39280663429611451 ) ) ;
#7674 = CARTESIAN_POINT ( 'NONE',  ( 0.000000000000000000, 0.000000000000000000, 0.000000000000000000 ) ) ;
#7675 = EDGE_CURVE ( 'NONE', #1582, #174, #475, .T. ) ;
#7676 = VERTEX_POINT ( 'NONE', #2877 ) ;
#7677 = CARTESIAN_POINT ( 'NONE',  ( 4.000000000000000888, -87.29431505020137649, 42.29305569376827378 ) ) ;
#7678 = CARTESIAN_POINT ( 'NONE',  ( -10.00000000000000000, 0.000000000000000000, 0.000000000000000000 ) ) ;
#7679 = ORIENTED_EDGE ( 'NONE', *, *, #3933, .F. ) ;
#7680 = AXIS2_PLACEMENT_3D ( 'NONE', #7487, #2627, #4471 ) ;
#7681 = EDGE_CURVE ( 'NONE', #3799, #8452, #3955, .T. ) ;
#7682 = FACE_OUTER_BOUND ( 'NONE', #7775, .T. ) ;
#7683 = ADVANCED_FACE ( 'NONE', ( #4332 ), #802, .F. ) ;
#7684 = AXIS2_PLACEMENT_3D ( 'NONE', #6413, #8340, #1372 ) ;
#7685 = LINE ( 'NONE', #7000, #2768 ) ;
#7686 = AXIS2_PLACEMENT_3D ( 'NONE', #5617, #8358, #6214 ) ;
#7687 = ORIENTED_EDGE ( 'NONE', *, *, #986, .T. ) ;
#7688 = CARTESIAN_POINT ( 'NONE',  ( 8.000000000000001776, -93.27503075632657215, -9.726722817991660719 ) ) ;
#7689 = CARTESIAN_POINT ( 'NONE',  ( 8.000000000000001776, -76.15177792364907816, -67.10707652749624685 ) ) ;
#7690 = EDGE_LOOP ( 'NONE', ( #5109, #8048, #5784, #2261 ) ) ;
#7691 = ORIENTED_EDGE ( 'NONE', *, *, #8620, .T. ) ;
#7692 = EDGE_CURVE ( 'NONE', #227, #5856, #7763, .T. ) ;
#7693 = CARTESIAN_POINT ( 'NONE',  ( 8.000000000000001776, 90.56655692779558819, -24.34212943881589197 ) ) ;
#7694 = ORIENTED_EDGE ( 'NONE', *, *, #51, .T. ) ;
#7695 = AXIS2_PLACEMENT_3D ( 'NONE', #5685, #237, #329 ) ;
#7696 = LINE ( 'NONE', #6315, #3200 ) ;
#7697 = ORIENTED_EDGE ( 'NONE', *, *, #3632, .F. ) ;
#7698 = CYLINDRICAL_SURFACE ( 'NONE', #7908, 49.50000000000001421 ) ;
#7699 = ORIENTED_EDGE ( 'NONE', *, *, #6268, .T. ) ;
#7700 = CARTESIAN_POINT ( 'NONE',  ( 8.000000000000001776, 59.49631672749161737, -82.23528012271863474 ) ) ;
#7701 = DIRECTION ( 'NONE',  ( -1.000000000000000000, -0.000000000000000000, 0.000000000000000000 ) ) ;
#7702 = ORIENTED_EDGE ( 'NONE', *, *, #3888, .F. ) ;
#7703 = DIRECTION ( 'NONE',  ( -1.000000000000000000, 0.000000000000000000, -0.000000000000000000 ) ) ;
#7704 = DIRECTION ( 'NONE',  ( 0.000000000000000000, 0.000000000000000000, 1.000000000000000000 ) ) ;
#7705 = DIRECTION ( 'NONE',  ( -1.000000000000000000, 0.000000000000000000, 0.000000000000000000 ) ) ;
#7706 = FACE_OUTER_BOUND ( 'NONE', #1839, .T. ) ;
#7707 = LINE ( 'NONE', #6503, #8520 ) ;
#7708 = ORIENTED_EDGE ( 'NONE', *, *, #4747, .F. ) ;
#7709 = EDGE_CURVE ( 'NONE', #6978, #3175, #8609, .T. ) ;
#7710 = DIRECTION ( 'NONE',  ( 0.000000000000000000, 0.000000000000000000, 1.000000000000000000 ) ) ;
#7711 = EDGE_LOOP ( 'NONE', ( #8300, #7328, #8192, #3266 ) ) ;
#7712 = CIRCLE ( 'NONE', #3765, 49.50000000000000711 ) ;
#7713 = DIRECTION ( 'NONE',  ( 0.000000000000000000, -0.9968547759519431617, 0.07924995685677822810 ) ) ;
#7714 = DIRECTION ( 'NONE',  ( 0.000000000000000000, 0.1580013959733432005, 0.9874388886763953987 ) ) ;
#7715 = CARTESIAN_POINT ( 'NONE',  ( 0.000000000000000000, -87.29431505020082227, -42.29305569376945328 ) ) ;
#7716 = CARTESIAN_POINT ( 'NONE',  ( 8.000000000000001776, -97.17174618014824716, -29.32754243541122108 ) ) ;
#7717 = FACE_OUTER_BOUND ( 'NONE', #4611, .T. ) ;
#7718 = ORIENTED_EDGE ( 'NONE', *, *, #6797, .T. ) ;
#7719 = EDGE_CURVE ( 'NONE', #1880, #8727, #7744, .T. ) ;
#7720 = DIRECTION ( 'NONE',  ( 0.000000000000000000, 0.000000000000000000, 1.000000000000000000 ) ) ;
#7721 = CARTESIAN_POINT ( 'NONE',  ( 8.000000000000001776, -92.72829175089816545, -14.01086750818866378 ) ) ;
#7722 = ORIENTED_EDGE ( 'NONE', *, *, #8960, .T. ) ;
#7723 = CARTESIAN_POINT ( 'NONE',  ( 8.000000000000001776, -86.69171227587034423, 52.79204507951659764 ) ) ;
#7724 = EDGE_CURVE ( 'NONE', #632, #1781, #6276, .T. ) ;
#7725 = LINE ( 'NONE', #1473, #5099 ) ;
#7726 = EDGE_CURVE ( 'NONE', #5219, #8459, #301, .T. ) ;
#7727 = ADVANCED_FACE ( 'NONE', ( #1467 ), #4243, .F. ) ;
#7728 = DIRECTION ( 'NONE',  ( -0.000000000000000000, 0.5530558129870033479, -0.8331442058379118221 ) ) ;
#7729 = ORIENTED_EDGE ( 'NONE', *, *, #5216, .T. ) ;
#7730 = ADVANCED_FACE ( 'NONE', ( #6345 ), #5656, .F. ) ;
#7731 = FACE_OUTER_BOUND ( 'NONE', #651, .T. ) ;
#7732 = CARTESIAN_POINT ( 'NONE',  ( 0.000000000000000000, 0.000000000000000000, 0.000000000000000000 ) ) ;
#7733 = VERTEX_POINT ( 'NONE', #6388 ) ;
#7734 = ORIENTED_EDGE ( 'NONE', *, *, #3590, .T. ) ;
#7735 = CYLINDRICAL_SURFACE ( 'NONE', #6807, 49.50000000000001421 ) ;
#7736 = ORIENTED_EDGE ( 'NONE', *, *, #6902, .F. ) ;
#7737 = AXIS2_PLACEMENT_3D ( 'NONE', #2033, #5418, #650 ) ;
#7738 = ADVANCED_FACE ( 'NONE', ( #2916 ), #5701, .F. ) ;
#7739 = CARTESIAN_POINT ( 'NONE',  ( 8.000000000000001776, -101.1110795888539258, -8.888339854913569482 ) ) ;
#7740 = FACE_OUTER_BOUND ( 'NONE', #75, .T. ) ;
#7741 = ORIENTED_EDGE ( 'NONE', *, *, #5610, .F. ) ;
#7742 = CIRCLE ( 'NONE', #6868, 49.50000000000000000 ) ;
#7743 = DIRECTION ( 'NONE',  ( 1.000000000000000000, 0.000000000000000000, -0.000000000000000000 ) ) ;
#7744 = CIRCLE ( 'NONE', #3807, 49.50000000000002132 ) ;
#7745 = ORIENTED_EDGE ( 'NONE', *, *, #3421, .F. ) ;
#7746 = CARTESIAN_POINT ( 'NONE',  ( 4.000000000000000888, -84.43617198548791691, 47.74445371388287640 ) ) ;
#7747 = CARTESIAN_POINT ( 'NONE',  ( 8.000000000000001776, -74.21852193085013027, -57.32758063769674806 ) ) ;
#7748 = CIRCLE ( 'NONE', #184, 49.50000000000002132 ) ;
#7749 = ORIENTED_EDGE ( 'NONE', *, *, #1226, .F. ) ;
#7750 = VECTOR ( 'NONE', #4994, 1000.000000000000000 ) ;
#7751 = CARTESIAN_POINT ( 'NONE',  ( 8.000000000000001776, -66.30519446822957264, 70.79986713638845686 ) ) ;
#7752 = DIRECTION ( 'NONE',  ( 1.000000000000000000, -0.000000000000000000, -0.000000000000000000 ) ) ;
#7753 = VERTEX_POINT ( 'NONE', #885 ) ;
#7754 = DIRECTION ( 'NONE',  ( -1.000000000000000000, -0.000000000000000000, -0.000000000000000000 ) ) ;
#7755 = DIRECTION ( 'NONE',  ( 0.000000000000000000, -0.09505604330418980508, 0.9954719225730839227 ) ) ;
#7756 = CARTESIAN_POINT ( 'NONE',  ( 8.000000000000001776, 67.56474671917180785, -69.59888649090704860 ) ) ;
#7757 = CIRCLE ( 'NONE', #192, 49.50000000000002132 ) ;
#7758 = DIRECTION ( 'NONE',  ( 1.000000000000000000, 0.000000000000000000, 0.000000000000000000 ) ) ;
#7759 = CARTESIAN_POINT ( 'NONE',  ( 0.000000000000000000, 0.000000000000000000, 0.000000000000000000 ) ) ;
#7760 = DIRECTION ( 'NONE',  ( 0.000000000000000000, 0.000000000000000000, 1.000000000000000000 ) ) ;
#7761 = AXIS2_PLACEMENT_3D ( 'NONE', #4549, #5414, #6144 ) ;
#7762 = ORIENTED_EDGE ( 'NONE', *, *, #4346, .T. ) ;
#7763 = LINE ( 'NONE', #4422, #8911 ) ;
#7764 = CARTESIAN_POINT ( 'NONE',  ( 8.000000000000001776, -86.23742840964196432, -36.85032483796559433 ) ) ;
#7765 = ORIENTED_EDGE ( 'NONE', *, *, #6392, .T. ) ;
#7766 = DIRECTION ( 'NONE',  ( 0.000000000000000000, -0.8814533634475764101, -0.4722710747726931446 ) ) ;
#7767 = AXIS2_PLACEMENT_3D ( 'NONE', #495, #5264, #5355 ) ;
#7768 = ADVANCED_FACE ( 'NONE', ( #6433 ), #2969, .F. ) ;
#7769 = DIRECTION ( 'NONE',  ( 0.000000000000000000, 0.000000000000000000, 1.000000000000000000 ) ) ;
#7770 = VECTOR ( 'NONE', #7352, 1000.000000000000000 ) ;
#7771 = CARTESIAN_POINT ( 'NONE',  ( 8.000000000000001776, -88.40099660786205504, -31.30661748110877340 ) ) ;
#7772 = ORIENTED_EDGE ( 'NONE', *, *, #8171, .F. ) ;
#7773 = DIRECTION ( 'NONE',  ( 1.000000000000000000, 0.000000000000000000, 0.000000000000000000 ) ) ;
#7774 = LINE ( 'NONE', #6398, #5012 ) ;
#7775 = EDGE_LOOP ( 'NONE', ( #5691, #1481, #960, #1311 ) ) ;
#7776 = VERTEX_POINT ( 'NONE', #2556 ) ;
#7777 = CARTESIAN_POINT ( 'NONE',  ( 0.000000000000000000, 96.97008148644906100, -2.409003219471800072 ) ) ;
#7778 = ORIENTED_EDGE ( 'NONE', *, *, #2816, .T. ) ;
#7779 = ADVANCED_FACE ( 'NONE', ( #7989 ), #5981, .F. ) ;
#7780 = VECTOR ( 'NONE', #608, 1000.000000000000000 ) ;
#7781 = EDGE_CURVE ( 'NONE', #955, #388, #630, .T. ) ;
#7782 = VECTOR ( 'NONE', #4722, 1000.000000000000000 ) ;
#7783 = CYLINDRICAL_SURFACE ( 'NONE', #487, 97.00000000000000000 ) ;
#7784 = VECTOR ( 'NONE', #8092, 1000.000000000000000 ) ;
#7785 = ORIENTED_EDGE ( 'NONE', *, *, #7011, .T. ) ;
#7786 = EDGE_CURVE ( 'NONE', #216, #3131, #4097, .T. ) ;
#7787 = CYLINDRICAL_SURFACE ( 'NONE', #5114, 49.50000000000001421 ) ;
#7788 = ORIENTED_EDGE ( 'NONE', *, *, #4052, .T. ) ;
#7789 = CARTESIAN_POINT ( 'NONE',  ( 8.000000000000001776, 0.000000000000000000, 0.000000000000000000 ) ) ;
#7790 = EDGE_CURVE ( 'NONE', #320, #2676, #2644, .T. ) ;
#7791 = CYLINDRICAL_SURFACE ( 'NONE', #2131, 101.5009999999999906 ) ;
#7792 = AXIS2_PLACEMENT_3D ( 'NONE', #594, #6790, #5273 ) ;
#7793 = EDGE_CURVE ( 'NONE', #1543, #216, #3924, .T. ) ;
#7794 = CIRCLE ( 'NONE', #89, 101.5009999999999906 ) ;
#7795 = ORIENTED_EDGE ( 'NONE', *, *, #4272, .T. ) ;
#7796 = CARTESIAN_POINT ( 'NONE',  ( 8.000000000000001776, 93.53667954635716342, -6.762401852433402638 ) ) ;
#7797 = CARTESIAN_POINT ( 'NONE',  ( 0.000000000000000000, -96.30200313503419807, 11.61568733135773179 ) ) ;
#7798 = ORIENTED_EDGE ( 'NONE', *, *, #8654, .T. ) ;
#7799 = CARTESIAN_POINT ( 'NONE',  ( 8.000000000000001776, -70.65451445836082200, -72.87244052214309420 ) ) ;
#7800 = ORIENTED_EDGE ( 'NONE', *, *, #3434, .T. ) ;
#7801 = CARTESIAN_POINT ( 'NONE',  ( 8.000000000000001776, -99.17242527825069942, 21.61673114579960497 ) ) ;
#7802 = DIRECTION ( 'NONE',  ( 0.000000000000000000, 0.000000000000000000, -1.000000000000000000 ) ) ;
#7803 = CARTESIAN_POINT ( 'NONE',  ( 0.000000000000000000, -96.13265536941942457, -12.94266478065606663 ) ) ;
#7804 = AXIS2_PLACEMENT_3D ( 'NONE', #4257, #4127, #6922 ) ;
#7805 = CARTESIAN_POINT ( 'NONE',  ( 0.000000000000000000, 85.90849480390308202, -45.04143115541243958 ) ) ;
#7806 = VERTEX_POINT ( 'NONE', #1203 ) ;
#7807 = DIRECTION ( 'NONE',  ( -1.000000000000000000, -0.000000000000000000, -0.000000000000000000 ) ) ;
#7808 = CARTESIAN_POINT ( 'NONE',  ( 8.000000000000001776, -2.373396018659052586, -101.4732476682333129 ) ) ;
#7809 = ORIENTED_EDGE ( 'NONE', *, *, #3579, .F. ) ;
#7810 = DIRECTION ( 'NONE',  ( -1.000000000000000000, -0.000000000000000000, 0.000000000000000000 ) ) ;
#7811 = AXIS2_PLACEMENT_3D ( 'NONE', #6987, #6292, #4234 ) ;
#7812 = CARTESIAN_POINT ( 'NONE',  ( 0.000000000000000000, 24.67070643004641184, -98.45714420621018803 ) ) ;
#7813 = DIRECTION ( 'NONE',  ( 0.000000000000000000, 0.4582265217274053559, 0.8888354486549260303 ) ) ;
#7814 = EDGE_LOOP ( 'NONE', ( #1848, #6921, #4566, #266 ) ) ;
#7815 = CYLINDRICAL_SURFACE ( 'NONE', #792, 49.50000000000002842 ) ;
#7816 = DIRECTION ( 'NONE',  ( 0.000000000000000000, 0.000000000000000000, 1.000000000000000000 ) ) ;
#7817 = ORIENTED_EDGE ( 'NONE', *, *, #3476, .T. ) ;
#7818 = AXIS2_PLACEMENT_3D ( 'NONE', #8851, #2590, #1907 ) ;
#7819 = ORIENTED_EDGE ( 'NONE', *, *, #4641, .F. ) ;
#7820 = EDGE_CURVE ( 'NONE', #7676, #6593, #7165, .T. ) ;
#7821 = ORIENTED_EDGE ( 'NONE', *, *, #6329, .F. ) ;
#7822 = AXIS2_PLACEMENT_3D ( 'NONE', #3160, #440, #8676 ) ;
#7823 = PRODUCT_DEFINITION_SHAPE ( 'NONE', 'NONE',  #3530 ) ;
#7824 = CIRCLE ( 'NONE', #569, 49.50000000000001421 ) ;
#7825 = AXIS2_PLACEMENT_3D ( 'NONE', #3630, #2948, #2814 ) ;
#7826 = VERTEX_POINT ( 'NONE', #7315 ) ;
#7827 = LINE ( 'NONE', #6407, #8328 ) ;
#7828 = ORIENTED_EDGE ( 'NONE', *, *, #1571, .F. ) ;
#7829 = EDGE_CURVE ( 'NONE', #388, #2401, #3379, .T. ) ;
#7830 = DIRECTION ( 'NONE',  ( 0.000000000000000000, 0.000000000000000000, 1.000000000000000000 ) ) ;
#7831 = ORIENTED_EDGE ( 'NONE', *, *, #8935, .T. ) ;
#7832 = DIRECTION ( 'NONE',  ( 0.000000000000000000, 0.000000000000000000, 1.000000000000000000 ) ) ;
#7833 = DIRECTION ( 'NONE',  ( -1.000000000000000000, -0.000000000000000000, -0.000000000000000000 ) ) ;
#7834 = EDGE_CURVE ( 'NONE', #8459, #6589, #2495, .T. ) ;
#7835 = ORIENTED_EDGE ( 'NONE', *, *, #5899, .T. ) ;
#7836 = VECTOR ( 'NONE', #7837, 1000.000000000000000 ) ;
#7837 = DIRECTION ( 'NONE',  ( -1.000000000000000000, -0.000000000000000000, 0.000000000000000000 ) ) ;
#7838 = EDGE_CURVE ( 'NONE', #8505, #8743, #4971, .T. ) ;
#7839 = EDGE_CURVE ( 'NONE', #471, #426, #7452, .T. ) ;
#7840 = DIRECTION ( 'NONE',  ( 0.000000000000000000, 0.000000000000000000, -1.000000000000000000 ) ) ;
#7841 = ORIENTED_EDGE ( 'NONE', *, *, #4825, .T. ) ;
#7842 = CARTESIAN_POINT ( 'NONE',  ( 0.000000000000000000, 0.000000000000000000, 0.000000000000000000 ) ) ;
#7843 = EDGE_LOOP ( 'NONE', ( #2915, #2485, #1845, #482 ) ) ;
#7844 = CARTESIAN_POINT ( 'NONE',  ( 8.000000000000001776, -95.63804952087234312, 33.99730114057837937 ) ) ;
#7845 = CARTESIAN_POINT ( 'NONE',  ( 0.000000000000000000, -91.29328596891753023, 21.45638451298701455 ) ) ;
#7846 = ORIENTED_EDGE ( 'NONE', *, *, #5946, .T. ) ;
#7847 = DIRECTION ( 'NONE',  ( -1.000000000000000000, -0.000000000000000000, 0.000000000000000000 ) ) ;
#7848 = EDGE_CURVE ( 'NONE', #87, #8528, #5853, .T. ) ;
#7849 = DIRECTION ( 'NONE',  ( -1.000000000000000000, -0.000000000000000000, -0.000000000000000000 ) ) ;
#7850 = DIRECTION ( 'NONE',  ( 0.000000000000000000, 0.4783379665707575001, -0.8781758307633801275 ) ) ;
#7851 = VERTEX_POINT ( 'NONE', #7408 ) ;
#7852 = AXIS2_PLACEMENT_3D ( 'NONE', #7898, #1782, #926 ) ;
#7853 = ORIENTED_EDGE ( 'NONE', *, *, #4366, .T. ) ;
#7854 = DIRECTION ( 'NONE',  ( 1.000000000000000000, 0.000000000000000000, 0.000000000000000000 ) ) ;
#7855 = CARTESIAN_POINT ( 'NONE',  ( 0.000000000000000000, -95.11604032214768267, -35.43150962682197758 ) ) ;
#7856 = VERTEX_POINT ( 'NONE', #5300 ) ;
#7857 = CARTESIAN_POINT ( 'NONE',  ( 0.000000000000000000, -84.43617198548726321, -47.74445371388404880 ) ) ;
#7858 = CARTESIAN_POINT ( 'NONE',  ( 8.000000000000001776, -73.87460308289962541, 62.86129985407587384 ) ) ;
#7859 = DIRECTION ( 'NONE',  ( -1.000000000000000000, -0.000000000000000000, -0.000000000000000000 ) ) ;
#7860 = ORIENTED_EDGE ( 'NONE', *, *, #2703, .F. ) ;
#7861 = CARTESIAN_POINT ( 'NONE',  ( 0.000000000000000000, -79.31118670879922661, -63.34183975731988170 ) ) ;
#7862 = LINE ( 'NONE', #129, #6602 ) ;
#7863 = ORIENTED_EDGE ( 'NONE', *, *, #7521, .F. ) ;
#7864 = ORIENTED_EDGE ( 'NONE', *, *, #513, .T. ) ;
#7865 = VECTOR ( 'NONE', #7015, 1000.000000000000000 ) ;
#7866 = VERTEX_POINT ( 'NONE', #349 ) ;
#7867 =( LENGTH_UNIT ( ) NAMED_UNIT ( * ) SI_UNIT ( .MILLI., .METRE. ) );
#7868 = AXIS2_PLACEMENT_3D ( 'NONE', #6251, #26, #8353 ) ;
#7869 = DIRECTION ( 'NONE',  ( 1.000000000000000000, 0.000000000000000000, 0.000000000000000000 ) ) ;
#7870 = CIRCLE ( 'NONE', #7451, 101.5009999999999906 ) ;
#7871 = ORIENTED_EDGE ( 'NONE', *, *, #4599, .T. ) ;
#7872 = CARTESIAN_POINT ( 'NONE',  ( -101.9074929644522598, 0.000000000000000000, 0.000000000000000000 ) ) ;
#7873 = CARTESIAN_POINT ( 'NONE',  ( 8.000000000000001776, -88.40099660786205504, -31.30661748110877340 ) ) ;
#7874 = ORIENTED_EDGE ( 'NONE', *, *, #5609, .F. ) ;
#7875 = AXIS2_PLACEMENT_3D ( 'NONE', #1423, #8215, #4788 ) ;
#7876 = DIRECTION ( 'NONE',  ( -1.000000000000000000, -0.000000000000000000, -0.000000000000000000 ) ) ;
#7877 = ORIENTED_EDGE ( 'NONE', *, *, #3163, .F. ) ;
#7878 = DIRECTION ( 'NONE',  ( 1.000000000000000000, 0.000000000000000000, 0.000000000000000000 ) ) ;
#7879 = AXIS2_PLACEMENT_3D ( 'NONE', #5970, #8661, #8025 ) ;
#7880 = DIRECTION ( 'NONE',  ( 0.000000000000000000, -0.9898214418809340165, 0.1423148382732755679 ) ) ;
#7881 = ADVANCED_FACE ( 'NONE', ( #5255 ), #1829, .F. ) ;
#7882 = ORIENTED_EDGE ( 'NONE', *, *, #8284, .F. ) ;
#7883 = CARTESIAN_POINT ( 'NONE',  ( 8.000000000000001776, -70.65451445836082200, -72.87244052214309420 ) ) ;
#7884 = AXIS2_PLACEMENT_3D ( 'NONE', #3281, #4010, #563 ) ;
#7885 = AXIS2_PLACEMENT_3D ( 'NONE', #5065, #7854, #3695 ) ;
#7886 = DIRECTION ( 'NONE',  ( -1.000000000000000000, 0.000000000000000000, 0.000000000000000000 ) ) ;
#7887 = EDGE_LOOP ( 'NONE', ( #5482, #3482, #7261, #1192 ) ) ;
#7888 = LINE ( 'NONE', #5690, #6736 ) ;
#7889 = CYLINDRICAL_SURFACE ( 'NONE', #2228, 49.50000000000000711 ) ;
#7890 = DIRECTION ( 'NONE',  ( 1.000000000000000000, 0.000000000000000000, 0.000000000000000000 ) ) ;
#7891 = ADVANCED_FACE ( 'NONE', ( #481 ), #8718, .T. ) ;
#7892 = EDGE_CURVE ( 'NONE', #5067, #5914, #1780, .T. ) ;
#7893 = CIRCLE ( 'NONE', #2928, 49.50000000000002132 ) ;
#7894 = VECTOR ( 'NONE', #2647, 1000.000000000000000 ) ;
#7895 = ADVANCED_FACE ( 'NONE', ( #3882 ), #6072, .F. ) ;
#7896 = ORIENTED_EDGE ( 'NONE', *, *, #932, .T. ) ;
#7897 = DIRECTION ( 'NONE',  ( 0.000000000000000000, 0.000000000000000000, 1.000000000000000000 ) ) ;
#7898 = CARTESIAN_POINT ( 'NONE',  ( 8.000000000000001776, -14.15391040208089457, -92.70656567741883691 ) ) ;
#7899 = CARTESIAN_POINT ( 'NONE',  ( 0.000000000000000000, 76.65880538145837875, -59.43422883732647932 ) ) ;
#7900 = ORIENTED_EDGE ( 'NONE', *, *, #8846, .F. ) ;
#7901 = DIRECTION ( 'NONE',  ( 1.000000000000000000, 0.000000000000000000, 0.000000000000000000 ) ) ;
#7902 = AXIS2_PLACEMENT_3D ( 'NONE', #3453, #5375, #605 ) ;
#7903 = DIRECTION ( 'NONE',  ( 1.000000000000000000, 0.000000000000000000, 0.000000000000000000 ) ) ;
#7904 = ORIENTED_EDGE ( 'NONE', *, *, #1264, .T. ) ;
#7905 = CARTESIAN_POINT ( 'NONE',  ( 0.000000000000000000, -87.86926881703411141, 41.08517491212366224 ) ) ;
#7906 = ADVANCED_FACE ( 'NONE', ( #7266 ), #438, .F. ) ;
#7907 = EDGE_CURVE ( 'NONE', #4670, #6964, #1487, .T. ) ;
#7908 = AXIS2_PLACEMENT_3D ( 'NONE', #6882, #1447, #2759 ) ;
#7909 = DIRECTION ( 'NONE',  ( -1.000000000000000000, -0.000000000000000000, 0.000000000000000000 ) ) ;
#7910 = CARTESIAN_POINT ( 'NONE',  ( 8.000000000000001776, -99.17242527825040099, -21.61673114580099408 ) ) ;
#7911 = ORIENTED_EDGE ( 'NONE', *, *, #8373, .T. ) ;
#7912 = CARTESIAN_POINT ( 'NONE',  ( 8.000000000000001776, 0.000000000000000000, 0.000000000000000000 ) ) ;
#7913 = CYLINDRICAL_SURFACE ( 'NONE', #6186, 49.50000000000001421 ) ;
#7914 = ORIENTED_EDGE ( 'NONE', *, *, #4, .F. ) ;
#7915 = ORIENTED_EDGE ( 'NONE', *, *, #1712, .F. ) ;
#7916 = ORIENTED_EDGE ( 'NONE', *, *, #3766, .F. ) ;
#7917 = CARTESIAN_POINT ( 'NONE',  ( 8.000000000000001776, -98.83617571244369060, -23.10548358158637683 ) ) ;
#7919 = ORIENTED_EDGE ( 'NONE', *, *, #1933, .T. ) ;
#7918 = VECTOR ( 'NONE', #4483, 1000.000000000000000 ) ;
#7920 = CARTESIAN_POINT ( 'NONE',  ( 0.000000000000000000, 0.000000000000000000, 0.000000000000000000 ) ) ;
#7921 = CARTESIAN_POINT ( 'NONE',  ( 8.000000000000001776, 0.000000000000000000, 0.000000000000000000 ) ) ;
#7922 = ORIENTED_EDGE ( 'NONE', *, *, #3655, .F. ) ;
#7923 = DIRECTION ( 'NONE',  ( -1.000000000000000000, 0.000000000000000000, -0.000000000000000000 ) ) ;
#7924 = ORIENTED_EDGE ( 'NONE', *, *, #3936, .T. ) ;
#7925 = VECTOR ( 'NONE', #2244, 1000.000000000000000 ) ;
#7926 = DIRECTION ( 'NONE',  ( 1.000000000000000000, -0.000000000000000000, 0.000000000000000000 ) ) ;
#7927 = CIRCLE ( 'NONE', #2091, 49.50000000000000711 ) ;
#7928 = ORIENTED_EDGE ( 'NONE', *, *, #7228, .T. ) ;
#7929 = CARTESIAN_POINT ( 'NONE',  ( 8.000000000000001776, -100.9660000373498150, 10.40768165625166830 ) ) ;
#7930 = FACE_OUTER_BOUND ( 'NONE', #1045, .T. ) ;
#7931 = VERTEX_POINT ( 'NONE', #2045 ) ;
#7932 = CIRCLE ( 'NONE', #1095, 49.50000000000002132 ) ;
#7933 = DIRECTION ( 'NONE',  ( -1.000000000000000000, -0.000000000000000000, -0.000000000000000000 ) ) ;
#7934 = ADVANCED_FACE ( 'NONE', ( #2688 ), #8348, .F. ) ;
#7935 = CARTESIAN_POINT ( 'NONE',  ( 3.999999999999998224, -96.30200313503402754, -11.61568733135904452 ) ) ;
#7936 = DIRECTION ( 'NONE',  ( -0.000000000000000000, 0.000000000000000000, 1.000000000000000000 ) ) ;
#7937 = CIRCLE ( 'NONE', #6475, 49.50000000000001421 ) ;
#7938 = ORIENTED_EDGE ( 'NONE', *, *, #5038, .F. ) ;
#7939 = FACE_OUTER_BOUND ( 'NONE', #7649, .T. ) ;
#7940 = DIRECTION ( 'NONE',  ( 1.000000000000000000, 0.000000000000000000, 0.000000000000000000 ) ) ;
#7941 = CIRCLE ( 'NONE', #4593, 97.00000000000000000 ) ;
#7942 = LINE ( 'NONE', #3788, #7368 ) ;
#7943 = EDGE_LOOP ( 'NONE', ( #1840, #6456, #2021, #5429 ) ) ;
#7944 = CARTESIAN_POINT ( 'NONE',  ( 0.000000000000000000, 0.000000000000000000, 0.000000000000000000 ) ) ;
#7945 = EDGE_CURVE ( 'NONE', #3413, #1880, #6426, .T. ) ;
#7946 = DIRECTION ( 'NONE',  ( 1.000000000000000000, 0.000000000000000000, 0.000000000000000000 ) ) ;
#7947 = ORIENTED_EDGE ( 'NONE', *, *, #330, .T. ) ;
#7948 = DIRECTION ( 'NONE',  ( 1.000000000000000000, 0.000000000000000000, 0.000000000000000000 ) ) ;
#7949 = DIRECTION ( 'NONE',  ( -1.000000000000000000, -0.000000000000000000, -0.000000000000000000 ) ) ;
#7950 = EDGE_CURVE ( 'NONE', #2860, #5892, #4104, .T. ) ;
#7951 = CIRCLE ( 'NONE', #8383, 49.50000000000000711 ) ;
#7952 = LINE ( 'NONE', #1700, #1630 ) ;
#7953 = EDGE_CURVE ( 'NONE', #3462, #8716, #190, .T. ) ;
#7954 = DIRECTION ( 'NONE',  ( 1.000000000000000000, 0.000000000000000000, 0.000000000000000000 ) ) ;
#7955 = EDGE_CURVE ( 'NONE', #3016, #5357, #486, .T. ) ;
#7956 = EDGE_LOOP ( 'NONE', ( #642, #6611, #1432, #8638, #1549, #8788, #993, #8153 ) ) ;
#7957 = LINE ( 'NONE', #1033, #2659 ) ;
#7958 = ADVANCED_FACE ( 'NONE', ( #575 ), #3418, .F. ) ;
#7959 = CARTESIAN_POINT ( 'NONE',  ( 8.000000000000001776, 0.000000000000000000, 0.000000000000000000 ) ) ;
#7960 = VERTEX_POINT ( 'NONE', #6246 ) ;
#7961 = VERTEX_POINT ( 'NONE', #6938 ) ;
#7962 = ORIENTED_EDGE ( 'NONE', *, *, #5093, .F. ) ;
#7963 = PRODUCT_CONTEXT ( 'NONE', #7101, 'mechanical' ) ;
#7964 = ORIENTED_EDGE ( 'NONE', *, *, #6999, .F. ) ;
#7965 = DIRECTION ( 'NONE',  ( -1.000000000000000000, -0.000000000000000000, -0.000000000000000000 ) ) ;
#7966 = EDGE_CURVE ( 'NONE', #4425, #4020, #8327, .T. ) ;
#7967 = CARTESIAN_POINT ( 'NONE',  ( 8.000000000000001776, 0.000000000000000000, 0.000000000000000000 ) ) ;
#7968 = VERTEX_POINT ( 'NONE', #2776 ) ;
#7969 = DIRECTION ( 'NONE',  ( 0.000000000000000000, 0.000000000000000000, 1.000000000000000000 ) ) ;
#7970 = ORIENTED_EDGE ( 'NONE', *, *, #7399, .T. ) ;
#7971 = CARTESIAN_POINT ( 'NONE',  ( 0.000000000000000000, -85.08657671802340872, -46.57547060855014820 ) ) ;
#7972 = LINE ( 'NONE', #1723, #1999 ) ;
#7973 = CIRCLE ( 'NONE', #4036, 49.50000000000002132 ) ;
#7974 = ORIENTED_EDGE ( 'NONE', *, *, #1753, .F. ) ;
#7975 = CARTESIAN_POINT ( 'NONE',  ( 8.000000000000001776, -93.28925708950828266, -39.99459354322326021 ) ) ;
#7976 = CARTESIAN_POINT ( 'NONE',  ( 8.000000000000001776, -96.99769385426560575, 0.6688699082516014194 ) ) ;
#7977 = EDGE_LOOP ( 'NONE', ( #4535, #3717, #8210, #6917 ) ) ;
#7978 = DIRECTION ( 'NONE',  ( -1.000000000000000000, -0.000000000000000000, -0.000000000000000000 ) ) ;
#7979 = ORIENTED_EDGE ( 'NONE', *, *, #58, .T. ) ;
#7980 = CYLINDRICAL_SURFACE ( 'NONE', #6608, 49.50000000000001421 ) ;
#7981 = FACE_OUTER_BOUND ( 'NONE', #727, .T. ) ;
#7982 = AXIS2_PLACEMENT_3D ( 'NONE', #4456, #2399, #4504 ) ;
#7983 = ORIENTED_EDGE ( 'NONE', *, *, #6879, .F. ) ;
#7984 = ADVANCED_FACE ( 'NONE', ( #707 ), #1915, .F. ) ;
#7985 = CARTESIAN_POINT ( 'NONE',  ( 0.000000000000000000, 94.51123570668192997, -37.01458261545051442 ) ) ;
#7986 = DIRECTION ( 'NONE',  ( 0.000000000000000000, -0.7957618405308374276, 0.6056096871376596136 ) ) ;
#7987 = CARTESIAN_POINT ( 'NONE',  ( 4.000000000000000888, 72.73491465031813163, -64.17657041951474639 ) ) ;
#7988 = ORIENTED_EDGE ( 'NONE', *, *, #6316, .T. ) ;
#7989 = FACE_OUTER_BOUND ( 'NONE', #3115, .T. ) ;
#7990 = VERTEX_POINT ( 'NONE', #7538 ) ;
#7991 = DIRECTION ( 'NONE',  ( 1.000000000000000000, 0.000000000000000000, 0.000000000000000000 ) ) ;
#7992 = LINE ( 'NONE', #1741, #977 ) ;
#7993 = CIRCLE ( 'NONE', #4787, 49.50000000000001421 ) ;
#7994 = DIRECTION ( 'NONE',  ( -1.000000000000000000, 0.000000000000000000, 0.000000000000000000 ) ) ;
#7995 = EDGE_CURVE ( 'NONE', #8015, #8687, #1352, .T. ) ;
#7996 = CARTESIAN_POINT ( 'NONE',  ( 0.000000000000000000, -60.86098462158992817, 81.23049644001073943 ) ) ;
#7997 = VERTEX_POINT ( 'NONE', #1293 ) ;
#7998 = CARTESIAN_POINT ( 'NONE',  ( 8.000000000000001776, -13.68933125847467380, -100.5736307920507926 ) ) ;
#7999 = FACE_OUTER_BOUND ( 'NONE', #1732, .T. ) ;
#8000 = EDGE_LOOP ( 'NONE', ( #3370, #3308, #5718, #872 ) ) ;
#8001 = EDGE_LOOP ( 'NONE', ( #7962, #2700, #4969, #4296 ) ) ;
#8002 = AXIS2_PLACEMENT_3D ( 'NONE', #3316, #6753, #7525 ) ;
#8003 = ORIENTED_EDGE ( 'NONE', *, *, #8789, .F. ) ;
#8004 = EDGE_CURVE ( 'NONE', #2582, #6313, #4060, .T. ) ;
#8005 = EDGE_CURVE ( 'NONE', #4662, #2047, #8915, .T. ) ;
#8006 = EDGE_CURVE ( 'NONE', #5017, #8389, #3506, .T. ) ;
#8007 = ADVANCED_FACE ( 'NONE', ( #5386 ), #3334, .F. ) ;
#8008 = LINE ( 'NONE', #1755, #154 ) ;
#8009 = VECTOR ( 'NONE', #6454, 1000.000000000000000 ) ;
#8010 = ORIENTED_EDGE ( 'NONE', *, *, #1864, .F. ) ;
#8011 = DIRECTION ( 'NONE',  ( 0.000000000000000000, 0.000000000000000000, 1.000000000000000000 ) ) ;
#8012 = CARTESIAN_POINT ( 'NONE',  ( 8.000000000000001776, 43.56873479101130187, -83.04580572239774483 ) ) ;
#8013 = VERTEX_POINT ( 'NONE', #4785 ) ;
#8014 = DIRECTION ( 'NONE',  ( -1.000000000000000000, -0.000000000000000000, -0.000000000000000000 ) ) ;
#8015 = VERTEX_POINT ( 'NONE', #4021 ) ;
#8016 = DIRECTION ( 'NONE',  ( -1.000000000000000000, -0.000000000000000000, -0.000000000000000000 ) ) ;
#8017 = CIRCLE ( 'NONE', #165, 101.5010000000000048 ) ;
#8018 = EDGE_CURVE ( 'NONE', #3293, #6584, #2134, .T. ) ;
#8019 = VERTEX_POINT ( 'NONE', #1458 ) ;
#8020 = CARTESIAN_POINT ( 'NONE',  ( 8.000000000000000000, 96.35576641085030758, -26.73229693121842487 ) ) ;
#8021 = CARTESIAN_POINT ( 'NONE',  ( 8.000000000000001776, 39.69903536425473334, -84.96368100853067062 ) ) ;
#8022 = ORIENTED_EDGE ( 'NONE', *, *, #7631, .T. ) ;
#8023 = CIRCLE ( 'NONE', #8894, 97.00000000000000000 ) ;
#8024 = ORIENTED_EDGE ( 'NONE', *, *, #5090, .F. ) ;
#8025 = DIRECTION ( 'NONE',  ( 0.000000000000000000, -0.7761464642917492718, -0.6305526670845317261 ) ) ;
#8026 = ORIENTED_EDGE ( 'NONE', *, *, #5610, .T. ) ;
#8027 = FACE_OUTER_BOUND ( 'NONE', #7479, .T. ) ;
#8028 = DIRECTION ( 'NONE',  ( 0.000000000000000000, 0.000000000000000000, -1.000000000000000000 ) ) ;
#8029 = CIRCLE ( 'NONE', #4235, 101.5010000000000048 ) ;
#8030 = VERTEX_POINT ( 'NONE', #3594 ) ;
#8031 = CYLINDRICAL_SURFACE ( 'NONE', #7273, 101.5009999999999906 ) ;
#8032 = DIRECTION ( 'NONE',  ( 0.000000000000000000, 0.2203105327865341745, 0.9754297868854084896 ) ) ;
#8033 = ORIENTED_EDGE ( 'NONE', *, *, #152, .F. ) ;
#8034 = DIRECTION ( 'NONE',  ( 0.000000000000000000, 0.000000000000000000, -1.000000000000000000 ) ) ;
#8035 = ORIENTED_EDGE ( 'NONE', *, *, #2194, .T. ) ;
#8036 = DIRECTION ( 'NONE',  ( 0.000000000000000000, 0.2817325568414236758, 0.9594929736144991450 ) ) ;
#8037 = AXIS2_PLACEMENT_3D ( 'NONE', #7432, #6050, #3565 ) ;
#8038 = CARTESIAN_POINT ( 'NONE',  ( 8.000000000000001776, 79.51543960134426925, -55.55443155145204770 ) ) ;
#8039 = CIRCLE ( 'NONE', #2491, 97.00000000000000000 ) ;
#8040 = AXIS2_PLACEMENT_3D ( 'NONE', #5036, #8599, #4448 ) ;
#8041 = AXIS2_PLACEMENT_3D ( 'NONE', #2873, #1510, #2185 ) ;
#8042 = DIRECTION ( 'NONE',  ( 0.000000000000000000, -0.6181589862206119390, 0.7860530947427820658 ) ) ;
#8043 = AXIS2_PLACEMENT_3D ( 'NONE', #3202, #4743, #4829 ) ;
#8044 = AXIS2_PLACEMENT_3D ( 'NONE', #6607, #5050, #5242 ) ;
#8045 = ORIENTED_EDGE ( 'NONE', *, *, #5229, .T. ) ;
#8046 = DIRECTION ( 'NONE',  ( -1.000000000000000000, 0.000000000000000000, -0.000000000000000000 ) ) ;
#8047 = FACE_OUTER_BOUND ( 'NONE', #3513, .T. ) ;
#8048 = ORIENTED_EDGE ( 'NONE', *, *, #8121, .T. ) ;
#8049 = VERTEX_POINT ( 'NONE', #7117 ) ;
#8050 = EDGE_CURVE ( 'NONE', #2860, #4881, #775, .T. ) ;
#8051 = VERTEX_POINT ( 'NONE', #4958 ) ;
#8052 = AXIS2_PLACEMENT_3D ( 'NONE', #8982, #2822, #6373 ) ;
#8053 = CIRCLE ( 'NONE', #5872, 49.50000000000000711 ) ;
#8054 = DIRECTION ( 'NONE',  ( -1.000000000000000000, -0.000000000000000000, -0.000000000000000000 ) ) ;
#8055 = ORIENTED_EDGE ( 'NONE', *, *, #7907, .F. ) ;
#8056 = LINE ( 'NONE', #7476, #1112 ) ;
#8057 = FACE_OUTER_BOUND ( 'NONE', #2992, .T. ) ;
#8058 = CIRCLE ( 'NONE', #2802, 97.00000000000000000 ) ;
#8059 = ORIENTED_EDGE ( 'NONE', *, *, #564, .T. ) ;
#8060 = CARTESIAN_POINT ( 'NONE',  ( 8.000000000000001776, 93.12614285867191199, 11.06173655616218809 ) ) ;
#8061 = EDGE_CURVE ( 'NONE', #3474, #3216, #7888, .T. ) ;
#8062 = FACE_OUTER_BOUND ( 'NONE', #3150, .T. ) ;
#8063 = EDGE_LOOP ( 'NONE', ( #7718, #7305, #5041, #8239 ) ) ;
#8064 = EDGE_CURVE ( 'NONE', #5052, #758, #2787, .T. ) ;
#8065 = CIRCLE ( 'NONE', #1657, 49.50000000000002132 ) ;
#8066 = CIRCLE ( 'NONE', #4126, 49.50000000000001421 ) ;
#8067 = DIRECTION ( 'NONE',  ( 0.000000000000000000, 0.000000000000000000, 1.000000000000000000 ) ) ;
#8068 = ADVANCED_FACE ( 'NONE', ( #6420 ), #3550, .F. ) ;
#8069 = CARTESIAN_POINT ( 'NONE',  ( 0.000000000000000000, -80.25465358751438316, -62.14212402668632507 ) ) ;
#8070 = ORIENTED_EDGE ( 'NONE', *, *, #2467, .T. ) ;
#8071 = ORIENTED_EDGE ( 'NONE', *, *, #1825, .T. ) ;
#8072 = EDGE_CURVE ( 'NONE', #8096, #6228, #3958, .T. ) ;
#8073 = DIRECTION ( 'NONE',  ( -1.000000000000000000, -0.000000000000000000, 0.000000000000000000 ) ) ;
#8074 = EDGE_CURVE ( 'NONE', #207, #1346, #7472, .T. ) ;
#8075 = VERTEX_POINT ( 'NONE', #3683 ) ;
#8076 = CARTESIAN_POINT ( 'NONE',  ( 0.000000000000000000, 0.000000000000000000, 0.000000000000000000 ) ) ;
#8077 = DIRECTION ( 'NONE',  ( -1.000000000000000000, -0.000000000000000000, -0.000000000000000000 ) ) ;
#8078 = AXIS2_PLACEMENT_3D ( 'NONE', #6105, #1326, #4092 ) ;
#8079 = DIRECTION ( 'NONE',  ( 0.000000000000000000, 0.000000000000000000, 1.000000000000000000 ) ) ;
#8080 = DIRECTION ( 'NONE',  ( 1.000000000000000000, 0.000000000000000000, 0.000000000000000000 ) ) ;
#8081 = DIRECTION ( 'NONE',  ( 0.000000000000000000, -0.9638421585599448171, 0.2664738136900252630 ) ) ;
#8082 = ORIENTED_EDGE ( 'NONE', *, *, #7631, .F. ) ;
#8083 = DIRECTION ( 'NONE',  ( -1.000000000000000000, -0.000000000000000000, -0.000000000000000000 ) ) ;
#8084 = EDGE_CURVE ( 'NONE', #4225, #8476, #2208, .T. ) ;
#8085 = ORIENTED_EDGE ( 'NONE', *, *, #6603, .T. ) ;
#8086 = AXIS2_PLACEMENT_3D ( 'NONE', #3341, #2648, #6126 ) ;
#8087 = CARTESIAN_POINT ( 'NONE',  ( 0.000000000000000000, -77.70503590289530393, -52.50493209881769729 ) ) ;
#8088 = CARTESIAN_POINT ( 'NONE',  ( 8.000000000000001776, 15.48032765108796305, -92.49432390793865011 ) ) ;
#8089 = AXIS2_PLACEMENT_3D ( 'NONE', #1379, #7627, #3508 ) ;
#8090 = AXIS2_PLACEMENT_3D ( 'NONE', #7040, #6343, #800 ) ;
#8091 = CARTESIAN_POINT ( 'NONE',  ( 8.000000000000001776, 0.000000000000000000, 0.000000000000000000 ) ) ;
#8092 = DIRECTION ( 'NONE',  ( 1.000000000000000000, -0.000000000000000000, -0.000000000000000000 ) ) ;
#8093 = ORIENTED_EDGE ( 'NONE', *, *, #612, .F. ) ;
#8094 = DIRECTION ( 'NONE',  ( 0.000000000000000000, 0.000000000000000000, 1.000000000000000000 ) ) ;
#8095 = DIRECTION ( 'NONE',  ( 1.000000000000000000, 0.000000000000000000, 0.000000000000000000 ) ) ;
#8096 = VERTEX_POINT ( 'NONE', #108 ) ;
#8097 = ORIENTED_EDGE ( 'NONE', *, *, #1498, .F. ) ;
#8098 = AXIS2_PLACEMENT_3D ( 'NONE', #2132, #5134, #3762 ) ;
#8099 = VERTEX_POINT ( 'NONE', #7799 ) ;
#8100 = CARTESIAN_POINT ( 'NONE',  ( 8.000000000000001776, -87.84259803568502889, 32.84080494922085336 ) ) ;
#8101 = ADVANCED_FACE ( 'NONE', ( #5097 ), #5053, .F. ) ;
#8102 = VERTEX_POINT ( 'NONE', #7160 ) ;
#8103 = FACE_OUTER_BOUND ( 'NONE', #4166, .T. ) ;
#8104 = DIRECTION ( 'NONE',  ( 0.000000000000000000, 0.5136773915734013096, 0.8579834132349800635 ) ) ;
#8105 = AXIS2_PLACEMENT_3D ( 'NONE', #1963, #7583, #8818 ) ;
#8106 = ORIENTED_EDGE ( 'NONE', *, *, #3380, .F. ) ;
#8107 = CYLINDRICAL_SURFACE ( 'NONE', #5551, 49.50000000000001421 ) ;
#8108 = DIRECTION ( 'NONE',  ( -1.000000000000000000, -0.000000000000000000, 0.000000000000000000 ) ) ;
#8109 = ORIENTED_EDGE ( 'NONE', *, *, #5827, .T. ) ;
#8110 = AXIS2_PLACEMENT_3D ( 'NONE', #3054, #8077, #1686 ) ;
#8111 = CARTESIAN_POINT ( 'NONE',  ( 0.000000000000000000, 0.000000000000000000, 0.000000000000000000 ) ) ;
#8112 = EDGE_CURVE ( 'NONE', #3674, #3333, #7608, .T. ) ;
#8113 = DIRECTION ( 'NONE',  ( 0.000000000000000000, 0.000000000000000000, 1.000000000000000000 ) ) ;
#8114 = ORIENTED_EDGE ( 'NONE', *, *, #8608, .T. ) ;
#8115 = CARTESIAN_POINT ( 'NONE',  ( 0.000000000000000000, 0.000000000000000000, 0.000000000000000000 ) ) ;
#8116 = CARTESIAN_POINT ( 'NONE',  ( 8.000000000000001776, 0.000000000000000000, 0.000000000000000000 ) ) ;
#8117 = ORIENTED_EDGE ( 'NONE', *, *, #8406, .F. ) ;
#8118 = AXIS2_PLACEMENT_3D ( 'NONE', #700, #4271, #61 ) ;
#8119 = FACE_OUTER_BOUND ( 'NONE', #648, .T. ) ;
#8120 = CARTESIAN_POINT ( 'NONE',  ( 8.000000000000001776, 78.24260759233487761, -64.65715241295355042 ) ) ;
#8121 = EDGE_CURVE ( 'NONE', #1830, #4633, #5565, .T. ) ;
#8122 = EDGE_CURVE ( 'NONE', #5892, #5067, #7480, .T. ) ;
#8123 = CARTESIAN_POINT ( 'NONE',  ( 8.000000000000001776, 48.60729184248118173, -89.10546661535343560 ) ) ;
#8124 = DIRECTION ( 'NONE',  ( 1.000000000000000000, -0.000000000000000000, 0.000000000000000000 ) ) ;
#8125 = VERTEX_POINT ( 'NONE', #4361 ) ;
#8126 = DIRECTION ( 'NONE',  ( 1.000000000000000000, 0.000000000000000000, 0.000000000000000000 ) ) ;
#8127 = VERTEX_POINT ( 'NONE', #836 ) ;
#8128 = CARTESIAN_POINT ( 'NONE',  ( 0.000000000000000000, 43.67274061404148711, -86.61230701960693068 ) ) ;
#8129 = LINE ( 'NONE', #6901, #8834 ) ;
#8130 = CIRCLE ( 'NONE', #8997, 97.00000000000000000 ) ;
#8131 = EDGE_CURVE ( 'NONE', #2937, #8561, #2626, .T. ) ;
#8132 = CARTESIAN_POINT ( 'NONE',  ( 0.000000000000000000, 0.000000000000000000, 0.000000000000000000 ) ) ;
#8133 = CARTESIAN_POINT ( 'NONE',  ( 0.000000000000000000, 0.000000000000000000, 0.000000000000000000 ) ) ;
#8134 = EDGE_LOOP ( 'NONE', ( #6461, #6566, #1325, #328 ) ) ;
#8135 = DIRECTION ( 'NONE',  ( 0.000000000000000000, -0.8814533634475764101, -0.4722710747726931446 ) ) ;
#8136 = LINE ( 'NONE', #7326, #2385 ) ;
#8137 = ORIENTED_EDGE ( 'NONE', *, *, #5260, .T. ) ;
#8138 = EDGE_LOOP ( 'NONE', ( #663, #5076, #2147, #7835 ) ) ;
#8139 = ORIENTED_EDGE ( 'NONE', *, *, #6806, .F. ) ;
#8140 = PRODUCT_DEFINITION_CONTEXT ( 'detailed design', #6326, 'design' ) ;
#8141 = CARTESIAN_POINT ( 'NONE',  ( 8.000000000000001776, -77.71277963783474263, 58.04932282948126954 ) ) ;
#8142 = DIRECTION ( 'NONE',  ( -1.000000000000000000, 0.000000000000000000, -0.000000000000000000 ) ) ;
#8143 = ORIENTED_EDGE ( 'NONE', *, *, #8451, .T. ) ;
#8144 = DIRECTION ( 'NONE',  ( -1.000000000000000000, 0.000000000000000000, 0.000000000000000000 ) ) ;
#8145 = FACE_OUTER_BOUND ( 'NONE', #1065, .T. ) ;
#8146 = ORIENTED_EDGE ( 'NONE', *, *, #4412, .T. ) ;
#8147 = AXIS2_PLACEMENT_3D ( 'NONE', #6710, #572, #8208 ) ;
#8148 = CARTESIAN_POINT ( 'NONE',  ( 0.000000000000000000, -61.68129557521567818, -74.86265942486201652 ) ) ;
#8149 = CARTESIAN_POINT ( 'NONE',  ( 8.000000000000001776, -89.74863504084490273, -27.20336390369634927 ) ) ;
#8150 = VERTEX_POINT ( 'NONE', #2825 ) ;
#8151 = CARTESIAN_POINT ( 'NONE',  ( 8.000000000000001776, 91.31736841360853418, -44.31242745566181895 ) ) ;
#8152 = CARTESIAN_POINT ( 'NONE',  ( 0.000000000000000000, -39.68587278434580412, -88.51006440707588752 ) ) ;
#8153 = ORIENTED_EDGE ( 'NONE', *, *, #3702, .T. ) ;
#8154 = DIRECTION ( 'NONE',  ( -1.000000000000000000, -0.000000000000000000, 0.000000000000000000 ) ) ;
#8155 = CARTESIAN_POINT ( 'NONE',  ( 4.000000000000000888, 85.90849480390308202, -45.04143115541243958 ) ) ;
#8156 = ORIENTED_EDGE ( 'NONE', *, *, #8050, .F. ) ;
#8157 = CARTESIAN_POINT ( 'NONE',  ( 0.000000000000000000, 0.000000000000000000, 0.000000000000000000 ) ) ;
#8158 = DIRECTION ( 'NONE',  ( -1.000000000000000000, 0.000000000000000000, -0.000000000000000000 ) ) ;
#8159 = EDGE_CURVE ( 'NONE', #7961, #3922, #1547, .T. ) ;
#8160 = EDGE_LOOP ( 'NONE', ( #1114, #149, #1362, #5354 ) ) ;
#8161 = CARTESIAN_POINT ( 'NONE',  ( 8.000000000000001776, -61.68129557521668005, 74.86265942486120650 ) ) ;
#8162 = DIRECTION ( 'NONE',  ( 0.000000000000000000, -0.09505604330418969405, 0.9954719225730838117 ) ) ;
#8163 = DIRECTION ( 'NONE',  ( 0.000000000000000000, -0.1580013959733569395, 0.9874388886763931783 ) ) ;
#8164 = ORIENTED_EDGE ( 'NONE', *, *, #2162, .T. ) ;
#8165 = CIRCLE ( 'NONE', #4666, 49.50000000000002132 ) ;
#8166 = DIRECTION ( 'NONE',  ( 0.000000000000000000, 0.000000000000000000, 1.000000000000000000 ) ) ;
#8167 = ORIENTED_EDGE ( 'NONE', *, *, #4664, .F. ) ;
#8168 = EDGE_CURVE ( 'NONE', #5770, #1981, #4368, .T. ) ;
#8169 = CYLINDRICAL_SURFACE ( 'NONE', #7398, 101.5009999999999906 ) ;
#8170 = CARTESIAN_POINT ( 'NONE',  ( 8.000000000000001776, -33.99231706918357077, -90.84889861890506779 ) ) ;
#8171 = EDGE_CURVE ( 'NONE', #5344, #8635, #1189, .T. ) ;
#8172 = AXIS2_PLACEMENT_3D ( 'NONE', #2500, #5245, #428 ) ;
#8173 = EDGE_CURVE ( 'NONE', #4401, #7355, #4832, .T. ) ;
#8174 = CYLINDRICAL_SURFACE ( 'NONE', #6732, 97.00000000000000000 ) ;
#8175 = DIRECTION ( 'NONE',  ( -1.000000000000000000, -0.000000000000000000, -0.000000000000000000 ) ) ;
#8176 = ORIENTED_EDGE ( 'NONE', *, *, #8881, .T. ) ;
#8177 = DIRECTION ( 'NONE',  ( 0.000000000000000000, 0.000000000000000000, 1.000000000000000000 ) ) ;
#8178 = CIRCLE ( 'NONE', #3656, 101.5009999999999906 ) ;
#8179 = DIRECTION ( 'NONE',  ( 0.000000000000000000, -0.4009305354066207139, 0.9161084574320665919 ) ) ;
#8180 = EDGE_LOOP ( 'NONE', ( #1080, #6907, #4673, #1168 ) ) ;
#8181 = ADVANCED_FACE ( 'NONE', ( #3912 ), #3825, .F. ) ;
#8182 = CIRCLE ( 'NONE', #1084, 49.50000000000002132 ) ;
#8183 = EDGE_CURVE ( 'NONE', #8127, #2625, #5403, .T. ) ;
#8184 = AXIS2_PLACEMENT_3D ( 'NONE', #5619, #4159, #8837 ) ;
#8185 = CIRCLE ( 'NONE', #1350, 49.50000000000002842 ) ;
#8186 = CARTESIAN_POINT ( 'NONE',  ( 0.000000000000000000, -93.70414482884912388, -3.791271721437887265 ) ) ;
#8187 = VECTOR ( 'NONE', #402, 1000.000000000000000 ) ;
#8188 =( NAMED_UNIT ( * ) PLANE_ANGLE_UNIT ( ) SI_UNIT ( $, .RADIAN. ) );
#8189 = VERTEX_POINT ( 'NONE', #1729 ) ;
#8190 = CARTESIAN_POINT ( 'NONE',  ( 8.000000000000001776, -7.282996326843738544, -101.2393745807587351 ) ) ;
#8191 = CARTESIAN_POINT ( 'NONE',  ( 8.000000000000001776, -24.20237598767207743, -90.60400375216902091 ) ) ;
#8192 = ORIENTED_EDGE ( 'NONE', *, *, #1061, .F. ) ;
#8193 = FACE_OUTER_BOUND ( 'NONE', #2297, .T. ) ;
#8194 = AXIS2_PLACEMENT_3D ( 'NONE', #5004, #4320, #8344 ) ;
#8195 = VERTEX_POINT ( 'NONE', #6561 ) ;
#8196 = AXIS2_PLACEMENT_3D ( 'NONE', #6799, #1186, #3959 ) ;
#8197 = LINE ( 'NONE', #1813, #3339 ) ;
#8198 = FACE_OUTER_BOUND ( 'NONE', #4105, .T. ) ;
#8199 = ORIENTED_EDGE ( 'NONE', *, *, #4713, .F. ) ;
#8200 = DIRECTION ( 'NONE',  ( 0.000000000000000000, -0.9819286972627080390, 0.1892512443604031647 ) ) ;
#8201 = CYLINDRICAL_SURFACE ( 'NONE', #5130, 49.50000000000001421 ) ;
#8202 = VERTEX_POINT ( 'NONE', #7304 ) ;
#8203 = CIRCLE ( 'NONE', #8783, 49.50000000000000711 ) ;
#8204 = CARTESIAN_POINT ( 'NONE',  ( 8.000000000000001776, 0.000000000000000000, 0.000000000000000000 ) ) ;
#8205 = CARTESIAN_POINT ( 'NONE',  ( 0.000000000000000000, 19.21108298590378993, -95.07856903902539614 ) ) ;
#8206 = AXIS2_PLACEMENT_3D ( 'NONE', #7306, #1823, #4639 ) ;
#8207 = DIRECTION ( 'NONE',  ( 0.000000000000000000, 0.000000000000000000, -1.000000000000000000 ) ) ;
#8208 = DIRECTION ( 'NONE',  ( 0.000000000000000000, -0.5136773915734131890, 0.8579834132349728471 ) ) ;
#8209 = CARTESIAN_POINT ( 'NONE',  ( 8.000000000000001776, 67.30646547182186623, -65.30451902481296145 ) ) ;
#8210 = ORIENTED_EDGE ( 'NONE', *, *, #5401, .T. ) ;
#8211 = EDGE_CURVE ( 'NONE', #7560, #5960, #4507, .T. ) ;
#8212 = AXIS2_PLACEMENT_3D ( 'NONE', #4619, #7420, #6778 ) ;
#8213 = DIRECTION ( 'NONE',  ( -1.000000000000000000, -0.000000000000000000, -0.000000000000000000 ) ) ;
#8214 = ORIENTED_EDGE ( 'NONE', *, *, #6630, .F. ) ;
#8215 = DIRECTION ( 'NONE',  ( 1.000000000000000000, 0.000000000000000000, 0.000000000000000000 ) ) ;
#8216 = CARTESIAN_POINT ( 'NONE',  ( 8.000000000000001776, -84.43617198548726321, -47.74445371388404880 ) ) ;
#8217 = CIRCLE ( 'NONE', #8799, 101.5010000000000048 ) ;
#8218 = CARTESIAN_POINT ( 'NONE',  ( -10.00000000000000000, 0.000000000000000000, 0.000000000000000000 ) ) ;
#8219 = EDGE_CURVE ( 'NONE', #8283, #2625, #8612, .T. ) ;
#8220 = AXIS2_PLACEMENT_3D ( 'NONE', #8449, #5121, #4980 ) ;
#8221 = DIRECTION ( 'NONE',  ( 0.000000000000000000, 0.5136773915734011986, 0.8579834132349800635 ) ) ;
#8222 = ORIENTED_EDGE ( 'NONE', *, *, #3598, .T. ) ;
#8223 = EDGE_CURVE ( 'NONE', #8292, #5947, #4394, .T. ) ;
#8224 = FACE_OUTER_BOUND ( 'NONE', #7611, .T. ) ;
#8225 = FACE_OUTER_BOUND ( 'NONE', #3618, .T. ) ;
#8226 = ORIENTED_EDGE ( 'NONE', *, *, #7945, .T. ) ;
#8227 = AXIS2_PLACEMENT_3D ( 'NONE', #6643, #8742, #415 ) ;
#8228 = CIRCLE ( 'NONE', #4588, 49.50000000000002132 ) ;
#8229 = EDGE_CURVE ( 'NONE', #2985, #6964, #491, .T. ) ;
#8230 = CARTESIAN_POINT ( 'NONE',  ( 3.999999999999998224, -92.36341720061190586, -29.63105065679767947 ) ) ;
#8231 = EDGE_CURVE ( 'NONE', #2398, #8338, #7457, .T. ) ;
#8232 = EDGE_CURVE ( 'NONE', #7776, #7990, #34, .T. ) ;
#8233 = DIRECTION ( 'NONE',  ( 1.000000000000000000, 0.000000000000000000, 0.000000000000000000 ) ) ;
#8234 = VERTEX_POINT ( 'NONE', #3239 ) ;
#8235 = DIRECTION ( 'NONE',  ( 1.000000000000000000, 0.000000000000000000, 0.000000000000000000 ) ) ;
#8236 = DIRECTION ( 'NONE',  ( -1.000000000000000000, -0.000000000000000000, -0.000000000000000000 ) ) ;
#8237 = EDGE_LOOP ( 'NONE', ( #789, #5020, #5629, #4759 ) ) ;
#8238 = CIRCLE ( 'NONE', #6339, 97.00000000000000000 ) ;
#8239 = ORIENTED_EDGE ( 'NONE', *, *, #6057, .T. ) ;
#8240 = LINE ( 'NONE', #132, #6977 ) ;
#8241 = ORIENTED_EDGE ( 'NONE', *, *, #8006, .T. ) ;
#8242 = EDGE_CURVE ( 'NONE', #7468, #5052, #3100, .T. ) ;
#8243 = VECTOR ( 'NONE', #1528, 1000.000000000000000 ) ;
#8244 = DIRECTION ( 'NONE',  ( -1.110223024625156294E-16, -0.9819286972627080390, 0.1892512443604032479 ) ) ;
#8245 = CARTESIAN_POINT ( 'NONE',  ( 0.000000000000000000, 73.98426986970670782, -69.48942950439591471 ) ) ;
#8246 = ORIENTED_EDGE ( 'NONE', *, *, #8232, .T. ) ;
#8247 = FACE_OUTER_BOUND ( 'NONE', #5271, .T. ) ;
#8248 = DIRECTION ( 'NONE',  ( 0.000000000000000000, 0.000000000000000000, 1.000000000000000000 ) ) ;
#8249 = ORIENTED_EDGE ( 'NONE', *, *, #8324, .F. ) ;
#8250 = DIRECTION ( 'NONE',  ( -5.059610138265687687E-16, 0.1892512443604032479, 0.9819286972627080390 ) ) ;
#8251 = DIRECTION ( 'NONE',  ( -1.000000000000000000, 0.000000000000000000, 0.000000000000000000 ) ) ;
#8252 = AXIS2_PLACEMENT_3D ( 'NONE', #3444, #5628, #8416 ) ;
#8253 = VERTEX_POINT ( 'NONE', #3778 ) ;
#8254 = DIRECTION ( 'NONE',  ( 1.000000000000000000, 0.000000000000000000, 0.000000000000000000 ) ) ;
#8255 = DIRECTION ( 'NONE',  ( 0.000000000000000000, 0.000000000000000000, 1.000000000000000000 ) ) ;
#8256 = CIRCLE ( 'NONE', #2420, 49.50000000000001421 ) ;
#8257 = CARTESIAN_POINT ( 'NONE',  ( 0.000000000000000000, 36.85765119199707840, -89.72465407349908162 ) ) ;
#8258 = ORIENTED_EDGE ( 'NONE', *, *, #8084, .T. ) ;
#8259 = DIRECTION ( 'NONE',  ( 1.000000000000000000, 0.000000000000000000, 0.000000000000000000 ) ) ;
#8260 = ORIENTED_EDGE ( 'NONE', *, *, #8789, .T. ) ;
#8261 = DIRECTION ( 'NONE',  ( -1.000000000000000000, -0.000000000000000000, 0.000000000000000000 ) ) ;
#8262 = DIRECTION ( 'NONE',  ( -1.000000000000000000, 0.000000000000000000, 0.000000000000000000 ) ) ;
#8263 = VECTOR ( 'NONE', #8817, 1000.000000000000000 ) ;
#8264 = CIRCLE ( 'NONE', #8118, 49.50000000000001421 ) ;
#8265 = EDGE_CURVE ( 'NONE', #3082, #4485, #3967, .T. ) ;
#8266 = DIRECTION ( 'NONE',  ( 0.000000000000000000, 0.000000000000000000, 1.000000000000000000 ) ) ;
#8267 = DIRECTION ( 'NONE',  ( -1.000000000000000000, -0.000000000000000000, 0.000000000000000000 ) ) ;
#8268 = EDGE_LOOP ( 'NONE', ( #769, #3876, #6928, #6910 ) ) ;
#8269 = CYLINDRICAL_SURFACE ( 'NONE', #3077, 101.5009999999999906 ) ;
#8270 = DIRECTION ( 'NONE',  ( 0.000000000000000000, 0.000000000000000000, 1.000000000000000000 ) ) ;
#8271 = ORIENTED_EDGE ( 'NONE', *, *, #4934, .F. ) ;
#8272 = CIRCLE ( 'NONE', #271, 101.5010000000000048 ) ;
#8273 = EDGE_CURVE ( 'NONE', #5990, #1968, #470, .T. ) ;
#8274 = AXIS2_PLACEMENT_3D ( 'NONE', #7074, #15, #2727 ) ;
#8275 = DIRECTION ( 'NONE',  ( 1.000000000000000000, 0.000000000000000000, 0.000000000000000000 ) ) ;
#8276 = ORIENTED_EDGE ( 'NONE', *, *, #6549, .T. ) ;
#8277 = DIRECTION ( 'NONE',  ( 0.000000000000000000, 0.03172793349806100199, 0.9994965423831853046 ) ) ;
#8278 = DIRECTION ( 'NONE',  ( 0.000000000000000000, 0.000000000000000000, -1.000000000000000000 ) ) ;
#8279 = ORIENTED_EDGE ( 'NONE', *, *, #2419, .F. ) ;
#8280 = ORIENTED_EDGE ( 'NONE', *, *, #5710, .T. ) ;
#8281 = DIRECTION ( 'NONE',  ( 0.000000000000000000, 0.000000000000000000, 1.000000000000000000 ) ) ;
#8282 = EDGE_CURVE ( 'NONE', #1928, #5344, #1901, .T. ) ;
#8283 = VERTEX_POINT ( 'NONE', #1683 ) ;
#8284 = EDGE_CURVE ( 'NONE', #2777, #948, #2792, .T. ) ;
#8285 = EDGE_CURVE ( 'NONE', #7515, #2937, #5286, .T. ) ;
#8286 = CARTESIAN_POINT ( 'NONE',  ( 8.000000000000001776, -36.98332656172887312, -86.18047375014958789 ) ) ;
#8287 = CIRCLE ( 'NONE', #5653, 49.50000000000000711 ) ;
#8288 = CARTESIAN_POINT ( 'NONE',  ( 4.000000000000000888, 88.59223732086695691, -39.50209471006806439 ) ) ;
#8289 = VERTEX_POINT ( 'NONE', #6703 ) ;
#8290 = DIRECTION ( 'NONE',  ( 1.000000000000000000, 0.000000000000000000, -0.000000000000000000 ) ) ;
#8291 = CARTESIAN_POINT ( 'NONE',  ( 0.000000000000000000, 42.47413406683178749, -87.20635260846998449 ) ) ;
#8292 = VERTEX_POINT ( 'NONE', #1860 ) ;
#8293 = CARTESIAN_POINT ( 'NONE',  ( 0.000000000000000000, -39.91718116827530594, -93.32240700163646352 ) ) ;
#8294 = FACE_OUTER_BOUND ( 'NONE', #7887, .T. ) ;
#8295 = EDGE_CURVE ( 'NONE', #360, #1560, #7439, .T. ) ;
#8296 = CIRCLE ( 'NONE', #4348, 49.50000000000002132 ) ;
#8297 = VERTEX_POINT ( 'NONE', #289 ) ;
#8298 = DIRECTION ( 'NONE',  ( 0.000000000000000000, 0.000000000000000000, 1.000000000000000000 ) ) ;
#8299 = DIRECTION ( 'NONE',  ( 0.000000000000000000, -0.9549022414440707651, -0.2969203753282850800 ) ) ;
#8300 = ORIENTED_EDGE ( 'NONE', *, *, #4490, .T. ) ;
#8301 = AXIS2_PLACEMENT_3D ( 'NONE', #7378, #8142, #1085 ) ;
#8302 = DIRECTION ( 'NONE',  ( -1.000000000000000000, 0.000000000000000000, 0.000000000000000000 ) ) ;
#8303 = CARTESIAN_POINT ( 'NONE',  ( 8.000000000000001776, -90.29814238342842714, -35.42944371708490081 ) ) ;
#8304 = AXIS2_PLACEMENT_3D ( 'NONE', #4119, #6786, #545 ) ;
#8305 = CARTESIAN_POINT ( 'NONE',  ( 3.999999999999998224, -96.13265536941942457, -12.94266478065606663 ) ) ;
#8306 = DIRECTION ( 'NONE',  ( 0.000000000000000000, 0.000000000000000000, 1.000000000000000000 ) ) ;
#8307 = AXIS2_PLACEMENT_3D ( 'NONE', #7133, #6304, #6441 ) ;
#8308 = CARTESIAN_POINT ( 'NONE',  ( 8.000000000000001776, -101.1110795888539258, -8.888339854913569482 ) ) ;
#8309 = EDGE_LOOP ( 'NONE', ( #2834, #3531, #1883, #2455 ) ) ;
#8310 = CIRCLE ( 'NONE', #5535, 49.50000000000002132 ) ;
#8311 = DIRECTION ( 'NONE',  ( 0.000000000000000000, 0.000000000000000000, 1.000000000000000000 ) ) ;
#8312 = FACE_OUTER_BOUND ( 'NONE', #8621, .T. ) ;
#8313 = EDGE_LOOP ( 'NONE', ( #6641, #4458, #8826, #6371 ) ) ;
#8314 = DIRECTION ( 'NONE',  ( -1.000000000000000000, -0.000000000000000000, -0.000000000000000000 ) ) ;
#8315 = AXIS2_PLACEMENT_3D ( 'NONE', #6930, #1283, #4685 ) ;
#8316 = CYLINDRICAL_SURFACE ( 'NONE', #8748, 101.5009999999999906 ) ;
#8317 = AXIS2_PLACEMENT_3D ( 'NONE', #5366, #1351, #2744 ) ;
#8318 = VECTOR ( 'NONE', #4115, 1000.000000000000000 ) ;
#8319 = EDGE_LOOP ( 'NONE', ( #3908, #4913, #463, #7625 ) ) ;
#8320 = CARTESIAN_POINT ( 'NONE',  ( 8.000000000000001776, -97.17174618014864507, 29.32754243540986394 ) ) ;
#8321 = CARTESIAN_POINT ( 'NONE',  ( 8.000000000000001776, -97.17174618014864507, 29.32754243540986394 ) ) ;
#8322 = ORIENTED_EDGE ( 'NONE', *, *, #6161, .F. ) ;
#8323 = VERTEX_POINT ( 'NONE', #3050 ) ;
#8324 = EDGE_CURVE ( 'NONE', #6619, #783, #2772, .T. ) ;
#8325 = FACE_OUTER_BOUND ( 'NONE', #1818, .T. ) ;
#8326 = ORIENTED_EDGE ( 'NONE', *, *, #7564, .T. ) ;
#8327 = CIRCLE ( 'NONE', #3815, 97.00000000000000000 ) ;
#8328 = VECTOR ( 'NONE', #8504, 1000.000000000000000 ) ;
#8329 = DIRECTION ( 'NONE',  ( 0.000000000000000000, 0.000000000000000000, -1.000000000000000000 ) ) ;
#8330 = EDGE_CURVE ( 'NONE', #2093, #236, #4227, .T. ) ;
#8331 = VECTOR ( 'NONE', #8801, 1000.000000000000000 ) ;
#8332 = CARTESIAN_POINT ( 'NONE',  ( 8.000000000000001776, 13.14214933673543761, -96.10558730277311668 ) ) ;
#8333 = AXIS2_PLACEMENT_3D ( 'NONE', #4359, #7158, #916 ) ;
#8334 = ORIENTED_EDGE ( 'NONE', *, *, #761, .F. ) ;
#8335 = DIRECTION ( 'NONE',  ( 0.000000000000000000, 0.000000000000000000, 1.000000000000000000 ) ) ;
#8336 = ADVANCED_FACE ( 'NONE', ( #1993 ), #4090, .F. ) ;
#8337 = CARTESIAN_POINT ( 'NONE',  ( 8.000000000000001776, -101.1110795888540679, 8.888339854912203464 ) ) ;
#8338 = VERTEX_POINT ( 'NONE', #10 ) ;
#8339 = DIRECTION ( 'NONE',  ( -1.000000000000000000, 0.000000000000000000, 0.000000000000000000 ) ) ;
#8340 = DIRECTION ( 'NONE',  ( -1.000000000000000000, 0.000000000000000000, -0.000000000000000000 ) ) ;
#8341 = EDGE_CURVE ( 'NONE', #8719, #4662, #2628, .T. ) ;
#8342 = EDGE_CURVE ( 'NONE', #2613, #7753, #6885, .T. ) ;
#8343 = EDGE_CURVE ( 'NONE', #7280, #4020, #6008, .T. ) ;
#8344 = DIRECTION ( 'NONE',  ( 0.000000000000000000, -0.7345917086575253219, -0.6785094115571408402 ) ) ;
#8345 = CARTESIAN_POINT ( 'NONE',  ( 0.000000000000000000, -11.41579842389697852, -96.32590277980763460 ) ) ;
#8346 = VECTOR ( 'NONE', #6681, 1000.000000000000000 ) ;
#8347 = ORIENTED_EDGE ( 'NONE', *, *, #8904, .F. ) ;
#8348 = CYLINDRICAL_SURFACE ( 'NONE', #7605, 101.5009999999999906 ) ;
#8349 = ORIENTED_EDGE ( 'NONE', *, *, #4990, .T. ) ;
#8350 = DIRECTION ( 'NONE',  ( 0.000000000000000000, -0.7761464642917492718, -0.6305526670845317261 ) ) ;
#8351 = LINE ( 'NONE', #24, #2858 ) ;
#8352 = AXIS2_PLACEMENT_3D ( 'NONE', #2182, #4960, #3282 ) ;
#8353 = DIRECTION ( 'NONE',  ( 0.000000000000000000, 0.000000000000000000, 1.000000000000000000 ) ) ;
#8354 = ADVANCED_FACE ( 'NONE', ( #4815 ), #8201, .F. ) ;
#8355 = DIRECTION ( 'NONE',  ( 0.000000000000000000, -0.4861967361004579380, -0.8738493770697909335 ) ) ;
#8356 = ORIENTED_EDGE ( 'NONE', *, *, #8953, .F. ) ;
#8357 = DIRECTION ( 'NONE',  ( 0.000000000000000000, -0.9450008187146716754, 0.3270679633174126688 ) ) ;
#8358 = DIRECTION ( 'NONE',  ( -1.000000000000000000, -0.000000000000000000, -0.000000000000000000 ) ) ;
#8359 = ORIENTED_EDGE ( 'NONE', *, *, #1820, .F. ) ;
#8360 = DIRECTION ( 'NONE',  ( 0.000000000000000000, 3.539536789366817353E-15, -1.000000000000000000 ) ) ;
#8361 = AXIS2_PLACEMENT_3D ( 'NONE', #356, #3892, #7460 ) ;
#8362 = LINE ( 'NONE', #2108, #6714 ) ;
#8364 = ORIENTED_EDGE ( 'NONE', *, *, #6381, .T. ) ;
#8363 = AXIS2_PLACEMENT_3D ( 'NONE', #42, #6963, #726 ) ;
#8365 = CYLINDRICAL_SURFACE ( 'NONE', #4406, 101.5009999999999906 ) ;
#8366 = DIRECTION ( 'NONE',  ( 0.000000000000000000, 0.000000000000000000, 1.000000000000000000 ) ) ;
#8367 = ORIENTED_EDGE ( 'NONE', *, *, #7284, .T. ) ;
#8368 = ORIENTED_EDGE ( 'NONE', *, *, #6325, .T. ) ;
#8369 = CYLINDRICAL_SURFACE ( 'NONE', #1445, 101.5009999999999906 ) ;
#8370 = CIRCLE ( 'NONE', #533, 49.50000000000001421 ) ;
#8371 = ORIENTED_EDGE ( 'NONE', *, *, #787, .F. ) ;
#8372 = AXIS2_PLACEMENT_3D ( 'NONE', #7317, #1073, #5983 ) ;
#8373 = EDGE_CURVE ( 'NONE', #6589, #6530, #7151, .T. ) ;
#8374 = AXIS2_PLACEMENT_3D ( 'NONE', #4102, #660, #4058 ) ;
#8375 = DIRECTION ( 'NONE',  ( 1.000000000000000000, 0.000000000000000000, 0.000000000000000000 ) ) ;
#8376 = LINE ( 'NONE', #5501, #4987 ) ;
#8377 = ORIENTED_EDGE ( 'NONE', *, *, #8735, .F. ) ;
#8378 = DIRECTION ( 'NONE',  ( -1.000000000000000000, -0.000000000000000000, 0.000000000000000000 ) ) ;
#8379 = DIRECTION ( 'NONE',  ( -1.000000000000000000, -0.000000000000000000, -0.000000000000000000 ) ) ;
#8380 = ORIENTED_EDGE ( 'NONE', *, *, #4489, .F. ) ;
#8381 = CARTESIAN_POINT ( 'NONE',  ( 8.000000000000001776, -91.29328596891753023, 21.45638451298701455 ) ) ;
#8382 = FACE_OUTER_BOUND ( 'NONE', #3561, .T. ) ;
#8383 = AXIS2_PLACEMENT_3D ( 'NONE', #8921, #2528, #5319 ) ;
#8384 = EDGE_CURVE ( 'NONE', #7392, #6716, #3668, .T. ) ;
#8385 = DIRECTION ( 'NONE',  ( 1.000000000000000000, 0.000000000000000000, 0.000000000000000000 ) ) ;
#8386 = DIRECTION ( 'NONE',  ( 0.000000000000000000, 0.000000000000000000, 1.000000000000000000 ) ) ;
#8387 = EDGE_LOOP ( 'NONE', ( #8977, #3954, #5673, #4128 ) ) ;
#8388 = DIRECTION ( 'NONE',  ( 1.000000000000000000, 0.000000000000000000, -0.000000000000000000 ) ) ;
#8389 = VERTEX_POINT ( 'NONE', #8291 ) ;
#8390 = CIRCLE ( 'NONE', #3873, 49.50000000000002842 ) ;
#8391 = CARTESIAN_POINT ( 'NONE',  ( 8.000000000000001776, -91.94599763621994271, -30.90199861951063554 ) ) ;
#8392 = EDGE_CURVE ( 'NONE', #4517, #2133, #6103, .T. ) ;
#8393 = DIRECTION ( 'NONE',  ( -1.000000000000000000, -0.000000000000000000, 0.000000000000000000 ) ) ;
#8394 = EDGE_CURVE ( 'NONE', #2017, #6530, #4775, .T. ) ;
#8395 = EDGE_CURVE ( 'NONE', #5770, #2651, #3221, .T. ) ;
#8396 = EDGE_CURVE ( 'NONE', #638, #3608, #7488, .T. ) ;
#8397 = AXIS2_PLACEMENT_3D ( 'NONE', #6660, #8614, #2406 ) ;
#8398 = CARTESIAN_POINT ( 'NONE',  ( 0.000000000000000000, -7.282996326843738544, -101.2393745807587351 ) ) ;
#8399 = DIRECTION ( 'NONE',  ( 1.000000000000000000, 0.000000000000000000, -0.000000000000000000 ) ) ;
#8400 = VERTEX_POINT ( 'NONE', #8337 ) ;
#8401 = CARTESIAN_POINT ( 'NONE',  ( 7.703719777548943412E-31, 44.69519887122446278, -67.33053896896463186 ) ) ;
#8402 = CYLINDRICAL_SURFACE ( 'NONE', #4902, 49.50000000000001421 ) ;
#8403 = ORIENTED_EDGE ( 'NONE', *, *, #7358, .F. ) ;
#8404 = DIRECTION ( 'NONE',  ( 0.000000000000000000, -8.831319514063742196E-15, -1.000000000000000000 ) ) ;
#8405 = AXIS2_PLACEMENT_3D ( 'NONE', #3916, #6707, #1863 ) ;
#8406 = EDGE_CURVE ( 'NONE', #4720, #6712, #5103, .T. ) ;
#8407 = AXIS2_PLACEMENT_3D ( 'NONE', #1253, #1788, #3204 ) ;
#8408 = DIRECTION ( 'NONE',  ( -1.000000000000000000, 0.000000000000000000, -0.000000000000000000 ) ) ;
#8409 = VECTOR ( 'NONE', #7903, 1000.000000000000000 ) ;
#8410 = AXIS2_PLACEMENT_3D ( 'NONE', #1110, #6808, #8079 ) ;
#8411 = ORIENTED_EDGE ( 'NONE', *, *, #1974, .F. ) ;
#8412 = DIRECTION ( 'NONE',  ( 0.000000000000000000, 0.000000000000000000, 1.000000000000000000 ) ) ;
#8413 = CARTESIAN_POINT ( 'NONE',  ( 8.000000000000001776, -2.373396018659052586, -101.4732476682333129 ) ) ;
#8414 = ORIENTED_EDGE ( 'NONE', *, *, #6266, .F. ) ;
#8415 = ORIENTED_EDGE ( 'NONE', *, *, #611, .T. ) ;
#8416 = DIRECTION ( 'NONE',  ( 0.000000000000000000, 0.4009305354066082794, 0.9161084574320719209 ) ) ;
#8417 = ORIENTED_EDGE ( 'NONE', *, *, #823, .F. ) ;
#8418 = CIRCLE ( 'NONE', #4479, 49.50000000000002842 ) ;
#8419 = DIRECTION ( 'NONE',  ( 0.000000000000000000, -0.03172793349807451202, 0.9994965423831848605 ) ) ;
#8420 = CARTESIAN_POINT ( 'NONE',  ( 0.000000000000000000, 0.000000000000000000, 0.000000000000000000 ) ) ;
#8421 = EDGE_LOOP ( 'NONE', ( #6204, #3327, #3552, #6321 ) ) ;
#8422 = DIRECTION ( 'NONE',  ( 0.000000000000000000, 0.9819286972627080390, -0.1892512443604031647 ) ) ;
#8423 = DIRECTION ( 'NONE',  ( -1.000000000000000000, 0.000000000000000000, -0.000000000000000000 ) ) ;
#8424 = CARTESIAN_POINT ( 'NONE',  ( 8.000000000000001776, 0.000000000000000000, 0.000000000000000000 ) ) ;
#8425 = CIRCLE ( 'NONE', #2308, 49.50000000000002132 ) ;
#8426 = ORIENTED_EDGE ( 'NONE', *, *, #2377, .T. ) ;
#8427 = DIRECTION ( 'NONE',  ( 1.000000000000000000, 0.000000000000000000, 0.000000000000000000 ) ) ;
#8428 = DIRECTION ( 'NONE',  ( 1.000000000000000000, 0.000000000000000000, 0.000000000000000000 ) ) ;
#8429 = ORIENTED_EDGE ( 'NONE', *, *, #6362, .F. ) ;
#8430 = DIRECTION ( 'NONE',  ( 0.000000000000000000, 0.000000000000000000, 1.000000000000000000 ) ) ;
#8431 = ORIENTED_EDGE ( 'NONE', *, *, #1825, .F. ) ;
#8432 = ADVANCED_FACE ( 'NONE', ( #6147 ), #8932, .F. ) ;
#8433 = FACE_OUTER_BOUND ( 'NONE', #5178, .T. ) ;
#8434 = CARTESIAN_POINT ( 'NONE',  ( 7.999999999999994671, -63.60141849350122101, 95.81158367136264076 ) ) ;
#8435 = CIRCLE ( 'NONE', #1457, 49.50000000000002132 ) ;
#8436 = CARTESIAN_POINT ( 'NONE',  ( -8.500000000000007105, 96.97008148644914627, -2.409003219471813395 ) ) ;
#8437 =( NAMED_UNIT ( * ) SI_UNIT ( $, .STERADIAN. ) SOLID_ANGLE_UNIT ( ) );
#8438 = DIRECTION ( 'NONE',  ( -1.000000000000000000, -0.000000000000000000, -0.000000000000000000 ) ) ;
#8439 = VERTEX_POINT ( 'NONE', #1242 ) ;
#8440 = CARTESIAN_POINT ( 'NONE',  ( -10.00000000000000000, 0.000000000000000000, 0.000000000000000000 ) ) ;
#8441 = EDGE_CURVE ( 'NONE', #5162, #8049, #4676, .T. ) ;
#8442 = DIRECTION ( 'NONE',  ( 0.000000000000000000, -0.8145759520503291773, -0.5800569095712073686 ) ) ;
#8443 = ORIENTED_EDGE ( 'NONE', *, *, #7786, .F. ) ;
#8444 = CARTESIAN_POINT ( 'NONE',  ( 8.000000000000001776, 0.000000000000000000, 0.000000000000000000 ) ) ;
#8445 = ADVANCED_FACE ( 'NONE', ( #6802 ), #3323, .F. ) ;
#8446 = AXIS2_PLACEMENT_3D ( 'NONE', #2658, #4073, #3944 ) ;
#8447 = CARTESIAN_POINT ( 'NONE',  ( 3.999999999999998224, 53.17208785233799517, -81.12785633445055566 ) ) ;
#8448 = EDGE_CURVE ( 'NONE', #4001, #3731, #2810, .T. ) ;
#8449 = CARTESIAN_POINT ( 'NONE',  ( 0.000000000000000000, 0.000000000000000000, 0.000000000000000000 ) ) ;
#8450 = CIRCLE ( 'NONE', #3065, 101.5010000000000048 ) ;
#8451 = EDGE_CURVE ( 'NONE', #4861, #5723, #5039, .T. ) ;
#8452 = VERTEX_POINT ( 'NONE', #5634 ) ;
#8453 = DIRECTION ( 'NONE',  ( -1.000000000000000000, 0.000000000000000000, -0.000000000000000000 ) ) ;
#8454 = EDGE_CURVE ( 'NONE', #858, #6156, #7742, .T. ) ;
#8455 = DIRECTION ( 'NONE',  ( 1.000000000000000000, 0.000000000000000000, 0.000000000000000000 ) ) ;
#8456 = VERTEX_POINT ( 'NONE', #907 ) ;
#8457 = EDGE_LOOP ( 'NONE', ( #7130, #1506, #6588, #4255 ) ) ;
#8458 = DIRECTION ( 'NONE',  ( 0.000000000000000000, 0.000000000000000000, -1.000000000000000000 ) ) ;
#8459 = VERTEX_POINT ( 'NONE', #5591 ) ;
#8460 = CARTESIAN_POINT ( 'NONE',  ( -8.500000000000007105, 0.000000000000000000, 0.000000000000000000 ) ) ;
#8461 = LINE ( 'NONE', #368, #6000 ) ;
#8462 = ORIENTED_EDGE ( 'NONE', *, *, #500, .T. ) ;
#8463 = VECTOR ( 'NONE', #304, 1000.000000000000000 ) ;
#8464 = DIRECTION ( 'NONE',  ( 0.000000000000000000, -0.5929079290546301895, -0.8052702575310660693 ) ) ;
#8465 = AXIS2_PLACEMENT_3D ( 'NONE', #5018, #7807, #1558 ) ;
#8466 = ORIENTED_EDGE ( 'NONE', *, *, #8324, .T. ) ;
#8467 = CARTESIAN_POINT ( 'NONE',  ( 8.000000000000001776, -87.84259803568458835, -32.84080494922203286 ) ) ;
#8468 = CIRCLE ( 'NONE', #1198, 101.5010000000000048 ) ;
#8469 = FACE_OUTER_BOUND ( 'NONE', #8138, .T. ) ;
#8470 = VECTOR ( 'NONE', #5210, 1000.000000000000000 ) ;
#8471 = ORIENTED_EDGE ( 'NONE', *, *, #1905, .F. ) ;
#8472 = CARTESIAN_POINT ( 'NONE',  ( 0.000000000000000000, 79.51543960134426925, -55.55443155145204770 ) ) ;
#8473 = CARTESIAN_POINT ( 'NONE',  ( -8.499999999999992895, 100.8977962754999709, -3.166008196913418615 ) ) ;
#8474 = ORIENTED_EDGE ( 'NONE', *, *, #3209, .F. ) ;
#8475 = DIRECTION ( 'NONE',  ( 0.000000000000000000, 3.539536789366818536E-15, -1.000000000000000000 ) ) ;
#8476 = VERTEX_POINT ( 'NONE', #4352 ) ;
#8477 = CARTESIAN_POINT ( 'NONE',  ( 7.999999999999992895, 0.000000000000000000, -115.0000000000000142 ) ) ;
#8478 = DIRECTION ( 'NONE',  ( 0.000000000000000000, 0.000000000000000000, 1.000000000000000000 ) ) ;
#8479 = EDGE_CURVE ( 'NONE', #2846, #5916, #3076, .T. ) ;
#8480 = DIRECTION ( 'NONE',  ( 1.000000000000000000, 0.000000000000000000, -0.000000000000000000 ) ) ;
#8481 = CARTESIAN_POINT ( 'NONE',  ( 0.000000000000000000, 96.97008148644906100, -2.409003219471800072 ) ) ;
#8482 = CYLINDRICAL_SURFACE ( 'NONE', #4005, 49.50000000000001421 ) ;
#8483 = EDGE_LOOP ( 'NONE', ( #8519, #4157, #7508, #8981 ) ) ;
#8484 = CARTESIAN_POINT ( 'NONE',  ( 0.000000000000000000, 38.21392632221432706, -85.64190758274875748 ) ) ;
#8485 = DIRECTION ( 'NONE',  ( 1.000000000000000000, -0.000000000000000000, 0.000000000000000000 ) ) ;
#8486 = ORIENTED_EDGE ( 'NONE', *, *, #2925, .F. ) ;
#8487 = CARTESIAN_POINT ( 'NONE',  ( 8.000000000000001776, -65.32250189068336965, -71.70753619210235286 ) ) ;
#8488 = VECTOR ( 'NONE', #4574, 1000.000000000000000 ) ;
#8489 = DIRECTION ( 'NONE',  ( 1.000000000000000000, 0.000000000000000000, 0.000000000000000000 ) ) ;
#8490 = EDGE_CURVE ( 'NONE', #7230, #2520, #6132, .T. ) ;
#8491 = CARTESIAN_POINT ( 'NONE',  ( 0.000000000000000000, -23.51808856449304841, -94.10578893071702566 ) ) ;
#8492 = ORIENTED_EDGE ( 'NONE', *, *, #5722, .F. ) ;
#8493 = LINE ( 'NONE', #2381, #4992 ) ;
#8494 = DIRECTION ( 'NONE',  ( 1.000000000000000000, 9.575375146452931104E-17, 4.968176391724418050E-16 ) ) ;
#8495 = ORIENTED_EDGE ( 'NONE', *, *, #1383, .T. ) ;
#8496 = ORIENTED_EDGE ( 'NONE', *, *, #771, .F. ) ;
#8497 = CARTESIAN_POINT ( 'NONE',  ( 8.000000000000001776, -46.18167158087781843, -81.62164975891904817 ) ) ;
#8498 = ORIENTED_EDGE ( 'NONE', *, *, #5707, .T. ) ;
#8499 = ADVANCED_FACE ( 'NONE', ( #6366 ), #7787, .F. ) ;
#8500 = ADVANCED_FACE ( 'NONE', ( #863 ), #3535, .F. ) ;
#8501 = EDGE_CURVE ( 'NONE', #3063, #4401, #1449, .T. ) ;
#8502 = CIRCLE ( 'NONE', #8227, 49.50000000000002132 ) ;
#8503 = VERTEX_POINT ( 'NONE', #7066 ) ;
#8504 = DIRECTION ( 'NONE',  ( 1.000000000000000000, -0.000000000000000000, -0.000000000000000000 ) ) ;
#8505 = VERTEX_POINT ( 'NONE', #824 ) ;
#8506 = DIRECTION ( 'NONE',  ( -1.000000000000000000, -0.000000000000000000, -0.000000000000000000 ) ) ;
#8507 = CIRCLE ( 'NONE', #3412, 49.50000000000002842 ) ;
#8508 = LINE ( 'NONE', #3041, #3758 ) ;
#8509 = CARTESIAN_POINT ( 'NONE',  ( 0.000000000000000000, 35.51041165613322903, -95.08661138673495827 ) ) ;
#8510 = CARTESIAN_POINT ( 'NONE',  ( 8.000000000000001776, 5.591737568208505316, -101.3468572377470878 ) ) ;
#8511 = AXIS2_PLACEMENT_3D ( 'NONE', #7732, #2159, #7645 ) ;
#8512 = EDGE_CURVE ( 'NONE', #1442, #360, #3510, .T. ) ;
#8513 = VECTOR ( 'NONE', #2053, 1000.000000000000000 ) ;
#8514 = ORIENTED_EDGE ( 'NONE', *, *, #3097, .T. ) ;
#8515 = DIRECTION ( 'NONE',  ( 1.000000000000000000, 0.000000000000000000, 0.000000000000000000 ) ) ;
#8516 = DIRECTION ( 'NONE',  ( -1.000000000000000000, 0.000000000000000000, -0.000000000000000000 ) ) ;
#8517 = ORIENTED_EDGE ( 'NONE', *, *, #8565, .F. ) ;
#8518 = DIRECTION ( 'NONE',  ( 0.000000000000000000, 0.000000000000000000, 1.000000000000000000 ) ) ;
#8519 = ORIENTED_EDGE ( 'NONE', *, *, #5648, .T. ) ;
#8520 = VECTOR ( 'NONE', #1716, 1000.000000000000000 ) ;
#8521 = DIRECTION ( 'NONE',  ( -1.000000000000000000, -0.000000000000000000, -0.000000000000000000 ) ) ;
#8522 = DIRECTION ( 'NONE',  ( 0.000000000000000000, 0.3420201433256628842, 0.9396926207859104263 ) ) ;
#8523 = ORIENTED_EDGE ( 'NONE', *, *, #7848, .F. ) ;
#8524 = DIRECTION ( 'NONE',  ( -1.000000000000000000, -0.000000000000000000, -0.000000000000000000 ) ) ;
#8525 = CARTESIAN_POINT ( 'NONE',  ( 8.000000000000001776, -73.20928577321367925, -58.61092880980164921 ) ) ;
#8526 = AXIS2_PLACEMENT_3D ( 'NONE', #8088, #7099, #5896 ) ;
#8527 = DIRECTION ( 'NONE',  ( 1.000000000000000000, 0.000000000000000000, 0.000000000000000000 ) ) ;
#8528 = VERTEX_POINT ( 'NONE', #7106 ) ;
#8529 = ORIENTED_EDGE ( 'NONE', *, *, #2025, .T. ) ;
#8530 = CARTESIAN_POINT ( 'NONE',  ( 1.062190476068823620E-14, 96.35576641085029337, -26.73229693121841777 ) ) ;
#8531 = DIRECTION ( 'NONE',  ( 1.000000000000000000, -0.000000000000000000, -0.000000000000000000 ) ) ;
#8532 = ORIENTED_EDGE ( 'NONE', *, *, #2539, .T. ) ;
#8533 = DIRECTION ( 'NONE',  ( -1.000000000000000000, 0.000000000000000000, -0.000000000000000000 ) ) ;
#8534 = EDGE_CURVE ( 'NONE', #7244, #7282, #8607, .T. ) ;
#8535 = AXIS2_PLACEMENT_3D ( 'NONE', #3641, #839, #2274 ) ;
#8536 = CARTESIAN_POINT ( 'NONE',  ( 8.000000000000001776, 0.000000000000000000, 0.000000000000000000 ) ) ;
#8537 = DIRECTION ( 'NONE',  ( 1.000000000000000000, 0.000000000000000000, -0.000000000000000000 ) ) ;
#8538 = VERTEX_POINT ( 'NONE', #2945 ) ;
#8539 = CARTESIAN_POINT ( 'NONE',  ( 4.000000000000000888, 49.07810525950718983, -83.66803203217304485 ) ) ;
#8540 = DIRECTION ( 'NONE',  ( 4.968176391724418050E-16, 0.000000000000000000, -1.000000000000000000 ) ) ;
#8541 = ORIENTED_EDGE ( 'NONE', *, *, #4696, .F. ) ;
#8542 = AXIS2_PLACEMENT_3D ( 'NONE', #2857, #3585, #5594 ) ;
#8543 = ORIENTED_EDGE ( 'NONE', *, *, #5826, .T. ) ;
#8544 = ADVANCED_FACE ( 'NONE', ( #3675 ), #3582, .F. ) ;
#8545 = VERTEX_POINT ( 'NONE', #6409 ) ;
#8546 = CIRCLE ( 'NONE', #6785, 101.5009999999999764 ) ;
#8547 = AXIS2_PLACEMENT_3D ( 'NONE', #803, #5019, #5657 ) ;
#8548 = AXIS2_PLACEMENT_3D ( 'NONE', #7340, #1631, #5918 ) ;
#8549 = CARTESIAN_POINT ( 'NONE',  ( 0.000000000000000000, 0.000000000000000000, 0.000000000000000000 ) ) ;
#8550 = ORIENTED_EDGE ( 'NONE', *, *, #3380, .T. ) ;
#8551 = DIRECTION ( 'NONE',  ( 0.000000000000000000, 0.000000000000000000, 1.000000000000000000 ) ) ;
#8552 = ORIENTED_EDGE ( 'NONE', *, *, #7522, .F. ) ;
#8553 = ADVANCED_FACE ( 'NONE', ( #185 ), #2169, .F. ) ;
#8554 = CARTESIAN_POINT ( 'NONE',  ( 0.000000000000000000, 67.30646547182186623, -65.30451902481296145 ) ) ;
#8555 = EDGE_CURVE ( 'NONE', #3082, #7493, #2780, .T. ) ;
#8556 = ORIENTED_EDGE ( 'NONE', *, *, #6012, .F. ) ;
#8557 = AXIS2_PLACEMENT_3D ( 'NONE', #5509, #2086, #7619 ) ;
#8558 = CARTESIAN_POINT ( 'NONE',  ( 0.000000000000000000, -28.16188629056015102, -92.82191638054862892 ) ) ;
#8559 = CARTESIAN_POINT ( 'NONE',  ( 8.000000000000001776, -81.23803425740891271, -53.00360167000028611 ) ) ;
#8560 = EDGE_CURVE ( 'NONE', #7527, #3816, #1474, .T. ) ;
#8561 = VERTEX_POINT ( 'NONE', #6973 ) ;
#8562 = CARTESIAN_POINT ( 'NONE',  ( 8.000000000000001776, -57.44201543540581412, 74.12998962694049965 ) ) ;
#8563 = CYLINDRICAL_SURFACE ( 'NONE', #5131, 49.50000000000002132 ) ;
#8564 = ORIENTED_EDGE ( 'NONE', *, *, #374, .T. ) ;
#8565 = EDGE_CURVE ( 'NONE', #5916, #4485, #763, .T. ) ;
#8566 = CARTESIAN_POINT ( 'NONE',  ( 8.000000000000001776, 0.000000000000000000, 0.000000000000000000 ) ) ;
#8567 = EDGE_CURVE ( 'NONE', #7255, #3001, #1341, .T. ) ;
#8568 = VERTEX_POINT ( 'NONE', #2531 ) ;
#8569 = CYLINDRICAL_SURFACE ( 'NONE', #8352, 49.50000000000001421 ) ;
#8570 = CYLINDRICAL_SURFACE ( 'NONE', #5483, 49.50000000000001421 ) ;
#8571 = AXIS2_PLACEMENT_3D ( 'NONE', #5494, #2163, #5582 ) ;
#8572 = ORIENTED_EDGE ( 'NONE', *, *, #5661, .F. ) ;
#8573 = DIRECTION ( 'NONE',  ( -1.000000000000000000, 0.000000000000000000, 0.000000000000000000 ) ) ;
#8574 = DIRECTION ( 'NONE',  ( 1.000000000000000000, 0.000000000000000000, 0.000000000000000000 ) ) ;
#8575 = DIRECTION ( 'NONE',  ( 0.000000000000000000, -0.8325698546347760631, 0.5539200638661030407 ) ) ;
#8576 = VERTEX_POINT ( 'NONE', #1719 ) ;
#8577 = VECTOR ( 'NONE', #4372, 1000.000000000000000 ) ;
#8578 = ORIENTED_EDGE ( 'NONE', *, *, #102, .F. ) ;
#8579 = DIRECTION ( 'NONE',  ( 0.000000000000000000, 0.000000000000000000, -1.000000000000000000 ) ) ;
#8580 = CARTESIAN_POINT ( 'NONE',  ( 3.999999999999998224, -94.05677713582142019, 23.71334381360887278 ) ) ;
#8581 = ORIENTED_EDGE ( 'NONE', *, *, #6999, .T. ) ;
#8582 = CARTESIAN_POINT ( 'NONE',  ( 8.000000000000001776, 78.44911144590737706, -51.38654894735887524 ) ) ;
#8583 = CIRCLE ( 'NONE', #2894, 49.50000000000002842 ) ;
#8584 = CARTESIAN_POINT ( 'NONE',  ( 8.000000000000001776, -67.04387314720847257, -76.20742794781241969 ) ) ;
#8585 = CARTESIAN_POINT ( 'NONE',  ( 0.000000000000000000, 0.000000000000000000, 0.000000000000000000 ) ) ;
#8586 = VERTEX_POINT ( 'NONE', #3721 ) ;
#8587 = DIRECTION ( 'NONE',  ( -1.000000000000000000, -0.000000000000000000, -0.000000000000000000 ) ) ;
#8588 = DIRECTION ( 'NONE',  ( 0.000000000000000000, 0.000000000000000000, 1.000000000000000000 ) ) ;
#8589 = ORIENTED_EDGE ( 'NONE', *, *, #8953, .T. ) ;
#8590 = VERTEX_POINT ( 'NONE', #278 ) ;
#8591 = AXIS2_PLACEMENT_3D ( 'NONE', #5812, #6543, #5675 ) ;
#8592 = EDGE_LOOP ( 'NONE', ( #6883, #4171, #2200, #3692, #1307, #7166, #7947, #4555 ) ) ;
#8593 = CIRCLE ( 'NONE', #3643, 101.5010000000000048 ) ;
#8594 = CARTESIAN_POINT ( 'NONE',  ( 8.000000000000001776, 48.74810734211839502, -80.11530771290220798 ) ) ;
#8595 = ADVANCED_FACE ( 'NONE', ( #6007 ), #2440, .F. ) ;
#8596 = CIRCLE ( 'NONE', #316, 49.50000000000002842 ) ;
#8597 = ORIENTED_EDGE ( 'NONE', *, *, #5937, .F. ) ;
#8598 = DIRECTION ( 'NONE',  ( 0.000000000000000000, 0.000000000000000000, 1.000000000000000000 ) ) ;
#8599 = DIRECTION ( 'NONE',  ( 1.000000000000000000, 0.000000000000000000, 0.000000000000000000 ) ) ;
#8600 = ORIENTED_EDGE ( 'NONE', *, *, #4094, .F. ) ;
#8601 = DIRECTION ( 'NONE',  ( 1.000000000000000000, 0.000000000000000000, 0.000000000000000000 ) ) ;
#8602 = EDGE_LOOP ( 'NONE', ( #4744, #5059, #2340, #357 ) ) ;
#8603 = CARTESIAN_POINT ( 'NONE',  ( 0.000000000000000000, 67.56474671917180785, -69.59888649090704860 ) ) ;
#8604 = CARTESIAN_POINT ( 'NONE',  ( 8.000000000000001776, -0.6716452350692749818, -93.77840578752612544 ) ) ;
#8605 = ADVANCED_FACE ( 'NONE', ( #8649 ), #5819, .F. ) ;
#8606 = VERTEX_POINT ( 'NONE', #1003 ) ;
#8607 = CIRCLE ( 'NONE', #3798, 101.5010000000000048 ) ;
#8608 = EDGE_CURVE ( 'NONE', #4397, #1442, #6646, .T. ) ;
#8609 = CIRCLE ( 'NONE', #4678, 49.50000000000002842 ) ;
#8610 = DIRECTION ( 'NONE',  ( 0.000000000000000000, -0.5929079290546301895, -0.8052702575310660693 ) ) ;
#8611 = ORIENTED_EDGE ( 'NONE', *, *, #8018, .T. ) ;
#8612 = LINE ( 'NONE', #1014, #8331 ) ;
#8613 = LINE ( 'NONE', #2273, #4569 ) ;
#8614 = DIRECTION ( 'NONE',  ( -1.000000000000000000, -0.000000000000000000, -0.000000000000000000 ) ) ;
#8615 = AXIS2_PLACEMENT_3D ( 'NONE', #2881, #2790, #5573 ) ;
#8616 = EDGE_CURVE ( 'NONE', #1500, #4949, #7019, .T. ) ;
#8617 = CIRCLE ( 'NONE', #5554, 97.00000000000000000 ) ;
#8618 = EDGE_CURVE ( 'NONE', #4071, #6937, #900, .T. ) ;
#8619 = VECTOR ( 'NONE', #7182, 1000.000000000000000 ) ;
#8620 = EDGE_CURVE ( 'NONE', #4592, #2982, #1135, .T. ) ;
#8621 = EDGE_LOOP ( 'NONE', ( #917, #830, #8698, #2412 ) ) ;
#8622 = LINE ( 'NONE', #5791, #5096 ) ;
#8623 = DIRECTION ( 'NONE',  ( -1.000000000000000000, -0.000000000000000000, -0.000000000000000000 ) ) ;
#8624 = DIRECTION ( 'NONE',  ( 1.000000000000000000, 0.000000000000000000, 0.000000000000000000 ) ) ;
#8625 = ORIENTED_EDGE ( 'NONE', *, *, #3273, .T. ) ;
#8626 = CARTESIAN_POINT ( 'NONE',  ( 8.000000000000001776, 91.92809040966959344, -18.54903482673212523 ) ) ;
#8627 = AXIS2_PLACEMENT_3D ( 'NONE', #2544, #381, #4553 ) ;
#8628 = CARTESIAN_POINT ( 'NONE',  ( 0.000000000000000000, 30.86557432008500257, -96.69420521877880503 ) ) ;
#8629 = ORIENTED_EDGE ( 'NONE', *, *, #5699, .T. ) ;
#8630 = AXIS2_PLACEMENT_3D ( 'NONE', #3278, #8883, #1099 ) ;
#8631 = DIRECTION ( 'NONE',  ( 0.000000000000000000, -0.9549022414440706541, -0.2969203753282850800 ) ) ;
#8632 = EDGE_CURVE ( 'NONE', #4022, #7187, #8029, .T. ) ;
#8633 = DIRECTION ( 'NONE',  ( 1.000000000000000000, 0.000000000000000000, 0.000000000000000000 ) ) ;
#8634 = CARTESIAN_POINT ( 'NONE',  ( 0.000000000000000000, -97.17174618014824716, -29.32754243541122108 ) ) ;
#8635 = VERTEX_POINT ( 'NONE', #8744 ) ;
#8636 = DIRECTION ( 'NONE',  ( 1.000000000000000000, 0.000000000000000000, 0.000000000000000000 ) ) ;
#8637 = CARTESIAN_POINT ( 'NONE',  ( 0.000000000000000000, -31.44296371712002625, -88.35259210716785105 ) ) ;
#8638 = ORIENTED_EDGE ( 'NONE', *, *, #8678, .F. ) ;
#8639 = AXIS2_PLACEMENT_3D ( 'NONE', #84, #7004, #4800 ) ;
#8640 = ORIENTED_EDGE ( 'NONE', *, *, #4747, .T. ) ;
#8641 = ORIENTED_EDGE ( 'NONE', *, *, #8735, .T. ) ;
#8642 = DIRECTION ( 'NONE',  ( 0.000000000000000000, 0.000000000000000000, 1.000000000000000000 ) ) ;
#8643 = VECTOR ( 'NONE', #4181, 1000.000000000000000 ) ;
#8644 = DIRECTION ( 'NONE',  ( 1.000000000000000000, 0.000000000000000000, 0.000000000000000000 ) ) ;
#8645 = ORIENTED_EDGE ( 'NONE', *, *, #114, .F. ) ;
#8646 = CARTESIAN_POINT ( 'NONE',  ( 0.000000000000000000, -36.98332656173007393, 86.18047375014909051 ) ) ;
#8647 = DIRECTION ( 'NONE',  ( 0.000000000000000000, -0.9819286972627080390, 0.1892512443604031647 ) ) ;
#8648 = ORIENTED_EDGE ( 'NONE', *, *, #8956, .T. ) ;
#8649 = FACE_OUTER_BOUND ( 'NONE', #5047, .T. ) ;
#8650 = VERTEX_POINT ( 'NONE', #2393 ) ;
#8651 = CIRCLE ( 'NONE', #4714, 49.50000000000001421 ) ;
#8652 = DIRECTION ( 'NONE',  ( 0.000000000000000000, 0.000000000000000000, 1.000000000000000000 ) ) ;
#8653 = LINE ( 'NONE', #8510, #850 ) ;
#8654 = EDGE_CURVE ( 'NONE', #603, #2799, #461, .T. ) ;
#8655 = AXIS2_PLACEMENT_3D ( 'NONE', #586, #1302, #6994 ) ;
#8656 = ORIENTED_EDGE ( 'NONE', *, *, #7399, .F. ) ;
#8657 = CIRCLE ( 'NONE', #6183, 49.50000000000002132 ) ;
#8658 = DIRECTION ( 'NONE',  ( 0.000000000000000000, 0.000000000000000000, 1.000000000000000000 ) ) ;
#8659 = CARTESIAN_POINT ( 'NONE',  ( 8.000000000000001776, 0.000000000000000000, 0.000000000000000000 ) ) ;
#8660 = EDGE_LOOP ( 'NONE', ( #1976, #7118, #2124, #1523 ) ) ;
#8661 = DIRECTION ( 'NONE',  ( 1.000000000000000000, 0.000000000000000000, 0.000000000000000000 ) ) ;
#8662 = LINE ( 'NONE', #2452, #4129 ) ;
#8663 = CARTESIAN_POINT ( 'NONE',  ( 8.000000000000001776, -70.66210574512325593, -66.45198877133034898 ) ) ;
#8664 = AXIS2_PLACEMENT_3D ( 'NONE', #8670, #3740, #392 ) ;
#8665 = ADVANCED_FACE ( 'NONE', ( #6548 ), #961, .F. ) ;
#8666 = EDGE_LOOP ( 'NONE', ( #1728, #7422, #6101, #2305 ) ) ;
#8667 = CYLINDRICAL_SURFACE ( 'NONE', #6411, 101.5009999999999906 ) ;
#8668 = CARTESIAN_POINT ( 'NONE',  ( 4.000000000000000888, -66.30519446822862051, -70.79986713638933793 ) ) ;
#8669 = AXIS2_PLACEMENT_3D ( 'NONE', #3178, #8741, #5272 ) ;
#8670 = CARTESIAN_POINT ( 'NONE',  ( 0.000000000000000000, 0.000000000000000000, 0.000000000000000000 ) ) ;
#8671 = ORIENTED_EDGE ( 'NONE', *, *, #6477, .F. ) ;
#8672 = DIRECTION ( 'NONE',  ( 0.000000000000000000, -1.065365528680705443E-14, -1.000000000000000000 ) ) ;
#8673 = CYLINDRICAL_SURFACE ( 'NONE', #1703, 101.5009999999999906 ) ;
#8674 = ORIENTED_EDGE ( 'NONE', *, *, #557, .F. ) ;
#8675 = ADVANCED_FACE ( 'NONE', ( #7293 ), #8697, .F. ) ;
#8676 = DIRECTION ( 'NONE',  ( 0.000000000000000000, 0.6181589862206009478, 0.7860530947427908366 ) ) ;
#8677 = CARTESIAN_POINT ( 'NONE',  ( 8.000000000000001776, -69.73895957492959496, -67.42015661066309917 ) ) ;
#8678 = EDGE_CURVE ( 'NONE', #8606, #3621, #1808, .T. ) ;
#8679 = ADVANCED_FACE ( 'NONE', ( #7384 ), #5868, .F. ) ;
#8680 = VECTOR ( 'NONE', #41, 1000.000000000000000 ) ;
#8681 = FACE_OUTER_BOUND ( 'NONE', #5310, .T. ) ;
#8682 = CARTESIAN_POINT ( 'NONE',  ( -10.00000000000000000, 0.000000000000000000, 0.000000000000000000 ) ) ;
#8683 = ORIENTED_EDGE ( 'NONE', *, *, #7617, .F. ) ;
#8684 = CARTESIAN_POINT ( 'NONE',  ( 0.000000000000000000, -100.9660000373498150, 10.40768165625166652 ) ) ;
#8685 = CARTESIAN_POINT ( 'NONE',  ( 0.000000000000000000, -90.29814238342891031, 35.42944371708367157 ) ) ;
#8686 = VERTEX_POINT ( 'NONE', #6597 ) ;
#8687 = VERTEX_POINT ( 'NONE', #370 ) ;
#8688 = EDGE_CURVE ( 'NONE', #2799, #7961, #4380, .T. ) ;
#8689 = VECTOR ( 'NONE', #2375, 1000.000000000000000 ) ;
#8690 = ORIENTED_EDGE ( 'NONE', *, *, #7630, .F. ) ;
#8691 = AXIS2_PLACEMENT_3D ( 'NONE', #6770, #5474, #2006 ) ;
#8692 = DIRECTION ( 'NONE',  ( 1.000000000000000000, 0.000000000000000000, 0.000000000000000000 ) ) ;
#8693 = ORIENTED_EDGE ( 'NONE', *, *, #2322, .F. ) ;
#8694 = DIRECTION ( 'NONE',  ( 0.000000000000000000, 0.000000000000000000, 1.000000000000000000 ) ) ;
#8695 = CYLINDRICAL_SURFACE ( 'NONE', #3849, 49.50000000000001421 ) ;
#8696 = ORIENTED_EDGE ( 'NONE', *, *, #4355, .F. ) ;
#8697 = CYLINDRICAL_SURFACE ( 'NONE', #3230, 49.50000000000001421 ) ;
#8698 = ORIENTED_EDGE ( 'NONE', *, *, #6797, .F. ) ;
#8699 = CARTESIAN_POINT ( 'NONE',  ( 8.000000000000001776, 0.000000000000000000, 0.000000000000000000 ) ) ;
#8700 = AXIS2_PLACEMENT_3D ( 'NONE', #8845, #8154, #4684 ) ;
#8701 = DIRECTION ( 'NONE',  ( 0.000000000000000000, -0.2817325568414370540, 0.9594929736144951482 ) ) ;
#8702 = VECTOR ( 'NONE', #8251, 1000.000000000000000 ) ;
#8703 = ORIENTED_EDGE ( 'NONE', *, *, #3928, .F. ) ;
#8704 = LINE ( 'NONE', #2447, #4647 ) ;
#8705 = DIRECTION ( 'NONE',  ( -1.000000000000000000, -0.000000000000000000, 0.000000000000000000 ) ) ;
#8706 = EDGE_LOOP ( 'NONE', ( #4091, #4677, #1303, #1504 ) ) ;
#8707 = CARTESIAN_POINT ( 'NONE',  ( 8.000000000000001776, 0.000000000000000000, 0.000000000000000000 ) ) ;
#8708 = ORIENTED_EDGE ( 'NONE', *, *, #2099, .T. ) ;
#8709 = CYLINDRICAL_SURFACE ( 'NONE', #8206, 101.5009999999999906 ) ;
#8710 = CARTESIAN_POINT ( 'NONE',  ( 8.000000000000001776, -60.79410739645052786, -71.40670140288335688 ) ) ;
#8711 = CIRCLE ( 'NONE', #3900, 97.00000000000000000 ) ;
#8712 = EDGE_LOOP ( 'NONE', ( #1618, #4393, #4695, #3705 ) ) ;
#8713 = DIRECTION ( 'NONE',  ( 0.000000000000000000, 0.000000000000000000, 1.000000000000000000 ) ) ;
#8714 = CYLINDRICAL_SURFACE ( 'NONE', #5809, 101.5009999999999906 ) ;
#8715 = DIRECTION ( 'NONE',  ( 0.000000000000000000, 0.000000000000000000, 1.000000000000000000 ) ) ;
#8716 = VERTEX_POINT ( 'NONE', #6216 ) ;
#8717 = EDGE_CURVE ( 'NONE', #480, #5627, #623, .T. ) ;
#8718 = CYLINDRICAL_SURFACE ( 'NONE', #6881, 121.0000000000000284 ) ;
#8719 = VERTEX_POINT ( 'NONE', #4930 ) ;
#8720 = CIRCLE ( 'NONE', #5226, 49.50000000000002132 ) ;
#8721 = DIRECTION ( 'NONE',  ( 0.000000000000000000, 0.2817325568414236203, 0.9594929736144990340 ) ) ;
#8722 = CARTESIAN_POINT ( 'NONE',  ( -10.00000000000000000, 0.000000000000000000, 0.000000000000000000 ) ) ;
#8723 = VECTOR ( 'NONE', #8811, 1000.000000000000000 ) ;
#8724 = DIRECTION ( 'NONE',  ( -1.000000000000000000, -0.000000000000000000, 0.000000000000000000 ) ) ;
#8725 = EDGE_CURVE ( 'NONE', #3729, #7386, #4674, .T. ) ;
#8726 = CYLINDRICAL_SURFACE ( 'NONE', #1246, 49.50000000000001421 ) ;
#8727 = VERTEX_POINT ( 'NONE', #8148 ) ;
#8728 = EDGE_CURVE ( 'NONE', #5576, #7105, #179, .T. ) ;
#8729 = CARTESIAN_POINT ( 'NONE',  ( 8.000000000000001776, 92.91946191691053514, -12.68124979816728803 ) ) ;
#8730 = DIRECTION ( 'NONE',  ( 0.000000000000000000, 0.000000000000000000, 1.000000000000000000 ) ) ;
#8731 = EDGE_LOOP ( 'NONE', ( #1288, #2392, #6750, #3257 ) ) ;
#8732 = ORIENTED_EDGE ( 'NONE', *, *, #7341, .T. ) ;
#8733 = AXIS2_PLACEMENT_3D ( 'NONE', #2026, #646, #4855 ) ;
#8734 = EDGE_LOOP ( 'NONE', ( #3671, #4360, #559, #4646 ) ) ;
#8735 = EDGE_CURVE ( 'NONE', #2937, #6352, #7156, .T. ) ;
#8736 = EDGE_CURVE ( 'NONE', #5756, #8884, #1470, .T. ) ;
#8737 = ADVANCED_FACE ( 'NONE', ( #6257 ), #4247, .F. ) ;
#8738 = CYLINDRICAL_SURFACE ( 'NONE', #8301, 49.50000000000001421 ) ;
#8739 = COLOUR_RGB ( '',0.7921568627450980005, 0.8196078431372548767, 0.9333333333333333481 ) ;
#8740 = VERTEX_POINT ( 'NONE', #1393 ) ;
#8741 = DIRECTION ( 'NONE',  ( -1.000000000000000000, -0.000000000000000000, -0.000000000000000000 ) ) ;
#8742 = DIRECTION ( 'NONE',  ( 1.000000000000000000, 0.000000000000000000, 0.000000000000000000 ) ) ;
#8743 = VERTEX_POINT ( 'NONE', #7640 ) ;
#8744 = CARTESIAN_POINT ( 'NONE',  ( 8.000000000000001776, 53.17208785233799517, -81.12785633445055566 ) ) ;
#8745 = DIRECTION ( 'NONE',  ( 0.000000000000000000, 0.000000000000000000, -1.000000000000000000 ) ) ;
#8746 = DIRECTION ( 'NONE',  ( 0.000000000000000000, 0.000000000000000000, 1.000000000000000000 ) ) ;
#8747 = ORIENTED_EDGE ( 'NONE', *, *, #6073, .T. ) ;
#8748 = AXIS2_PLACEMENT_3D ( 'NONE', #3520, #3657, #125 ) ;
#8749 = CYLINDRICAL_SURFACE ( 'NONE', #8002, 97.00000000000000000 ) ;
#8750 = CARTESIAN_POINT ( 'NONE',  ( 8.000000000000001776, -69.34455695586046886, -63.13614590681894612 ) ) ;
#8751 = EDGE_LOOP ( 'NONE', ( #2460, #2885, #203, #6636 ) ) ;
#8752 = AXIS2_PLACEMENT_3D ( 'NONE', #4151, #4284, #752 ) ;
#8753 = ORIENTED_EDGE ( 'NONE', *, *, #5840, .T. ) ;
#8754 = DIRECTION ( 'NONE',  ( 0.000000000000000000, 0.000000000000000000, 1.000000000000000000 ) ) ;
#8755 = ORIENTED_EDGE ( 'NONE', *, *, #3222, .T. ) ;
#8756 = CARTESIAN_POINT ( 'NONE',  ( 8.000000000000001776, -99.17242527825040099, -21.61673114580099408 ) ) ;
#8757 = CYLINDRICAL_SURFACE ( 'NONE', #8110, 97.00000000000000000 ) ;
#8758 = VECTOR ( 'NONE', #8790, 1000.000000000000000 ) ;
#8759 = CIRCLE ( 'NONE', #2051, 49.50000000000002132 ) ;
#8760 = ORIENTED_EDGE ( 'NONE', *, *, #4766, .F. ) ;
#8761 = CARTESIAN_POINT ( 'NONE',  ( 0.000000000000000000, 0.000000000000000000, 0.000000000000000000 ) ) ;
#8762 = DIRECTION ( 'NONE',  ( -1.000000000000000000, -0.000000000000000000, -0.000000000000000000 ) ) ;
#8763 = DIRECTION ( 'NONE',  ( 1.000000000000000000, 0.000000000000000000, 0.000000000000000000 ) ) ;
#8764 = VERTEX_POINT ( 'NONE', #7046 ) ;
#8765 = DIRECTION ( 'NONE',  ( 0.000000000000000000, 0.7557495743542551603, 0.6548607339452886533 ) ) ;
#8766 = ORIENTED_EDGE ( 'NONE', *, *, #3, .F. ) ;
#8767 = CARTESIAN_POINT ( 'NONE',  ( 8.000000000000001776, 94.51123570668192997, -37.01458261545051442 ) ) ;
#8768 = AXIS2_PLACEMENT_3D ( 'NONE', #848, #5660, #8631 ) ;
#8769 = CARTESIAN_POINT ( 'NONE',  ( 0.000000000000000000, -56.85720735473246634, -84.08157332508089610 ) ) ;
#8770 = AXIS2_PLACEMENT_3D ( 'NONE', #2509, #1025, #8814 ) ;
#8771 = EDGE_CURVE ( 'NONE', #1419, #3756, #1918, .T. ) ;
#8772 = CARTESIAN_POINT ( 'NONE',  ( 8.000000000000001776, 72.93103485162431809, -70.59403060083167247 ) ) ;
#8773 = AXIS2_PLACEMENT_3D ( 'NONE', #1639, #2223, #2270 ) ;
#8774 = CARTESIAN_POINT ( 'NONE',  ( 8.443460248972526121E-15, 100.8977962754999709, -3.166008196913421280 ) ) ;
#8775 = AXIS2_PLACEMENT_3D ( 'NONE', #5687, #6935, #16 ) ;
#8776 = ORIENTED_EDGE ( 'NONE', *, *, #7953, .F. ) ;
#8777 = DIRECTION ( 'NONE',  ( 0.000000000000000000, 0.000000000000000000, 1.000000000000000000 ) ) ;
#8778 = CARTESIAN_POINT ( 'NONE',  ( 8.000000000000001776, -39.91718116827530594, -93.32240700163646352 ) ) ;
#8779 = ORIENTED_EDGE ( 'NONE', *, *, #6392, .F. ) ;
#8780 = ORIENTED_EDGE ( 'NONE', *, *, #3598, .F. ) ;
#8781 = ORIENTED_EDGE ( 'NONE', *, *, #4584, .T. ) ;
#8782 = ADVANCED_FACE ( 'NONE', ( #2838 ), #5523, .F. ) ;
#8783 = AXIS2_PLACEMENT_3D ( 'NONE', #5125, #8636, #3615 ) ;
#8784 = DIRECTION ( 'NONE',  ( 1.000000000000000000, 0.000000000000000000, -0.000000000000000000 ) ) ;
#8785 = ORIENTED_EDGE ( 'NONE', *, *, #386, .F. ) ;
#8786 = CARTESIAN_POINT ( 'NONE',  ( 8.000000000000001776, 0.000000000000000000, 0.000000000000000000 ) ) ;
#8787 = DIRECTION ( 'NONE',  ( 0.000000000000000000, 0.000000000000000000, 1.000000000000000000 ) ) ;
#8788 = ORIENTED_EDGE ( 'NONE', *, *, #2922, .F. ) ;
#8789 = EDGE_CURVE ( 'NONE', #6527, #4527, #2784, .T. ) ;
#8790 = DIRECTION ( 'NONE',  ( 1.000000000000000000, -0.000000000000000000, 0.000000000000000000 ) ) ;
#8791 = CARTESIAN_POINT ( 'NONE',  ( 0.000000000000000000, -69.73895957492959496, -67.42015661066309917 ) ) ;
#8792 = EDGE_CURVE ( 'NONE', #426, #3823, #340, .T. ) ;
#8793 = ORIENTED_EDGE ( 'NONE', *, *, #4989, .T. ) ;
#8794 = ADVANCED_FACE ( 'NONE', ( #3433 ), #123, .T. ) ;
#8795 = VECTOR ( 'NONE', #383, 1000.000000000000000 ) ;
#8796 = AXIS2_PLACEMENT_3D ( 'NONE', #5356, #2611, #8179 ) ;
#8797 = DIRECTION ( 'NONE',  ( 0.000000000000000000, 0.000000000000000000, 1.000000000000000000 ) ) ;
#8798 = DIRECTION ( 'NONE',  ( -1.000000000000000000, -0.000000000000000000, -0.000000000000000000 ) ) ;
#8799 = AXIS2_PLACEMENT_3D ( 'NONE', #7203, #2171, #4951 ) ;
#8800 = ORIENTED_EDGE ( 'NONE', *, *, #1548, .T. ) ;
#8801 = DIRECTION ( 'NONE',  ( -1.000000000000000000, 0.000000000000000000, -0.000000000000000000 ) ) ;
#8802 = EDGE_LOOP ( 'NONE', ( #371, #6924, #5266, #7176 ) ) ;
#8803 = DIRECTION ( 'NONE',  ( 0.000000000000000000, 0.000000000000000000, 1.000000000000000000 ) ) ;
#8804 = CYLINDRICAL_SURFACE ( 'NONE', #5778, 49.50000000000001421 ) ;
#8805 = AXIS2_PLACEMENT_3D ( 'NONE', #3214, #8868, #3301 ) ;
#8806 = EDGE_CURVE ( 'NONE', #5669, #2777, #7318, .T. ) ;
#8807 = CIRCLE ( 'NONE', #376, 49.50000000000001421 ) ;
#8808 = ORIENTED_EDGE ( 'NONE', *, *, #5340, .F. ) ;
#8809 = CARTESIAN_POINT ( 'NONE',  ( 8.000000000000001776, 0.000000000000000000, 0.000000000000000000 ) ) ;
#8810 = AXIS2_PLACEMENT_3D ( 'NONE', #6047, #7478, #8833 ) ;
#8811 = DIRECTION ( 'NONE',  ( -1.000000000000000000, 0.000000000000000000, -0.000000000000000000 ) ) ;
#8812 = FACE_OUTER_BOUND ( 'NONE', #3464, .T. ) ;
#8813 = EDGE_LOOP ( 'NONE', ( #1389, #5198, #8022, #7785 ) ) ;
#8814 = DIRECTION ( 'NONE',  ( 0.000000000000000000, -0.4861967361004579380, -0.8738493770697908225 ) ) ;
#8815 = ORIENTED_EDGE ( 'NONE', *, *, #8632, .F. ) ;
#8816 = VECTOR ( 'NONE', #7220, 1000.000000000000000 ) ;
#8817 = DIRECTION ( 'NONE',  ( -1.000000000000000000, 0.000000000000000000, -0.000000000000000000 ) ) ;
#8818 = DIRECTION ( 'NONE',  ( 0.000000000000000000, -0.6667690005162978384, 0.7452644496757492298 ) ) ;
#8819 = AXIS2_PLACEMENT_3D ( 'NONE', #4039, #457, #1757 ) ;
#8820 = CARTESIAN_POINT ( 'NONE',  ( -10.00000000000000000, 0.000000000000000000, 0.000000000000000000 ) ) ;
#8821 = CARTESIAN_POINT ( 'NONE',  ( 8.000000000000001776, -92.47033105578937295, 15.62300783474231736 ) ) ;
#8822 = ORIENTED_EDGE ( 'NONE', *, *, #5090, .T. ) ;
#8823 = CYLINDRICAL_SURFACE ( 'NONE', #5574, 49.50000000000001421 ) ;
#8824 = DIRECTION ( 'NONE',  ( -1.000000000000000000, 0.000000000000000000, 0.000000000000000000 ) ) ;
#8825 = ORIENTED_EDGE ( 'NONE', *, *, #5763, .F. ) ;
#8826 = ORIENTED_EDGE ( 'NONE', *, *, #7424, .T. ) ;
#8827 = AXIS2_PLACEMENT_3D ( 'NONE', #2436, #1418, #274 ) ;
#8828 = EDGE_LOOP ( 'NONE', ( #969, #7817, #8199, #5495 ) ) ;
#8829 = CYLINDRICAL_SURFACE ( 'NONE', #7300, 101.5009999999999906 ) ;
#8830 = CARTESIAN_POINT ( 'NONE',  ( 0.000000000000000000, 32.35692078631443991, -91.44413418709901009 ) ) ;
#8831 = EDGE_LOOP ( 'NONE', ( #979, #103, #2430, #413 ) ) ;
#8832 = DIRECTION ( 'NONE',  ( 0.000000000000000000, 0.4582265217274053559, 0.8888354486549260303 ) ) ;
#8833 = DIRECTION ( 'NONE',  ( 0.000000000000000000, 0.000000000000000000, 1.000000000000000000 ) ) ;
#8834 = VECTOR ( 'NONE', #8903, 1000.000000000000000 ) ;
#8835 = EDGE_LOOP ( 'NONE', ( #7301, #8572, #8271, #2161 ) ) ;
#8836 = ADVANCED_FACE ( 'NONE', ( #7682 ), #8107, .F. ) ;
#8837 = DIRECTION ( 'NONE',  ( 0.000000000000000000, 0.000000000000000000, 1.000000000000000000 ) ) ;
#8838 = DIRECTION ( 'NONE',  ( -1.000000000000000000, -0.000000000000000000, -0.000000000000000000 ) ) ;
#8839 = ORIENTED_EDGE ( 'NONE', *, *, #6108, .F. ) ;
#8840 = DIRECTION ( 'NONE',  ( -1.000000000000000000, 0.000000000000000000, 0.000000000000000000 ) ) ;
#8841 = EDGE_CURVE ( 'NONE', #6247, #6716, #759, .T. ) ;
#8842 = EDGE_CURVE ( 'NONE', #4168, #5293, #3368, .T. ) ;
#8843 = DIRECTION ( 'NONE',  ( -1.000000000000000000, -0.000000000000000000, -0.000000000000000000 ) ) ;
#8844 = VERTEX_POINT ( 'NONE', #509 ) ;
#8845 = CARTESIAN_POINT ( 'NONE',  ( 8.000000000000001776, 0.000000000000000000, 0.000000000000000000 ) ) ;
#8846 = EDGE_CURVE ( 'NONE', #898, #8127, #3270, .T. ) ;
#8847 = DIRECTION ( 'NONE',  ( -1.000000000000000000, -0.000000000000000000, 0.000000000000000000 ) ) ;
#8848 = ORIENTED_EDGE ( 'NONE', *, *, #7358, .T. ) ;
#8849 = AXIS2_PLACEMENT_3D ( 'NONE', #1413, #786, #3498 ) ;
#8850 = FACE_OUTER_BOUND ( 'NONE', #7421, .T. ) ;
#8851 = CARTESIAN_POINT ( 'NONE',  ( 0.000000000000000000, 58.49791306659874124, -73.29962255171822960 ) ) ;
#8852 = AXIS2_PLACEMENT_3D ( 'NONE', #2878, #4928, #1468 ) ;
#8853 = CARTESIAN_POINT ( 'NONE',  ( -10.00000000000000000, 0.000000000000000000, 0.000000000000000000 ) ) ;
#8854 = EDGE_CURVE ( 'NONE', #577, #6570, #3957, .T. ) ;
#8855 = EDGE_CURVE ( 'NONE', #6469, #7997, #1206, .T. ) ;
#8856 = CARTESIAN_POINT ( 'NONE',  ( 8.000000000000001776, -76.77922663551944993, -53.84970618882934446 ) ) ;
#8857 = CARTESIAN_POINT ( 'NONE',  ( 8.000000000000001776, -2.304087932219582413, -93.75250225019225070 ) ) ;
#8858 = ORIENTED_EDGE ( 'NONE', *, *, #4248, .T. ) ;
#8859 = DIRECTION ( 'NONE',  ( 0.000000000000000000, -0.4582265217274173463, 0.8888354486549199240 ) ) ;
#8860 = ORIENTED_EDGE ( 'NONE', *, *, #3369, .T. ) ;
#8861 = CARTESIAN_POINT ( 'NONE',  ( 8.000000000000001776, 0.000000000000000000, 0.000000000000000000 ) ) ;
#8862 = FACE_OUTER_BOUND ( 'NONE', #416, .T. ) ;
#8863 = AXIS2_PLACEMENT_3D ( 'NONE', #2311, #6513, #1544 ) ;
#8864 = CARTESIAN_POINT ( 'NONE',  ( -10.00000000000000000, 0.000000000000000000, 0.000000000000000000 ) ) ;
#8865 = DIRECTION ( 'NONE',  ( 0.000000000000000000, -0.4297949120891598196, -0.9029265382866267231 ) ) ;
#8866 = ORIENTED_EDGE ( 'NONE', *, *, #7329, .F. ) ;
#8867 = DIRECTION ( 'NONE',  ( -1.000000000000000000, -0.000000000000000000, -0.000000000000000000 ) ) ;
#8868 = DIRECTION ( 'NONE',  ( -1.000000000000000000, 0.000000000000000000, -0.000000000000000000 ) ) ;
#8869 = ORIENTED_EDGE ( 'NONE', *, *, #5818, .T. ) ;
#8870 = ORIENTED_EDGE ( 'NONE', *, *, #3049, .F. ) ;
#8871 = AXIS2_PLACEMENT_3D ( 'NONE', #6052, #8838, #2580 ) ;
#8872 = CIRCLE ( 'NONE', #6694, 101.5010000000000048 ) ;
#8873 = DIRECTION ( 'NONE',  ( 0.000000000000000000, -0.5136773915734131890, 0.8579834132349728471 ) ) ;
#8874 = LINE ( 'NONE', #7332, #19 ) ;
#8875 = VERTEX_POINT ( 'NONE', #7905 ) ;
#8876 = CARTESIAN_POINT ( 'NONE',  ( 0.000000000000000000, 0.000000000000000000, 0.000000000000000000 ) ) ;
#8877 = CARTESIAN_POINT ( 'NONE',  ( 0.000000000000000000, -3.947223798554312602, -96.91965447876982864 ) ) ;
#8878 = ORIENTED_EDGE ( 'NONE', *, *, #4094, .T. ) ;
#8879 = DIRECTION ( 'NONE',  ( -1.000000000000000000, 0.000000000000000000, 0.000000000000000000 ) ) ;
#8880 = EDGE_LOOP ( 'NONE', ( #8942, #7699, #3010, #4503 ) ) ;
#8881 = EDGE_CURVE ( 'NONE', #8297, #7733, #3658, .T. ) ;
#8882 = CARTESIAN_POINT ( 'NONE',  ( 0.000000000000000000, 0.000000000000000000, 0.000000000000000000 ) ) ;
#8883 = DIRECTION ( 'NONE',  ( -1.000000000000000000, -0.000000000000000000, -0.000000000000000000 ) ) ;
#8884 = VERTEX_POINT ( 'NONE', #5847 ) ;
#8885 = CARTESIAN_POINT ( 'NONE',  ( 8.000000000000001776, 0.000000000000000000, 0.000000000000000000 ) ) ;
#8886 = EDGE_LOOP ( 'NONE', ( #4068, #3145, #8276, #1634 ) ) ;
#8887 = CIRCLE ( 'NONE', #4072, 49.50000000000002132 ) ;
#8888 = DIRECTION ( 'NONE',  ( 0.000000000000000000, -0.09505604330418969405, 0.9954719225730838117 ) ) ;
#8889 = CARTESIAN_POINT ( 'NONE',  ( 8.000000000000001776, 0.000000000000000000, 0.000000000000000000 ) ) ;
#8890 = AXIS2_PLACEMENT_3D ( 'NONE', #8975, #5590, #5504 ) ;
#8891 = EDGE_CURVE ( 'NONE', #8923, #8505, #6391, .T. ) ;
#8892 = EDGE_CURVE ( 'NONE', #5419, #746, #2924, .T. ) ;
#8893 = ORIENTED_EDGE ( 'NONE', *, *, #4438, .T. ) ;
#8894 = AXIS2_PLACEMENT_3D ( 'NONE', #3151, #8524, #7217 ) ;
#8895 = DIRECTION ( 'NONE',  ( 1.000000000000000000, 0.000000000000000000, 0.000000000000000000 ) ) ;
#8896 = DIRECTION ( 'NONE',  ( 1.000000000000000000, 0.000000000000000000, 0.000000000000000000 ) ) ;
#8897 = DIRECTION ( 'NONE',  ( -1.000000000000000000, 0.000000000000000000, -0.000000000000000000 ) ) ;
#8898 = ORIENTED_EDGE ( 'NONE', *, *, #3820, .T. ) ;
#8899 = DIRECTION ( 'NONE',  ( -1.000000000000000000, -0.000000000000000000, 0.000000000000000000 ) ) ;
#8900 = EDGE_LOOP ( 'NONE', ( #3636, #3215, #7058, #7877 ) ) ;
#8901 = LINE ( 'NONE', #4830, #891 ) ;
#8902 = ADVANCED_FACE ( 'NONE', ( #2330 ), #3699, .F. ) ;
#8903 = DIRECTION ( 'NONE',  ( -1.000000000000000000, -0.000000000000000000, 0.000000000000000000 ) ) ;
#8904 = EDGE_CURVE ( 'NONE', #3729, #4909, #1345, .T. ) ;
#8905 = ADVANCED_FACE ( 'NONE', ( #6439 ), #163, .F. ) ;
#8906 = DIRECTION ( 'NONE',  ( 0.000000000000000000, -0.6181589862206118280, 0.7860530947427821769 ) ) ;
#8907 = CARTESIAN_POINT ( 'NONE',  ( 8.000000000000001776, 36.85765119199707840, -89.72465407349908162 ) ) ;
#8908 = VECTOR ( 'NONE', #1046, 1000.000000000000000 ) ;
#8909 = ORIENTED_EDGE ( 'NONE', *, *, #6796, .T. ) ;
#8910 = CARTESIAN_POINT ( 'NONE',  ( 0.000000000000000000, -71.74226592738068575, -71.80181251615444182 ) ) ;
#8911 = VECTOR ( 'NONE', #5844, 1000.000000000000000 ) ;
#8912 = CARTESIAN_POINT ( 'NONE',  ( 0.000000000000000000, 26.49203041665125369, -93.31223030451701561 ) ) ;
#8913 = EDGE_LOOP ( 'NONE', ( #3998, #3835, #3074, #4957 ) ) ;
#8914 = EDGE_CURVE ( 'NONE', #3413, #1971, #4241, .T. ) ;
#8915 = CIRCLE ( 'NONE', #1064, 49.50000000000002132 ) ;
#8916 = VECTOR ( 'NONE', #8647, 1000.000000000000000 ) ;
#8917 = DIRECTION ( 'NONE',  ( -1.000000000000000000, -0.000000000000000000, -0.000000000000000000 ) ) ;
#8918 = AXIS2_PLACEMENT_3D ( 'NONE', #4524, #8724, #3748 ) ;
#8919 = PRESENTATION_STYLE_ASSIGNMENT (( #4285 ) ) ;
#8920 = ORIENTED_EDGE ( 'NONE', *, *, #7512, .F. ) ;
#8921 = CARTESIAN_POINT ( 'NONE',  ( 0.000000000000000000, -51.26545789146223342, -78.52829634310434415 ) ) ;
#8922 = DIRECTION ( 'NONE',  ( 0.000000000000000000, -0.9848077530122062440, -0.1736481776669404620 ) ) ;
#8923 = VERTEX_POINT ( 'NONE', #6532 ) ;
#8924 = ORIENTED_EDGE ( 'NONE', *, *, #4428, .F. ) ;
#8925 = DIRECTION ( 'NONE',  ( 1.000000000000000000, -0.000000000000000000, -0.000000000000000000 ) ) ;
#8926 = CIRCLE ( 'NONE', #1787, 49.50000000000002132 ) ;
#8927 = ORIENTED_EDGE ( 'NONE', *, *, #2697, .T. ) ;
#8928 = FACE_OUTER_BOUND ( 'NONE', #4176, .T. ) ;
#8929 = DIRECTION ( 'NONE',  ( -1.000000000000000000, -0.000000000000000000, -0.000000000000000000 ) ) ;
#8930 = ORIENTED_EDGE ( 'NONE', *, *, #8285, .T. ) ;
#8931 = CARTESIAN_POINT ( 'NONE',  ( 8.000000000000001776, 93.64022849477200339, 5.133040699097722204 ) ) ;
#8932 = CYLINDRICAL_SURFACE ( 'NONE', #5543, 49.50000000000001421 ) ;
#8933 = ORIENTED_EDGE ( 'NONE', *, *, #3600, .F. ) ;
#8934 = AXIS2_PLACEMENT_3D ( 'NONE', #7094, #3662, #2292 ) ;
#8935 = EDGE_CURVE ( 'NONE', #4417, #5576, #3610, .T. ) ;
#8936 = DIRECTION ( 'NONE',  ( -1.000000000000000000, 0.000000000000000000, 0.000000000000000000 ) ) ;
#8937 = LINE ( 'NONE', #473, #6361 ) ;
#8938 = AXIS2_PLACEMENT_3D ( 'NONE', #4601, #4460, #1193 ) ;
#8939 = DIRECTION ( 'NONE',  ( -1.000000000000000000, 0.000000000000000000, -0.000000000000000000 ) ) ;
#8940 = CARTESIAN_POINT ( 'NONE',  ( 0.000000000000000000, 0.000000000000000000, 0.000000000000000000 ) ) ;
#8941 = CARTESIAN_POINT ( 'NONE',  ( 3.999999999999998224, -5.283448409585292715, -96.85600225542684427 ) ) ;
#8942 = ORIENTED_EDGE ( 'NONE', *, *, #4552, .F. ) ;
#8943 = CARTESIAN_POINT ( 'NONE',  ( 3.999999999999998224, 42.47413406683178749, -87.20635260846998449 ) ) ;
#8944 = ORIENTED_EDGE ( 'NONE', *, *, #1323, .T. ) ;
#8945 = EDGE_CURVE ( 'NONE', #3216, #6587, #627, .T. ) ;
#8946 = LINE ( 'NONE', #6986, #1610 ) ;
#8947 = DIRECTION ( 'NONE',  ( 0.000000000000000000, 8.410780489584516706E-16, -1.000000000000000000 ) ) ;
#8948 = AXIS2_PLACEMENT_3D ( 'NONE', #3138, #3862, #5821 ) ;
#8949 = CIRCLE ( 'NONE', #7357, 49.50000000000002132 ) ;
#8950 = DIRECTION ( 'NONE',  ( -1.000000000000000000, -0.000000000000000000, -0.000000000000000000 ) ) ;
#8951 = EDGE_CURVE ( 'NONE', #3218, #4403, #4385, .T. ) ;
#8952 = FACE_OUTER_BOUND ( 'NONE', #4858, .T. ) ;
#8953 = EDGE_CURVE ( 'NONE', #4440, #4985, #5119, .T. ) ;
#8954 = ORIENTED_EDGE ( 'NONE', *, *, #8555, .T. ) ;
#8955 = CYLINDRICAL_SURFACE ( 'NONE', #901, 49.50000000000001421 ) ;
#8956 = EDGE_CURVE ( 'NONE', #7931, #4463, #6580, .T. ) ;
#8957 = DIRECTION ( 'NONE',  ( 0.000000000000000000, -0.9988673391830075188, -0.04758191582375292938 ) ) ;
#8958 = VERTEX_POINT ( 'NONE', #8487 ) ;
#8959 = CIRCLE ( 'NONE', #2245, 49.50000000000001421 ) ;
#8960 = EDGE_CURVE ( 'NONE', #4349, #2383, #5021, .T. ) ;
#8961 = AXIS2_PLACEMENT_3D ( 'NONE', #1153, #2554, #8032 ) ;
#8962 = CARTESIAN_POINT ( 'NONE',  ( 8.000000000000001776, -65.89040824918002670, -77.20691097146932691 ) ) ;
#8963 = ORIENTED_EDGE ( 'NONE', *, *, #5179, .T. ) ;
#8964 = DIRECTION ( 'NONE',  ( 0.000000000000000000, 0.000000000000000000, 1.000000000000000000 ) ) ;
#8965 = EDGE_CURVE ( 'NONE', #4881, #6570, #7748, .T. ) ;
#8966 = LINE ( 'NONE', #2663, #5313 ) ;
#8967 = ORIENTED_EDGE ( 'NONE', *, *, #6108, .T. ) ;
#8968 = VECTOR ( 'NONE', #6004, 1000.000000000000000 ) ;
#8969 = ORIENTED_EDGE ( 'NONE', *, *, #503, .F. ) ;
#8970 = CARTESIAN_POINT ( 'NONE',  ( 8.000000000000001776, -93.43022383455226532, -8.101467373085654344 ) ) ;
#8971 = VERTEX_POINT ( 'NONE', #7857 ) ;
#8972 = DIRECTION ( 'NONE',  ( -1.000000000000000000, 0.000000000000000000, -0.000000000000000000 ) ) ;
#8973 = DIRECTION ( 'NONE',  ( -1.000000000000000000, -0.000000000000000000, -0.000000000000000000 ) ) ;
#8974 = ORIENTED_EDGE ( 'NONE', *, *, #8555, .F. ) ;
#8975 = CARTESIAN_POINT ( 'NONE',  ( 8.000000000000001776, 38.21392632221432706, -85.64190758274875748 ) ) ;
#8976 = DIRECTION ( 'NONE',  ( 0.000000000000000000, -0.7957618405308374276, 0.6056096871376596136 ) ) ;
#8977 = ORIENTED_EDGE ( 'NONE', *, *, #6013, .F. ) ;
#8978 = LINE ( 'NONE', #6194, #3687 ) ;
#8979 = DIRECTION ( 'NONE',  ( -1.000000000000000000, -0.000000000000000000, -0.000000000000000000 ) ) ;
#8980 = CIRCLE ( 'NONE', #6208, 49.50000000000003553 ) ;
#8981 = ORIENTED_EDGE ( 'NONE', *, *, #624, .T. ) ;
#8982 = CARTESIAN_POINT ( 'NONE',  ( 0.000000000000000000, 0.000000000000000000, 0.000000000000000000 ) ) ;
#8983 = CARTESIAN_POINT ( 'NONE',  ( 8.000000000000001776, -77.70503590289601448, 52.50493209881664569 ) ) ;
#8984 = ORIENTED_EDGE ( 'NONE', *, *, #4654, .T. ) ;
#8985 = CARTESIAN_POINT ( 'NONE',  ( 8.000000000000001776, 0.000000000000000000, 0.000000000000000000 ) ) ;
#8986 = EDGE_LOOP ( 'NONE', ( #5005, #8822, #6540, #7022 ) ) ;
#8987 = DIRECTION ( 'NONE',  ( 1.000000000000000000, -0.000000000000000000, -0.000000000000000000 ) ) ;
#8988 = DIRECTION ( 'NONE',  ( -1.000000000000000000, 0.000000000000000000, 0.000000000000000000 ) ) ;
#8989 = CIRCLE ( 'NONE', #5049, 49.50000000000002132 ) ;
#8990 = EDGE_CURVE ( 'NONE', #1928, #4472, #1606, .T. ) ;
#8991 = CARTESIAN_POINT ( 'NONE',  ( 8.000000000000001776, 4.067213502787617507, -101.4194792696291927 ) ) ;
#8992 = DIRECTION ( 'NONE',  ( 1.000000000000000000, 0.000000000000000000, 0.000000000000000000 ) ) ;
#8993 = EDGE_LOOP ( 'NONE', ( #1994, #5531, #7199, #1338 ) ) ;
#8994 = DIRECTION ( 'NONE',  ( -1.000000000000000000, -0.000000000000000000, -0.000000000000000000 ) ) ;
#8995 = DIRECTION ( 'NONE',  ( -1.000000000000000000, 0.000000000000000000, -0.000000000000000000 ) ) ;
#8996 = VERTEX_POINT ( 'NONE', #5799 ) ;
#8997 = AXIS2_PLACEMENT_3D ( 'NONE', #3196, #6850, #5977 ) ;
#8998 = CARTESIAN_POINT ( 'NONE',  ( 8.000000000000001776, 0.000000000000000000, 0.000000000000000000 ) ) ;
#8999 = ADVANCED_FACE ( 'NONE', ( #935 ), #2989, .F. ) ;
#9000 = AXIS2_PLACEMENT_3D ( 'NONE', #4056, #434, #6763 ) ;
#9001 = CARTESIAN_POINT ( 'NONE',  ( 0.000000000000000000, 0.000000000000000000, 0.000000000000000000 ) ) ;
#9002 = EDGE_CURVE ( 'NONE', #3816, #4985, #7471, .T. ) ;
#9003 = ORIENTED_EDGE ( 'NONE', *, *, #5143, .T. ) ;
#9004 = FACE_OUTER_BOUND ( 'NONE', #2902, .T. ) ;
#9005 = CARTESIAN_POINT ( 'NONE',  ( 8.000000000000001776, -94.05677713582109334, -23.71334381361018728 ) ) ;
#9006 = VERTEX_POINT ( 'NONE', #5077 ) ;
#9007 = VERTEX_POINT ( 'NONE', #3852 ) ;
#9008 = DIRECTION ( 'NONE',  ( -1.000000000000000000, -0.000000000000000000, -0.000000000000000000 ) ) ;
ENDSEC;
END-ISO-10303-21;
