ISO-10303-21;
HEADER;
FILE_DESCRIPTION (( 'STEP AP214' ),
    '1' );
FILE_NAME ('ELP-0045.STEP',
    '2026-04-28T14:54:58',
    ( '' ),
    ( '' ),
    'SwSTEP 2.0',
    'SolidWorks 2024',
    '' );
FILE_SCHEMA (( 'AUTOMOTIVE_DESIGN' ));
ENDSEC;

DATA;
#1 = EDGE_CURVE ( 'NONE', #988, #361, #3573, .T. ) ;
#2 = CYLINDRICAL_SURFACE ( 'NONE', #775, 2.250000000000001776 ) ;
#3 = LINE ( 'NONE', #1399, #3256 ) ;
#4 = ORIENTED_EDGE ( 'NONE', *, *, #1881, .F. ) ;
#5 = ORIENTED_EDGE ( 'NONE', *, *, #2485, .T. ) ;
#6 = CARTESIAN_POINT ( 'NONE',  ( 131.7713382904346986, 0.000000000000000000, 131.7713382904344144 ) ) ;
#7 = CARTESIAN_POINT ( 'NONE',  ( 131.7713382904344144, -2.143131898507868297E-16, -11.77133829043473412 ) ) ;
#8 = EDGE_LOOP ( 'NONE', ( #83, #1805, #1200, #904, #847, #925, #3515 ) ) ;
#9 = CARTESIAN_POINT ( 'NONE',  ( -41.14999999999996305, -8.099999999999999645, 23.85000000000002274 ) ) ;
#10 = EDGE_CURVE ( 'NONE', #2957, #3115, #962, .T. ) ;
#11 = DIRECTION ( 'NONE',  ( -0.000000000000000000, 1.000000000000000000, -0.000000000000000000 ) ) ;
#12 = DIRECTION ( 'NONE',  ( 0.000000000000000000, 0.000000000000000000, 1.000000000000000000 ) ) ;
#13 = ORIENTED_EDGE ( 'NONE', *, *, #3329, .T. ) ;
#14 = DIRECTION ( 'NONE',  ( -0.000000000000000000, 1.000000000000000000, -0.000000000000000000 ) ) ;
#15 = FACE_BOUND ( 'NONE', #1920, .T. ) ;
#16 = CARTESIAN_POINT ( 'NONE',  ( -46.49999999999997868, 0.000000000000000000, 46.25000000000002842 ) ) ;
#17 = VERTEX_POINT ( 'NONE', #1751 ) ;
#18 = ADVANCED_FACE ( 'NONE', ( #3182 ), #947, .T. ) ;
#19 = ORIENTED_EDGE ( 'NONE', *, *, #3511, .F. ) ;
#20 = VECTOR ( 'NONE', #2992, 1000.000000000000000 ) ;
#21 = DIRECTION ( 'NONE',  ( 0.000000000000000000, 0.000000000000000000, 1.000000000000000000 ) ) ;
#22 = CYLINDRICAL_SURFACE ( 'NONE', #3377, 121.4999999999999432 ) ;
#23 = AXIS2_PLACEMENT_3D ( 'NONE', #1024, #231, #1336 ) ;
#24 = VECTOR ( 'NONE', #2122, 1000.000000000000000 ) ;
#25 = ORIENTED_EDGE ( 'NONE', *, *, #3037, .T. ) ;
#26 = AXIS2_PLACEMENT_3D ( 'NONE', #3453, #934, #129 ) ;
#27 = ORIENTED_EDGE ( 'NONE', *, *, #1596, .T. ) ;
#28 = FACE_OUTER_BOUND ( 'NONE', #110, .T. ) ;
#29 = CIRCLE ( 'NONE', #1054, 95.00000000000001421 ) ;
#30 = DIRECTION ( 'NONE',  ( 0.4226182617407042152, 5.551115123125782086E-17, 0.9063077870366477162 ) ) ;
#31 = AXIS2_PLACEMENT_3D ( 'NONE', #326, #2263, #3362 ) ;
#32 = EDGE_CURVE ( 'NONE', #1698, #2827, #2065, .T. ) ;
#33 = ORIENTED_EDGE ( 'NONE', *, *, #3037, .F. ) ;
#34 = DIRECTION ( 'NONE',  ( 0.000000000000000000, 1.000000000000000000, -0.000000000000000000 ) ) ;
#35 = AXIS2_PLACEMENT_3D ( 'NONE', #3396, #3444, #2279 ) ;
#36 = CARTESIAN_POINT ( 'NONE',  ( 21.81623381592637756, -8.099999999999999645, 21.81623381592651612 ) ) ;
#37 = ORIENTED_EDGE ( 'NONE', *, *, #987, .F. ) ;
#38 = DIRECTION ( 'NONE',  ( -1.387778780781445676E-15, 0.000000000000000000, 1.000000000000000000 ) ) ;
#39 = CARTESIAN_POINT ( 'NONE',  ( 21.81623381592653743, -8.099999999999999645, 100.4337661840736473 ) ) ;
#40 = DIRECTION ( 'NONE',  ( 0.000000000000000000, 0.000000000000000000, 1.000000000000000000 ) ) ;
#41 = EDGE_LOOP ( 'NONE', ( #803, #586, #490, #3361 ) ) ;
#42 = ORIENTED_EDGE ( 'NONE', *, *, #237, .F. ) ;
#43 = CARTESIAN_POINT ( 'NONE',  ( 21.81623381592653743, -8.099999999999999645, 98.18376618407364731 ) ) ;
#44 = VERTEX_POINT ( 'NONE', #2611 ) ;
#45 = VERTEX_POINT ( 'NONE', #1787 ) ;
#46 = FACE_OUTER_BOUND ( 'NONE', #3086, .T. ) ;
#47 = DIRECTION ( 'NONE',  ( -0.000000000000000000, 1.000000000000000000, -0.000000000000000000 ) ) ;
#48 = VECTOR ( 'NONE', #201, 1000.000000000000000 ) ;
#49 = ORIENTED_EDGE ( 'NONE', *, *, #961, .T. ) ;
#50 = EDGE_CURVE ( 'NONE', #1588, #2827, #139, .T. ) ;
#51 = PLANE ( 'NONE',  #31 ) ;
#52 = ORIENTED_EDGE ( 'NONE', *, *, #260, .F. ) ;
#53 = DIRECTION ( 'NONE',  ( 0.000000000000000000, 1.000000000000000000, 0.000000000000000000 ) ) ;
#54 = CYLINDRICAL_SURFACE ( 'NONE', #941, 113.0000000000000142 ) ;
#55 = LINE ( 'NONE', #1154, #2617 ) ;
#56 = VECTOR ( 'NONE', #1045, 1000.000000000000000 ) ;
#57 = ORIENTED_EDGE ( 'NONE', *, *, #393, .F. ) ;
#58 = ORIENTED_EDGE ( 'NONE', *, *, #3287, .F. ) ;
#59 = PLANE ( 'NONE',  #661 ) ;
#60 = VECTOR ( 'NONE', #1926, 1000.000000000000000 ) ;
#61 = ORIENTED_EDGE ( 'NONE', *, *, #1594, .F. ) ;
#62 = VERTEX_POINT ( 'NONE', #2368 ) ;
#63 = LINE ( 'NONE', #2508, #475 ) ;
#64 = PLANE ( 'NONE',  #602 ) ;
#65 = ORIENTED_EDGE ( 'NONE', *, *, #120, .F. ) ;
#66 = DIRECTION ( 'NONE',  ( 0.4226182617407042708, 5.551115123125782702E-17, 0.9063077870366478273 ) ) ;
#67 = VERTEX_POINT ( 'NONE', #1257 ) ;
#68 = CARTESIAN_POINT ( 'NONE',  ( 154.8175155670045626, -8.099999999999997868, 20.75106699920561582 ) ) ;
#69 = FACE_BOUND ( 'NONE', #2995, .T. ) ;
#70 = CARTESIAN_POINT ( 'NONE',  ( 28.55000000000003268, 15.00000000000000000, 152.0000000000000853 ) ) ;
#71 = ORIENTED_EDGE ( 'NONE', *, *, #813, .F. ) ;
#72 = EDGE_CURVE ( 'NONE', #2020, #553, #929, .T. ) ;
#73 = EDGE_LOOP ( 'NONE', ( #2993, #1625, #248, #1463 ) ) ;
#74 = CARTESIAN_POINT ( 'NONE',  ( 24.45000000000004192, 15.00000000000000000, 148.0500000000000966 ) ) ;
#75 = CIRCLE ( 'NONE', #86, 1.699999999999979305 ) ;
#76 = ORIENTED_EDGE ( 'NONE', *, *, #1250, .F. ) ;
#77 = ADVANCED_FACE ( 'NONE', ( #1242 ), #2353, .F. ) ;
#78 = ORIENTED_EDGE ( 'NONE', *, *, #480, .T. ) ;
#79 = DIRECTION ( 'NONE',  ( 0.000000000000000000, 0.000000000000000000, -1.000000000000000000 ) ) ;
#80 = DIRECTION ( 'NONE',  ( -0.6304125579258910150, -0.7184454592904555570, 0.2939662035579286847 ) ) ;
#81 = CIRCLE ( 'NONE', #1414, 1.699999999999979305 ) ;
#82 = VECTOR ( 'NONE', #3169, 1000.000000000000000 ) ;
#83 = ORIENTED_EDGE ( 'NONE', *, *, #3478, .T. ) ;
#84 = PRODUCT_DEFINITION_FORMATION_WITH_SPECIFIED_SOURCE ( 'TUTTO', '', #1195, .NOT_KNOWN. ) ;
#85 = VECTOR ( 'NONE', #1873, 1000.000000000000114 ) ;
#86 = AXIS2_PLACEMENT_3D ( 'NONE', #1389, #14, #1969 ) ;
#87 = CARTESIAN_POINT ( 'NONE',  ( -40.38537496155162643, 13.00000000000000355, 101.8452684760020048 ) ) ;
#88 = CIRCLE ( 'NONE', #708, 1.799999999999996048 ) ;
#89 = VECTOR ( 'NONE', #2420, 1000.000000000000000 ) ;
#90 = DIRECTION ( 'NONE',  ( -0.000000000000000000, -1.000000000000000000, -0.000000000000000000 ) ) ;
#91 = CARTESIAN_POINT ( 'NONE',  ( -41.14999999999995595, -25.00000000000000000, 18.85000000000002274 ) ) ;
#92 = DIRECTION ( 'NONE',  ( -1.000000000000000000, 0.000000000000000000, -0.000000000000000000 ) ) ;
#93 = FACE_BOUND ( 'NONE', #3278, .T. ) ;
#94 = EDGE_CURVE ( 'NONE', #2895, #423, #2905, .T. ) ;
#95 = ORIENTED_EDGE ( 'NONE', *, *, #3060, .T. ) ;
#96 = ORIENTED_EDGE ( 'NONE', *, *, #3410, .F. ) ;
#97 = CARTESIAN_POINT ( 'NONE',  ( -31.01220753940225805, 0.000000000000000000, 116.2319133482471329 ) ) ;
#98 = ADVANCED_FACE ( 'NONE', ( #1771 ), #3461, .F. ) ;
#99 = ORIENTED_EDGE ( 'NONE', *, *, #1468, .F. ) ;
#100 = FACE_OUTER_BOUND ( 'NONE', #2252, .T. ) ;
#101 = VERTEX_POINT ( 'NONE', #345 ) ;
#102 = LINE ( 'NONE', #891, #401 ) ;
#103 = CIRCLE ( 'NONE', #1197, 121.4999999999999574 ) ;
#104 = ORIENTED_EDGE ( 'NONE', *, *, #3112, .T. ) ;
#105 = DIRECTION ( 'NONE',  ( 0.000000000000000000, 0.000000000000000000, -1.000000000000000000 ) ) ;
#106 = VERTEX_POINT ( 'NONE', #621 ) ;
#107 = CARTESIAN_POINT ( 'NONE',  ( 152.3842889635640176, 9.999999999999987566, 3.128274576054010492 ) ) ;
#108 = LINE ( 'NONE', #1207, #364 ) ;
#109 = CARTESIAN_POINT ( 'NONE',  ( 98.18376618407366152, -8.099999999999999645, 95.93376618407343415 ) ) ;
#110 = EDGE_LOOP ( 'NONE', ( #768, #2427, #2217, #2789 ) ) ;
#111 = EDGE_LOOP ( 'NONE', ( #1328, #2069, #572, #833, #2556, #19, #293, #3013, #1741, #1305 ) ) ;
#112 = LINE ( 'NONE', #919, #1928 ) ;
#113 = EDGE_LOOP ( 'NONE', ( #2684, #13, #808, #1582 ) ) ;
#114 = AXIS2_PLACEMENT_3D ( 'NONE', #1483, #2012, #2874 ) ;
#115 = EDGE_CURVE ( 'NONE', #1540, #3335, #1736, .T. ) ;
#116 = EDGE_CURVE ( 'NONE', #942, #1558, #3397, .T. ) ;
#117 = ORIENTED_EDGE ( 'NONE', *, *, #2627, .T. ) ;
#118 = CARTESIAN_POINT ( 'NONE',  ( -19.38561891765716538, 12.68587977491877972, 101.9833226840095932 ) ) ;
#119 = ORIENTED_EDGE ( 'NONE', *, *, #219, .F. ) ;
#120 = EDGE_CURVE ( 'NONE', #2784, #3437, #858, .T. ) ;
#121 = CARTESIAN_POINT ( 'NONE',  ( -34.46871929718172822, 13.00000000000001599, 114.5335774945151570 ) ) ;
#122 = ORIENTED_EDGE ( 'NONE', *, *, #138, .T. ) ;
#123 = EDGE_CURVE ( 'NONE', #325, #1973, #3270, .T. ) ;
#124 = CARTESIAN_POINT ( 'NONE',  ( 154.4687192971817922, 13.00000000000001954, 5.466422505484966443 ) ) ;
#125 = DIRECTION ( 'NONE',  ( 0.9063077870366430533, 0.000000000000000000, -0.4226182617407142628 ) ) ;
#126 = FACE_BOUND ( 'NONE', #956, .T. ) ;
#127 = ORIENTED_EDGE ( 'NONE', *, *, #3114, .T. ) ;
#128 = ORIENTED_EDGE ( 'NONE', *, *, #2086, .F. ) ;
#129 = DIRECTION ( 'NONE',  ( 0.000000000000000000, 0.000000000000000000, 1.000000000000000000 ) ) ;
#130 = EDGE_CURVE ( 'NONE', #882, #2746, #2170, .T. ) ;
#131 = EDGE_LOOP ( 'NONE', ( #2483, #3048 ) ) ;
#132 = ORIENTED_EDGE ( 'NONE', *, *, #1136, .T. ) ;
#133 = DIRECTION ( 'NONE',  ( -0.000000000000000000, -0.000000000000000000, 1.000000000000000000 ) ) ;
#134 = EDGE_LOOP ( 'NONE', ( #2932, #1182, #966, #3031 ) ) ;
#135 = CARTESIAN_POINT ( 'NONE',  ( 54.71727172824119378, 44.00000000000000000, 48.67115266204190505 ) ) ;
#136 = VECTOR ( 'NONE', #1134, 1000.000000000000114 ) ;
#137 = EDGE_CURVE ( 'NONE', #1997, #1509, #1276, .T. ) ;
#138 = EDGE_CURVE ( 'NONE', #2292, #168, #486, .T. ) ;
#139 = LINE ( 'NONE', #2890, #733 ) ;
#140 = AXIS2_PLACEMENT_3D ( 'NONE', #2876, #399, #92 ) ;
#141 = DIRECTION ( 'NONE',  ( 0.000000000000000000, 1.000000000000000000, 0.000000000000000000 ) ) ;
#142 = DIRECTION ( 'NONE',  ( 0.9063077870366477162, 2.302730277845318263E-17, -0.4226182617407042152 ) ) ;
#143 = CIRCLE ( 'NONE', #3548, 115.0000000000000142 ) ;
#144 = AXIS2_PLACEMENT_3D ( 'NONE', #7, #3322, #792 ) ;
#145 = VERTEX_POINT ( 'NONE', #753 ) ;
#146 = ORIENTED_EDGE ( 'NONE', *, *, #926, .T. ) ;
#147 = AXIS2_PLACEMENT_3D ( 'NONE', #1184, #2561, #3189 ) ;
#148 = DIRECTION ( 'NONE',  ( -0.4226182617407042152, -0.000000000000000000, -0.9063077870366477162 ) ) ;
#149 = LINE ( 'NONE', #1462, #1703 ) ;
#150 = VERTEX_POINT ( 'NONE', #2644 ) ;
#151 = DIRECTION ( 'NONE',  ( -0.9063077870366477162, -2.302730277845318263E-17, 0.4226182617407042152 ) ) ;
#152 = DIRECTION ( 'NONE',  ( 0.000000000000000000, 0.000000000000000000, 1.000000000000000000 ) ) ;
#153 = ORIENTED_EDGE ( 'NONE', *, *, #165, .F. ) ;
#154 = PLANE ( 'NONE',  #769 ) ;
#155 = DIRECTION ( 'NONE',  ( 0.000000000000000000, 1.000000000000000000, -0.000000000000000000 ) ) ;
#156 = EDGE_CURVE ( 'NONE', #1907, #2712, #3233, .T. ) ;
#157 = CARTESIAN_POINT ( 'NONE',  ( 164.7614754378891178, -8.099999999999996092, 24.94114571072601905 ) ) ;
#158 = CARTESIAN_POINT ( 'NONE',  ( 168.0469785781376402, -25.00000000000000000, 18.99557875968588050 ) ) ;
#159 = FACE_BOUND ( 'NONE', #1193, .T. ) ;
#160 = ORIENTED_EDGE ( 'NONE', *, *, #1262, .T. ) ;
#161 = CIRCLE ( 'NONE', #1315, 1.750000000000001554 ) ;
#162 = DIRECTION ( 'NONE',  ( -0.4226182617407042152, 0.000000000000000000, -0.9063077870366477162 ) ) ;
#163 = FACE_BOUND ( 'NONE', #1343, .T. ) ;
#164 = VERTEX_POINT ( 'NONE', #1296 ) ;
#165 = EDGE_CURVE ( 'NONE', #1401, #423, #2706, .T. ) ;
#166 = LINE ( 'NONE', #2656, #1256 ) ;
#167 = CARTESIAN_POINT ( 'NONE',  ( -42.49846627025514323, 13.00000000000001599, 97.31372954081876969 ) ) ;
#168 = VERTEX_POINT ( 'NONE', #2721 ) ;
#169 = DIRECTION ( 'NONE',  ( 0.4226182617407042152, 0.000000000000000000, 0.9063077870366477162 ) ) ;
#170 = EDGE_CURVE ( 'NONE', #3387, #644, #1267, .T. ) ;
#171 = DIRECTION ( 'NONE',  ( 0.000000000000000000, 0.000000000000000000, 1.000000000000000000 ) ) ;
#172 = CARTESIAN_POINT ( 'NONE',  ( -11.77133829043469682, -2.143131898507868297E-16, -16.27133829043442859 ) ) ;
#173 = DIRECTION ( 'NONE',  ( 0.000000000000000000, 0.000000000000000000, 1.000000000000000000 ) ) ;
#174 = DIRECTION ( 'NONE',  ( 0.000000000000000000, 1.000000000000000000, -0.000000000000000000 ) ) ;
#175 = ORIENTED_EDGE ( 'NONE', *, *, #561, .F. ) ;
#176 = DIRECTION ( 'NONE',  ( -0.000000000000000000, 1.000000000000000000, -0.000000000000000000 ) ) ;
#177 = CARTESIAN_POINT ( 'NONE',  ( 75.45000000000004547, 15.00000000000000000, 148.0500000000000682 ) ) ;
#178 = CARTESIAN_POINT ( 'NONE',  ( 28.41497673121481071, 0.000000000000000000, 60.93611424620739569 ) ) ;
#179 = EDGE_CURVE ( 'NONE', #2469, #1650, #1330, .T. ) ;
#180 = ORIENTED_EDGE ( 'NONE', *, *, #1936, .T. ) ;
#181 = LINE ( 'NONE', #3213, #2958 ) ;
#182 = DIRECTION ( 'NONE',  ( -0.000000000000000000, 1.000000000000000000, -0.000000000000000000 ) ) ;
#183 = EDGE_LOOP ( 'NONE', ( #2135, #1520, #2359, #2141 ) ) ;
#184 = CARTESIAN_POINT ( 'NONE',  ( -39.61278227294707222, 0.000000000000000000, 92.65797923697117255 ) ) ;
#185 = CARTESIAN_POINT ( 'NONE',  ( 28.55000000000004690, 15.00000000000000000, 132.0000000000000853 ) ) ;
#186 = VECTOR ( 'NONE', #716, 1000.000000000000000 ) ;
#187 = FACE_OUTER_BOUND ( 'NONE', #1841, .T. ) ;
#188 = LINE ( 'NONE', #1019, #85 ) ;
#189 = CARTESIAN_POINT ( 'NONE',  ( -46.49999999999996447, 0.000000000000000000, 75.50000000000002842 ) ) ;
#190 = VECTOR ( 'NONE', #608, 1000.000000000000000 ) ;
#191 = AXIS2_PLACEMENT_3D ( 'NONE', #819, #1412, #3082 ) ;
#192 = VERTEX_POINT ( 'NONE', #2117 ) ;
#193 = AXIS2_PLACEMENT_3D ( 'NONE', #1619, #3016, #3519 ) ;
#194 = FACE_OUTER_BOUND ( 'NONE', #851, .T. ) ;
#195 = DIRECTION ( 'NONE',  ( 0.000000000000000000, 1.000000000000000000, -0.000000000000000000 ) ) ;
#196 = AXIS2_PLACEMENT_3D ( 'NONE', #1853, #3463, #2963 ) ;
#197 = LINE ( 'NONE', #2177, #1345 ) ;
#198 = EDGE_CURVE ( 'NONE', #3318, #2688, #2438, .T. ) ;
#199 = ORIENTED_EDGE ( 'NONE', *, *, #742, .F. ) ;
#200 = EDGE_CURVE ( 'NONE', #1393, #2451, #560, .T. ) ;
#201 = DIRECTION ( 'NONE',  ( -1.387778780781445676E-15, 0.000000000000000000, 1.000000000000000000 ) ) ;
#202 = DIRECTION ( 'NONE',  ( 0.4226182617407022724, 0.000000000000000000, 0.9063077870366486044 ) ) ;
#203 = ORIENTED_EDGE ( 'NONE', *, *, #2319, .F. ) ;
#204 = DIRECTION ( 'NONE',  ( -0.000000000000000000, 1.000000000000000000, -0.000000000000000000 ) ) ;
#205 = EDGE_LOOP ( 'NONE', ( #2313, #1635, #2227, #567 ) ) ;
#206 = CARTESIAN_POINT ( 'NONE',  ( 98.18376618407349099, -8.099999999999999645, 21.81623381592630295 ) ) ;
#207 = LINE ( 'NONE', #3220, #3209 ) ;
#208 = DIRECTION ( 'NONE',  ( 0.4226182617407042708, 5.551115123125782702E-17, 0.9063077870366478273 ) ) ;
#209 = ORIENTED_EDGE ( 'NONE', *, *, #2131, .F. ) ;
#210 = DIRECTION ( 'NONE',  ( -1.000000000000000000, -0.000000000000000000, -0.000000000000000000 ) ) ;
#211 = DIRECTION ( 'NONE',  ( -0.4226182617407042708, -5.551115123125782702E-17, -0.9063077870366478273 ) ) ;
#212 = CARTESIAN_POINT ( 'NONE',  ( 38.98043327473241959, -8.099999999999999645, 83.59380892212359981 ) ) ;
#213 = ORIENTED_EDGE ( 'NONE', *, *, #2609, .F. ) ;
#214 = EDGE_CURVE ( 'NONE', #2679, #106, #3531, .T. ) ;
#215 = CYLINDRICAL_SURFACE ( 'NONE', #1555, 1.750000000000001554 ) ;
#216 = CYLINDRICAL_SURFACE ( 'NONE', #2282, 113.0000000000000142 ) ;
#217 = ADVANCED_FACE ( 'NONE', ( #1565 ), #2661, .F. ) ;
#218 = VERTEX_POINT ( 'NONE', #3499 ) ;
#219 = EDGE_CURVE ( 'NONE', #1605, #2724, #2710, .T. ) ;
#220 = CARTESIAN_POINT ( 'NONE',  ( 75.45000000000004547, 0.000000000000000000, 149.8500000000000796 ) ) ;
#221 = EDGE_CURVE ( 'NONE', #2081, #2961, #2432, .T. ) ;
#222 = ORIENTED_EDGE ( 'NONE', *, *, #3041, .F. ) ;
#223 = VECTOR ( 'NONE', #2486, 1000.000000000000114 ) ;
#224 = DIRECTION ( 'NONE',  ( 0.000000000000000000, 0.000000000000000000, 1.000000000000000000 ) ) ;
#225 = DIRECTION ( 'NONE',  ( 0.000000000000000000, 0.000000000000000000, 1.000000000000000000 ) ) ;
#226 = DIRECTION ( 'NONE',  ( 0.000000000000000000, 0.000000000000000000, 1.000000000000000000 ) ) ;
#227 = EDGE_CURVE ( 'NONE', #2343, #2021, #2423, .T. ) ;
#228 = ORIENTED_EDGE ( 'NONE', *, *, #2651, .T. ) ;
#229 = DIRECTION ( 'NONE',  ( 0.000000000000000000, 1.000000000000000000, -0.000000000000000000 ) ) ;
#230 = FACE_OUTER_BOUND ( 'NONE', #3158, .T. ) ;
#231 = DIRECTION ( 'NONE',  ( 0.000000000000000000, 1.000000000000000000, 0.000000000000000000 ) ) ;
#232 = ORIENTED_EDGE ( 'NONE', *, *, #2990, .T. ) ;
#233 = CARTESIAN_POINT ( 'NONE',  ( 160.8624681285456859, -25.00000000000000000, 3.588346380062824803 ) ) ;
#234 = LINE ( 'NONE', #3050, #3098 ) ;
#235 = ORIENTED_EDGE ( 'NONE', *, *, #1504, .F. ) ;
#236 = DIRECTION ( 'NONE',  ( 0.000000000000000000, 0.000000000000000000, 1.000000000000000000 ) ) ;
#237 = EDGE_CURVE ( 'NONE', #361, #988, #2085, .T. ) ;
#238 = VERTEX_POINT ( 'NONE', #434 ) ;
#239 = CARTESIAN_POINT ( 'NONE',  ( -21.14999999999995595, -25.00000000000000000, 18.85000000000002629 ) ) ;
#240 = EDGE_CURVE ( 'NONE', #468, #2712, #736, .T. ) ;
#241 = CARTESIAN_POINT ( 'NONE',  ( 84.29000000000004889, -8.099999999999999645, 149.6399999999999864 ) ) ;
#242 = CARTESIAN_POINT ( 'NONE',  ( 61.90178217783316938, 44.00000000000000000, 64.07838504166491589 ) ) ;
#243 = ORIENTED_EDGE ( 'NONE', *, *, #672, .T. ) ;
#244 = DIRECTION ( 'NONE',  ( 0.000000000000000000, 0.000000000000000000, 1.000000000000000000 ) ) ;
#245 = CARTESIAN_POINT ( 'NONE',  ( 75.45000000000004547, 15.00000000000000000, 148.0500000000000682 ) ) ;
#246 = AXIS2_PLACEMENT_3D ( 'NONE', #583, #2287, #2231 ) ;
#247 = DIRECTION ( 'NONE',  ( -0.000000000000000000, -1.000000000000000000, -0.000000000000000000 ) ) ;
#248 = ORIENTED_EDGE ( 'NONE', *, *, #2273, .F. ) ;
#249 = CIRCLE ( 'NONE', #3488, 1.699999999999979305 ) ;
#250 = VECTOR ( 'NONE', #1204, 1000.000000000000000 ) ;
#251 = AXIS2_PLACEMENT_3D ( 'NONE', #622, #1772, #2875 ) ;
#252 = CARTESIAN_POINT ( 'NONE',  ( 71.35000000000003695, -8.099999999999999645, 144.7000000000000739 ) ) ;
#253 = DIRECTION ( 'NONE',  ( -0.9063077870366476052, 0.000000000000000000, 0.4226182617407042708 ) ) ;
#254 = EDGE_LOOP ( 'NONE', ( #2702, #387, #1672, #2751 ) ) ;
#255 = DIRECTION ( 'NONE',  ( 0.000000000000000000, -1.000000000000000000, 0.000000000000000000 ) ) ;
#256 = CARTESIAN_POINT ( 'NONE',  ( 60.00000000000002842, -54.00000000000000000, 107.9999999999999858 ) ) ;
#257 = ORIENTED_EDGE ( 'NONE', *, *, #1592, .F. ) ;
#258 = PLANE ( 'NONE',  #1613 ) ;
#259 = DIRECTION ( 'NONE',  ( 0.000000000000000000, 0.000000000000000000, 1.000000000000000000 ) ) ;
#260 = EDGE_CURVE ( 'NONE', #3445, #802, #2962, .T. ) ;
#261 = ORIENTED_EDGE ( 'NONE', *, *, #72, .T. ) ;
#262 = CARTESIAN_POINT ( 'NONE',  ( -11.77133829043442681, 0.000000000000000000, 131.7713382904347270 ) ) ;
#263 = CARTESIAN_POINT ( 'NONE',  ( 0.000000000000000000, -8.099999999999999645, 180.0000000000000000 ) ) ;
#264 = LINE ( 'NONE', #3296, #359 ) ;
#265 = ORIENTED_EDGE ( 'NONE', *, *, #321, .F. ) ;
#266 = ORIENTED_EDGE ( 'NONE', *, *, #3234, .F. ) ;
#267 = DIRECTION ( 'NONE',  ( -0.4226182617407042152, 0.000000000000000000, -0.9063077870366477162 ) ) ;
#268 = PLANE ( 'NONE',  #1176 ) ;
#269 = ORIENTED_EDGE ( 'NONE', *, *, #3072, .T. ) ;
#270 = EDGE_CURVE ( 'NONE', #1616, #2183, #3003, .T. ) ;
#271 = VERTEX_POINT ( 'NONE', #9 ) ;
#272 = CARTESIAN_POINT ( 'NONE',  ( -22.72653755186247082, 8.579899218862014010, 84.78379400604988803 ) ) ;
#273 = CARTESIAN_POINT ( 'NONE',  ( -11.77133829043469682, -2.143131898507868297E-16, -11.77133829043443214 ) ) ;
#274 = ORIENTED_EDGE ( 'NONE', *, *, #1855, .T. ) ;
#275 = PLANE ( 'NONE',  #2838 ) ;
#276 = CARTESIAN_POINT ( 'NONE',  ( 20.35000000000003340, 0.000000000000000000, 132.0000000000000853 ) ) ;
#277 = EDGE_CURVE ( 'NONE', #3458, #468, #335, .T. ) ;
#278 = ORIENTED_EDGE ( 'NONE', *, *, #1220, .T. ) ;
#279 = DIRECTION ( 'NONE',  ( 0.000000000000000000, 1.000000000000000000, -0.000000000000000000 ) ) ;
#280 = FACE_BOUND ( 'NONE', #1496, .T. ) ;
#281 = LINE ( 'NONE', #1391, #2280 ) ;
#282 = ORIENTED_EDGE ( 'NONE', *, *, #2651, .F. ) ;
#283 = EDGE_LOOP ( 'NONE', ( #2790, #376 ) ) ;
#284 = CARTESIAN_POINT ( 'NONE',  ( -15.49999999999996447, -8.099999999999999645, 73.75000000000002842 ) ) ;
#285 = ADVANCED_FACE ( 'NONE', ( #2512 ), #1085, .T. ) ;
#286 = LINE ( 'NONE', #1627, #940 ) ;
#287 = VERTEX_POINT ( 'NONE', #377 ) ;
#288 = LINE ( 'NONE', #1142, #1037 ) ;
#289 = FACE_OUTER_BOUND ( 'NONE', #2707, .T. ) ;
#290 = ORIENTED_EDGE ( 'NONE', *, *, #2769, .F. ) ;
#291 = CARTESIAN_POINT ( 'NONE',  ( -11.77133829043442681, -8.099999999999999645, 127.2713382904347128 ) ) ;
#292 = CARTESIAN_POINT ( 'NONE',  ( -21.14999999999995595, -8.099999999999999645, 18.85000000000002629 ) ) ;
#293 = ORIENTED_EDGE ( 'NONE', *, *, #1951, .T. ) ;
#294 = CARTESIAN_POINT ( 'NONE',  ( 131.7713382904344144, 0.000000000000000000, -7.271338290434730567 ) ) ;
#295 = FACE_OUTER_BOUND ( 'NONE', #410, .T. ) ;
#296 = CARTESIAN_POINT ( 'NONE',  ( 79.55000000000003979, 15.00000000000000000, 152.0000000000000853 ) ) ;
#297 = ORIENTED_EDGE ( 'NONE', *, *, #1098, .T. ) ;
#298 = ORIENTED_EDGE ( 'NONE', *, *, #672, .F. ) ;
#299 = ADVANCED_FACE ( 'NONE', ( #100 ), #258, .T. ) ;
#300 = DIRECTION ( 'NONE',  ( 0.000000000000000000, 1.000000000000000000, -0.000000000000000000 ) ) ;
#301 = CIRCLE ( 'NONE', #2453, 95.00000000000004263 ) ;
#302 = EDGE_LOOP ( 'NONE', ( #3388, #2242, #824, #2479 ) ) ;
#303 = AXIS2_PLACEMENT_3D ( 'NONE', #1822, #2218, #2474 ) ;
#304 = EDGE_CURVE ( 'NONE', #3352, #1964, #868, .T. ) ;
#305 = ORIENTED_EDGE ( 'NONE', *, *, #2010, .F. ) ;
#306 = EDGE_CURVE ( 'NONE', #2679, #2270, #2205, .T. ) ;
#307 = DIRECTION ( 'NONE',  ( 0.000000000000000000, 0.000000000000000000, -1.000000000000000000 ) ) ;
#308 = AXIS2_PLACEMENT_3D ( 'NONE', #3482, #1586, #2964 ) ;
#309 = DIRECTION ( 'NONE',  ( 0.9063077870366477162, 0.000000000000000000, -0.4226182617407042152 ) ) ;
#310 = VECTOR ( 'NONE', #3181, 1000.000000000000114 ) ;
#311 = EDGE_LOOP ( 'NONE', ( #403, #132, #2655, #2496 ) ) ;
#312 = CIRCLE ( 'NONE', #1819, 2.250000000000001776 ) ;
#313 = CARTESIAN_POINT ( 'NONE',  ( 35.59948718080678276, 0.000000000000000000, 76.34334662583040654 ) ) ;
#314 = ORIENTED_EDGE ( 'NONE', *, *, #2794, .F. ) ;
#315 = FACE_OUTER_BOUND ( 'NONE', #41, .T. ) ;
#316 = DIRECTION ( 'NONE',  ( -0.000000000000000000, 1.000000000000000000, -0.000000000000000000 ) ) ;
#317 = DIRECTION ( 'NONE',  ( -0.4226182617407042152, 0.000000000000000000, -0.9063077870366477162 ) ) ;
#318 = EDGE_LOOP ( 'NONE', ( #1385, #982, #209, #274, #3274 ) ) ;
#319 = ORIENTED_EDGE ( 'NONE', *, *, #3066, .T. ) ;
#320 = LINE ( 'NONE', #2214, #352 ) ;
#321 = EDGE_CURVE ( 'NONE', #2447, #1410, #2321, .T. ) ;
#322 = ORIENTED_EDGE ( 'NONE', *, *, #2070, .F. ) ;
#323 = LINE ( 'NONE', #615, #2148 ) ;
#324 = DIRECTION ( 'NONE',  ( 0.000000000000000000, -0.000000000000000000, 1.000000000000000000 ) ) ;
#325 = VERTEX_POINT ( 'NONE', #1129 ) ;
#326 = CARTESIAN_POINT ( 'NONE',  ( 28.41497673121481071, 4.426212892130250308E-15, 60.93611424620740280 ) ) ;
#327 = ADVANCED_FACE ( 'NONE', ( #520 ), #794, .F. ) ;
#328 = ORIENTED_EDGE ( 'NONE', *, *, #975, .F. ) ;
#329 =( LENGTH_UNIT ( ) NAMED_UNIT ( * ) SI_UNIT ( .MILLI., .METRE. ) );
#330 = CARTESIAN_POINT ( 'NONE',  ( 0.000000000000000000, -8.099999999999999645, 0.000000000000000000 ) ) ;
#331 = CYLINDRICAL_SURFACE ( 'NONE', #883, 4.500000000000003553 ) ;
#332 = EDGE_CURVE ( 'NONE', #1698, #3110, #2761, .T. ) ;
#333 = EDGE_LOOP ( 'NONE', ( #122, #3113, #1028, #718 ) ) ;
#334 = ORIENTED_EDGE ( 'NONE', *, *, #10, .F. ) ;
#335 = CIRCLE ( 'NONE', #1086, 115.0000000000000142 ) ;
#336 = CARTESIAN_POINT ( 'NONE',  ( 28.41497673121481071, 0.000000000000000000, 60.93611424620739569 ) ) ;
#337 = VERTEX_POINT ( 'NONE', #815 ) ;
#338 = VERTEX_POINT ( 'NONE', #577 ) ;
#339 = DIRECTION ( 'NONE',  ( -0.000000000000000000, -1.000000000000000000, -0.000000000000000000 ) ) ;
#340 = CARTESIAN_POINT ( 'NONE',  ( -46.49999999999996447, -8.099999999999999645, 73.75000000000002842 ) ) ;
#341 = ORIENTED_EDGE ( 'NONE', *, *, #1534, .T. ) ;
#342 = ADVANCED_FACE ( 'NONE', ( #645 ), #1386, .F. ) ;
#343 = LINE ( 'NONE', #1800, #1872 ) ;
#344 = VECTOR ( 'NONE', #1217, 1000.000000000000000 ) ;
#345 = CARTESIAN_POINT ( 'NONE',  ( 24.45000000000004192, 0.000000000000000000, 149.8500000000001080 ) ) ;
#346 = EDGE_CURVE ( 'NONE', #145, #3051, #2714, .T. ) ;
#347 = CARTESIAN_POINT ( 'NONE',  ( 111.7511259472106246, 1.347111479062085841E-15, 136.8346666692569897 ) ) ;
#348 = EDGE_CURVE ( 'NONE', #3466, #2823, #558, .T. ) ;
#349 = LINE ( 'NONE', #1738, #1117 ) ;
#350 = CARTESIAN_POINT ( 'NONE',  ( -43.76632105547726326, 13.00000000000001599, 94.59480617970881156 ) ) ;
#351 = ORIENTED_EDGE ( 'NONE', *, *, #375, .T. ) ;
#352 = VECTOR ( 'NONE', #885, 1000.000000000000000 ) ;
#353 = ORIENTED_EDGE ( 'NONE', *, *, #1972, .F. ) ;
#354 = CARTESIAN_POINT ( 'NONE',  ( 31.79592282514044754, 0.000000000000000000, 68.18657654250058897 ) ) ;
#355 = ORIENTED_EDGE ( 'NONE', *, *, #1688, .F. ) ;
#356 = DIRECTION ( 'NONE',  ( 0.9063077870366477162, 2.302730277845318263E-17, -0.4226182617407042152 ) ) ;
#357 = ORIENTED_EDGE ( 'NONE', *, *, #2804, .F. ) ;
#358 = FACE_OUTER_BOUND ( 'NONE', #2493, .T. ) ;
#359 = VECTOR ( 'NONE', #2193, 1000.000000000000114 ) ;
#360 = CIRCLE ( 'NONE', #1114, 4.499999999999997335 ) ;
#361 = VERTEX_POINT ( 'NONE', #291 ) ;
#362 = VECTOR ( 'NONE', #1069, 1000.000000000000000 ) ;
#363 = CIRCLE ( 'NONE', #191, 4.500000000000003553 ) ;
#364 = VECTOR ( 'NONE', #1245, 1000.000000000000000 ) ;
#365 = DIRECTION ( 'NONE',  ( 0.000000000000000000, 1.000000000000000000, 0.000000000000000000 ) ) ;
#366 = AXIS2_PLACEMENT_3D ( 'NONE', #1043, #2629, #3075 ) ;
#367 = DIRECTION ( 'NONE',  ( 0.9063077870366477162, 0.000000000000000000, -0.4226182617407042152 ) ) ;
#368 = LINE ( 'NONE', #2598, #594 ) ;
#369 = DIRECTION ( 'NONE',  ( 0.4226182617407042708, 5.551115123125782702E-17, 0.9063077870366478273 ) ) ;
#370 = DIRECTION ( 'NONE',  ( 0.000000000000000000, 1.000000000000000000, 0.000000000000000000 ) ) ;
#371 = ADVANCED_FACE ( 'NONE', ( #542 ), #275, .F. ) ;
#372 = ORIENTED_EDGE ( 'NONE', *, *, #1673, .F. ) ;
#373 = ORIENTED_EDGE ( 'NONE', *, *, #1121, .T. ) ;
#374 = DIRECTION ( 'NONE',  ( 0.000000000000000000, 0.000000000000000000, 1.000000000000000000 ) ) ;
#375 = EDGE_CURVE ( 'NONE', #2388, #2183, #1946, .T. ) ;
#376 = ORIENTED_EDGE ( 'NONE', *, *, #905, .F. ) ;
#377 = CARTESIAN_POINT ( 'NONE',  ( -12.16108100834487082, 8.579899218862021115, 107.4414886819660921 ) ) ;
#378 = EDGE_LOOP ( 'NONE', ( #3245, #2121, #3346, #1745 ) ) ;
#379 = DIRECTION ( 'NONE',  ( 0.000000000000000000, 1.000000000000000000, 0.000000000000000000 ) ) ;
#380 = EDGE_CURVE ( 'NONE', #2036, #1744, #2243, .T. ) ;
#381 = EDGE_LOOP ( 'NONE', ( #1956, #127, #3180, #554 ) ) ;
#382 = DIRECTION ( 'NONE',  ( 0.9063077870366477162, -0.000000000000000000, -0.4226182617407042152 ) ) ;
#383 = CARTESIAN_POINT ( 'NONE',  ( 112.5000000000000426, 0.000000000000000000, -0.000000000000000000 ) ) ;
#384 = DIRECTION ( 'NONE',  ( 0.000000000000000000, 0.000000000000000000, 1.000000000000000000 ) ) ;
#385 = LINE ( 'NONE', #2031, #828 ) ;
#386 = LINE ( 'NONE', #965, #3427 ) ;
#387 = ORIENTED_EDGE ( 'NONE', *, *, #1825, .T. ) ;
#388 = ORIENTED_EDGE ( 'NONE', *, *, #2377, .F. ) ;
#389 = DIRECTION ( 'NONE',  ( 0.9063077870366477162, -0.000000000000000000, -0.4226182617407042152 ) ) ;
#390 = ORIENTED_EDGE ( 'NONE', *, *, #2154, .T. ) ;
#391 = VECTOR ( 'NONE', #1514, 1000.000000000000114 ) ;
#392 = ORIENTED_EDGE ( 'NONE', *, *, #3114, .F. ) ;
#393 = EDGE_CURVE ( 'NONE', #1410, #397, #1562, .T. ) ;
#394 = DIRECTION ( 'NONE',  ( 0.4226182617407042708, 5.551115123125782702E-17, 0.9063077870366478273 ) ) ;
#395 = ORIENTED_EDGE ( 'NONE', *, *, #1951, .F. ) ;
#396 = DIRECTION ( 'NONE',  ( 0.000000000000000000, 0.000000000000000000, 1.000000000000000000 ) ) ;
#397 = VERTEX_POINT ( 'NONE', #2939 ) ;
#398 = PRESENTATION_STYLE_ASSIGNMENT (( #1788 ) ) ;
#399 = DIRECTION ( 'NONE',  ( 0.000000000000000000, 0.000000000000000000, -1.000000000000000000 ) ) ;
#400 = FACE_BOUND ( 'NONE', #710, .T. ) ;
#401 = VECTOR ( 'NONE', #3116, 1000.000000000000114 ) ;
#402 = ORIENTED_EDGE ( 'NONE', *, *, #2960, .F. ) ;
#403 = ORIENTED_EDGE ( 'NONE', *, *, #3425, .T. ) ;
#404 = DIRECTION ( 'NONE',  ( 0.000000000000000000, 1.000000000000000000, -0.000000000000000000 ) ) ;
#405 = LINE ( 'NONE', #1829, #414 ) ;
#406 = ORIENTED_EDGE ( 'NONE', *, *, #3192, .T. ) ;
#407 = ADVANCED_FACE ( 'NONE', ( #749 ), #461, .F. ) ;
#408 = LINE ( 'NONE', #2921, #2363 ) ;
#409 = EDGE_CURVE ( 'NONE', #3441, #423, #1273, .T. ) ;
#410 = EDGE_LOOP ( 'NONE', ( #967, #1203, #1960, #2830 ) ) ;
#411 = AXIS2_PLACEMENT_3D ( 'NONE', #3367, #3386, #40 ) ;
#412 = DIRECTION ( 'NONE',  ( -2.590202418016783620E-18, -1.000000000000000000, -6.004194730106474119E-17 ) ) ;
#413 = VECTOR ( 'NONE', #582, 1000.000000000000000 ) ;
#414 = VECTOR ( 'NONE', #1523, 1000.000000000000000 ) ;
#415 = CARTESIAN_POINT ( 'NONE',  ( 38.98043327473241959, 0.000000000000000000, 83.59380892212359981 ) ) ;
#416 = AXIS2_PLACEMENT_3D ( 'NONE', #788, #2731, #253 ) ;
#417 = VECTOR ( 'NONE', #1433, 1000.000000000000114 ) ;
#418 = CIRCLE ( 'NONE', #1521, 2.249999999999995115 ) ;
#419 = CARTESIAN_POINT ( 'NONE',  ( -32.38428896356404607, 10.00000000000009948, 116.8717254239460033 ) ) ;
#420 = FACE_OUTER_BOUND ( 'NONE', #2465, .T. ) ;
#421 = LINE ( 'NONE', #3137, #2513 ) ;
#422 = AXIS2_PLACEMENT_3D ( 'NONE', #896, #1786, #396 ) ;
#423 = VERTEX_POINT ( 'NONE', #1576 ) ;
#424 = VECTOR ( 'NONE', #1283, 1000.000000000000000 ) ;
#425 = DIRECTION ( 'NONE',  ( -0.9063077870366476052, 0.000000000000000000, 0.4226182617407042708 ) ) ;
#426 = DIRECTION ( 'NONE',  ( 0.9063077870366477162, 0.000000000000000000, -0.4226182617407042708 ) ) ;
#427 = VERTEX_POINT ( 'NONE', #1027 ) ;
#428 = CARTESIAN_POINT ( 'NONE',  ( 54.71727172824117957, 44.00000000000000000, 48.67115266204190505 ) ) ;
#429 = EDGE_CURVE ( 'NONE', #106, #673, #3194, .T. ) ;
#430 = CARTESIAN_POINT ( 'NONE',  ( 144.2681148710267394, 10.00000000000009592, 34.49735668438576397 ) ) ;
#431 = ORIENTED_EDGE ( 'NONE', *, *, #866, .F. ) ;
#432 = AXIS2_PLACEMENT_3D ( 'NONE', #3456, #973, #3442 ) ;
#433 = PLANE ( 'NONE',  #1355 ) ;
#434 = CARTESIAN_POINT ( 'NONE',  ( 130.0946033627331531, -8.099999999999988987, 22.34914902128875269 ) ) ;
#435 = LINE ( 'NONE', #272, #1634 ) ;
#436 = ADVANCED_FACE ( 'NONE', ( #771 ), #216, .T. ) ;
#437 = LINE ( 'NONE', #3533, #1051 ) ;
#438 = FACE_OUTER_BOUND ( 'NONE', #2040, .T. ) ;
#439 = VERTEX_POINT ( 'NONE', #2434 ) ;
#440 = CARTESIAN_POINT ( 'NONE',  ( 76.23489593122241104, -8.099999999999999645, 130.6657735790814456 ) ) ;
#441 = DIRECTION ( 'NONE',  ( -1.000000000000000000, 0.000000000000000000, 0.000000000000000000 ) ) ;
#442 = ADVANCED_FACE ( 'NONE', ( #497 ), #1323, .F. ) ;
#443 = CARTESIAN_POINT ( 'NONE',  ( -11.77133829043442681, -2.143131898507868297E-16, 127.2713382904347128 ) ) ;
#444 = VERTEX_POINT ( 'NONE', #1863 ) ;
#445 = FACE_OUTER_BOUND ( 'NONE', #2665, .T. ) ;
#446 = CARTESIAN_POINT ( 'NONE',  ( 38.98043327473241959, 4.426212892130250308E-15, 83.59380892212358560 ) ) ;
#447 = ORIENTED_EDGE ( 'NONE', *, *, #721, .T. ) ;
#448 = CARTESIAN_POINT ( 'NONE',  ( 111.7511259472106246, 0.000000000000000000, 135.1346666692570011 ) ) ;
#449 = DIRECTION ( 'NONE',  ( -0.9063077870366469391, 0.000000000000000000, 0.4226182617407058251 ) ) ;
#450 = ADVANCED_FACE ( 'NONE', ( #2626 ), #3475, .F. ) ;
#451 = CARTESIAN_POINT ( 'NONE',  ( -27.63300511741259413, -8.099999999999996092, 114.6561653804174199 ) ) ;
#452 = FACE_OUTER_BOUND ( 'NONE', #1511, .T. ) ;
#453 = CARTESIAN_POINT ( 'NONE',  ( 131.7713382904344144, 0.000000000000000000, -11.77133829043473412 ) ) ;
#454 = EDGE_CURVE ( 'NONE', #3051, #145, #587, .T. ) ;
#455 = EDGE_LOOP ( 'NONE', ( #3496, #128, #530, #406 ) ) ;
#456 = CARTESIAN_POINT ( 'NONE',  ( 168.0469785781376686, -8.099999999999999645, 18.99557875968587695 ) ) ;
#457 = LINE ( 'NONE', #1590, #2224 ) ;
#458 = CARTESIAN_POINT ( 'NONE',  ( -19.67966559169428109, 13.00000000000001421, 102.1204388999681356 ) ) ;
#459 = ORIENTED_EDGE ( 'NONE', *, *, #1857, .F. ) ;
#460 = CARTESIAN_POINT ( 'NONE',  ( -41.14999999999996305, 0.000000000000000000, 23.85000000000002274 ) ) ;
#461 = CYLINDRICAL_SURFACE ( 'NONE', #1638, 1.699999999999979305 ) ;
#462 = ORIENTED_EDGE ( 'NONE', *, *, #2533, .T. ) ;
#463 = DIRECTION ( 'NONE',  ( 0.4226182617407042152, 5.551115123125782086E-17, 0.9063077870366477162 ) ) ;
#464 = ORIENTED_EDGE ( 'NONE', *, *, #944, .T. ) ;
#465 = CARTESIAN_POINT ( 'NONE',  ( -39.61278227294707222, 0.000000000000000000, 92.65797923697117255 ) ) ;
#466 = PLANE ( 'NONE',  #1349 ) ;
#467 = CARTESIAN_POINT ( 'NONE',  ( 131.7713382904344144, -8.099999999999999645, -7.271338290434730567 ) ) ;
#468 = VERTEX_POINT ( 'NONE', #2127 ) ;
#469 = CARTESIAN_POINT ( 'NONE',  ( 98.18376618407366152, -8.099999999999999645, 100.4337661840734484 ) ) ;
#470 = VECTOR ( 'NONE', #3359, 1000.000000000000114 ) ;
#471 = LINE ( 'NONE', #1623, #2912 ) ;
#472 = VECTOR ( 'NONE', #141, 1000.000000000000000 ) ;
#473 = DIRECTION ( 'NONE',  ( 0.000000000000000000, 6.004194730106474119E-17, -1.000000000000000000 ) ) ;
#474 = EDGE_CURVE ( 'NONE', #1903, #2717, #884, .T. ) ;
#475 = VECTOR ( 'NONE', #2778, 1000.000000000000000 ) ;
#476 = ORIENTED_EDGE ( 'NONE', *, *, #332, .F. ) ;
#477 = AXIS2_PLACEMENT_3D ( 'NONE', #3268, #463, #3460 ) ;
#478 = ADVANCED_FACE ( 'NONE', ( #732 ), #2417, .T. ) ;
#479 = CARTESIAN_POINT ( 'NONE',  ( -13.49043161409842817, 10.00000000000009237, 108.0613750498019812 ) ) ;
#480 = EDGE_CURVE ( 'NONE', #397, #3187, #3457, .T. ) ;
#481 = CARTESIAN_POINT ( 'NONE',  ( 54.71727172824119378, 44.00000000000000000, 48.67115266204190505 ) ) ;
#482 = VERTEX_POINT ( 'NONE', #167 ) ;
#483 = DIRECTION ( 'NONE',  ( -0.000000000000000000, 1.000000000000000000, -0.000000000000000000 ) ) ;
#484 = EDGE_CURVE ( 'NONE', #1238, #3230, #2094, .T. ) ;
#485 = ORIENTED_EDGE ( 'NONE', *, *, #2821, .F. ) ;
#486 = LINE ( 'NONE', #1602, #2259 ) ;
#487 = CYLINDRICAL_SURFACE ( 'NONE', #1584, 120.0000000000000000 ) ;
#488 = DIRECTION ( 'NONE',  ( -0.000000000000000000, 1.000000000000000000, -0.000000000000000000 ) ) ;
#489 = AXIS2_PLACEMENT_3D ( 'NONE', #1783, #2886, #2109 ) ;
#490 = ORIENTED_EDGE ( 'NONE', *, *, #2150, .F. ) ;
#491 = VECTOR ( 'NONE', #1322, 1000.000000000000000 ) ;
#492 = CARTESIAN_POINT ( 'NONE',  ( 75.45000000000004547, 15.00000000000000000, 148.0500000000000682 ) ) ;
#493 = DIRECTION ( 'NONE',  ( 0.4226182617407042152, 0.000000000000000000, 0.9063077870366477162 ) ) ;
#494 = FACE_OUTER_BOUND ( 'NONE', #3320, .T. ) ;
#495 = ORIENTED_EDGE ( 'NONE', *, *, #1596, .F. ) ;
#496 = CARTESIAN_POINT ( 'NONE',  ( -46.49999999999996447, -8.099999999999999645, 75.50000000000002842 ) ) ;
#497 = FACE_OUTER_BOUND ( 'NONE', #134, .T. ) ;
#498 = ORIENTED_EDGE ( 'NONE', *, *, #2330, .F. ) ;
#499 = EDGE_CURVE ( 'NONE', #2913, #238, #3510, .T. ) ;
#500 = EDGE_CURVE ( 'NONE', #337, #150, #694, .T. ) ;
#501 = LINE ( 'NONE', #3552, #1120 ) ;
#502 = ORIENTED_EDGE ( 'NONE', *, *, #3166, .F. ) ;
#503 = CARTESIAN_POINT ( 'NONE',  ( 58.09821782216683062, 44.00000000000000000, 55.92161495833508411 ) ) ;
#504 = CYLINDRICAL_SURFACE ( 'NONE', #196, 1.799999999999996048 ) ;
#505 = CARTESIAN_POINT ( 'NONE',  ( 157.3593795075094874, -1.387778780781445676E-14, 0.8083517553976806713 ) ) ;
#506 = ORIENTED_EDGE ( 'NONE', *, *, #518, .T. ) ;
#507 = LINE ( 'NONE', #743, #3207 ) ;
#508 = CARTESIAN_POINT ( 'NONE',  ( 20.35000000000003340, 15.00000000000000000, 152.0000000000000853 ) ) ;
#509 = CARTESIAN_POINT ( 'NONE',  ( 20.35000000000003340, 15.00000000000000000, 132.0000000000000853 ) ) ;
#510 = VERTEX_POINT ( 'NONE', #993 ) ;
#511 = LINE ( 'NONE', #2019, #2026 ) ;
#512 = DIRECTION ( 'NONE',  ( -0.000000000000000000, -1.000000000000000000, -0.000000000000000000 ) ) ;
#513 = EDGE_CURVE ( 'NONE', #3372, #1138, #2143, .T. ) ;
#514 = ORIENTED_EDGE ( 'NONE', *, *, #1215, .T. ) ;
#515 = ORIENTED_EDGE ( 'NONE', *, *, #1309, .T. ) ;
#516 = DIRECTION ( 'NONE',  ( -0.4226182617407042152, 0.000000000000000000, -0.9063077870366477162 ) ) ;
#517 = DIRECTION ( 'NONE',  ( 0.000000000000000000, 0.000000000000000000, 1.000000000000000000 ) ) ;
#518 = EDGE_CURVE ( 'NONE', #1870, #553, #3264, .T. ) ;
#519 = ORIENTED_EDGE ( 'NONE', *, *, #813, .T. ) ;
#520 = FACE_OUTER_BOUND ( 'NONE', #3530, .T. ) ;
#521 = AXIS2_PLACEMENT_3D ( 'NONE', #1656, #1922, #1802 ) ;
#522 = CARTESIAN_POINT ( 'NONE',  ( -46.49999999999997868, -8.099999999999999645, 44.50000000000002842 ) ) ;
#523 = ORIENTED_EDGE ( 'NONE', *, *, #2949, .F. ) ;
#524 = DIRECTION ( 'NONE',  ( 0.000000000000000000, 0.000000000000000000, 1.000000000000000000 ) ) ;
#525 = FACE_BOUND ( 'NONE', #2378, .T. ) ;
#526 = VECTOR ( 'NONE', #2909, 1000.000000000000000 ) ;
#527 = LINE ( 'NONE', #1038, #697 ) ;
#528 = VECTOR ( 'NONE', #1541, 1000.000000000000000 ) ;
#529 = ADVANCED_FACE ( 'NONE', ( #2715 ), #22, .F. ) ;
#530 = ORIENTED_EDGE ( 'NONE', *, *, #2415, .F. ) ;
#531 = VERTEX_POINT ( 'NONE', #3547 ) ;
#532 = VECTOR ( 'NONE', #11, 1000.000000000000000 ) ;
#533 = CARTESIAN_POINT ( 'NONE',  ( 65.28272827175879911, 44.00000000000000000, 71.32884733795809495 ) ) ;
#534 = DIRECTION ( 'NONE',  ( -0.4226182617407042152, 0.000000000000000000, -0.9063077870366477162 ) ) ;
#535 = AXIS2_PLACEMENT_3D ( 'NONE', #809, #255, #1362 ) ;
#536 = VECTOR ( 'NONE', #3054, 1000.000000000000114 ) ;
#537 = ORIENTED_EDGE ( 'NONE', *, *, #3392, .T. ) ;
#538 = ORIENTED_EDGE ( 'NONE', *, *, #348, .T. ) ;
#539 = CARTESIAN_POINT ( 'NONE',  ( 61.90178217783316938, 44.00000000000000000, 64.07838504166491589 ) ) ;
#540 = DIRECTION ( 'NONE',  ( 0.4226182617407042708, 5.551115123125782702E-17, 0.9063077870366478273 ) ) ;
#541 = VERTEX_POINT ( 'NONE', #850 ) ;
#542 = FACE_OUTER_BOUND ( 'NONE', #183, .T. ) ;
#543 = CARTESIAN_POINT ( 'NONE',  ( 60.00000000000002842, -54.00000000000000000, 59.99999999999997158 ) ) ;
#544 = ORIENTED_EDGE ( 'NONE', *, *, #1967, .T. ) ;
#545 = ADVANCED_FACE ( 'NONE', ( #552 ), #268, .F. ) ;
#546 = DIRECTION ( 'NONE',  ( -1.000000000000000000, 0.000000000000000000, -1.387778780781445676E-15 ) ) ;
#547 = CARTESIAN_POINT ( 'NONE',  ( 84.29000000000004889, 0.000000000000000000, 147.9400000000000261 ) ) ;
#548 = DIRECTION ( 'NONE',  ( 0.4226182617407042152, -0.000000000000000000, 0.9063077870366477162 ) ) ;
#549 = ORIENTED_EDGE ( 'NONE', *, *, #1400, .F. ) ;
#550 = ORIENTED_EDGE ( 'NONE', *, *, #1186, .T. ) ;
#551 = DIRECTION ( 'NONE',  ( 0.000000000000000000, 1.000000000000000000, 0.000000000000000000 ) ) ;
#552 = FACE_OUTER_BOUND ( 'NONE', #3449, .T. ) ;
#553 = VERTEX_POINT ( 'NONE', #1919 ) ;
#554 = ORIENTED_EDGE ( 'NONE', *, *, #1620, .F. ) ;
#555 = DIRECTION ( 'NONE',  ( 0.000000000000000000, 1.000000000000000000, 0.000000000000000000 ) ) ;
#556 = DIRECTION ( 'NONE',  ( 0.000000000000000000, 0.000000000000000000, 1.000000000000000000 ) ) ;
#557 = ORIENTED_EDGE ( 'NONE', *, *, #1668, .T. ) ;
#558 = LINE ( 'NONE', #2222, #1456 ) ;
#559 = CARTESIAN_POINT ( 'NONE',  ( 132.5696339244413196, -8.099999999999999645, -61.81823553777257274 ) ) ;
#560 = CIRCLE ( 'NONE', #1501, 2.249999999999995115 ) ;
#561 = EDGE_CURVE ( 'NONE', #2770, #1540, #1230, .T. ) ;
#562 = ORIENTED_EDGE ( 'NONE', *, *, #3450, .F. ) ;
#563 = FACE_OUTER_BOUND ( 'NONE', #2848, .T. ) ;
#564 = CARTESIAN_POINT ( 'NONE',  ( -17.56657428299070389, 13.00000000000001421, 106.6519778351514560 ) ) ;
#565 = CARTESIAN_POINT ( 'NONE',  ( 136.2987194977686727, 13.00000000000001954, 10.62909880373873150 ) ) ;
#566 = EDGE_CURVE ( 'NONE', #1459, #618, #2969, .T. ) ;
#567 = ORIENTED_EDGE ( 'NONE', *, *, #596, .T. ) ;
#568 = VERTEX_POINT ( 'NONE', #1380 ) ;
#569 = CARTESIAN_POINT ( 'NONE',  ( -46.49999999999997868, -8.099999999999999645, 42.75000000000002132 ) ) ;
#570 = DIRECTION ( 'NONE',  ( 0.000000000000000000, 0.000000000000000000, 1.000000000000000000 ) ) ;
#571 = VERTEX_POINT ( 'NONE', #3070 ) ;
#572 = ORIENTED_EDGE ( 'NONE', *, *, #137, .T. ) ;
#573 = CARTESIAN_POINT ( 'NONE',  ( -32.42827182335510372, 0.000000000000000000, 108.0652116165941834 ) ) ;
#574 = CARTESIAN_POINT ( 'NONE',  ( 60.00000000000002842, -8.100000000000003197, 59.99999999999997158 ) ) ;
#575 = AXIS2_PLACEMENT_3D ( 'NONE', #3074, #2529, #3374 ) ;
#576 = ORIENTED_EDGE ( 'NONE', *, *, #2485, .F. ) ;
#577 = CARTESIAN_POINT ( 'NONE',  ( -23.48322994736059499, 13.00000000000001421, 93.96366881663831805 ) ) ;
#578 = LINE ( 'NONE', #313, #417 ) ;
#579 =( NAMED_UNIT ( * ) PLANE_ANGLE_UNIT ( ) SI_UNIT ( $, .RADIAN. ) );
#580 = EDGE_LOOP ( 'NONE', ( #269, #2342, #2346, #514 ) ) ;
#581 = CARTESIAN_POINT ( 'NONE',  ( 35.59948718080678276, 4.426212892130250308E-15, 76.34334662583040654 ) ) ;
#582 = DIRECTION ( 'NONE',  ( 0.9063077870366430533, -0.000000000000000000, -0.4226182617407142628 ) ) ;
#583 = CARTESIAN_POINT ( 'NONE',  ( 28.41497673121481071, 4.426212892130250308E-15, 60.93611424620740280 ) ) ;
#584 = ADVANCED_FACE ( 'NONE', ( #1940 ), #2236, .F. ) ;
#585 = ORIENTED_EDGE ( 'NONE', *, *, #346, .T. ) ;
#586 = ORIENTED_EDGE ( 'NONE', *, *, #1633, .T. ) ;
#587 = CIRCLE ( 'NONE', #2852, 1.699999999999979305 ) ;
#588 = DIRECTION ( 'NONE',  ( 0.000000000000000000, 0.000000000000000000, 1.000000000000000000 ) ) ;
#589 = VECTOR ( 'NONE', #3002, 1000.000000000000114 ) ;
#590 = AXIS2_PLACEMENT_3D ( 'NONE', #880, #3577, #1992 ) ;
#591 = CIRCLE ( 'NONE', #1528, 4.500000000000003553 ) ;
#592 = ORIENTED_EDGE ( 'NONE', *, *, #861, .T. ) ;
#593 = VECTOR ( 'NONE', #2495, 1000.000000000000114 ) ;
#594 = VECTOR ( 'NONE', #2338, 1000.000000000000000 ) ;
#595 = ORIENTED_EDGE ( 'NONE', *, *, #948, .T. ) ;
#596 = EDGE_CURVE ( 'NONE', #641, #2332, #3, .T. ) ;
#597 = DIRECTION ( 'NONE',  ( 0.4226182617407022724, 0.000000000000000000, 0.9063077870366486044 ) ) ;
#598 = AXIS2_PLACEMENT_3D ( 'NONE', #453, #488, #1552 ) ;
#599 = LINE ( 'NONE', #1162, #2002 ) ;
#600 = CIRCLE ( 'NONE', #3040, 115.0000000000000142 ) ;
#601 = VERTEX_POINT ( 'NONE', #805 ) ;
#602 = AXIS2_PLACEMENT_3D ( 'NONE', #2303, #80, #690 ) ;
#603 = EDGE_CURVE ( 'NONE', #750, #1598, #234, .T. ) ;
#604 = CARTESIAN_POINT ( 'NONE',  ( -39.61278227294707222, 0.000000000000000000, 92.65797923697117255 ) ) ;
#605 = VERTEX_POINT ( 'NONE', #2775 ) ;
#606 = FACE_OUTER_BOUND ( 'NONE', #901, .T. ) ;
#607 = FACE_OUTER_BOUND ( 'NONE', #2331, .T. ) ;
#608 = DIRECTION ( 'NONE',  ( 0.4226182617407042152, -0.000000000000000000, 0.9063077870366477162 ) ) ;
#609 = ORIENTED_EDGE ( 'NONE', *, *, #1711, .F. ) ;
#610 = ORIENTED_EDGE ( 'NONE', *, *, #3545, .T. ) ;
#611 = LINE ( 'NONE', #3087, #1103 ) ;
#612 = EDGE_LOOP ( 'NONE', ( #1628, #3520 ) ) ;
#613 = EDGE_CURVE ( 'NONE', #2559, #1093, #286, .T. ) ;
#614 = VERTEX_POINT ( 'NONE', #2198 ) ;
#615 = CARTESIAN_POINT ( 'NONE',  ( -21.14999999999995595, -8.099999999999999645, -0.000000000000000000 ) ) ;
#616 = CARTESIAN_POINT ( 'NONE',  ( 79.55000000000003979, 15.00000000000000000, 144.7000000000000739 ) ) ;
#617 = ADVANCED_FACE ( 'NONE', ( #1096 ), #3281, .T. ) ;
#618 = VERTEX_POINT ( 'NONE', #3338 ) ;
#619 = EDGE_CURVE ( 'NONE', #649, #639, #1705, .T. ) ;
#620 = DIRECTION ( 'NONE',  ( 0.000000000000000000, 1.000000000000000000, -0.000000000000000000 ) ) ;
#621 = CARTESIAN_POINT ( 'NONE',  ( 160.8624681285456859, -8.099999999999999645, 3.588346380062824803 ) ) ;
#622 = CARTESIAN_POINT ( 'NONE',  ( 84.29000000000004889, -8.099999999999999645, 147.9400000000000261 ) ) ;
#623 = CARTESIAN_POINT ( 'NONE',  ( 79.55000000000003979, 15.00000000000000000, 144.7000000000000739 ) ) ;
#624 = CARTESIAN_POINT ( 'NONE',  ( 161.5776640829198527, 0.000000000000000000, 26.42578132766905341 ) ) ;
#625 = AXIS2_PLACEMENT_3D ( 'NONE', #2322, #155, #3429 ) ;
#626 = ORIENTED_EDGE ( 'NONE', *, *, #3280, .T. ) ;
#627 = EDGE_LOOP ( 'NONE', ( #2580, #3024, #1227, #894 ) ) ;
#628 = DIRECTION ( 'NONE',  ( 0.000000000000000000, 0.000000000000000000, 1.000000000000000000 ) ) ;
#629 = ORIENTED_EDGE ( 'NONE', *, *, #3215, .F. ) ;
#630 = ORIENTED_EDGE ( 'NONE', *, *, #123, .F. ) ;
#631 = FACE_OUTER_BOUND ( 'NONE', #2489, .T. ) ;
#632 = EDGE_CURVE ( 'NONE', #1540, #2770, #1994, .T. ) ;
#633 = ORIENTED_EDGE ( 'NONE', *, *, #1264, .F. ) ;
#634 = EDGE_CURVE ( 'NONE', #3043, #218, #2215, .T. ) ;
#635 = DIRECTION ( 'NONE',  ( 0.000000000000000000, 0.000000000000000000, 1.000000000000000000 ) ) ;
#636 = CARTESIAN_POINT ( 'NONE',  ( 54.71727172824119378, 44.00000000000000000, 48.67115266204190505 ) ) ;
#637 = PLANE ( 'NONE',  #2058 ) ;
#638 = FACE_BOUND ( 'NONE', #1681, .T. ) ;
#639 = VERTEX_POINT ( 'NONE', #1858 ) ;
#640 = AXIS2_PLACEMENT_3D ( 'NONE', #1687, #1712, #3337 ) ;
#641 = VERTEX_POINT ( 'NONE', #3521 ) ;
#642 = DIRECTION ( 'NONE',  ( 6.938893903907232322E-16, -0.000000000000000000, -1.000000000000000000 ) ) ;
#643 = EDGE_CURVE ( 'NONE', #2332, #1059, #2389, .T. ) ;
#644 = VERTEX_POINT ( 'NONE', #469 ) ;
#645 = FACE_OUTER_BOUND ( 'NONE', #1163, .T. ) ;
#646 = VERTEX_POINT ( 'NONE', #1035 ) ;
#647 = CARTESIAN_POINT ( 'NONE',  ( 164.7614754378891178, -8.100000000000024514, 24.94114571072601905 ) ) ;
#648 = AXIS2_PLACEMENT_3D ( 'NONE', #1704, #1170, #3350 ) ;
#649 = VERTEX_POINT ( 'NONE', #2652 ) ;
#650 = VECTOR ( 'NONE', #876, 1000.000000000000000 ) ;
#651 = CARTESIAN_POINT ( 'NONE',  ( 85.29056348805619336, -52.77703045824108585, 61.99904055349524157 ) ) ;
#652 = AXIS2_PLACEMENT_3D ( 'NONE', #2383, #1533, #2660 ) ;
#653 = DIRECTION ( 'NONE',  ( 0.9063077870366477162, -0.000000000000000000, -0.4226182617407042152 ) ) ;
#654 = LINE ( 'NONE', #2284, #1350 ) ;
#655 = CARTESIAN_POINT ( 'NONE',  ( -15.49999999999997868, -8.099999999999999645, 42.75000000000002132 ) ) ;
#656 = CARTESIAN_POINT ( 'NONE',  ( 98.18376618407366152, -8.099999999999999645, 98.18376618407344836 ) ) ;
#657 = ORIENTED_EDGE ( 'NONE', *, *, #137, .F. ) ;
#658 = ADVANCED_FACE ( 'NONE', ( #194 ), #1827, .F. ) ;
#659 = ORIENTED_EDGE ( 'NONE', *, *, #2196, .T. ) ;
#660 = DIRECTION ( 'NONE',  ( 0.000000000000000000, 1.000000000000000000, -0.000000000000000000 ) ) ;
#661 = AXIS2_PLACEMENT_3D ( 'NONE', #1158, #2001, #2774 ) ;
#662 = ORIENTED_EDGE ( 'NONE', *, *, #2719, .T. ) ;
#663 = ORIENTED_EDGE ( 'NONE', *, *, #1512, .F. ) ;
#664 = DIRECTION ( 'NONE',  ( 0.9063077870366477162, 2.302730277845318263E-17, -0.4226182617407042152 ) ) ;
#665 = VECTOR ( 'NONE', #680, 1000.000000000000000 ) ;
#666 = ORIENTED_EDGE ( 'NONE', *, *, #561, .T. ) ;
#667 = PLANE ( 'NONE',  #477 ) ;
#668 = ORIENTED_EDGE ( 'NONE', *, *, #2460, .T. ) ;
#669 = DIRECTION ( 'NONE',  ( 0.4226182617407042708, 5.551115123125782702E-17, 0.9063077870366478273 ) ) ;
#670 = DIRECTION ( 'NONE',  ( -0.000000000000000000, -1.000000000000000000, -0.000000000000000000 ) ) ;
#671 = FACE_BOUND ( 'NONE', #2650, .T. ) ;
#672 = EDGE_CURVE ( 'NONE', #3110, #1945, #1606, .T. ) ;
#673 = VERTEX_POINT ( 'NONE', #456 ) ;
#674 = EDGE_LOOP ( 'NONE', ( #741, #3173 ) ) ;
#675 = CARTESIAN_POINT ( 'NONE',  ( 20.35000000000003340, 15.00000000000000000, 152.0000000000000853 ) ) ;
#676 = FACE_OUTER_BOUND ( 'NONE', #111, .T. ) ;
#677 = ADVANCED_FACE ( 'NONE', ( #2428 ), #3253, .F. ) ;
#678 = ORIENTED_EDGE ( 'NONE', *, *, #1201, .T. ) ;
#679 = AXIS2_PLACEMENT_3D ( 'NONE', #185, #2685, #2406 ) ;
#680 = DIRECTION ( 'NONE',  ( -0.000000000000000000, 1.000000000000000000, -0.000000000000000000 ) ) ;
#681 = EDGE_LOOP ( 'NONE', ( #3052, #3356, #1006, #3357 ) ) ;
#682 = DIRECTION ( 'NONE',  ( 0.000000000000000000, 0.000000000000000000, -1.000000000000000000 ) ) ;
#683 = DIRECTION ( 'NONE',  ( -1.000000000000000000, 0.000000000000000000, -0.000000000000000000 ) ) ;
#684 = DIRECTION ( 'NONE',  ( 0.000000000000000000, 1.000000000000000000, -0.000000000000000000 ) ) ;
#685 = CARTESIAN_POINT ( 'NONE',  ( -46.49999999999996447, -8.099999999999999645, 75.50000000000002842 ) ) ;
#686 = CARTESIAN_POINT ( 'NONE',  ( 0.000000000000000000, 0.000000000000000000, 180.0000000000000000 ) ) ;
#687 = EDGE_LOOP ( 'NONE', ( #3146, #595 ) ) ;
#688 = ORIENTED_EDGE ( 'NONE', *, *, #115, .F. ) ;
#689 = DIRECTION ( 'NONE',  ( 0.9063077870366477162, 0.000000000000000000, -0.4226182617407042708 ) ) ;
#690 = DIRECTION ( 'NONE',  ( 0.4226182617407042152, 0.000000000000000000, 0.9063077870366477162 ) ) ;
#691 = EDGE_LOOP ( 'NONE', ( #2734, #49, #774, #678 ) ) ;
#692 = CIRCLE ( 'NONE', #3089, 1.699999999999979305 ) ;
#693 = DIRECTION ( 'NONE',  ( 0.9063077870366478273, 0.000000000000000000, -0.4226182617407042708 ) ) ;
#694 = LINE ( 'NONE', #2641, #186 ) ;
#695 = EDGE_LOOP ( 'NONE', ( #2419, #1357 ) ) ;
#696 = EDGE_CURVE ( 'NONE', #3110, #1481, #1622, .T. ) ;
#697 = VECTOR ( 'NONE', #2157, 1000.000000000000000 ) ;
#698 = AXIS2_PLACEMENT_3D ( 'NONE', #446, #2161, #3229 ) ;
#699 = LINE ( 'NONE', #1255, #2810 ) ;
#700 = AXIS2_PLACEMENT_3D ( 'NONE', #3434, #369, #3136 ) ;
#701 = DIRECTION ( 'NONE',  ( 0.000000000000000000, 1.000000000000000000, -0.000000000000000000 ) ) ;
#702 = CIRCLE ( 'NONE', #1579, 2.249999999999995115 ) ;
#703 = VECTOR ( 'NONE', #670, 1000.000000000000000 ) ;
#704 = EDGE_CURVE ( 'NONE', #2977, #568, #591, .T. ) ;
#705 = CARTESIAN_POINT ( 'NONE',  ( 154.4687192971817922, 13.00000000000001954, 5.466422505484966443 ) ) ;
#706 = CARTESIAN_POINT ( 'NONE',  ( 65.28272827175879911, 44.00000000000000000, 71.32884733795809495 ) ) ;
#707 = CARTESIAN_POINT ( 'NONE',  ( 71.35000000000003695, 15.00000000000000000, 152.0000000000000853 ) ) ;
#708 = AXIS2_PLACEMENT_3D ( 'NONE', #1101, #1002, #2385 ) ;
#709 = AXIS2_PLACEMENT_3D ( 'NONE', #3529, #2941, #1580 ) ;
#710 = EDGE_LOOP ( 'NONE', ( #388, #3162 ) ) ;
#711 = DIRECTION ( 'NONE',  ( 0.000000000000000000, 0.000000000000000000, 1.000000000000000000 ) ) ;
#712 = PLANE ( 'NONE',  #26 ) ;
#713 = DIRECTION ( 'NONE',  ( 0.9063077870366477162, -0.000000000000000000, -0.4226182617407042152 ) ) ;
#714 = ORIENTED_EDGE ( 'NONE', *, *, #474, .T. ) ;
#715 = DIRECTION ( 'NONE',  ( 0.000000000000000000, 0.000000000000000000, 1.000000000000000000 ) ) ;
#716 = DIRECTION ( 'NONE',  ( -1.000000000000000000, 0.000000000000000000, 0.000000000000000000 ) ) ;
#717 = EDGE_CURVE ( 'NONE', #2868, #1080, #1842, .T. ) ;
#718 = ORIENTED_EDGE ( 'NONE', *, *, #2336, .F. ) ;
#719 = CARTESIAN_POINT ( 'NONE',  ( 132.1610810083448939, 8.579899218862056642, 12.55851131803390608 ) ) ;
#720 = EDGE_CURVE ( 'NONE', #338, #192, #1281, .T. ) ;
#721 = EDGE_CURVE ( 'NONE', #918, #3018, #1878, .T. ) ;
#722 = DIRECTION ( 'NONE',  ( 0.000000000000000000, 1.000000000000000000, -0.000000000000000000 ) ) ;
#723 = DIRECTION ( 'NONE',  ( 0.4226182617407042152, -0.000000000000000000, 0.9063077870366477162 ) ) ;
#724 = DIRECTION ( 'NONE',  ( -2.590202418016783620E-18, -1.000000000000000000, -6.004194730106474119E-17 ) ) ;
#725 = DIRECTION ( 'NONE',  ( 0.6511327143160607900, -0.6955832962520925866, -0.3036281711608342371 ) ) ;
#726 = VERTEX_POINT ( 'NONE', #1007 ) ;
#727 = DIRECTION ( 'NONE',  ( -0.9063077870366477162, -2.302730277845318263E-17, 0.4226182617407042152 ) ) ;
#728 = DIRECTION ( 'NONE',  ( 0.000000000000000000, 0.000000000000000000, -1.000000000000000000 ) ) ;
#729 = CYLINDRICAL_SURFACE ( 'NONE', #23, 1.750000000000001554 ) ;
#730 = ORIENTED_EDGE ( 'NONE', *, *, #2464, .T. ) ;
#731 = LINE ( 'NONE', #1626, #3283 ) ;
#732 = FACE_OUTER_BOUND ( 'NONE', #1977, .T. ) ;
#733 = VECTOR ( 'NONE', #2306, 1000.000000000000000 ) ;
#734 = ORIENTED_EDGE ( 'NONE', *, *, #2689, .F. ) ;
#735 = CARTESIAN_POINT ( 'NONE',  ( 31.79592282514044754, -8.099999999999999645, 68.18657654250058897 ) ) ;
#736 = LINE ( 'NONE', #1851, #2199 ) ;
#737 = EDGE_CURVE ( 'NONE', #2447, #1861, #1318, .T. ) ;
#738 = EDGE_CURVE ( 'NONE', #1509, #1025, #2690, .T. ) ;
#739 = DIRECTION ( 'NONE',  ( 0.000000000000000000, 1.000000000000000000, 0.000000000000000000 ) ) ;
#740 = DIRECTION ( 'NONE',  ( 0.4226182617407042708, 5.551115123125782702E-17, 0.9063077870366478273 ) ) ;
#741 = ORIENTED_EDGE ( 'NONE', *, *, #2794, .T. ) ;
#742 = EDGE_CURVE ( 'NONE', #618, #1459, #249, .T. ) ;
#743 = CARTESIAN_POINT ( 'NONE',  ( 79.55000000000003979, 0.000000000000000000, 152.0000000000000853 ) ) ;
#744 = CARTESIAN_POINT ( 'NONE',  ( 28.41497673121481071, 0.000000000000000000, 60.93611424620739569 ) ) ;
#745 = CARTESIAN_POINT ( 'NONE',  ( 7.500000000000034639, -8.099999999999999645, 0.000000000000000000 ) ) ;
#746 = EDGE_LOOP ( 'NONE', ( #1677, #1116 ) ) ;
#747 = EDGE_CURVE ( 'NONE', #3029, #1921, #1554, .T. ) ;
#748 = CARTESIAN_POINT ( 'NONE',  ( -32.38428896356404607, 10.00000000000009948, 116.8717254239460033 ) ) ;
#749 = FACE_OUTER_BOUND ( 'NONE', #752, .T. ) ;
#750 = VERTEX_POINT ( 'NONE', #2950 ) ;
#751 = LINE ( 'NONE', #184, #1713 ) ;
#752 = EDGE_LOOP ( 'NONE', ( #2984, #2756, #714, #3161 ) ) ;
#753 = CARTESIAN_POINT ( 'NONE',  ( 111.7511259472106246, -8.099999999999999645, 133.4346666692570125 ) ) ;
#754 = VECTOR ( 'NONE', #1407, 1000.000000000000000 ) ;
#755 = AXIS2_PLACEMENT_3D ( 'NONE', #2329, #2345, #689 ) ;
#756 = LINE ( 'NONE', #1003, #1239 ) ;
#757 = CARTESIAN_POINT ( 'NONE',  ( 80.43733984420275362, -29.04654185054197058, -6.405404158432048689 ) ) ;
#758 = VECTOR ( 'NONE', #2693, 1000.000000000000000 ) ;
#759 = AXIS2_PLACEMENT_3D ( 'NONE', #2104, #3208, #1828 ) ;
#760 = VECTOR ( 'NONE', #1223, 1000.000000000000000 ) ;
#761 = ORIENTED_EDGE ( 'NONE', *, *, #3176, .T. ) ;
#762 = CARTESIAN_POINT ( 'NONE',  ( -11.77133829043442681, -2.143131898507868297E-16, 131.7713382904347270 ) ) ;
#763 = DIRECTION ( 'NONE',  ( -0.000000000000000000, -1.000000000000000000, -0.000000000000000000 ) ) ;
#764 = AXIS2_PLACEMENT_3D ( 'NONE', #2171, #724, #3271 ) ;
#765 = LINE ( 'NONE', #3004, #995 ) ;
#766 = EDGE_CURVE ( 'NONE', #644, #3387, #2166, .T. ) ;
#767 = EDGE_CURVE ( 'NONE', #2451, #1393, #702, .T. ) ;
#768 = ORIENTED_EDGE ( 'NONE', *, *, #1327, .T. ) ;
#769 = AXIS2_PLACEMENT_3D ( 'NONE', #719, #2167, #169 ) ;
#770 = CARTESIAN_POINT ( 'NONE',  ( 103.6960218784329868, -8.099999999999999645, 116.1604402483384035 ) ) ;
#771 = FACE_OUTER_BOUND ( 'NONE', #2038, .T. ) ;
#772 = ORIENTED_EDGE ( 'NONE', *, *, #2179, .F. ) ;
#773 = DIRECTION ( 'NONE',  ( 0.000000000000000000, 0.000000000000000000, 1.000000000000000000 ) ) ;
#774 = ORIENTED_EDGE ( 'NONE', *, *, #500, .T. ) ;
#775 = AXIS2_PLACEMENT_3D ( 'NONE', #43, #551, #2542 ) ;
#776 = DIRECTION ( 'NONE',  ( 0.7758616689591322224, -0.5710263835072973970, 0.2682676648023885058 ) ) ;
#777 = CARTESIAN_POINT ( 'NONE',  ( 21.81623381592653743, 0.000000000000000000, 98.18376618407364731 ) ) ;
#778 = LINE ( 'NONE', #3503, #362 ) ;
#779 = EDGE_LOOP ( 'NONE', ( #1492, #610, #3144, #1269, #3128, #1531, #2989 ) ) ;
#780 = CIRCLE ( 'NONE', #908, 1.750000000000001554 ) ;
#781 = DIRECTION ( 'NONE',  ( 0.000000000000000000, 0.000000000000000000, 1.000000000000000000 ) ) ;
#782 = FACE_OUTER_BOUND ( 'NONE', #2816, .T. ) ;
#783 = DIRECTION ( 'NONE',  ( 0.9063077870366477162, -0.000000000000000000, -0.4226182617407042152 ) ) ;
#784 = EDGE_CURVE ( 'NONE', #44, #2902, #2739, .T. ) ;
#785 = VERTEX_POINT ( 'NONE', #983 ) ;
#786 = EDGE_CURVE ( 'NONE', #785, #1588, #507, .T. ) ;
#787 = DIRECTION ( 'NONE',  ( 0.000000000000000000, 1.000000000000000000, 0.000000000000000000 ) ) ;
#788 = CARTESIAN_POINT ( 'NONE',  ( 65.28272827175879911, 44.00000000000000000, 71.32884733795809495 ) ) ;
#789 = EDGE_LOOP ( 'NONE', ( #2334, #3508, #2807, #1132 ) ) ;
#790 = DIRECTION ( 'NONE',  ( 0.000000000000000000, 0.000000000000000000, 1.000000000000000000 ) ) ;
#791 = CIRCLE ( 'NONE', #2137, 1.750000000000001554 ) ;
#792 = DIRECTION ( 'NONE',  ( 0.000000000000000000, 0.000000000000000000, 1.000000000000000000 ) ) ;
#793 = VERTEX_POINT ( 'NONE', #1435 ) ;
#794 = CYLINDRICAL_SURFACE ( 'NONE', #3358, 2.249999999999995115 ) ;
#795 = EDGE_CURVE ( 'NONE', #2961, #2902, #3062, .T. ) ;
#796 = DIRECTION ( 'NONE',  ( 0.000000000000000000, 0.000000000000000000, 1.000000000000000000 ) ) ;
#797 = CYLINDRICAL_SURFACE ( 'NONE', #598, 4.500000000000003553 ) ;
#798 = ORIENTED_EDGE ( 'NONE', *, *, #2392, .F. ) ;
#799 = PLANE ( 'NONE',  #1000 ) ;
#800 = DIRECTION ( 'NONE',  ( 0.9063077870366477162, 0.000000000000000000, -0.4226182617407042708 ) ) ;
#801 = FACE_OUTER_BOUND ( 'NONE', #1092, .T. ) ;
#802 = VERTEX_POINT ( 'NONE', #1353 ) ;
#803 = ORIENTED_EDGE ( 'NONE', *, *, #2110, .T. ) ;
#804 = LINE ( 'NONE', #3494, #2075 ) ;
#805 = CARTESIAN_POINT ( 'NONE',  ( 75.45000000000004547, 15.00000000000000000, 149.8500000000000796 ) ) ;
#806 = VECTOR ( 'NONE', #957, 1000.000000000000000 ) ;
#807 = ORIENTED_EDGE ( 'NONE', *, *, #634, .T. ) ;
#808 = ORIENTED_EDGE ( 'NONE', *, *, #2903, .F. ) ;
#809 = CARTESIAN_POINT ( 'NONE',  ( 0.000000000000000000, 15.00000000000000000, 0.000000000000000000 ) ) ;
#810 = ADVANCED_FACE ( 'NONE', ( #315 ), #799, .F. ) ;
#811 = DIRECTION ( 'NONE',  ( 0.9063077870366478273, 0.000000000000000000, -0.4226182617407042708 ) ) ;
#812 = VECTOR ( 'NONE', #1975, 1000.000000000000000 ) ;
#813 = EDGE_CURVE ( 'NONE', #3437, #2784, #3034, .T. ) ;
#814 = ORIENTED_EDGE ( 'NONE', *, *, #227, .F. ) ;
#815 = CARTESIAN_POINT ( 'NONE',  ( 112.5000000000000426, -8.099999999999999645, 180.0000000000000000 ) ) ;
#816 = CARTESIAN_POINT ( 'NONE',  ( 162.4984662702551930, 13.00000000000001954, 22.68627045918130847 ) ) ;
#817 = ORIENTED_EDGE ( 'NONE', *, *, #3017, .T. ) ;
#818 = AXIS2_PLACEMENT_3D ( 'NONE', #2956, #3526, #1307 ) ;
#819 = CARTESIAN_POINT ( 'NONE',  ( 131.7713382904344144, -8.099999999999999645, -11.77133829043473412 ) ) ;
#820 = FACE_BOUND ( 'NONE', #1099, .T. ) ;
#821 = AXIS2_PLACEMENT_3D ( 'NONE', #2211, #2768, #2015 ) ;
#822 = DIRECTION ( 'NONE',  ( 0.4226182617407042152, 0.000000000000000000, 0.9063077870366477162 ) ) ;
#823 = AXIS2_PLACEMENT_3D ( 'NONE', #2360, #162, #425 ) ;
#824 = ORIENTED_EDGE ( 'NONE', *, *, #2246, .T. ) ;
#825 = VERTEX_POINT ( 'NONE', #1722 ) ;
#826 = CIRCLE ( 'NONE', #3486, 1.750000000000001554 ) ;
#827 = AXIS2_PLACEMENT_3D ( 'NONE', #262, #2748, #244 ) ;
#828 = VECTOR ( 'NONE', #2908, 1000.000000000000000 ) ;
#829 = FACE_OUTER_BOUND ( 'NONE', #1768, .T. ) ;
#830 = DIRECTION ( 'NONE',  ( 0.000000000000000000, 0.000000000000000000, 1.000000000000000000 ) ) ;
#831 = VECTOR ( 'NONE', #1164, 1000.000000000000114 ) ;
#832 = ORIENTED_EDGE ( 'NONE', *, *, #3465, .F. ) ;
#833 = ORIENTED_EDGE ( 'NONE', *, *, #1936, .F. ) ;
#834 = CYLINDRICAL_SURFACE ( 'NONE', #2298, 2.250000000000001776 ) ;
#835 = CARTESIAN_POINT ( 'NONE',  ( -15.49999999999996447, 0.000000000000000000, 77.25000000000002842 ) ) ;
#836 = ADVANCED_FACE ( 'NONE', ( #606 ), #1150, .F. ) ;
#837 = VERTEX_POINT ( 'NONE', #1664 ) ;
#838 = CARTESIAN_POINT ( 'NONE',  ( 162.6750837026189629, -25.00000000000000000, 2.743109856581420036 ) ) ;
#839 = ADVANCED_FACE ( 'NONE', ( #563 ), #2466, .F. ) ;
#840 = DIRECTION ( 'NONE',  ( 0.000000000000000000, 1.000000000000000000, -0.000000000000000000 ) ) ;
#841 = EDGE_CURVE ( 'NONE', #882, #3524, #363, .T. ) ;
#842 = ORIENTED_EDGE ( 'NONE', *, *, #2649, .F. ) ;
#843 = CARTESIAN_POINT ( 'NONE',  ( 79.55000000000003979, -8.099999999999999645, 144.7000000000000739 ) ) ;
#844 = CARTESIAN_POINT ( 'NONE',  ( 98.18376618407366152, -8.099999999999999645, 95.93376618407343415 ) ) ;
#845 = FACE_OUTER_BOUND ( 'NONE', #681, .T. ) ;
#846 = ORIENTED_EDGE ( 'NONE', *, *, #1610, .F. ) ;
#847 = ORIENTED_EDGE ( 'NONE', *, *, #270, .F. ) ;
#848 = CARTESIAN_POINT ( 'NONE',  ( 71.35000000000003695, 15.00000000000000000, 152.0000000000000853 ) ) ;
#849 = VECTOR ( 'NONE', #2974, 1000.000000000000000 ) ;
#850 = CARTESIAN_POINT ( 'NONE',  ( 142.7265375518624637, 8.579899218862021115, 35.21620599395011197 ) ) ;
#851 = EDGE_LOOP ( 'NONE', ( #392, #2880, #2543, #519 ) ) ;
#852 = EDGE_LOOP ( 'NONE', ( #462, #341, #3567, #3081 ) ) ;
#853 = DIRECTION ( 'NONE',  ( 0.000000000000000000, 0.000000000000000000, 1.000000000000000000 ) ) ;
#854 = CYLINDRICAL_SURFACE ( 'NONE', #1710, 1.699999999999979305 ) ;
#855 = VERTEX_POINT ( 'NONE', #843 ) ;
#856 = EDGE_CURVE ( 'NONE', #3524, #2752, #2191, .T. ) ;
#857 = FACE_OUTER_BOUND ( 'NONE', #2919, .T. ) ;
#858 = CIRCLE ( 'NONE', #969, 1.799999999999996048 ) ;
#859 = ADVANCED_FACE ( 'NONE', ( #2518 ), #878, .F. ) ;
#860 = EDGE_LOOP ( 'NONE', ( #1917, #1574 ) ) ;
#861 = EDGE_CURVE ( 'NONE', #2591, #2232, #3258, .T. ) ;
#862 = DIRECTION ( 'NONE',  ( 0.000000000000000000, 0.000000000000000000, 1.000000000000000000 ) ) ;
#863 = FACE_BOUND ( 'NONE', #2234, .T. ) ;
#864 = LINE ( 'NONE', #1725, #3260 ) ;
#865 = ORIENTED_EDGE ( 'NONE', *, *, #221, .T. ) ;
#866 = EDGE_CURVE ( 'NONE', #793, #3056, #692, .T. ) ;
#867 = ORIENTED_EDGE ( 'NONE', *, *, #1121, .F. ) ;
#868 = CIRCLE ( 'NONE', #2893, 2.249999999999998668 ) ;
#869 = CARTESIAN_POINT ( 'NONE',  ( -42.49846627025514323, 13.00000000000001599, 97.31372954081876969 ) ) ;
#870 = ORIENTED_EDGE ( 'NONE', *, *, #1673, .T. ) ;
#871 = ADVANCED_FACE ( 'NONE', ( #2209 ), #2249, .F. ) ;
#872 = ORIENTED_EDGE ( 'NONE', *, *, #1264, .T. ) ;
#873 = DIRECTION ( 'NONE',  ( 0.000000000000000000, 1.000000000000000000, 0.000000000000000000 ) ) ;
#874 = DIRECTION ( 'NONE',  ( 0.000000000000000000, 0.000000000000000000, 1.000000000000000000 ) ) ;
#875 = AXIS2_PLACEMENT_3D ( 'NONE', #2832, #339, #79 ) ;
#876 = DIRECTION ( 'NONE',  ( 0.000000000000000000, 1.000000000000000000, 0.000000000000000000 ) ) ;
#877 = ORIENTED_EDGE ( 'NONE', *, *, #2943, .F. ) ;
#878 = CYLINDRICAL_SURFACE ( 'NONE', #3431, 1.699999999999979305 ) ;
#879 = DIRECTION ( 'NONE',  ( 0.000000000000000000, 1.000000000000000000, 0.000000000000000000 ) ) ;
#880 = CARTESIAN_POINT ( 'NONE',  ( 75.45000000000004547, 15.00000000000000000, 148.0500000000000682 ) ) ;
#881 = ORIENTED_EDGE ( 'NONE', *, *, #3133, .T. ) ;
#882 = VERTEX_POINT ( 'NONE', #1933 ) ;
#883 = AXIS2_PLACEMENT_3D ( 'NONE', #3064, #2251, #1739 ) ;
#884 = CIRCLE ( 'NONE', #2733, 1.699999999999979305 ) ;
#885 = DIRECTION ( 'NONE',  ( -0.000000000000000000, -1.000000000000000000, -0.000000000000000000 ) ) ;
#886 = EDGE_CURVE ( 'NONE', #2724, #1605, #418, .T. ) ;
#887 = EDGE_LOOP ( 'NONE', ( #1222, #1742 ) ) ;
#888 = CIRCLE ( 'NONE', #2516, 1.750000000000001554 ) ;
#889 = AXIS2_PLACEMENT_3D ( 'NONE', #581, #3310, #3348 ) ;
#890 = ORIENTED_EDGE ( 'NONE', *, *, #2791, .F. ) ;
#891 = CARTESIAN_POINT ( 'NONE',  ( 35.59948718080678276, 13.00000000000001599, 76.34334662583040654 ) ) ;
#892 = DIRECTION ( 'NONE',  ( 0.4226182617407042708, 5.551115123125782702E-17, 0.9063077870366478273 ) ) ;
#893 = AXIS2_PLACEMENT_3D ( 'NONE', #2979, #483, #1600 ) ;
#894 = ORIENTED_EDGE ( 'NONE', *, *, #429, .F. ) ;
#895 = VECTOR ( 'NONE', #3175, 1000.000000000000227 ) ;
#896 = CARTESIAN_POINT ( 'NONE',  ( 131.7713382904346986, -2.143131898507868297E-16, 131.7713382904344144 ) ) ;
#897 = ORIENTED_EDGE ( 'NONE', *, *, #3410, .T. ) ;
#898 = LINE ( 'NONE', #3135, #1980 ) ;
#899 = CARTESIAN_POINT ( 'NONE',  ( -41.14999999999996305, -25.00000000000000000, 23.85000000000002274 ) ) ;
#900 = CYLINDRICAL_SURFACE ( 'NONE', #821, 48.00000000000001421 ) ;
#901 = EDGE_LOOP ( 'NONE', ( #877, #2760, #1714, #2831 ) ) ;
#902 = ORIENTED_EDGE ( 'NONE', *, *, #1668, .F. ) ;
#903 = LINE ( 'NONE', #2814, #223 ) ;
#904 = ORIENTED_EDGE ( 'NONE', *, *, #2269, .F. ) ;
#905 = EDGE_CURVE ( 'NONE', #2615, #954, #75, .T. ) ;
#906 = VERTEX_POINT ( 'NONE', #2228 ) ;
#907 = FACE_OUTER_BOUND ( 'NONE', #2318, .T. ) ;
#908 = AXIS2_PLACEMENT_3D ( 'NONE', #496, #3025, #1026 ) ;
#909 = CARTESIAN_POINT ( 'NONE',  ( 103.6960218784329868, 1.347111479062085841E-15, 117.8604402483384064 ) ) ;
#910 = ORIENTED_EDGE ( 'NONE', *, *, #1325, .T. ) ;
#911 = CARTESIAN_POINT ( 'NONE',  ( 168.0469785781376402, -25.00000000000000000, 18.99557875968588050 ) ) ;
#912 = DIRECTION ( 'NONE',  ( 0.000000000000000000, 0.000000000000000000, 1.000000000000000000 ) ) ;
#913 = ADVANCED_FACE ( 'NONE', ( #1701 ), #1989, .F. ) ;
#914 = DIRECTION ( 'NONE',  ( 0.9063077870366477162, 0.000000000000000000, -0.4226182617407042708 ) ) ;
#915 = CARTESIAN_POINT ( 'NONE',  ( 21.81623381592637756, -8.099999999999999645, 24.06623381592651256 ) ) ;
#916 = VECTOR ( 'NONE', #3413, 1000.000000000000000 ) ;
#917 = ORIENTED_EDGE ( 'NONE', *, *, #94, .F. ) ;
#918 = VERTEX_POINT ( 'NONE', #3365 ) ;
#919 = CARTESIAN_POINT ( 'NONE',  ( 28.55000000000004690, 15.00000000000000000, 132.0000000000000853 ) ) ;
#920 = EDGE_CURVE ( 'NONE', #2770, #101, #3105, .T. ) ;
#921 = EDGE_LOOP ( 'NONE', ( #2113, #1655, #3492, #1691 ) ) ;
#922 = CARTESIAN_POINT ( 'NONE',  ( 162.9497455070816443, 10.00000000000007283, 25.78596925197017953 ) ) ;
#923 = ORIENTED_EDGE ( 'NONE', *, *, #784, .T. ) ;
#924 = FACE_OUTER_BOUND ( 'NONE', #3131, .T. ) ;
#925 = ORIENTED_EDGE ( 'NONE', *, *, #2473, .T. ) ;
#926 = EDGE_CURVE ( 'NONE', #1238, #1674, #2446, .T. ) ;
#927 = DIRECTION ( 'NONE',  ( 0.000000000000000000, 1.000000000000000000, 0.000000000000000000 ) ) ;
#928 = EDGE_CURVE ( 'NONE', #750, #2884, #898, .T. ) ;
#929 = LINE ( 'NONE', #2855, #391 ) ;
#930 = DIRECTION ( 'NONE',  ( 0.000000000000000000, 0.000000000000000000, -1.000000000000000000 ) ) ;
#931 = DIRECTION ( 'NONE',  ( 0.000000000000000000, 0.000000000000000000, 1.000000000000000000 ) ) ;
#932 = EDGE_LOOP ( 'NONE', ( #243, #2362, #609, #3422 ) ) ;
#933 = VERTEX_POINT ( 'NONE', #68 ) ;
#934 = DIRECTION ( 'NONE',  ( -1.000000000000000000, 0.000000000000000000, 0.000000000000000000 ) ) ;
#935 = EDGE_LOOP ( 'NONE', ( #357, #3419 ) ) ;
#936 = VECTOR ( 'NONE', #2975, 1000.000000000000000 ) ;
#937 = ORIENTED_EDGE ( 'NONE', *, *, #1857, .T. ) ;
#938 = CARTESIAN_POINT ( 'NONE',  ( 28.41497673121481071, 10.00000000000004263, 60.93611424620740280 ) ) ;
#939 = AXIS2_PLACEMENT_3D ( 'NONE', #3435, #1500, #1208 ) ;
#940 = VECTOR ( 'NONE', #2449, 1000.000000000000000 ) ;
#941 = AXIS2_PLACEMENT_3D ( 'NONE', #3366, #1990, #3106 ) ;
#942 = VERTEX_POINT ( 'NONE', #2585 ) ;
#943 = AXIS2_PLACEMENT_3D ( 'NONE', #1314, #3518, #2133 ) ;
#944 = EDGE_CURVE ( 'NONE', #2021, #2863, #2030, .T. ) ;
#945 = CARTESIAN_POINT ( 'NONE',  ( 161.5776640829198527, 0.000000000000000000, 26.42578132766905341 ) ) ;
#946 = CIRCLE ( 'NONE', #35, 1.750000000000001554 ) ;
#947 = CYLINDRICAL_SURFACE ( 'NONE', #3068, 113.0000000000000142 ) ;
#948 = EDGE_CURVE ( 'NONE', #1543, #2237, #2277, .T. ) ;
#949 = CARTESIAN_POINT ( 'NONE',  ( -11.77133829043442681, -8.099999999999999645, 136.2713382904347270 ) ) ;
#950 = EDGE_CURVE ( 'NONE', #644, #906, #3414, .T. ) ;
#951 = DIRECTION ( 'NONE',  ( 0.9063077870366477162, 0.000000000000000000, -0.4226182617407042152 ) ) ;
#952 = FACE_BOUND ( 'NONE', #935, .T. ) ;
#953 = ORIENTED_EDGE ( 'NONE', *, *, #1688, .T. ) ;
#954 = VERTEX_POINT ( 'NONE', #347 ) ;
#955 = LINE ( 'NONE', #3188, #2108 ) ;
#956 = EDGE_LOOP ( 'NONE', ( #2163, #213, #355, #2059, #3578, #1460, #3191, #5, #1809, #3370, #1063, #917 ) ) ;
#957 = DIRECTION ( 'NONE',  ( -0.000000000000000000, -0.000000000000000000, -1.000000000000000000 ) ) ;
#958 = ORIENTED_EDGE ( 'NONE', *, *, #3511, .T. ) ;
#959 = DIRECTION ( 'NONE',  ( 0.4226182617407042152, 0.000000000000000000, 0.9063077870366477162 ) ) ;
#960 = VECTOR ( 'NONE', #2060, 1000.000000000000114 ) ;
#961 = EDGE_CURVE ( 'NONE', #2980, #337, #654, .T. ) ;
#962 = LINE ( 'NONE', #2584, #2027 ) ;
#963 = DIRECTION ( 'NONE',  ( 0.9063077870366477162, 0.000000000000000000, -0.4226182617407042708 ) ) ;
#964 = CARTESIAN_POINT ( 'NONE',  ( 28.41497673121481071, 4.426212892130250308E-15, 60.93611424620740280 ) ) ;
#965 = CARTESIAN_POINT ( 'NONE',  ( -14.97051311273115637, 13.00000000000001421, 105.4414146304205815 ) ) ;
#966 = ORIENTED_EDGE ( 'NONE', *, *, #2897, .T. ) ;
#967 = ORIENTED_EDGE ( 'NONE', *, *, #3428, .T. ) ;
#968 = DIRECTION ( 'NONE',  ( 0.000000000000000000, 1.000000000000000000, -0.000000000000000000 ) ) ;
#969 = AXIS2_PLACEMENT_3D ( 'NONE', #1498, #2029, #224 ) ;
#970 = CARTESIAN_POINT ( 'NONE',  ( 133.8981677183994634, -8.099999999999988987, 30.50591910461857736 ) ) ;
#971 = EDGE_CURVE ( 'NONE', #605, #646, #1707, .T. ) ;
#972 = ORIENTED_EDGE ( 'NONE', *, *, #2879, .T. ) ;
#973 = DIRECTION ( 'NONE',  ( 0.000000000000000000, 0.000000000000000000, 1.000000000000000000 ) ) ;
#974 = CARTESIAN_POINT ( 'NONE',  ( 84.29000000000004889, 1.347111479062085841E-15, 147.9400000000000261 ) ) ;
#975 = EDGE_CURVE ( 'NONE', #646, #1097, #3055, .T. ) ;
#976 = EDGE_LOOP ( 'NONE', ( #235, #1426, #3096, #1431 ) ) ;
#977 = DIRECTION ( 'NONE',  ( 0.9063077870366477162, -0.000000000000000000, -0.4226182617407042152 ) ) ;
#978 = CARTESIAN_POINT ( 'NONE',  ( 24.45000000000004192, 15.00000000000000000, 137.7500000000000853 ) ) ;
#979 = DIRECTION ( 'NONE',  ( -0.000000000000000000, 1.000000000000000000, -0.000000000000000000 ) ) ;
#980 = DIRECTION ( 'NONE',  ( 0.000000000000000000, 0.000000000000000000, 1.000000000000000000 ) ) ;
#981 = DIRECTION ( 'NONE',  ( 0.000000000000000000, 1.000000000000000000, -0.000000000000000000 ) ) ;
#982 = ORIENTED_EDGE ( 'NONE', *, *, #975, .T. ) ;
#983 = CARTESIAN_POINT ( 'NONE',  ( 79.55000000000003979, 0.000000000000000000, 152.0000000000000853 ) ) ;
#984 = MANIFOLD_SOLID_BREP ( 'Taglio-Estrusione7', #1145 ) ;
#985 = CYLINDRICAL_SURFACE ( 'NONE', #759, 1.750000000000001554 ) ;
#986 = CARTESIAN_POINT ( 'NONE',  ( 152.4282718233551179, 0.000000000000000000, 11.93478838340582904 ) ) ;
#987 = EDGE_CURVE ( 'NONE', #3458, #837, #368, .T. ) ;
#988 = VERTEX_POINT ( 'NONE', #949 ) ;
#989 = ADVANCED_FACE ( 'NONE', ( #2307 ), #1516, .F. ) ;
#990 = AXIS2_PLACEMENT_3D ( 'NONE', #3399, #1753, #1484 ) ;
#991 = LINE ( 'NONE', #1495, #344 ) ;
#992 = ADVANCED_FACE ( 'NONE', ( #3446 ), #1451, .T. ) ;
#993 = CARTESIAN_POINT ( 'NONE',  ( -31.01220753940225805, -1.387778780781445676E-14, 116.2319133482471472 ) ) ;
#994 = ORIENTED_EDGE ( 'NONE', *, *, #1825, .F. ) ;
#995 = VECTOR ( 'NONE', #1320, 1000.000000000000000 ) ;
#996 = CARTESIAN_POINT ( 'NONE',  ( 131.7713382904344144, -2.143131898507868297E-16, -7.271338290434730567 ) ) ;
#997 = AXIS2_PLACEMENT_3D ( 'NONE', #2590, #404, #1249 ) ;
#998 = AXIS2_PLACEMENT_3D ( 'NONE', #2705, #2387, #2723 ) ;
#999 = DIRECTION ( 'NONE',  ( 0.9063077870366477162, 0.000000000000000000, -0.4226182617407042708 ) ) ;
#1000 = AXIS2_PLACEMENT_3D ( 'NONE', #1682, #546, #38 ) ;
#1001 = AXIS2_PLACEMENT_3D ( 'NONE', #2596, #1513, #2305 ) ;
#1002 = DIRECTION ( 'NONE',  ( -0.000000000000000000, -1.000000000000000000, 0.000000000000000000 ) ) ;
#1003 = CARTESIAN_POINT ( 'NONE',  ( -15.54202710227052364, 8.579899218862053090, 100.1910263856729273 ) ) ;
#1004 = CARTESIAN_POINT ( 'NONE',  ( -15.49999999999996447, -8.099999999999999645, 77.25000000000002842 ) ) ;
#1005 = AXIS2_PLACEMENT_3D ( 'NONE', #2186, #30, #309 ) ;
#1006 = ORIENTED_EDGE ( 'NONE', *, *, #1512, .T. ) ;
#1007 = CARTESIAN_POINT ( 'NONE',  ( 98.18376618407366152, 0.000000000000000000, 95.93376618407343415 ) ) ;
#1008 = CARTESIAN_POINT ( 'NONE',  ( 54.71727172824119378, 44.00000000000000000, 48.67115266204190505 ) ) ;
#1009 = FACE_OUTER_BOUND ( 'NONE', #852, .T. ) ;
#1010 = ORIENTED_EDGE ( 'NONE', *, *, #950, .T. ) ;
#1011 = FACE_OUTER_BOUND ( 'NONE', #1916, .T. ) ;
#1012 = DIRECTION ( 'NONE',  ( 0.9063077870366477162, 0.000000000000000000, -0.4226182617407042152 ) ) ;
#1013 = EDGE_CURVE ( 'NONE', #1921, #164, #2907, .T. ) ;
#1014 = VERTEX_POINT ( 'NONE', #2185 ) ;
#1015 = VECTOR ( 'NONE', #3193, 1000.000000000000000 ) ;
#1016 = DIRECTION ( 'NONE',  ( 0.000000000000000000, 1.000000000000000000, -0.000000000000000000 ) ) ;
#1017 = EDGE_CURVE ( 'NONE', #1232, #3405, #3197, .T. ) ;
#1018 = CARTESIAN_POINT ( 'NONE',  ( -28.08441194834550458, 20.74102271661619312, 103.0152525500362941 ) ) ;
#1019 = CARTESIAN_POINT ( 'NONE',  ( 35.59948718080678276, -8.099999999999999645, 76.34334662583040654 ) ) ;
#1020 = EDGE_CURVE ( 'NONE', #482, #2608, #3462, .T. ) ;
#1021 = ORIENTED_EDGE ( 'NONE', *, *, #747, .F. ) ;
#1022 = DIRECTION ( 'NONE',  ( 0.000000000000000000, 1.000000000000000000, -0.000000000000000000 ) ) ;
#1023 = CARTESIAN_POINT ( 'NONE',  ( 28.55000000000003268, 15.00000000000000000, 152.0000000000000853 ) ) ;
#1024 = CARTESIAN_POINT ( 'NONE',  ( -15.49999999999997868, -8.099999999999999645, 44.50000000000002842 ) ) ;
#1025 = VERTEX_POINT ( 'NONE', #419 ) ;
#1026 = DIRECTION ( 'NONE',  ( 0.000000000000000000, 0.000000000000000000, 1.000000000000000000 ) ) ;
#1027 = CARTESIAN_POINT ( 'NONE',  ( 60.00000000000002842, -8.100000000000003197, 107.9999999999999858 ) ) ;
#1028 = ORIENTED_EDGE ( 'NONE', *, *, #306, .F. ) ;
#1029 = CARTESIAN_POINT ( 'NONE',  ( 98.18376618407349099, -8.099999999999999645, 19.56623381592630651 ) ) ;
#1030 = ORIENTED_EDGE ( 'NONE', *, *, #856, .F. ) ;
#1031 = CARTESIAN_POINT ( 'NONE',  ( -11.77133829043442681, -8.099999999999999645, 131.7713382904347270 ) ) ;
#1032 = ADVANCED_FACE ( 'NONE', ( #2370 ), #2929, .T. ) ;
#1033 = DIRECTION ( 'NONE',  ( 0.000000000000000000, 1.000000000000000000, -0.000000000000000000 ) ) ;
#1034 = VERTEX_POINT ( 'NONE', #1383 ) ;
#1035 = CARTESIAN_POINT ( 'NONE',  ( 152.3842889635640176, 9.999999999999987566, 3.128274576054010492 ) ) ;
#1036 = CARTESIAN_POINT ( 'NONE',  ( 21.81623381592637756, -8.099999999999999645, 19.56623381592651612 ) ) ;
#1037 = VECTOR ( 'NONE', #873, 1000.000000000000000 ) ;
#1038 = CARTESIAN_POINT ( 'NONE',  ( -3.269953752216286501E-15, -8.099999999999999645, 18.85000000000002984 ) ) ;
#1039 = ORIENTED_EDGE ( 'NONE', *, *, #3222, .T. ) ;
#1040 = LINE ( 'NONE', #2675, #2699 ) ;
#1041 = DIRECTION ( 'NONE',  ( 0.2932093137472657762, 0.5710263835072939553, -0.7667836511496827212 ) ) ;
#1042 = ORIENTED_EDGE ( 'NONE', *, *, #3425, .F. ) ;
#1043 = CARTESIAN_POINT ( 'NONE',  ( 24.45000000000004192, 0.000000000000000000, 148.0500000000000966 ) ) ;
#1044 = ORIENTED_EDGE ( 'NONE', *, *, #1013, .F. ) ;
#1045 = DIRECTION ( 'NONE',  ( -0.000000000000000000, -1.000000000000000000, -0.000000000000000000 ) ) ;
#1046 = EDGE_CURVE ( 'NONE', #3466, #1546, #2102, .T. ) ;
#1047 = VECTOR ( 'NONE', #1041, 1000.000000000000000 ) ;
#1048 = AXIS2_PLACEMENT_3D ( 'NONE', #508, #1072, #2429 ) ;
#1049 = CARTESIAN_POINT ( 'NONE',  ( -15.49999999999997868, -8.099999999999999645, 42.75000000000002132 ) ) ;
#1050 = DIRECTION ( 'NONE',  ( 0.000000000000000000, 0.000000000000000000, 1.000000000000000000 ) ) ;
#1051 = VECTOR ( 'NONE', #1298, 1000.000000000000114 ) ;
#1052 = ADVANCED_FACE ( 'NONE', ( #1837 ), #1566, .F. ) ;
#1053 = ORIENTED_EDGE ( 'NONE', *, *, #856, .T. ) ;
#1054 = AXIS2_PLACEMENT_3D ( 'NONE', #242, #740, #3221 ) ;
#1055 = DIRECTION ( 'NONE',  ( 0.000000000000000000, 0.000000000000000000, 1.000000000000000000 ) ) ;
#1056 = DIRECTION ( 'NONE',  ( -0.6511327143160607900, 0.6955832962520925866, 0.3036281711608342371 ) ) ;
#1057 = AXIS2_PLACEMENT_3D ( 'NONE', #2352, #2904, #682 ) ;
#1058 = DIRECTION ( 'NONE',  ( 0.4226182617407042708, 5.551115123125782702E-17, 0.9063077870366478273 ) ) ;
#1059 = VERTEX_POINT ( 'NONE', #3501 ) ;
#1060 = VECTOR ( 'NONE', #2105, 1000.000000000000000 ) ;
#1061 = CARTESIAN_POINT ( 'NONE',  ( -34.46871929718172822, 13.00000000000001599, 114.5335774945151570 ) ) ;
#1062 = CARTESIAN_POINT ( 'NONE',  ( 65.28272827175879911, 44.00000000000000000, 71.32884733795809495 ) ) ;
#1063 = ORIENTED_EDGE ( 'NONE', *, *, #409, .T. ) ;
#1064 = DIRECTION ( 'NONE',  ( 0.000000000000000000, 0.000000000000000000, 1.000000000000000000 ) ) ;
#1065 = DIRECTION ( 'NONE',  ( 0.000000000000000000, 0.000000000000000000, 1.000000000000000000 ) ) ;
#1066 = ORIENTED_EDGE ( 'NONE', *, *, #738, .T. ) ;
#1067 = CARTESIAN_POINT ( 'NONE',  ( 61.90178217783316938, 44.00000000000000000, 64.07838504166491589 ) ) ;
#1068 = LINE ( 'NONE', #1641, #532 ) ;
#1069 = DIRECTION ( 'NONE',  ( 0.000000000000000000, -0.000000000000000000, -1.000000000000000000 ) ) ;
#1070 = ORIENTED_EDGE ( 'NONE', *, *, #429, .T. ) ;
#1071 = CARTESIAN_POINT ( 'NONE',  ( 75.45000000000004547, 0.000000000000000000, 148.0500000000000682 ) ) ;
#1072 = DIRECTION ( 'NONE',  ( 0.000000000000000000, 0.000000000000000000, -1.000000000000000000 ) ) ;
#1073 = LINE ( 'NONE', #2140, #758 ) ;
#1074 = AXIS2_PLACEMENT_3D ( 'NONE', #533, #267, #2991 ) ;
#1075 = EDGE_LOOP ( 'NONE', ( #1214, #659, #3309, #1122 ) ) ;
#1076 = DIRECTION ( 'NONE',  ( 0.000000000000000000, 1.000000000000000000, -0.000000000000000000 ) ) ;
#1077 = EDGE_CURVE ( 'NONE', #918, #427, #2562, .T. ) ;
#1078 = DIRECTION ( 'NONE',  ( 0.000000000000000000, 1.000000000000000000, -0.000000000000000000 ) ) ;
#1079 = ORIENTED_EDGE ( 'NONE', *, *, #1967, .F. ) ;
#1080 = VERTEX_POINT ( 'NONE', #3219 ) ;
#1081 = DIRECTION ( 'NONE',  ( -0.9063077870366476052, 0.000000000000000000, 0.4226182617407042708 ) ) ;
#1082 = CARTESIAN_POINT ( 'NONE',  ( 76.23489593122241104, 0.000000000000000000, 130.6657735790814456 ) ) ;
#1083 = ADVANCED_FACE ( 'NONE', ( #3199 ), #1537, .F. ) ;
#1084 = ORIENTED_EDGE ( 'NONE', *, *, #3407, .T. ) ;
#1085 = CYLINDRICAL_SURFACE ( 'NONE', #1272, 95.00000000000001421 ) ;
#1086 = AXIS2_PLACEMENT_3D ( 'NONE', #3039, #3057, #2743 ) ;
#1087 = DIRECTION ( 'NONE',  ( -0.000000000000000000, 1.000000000000000000, -0.000000000000000000 ) ) ;
#1088 = EDGE_LOOP ( 'NONE', ( #772, #3125, #2057, #626 ) ) ;
#1089 = CARTESIAN_POINT ( 'NONE',  ( 76.23489593122241104, 1.347111479062085841E-15, 130.6657735790814456 ) ) ;
#1090 = FACE_BOUND ( 'NONE', #2936, .T. ) ;
#1091 = FACE_OUTER_BOUND ( 'NONE', #2247, .T. ) ;
#1092 = EDGE_LOOP ( 'NONE', ( #1757, #3369, #3476, #390 ) ) ;
#1093 = VERTEX_POINT ( 'NONE', #172 ) ;
#1094 = EDGE_CURVE ( 'NONE', #145, #2615, #2758, .T. ) ;
#1095 = CARTESIAN_POINT ( 'NONE',  ( -42.66320946896863830, 11.99586915098775641, 96.28261474945858822 ) ) ;
#1096 = FACE_OUTER_BOUND ( 'NONE', #378, .T. ) ;
#1097 = VERTEX_POINT ( 'NONE', #705 ) ;
#1098 = EDGE_CURVE ( 'NONE', #2870, #287, #435, .T. ) ;
#1099 = EDGE_LOOP ( 'NONE', ( #2588, #3373 ) ) ;
#1100 = EDGE_CURVE ( 'NONE', #2884, #1401, #1550, .T. ) ;
#1101 = CARTESIAN_POINT ( 'NONE',  ( 24.45000000000004192, 0.000000000000000000, 135.9500000000001023 ) ) ;
#1102 = LINE ( 'NONE', #1693, #536 ) ;
#1103 = VECTOR ( 'NONE', #588, 1000.000000000000000 ) ;
#1104 = EDGE_LOOP ( 'NONE', ( #1621, #2772, #657, #1042 ) ) ;
#1105 = DIRECTION ( 'NONE',  ( 0.000000000000000000, 0.000000000000000000, 1.000000000000000000 ) ) ;
#1106 = DIRECTION ( 'NONE',  ( 0.000000000000000000, 1.000000000000000000, 0.000000000000000000 ) ) ;
#1107 = APPLICATION_PROTOCOL_DEFINITION ( 'draft international standard', 'automotive_design', 1998, #1649 ) ;
#1108 = EDGE_LOOP ( 'NONE', ( #2602, #2500 ) ) ;
#1109 = DIRECTION ( 'NONE',  ( -0.000000000000000000, 1.000000000000000000, -0.000000000000000000 ) ) ;
#1110 = FACE_OUTER_BOUND ( 'NONE', #691, .T. ) ;
#1111 = CIRCLE ( 'NONE', #411, 4.499999999999998224 ) ;
#1112 = LINE ( 'NONE', #350, #3317 ) ;
#1113 = AXIS2_PLACEMENT_3D ( 'NONE', #1334, #3224, #3275 ) ;
#1114 = AXIS2_PLACEMENT_3D ( 'NONE', #3160, #660, #2636 ) ;
#1115 = ORIENTED_EDGE ( 'NONE', *, *, #1855, .F. ) ;
#1116 = ORIENTED_EDGE ( 'NONE', *, *, #1777, .T. ) ;
#1117 = VECTOR ( 'NONE', #2325, 1000.000000000000000 ) ;
#1118 = LINE ( 'NONE', #848, #1424 ) ;
#1119 = CARTESIAN_POINT ( 'NONE',  ( 76.23489593122241104, -8.099999999999999645, 130.6657735790814456 ) ) ;
#1120 = VECTOR ( 'NONE', #1342, 1000.000000000000000 ) ;
#1121 = EDGE_CURVE ( 'NONE', #531, #2469, #2294, .T. ) ;
#1122 = ORIENTED_EDGE ( 'NONE', *, *, #2960, .T. ) ;
#1123 = VERTEX_POINT ( 'NONE', #2944 ) ;
#1124 = CARTESIAN_POINT ( 'NONE',  ( -46.49999999999996447, 0.000000000000000000, 77.25000000000002842 ) ) ;
#1125 = CARTESIAN_POINT ( 'NONE',  ( -41.14999999999995595, 0.000000000000000000, 18.85000000000002274 ) ) ;
#1126 = EDGE_CURVE ( 'NONE', #218, #2688, #88, .T. ) ;
#1127 = EDGE_CURVE ( 'NONE', #468, #3351, #3480, .T. ) ;
#1128 = ORIENTED_EDGE ( 'NONE', *, *, #32, .T. ) ;
#1129 = CARTESIAN_POINT ( 'NONE',  ( 143.1891832733234651, 12.68587977491879926, 26.17344739932023145 ) ) ;
#1130 = DIRECTION ( 'NONE',  ( 0.000000000000000000, 0.000000000000000000, -1.000000000000000000 ) ) ;
#1131 = ADVANCED_FACE ( 'NONE', ( #187, #1631 ), #1297, .F. ) ;
#1132 = ORIENTED_EDGE ( 'NONE', *, *, #2819, .F. ) ;
#1133 = DIRECTION ( 'NONE',  ( 0.000000000000000000, 0.000000000000000000, 1.000000000000000000 ) ) ;
#1134 = DIRECTION ( 'NONE',  ( 0.9063077870366477162, -0.000000000000000000, -0.4226182617407042152 ) ) ;
#1135 = FACE_OUTER_BOUND ( 'NONE', #1877, .T. ) ;
#1136 = EDGE_CURVE ( 'NONE', #1997, #3134, #3568, .T. ) ;
#1137 = ORIENTED_EDGE ( 'NONE', *, *, #2990, .F. ) ;
#1138 = VERTEX_POINT ( 'NONE', #1461 ) ;
#1139 = CARTESIAN_POINT ( 'NONE',  ( -15.49999999999996447, 0.000000000000000000, 73.75000000000002842 ) ) ;
#1140 = EDGE_LOOP ( 'NONE', ( #265, #2076, #3504, #57 ) ) ;
#1141 = ORIENTED_EDGE ( 'NONE', *, *, #2771, .T. ) ;
#1142 = CARTESIAN_POINT ( 'NONE',  ( -15.49999999999996447, -8.099999999999999645, 73.75000000000002842 ) ) ;
#1143 = DIRECTION ( 'NONE',  ( -0.000000000000000000, 1.000000000000000000, -0.000000000000000000 ) ) ;
#1144 = VERTEX_POINT ( 'NONE', #1124 ) ;
#1145 = CLOSED_SHELL ( 'NONE', ( #1573, #2299, #1838, #407, #859, #2764, #584, #3324, #1083, #1218, #839, #3298, #2836, #3424, #327, #2351, #3088, #3340, #2054, #1358, #3090, #2206, #1898, #2859, #3302, #18, #2747, #545, #299, #1032, #436, #1993, #3368, #2323, #1876, #2023, #913, #1515, #2716, #1817, #1258, #3497, #1149, #1640, #3179, #836, #1052, #3452, #1190, #2426, #2834, #342, #2796, #2005, #1131, #2582, #2291, #1735, #3252, #658, #2315, #3012, #3153, #1904, #217, #1341, #1244, #3058, #1953, #1662, #478, #2178, #2045, #2572, #871, #1445, #285, #617, #2923, #3528, #442, #1419, #529, #2645, #2396, #1171, #1811, #98, #2700, #677, #992, #2926, #3514, #1888, #2676, #77, #2114, #2149, #810, #989, #2487, #2128, #371, #450, #2159, #1151 ) ) ;
#1146 = EDGE_CURVE ( 'NONE', #1598, #2016, #143, .T. ) ;
#1147 = DIRECTION ( 'NONE',  ( 0.000000000000000000, 0.000000000000000000, 1.000000000000000000 ) ) ;
#1148 = ORIENTED_EDGE ( 'NONE', *, *, #866, .T. ) ;
#1149 = ADVANCED_FACE ( 'NONE', ( #358 ), #834, .F. ) ;
#1150 = CYLINDRICAL_SURFACE ( 'NONE', #827, 4.500000000000003553 ) ;
#1151 = ADVANCED_FACE ( 'NONE', ( #1428 ), #1675, .F. ) ;
#1152 = LINE ( 'NONE', #39, #1868 ) ;
#1153 = AXIS2_PLACEMENT_3D ( 'NONE', #1821, #1312, #2996 ) ;
#1154 = CARTESIAN_POINT ( 'NONE',  ( -34.19601889437152664, -8.099999999999996092, 117.7165489651901709 ) ) ;
#1155 = ORIENTED_EDGE ( 'NONE', *, *, #221, .F. ) ;
#1156 = ORIENTED_EDGE ( 'NONE', *, *, #3250, .T. ) ;
#1157 = AXIS2_PLACEMENT_3D ( 'NONE', #3554, #3326, #2188 ) ;
#1158 = CARTESIAN_POINT ( 'NONE',  ( 0.000000000000000000, 0.000000000000000000, 0.000000000000000000 ) ) ;
#1159 = ORIENTED_EDGE ( 'NONE', *, *, #1165, .T. ) ;
#1160 = ORIENTED_EDGE ( 'NONE', *, *, #737, .T. ) ;
#1161 = CARTESIAN_POINT ( 'NONE',  ( -11.77133829043469682, 0.000000000000000000, -11.77133829043443214 ) ) ;
#1162 = CARTESIAN_POINT ( 'NONE',  ( 84.29000000000004889, 0.000000000000000000, 149.6399999999999864 ) ) ;
#1163 = EDGE_LOOP ( 'NONE', ( #2033, #2524, #1893, #1141 ) ) ;
#1164 = DIRECTION ( 'NONE',  ( -0.6511327143160626774, -0.6955832962520901441, 0.3036281711608351808 ) ) ;
#1165 = EDGE_CURVE ( 'NONE', #3524, #882, #2405, .T. ) ;
#1166 = ORIENTED_EDGE ( 'NONE', *, *, #3347, .F. ) ;
#1167 = VECTOR ( 'NONE', #2407, 1000.000000000000000 ) ;
#1168 = DIRECTION ( 'NONE',  ( 0.000000000000000000, 1.000000000000000000, 0.000000000000000000 ) ) ;
#1169 = FACE_BOUND ( 'NONE', #1756, .T. ) ;
#1170 = DIRECTION ( 'NONE',  ( 0.000000000000000000, 0.000000000000000000, 1.000000000000000000 ) ) ;
#1171 = ADVANCED_FACE ( 'NONE', ( #28 ), #2581, .T. ) ;
#1172 = AXIS2_PLACEMENT_3D ( 'NONE', #1259, #2662, #1064 ) ;
#1173 = VERTEX_POINT ( 'NONE', #2006 ) ;
#1174 = EDGE_LOOP ( 'NONE', ( #2004, #180, #1066, #2948, #261 ) ) ;
#1175 = AXIS2_PLACEMENT_3D ( 'NONE', #1845, #3255, #1591 ) ;
#1176 = AXIS2_PLACEMENT_3D ( 'NONE', #1959, #1900, #1612 ) ;
#1177 = CARTESIAN_POINT ( 'NONE',  ( 112.5000000000000426, 0.000000000000000000, 180.0000000000000000 ) ) ;
#1178 = AXIS2_PLACEMENT_3D ( 'NONE', #547, #316, #1683 ) ;
#1179 = AXIS2_PLACEMENT_3D ( 'NONE', #1265, #3238, #2374 ) ;
#1180 = EDGE_LOOP ( 'NONE', ( #2272, #2169, #1044, #872 ) ) ;
#1181 = VECTOR ( 'NONE', #739, 1000.000000000000000 ) ;
#1182 = ORIENTED_EDGE ( 'NONE', *, *, #1715, .T. ) ;
#1183 = LINE ( 'NONE', #2302, #3080 ) ;
#1184 = CARTESIAN_POINT ( 'NONE',  ( 84.29000000000004889, 1.347111479062085841E-15, 147.9400000000000261 ) ) ;
#1185 = CIRCLE ( 'NONE', #893, 1.699999999999979305 ) ;
#1186 = EDGE_CURVE ( 'NONE', #2971, #2965, #63, .T. ) ;
#1187 = ORIENTED_EDGE ( 'NONE', *, *, #2927, .F. ) ;
#1188 = LINE ( 'NONE', #2028, #2115 ) ;
#1189 = DIRECTION ( 'NONE',  ( -0.000000000000000000, -1.000000000000000000, -0.000000000000000000 ) ) ;
#1190 = ADVANCED_FACE ( 'NONE', ( #46 ), #2560, .F. ) ;
#1191 = CARTESIAN_POINT ( 'NONE',  ( -15.49999999999997868, -8.099999999999999645, 44.50000000000002842 ) ) ;
#1192 = FACE_BOUND ( 'NONE', #131, .T. ) ;
#1193 = EDGE_LOOP ( 'NONE', ( #3339, #2255 ) ) ;
#1194 = ORIENTED_EDGE ( 'NONE', *, *, #227, .T. ) ;
#1195 = PRODUCT ( 'ELP-0045', 'ELP-0045', '', ( #1949 ) ) ;
#1196 = CYLINDRICAL_SURFACE ( 'NONE', #823, 115.0000000000000142 ) ;
#1197 = AXIS2_PLACEMENT_3D ( 'NONE', #2871, #394, #3145 ) ;
#1198 = ORIENTED_EDGE ( 'NONE', *, *, #3440, .F. ) ;
#1199 = CARTESIAN_POINT ( 'NONE',  ( 31.79592282514044754, 4.426212892130250308E-15, 68.18657654250058897 ) ) ;
#1200 = ORIENTED_EDGE ( 'NONE', *, *, #3465, .T. ) ;
#1201 = EDGE_CURVE ( 'NONE', #150, #2238, #1962, .T. ) ;
#1202 = CARTESIAN_POINT ( 'NONE',  ( 131.7713382904344144, -8.099999999999999645, -11.77133829043473412 ) ) ;
#1203 = ORIENTED_EDGE ( 'NONE', *, *, #2154, .F. ) ;
#1204 = DIRECTION ( 'NONE',  ( 0.4226182617407042152, -0.000000000000000000, 0.9063077870366477162 ) ) ;
#1205 = ORIENTED_EDGE ( 'NONE', *, *, #499, .F. ) ;
#1206 = FILL_AREA_STYLE ('',( #3168 ) ) ;
#1207 = CARTESIAN_POINT ( 'NONE',  ( 7.500000000000034639, -8.099999999999999645, 180.0000000000000000 ) ) ;
#1208 = DIRECTION ( 'NONE',  ( 0.000000000000000000, 0.000000000000000000, 1.000000000000000000 ) ) ;
#1209 = VECTOR ( 'NONE', #2384, 1000.000000000000114 ) ;
#1210 = ORIENTED_EDGE ( 'NONE', *, *, #1126, .F. ) ;
#1211 = EDGE_LOOP ( 'NONE', ( #3139, #1441 ) ) ;
#1212 = PRODUCT_DEFINITION_CONTEXT ( 'detailed design', #1831, 'design' ) ;
#1213 = CARTESIAN_POINT ( 'NONE',  ( 21.81623381592637756, 0.000000000000000000, 24.06623381592651256 ) ) ;
#1214 = ORIENTED_EDGE ( 'NONE', *, *, #1615, .T. ) ;
#1215 = EDGE_CURVE ( 'NONE', #2868, #2343, #323, .T. ) ;
#1216 = ORIENTED_EDGE ( 'NONE', *, *, #1430, .F. ) ;
#1217 = DIRECTION ( 'NONE',  ( -0.000000000000000000, -1.000000000000000000, -0.000000000000000000 ) ) ;
#1218 = ADVANCED_FACE ( 'NONE', ( #907 ), #1731, .F. ) ;
#1219 = EDGE_LOOP ( 'NONE', ( #485, #523 ) ) ;
#1220 = EDGE_CURVE ( 'NONE', #1973, #1861, #102, .T. ) ;
#1221 = PLANE ( 'NONE',  #3381 ) ;
#1222 = ORIENTED_EDGE ( 'NONE', *, *, #619, .T. ) ;
#1223 = DIRECTION ( 'NONE',  ( -1.000000000000000000, -0.000000000000000000, -1.734723475976807094E-16 ) ) ;
#1224 = DIRECTION ( 'NONE',  ( -0.000000000000000000, 1.000000000000000000, -0.000000000000000000 ) ) ;
#1225 = DIRECTION ( 'NONE',  ( 0.000000000000000000, 0.000000000000000000, 1.000000000000000000 ) ) ;
#1226 = ORIENTED_EDGE ( 'NONE', *, *, #2460, .F. ) ;
#1227 = ORIENTED_EDGE ( 'NONE', *, *, #2552, .F. ) ;
#1228 = DIRECTION ( 'NONE',  ( 0.9063077870366477162, -0.000000000000000000, -0.4226182617407042152 ) ) ;
#1229 = ORIENTED_EDGE ( 'NONE', *, *, #2244, .T. ) ;
#1230 = CIRCLE ( 'NONE', #3028, 1.799999999999996048 ) ;
#1231 = VECTOR ( 'NONE', #763, 1000.000000000000000 ) ;
#1232 = VERTEX_POINT ( 'NONE', #573 ) ;
#1233 = CARTESIAN_POINT ( 'NONE',  ( 24.45000000000004192, 15.00000000000000000, 135.9500000000001023 ) ) ;
#1234 = VECTOR ( 'NONE', #2413, 1000.000000000000000 ) ;
#1235 = EDGE_CURVE ( 'NONE', #1546, #1658, #288, .T. ) ;
#1236 = CIRCLE ( 'NONE', #1931, 1.750000000000001554 ) ;
#1237 =( GEOMETRIC_REPRESENTATION_CONTEXT ( 3 ) GLOBAL_UNCERTAINTY_ASSIGNED_CONTEXT ( ( #2691 ) ) GLOBAL_UNIT_ASSIGNED_CONTEXT ( ( #329, #2044, #2324 ) ) REPRESENTATION_CONTEXT ( 'NONE', 'WORKASPACE' ) );
#1238 = VERTEX_POINT ( 'NONE', #2797 ) ;
#1239 = VECTOR ( 'NONE', #3248, 1000.000000000000114 ) ;
#1240 = CARTESIAN_POINT ( 'NONE',  ( -21.14999999999995595, -25.00000000000000000, 18.85000000000002629 ) ) ;
#1241 = AXIS2_PLACEMENT_3D ( 'NONE', #3165, #620, #1734 ) ;
#1242 = FACE_OUTER_BOUND ( 'NONE', #932, .T. ) ;
#1243 = DIRECTION ( 'NONE',  ( 1.734723475976807094E-16, 0.000000000000000000, -1.000000000000000000 ) ) ;
#1244 = ADVANCED_FACE ( 'NONE', ( #631 ), #1978, .F. ) ;
#1245 = DIRECTION ( 'NONE',  ( 0.000000000000000000, 1.000000000000000000, 0.000000000000000000 ) ) ;
#1246 = DIRECTION ( 'NONE',  ( -0.000000000000000000, -1.000000000000000000, -0.000000000000000000 ) ) ;
#1247 = ORIENTED_EDGE ( 'NONE', *, *, #348, .F. ) ;
#1248 = ORIENTED_EDGE ( 'NONE', *, *, #1560, .T. ) ;
#1249 = DIRECTION ( 'NONE',  ( 0.000000000000000000, 0.000000000000000000, 1.000000000000000000 ) ) ;
#1250 = EDGE_CURVE ( 'NONE', #3115, #2332, #1183, .T. ) ;
#1251 = CARTESIAN_POINT ( 'NONE',  ( 131.7713382904346986, -2.143131898507868297E-16, 136.2713382904344144 ) ) ;
#1252 = DIRECTION ( 'NONE',  ( 0.000000000000000000, 0.000000000000000000, 1.000000000000000000 ) ) ;
#1253 = DIRECTION ( 'NONE',  ( 0.4226182617407042152, 5.551115123125782086E-17, 0.9063077870366477162 ) ) ;
#1254 = ORIENTED_EDGE ( 'NONE', *, *, #2649, .T. ) ;
#1255 = CARTESIAN_POINT ( 'NONE',  ( 103.6960218784329868, 0.000000000000000000, 119.5604402483383950 ) ) ;
#1256 = VECTOR ( 'NONE', #3473, 1000.000000000000000 ) ;
#1257 = CARTESIAN_POINT ( 'NONE',  ( 79.55000000000003979, 15.00000000000000000, 152.0000000000000853 ) ) ;
#1258 = ADVANCED_FACE ( 'NONE', ( #2850 ), #1943, .F. ) ;
#1259 = CARTESIAN_POINT ( 'NONE',  ( -11.77133829043469682, 0.000000000000000000, -11.77133829043443214 ) ) ;
#1260 = CARTESIAN_POINT ( 'NONE',  ( 65.28272827175879911, 44.00000000000000000, 71.32884733795809495 ) ) ;
#1261 = FACE_BOUND ( 'NONE', #789, .T. ) ;
#1262 = EDGE_CURVE ( 'NONE', #3043, #3318, #3472, .T. ) ;
#1263 = ORIENTED_EDGE ( 'NONE', *, *, #2804, .T. ) ;
#1264 = EDGE_CURVE ( 'NONE', #1921, #2366, #991, .T. ) ;
#1265 = CARTESIAN_POINT ( 'NONE',  ( -15.49999999999997868, 0.000000000000000000, 44.50000000000002842 ) ) ;
#1266 = FACE_OUTER_BOUND ( 'NONE', #3092, .T. ) ;
#1267 = CIRCLE ( 'NONE', #3292, 2.250000000000001776 ) ;
#1268 = CARTESIAN_POINT ( 'NONE',  ( 0.000000000000000000, 15.00000000000000000, 0.000000000000000000 ) ) ;
#1269 = ORIENTED_EDGE ( 'NONE', *, *, #1748, .F. ) ;
#1270 = VECTOR ( 'NONE', #3246, 1000.000000000000000 ) ;
#1271 = CARTESIAN_POINT ( 'NONE',  ( 168.0469785781376402, 0.000000000000000000, 18.99557875968588050 ) ) ;
#1272 = AXIS2_PLACEMENT_3D ( 'NONE', #1067, #1908, #2579 ) ;
#1273 = LINE ( 'NONE', #1597, #20 ) ;
#1274 = ORIENTED_EDGE ( 'NONE', *, *, #1748, .T. ) ;
#1275 = CARTESIAN_POINT ( 'NONE',  ( 24.45000000000004192, 0.000000000000000000, 137.7500000000000853 ) ) ;
#1276 = LINE ( 'NONE', #1018, #2195 ) ;
#1277 = DIRECTION ( 'NONE',  ( 0.4226182617407042708, 5.551115123125782702E-17, 0.9063077870366478273 ) ) ;
#1278 = DIRECTION ( 'NONE',  ( 0.000000000000000000, 1.000000000000000000, 0.000000000000000000 ) ) ;
#1279 = LINE ( 'NONE', #757, #1421 ) ;
#1280 = ORIENTED_EDGE ( 'NONE', *, *, #1487, .F. ) ;
#1281 = LINE ( 'NONE', #3487, #3151 ) ;
#1282 = CARTESIAN_POINT ( 'NONE',  ( 71.35000000000003695, 0.000000000000000000, 136.7000000000000739 ) ) ;
#1283 = DIRECTION ( 'NONE',  ( -1.000000000000000000, -0.000000000000000000, -0.000000000000000000 ) ) ;
#1284 = EDGE_CURVE ( 'NONE', #192, #482, #181, .T. ) ;
#1285 = CIRCLE ( 'NONE', #640, 1.750000000000001554 ) ;
#1286 = ORIENTED_EDGE ( 'NONE', *, *, #1430, .T. ) ;
#1287 = DIRECTION ( 'NONE',  ( 0.4226182617407042708, 5.551115123125782702E-17, 0.9063077870366478273 ) ) ;
#1288 = DIRECTION ( 'NONE',  ( 0.000000000000000000, 1.000000000000000000, -0.000000000000000000 ) ) ;
#1289 = AXIS2_PLACEMENT_3D ( 'NONE', #2380, #1253, #1012 ) ;
#1290 = EDGE_LOOP ( 'NONE', ( #842, #1205, #25, #1778, #95, #1791, #2017, #3336 ) ) ;
#1291 = CIRCLE ( 'NONE', #939, 2.250000000000001776 ) ;
#1292 = DIRECTION ( 'NONE',  ( 0.000000000000000000, 0.000000000000000000, 1.000000000000000000 ) ) ;
#1293 = VECTOR ( 'NONE', #1228, 1000.000000000000114 ) ;
#1294 = EDGE_CURVE ( 'NONE', #1080, #2021, #2938, .T. ) ;
#1295 = AXIS2_PLACEMENT_3D ( 'NONE', #3079, #12, #2763 ) ;
#1296 = CARTESIAN_POINT ( 'NONE',  ( 71.35000000000003695, 15.00000000000000000, 152.0000000000000853 ) ) ;
#1297 = PLANE ( 'NONE',  #535 ) ;
#1298 = DIRECTION ( 'NONE',  ( 0.9063077870366430533, 0.000000000000000000, -0.4226182617407142628 ) ) ;
#1299 = DIRECTION ( 'NONE',  ( 0.000000000000000000, 1.000000000000000000, -0.000000000000000000 ) ) ;
#1300 = AXIS2_PLACEMENT_3D ( 'NONE', #273, #1614, #1384 ) ;
#1301 = ORIENTED_EDGE ( 'NONE', *, *, #1325, .F. ) ;
#1302 = DIRECTION ( 'NONE',  ( -0.000000000000000000, 1.000000000000000000, -0.000000000000000000 ) ) ;
#1303 = FACE_OUTER_BOUND ( 'NONE', #318, .T. ) ;
#1304 = LINE ( 'NONE', #3561, #1234 ) ;
#1305 = ORIENTED_EDGE ( 'NONE', *, *, #1373, .F. ) ;
#1306 = CARTESIAN_POINT ( 'NONE',  ( 76.23489593122241104, -8.099999999999999645, 128.9657735790814570 ) ) ;
#1307 = DIRECTION ( 'NONE',  ( -0.4226182617407044373, 0.000000000000000000, -0.9063077870366476052 ) ) ;
#1308 = ORIENTED_EDGE ( 'NONE', *, *, #920, .F. ) ;
#1309 = EDGE_CURVE ( 'NONE', #3318, #3043, #2845, .T. ) ;
#1310 = CARTESIAN_POINT ( 'NONE',  ( 98.18376618407366152, 0.000000000000000000, 98.18376618407344836 ) ) ;
#1311 = EDGE_LOOP ( 'NONE', ( #99, #3566, #2382, #3223, #1137, #2589, #78, #2523, #630, #3550 ) ) ;
#1312 = DIRECTION ( 'NONE',  ( 0.000000000000000000, 1.000000000000000000, -0.000000000000000000 ) ) ;
#1313 = PRODUCT_DEFINITION ( 'NON CONOSCIUTO', '', #84, #1212 ) ;
#1314 = CARTESIAN_POINT ( 'NONE',  ( 71.35000000000003695, 15.00000000000000000, 152.0000000000000853 ) ) ;
#1315 = AXIS2_PLACEMENT_3D ( 'NONE', #2695, #3006, #2448 ) ;
#1316 = CARTESIAN_POINT ( 'NONE',  ( 75.45000000000004547, 0.000000000000000000, 146.2500000000000853 ) ) ;
#1317 = ORIENTED_EDGE ( 'NONE', *, *, #1094, .T. ) ;
#1318 = LINE ( 'NONE', #2103, #2400 ) ;
#1319 = CARTESIAN_POINT ( 'NONE',  ( 112.5000000000000426, -8.099999999999999645, 0.000000000000000000 ) ) ;
#1320 = DIRECTION ( 'NONE',  ( 1.000000000000000000, 0.000000000000000000, 0.000000000000000000 ) ) ;
#1321 = VERTEX_POINT ( 'NONE', #118 ) ;
#1322 = DIRECTION ( 'NONE',  ( -0.000000000000000000, 1.000000000000000000, -0.000000000000000000 ) ) ;
#1323 = PLANE ( 'NONE',  #698 ) ;
#1324 = VECTOR ( 'NONE', #912, 1000.000000000000000 ) ;
#1325 = EDGE_CURVE ( 'NONE', #3038, #2221, #2606, .T. ) ;
#1326 = FACE_OUTER_BOUND ( 'NONE', #1088, .T. ) ;
#1327 = EDGE_CURVE ( 'NONE', #750, #1450, #1724, .T. ) ;
#1328 = ORIENTED_EDGE ( 'NONE', *, *, #2220, .F. ) ;
#1329 = VECTOR ( 'NONE', #2781, 1000.000000000000000 ) ;
#1330 = LINE ( 'NONE', #465, #2139 ) ;
#1331 = CARTESIAN_POINT ( 'NONE',  ( 20.35000000000003340, 15.00000000000000000, 152.0000000000000853 ) ) ;
#1332 = CARTESIAN_POINT ( 'NONE',  ( -22.72653755186249214, 8.579899218862053090, 84.78379400604991645 ) ) ;
#1333 = ORIENTED_EDGE ( 'NONE', *, *, #3066, .F. ) ;
#1334 = CARTESIAN_POINT ( 'NONE',  ( 28.41497673121481071, 10.00000000000004263, 60.93611424620740280 ) ) ;
#1335 = FACE_OUTER_BOUND ( 'NONE', #1765, .T. ) ;
#1336 = DIRECTION ( 'NONE',  ( 0.000000000000000000, 0.000000000000000000, 1.000000000000000000 ) ) ;
#1337 = ORIENTED_EDGE ( 'NONE', *, *, #742, .T. ) ;
#1338 = DIRECTION ( 'NONE',  ( -0.000000000000000000, 1.000000000000000000, -0.000000000000000000 ) ) ;
#1339 = DIRECTION ( 'NONE',  ( 0.000000000000000000, 1.000000000000000000, 0.000000000000000000 ) ) ;
#1340 = ORIENTED_EDGE ( 'NONE', *, *, #2010, .T. ) ;
#1341 = ADVANCED_FACE ( 'NONE', ( #924 ), #1510, .F. ) ;
#1342 = DIRECTION ( 'NONE',  ( 1.000000000000000000, 0.000000000000000000, 0.000000000000000000 ) ) ;
#1343 = EDGE_LOOP ( 'NONE', ( #1644, #175 ) ) ;
#1344 = DIRECTION ( 'NONE',  ( 0.000000000000000000, 1.000000000000000000, -0.000000000000000000 ) ) ;
#1345 = VECTOR ( 'NONE', #3277, 1000.000000000000114 ) ;
#1346 = VECTOR ( 'NONE', #3420, 1000.000000000000000 ) ;
#1347 = FACE_OUTER_BOUND ( 'NONE', #2555, .T. ) ;
#1348 = CARTESIAN_POINT ( 'NONE',  ( -11.77133829043469682, -8.099999999999999645, -7.271338290434435692 ) ) ;
#1349 = AXIS2_PLACEMENT_3D ( 'NONE', #2386, #1585, #3481 ) ;
#1350 = VECTOR ( 'NONE', #384, 1000.000000000000000 ) ;
#1351 = ORIENTED_EDGE ( 'NONE', *, *, #200, .F. ) ;
#1352 = EDGE_CURVE ( 'NONE', #1459, #793, #3178, .T. ) ;
#1353 = CARTESIAN_POINT ( 'NONE',  ( 128.4589311651810988, 0.000000000000000000, 14.28485214153853811 ) ) ;
#1354 = CARTESIAN_POINT ( 'NONE',  ( 131.7713382904346986, -2.143131898507868297E-16, 127.2713382904344144 ) ) ;
#1355 = AXIS2_PLACEMENT_3D ( 'NONE', #1820, #412, #3513 ) ;
#1356 = DIRECTION ( 'NONE',  ( -2.590202418016783620E-18, -1.000000000000000000, -6.004194730106474119E-17 ) ) ;
#1357 = ORIENTED_EDGE ( 'NONE', *, *, #2539, .F. ) ;
#1358 = ADVANCED_FACE ( 'NONE', ( #445 ), #2093, .F. ) ;
#1359 = CARTESIAN_POINT ( 'NONE',  ( 131.7713382904346986, -8.099999999999999645, 131.7713382904344144 ) ) ;
#1360 = CARTESIAN_POINT ( 'NONE',  ( 103.6960218784329868, 0.000000000000000000, 117.8604402483384064 ) ) ;
#1361 = ORIENTED_EDGE ( 'NONE', *, *, #513, .F. ) ;
#1362 = DIRECTION ( 'NONE',  ( 0.000000000000000000, -0.000000000000000000, -1.000000000000000000 ) ) ;
#1363 = CARTESIAN_POINT ( 'NONE',  ( 60.00000000000002842, 0.000000000000000000, 59.99999999999997158 ) ) ;
#1364 = ORIENTED_EDGE ( 'NONE', *, *, #1408, .F. ) ;
#1365 = CARTESIAN_POINT ( 'NONE',  ( 162.6632094689686028, 11.99586915098779549, 23.71738525054142244 ) ) ;
#1366 = LINE ( 'NONE', #2822, #3544 ) ;
#1367 = EDGE_CURVE ( 'NONE', #2884, #3441, #2755, .T. ) ;
#1368 = EDGE_LOOP ( 'NONE', ( #3390, #2422, #395, #2776 ) ) ;
#1369 = VECTOR ( 'NONE', #1338, 1000.000000000000000 ) ;
#1370 = DIRECTION ( 'NONE',  ( 0.000000000000000000, 0.000000000000000000, -1.000000000000000000 ) ) ;
#1371 = DIRECTION ( 'NONE',  ( 0.9063077870366477162, 0.000000000000000000, -0.4226182617407042708 ) ) ;
#1372 = DIRECTION ( 'NONE',  ( 0.9063077870366477162, 0.000000000000000000, -0.4226182617407041042 ) ) ;
#1373 = EDGE_CURVE ( 'NONE', #1321, #1907, #2640, .T. ) ;
#1374 = CIRCLE ( 'NONE', #1378, 92.50000000000000000 ) ;
#1375 = ORIENTED_EDGE ( 'NONE', *, *, #1403, .F. ) ;
#1376 = EDGE_CURVE ( 'NONE', #3372, #62, #103, .T. ) ;
#1377 = ORIENTED_EDGE ( 'NONE', *, *, #596, .F. ) ;
#1378 = AXIS2_PLACEMENT_3D ( 'NONE', #3439, #3141, #1505 ) ;
#1379 = DIRECTION ( 'NONE',  ( 0.000000000000000000, 0.000000000000000000, -1.000000000000000000 ) ) ;
#1380 = CARTESIAN_POINT ( 'NONE',  ( -11.77133829043442681, -2.143131898507868297E-16, 136.2713382904347270 ) ) ;
#1381 = ORIENTED_EDGE ( 'NONE', *, *, #346, .F. ) ;
#1382 = ORIENTED_EDGE ( 'NONE', *, *, #2883, .T. ) ;
#1383 = CARTESIAN_POINT ( 'NONE',  ( 71.35000000000003695, 0.000000000000000000, 152.0000000000000853 ) ) ;
#1384 = DIRECTION ( 'NONE',  ( 0.000000000000000000, 0.000000000000000000, 1.000000000000000000 ) ) ;
#1385 = ORIENTED_EDGE ( 'NONE', *, *, #971, .T. ) ;
#1386 = CYLINDRICAL_SURFACE ( 'NONE', #1157, 1.699999999999979305 ) ;
#1387 = DIRECTION ( 'NONE',  ( 0.000000000000000000, 0.000000000000000000, 1.000000000000000000 ) ) ;
#1388 = ORIENTED_EDGE ( 'NONE', *, *, #2791, .T. ) ;
#1389 = CARTESIAN_POINT ( 'NONE',  ( 111.7511259472106246, 1.347111479062085841E-15, 135.1346666692570011 ) ) ;
#1390 = DIRECTION ( 'NONE',  ( 0.000000000000000000, 1.000000000000000000, 0.000000000000000000 ) ) ;
#1391 = CARTESIAN_POINT ( 'NONE',  ( 162.6750837026189629, 0.000000000000000000, 2.743109856581420036 ) ) ;
#1392 = EDGE_CURVE ( 'NONE', #2366, #1034, #408, .T. ) ;
#1393 = VERTEX_POINT ( 'NONE', #3423 ) ;
#1394 = ORIENTED_EDGE ( 'NONE', *, *, #1796, .F. ) ;
#1395 = AXIS2_PLACEMENT_3D ( 'NONE', #1161, #1479, #853 ) ;
#1396 = EDGE_CURVE ( 'NONE', #531, #2184, #3409, .T. ) ;
#1397 = LINE ( 'NONE', #2846, #812 ) ;
#1398 = EDGE_CURVE ( 'NONE', #3187, #2447, #1561, .T. ) ;
#1399 = CARTESIAN_POINT ( 'NONE',  ( 20.35000000000003340, 15.00000000000000000, 132.0000000000000853 ) ) ;
#1400 = EDGE_CURVE ( 'NONE', #837, #3351, #2248, .T. ) ;
#1401 = VERTEX_POINT ( 'NONE', #647 ) ;
#1402 = ORIENTED_EDGE ( 'NONE', *, *, #767, .F. ) ;
#1403 = EDGE_CURVE ( 'NONE', #1123, #1942, #166, .T. ) ;
#1404 = DIRECTION ( 'NONE',  ( 0.9063077870366478273, 0.000000000000000000, -0.4226182617407042708 ) ) ;
#1405 = FACE_OUTER_BOUND ( 'NONE', #1174, .T. ) ;
#1406 = VERTEX_POINT ( 'NONE', #1271 ) ;
#1407 = DIRECTION ( 'NONE',  ( -0.4226182617407042152, 0.000000000000000000, -0.9063077870366477162 ) ) ;
#1408 = EDGE_CURVE ( 'NONE', #933, #17, #2379, .T. ) ;
#1409 = CARTESIAN_POINT ( 'NONE',  ( -27.63300511741259413, -8.100000000000024514, 114.6561653804174199 ) ) ;
#1410 = VERTEX_POINT ( 'NONE', #3525 ) ;
#1411 = AXIS2_PLACEMENT_3D ( 'NONE', #1119, #1078, #570 ) ;
#1412 = DIRECTION ( 'NONE',  ( 0.000000000000000000, 1.000000000000000000, -0.000000000000000000 ) ) ;
#1413 = CYLINDRICAL_SURFACE ( 'NONE', #1178, 1.699999999999979305 ) ;
#1414 = AXIS2_PLACEMENT_3D ( 'NONE', #2326, #3416, #931 ) ;
#1415 = DIRECTION ( 'NONE',  ( 0.4226182617407042708, -5.551115123125782702E-17, 0.9063077870366477162 ) ) ;
#1416 = AXIS2_PLACEMENT_3D ( 'NONE', #177, #2123, #2138 ) ;
#1417 = AXIS2_PLACEMENT_3D ( 'NONE', #2840, #684, #3432 ) ;
#1418 = ORIENTED_EDGE ( 'NONE', *, *, #2879, .F. ) ;
#1419 = ADVANCED_FACE ( 'NONE', ( #1011 ), #3228, .F. ) ;
#1420 = EDGE_LOOP ( 'NONE', ( #1506, #314, #972, #117 ) ) ;
#1421 = VECTOR ( 'NONE', #1910, 1000.000000000000114 ) ;
#1422 = AXIS2_PLACEMENT_3D ( 'NONE', #543, #1087, #259 ) ;
#1423 = CARTESIAN_POINT ( 'NONE',  ( 79.55000000000003979, 0.000000000000000000, 144.7000000000000739 ) ) ;
#1424 = VECTOR ( 'NONE', #3069, 1000.000000000000000 ) ;
#1425 = VECTOR ( 'NONE', #1464, 1000.000000000000000 ) ;
#1426 = ORIENTED_EDGE ( 'NONE', *, *, #2607, .F. ) ;
#1427 = ORIENTED_EDGE ( 'NONE', *, *, #2788, .F. ) ;
#1428 = FACE_OUTER_BOUND ( 'NONE', #627, .T. ) ;
#1429 = CARTESIAN_POINT ( 'NONE',  ( -22.72653755186247082, 8.579899218862021115, 84.78379400604987381 ) ) ;
#1430 = EDGE_CURVE ( 'NONE', #2827, #1945, #1040, .T. ) ;
#1431 = ORIENTED_EDGE ( 'NONE', *, *, #2821, .T. ) ;
#1432 = EDGE_CURVE ( 'NONE', #444, #271, #1611, .T. ) ;
#1433 = DIRECTION ( 'NONE',  ( 0.9063077870366477162, -0.000000000000000000, -0.4226182617407042152 ) ) ;
#1434 = VERTEX_POINT ( 'NONE', #460 ) ;
#1435 = CARTESIAN_POINT ( 'NONE',  ( 76.23489593122241104, 1.347111479062085841E-15, 128.9657735790814570 ) ) ;
#1436 = FACE_BOUND ( 'NONE', #3421, .T. ) ;
#1437 = DIRECTION ( 'NONE',  ( 0.000000000000000000, 1.000000000000000000, -0.000000000000000000 ) ) ;
#1438 = VERTEX_POINT ( 'NONE', #1595 ) ;
#1439 = ORIENTED_EDGE ( 'NONE', *, *, #50, .T. ) ;
#1440 = FACE_OUTER_BOUND ( 'NONE', #1601, .T. ) ;
#1441 = ORIENTED_EDGE ( 'NONE', *, *, #2883, .F. ) ;
#1442 = ORIENTED_EDGE ( 'NONE', *, *, #2927, .T. ) ;
#1443 = DIRECTION ( 'NONE',  ( -0.4226182617407042152, 0.000000000000000000, -0.9063077870366477162 ) ) ;
#1444 = DIRECTION ( 'NONE',  ( -0.000000000000000000, 1.000000000000000000, -0.000000000000000000 ) ) ;
#1445 = ADVANCED_FACE ( 'NONE', ( #2713 ), #3564, .T. ) ;
#1446 = ORIENTED_EDGE ( 'NONE', *, *, #1367, .F. ) ;
#1447 = AXIS2_PLACEMENT_3D ( 'NONE', #3198, #2703, #999 ) ;
#1448 = EDGE_CURVE ( 'NONE', #1543, #1903, #731, .T. ) ;
#1449 = CARTESIAN_POINT ( 'NONE',  ( 21.81623381592653743, 0.000000000000000000, 95.93376618407364731 ) ) ;
#1450 = VERTEX_POINT ( 'NONE', #3509 ) ;
#1451 = PLANE ( 'NONE',  #990 ) ;
#1452 = FACE_BOUND ( 'NONE', #1108, .T. ) ;
#1453 = FACE_OUTER_BOUND ( 'NONE', #2350, .T. ) ;
#1454 = EDGE_LOOP ( 'NONE', ( #734, #2158 ) ) ;
#1455 = EDGE_LOOP ( 'NONE', ( #3330, #910, #3157, #3047 ) ) ;
#1456 = VECTOR ( 'NONE', #3571, 1000.000000000000000 ) ;
#1457 = CYLINDRICAL_SURFACE ( 'NONE', #3353, 1.799999999999996048 ) ;
#1458 = EDGE_CURVE ( 'NONE', #1123, #2971, #2877, .T. ) ;
#1459 = VERTEX_POINT ( 'NONE', #1306 ) ;
#1460 = ORIENTED_EDGE ( 'NONE', *, *, #1549, .T. ) ;
#1461 = CARTESIAN_POINT ( 'NONE',  ( -47.92483605102710698, -1.387778780781445676E-14, 96.53395356868612964 ) ) ;
#1462 = CARTESIAN_POINT ( 'NONE',  ( 111.7511259472106246, 0.000000000000000000, 136.8346666692569897 ) ) ;
#1463 = ORIENTED_EDGE ( 'NONE', *, *, #2970, .F. ) ;
#1464 = DIRECTION ( 'NONE',  ( -0.000000000000000000, 1.000000000000000000, -0.000000000000000000 ) ) ;
#1465 = ORIENTED_EDGE ( 'NONE', *, *, #566, .T. ) ;
#1466 = COLOUR_RGB ( '',0.7921568627450980005, 0.8196078431372548767, 0.9333333333333333481 ) ;
#1467 = FACE_OUTER_BOUND ( 'NONE', #1455, .T. ) ;
#1468 = EDGE_CURVE ( 'NONE', #2036, #571, #804, .T. ) ;
#1469 = DIRECTION ( 'NONE',  ( 0.000000000000000000, 0.000000000000000000, 1.000000000000000000 ) ) ;
#1470 = ORIENTED_EDGE ( 'NONE', *, *, #518, .F. ) ;
#1471 = EDGE_CURVE ( 'NONE', #106, #1593, #2416, .T. ) ;
#1472 = ORIENTED_EDGE ( 'NONE', *, *, #1235, .F. ) ;
#1473 = LINE ( 'NONE', #97, #3204 ) ;
#1474 = CIRCLE ( 'NONE', #3484, 1.799999999999996048 ) ;
#1475 = AXIS2_PLACEMENT_3D ( 'NONE', #1071, #1952, #2536 ) ;
#1476 = EDGE_LOOP ( 'NONE', ( #1729, #2541, #3403, #3061 ) ) ;
#1477 = DIRECTION ( 'NONE',  ( 0.4226182617407042708, 5.551115123125782702E-17, 0.9063077870366478273 ) ) ;
#1478 = ORIENTED_EDGE ( 'NONE', *, *, #179, .T. ) ;
#1479 = DIRECTION ( 'NONE',  ( -0.000000000000000000, 1.000000000000000000, -0.000000000000000000 ) ) ;
#1480 = CIRCLE ( 'NONE', #366, 1.799999999999996048 ) ;
#1481 = VERTEX_POINT ( 'NONE', #252 ) ;
#1482 = DIRECTION ( 'NONE',  ( 1.000000000000000000, 0.000000000000000000, -0.000000000000000000 ) ) ;
#1483 = CARTESIAN_POINT ( 'NONE',  ( -47.69550820690000847, 13.00000000000001421, 96.42701623874155814 ) ) ;
#1484 = DIRECTION ( 'NONE',  ( -0.9063077870366477162, -2.302730277845318263E-17, 0.4226182617407042152 ) ) ;
#1485 = FACE_OUTER_BOUND ( 'NONE', #2260, .T. ) ;
#1486 = FACE_BOUND ( 'NONE', #695, .T. ) ;
#1487 = EDGE_CURVE ( 'NONE', #3402, #3038, #780, .T. ) ;
#1488 = ORIENTED_EDGE ( 'NONE', *, *, #3280, .F. ) ;
#1489 = ORIENTED_EDGE ( 'NONE', *, *, #1448, .F. ) ;
#1490 = LINE ( 'NONE', #354, #1293 ) ;
#1491 = EDGE_CURVE ( 'NONE', #855, #1588, #2433, .T. ) ;
#1492 = ORIENTED_EDGE ( 'NONE', *, *, #156, .F. ) ;
#1493 = DIRECTION ( 'NONE',  ( 0.000000000000000000, 1.000000000000000000, 0.000000000000000000 ) ) ;
#1494 = VERTEX_POINT ( 'NONE', #770 ) ;
#1495 = CARTESIAN_POINT ( 'NONE',  ( 71.35000000000003695, 15.00000000000000000, 144.7000000000000739 ) ) ;
#1496 = EDGE_LOOP ( 'NONE', ( #146, #2546 ) ) ;
#1497 = DIRECTION ( 'NONE',  ( 0.000000000000000000, 1.000000000000000000, 0.000000000000000000 ) ) ;
#1498 = CARTESIAN_POINT ( 'NONE',  ( 75.45000000000004547, 0.000000000000000000, 148.0500000000000682 ) ) ;
#1499 = PLANE ( 'NONE',  #2620 ) ;
#1500 = DIRECTION ( 'NONE',  ( 0.000000000000000000, 1.000000000000000000, -0.000000000000000000 ) ) ;
#1501 = AXIS2_PLACEMENT_3D ( 'NONE', #3218, #722, #1836 ) ;
#1502 = ORIENTED_EDGE ( 'NONE', *, *, #3192, .F. ) ;
#1503 = ORIENTED_EDGE ( 'NONE', *, *, #1924, .F. ) ;
#1504 = EDGE_CURVE ( 'NONE', #1494, #1173, #1575, .T. ) ;
#1505 = DIRECTION ( 'NONE',  ( 0.9063077870366477162, 0.000000000000000000, -0.4226182617407041042 ) ) ;
#1506 = ORIENTED_EDGE ( 'NONE', *, *, #721, .F. ) ;
#1507 = EDGE_CURVE ( 'NONE', #1025, #2595, #2696, .T. ) ;
#1508 = EDGE_CURVE ( 'NONE', #988, #568, #2730, .T. ) ;
#1509 = VERTEX_POINT ( 'NONE', #479 ) ;
#1510 = PLANE ( 'NONE',  #432 ) ;
#1511 = EDGE_LOOP ( 'NONE', ( #3009, #2328, #1846, #2024 ) ) ;
#1512 = EDGE_CURVE ( 'NONE', #2101, #3230, #161, .T. ) ;
#1513 = DIRECTION ( 'NONE',  ( 0.000000000000000000, 1.000000000000000000, -0.000000000000000000 ) ) ;
#1514 = DIRECTION ( 'NONE',  ( 0.9063077870366477162, -0.000000000000000000, -0.4226182617407042152 ) ) ;
#1515 = ADVANCED_FACE ( 'NONE', ( #3263 ), #215, .F. ) ;
#1516 = PLANE ( 'NONE',  #2728 ) ;
#1517 = LINE ( 'NONE', #2612, #472 ) ;
#1518 = DIRECTION ( 'NONE',  ( 0.000000000000000000, 0.000000000000000000, 1.000000000000000000 ) ) ;
#1519 = ORIENTED_EDGE ( 'NONE', *, *, #1126, .T. ) ;
#1520 = ORIENTED_EDGE ( 'NONE', *, *, #3334, .T. ) ;
#1521 = AXIS2_PLACEMENT_3D ( 'NONE', #3044, #279, #862 ) ;
#1522 = CARTESIAN_POINT ( 'NONE',  ( 21.81623381592637756, 0.000000000000000000, 21.81623381592651612 ) ) ;
#1523 = DIRECTION ( 'NONE',  ( -0.4226182617407042152, -0.000000000000000000, -0.9063077870366477162 ) ) ;
#1524 = EDGE_LOOP ( 'NONE', ( #2049, #1216, #1781, #2278, #890, #2812 ) ) ;
#1525 = CIRCLE ( 'NONE', #2856, 113.0000000000000142 ) ;
#1526 = CARTESIAN_POINT ( 'NONE',  ( -19.38561891765716183, 12.68587977491878682, 101.9833226840095932 ) ) ;
#1527 = VECTOR ( 'NONE', #783, 1000.000000000000114 ) ;
#1528 = AXIS2_PLACEMENT_3D ( 'NONE', #762, #2933, #2443 ) ;
#1529 = AXIS2_PLACEMENT_3D ( 'NONE', #2225, #840, #3101 ) ;
#1530 = AXIS2_PLACEMENT_3D ( 'NONE', #2098, #3010, #3032 ) ;
#1531 = ORIENTED_EDGE ( 'NONE', *, *, #277, .T. ) ;
#1532 = AXIS2_PLACEMENT_3D ( 'NONE', #135, #959, #2320 ) ;
#1533 = DIRECTION ( 'NONE',  ( 0.4226182617407042152, 0.000000000000000000, 0.9063077870366477162 ) ) ;
#1534 = EDGE_CURVE ( 'NONE', #3067, #2036, #511, .T. ) ;
#1535 = AXIS2_PLACEMENT_3D ( 'NONE', #909, #3094, #2638 ) ;
#1536 = EDGE_LOOP ( 'NONE', ( #2311, #1864, #1148, #1226 ) ) ;
#1537 = CYLINDRICAL_SURFACE ( 'NONE', #1172, 4.499999999999997335 ) ;
#1538 = FACE_OUTER_BOUND ( 'NONE', #3455, .T. ) ;
#1539 = CARTESIAN_POINT ( 'NONE',  ( 131.7713382904346986, -8.099999999999999645, 131.7713382904344144 ) ) ;
#1540 = VERTEX_POINT ( 'NONE', #1743 ) ;
#1541 = DIRECTION ( 'NONE',  ( -0.000000000000000000, -1.000000000000000000, -0.000000000000000000 ) ) ;
#1542 = FACE_OUTER_BOUND ( 'NONE', #1075, .T. ) ;
#1543 = VERTEX_POINT ( 'NONE', #2792 ) ;
#1544 = DIRECTION ( 'NONE',  ( 0.9063077870366478273, 0.000000000000000000, -0.4226182617407042708 ) ) ;
#1545 = CARTESIAN_POINT ( 'NONE',  ( 133.8981677183994634, -8.099999999999987210, 30.50591910461857026 ) ) ;
#1546 = VERTEX_POINT ( 'NONE', #284 ) ;
#1547 = CARTESIAN_POINT ( 'NONE',  ( 84.29000000000004889, 1.347111479062085841E-15, 149.6399999999999864 ) ) ;
#1548 = CARTESIAN_POINT ( 'NONE',  ( 131.7713382904344144, 0.000000000000000000, -16.27133829043473767 ) ) ;
#1549 = EDGE_CURVE ( 'NONE', #802, #605, #2296, .T. ) ;
#1550 = LINE ( 'NONE', #157, #2575 ) ;
#1551 = CARTESIAN_POINT ( 'NONE',  ( -46.49999999999996447, -8.099999999999999645, 77.25000000000002842 ) ) ;
#1552 = DIRECTION ( 'NONE',  ( 0.000000000000000000, 0.000000000000000000, 1.000000000000000000 ) ) ;
#1553 = EDGE_LOOP ( 'NONE', ( #1128, #1286, #298, #476 ) ) ;
#1554 = LINE ( 'NONE', #2175, #2288 ) ;
#1555 = AXIS2_PLACEMENT_3D ( 'NONE', #2181, #787, #1899 ) ;
#1556 = CARTESIAN_POINT ( 'NONE',  ( 149.0473257294294740, 0.000000000000000000, 4.684326087112639314 ) ) ;
#1557 = DIRECTION ( 'NONE',  ( 0.4226182617407042152, 5.551115123125782086E-17, 0.9063077870366477162 ) ) ;
#1558 = VERTEX_POINT ( 'NONE', #1177 ) ;
#1559 = AXIS2_PLACEMENT_3D ( 'NONE', #1031, #2928, #3232 ) ;
#1560 = EDGE_CURVE ( 'NONE', #482, #531, #3418, .T. ) ;
#1561 = LINE ( 'NONE', #3163, #2937 ) ;
#1562 = LINE ( 'NONE', #430, #1987 ) ;
#1563 = EDGE_LOOP ( 'NONE', ( #994, #2201, #2531, #1442, #37, #1818, #2293, #1762, #506, #2087, #290, #2212 ) ) ;
#1564 = DIRECTION ( 'NONE',  ( -0.000000000000000000, 1.000000000000000000, -0.000000000000000000 ) ) ;
#1565 = FACE_OUTER_BOUND ( 'NONE', #2034, .T. ) ;
#1566 = CYLINDRICAL_SURFACE ( 'NONE', #3100, 4.500000000000003553 ) ;
#1567 = CARTESIAN_POINT ( 'NONE',  ( 162.6750837026189629, 0.000000000000000000, 2.743109856581420036 ) ) ;
#1568 = DIRECTION ( 'NONE',  ( 0.9063077870366477162, 2.302730277845318263E-17, -0.4226182617407042152 ) ) ;
#1569 = ORIENTED_EDGE ( 'NONE', *, *, #123, .T. ) ;
#1570 = CARTESIAN_POINT ( 'NONE',  ( 98.18376618407366152, -8.099999999999999645, 98.18376618407344836 ) ) ;
#1571 = FACE_OUTER_BOUND ( 'NONE', #2757, .T. ) ;
#1572 = CARTESIAN_POINT ( 'NONE',  ( 24.45000000000004192, 15.00000000000000000, 134.1500000000000909 ) ) ;
#1573 = ADVANCED_FACE ( 'NONE', ( #829 ), #1457, .F. ) ;
#1574 = ORIENTED_EDGE ( 'NONE', *, *, #1309, .F. ) ;
#1575 = LINE ( 'NONE', #2955, #2535 ) ;
#1576 = CARTESIAN_POINT ( 'NONE',  ( 167.9248360510270857, -1.387778780781445676E-14, 23.46604643131387036 ) ) ;
#1577 = ORIENTED_EDGE ( 'NONE', *, *, #1780, .F. ) ;
#1578 = AXIS2_PLACEMENT_3D ( 'NONE', #745, #2538, #1666 ) ;
#1579 = AXIS2_PLACEMENT_3D ( 'NONE', #3001, #1022, #2136 ) ;
#1580 = DIRECTION ( 'NONE',  ( 0.000000000000000000, 0.000000000000000000, 1.000000000000000000 ) ) ;
#1581 = CIRCLE ( 'NONE', #1639, 120.0000000000000000 ) ;
#1582 = ORIENTED_EDGE ( 'NONE', *, *, #499, .T. ) ;
#1583 = DIRECTION ( 'NONE',  ( 0.4226182617407042708, 5.551115123125782702E-17, 0.9063077870366478273 ) ) ;
#1584 = AXIS2_PLACEMENT_3D ( 'NONE', #1603, #2704, #225 ) ;
#1585 = DIRECTION ( 'NONE',  ( 0.000000000000000000, 1.000000000000000000, -0.000000000000000000 ) ) ;
#1586 = DIRECTION ( 'NONE',  ( 0.2988362387301227163, 0.7071067811865487940, 0.6408563820557858781 ) ) ;
#1587 = CIRCLE ( 'NONE', #2463, 95.00000000000001421 ) ;
#1588 = VERTEX_POINT ( 'NONE', #1423 ) ;
#1589 = CARTESIAN_POINT ( 'NONE',  ( -21.14999999999995595, -25.00000000000000000, 23.85000000000002274 ) ) ;
#1590 = CARTESIAN_POINT ( 'NONE',  ( -14.04388201169570749, -9.498424480764095179, 59.22087420791513068 ) ) ;
#1591 = DIRECTION ( 'NONE',  ( 0.9063077870366478273, 0.000000000000000000, -0.4226182617407042708 ) ) ;
#1592 = EDGE_CURVE ( 'NONE', #1144, #2221, #791, .T. ) ;
#1593 = VERTEX_POINT ( 'NONE', #2254 ) ;
#1594 = EDGE_CURVE ( 'NONE', #45, #646, #903, .T. ) ;
#1595 = CARTESIAN_POINT ( 'NONE',  ( 28.55000000000003268, 0.000000000000000000, 152.0000000000000853 ) ) ;
#1596 = EDGE_CURVE ( 'NONE', #2902, #44, #1285, .T. ) ;
#1597 = CARTESIAN_POINT ( 'NONE',  ( 167.9248360510270857, 0.000000000000000000, 23.46604643131387746 ) ) ;
#1598 = VERTEX_POINT ( 'NONE', #3049 ) ;
#1599 = VECTOR ( 'NONE', #2624, 1000.000000000000000 ) ;
#1600 = DIRECTION ( 'NONE',  ( 0.000000000000000000, 0.000000000000000000, 1.000000000000000000 ) ) ;
#1601 = EDGE_LOOP ( 'NONE', ( #846, #2457, #2490, #1685 ) ) ;
#1602 = CARTESIAN_POINT ( 'NONE',  ( 169.8595941522109456, -25.00000000000000000, 18.15034223620444109 ) ) ;
#1603 = CARTESIAN_POINT ( 'NONE',  ( 60.00000000000000000, -8.099999999999999645, 60.00000000000000000 ) ) ;
#1604 = CARTESIAN_POINT ( 'NONE',  ( 35.59948718080678276, 13.00000000000001599, 76.34334662583040654 ) ) ;
#1605 = VERTEX_POINT ( 'NONE', #2271 ) ;
#1606 = LINE ( 'NONE', #1894, #24 ) ;
#1607 = DIRECTION ( 'NONE',  ( 0.000000000000000000, 0.000000000000000000, 1.000000000000000000 ) ) ;
#1608 = CARTESIAN_POINT ( 'NONE',  ( 76.23489593122241104, 1.347111479062085841E-15, 132.3657735790814058 ) ) ;
#1609 = EDGE_LOOP ( 'NONE', ( #662, #549, #1187, #1340 ) ) ;
#1610 = EDGE_CURVE ( 'NONE', #639, #2591, #1939, .T. ) ;
#1611 = LINE ( 'NONE', #1918, #48 ) ;
#1612 = DIRECTION ( 'NONE',  ( 0.9063077870366477162, 0.000000000000000000, -0.4226182617407042152 ) ) ;
#1613 = AXIS2_PLACEMENT_3D ( 'NONE', #1199, #2314, #1764 ) ;
#1614 = DIRECTION ( 'NONE',  ( -0.000000000000000000, 1.000000000000000000, -0.000000000000000000 ) ) ;
#1615 = EDGE_CURVE ( 'NONE', #641, #3341, #611, .T. ) ;
#1616 = VERTEX_POINT ( 'NONE', #2829 ) ;
#1617 = CARTESIAN_POINT ( 'NONE',  ( 139.3455914579368766, 8.579899218862058419, 27.96574369765691515 ) ) ;
#1618 = DIRECTION ( 'NONE',  ( 0.9063077870366477162, 0.000000000000000000, -0.4226182617407041042 ) ) ;
#1619 = CARTESIAN_POINT ( 'NONE',  ( 84.29000000000004889, -8.099999999999999645, 147.9400000000000261 ) ) ;
#1620 = EDGE_CURVE ( 'NONE', #1974, #3437, #320, .T. ) ;
#1621 = ORIENTED_EDGE ( 'NONE', *, *, #1507, .F. ) ;
#1622 = LINE ( 'NONE', #3537, #1759 ) ;
#1623 = CARTESIAN_POINT ( 'NONE',  ( 18.12230388484205079, -23.77082778738232349, 93.32011439141744802 ) ) ;
#1624 = PLANE ( 'NONE',  #1927 ) ;
#1625 = ORIENTED_EDGE ( 'NONE', *, *, #2439, .F. ) ;
#1626 = CARTESIAN_POINT ( 'NONE',  ( 84.29000000000004889, 0.000000000000000000, 146.2400000000000375 ) ) ;
#1627 = CARTESIAN_POINT ( 'NONE',  ( -11.77133829043469682, 0.000000000000000000, -16.27133829043442859 ) ) ;
#1628 = ORIENTED_EDGE ( 'NONE', *, *, #2262, .F. ) ;
#1629 = VECTOR ( 'NONE', #3285, 1000.000000000000000 ) ;
#1630 = ORIENTED_EDGE ( 'NONE', *, *, #2072, .F. ) ;
#1631 = FACE_BOUND ( 'NONE', #1901, .T. ) ;
#1632 = CARTESIAN_POINT ( 'NONE',  ( 154.1960188943715195, -8.100000000000024514, 2.283451034809827362 ) ) ;
#1633 = EDGE_CURVE ( 'NONE', #2863, #1434, #1397, .T. ) ;
#1634 = VECTOR ( 'NONE', #2737, 1000.000000000000000 ) ;
#1635 = ORIENTED_EDGE ( 'NONE', *, *, #1775, .F. ) ;
#1636 = CARTESIAN_POINT ( 'NONE',  ( 111.7511259472106246, -8.099999999999999645, 135.1346666692570011 ) ) ;
#1637 = CIRCLE ( 'NONE', #3097, 4.500000000000003553 ) ;
#1638 = AXIS2_PLACEMENT_3D ( 'NONE', #2677, #182, #152 ) ;
#1639 = AXIS2_PLACEMENT_3D ( 'NONE', #1844, #1879, #2412 ) ;
#1640 = ADVANCED_FACE ( 'NONE', ( #1440 ), #2, .F. ) ;
#1641 = CARTESIAN_POINT ( 'NONE',  ( 76.23489593122241104, 0.000000000000000000, 132.3657735790814058 ) ) ;
#1642 = VECTOR ( 'NONE', #727, 1000.000000000000114 ) ;
#1643 = AXIS2_PLACEMENT_3D ( 'NONE', #36, #1948, #1147 ) ;
#1644 = ORIENTED_EDGE ( 'NONE', *, *, #632, .F. ) ;
#1645 = CARTESIAN_POINT ( 'NONE',  ( -15.49999999999997868, -8.099999999999999645, 46.25000000000002842 ) ) ;
#1646 = AXIS2_PLACEMENT_3D ( 'NONE', #2544, #3130, #597 ) ;
#1647 = LINE ( 'NONE', #3349, #136 ) ;
#1648 = LINE ( 'NONE', #212, #1527 ) ;
#1649 = APPLICATION_CONTEXT ( 'automotive_design' ) ;
#1650 = VERTEX_POINT ( 'NONE', #3355 ) ;
#1651 = EDGE_LOOP ( 'NONE', ( #1830, #3314, #1053, #1263 ) ) ;
#1652 = DIRECTION ( 'NONE',  ( -0.000000000000000000, 1.000000000000000000, -0.000000000000000000 ) ) ;
#1653 = DIRECTION ( 'NONE',  ( 0.000000000000000000, 0.000000000000000000, 1.000000000000000000 ) ) ;
#1654 = ORIENTED_EDGE ( 'NONE', *, *, #2943, .T. ) ;
#1655 = ORIENTED_EDGE ( 'NONE', *, *, #696, .T. ) ;
#1656 = CARTESIAN_POINT ( 'NONE',  ( -15.49999999999996447, -8.099999999999999645, 75.50000000000002842 ) ) ;
#1657 = DIRECTION ( 'NONE',  ( 0.9063077870366476052, 0.000000000000000000, -0.4226182617407042708 ) ) ;
#1658 = VERTEX_POINT ( 'NONE', #1139 ) ;
#1659 = DIRECTION ( 'NONE',  ( 0.9063077870366478273, 0.000000000000000000, -0.4226182617407042708 ) ) ;
#1660 = AXIS2_PLACEMENT_3D ( 'NONE', #1797, #2594, #1813 ) ;
#1661 = DIRECTION ( 'NONE',  ( 0.000000000000000000, 1.000000000000000000, -0.000000000000000000 ) ) ;
#1662 = ADVANCED_FACE ( 'NONE', ( #1670 ), #59, .T. ) ;
#1663 = ORIENTED_EDGE ( 'NONE', *, *, #3536, .F. ) ;
#1664 = CARTESIAN_POINT ( 'NONE',  ( -41.57766408291987403, -1.387778780781445676E-14, 93.57421867233095725 ) ) ;
#1665 = CARTESIAN_POINT ( 'NONE',  ( 154.3931536333278700, -1.387778780781445676E-14, 11.01854894804604079 ) ) ;
#1666 = DIRECTION ( 'NONE',  ( 0.000000000000000000, 0.000000000000000000, -1.000000000000000000 ) ) ;
#1667 = ORIENTED_EDGE ( 'NONE', *, *, #2086, .T. ) ;
#1668 = EDGE_CURVE ( 'NONE', #101, #3335, #3111, .T. ) ;
#1669 = ORIENTED_EDGE ( 'NONE', *, *, #1403, .T. ) ;
#1670 = FACE_OUTER_BOUND ( 'NONE', #2274, .T. ) ;
#1671 = DIRECTION ( 'NONE',  ( 0.000000000000000000, 1.000000000000000000, -0.000000000000000000 ) ) ;
#1672 = ORIENTED_EDGE ( 'NONE', *, *, #270, .T. ) ;
#1673 = EDGE_CURVE ( 'NONE', #164, #67, #1118, .T. ) ;
#1674 = VERTEX_POINT ( 'NONE', #569 ) ;
#1675 = PLANE ( 'NONE',  #1646 ) ;
#1676 = DIRECTION ( 'NONE',  ( 0.000000000000000000, 0.000000000000000000, 1.000000000000000000 ) ) ;
#1677 = ORIENTED_EDGE ( 'NONE', *, *, #1798, .T. ) ;
#1678 = CARTESIAN_POINT ( 'NONE',  ( -27.63300511741259413, -8.099999999999996092, 114.6561653804174199 ) ) ;
#1679 = DIRECTION ( 'NONE',  ( -0.4226182617407044373, 0.000000000000000000, -0.9063077870366476052 ) ) ;
#1680 = EDGE_CURVE ( 'NONE', #3445, #541, #1374, .T. ) ;
#1681 = EDGE_LOOP ( 'NONE', ( #96, #431 ) ) ;
#1682 = CARTESIAN_POINT ( 'NONE',  ( -41.14999999999995595, -25.00000000000000000, 18.85000000000002274 ) ) ;
#1683 = DIRECTION ( 'NONE',  ( 0.000000000000000000, 0.000000000000000000, 1.000000000000000000 ) ) ;
#1684 = CARTESIAN_POINT ( 'NONE',  ( -46.49999999999997868, -8.099999999999999645, 44.50000000000002842 ) ) ;
#1685 = ORIENTED_EDGE ( 'NONE', *, *, #2262, .T. ) ;
#1686 = ORIENTED_EDGE ( 'NONE', *, *, #704, .T. ) ;
#1687 = CARTESIAN_POINT ( 'NONE',  ( -15.49999999999997868, 0.000000000000000000, 44.50000000000002842 ) ) ;
#1688 = EDGE_CURVE ( 'NONE', #2865, #3085, #1793, .T. ) ;
#1689 = DIRECTION ( 'NONE',  ( -0.000000000000000000, 1.000000000000000000, -0.000000000000000000 ) ) ;
#1690 = ORIENTED_EDGE ( 'NONE', *, *, #737, .F. ) ;
#1691 = ORIENTED_EDGE ( 'NONE', *, *, #3562, .T. ) ;
#1692 = DIRECTION ( 'NONE',  ( 0.000000000000000000, 1.000000000000000000, 0.000000000000000000 ) ) ;
#1693 = CARTESIAN_POINT ( 'NONE',  ( 31.79592282514044754, 13.00000000000001599, 68.18657654250058897 ) ) ;
#1694 = ORIENTED_EDGE ( 'NONE', *, *, #2533, .F. ) ;
#1695 = CARTESIAN_POINT ( 'NONE',  ( 162.6750837026189629, -25.00000000000000000, 2.743109856581420036 ) ) ;
#1696 = LINE ( 'NONE', #559, #2571 ) ;
#1697 =( NAMED_UNIT ( * ) SI_UNIT ( $, .STERADIAN. ) SOLID_ANGLE_UNIT ( ) );
#1698 = VERTEX_POINT ( 'NONE', #2073 ) ;
#1699 = AXIS2_PLACEMENT_3D ( 'NONE', #1360, #1689, #2182 ) ;
#1700 = VECTOR ( 'NONE', #1390, 1000.000000000000000 ) ;
#1701 = FACE_OUTER_BOUND ( 'NONE', #2507, .T. ) ;
#1702 = LINE ( 'NONE', #844, #1700 ) ;
#1703 = VECTOR ( 'NONE', #3394, 1000.000000000000000 ) ;
#1704 = CARTESIAN_POINT ( 'NONE',  ( 71.35000000000003695, 15.00000000000000000, 144.7000000000000739 ) ) ;
#1705 = CIRCLE ( 'NONE', #2914, 2.250000000000001776 ) ;
#1706 = CIRCLE ( 'NONE', #2678, 1.750000000000001554 ) ;
#1707 = CIRCLE ( 'NONE', #3022, 113.0000000000000142 ) ;
#1708 = ORIENTED_EDGE ( 'NONE', *, *, #1186, .F. ) ;
#1709 = EDGE_LOOP ( 'NONE', ( #3535, #2216, #153, #2213 ) ) ;
#1710 = AXIS2_PLACEMENT_3D ( 'NONE', #1082, #2530, #556 ) ;
#1711 = EDGE_CURVE ( 'NONE', #1481, #2366, #2089, .T. ) ;
#1712 = DIRECTION ( 'NONE',  ( 0.000000000000000000, 1.000000000000000000, -0.000000000000000000 ) ) ;
#1713 = VECTOR ( 'NONE', #3498, 1000.000000000000000 ) ;
#1714 = ORIENTED_EDGE ( 'NONE', *, *, #1508, .T. ) ;
#1715 = EDGE_CURVE ( 'NONE', #3372, #510, #955, .T. ) ;
#1716 = VERTEX_POINT ( 'NONE', #1213 ) ;
#1717 = CARTESIAN_POINT ( 'NONE',  ( 7.500000000000034639, -8.099999999999999645, 0.000000000000000000 ) ) ;
#1718 = PLANE ( 'NONE',  #3542 ) ;
#1719 = ORIENTED_EDGE ( 'NONE', *, *, #3562, .F. ) ;
#1720 = LINE ( 'NONE', #3290, #3436 ) ;
#1721 = ORIENTED_EDGE ( 'NONE', *, *, #905, .T. ) ;
#1722 = CARTESIAN_POINT ( 'NONE',  ( 132.1610810083448655, 8.579899218862014010, 12.55851131803391318 ) ) ;
#1723 = FACE_BOUND ( 'NONE', #921, .T. ) ;
#1724 = CIRCLE ( 'NONE', #1947, 115.0000000000000142 ) ;
#1725 = CARTESIAN_POINT ( 'NONE',  ( 0.000000000000000000, -8.099999999999999645, 144.7000000000000739 ) ) ;
#1726 = ORIENTED_EDGE ( 'NONE', *, *, #2719, .F. ) ;
#1727 = ORIENTED_EDGE ( 'NONE', *, *, #2609, .T. ) ;
#1728 = CARTESIAN_POINT ( 'NONE',  ( -46.49999999999996447, 0.000000000000000000, 75.50000000000002842 ) ) ;
#1729 = ORIENTED_EDGE ( 'NONE', *, *, #2464, .F. ) ;
#1730 = ORIENTED_EDGE ( 'NONE', *, *, #886, .F. ) ;
#1731 = CYLINDRICAL_SURFACE ( 'NONE', #575, 4.500000000000003553 ) ;
#1732 = LINE ( 'NONE', #2621, #1758 ) ;
#1733 = EDGE_LOOP ( 'NONE', ( #3306, #865 ) ) ;
#1734 = DIRECTION ( 'NONE',  ( 0.000000000000000000, 0.000000000000000000, 1.000000000000000000 ) ) ;
#1735 = ADVANCED_FACE ( 'NONE', ( #1760 ), #712, .F. ) ;
#1736 = LINE ( 'NONE', #2839, #2773 ) ;
#1737 = SURFACE_STYLE_FILL_AREA ( #1206 ) ;
#1738 = CARTESIAN_POINT ( 'NONE',  ( 153.2008645119596508, 13.00000000000001954, 2.747499144374998536 ) ) ;
#1739 = DIRECTION ( 'NONE',  ( 0.000000000000000000, 0.000000000000000000, 1.000000000000000000 ) ) ;
#1740 = EDGE_CURVE ( 'NONE', #3313, #2957, #112, .T. ) ;
#1741 = ORIENTED_EDGE ( 'NONE', *, *, #3545, .F. ) ;
#1742 = ORIENTED_EDGE ( 'NONE', *, *, #3470, .T. ) ;
#1743 = CARTESIAN_POINT ( 'NONE',  ( 24.45000000000004192, 15.00000000000000000, 146.2500000000001137 ) ) ;
#1744 = VERTEX_POINT ( 'NONE', #2603 ) ;
#1745 = ORIENTED_EDGE ( 'NONE', *, *, #1127, .F. ) ;
#1746 = DIRECTION ( 'NONE',  ( -1.000000000000000000, -0.000000000000000000, -0.000000000000000000 ) ) ;
#1747 = EDGE_LOOP ( 'NONE', ( #2048, #2092 ) ) ;
#1748 = EDGE_CURVE ( 'NONE', #1650, #2608, #2053, .T. ) ;
#1749 = CARTESIAN_POINT ( 'NONE',  ( 60.00000000000002842, 0.000000000000000000, 59.99999999999997158 ) ) ;
#1750 = VECTOR ( 'NONE', #2525, 1000.000000000000000 ) ;
#1751 = CARTESIAN_POINT ( 'NONE',  ( 158.1984616609301781, -8.100000000000024514, 28.00152929549877001 ) ) ;
#1752 = EDGE_CURVE ( 'NONE', #1945, #2366, #2867, .T. ) ;
#1753 = DIRECTION ( 'NONE',  ( 0.2988362387301246037, 0.7071067811865441310, 0.6408563820557899859 ) ) ;
#1754 = CYLINDRICAL_SURFACE ( 'NONE', #2973, 1.750000000000001554 ) ;
#1755 = FACE_BOUND ( 'NONE', #1219, .T. ) ;
#1756 = EDGE_LOOP ( 'NONE', ( #3297, #2597 ) ) ;
#1757 = ORIENTED_EDGE ( 'NONE', *, *, #2637, .T. ) ;
#1758 = VECTOR ( 'NONE', #2833, 1000.000000000000114 ) ;
#1759 = VECTOR ( 'NONE', #3467, 1000.000000000000000 ) ;
#1760 = FACE_OUTER_BOUND ( 'NONE', #455, .T. ) ;
#1761 = AXIS2_PLACEMENT_3D ( 'NONE', #2967, #1895, #2986 ) ;
#1762 = ORIENTED_EDGE ( 'NONE', *, *, #1972, .T. ) ;
#1763 = CIRCLE ( 'NONE', #2862, 2.249999999999998668 ) ;
#1764 = DIRECTION ( 'NONE',  ( 0.9063077870366477162, 0.000000000000000000, -0.4226182617407042152 ) ) ;
#1765 = EDGE_LOOP ( 'NONE', ( #3211, #1957, #2079, #1961 ) ) ;
#1766 = DIRECTION ( 'NONE',  ( 0.000000000000000000, 0.000000000000000000, 1.000000000000000000 ) ) ;
#1767 = CIRCLE ( 'NONE', #2230, 48.00000000000001421 ) ;
#1768 = EDGE_LOOP ( 'NONE', ( #1976, #1776, #557, #688 ) ) ;
#1769 = CARTESIAN_POINT ( 'NONE',  ( -11.77133829043469682, -8.099999999999999645, -16.27133829043442859 ) ) ;
#1770 = EDGE_CURVE ( 'NONE', #3458, #1650, #1490, .T. ) ;
#1771 = FACE_OUTER_BOUND ( 'NONE', #3391, .T. ) ;
#1772 = DIRECTION ( 'NONE',  ( 0.000000000000000000, 1.000000000000000000, -0.000000000000000000 ) ) ;
#1773 = CARTESIAN_POINT ( 'NONE',  ( -41.14999999999995595, -25.00000000000000000, 18.85000000000002274 ) ) ;
#1774 = CARTESIAN_POINT ( 'NONE',  ( -38.19846166093020656, -8.100000000000024514, 91.99847070450122999 ) ) ;
#1775 = EDGE_CURVE ( 'NONE', #3341, #1059, #2375, .T. ) ;
#1776 = ORIENTED_EDGE ( 'NONE', *, *, #920, .T. ) ;
#1777 = EDGE_CURVE ( 'NONE', #2559, #3558, #3030, .T. ) ;
#1778 = ORIENTED_EDGE ( 'NONE', *, *, #1408, .T. ) ;
#1779 = DIRECTION ( 'NONE',  ( -0.4226182617407042152, 0.000000000000000000, -0.9063077870366477162 ) ) ;
#1780 = EDGE_CURVE ( 'NONE', #942, #3364, #3095, .T. ) ;
#1781 = ORIENTED_EDGE ( 'NONE', *, *, #50, .F. ) ;
#1782 = ORIENTED_EDGE ( 'NONE', *, *, #3428, .F. ) ;
#1783 = CARTESIAN_POINT ( 'NONE',  ( -15.49999999999996447, -8.099999999999999645, 75.50000000000002842 ) ) ;
#1784 = EDGE_CURVE ( 'NONE', #1716, #1014, #2799, .T. ) ;
#1785 = ORIENTED_EDGE ( 'NONE', *, *, #2539, .T. ) ;
#1786 = DIRECTION ( 'NONE',  ( -0.000000000000000000, 1.000000000000000000, -0.000000000000000000 ) ) ;
#1787 = CARTESIAN_POINT ( 'NONE',  ( 133.4904316140983838, 9.999999999999987566, 11.93862495019808101 ) ) ;
#1788 = SURFACE_STYLE_USAGE ( .BOTH. , #2082 ) ;
#1789 = PLANE ( 'NONE',  #2455 ) ;
#1790 = CARTESIAN_POINT ( 'NONE',  ( 0.000000000000000000, 0.000000000000000000, 0.000000000000000000 ) ) ;
#1791 = ORIENTED_EDGE ( 'NONE', *, *, #1100, .F. ) ;
#1792 = ORIENTED_EDGE ( 'NONE', *, *, #2330, .T. ) ;
#1793 = LINE ( 'NONE', #2035, #1850 ) ;
#1794 = CARTESIAN_POINT ( 'NONE',  ( 28.55000000000004690, 15.00000000000000000, 132.0000000000000853 ) ) ;
#1795 = ORIENTED_EDGE ( 'NONE', *, *, #1549, .F. ) ;
#1796 = EDGE_CURVE ( 'NONE', #2688, #218, #1474, .T. ) ;
#1797 = CARTESIAN_POINT ( 'NONE',  ( 54.71727172824119378, 44.00000000000000000, 48.67115266204190505 ) ) ;
#1798 = EDGE_CURVE ( 'NONE', #3558, #2559, #360, .T. ) ;
#1799 = ORIENTED_EDGE ( 'NONE', *, *, #2632, .T. ) ;
#1800 = CARTESIAN_POINT ( 'NONE',  ( 21.81623381592637756, -8.099999999999999645, 24.06623381592651256 ) ) ;
#1801 = DIRECTION ( 'NONE',  ( -0.000000000000000000, 0.000000000000000000, 1.000000000000000000 ) ) ;
#1802 = DIRECTION ( 'NONE',  ( 0.000000000000000000, 0.000000000000000000, 1.000000000000000000 ) ) ;
#1803 = DIRECTION ( 'NONE',  ( 0.000000000000000000, 1.000000000000000000, 0.000000000000000000 ) ) ;
#1804 = CARTESIAN_POINT ( 'NONE',  ( -36.58181060588529476, 13.00000000000000355, 110.0020385593318224 ) ) ;
#1805 = ORIENTED_EDGE ( 'NONE', *, *, #2220, .T. ) ;
#1806 = EDGE_LOOP ( 'NONE', ( #1882, #2071, #814, #3471 ) ) ;
#1807 = CARTESIAN_POINT ( 'NONE',  ( 24.45000000000004192, 0.000000000000000000, 135.9500000000001023 ) ) ;
#1808 = LINE ( 'NONE', #178, #3551 ) ;
#1809 = ORIENTED_EDGE ( 'NONE', *, *, #2506, .F. ) ;
#1810 = AXIS2_PLACEMENT_3D ( 'NONE', #2811, #1437, #1469 ) ;
#1811 = ADVANCED_FACE ( 'NONE', ( #1266 ), #1196, .T. ) ;
#1812 = AXIS2_PLACEMENT_3D ( 'NONE', #330, #3332, #3063 ) ;
#1813 = DIRECTION ( 'NONE',  ( 0.9063077870366477162, 0.000000000000000000, -0.4226182617407042708 ) ) ;
#1814 = DIRECTION ( 'NONE',  ( 0.9063077870366477162, 0.000000000000000000, -0.4226182617407042152 ) ) ;
#1815 = VECTOR ( 'NONE', #1302, 1000.000000000000000 ) ;
#1816 = CIRCLE ( 'NONE', #1001, 1.750000000000001554 ) ;
#1817 = ADVANCED_FACE ( 'NONE', ( #3468 ), #985, .F. ) ;
#1818 = ORIENTED_EDGE ( 'NONE', *, *, #1770, .T. ) ;
#1819 = AXIS2_PLACEMENT_3D ( 'NONE', #1310, #1016, #1292 ) ;
#1820 = CARTESIAN_POINT ( 'NONE',  ( -47.69550820690000847, 13.00000000000001421, 96.42701623874155814 ) ) ;
#1821 = CARTESIAN_POINT ( 'NONE',  ( -15.49999999999997868, -8.099999999999999645, 44.50000000000002842 ) ) ;
#1822 = CARTESIAN_POINT ( 'NONE',  ( 61.90178217783316938, 44.00000000000000000, 64.07838504166493010 ) ) ;
#1823 = FACE_OUTER_BOUND ( 'NONE', #2517, .T. ) ;
#1824 = DIRECTION ( 'NONE',  ( 0.000000000000000000, 0.000000000000000000, 1.000000000000000000 ) ) ;
#1825 = EDGE_CURVE ( 'NONE', #510, #1616, #1473, .T. ) ;
#1826 = ORIENTED_EDGE ( 'NONE', *, *, #1220, .F. ) ;
#1827 = CYLINDRICAL_SURFACE ( 'NONE', #2570, 1.799999999999996048 ) ;
#1828 = DIRECTION ( 'NONE',  ( 0.000000000000000000, 0.000000000000000000, 1.000000000000000000 ) ) ;
#1829 = CARTESIAN_POINT ( 'NONE',  ( 132.1610810083448655, 8.579899218862021115, 12.55851131803391318 ) ) ;
#1830 = ORIENTED_EDGE ( 'NONE', *, *, #130, .F. ) ;
#1831 = APPLICATION_CONTEXT ( 'automotive_design' ) ;
#1832 = CARTESIAN_POINT ( 'NONE',  ( 54.71727172824117957, 44.00000000000000000, 48.67115266204190505 ) ) ;
#1833 = DIRECTION ( 'NONE',  ( 0.000000000000000000, 1.000000000000000000, 0.000000000000000000 ) ) ;
#1834 = EDGE_LOOP ( 'NONE', ( #798, #2642, #3172, #2616 ) ) ;
#1835 = FACE_OUTER_BOUND ( 'NONE', #311, .T. ) ;
#1836 = DIRECTION ( 'NONE',  ( 0.000000000000000000, 0.000000000000000000, 1.000000000000000000 ) ) ;
#1837 = FACE_OUTER_BOUND ( 'NONE', #2208, .T. ) ;
#1838 = ADVANCED_FACE ( 'NONE', ( #2882 ), #3506, .F. ) ;
#1839 = PLANE ( 'NONE',  #764 ) ;
#1840 = CARTESIAN_POINT ( 'NONE',  ( 65.28272827175879911, 44.00000000000000000, 71.32884733795809495 ) ) ;
#1841 = EDGE_LOOP ( 'NONE', ( #1856, #870, #2566, #2940 ) ) ;
#1842 = LINE ( 'NONE', #1589, #3380 ) ;
#1843 = VECTOR ( 'NONE', #1958, 1000.000000000000114 ) ;
#1844 = CARTESIAN_POINT ( 'NONE',  ( 60.00000000000000000, -8.099999999999999645, 60.00000000000000000 ) ) ;
#1845 = CARTESIAN_POINT ( 'NONE',  ( 61.90178217783315517, 44.00000000000000000, 64.07838504166491589 ) ) ;
#1846 = ORIENTED_EDGE ( 'NONE', *, *, #1284, .T. ) ;
#1847 = CARTESIAN_POINT ( 'NONE',  ( 79.55000000000003979, -25.00000000000000000, 144.7000000000000739 ) ) ;
#1848 = CARTESIAN_POINT ( 'NONE',  ( 110.4882409433807453, -55.37313547998505214, 122.3804447703171121 ) ) ;
#1849 = LINE ( 'NONE', #3231, #89 ) ;
#1850 = VECTOR ( 'NONE', #148, 1000.000000000000000 ) ;
#1851 = CARTESIAN_POINT ( 'NONE',  ( 31.79592282514044754, -8.099999999999999645, 68.18657654250058897 ) ) ;
#1852 = EDGE_CURVE ( 'NONE', #1450, #3441, #3225, .T. ) ;
#1853 = CARTESIAN_POINT ( 'NONE',  ( 24.45000000000004192, 15.00000000000000000, 135.9500000000001023 ) ) ;
#1854 = LINE ( 'NONE', #1332, #2622 ) ;
#1855 = EDGE_CURVE ( 'NONE', #1744, #2953, #1525, .T. ) ;
#1856 = ORIENTED_EDGE ( 'NONE', *, *, #1013, .T. ) ;
#1857 = EDGE_CURVE ( 'NONE', #3313, #1438, #2156, .T. ) ;
#1858 = CARTESIAN_POINT ( 'NONE',  ( 21.81623381592653743, -8.099999999999999645, 95.93376618407364731 ) ) ;
#1859 = CYLINDRICAL_SURFACE ( 'NONE', #2452, 113.0000000000000142 ) ;
#1860 = CYLINDRICAL_SURFACE ( 'NONE', #1865, 1.799999999999996048 ) ;
#1861 = VERTEX_POINT ( 'NONE', #2934 ) ;
#1862 = CARTESIAN_POINT ( 'NONE',  ( -33.08987982036623521, 10.99580510991700955, 116.1019984741247129 ) ) ;
#1863 = CARTESIAN_POINT ( 'NONE',  ( -41.14999999999995595, -8.099999999999999645, 18.85000000000002274 ) ) ;
#1864 = ORIENTED_EDGE ( 'NONE', *, *, #1352, .T. ) ;
#1865 = AXIS2_PLACEMENT_3D ( 'NONE', #2987, #247, #3226 ) ;
#1866 = VECTOR ( 'NONE', #711, 1000.000000000000000 ) ;
#1867 = CARTESIAN_POINT ( 'NONE',  ( 24.45000000000004192, 15.00000000000000000, 149.8500000000001080 ) ) ;
#1868 = VECTOR ( 'NONE', #879, 1000.000000000000000 ) ;
#1869 = STYLED_ITEM ( 'NONE', ( #398 ), #984 ) ;
#1870 = VERTEX_POINT ( 'NONE', #2467 ) ;
#1871 = DIRECTION ( 'NONE',  ( 0.9063077870366477162, -0.000000000000000000, -0.4226182617407042152 ) ) ;
#1872 = VECTOR ( 'NONE', #927, 1000.000000000000000 ) ;
#1873 = DIRECTION ( 'NONE',  ( 0.9063077870366477162, -0.000000000000000000, -0.4226182617407042152 ) ) ;
#1874 = FACE_OUTER_BOUND ( 'NONE', #1651, .T. ) ;
#1875 = AXIS2_PLACEMENT_3D ( 'NONE', #2925, #2959, #773 ) ;
#1876 = ADVANCED_FACE ( 'NONE', ( #1335 ), #3276, .F. ) ;
#1877 = EDGE_LOOP ( 'NONE', ( #42, #1654, #1686, #3186 ) ) ;
#1878 = LINE ( 'NONE', #2985, #1815 ) ;
#1879 = DIRECTION ( 'NONE',  ( 0.000000000000000000, 1.000000000000000000, -0.000000000000000000 ) ) ;
#1880 = DIRECTION ( 'NONE',  ( -0.000000000000000000, -1.000000000000000000, -0.000000000000000000 ) ) ;
#1881 = EDGE_CURVE ( 'NONE', #1861, #3085, #2341, .T. ) ;
#1882 = ORIENTED_EDGE ( 'NONE', *, *, #717, .T. ) ;
#1883 = CARTESIAN_POINT ( 'NONE',  ( -11.77133829043442681, 0.000000000000000000, 136.2713382904347270 ) ) ;
#1884 = EDGE_CURVE ( 'NONE', #2980, #2238, #1581, .T. ) ;
#1885 = DIRECTION ( 'NONE',  ( 0.4226182617407042152, 0.000000000000000000, 0.9063077870366477162 ) ) ;
#1886 = ORIENTED_EDGE ( 'NONE', *, *, #2550, .T. ) ;
#1887 = LINE ( 'NONE', #735, #2521 ) ;
#1888 = ADVANCED_FACE ( 'NONE', ( #782 ), #2726, .F. ) ;
#1889 = ORIENTED_EDGE ( 'NONE', *, *, #2150, .T. ) ;
#1890 = DIRECTION ( 'NONE',  ( 0.000000000000000000, 0.000000000000000000, 1.000000000000000000 ) ) ;
#1891 = LINE ( 'NONE', #1551, #1181 ) ;
#1892 = FACE_OUTER_BOUND ( 'NONE', #1140, .T. ) ;
#1893 = ORIENTED_EDGE ( 'NONE', *, *, #3041, .T. ) ;
#1894 = CARTESIAN_POINT ( 'NONE',  ( 71.35000000000003695, -25.00000000000000000, 136.7000000000000739 ) ) ;
#1895 = DIRECTION ( 'NONE',  ( 0.2988362387301239376, -0.7071067811865457964, 0.6408563820557885427 ) ) ;
#1896 = LINE ( 'NONE', #3021, #2910 ) ;
#1897 = ORIENTED_EDGE ( 'NONE', *, *, #2041, .T. ) ;
#1898 = ADVANCED_FACE ( 'NONE', ( #1303 ), #1859, .T. ) ;
#1899 = DIRECTION ( 'NONE',  ( 0.000000000000000000, 0.000000000000000000, 1.000000000000000000 ) ) ;
#1900 = DIRECTION ( 'NONE',  ( 0.4226182617407042152, 5.551115123125782086E-17, 0.9063077870366477162 ) ) ;
#1901 = EDGE_LOOP ( 'NONE', ( #1503, #266 ) ) ;
#1902 = EDGE_CURVE ( 'NONE', #2953, #605, #3560, .T. ) ;
#1903 = VERTEX_POINT ( 'NONE', #2709 ) ;
#1904 = ADVANCED_FACE ( 'NONE', ( #230 ), #2444, .F. ) ;
#1905 = CARTESIAN_POINT ( 'NONE',  ( 111.7511259472106246, 0.000000000000000000, 133.4346666692570125 ) ) ;
#1906 = LINE ( 'NONE', #256, #3327 ) ;
#1907 = VERTEX_POINT ( 'NONE', #3538 ) ;
#1908 = DIRECTION ( 'NONE',  ( -0.4226182617407042152, 0.000000000000000000, -0.9063077870366477162 ) ) ;
#1909 = DIRECTION ( 'NONE',  ( 0.9063077870366477162, -0.000000000000000000, -0.4226182617407042152 ) ) ;
#1910 = DIRECTION ( 'NONE',  ( -0.7758616689591337767, -0.5710263835072952876, -0.2682676648023883392 ) ) ;
#1911 = ORIENTED_EDGE ( 'NONE', *, *, #795, .T. ) ;
#1912 = DIRECTION ( 'NONE',  ( -0.000000000000000000, 1.000000000000000000, -0.000000000000000000 ) ) ;
#1913 = FACE_BOUND ( 'NONE', #887, .T. ) ;
#1914 = AXIS2_PLACEMENT_3D ( 'NONE', #3053, #555, #715 ) ;
#1915 = DIRECTION ( 'NONE',  ( 0.9063077870366477162, -0.000000000000000000, -0.4226182617407042152 ) ) ;
#1916 = EDGE_LOOP ( 'NONE', ( #3227, #305, #1361, #1968 ) ) ;
#1917 = ORIENTED_EDGE ( 'NONE', *, *, #1262, .F. ) ;
#1918 = CARTESIAN_POINT ( 'NONE',  ( -41.14999999999992752, -8.099999999999999645, -5.710709682915638857E-14 ) ) ;
#1919 = CARTESIAN_POINT ( 'NONE',  ( -8.458931165181121870, -1.387778780781445676E-14, 105.7151478584614779 ) ) ;
#1920 = EDGE_LOOP ( 'NONE', ( #2605, #2592 ) ) ;
#1921 = VERTEX_POINT ( 'NONE', #2192 ) ;
#1922 = DIRECTION ( 'NONE',  ( 0.000000000000000000, 1.000000000000000000, -0.000000000000000000 ) ) ;
#1923 = DIRECTION ( 'NONE',  ( 0.4226182617407042708, 5.551115123125782702E-17, 0.9063077870366478273 ) ) ;
#1924 = EDGE_CURVE ( 'NONE', #1974, #601, #3540, .T. ) ;
#1925 = EDGE_LOOP ( 'NONE', ( #1488, #663 ) ) ;
#1926 = DIRECTION ( 'NONE',  ( -0.000000000000000000, 1.000000000000000000, -0.000000000000000000 ) ) ;
#1927 = AXIS2_PLACEMENT_3D ( 'NONE', #2445, #1356, #473 ) ;
#1928 = VECTOR ( 'NONE', #642, 1000.000000000000000 ) ;
#1929 = DIRECTION ( 'NONE',  ( 0.000000000000000000, 1.000000000000000000, -0.000000000000000000 ) ) ;
#1930 = VECTOR ( 'NONE', #3272, 1000.000000000000000 ) ;
#1931 = AXIS2_PLACEMENT_3D ( 'NONE', #522, #1661, #3042 ) ;
#1932 = ORIENTED_EDGE ( 'NONE', *, *, #784, .F. ) ;
#1933 = CARTESIAN_POINT ( 'NONE',  ( 131.7713382904344144, -8.099999999999999645, -16.27133829043473767 ) ) ;
#1934 = FACE_BOUND ( 'NONE', #1733, .T. ) ;
#1935 = PLANE ( 'NONE',  #648 ) ;
#1936 = EDGE_CURVE ( 'NONE', #287, #1509, #471, .T. ) ;
#1937 = EDGE_LOOP ( 'NONE', ( #1301, #1280, #3237, #3076 ) ) ;
#1938 = ORIENTED_EDGE ( 'NONE', *, *, #1777, .F. ) ;
#1939 = LINE ( 'NONE', #3127, #1750 ) ;
#1940 = FACE_OUTER_BOUND ( 'NONE', #1476, .T. ) ;
#1941 = ORIENTED_EDGE ( 'NONE', *, *, #2988, .F. ) ;
#1942 = VERTEX_POINT ( 'NONE', #1354 ) ;
#1943 = CYLINDRICAL_SURFACE ( 'NONE', #1914, 2.249999999999998668 ) ;
#1944 = CARTESIAN_POINT ( 'NONE',  ( 79.55000000000003979, 0.000000000000000000, 136.7000000000000739 ) ) ;
#1945 = VERTEX_POINT ( 'NONE', #1282 ) ;
#1946 = LINE ( 'NONE', #1678, #754 ) ;
#1947 = AXIS2_PLACEMENT_3D ( 'NONE', #1832, #1287, #693 ) ;
#1948 = DIRECTION ( 'NONE',  ( 0.000000000000000000, 1.000000000000000000, 0.000000000000000000 ) ) ;
#1949 = PRODUCT_CONTEXT ( 'NONE', #1649, 'mechanical' ) ;
#1950 = ORIENTED_EDGE ( 'NONE', *, *, #1046, .F. ) ;
#1951 = EDGE_CURVE ( 'NONE', #2184, #192, #457, .T. ) ;
#1952 = DIRECTION ( 'NONE',  ( -0.000000000000000000, -1.000000000000000000, 0.000000000000000000 ) ) ;
#1953 = ADVANCED_FACE ( 'NONE', ( #1571 ), #2692, .T. ) ;
#1954 = FACE_BOUND ( 'NONE', #746, .T. ) ;
#1955 = CYLINDRICAL_SURFACE ( 'NONE', #3202, 1.750000000000001554 ) ;
#1956 = ORIENTED_EDGE ( 'NONE', *, *, #1924, .T. ) ;
#1957 = ORIENTED_EDGE ( 'NONE', *, *, #2669, .F. ) ;
#1958 = DIRECTION ( 'NONE',  ( 0.9063077870366477162, -0.000000000000000000, -0.4226182617407042152 ) ) ;
#1959 = CARTESIAN_POINT ( 'NONE',  ( 35.59948718080678276, 4.426212892130250308E-15, 76.34334662583040654 ) ) ;
#1960 = ORIENTED_EDGE ( 'NONE', *, *, #500, .F. ) ;
#1961 = ORIENTED_EDGE ( 'NONE', *, *, #2072, .T. ) ;
#1962 = LINE ( 'NONE', #1717, #3138 ) ;
#1963 = FACE_OUTER_BOUND ( 'NONE', #976, .T. ) ;
#1964 = VERTEX_POINT ( 'NONE', #1036 ) ;
#1965 = DIRECTION ( 'NONE',  ( 0.000000000000000000, 1.000000000000000000, -0.000000000000000000 ) ) ;
#1966 = DIRECTION ( 'NONE',  ( 0.000000000000000000, 1.000000000000000000, -0.000000000000000000 ) ) ;
#1967 = EDGE_CURVE ( 'NONE', #3387, #726, #1702, .T. ) ;
#1968 = ORIENTED_EDGE ( 'NONE', *, *, #1376, .T. ) ;
#1969 = DIRECTION ( 'NONE',  ( 0.000000000000000000, 0.000000000000000000, 1.000000000000000000 ) ) ;
#1970 = PLANE ( 'NONE',  #1812 ) ;
#1971 = LINE ( 'NONE', #3312, #2854 ) ;
#1972 = EDGE_CURVE ( 'NONE', #2469, #1870, #1647, .T. ) ;
#1973 = VERTEX_POINT ( 'NONE', #2498 ) ;
#1974 = VERTEX_POINT ( 'NONE', #3576 ) ;
#1975 = DIRECTION ( 'NONE',  ( -1.387778780781445478E-15, 0.000000000000000000, 1.000000000000000000 ) ) ;
#1976 = ORIENTED_EDGE ( 'NONE', *, *, #632, .T. ) ;
#1977 = EDGE_LOOP ( 'NONE', ( #2527, #1886, #3129, #761, #2062 ) ) ;
#1978 = CYLINDRICAL_SURFACE ( 'NONE', #875, 1.799999999999996048 ) ;
#1979 = CARTESIAN_POINT ( 'NONE',  ( -11.77133829043442681, 0.000000000000000000, 127.2713382904347128 ) ) ;
#1980 = VECTOR ( 'NONE', #3154, 1000.000000000000114 ) ;
#1981 = ORIENTED_EDGE ( 'NONE', *, *, #1884, .T. ) ;
#1982 = VECTOR ( 'NONE', #3304, 1000.000000000000000 ) ;
#1983 = CYLINDRICAL_SURFACE ( 'NONE', #1643, 2.249999999999998668 ) ;
#1984 = SHAPE_DEFINITION_REPRESENTATION ( #3474, #3273 ) ;
#1985 = VECTOR ( 'NONE', #3084, 1000.000000000000000 ) ;
#1986 = EDGE_LOOP ( 'NONE', ( #2174, #232, #322, #52 ) ) ;
#1987 = VECTOR ( 'NONE', #2657, 1000.000000000000114 ) ;
#1988 = AXIS2_PLACEMENT_3D ( 'NONE', #1319, #441, #1607 ) ;
#1989 = CYLINDRICAL_SURFACE ( 'NONE', #2456, 1.750000000000001554 ) ;
#1990 = DIRECTION ( 'NONE',  ( 0.4226182617407042152, 0.000000000000000000, 0.9063077870366477162 ) ) ;
#1991 = CIRCLE ( 'NONE', #2165, 92.50000000000000000 ) ;
#1992 = DIRECTION ( 'NONE',  ( 0.000000000000000000, 0.000000000000000000, 1.000000000000000000 ) ) ;
#1993 = ADVANCED_FACE ( 'NONE', ( #1723, #863, #2285, #1090, #2210, #2809, #2825, #69, #3385, #3311, #1954, #1436, #820, #525, #1913, #1452, #15, #2786, #1934, #280, #2266, #1169, #1110 ), #1970, .F. ) ;
#1994 = CIRCLE ( 'NONE', #3543, 1.799999999999996048 ) ;
#1995 = AXIS2_PLACEMENT_3D ( 'NONE', #1260, #3400, #914 ) ;
#1996 = AXIS2_PLACEMENT_3D ( 'NONE', #3331, #3575, #2497 ) ;
#1997 = VERTEX_POINT ( 'NONE', #564 ) ;
#1998 = ORIENTED_EDGE ( 'NONE', *, *, #2864, .T. ) ;
#1999 = VECTOR ( 'NONE', #1568, 1000.000000000000114 ) ;
#2000 = CIRCLE ( 'NONE', #2459, 1.699999999999993072 ) ;
#2001 = DIRECTION ( 'NONE',  ( 0.000000000000000000, 1.000000000000000000, -0.000000000000000000 ) ) ;
#2002 = VECTOR ( 'NONE', #2276, 1000.000000000000000 ) ;
#2003 = ORIENTED_EDGE ( 'NONE', *, *, #1, .T. ) ;
#2004 = ORIENTED_EDGE ( 'NONE', *, *, #2241, .F. ) ;
#2005 = ADVANCED_FACE ( 'NONE', ( #3045 ), #1413, .F. ) ;
#2006 = CARTESIAN_POINT ( 'NONE',  ( 103.6960218784329868, 1.347111479062085841E-15, 116.1604402483384035 ) ) ;
#2007 = CARTESIAN_POINT ( 'NONE',  ( 131.7713382904344144, -2.143131898507868297E-16, -11.77133829043473412 ) ) ;
#2008 = AXIS2_PLACEMENT_3D ( 'NONE', #3315, #3371, #21 ) ;
#2009 = ORIENTED_EDGE ( 'NONE', *, *, #3347, .T. ) ;
#2010 = EDGE_CURVE ( 'NONE', #1138, #614, #2673, .T. ) ;
#2011 = LINE ( 'NONE', #651, #831 ) ;
#2012 = DIRECTION ( 'NONE',  ( -2.590202418016783620E-18, -1.000000000000000000, -6.004194730106474119E-17 ) ) ;
#2013 = CARTESIAN_POINT ( 'NONE',  ( 98.18376618407366152, -8.099999999999999645, 100.4337661840734484 ) ) ;
#2014 = DIRECTION ( 'NONE',  ( 0.000000000000000000, 1.000000000000000000, -0.000000000000000000 ) ) ;
#2015 = DIRECTION ( 'NONE',  ( 0.000000000000000000, 0.000000000000000000, 1.000000000000000000 ) ) ;
#2016 = VERTEX_POINT ( 'NONE', #1665 ) ;
#2017 = ORIENTED_EDGE ( 'NONE', *, *, #928, .F. ) ;
#2018 = AXIS2_PLACEMENT_3D ( 'NONE', #1359, #1076, #2470 ) ;
#2019 = CARTESIAN_POINT ( 'NONE',  ( 136.2987194977686727, 13.00000000000001954, 10.62909880373873150 ) ) ;
#2020 = VERTEX_POINT ( 'NONE', #2537 ) ;
#2021 = VERTEX_POINT ( 'NONE', #2749 ) ;
#2022 = CARTESIAN_POINT ( 'NONE',  ( 98.18376618407366152, -8.099999999999999645, 98.18376618407344836 ) ) ;
#2023 = ADVANCED_FACE ( 'NONE', ( #295 ), #2520, .F. ) ;
#2024 = ORIENTED_EDGE ( 'NONE', *, *, #1020, .T. ) ;
#2025 = EDGE_CURVE ( 'NONE', #649, #2232, #1152, .T. ) ;
#2026 = VECTOR ( 'NONE', #2235, 1000.000000000000000 ) ;
#2027 = VECTOR ( 'NONE', #1189, 1000.000000000000000 ) ;
#2028 = CARTESIAN_POINT ( 'NONE',  ( 35.59948718080678276, 0.000000000000000000, 76.34334662583040654 ) ) ;
#2029 = DIRECTION ( 'NONE',  ( -0.000000000000000000, -1.000000000000000000, 0.000000000000000000 ) ) ;
#2030 = LINE ( 'NONE', #2551, #760 ) ;
#2031 = CARTESIAN_POINT ( 'NONE',  ( -41.14999999999996305, -25.00000000000000000, 23.85000000000002274 ) ) ;
#2032 = DIRECTION ( 'NONE',  ( 1.000000000000000000, 0.000000000000000000, 0.000000000000000000 ) ) ;
#2033 = ORIENTED_EDGE ( 'NONE', *, *, #1094, .F. ) ;
#2034 = EDGE_LOOP ( 'NONE', ( #3243, #334, #2900, #937 ) ) ;
#2035 = CARTESIAN_POINT ( 'NONE',  ( 149.0473257294294740, 0.000000000000000000, 4.684326087112639314 ) ) ;
#2036 = VERTEX_POINT ( 'NONE', #2481 ) ;
#2037 = CARTESIAN_POINT ( 'NONE',  ( 0.000000000000000000, -8.099999999999999645, 136.7000000000000739 ) ) ;
#2038 = EDGE_LOOP ( 'NONE', ( #2698, #1248, #373, #1478, #1274 ) ) ;
#2039 = DIRECTION ( 'NONE',  ( 0.4226182617407042708, 5.551115123125782702E-17, 0.9063077870366478273 ) ) ;
#2040 = EDGE_LOOP ( 'NONE', ( #3395, #2437, #1782, #3383 ) ) ;
#2041 = EDGE_CURVE ( 'NONE', #673, #2292, #2229, .T. ) ;
#2042 = FACE_OUTER_BOUND ( 'NONE', #1709, .T. ) ;
#2043 = DIRECTION ( 'NONE',  ( 0.4226182617407042152, 0.000000000000000000, 0.9063077870366477162 ) ) ;
#2044 =( NAMED_UNIT ( * ) PLANE_ANGLE_UNIT ( ) SI_UNIT ( $, .RADIAN. ) );
#2045 = ADVANCED_FACE ( 'NONE', ( #607 ), #54, .T. ) ;
#2046 = DIRECTION ( 'NONE',  ( 0.000000000000000000, 0.000000000000000000, 1.000000000000000000 ) ) ;
#2047 = FACE_BOUND ( 'NONE', #612, .T. ) ;
#2048 = ORIENTED_EDGE ( 'NONE', *, *, #2906, .F. ) ;
#2049 = ORIENTED_EDGE ( 'NONE', *, *, #1752, .F. ) ;
#2050 = CIRCLE ( 'NONE', #1810, 1.750000000000001554 ) ;
#2051 = UNCERTAINTY_MEASURE_WITH_UNIT (LENGTH_MEASURE( 1.000000000000000082E-05 ), #3236, 'distance_accuracy_value', 'NONE');
#2052 = DIRECTION ( 'NONE',  ( 0.000000000000000000, 0.000000000000000000, 1.000000000000000000 ) ) ;
#2053 = CIRCLE ( 'NONE', #755, 113.0000000000000142 ) ;
#2054 = ADVANCED_FACE ( 'NONE', ( #1467 ), #1754, .F. ) ;
#2055 = AXIS2_PLACEMENT_3D ( 'NONE', #1840, #2134, #2946 ) ;
#2056 = VECTOR ( 'NONE', #516, 1000.000000000000000 ) ;
#2057 = ORIENTED_EDGE ( 'NONE', *, *, #484, .T. ) ;
#2058 = AXIS2_PLACEMENT_3D ( 'NONE', #3415, #2371, #930 ) ;
#2059 = ORIENTED_EDGE ( 'NONE', *, *, #3176, .F. ) ;
#2060 = DIRECTION ( 'NONE',  ( 0.9063077870366477162, 2.302730277845318263E-17, -0.4226182617407042152 ) ) ;
#2061 = CIRCLE ( 'NONE', #1241, 1.699999999999993072 ) ;
#2062 = ORIENTED_EDGE ( 'NONE', *, *, #2988, .T. ) ;
#2063 = EDGE_CURVE ( 'NONE', #2961, #2081, #2735, .T. ) ;
#2064 = CARTESIAN_POINT ( 'NONE',  ( -46.42765342167791687, 13.00000000000001421, 99.14593959985145943 ) ) ;
#2065 = LINE ( 'NONE', #3167, #916 ) ;
#2066 = CARTESIAN_POINT ( 'NONE',  ( 153.7847344279556410, 11.99586915098770667, 4.677434081518019759 ) ) ;
#2067 = DIRECTION ( 'NONE',  ( 0.000000000000000000, 0.000000000000000000, 1.000000000000000000 ) ) ;
#2068 = CARTESIAN_POINT ( 'NONE',  ( -46.49999999999996447, -8.099999999999999645, 77.25000000000002842 ) ) ;
#2069 = ORIENTED_EDGE ( 'NONE', *, *, #1136, .F. ) ;
#2070 = EDGE_CURVE ( 'NONE', #802, #825, #2283, .T. ) ;
#2071 = ORIENTED_EDGE ( 'NONE', *, *, #1294, .T. ) ;
#2072 = EDGE_CURVE ( 'NONE', #2980, #942, #2308, .T. ) ;
#2073 = CARTESIAN_POINT ( 'NONE',  ( 79.55000000000003979, -8.099999999999999645, 136.7000000000000739 ) ) ;
#2074 = LINE ( 'NONE', #3375, #895 ) ;
#2075 = VECTOR ( 'NONE', #2160, 1000.000000000000114 ) ;
#2076 = ORIENTED_EDGE ( 'NONE', *, *, #1398, .F. ) ;
#2077 = AXIS2_PLACEMENT_3D ( 'NONE', #2197, #2397, #3279 ) ;
#2078 = CARTESIAN_POINT ( 'NONE',  ( -46.49999999999996447, -8.099999999999999645, 73.75000000000002842 ) ) ;
#2079 = ORIENTED_EDGE ( 'NONE', *, *, #961, .F. ) ;
#2080 = FACE_OUTER_BOUND ( 'NONE', #1180, .T. ) ;
#2081 = VERTEX_POINT ( 'NONE', #655 ) ;
#2082 = SURFACE_SIDE_STYLE ('',( #1737 ) ) ;
#2083 = CARTESIAN_POINT ( 'NONE',  ( -31.01395121133822386, -8.100000000000024514, 107.4057030841242550 ) ) ;
#2084 = CYLINDRICAL_SURFACE ( 'NONE', #2565, 2.250000000000001776 ) ;
#2085 = CIRCLE ( 'NONE', #1559, 4.500000000000003553 ) ;
#2086 = EDGE_CURVE ( 'NONE', #3029, #1588, #2586, .T. ) ;
#2087 = ORIENTED_EDGE ( 'NONE', *, *, #72, .F. ) ;
#2088 = EDGE_LOOP ( 'NONE', ( #1577, #1630, #1981, #1799 ) ) ;
#2089 = LINE ( 'NONE', #2915, #1346 ) ;
#2090 = FACE_OUTER_BOUND ( 'NONE', #1609, .T. ) ;
#2091 = EDGE_CURVE ( 'NONE', #1025, #2020, #2401, .T. ) ;
#2092 = ORIENTED_EDGE ( 'NONE', *, *, #474, .F. ) ;
#2093 = CYLINDRICAL_SURFACE ( 'NONE', #489, 1.750000000000001554 ) ;
#2094 = LINE ( 'NONE', #3214, #2911 ) ;
#2095 = ORIENTED_EDGE ( 'NONE', *, *, #2070, .T. ) ;
#2096 = CYLINDRICAL_SURFACE ( 'NONE', #709, 1.750000000000001554 ) ;
#2097 = DIRECTION ( 'NONE',  ( 0.9063077870366477162, 0.000000000000000000, -0.4226182617407041597 ) ) ;
#2098 = CARTESIAN_POINT ( 'NONE',  ( 60.00000000000002842, -8.100000000000003197, 59.99999999999997158 ) ) ;
#2099 = FACE_OUTER_BOUND ( 'NONE', #2844, .T. ) ;
#2100 = CARTESIAN_POINT ( 'NONE',  ( -37.35937950750950165, -1.387778780781445676E-14, 119.1916482446023196 ) ) ;
#2101 = VERTEX_POINT ( 'NONE', #2858 ) ;
#2102 = CIRCLE ( 'NONE', #521, 1.750000000000001554 ) ;
#2103 = CARTESIAN_POINT ( 'NONE',  ( 153.2008645119596508, 13.00000000000001954, 2.747499144374998536 ) ) ;
#2104 = CARTESIAN_POINT ( 'NONE',  ( -15.49999999999997868, -8.099999999999999645, 44.50000000000002842 ) ) ;
#2105 = DIRECTION ( 'NONE',  ( -0.000000000000000000, 1.000000000000000000, -0.000000000000000000 ) ) ;
#2106 = EDGE_LOOP ( 'NONE', ( #1402, #1351 ) ) ;
#2107 = VECTOR ( 'NONE', #202, 1000.000000000000114 ) ;
#2108 = VECTOR ( 'NONE', #389, 1000.000000000000114 ) ;
#2109 = DIRECTION ( 'NONE',  ( 0.000000000000000000, 0.000000000000000000, 1.000000000000000000 ) ) ;
#2110 = EDGE_CURVE ( 'NONE', #444, #2863, #2633, .T. ) ;
#2111 = DIRECTION ( 'NONE',  ( 0.000000000000000000, 0.000000000000000000, 1.000000000000000000 ) ) ;
#2112 = AXIS2_PLACEMENT_3D ( 'NONE', #2745, #1966, #1387 ) ;
#2113 = ORIENTED_EDGE ( 'NONE', *, *, #332, .T. ) ;
#2114 = ADVANCED_FACE ( 'NONE', ( #2568 ), #2599, .F. ) ;
#2115 = VECTOR ( 'NONE', #382, 1000.000000000000114 ) ;
#2116 = CYLINDRICAL_SURFACE ( 'NONE', #2920, 1.699999999999979305 ) ;
#2117 = CARTESIAN_POINT ( 'NONE',  ( -25.59632125606412956, 13.00000000000001421, 89.43212988145505449 ) ) ;
#2118 = CARTESIAN_POINT ( 'NONE',  ( -43.76632105547726326, 13.00000000000001599, 94.59480617970881156 ) ) ;
#2119 = CARTESIAN_POINT ( 'NONE',  ( -46.49999999999996447, 0.000000000000000000, 73.75000000000002842 ) ) ;
#2120 = FACE_OUTER_BOUND ( 'NONE', #254, .T. ) ;
#2121 = ORIENTED_EDGE ( 'NONE', *, *, #987, .T. ) ;
#2122 = DIRECTION ( 'NONE',  ( -0.000000000000000000, 1.000000000000000000, -0.000000000000000000 ) ) ;
#2123 = DIRECTION ( 'NONE',  ( 0.000000000000000000, 1.000000000000000000, 0.000000000000000000 ) ) ;
#2124 = FACE_OUTER_BOUND ( 'NONE', #3104, .T. ) ;
#2125 = ORIENTED_EDGE ( 'NONE', *, *, #971, .F. ) ;
#2126 = CARTESIAN_POINT ( 'NONE',  ( 158.1984616609301781, -8.099999999999996092, 28.00152929549877001 ) ) ;
#2127 = CARTESIAN_POINT ( 'NONE',  ( -34.81751556700457684, -8.100000000000024514, 99.24893300079440905 ) ) ;
#2128 = ADVANCED_FACE ( 'NONE', ( #420 ), #1789, .F. ) ;
#2129 = ORIENTED_EDGE ( 'NONE', *, *, #156, .T. ) ;
#2130 = FACE_OUTER_BOUND ( 'NONE', #1311, .T. ) ;
#2131 = EDGE_CURVE ( 'NONE', #1744, #1097, #349, .T. ) ;
#2132 = DIRECTION ( 'NONE',  ( -0.000000000000000000, 1.000000000000000000, -0.000000000000000000 ) ) ;
#2133 = DIRECTION ( 'NONE',  ( -1.000000000000000000, 0.000000000000000000, -0.000000000000000000 ) ) ;
#2134 = DIRECTION ( 'NONE',  ( -0.4226182617407042152, 0.000000000000000000, -0.9063077870366477162 ) ) ;
#2135 = ORIENTED_EDGE ( 'NONE', *, *, #306, .T. ) ;
#2136 = DIRECTION ( 'NONE',  ( 0.000000000000000000, 0.000000000000000000, 1.000000000000000000 ) ) ;
#2137 = AXIS2_PLACEMENT_3D ( 'NONE', #1728, #300, #628 ) ;
#2138 = DIRECTION ( 'NONE',  ( 0.000000000000000000, 0.000000000000000000, 1.000000000000000000 ) ) ;
#2139 = VECTOR ( 'NONE', #2942, 1000.000000000000000 ) ;
#2140 = CARTESIAN_POINT ( 'NONE',  ( -10.09460336273314240, -8.099999999999990763, 97.65085097871124731 ) ) ;
#2141 = ORIENTED_EDGE ( 'NONE', *, *, #214, .F. ) ;
#2142 = DIRECTION ( 'NONE',  ( -0.000000000000000000, 1.000000000000000000, -0.000000000000000000 ) ) ;
#2143 = LINE ( 'NONE', #3242, #936 ) ;
#2144 = ORIENTED_EDGE ( 'NONE', *, *, #643, .F. ) ;
#2145 = DIRECTION ( 'NONE',  ( 0.000000000000000000, 0.000000000000000000, 1.000000000000000000 ) ) ;
#2146 = ORIENTED_EDGE ( 'NONE', *, *, #717, .F. ) ;
#2147 = CARTESIAN_POINT ( 'NONE',  ( 128.4589311651810988, 0.000000000000000000, 14.28485214153853100 ) ) ;
#2148 = VECTOR ( 'NONE', #2275, 1000.000000000000000 ) ;
#2149 = ADVANCED_FACE ( 'NONE', ( #1485 ), #637, .F. ) ;
#2150 = EDGE_CURVE ( 'NONE', #271, #1434, #385, .T. ) ;
#2151 = DIRECTION ( 'NONE',  ( 0.000000000000000000, 0.000000000000000000, 1.000000000000000000 ) ) ;
#2152 = DIRECTION ( 'NONE',  ( 0.9063077870366477162, 0.000000000000000000, -0.4226182617407041597 ) ) ;
#2153 = EDGE_LOOP ( 'NONE', ( #3293, #730 ) ) ;
#2154 = EDGE_CURVE ( 'NONE', #150, #439, #108, .T. ) ;
#2155 = DIRECTION ( 'NONE',  ( -0.000000000000000000, -1.000000000000000000, -0.000000000000000000 ) ) ;
#2156 = LINE ( 'NONE', #1023, #1231 ) ;
#2157 = DIRECTION ( 'NONE',  ( -1.000000000000000000, 0.000000000000000000, -1.734723475976807094E-16 ) ) ;
#2158 = ORIENTED_EDGE ( 'NONE', *, *, #3392, .F. ) ;
#2159 = ADVANCED_FACE ( 'NONE', ( #1538 ), #1499, .F. ) ;
#2160 = DIRECTION ( 'NONE',  ( -0.6511327143160626774, -0.6955832962520901441, 0.3036281711608351808 ) ) ;
#2161 = DIRECTION ( 'NONE',  ( 0.4226182617407042152, 5.551115123125782086E-17, 0.9063077870366477162 ) ) ;
#2162 = VECTOR ( 'NONE', #356, 1000.000000000000114 ) ;
#2163 = ORIENTED_EDGE ( 'NONE', *, *, #3250, .F. ) ;
#2164 = AXIS2_PLACEMENT_3D ( 'NONE', #1522, #3404, #2619 ) ;
#2165 = AXIS2_PLACEMENT_3D ( 'NONE', #3507, #1058, #1372 ) ;
#2166 = CIRCLE ( 'NONE', #2618, 2.250000000000001776 ) ;
#2167 = DIRECTION ( 'NONE',  ( -0.6304125579258889056, 0.7184454592904578885, 0.2939662035579276855 ) ) ;
#2168 = AXIS2_PLACEMENT_3D ( 'NONE', #3328, #2782, #2189 ) ;
#2169 = ORIENTED_EDGE ( 'NONE', *, *, #3407, .F. ) ;
#2170 = LINE ( 'NONE', #1548, #2888 ) ;
#2171 = CARTESIAN_POINT ( 'NONE',  ( -47.69550820690000847, 13.00000000000001421, 96.42701623874155814 ) ) ;
#2172 = LINE ( 'NONE', #2462, #2738 ) ;
#2173 = CIRCLE ( 'NONE', #147, 1.699999999999979305 ) ;
#2174 = ORIENTED_EDGE ( 'NONE', *, *, #1680, .T. ) ;
#2175 = CARTESIAN_POINT ( 'NONE',  ( 71.35000000000003695, 15.00000000000000000, 144.7000000000000739 ) ) ;
#2176 = CARTESIAN_POINT ( 'NONE',  ( 58.09821782216683772, 44.00000000000000000, 55.92161495833509832 ) ) ;
#2177 = CARTESIAN_POINT ( 'NONE',  ( 132.1610810083448939, 8.579899218862056642, 12.55851131803391851 ) ) ;
#2178 = ADVANCED_FACE ( 'NONE', ( #2841 ), #2339, .F. ) ;
#2179 = EDGE_CURVE ( 'NONE', #1674, #2101, #1517, .T. ) ;
#2180 = ORIENTED_EDGE ( 'NONE', *, *, #1352, .F. ) ;
#2181 = CARTESIAN_POINT ( 'NONE',  ( -46.49999999999996447, -8.099999999999999645, 75.50000000000002842 ) ) ;
#2182 = DIRECTION ( 'NONE',  ( 0.000000000000000000, 0.000000000000000000, 1.000000000000000000 ) ) ;
#2183 = VERTEX_POINT ( 'NONE', #2083 ) ;
#2184 = VERTEX_POINT ( 'NONE', #3184 ) ;
#2185 = CARTESIAN_POINT ( 'NONE',  ( 21.81623381592637756, 0.000000000000000000, 19.56623381592651612 ) ) ;
#2186 = CARTESIAN_POINT ( 'NONE',  ( 38.98043327473241959, 4.426212892130250308E-15, 83.59380892212358560 ) ) ;
#2187 = EDGE_LOOP ( 'NONE', ( #257, #1663 ) ) ;
#2188 = DIRECTION ( 'NONE',  ( 0.000000000000000000, 0.000000000000000000, 1.000000000000000000 ) ) ;
#2189 = DIRECTION ( 'NONE',  ( 0.000000000000000000, 0.000000000000000000, 1.000000000000000000 ) ) ;
#2190 = ORIENTED_EDGE ( 'NONE', *, *, #1610, .T. ) ;
#2191 = LINE ( 'NONE', #294, #2674 ) ;
#2192 = CARTESIAN_POINT ( 'NONE',  ( 71.35000000000003695, 15.00000000000000000, 144.7000000000000739 ) ) ;
#2193 = DIRECTION ( 'NONE',  ( 0.9063077870366477162, -0.000000000000000000, -0.4226182617407042152 ) ) ;
#2194 = ORIENTED_EDGE ( 'NONE', *, *, #1398, .T. ) ;
#2195 = VECTOR ( 'NONE', #776, 1000.000000000000114 ) ;
#2196 = EDGE_CURVE ( 'NONE', #3341, #3313, #2722, .T. ) ;
#2197 = CARTESIAN_POINT ( 'NONE',  ( 31.79592282514044754, 4.426212892130250308E-15, 68.18657654250058897 ) ) ;
#2198 = CARTESIAN_POINT ( 'NONE',  ( -44.76147543788913197, -8.100000000000024514, 95.05885428927398095 ) ) ;
#2199 = VECTOR ( 'NONE', #1871, 1000.000000000000114 ) ;
#2200 = ORIENTED_EDGE ( 'NONE', *, *, #1487, .T. ) ;
#2201 = ORIENTED_EDGE ( 'NONE', *, *, #1715, .F. ) ;
#2202 = CARTESIAN_POINT ( 'NONE',  ( -26.86417604128621761, 13.00000000000001421, 86.71320652034516741 ) ) ;
#2203 = CARTESIAN_POINT ( 'NONE',  ( 103.6960218784329868, 1.347111479062085841E-15, 117.8604402483384064 ) ) ;
#2204 = EDGE_LOOP ( 'NONE', ( #2180, #199, #668, #897 ) ) ;
#2205 = LINE ( 'NONE', #838, #60 ) ;
#2206 = ADVANCED_FACE ( 'NONE', ( #452 ), #1839, .F. ) ;
#2207 = CARTESIAN_POINT ( 'NONE',  ( -15.49999999999996447, 0.000000000000000000, 75.50000000000002842 ) ) ;
#2208 = EDGE_LOOP ( 'NONE', ( #1375, #2268, #550, #3512 ) ) ;
#2209 = FACE_OUTER_BOUND ( 'NONE', #8, .T. ) ;
#2210 = FACE_BOUND ( 'NONE', #674, .T. ) ;
#2211 = CARTESIAN_POINT ( 'NONE',  ( 60.00000000000002842, -54.00000000000000000, 59.99999999999997158 ) ) ;
#2212 = ORIENTED_EDGE ( 'NONE', *, *, #2473, .F. ) ;
#2213 = ORIENTED_EDGE ( 'NONE', *, *, #3060, .F. ) ;
#2214 = CARTESIAN_POINT ( 'NONE',  ( 75.45000000000004547, 15.00000000000000000, 146.2500000000000853 ) ) ;
#2215 = LINE ( 'NONE', #3316, #2672 ) ;
#2216 = ORIENTED_EDGE ( 'NONE', *, *, #94, .T. ) ;
#2217 = ORIENTED_EDGE ( 'NONE', *, *, #1146, .F. ) ;
#2218 = DIRECTION ( 'NONE',  ( -0.4226182617407042708, -5.551115123125782702E-17, -0.9063077870366478273 ) ) ;
#2219 = CARTESIAN_POINT ( 'NONE',  ( 71.35000000000003695, 0.000000000000000000, 152.0000000000000853 ) ) ;
#2220 = EDGE_CURVE ( 'NONE', #3134, #1321, #756, .T. ) ;
#2221 = VERTEX_POINT ( 'NONE', #2119 ) ;
#2222 = CARTESIAN_POINT ( 'NONE',  ( -15.49999999999996447, -8.099999999999999645, 77.25000000000002842 ) ) ;
#2223 = AXIS2_PLACEMENT_3D ( 'NONE', #2007, #1444, #2545 ) ;
#2224 = VECTOR ( 'NONE', #2390, 999.9999999999998863 ) ;
#2225 = CARTESIAN_POINT ( 'NONE',  ( 103.6960218784329868, -8.099999999999999645, 117.8604402483384064 ) ) ;
#2226 = VECTOR ( 'NONE', #1106, 1000.000000000000000 ) ;
#2227 = ORIENTED_EDGE ( 'NONE', *, *, #1615, .F. ) ;
#2228 = CARTESIAN_POINT ( 'NONE',  ( 98.18376618407366152, 0.000000000000000000, 100.4337661840734484 ) ) ;
#2229 = LINE ( 'NONE', #2250, #413 ) ;
#2230 = AXIS2_PLACEMENT_3D ( 'NONE', #1363, #3360, #517 ) ;
#2231 = DIRECTION ( 'NONE',  ( 0.9063077870366477162, 0.000000000000000000, -0.4226182617407042152 ) ) ;
#2232 = VERTEX_POINT ( 'NONE', #2930 ) ;
#2233 = AXIS2_PLACEMENT_3D ( 'NONE', #1202, #2239, #3342 ) ;
#2234 = EDGE_LOOP ( 'NONE', ( #2694, #2639, #1070, #1897 ) ) ;
#2235 = DIRECTION ( 'NONE',  ( 0.4226182617407042708, -5.551115123125782702E-17, 0.9063077870366477162 ) ) ;
#2236 = CYLINDRICAL_SURFACE ( 'NONE', #1699, 1.699999999999993072 ) ;
#2237 = VERTEX_POINT ( 'NONE', #241 ) ;
#2238 = VERTEX_POINT ( 'NONE', #2997 ) ;
#2239 = DIRECTION ( 'NONE',  ( 0.000000000000000000, 1.000000000000000000, -0.000000000000000000 ) ) ;
#2240 = DIRECTION ( 'NONE',  ( 0.000000000000000000, 1.000000000000000000, 0.000000000000000000 ) ) ;
#2241 = EDGE_CURVE ( 'NONE', #287, #553, #2802, .T. ) ;
#2242 = ORIENTED_EDGE ( 'NONE', *, *, #2392, .T. ) ;
#2243 = LINE ( 'NONE', #2801, #2162 ) ;
#2244 = EDGE_CURVE ( 'NONE', #2724, #1393, #207, .T. ) ;
#2245 = CYLINDRICAL_SURFACE ( 'NONE', #1422, 48.00000000000001421 ) ;
#2246 = EDGE_CURVE ( 'NONE', #1014, #1716, #1763, .T. ) ;
#2247 = EDGE_LOOP ( 'NONE', ( #2301, #447, #1382, #1418 ) ) ;
#2248 = CIRCLE ( 'NONE', #3398, 115.0000000000000142 ) ;
#2249 = PLANE ( 'NONE',  #889 ) ;
#2250 = CARTESIAN_POINT ( 'NONE',  ( 37.28996022777116792, -8.099999999999999645, 79.96857777397804057 ) ) ;
#2251 = DIRECTION ( 'NONE',  ( -0.000000000000000000, 1.000000000000000000, -0.000000000000000000 ) ) ;
#2252 = EDGE_LOOP ( 'NONE', ( #2358, #2501, #3282, #1254, #2720, #576, #1115 ) ) ;
#2253 = EDGE_LOOP ( 'NONE', ( #1166, #2144, #76, #502 ) ) ;
#2254 = CARTESIAN_POINT ( 'NONE',  ( 160.8624681285457143, 0.000000000000000000, 3.588346380062827468 ) ) ;
#2255 = ORIENTED_EDGE ( 'NONE', *, *, #2864, .F. ) ;
#2256 = ORIENTED_EDGE ( 'NONE', *, *, #3190, .F. ) ;
#2257 = DIRECTION ( 'NONE',  ( 0.4226182617407042708, 5.551115123125782702E-17, 0.9063077870366478273 ) ) ;
#2258 = DIRECTION ( 'NONE',  ( -0.000000000000000000, 1.000000000000000000, -0.000000000000000000 ) ) ;
#2259 = VECTOR ( 'NONE', #2981, 1000.000000000000000 ) ;
#2260 = EDGE_LOOP ( 'NONE', ( #2402, #1439, #2337, #1719 ) ) ;
#2261 = AXIS2_PLACEMENT_3D ( 'NONE', #206, #701, #1890 ) ;
#2262 = EDGE_CURVE ( 'NONE', #2232, #2591, #3036, .T. ) ;
#2263 = DIRECTION ( 'NONE',  ( 0.4226182617407042152, 5.551115123125782086E-17, 0.9063077870366477162 ) ) ;
#2264 = ORIENTED_EDGE ( 'NONE', *, *, #841, .T. ) ;
#2265 = DIRECTION ( 'NONE',  ( 0.000000000000000000, 0.000000000000000000, 1.000000000000000000 ) ) ;
#2266 = FACE_BOUND ( 'NONE', #2281, .T. ) ;
#2267 = LINE ( 'NONE', #565, #3376 ) ;
#2268 = ORIENTED_EDGE ( 'NONE', *, *, #3363, .F. ) ;
#2269 = EDGE_CURVE ( 'NONE', #2183, #2472, #188, .T. ) ;
#2270 = VERTEX_POINT ( 'NONE', #1567 ) ;
#2271 = CARTESIAN_POINT ( 'NONE',  ( 98.18376618407349099, -8.099999999999999645, 24.06623381592629940 ) ) ;
#2272 = ORIENTED_EDGE ( 'NONE', *, *, #1392, .T. ) ;
#2273 = EDGE_CURVE ( 'NONE', #1406, #168, #437, .T. ) ;
#2274 = EDGE_LOOP ( 'NONE', ( #1210, #1394 ) ) ;
#2275 = DIRECTION ( 'NONE',  ( 0.000000000000000000, 0.000000000000000000, -1.000000000000000000 ) ) ;
#2276 = DIRECTION ( 'NONE',  ( -0.000000000000000000, 1.000000000000000000, -0.000000000000000000 ) ) ;
#2277 = CIRCLE ( 'NONE', #251, 1.699999999999979305 ) ;
#2278 = ORIENTED_EDGE ( 'NONE', *, *, #786, .F. ) ;
#2279 = DIRECTION ( 'NONE',  ( 0.000000000000000000, 0.000000000000000000, 1.000000000000000000 ) ) ;
#2280 = VECTOR ( 'NONE', #3333, 1000.000000000000227 ) ;
#2281 = EDGE_LOOP ( 'NONE', ( #2200, #2813 ) ) ;
#2282 = AXIS2_PLACEMENT_3D ( 'NONE', #481, #1885, #1814 ) ;
#2283 = CIRCLE ( 'NONE', #700, 92.50000000000000000 ) ;
#2284 = CARTESIAN_POINT ( 'NONE',  ( 112.5000000000000426, -8.099999999999999645, -0.000000000000000000 ) ) ;
#2285 = FACE_BOUND ( 'NONE', #580, .T. ) ;
#2286 = CIRCLE ( 'NONE', #193, 1.699999999999979305 ) ;
#2287 = DIRECTION ( 'NONE',  ( 0.4226182617407042152, 5.551115123125782086E-17, 0.9063077870366477162 ) ) ;
#2288 = VECTOR ( 'NONE', #210, 1000.000000000000000 ) ;
#2289 = VECTOR ( 'NONE', #3200, 1000.000000000000000 ) ;
#2290 = MECHANICAL_DESIGN_GEOMETRIC_PRESENTATION_REPRESENTATION (  '', ( #1869 ), #1237 ) ;
#2291 = ADVANCED_FACE ( 'NONE', ( #2099 ), #3502, .F. ) ;
#2292 = VERTEX_POINT ( 'NONE', #3235 ) ;
#2293 = ORIENTED_EDGE ( 'NONE', *, *, #179, .F. ) ;
#2294 = CIRCLE ( 'NONE', #2680, 113.0000000000000142 ) ;
#2295 = AXIS2_PLACEMENT_3D ( 'NONE', #1749, #1497, #635 ) ;
#2296 = LINE ( 'NONE', #336, #1843 ) ;
#2297 = EDGE_CURVE ( 'NONE', #3402, #1144, #1891, .T. ) ;
#2298 = AXIS2_PLACEMENT_3D ( 'NONE', #2022, #1692, #2817 ) ;
#2299 = ADVANCED_FACE ( 'NONE', ( #1347 ), #504, .F. ) ;
#2300 = ORIENTED_EDGE ( 'NONE', *, *, #198, .T. ) ;
#2301 = ORIENTED_EDGE ( 'NONE', *, *, #1077, .F. ) ;
#2302 = CARTESIAN_POINT ( 'NONE',  ( 20.35000000000003340, 0.000000000000000000, 132.0000000000000853 ) ) ;
#2303 = CARTESIAN_POINT ( 'NONE',  ( -22.72653755186249924, 8.579899218862053090, 84.78379400604990224 ) ) ;
#2304 = VERTEX_POINT ( 'NONE', #2647 ) ;
#2305 = DIRECTION ( 'NONE',  ( 0.000000000000000000, 0.000000000000000000, 1.000000000000000000 ) ) ;
#2306 = DIRECTION ( 'NONE',  ( 0.000000000000000000, 0.000000000000000000, -1.000000000000000000 ) ) ;
#2307 = FACE_OUTER_BOUND ( 'NONE', #2815, .T. ) ;
#2308 = LINE ( 'NONE', #3155, #82 ) ;
#2309 = CARTESIAN_POINT ( 'NONE',  ( 20.35000000000003340, 15.00000000000000000, 152.0000000000000853 ) ) ;
#2310 = EDGE_LOOP ( 'NONE', ( #2795, #119, #3553, #2484 ) ) ;
#2311 = ORIENTED_EDGE ( 'NONE', *, *, #566, .F. ) ;
#2312 = CARTESIAN_POINT ( 'NONE',  ( 71.35000000000003695, 0.000000000000000000, 144.7000000000000739 ) ) ;
#2313 = ORIENTED_EDGE ( 'NONE', *, *, #643, .T. ) ;
#2314 = DIRECTION ( 'NONE',  ( 0.4226182617407042152, 5.551115123125782086E-17, 0.9063077870366477162 ) ) ;
#2315 = ADVANCED_FACE ( 'NONE', ( #1823 ), #466, .T. ) ;
#2316 = ORIENTED_EDGE ( 'NONE', *, *, #2552, .T. ) ;
#2317 = CARTESIAN_POINT ( 'NONE',  ( 58.09821782216681640, 44.00000000000000000, 55.92161495833508411 ) ) ;
#2318 = EDGE_LOOP ( 'NONE', ( #2742, #3541, #817, #1030 ) ) ;
#2319 = EDGE_CURVE ( 'NONE', #1546, #3466, #888, .T. ) ;
#2320 = DIRECTION ( 'NONE',  ( 0.9063077870366477162, 0.000000000000000000, -0.4226182617407042708 ) ) ;
#2321 =( BOUNDED_CURVE ( )  B_SPLINE_CURVE ( 3, ( #3406, #1365, #3307, #922 ),
 .UNSPECIFIED., .F., .F. ) 
 B_SPLINE_CURVE_WITH_KNOTS ( ( 4, 4 ),
 ( 4.990288417720128322, 5.018009455592150836 ),
 .UNSPECIFIED. ) 
 CURVE ( )  GEOMETRIC_REPRESENTATION_ITEM ( )  RATIONAL_B_SPLINE_CURVE ( ( 1.000000000000000000, 0.9999359630301510871, 0.9999359630301510871, 1.000000000000000000 ) ) 
 REPRESENTATION_ITEM ( '' )  );
#2322 = CARTESIAN_POINT ( 'NONE',  ( -11.77133829043442681, -8.099999999999999645, 131.7713382904347270 ) ) ;
#2323 = ADVANCED_FACE ( 'NONE', ( #2982 ), #487, .T. ) ;
#2324 =( NAMED_UNIT ( * ) SI_UNIT ( $, .STERADIAN. ) SOLID_ANGLE_UNIT ( ) );
#2325 = DIRECTION ( 'NONE',  ( -0.4226182617407042152, -0.000000000000000000, -0.9063077870366477162 ) ) ;
#2326 = CARTESIAN_POINT ( 'NONE',  ( 76.23489593122241104, 1.347111479062085841E-15, 130.6657735790814456 ) ) ;
#2327 = ORIENTED_EDGE ( 'NONE', *, *, #2819, .T. ) ;
#2328 = ORIENTED_EDGE ( 'NONE', *, *, #720, .T. ) ;
#2329 = CARTESIAN_POINT ( 'NONE',  ( 58.09821782216683772, 44.00000000000000000, 55.92161495833509832 ) ) ;
#2330 = EDGE_CURVE ( 'NONE', #2081, #44, #2440, .T. ) ;
#2331 = EDGE_LOOP ( 'NONE', ( #3000, #3574, #2256, #3091, #2393 ) ) ;
#2332 = VERTEX_POINT ( 'NONE', #276 ) ;
#2333 = CARTESIAN_POINT ( 'NONE',  ( 76.23489593122241104, 0.000000000000000000, 128.9657735790814570 ) ) ;
#2334 = ORIENTED_EDGE ( 'NONE', *, *, #1633, .F. ) ;
#2335 = LINE ( 'NONE', #3426, #2349 ) ;
#2336 = EDGE_CURVE ( 'NONE', #2292, #2679, #1696, .T. ) ;
#2337 = ORIENTED_EDGE ( 'NONE', *, *, #32, .F. ) ;
#2338 = DIRECTION ( 'NONE',  ( -0.4226182617407042152, 0.000000000000000000, -0.9063077870366477162 ) ) ;
#2339 = PLANE ( 'NONE',  #2806 ) ;
#2340 = DIRECTION ( 'NONE',  ( 0.000000000000000000, 0.000000000000000000, 1.000000000000000000 ) ) ;
#2341 = CIRCLE ( 'NONE', #3319, 113.0000000000000284 ) ;
#2342 = ORIENTED_EDGE ( 'NONE', *, *, #1432, .T. ) ;
#2343 = VERTEX_POINT ( 'NONE', #292 ) ;
#2344 = AXIS2_PLACEMENT_3D ( 'NONE', #509, #2727, #2468 ) ;
#2345 = DIRECTION ( 'NONE',  ( -0.4226182617407042708, -5.551115123125782702E-17, -0.9063077870366478273 ) ) ;
#2346 = ORIENTED_EDGE ( 'NONE', *, *, #3147, .T. ) ;
#2347 = VECTOR ( 'NONE', #1224, 1000.000000000000000 ) ;
#2348 = CARTESIAN_POINT ( 'NONE',  ( -21.14999999999995595, 0.000000000000000000, 18.85000000000002629 ) ) ;
#2349 = VECTOR ( 'NONE', #365, 1000.000000000000000 ) ;
#2350 = EDGE_LOOP ( 'NONE', ( #3023, #958, #319, #353, #867 ) ) ;
#2351 = ADVANCED_FACE ( 'NONE', ( #3078 ), #1983, .F. ) ;
#2352 = CARTESIAN_POINT ( 'NONE',  ( 71.35000000000003695, 15.00000000000000000, 152.0000000000000853 ) ) ;
#2353 = PLANE ( 'NONE',  #3517 ) ;
#2354 = EDGE_CURVE ( 'NONE', #1605, #2451, #1366, .T. ) ;
#2355 = DIRECTION ( 'NONE',  ( -1.000000000000000000, 0.000000000000000000, -1.734723475976807094E-16 ) ) ;
#2356 = DIRECTION ( 'NONE',  ( 0.4226182617407142628, 0.000000000000000000, 0.9063077870366430533 ) ) ;
#2357 = FACE_BOUND ( 'NONE', #1563, .T. ) ;
#2358 = ORIENTED_EDGE ( 'NONE', *, *, #380, .F. ) ;
#2359 = ORIENTED_EDGE ( 'NONE', *, *, #1471, .F. ) ;
#2360 = CARTESIAN_POINT ( 'NONE',  ( 65.28272827175879911, 44.00000000000000000, 71.32884733795809495 ) ) ;
#2361 = PLANE ( 'NONE',  #2625 ) ;
#2362 = ORIENTED_EDGE ( 'NONE', *, *, #1752, .T. ) ;
#2363 = VECTOR ( 'NONE', #133, 1000.000000000000000 ) ;
#2364 = CARTESIAN_POINT ( 'NONE',  ( 24.45000000000004192, 15.00000000000000000, 135.9500000000001023 ) ) ;
#2365 = DIRECTION ( 'NONE',  ( -0.4226182617407042152, 0.000000000000000000, -0.9063077870366477162 ) ) ;
#2366 = VERTEX_POINT ( 'NONE', #2478 ) ;
#2367 = CARTESIAN_POINT ( 'NONE',  ( -13.89816771839948117, -8.099999999999988987, 89.49408089538142974 ) ) ;
#2368 = CARTESIAN_POINT ( 'NONE',  ( -34.19601889437152664, -8.100000000000024514, 117.7165489651901709 ) ) ;
#2369 = AXIS2_PLACEMENT_3D ( 'NONE', #503, #1583, #2097 ) ;
#2370 = FACE_OUTER_BOUND ( 'NONE', #113, .T. ) ;
#2371 = DIRECTION ( 'NONE',  ( 1.000000000000000000, 0.000000000000000000, 0.000000000000000000 ) ) ;
#2372 = FACE_BOUND ( 'NONE', #1454, .T. ) ;
#2373 = ORIENTED_EDGE ( 'NONE', *, *, #1798, .F. ) ;
#2374 = DIRECTION ( 'NONE',  ( 0.000000000000000000, 0.000000000000000000, 1.000000000000000000 ) ) ;
#2375 = LINE ( 'NONE', #675, #528 ) ;
#2376 = LINE ( 'NONE', #1979, #1060 ) ;
#2377 = EDGE_CURVE ( 'NONE', #568, #2977, #3490, .T. ) ;
#2378 = EDGE_LOOP ( 'NONE', ( #2003, #3443 ) ) ;
#2379 = LINE ( 'NONE', #2126, #2824 ) ;
#2380 = CARTESIAN_POINT ( 'NONE',  ( 38.98043327473241959, 4.426212892130250308E-15, 83.59380892212358560 ) ) ;
#2381 = EDGE_CURVE ( 'NONE', #1674, #1238, #1236, .T. ) ;
#2382 = ORIENTED_EDGE ( 'NONE', *, *, #3450, .T. ) ;
#2383 = CARTESIAN_POINT ( 'NONE',  ( 54.71727172824119378, 44.00000000000000000, 48.67115266204190505 ) ) ;
#2384 = DIRECTION ( 'NONE',  ( 0.6511327143160626774, 0.6955832962520901441, -0.3036281711608351808 ) ) ;
#2385 = DIRECTION ( 'NONE',  ( 0.000000000000000000, 0.000000000000000000, 1.000000000000000000 ) ) ;
#2386 = CARTESIAN_POINT ( 'NONE',  ( 0.000000000000000000, 0.000000000000000000, 0.000000000000000000 ) ) ;
#2387 = DIRECTION ( 'NONE',  ( 0.000000000000000000, 1.000000000000000000, 0.000000000000000000 ) ) ;
#2388 = VERTEX_POINT ( 'NONE', #1409 ) ;
#2389 = LINE ( 'NONE', #3206, #1866 ) ;
#2390 = DIRECTION ( 'NONE',  ( -0.2932093137472616684, 0.5710263835072945104, 0.7667836511496839424 ) ) ;
#2391 = CARTESIAN_POINT ( 'NONE',  ( 131.7713382904346986, -8.099999999999999645, 136.2713382904344144 ) ) ;
#2392 = EDGE_CURVE ( 'NONE', #1964, #1014, #2532, .T. ) ;
#2393 = ORIENTED_EDGE ( 'NONE', *, *, #2769, .T. ) ;
#2394 = CIRCLE ( 'NONE', #1175, 115.0000000000000142 ) ;
#2395 = AXIS2_PLACEMENT_3D ( 'NONE', #245, #2951, #728 ) ;
#2396 = ADVANCED_FACE ( 'NONE', ( #857 ), #51, .T. ) ;
#2397 = DIRECTION ( 'NONE',  ( 0.4226182617407042152, 5.551115123125782086E-17, 0.9063077870366477162 ) ) ;
#2398 =( GEOMETRIC_REPRESENTATION_CONTEXT ( 3 ) GLOBAL_UNCERTAINTY_ASSIGNED_CONTEXT ( ( #2051 ) ) GLOBAL_UNIT_ASSIGNED_CONTEXT ( ( #3236, #579, #1697 ) ) REPRESENTATION_CONTEXT ( 'NONE', 'WORKASPACE' ) );
#2399 = DIRECTION ( 'NONE',  ( -0.000000000000000000, 1.000000000000000000, -0.000000000000000000 ) ) ;
#2400 = VECTOR ( 'NONE', #2708, 1000.000000000000000 ) ;
#2401 = CIRCLE ( 'NONE', #1995, 113.0000000000000142 ) ;
#2402 = ORIENTED_EDGE ( 'NONE', *, *, #1491, .T. ) ;
#2403 = CIRCLE ( 'NONE', #1300, 4.499999999999998224 ) ;
#2404 = CARTESIAN_POINT ( 'NONE',  ( 162.6750837026189629, -8.099999999999999645, 2.743109856581420036 ) ) ;
#2405 = CIRCLE ( 'NONE', #2233, 4.500000000000003553 ) ;
#2406 = DIRECTION ( 'NONE',  ( -6.938893903907233308E-16, 0.000000000000000000, 1.000000000000000000 ) ) ;
#2407 = DIRECTION ( 'NONE',  ( -0.000000000000000000, -0.000000000000000000, 1.000000000000000000 ) ) ;
#2408 = DIRECTION ( 'NONE',  ( 0.000000000000000000, 1.000000000000000000, -0.000000000000000000 ) ) ;
#2409 = LINE ( 'NONE', #2425, #1930 ) ;
#2410 = ORIENTED_EDGE ( 'NONE', *, *, #240, .F. ) ;
#2411 = CARTESIAN_POINT ( 'NONE',  ( -33.20086451195963662, 10.00000000000009237, 117.2525008556250157 ) ) ;
#2412 = DIRECTION ( 'NONE',  ( 0.000000000000000000, 0.000000000000000000, 1.000000000000000000 ) ) ;
#2413 = DIRECTION ( 'NONE',  ( 6.938893903907232322E-16, -0.000000000000000000, -1.000000000000000000 ) ) ;
#2414 = EDGE_LOOP ( 'NONE', ( #1690, #2885, #1941, #953, #4 ) ) ;
#2415 = EDGE_CURVE ( 'NONE', #67, #3029, #2515, .T. ) ;
#2416 = LINE ( 'NONE', #233, #491 ) ;
#2417 = PLANE ( 'NONE',  #1289 ) ;
#2418 = EDGE_CURVE ( 'NONE', #1964, #3352, #3323, .T. ) ;
#2419 = ORIENTED_EDGE ( 'NONE', *, *, #2421, .F. ) ;
#2420 = DIRECTION ( 'NONE',  ( 0.000000000000000000, 1.000000000000000000, 0.000000000000000000 ) ) ;
#2421 = EDGE_CURVE ( 'NONE', #2823, #1658, #1706, .T. ) ;
#2422 = ORIENTED_EDGE ( 'NONE', *, *, #1284, .F. ) ;
#2423 = LINE ( 'NONE', #239, #2947 ) ;
#2424 = CARTESIAN_POINT ( 'NONE',  ( -15.49999999999996447, -8.099999999999999645, 75.50000000000002842 ) ) ;
#2425 = CARTESIAN_POINT ( 'NONE',  ( -11.77133829043469682, 0.000000000000000000, -7.271338290434435692 ) ) ;
#2426 = ADVANCED_FACE ( 'NONE', ( #3572 ), #2245, .F. ) ;
#2427 = ORIENTED_EDGE ( 'NONE', *, *, #2506, .T. ) ;
#2428 = FACE_OUTER_BOUND ( 'NONE', #1368, .T. ) ;
#2429 = DIRECTION ( 'NONE',  ( -1.000000000000000000, 0.000000000000000000, -0.000000000000000000 ) ) ;
#2430 = PLANE ( 'NONE',  #2344 ) ;
#2431 = ORIENTED_EDGE ( 'NONE', *, *, #2025, .F. ) ;
#2432 = CIRCLE ( 'NONE', #1153, 1.750000000000001554 ) ;
#2433 = LINE ( 'NONE', #1847, #1369 ) ;
#2434 = CARTESIAN_POINT ( 'NONE',  ( 7.500000000000034639, 0.000000000000000000, 180.0000000000000000 ) ) ;
#2435 = EDGE_LOOP ( 'NONE', ( #498, #3563, #1911, #27 ) ) ;
#2436 = CYLINDRICAL_SURFACE ( 'NONE', #652, 92.49999999999997158 ) ;
#2437 = ORIENTED_EDGE ( 'NONE', *, *, #2637, .F. ) ;
#2438 = LINE ( 'NONE', #978, #56 ) ;
#2439 = EDGE_CURVE ( 'NONE', #168, #2270, #2762, .T. ) ;
#2440 = LINE ( 'NONE', #1049, #2226 ) ;
#2441 = PLANE ( 'NONE',  #308 ) ;
#2442 = ORIENTED_EDGE ( 'NONE', *, *, #2547, .F. ) ;
#2443 = DIRECTION ( 'NONE',  ( 0.000000000000000000, 0.000000000000000000, 1.000000000000000000 ) ) ;
#2444 = PLANE ( 'NONE',  #1048 ) ;
#2445 = CARTESIAN_POINT ( 'NONE',  ( -47.69550820690000847, 13.00000000000001421, 96.42701623874155814 ) ) ;
#2446 = CIRCLE ( 'NONE', #1417, 1.750000000000001554 ) ;
#2447 = VERTEX_POINT ( 'NONE', #816 ) ;
#2448 = DIRECTION ( 'NONE',  ( 0.000000000000000000, 0.000000000000000000, 1.000000000000000000 ) ) ;
#2449 = DIRECTION ( 'NONE',  ( -0.000000000000000000, 1.000000000000000000, -0.000000000000000000 ) ) ;
#2450 = CIRCLE ( 'NONE', #590, 1.799999999999996048 ) ;
#2451 = VERTEX_POINT ( 'NONE', #3555 ) ;
#2452 = AXIS2_PLACEMENT_3D ( 'NONE', #1008, #493, #3239 ) ;
#2453 = AXIS2_PLACEMENT_3D ( 'NONE', #3291, #208, #2152 ) ;
#2454 = LINE ( 'NONE', #2219, #2866 ) ;
#2455 = AXIS2_PLACEMENT_3D ( 'NONE', #899, #2892, #3123 ) ;
#2456 = AXIS2_PLACEMENT_3D ( 'NONE', #2808, #53, #2265 ) ;
#2457 = ORIENTED_EDGE ( 'NONE', *, *, #619, .F. ) ;
#2458 = CARTESIAN_POINT ( 'NONE',  ( 98.18376618407366152, -8.099999999999999645, 98.18376618407344836 ) ) ;
#2459 = AXIS2_PLACEMENT_3D ( 'NONE', #2203, #47, #1676 ) ;
#2460 = EDGE_CURVE ( 'NONE', #618, #3056, #1068, .T. ) ;
#2461 = CARTESIAN_POINT ( 'NONE',  ( 79.55000000000003979, 15.00000000000000000, 152.0000000000000853 ) ) ;
#2462 = CARTESIAN_POINT ( 'NONE',  ( 10.93779343525007697, -23.77082778738232349, 77.91288201179443718 ) ) ;
#2463 = AXIS2_PLACEMENT_3D ( 'NONE', #2492, #540, #1657 ) ;
#2464 = EDGE_CURVE ( 'NONE', #1494, #2881, #2976, .T. ) ;
#2465 = EDGE_LOOP ( 'NONE', ( #1889, #2327, #2146, #2505 ) ) ;
#2466 = CYLINDRICAL_SURFACE ( 'NONE', #2861, 4.500000000000003553 ) ;
#2467 = CARTESIAN_POINT ( 'NONE',  ( -19.02438770869870766, 0.000000000000000000, 83.05745318254528797 ) ) ;
#2468 = DIRECTION ( 'NONE',  ( 0.000000000000000000, 0.000000000000000000, -1.000000000000000000 ) ) ;
#2469 = VERTEX_POINT ( 'NONE', #604 ) ;
#2470 = DIRECTION ( 'NONE',  ( 0.000000000000000000, 0.000000000000000000, 1.000000000000000000 ) ) ;
#2471 = CARTESIAN_POINT ( 'NONE',  ( 21.81623381592653743, -8.099999999999999645, 98.18376618407364731 ) ) ;
#2472 = VERTEX_POINT ( 'NONE', #3345 ) ;
#2473 = EDGE_CURVE ( 'NONE', #1616, #1232, #578, .T. ) ;
#2474 = DIRECTION ( 'NONE',  ( 0.9063077870366477162, 0.000000000000000000, -0.4226182617407042152 ) ) ;
#2475 = CARTESIAN_POINT ( 'NONE',  ( 65.28272827175879911, 44.00000000000000000, 71.32884733795809495 ) ) ;
#2476 = EDGE_LOOP ( 'NONE', ( #2628, #2534, #3205, #1446 ) ) ;
#2477 = DIRECTION ( 'NONE',  ( 0.000000000000000000, 0.000000000000000000, 1.000000000000000000 ) ) ;
#2478 = CARTESIAN_POINT ( 'NONE',  ( 71.35000000000003695, 0.000000000000000000, 144.7000000000000739 ) ) ;
#2479 = ORIENTED_EDGE ( 'NONE', *, *, #2526, .F. ) ;
#2480 = CARTESIAN_POINT ( 'NONE',  ( 76.23489593122241104, 0.000000000000000000, 130.6657735790814456 ) ) ;
#2481 = CARTESIAN_POINT ( 'NONE',  ( 139.6796655916943166, 13.00000000000001954, 17.87956110003189636 ) ) ;
#2482 = CARTESIAN_POINT ( 'NONE',  ( 156.2318361790214567, 0.000000000000000000, 20.09155846673565193 ) ) ;
#2483 = ORIENTED_EDGE ( 'NONE', *, *, #1784, .F. ) ;
#2484 = ORIENTED_EDGE ( 'NONE', *, *, #767, .T. ) ;
#2485 = EDGE_CURVE ( 'NONE', #2953, #2016, #1720, .T. ) ;
#2486 = DIRECTION ( 'NONE',  ( 0.9063077870366477162, 2.302730277845318263E-17, -0.4226182617407042152 ) ) ;
#2487 = ADVANCED_FACE ( 'NONE', ( #3015 ), #1221, .F. ) ;
#2488 = DIRECTION ( 'NONE',  ( -0.9063077870366477162, 0.000000000000000000, 0.4226182617407043263 ) ) ;
#2489 = EDGE_LOOP ( 'NONE', ( #2630, #515, #807, #1519 ) ) ;
#2490 = ORIENTED_EDGE ( 'NONE', *, *, #2025, .T. ) ;
#2491 = CARTESIAN_POINT ( 'NONE',  ( 54.71727172824119378, 44.00000000000000000, 48.67115266204190505 ) ) ;
#2492 = CARTESIAN_POINT ( 'NONE',  ( 61.90178217783316938, 44.00000000000000000, 64.07838504166491589 ) ) ;
#2493 = EDGE_LOOP ( 'NONE', ( #1079, #2835, #1010, #2896 ) ) ;
#2494 = DIRECTION ( 'NONE',  ( -0.9063077870366469391, 0.000000000000000000, 0.4226182617407058251 ) ) ;
#2495 = DIRECTION ( 'NONE',  ( -0.4226182617407043818, 0.000000000000000000, -0.9063077870366476052 ) ) ;
#2496 = ORIENTED_EDGE ( 'NONE', *, *, #3190, .T. ) ;
#2497 = DIRECTION ( 'NONE',  ( 0.000000000000000000, 0.000000000000000000, 1.000000000000000000 ) ) ;
#2498 = CARTESIAN_POINT ( 'NONE',  ( 143.4832299473606270, 13.00000000000001776, 26.03633118336172814 ) ) ;
#2499 = CARTESIAN_POINT ( 'NONE',  ( 24.45000000000004192, 0.000000000000000000, 146.2500000000001137 ) ) ;
#2500 = ORIENTED_EDGE ( 'NONE', *, *, #170, .T. ) ;
#2501 = ORIENTED_EDGE ( 'NONE', *, *, #1468, .T. ) ;
#2502 = EDGE_CURVE ( 'NONE', #3038, #3402, #1816, .T. ) ;
#2503 = CARTESIAN_POINT ( 'NONE',  ( -42.94974550708163008, 10.00000000000004974, 94.21403074802981337 ) ) ;
#2504 = DIRECTION ( 'NONE',  ( 0.4226182617407042152, -0.000000000000000000, 0.9063077870366477162 ) ) ;
#2505 = ORIENTED_EDGE ( 'NONE', *, *, #3147, .F. ) ;
#2506 = EDGE_CURVE ( 'NONE', #1450, #2016, #3148, .T. ) ;
#2507 = EDGE_LOOP ( 'NONE', ( #1472, #1950, #538, #2849 ) ) ;
#2508 = CARTESIAN_POINT ( 'NONE',  ( 131.7713382904346986, 0.000000000000000000, 136.2713382904344144 ) ) ;
#2509 = PLANE ( 'NONE',  #1005 ) ;
#2510 = VECTOR ( 'NONE', #2365, 1000.000000000000000 ) ;
#2511 = VERTEX_POINT ( 'NONE', #3382 ) ;
#2512 = FACE_OUTER_BOUND ( 'NONE', #3251, .T. ) ;
#2513 = VECTOR ( 'NONE', #2032, 1000.000000000000000 ) ;
#2514 = AXIS2_PLACEMENT_3D ( 'NONE', #263, #2553, #2767 ) ;
#2515 = LINE ( 'NONE', #2461, #3099 ) ;
#2516 = AXIS2_PLACEMENT_3D ( 'NONE', #2424, #1033, #2151 ) ;
#2517 = EDGE_LOOP ( 'NONE', ( #71, #65 ) ) ;
#2518 = FACE_OUTER_BOUND ( 'NONE', #1536, .T. ) ;
#2519 = AXIS2_PLACEMENT_3D ( 'NONE', #3093, #1443, #3393 ) ;
#2520 = PLANE ( 'NONE',  #2514 ) ;
#2521 = VECTOR ( 'NONE', #977, 1000.000000000000114 ) ;
#2522 = FACE_OUTER_BOUND ( 'NONE', #3303, .T. ) ;
#2523 = ORIENTED_EDGE ( 'NONE', *, *, #3247, .F. ) ;
#2524 = ORIENTED_EDGE ( 'NONE', *, *, #454, .F. ) ;
#2525 = DIRECTION ( 'NONE',  ( 0.000000000000000000, 1.000000000000000000, 0.000000000000000000 ) ) ;
#2526 = EDGE_CURVE ( 'NONE', #3352, #1716, #343, .T. ) ;
#2527 = ORIENTED_EDGE ( 'NONE', *, *, #393, .T. ) ;
#2528 = ORIENTED_EDGE ( 'NONE', *, *, #2241, .T. ) ;
#2529 = DIRECTION ( 'NONE',  ( -0.000000000000000000, 1.000000000000000000, -0.000000000000000000 ) ) ;
#2530 = DIRECTION ( 'NONE',  ( -0.000000000000000000, 1.000000000000000000, -0.000000000000000000 ) ) ;
#2531 = ORIENTED_EDGE ( 'NONE', *, *, #513, .T. ) ;
#2532 = LINE ( 'NONE', #2805, #650 ) ;
#2533 = EDGE_CURVE ( 'NONE', #1097, #3067, #2610, .T. ) ;
#2534 = ORIENTED_EDGE ( 'NONE', *, *, #165, .T. ) ;
#2535 = VECTOR ( 'NONE', #2142, 1000.000000000000000 ) ;
#2536 = DIRECTION ( 'NONE',  ( 0.000000000000000000, 0.000000000000000000, 1.000000000000000000 ) ) ;
#2537 = CARTESIAN_POINT ( 'NONE',  ( -29.04732572942948821, -1.387778780781445676E-14, 115.3156739128873625 ) ) ;
#2538 = DIRECTION ( 'NONE',  ( 1.000000000000000000, -0.000000000000000000, 0.000000000000000000 ) ) ;
#2539 = EDGE_CURVE ( 'NONE', #1658, #2823, #946, .T. ) ;
#2540 = ORIENTED_EDGE ( 'NONE', *, *, #2196, .F. ) ;
#2541 = ORIENTED_EDGE ( 'NONE', *, *, #1504, .T. ) ;
#2542 = DIRECTION ( 'NONE',  ( 0.000000000000000000, 0.000000000000000000, 1.000000000000000000 ) ) ;
#2543 = ORIENTED_EDGE ( 'NONE', *, *, #1620, .T. ) ;
#2544 = CARTESIAN_POINT ( 'NONE',  ( 160.8624681285456859, -25.00000000000000000, 3.588346380062824803 ) ) ;
#2545 = DIRECTION ( 'NONE',  ( 0.000000000000000000, 0.000000000000000000, 1.000000000000000000 ) ) ;
#2546 = ORIENTED_EDGE ( 'NONE', *, *, #2381, .T. ) ;
#2547 = EDGE_CURVE ( 'NONE', #2965, #1942, #2978, .T. ) ;
#2548 = CARTESIAN_POINT ( 'NONE',  ( 65.28272827175879911, 44.00000000000000000, 71.32884733795809495 ) ) ;
#2549 = ORIENTED_EDGE ( 'NONE', *, *, #1775, .T. ) ;
#2550 = EDGE_CURVE ( 'NONE', #397, #541, #2011, .T. ) ;
#2551 = CARTESIAN_POINT ( 'NONE',  ( -41.14999999999995595, 0.000000000000000000, 18.85000000000002274 ) ) ;
#2552 = EDGE_CURVE ( 'NONE', #673, #1406, #2853, .T. ) ;
#2553 = DIRECTION ( 'NONE',  ( 0.000000000000000000, 0.000000000000000000, -1.000000000000000000 ) ) ;
#2554 = PLANE ( 'NONE',  #246 ) ;
#2555 = EDGE_LOOP ( 'NONE', ( #160, #2300, #3485, #2563 ) ) ;
#2556 = ORIENTED_EDGE ( 'NONE', *, *, #1098, .F. ) ;
#2557 = DIRECTION ( 'NONE',  ( -0.000000000000000000, -1.000000000000000000, -0.000000000000000000 ) ) ;
#2558 = ORIENTED_EDGE ( 'NONE', *, *, #1235, .T. ) ;
#2559 = VERTEX_POINT ( 'NONE', #1769 ) ;
#2560 = CYLINDRICAL_SURFACE ( 'NONE', #1395, 4.499999999999997335 ) ;
#2561 = DIRECTION ( 'NONE',  ( -0.000000000000000000, 1.000000000000000000, -0.000000000000000000 ) ) ;
#2562 = CIRCLE ( 'NONE', #1530, 48.00000000000001421 ) ;
#2563 = ORIENTED_EDGE ( 'NONE', *, *, #634, .F. ) ;
#2564 = PLANE ( 'NONE',  #1057 ) ;
#2565 = AXIS2_PLACEMENT_3D ( 'NONE', #656, #2613, #1824 ) ;
#2566 = ORIENTED_EDGE ( 'NONE', *, *, #2415, .T. ) ;
#2567 = VECTOR ( 'NONE', #3174, 1000.000000000000000 ) ;
#2568 = FACE_OUTER_BOUND ( 'NONE', #1553, .T. ) ;
#2569 = FACE_BOUND ( 'NONE', #73, .T. ) ;
#2570 = AXIS2_PLACEMENT_3D ( 'NONE', #492, #2155, #2966 ) ;
#2571 = VECTOR ( 'NONE', #1679, 1000.000000000000114 ) ;
#2572 = ADVANCED_FACE ( 'NONE', ( #2837 ), #2873, .F. ) ;
#2573 = ORIENTED_EDGE ( 'NONE', *, *, #3072, .F. ) ;
#2574 = ORIENTED_EDGE ( 'NONE', *, *, #2593, .F. ) ;
#2575 = VECTOR ( 'NONE', #723, 1000.000000000000000 ) ;
#2576 = AXIS2_PLACEMENT_3D ( 'NONE', #2779, #2240, #236 ) ;
#2577 = DIRECTION ( 'NONE',  ( -0.000000000000000000, -1.000000000000000000, 0.000000000000000000 ) ) ;
#2578 = ORIENTED_EDGE ( 'NONE', *, *, #1327, .F. ) ;
#2579 = DIRECTION ( 'NONE',  ( -0.9063077870366476052, 0.000000000000000000, 0.4226182617407042708 ) ) ;
#2580 = ORIENTED_EDGE ( 'NONE', *, *, #1471, .T. ) ;
#2581 = CYLINDRICAL_SURFACE ( 'NONE', #2519, 115.0000000000000142 ) ;
#2582 = ADVANCED_FACE ( 'NONE', ( #2080 ), #2564, .F. ) ;
#2583 = CARTESIAN_POINT ( 'NONE',  ( 7.500000000000034639, 0.000000000000000000, 0.000000000000000000 ) ) ;
#2584 = CARTESIAN_POINT ( 'NONE',  ( 28.55000000000004690, 15.00000000000000000, 132.0000000000000853 ) ) ;
#2585 = CARTESIAN_POINT ( 'NONE',  ( 112.5000000000000426, 0.000000000000000000, 167.9062092745361383 ) ) ;
#2586 = LINE ( 'NONE', #623, #703 ) ;
#2587 = PLANE ( 'NONE',  #2671 ) ;
#2588 = ORIENTED_EDGE ( 'NONE', *, *, #3363, .T. ) ;
#2589 = ORIENTED_EDGE ( 'NONE', *, *, #2550, .F. ) ;
#2590 = CARTESIAN_POINT ( 'NONE',  ( 60.00000000000000000, 0.000000000000000000, 60.00000000000000000 ) ) ;
#2591 = VERTEX_POINT ( 'NONE', #1449 ) ;
#2592 = ORIENTED_EDGE ( 'NONE', *, *, #886, .T. ) ;
#2593 = EDGE_CURVE ( 'NONE', #17, #2895, #600, .T. ) ;
#2594 = DIRECTION ( 'NONE',  ( 0.4226182617407042708, 5.551115123125782702E-17, 0.9063077870366478273 ) ) ;
#2595 = VERTEX_POINT ( 'NONE', #121 ) ;
#2596 = CARTESIAN_POINT ( 'NONE',  ( -46.49999999999996447, -8.099999999999999645, 75.50000000000002842 ) ) ;
#2597 = ORIENTED_EDGE ( 'NONE', *, *, #2319, .T. ) ;
#2598 = CARTESIAN_POINT ( 'NONE',  ( -31.01220753940225805, 0.000000000000000000, 116.2319133482471329 ) ) ;
#2599 = PLANE ( 'NONE',  #140 ) ;
#2600 = FACE_BOUND ( 'NONE', #2253, .T. ) ;
#2601 = ORIENTED_EDGE ( 'NONE', *, *, #138, .F. ) ;
#2602 = ORIENTED_EDGE ( 'NONE', *, *, #766, .T. ) ;
#2603 = CARTESIAN_POINT ( 'NONE',  ( 156.5818106058852948, 13.00000000000000711, 9.997961440668188260 ) ) ;
#2604 = ORIENTED_EDGE ( 'NONE', *, *, #3557, .T. ) ;
#2605 = ORIENTED_EDGE ( 'NONE', *, *, #219, .T. ) ;
#2606 = LINE ( 'NONE', #2078, #1015 ) ;
#2607 = EDGE_CURVE ( 'NONE', #2881, #1494, #2061, .T. ) ;
#2608 = VERTEX_POINT ( 'NONE', #87 ) ;
#2609 = EDGE_CURVE ( 'NONE', #3085, #2511, #1188, .T. ) ;
#2610 = LINE ( 'NONE', #2064, #310 ) ;
#2611 = CARTESIAN_POINT ( 'NONE',  ( -15.49999999999997868, 0.000000000000000000, 42.75000000000002132 ) ) ;
#2612 = CARTESIAN_POINT ( 'NONE',  ( -46.49999999999997868, -8.099999999999999645, 42.75000000000002132 ) ) ;
#2613 = DIRECTION ( 'NONE',  ( 0.000000000000000000, 1.000000000000000000, 0.000000000000000000 ) ) ;
#2614 = VECTOR ( 'NONE', #2653, 1000.000000000000000 ) ;
#2615 = VERTEX_POINT ( 'NONE', #3132 ) ;
#2616 = ORIENTED_EDGE ( 'NONE', *, *, #1784, .T. ) ;
#2617 = VECTOR ( 'NONE', #317, 1000.000000000000000 ) ;
#2618 = AXIS2_PLACEMENT_3D ( 'NONE', #1570, #3505, #781 ) ;
#2619 = DIRECTION ( 'NONE',  ( 0.000000000000000000, 0.000000000000000000, 1.000000000000000000 ) ) ;
#2620 = AXIS2_PLACEMENT_3D ( 'NONE', #158, #2356, #125 ) ;
#2621 = CARTESIAN_POINT ( 'NONE',  ( 35.59948718080678276, -8.099999999999999645, 76.34334662583040654 ) ) ;
#2622 = VECTOR ( 'NONE', #725, 1000.000000000000114 ) ;
#2623 = CIRCLE ( 'NONE', #3493, 48.00000000000001421 ) ;
#2624 = DIRECTION ( 'NONE',  ( -0.4226182617407042152, 0.000000000000000000, -0.9063077870366477162 ) ) ;
#2625 = AXIS2_PLACEMENT_3D ( 'NONE', #3469, #1557, #2899 ) ;
#2626 = FACE_OUTER_BOUND ( 'NONE', #333, .T. ) ;
#2627 = EDGE_CURVE ( 'NONE', #2670, #3018, #3549, .T. ) ;
#2628 = ORIENTED_EDGE ( 'NONE', *, *, #1100, .T. ) ;
#2629 = DIRECTION ( 'NONE',  ( -0.000000000000000000, -1.000000000000000000, 0.000000000000000000 ) ) ;
#2630 = ORIENTED_EDGE ( 'NONE', *, *, #198, .F. ) ;
#2631 = DIRECTION ( 'NONE',  ( -0.4226182617407042152, 0.000000000000000000, -0.9063077870366477162 ) ) ;
#2632 = EDGE_CURVE ( 'NONE', #2238, #3364, #2335, .T. ) ;
#2633 = LINE ( 'NONE', #1773, #2347 ) ;
#2634 = FACE_BOUND ( 'NONE', #283, .T. ) ;
#2635 = EDGE_LOOP ( 'NONE', ( #1333, #297, #2528, #1470 ) ) ;
#2636 = DIRECTION ( 'NONE',  ( 0.000000000000000000, 0.000000000000000000, 1.000000000000000000 ) ) ;
#2637 = EDGE_CURVE ( 'NONE', #439, #3364, #3412, .T. ) ;
#2638 = DIRECTION ( 'NONE',  ( 0.000000000000000000, 0.000000000000000000, 1.000000000000000000 ) ) ;
#2639 = ORIENTED_EDGE ( 'NONE', *, *, #214, .T. ) ;
#2640 = LINE ( 'NONE', #1526, #1599 ) ;
#2641 = CARTESIAN_POINT ( 'NONE',  ( 0.000000000000000000, -8.099999999999999645, 180.0000000000000000 ) ) ;
#2642 = ORIENTED_EDGE ( 'NONE', *, *, #304, .F. ) ;
#2643 = CARTESIAN_POINT ( 'NONE',  ( 131.7713382904344144, -2.143131898507868297E-16, -16.27133829043473767 ) ) ;
#2644 = CARTESIAN_POINT ( 'NONE',  ( 7.500000000000034639, -8.099999999999999645, 180.0000000000000000 ) ) ;
#2645 = ADVANCED_FACE ( 'NONE', ( #2042 ), #667, .F. ) ;
#2646 = CARTESIAN_POINT ( 'NONE',  ( 71.35000000000003695, 15.00000000000000000, 152.0000000000000853 ) ) ;
#2647 = CARTESIAN_POINT ( 'NONE',  ( -11.77133829043469682, -2.143131898507868297E-16, -7.271338290434434803 ) ) ;
#2648 = CARTESIAN_POINT ( 'NONE',  ( -38.19671798899421589, -1.387778780781445676E-14, 100.8246809686241505 ) ) ;
#2649 = EDGE_CURVE ( 'NONE', #238, #1598, #1887, .T. ) ;
#2650 = EDGE_LOOP ( 'NONE', ( #495, #1932 ) ) ;
#2651 = EDGE_CURVE ( 'NONE', #1942, #2965, #3267, .T. ) ;
#2652 = CARTESIAN_POINT ( 'NONE',  ( 21.81623381592653743, -8.099999999999999645, 100.4337661840736473 ) ) ;
#2653 = DIRECTION ( 'NONE',  ( -0.4226182617407042152, -0.000000000000000000, -0.9063077870366477162 ) ) ;
#2654 = CARTESIAN_POINT ( 'NONE',  ( 65.28272827175879911, 44.00000000000000000, 71.32884733795809495 ) ) ;
#2655 = ORIENTED_EDGE ( 'NONE', *, *, #3478, .F. ) ;
#2656 = CARTESIAN_POINT ( 'NONE',  ( 131.7713382904346986, 0.000000000000000000, 127.2713382904344144 ) ) ;
#2657 = DIRECTION ( 'NONE',  ( -0.9063077870366477162, -2.302730277845318263E-17, 0.4226182617407042152 ) ) ;
#2658 = ORIENTED_EDGE ( 'NONE', *, *, #1127, .T. ) ;
#2659 = AXIS2_PLACEMENT_3D ( 'NONE', #1233, #379, #1252 ) ;
#2660 = DIRECTION ( 'NONE',  ( 0.9063077870366477162, 0.000000000000000000, -0.4226182617407042708 ) ) ;
#2661 = PLANE ( 'NONE',  #679 ) ;
#2662 = DIRECTION ( 'NONE',  ( -0.000000000000000000, 1.000000000000000000, -0.000000000000000000 ) ) ;
#2663 = DIRECTION ( 'NONE',  ( 0.4226182617407042708, 5.551115123125782702E-17, 0.9063077870366478273 ) ) ;
#2664 = CYLINDRICAL_SURFACE ( 'NONE', #998, 2.249999999999995115 ) ;
#2665 = EDGE_LOOP ( 'NONE', ( #203, #2558, #1785, #1247 ) ) ;
#2666 = DIRECTION ( 'NONE',  ( -0.000000000000000000, -1.000000000000000000, -0.000000000000000000 ) ) ;
#2667 = CARTESIAN_POINT ( 'NONE',  ( 0.000000000000000000, 0.000000000000000000, 0.000000000000000000 ) ) ;
#2668 = CARTESIAN_POINT ( 'NONE',  ( 111.7511259472106246, -8.099999999999999645, 136.8346666692569897 ) ) ;
#2669 = EDGE_CURVE ( 'NONE', #337, #1558, #1849, .T. ) ;
#2670 = VERTEX_POINT ( 'NONE', #3217 ) ;
#2671 = AXIS2_PLACEMENT_3D ( 'NONE', #1790, #981, #2340 ) ;
#2672 = VECTOR ( 'NONE', #2666, 1000.000000000000000 ) ;
#2673 = CIRCLE ( 'NONE', #3152, 121.4999999999999574 ) ;
#2674 = VECTOR ( 'NONE', #3294, 1000.000000000000000 ) ;
#2675 = CARTESIAN_POINT ( 'NONE',  ( 71.35000000000003695, 0.000000000000000000, 136.7000000000000739 ) ) ;
#2676 = ADVANCED_FACE ( 'NONE', ( #2130 ), #154, .T. ) ;
#2677 = CARTESIAN_POINT ( 'NONE',  ( 84.29000000000004889, 0.000000000000000000, 147.9400000000000261 ) ) ;
#2678 = AXIS2_PLACEMENT_3D ( 'NONE', #2207, #1929, #796 ) ;
#2679 = VERTEX_POINT ( 'NONE', #2404 ) ;
#2680 = AXIS2_PLACEMENT_3D ( 'NONE', #2491, #1277, #3321 ) ;
#2681 = CIRCLE ( 'NONE', #3159, 115.0000000000000142 ) ;
#2682 = CARTESIAN_POINT ( 'NONE',  ( 28.41497673121481071, -8.099999999999999645, 60.93611424620739569 ) ) ;
#2683 = EDGE_CURVE ( 'NONE', #2881, #3195, #699, .T. ) ;
#2684 = ORIENTED_EDGE ( 'NONE', *, *, #3433, .T. ) ;
#2685 = DIRECTION ( 'NONE',  ( -1.000000000000000000, 0.000000000000000000, -6.938893903907233308E-16 ) ) ;
#2686 = CARTESIAN_POINT ( 'NONE',  ( 21.81623381592637756, 0.000000000000000000, 21.81623381592651612 ) ) ;
#2687 = DIRECTION ( 'NONE',  ( -0.6511327143160607900, 0.6955832962520925866, 0.3036281711608342371 ) ) ;
#2688 = VERTEX_POINT ( 'NONE', #1275 ) ;
#2689 = EDGE_CURVE ( 'NONE', #906, #726, #312, .T. ) ;
#2690 = LINE ( 'NONE', #2411, #1642 ) ;
#2691 = UNCERTAINTY_MEASURE_WITH_UNIT (LENGTH_MEASURE( 1.000000000000000082E-05 ), #329, 'distance_accuracy_value', 'NONE');
#2692 = PLANE ( 'NONE',  #3378 ) ;
#2693 = DIRECTION ( 'NONE',  ( 0.4226182617407042152, -0.000000000000000000, 0.9063077870366477162 ) ) ;
#2694 = ORIENTED_EDGE ( 'NONE', *, *, #2336, .T. ) ;
#2695 = CARTESIAN_POINT ( 'NONE',  ( -46.49999999999997868, 0.000000000000000000, 44.50000000000002842 ) ) ;
#2696 =( BOUNDED_CURVE ( )  B_SPLINE_CURVE ( 3, ( #748, #1862, #3546, #1061 ),
 .UNSPECIFIED., .F., .F. ) 
 B_SPLINE_CURVE_WITH_KNOTS ( ( 4, 4 ),
 ( 1.265175851587436506, 1.292896889459458132 ),
 .UNSPECIFIED. ) 
 CURVE ( )  GEOMETRIC_REPRESENTATION_ITEM ( )  RATIONAL_B_SPLINE_CURVE ( ( 1.000000000000000000, 0.9999359630301510871, 0.9999359630301510871, 1.000000000000000000 ) ) 
 REPRESENTATION_ITEM ( '' )  );
#2697 = CARTESIAN_POINT ( 'NONE',  ( 130.7570183503683552, -8.099999999999999645, -60.97299901429093438 ) ) ;
#2698 = ORIENTED_EDGE ( 'NONE', *, *, #1020, .F. ) ;
#2699 = VECTOR ( 'NONE', #3299, 1000.000000000000000 ) ;
#2700 = ADVANCED_FACE ( 'NONE', ( #1835 ), #433, .F. ) ;
#2701 = DIRECTION ( 'NONE',  ( 0.9063077870366477162, -0.000000000000000000, -0.4226182617407042152 ) ) ;
#2702 = ORIENTED_EDGE ( 'NONE', *, *, #2897, .F. ) ;
#2703 = DIRECTION ( 'NONE',  ( 0.4226182617407042708, 5.551115123125782702E-17, 0.9063077870366478273 ) ) ;
#2704 = DIRECTION ( 'NONE',  ( 0.000000000000000000, 1.000000000000000000, 0.000000000000000000 ) ) ;
#2705 = CARTESIAN_POINT ( 'NONE',  ( 98.18376618407349099, -8.099999999999999645, 21.81623381592630295 ) ) ;
#2706 = CIRCLE ( 'NONE', #1447, 121.4999999999999574 ) ;
#2707 = EDGE_LOOP ( 'NONE', ( #3451, #2190, #592, #2431 ) ) ;
#2708 = DIRECTION ( 'NONE',  ( -0.4226182617407042152, -0.000000000000000000, -0.9063077870366477162 ) ) ;
#2709 = CARTESIAN_POINT ( 'NONE',  ( 84.29000000000004889, 1.347111479062085841E-15, 146.2400000000000375 ) ) ;
#2710 = CIRCLE ( 'NONE', #2261, 2.249999999999995115 ) ;
#2711 = CARTESIAN_POINT ( 'NONE',  ( 137.5665742829907856, 13.00000000000001954, 13.34802216484866300 ) ) ;
#2712 = VERTEX_POINT ( 'NONE', #2367 ) ;
#2713 = FACE_OUTER_BOUND ( 'NONE', #779, .T. ) ;
#2714 = CIRCLE ( 'NONE', #3007, 1.699999999999979305 ) ;
#2715 = FACE_OUTER_BOUND ( 'NONE', #2476, .T. ) ;
#2716 = ADVANCED_FACE ( 'NONE', ( #1326 ), #2096, .F. ) ;
#2717 = VERTEX_POINT ( 'NONE', #1547 ) ;
#2718 = DIRECTION ( 'NONE',  ( 1.000000000000000000, 0.000000000000000000, 0.000000000000000000 ) ) ;
#2719 = EDGE_CURVE ( 'NONE', #614, #3351, #3196, .T. ) ;
#2720 = ORIENTED_EDGE ( 'NONE', *, *, #1146, .T. ) ;
#2721 = CARTESIAN_POINT ( 'NONE',  ( 169.8595941522109456, 0.000000000000000000, 18.15034223620444109 ) ) ;
#2722 = LINE ( 'NONE', #1331, #2289 ) ;
#2723 = DIRECTION ( 'NONE',  ( 0.000000000000000000, 0.000000000000000000, 1.000000000000000000 ) ) ;
#2724 = VERTEX_POINT ( 'NONE', #1029 ) ;
#2725 = DIRECTION ( 'NONE',  ( -0.4226182617407042152, 5.551115123125782086E-17, -0.9063077870366477162 ) ) ;
#2726 = PLANE ( 'NONE',  #1761 ) ;
#2727 = DIRECTION ( 'NONE',  ( 1.000000000000000000, 0.000000000000000000, 0.000000000000000000 ) ) ;
#2728 = AXIS2_PLACEMENT_3D ( 'NONE', #91, #1243, #2355 ) ;
#2729 = ORIENTED_EDGE ( 'NONE', *, *, #2273, .T. ) ;
#2730 = LINE ( 'NONE', #1883, #849 ) ;
#2731 = DIRECTION ( 'NONE',  ( -0.4226182617407042152, 0.000000000000000000, -0.9063077870366477162 ) ) ;
#2732 = CIRCLE ( 'NONE', #2223, 4.500000000000003553 ) ;
#2733 = AXIS2_PLACEMENT_3D ( 'NONE', #974, #2399, #3495 ) ;
#2734 = ORIENTED_EDGE ( 'NONE', *, *, #1884, .F. ) ;
#2735 = CIRCLE ( 'NONE', #3430, 1.750000000000001554 ) ;
#2736 = ORIENTED_EDGE ( 'NONE', *, *, #1852, .F. ) ;
#2737 = DIRECTION ( 'NONE',  ( 0.4226182617407042152, 0.000000000000000000, 0.9063077870366477162 ) ) ;
#2738 = VECTOR ( 'NONE', #2687, 1000.000000000000114 ) ;
#2739 = CIRCLE ( 'NONE', #1179, 1.750000000000001554 ) ;
#2740 = CARTESIAN_POINT ( 'NONE',  ( 161.5776640829198527, -1.387778780781445676E-14, 26.42578132766904631 ) ) ;
#2741 = AXIS2_PLACEMENT_3D ( 'NONE', #706, #2663, #1618 ) ;
#2742 = ORIENTED_EDGE ( 'NONE', *, *, #841, .F. ) ;
#2743 = DIRECTION ( 'NONE',  ( 0.9063077870366478273, 0.000000000000000000, -0.4226182617407042708 ) ) ;
#2744 = VECTOR ( 'NONE', #2701, 1000.000000000000114 ) ;
#2745 = CARTESIAN_POINT ( 'NONE',  ( 21.81623381592637756, -8.099999999999999645, 21.81623381592651612 ) ) ;
#2746 = VERTEX_POINT ( 'NONE', #2643 ) ;
#2747 = ADVANCED_FACE ( 'NONE', ( #3477 ), #2436, .F. ) ;
#2748 = DIRECTION ( 'NONE',  ( -0.000000000000000000, 1.000000000000000000, -0.000000000000000000 ) ) ;
#2749 = CARTESIAN_POINT ( 'NONE',  ( -21.14999999999995595, 0.000000000000000000, 18.85000000000002629 ) ) ;
#2750 = FACE_OUTER_BOUND ( 'NONE', #205, .T. ) ;
#2751 = ORIENTED_EDGE ( 'NONE', *, *, #375, .F. ) ;
#2752 = VERTEX_POINT ( 'NONE', #996 ) ;
#2753 = DIRECTION ( 'NONE',  ( 0.4226182617407042152, -0.000000000000000000, 0.9063077870366477162 ) ) ;
#2754 = CARTESIAN_POINT ( 'NONE',  ( -19.02438770869870766, 0.000000000000000000, 83.05745318254527376 ) ) ;
#2755 = CIRCLE ( 'NONE', #1660, 121.4999999999999574 ) ;
#2756 = ORIENTED_EDGE ( 'NONE', *, *, #1448, .T. ) ;
#2757 = EDGE_LOOP ( 'NONE', ( #1427, #902 ) ) ;
#2758 = LINE ( 'NONE', #1905, #1982 ) ;
#2759 = CARTESIAN_POINT ( 'NONE',  ( 103.6960218784329868, 0.000000000000000000, 117.8604402483384064 ) ) ;
#2760 = ORIENTED_EDGE ( 'NONE', *, *, #1, .F. ) ;
#2761 = LINE ( 'NONE', #2037, #1329 ) ;
#2762 = LINE ( 'NONE', #3308, #593 ) ;
#2763 = DIRECTION ( 'NONE',  ( 1.000000000000000000, 0.000000000000000000, 0.000000000000000000 ) ) ;
#2764 = ADVANCED_FACE ( 'NONE', ( #3244 ), #2116, .F. ) ;
#2765 = ORIENTED_EDGE ( 'NONE', *, *, #3171, .T. ) ;
#2766 = CARTESIAN_POINT ( 'NONE',  ( 131.7713382904346986, 0.000000000000000000, 131.7713382904344144 ) ) ;
#2767 = DIRECTION ( 'NONE',  ( -1.000000000000000000, 0.000000000000000000, -0.000000000000000000 ) ) ;
#2768 = DIRECTION ( 'NONE',  ( -0.000000000000000000, 1.000000000000000000, -0.000000000000000000 ) ) ;
#2769 = EDGE_CURVE ( 'NONE', #1232, #2020, #751, .T. ) ;
#2770 = VERTEX_POINT ( 'NONE', #1867 ) ;
#2771 = EDGE_CURVE ( 'NONE', #954, #2615, #1185, .T. ) ;
#2772 = ORIENTED_EDGE ( 'NONE', *, *, #738, .F. ) ;
#2773 = VECTOR ( 'NONE', #90, 1000.000000000000000 ) ;
#2774 = DIRECTION ( 'NONE',  ( 0.000000000000000000, 0.000000000000000000, 1.000000000000000000 ) ) ;
#2775 = CARTESIAN_POINT ( 'NONE',  ( 149.0473257294294740, 0.000000000000000000, 4.684326087112639314 ) ) ;
#2776 = ORIENTED_EDGE ( 'NONE', *, *, #1396, .F. ) ;
#2777 = ORIENTED_EDGE ( 'NONE', *, *, #2354, .F. ) ;
#2778 = DIRECTION ( 'NONE',  ( -0.000000000000000000, 1.000000000000000000, -0.000000000000000000 ) ) ;
#2779 = CARTESIAN_POINT ( 'NONE',  ( 21.81623381592653743, -8.099999999999999645, 98.18376618407364731 ) ) ;
#2780 = ORIENTED_EDGE ( 'NONE', *, *, #3112, .F. ) ;
#2781 = DIRECTION ( 'NONE',  ( -1.000000000000000000, 0.000000000000000000, 0.000000000000000000 ) ) ;
#2782 = DIRECTION ( 'NONE',  ( -0.000000000000000000, 1.000000000000000000, -0.000000000000000000 ) ) ;
#2783 = APPLICATION_PROTOCOL_DEFINITION ( 'draft international standard', 'automotive_design', 1998, #1831 ) ;
#2784 = VERTEX_POINT ( 'NONE', #220 ) ;
#2785 = DIRECTION ( 'NONE',  ( 0.000000000000000000, 0.000000000000000000, 1.000000000000000000 ) ) ;
#2786 = FACE_BOUND ( 'NONE', #3126, .T. ) ;
#2787 = CARTESIAN_POINT ( 'NONE',  ( 145.5963212560641580, 13.00000000000001776, 30.56787011854501301 ) ) ;
#2788 = EDGE_CURVE ( 'NONE', #3335, #101, #1480, .T. ) ;
#2789 = ORIENTED_EDGE ( 'NONE', *, *, #603, .F. ) ;
#2790 = ORIENTED_EDGE ( 'NONE', *, *, #2771, .F. ) ;
#2791 = EDGE_CURVE ( 'NONE', #1034, #785, #2454, .T. ) ;
#2792 = CARTESIAN_POINT ( 'NONE',  ( 84.29000000000004889, -8.099999999999999645, 146.2400000000000375 ) ) ;
#2793 = DIRECTION ( 'NONE',  ( 0.4226182617407042152, 0.000000000000000000, 0.9063077870366477162 ) ) ;
#2794 = EDGE_CURVE ( 'NONE', #427, #918, #2623, .T. ) ;
#2795 = ORIENTED_EDGE ( 'NONE', *, *, #2244, .F. ) ;
#2796 = ADVANCED_FACE ( 'NONE', ( #3286 ), #854, .F. ) ;
#2797 = CARTESIAN_POINT ( 'NONE',  ( -46.49999999999997868, -8.099999999999999645, 46.25000000000002842 ) ) ;
#2798 = DIRECTION ( 'NONE',  ( 0.000000000000000000, 1.000000000000000000, -0.000000000000000000 ) ) ;
#2799 = CIRCLE ( 'NONE', #2164, 2.249999999999998668 ) ;
#2800 = ORIENTED_EDGE ( 'NONE', *, *, #1711, .T. ) ;
#2801 = CARTESIAN_POINT ( 'NONE',  ( 31.79592282514044754, 13.00000000000001599, 68.18657654250058897 ) ) ;
#2802 = CIRCLE ( 'NONE', #2741, 92.50000000000000000 ) ;
#2803 = PRESENTATION_LAYER_ASSIGNMENT (  '', '', ( #1869 ) ) ;
#2804 = EDGE_CURVE ( 'NONE', #2752, #2746, #3265, .T. ) ;
#2805 = CARTESIAN_POINT ( 'NONE',  ( 21.81623381592637756, -8.099999999999999645, 19.56623381592651612 ) ) ;
#2806 = AXIS2_PLACEMENT_3D ( 'NONE', #964, #3447, #951 ) ;
#2807 = ORIENTED_EDGE ( 'NONE', *, *, #1294, .F. ) ;
#2808 = CARTESIAN_POINT ( 'NONE',  ( -15.49999999999996447, -8.099999999999999645, 75.50000000000002842 ) ) ;
#2809 = FACE_BOUND ( 'NONE', #1290, .T. ) ;
#2810 = VECTOR ( 'NONE', #204, 1000.000000000000000 ) ;
#2811 = CARTESIAN_POINT ( 'NONE',  ( -46.49999999999997868, 0.000000000000000000, 44.50000000000002842 ) ) ;
#2812 = ORIENTED_EDGE ( 'NONE', *, *, #1392, .F. ) ;
#2813 = ORIENTED_EDGE ( 'NONE', *, *, #2502, .T. ) ;
#2814 = CARTESIAN_POINT ( 'NONE',  ( 28.41497673121481071, 9.999999999999984013, 60.93611424620740280 ) ) ;
#2815 = EDGE_LOOP ( 'NONE', ( #1194, #464, #2820, #2573 ) ) ;
#2816 = EDGE_LOOP ( 'NONE', ( #328, #61, #562, #1694 ) ) ;
#2817 = DIRECTION ( 'NONE',  ( 0.000000000000000000, 0.000000000000000000, 1.000000000000000000 ) ) ;
#2818 = DIRECTION ( 'NONE',  ( 0.000000000000000000, 1.000000000000000000, 0.000000000000000000 ) ) ;
#2819 = EDGE_CURVE ( 'NONE', #1434, #1080, #501, .T. ) ;
#2820 = ORIENTED_EDGE ( 'NONE', *, *, #2110, .F. ) ;
#2821 = EDGE_CURVE ( 'NONE', #3195, #1173, #2000, .T. ) ;
#2822 = CARTESIAN_POINT ( 'NONE',  ( 98.18376618407349099, -8.099999999999999645, 24.06623381592629940 ) ) ;
#2823 = VERTEX_POINT ( 'NONE', #835 ) ;
#2824 = VECTOR ( 'NONE', #2753, 1000.000000000000000 ) ;
#2825 = FACE_BOUND ( 'NONE', #687, .T. ) ;
#2826 = DIRECTION ( 'NONE',  ( 1.000000000000000000, 0.000000000000000000, 0.000000000000000000 ) ) ;
#2827 = VERTEX_POINT ( 'NONE', #1944 ) ;
#2828 = ORIENTED_EDGE ( 'NONE', *, *, #2041, .F. ) ;
#2829 = CARTESIAN_POINT ( 'NONE',  ( -34.39315363332788422, -1.387778780781445676E-14, 108.9814510519539823 ) ) ;
#2830 = ORIENTED_EDGE ( 'NONE', *, *, #2669, .T. ) ;
#2831 = ORIENTED_EDGE ( 'NONE', *, *, #2377, .T. ) ;
#2832 = CARTESIAN_POINT ( 'NONE',  ( 24.45000000000004192, 15.00000000000000000, 135.9500000000001023 ) ) ;
#2833 = DIRECTION ( 'NONE',  ( 0.9063077870366477162, -0.000000000000000000, -0.4226182617407042152 ) ) ;
#2834 = ADVANCED_FACE ( 'NONE', ( #1963 ), #3569, .F. ) ;
#2835 = ORIENTED_EDGE ( 'NONE', *, *, #766, .F. ) ;
#2836 = ADVANCED_FACE ( 'NONE', ( #289 ), #3305, .F. ) ;
#2837 = FACE_OUTER_BOUND ( 'NONE', #2635, .T. ) ;
#2838 = AXIS2_PLACEMENT_3D ( 'NONE', #1695, #3077, #2494 ) ;
#2839 = CARTESIAN_POINT ( 'NONE',  ( 24.45000000000004192, 15.00000000000000000, 146.2500000000001137 ) ) ;
#2840 = CARTESIAN_POINT ( 'NONE',  ( -46.49999999999997868, -8.099999999999999645, 44.50000000000002842 ) ) ;
#2841 = FACE_OUTER_BOUND ( 'NONE', #3411, .T. ) ;
#2842 = CARTESIAN_POINT ( 'NONE',  ( 24.45000000000004192, 15.00000000000000000, 137.7500000000000853 ) ) ;
#2843 = ORIENTED_EDGE ( 'NONE', *, *, #613, .F. ) ;
#2844 = EDGE_LOOP ( 'NONE', ( #1388, #1502, #372, #1084 ) ) ;
#2845 = CIRCLE ( 'NONE', #3118, 1.799999999999996048 ) ;
#2846 = CARTESIAN_POINT ( 'NONE',  ( -41.14999999999995595, 0.000000000000000000, 18.85000000000002274 ) ) ;
#2847 = EDGE_CURVE ( 'NONE', #2608, #338, #1102, .T. ) ;
#2848 = EDGE_LOOP ( 'NONE', ( #3177, #1669, #228, #1708 ) ) ;
#2849 = ORIENTED_EDGE ( 'NONE', *, *, #2421, .T. ) ;
#2850 = FACE_OUTER_BOUND ( 'NONE', #1834, .T. ) ;
#2851 = ORIENTED_EDGE ( 'NONE', *, *, #170, .F. ) ;
#2852 = AXIS2_PLACEMENT_3D ( 'NONE', #2922, #1288, #2111 ) ;
#2853 = LINE ( 'NONE', #911, #1425 ) ;
#2854 = VECTOR ( 'NONE', #548, 1000.000000000000000 ) ;
#2855 = CARTESIAN_POINT ( 'NONE',  ( 38.98043327473241959, 0.000000000000000000, 83.59380892212359981 ) ) ;
#2856 = AXIS2_PLACEMENT_3D ( 'NONE', #2176, #211, #800 ) ;
#2857 = DIRECTION ( 'NONE',  ( -0.000000000000000000, -1.000000000000000000, -0.000000000000000000 ) ) ;
#2858 = CARTESIAN_POINT ( 'NONE',  ( -46.49999999999997868, 0.000000000000000000, 42.75000000000002132 ) ) ;
#2859 = ADVANCED_FACE ( 'NONE', ( #1405 ), #2509, .T. ) ;
#2860 = DIRECTION ( 'NONE',  ( 0.000000000000000000, 1.000000000000000000, -0.000000000000000000 ) ) ;
#2861 = AXIS2_PLACEMENT_3D ( 'NONE', #2766, #1912, #2785 ) ;
#2862 = AXIS2_PLACEMENT_3D ( 'NONE', #2686, #2408, #173 ) ;
#2863 = VERTEX_POINT ( 'NONE', #1125 ) ;
#2864 = EDGE_CURVE ( 'NONE', #1093, #2304, #2403, .T. ) ;
#2865 = VERTEX_POINT ( 'NONE', #3343 ) ;
#2866 = VECTOR ( 'NONE', #2718, 1000.000000000000000 ) ;
#2867 = LINE ( 'NONE', #2312, #2567 ) ;
#2868 = VERTEX_POINT ( 'NONE', #2994 ) ;
#2869 = CARTESIAN_POINT ( 'NONE',  ( 98.18376618407349099, -8.099999999999999645, 21.81623381592630295 ) ) ;
#2870 = VERTEX_POINT ( 'NONE', #1429 ) ;
#2871 = CARTESIAN_POINT ( 'NONE',  ( 65.28272827175879911, 44.00000000000000000, 71.32884733795809495 ) ) ;
#2872 = ORIENTED_EDGE ( 'NONE', *, *, #3247, .T. ) ;
#2873 = CYLINDRICAL_SURFACE ( 'NONE', #1532, 92.49999999999997158 ) ;
#2874 = DIRECTION ( 'NONE',  ( 0.000000000000000000, 6.004194730106474119E-17, -1.000000000000000000 ) ) ;
#2875 = DIRECTION ( 'NONE',  ( 0.000000000000000000, 0.000000000000000000, 1.000000000000000000 ) ) ;
#2876 = CARTESIAN_POINT ( 'NONE',  ( 71.35000000000003695, -25.00000000000000000, 136.7000000000000739 ) ) ;
#2877 = CIRCLE ( 'NONE', #2018, 4.500000000000003553 ) ;
#2878 = FACE_BOUND ( 'NONE', #1211, .T. ) ;
#2879 = EDGE_CURVE ( 'NONE', #427, #2670, #1906, .T. ) ;
#2880 = ORIENTED_EDGE ( 'NONE', *, *, #3234, .T. ) ;
#2881 = VERTEX_POINT ( 'NONE', #3011 ) ;
#2882 = FACE_OUTER_BOUND ( 'NONE', #381, .T. ) ;
#2883 = EDGE_CURVE ( 'NONE', #3018, #2670, #1767, .T. ) ;
#2884 = VERTEX_POINT ( 'NONE', #1632 ) ;
#2885 = ORIENTED_EDGE ( 'NONE', *, *, #321, .T. ) ;
#2886 = DIRECTION ( 'NONE',  ( 0.000000000000000000, 1.000000000000000000, 0.000000000000000000 ) ) ;
#2887 = ORIENTED_EDGE ( 'NONE', *, *, #3122, .T. ) ;
#2888 = VECTOR ( 'NONE', #3479, 1000.000000000000000 ) ;
#2889 = DIRECTION ( 'NONE',  ( -0.000000000000000000, 0.000000000000000000, -1.000000000000000000 ) ) ;
#2890 = CARTESIAN_POINT ( 'NONE',  ( 79.55000000000003979, 0.000000000000000000, 144.7000000000000739 ) ) ;
#2891 = CARTESIAN_POINT ( 'NONE',  ( 54.71727172824119378, 44.00000000000000000, 48.67115266204190505 ) ) ;
#2892 = DIRECTION ( 'NONE',  ( -0.000000000000000000, 0.000000000000000000, 1.000000000000000000 ) ) ;
#2893 = AXIS2_PLACEMENT_3D ( 'NONE', #3143, #1965, #1105 ) ;
#2894 = FACE_BOUND ( 'NONE', #1925, .T. ) ;
#2895 = VERTEX_POINT ( 'NONE', #2740 ) ;
#2896 = ORIENTED_EDGE ( 'NONE', *, *, #2689, .T. ) ;
#2897 = EDGE_CURVE ( 'NONE', #510, #2388, #2681, .T. ) ;
#2898 = CARTESIAN_POINT ( 'NONE',  ( -11.77133829043469682, -8.099999999999999645, -11.77133829043443214 ) ) ;
#2899 = DIRECTION ( 'NONE',  ( 0.9063077870366477162, 0.000000000000000000, -0.4226182617407042152 ) ) ;
#2900 = ORIENTED_EDGE ( 'NONE', *, *, #1740, .F. ) ;
#2901 = DIRECTION ( 'NONE',  ( 0.000000000000000000, 1.000000000000000000, 0.000000000000000000 ) ) ;
#2902 = VERTEX_POINT ( 'NONE', #3035 ) ;
#2903 = EDGE_CURVE ( 'NONE', #2913, #325, #1587, .T. ) ;
#2904 = DIRECTION ( 'NONE',  ( 1.000000000000000000, -0.000000000000000000, 0.000000000000000000 ) ) ;
#2905 = LINE ( 'NONE', #415, #2999 ) ;
#2906 = EDGE_CURVE ( 'NONE', #2717, #1903, #2173, .T. ) ;
#2907 = LINE ( 'NONE', #2646, #1167 ) ;
#2908 = DIRECTION ( 'NONE',  ( -0.000000000000000000, 1.000000000000000000, -0.000000000000000000 ) ) ;
#2909 = DIRECTION ( 'NONE',  ( -1.000000000000000000, 0.000000000000000000, 0.000000000000000000 ) ) ;
#2910 = VECTOR ( 'NONE', #1880, 1000.000000000000000 ) ;
#2911 = VECTOR ( 'NONE', #1833, 1000.000000000000000 ) ;
#2912 = VECTOR ( 'NONE', #1056, 1000.000000000000114 ) ;
#2913 = VERTEX_POINT ( 'NONE', #970 ) ;
#2914 = AXIS2_PLACEMENT_3D ( 'NONE', #2471, #1671, #3026 ) ;
#2915 = CARTESIAN_POINT ( 'NONE',  ( 71.35000000000003695, -25.00000000000000000, 144.7000000000000739 ) ) ;
#2916 = AXIS2_PLACEMENT_3D ( 'NONE', #777, #2945, #980 ) ;
#2917 = VECTOR ( 'NONE', #1168, 1000.000000000000000 ) ;
#2918 = CARTESIAN_POINT ( 'NONE',  ( 20.35000000000003340, 15.00000000000000000, 132.0000000000000853 ) ) ;
#2919 = EDGE_LOOP ( 'NONE', ( #3288, #3284, #2736, #2578 ) ) ;
#2920 = AXIS2_PLACEMENT_3D ( 'NONE', #448, #1564, #2145 ) ;
#2921 = CARTESIAN_POINT ( 'NONE',  ( 71.35000000000003695, 0.000000000000000000, 152.0000000000000853 ) ) ;
#2922 = CARTESIAN_POINT ( 'NONE',  ( 111.7511259472106246, -8.099999999999999645, 135.1346666692570011 ) ) ;
#2923 = ADVANCED_FACE ( 'NONE', ( #2090 ), #2361, .T. ) ;
#2924 = ORIENTED_EDGE ( 'NONE', *, *, #2788, .T. ) ;
#2925 = CARTESIAN_POINT ( 'NONE',  ( 131.7713382904346986, -2.143131898507868297E-16, 131.7713382904344144 ) ) ;
#2926 = ADVANCED_FACE ( 'NONE', ( #676 ), #64, .F. ) ;
#2927 = EDGE_CURVE ( 'NONE', #1138, #837, #1808, .T. ) ;
#2928 = DIRECTION ( 'NONE',  ( 0.000000000000000000, 1.000000000000000000, -0.000000000000000000 ) ) ;
#2929 = CYLINDRICAL_SURFACE ( 'NONE', #3262, 95.00000000000001421 ) ;
#2930 = CARTESIAN_POINT ( 'NONE',  ( 21.81623381592653743, 0.000000000000000000, 100.4337661840736473 ) ) ;
#2931 = FACE_BOUND ( 'NONE', #1747, .T. ) ;
#2932 = ORIENTED_EDGE ( 'NONE', *, *, #1376, .F. ) ;
#2933 = DIRECTION ( 'NONE',  ( -0.000000000000000000, 1.000000000000000000, -0.000000000000000000 ) ) ;
#2934 = CARTESIAN_POINT ( 'NONE',  ( 160.3853749615516335, 13.00000000000000711, 18.15473152399801293 ) ) ;
#2935 = LINE ( 'NONE', #2918, #424 ) ;
#2936 = EDGE_LOOP ( 'NONE', ( #3142, #2410, #2658, #1726, #629, #881, #351, #3071 ) ) ;
#2937 = VECTOR ( 'NONE', #664, 1000.000000000000114 ) ;
#2938 = LINE ( 'NONE', #2348, #806 ) ;
#2939 = CARTESIAN_POINT ( 'NONE',  ( 144.0558881576160388, 10.00000000000009592, 34.59631962611423006 ) ) ;
#2940 = ORIENTED_EDGE ( 'NONE', *, *, #747, .T. ) ;
#2941 = DIRECTION ( 'NONE',  ( 0.000000000000000000, 1.000000000000000000, 0.000000000000000000 ) ) ;
#2942 = DIRECTION ( 'NONE',  ( 0.4226182617407042152, 0.000000000000000000, 0.9063077870366477162 ) ) ;
#2943 = EDGE_CURVE ( 'NONE', #361, #2977, #2376, .T. ) ;
#2944 = CARTESIAN_POINT ( 'NONE',  ( 131.7713382904346986, -8.099999999999999645, 127.2713382904344144 ) ) ;
#2945 = DIRECTION ( 'NONE',  ( 0.000000000000000000, 1.000000000000000000, -0.000000000000000000 ) ) ;
#2946 = DIRECTION ( 'NONE',  ( -0.9063077870366476052, 0.000000000000000000, 0.4226182617407042708 ) ) ;
#2947 = VECTOR ( 'NONE', #2132, 1000.000000000000000 ) ;
#2948 = ORIENTED_EDGE ( 'NONE', *, *, #2091, .T. ) ;
#2949 = EDGE_CURVE ( 'NONE', #1173, #3195, #3107, .T. ) ;
#2950 = CARTESIAN_POINT ( 'NONE',  ( 147.6330051174125515, -8.100000000000024514, 5.343834619582578327 ) ) ;
#2951 = DIRECTION ( 'NONE',  ( -0.000000000000000000, -1.000000000000000000, -0.000000000000000000 ) ) ;
#2952 = CARTESIAN_POINT ( 'NONE',  ( 28.55000000000004690, 0.000000000000000000, 132.0000000000000853 ) ) ;
#2953 = VERTEX_POINT ( 'NONE', #986 ) ;
#2954 = EDGE_CURVE ( 'NONE', #2237, #2717, #599, .T. ) ;
#2955 = CARTESIAN_POINT ( 'NONE',  ( 103.6960218784329868, 0.000000000000000000, 116.1604402483384035 ) ) ;
#2956 = CARTESIAN_POINT ( 'NONE',  ( 169.8595941522109456, -25.00000000000000000, 18.15034223620444109 ) ) ;
#2957 = VERTEX_POINT ( 'NONE', #1794 ) ;
#2958 = VECTOR ( 'NONE', #151, 1000.000000000000114 ) ;
#2959 = DIRECTION ( 'NONE',  ( -0.000000000000000000, 1.000000000000000000, -0.000000000000000000 ) ) ;
#2960 = EDGE_CURVE ( 'NONE', #2957, #641, #2935, .T. ) ;
#2961 = VERTEX_POINT ( 'NONE', #3454 ) ;
#2962 = LINE ( 'NONE', #2147, #1270 ) ;
#2963 = DIRECTION ( 'NONE',  ( 0.000000000000000000, 0.000000000000000000, -1.000000000000000000 ) ) ;
#2964 = DIRECTION ( 'NONE',  ( -0.9063077870366477162, -2.302730277845318263E-17, 0.4226182617407042152 ) ) ;
#2965 = VERTEX_POINT ( 'NONE', #1251 ) ;
#2966 = DIRECTION ( 'NONE',  ( 0.000000000000000000, 0.000000000000000000, -1.000000000000000000 ) ) ;
#2967 = CARTESIAN_POINT ( 'NONE',  ( 28.41497673121481071, 9.999999999999985789, 60.93611424620740280 ) ) ;
#2968 = CARTESIAN_POINT ( 'NONE',  ( 71.35000000000003695, -8.099999999999999645, 136.7000000000000739 ) ) ;
#2969 = CIRCLE ( 'NONE', #1411, 1.699999999999979305 ) ;
#2970 = EDGE_CURVE ( 'NONE', #1593, #1406, #2074, .T. ) ;
#2971 = VERTEX_POINT ( 'NONE', #2391 ) ;
#2972 = VECTOR ( 'NONE', #1246, 1000.000000000000000 ) ;
#2973 = AXIS2_PLACEMENT_3D ( 'NONE', #685, #1803, #2046 ) ;
#2974 = DIRECTION ( 'NONE',  ( -0.000000000000000000, 1.000000000000000000, -0.000000000000000000 ) ) ;
#2975 = DIRECTION ( 'NONE',  ( -0.4226182617407042152, 0.000000000000000000, -0.9063077870366477162 ) ) ;
#2976 = CIRCLE ( 'NONE', #1529, 1.699999999999993072 ) ;
#2977 = VERTEX_POINT ( 'NONE', #443 ) ;
#2978 = CIRCLE ( 'NONE', #422, 4.500000000000003553 ) ;
#2979 = CARTESIAN_POINT ( 'NONE',  ( 111.7511259472106246, 1.347111479062085841E-15, 135.1346666692570011 ) ) ;
#2980 = VERTEX_POINT ( 'NONE', #3210 ) ;
#2981 = DIRECTION ( 'NONE',  ( -0.000000000000000000, 1.000000000000000000, -0.000000000000000000 ) ) ;
#2982 = FACE_OUTER_BOUND ( 'NONE', #2088, .T. ) ;
#2983 = CARTESIAN_POINT ( 'NONE',  ( 21.81623381592653743, -8.099999999999999645, 98.18376618407364731 ) ) ;
#2984 = ORIENTED_EDGE ( 'NONE', *, *, #948, .F. ) ;
#2985 = CARTESIAN_POINT ( 'NONE',  ( 60.00000000000003553, -54.00000000000000000, 11.99999999999994849 ) ) ;
#2986 = DIRECTION ( 'NONE',  ( 0.9063077870366477162, 2.302730277845318263E-17, -0.4226182617407042152 ) ) ;
#2987 = CARTESIAN_POINT ( 'NONE',  ( 24.45000000000004192, 15.00000000000000000, 148.0500000000000966 ) ) ;
#2988 = EDGE_CURVE ( 'NONE', #2865, #1410, #3483, .T. ) ;
#2989 = ORIENTED_EDGE ( 'NONE', *, *, #240, .T. ) ;
#2990 = EDGE_CURVE ( 'NONE', #541, #825, #405, .T. ) ;
#2991 = DIRECTION ( 'NONE',  ( -0.9063077870366477162, 0.000000000000000000, 0.4226182617407043263 ) ) ;
#2992 = DIRECTION ( 'NONE',  ( 0.4226182617407042152, -0.000000000000000000, 0.9063077870366477162 ) ) ;
#2993 = ORIENTED_EDGE ( 'NONE', *, *, #3334, .F. ) ;
#2994 = CARTESIAN_POINT ( 'NONE',  ( -21.14999999999995595, -8.099999999999999645, 23.85000000000002274 ) ) ;
#2995 = EDGE_LOOP ( 'NONE', ( #1337, #1465 ) ) ;
#2996 = DIRECTION ( 'NONE',  ( 0.000000000000000000, 0.000000000000000000, 1.000000000000000000 ) ) ;
#2997 = CARTESIAN_POINT ( 'NONE',  ( 7.500000000000034639, -8.099999999999999645, 167.9062092745361952 ) ) ;
#2998 = FACE_OUTER_BOUND ( 'NONE', #2310, .T. ) ;
#2999 = VECTOR ( 'NONE', #653, 1000.000000000000114 ) ;
#3000 = ORIENTED_EDGE ( 'NONE', *, *, #2091, .F. ) ;
#3001 = CARTESIAN_POINT ( 'NONE',  ( 98.18376618407349099, 0.000000000000000000, 21.81623381592630295 ) ) ;
#3002 = DIRECTION ( 'NONE',  ( 0.9063077870366477162, -0.000000000000000000, -0.4226182617407042152 ) ) ;
#3003 = CIRCLE ( 'NONE', #3459, 115.0000000000000142 ) ;
#3004 = CARTESIAN_POINT ( 'NONE',  ( 0.000000000000000000, -8.099999999999999645, 23.85000000000002274 ) ) ;
#3005 = ORIENTED_EDGE ( 'NONE', *, *, #2418, .T. ) ;
#3006 = DIRECTION ( 'NONE',  ( 0.000000000000000000, 1.000000000000000000, -0.000000000000000000 ) ) ;
#3007 = AXIS2_PLACEMENT_3D ( 'NONE', #1636, #34, #2477 ) ;
#3008 = CARTESIAN_POINT ( 'NONE',  ( 24.45000000000004192, 15.00000000000000000, 148.0500000000000966 ) ) ;
#3009 = ORIENTED_EDGE ( 'NONE', *, *, #2847, .T. ) ;
#3010 = DIRECTION ( 'NONE',  ( 0.000000000000000000, 1.000000000000000000, -0.000000000000000000 ) ) ;
#3011 = CARTESIAN_POINT ( 'NONE',  ( 103.6960218784329868, -8.099999999999999645, 119.5604402483383950 ) ) ;
#3012 = ADVANCED_FACE ( 'NONE', ( #3491, #1542, #163 ), #1718, .T. ) ;
#3013 = ORIENTED_EDGE ( 'NONE', *, *, #720, .F. ) ;
#3014 = CARTESIAN_POINT ( 'NONE',  ( 61.90178217783315517, 44.00000000000000000, 64.07838504166491589 ) ) ;
#3015 = FACE_OUTER_BOUND ( 'NONE', #1806, .T. ) ;
#3016 = DIRECTION ( 'NONE',  ( 0.000000000000000000, 1.000000000000000000, -0.000000000000000000 ) ) ;
#3017 = EDGE_CURVE ( 'NONE', #2746, #2752, #2732, .T. ) ;
#3018 = VERTEX_POINT ( 'NONE', #3117 ) ;
#3019 = DIRECTION ( 'NONE',  ( -0.000000000000000000, 1.000000000000000000, -0.000000000000000000 ) ) ;
#3020 = CARTESIAN_POINT ( 'NONE',  ( 54.71727172824119378, 44.00000000000000000, 48.67115266204190505 ) ) ;
#3021 = CARTESIAN_POINT ( 'NONE',  ( 75.45000000000004547, 15.00000000000000000, 149.8500000000000796 ) ) ;
#3022 = AXIS2_PLACEMENT_3D ( 'NONE', #2891, #669, #963 ) ;
#3023 = ORIENTED_EDGE ( 'NONE', *, *, #1396, .T. ) ;
#3024 = ORIENTED_EDGE ( 'NONE', *, *, #2970, .T. ) ;
#3025 = DIRECTION ( 'NONE',  ( 0.000000000000000000, 1.000000000000000000, -0.000000000000000000 ) ) ;
#3026 = DIRECTION ( 'NONE',  ( 0.000000000000000000, 0.000000000000000000, 1.000000000000000000 ) ) ;
#3027 = VECTOR ( 'NONE', #1915, 1000.000000000000114 ) ;
#3028 = AXIS2_PLACEMENT_3D ( 'NONE', #3008, #1339, #830 ) ;
#3029 = VERTEX_POINT ( 'NONE', #616 ) ;
#3030 = CIRCLE ( 'NONE', #3257, 4.499999999999997335 ) ;
#3031 = ORIENTED_EDGE ( 'NONE', *, *, #3133, .F. ) ;
#3032 = DIRECTION ( 'NONE',  ( 0.000000000000000000, 0.000000000000000000, 1.000000000000000000 ) ) ;
#3033 = CIRCLE ( 'NONE', #3102, 2.250000000000001776 ) ;
#3034 = CIRCLE ( 'NONE', #1475, 1.799999999999996048 ) ;
#3035 = CARTESIAN_POINT ( 'NONE',  ( -15.49999999999997868, 0.000000000000000000, 46.25000000000002842 ) ) ;
#3036 = CIRCLE ( 'NONE', #2916, 2.250000000000001776 ) ;
#3037 = EDGE_CURVE ( 'NONE', #2913, #933, #1732, .T. ) ;
#3038 = VERTEX_POINT ( 'NONE', #340 ) ;
#3039 = CARTESIAN_POINT ( 'NONE',  ( 58.09821782216681640, 44.00000000000000000, 55.92161495833508411 ) ) ;
#3040 = AXIS2_PLACEMENT_3D ( 'NONE', #2548, #66, #3120 ) ;
#3041 = EDGE_CURVE ( 'NONE', #3051, #954, #149, .T. ) ;
#3042 = DIRECTION ( 'NONE',  ( 0.000000000000000000, 0.000000000000000000, 1.000000000000000000 ) ) ;
#3043 = VERTEX_POINT ( 'NONE', #1572 ) ;
#3044 = CARTESIAN_POINT ( 'NONE',  ( 98.18376618407349099, -8.099999999999999645, 21.81623381592630295 ) ) ;
#3045 = FACE_OUTER_BOUND ( 'NONE', #3417, .T. ) ;
#3046 = CARTESIAN_POINT ( 'NONE',  ( 103.6960218784329868, 1.347111479062085841E-15, 119.5604402483383950 ) ) ;
#3047 = ORIENTED_EDGE ( 'NONE', *, *, #2297, .F. ) ;
#3048 = ORIENTED_EDGE ( 'NONE', *, *, #2246, .F. ) ;
#3049 = CARTESIAN_POINT ( 'NONE',  ( 151.0139512113382239, -8.100000000000024514, 12.59429691587578226 ) ) ;
#3050 = CARTESIAN_POINT ( 'NONE',  ( 158.1984616609301781, -8.099999999999996092, 28.00152929549877001 ) ) ;
#3051 = VERTEX_POINT ( 'NONE', #2668 ) ;
#3052 = ORIENTED_EDGE ( 'NONE', *, *, #2381, .F. ) ;
#3053 = CARTESIAN_POINT ( 'NONE',  ( 21.81623381592637756, -8.099999999999999645, 21.81623381592651612 ) ) ;
#3054 = DIRECTION ( 'NONE',  ( 0.9063077870366477162, 2.302730277845318263E-17, -0.4226182617407042152 ) ) ;
#3055 =( BOUNDED_CURVE ( )  B_SPLINE_CURVE ( 3, ( #107, #3384, #2066, #124 ),
 .UNSPECIFIED., .F., .T. ) 
 B_SPLINE_CURVE_WITH_KNOTS ( ( 4, 4 ),
 ( 4.406768505177227624, 4.434489543049251026 ),
 .UNSPECIFIED. ) 
 CURVE ( )  GEOMETRIC_REPRESENTATION_ITEM ( )  RATIONAL_B_SPLINE_CURVE ( ( 1.000000000000000000, 0.9999359630301510871, 0.9999359630301510871, 1.000000000000000000 ) ) 
 REPRESENTATION_ITEM ( '' )  );
#3056 = VERTEX_POINT ( 'NONE', #1608 ) ;
#3057 = DIRECTION ( 'NONE',  ( 0.4226182617407042708, 5.551115123125782702E-17, 0.9063077870366478273 ) ) ;
#3058 = ADVANCED_FACE ( 'NONE', ( #2124 ), #1860, .F. ) ;
#3059 = DIRECTION ( 'NONE',  ( 0.000000000000000000, 1.000000000000000000, 0.000000000000000000 ) ) ;
#3060 = EDGE_CURVE ( 'NONE', #17, #1401, #3539, .T. ) ;
#3061 = ORIENTED_EDGE ( 'NONE', *, *, #2683, .F. ) ;
#3062 = LINE ( 'NONE', #1645, #3261 ) ;
#3063 = DIRECTION ( 'NONE',  ( 0.000000000000000000, 0.000000000000000000, 1.000000000000000000 ) ) ;
#3064 = CARTESIAN_POINT ( 'NONE',  ( -11.77133829043442681, 0.000000000000000000, 131.7713382904347270 ) ) ;
#3065 = ORIENTED_EDGE ( 'NONE', *, *, #1250, .T. ) ;
#3066 = EDGE_CURVE ( 'NONE', #2870, #1870, #1991, .T. ) ;
#3067 = VERTEX_POINT ( 'NONE', #2711 ) ;
#3068 = AXIS2_PLACEMENT_3D ( 'NONE', #636, #2043, #367 ) ;
#3069 = DIRECTION ( 'NONE',  ( 1.000000000000000000, 0.000000000000000000, 0.000000000000000000 ) ) ;
#3070 = CARTESIAN_POINT ( 'NONE',  ( 139.3856189176571547, 12.68587977491875840, 18.01667731599040323 ) ) ;
#3071 = ORIENTED_EDGE ( 'NONE', *, *, #2269, .T. ) ;
#3072 = EDGE_CURVE ( 'NONE', #2343, #444, #527, .T. ) ;
#3073 = ORIENTED_EDGE ( 'NONE', *, *, #1881, .T. ) ;
#3074 = CARTESIAN_POINT ( 'NONE',  ( 131.7713382904344144, 0.000000000000000000, -11.77133829043473412 ) ) ;
#3075 = DIRECTION ( 'NONE',  ( 0.000000000000000000, 0.000000000000000000, 1.000000000000000000 ) ) ;
#3076 = ORIENTED_EDGE ( 'NONE', *, *, #1592, .T. ) ;
#3077 = DIRECTION ( 'NONE',  ( -0.4226182617407058806, 0.000000000000000000, -0.9063077870366470501 ) ) ;
#3078 = FACE_OUTER_BOUND ( 'NONE', #302, .T. ) ;
#3079 = CARTESIAN_POINT ( 'NONE',  ( 0.000000000000000000, 0.000000000000000000, 0.000000000000000000 ) ) ;
#3080 = VECTOR ( 'NONE', #1746, 1000.000000000000000 ) ;
#3081 = ORIENTED_EDGE ( 'NONE', *, *, #2131, .T. ) ;
#3082 = DIRECTION ( 'NONE',  ( 0.000000000000000000, 0.000000000000000000, 1.000000000000000000 ) ) ;
#3083 = DIRECTION ( 'NONE',  ( 0.4226182617407042708, 5.551115123125782702E-17, 0.9063077870366478273 ) ) ;
#3084 = DIRECTION ( 'NONE',  ( -0.000000000000000000, -1.000000000000000000, -0.000000000000000000 ) ) ;
#3085 = VERTEX_POINT ( 'NONE', #2482 ) ;
#3086 = EDGE_LOOP ( 'NONE', ( #2843, #2373, #2604, #1039 ) ) ;
#3087 = CARTESIAN_POINT ( 'NONE',  ( 20.35000000000003340, 15.00000000000000000, 132.0000000000000853 ) ) ;
#3088 = ADVANCED_FACE ( 'NONE', ( #494 ), #729, .F. ) ;
#3089 = AXIS2_PLACEMENT_3D ( 'NONE', #1089, #1109, #1133 ) ;
#3090 = ADVANCED_FACE ( 'NONE', ( #1009 ), #1624, .F. ) ;
#3091 = ORIENTED_EDGE ( 'NONE', *, *, #1017, .F. ) ;
#3092 = EDGE_LOOP ( 'NONE', ( #104, #1156, #2574, #1364 ) ) ;
#3093 = CARTESIAN_POINT ( 'NONE',  ( 65.28272827175879911, 44.00000000000000000, 71.32884733795809495 ) ) ;
#3094 = DIRECTION ( 'NONE',  ( -0.000000000000000000, 1.000000000000000000, -0.000000000000000000 ) ) ;
#3095 = CIRCLE ( 'NONE', #997, 120.0000000000000000 ) ;
#3096 = ORIENTED_EDGE ( 'NONE', *, *, #2683, .T. ) ;
#3097 = AXIS2_PLACEMENT_3D ( 'NONE', #1539, #2860, #1518 ) ;
#3098 = VECTOR ( 'NONE', #2504, 1000.000000000000000 ) ;
#3099 = VECTOR ( 'NONE', #1130, 1000.000000000000000 ) ;
#3100 = AXIS2_PLACEMENT_3D ( 'NONE', #6, #979, #790 ) ;
#3101 = DIRECTION ( 'NONE',  ( 0.000000000000000000, 0.000000000000000000, 1.000000000000000000 ) ) ;
#3102 = AXIS2_PLACEMENT_3D ( 'NONE', #2983, #174, #226 ) ;
#3103 = VECTOR ( 'NONE', #105, 1000.000000000000000 ) ;
#3104 = EDGE_LOOP ( 'NONE', ( #1308, #666, #3241, #2924 ) ) ;
#3105 = LINE ( 'NONE', #3183, #3532 ) ;
#3106 = DIRECTION ( 'NONE',  ( 0.9063077870366477162, 0.000000000000000000, -0.4226182617407042152 ) ) ;
#3107 = CIRCLE ( 'NONE', #1535, 1.699999999999993072 ) ;
#3108 = LINE ( 'NONE', #624, #190 ) ;
#3109 = EDGE_LOOP ( 'NONE', ( #2851, #544, #537, #3259 ) ) ;
#3110 = VERTEX_POINT ( 'NONE', #2968 ) ;
#3111 = CIRCLE ( 'NONE', #2008, 1.799999999999996048 ) ;
#3112 = EDGE_CURVE ( 'NONE', #933, #2511, #2394, .T. ) ;
#3113 = ORIENTED_EDGE ( 'NONE', *, *, #2439, .T. ) ;
#3114 = EDGE_CURVE ( 'NONE', #601, #2784, #1896, .T. ) ;
#3115 = VERTEX_POINT ( 'NONE', #2952 ) ;
#3116 = DIRECTION ( 'NONE',  ( 0.9063077870366477162, 2.302730277845318263E-17, -0.4226182617407042152 ) ) ;
#3117 = CARTESIAN_POINT ( 'NONE',  ( 60.00000000000003553, 0.000000000000000000, 11.99999999999994849 ) ) ;
#3118 = AXIS2_PLACEMENT_3D ( 'NONE', #2364, #2901, #1766 ) ;
#3119 = ORIENTED_EDGE ( 'NONE', *, *, #1373, .T. ) ;
#3120 = DIRECTION ( 'NONE',  ( 0.9063077870366478273, 0.000000000000000000, -0.4226182617407042708 ) ) ;
#3121 = ORIENTED_EDGE ( 'NONE', *, *, #2954, .T. ) ;
#3122 = EDGE_CURVE ( 'NONE', #825, #45, #197, .T. ) ;
#3123 = DIRECTION ( 'NONE',  ( 1.000000000000000000, 0.000000000000000000, 0.000000000000000000 ) ) ;
#3124 = LINE ( 'NONE', #296, #1985 ) ;
#3125 = ORIENTED_EDGE ( 'NONE', *, *, #926, .F. ) ;
#3126 = EDGE_LOOP ( 'NONE', ( #3269, #3005 ) ) ;
#3127 = CARTESIAN_POINT ( 'NONE',  ( 21.81623381592653743, -8.099999999999999645, 95.93376618407364731 ) ) ;
#3128 = ORIENTED_EDGE ( 'NONE', *, *, #1770, .F. ) ;
#3129 = ORIENTED_EDGE ( 'NONE', *, *, #1680, .F. ) ;
#3130 = DIRECTION ( 'NONE',  ( -0.9063077870366487154, 0.000000000000000000, 0.4226182617407023279 ) ) ;
#3131 = EDGE_LOOP ( 'NONE', ( #3065, #1377, #402, #3408 ) ) ;
#3132 = CARTESIAN_POINT ( 'NONE',  ( 111.7511259472106246, 1.347111479062085841E-15, 133.4346666692570125 ) ) ;
#3133 = EDGE_CURVE ( 'NONE', #62, #2388, #1648, .T. ) ;
#3134 = VERTEX_POINT ( 'NONE', #458 ) ;
#3135 = CARTESIAN_POINT ( 'NONE',  ( 28.41497673121481071, -8.099999999999999645, 60.93611424620739569 ) ) ;
#3136 = DIRECTION ( 'NONE',  ( 0.9063077870366477162, 0.000000000000000000, -0.4226182617407041042 ) ) ;
#3137 = CARTESIAN_POINT ( 'NONE',  ( 20.35000000000003340, 0.000000000000000000, 152.0000000000000853 ) ) ;
#3138 = VECTOR ( 'NONE', #307, 1000.000000000000000 ) ;
#3139 = ORIENTED_EDGE ( 'NONE', *, *, #2627, .F. ) ;
#3140 = EDGE_LOOP ( 'NONE', ( #3379, #585 ) ) ;
#3141 = DIRECTION ( 'NONE',  ( 0.4226182617407042708, 5.551115123125782702E-17, 0.9063077870366478273 ) ) ;
#3142 = ORIENTED_EDGE ( 'NONE', *, *, #3171, .F. ) ;
#3143 = CARTESIAN_POINT ( 'NONE',  ( 21.81623381592637756, -8.099999999999999645, 21.81623381592651612 ) ) ;
#3144 = ORIENTED_EDGE ( 'NONE', *, *, #2847, .F. ) ;
#3145 = DIRECTION ( 'NONE',  ( 0.9063077870366477162, 0.000000000000000000, -0.4226182617407042708 ) ) ;
#3146 = ORIENTED_EDGE ( 'NONE', *, *, #3440, .T. ) ;
#3147 = EDGE_CURVE ( 'NONE', #271, #2868, #765, .T. ) ;
#3148 = LINE ( 'NONE', #945, #250 ) ;
#3149 = AXIS2_PLACEMENT_3D ( 'NONE', #2654, #892, #426 ) ;
#3150 = CARTESIAN_POINT ( 'NONE',  ( 71.35000000000003695, -25.00000000000000000, 144.7000000000000739 ) ) ;
#3151 = VECTOR ( 'NONE', #2725, 1000.000000000000114 ) ;
#3152 = AXIS2_PLACEMENT_3D ( 'NONE', #3020, #3083, #1371 ) ;
#3153 = ADVANCED_FACE ( 'NONE', ( #2750 ), #2430, .F. ) ;
#3154 = DIRECTION ( 'NONE',  ( 0.9063077870366477162, -0.000000000000000000, -0.4226182617407042152 ) ) ;
#3155 = CARTESIAN_POINT ( 'NONE',  ( 112.5000000000000426, -8.099999999999999645, 167.9062092745361383 ) ) ;
#3156 = FACE_BOUND ( 'NONE', #2187, .T. ) ;
#3157 = ORIENTED_EDGE ( 'NONE', *, *, #3536, .T. ) ;
#3158 = EDGE_LOOP ( 'NONE', ( #2009, #459, #2540, #2549 ) ) ;
#3159 = AXIS2_PLACEMENT_3D ( 'NONE', #2475, #1923, #811 ) ;
#3160 = CARTESIAN_POINT ( 'NONE',  ( -11.77133829043469682, -8.099999999999999645, -11.77133829043443214 ) ) ;
#3161 = ORIENTED_EDGE ( 'NONE', *, *, #2954, .F. ) ;
#3162 = ORIENTED_EDGE ( 'NONE', *, *, #704, .F. ) ;
#3163 = CARTESIAN_POINT ( 'NONE',  ( 162.4984662702551645, 13.00000000000001776, 22.68627045918132268 ) ) ;
#3164 = ORIENTED_EDGE ( 'NONE', *, *, #2903, .T. ) ;
#3165 = CARTESIAN_POINT ( 'NONE',  ( 103.6960218784329868, -8.099999999999999645, 117.8604402483384064 ) ) ;
#3166 = EDGE_CURVE ( 'NONE', #1438, #3115, #1304, .T. ) ;
#3167 = CARTESIAN_POINT ( 'NONE',  ( 79.55000000000003979, -25.00000000000000000, 136.7000000000000739 ) ) ;
#3168 = FILL_AREA_STYLE_COLOUR ( '', #1466 ) ;
#3169 = DIRECTION ( 'NONE',  ( 0.000000000000000000, 1.000000000000000000, 0.000000000000000000 ) ) ;
#3170 = FACE_BOUND ( 'NONE', #2106, .T. ) ;
#3171 = EDGE_CURVE ( 'NONE', #2712, #2472, #1073, .T. ) ;
#3172 = ORIENTED_EDGE ( 'NONE', *, *, #2526, .T. ) ;
#3173 = ORIENTED_EDGE ( 'NONE', *, *, #1077, .T. ) ;
#3174 = DIRECTION ( 'NONE',  ( -0.000000000000000000, -0.000000000000000000, 1.000000000000000000 ) ) ;
#3175 = DIRECTION ( 'NONE',  ( 0.4226182617407022724, 0.000000000000000000, 0.9063077870366486044 ) ) ;
#3176 = EDGE_CURVE ( 'NONE', #3445, #2865, #264, .T. ) ;
#3177 = ORIENTED_EDGE ( 'NONE', *, *, #1458, .F. ) ;
#3178 = LINE ( 'NONE', #2333, #665 ) ;
#3179 = ADVANCED_FACE ( 'NONE', ( #801 ), #3240, .F. ) ;
#3180 = ORIENTED_EDGE ( 'NONE', *, *, #120, .T. ) ;
#3181 = DIRECTION ( 'NONE',  ( -0.9063077870366477162, -2.302730277845318263E-17, 0.4226182617407042152 ) ) ;
#3182 = FACE_OUTER_BOUND ( 'NONE', #2414, .T. ) ;
#3183 = CARTESIAN_POINT ( 'NONE',  ( 24.45000000000004192, 15.00000000000000000, 149.8500000000001080 ) ) ;
#3184 = CARTESIAN_POINT ( 'NONE',  ( -24.05588815761600685, 10.00000000000004086, 85.40368037388577704 ) ) ;
#3185 = LINE ( 'NONE', #686, #526 ) ;
#3186 = ORIENTED_EDGE ( 'NONE', *, *, #1508, .F. ) ;
#3187 = VERTEX_POINT ( 'NONE', #2787 ) ;
#3188 = CARTESIAN_POINT ( 'NONE',  ( 38.98043327473241959, 0.000000000000000000, 83.59380892212359981 ) ) ;
#3189 = DIRECTION ( 'NONE',  ( 0.000000000000000000, 0.000000000000000000, 1.000000000000000000 ) ) ;
#3190 = EDGE_CURVE ( 'NONE', #3405, #2595, #1112, .T. ) ;
#3191 = ORIENTED_EDGE ( 'NONE', *, *, #1902, .F. ) ;
#3192 = EDGE_CURVE ( 'NONE', #67, #785, #3124, .T. ) ;
#3193 = DIRECTION ( 'NONE',  ( 0.000000000000000000, 1.000000000000000000, 0.000000000000000000 ) ) ;
#3194 = LINE ( 'NONE', #2697, #2107 ) ;
#3195 = VERTEX_POINT ( 'NONE', #3046 ) ;
#3196 = LINE ( 'NONE', #2682, #2744 ) ;
#3197 = CIRCLE ( 'NONE', #303, 113.0000000000000284 ) ;
#3198 = CARTESIAN_POINT ( 'NONE',  ( 65.28272827175879911, 44.00000000000000000, 71.32884733795809495 ) ) ;
#3199 = FACE_OUTER_BOUND ( 'NONE', #3266, .T. ) ;
#3200 = DIRECTION ( 'NONE',  ( 1.000000000000000000, 0.000000000000000000, 0.000000000000000000 ) ) ;
#3201 = LINE ( 'NONE', #707, #2972 ) ;
#3202 = AXIS2_PLACEMENT_3D ( 'NONE', #1684, #370, #1225 ) ;
#3203 = VECTOR ( 'NONE', #2793, 1000.000000000000000 ) ;
#3204 = VECTOR ( 'NONE', #1779, 1000.000000000000000 ) ;
#3205 = ORIENTED_EDGE ( 'NONE', *, *, #409, .F. ) ;
#3206 = CARTESIAN_POINT ( 'NONE',  ( 20.35000000000003340, 0.000000000000000000, 132.0000000000000853 ) ) ;
#3207 = VECTOR ( 'NONE', #1370, 1000.000000000000000 ) ;
#3208 = DIRECTION ( 'NONE',  ( 0.000000000000000000, 1.000000000000000000, 0.000000000000000000 ) ) ;
#3209 = VECTOR ( 'NONE', #1278, 1000.000000000000000 ) ;
#3210 = CARTESIAN_POINT ( 'NONE',  ( 112.5000000000000426, -8.099999999999999645, 167.9062092745361383 ) ) ;
#3211 = ORIENTED_EDGE ( 'NONE', *, *, #116, .T. ) ;
#3212 = AXIS2_PLACEMENT_3D ( 'NONE', #2759, #1143, #1065 ) ;
#3213 = CARTESIAN_POINT ( 'NONE',  ( -46.42765342167792397, 13.00000000000001421, 99.14593959985144522 ) ) ;
#3214 = CARTESIAN_POINT ( 'NONE',  ( -46.49999999999997868, -8.099999999999999645, 46.25000000000002842 ) ) ;
#3215 = EDGE_CURVE ( 'NONE', #62, #614, #55, .T. ) ;
#3216 = ORIENTED_EDGE ( 'NONE', *, *, #3557, .F. ) ;
#3217 = CARTESIAN_POINT ( 'NONE',  ( 60.00000000000002842, 0.000000000000000000, 107.9999999999999858 ) ) ;
#3218 = CARTESIAN_POINT ( 'NONE',  ( 98.18376618407349099, 0.000000000000000000, 21.81623381592630295 ) ) ;
#3219 = CARTESIAN_POINT ( 'NONE',  ( -21.14999999999995595, 0.000000000000000000, 23.85000000000002274 ) ) ;
#3220 = CARTESIAN_POINT ( 'NONE',  ( 98.18376618407349099, -8.099999999999999645, 19.56623381592630651 ) ) ;
#3221 = DIRECTION ( 'NONE',  ( 0.9063077870366476052, 0.000000000000000000, -0.4226182617407042708 ) ) ;
#3222 = EDGE_CURVE ( 'NONE', #2304, #1093, #1111, .T. ) ;
#3223 = ORIENTED_EDGE ( 'NONE', *, *, #3122, .F. ) ;
#3224 = DIRECTION ( 'NONE',  ( 0.2988362387301222167, -0.7071067811865499042, 0.6408563820557847679 ) ) ;
#3225 = LINE ( 'NONE', #744, #589 ) ;
#3226 = DIRECTION ( 'NONE',  ( 0.000000000000000000, 0.000000000000000000, -1.000000000000000000 ) ) ;
#3227 = ORIENTED_EDGE ( 'NONE', *, *, #3215, .T. ) ;
#3228 = CYLINDRICAL_SURFACE ( 'NONE', #1074, 121.4999999999999432 ) ;
#3229 = DIRECTION ( 'NONE',  ( 0.9063077870366477162, 0.000000000000000000, -0.4226182617407042152 ) ) ;
#3230 = VERTEX_POINT ( 'NONE', #16 ) ;
#3231 = CARTESIAN_POINT ( 'NONE',  ( 112.5000000000000426, -8.099999999999999645, 180.0000000000000000 ) ) ;
#3232 = DIRECTION ( 'NONE',  ( 0.000000000000000000, 0.000000000000000000, 1.000000000000000000 ) ) ;
#3233 = CIRCLE ( 'NONE', #2369, 95.00000000000004263 ) ;
#3234 = EDGE_CURVE ( 'NONE', #601, #1974, #2450, .T. ) ;
#3235 = CARTESIAN_POINT ( 'NONE',  ( 169.8595941522109456, -8.099999999999999645, 18.15034223620444109 ) ) ;
#3236 =( LENGTH_UNIT ( ) NAMED_UNIT ( * ) SI_UNIT ( .MILLI., .METRE. ) );
#3237 = ORIENTED_EDGE ( 'NONE', *, *, #2297, .T. ) ;
#3238 = DIRECTION ( 'NONE',  ( 0.000000000000000000, 1.000000000000000000, -0.000000000000000000 ) ) ;
#3239 = DIRECTION ( 'NONE',  ( 0.9063077870366477162, 0.000000000000000000, -0.4226182617407042152 ) ) ;
#3240 = PLANE ( 'NONE',  #1578 ) ;
#3241 = ORIENTED_EDGE ( 'NONE', *, *, #115, .T. ) ;
#3242 = CARTESIAN_POINT ( 'NONE',  ( -37.35937950750948744, 0.000000000000000000, 119.1916482446023053 ) ) ;
#3243 = ORIENTED_EDGE ( 'NONE', *, *, #3166, .T. ) ;
#3244 = FACE_OUTER_BOUND ( 'NONE', #3438, .T. ) ;
#3245 = ORIENTED_EDGE ( 'NONE', *, *, #277, .F. ) ;
#3246 = DIRECTION ( 'NONE',  ( -0.4226182617407042152, -0.000000000000000000, -0.9063077870366477162 ) ) ;
#3247 = EDGE_CURVE ( 'NONE', #1973, #3187, #2267, .T. ) ;
#3248 = DIRECTION ( 'NONE',  ( 0.6511327143160607900, -0.6955832962520925866, -0.3036281711608342371 ) ) ;
#3249 = CARTESIAN_POINT ( 'NONE',  ( 139.0243877086986970, -1.387778780781445676E-14, 36.94254681745471203 ) ) ;
#3250 = EDGE_CURVE ( 'NONE', #2511, #2895, #3108, .T. ) ;
#3251 = EDGE_LOOP ( 'NONE', ( #832, #3119, #2129, #2765 ) ) ;
#3252 = ADVANCED_FACE ( 'NONE', ( #2522 ), #1935, .F. ) ;
#3253 = PLANE ( 'NONE',  #1113 ) ;
#3254 = DIRECTION ( 'NONE',  ( 0.9063077870366477162, 0.000000000000000000, -0.4226182617407042152 ) ) ;
#3255 = DIRECTION ( 'NONE',  ( 0.4226182617407042708, 5.551115123125782702E-17, 0.9063077870366478273 ) ) ;
#3256 = VECTOR ( 'NONE', #512, 1000.000000000000000 ) ;
#3257 = AXIS2_PLACEMENT_3D ( 'NONE', #2898, #968, #374 ) ;
#3258 = CIRCLE ( 'NONE', #1996, 2.250000000000001776 ) ;
#3259 = ORIENTED_EDGE ( 'NONE', *, *, #950, .F. ) ;
#3260 = VECTOR ( 'NONE', #2826, 1000.000000000000000 ) ;
#3261 = VECTOR ( 'NONE', #3559, 1000.000000000000000 ) ;
#3262 = AXIS2_PLACEMENT_3D ( 'NONE', #539, #2631, #1081 ) ;
#3263 = FACE_OUTER_BOUND ( 'NONE', #1937, .T. ) ;
#3264 = LINE ( 'NONE', #2754, #3203 ) ;
#3265 = CIRCLE ( 'NONE', #144, 4.500000000000003553 ) ;
#3266 = EDGE_LOOP ( 'NONE', ( #1938, #3344, #1998, #3216 ) ) ;
#3267 = CIRCLE ( 'NONE', #1875, 4.500000000000003553 ) ;
#3268 = CARTESIAN_POINT ( 'NONE',  ( 38.98043327473241959, 4.426212892130250308E-15, 83.59380892212358560 ) ) ;
#3269 = ORIENTED_EDGE ( 'NONE', *, *, #304, .T. ) ;
#3270 = LINE ( 'NONE', #1617, #1209 ) ;
#3271 = DIRECTION ( 'NONE',  ( 0.000000000000000000, 6.004194730106474119E-17, -1.000000000000000000 ) ) ;
#3272 = DIRECTION ( 'NONE',  ( -0.000000000000000000, 1.000000000000000000, -0.000000000000000000 ) ) ;
#3273 = ADVANCED_BREP_SHAPE_REPRESENTATION ( 'ELP-0045', ( #984, #1295 ), #2398 ) ;
#3274 = ORIENTED_EDGE ( 'NONE', *, *, #1902, .T. ) ;
#3275 = DIRECTION ( 'NONE',  ( 0.9063077870366477162, 2.302730277845318263E-17, -0.4226182617407042152 ) ) ;
#3276 = PLANE ( 'NONE',  #1988 ) ;
#3277 = DIRECTION ( 'NONE',  ( 0.6511327143160626774, 0.6955832962520901441, -0.3036281711608351808 ) ) ;
#3278 = EDGE_LOOP ( 'NONE', ( #2442, #282 ) ) ;
#3279 = DIRECTION ( 'NONE',  ( 0.9063077870366477162, 0.000000000000000000, -0.4226182617407042152 ) ) ;
#3280 = EDGE_CURVE ( 'NONE', #3230, #2101, #2050, .T. ) ;
#3281 = CYLINDRICAL_SURFACE ( 'NONE', #416, 115.0000000000000142 ) ;
#3282 = ORIENTED_EDGE ( 'NONE', *, *, #3433, .F. ) ;
#3283 = VECTOR ( 'NONE', #1652, 1000.000000000000000 ) ;
#3284 = ORIENTED_EDGE ( 'NONE', *, *, #1367, .T. ) ;
#3285 = DIRECTION ( 'NONE',  ( 0.4226182617407042152, 0.000000000000000000, 0.9063077870366477162 ) ) ;
#3286 = FACE_OUTER_BOUND ( 'NONE', #2204, .T. ) ;
#3287 = EDGE_CURVE ( 'NONE', #1481, #855, #864, .T. ) ;
#3288 = ORIENTED_EDGE ( 'NONE', *, *, #928, .T. ) ;
#3289 = DIRECTION ( 'NONE',  ( 0.000000000000000000, 0.000000000000000000, 1.000000000000000000 ) ) ;
#3290 = CARTESIAN_POINT ( 'NONE',  ( 31.79592282514044754, 0.000000000000000000, 68.18657654250058897 ) ) ;
#3291 = CARTESIAN_POINT ( 'NONE',  ( 58.09821782216683062, 44.00000000000000000, 55.92161495833508411 ) ) ;
#3292 = AXIS2_PLACEMENT_3D ( 'NONE', #2458, #1344, #171 ) ;
#3293 = ORIENTED_EDGE ( 'NONE', *, *, #2607, .T. ) ;
#3294 = DIRECTION ( 'NONE',  ( -0.000000000000000000, 1.000000000000000000, -0.000000000000000000 ) ) ;
#3295 = CARTESIAN_POINT ( 'NONE',  ( 61.90178217783316938, 44.00000000000000000, 64.07838504166493010 ) ) ;
#3296 = CARTESIAN_POINT ( 'NONE',  ( 38.98043327473241959, 0.000000000000000000, 83.59380892212359981 ) ) ;
#3297 = ORIENTED_EDGE ( 'NONE', *, *, #1046, .T. ) ;
#3298 = ADVANCED_FACE ( 'NONE', ( #1135 ), #331, .F. ) ;
#3299 = DIRECTION ( 'NONE',  ( -1.000000000000000000, -0.000000000000000000, -0.000000000000000000 ) ) ;
#3300 = DIRECTION ( 'NONE',  ( 0.000000000000000000, 1.000000000000000000, 0.000000000000000000 ) ) ;
#3301 = ORIENTED_EDGE ( 'NONE', *, *, #1594, .T. ) ;
#3302 = ADVANCED_FACE ( 'NONE', ( #1453 ), #2554, .F. ) ;
#3303 = EDGE_LOOP ( 'NONE', ( #1667, #3579, #58, #2800, #633, #1021 ) ) ;
#3304 = DIRECTION ( 'NONE',  ( -0.000000000000000000, 1.000000000000000000, -0.000000000000000000 ) ) ;
#3305 = CYLINDRICAL_SURFACE ( 'NONE', #2576, 2.250000000000001776 ) ;
#3306 = ORIENTED_EDGE ( 'NONE', *, *, #2063, .T. ) ;
#3307 = CARTESIAN_POINT ( 'NONE',  ( 162.8136455147126469, 10.99580510991697402, 24.75068435081438523 ) ) ;
#3308 = CARTESIAN_POINT ( 'NONE',  ( 169.8595941522109456, 0.000000000000000000, 18.15034223620444109 ) ) ;
#3309 = ORIENTED_EDGE ( 'NONE', *, *, #1740, .T. ) ;
#3310 = DIRECTION ( 'NONE',  ( 0.4226182617407042152, 5.551115123125782086E-17, 0.9063077870366477162 ) ) ;
#3311 = FACE_BOUND ( 'NONE', #2153, .T. ) ;
#3312 = CARTESIAN_POINT ( 'NONE',  ( 139.3856189176571263, 12.68587977491876551, 18.01667731599041034 ) ) ;
#3313 = VERTEX_POINT ( 'NONE', #70 ) ;
#3314 = ORIENTED_EDGE ( 'NONE', *, *, #1165, .F. ) ;
#3315 = CARTESIAN_POINT ( 'NONE',  ( 24.45000000000004192, 0.000000000000000000, 148.0500000000000966 ) ) ;
#3316 = CARTESIAN_POINT ( 'NONE',  ( 24.45000000000004192, 15.00000000000000000, 134.1500000000000909 ) ) ;
#3317 = VECTOR ( 'NONE', #822, 1000.000000000000000 ) ;
#3318 = VERTEX_POINT ( 'NONE', #2842 ) ;
#3319 = AXIS2_PLACEMENT_3D ( 'NONE', #3295, #3489, #3254 ) ;
#3320 = EDGE_LOOP ( 'NONE', ( #1155, #1792, #923, #3527 ) ) ;
#3321 = DIRECTION ( 'NONE',  ( 0.9063077870366477162, 0.000000000000000000, -0.4226182617407042708 ) ) ;
#3322 = DIRECTION ( 'NONE',  ( -0.000000000000000000, 1.000000000000000000, -0.000000000000000000 ) ) ;
#3323 = CIRCLE ( 'NONE', #2112, 2.249999999999998668 ) ;
#3324 = ADVANCED_FACE ( 'NONE', ( #1091 ), #900, .F. ) ;
#3325 = ORIENTED_EDGE ( 'NONE', *, *, #2906, .T. ) ;
#3326 = DIRECTION ( 'NONE',  ( -0.000000000000000000, 1.000000000000000000, -0.000000000000000000 ) ) ;
#3327 = VECTOR ( 'NONE', #2258, 1000.000000000000000 ) ;
#3328 = CARTESIAN_POINT ( 'NONE',  ( -11.77133829043442681, -2.143131898507868297E-16, 131.7713382904347270 ) ) ;
#3329 = EDGE_CURVE ( 'NONE', #571, #325, #1971, .T. ) ;
#3330 = ORIENTED_EDGE ( 'NONE', *, *, #2502, .F. ) ;
#3331 = CARTESIAN_POINT ( 'NONE',  ( 21.81623381592653743, 0.000000000000000000, 98.18376618407364731 ) ) ;
#3332 = DIRECTION ( 'NONE',  ( 0.000000000000000000, 1.000000000000000000, -0.000000000000000000 ) ) ;
#3333 = DIRECTION ( 'NONE',  ( -0.9063077870366469391, 0.000000000000000000, 0.4226182617407058251 ) ) ;
#3334 = EDGE_CURVE ( 'NONE', #2270, #1593, #281, .T. ) ;
#3335 = VERTEX_POINT ( 'NONE', #2499 ) ;
#3336 = ORIENTED_EDGE ( 'NONE', *, *, #603, .T. ) ;
#3337 = DIRECTION ( 'NONE',  ( 0.000000000000000000, 0.000000000000000000, 1.000000000000000000 ) ) ;
#3338 = CARTESIAN_POINT ( 'NONE',  ( 76.23489593122241104, -8.099999999999999645, 132.3657735790814058 ) ) ;
#3339 = ORIENTED_EDGE ( 'NONE', *, *, #3222, .F. ) ;
#3340 = ADVANCED_FACE ( 'NONE', ( #845 ), #1955, .F. ) ;
#3341 = VERTEX_POINT ( 'NONE', #2309 ) ;
#3342 = DIRECTION ( 'NONE',  ( 0.000000000000000000, 0.000000000000000000, 1.000000000000000000 ) ) ;
#3343 = CARTESIAN_POINT ( 'NONE',  ( 159.6127822729470722, -1.387778780781445676E-14, 27.34202076302882389 ) ) ;
#3344 = ORIENTED_EDGE ( 'NONE', *, *, #613, .T. ) ;
#3345 = CARTESIAN_POINT ( 'NONE',  ( -10.09460336273314240, -8.099999999999988987, 97.65085097871124731 ) ) ;
#3346 = ORIENTED_EDGE ( 'NONE', *, *, #1400, .T. ) ;
#3347 = EDGE_CURVE ( 'NONE', #1059, #1438, #421, .T. ) ;
#3348 = DIRECTION ( 'NONE',  ( 0.9063077870366477162, 0.000000000000000000, -0.4226182617407042152 ) ) ;
#3349 = CARTESIAN_POINT ( 'NONE',  ( 28.41497673121481071, 0.000000000000000000, 60.93611424620739569 ) ) ;
#3350 = DIRECTION ( 'NONE',  ( 1.000000000000000000, 0.000000000000000000, -0.000000000000000000 ) ) ;
#3351 = VERTEX_POINT ( 'NONE', #1774 ) ;
#3352 = VERTEX_POINT ( 'NONE', #915 ) ;
#3353 = AXIS2_PLACEMENT_3D ( 'NONE', #74, #2557, #1379 ) ;
#3354 = VECTOR ( 'NONE', #449, 1000.000000000000114 ) ;
#3355 = CARTESIAN_POINT ( 'NONE',  ( -36.23183617902143538, 0.000000000000000000, 99.90844153326436583 ) ) ;
#3356 = ORIENTED_EDGE ( 'NONE', *, *, #2179, .T. ) ;
#3357 = ORIENTED_EDGE ( 'NONE', *, *, #484, .F. ) ;
#3358 = AXIS2_PLACEMENT_3D ( 'NONE', #2869, #1493, #3289 ) ;
#3359 = DIRECTION ( 'NONE',  ( -0.4226182617407042152, 5.551115123125782086E-17, -0.9063077870366477162 ) ) ;
#3360 = DIRECTION ( 'NONE',  ( 0.000000000000000000, 1.000000000000000000, 0.000000000000000000 ) ) ;
#3361 = ORIENTED_EDGE ( 'NONE', *, *, #1432, .F. ) ;
#3362 = DIRECTION ( 'NONE',  ( 0.9063077870366477162, 0.000000000000000000, -0.4226182617407042152 ) ) ;
#3363 = EDGE_CURVE ( 'NONE', #2971, #1123, #1637, .T. ) ;
#3364 = VERTEX_POINT ( 'NONE', #3401 ) ;
#3365 = CARTESIAN_POINT ( 'NONE',  ( 60.00000000000003553, -8.100000000000003197, 11.99999999999994849 ) ) ;
#3366 = CARTESIAN_POINT ( 'NONE',  ( 54.71727172824119378, 44.00000000000000000, 48.67115266204190505 ) ) ;
#3367 = CARTESIAN_POINT ( 'NONE',  ( -11.77133829043469682, -2.143131898507868297E-16, -11.77133829043443214 ) ) ;
#3368 = ADVANCED_FACE ( 'NONE', ( #3464, #2569, #1261, #2357, #126, #2600, #2931, #638, #2634, #1755, #2878, #159, #952, #93, #400, #2047, #2372, #3170, #1192, #671, #2894, #3156, #1486, #438 ), #2587, .T. ) ;
#3369 = ORIENTED_EDGE ( 'NONE', *, *, #2632, .F. ) ;
#3370 = ORIENTED_EDGE ( 'NONE', *, *, #1852, .T. ) ;
#3371 = DIRECTION ( 'NONE',  ( -0.000000000000000000, -1.000000000000000000, 0.000000000000000000 ) ) ;
#3372 = VERTEX_POINT ( 'NONE', #2100 ) ;
#3373 = ORIENTED_EDGE ( 'NONE', *, *, #1458, .T. ) ;
#3374 = DIRECTION ( 'NONE',  ( 0.000000000000000000, 0.000000000000000000, 1.000000000000000000 ) ) ;
#3375 = CARTESIAN_POINT ( 'NONE',  ( 160.8624681285456859, 0.000000000000000000, 3.588346380062824803 ) ) ;
#3376 = VECTOR ( 'NONE', #1415, 1000.000000000000000 ) ;
#3377 = AXIS2_PLACEMENT_3D ( 'NONE', #1062, #534, #2488 ) ;
#3378 = AXIS2_PLACEMENT_3D ( 'NONE', #2667, #195, #3522 ) ;
#3379 = ORIENTED_EDGE ( 'NONE', *, *, #454, .T. ) ;
#3380 = VECTOR ( 'NONE', #176, 1000.000000000000000 ) ;
#3381 = AXIS2_PLACEMENT_3D ( 'NONE', #1240, #1482, #2889 ) ;
#3382 = CARTESIAN_POINT ( 'NONE',  ( 158.1967179889942088, 0.000000000000000000, 19.17531903137589566 ) ) ;
#3383 = ORIENTED_EDGE ( 'NONE', *, *, #116, .F. ) ;
#3384 = CARTESIAN_POINT ( 'NONE',  ( 153.0898798203661784, 10.99580510991686033, 3.898001525875312456 ) ) ;
#3385 = FACE_BOUND ( 'NONE', #3140, .T. ) ;
#3386 = DIRECTION ( 'NONE',  ( -0.000000000000000000, 1.000000000000000000, -0.000000000000000000 ) ) ;
#3387 = VERTEX_POINT ( 'NONE', #109 ) ;
#3388 = ORIENTED_EDGE ( 'NONE', *, *, #2418, .F. ) ;
#3389 = CARTESIAN_POINT ( 'NONE',  ( -42.81364551471265401, 10.99580510991691362, 95.24931564918561833 ) ) ;
#3390 = ORIENTED_EDGE ( 'NONE', *, *, #1560, .F. ) ;
#3391 = EDGE_LOOP ( 'NONE', ( #1826, #2872, #2194, #1160 ) ) ;
#3392 = EDGE_CURVE ( 'NONE', #726, #906, #1291, .T. ) ;
#3393 = DIRECTION ( 'NONE',  ( -0.9063077870366476052, 0.000000000000000000, 0.4226182617407042708 ) ) ;
#3394 = DIRECTION ( 'NONE',  ( -0.000000000000000000, 1.000000000000000000, -0.000000000000000000 ) ) ;
#3395 = ORIENTED_EDGE ( 'NONE', *, *, #1780, .T. ) ;
#3396 = CARTESIAN_POINT ( 'NONE',  ( -15.49999999999996447, 0.000000000000000000, 75.50000000000002842 ) ) ;
#3397 = LINE ( 'NONE', #383, #1324 ) ;
#3398 = AXIS2_PLACEMENT_3D ( 'NONE', #428, #2039, #1544 ) ;
#3399 = CARTESIAN_POINT ( 'NONE',  ( -38.39790644860448765, 13.00000000000001243, 116.3657875535478610 ) ) ;
#3400 = DIRECTION ( 'NONE',  ( 0.4226182617407042708, 5.551115123125782702E-17, 0.9063077870366478273 ) ) ;
#3401 = CARTESIAN_POINT ( 'NONE',  ( 7.500000000000034639, 0.000000000000000000, 167.9062092745361952 ) ) ;
#3402 = VERTEX_POINT ( 'NONE', #2068 ) ;
#3403 = ORIENTED_EDGE ( 'NONE', *, *, #2949, .T. ) ;
#3404 = DIRECTION ( 'NONE',  ( 0.000000000000000000, 1.000000000000000000, -0.000000000000000000 ) ) ;
#3405 = VERTEX_POINT ( 'NONE', #1804 ) ;
#3406 = CARTESIAN_POINT ( 'NONE',  ( 162.4984662702551930, 13.00000000000001954, 22.68627045918130847 ) ) ;
#3407 = EDGE_CURVE ( 'NONE', #164, #1034, #3201, .T. ) ;
#3408 = ORIENTED_EDGE ( 'NONE', *, *, #10, .T. ) ;
#3409 = LINE ( 'NONE', #938, #960 ) ;
#3410 = EDGE_CURVE ( 'NONE', #3056, #793, #81, .T. ) ;
#3411 = EDGE_LOOP ( 'NONE', ( #2095, #2887, #3301, #2125, #1795 ) ) ;
#3412 = LINE ( 'NONE', #2583, #3103 ) ;
#3413 = DIRECTION ( 'NONE',  ( -0.000000000000000000, 1.000000000000000000, -0.000000000000000000 ) ) ;
#3414 = LINE ( 'NONE', #2013, #2917 ) ;
#3415 = CARTESIAN_POINT ( 'NONE',  ( 79.55000000000003979, -25.00000000000000000, 144.7000000000000739 ) ) ;
#3416 = DIRECTION ( 'NONE',  ( -0.000000000000000000, 1.000000000000000000, -0.000000000000000000 ) ) ;
#3417 = EDGE_LOOP ( 'NONE', ( #1489, #1198, #3121, #3325 ) ) ;
#3418 =( BOUNDED_CURVE ( )  B_SPLINE_CURVE ( 3, ( #869, #1095, #3389, #2503 ),
 .UNSPECIFIED., .F., .F. ) 
 B_SPLINE_CURVE_WITH_KNOTS ( ( 4, 4 ),
 ( 1.848695764130335206, 1.876416802002358164 ),
 .UNSPECIFIED. ) 
 CURVE ( )  GEOMETRIC_REPRESENTATION_ITEM ( )  RATIONAL_B_SPLINE_CURVE ( ( 1.000000000000000000, 0.9999359630301510871, 0.9999359630301510871, 1.000000000000000000 ) ) 
 REPRESENTATION_ITEM ( '' )  );
#3419 = ORIENTED_EDGE ( 'NONE', *, *, #3017, .F. ) ;
#3420 = DIRECTION ( 'NONE',  ( -0.000000000000000000, 1.000000000000000000, -0.000000000000000000 ) ) ;
#3421 = EDGE_LOOP ( 'NONE', ( #1159, #2264 ) ) ;
#3422 = ORIENTED_EDGE ( 'NONE', *, *, #696, .F. ) ;
#3423 = CARTESIAN_POINT ( 'NONE',  ( 98.18376618407349099, 0.000000000000000000, 19.56623381592630651 ) ) ;
#3424 = ADVANCED_FACE ( 'NONE', ( #3448 ), #2084, .F. ) ;
#3425 = EDGE_CURVE ( 'NONE', #2595, #1997, #386, .T. ) ;
#3426 = CARTESIAN_POINT ( 'NONE',  ( 7.500000000000034639, -8.099999999999999645, 167.9062092745361952 ) ) ;
#3427 = VECTOR ( 'NONE', #142, 1000.000000000000114 ) ;
#3428 = EDGE_CURVE ( 'NONE', #1558, #439, #3185, .T. ) ;
#3429 = DIRECTION ( 'NONE',  ( 0.000000000000000000, 0.000000000000000000, 1.000000000000000000 ) ) ;
#3430 = AXIS2_PLACEMENT_3D ( 'NONE', #1191, #2014, #2067 ) ;
#3431 = AXIS2_PLACEMENT_3D ( 'NONE', #2480, #3019, #524 ) ;
#3432 = DIRECTION ( 'NONE',  ( 0.000000000000000000, 0.000000000000000000, 1.000000000000000000 ) ) ;
#3433 = EDGE_CURVE ( 'NONE', #238, #571, #301, .T. ) ;
#3434 = CARTESIAN_POINT ( 'NONE',  ( 54.71727172824119378, 44.00000000000000000, 48.67115266204190505 ) ) ;
#3435 = CARTESIAN_POINT ( 'NONE',  ( 98.18376618407366152, 0.000000000000000000, 98.18376618407344836 ) ) ;
#3436 = VECTOR ( 'NONE', #1909, 1000.000000000000114 ) ;
#3437 = VERTEX_POINT ( 'NONE', #1316 ) ;
#3438 = EDGE_LOOP ( 'NONE', ( #1381, #1317, #1721, #222 ) ) ;
#3439 = CARTESIAN_POINT ( 'NONE',  ( 65.28272827175879911, 44.00000000000000000, 71.32884733795809495 ) ) ;
#3440 = EDGE_CURVE ( 'NONE', #2237, #1543, #2286, .T. ) ;
#3441 = VERTEX_POINT ( 'NONE', #505 ) ;
#3442 = DIRECTION ( 'NONE',  ( 1.000000000000000000, 0.000000000000000000, -0.000000000000000000 ) ) ;
#3443 = ORIENTED_EDGE ( 'NONE', *, *, #237, .T. ) ;
#3444 = DIRECTION ( 'NONE',  ( 0.000000000000000000, 1.000000000000000000, -0.000000000000000000 ) ) ;
#3445 = VERTEX_POINT ( 'NONE', #3249 ) ;
#3446 = FACE_OUTER_BOUND ( 'NONE', #1104, .T. ) ;
#3447 = DIRECTION ( 'NONE',  ( 0.4226182617407042152, 5.551115123125782086E-17, 0.9063077870366477162 ) ) ;
#3448 = FACE_OUTER_BOUND ( 'NONE', #3109, .T. ) ;
#3449 = EDGE_LOOP ( 'NONE', ( #3164, #1569, #278, #3073, #1727, #2780, #33 ) ) ;
#3450 = EDGE_CURVE ( 'NONE', #3067, #45, #1279, .T. ) ;
#3451 = ORIENTED_EDGE ( 'NONE', *, *, #3470, .F. ) ;
#3452 = ADVANCED_FACE ( 'NONE', ( #1874 ), #797, .F. ) ;
#3453 = CARTESIAN_POINT ( 'NONE',  ( 79.55000000000003979, 15.00000000000000000, 152.0000000000000853 ) ) ;
#3454 = CARTESIAN_POINT ( 'NONE',  ( -15.49999999999997868, -8.099999999999999645, 46.25000000000002842 ) ) ;
#3455 = EDGE_LOOP ( 'NONE', ( #2316, #2729, #2601, #2828 ) ) ;
#3456 = CARTESIAN_POINT ( 'NONE',  ( 20.35000000000003340, 15.00000000000000000, 132.0000000000000853 ) ) ;
#3457 = LINE ( 'NONE', #1848, #1047 ) ;
#3458 = VERTEX_POINT ( 'NONE', #2648 ) ;
#3459 = AXIS2_PLACEMENT_3D ( 'NONE', #3014, #1477, #1659 ) ;
#3460 = DIRECTION ( 'NONE',  ( 0.9063077870366477162, 0.000000000000000000, -0.4226182617407042152 ) ) ;
#3461 = PLANE ( 'NONE',  #114 ) ;
#3462 = LINE ( 'NONE', #2118, #1629 ) ;
#3463 = DIRECTION ( 'NONE',  ( -0.000000000000000000, -1.000000000000000000, -0.000000000000000000 ) ) ;
#3464 = FACE_BOUND ( 'NONE', #1524, .T. ) ;
#3465 = EDGE_CURVE ( 'NONE', #1321, #2472, #29, .T. ) ;
#3466 = VERTEX_POINT ( 'NONE', #1004 ) ;
#3467 = DIRECTION ( 'NONE',  ( 0.000000000000000000, 0.000000000000000000, 1.000000000000000000 ) ) ;
#3468 = FACE_OUTER_BOUND ( 'NONE', #2435, .T. ) ;
#3469 = CARTESIAN_POINT ( 'NONE',  ( 28.41497673121481071, 4.426212892130250308E-15, 60.93611424620740280 ) ) ;
#3470 = EDGE_CURVE ( 'NONE', #639, #649, #3033, .T. ) ;
#3471 = ORIENTED_EDGE ( 'NONE', *, *, #1215, .F. ) ;
#3472 = CIRCLE ( 'NONE', #2659, 1.799999999999996048 ) ;
#3473 = DIRECTION ( 'NONE',  ( -0.000000000000000000, 1.000000000000000000, -0.000000000000000000 ) ) ;
#3474 = PRODUCT_DEFINITION_SHAPE ( 'NONE', 'NONE',  #1313 ) ;
#3475 = PLANE ( 'NONE',  #818 ) ;
#3476 = ORIENTED_EDGE ( 'NONE', *, *, #1201, .F. ) ;
#3477 = FACE_OUTER_BOUND ( 'NONE', #1986, .T. ) ;
#3478 = EDGE_CURVE ( 'NONE', #3405, #3134, #3556, .T. ) ;
#3479 = DIRECTION ( 'NONE',  ( -0.000000000000000000, 1.000000000000000000, -0.000000000000000000 ) ) ;
#3480 = LINE ( 'NONE', #451, #2056 ) ;
#3481 = DIRECTION ( 'NONE',  ( 0.000000000000000000, 0.000000000000000000, 1.000000000000000000 ) ) ;
#3482 = CARTESIAN_POINT ( 'NONE',  ( -38.39790644860451607, 13.00000000000001243, 116.3657875535478041 ) ) ;
#3483 = CIRCLE ( 'NONE', #3149, 113.0000000000000142 ) ;
#3484 = AXIS2_PLACEMENT_3D ( 'NONE', #1807, #2577, #2052 ) ;
#3485 = ORIENTED_EDGE ( 'NONE', *, *, #1796, .T. ) ;
#3486 = AXIS2_PLACEMENT_3D ( 'NONE', #189, #1299, #1050 ) ;
#3487 = CARTESIAN_POINT ( 'NONE',  ( -26.86417604128621761, 13.00000000000001421, 86.71320652034516741 ) ) ;
#3488 = AXIS2_PLACEMENT_3D ( 'NONE', #440, #229, #1055 ) ;
#3489 = DIRECTION ( 'NONE',  ( -0.4226182617407042708, -5.551115123125782702E-17, -0.9063077870366478273 ) ) ;
#3490 = CIRCLE ( 'NONE', #2168, 4.500000000000003553 ) ;
#3491 = FACE_BOUND ( 'NONE', #860, .T. ) ;
#3492 = ORIENTED_EDGE ( 'NONE', *, *, #3287, .T. ) ;
#3493 = AXIS2_PLACEMENT_3D ( 'NONE', #574, #2798, #874 ) ;
#3494 = CARTESIAN_POINT ( 'NONE',  ( 78.10605303846422487, -52.77703045824108585, 46.59180817387223783 ) ) ;
#3495 = DIRECTION ( 'NONE',  ( 0.000000000000000000, 0.000000000000000000, 1.000000000000000000 ) ) ;
#3496 = ORIENTED_EDGE ( 'NONE', *, *, #786, .T. ) ;
#3497 = ADVANCED_FACE ( 'NONE', ( #2998 ), #2664, .F. ) ;
#3498 = DIRECTION ( 'NONE',  ( 0.4226182617407042152, 0.000000000000000000, 0.9063077870366477162 ) ) ;
#3499 = CARTESIAN_POINT ( 'NONE',  ( 24.45000000000004192, 0.000000000000000000, 134.1500000000000909 ) ) ;
#3500 = PRODUCT_RELATED_PRODUCT_CATEGORY ( 'part', '', ( #1195 ) ) ;
#3501 = CARTESIAN_POINT ( 'NONE',  ( 20.35000000000003340, 0.000000000000000000, 152.0000000000000853 ) ) ;
#3502 = PLANE ( 'NONE',  #943 ) ;
#3503 = CARTESIAN_POINT ( 'NONE',  ( 79.55000000000003979, -8.099999999999999645, 0.000000000000000000 ) ) ;
#3504 = ORIENTED_EDGE ( 'NONE', *, *, #480, .F. ) ;
#3505 = DIRECTION ( 'NONE',  ( 0.000000000000000000, 1.000000000000000000, -0.000000000000000000 ) ) ;
#3506 = CYLINDRICAL_SURFACE ( 'NONE', #2395, 1.799999999999996048 ) ;
#3507 = CARTESIAN_POINT ( 'NONE',  ( 54.71727172824119378, 44.00000000000000000, 48.67115266204190505 ) ) ;
#3508 = ORIENTED_EDGE ( 'NONE', *, *, #944, .F. ) ;
#3509 = CARTESIAN_POINT ( 'NONE',  ( 151.0122075394022261, -1.387778780781445676E-14, 3.768086651752856842 ) ) ;
#3510 = LINE ( 'NONE', #1545, #2510 ) ;
#3511 = EDGE_CURVE ( 'NONE', #2184, #2870, #1854, .T. ) ;
#3512 = ORIENTED_EDGE ( 'NONE', *, *, #2547, .T. ) ;
#3513 = DIRECTION ( 'NONE',  ( 0.000000000000000000, 6.004194730106474119E-17, -1.000000000000000000 ) ) ;
#3514 = ADVANCED_FACE ( 'NONE', ( #1892 ), #2441, .T. ) ;
#3515 = ORIENTED_EDGE ( 'NONE', *, *, #1017, .T. ) ;
#3516 = CARTESIAN_POINT ( 'NONE',  ( 30.10544977817784584, -8.099999999999999645, 64.56134539435414865 ) ) ;
#3517 = AXIS2_PLACEMENT_3D ( 'NONE', #3150, #683, #1801 ) ;
#3518 = DIRECTION ( 'NONE',  ( 0.000000000000000000, 0.000000000000000000, -1.000000000000000000 ) ) ;
#3519 = DIRECTION ( 'NONE',  ( 0.000000000000000000, 0.000000000000000000, 1.000000000000000000 ) ) ;
#3520 = ORIENTED_EDGE ( 'NONE', *, *, #861, .F. ) ;
#3521 = CARTESIAN_POINT ( 'NONE',  ( 20.35000000000003340, 15.00000000000000000, 132.0000000000000853 ) ) ;
#3522 = DIRECTION ( 'NONE',  ( 0.000000000000000000, 0.000000000000000000, 1.000000000000000000 ) ) ;
#3523 = CARTESIAN_POINT ( 'NONE',  ( 38.98043327473241959, -8.099999999999999645, 83.59380892212359981 ) ) ;
#3524 = VERTEX_POINT ( 'NONE', #467 ) ;
#3525 = CARTESIAN_POINT ( 'NONE',  ( 162.9497455070816443, 10.00000000000007283, 25.78596925197017953 ) ) ;
#3526 = DIRECTION ( 'NONE',  ( 0.9063077870366476052, 0.000000000000000000, -0.4226182617407044373 ) ) ;
#3527 = ORIENTED_EDGE ( 'NONE', *, *, #795, .F. ) ;
#3528 = ADVANCED_FACE ( 'NONE', ( #2120 ), #3534, .T. ) ;
#3529 = CARTESIAN_POINT ( 'NONE',  ( -46.49999999999997868, -8.099999999999999645, 44.50000000000002842 ) ) ;
#3530 = EDGE_LOOP ( 'NONE', ( #1730, #1229, #3570, #2777 ) ) ;
#3531 = LINE ( 'NONE', #3516, #3354 ) ;
#3532 = VECTOR ( 'NONE', #2857, 1000.000000000000000 ) ;
#3533 = CARTESIAN_POINT ( 'NONE',  ( 168.0469785781376402, 0.000000000000000000, 18.99557875968588050 ) ) ;
#3534 = CYLINDRICAL_SURFACE ( 'NONE', #2055, 115.0000000000000142 ) ;
#3535 = ORIENTED_EDGE ( 'NONE', *, *, #2593, .T. ) ;
#3536 = EDGE_CURVE ( 'NONE', #2221, #1144, #826, .T. ) ;
#3537 = CARTESIAN_POINT ( 'NONE',  ( 71.35000000000003695, -8.099999999999999645, -0.000000000000000000 ) ) ;
#3538 = CARTESIAN_POINT ( 'NONE',  ( -23.18918327332350415, 12.68587977491877972, 93.82655260067976144 ) ) ;
#3539 = LINE ( 'NONE', #3523, #3027 ) ;
#3540 = CIRCLE ( 'NONE', #1416, 1.799999999999996048 ) ;
#3541 = ORIENTED_EDGE ( 'NONE', *, *, #130, .T. ) ;
#3542 = AXIS2_PLACEMENT_3D ( 'NONE', #1268, #2818, #324 ) ;
#3543 = AXIS2_PLACEMENT_3D ( 'NONE', #3565, #3300, #1653 ) ;
#3544 = VECTOR ( 'NONE', #3059, 1000.000000000000000 ) ;
#3545 = EDGE_CURVE ( 'NONE', #1907, #338, #2172, .T. ) ;
#3546 = CARTESIAN_POINT ( 'NONE',  ( -33.78473442795566939, 11.99586915098779727, 115.3225659184820415 ) ) ;
#3547 = CARTESIAN_POINT ( 'NONE',  ( -42.94974550708163008, 10.00000000000004974, 94.21403074802981337 ) ) ;
#3548 = AXIS2_PLACEMENT_3D ( 'NONE', #2317, #2257, #1404 ) ;
#3549 = CIRCLE ( 'NONE', #2295, 48.00000000000001421 ) ;
#3550 = ORIENTED_EDGE ( 'NONE', *, *, #3329, .F. ) ;
#3551 = VECTOR ( 'NONE', #713, 1000.000000000000114 ) ;
#3552 = CARTESIAN_POINT ( 'NONE',  ( -41.14999999999996305, 0.000000000000000000, 23.85000000000002274 ) ) ;
#3553 = ORIENTED_EDGE ( 'NONE', *, *, #2354, .T. ) ;
#3554 = CARTESIAN_POINT ( 'NONE',  ( 111.7511259472106246, 0.000000000000000000, 135.1346666692570011 ) ) ;
#3555 = CARTESIAN_POINT ( 'NONE',  ( 98.18376618407349099, 0.000000000000000000, 24.06623381592629940 ) ) ;
#3556 = LINE ( 'NONE', #1604, #1999 ) ;
#3557 = EDGE_CURVE ( 'NONE', #3558, #2304, #2409, .T. ) ;
#3558 = VERTEX_POINT ( 'NONE', #1348 ) ;
#3559 = DIRECTION ( 'NONE',  ( 0.000000000000000000, 1.000000000000000000, 0.000000000000000000 ) ) ;
#3560 = LINE ( 'NONE', #1556, #2614 ) ;
#3561 = CARTESIAN_POINT ( 'NONE',  ( 28.55000000000004690, 0.000000000000000000, 132.0000000000000853 ) ) ;
#3562 = EDGE_CURVE ( 'NONE', #855, #1698, #778, .T. ) ;
#3563 = ORIENTED_EDGE ( 'NONE', *, *, #2063, .F. ) ;
#3564 = PLANE ( 'NONE',  #2077 ) ;
#3565 = CARTESIAN_POINT ( 'NONE',  ( 24.45000000000004192, 15.00000000000000000, 148.0500000000000966 ) ) ;
#3566 = ORIENTED_EDGE ( 'NONE', *, *, #1534, .F. ) ;
#3567 = ORIENTED_EDGE ( 'NONE', *, *, #380, .T. ) ;
#3568 = LINE ( 'NONE', #2202, #470 ) ;
#3569 = CYLINDRICAL_SURFACE ( 'NONE', #3212, 1.699999999999993072 ) ;
#3570 = ORIENTED_EDGE ( 'NONE', *, *, #200, .T. ) ;
#3571 = DIRECTION ( 'NONE',  ( 0.000000000000000000, 1.000000000000000000, 0.000000000000000000 ) ) ;
#3572 = FACE_OUTER_BOUND ( 'NONE', #1420, .T. ) ;
#3573 = CIRCLE ( 'NONE', #625, 4.500000000000003553 ) ;
#3574 = ORIENTED_EDGE ( 'NONE', *, *, #1507, .T. ) ;
#3575 = DIRECTION ( 'NONE',  ( 0.000000000000000000, 1.000000000000000000, -0.000000000000000000 ) ) ;
#3576 = CARTESIAN_POINT ( 'NONE',  ( 75.45000000000004547, 15.00000000000000000, 146.2500000000000853 ) ) ;
#3577 = DIRECTION ( 'NONE',  ( 0.000000000000000000, 1.000000000000000000, 0.000000000000000000 ) ) ;
#3578 = ORIENTED_EDGE ( 'NONE', *, *, #260, .T. ) ;
#3579 = ORIENTED_EDGE ( 'NONE', *, *, #1491, .F. ) ;
ENDSEC;
END-ISO-10303-21;
