ISO-10303-21;
HEADER;
FILE_DESCRIPTION (( 'STEP AP214' ),
    '1' );
FILE_NAME ('ELP-0041-1.STEP',
    '2026-04-27T14:38:51',
    ( '' ),
    ( '' ),
    'SwSTEP 2.0',
    'SolidWorks 2024',
    '' );
FILE_SCHEMA (( 'AUTOMOTIVE_DESIGN' ));
ENDSEC;

DATA;
#1 = LINE ( 'NONE', #2106, #3823 ) ;
#2 = ORIENTED_EDGE ( 'NONE', *, *, #1891, .F. ) ;
#3 = EDGE_LOOP ( 'NONE', ( #1748, #1065 ) ) ;
#4 = DIRECTION ( 'NONE',  ( 0.000000000000000000, 0.000000000000000000, 1.000000000000000000 ) ) ;
#5 = FACE_OUTER_BOUND ( 'NONE', #4324, .T. ) ;
#6 = EDGE_CURVE ( 'NONE', #4073, #1505, #2565, .T. ) ;
#7 = ORIENTED_EDGE ( 'NONE', *, *, #4498, .F. ) ;
#8 = ADVANCED_FACE ( 'NONE', ( #1692 ), #2770, .F. ) ;
#9 = DIRECTION ( 'NONE',  ( 0.000000000000000000, 0.000000000000000000, 1.000000000000000000 ) ) ;
#10 = DIRECTION ( 'NONE',  ( -1.000000000000000000, 0.000000000000000000, 0.000000000000000000 ) ) ;
#11 = DIRECTION ( 'NONE',  ( -1.000000000000000000, -0.000000000000000000, 0.000000000000000000 ) ) ;
#12 = LINE ( 'NONE', #815, #318 ) ;
#13 = VERTEX_POINT ( 'NONE', #2070 ) ;
#14 = AXIS2_PLACEMENT_3D ( 'NONE', #2490, #1475, #21 ) ;
#15 = ORIENTED_EDGE ( 'NONE', *, *, #2271, .F. ) ;
#16 = EDGE_CURVE ( 'NONE', #4109, #1096, #3491, .T. ) ;
#17 = EDGE_CURVE ( 'NONE', #262, #2298, #194, .T. ) ;
#18 = DIRECTION ( 'NONE',  ( -1.000000000000000000, -0.000000000000000000, -0.000000000000000000 ) ) ;
#19 = CARTESIAN_POINT ( 'NONE',  ( 0.000000000000000000, -6.425269058786235554, 25.51480627843076476 ) ) ;
#20 = EDGE_LOOP ( 'NONE', ( #414, #563, #1147, #1025 ) ) ;
#21 = DIRECTION ( 'NONE',  ( 0.000000000000000000, 0.000000000000000000, -1.000000000000000000 ) ) ;
#22 = CIRCLE ( 'NONE', #2231, 11.19999999999999929 ) ;
#23 = AXIS2_PLACEMENT_3D ( 'NONE', #2071, #575, #3857 ) ;
#24 = CARTESIAN_POINT ( 'NONE',  ( 10.00000000000000000, 8.000000000000000000, 0.000000000000000000 ) ) ;
#25 = LINE ( 'NONE', #2542, #753 ) ;
#26 = AXIS2_PLACEMENT_3D ( 'NONE', #3514, #336, #1141 ) ;
#27 = DIRECTION ( 'NONE',  ( 0.000000000000000000, 0.000000000000000000, 1.000000000000000000 ) ) ;
#28 = CYLINDRICAL_SURFACE ( 'NONE', #624, 30.00000000000000000 ) ;
#29 = EDGE_LOOP ( 'NONE', ( #1320, #1318, #2088, #3650 ) ) ;
#30 = AXIS2_PLACEMENT_3D ( 'NONE', #2909, #3603, #2831 ) ;
#31 = AXIS2_PLACEMENT_3D ( 'NONE', #1175, #3550, #3197 ) ;
#32 = ORIENTED_EDGE ( 'NONE', *, *, #3788, .T. ) ;
#33 = VERTEX_POINT ( 'NONE', #1484 ) ;
#34 = DIRECTION ( 'NONE',  ( 1.000000000000000000, 0.000000000000000000, 0.000000000000000000 ) ) ;
#35 = FACE_BOUND ( 'NONE', #3376, .T. ) ;
#36 = ORIENTED_EDGE ( 'NONE', *, *, #2954, .F. ) ;
#37 = EDGE_CURVE ( 'NONE', #3284, #3015, #762, .T. ) ;
#38 = CARTESIAN_POINT ( 'NONE',  ( 0.000000000000000000, -26.30485368663591572, -0.5865956258981671612 ) ) ;
#39 = CARTESIAN_POINT ( 'NONE',  ( 7.000000000000000888, -19.34378712898080011, 16.61375636358847174 ) ) ;
#40 = AXIS2_PLACEMENT_3D ( 'NONE', #4446, #4425, #1893 ) ;
#41 = EDGE_CURVE ( 'NONE', #2793, #2013, #2192, .T. ) ;
#42 = AXIS2_PLACEMENT_3D ( 'NONE', #2403, #3832, #2311 ) ;
#43 = CARTESIAN_POINT ( 'NONE',  ( 0.000000000000000000, -10.21971125872098085, -23.36143195072535050 ) ) ;
#44 = ADVANCED_FACE ( 'NONE', ( #2455 ), #3569, .T. ) ;
#45 = ORIENTED_EDGE ( 'NONE', *, *, #2343, .T. ) ;
#46 = ORIENTED_EDGE ( 'NONE', *, *, #348, .T. ) ;
#47 = ORIENTED_EDGE ( 'NONE', *, *, #1772, .F. ) ;
#48 = CARTESIAN_POINT ( 'NONE',  ( 0.000000000000000000, -16.85942694080878113, 20.20022636336476296 ) ) ;
#49 = DIRECTION ( 'NONE',  ( -1.000000000000000000, 0.000000000000000000, -0.000000000000000000 ) ) ;
#50 =( GEOMETRIC_REPRESENTATION_CONTEXT ( 3 ) GLOBAL_UNCERTAINTY_ASSIGNED_CONTEXT ( ( #3401 ) ) GLOBAL_UNIT_ASSIGNED_CONTEXT ( ( #3532, #3272, #2886 ) ) REPRESENTATION_CONTEXT ( 'NONE', 'WORKASPACE' ) );
#51 = AXIS2_PLACEMENT_3D ( 'NONE', #3047, #3370, #3247 ) ;
#52 = CARTESIAN_POINT ( 'NONE',  ( 7.000000000000000888, 24.63658872236515762, -6.575522574292439693 ) ) ;
#53 = DIRECTION ( 'NONE',  ( 0.000000000000000000, 0.000000000000000000, 1.000000000000000000 ) ) ;
#54 = CIRCLE ( 'NONE', #1885, 25.49899999999999167 ) ;
#55 = CARTESIAN_POINT ( 'NONE',  ( 0.000000000000000000, -19.34378712898057273, -16.61375636358872754 ) ) ;
#56 = CARTESIAN_POINT ( 'NONE',  ( 7.000000000000000888, 0.000000000000000000, 0.000000000000000000 ) ) ;
#57 = AXIS2_PLACEMENT_3D ( 'NONE', #1659, #957, #3808 ) ;
#58 = DIRECTION ( 'NONE',  ( -1.000000000000000000, 0.000000000000000000, -0.000000000000000000 ) ) ;
#59 = DIRECTION ( 'NONE',  ( -1.000000000000000000, 0.000000000000000000, 0.000000000000000000 ) ) ;
#60 = DIRECTION ( 'NONE',  ( 0.000000000000000000, 0.000000000000000000, 1.000000000000000000 ) ) ;
#61 = EDGE_CURVE ( 'NONE', #743, #4410, #1444, .T. ) ;
#62 = CARTESIAN_POINT ( 'NONE',  ( 0.000000000000000000, 26.30485368663591927, -0.5865956258979815319 ) ) ;
#63 = VERTEX_POINT ( 'NONE', #451 ) ;
#64 = VERTEX_POINT ( 'NONE', #3880 ) ;
#65 = ORIENTED_EDGE ( 'NONE', *, *, #2415, .T. ) ;
#66 = ORIENTED_EDGE ( 'NONE', *, *, #4504, .T. ) ;
#67 = CARTESIAN_POINT ( 'NONE',  ( 0.000000000000000000, 20.93169914448949243, 15.94218908519855837 ) ) ;
#68 = DIRECTION ( 'NONE',  ( -1.000000000000000000, 0.000000000000000000, 0.000000000000000000 ) ) ;
#69 = CIRCLE ( 'NONE', #1391, 11.19999999999999751 ) ;
#70 = ORIENTED_EDGE ( 'NONE', *, *, #661, .F. ) ;
#71 = FACE_OUTER_BOUND ( 'NONE', #1367, .T. ) ;
#72 = CIRCLE ( 'NONE', #3255, 11.20000000000000284 ) ;
#73 = DIRECTION ( 'NONE',  ( 0.000000000000000000, 0.000000000000000000, -1.000000000000000000 ) ) ;
#74 = CARTESIAN_POINT ( 'NONE',  ( 7.000000000000000888, 0.000000000000000000, 0.000000000000000000 ) ) ;
#75 = FACE_OUTER_BOUND ( 'NONE', #737, .T. ) ;
#76 = CARTESIAN_POINT ( 'NONE',  ( 7.000000000000000888, 0.000000000000000000, 0.000000000000000000 ) ) ;
#77 = EDGE_CURVE ( 'NONE', #3051, #4118, #2715, .T. ) ;
#78 = CARTESIAN_POINT ( 'NONE',  ( 7.000000000000000888, 0.000000000000000000, 0.000000000000000000 ) ) ;
#79 = CARTESIAN_POINT ( 'NONE',  ( 10.00000000000000000, 0.000000000000000000, -8.000000000000000000 ) ) ;
#80 = CARTESIAN_POINT ( 'NONE',  ( 7.000000000000000888, -23.36143195072517287, -10.21971125872138586 ) ) ;
#81 = DIRECTION ( 'NONE',  ( 0.000000000000000000, 0.000000000000000000, -1.000000000000000000 ) ) ;
#82 = VERTEX_POINT ( 'NONE', #3233 ) ;
#83 = CARTESIAN_POINT ( 'NONE',  ( 7.000000000000000888, -10.46613878911947992, 28.11511939947772376 ) ) ;
#84 = ORIENTED_EDGE ( 'NONE', *, *, #1706, .F. ) ;
#85 = VERTEX_POINT ( 'NONE', #3927 ) ;
#86 = DIRECTION ( 'NONE',  ( 0.000000000000000000, 0.000000000000000000, 1.000000000000000000 ) ) ;
#87 = DIRECTION ( 'NONE',  ( 1.000000000000000000, 0.000000000000000000, 0.000000000000000000 ) ) ;
#88 = ORIENTED_EDGE ( 'NONE', *, *, #436, .T. ) ;
#89 = EDGE_CURVE ( 'NONE', #3407, #2721, #3907, .T. ) ;
#90 = DIRECTION ( 'NONE',  ( -1.000000000000000000, -0.000000000000000000, 0.000000000000000000 ) ) ;
#91 = ADVANCED_FACE ( 'NONE', ( #3192 ), #3279, .T. ) ;
#92 = CARTESIAN_POINT ( 'NONE',  ( 7.000000000000000888, 0.000000000000000000, 0.000000000000000000 ) ) ;
#93 = DIRECTION ( 'NONE',  ( -1.000000000000000000, -0.000000000000000000, 0.000000000000000000 ) ) ;
#94 = VECTOR ( 'NONE', #413, 1000.000000000000000 ) ;
#95 = EDGE_CURVE ( 'NONE', #1335, #3454, #4122, .T. ) ;
#96 = CARTESIAN_POINT ( 'NONE',  ( -10.00000000000000000, 0.000000000000000000, 0.000000000000000000 ) ) ;
#97 = FACE_BOUND ( 'NONE', #2440, .T. ) ;
#98 = CIRCLE ( 'NONE', #4090, 30.00000000000000000 ) ;
#99 = VECTOR ( 'NONE', #1340, 1000.000000000000000 ) ;
#100 = FACE_OUTER_BOUND ( 'NONE', #2211, .T. ) ;
#101 = EDGE_CURVE ( 'NONE', #2569, #2447, #3464, .T. ) ;
#102 = DIRECTION ( 'NONE',  ( 0.000000000000000000, 0.000000000000000000, 1.000000000000000000 ) ) ;
#103 = CIRCLE ( 'NONE', #3664, 11.19999999999999929 ) ;
#104 = CIRCLE ( 'NONE', #3292, 25.49899999999999167 ) ;
#105 = ORIENTED_EDGE ( 'NONE', *, *, #1562, .T. ) ;
#106 = LINE ( 'NONE', #3194, #1374 ) ;
#107 = ORIENTED_EDGE ( 'NONE', *, *, #1432, .T. ) ;
#108 = CARTESIAN_POINT ( 'NONE',  ( 0.000000000000000000, 0.000000000000000000, 0.000000000000000000 ) ) ;
#109 = ORIENTED_EDGE ( 'NONE', *, *, #1533, .F. ) ;
#110 = CIRCLE ( 'NONE', #2692, 25.49899999999999523 ) ;
#111 = VERTEX_POINT ( 'NONE', #2896 ) ;
#112 = ORIENTED_EDGE ( 'NONE', *, *, #1098, .F. ) ;
#113 = CARTESIAN_POINT ( 'NONE',  ( 7.000000000000000888, -25.04981177135278969, -4.765074104334058092 ) ) ;
#114 = CARTESIAN_POINT ( 'NONE',  ( 7.000000000000000888, 25.08127967860427532, 16.45993346534645596 ) ) ;
#115 = ORIENTED_EDGE ( 'NONE', *, *, #2627, .T. ) ;
#116 = CARTESIAN_POINT ( 'NONE',  ( 0.000000000000000000, 0.000000000000000000, 0.000000000000000000 ) ) ;
#117 = EDGE_CURVE ( 'NONE', #3478, #1678, #2487, .T. ) ;
#118 = DIRECTION ( 'NONE',  ( -1.000000000000000000, 0.000000000000000000, 0.000000000000000000 ) ) ;
#119 = ORIENTED_EDGE ( 'NONE', *, *, #4499, .T. ) ;
#120 = ORIENTED_EDGE ( 'NONE', *, *, #517, .F. ) ;
#121 = AXIS2_PLACEMENT_3D ( 'NONE', #2785, #605, #3434 ) ;
#122 = DIRECTION ( 'NONE',  ( 0.000000000000000000, -0.9009688679024142610, -0.4338837391175685010 ) ) ;
#123 = AXIS2_PLACEMENT_3D ( 'NONE', #2830, #1795, #2468 ) ;
#124 = CIRCLE ( 'NONE', #3609, 25.49899999999999523 ) ;
#125 = DIRECTION ( 'NONE',  ( -1.000000000000000000, 0.000000000000000000, -0.000000000000000000 ) ) ;
#126 = CARTESIAN_POINT ( 'NONE',  ( 0.000000000000000000, -10.88474387751616312, 23.95436854990171227 ) ) ;
#127 = CARTESIAN_POINT ( 'NONE',  ( 7.000000000000000888, -25.04981177135278969, -4.765074104334058092 ) ) ;
#128 = DIRECTION ( 'NONE',  ( 0.000000000000000000, 0.4338837391175525138, 0.9009688679024218105 ) ) ;
#129 = EDGE_LOOP ( 'NONE', ( #1292, #2044, #1727, #1978 ) ) ;
#130 = CARTESIAN_POINT ( 'NONE',  ( 7.000000000000000888, 6.425269058786057030, 25.51480627843080740 ) ) ;
#131 = ADVANCED_FACE ( 'NONE', ( #2551 ), #3543, .T. ) ;
#132 = ORIENTED_EDGE ( 'NONE', *, *, #4365, .F. ) ;
#133 = ORIENTED_EDGE ( 'NONE', *, *, #795, .F. ) ;
#134 = AXIS2_PLACEMENT_3D ( 'NONE', #4083, #1966, #909 ) ;
#135 = CARTESIAN_POINT ( 'NONE',  ( 7.000000000000000888, 10.46613878911928985, 28.11511939947779126 ) ) ;
#136 = CARTESIAN_POINT ( 'NONE',  ( 0.000000000000000000, -19.34378712898080011, 16.61375636358847174 ) ) ;
#137 = CARTESIAN_POINT ( 'NONE',  ( -10.00000000000000000, 0.000000000000000000, 0.000000000000000000 ) ) ;
#138 = EDGE_LOOP ( 'NONE', ( #3732, #2869, #2220, #2397 ) ) ;
#139 = CARTESIAN_POINT ( 'NONE',  ( 7.000000000000000888, 0.000000000000000000, 25.49899999999999523 ) ) ;
#140 = VECTOR ( 'NONE', #1503, 1000.000000000000000 ) ;
#141 = LINE ( 'NONE', #3699, #2926 ) ;
#142 = CARTESIAN_POINT ( 'NONE',  ( 7.000000000000000888, 25.71224702882856761, -15.45575468000499519 ) ) ;
#143 = EDGE_CURVE ( 'NONE', #1943, #1335, #3982, .T. ) ;
#144 = CARTESIAN_POINT ( 'NONE',  ( 0.000000000000000000, -16.45993346534620017, -25.08127967860443874 ) ) ;
#145 = EDGE_CURVE ( 'NONE', #4268, #4568, #3241, .T. ) ;
#146 = CARTESIAN_POINT ( 'NONE',  ( 7.000000000000000888, 0.000000000000000000, 0.000000000000000000 ) ) ;
#147 = ORIENTED_EDGE ( 'NONE', *, *, #347, .F. ) ;
#148 = CARTESIAN_POINT ( 'NONE',  ( 0.000000000000000000, 0.000000000000000000, 8.000000000000000000 ) ) ;
#149 = ORIENTED_EDGE ( 'NONE', *, *, #2987, .T. ) ;
#150 = ORIENTED_EDGE ( 'NONE', *, *, #3590, .T. ) ;
#151 = EDGE_LOOP ( 'NONE', ( #3739, #1657, #4451, #1040 ) ) ;
#152 = CARTESIAN_POINT ( 'NONE',  ( 7.000000000000000888, 0.000000000000000000, 0.000000000000000000 ) ) ;
#153 = CARTESIAN_POINT ( 'NONE',  ( 7.000000000000000888, 0.000000000000000000, 0.000000000000000000 ) ) ;
#154 = CARTESIAN_POINT ( 'NONE',  ( 3.499999999999999556, -28.50681627971345833, 9.346733418401500515 ) ) ;
#155 = ADVANCED_FACE ( 'NONE', ( #3587 ), #408, .T. ) ;
#156 = DIRECTION ( 'NONE',  ( -1.000000000000000000, -0.000000000000000000, 0.000000000000000000 ) ) ;
#157 = ADVANCED_FACE ( 'NONE', ( #1465 ), #4290, .T. ) ;
#158 = DIRECTION ( 'NONE',  ( 0.000000000000000000, 0.000000000000000000, 1.000000000000000000 ) ) ;
#159 = DIRECTION ( 'NONE',  ( -1.000000000000000000, 0.000000000000000000, 0.000000000000000000 ) ) ;
#160 = CYLINDRICAL_SURFACE ( 'NONE', #3027, 11.20000000000000107 ) ;
#161 = DIRECTION ( 'NONE',  ( -1.000000000000000000, 0.000000000000000000, 0.000000000000000000 ) ) ;
#162 = AXIS2_PLACEMENT_3D ( 'NONE', #4344, #2580, #1516 ) ;
#163 = AXIS2_PLACEMENT_3D ( 'NONE', #2190, #1496, #3620 ) ;
#164 = EDGE_CURVE ( 'NONE', #2119, #1505, #2264, .T. ) ;
#165 = EDGE_CURVE ( 'NONE', #2292, #1943, #879, .T. ) ;
#166 = AXIS2_PLACEMENT_3D ( 'NONE', #361, #1119, #429 ) ;
#167 = CARTESIAN_POINT ( 'NONE',  ( 7.000000000000000888, -23.36143195072531498, 10.21971125872106434 ) ) ;
#168 = VECTOR ( 'NONE', #1967, 1000.000000000000000 ) ;
#169 = VERTEX_POINT ( 'NONE', #1534 ) ;
#170 = EDGE_CURVE ( 'NONE', #2793, #2390, #1940, .T. ) ;
#171 = AXIS2_PLACEMENT_3D ( 'NONE', #2151, #4237, #73 ) ;
#172 = AXIS2_PLACEMENT_3D ( 'NONE', #3921, #1414, #3581 ) ;
#173 = CARTESIAN_POINT ( 'NONE',  ( 7.000000000000000888, 0.000000000000000000, 0.000000000000000000 ) ) ;
#174 = EDGE_CURVE ( 'NONE', #1811, #241, #498, .T. ) ;
#175 = ORIENTED_EDGE ( 'NONE', *, *, #2701, .T. ) ;
#176 = DIRECTION ( 'NONE',  ( -1.000000000000000000, -0.000000000000000000, 0.000000000000000000 ) ) ;
#177 = VECTOR ( 'NONE', #4072, 1000.000000000000000 ) ;
#178 = CARTESIAN_POINT ( 'NONE',  ( 7.000000000000000888, 5.281492161082640635, 25.77586589148982199 ) ) ;
#179 = ORIENTED_EDGE ( 'NONE', *, *, #2641, .T. ) ;
#180 = AXIS2_PLACEMENT_3D ( 'NONE', #4129, #255, #279 ) ;
#181 = CYLINDRICAL_SURFACE ( 'NONE', #3030, 11.19999999999999929 ) ;
#182 = ORIENTED_EDGE ( 'NONE', *, *, #870, .F. ) ;
#183 = VERTEX_POINT ( 'NONE', #1577 ) ;
#184 = CYLINDRICAL_SURFACE ( 'NONE', #4535, 25.49899999999999523 ) ;
#185 = LINE ( 'NONE', #538, #1231 ) ;
#186 = VERTEX_POINT ( 'NONE', #2984 ) ;
#187 = CIRCLE ( 'NONE', #3010, 11.19999999999999929 ) ;
#188 = CARTESIAN_POINT ( 'NONE',  ( 0.000000000000000000, -28.50681627971332688, -9.346733418401900195 ) ) ;
#189 = EDGE_LOOP ( 'NONE', ( #1541, #895, #708, #1108 ) ) ;
#190 = CIRCLE ( 'NONE', #1376, 25.49899999999999523 ) ;
#191 = EDGE_CURVE ( 'NONE', #3606, #2585, #185, .T. ) ;
#192 = CARTESIAN_POINT ( 'NONE',  ( 7.000000000000000888, 28.50681627971351872, -9.346733418401319327 ) ) ;
#193 = ORIENTED_EDGE ( 'NONE', *, *, #1121, .F. ) ;
#194 = CIRCLE ( 'NONE', #1296, 25.49899999999999878 ) ;
#195 = CARTESIAN_POINT ( 'NONE',  ( 7.000000000000000888, -29.73914963514682341, 3.947528211216050131 ) ) ;
#196 = VERTEX_POINT ( 'NONE', #830 ) ;
#197 = EDGE_CURVE ( 'NONE', #2766, #1311, #875, .T. ) ;
#198 = EDGE_LOOP ( 'NONE', ( #1491, #3541, #3268, #1778 ) ) ;
#199 = ORIENTED_EDGE ( 'NONE', *, *, #1294, .T. ) ;
#200 = LINE ( 'NONE', #1610, #2687 ) ;
#201 = ORIENTED_EDGE ( 'NONE', *, *, #2313, .T. ) ;
#202 = CARTESIAN_POINT ( 'NONE',  ( 7.000000000000000888, -6.425269058786235554, 25.51480627843076476 ) ) ;
#203 = ORIENTED_EDGE ( 'NONE', *, *, #3571, .T. ) ;
#204 = DIRECTION ( 'NONE',  ( 0.000000000000000000, 0.000000000000000000, 1.000000000000000000 ) ) ;
#205 = CARTESIAN_POINT ( 'NONE',  ( 7.000000000000000888, 0.5865956258982590876, -26.30485368663590862 ) ) ;
#206 = LINE ( 'NONE', #2963, #2936 ) ;
#207 = DIRECTION ( 'NONE',  ( -1.000000000000000000, -0.000000000000000000, -0.000000000000000000 ) ) ;
#208 = CARTESIAN_POINT ( 'NONE',  ( 3.499999999999999556, 2.769027914639860644, -29.87193472823521390 ) ) ;
#209 = FACE_OUTER_BOUND ( 'NONE', #2941, .T. ) ;
#210 = EDGE_CURVE ( 'NONE', #2130, #85, #1229, .T. ) ;
#211 = ORIENTED_EDGE ( 'NONE', *, *, #1515, .F. ) ;
#212 = DIRECTION ( 'NONE',  ( -1.000000000000000000, 0.000000000000000000, 0.000000000000000000 ) ) ;
#213 = EDGE_LOOP ( 'NONE', ( #4583, #2452, #1148, #1452 ) ) ;
#214 = DIRECTION ( 'NONE',  ( -1.000000000000000000, -0.000000000000000000, -0.000000000000000000 ) ) ;
#215 = DIRECTION ( 'NONE',  ( -1.000000000000000000, 0.000000000000000000, 0.000000000000000000 ) ) ;
#216 = DIRECTION ( 'NONE',  ( 1.000000000000000000, -0.000000000000000000, -0.000000000000000000 ) ) ;
#217 = ORIENTED_EDGE ( 'NONE', *, *, #1917, .F. ) ;
#218 = ORIENTED_EDGE ( 'NONE', *, *, #2324, .T. ) ;
#219 = PRODUCT_DEFINITION_SHAPE ( 'NONE', 'NONE',  #2020 ) ;
#220 = ADVANCED_FACE ( 'NONE', ( #3716 ), #2315, .T. ) ;
#221 = CARTESIAN_POINT ( 'NONE',  ( 7.000000000000000888, 0.000000000000000000, 0.000000000000000000 ) ) ;
#222 = VERTEX_POINT ( 'NONE', #142 ) ;
#223 = EDGE_CURVE ( 'NONE', #819, #1062, #3701, .T. ) ;
#224 = CARTESIAN_POINT ( 'NONE',  ( 3.499999999999999556, -25.71224702882845747, 15.45575468000517283 ) ) ;
#225 = CARTESIAN_POINT ( 'NONE',  ( 7.000000000000000888, 0.000000000000000000, 0.000000000000000000 ) ) ;
#226 = EDGE_CURVE ( 'NONE', #4046, #2817, #2128, .T. ) ;
#227 = DIRECTION ( 'NONE',  ( 0.000000000000000000, 1.000000000000000000, 3.407492542097299931E-15 ) ) ;
#228 = DIRECTION ( 'NONE',  ( -1.000000000000000000, 0.000000000000000000, 0.000000000000000000 ) ) ;
#229 = ORIENTED_EDGE ( 'NONE', *, *, #1948, .T. ) ;
#230 = AXIS2_PLACEMENT_3D ( 'NONE', #1792, #2078, #3500 ) ;
#231 = LINE ( 'NONE', #1637, #3842 ) ;
#232 = CARTESIAN_POINT ( 'NONE',  ( 7.000000000000000888, 29.73914963514684473, -3.947528211215859617 ) ) ;
#233 = ORIENTED_EDGE ( 'NONE', *, *, #1754, .T. ) ;
#234 = ORIENTED_EDGE ( 'NONE', *, *, #4515, .T. ) ;
#235 = CIRCLE ( 'NONE', #3723, 25.49899999999999167 ) ;
#236 = CIRCLE ( 'NONE', #3950, 2.500000000000000000 ) ;
#237 = CARTESIAN_POINT ( 'NONE',  ( 0.000000000000000000, 0.000000000000000000, 0.000000000000000000 ) ) ;
#238 = AXIS2_PLACEMENT_3D ( 'NONE', #4042, #1896, #1250 ) ;
#239 = CARTESIAN_POINT ( 'NONE',  ( 0.000000000000000000, -0.9285037628614997152, 25.48208943086009270 ) ) ;
#240 = DIRECTION ( 'NONE',  ( 1.000000000000000000, 0.000000000000000000, 0.000000000000000000 ) ) ;
#241 = VERTEX_POINT ( 'NONE', #2577 ) ;
#242 = AXIS2_PLACEMENT_3D ( 'NONE', #2714, #588, #2812 ) ;
#243 = ORIENTED_EDGE ( 'NONE', *, *, #573, .F. ) ;
#244 = ORIENTED_EDGE ( 'NONE', *, *, #4196, .F. ) ;
#245 = VERTEX_POINT ( 'NONE', #519 ) ;
#246 = AXIS2_PLACEMENT_3D ( 'NONE', #801, #2939, #2259 ) ;
#247 = LINE ( 'NONE', #2749, #4169 ) ;
#248 = DIRECTION ( 'NONE',  ( -1.000000000000000000, 0.000000000000000000, 0.000000000000000000 ) ) ;
#249 = AXIS2_PLACEMENT_3D ( 'NONE', #3351, #2393, #989 ) ;
#250 = VERTEX_POINT ( 'NONE', #3021 ) ;
#251 = EDGE_CURVE ( 'NONE', #2091, #3393, #3989, .T. ) ;
#252 = DIRECTION ( 'NONE',  ( -1.000000000000000000, -0.000000000000000000, 0.000000000000000000 ) ) ;
#253 = DIRECTION ( 'NONE',  ( -1.000000000000000000, 0.000000000000000000, 0.000000000000000000 ) ) ;
#254 = CARTESIAN_POINT ( 'NONE',  ( 0.000000000000000000, 0.000000000000000000, 0.000000000000000000 ) ) ;
#255 = DIRECTION ( 'NONE',  ( -1.000000000000000000, 0.000000000000000000, 0.000000000000000000 ) ) ;
#256 = DIRECTION ( 'NONE',  ( -1.000000000000000000, 0.000000000000000000, 0.000000000000000000 ) ) ;
#257 = CARTESIAN_POINT ( 'NONE',  ( 7.000000000000000888, -21.62835834692429415, -20.78975986434258871 ) ) ;
#258 = AXIS2_PLACEMENT_3D ( 'NONE', #3138, #2036, #3743 ) ;
#259 = EDGE_CURVE ( 'NONE', #4513, #743, #4132, .T. ) ;
#260 = ADVANCED_FACE ( 'NONE', ( #3340 ), #160, .T. ) ;
#261 = DIRECTION ( 'NONE',  ( 1.000000000000000000, 0.000000000000000000, 0.000000000000000000 ) ) ;
#262 = VERTEX_POINT ( 'NONE', #3000 ) ;
#263 = CYLINDRICAL_SURFACE ( 'NONE', #873, 30.00000000000000000 ) ;
#264 = DIRECTION ( 'NONE',  ( 1.000000000000000000, 0.000000000000000000, 0.000000000000000000 ) ) ;
#265 = DIRECTION ( 'NONE',  ( -1.000000000000000000, -0.000000000000000000, -0.000000000000000000 ) ) ;
#266 = AXIS2_PLACEMENT_3D ( 'NONE', #4327, #1477, #1132 ) ;
#267 = EDGE_LOOP ( 'NONE', ( #2752, #3565, #4582, #1288 ) ) ;
#268 = EDGE_CURVE ( 'NONE', #2840, #4441, #3474, .T. ) ;
#269 = VERTEX_POINT ( 'NONE', #4017 ) ;
#270 = AXIS2_PLACEMENT_3D ( 'NONE', #3456, #1682, #4516 ) ;
#271 = ORIENTED_EDGE ( 'NONE', *, *, #1020, .T. ) ;
#272 = AXIS2_PLACEMENT_3D ( 'NONE', #2182, #1122, #2521 ) ;
#273 = LINE ( 'NONE', #4537, #2499 ) ;
#274 = VERTEX_POINT ( 'NONE', #4360 ) ;
#275 = CARTESIAN_POINT ( 'NONE',  ( 0.000000000000000000, 0.000000000000000000, 0.000000000000000000 ) ) ;
#276 = EDGE_CURVE ( 'NONE', #4273, #1471, #508, .T. ) ;
#277 = DIRECTION ( 'NONE',  ( 0.000000000000000000, -0.9009688679024232538, 0.4338837391175492941 ) ) ;
#278 = LINE ( 'NONE', #1329, #4332 ) ;
#279 = DIRECTION ( 'NONE',  ( 0.000000000000000000, -0.9749279121818258398, 0.2225209339563050670 ) ) ;
#280 = DIRECTION ( 'NONE',  ( 0.000000000000000000, 0.000000000000000000, 1.000000000000000000 ) ) ;
#281 = VERTEX_POINT ( 'NONE', #3303 ) ;
#282 = CYLINDRICAL_SURFACE ( 'NONE', #4165, 25.49899999999999523 ) ;
#283 = ORIENTED_EDGE ( 'NONE', *, *, #3382, .T. ) ;
#284 = ORIENTED_EDGE ( 'NONE', *, *, #95, .F. ) ;
#285 = EDGE_CURVE ( 'NONE', #3849, #2698, #3024, .T. ) ;
#286 = EDGE_CURVE ( 'NONE', #3310, #3239, #2965, .T. ) ;
#287 = ORIENTED_EDGE ( 'NONE', *, *, #4482, .T. ) ;
#288 = CIRCLE ( 'NONE', #888, 11.20000000000000107 ) ;
#289 = ADVANCED_FACE ( 'NONE', ( #2340 ), #961, .T. ) ;
#290 = CARTESIAN_POINT ( 'NONE',  ( 7.000000000000000888, 25.77586589148981133, 5.281492161082729453 ) ) ;
#291 = LINE ( 'NONE', #1697, #3069 ) ;
#292 = DIRECTION ( 'NONE',  ( -1.000000000000000000, 0.000000000000000000, 0.000000000000000000 ) ) ;
#293 = EDGE_CURVE ( 'NONE', #819, #1993, #3622, .T. ) ;
#294 = ORIENTED_EDGE ( 'NONE', *, *, #1861, .T. ) ;
#295 = VERTEX_POINT ( 'NONE', #3140 ) ;
#296 = ORIENTED_EDGE ( 'NONE', *, *, #3414, .F. ) ;
#297 = ORIENTED_EDGE ( 'NONE', *, *, #3344, .F. ) ;
#298 = LINE ( 'NONE', #1653, #2849 ) ;
#299 = EDGE_CURVE ( 'NONE', #1811, #512, #666, .T. ) ;
#300 = DIRECTION ( 'NONE',  ( 0.000000000000000000, 0.9749279121818227312, 0.2225209339563182509 ) ) ;
#301 = ORIENTED_EDGE ( 'NONE', *, *, #1300, .T. ) ;
#302 = ORIENTED_EDGE ( 'NONE', *, *, #784, .T. ) ;
#303 = CARTESIAN_POINT ( 'NONE',  ( -10.00000000000000000, 0.000000000000000000, 0.000000000000000000 ) ) ;
#304 = LINE ( 'NONE', #932, #1090 ) ;
#305 = CARTESIAN_POINT ( 'NONE',  ( 10.00000000000000000, 0.000000000000000000, 8.000000000000000000 ) ) ;
#306 = DIRECTION ( 'NONE',  ( -1.000000000000000000, 0.000000000000000000, -0.000000000000000000 ) ) ;
#307 = DIRECTION ( 'NONE',  ( -1.000000000000000000, -0.000000000000000000, 0.000000000000000000 ) ) ;
#308 = FACE_OUTER_BOUND ( 'NONE', #727, .T. ) ;
#309 = EDGE_LOOP ( 'NONE', ( #611, #415, #4155, #4085 ) ) ;
#310 = ORIENTED_EDGE ( 'NONE', *, *, #4419, .T. ) ;
#311 = EDGE_LOOP ( 'NONE', ( #4473, #1537, #434, #675 ) ) ;
#312 = DIRECTION ( 'NONE',  ( 1.000000000000000000, -0.000000000000000000, 0.000000000000000000 ) ) ;
#313 = ADVANCED_FACE ( 'NONE', ( #1686 ), #3460, .F. ) ;
#314 = DIRECTION ( 'NONE',  ( 0.000000000000000000, -0.9749279121818212879, -0.2225209339563245792 ) ) ;
#315 = AXIS2_PLACEMENT_3D ( 'NONE', #2048, #2700, #946 ) ;
#316 = LINE ( 'NONE', #3152, #3867 ) ;
#317 = VERTEX_POINT ( 'NONE', #3508 ) ;
#318 = VECTOR ( 'NONE', #1846, 1000.000000000000000 ) ;
#319 = CIRCLE ( 'NONE', #2232, 30.00000000000000000 ) ;
#320 = CARTESIAN_POINT ( 'NONE',  ( -10.00000000000000000, 0.000000000000000000, 0.000000000000000000 ) ) ;
#321 = CIRCLE ( 'NONE', #4454, 25.49899999999999523 ) ;
#322 = VECTOR ( 'NONE', #2040, 1000.000000000000000 ) ;
#323 = VERTEX_POINT ( 'NONE', #2428 ) ;
#324 = CARTESIAN_POINT ( 'NONE',  ( 7.000000000000000000, -8.000000000000000000, 0.000000000000000000 ) ) ;
#325 = ORIENTED_EDGE ( 'NONE', *, *, #3903, .F. ) ;
#326 = AXIS2_PLACEMENT_3D ( 'NONE', #2881, #3864, #346 ) ;
#327 = CARTESIAN_POINT ( 'NONE',  ( 7.000000000000000888, -26.30485368663591572, -0.5865956258981671612 ) ) ;
#328 = DIRECTION ( 'NONE',  ( 0.000000000000000000, 0.000000000000000000, 1.000000000000000000 ) ) ;
#329 = VERTEX_POINT ( 'NONE', #2358 ) ;
#330 = ORIENTED_EDGE ( 'NONE', *, *, #3938, .F. ) ;
#331 = VECTOR ( 'NONE', #3742, 1000.000000000000000 ) ;
#332 = CYLINDRICAL_SURFACE ( 'NONE', #366, 11.19999999999999929 ) ;
#333 = CARTESIAN_POINT ( 'NONE',  ( 7.000000000000000888, -25.04981177135285009, 4.765074104333709926 ) ) ;
#334 = ADVANCED_FACE ( 'NONE', ( #683 ), #4496, .T. ) ;
#335 = ORIENTED_EDGE ( 'NONE', *, *, #3344, .T. ) ;
#336 = DIRECTION ( 'NONE',  ( -1.000000000000000000, 0.000000000000000000, 0.000000000000000000 ) ) ;
#337 = ORIENTED_EDGE ( 'NONE', *, *, #633, .F. ) ;
#338 = CIRCLE ( 'NONE', #3887, 1.599999999999999867 ) ;
#339 = ORIENTED_EDGE ( 'NONE', *, *, #432, .T. ) ;
#340 = CARTESIAN_POINT ( 'NONE',  ( 3.500000000000000444, 3.947528211216556837, -29.73914963514675236 ) ) ;
#341 = CARTESIAN_POINT ( 'NONE',  ( 7.000000000000000888, 0.000000000000000000, 0.000000000000000000 ) ) ;
#342 = DIRECTION ( 'NONE',  ( 0.000000000000000000, 0.000000000000000000, -1.000000000000000000 ) ) ;
#343 = ORIENTED_EDGE ( 'NONE', *, *, #2406, .F. ) ;
#344 = AXIS2_PLACEMENT_3D ( 'NONE', #2982, #2612, #1914 ) ;
#345 = VECTOR ( 'NONE', #3470, 1000.000000000000000 ) ;
#346 = DIRECTION ( 'NONE',  ( 0.000000000000000000, 0.000000000000000000, 1.000000000000000000 ) ) ;
#347 = EDGE_CURVE ( 'NONE', #3239, #3059, #4177, .T. ) ;
#348 = EDGE_CURVE ( 'NONE', #1207, #761, #1758, .T. ) ;
#349 = CARTESIAN_POINT ( 'NONE',  ( 7.000000000000000888, 3.947528211216154492, 29.73914963514680920 ) ) ;
#350 = VERTEX_POINT ( 'NONE', #4468 ) ;
#351 = AXIS2_PLACEMENT_3D ( 'NONE', #3433, #1707, #1986 ) ;
#352 = CARTESIAN_POINT ( 'NONE',  ( 0.000000000000000000, 28.50681627971351872, -9.346733418401319327 ) ) ;
#353 = FACE_OUTER_BOUND ( 'NONE', #2851, .T. ) ;
#354 = VECTOR ( 'NONE', #4247, 1000.000000000000000 ) ;
#355 = APPLICATION_CONTEXT ( 'automotive_design' ) ;
#356 = ORIENTED_EDGE ( 'NONE', *, *, #2627, .F. ) ;
#357 = DIRECTION ( 'NONE',  ( -1.000000000000000000, -0.000000000000000000, -0.000000000000000000 ) ) ;
#358 = ORIENTED_EDGE ( 'NONE', *, *, #637, .F. ) ;
#359 = DIRECTION ( 'NONE',  ( -1.000000000000000000, 0.000000000000000000, 0.000000000000000000 ) ) ;
#360 = ORIENTED_EDGE ( 'NONE', *, *, #1193, .T. ) ;
#361 = CARTESIAN_POINT ( 'NONE',  ( 7.000000000000000888, -26.30485368663591572, -0.5865956258981671612 ) ) ;
#362 = ORIENTED_EDGE ( 'NONE', *, *, #2224, .T. ) ;
#363 = EDGE_CURVE ( 'NONE', #2312, #1811, #885, .T. ) ;
#364 = CARTESIAN_POINT ( 'NONE',  ( 0.000000000000000000, 0.000000000000000000, 0.000000000000000000 ) ) ;
#365 = DIRECTION ( 'NONE',  ( 0.000000000000000000, 0.7818314824680310249, -0.6234898018587319291 ) ) ;
#366 = AXIS2_PLACEMENT_3D ( 'NONE', #3965, #804, #3561 ) ;
#367 = CARTESIAN_POINT ( 'NONE',  ( 10.00000000000000000, 0.000000000000000000, -8.000000000000000000 ) ) ;
#368 = DIRECTION ( 'NONE',  ( -1.000000000000000000, 0.000000000000000000, 0.000000000000000000 ) ) ;
#369 = CIRCLE ( 'NONE', #2203, 25.49899999999999523 ) ;
#370 = ORIENTED_EDGE ( 'NONE', *, *, #3778, .T. ) ;
#371 = DIRECTION ( 'NONE',  ( -1.000000000000000000, 0.000000000000000000, -0.000000000000000000 ) ) ;
#372 = ORIENTED_EDGE ( 'NONE', *, *, #537, .T. ) ;
#373 = CYLINDRICAL_SURFACE ( 'NONE', #617, 11.19999999999999929 ) ;
#374 = CARTESIAN_POINT ( 'NONE',  ( 0.000000000000000000, 3.947528211216156269, 29.73914963514680210 ) ) ;
#375 = EDGE_CURVE ( 'NONE', #2185, #1713, #2200, .T. ) ;
#376 = DIRECTION ( 'NONE',  ( 0.000000000000000000, 0.000000000000000000, 1.000000000000000000 ) ) ;
#377 = DIRECTION ( 'NONE',  ( 1.000000000000000000, -0.000000000000000000, -0.000000000000000000 ) ) ;
#378 = ORIENTED_EDGE ( 'NONE', *, *, #2701, .F. ) ;
#379 = DIRECTION ( 'NONE',  ( 0.000000000000000000, -0.4338837391175651703, 0.9009688679024157043 ) ) ;
#380 = EDGE_CURVE ( 'NONE', #4142, #4161, #3915, .T. ) ;
#381 = ORIENTED_EDGE ( 'NONE', *, *, #3697, .F. ) ;
#382 = DIRECTION ( 'NONE',  ( -1.000000000000000000, 0.000000000000000000, -0.000000000000000000 ) ) ;
#383 = CARTESIAN_POINT ( 'NONE',  ( 7.000000000000000888, 23.95436854990174425, 10.88474387751608319 ) ) ;
#384 = CARTESIAN_POINT ( 'NONE',  ( 0.000000000000000000, -15.94218908519863120, 20.93169914448942492 ) ) ;
#385 = DIRECTION ( 'NONE',  ( -1.000000000000000000, -0.000000000000000000, 0.000000000000000000 ) ) ;
#386 = ORIENTED_EDGE ( 'NONE', *, *, #4347, .F. ) ;
#387 = AXIS2_PLACEMENT_3D ( 'NONE', #2511, #49, #3576 ) ;
#388 = ORIENTED_EDGE ( 'NONE', *, *, #1772, .T. ) ;
#389 = CARTESIAN_POINT ( 'NONE',  ( 3.500000000000000444, 16.45993346534672597, -25.08127967860409058 ) ) ;
#390 = CARTESIAN_POINT ( 'NONE',  ( 0.000000000000000000, -2.769027914639232701, -29.87193472823527074 ) ) ;
#391 = CIRCLE ( 'NONE', #539, 25.49899999999999523 ) ;
#392 = ORIENTED_EDGE ( 'NONE', *, *, #864, .T. ) ;
#393 = DIRECTION ( 'NONE',  ( 0.000000000000000000, 0.000000000000000000, 1.000000000000000000 ) ) ;
#394 = DIRECTION ( 'NONE',  ( -1.000000000000000000, -0.000000000000000000, 0.000000000000000000 ) ) ;
#395 = AXIS2_PLACEMENT_3D ( 'NONE', #1540, #2971, #3343 ) ;
#396 = AXIS2_PLACEMENT_3D ( 'NONE', #3001, #520, #4406 ) ;
#397 = EDGE_CURVE ( 'NONE', #512, #4073, #3812, .T. ) ;
#398 = EDGE_LOOP ( 'NONE', ( #2064, #1693, #1845, #574 ) ) ;
#399 = DIRECTION ( 'NONE',  ( -1.000000000000000000, -0.000000000000000000, 0.000000000000000000 ) ) ;
#400 = EDGE_CURVE ( 'NONE', #524, #2730, #3767, .T. ) ;
#401 = FACE_BOUND ( 'NONE', #3796, .T. ) ;
#402 = EDGE_CURVE ( 'NONE', #1283, #111, #817, .T. ) ;
#403 = AXIS2_PLACEMENT_3D ( 'NONE', #2233, #820, #2598 ) ;
#404 = VECTOR ( 'NONE', #3599, 1000.000000000000000 ) ;
#405 = CIRCLE ( 'NONE', #249, 11.19999999999999929 ) ;
#406 = DIRECTION ( 'NONE',  ( -1.000000000000000000, 0.000000000000000000, -0.000000000000000000 ) ) ;
#407 = ORIENTED_EDGE ( 'NONE', *, *, #2626, .T. ) ;
#408 = CYLINDRICAL_SURFACE ( 'NONE', #1671, 11.20000000000000107 ) ;
#409 = CARTESIAN_POINT ( 'NONE',  ( 7.000000000000000888, 0.9285037628613247440, 25.48208943086009981 ) ) ;
#410 = ADVANCED_FACE ( 'NONE', ( #4201 ), #1026, .T. ) ;
#411 = DIRECTION ( 'NONE',  ( -1.000000000000000000, -0.000000000000000000, -0.000000000000000000 ) ) ;
#412 = CIRCLE ( 'NONE', #258, 11.20000000000000107 ) ;
#413 = DIRECTION ( 'NONE',  ( -1.000000000000000000, -0.000000000000000000, 0.000000000000000000 ) ) ;
#414 = ORIENTED_EDGE ( 'NONE', *, *, #2905, .T. ) ;
#415 = ORIENTED_EDGE ( 'NONE', *, *, #1049, .F. ) ;
#416 = FACE_OUTER_BOUND ( 'NONE', #3118, .T. ) ;
#417 = DIRECTION ( 'NONE',  ( -1.000000000000000000, -0.000000000000000000, -0.000000000000000000 ) ) ;
#418 = EDGE_CURVE ( 'NONE', #2832, #1350, #231, .T. ) ;
#419 = AXIS2_PLACEMENT_3D ( 'NONE', #802, #1837, #733 ) ;
#420 = EDGE_CURVE ( 'NONE', #3774, #1345, #2834, .T. ) ;
#421 = AXIS2_PLACEMENT_3D ( 'NONE', #1375, #1341, #3858 ) ;
#422 = CARTESIAN_POINT ( 'NONE',  ( 7.000000000000000888, 25.51480627843070437, 6.425269058786490461 ) ) ;
#423 = PRODUCT_CONTEXT ( 'NONE', #2239, 'mechanical' ) ;
#424 = CIRCLE ( 'NONE', #3238, 11.20000000000000107 ) ;
#425 = CARTESIAN_POINT ( 'NONE',  ( 0.000000000000000000, 0.000000000000000000, 0.000000000000000000 ) ) ;
#426 = EDGE_LOOP ( 'NONE', ( #4226, #1018, #3161, #3768 ) ) ;
#427 = CARTESIAN_POINT ( 'NONE',  ( 0.000000000000000000, -20.93169914448937163, -15.94218908519870048 ) ) ;
#428 = DIRECTION ( 'NONE',  ( 0.000000000000000000, 0.000000000000000000, 1.000000000000000000 ) ) ;
#429 = DIRECTION ( 'NONE',  ( 0.000000000000000000, 0.000000000000000000, 1.000000000000000000 ) ) ;
#430 = CARTESIAN_POINT ( 'NONE',  ( 7.000000000000000888, -10.88474387751616312, 23.95436854990171227 ) ) ;
#431 = DIRECTION ( 'NONE',  ( -1.000000000000000000, 0.000000000000000000, 0.000000000000000000 ) ) ;
#432 = EDGE_CURVE ( 'NONE', #1038, #767, #1542, .T. ) ;
#433 = CARTESIAN_POINT ( 'NONE',  ( 7.000000000000000888, 25.51480627843078608, -6.425269058786144960 ) ) ;
#434 = ORIENTED_EDGE ( 'NONE', *, *, #2288, .T. ) ;
#435 = ORIENTED_EDGE ( 'NONE', *, *, #4274, .F. ) ;
#436 = EDGE_CURVE ( 'NONE', #2974, #2786, #4134, .T. ) ;
#437 = DIRECTION ( 'NONE',  ( 1.000000000000000000, 0.000000000000000000, -0.000000000000000000 ) ) ;
#438 = FACE_OUTER_BOUND ( 'NONE', #20, .T. ) ;
#439 = CIRCLE ( 'NONE', #2055, 1.599999999999999867 ) ;
#440 = EDGE_LOOP ( 'NONE', ( #1607, #974, #3957, #2807 ) ) ;
#441 = DIRECTION ( 'NONE',  ( 0.000000000000000000, 0.000000000000000000, 1.000000000000000000 ) ) ;
#442 = VERTEX_POINT ( 'NONE', #3535 ) ;
#443 = VECTOR ( 'NONE', #2242, 1000.000000000000000 ) ;
#444 = FACE_OUTER_BOUND ( 'NONE', #3052, .T. ) ;
#445 = EDGE_CURVE ( 'NONE', #1953, #2390, #439, .T. ) ;
#446 = CARTESIAN_POINT ( 'NONE',  ( 0.000000000000000000, 3.947528211216556837, -29.73914963514675236 ) ) ;
#447 = DIRECTION ( 'NONE',  ( 0.000000000000000000, 0.000000000000000000, 1.000000000000000000 ) ) ;
#448 = ORIENTED_EDGE ( 'NONE', *, *, #2680, .F. ) ;
#449 = DIRECTION ( 'NONE',  ( -1.000000000000000000, 0.000000000000000000, 0.000000000000000000 ) ) ;
#450 = CARTESIAN_POINT ( 'NONE',  ( 3.499999999999999556, 9.346733418401985460, -28.50681627971329846 ) ) ;
#451 = CARTESIAN_POINT ( 'NONE',  ( 0.000000000000000000, 15.45575468000526520, 25.71224702882839708 ) ) ;
#452 = ORIENTED_EDGE ( 'NONE', *, *, #3677, .F. ) ;
#453 = LINE ( 'NONE', #1807, #2335 ) ;
#454 = ORIENTED_EDGE ( 'NONE', *, *, #2110, .T. ) ;
#455 = DIRECTION ( 'NONE',  ( -1.000000000000000000, 0.000000000000000000, -0.000000000000000000 ) ) ;
#456 = ORIENTED_EDGE ( 'NONE', *, *, #2549, .F. ) ;
#457 = EDGE_CURVE ( 'NONE', #761, #992, #69, .T. ) ;
#458 = ORIENTED_EDGE ( 'NONE', *, *, #1312, .F. ) ;
#459 = DIRECTION ( 'NONE',  ( -1.000000000000000000, -0.000000000000000000, -0.000000000000000000 ) ) ;
#460 = DIRECTION ( 'NONE',  ( -1.000000000000000000, 0.000000000000000000, 0.000000000000000000 ) ) ;
#461 = EDGE_LOOP ( 'NONE', ( #2729, #1083, #1786, #3663 ) ) ;
#462 = CARTESIAN_POINT ( 'NONE',  ( 0.000000000000000000, 20.78975986434236134, 21.62835834692451087 ) ) ;
#463 = ADVANCED_FACE ( 'NONE', ( #75 ), #735, .T. ) ;
#464 = CARTESIAN_POINT ( 'NONE',  ( 0.000000000000000000, -25.51480627843073989, -6.425269058786323484 ) ) ;
#465 = CIRCLE ( 'NONE', #4019, 30.00000000000000000 ) ;
#466 = DIRECTION ( 'NONE',  ( -1.000000000000000000, -0.000000000000000000, -0.000000000000000000 ) ) ;
#467 = DIRECTION ( 'NONE',  ( -1.000000000000000000, -0.000000000000000000, 0.000000000000000000 ) ) ;
#468 = ORIENTED_EDGE ( 'NONE', *, *, #687, .F. ) ;
#469 = AXIS2_PLACEMENT_3D ( 'NONE', #4309, #3975, #1048 ) ;
#470 = CARTESIAN_POINT ( 'NONE',  ( 7.000000000000000888, 29.73914963514678789, 3.947528211216261962 ) ) ;
#471 = DIRECTION ( 'NONE',  ( -1.000000000000000000, 0.000000000000000000, -0.000000000000000000 ) ) ;
#472 = FACE_OUTER_BOUND ( 'NONE', #2467, .T. ) ;
#473 = CARTESIAN_POINT ( 'NONE',  ( 7.000000000000000888, -11.89281722685775478, -22.55570658189530064 ) ) ;
#474 = VECTOR ( 'NONE', #4131, 1000.000000000000000 ) ;
#475 = CARTESIAN_POINT ( 'NONE',  ( 7.000000000000000888, 0.000000000000000000, 0.000000000000000000 ) ) ;
#476 = EDGE_CURVE ( 'NONE', #183, #2270, #1029, .T. ) ;
#477 = CIRCLE ( 'NONE', #4313, 30.00000000000000000 ) ;
#478 = CYLINDRICAL_SURFACE ( 'NONE', #3826, 25.49899999999999523 ) ;
#479 = ORIENTED_EDGE ( 'NONE', *, *, #705, .F. ) ;
#480 = DIRECTION ( 'NONE',  ( 0.000000000000000000, 0.000000000000000000, 1.000000000000000000 ) ) ;
#481 = ORIENTED_EDGE ( 'NONE', *, *, #2415, .F. ) ;
#482 = VECTOR ( 'NONE', #176, 1000.000000000000000 ) ;
#483 = ORIENTED_EDGE ( 'NONE', *, *, #1904, .T. ) ;
#484 = ADVANCED_FACE ( 'NONE', ( #4305 ), #756, .T. ) ;
#485 = ORIENTED_EDGE ( 'NONE', *, *, #4371, .F. ) ;
#486 = CARTESIAN_POINT ( 'NONE',  ( 7.000000000000000888, 22.55570658189534683, -11.89281722685767662 ) ) ;
#487 = ORIENTED_EDGE ( 'NONE', *, *, #1826, .F. ) ;
#488 = FACE_OUTER_BOUND ( 'NONE', #2653, .T. ) ;
#489 = EDGE_CURVE ( 'NONE', #4006, #1722, #2646, .T. ) ;
#490 = CARTESIAN_POINT ( 'NONE',  ( 3.500000000000000444, -29.73914963514681276, 3.947528211216053684 ) ) ;
#491 = EDGE_LOOP ( 'NONE', ( #4490, #2512, #947, #3948, #1612, #3484, #2364, #3218, #2334, #47, #3552, #2276, #1474, #589, #3616, #1377, #3901, #284, #3985, #2980, #1412, #2970, #3861, #1384, #2558, #4024, #1919, #3412, #2346, #1673, #3554, #3328, #2089, #2318, #2107, #596, #2342, #2538, #1897, #1563, #1153, #2478, #4366, #631, #3176, #3044, #4121, #381, #1220, #243, #3670, #525, #3004, #3966, #2596, #1947, #3254, #2815, #2332, #2933, #4408, #2892, #1879, #1448, #1240, #2164, #1734, #3932, #1831, #120, #1409, #4141, #846, #3827, #2666, #1801, #2664, #182, #1983, #4163, #3421, #2876, #3106, #2290, #2606, #935, #1242, #1160, #4075, #1912, #3267, #2814, #3096, #625, #722, #2195, #4547, #1036, #1980, #1416, #3005, #4491, #4507, #504, #211, #2708, #297, #2296, #1921, #2096, #3905, #3078, #880, #1176, #2779, #3969, #1874 ) ) ;
#492 = VECTOR ( 'NONE', #2338, 1000.000000000000000 ) ;
#493 = LINE ( 'NONE', #139, #3430 ) ;
#494 = ADVANCED_FACE ( 'NONE', ( #2108 ), #332, .T. ) ;
#495 = CARTESIAN_POINT ( 'NONE',  ( 0.000000000000000000, 0.000000000000000000, 0.000000000000000000 ) ) ;
#496 = AXIS2_PLACEMENT_3D ( 'NONE', #2566, #2344, #2275 ) ;
#497 = LINE ( 'NONE', #3360, #2105 ) ;
#498 = LINE ( 'NONE', #473, #2046 ) ;
#499 = DIRECTION ( 'NONE',  ( 1.000000000000000000, 0.000000000000000000, 0.000000000000000000 ) ) ;
#500 = EDGE_LOOP ( 'NONE', ( #4010, #1100, #2556, #4511 ) ) ;
#501 = EDGE_CURVE ( 'NONE', #1125, #3892, #3580, .T. ) ;
#502 = DIRECTION ( 'NONE',  ( 0.000000000000000000, 0.000000000000000000, 1.000000000000000000 ) ) ;
#503 = AXIS2_PLACEMENT_3D ( 'NONE', #4269, #1825, #1103 ) ;
#504 = ORIENTED_EDGE ( 'NONE', *, *, #400, .F. ) ;
#505 = DIRECTION ( 'NONE',  ( -1.000000000000000000, -0.000000000000000000, -0.000000000000000000 ) ) ;
#506 = DIRECTION ( 'NONE',  ( 0.000000000000000000, 0.000000000000000000, 1.000000000000000000 ) ) ;
#507 = DIRECTION ( 'NONE',  ( -1.000000000000000000, 0.000000000000000000, 0.000000000000000000 ) ) ;
#508 = CIRCLE ( 'NONE', #4576, 11.19999999999999929 ) ;
#509 = CARTESIAN_POINT ( 'NONE',  ( 0.000000000000000000, 0.000000000000000000, 0.000000000000000000 ) ) ;
#510 = CARTESIAN_POINT ( 'NONE',  ( 0.000000000000000000, -10.21971125872130415, 23.36143195072520840 ) ) ;
#511 = ORIENTED_EDGE ( 'NONE', *, *, #145, .F. ) ;
#512 = VERTEX_POINT ( 'NONE', #3941 ) ;
#513 = VECTOR ( 'NONE', #3316, 1000.000000000000000 ) ;
#514 = ADVANCED_FACE ( 'NONE', ( #3204 ), #4263, .T. ) ;
#515 = DIRECTION ( 'NONE',  ( -1.000000000000000000, -0.000000000000000000, 0.000000000000000000 ) ) ;
#516 =( NAMED_UNIT ( * ) PLANE_ANGLE_UNIT ( ) SI_UNIT ( $, .RADIAN. ) );
#517 = EDGE_CURVE ( 'NONE', #4161, #2621, #1303, .T. ) ;
#518 = CARTESIAN_POINT ( 'NONE',  ( 0.000000000000000000, 25.08127967860427177, 16.45993346534645596 ) ) ;
#519 = CARTESIAN_POINT ( 'NONE',  ( 7.000000000000000888, -15.16188941679850544, 20.50161238324374580 ) ) ;
#520 = DIRECTION ( 'NONE',  ( -1.000000000000000000, 0.000000000000000000, -0.000000000000000000 ) ) ;
#521 = ORIENTED_EDGE ( 'NONE', *, *, #2176, .T. ) ;
#522 = ORIENTED_EDGE ( 'NONE', *, *, #1370, .T. ) ;
#523 = DIRECTION ( 'NONE',  ( -1.000000000000000000, 0.000000000000000000, 0.000000000000000000 ) ) ;
#524 = VERTEX_POINT ( 'NONE', #1797 ) ;
#525 = ORIENTED_EDGE ( 'NONE', *, *, #299, .F. ) ;
#526 = DIRECTION ( 'NONE',  ( 0.000000000000000000, -0.6234898018587239354, -0.7818314824680374642 ) ) ;
#527 = EDGE_LOOP ( 'NONE', ( #3307, #973, #788, #1744 ) ) ;
#528 = CARTESIAN_POINT ( 'NONE',  ( 0.000000000000000000, -25.08127967860415808, -16.45993346534662649 ) ) ;
#529 = DIRECTION ( 'NONE',  ( 0.000000000000000000, 0.000000000000000000, 1.000000000000000000 ) ) ;
#530 = CYLINDRICAL_SURFACE ( 'NONE', #2767, 11.20000000000000107 ) ;
#531 = CARTESIAN_POINT ( 'NONE',  ( 0.000000000000000000, -9.346733418401802496, 28.50681627971336241 ) ) ;
#532 = VERTEX_POINT ( 'NONE', #55 ) ;
#533 = AXIS2_PLACEMENT_3D ( 'NONE', #3935, #4559, #2421 ) ;
#534 = FACE_OUTER_BOUND ( 'NONE', #4553, .T. ) ;
#535 = CIRCLE ( 'NONE', #4171, 11.20000000000000107 ) ;
#536 = LINE ( 'NONE', #450, #1438 ) ;
#537 = EDGE_CURVE ( 'NONE', #2817, #1024, #1830, .T. ) ;
#538 = CARTESIAN_POINT ( 'NONE',  ( 7.000000000000000888, 10.21971125872147113, -23.36143195072514445 ) ) ;
#539 = AXIS2_PLACEMENT_3D ( 'NONE', #3003, #4069, #4047 ) ;
#540 = AXIS2_PLACEMENT_3D ( 'NONE', #1884, #1525, #2216 ) ;
#541 = ORIENTED_EDGE ( 'NONE', *, *, #4140, .T. ) ;
#542 = CIRCLE ( 'NONE', #395, 11.19999999999999751 ) ;
#543 = LINE ( 'NONE', #858, #3504 ) ;
#544 = CIRCLE ( 'NONE', #2764, 25.49899999999999523 ) ;
#545 = ORIENTED_EDGE ( 'NONE', *, *, #1569, .F. ) ;
#546 = AXIS2_PLACEMENT_3D ( 'NONE', #152, #4028, #1566 ) ;
#547 = CIRCLE ( 'NONE', #783, 30.00000000000000000 ) ;
#548 = CARTESIAN_POINT ( 'NONE',  ( 7.000000000000000888, 9.346733418401989013, -28.50681627971330556 ) ) ;
#549 = CARTESIAN_POINT ( 'NONE',  ( 0.000000000000000000, 5.281492161083006565, -25.77586589148974383 ) ) ;
#550 = PRESENTATION_LAYER_ASSIGNMENT (  '', '', ( #925 ) ) ;
#551 = CARTESIAN_POINT ( 'NONE',  ( 7.000000000000000888, 26.30485368663591927, -0.5865956258979815319 ) ) ;
#552 = EDGE_LOOP ( 'NONE', ( #1787, #1402, #2328, #3126 ) ) ;
#553 = AXIS2_PLACEMENT_3D ( 'NONE', #2713, #959, #4082 ) ;
#554 = EDGE_CURVE ( 'NONE', #2608, #4580, #1760, .T. ) ;
#555 = ORIENTED_EDGE ( 'NONE', *, *, #1049, .T. ) ;
#556 = DIRECTION ( 'NONE',  ( -1.000000000000000000, 0.000000000000000000, 0.000000000000000000 ) ) ;
#557 = VERTEX_POINT ( 'NONE', #3167 ) ;
#558 = CARTESIAN_POINT ( 'NONE',  ( 7.000000000000000888, 26.30485368663591927, -0.5865956258979815319 ) ) ;
#559 = DIRECTION ( 'NONE',  ( -1.000000000000000000, 0.000000000000000000, 0.000000000000000000 ) ) ;
#560 = CYLINDRICAL_SURFACE ( 'NONE', #553, 30.00000000000000000 ) ;
#561 = VECTOR ( 'NONE', #3530, 1000.000000000000000 ) ;
#562 = DIRECTION ( 'NONE',  ( 0.000000000000000000, 0.000000000000000000, -1.000000000000000000 ) ) ;
#563 = ORIENTED_EDGE ( 'NONE', *, *, #4005, .F. ) ;
#564 = LINE ( 'NONE', #127, #168 ) ;
#565 = CIRCLE ( 'NONE', #1010, 30.00000000000000000 ) ;
#566 = CIRCLE ( 'NONE', #4262, 30.00000000000000000 ) ;
#567 = ORIENTED_EDGE ( 'NONE', *, *, #866, .T. ) ;
#568 = DIRECTION ( 'NONE',  ( 1.000000000000000000, -0.000000000000000000, 0.000000000000000000 ) ) ;
#569 = ORIENTED_EDGE ( 'NONE', *, *, #2402, .T. ) ;
#570 = AXIS2_PLACEMENT_3D ( 'NONE', #3276, #2945, #3847 ) ;
#571 = EDGE_CURVE ( 'NONE', #2372, #819, #2578, .T. ) ;
#572 = CYLINDRICAL_SURFACE ( 'NONE', #938, 30.00000000000000000 ) ;
#573 = EDGE_CURVE ( 'NONE', #3789, #317, #3394, .T. ) ;
#574 = ORIENTED_EDGE ( 'NONE', *, *, #375, .T. ) ;
#575 = DIRECTION ( 'NONE',  ( -1.000000000000000000, 0.000000000000000000, -0.000000000000000000 ) ) ;
#576 = ORIENTED_EDGE ( 'NONE', *, *, #1904, .F. ) ;
#577 = EDGE_CURVE ( 'NONE', #3850, #2766, #4356, .T. ) ;
#578 = EDGE_LOOP ( 'NONE', ( #1082, #511, #3262, #838 ) ) ;
#579 = LINE ( 'NONE', #2706, #671 ) ;
#580 = ORIENTED_EDGE ( 'NONE', *, *, #2178, .T. ) ;
#581 = AXIS2_PLACEMENT_3D ( 'NONE', #126, #1183, #3680 ) ;
#582 = LINE ( 'NONE', #224, #2179 ) ;
#583 = CYLINDRICAL_SURFACE ( 'NONE', #2633, 25.49899999999999523 ) ;
#584 = CARTESIAN_POINT ( 'NONE',  ( 0.000000000000000000, -5.281492161082812942, 25.77586589148978646 ) ) ;
#585 = DIRECTION ( 'NONE',  ( -1.000000000000000000, -0.000000000000000000, -0.000000000000000000 ) ) ;
#586 = AXIS2_PLACEMENT_3D ( 'NONE', #886, #118, #2961 ) ;
#587 = DIRECTION ( 'NONE',  ( 0.000000000000000000, 0.000000000000000000, 1.000000000000000000 ) ) ;
#588 = DIRECTION ( 'NONE',  ( 1.000000000000000000, 0.000000000000000000, 0.000000000000000000 ) ) ;
#589 = ORIENTED_EDGE ( 'NONE', *, *, #2559, .F. ) ;
#590 = CIRCLE ( 'NONE', #2361, 30.00000000000000000 ) ;
#591 = DIRECTION ( 'NONE',  ( 0.000000000000000000, 0.000000000000000000, -1.000000000000000000 ) ) ;
#592 = CARTESIAN_POINT ( 'NONE',  ( 0.000000000000000000, -20.78975986434250700, 21.62835834692437231 ) ) ;
#593 = FACE_OUTER_BOUND ( 'NONE', #2389, .T. ) ;
#594 = EDGE_CURVE ( 'NONE', #3184, #250, #4280, .T. ) ;
#595 = VERTEX_POINT ( 'NONE', #826 ) ;
#596 = ORIENTED_EDGE ( 'NONE', *, *, #226, .F. ) ;
#597 = ORIENTED_EDGE ( 'NONE', *, *, #4578, .T. ) ;
#598 = VERTEX_POINT ( 'NONE', #3626 ) ;
#599 = VERTEX_POINT ( 'NONE', #2634 ) ;
#600 = DIRECTION ( 'NONE',  ( 0.000000000000000000, 0.000000000000000000, 1.000000000000000000 ) ) ;
#601 = EDGE_LOOP ( 'NONE', ( #4330, #435, #3441, #388 ) ) ;
#602 = ORIENTED_EDGE ( 'NONE', *, *, #2852, .F. ) ;
#603 = ORIENTED_EDGE ( 'NONE', *, *, #3297, .F. ) ;
#604 = LINE ( 'NONE', #2032, #929 ) ;
#605 = DIRECTION ( 'NONE',  ( -1.000000000000000000, -0.000000000000000000, 0.000000000000000000 ) ) ;
#606 = LINE ( 'NONE', #3388, #2857 ) ;
#607 = AXIS2_PLACEMENT_3D ( 'NONE', #324, #3845, #2442 ) ;
#608 = DIRECTION ( 'NONE',  ( 0.000000000000000000, -0.6234898018587399227, 0.7818314824680246966 ) ) ;
#609 = ORIENTED_EDGE ( 'NONE', *, *, #77, .T. ) ;
#610 = LINE ( 'NONE', #3813, #474 ) ;
#611 = ORIENTED_EDGE ( 'NONE', *, *, #1190, .F. ) ;
#612 = EDGE_LOOP ( 'NONE', ( #2305, #479, #4289, #1905 ) ) ;
#613 = DIRECTION ( 'NONE',  ( -1.000000000000000000, -0.000000000000000000, -0.000000000000000000 ) ) ;
#614 = EDGE_CURVE ( 'NONE', #3815, #4167, #2997, .T. ) ;
#615 = CARTESIAN_POINT ( 'NONE',  ( 0.000000000000000000, 0.000000000000000000, 0.000000000000000000 ) ) ;
#616 = AXIS2_PLACEMENT_3D ( 'NONE', #3818, #967, #2720 ) ;
#617 = AXIS2_PLACEMENT_3D ( 'NONE', #1771, #2882, #3199 ) ;
#618 = CIRCLE ( 'NONE', #1718, 11.19999999999999751 ) ;
#619 = CARTESIAN_POINT ( 'NONE',  ( 7.000000000000000888, 23.95436854990190056, -10.88474387751574213 ) ) ;
#620 = AXIS2_PLACEMENT_3D ( 'NONE', #76, #3206, #2545 ) ;
#621 = DIRECTION ( 'NONE',  ( 0.000000000000000000, 0.000000000000000000, -1.000000000000000000 ) ) ;
#622 = DIRECTION ( 'NONE',  ( -1.000000000000000000, 0.000000000000000000, 0.000000000000000000 ) ) ;
#623 = ORIENTED_EDGE ( 'NONE', *, *, #3368, .F. ) ;
#624 = AXIS2_PLACEMENT_3D ( 'NONE', #3902, #3968, #4285 ) ;
#625 = ORIENTED_EDGE ( 'NONE', *, *, #2094, .F. ) ;
#626 = ORIENTED_EDGE ( 'NONE', *, *, #1886, .F. ) ;
#627 = VECTOR ( 'NONE', #3666, 1000.000000000000000 ) ;
#628 = CARTESIAN_POINT ( 'NONE',  ( 7.000000000000000888, -11.94175267147946506, -23.44533994287262857 ) ) ;
#629 = ORIENTED_EDGE ( 'NONE', *, *, #165, .T. ) ;
#630 = CIRCLE ( 'NONE', #2101, 25.49899999999999167 ) ;
#631 = ORIENTED_EDGE ( 'NONE', *, *, #293, .F. ) ;
#632 = DIRECTION ( 'NONE',  ( -1.000000000000000000, 0.000000000000000000, 0.000000000000000000 ) ) ;
#633 = EDGE_CURVE ( 'NONE', #85, #64, #4422, .T. ) ;
#634 = CYLINDRICAL_SURFACE ( 'NONE', #4266, 2.500000000000000000 ) ;
#635 = CARTESIAN_POINT ( 'NONE',  ( 0.000000000000000000, -10.46613878911947815, 28.11511939947772376 ) ) ;
#636 = CARTESIAN_POINT ( 'NONE',  ( 0.000000000000000000, -25.71224702882845747, 15.45575468000517283 ) ) ;
#637 = EDGE_CURVE ( 'NONE', #1993, #4000, #1838, .T. ) ;
#638 = DIRECTION ( 'NONE',  ( 0.000000000000000000, -1.000000000000000000, -1.047444401652940007E-14 ) ) ;
#639 = EDGE_LOOP ( 'NONE', ( #2256, #1769, #1656, #4295 ) ) ;
#640 = CARTESIAN_POINT ( 'NONE',  ( 7.000000000000000888, 22.55570658189534683, -11.89281722685767662 ) ) ;
#641 = ADVANCED_FACE ( 'NONE', ( #4056 ), #1159, .T. ) ;
#642 = EDGE_LOOP ( 'NONE', ( #2951, #2679, #1853, #2778 ) ) ;
#643 = CIRCLE ( 'NONE', #2113, 25.49899999999999167 ) ;
#644 = CARTESIAN_POINT ( 'NONE',  ( 0.000000000000000000, 10.88474387751633188, -23.95436854990163411 ) ) ;
#645 = VERTEX_POINT ( 'NONE', #867 ) ;
#646 = VECTOR ( 'NONE', #4379, 1000.000000000000000 ) ;
#647 = AXIS2_PLACEMENT_3D ( 'NONE', #1499, #3838, #1052 ) ;
#648 = ADVANCED_FACE ( 'NONE', ( #3695 ), #3273, .T. ) ;
#649 = DIRECTION ( 'NONE',  ( 0.000000000000000000, 0.9749279121818242855, -0.2225209339563114230 ) ) ;
#650 = DIRECTION ( 'NONE',  ( 0.000000000000000000, -1.000000000000000000, -1.053224967557347187E-14 ) ) ;
#651 = AXIS2_PLACEMENT_3D ( 'NONE', #3676, #1553, #158 ) ;
#652 = ORIENTED_EDGE ( 'NONE', *, *, #1211, .T. ) ;
#653 = AXIS2_PLACEMENT_3D ( 'NONE', #1359, #3113, #1285 ) ;
#654 = CARTESIAN_POINT ( 'NONE',  ( 7.000000000000000888, 0.000000000000000000, 0.000000000000000000 ) ) ;
#655 = CARTESIAN_POINT ( 'NONE',  ( 7.000000000000000888, 0.000000000000000000, 0.000000000000000000 ) ) ;
#656 = CARTESIAN_POINT ( 'NONE',  ( 7.000000000000000888, 10.88474387751633188, -23.95436854990163411 ) ) ;
#657 = CYLINDRICAL_SURFACE ( 'NONE', #1522, 1.600000000000002531 ) ;
#658 = DIRECTION ( 'NONE',  ( -1.000000000000000000, -0.000000000000000000, 0.000000000000000000 ) ) ;
#659 = CARTESIAN_POINT ( 'NONE',  ( 0.000000000000000000, 0.000000000000000000, 0.000000000000000000 ) ) ;
#660 = VERTEX_POINT ( 'NONE', #510 ) ;
#661 = EDGE_CURVE ( 'NONE', #2348, #2359, #845, .T. ) ;
#662 = CARTESIAN_POINT ( 'NONE',  ( 0.000000000000000000, 0.000000000000000000, 0.000000000000000000 ) ) ;
#663 = ADVANCED_FACE ( 'NONE', ( #2280 ), #2568, .T. ) ;
#664 = AXIS2_PLACEMENT_3D ( 'NONE', #4586, #1041, #726 ) ;
#665 = ORIENTED_EDGE ( 'NONE', *, *, #3339, .T. ) ;
#666 = CIRCLE ( 'NONE', #3700, 11.19999999999999929 ) ;
#667 = DIRECTION ( 'NONE',  ( 0.000000000000000000, -0.2225209339563216093, 0.9749279121818219540 ) ) ;
#668 = DIRECTION ( 'NONE',  ( 0.000000000000000000, 0.000000000000000000, -1.000000000000000000 ) ) ;
#669 = EDGE_CURVE ( 'NONE', #4363, #3617, #3917, .T. ) ;
#670 = DIRECTION ( 'NONE',  ( -1.000000000000000000, 0.000000000000000000, 0.000000000000000000 ) ) ;
#671 = VECTOR ( 'NONE', #1301, 1000.000000000000000 ) ;
#672 = CARTESIAN_POINT ( 'NONE',  ( 7.000000000000000888, -23.36143195072517287, -10.21971125872138586 ) ) ;
#673 = LINE ( 'NONE', #3231, #3440 ) ;
#674 = DIRECTION ( 'NONE',  ( 0.000000000000000000, 0.9009688679024171476, 0.4338837391175620617 ) ) ;
#675 = ORIENTED_EDGE ( 'NONE', *, *, #4110, .T. ) ;
#676 = VERTEX_POINT ( 'NONE', #2218 ) ;
#677 = CARTESIAN_POINT ( 'NONE',  ( 7.000000000000000888, 25.77586589148981133, 5.281492161082729453 ) ) ;
#678 = EDGE_CURVE ( 'NONE', #2188, #4410, #4502, .T. ) ;
#679 = CARTESIAN_POINT ( 'NONE',  ( 7.000000000000000888, -26.30485368663591572, -0.5865956258981671612 ) ) ;
#680 = CARTESIAN_POINT ( 'NONE',  ( -10.00000000000000000, 0.000000000000000000, 0.000000000000000000 ) ) ;
#681 = ORIENTED_EDGE ( 'NONE', *, *, #2406, .T. ) ;
#682 = ORIENTED_EDGE ( 'NONE', *, *, #2632, .T. ) ;
#683 = FACE_OUTER_BOUND ( 'NONE', #1468, .T. ) ;
#684 = ORIENTED_EDGE ( 'NONE', *, *, #1917, .T. ) ;
#685 = CARTESIAN_POINT ( 'NONE',  ( 0.000000000000000000, 0.000000000000000000, 0.000000000000000000 ) ) ;
#686 = ORIENTED_EDGE ( 'NONE', *, *, #2976, .T. ) ;
#687 = EDGE_CURVE ( 'NONE', #274, #4219, #3299, .T. ) ;
#688 = CARTESIAN_POINT ( 'NONE',  ( 7.000000000000000888, 0.000000000000000000, 0.000000000000000000 ) ) ;
#689 = EDGE_LOOP ( 'NONE', ( #2112, #3971, #3203, #1126 ) ) ;
#690 = ORIENTED_EDGE ( 'NONE', *, *, #1861, .F. ) ;
#691 = DIRECTION ( 'NONE',  ( 0.000000000000000000, 0.000000000000000000, 1.000000000000000000 ) ) ;
#692 = VECTOR ( 'NONE', #4216, 1000.000000000000000 ) ;
#693 = DIRECTION ( 'NONE',  ( -1.000000000000000000, 0.000000000000000000, 0.000000000000000000 ) ) ;
#694 = EDGE_CURVE ( 'NONE', #1505, #3789, #1179, .T. ) ;
#695 = CARTESIAN_POINT ( 'NONE',  ( 7.000000000000000888, -19.34378712898057273, -16.61375636358872754 ) ) ;
#696 = ORIENTED_EDGE ( 'NONE', *, *, #2690, .F. ) ;
#697 = AXIS2_PLACEMENT_3D ( 'NONE', #2090, #3212, #9 ) ;
#698 = VERTEX_POINT ( 'NONE', #3335 ) ;
#699 = AXIS2_PLACEMENT_3D ( 'NONE', #2458, #3149, #4550 ) ;
#700 = CIRCLE ( 'NONE', #2237, 11.19999999999999751 ) ;
#701 = VERTEX_POINT ( 'NONE', #2978 ) ;
#702 = CARTESIAN_POINT ( 'NONE',  ( 0.000000000000000000, 10.88474387751600325, 23.95436854990178688 ) ) ;
#703 = AXIS2_PLACEMENT_3D ( 'NONE', #3690, #3266, #86 ) ;
#704 = DIRECTION ( 'NONE',  ( 0.000000000000000000, 0.000000000000000000, 1.000000000000000000 ) ) ;
#705 = EDGE_CURVE ( 'NONE', #1628, #2607, #3629, .T. ) ;
#706 = DIRECTION ( 'NONE',  ( -1.000000000000000000, -0.000000000000000000, -0.000000000000000000 ) ) ;
#707 = ORIENTED_EDGE ( 'NONE', *, *, #3571, .F. ) ;
#708 = ORIENTED_EDGE ( 'NONE', *, *, #2224, .F. ) ;
#709 = CIRCLE ( 'NONE', #1580, 2.500000000000000000 ) ;
#710 = CARTESIAN_POINT ( 'NONE',  ( -23.00000000000001421, 2.000000000000000000, 1.500000000000000222 ) ) ;
#711 = ORIENTED_EDGE ( 'NONE', *, *, #6, .T. ) ;
#712 = CARTESIAN_POINT ( 'NONE',  ( 7.000000000000000000, 1.959434878635767942E-16, 6.399999999999997691 ) ) ;
#713 = ORIENTED_EDGE ( 'NONE', *, *, #457, .F. ) ;
#714 = ORIENTED_EDGE ( 'NONE', *, *, #16, .T. ) ;
#715 = CYLINDRICAL_SURFACE ( 'NONE', #4164, 11.19999999999999751 ) ;
#716 = CIRCLE ( 'NONE', #2325, 25.49899999999999523 ) ;
#717 = CARTESIAN_POINT ( 'NONE',  ( 7.000000000000000000, 0.000000000000000000, -8.000000000000000000 ) ) ;
#718 = CARTESIAN_POINT ( 'NONE',  ( -23.00000000000001421, 3.061616997868383141E-16, 2.500000000000000000 ) ) ;
#719 = CARTESIAN_POINT ( 'NONE',  ( 0.000000000000000000, 29.87193472823523877, 2.769027914639544896 ) ) ;
#720 = DIRECTION ( 'NONE',  ( -1.000000000000000000, -0.000000000000000000, 0.000000000000000000 ) ) ;
#721 =( GEOMETRIC_REPRESENTATION_CONTEXT ( 3 ) GLOBAL_UNCERTAINTY_ASSIGNED_CONTEXT ( ( #1957 ) ) GLOBAL_UNIT_ASSIGNED_CONTEXT ( ( #1201, #516, #1554 ) ) REPRESENTATION_CONTEXT ( 'NONE', 'WORKASPACE' ) );
#722 = ORIENTED_EDGE ( 'NONE', *, *, #2035, .F. ) ;
#723 = CARTESIAN_POINT ( 'NONE',  ( 7.000000000000000888, 23.44533994287250422, 11.94175267147971198 ) ) ;
#724 = CARTESIAN_POINT ( 'NONE',  ( 0.000000000000000000, 0.000000000000000000, 0.000000000000000000 ) ) ;
#725 = ORIENTED_EDGE ( 'NONE', *, *, #17, .T. ) ;
#726 = DIRECTION ( 'NONE',  ( 0.000000000000000000, 0.2225209339563080368, 0.9749279121818250626 ) ) ;
#727 = EDGE_LOOP ( 'NONE', ( #4245, #1524, #370, #1768 ) ) ;
#728 = EDGE_CURVE ( 'NONE', #1382, #4046, #1394, .T. ) ;
#729 = ORIENTED_EDGE ( 'NONE', *, *, #3722, .F. ) ;
#730 = AXIS2_PLACEMENT_3D ( 'NONE', #1898, #4045, #2320 ) ;
#731 = CARTESIAN_POINT ( 'NONE',  ( 0.000000000000000000, -22.55570658189526156, 11.89281722685783471 ) ) ;
#732 = CYLINDRICAL_SURFACE ( 'NONE', #1433, 30.00000000000000000 ) ;
#733 = DIRECTION ( 'NONE',  ( 0.000000000000000000, 0.4338837391175590086, -0.9009688679024187019 ) ) ;
#734 = AXIS2_PLACEMENT_3D ( 'NONE', #3976, #2142, #740 ) ;
#735 = CYLINDRICAL_SURFACE ( 'NONE', #3993, 25.49899999999999523 ) ;
#736 = CARTESIAN_POINT ( 'NONE',  ( -10.00000000000000000, 0.000000000000000000, 0.000000000000000000 ) ) ;
#737 = EDGE_LOOP ( 'NONE', ( #1529, #4373, #1278, #115 ) ) ;
#738 = ORIENTED_EDGE ( 'NONE', *, *, #89, .F. ) ;
#739 = CARTESIAN_POINT ( 'NONE',  ( 0.000000000000000000, 15.16188941679837221, 20.50161238324384527 ) ) ;
#740 = DIRECTION ( 'NONE',  ( 0.000000000000000000, 0.7818314824680310249, -0.6234898018587320401 ) ) ;
#741 = FACE_OUTER_BOUND ( 'NONE', #4135, .T. ) ;
#742 = DIRECTION ( 'NONE',  ( 0.000000000000000000, 0.000000000000000000, 1.000000000000000000 ) ) ;
#743 = VERTEX_POINT ( 'NONE', #531 ) ;
#744 = AXIS2_PLACEMENT_3D ( 'NONE', #1197, #4036, #3713 ) ;
#745 = EDGE_LOOP ( 'NONE', ( #3658, #3933, #3707, #681 ) ) ;
#746 = ORIENTED_EDGE ( 'NONE', *, *, #3098, .F. ) ;
#747 = DIRECTION ( 'NONE',  ( 0.000000000000000000, 0.4338837391175589531, -0.9009688679024187019 ) ) ;
#748 = ADVANCED_FACE ( 'NONE', ( #1932 ), #181, .T. ) ;
#749 = ORIENTED_EDGE ( 'NONE', *, *, #3414, .T. ) ;
#750 = DIRECTION ( 'NONE',  ( 1.000000000000000000, 0.000000000000000000, 0.000000000000000000 ) ) ;
#751 = VERTEX_POINT ( 'NONE', #4489 ) ;
#752 = CARTESIAN_POINT ( 'NONE',  ( -10.00000000000000000, 0.000000000000000000, 0.000000000000000000 ) ) ;
#753 = VECTOR ( 'NONE', #1796, 1000.000000000000000 ) ;
#754 = CARTESIAN_POINT ( 'NONE',  ( 0.000000000000000000, 2.000000000000000000, 1.500000000000000222 ) ) ;
#755 = DIRECTION ( 'NONE',  ( 0.000000000000000000, 0.000000000000000000, 1.000000000000000000 ) ) ;
#756 = CYLINDRICAL_SURFACE ( 'NONE', #1902, 11.19999999999999929 ) ;
#757 = FACE_BOUND ( 'NONE', #3758, .T. ) ;
#758 = EDGE_LOOP ( 'NONE', ( #3330, #4224, #147, #4133 ) ) ;
#759 = CARTESIAN_POINT ( 'NONE',  ( 7.000000000000000888, 15.16188941679837221, 20.50161238324384527 ) ) ;
#760 = DIRECTION ( 'NONE',  ( -1.000000000000000000, 0.000000000000000000, 0.000000000000000000 ) ) ;
#761 = VERTEX_POINT ( 'NONE', #1702 ) ;
#762 = LINE ( 'NONE', #80, #3760 ) ;
#763 = DIRECTION ( 'NONE',  ( 0.000000000000000000, -0.000000000000000000, 1.000000000000000000 ) ) ;
#764 = CARTESIAN_POINT ( 'NONE',  ( 0.000000000000000000, -25.48208943086010336, 0.9285037628612359262 ) ) ;
#765 = EDGE_CURVE ( 'NONE', #1188, #1544, #369, .T. ) ;
#766 = DIRECTION ( 'NONE',  ( 0.000000000000000000, -0.2225209339563216371, 0.9749279121818219540 ) ) ;
#767 = VERTEX_POINT ( 'NONE', #1281 ) ;
#768 = VERTEX_POINT ( 'NONE', #3452 ) ;
#769 = AXIS2_PLACEMENT_3D ( 'NONE', #1276, #1235, #4009 ) ;
#770 = CARTESIAN_POINT ( 'NONE',  ( 7.000000000000000888, 16.61375636358853924, 19.34378712898074681 ) ) ;
#771 = ORIENTED_EDGE ( 'NONE', *, *, #4089, .T. ) ;
#772 = CARTESIAN_POINT ( 'NONE',  ( 0.000000000000000000, -20.93169914448959545, 15.94218908519841271 ) ) ;
#773 = AXIS2_PLACEMENT_3D ( 'NONE', #3418, #1996, #1746 ) ;
#774 = ORIENTED_EDGE ( 'NONE', *, *, #259, .F. ) ;
#775 = DIRECTION ( 'NONE',  ( 0.000000000000000000, -6.982962677686266711E-15, 1.000000000000000000 ) ) ;
#776 = AXIS2_PLACEMENT_3D ( 'NONE', #79, #1483, #2915 ) ;
#777 = AXIS2_PLACEMENT_3D ( 'NONE', #3043, #2985, #2248 ) ;
#778 = APPLICATION_PROTOCOL_DEFINITION ( 'draft international standard', 'automotive_design', 1998, #2239 ) ;
#779 = CARTESIAN_POINT ( 'NONE',  ( 7.000000000000000888, -23.44533994287258949, 11.94175267147954855 ) ) ;
#780 = VERTEX_POINT ( 'NONE', #1260 ) ;
#781 = LINE ( 'NONE', #1776, #3130 ) ;
#782 = AXIS2_PLACEMENT_3D ( 'NONE', #320, #18, #1726 ) ;
#783 = AXIS2_PLACEMENT_3D ( 'NONE', #2931, #2856, #3987 ) ;
#784 = EDGE_CURVE ( 'NONE', #4487, #1058, #1354, .T. ) ;
#785 = AXIS2_PLACEMENT_3D ( 'NONE', #966, #3029, #1625 ) ;
#786 = EDGE_CURVE ( 'NONE', #250, #4315, #579, .T. ) ;
#787 = DIRECTION ( 'NONE',  ( 0.000000000000000000, 0.000000000000000000, -1.000000000000000000 ) ) ;
#788 = ORIENTED_EDGE ( 'NONE', *, *, #3263, .T. ) ;
#789 = DIRECTION ( 'NONE',  ( 1.000000000000000000, 0.000000000000000000, 0.000000000000000000 ) ) ;
#790 = ADVANCED_FACE ( 'NONE', ( #1322 ), #3427, .T. ) ;
#791 = LINE ( 'NONE', #2481, #1813 ) ;
#792 = VECTOR ( 'NONE', #4464, 1000.000000000000000 ) ;
#793 = CARTESIAN_POINT ( 'NONE',  ( 7.000000000000000888, -15.16188941679823188, -20.50161238324394120 ) ) ;
#794 = ORIENTED_EDGE ( 'NONE', *, *, #2581, .F. ) ;
#795 = EDGE_CURVE ( 'NONE', #4004, #1039, #2026, .T. ) ;
#796 = ORIENTED_EDGE ( 'NONE', *, *, #1664, .T. ) ;
#797 = CARTESIAN_POINT ( 'NONE',  ( 3.499999999999999556, -29.73914963514675591, -3.947528211216468463 ) ) ;
#798 = DIRECTION ( 'NONE',  ( -1.000000000000000000, -0.000000000000000000, -0.000000000000000000 ) ) ;
#799 = AXIS2_PLACEMENT_3D ( 'NONE', #495, #2221, #3653 ) ;
#800 = CARTESIAN_POINT ( 'NONE',  ( 7.000000000000000888, 6.425269058786402532, -25.51480627843072213 ) ) ;
#801 = CARTESIAN_POINT ( 'NONE',  ( 7.000000000000000888, 0.000000000000000000, 0.000000000000000000 ) ) ;
#802 = CARTESIAN_POINT ( 'NONE',  ( 7.000000000000000888, 0.000000000000000000, 0.000000000000000000 ) ) ;
#803 = CIRCLE ( 'NONE', #3378, 11.20000000000000107 ) ;
#804 = DIRECTION ( 'NONE',  ( -1.000000000000000000, 0.000000000000000000, -0.000000000000000000 ) ) ;
#805 = ORIENTED_EDGE ( 'NONE', *, *, #2402, .F. ) ;
#806 = FACE_OUTER_BOUND ( 'NONE', #1810, .T. ) ;
#807 = ORIENTED_EDGE ( 'NONE', *, *, #4317, .T. ) ;
#808 = DIRECTION ( 'NONE',  ( -1.000000000000000000, -0.000000000000000000, 0.000000000000000000 ) ) ;
#809 = EDGE_CURVE ( 'NONE', #767, #2554, #273, .T. ) ;
#810 = DIRECTION ( 'NONE',  ( 0.000000000000000000, 0.000000000000000000, 1.000000000000000000 ) ) ;
#811 = CARTESIAN_POINT ( 'NONE',  ( 0.000000000000000000, -23.36143195072531498, 10.21971125872106434 ) ) ;
#812 = ORIENTED_EDGE ( 'NONE', *, *, #1228, .F. ) ;
#813 = DIRECTION ( 'NONE',  ( -1.000000000000000000, 0.000000000000000000, 0.000000000000000000 ) ) ;
#814 = ORIENTED_EDGE ( 'NONE', *, *, #61, .F. ) ;
#815 = CARTESIAN_POINT ( 'NONE',  ( 3.500000000000000444, 21.62835834692443981, 20.78975986434243239 ) ) ;
#816 = VERTEX_POINT ( 'NONE', #3737 ) ;
#817 = CIRCLE ( 'NONE', #1466, 25.49899999999999523 ) ;
#818 = EDGE_LOOP ( 'NONE', ( #2395, #3748, #3313, #665 ) ) ;
#819 = VERTEX_POINT ( 'NONE', #4460 ) ;
#820 = DIRECTION ( 'NONE',  ( -1.000000000000000000, -0.000000000000000000, -0.000000000000000000 ) ) ;
#821 = CARTESIAN_POINT ( 'NONE',  ( 7.000000000000000888, -0.5865956258977074178, -26.30485368663592638 ) ) ;
#822 = VECTOR ( 'NONE', #248, 1000.000000000000000 ) ;
#823 = ORIENTED_EDGE ( 'NONE', *, *, #3497, .T. ) ;
#824 = DIRECTION ( 'NONE',  ( -0.000000000000000000, -0.000000000000000000, 1.000000000000000000 ) ) ;
#825 = EDGE_CURVE ( 'NONE', #3164, #2091, #1677, .T. ) ;
#826 = CARTESIAN_POINT ( 'NONE',  ( 0.000000000000000000, 4.765074104334133587, -25.04981177135277193 ) ) ;
#827 = PRODUCT_DEFINITION_CONTEXT ( 'detailed design', #355, 'design' ) ;
#828 = CARTESIAN_POINT ( 'NONE',  ( 7.000000000000000888, -11.89281722685775478, -22.55570658189530064 ) ) ;
#829 = FACE_OUTER_BOUND ( 'NONE', #3158, .T. ) ;
#830 = CARTESIAN_POINT ( 'NONE',  ( 0.000000000000000000, -25.71224702882823721, -15.45575468000553343 ) ) ;
#831 = ADVANCED_FACE ( 'NONE', ( #4166 ), #1655, .T. ) ;
#832 = ORIENTED_EDGE ( 'NONE', *, *, #145, .T. ) ;
#833 = CYLINDRICAL_SURFACE ( 'NONE', #2165, 11.19999999999999929 ) ;
#834 = ORIENTED_EDGE ( 'NONE', *, *, #2954, .T. ) ;
#835 = ORIENTED_EDGE ( 'NONE', *, *, #4058, .T. ) ;
#836 = ADVANCED_FACE ( 'NONE', ( #4193 ), #3085, .T. ) ;
#837 = VERTEX_POINT ( 'NONE', #4146 ) ;
#838 = ORIENTED_EDGE ( 'NONE', *, *, #4086, .T. ) ;
#839 = LINE ( 'NONE', #3332, #1644 ) ;
#840 = ORIENTED_EDGE ( 'NONE', *, *, #191, .T. ) ;
#841 = ORIENTED_EDGE ( 'NONE', *, *, #4482, .F. ) ;
#842 = DIRECTION ( 'NONE',  ( -1.000000000000000000, 0.000000000000000000, 0.000000000000000000 ) ) ;
#843 = AXIS2_PLACEMENT_3D ( 'NONE', #62, #1124, #3195 ) ;
#844 = VECTOR ( 'NONE', #824, 1000.000000000000000 ) ;
#845 = LINE ( 'NONE', #1888, #2726 ) ;
#846 = ORIENTED_EDGE ( 'NONE', *, *, #4338, .F. ) ;
#847 = ORIENTED_EDGE ( 'NONE', *, *, #1450, .F. ) ;
#848 = DIRECTION ( 'NONE',  ( 0.000000000000000000, -0.4338837391175462410, -0.9009688679024248081 ) ) ;
#849 = ADVANCED_FACE ( 'NONE', ( #3804 ), #995, .T. ) ;
#850 = CIRCLE ( 'NONE', #3425, 11.20000000000000284 ) ;
#851 = CIRCLE ( 'NONE', #242, 11.19999999999999751 ) ;
#852 = DIRECTION ( 'NONE',  ( -1.000000000000000000, -0.000000000000000000, 0.000000000000000000 ) ) ;
#853 = DIRECTION ( 'NONE',  ( 1.000000000000000000, 0.000000000000000000, 0.000000000000000000 ) ) ;
#854 = CARTESIAN_POINT ( 'NONE',  ( 0.000000000000000000, 20.20022636336481980, 16.85942694080871362 ) ) ;
#855 = CIRCLE ( 'NONE', #4539, 11.20000000000000107 ) ;
#856 = CYLINDRICAL_SURFACE ( 'NONE', #2532, 25.49899999999999523 ) ;
#857 = ORIENTED_EDGE ( 'NONE', *, *, #2074, .F. ) ;
#858 = CARTESIAN_POINT ( 'NONE',  ( 7.000000000000000888, -10.21971125872130415, 23.36143195072520840 ) ) ;
#859 = CIRCLE ( 'NONE', #3740, 11.20000000000000284 ) ;
#860 = VECTOR ( 'NONE', #125, 1000.000000000000000 ) ;
#861 = ORIENTED_EDGE ( 'NONE', *, *, #223, .T. ) ;
#862 = EDGE_CURVE ( 'NONE', #1544, #816, #960, .T. ) ;
#863 = FACE_OUTER_BOUND ( 'NONE', #1072, .T. ) ;
#864 = EDGE_CURVE ( 'NONE', #4004, #3282, #4136, .T. ) ;
#865 = CARTESIAN_POINT ( 'NONE',  ( 7.000000000000000888, -15.94218908519863120, 20.93169914448942492 ) ) ;
#866 = EDGE_CURVE ( 'NONE', #2554, #2904, #3327, .T. ) ;
#867 = CARTESIAN_POINT ( 'NONE',  ( 0.000000000000000000, 11.89281722685822729, -22.55570658189505906 ) ) ;
#868 = ORIENTED_EDGE ( 'NONE', *, *, #2690, .T. ) ;
#869 = CIRCLE ( 'NONE', #344, 11.20000000000000107 ) ;
#870 = EDGE_CURVE ( 'NONE', #3375, #1631, #2062, .T. ) ;
#871 = FACE_OUTER_BOUND ( 'NONE', #129, .T. ) ;
#872 = CARTESIAN_POINT ( 'NONE',  ( 7.000000000000000888, -9.346733418401802496, 28.50681627971336241 ) ) ;
#873 = AXIS2_PLACEMENT_3D ( 'NONE', #3493, #2392, #2095 ) ;
#874 = CARTESIAN_POINT ( 'NONE',  ( 7.000000000000000888, 11.89281722685791998, 22.55570658189522248 ) ) ;
#875 = LINE ( 'NONE', #208, #3835 ) ;
#876 = CARTESIAN_POINT ( 'NONE',  ( 7.000000000000000888, -24.63658872236502617, -6.575522574292942402 ) ) ;
#877 = EDGE_LOOP ( 'NONE', ( #2289, #1699, #2043, #2929 ) ) ;
#878 = CARTESIAN_POINT ( 'NONE',  ( 7.000000000000000888, -10.21971125872098085, -23.36143195072535050 ) ) ;
#879 = CIRCLE ( 'NONE', #2414, 11.19999999999999929 ) ;
#880 = ORIENTED_EDGE ( 'NONE', *, *, #1252, .F. ) ;
#881 = DIRECTION ( 'NONE',  ( -1.000000000000000000, 0.000000000000000000, 0.000000000000000000 ) ) ;
#882 = CARTESIAN_POINT ( 'NONE',  ( 7.000000000000000888, -25.51480627843073989, -6.425269058786323484 ) ) ;
#883 = CARTESIAN_POINT ( 'NONE',  ( 0.000000000000000000, 8.000000000000000000, 1.600000000000000311 ) ) ;
#884 = EDGE_CURVE ( 'NONE', #1601, #1688, #288, .T. ) ;
#885 = CIRCLE ( 'NONE', #954, 25.49899999999999167 ) ;
#886 = CARTESIAN_POINT ( 'NONE',  ( 7.000000000000000888, 26.30485368663591927, -0.5865956258979815319 ) ) ;
#887 = VERTEX_POINT ( 'NONE', #3400 ) ;
#888 = AXIS2_PLACEMENT_3D ( 'NONE', #930, #2333, #1984 ) ;
#889 = EDGE_CURVE ( 'NONE', #598, #1969, #72, .T. ) ;
#890 = FACE_OUTER_BOUND ( 'NONE', #3731, .T. ) ;
#891 = DIRECTION ( 'NONE',  ( 0.000000000000000000, 0.000000000000000000, 1.000000000000000000 ) ) ;
#892 = DIRECTION ( 'NONE',  ( -1.000000000000000000, 0.000000000000000000, 0.000000000000000000 ) ) ;
#893 = DIRECTION ( 'NONE',  ( 0.000000000000000000, 0.7818314824680268060, 0.6234898018587373691 ) ) ;
#894 = CARTESIAN_POINT ( 'NONE',  ( 7.000000000000000888, 25.48208943086009626, 0.9285037628614106753 ) ) ;
#895 = ORIENTED_EDGE ( 'NONE', *, *, #3444, .T. ) ;
#896 = EDGE_CURVE ( 'NONE', #3540, #557, #3180, .T. ) ;
#897 = CARTESIAN_POINT ( 'NONE',  ( 0.000000000000000000, -29.87193472823526008, 2.769027914639338395 ) ) ;
#898 = DIRECTION ( 'NONE',  ( 0.000000000000000000, 0.4338837391175526248, 0.9009688679024218105 ) ) ;
#899 = CARTESIAN_POINT ( 'NONE',  ( 3.500000000000000444, 3.947528211216156269, 29.73914963514680210 ) ) ;
#900 = ORIENTED_EDGE ( 'NONE', *, *, #299, .T. ) ;
#901 = EDGE_LOOP ( 'NONE', ( #2303, #4461, #1572, #3219 ) ) ;
#902 = CARTESIAN_POINT ( 'NONE',  ( 3.499999999999999556, 9.346733418401605320, 28.50681627971342635 ) ) ;
#903 = DIRECTION ( 'NONE',  ( 1.000000000000000000, 0.000000000000000000, -0.000000000000000000 ) ) ;
#904 = EDGE_LOOP ( 'NONE', ( #1954, #713, #968, #3188 ) ) ;
#905 = DIRECTION ( 'NONE',  ( -1.000000000000000000, 0.000000000000000000, 0.000000000000000000 ) ) ;
#906 = FACE_OUTER_BOUND ( 'NONE', #3736, .T. ) ;
#907 = DIRECTION ( 'NONE',  ( -1.000000000000000000, 0.000000000000000000, 0.000000000000000000 ) ) ;
#908 = CARTESIAN_POINT ( 'NONE',  ( 7.000000000000000888, 25.51480627843078608, 4.774730941213854329 ) ) ;
#909 = DIRECTION ( 'NONE',  ( 0.000000000000000000, 0.000000000000000000, 1.000000000000000000 ) ) ;
#910 = ORIENTED_EDGE ( 'NONE', *, *, #4251, .F. ) ;
#911 = EDGE_CURVE ( 'NONE', #2585, #2579, #2427, .T. ) ;
#912 = CYLINDRICAL_SURFACE ( 'NONE', #238, 11.20000000000000107 ) ;
#913 = CIRCLE ( 'NONE', #2003, 30.00000000000000000 ) ;
#914 = AXIS2_PLACEMENT_3D ( 'NONE', #772, #1728, #1406 ) ;
#915 = VERTEX_POINT ( 'NONE', #1019 ) ;
#916 = AXIS2_PLACEMENT_3D ( 'NONE', #108, #1970, #1581 ) ;
#917 = DIRECTION ( 'NONE',  ( 1.000000000000000000, 0.000000000000000000, 0.000000000000000000 ) ) ;
#918 = ORIENTED_EDGE ( 'NONE', *, *, #4144, .F. ) ;
#919 = EDGE_CURVE ( 'NONE', #1688, #3759, #2054, .T. ) ;
#920 = AXIS2_PLACEMENT_3D ( 'NONE', #3271, #93, #2567 ) ;
#921 = AXIS2_PLACEMENT_3D ( 'NONE', #821, #3934, #2168 ) ;
#922 = DIRECTION ( 'NONE',  ( 0.000000000000000000, 0.2225209339563147815, -0.9749279121818235083 ) ) ;
#923 = LINE ( 'NONE', #1275, #2391 ) ;
#924 = ADVANCED_FACE ( 'NONE', ( #71 ), #3160, .T. ) ;
#925 = STYLED_ITEM ( 'NONE', ( #1937 ), #4362 ) ;
#926 = DIRECTION ( 'NONE',  ( 1.000000000000000000, 0.000000000000000000, 0.000000000000000000 ) ) ;
#927 = EDGE_CURVE ( 'NONE', #1675, #3526, #2671, .T. ) ;
#928 = ORIENTED_EDGE ( 'NONE', *, *, #2637, .T. ) ;
#929 = VECTOR ( 'NONE', #3829, 1000.000000000000000 ) ;
#930 = CARTESIAN_POINT ( 'NONE',  ( 7.000000000000000888, -25.51480627843073989, -6.425269058786323484 ) ) ;
#931 = DIRECTION ( 'NONE',  ( -1.000000000000000000, -0.000000000000000000, 0.000000000000000000 ) ) ;
#932 = CARTESIAN_POINT ( 'NONE',  ( 7.000000000000000888, 20.50161238324379553, 15.16188941679844149 ) ) ;
#933 = CARTESIAN_POINT ( 'NONE',  ( 7.000000000000000888, 11.89281722685822729, -22.55570658189505906 ) ) ;
#934 = LINE ( 'NONE', #2006, #2777 ) ;
#935 = ORIENTED_EDGE ( 'NONE', *, *, #3039, .F. ) ;
#936 = CIRCLE ( 'NONE', #1155, 11.20000000000000107 ) ;
#937 = DIRECTION ( 'NONE',  ( 0.000000000000000000, 0.6234898018587347046, -0.7818314824680289155 ) ) ;
#938 = AXIS2_PLACEMENT_3D ( 'NONE', #3270, #2908, #4071 ) ;
#939 = ORIENTED_EDGE ( 'NONE', *, *, #2888, .T. ) ;
#940 = EDGE_CURVE ( 'NONE', #2163, #4568, #3862, .T. ) ;
#941 = ORIENTED_EDGE ( 'NONE', *, *, #3828, .T. ) ;
#942 = AXIS2_PLACEMENT_3D ( 'NONE', #1077, #3910, #2143 ) ;
#943 = DIRECTION ( 'NONE',  ( -1.000000000000000000, -0.000000000000000000, 0.000000000000000000 ) ) ;
#944 = AXIS2_PLACEMENT_3D ( 'NONE', #1782, #1512, #810 ) ;
#945 = LINE ( 'NONE', #1975, #177 ) ;
#946 = DIRECTION ( 'NONE',  ( 0.000000000000000000, -0.6234898018587400337, 0.7818314824680246966 ) ) ;
#947 = ORIENTED_EDGE ( 'NONE', *, *, #1508, .F. ) ;
#948 = ORIENTED_EDGE ( 'NONE', *, *, #3488, .F. ) ;
#949 = ORIENTED_EDGE ( 'NONE', *, *, #418, .F. ) ;
#950 = VERTEX_POINT ( 'NONE', #349 ) ;
#951 = DIRECTION ( 'NONE',  ( -1.000000000000000000, -0.000000000000000000, -0.000000000000000000 ) ) ;
#952 = ORIENTED_EDGE ( 'NONE', *, *, #2126, .T. ) ;
#953 = ORIENTED_EDGE ( 'NONE', *, *, #1854, .F. ) ;
#954 = AXIS2_PLACEMENT_3D ( 'NONE', #2007, #256, #1617 ) ;
#955 = DIRECTION ( 'NONE',  ( 0.000000000000000000, 0.000000000000000000, 1.000000000000000000 ) ) ;
#956 = ADVANCED_FACE ( 'NONE', ( #2148 ), #1752, .T. ) ;
#957 = DIRECTION ( 'NONE',  ( -1.000000000000000000, 0.000000000000000000, 0.000000000000000000 ) ) ;
#958 = DIRECTION ( 'NONE',  ( 1.000000000000000000, 0.000000000000000000, 0.000000000000000000 ) ) ;
#959 = DIRECTION ( 'NONE',  ( -1.000000000000000000, -0.000000000000000000, -0.000000000000000000 ) ) ;
#960 = CIRCLE ( 'NONE', #4066, 11.19999999999999751 ) ;
#961 = CYLINDRICAL_SURFACE ( 'NONE', #2576, 11.19999999999999929 ) ;
#962 = CYLINDRICAL_SURFACE ( 'NONE', #2012, 11.19999999999999929 ) ;
#963 = ORIENTED_EDGE ( 'NONE', *, *, #1633, .F. ) ;
#964 = ORIENTED_EDGE ( 'NONE', *, *, #2852, .T. ) ;
#965 = CARTESIAN_POINT ( 'NONE',  ( 7.000000000000000888, 25.08127967860449914, -16.45993346534611135 ) ) ;
#966 = CARTESIAN_POINT ( 'NONE',  ( 7.000000000000000888, 0.000000000000000000, 0.000000000000000000 ) ) ;
#967 = DIRECTION ( 'NONE',  ( -1.000000000000000000, 0.000000000000000000, -0.000000000000000000 ) ) ;
#968 = ORIENTED_EDGE ( 'NONE', *, *, #4140, .F. ) ;
#969 = ORIENTED_EDGE ( 'NONE', *, *, #1055, .T. ) ;
#970 = EDGE_CURVE ( 'NONE', #1504, #1933, #2125, .T. ) ;
#971 = ORIENTED_EDGE ( 'NONE', *, *, #2751, .T. ) ;
#972 = DIRECTION ( 'NONE',  ( -1.000000000000000000, 0.000000000000000000, 0.000000000000000000 ) ) ;
#973 = ORIENTED_EDGE ( 'NONE', *, *, #1840, .T. ) ;
#974 = ORIENTED_EDGE ( 'NONE', *, *, #2853, .F. ) ;
#975 = CARTESIAN_POINT ( 'NONE',  ( 0.000000000000000000, 25.08127967860449559, -16.45993346534611135 ) ) ;
#976 = FACE_OUTER_BOUND ( 'NONE', #2029, .T. ) ;
#977 = DIRECTION ( 'NONE',  ( -1.000000000000000000, 0.000000000000000000, 0.000000000000000000 ) ) ;
#978 = CARTESIAN_POINT ( 'NONE',  ( 7.000000000000000888, 11.94175267147995889, -23.44533994287237988 ) ) ;
#979 = CARTESIAN_POINT ( 'NONE',  ( 7.000000000000000888, 0.000000000000000000, 0.000000000000000000 ) ) ;
#980 = ORIENTED_EDGE ( 'NONE', *, *, #866, .F. ) ;
#981 = DIRECTION ( 'NONE',  ( 1.000000000000000000, 0.000000000000000000, 0.000000000000000000 ) ) ;
#982 = CARTESIAN_POINT ( 'NONE',  ( 7.000000000000000888, -23.36143195072531498, 10.21971125872106434 ) ) ;
#983 = VERTEX_POINT ( 'NONE', #3601 ) ;
#984 = CIRCLE ( 'NONE', #3281, 11.20000000000000107 ) ;
#985 = CIRCLE ( 'NONE', #2923, 30.00000000000000000 ) ;
#986 = AXIS2_PLACEMENT_3D ( 'NONE', #644, #2768, #2741 ) ;
#987 = CARTESIAN_POINT ( 'NONE',  ( 0.000000000000000000, -24.63658872236502617, -6.575522574292942402 ) ) ;
#988 = AXIS2_PLACEMENT_3D ( 'NONE', #1599, #2592, #3746 ) ;
#989 = DIRECTION ( 'NONE',  ( 0.000000000000000000, 0.000000000000000000, -1.000000000000000000 ) ) ;
#990 = ORIENTED_EDGE ( 'NONE', *, *, #2515, .F. ) ;
#991 = AXIS2_PLACEMENT_3D ( 'NONE', #3961, #460, #3619 ) ;
#992 = VERTEX_POINT ( 'NONE', #390 ) ;
#993 = AXIS2_PLACEMENT_3D ( 'NONE', #1314, #1995, #650 ) ;
#994 = ADVANCED_FACE ( 'NONE', ( #3527 ), #2906, .T. ) ;
#995 = CYLINDRICAL_SURFACE ( 'NONE', #2969, 11.20000000000000107 ) ;
#996 = EDGE_CURVE ( 'NONE', #2901, #3336, #1848, .T. ) ;
#997 = DIRECTION ( 'NONE',  ( -1.000000000000000000, -0.000000000000000000, -0.000000000000000000 ) ) ;
#998 = CIRCLE ( 'NONE', #4254, 30.00000000000000000 ) ;
#999 = CARTESIAN_POINT ( 'NONE',  ( -23.00000000000001421, 0.000000000000000000, 0.000000000000000000 ) ) ;
#1000 = EDGE_CURVE ( 'NONE', #767, #1038, #2593, .T. ) ;
#1001 = DIRECTION ( 'NONE',  ( -1.000000000000000000, -0.000000000000000000, -0.000000000000000000 ) ) ;
#1002 = CARTESIAN_POINT ( 'NONE',  ( 7.000000000000000888, 23.44533994287250422, 11.94175267147971198 ) ) ;
#1003 = DIRECTION ( 'NONE',  ( -1.000000000000000000, 0.000000000000000000, -0.000000000000000000 ) ) ;
#1004 = EDGE_CURVE ( 'NONE', #64, #3336, #1192, .T. ) ;
#1005 = DIRECTION ( 'NONE',  ( 1.000000000000000000, -0.000000000000000000, 0.000000000000000000 ) ) ;
#1006 = VERTEX_POINT ( 'NONE', #2466 ) ;
#1007 = ORIENTED_EDGE ( 'NONE', *, *, #170, .T. ) ;
#1008 = ORIENTED_EDGE ( 'NONE', *, *, #4562, .T. ) ;
#1009 = DIRECTION ( 'NONE',  ( -1.000000000000000000, 0.000000000000000000, -0.000000000000000000 ) ) ;
#1010 = AXIS2_PLACEMENT_3D ( 'NONE', #254, #2425, #4494 ) ;
#1011 = VECTOR ( 'NONE', #4156, 1000.000000000000000 ) ;
#1012 = DIRECTION ( 'NONE',  ( 0.000000000000000000, 0.000000000000000000, 1.000000000000000000 ) ) ;
#1013 = FACE_OUTER_BOUND ( 'NONE', #2140, .T. ) ;
#1014 = CARTESIAN_POINT ( 'NONE',  ( 0.000000000000000000, -25.48208943086008915, -0.9285037628615885330 ) ) ;
#1015 = AXIS2_PLACEMENT_3D ( 'NONE', #1867, #2659, #4080 ) ;
#1016 = EDGE_LOOP ( 'NONE', ( #287, #2795, #652, #2039 ) ) ;
#1017 = VERTEX_POINT ( 'NONE', #1383 ) ;
#1018 = ORIENTED_EDGE ( 'NONE', *, *, #2443, .F. ) ;
#1019 = CARTESIAN_POINT ( 'NONE',  ( 0.000000000000000000, 25.51480627843078608, 4.774730941213854329 ) ) ;
#1020 = EDGE_CURVE ( 'NONE', #676, #1364, #2302, .T. ) ;
#1021 = DIRECTION ( 'NONE',  ( 0.000000000000000000, -0.2225209339563015420, -0.9749279121818265059 ) ) ;
#1022 = DIRECTION ( 'NONE',  ( -1.000000000000000000, 0.000000000000000000, 0.000000000000000000 ) ) ;
#1023 = CARTESIAN_POINT ( 'NONE',  ( 0.000000000000000000, 10.46613878911928808, 28.11511939947778771 ) ) ;
#1024 = VERTEX_POINT ( 'NONE', #3891 ) ;
#1025 = ORIENTED_EDGE ( 'NONE', *, *, #2546, .T. ) ;
#1026 = CYLINDRICAL_SURFACE ( 'NONE', #1976, 25.49899999999999523 ) ;
#1027 = DIRECTION ( 'NONE',  ( 0.000000000000000000, 0.7818314824680268060, 0.6234898018587372581 ) ) ;
#1028 = ADVANCED_FACE ( 'NONE', ( #3553 ), #373, .T. ) ;
#1029 = CIRCLE ( 'NONE', #4209, 11.20000000000000107 ) ;
#1030 = ORIENTED_EDGE ( 'NONE', *, *, #223, .F. ) ;
#1031 = DIRECTION ( 'NONE',  ( -1.000000000000000000, -0.000000000000000000, -0.000000000000000000 ) ) ;
#1032 = DIRECTION ( 'NONE',  ( 1.000000000000000000, -0.000000000000000000, -0.000000000000000000 ) ) ;
#1033 = AXIS2_PLACEMENT_3D ( 'NONE', #4567, #2811, #4220 ) ;
#1034 = CARTESIAN_POINT ( 'NONE',  ( 7.000000000000000888, -6.425269058786235554, 25.51480627843076476 ) ) ;
#1035 = DIRECTION ( 'NONE',  ( 0.000000000000000000, 0.000000000000000000, -1.000000000000000000 ) ) ;
#1036 = ORIENTED_EDGE ( 'NONE', *, *, #1855, .F. ) ;
#1037 = EDGE_CURVE ( 'NONE', #3892, #1345, #1431, .T. ) ;
#1038 = VERTEX_POINT ( 'NONE', #4299 ) ;
#1039 = VERTEX_POINT ( 'NONE', #4351 ) ;
#1040 = ORIENTED_EDGE ( 'NONE', *, *, #4359, .T. ) ;
#1041 = DIRECTION ( 'NONE',  ( -1.000000000000000000, 0.000000000000000000, 0.000000000000000000 ) ) ;
#1042 = CARTESIAN_POINT ( 'NONE',  ( -10.00000000000000000, 0.000000000000000000, 0.000000000000000000 ) ) ;
#1043 = DIRECTION ( 'NONE',  ( 1.000000000000000000, 0.000000000000000000, 0.000000000000000000 ) ) ;
#1044 = VERTEX_POINT ( 'NONE', #3314 ) ;
#1045 = CARTESIAN_POINT ( 'NONE',  ( 7.000000000000000888, -5.281492161082465664, -25.77586589148986107 ) ) ;
#1046 = DIRECTION ( 'NONE',  ( 0.000000000000000000, 0.000000000000000000, 1.000000000000000000 ) ) ;
#1047 = ORIENTED_EDGE ( 'NONE', *, *, #2853, .T. ) ;
#1048 = DIRECTION ( 'NONE',  ( 0.000000000000000000, -0.9749279121818257288, 0.2225209339563049560 ) ) ;
#1049 = EDGE_CURVE ( 'NONE', #2786, #3415, #319, .T. ) ;
#1050 = DIRECTION ( 'NONE',  ( -1.000000000000000000, 0.000000000000000000, 0.000000000000000000 ) ) ;
#1051 = DIRECTION ( 'NONE',  ( -1.000000000000000000, -0.000000000000000000, -0.000000000000000000 ) ) ;
#1052 = DIRECTION ( 'NONE',  ( 0.000000000000000000, 0.000000000000000000, 1.000000000000000000 ) ) ;
#1053 = AXIS2_PLACEMENT_3D ( 'NONE', #2345, #3772, #1648 ) ;
#1054 = DIRECTION ( 'NONE',  ( 0.000000000000000000, 0.7818314824680311359, -0.6234898018587319291 ) ) ;
#1055 = EDGE_CURVE ( 'NONE', #1714, #1628, #2837, .T. ) ;
#1056 = EDGE_LOOP ( 'NONE', ( #1743, #301, #2883, #3196 ) ) ;
#1057 = AXIS2_PLACEMENT_3D ( 'NONE', #4291, #3589, #763 ) ;
#1058 = VERTEX_POINT ( 'NONE', #135 ) ;
#1059 = DIRECTION ( 'NONE',  ( 0.000000000000000000, 0.000000000000000000, 1.000000000000000000 ) ) ;
#1060 = CIRCLE ( 'NONE', #1200, 11.19999999999999929 ) ;
#1061 = CARTESIAN_POINT ( 'NONE',  ( 0.000000000000000000, 0.000000000000000000, 0.000000000000000000 ) ) ;
#1062 = VERTEX_POINT ( 'NONE', #3712 ) ;
#1063 = AXIS2_PLACEMENT_3D ( 'NONE', #1128, #505, #2930 ) ;
#1064 = DIRECTION ( 'NONE',  ( 0.000000000000000000, 0.000000000000000000, 1.000000000000000000 ) ) ;
#1065 = ORIENTED_EDGE ( 'NONE', *, *, #445, .F. ) ;
#1066 = CARTESIAN_POINT ( 'NONE',  ( 7.000000000000000888, 16.85942694080891258, -20.20022636336465283 ) ) ;
#1067 = ORIENTED_EDGE ( 'NONE', *, *, #2864, .T. ) ;
#1068 = DIRECTION ( 'NONE',  ( 0.000000000000000000, -0.9749279121818257288, 0.2225209339563049560 ) ) ;
#1069 = VERTEX_POINT ( 'NONE', #3646 ) ;
#1070 = VERTEX_POINT ( 'NONE', #462 ) ;
#1071 = DIRECTION ( 'NONE',  ( -1.000000000000000000, 0.000000000000000000, 0.000000000000000000 ) ) ;
#1072 = EDGE_LOOP ( 'NONE', ( #1959, #1643, #3714, #2878 ) ) ;
#1073 = AXIS2_PLACEMENT_3D ( 'NONE', #4172, #252, #4149 ) ;
#1074 = DIRECTION ( 'NONE',  ( 0.000000000000000000, 0.000000000000000000, 1.000000000000000000 ) ) ;
#1075 = CARTESIAN_POINT ( 'NONE',  ( 7.000000000000000888, 0.000000000000000000, 0.000000000000000000 ) ) ;
#1076 = ADVANCED_FACE ( 'NONE', ( #4053 ), #2600, .T. ) ;
#1077 = CARTESIAN_POINT ( 'NONE',  ( 7.000000000000000888, 0.000000000000000000, 0.000000000000000000 ) ) ;
#1078 = CARTESIAN_POINT ( 'NONE',  ( 7.000000000000000000, 8.000000000000000000, 0.000000000000000000 ) ) ;
#1079 = ORIENTED_EDGE ( 'NONE', *, *, #3320, .F. ) ;
#1080 = AXIS2_PLACEMENT_3D ( 'NONE', #3019, #1964, #3678 ) ;
#1081 = CIRCLE ( 'NONE', #3683, 11.20000000000000107 ) ;
#1082 = ORIENTED_EDGE ( 'NONE', *, *, #4058, .F. ) ;
#1083 = ORIENTED_EDGE ( 'NONE', *, *, #3488, .T. ) ;
#1084 = EDGE_CURVE ( 'NONE', #2185, #4287, #2959, .T. ) ;
#1085 = CIRCLE ( 'NONE', #2629, 11.19999999999999929 ) ;
#1086 = LINE ( 'NONE', #4256, #3147 ) ;
#1087 = EDGE_CURVE ( 'NONE', #2569, #698, #3422, .T. ) ;
#1088 = ORIENTED_EDGE ( 'NONE', *, *, #694, .F. ) ;
#1089 = DIRECTION ( 'NONE',  ( 0.000000000000000000, -0.9009688679024142610, -0.4338837391175685010 ) ) ;
#1090 = VECTOR ( 'NONE', #253, 1000.000000000000000 ) ;
#1091 = DIRECTION ( 'NONE',  ( -1.000000000000000000, -0.000000000000000000, -0.000000000000000000 ) ) ;
#1092 = FACE_OUTER_BOUND ( 'NONE', #2925, .T. ) ;
#1093 = AXIS2_PLACEMENT_3D ( 'NONE', #364, #2201, #60 ) ;
#1094 = ORIENTED_EDGE ( 'NONE', *, *, #1569, .T. ) ;
#1095 = DIRECTION ( 'NONE',  ( -1.000000000000000000, -0.000000000000000000, 0.000000000000000000 ) ) ;
#1096 = VERTEX_POINT ( 'NONE', #883 ) ;
#1097 = CARTESIAN_POINT ( 'NONE',  ( 7.000000000000000000, 3.061616997868383141E-16, 2.500000000000000000 ) ) ;
#1098 = EDGE_CURVE ( 'NONE', #2650, #1928, #1154, .T. ) ;
#1099 = VERTEX_POINT ( 'NONE', #2564 ) ;
#1100 = ORIENTED_EDGE ( 'NONE', *, *, #911, .F. ) ;
#1101 = CARTESIAN_POINT ( 'NONE',  ( 0.000000000000000000, 25.51480627843070437, 6.425269058786490461 ) ) ;
#1102 = AXIS2_PLACEMENT_3D ( 'NONE', #2615, #4041, #2268 ) ;
#1103 = DIRECTION ( 'NONE',  ( 0.000000000000000000, 0.6234898018587294866, 0.7818314824680331343 ) ) ;
#1104 = CARTESIAN_POINT ( 'NONE',  ( 0.000000000000000000, 0.000000000000000000, 25.49899999999999523 ) ) ;
#1105 = CARTESIAN_POINT ( 'NONE',  ( 0.000000000000000000, 0.000000000000000000, 0.000000000000000000 ) ) ;
#1106 = ORIENTED_EDGE ( 'NONE', *, *, #3926, .T. ) ;
#1107 = AXIS2_PLACEMENT_3D ( 'NONE', #1611, #556, #1956 ) ;
#1108 = ORIENTED_EDGE ( 'NONE', *, *, #4050, .F. ) ;
#1109 = DIRECTION ( 'NONE',  ( -1.000000000000000000, 0.000000000000000000, 0.000000000000000000 ) ) ;
#1110 = EDGE_CURVE ( 'NONE', #4570, #3087, #2235, .T. ) ;
#1111 = CARTESIAN_POINT ( 'NONE',  ( 7.000000000000000888, -6.575522574292524958, -24.63658872236513631 ) ) ;
#1112 = EDGE_LOOP ( 'NONE', ( #948, #2060, #3345, #3131 ) ) ;
#1113 = CIRCLE ( 'NONE', #1694, 11.19999999999999929 ) ;
#1114 = CYLINDRICAL_SURFACE ( 'NONE', #30, 30.00000000000000000 ) ;
#1115 = DIRECTION ( 'NONE',  ( -1.000000000000000000, 0.000000000000000000, 0.000000000000000000 ) ) ;
#1116 = EDGE_CURVE ( 'NONE', #1539, #2130, #1931, .T. ) ;
#1117 = DIRECTION ( 'NONE',  ( -1.000000000000000000, 0.000000000000000000, -0.000000000000000000 ) ) ;
#1118 = CYLINDRICAL_SURFACE ( 'NONE', #620, 25.49899999999999523 ) ;
#1119 = DIRECTION ( 'NONE',  ( -1.000000000000000000, 0.000000000000000000, 0.000000000000000000 ) ) ;
#1120 = ORIENTED_EDGE ( 'NONE', *, *, #117, .T. ) ;
#1121 = EDGE_CURVE ( 'NONE', #1188, #1207, #3990, .T. ) ;
#1122 = DIRECTION ( 'NONE',  ( -1.000000000000000000, -0.000000000000000000, -0.000000000000000000 ) ) ;
#1123 = CYLINDRICAL_SURFACE ( 'NONE', #1224, 11.20000000000000107 ) ;
#1124 = DIRECTION ( 'NONE',  ( -1.000000000000000000, 0.000000000000000000, -0.000000000000000000 ) ) ;
#1125 = VERTEX_POINT ( 'NONE', #1834 ) ;
#1126 = ORIENTED_EDGE ( 'NONE', *, *, #2150, .F. ) ;
#1127 = CIRCLE ( 'NONE', #3515, 25.49899999999999878 ) ;
#1128 = CARTESIAN_POINT ( 'NONE',  ( -10.00000000000000000, 0.000000000000000000, 0.000000000000000000 ) ) ;
#1129 = CARTESIAN_POINT ( 'NONE',  ( 0.000000000000000000, 8.000000000000000000, -1.600000000000000311 ) ) ;
#1130 = DIRECTION ( 'NONE',  ( 0.000000000000000000, 0.000000000000000000, 1.000000000000000000 ) ) ;
#1131 = AXIS2_PLACEMENT_3D ( 'NONE', #3286, #4023, #3719 ) ;
#1132 = DIRECTION ( 'NONE',  ( 0.000000000000000000, 0.000000000000000000, 1.000000000000000000 ) ) ;
#1133 = ADVANCED_FACE ( 'NONE', ( #488 ), #2539, .F. ) ;
#1134 = CIRCLE ( 'NONE', #2307, 30.00000000000000000 ) ;
#1135 = DIRECTION ( 'NONE',  ( 0.000000000000000000, 0.000000000000000000, -1.000000000000000000 ) ) ;
#1136 = CYLINDRICAL_SURFACE ( 'NONE', #1723, 30.00000000000000000 ) ;
#1137 = AXIS2_PLACEMENT_3D ( 'NONE', #3290, #2561, #3618 ) ;
#1138 = AXIS2_PLACEMENT_3D ( 'NONE', #3318, #467, #848 ) ;
#1139 = ORIENTED_EDGE ( 'NONE', *, *, #4392, .T. ) ;
#1140 = AXIS2_PLACEMENT_3D ( 'NONE', #2294, #3725, #3074 ) ;
#1141 = DIRECTION ( 'NONE',  ( 0.000000000000000000, -7.124757133476173122E-15, 1.000000000000000000 ) ) ;
#1142 = EDGE_CURVE ( 'NONE', #2675, #1759, #2586, .T. ) ;
#1143 = DIRECTION ( 'NONE',  ( 0.000000000000000000, 0.7818314824680311359, -0.6234898018587319291 ) ) ;
#1144 = DIRECTION ( 'NONE',  ( -1.000000000000000000, -0.000000000000000000, -0.000000000000000000 ) ) ;
#1145 = ORIENTED_EDGE ( 'NONE', *, *, #3828, .F. ) ;
#1146 = CARTESIAN_POINT ( 'NONE',  ( 0.000000000000000000, -3.947528211215960869, -29.73914963514682697 ) ) ;
#1147 = ORIENTED_EDGE ( 'NONE', *, *, #2693, .F. ) ;
#1148 = ORIENTED_EDGE ( 'NONE', *, *, #4234, .F. ) ;
#1149 = ADVANCED_FACE ( 'NONE', ( #863 ), #2994, .T. ) ;
#1150 = CARTESIAN_POINT ( 'NONE',  ( 0.000000000000000000, -15.45575468000508579, -25.71224702882851076 ) ) ;
#1151 = AXIS2_PLACEMENT_3D ( 'NONE', #680, #2758, #328 ) ;
#1152 = AXIS2_PLACEMENT_3D ( 'NONE', #1042, #2513, #393 ) ;
#1153 = ORIENTED_EDGE ( 'NONE', *, *, #1750, .F. ) ;
#1154 = LINE ( 'NONE', #1856, #2457 ) ;
#1155 = AXIS2_PLACEMENT_3D ( 'NONE', #3506, #958, #4466 ) ;
#1156 = AXIS2_PLACEMENT_3D ( 'NONE', #341, #2019, #1994 ) ;
#1157 = DIRECTION ( 'NONE',  ( -1.000000000000000000, 0.000000000000000000, -0.000000000000000000 ) ) ;
#1158 = CIRCLE ( 'NONE', #730, 11.20000000000000107 ) ;
#1159 = CYLINDRICAL_SURFACE ( 'NONE', #586, 11.19999999999999929 ) ;
#1160 = ORIENTED_EDGE ( 'NONE', *, *, #476, .F. ) ;
#1161 = DIRECTION ( 'NONE',  ( -1.000000000000000000, 0.000000000000000000, 0.000000000000000000 ) ) ;
#1162 = ORIENTED_EDGE ( 'NONE', *, *, #348, .F. ) ;
#1163 = AXIS2_PLACEMENT_3D ( 'NONE', #2412, #3836, #668 ) ;
#1164 = FACE_OUTER_BOUND ( 'NONE', #1971, .T. ) ;
#1165 = DIRECTION ( 'NONE',  ( -1.000000000000000000, 0.000000000000000000, -0.000000000000000000 ) ) ;
#1166 = DIRECTION ( 'NONE',  ( -1.000000000000000000, -0.000000000000000000, 0.000000000000000000 ) ) ;
#1167 = ADVANCED_FACE ( 'NONE', ( #4396 ), #1215, .T. ) ;
#1168 = ADVANCED_FACE ( 'NONE', ( #1926 ), #3352, .T. ) ;
#1169 = DIRECTION ( 'NONE',  ( -1.000000000000000000, 0.000000000000000000, 0.000000000000000000 ) ) ;
#1170 = ORIENTED_EDGE ( 'NONE', *, *, #2872, .T. ) ;
#1171 = CARTESIAN_POINT ( 'NONE',  ( 3.500000000000000444, -25.71224702882823721, -15.45575468000553343 ) ) ;
#1172 = ORIENTED_EDGE ( 'NONE', *, *, #2557, .F. ) ;
#1173 = EDGE_LOOP ( 'NONE', ( #1232, #3076, #569, #4049 ) ) ;
#1174 = DIRECTION ( 'NONE',  ( -1.000000000000000000, -0.000000000000000000, -0.000000000000000000 ) ) ;
#1175 = CARTESIAN_POINT ( 'NONE',  ( 7.000000000000000888, 20.93169914448949243, 15.94218908519855837 ) ) ;
#1176 = ORIENTED_EDGE ( 'NONE', *, *, #375, .F. ) ;
#1177 = DIRECTION ( 'NONE',  ( 0.000000000000000000, 0.000000000000000000, 1.000000000000000000 ) ) ;
#1178 = EDGE_CURVE ( 'NONE', #4255, #3850, #2413, .T. ) ;
#1179 = LINE ( 'NONE', #1528, #3769 ) ;
#1180 = CARTESIAN_POINT ( 'NONE',  ( 0.000000000000000000, 0.000000000000000000, 0.000000000000000000 ) ) ;
#1181 = CARTESIAN_POINT ( 'NONE',  ( 7.000000000000000888, 0.000000000000000000, 0.000000000000000000 ) ) ;
#1182 = CARTESIAN_POINT ( 'NONE',  ( 0.000000000000000000, 0.000000000000000000, 0.000000000000000000 ) ) ;
#1183 = DIRECTION ( 'NONE',  ( -1.000000000000000000, 0.000000000000000000, 0.000000000000000000 ) ) ;
#1184 = CARTESIAN_POINT ( 'NONE',  ( 0.000000000000000000, 20.20022636336504718, -16.85942694080844007 ) ) ;
#1185 = EDGE_LOOP ( 'NONE', ( #2234, #485, #1172, #2100 ) ) ;
#1186 = EDGE_CURVE ( 'NONE', #2833, #2650, #4532, .T. ) ;
#1187 = DIRECTION ( 'NONE',  ( 0.000000000000000000, 0.000000000000000000, -1.000000000000000000 ) ) ;
#1188 = VERTEX_POINT ( 'NONE', #3031 ) ;
#1189 = ORIENTED_EDGE ( 'NONE', *, *, #4475, .F. ) ;
#1190 = EDGE_CURVE ( 'NONE', #3415, #1565, #3518, .T. ) ;
#1191 = LINE ( 'NONE', #797, #627 ) ;
#1192 = CIRCLE ( 'NONE', #914, 11.19999999999999929 ) ;
#1193 = EDGE_CURVE ( 'NONE', #2840, #1628, #1398, .T. ) ;
#1194 = CARTESIAN_POINT ( 'NONE',  ( 7.000000000000000888, 0.9285037628616775729, -25.48208943086008560 ) ) ;
#1195 = AXIS2_PLACEMENT_3D ( 'NONE', #3885, #385, #1401 ) ;
#1196 = AXIS2_PLACEMENT_3D ( 'NONE', #4228, #926, #3881 ) ;
#1197 = CARTESIAN_POINT ( 'NONE',  ( 7.000000000000000888, 0.000000000000000000, 0.000000000000000000 ) ) ;
#1198 = DIRECTION ( 'NONE',  ( -1.000000000000000000, 0.000000000000000000, -0.000000000000000000 ) ) ;
#1199 = AXIS2_PLACEMENT_3D ( 'NONE', #3790, #613, #3490 ) ;
#1200 = AXIS2_PLACEMENT_3D ( 'NONE', #427, #3537, #2497 ) ;
#1201 =( LENGTH_UNIT ( ) NAMED_UNIT ( * ) SI_UNIT ( .MILLI., .METRE. ) );
#1202 = DIRECTION ( 'NONE',  ( -1.000000000000000000, -0.000000000000000000, -0.000000000000000000 ) ) ;
#1203 = CARTESIAN_POINT ( 'NONE',  ( 7.000000000000000888, -20.93169914448959545, 15.94218908519841271 ) ) ;
#1204 = AXIS2_PLACEMENT_3D ( 'NONE', #2147, #87, #2535 ) ;
#1205 = DIRECTION ( 'NONE',  ( -1.000000000000000000, 0.000000000000000000, -0.000000000000000000 ) ) ;
#1206 = CYLINDRICAL_SURFACE ( 'NONE', #651, 25.49899999999999523 ) ;
#1207 = VERTEX_POINT ( 'NONE', #2771 ) ;
#1208 = LINE ( 'NONE', #894, #1570 ) ;
#1209 = ORIENTED_EDGE ( 'NONE', *, *, #1000, .F. ) ;
#1210 = EDGE_LOOP ( 'NONE', ( #2753, #3026, #2433, #3959 ) ) ;
#1211 = EDGE_CURVE ( 'NONE', #2949, #1283, #4575, .T. ) ;
#1212 = ORIENTED_EDGE ( 'NONE', *, *, #2005, .F. ) ;
#1213 = CIRCLE ( 'NONE', #1799, 1.600000000000002531 ) ;
#1214 = DIRECTION ( 'NONE',  ( 0.000000000000000000, 0.000000000000000000, 1.000000000000000000 ) ) ;
#1215 = CYLINDRICAL_SURFACE ( 'NONE', #2757, 11.19999999999999929 ) ;
#1216 = CIRCLE ( 'NONE', #3162, 11.19999999999999929 ) ;
#1217 = DIRECTION ( 'NONE',  ( -1.000000000000000000, -0.000000000000000000, 0.000000000000000000 ) ) ;
#1218 = VERTEX_POINT ( 'NONE', #3757 ) ;
#1219 = MECHANICAL_DESIGN_GEOMETRIC_PRESENTATION_REPRESENTATION (  '', ( #925 ), #721 ) ;
#1220 = ORIENTED_EDGE ( 'NONE', *, *, #3538, .F. ) ;
#1221 = CIRCLE ( 'NONE', #1453, 11.19999999999999929 ) ;
#1222 = CARTESIAN_POINT ( 'NONE',  ( 7.000000000000000888, 0.000000000000000000, 0.000000000000000000 ) ) ;
#1223 = LINE ( 'NONE', #1595, #646 ) ;
#1224 = AXIS2_PLACEMENT_3D ( 'NONE', #3283, #2524, #4342 ) ;
#1225 = DIRECTION ( 'NONE',  ( 0.000000000000000000, 0.000000000000000000, 1.000000000000000000 ) ) ;
#1226 = CARTESIAN_POINT ( 'NONE',  ( 7.000000000000000888, 20.20022636336504718, -16.85942694080844007 ) ) ;
#1227 = LINE ( 'NONE', #2643, #1574 ) ;
#1228 = EDGE_CURVE ( 'NONE', #3107, #950, #3837, .T. ) ;
#1229 = CIRCLE ( 'NONE', #2493, 11.20000000000000107 ) ;
#1230 = CARTESIAN_POINT ( 'NONE',  ( 0.000000000000000000, 0.000000000000000000, 0.000000000000000000 ) ) ;
#1231 = VECTOR ( 'NONE', #4381, 1000.000000000000000 ) ;
#1232 = ORIENTED_EDGE ( 'NONE', *, *, #2732, .F. ) ;
#1233 = CARTESIAN_POINT ( 'NONE',  ( 7.000000000000000888, 19.34378712898091734, -16.61375636358833319 ) ) ;
#1234 = CARTESIAN_POINT ( 'NONE',  ( 0.000000000000000000, 0.9285037628613247440, 25.48208943086009981 ) ) ;
#1235 = DIRECTION ( 'NONE',  ( -1.000000000000000000, 0.000000000000000000, -0.000000000000000000 ) ) ;
#1236 = ORIENTED_EDGE ( 'NONE', *, *, #4096, .T. ) ;
#1237 = CARTESIAN_POINT ( 'NONE',  ( 0.000000000000000000, -21.62835834692429415, -20.78975986434258516 ) ) ;
#1238 = AXIS2_PLACEMENT_3D ( 'NONE', #3999, #2223, #4405 ) ;
#1239 = EDGE_CURVE ( 'NONE', #1058, #262, #2004, .T. ) ;
#1240 = ORIENTED_EDGE ( 'NONE', *, *, #2282, .F. ) ;
#1241 = CARTESIAN_POINT ( 'NONE',  ( 0.000000000000000000, 15.94218908519877687, -20.93169914448931479 ) ) ;
#1242 = ORIENTED_EDGE ( 'NONE', *, *, #3469, .F. ) ;
#1243 = VECTOR ( 'NONE', #2171, 1000.000000000000000 ) ;
#1244 = CARTESIAN_POINT ( 'NONE',  ( 3.499999999999999556, -2.769027914639648813, 29.87193472823523166 ) ) ;
#1245 = DIRECTION ( 'NONE',  ( 0.000000000000000000, -0.7818314824680352437, 0.6234898018587267110 ) ) ;
#1246 = EDGE_CURVE ( 'NONE', #329, #2292, #2672, .T. ) ;
#1247 = DIRECTION ( 'NONE',  ( 0.000000000000000000, 0.000000000000000000, 1.000000000000000000 ) ) ;
#1248 = LINE ( 'NONE', #874, #3962 ) ;
#1249 = DIRECTION ( 'NONE',  ( -1.000000000000000000, 0.000000000000000000, 0.000000000000000000 ) ) ;
#1250 = DIRECTION ( 'NONE',  ( 0.000000000000000000, 0.000000000000000000, 1.000000000000000000 ) ) ;
#1251 = ADVANCED_FACE ( 'NONE', ( #4074 ), #1257, .T. ) ;
#1252 = EDGE_CURVE ( 'NONE', #1713, #1058, #4308, .T. ) ;
#1253 = CARTESIAN_POINT ( 'NONE',  ( 7.000000000000000888, 29.87193472823524232, -2.769027914639546673 ) ) ;
#1254 = DIRECTION ( 'NONE',  ( -1.000000000000000000, -0.000000000000000000, -0.000000000000000000 ) ) ;
#1255 = DIRECTION ( 'NONE',  ( 1.000000000000000000, 0.000000000000000000, 0.000000000000000000 ) ) ;
#1256 = ADVANCED_BREP_SHAPE_REPRESENTATION ( 'ELP-0041-1', ( #4362, #3165 ), #50 ) ;
#1257 = CYLINDRICAL_SURFACE ( 'NONE', #3799, 11.19999999999999929 ) ;
#1258 = ORIENTED_EDGE ( 'NONE', *, *, #2989, .T. ) ;
#1259 = ORIENTED_EDGE ( 'NONE', *, *, #927, .T. ) ;
#1260 = CARTESIAN_POINT ( 'NONE',  ( 0.000000000000000000, -29.87193472823522100, -2.769027914639754950 ) ) ;
#1261 = EDGE_CURVE ( 'NONE', #532, #1317, #3583, .T. ) ;
#1262 = FACE_OUTER_BOUND ( 'NONE', #189, .T. ) ;
#1263 = CYLINDRICAL_SURFACE ( 'NONE', #57, 11.20000000000000107 ) ;
#1264 = AXIS2_PLACEMENT_3D ( 'NONE', #1344, #3175, #3123 ) ;
#1265 = CARTESIAN_POINT ( 'NONE',  ( 3.500000000000000444, -21.62835834692457837, 20.78975986434229739 ) ) ;
#1266 = CARTESIAN_POINT ( 'NONE',  ( 7.000000000000000888, -3.947528211216360994, 29.73914963514678078 ) ) ;
#1267 = CARTESIAN_POINT ( 'NONE',  ( 0.000000000000000000, 0.000000000000000000, 0.000000000000000000 ) ) ;
#1268 = LINE ( 'NONE', #3362, #1427 ) ;
#1269 = AXIS2_PLACEMENT_3D ( 'NONE', #3906, #1742, #2181 ) ;
#1270 = VECTOR ( 'NONE', #4418, 1000.000000000000000 ) ;
#1271 = ORIENTED_EDGE ( 'NONE', *, *, #1450, .T. ) ;
#1272 = CYLINDRICAL_SURFACE ( 'NONE', #1639, 25.49899999999999523 ) ;
#1273 = AXIS2_PLACEMENT_3D ( 'NONE', #475, #4107, #2341 ) ;
#1274 = ORIENTED_EDGE ( 'NONE', *, *, #1084, .T. ) ;
#1275 = CARTESIAN_POINT ( 'NONE',  ( 3.500000000000000444, 21.62835834692472403, -20.78975986434213752 ) ) ;
#1276 = CARTESIAN_POINT ( 'NONE',  ( 0.000000000000000000, 0.000000000000000000, 0.000000000000000000 ) ) ;
#1277 = EDGE_CURVE ( 'NONE', #2432, #4273, #1717, .T. ) ;
#1278 = ORIENTED_EDGE ( 'NONE', *, *, #3326, .T. ) ;
#1279 = DIRECTION ( 'NONE',  ( -1.000000000000000000, -0.000000000000000000, -0.000000000000000000 ) ) ;
#1280 = VECTOR ( 'NONE', #159, 1000.000000000000000 ) ;
#1281 = CARTESIAN_POINT ( 'NONE',  ( 7.000000000000000000, -8.000000000000000000, -1.600000000000000089 ) ) ;
#1282 = ORIENTED_EDGE ( 'NONE', *, *, #3677, .T. ) ;
#1283 = VERTEX_POINT ( 'NONE', #1627 ) ;
#1284 = DIRECTION ( 'NONE',  ( 0.000000000000000000, 0.2225209339563080368, 0.9749279121818250626 ) ) ;
#1285 = DIRECTION ( 'NONE',  ( 0.000000000000000000, 0.000000000000000000, 1.000000000000000000 ) ) ;
#1286 = DIRECTION ( 'NONE',  ( -1.000000000000000000, -0.000000000000000000, 0.000000000000000000 ) ) ;
#1287 = FACE_OUTER_BOUND ( 'NONE', #4574, .T. ) ;
#1288 = ORIENTED_EDGE ( 'NONE', *, *, #1979, .T. ) ;
#1289 = DIRECTION ( 'NONE',  ( -1.000000000000000000, -0.000000000000000000, -0.000000000000000000 ) ) ;
#1290 = AXIS2_PLACEMENT_3D ( 'NONE', #173, #214, #3621 ) ;
#1291 = EDGE_CURVE ( 'NONE', #512, #3789, #985, .T. ) ;
#1292 = ORIENTED_EDGE ( 'NONE', *, *, #3013, .F. ) ;
#1293 = AXIS2_PLACEMENT_3D ( 'NONE', #4314, #1144, #2553 ) ;
#1294 = EDGE_CURVE ( 'NONE', #3179, #2832, #1785, .T. ) ;
#1295 = DIRECTION ( 'NONE',  ( -1.000000000000000000, 0.000000000000000000, -0.000000000000000000 ) ) ;
#1296 = AXIS2_PLACEMENT_3D ( 'NONE', #2796, #4207, #1803 ) ;
#1297 = DIRECTION ( 'NONE',  ( -1.000000000000000000, -0.000000000000000000, 0.000000000000000000 ) ) ;
#1298 = ORIENTED_EDGE ( 'NONE', *, *, #397, .T. ) ;
#1299 = VERTEX_POINT ( 'NONE', #1372 ) ;
#1300 = EDGE_CURVE ( 'NONE', #3745, #2462, #4384, .T. ) ;
#1301 = DIRECTION ( 'NONE',  ( -1.000000000000000000, 0.000000000000000000, -0.000000000000000000 ) ) ;
#1302 = ORIENTED_EDGE ( 'NONE', *, *, #2238, .T. ) ;
#1303 = CIRCLE ( 'NONE', #2273, 11.20000000000000107 ) ;
#1304 = CARTESIAN_POINT ( 'NONE',  ( 7.000000000000000888, -10.21971125872098085, -23.36143195072535050 ) ) ;
#1305 = DIRECTION ( 'NONE',  ( 0.000000000000000000, 0.000000000000000000, 1.000000000000000000 ) ) ;
#1306 = DIRECTION ( 'NONE',  ( 0.000000000000000000, 0.7818314824680269171, 0.6234898018587371471 ) ) ;
#1307 = DIRECTION ( 'NONE',  ( -1.000000000000000000, -0.000000000000000000, 0.000000000000000000 ) ) ;
#1308 = ORIENTED_EDGE ( 'NONE', *, *, #2322, .F. ) ;
#1309 = CARTESIAN_POINT ( 'NONE',  ( 7.000000000000000888, 16.85942694080864257, 20.20022636336488020 ) ) ;
#1310 = CARTESIAN_POINT ( 'NONE',  ( 7.000000000000000888, -24.63658872236511499, 6.575522574292599565 ) ) ;
#1311 = VERTEX_POINT ( 'NONE', #4208 ) ;
#1312 = EDGE_CURVE ( 'NONE', #3402, #1701, #3544, .T. ) ;
#1313 = CARTESIAN_POINT ( 'NONE',  ( 7.000000000000000888, 0.000000000000000000, 0.000000000000000000 ) ) ;
#1314 = CARTESIAN_POINT ( 'NONE',  ( 7.000000000000000888, 11.94175267147995889, -23.44533994287237988 ) ) ;
#1315 = DIRECTION ( 'NONE',  ( -1.000000000000000000, -0.000000000000000000, -0.000000000000000000 ) ) ;
#1316 = EDGE_CURVE ( 'NONE', #1335, #3849, #2116, .T. ) ;
#1317 = VERTEX_POINT ( 'NONE', #1237 ) ;
#1318 = ORIENTED_EDGE ( 'NONE', *, *, #3641, .F. ) ;
#1319 = ADVANCED_FACE ( 'NONE', ( #2651 ), #3374, .F. ) ;
#1320 = ORIENTED_EDGE ( 'NONE', *, *, #4498, .T. ) ;
#1321 = DIRECTION ( 'NONE',  ( -1.000000000000000000, 0.000000000000000000, 0.000000000000000000 ) ) ;
#1322 = FACE_OUTER_BOUND ( 'NONE', #3776, .T. ) ;
#1323 = VERTEX_POINT ( 'NONE', #3634 ) ;
#1324 = EDGE_LOOP ( 'NONE', ( #1518, #2958, #3980, #1008 ) ) ;
#1325 = ORIENTED_EDGE ( 'NONE', *, *, #2488, .F. ) ;
#1326 = AXIS2_PLACEMENT_3D ( 'NONE', #327, #1774, #3183 ) ;
#1327 = CARTESIAN_POINT ( 'NONE',  ( 0.000000000000000000, 0.000000000000000000, 0.000000000000000000 ) ) ;
#1328 = FACE_OUTER_BOUND ( 'NONE', #4067, .T. ) ;
#1329 = CARTESIAN_POINT ( 'NONE',  ( 3.500000000000000444, 20.78975986434266687, -21.62835834692421244 ) ) ;
#1330 = CARTESIAN_POINT ( 'NONE',  ( 0.000000000000000000, -6.425269058785890053, -25.51480627843085003 ) ) ;
#1331 = CARTESIAN_POINT ( 'NONE',  ( 10.00000000000000000, 8.000000000000000000, 0.000000000000000000 ) ) ;
#1332 = CARTESIAN_POINT ( 'NONE',  ( 7.000000000000000888, 0.000000000000000000, 0.000000000000000000 ) ) ;
#1333 = AXIS2_PLACEMENT_3D ( 'NONE', #3628, #2889, #1068 ) ;
#1334 = VERTEX_POINT ( 'NONE', #811 ) ;
#1335 = VERTEX_POINT ( 'NONE', #39 ) ;
#1336 = DIRECTION ( 'NONE',  ( -1.000000000000000000, 0.000000000000000000, 0.000000000000000000 ) ) ;
#1337 = VERTEX_POINT ( 'NONE', #409 ) ;
#1338 = CIRCLE ( 'NONE', #3420, 30.00000000000000000 ) ;
#1339 = VECTOR ( 'NONE', #507, 1000.000000000000000 ) ;
#1340 = DIRECTION ( 'NONE',  ( -1.000000000000000000, 0.000000000000000000, 0.000000000000000000 ) ) ;
#1341 = DIRECTION ( 'NONE',  ( -1.000000000000000000, 0.000000000000000000, -0.000000000000000000 ) ) ;
#1342 = AXIS2_PLACEMENT_3D ( 'NONE', #1075, #3908, #2503 ) ;
#1343 = DIRECTION ( 'NONE',  ( -1.000000000000000000, 0.000000000000000000, -0.000000000000000000 ) ) ;
#1344 = CARTESIAN_POINT ( 'NONE',  ( 0.000000000000000000, -25.77586589148976870, -5.281492161082904424 ) ) ;
#1345 = VERTEX_POINT ( 'NONE', #1445 ) ;
#1346 = EDGE_CURVE ( 'NONE', #4188, #1703, #1420, .T. ) ;
#1347 = EDGE_CURVE ( 'NONE', #1451, #3393, #4270, .T. ) ;
#1348 = AXIS2_PLACEMENT_3D ( 'NONE', #464, #1676, #3424 ) ;
#1349 = AXIS2_PLACEMENT_3D ( 'NONE', #1864, #3300, #747 ) ;
#1350 = VERTEX_POINT ( 'NONE', #2845 ) ;
#1351 = EDGE_LOOP ( 'NONE', ( #2027, #3512, #4240, #1547 ) ) ;
#1352 = CIRCLE ( 'NONE', #1435, 11.20000000000000107 ) ;
#1353 = ORIENTED_EDGE ( 'NONE', *, *, #996, .F. ) ;
#1354 = LINE ( 'NONE', #3129, #3704 ) ;
#1355 = ORIENTED_EDGE ( 'NONE', *, *, #3242, .F. ) ;
#1356 = ADVANCED_FACE ( 'NONE', ( #2871 ), #4248, .T. ) ;
#1357 = CARTESIAN_POINT ( 'NONE',  ( 7.000000000000000888, 0.000000000000000000, 0.000000000000000000 ) ) ;
#1358 = AXIS2_PLACEMENT_3D ( 'NONE', #1555, #853, #2614 ) ;
#1359 = CARTESIAN_POINT ( 'NONE',  ( 0.000000000000000000, -8.000000000000000000, 0.000000000000000000 ) ) ;
#1360 = DIRECTION ( 'NONE',  ( 0.000000000000000000, 0.000000000000000000, 1.000000000000000000 ) ) ;
#1361 = CARTESIAN_POINT ( 'NONE',  ( 7.000000000000000888, -29.73914963514676302, -3.947528211216466687 ) ) ;
#1362 = ORIENTED_EDGE ( 'NONE', *, *, #1502, .T. ) ;
#1363 = DIRECTION ( 'NONE',  ( -1.000000000000000000, 0.000000000000000000, -0.000000000000000000 ) ) ;
#1364 = VERTEX_POINT ( 'NONE', #3928 ) ;
#1365 = CARTESIAN_POINT ( 'NONE',  ( 0.000000000000000000, 0.000000000000000000, 0.000000000000000000 ) ) ;
#1366 = ORIENTED_EDGE ( 'NONE', *, *, #1413, .T. ) ;
#1367 = EDGE_LOOP ( 'NONE', ( #1094, #2928, #2825, #1517 ) ) ;
#1368 = CIRCLE ( 'NONE', #4477, 25.49899999999999523 ) ;
#1369 = FACE_OUTER_BOUND ( 'NONE', #2501, .T. ) ;
#1370 = EDGE_CURVE ( 'NONE', #1703, #281, #103, .T. ) ;
#1371 = CARTESIAN_POINT ( 'NONE',  ( 10.00000000000000000, 8.000000000000000000, 1.600000000000000311 ) ) ;
#1372 = CARTESIAN_POINT ( 'NONE',  ( 7.000000000000000888, -20.78975986434221923, -21.62835834692465653 ) ) ;
#1373 = CIRCLE ( 'NONE', #799, 30.00000000000000000 ) ;
#1374 = VECTOR ( 'NONE', #813, 1000.000000000000000 ) ;
#1375 = CARTESIAN_POINT ( 'NONE',  ( 7.000000000000000888, 25.51480627843078608, -6.425269058786144960 ) ) ;
#1376 = AXIS2_PLACEMENT_3D ( 'NONE', #1968, #4431, #3657 ) ;
#1377 = ORIENTED_EDGE ( 'NONE', *, *, #1370, .F. ) ;
#1378 = EDGE_LOOP ( 'NONE', ( #684, #36, #1651, #3294 ) ) ;
#1379 = AXIS2_PLACEMENT_3D ( 'NONE', #38, #2917, #2480 ) ;
#1380 = ORIENTED_EDGE ( 'NONE', *, *, #1121, .T. ) ;
#1381 = DIRECTION ( 'NONE',  ( 0.000000000000000000, -0.9009688679024142610, -0.4338837391175684455 ) ) ;
#1382 = VERTEX_POINT ( 'NONE', #876 ) ;
#1383 = CARTESIAN_POINT ( 'NONE',  ( 0.000000000000000000, 28.11511939947790140, -10.46613878911898610 ) ) ;
#1384 = ORIENTED_EDGE ( 'NONE', *, *, #3717, .F. ) ;
#1385 = EDGE_CURVE ( 'NONE', #269, #3059, #2166, .T. ) ;
#1386 = AXIS2_PLACEMENT_3D ( 'NONE', #2662, #1895, #1598 ) ;
#1387 = ORIENTED_EDGE ( 'NONE', *, *, #940, .T. ) ;
#1388 = DIRECTION ( 'NONE',  ( 0.000000000000000000, 0.000000000000000000, -1.000000000000000000 ) ) ;
#1389 = ORIENTED_EDGE ( 'NONE', *, *, #2197, .F. ) ;
#1390 = DIRECTION ( 'NONE',  ( 0.000000000000000000, 0.000000000000000000, 1.000000000000000000 ) ) ;
#1391 = AXIS2_PLACEMENT_3D ( 'NONE', #2474, #3919, #1480 ) ;
#1392 = EDGE_CURVE ( 'NONE', #2091, #780, #700, .T. ) ;
#1393 = ORIENTED_EDGE ( 'NONE', *, *, #4376, .T. ) ;
#1394 = CIRCLE ( 'NONE', #744, 25.49899999999999167 ) ;
#1395 = CARTESIAN_POINT ( 'NONE',  ( 0.000000000000000000, 8.000000000000000000, 0.000000000000000000 ) ) ;
#1396 = EDGE_LOOP ( 'NONE', ( #1715, #2486, #696, #707 ) ) ;
#1397 = ORIENTED_EDGE ( 'NONE', *, *, #1589, .T. ) ;
#1398 = LINE ( 'NONE', #1952, #99 ) ;
#1399 = ADVANCED_FACE ( 'NONE', ( #209 ), #912, .T. ) ;
#1400 = DIRECTION ( 'NONE',  ( -1.000000000000000000, 0.000000000000000000, 0.000000000000000000 ) ) ;
#1401 = DIRECTION ( 'NONE',  ( 0.000000000000000000, -0.7818314824680221431, -0.6234898018587431423 ) ) ;
#1402 = ORIENTED_EDGE ( 'NONE', *, *, #2913, .F. ) ;
#1403 = ORIENTED_EDGE ( 'NONE', *, *, #400, .T. ) ;
#1404 = DIRECTION ( 'NONE',  ( -1.000000000000000000, -0.000000000000000000, -0.000000000000000000 ) ) ;
#1405 = ORIENTED_EDGE ( 'NONE', *, *, #2557, .T. ) ;
#1406 = DIRECTION ( 'NONE',  ( 0.000000000000000000, 0.000000000000000000, -1.000000000000000000 ) ) ;
#1407 = CARTESIAN_POINT ( 'NONE',  ( 3.499999999999999556, -3.947528211215960869, -29.73914963514682697 ) ) ;
#1408 = DIRECTION ( 'NONE',  ( 0.000000000000000000, -0.4338837391175651703, 0.9009688679024158153 ) ) ;
#1409 = ORIENTED_EDGE ( 'NONE', *, *, #380, .F. ) ;
#1410 = ORIENTED_EDGE ( 'NONE', *, *, #1739, .F. ) ;
#1411 = CARTESIAN_POINT ( 'NONE',  ( 0.000000000000000000, 0.000000000000000000, -8.000000000000000000 ) ) ;
#1412 = ORIENTED_EDGE ( 'NONE', *, *, #4562, .F. ) ;
#1413 = EDGE_CURVE ( 'NONE', #2730, #598, #3730, .T. ) ;
#1414 = DIRECTION ( 'NONE',  ( -1.000000000000000000, 0.000000000000000000, -0.000000000000000000 ) ) ;
#1415 = ORIENTED_EDGE ( 'NONE', *, *, #3562, .T. ) ;
#1416 = ORIENTED_EDGE ( 'NONE', *, *, #1840, .F. ) ;
#1417 = LINE ( 'NONE', #2453, #3142 ) ;
#1418 = ORIENTED_EDGE ( 'NONE', *, *, #1826, .T. ) ;
#1419 = DIRECTION ( 'NONE',  ( 0.000000000000000000, 0.6234898018587294866, 0.7818314824680331343 ) ) ;
#1420 = LINE ( 'NONE', #2202, #3661 ) ;
#1421 = CARTESIAN_POINT ( 'NONE',  ( 0.000000000000000000, 0.000000000000000000, -2.500000000000000000 ) ) ;
#1422 = AXIS2_PLACEMENT_3D ( 'NONE', #3472, #292, #4116 ) ;
#1423 = CARTESIAN_POINT ( 'NONE',  ( 7.000000000000000888, 0.000000000000000000, 0.000000000000000000 ) ) ;
#1424 = VECTOR ( 'NONE', #2975, 1000.000000000000000 ) ;
#1425 = ORIENTED_EDGE ( 'NONE', *, *, #1432, .F. ) ;
#1426 = CIRCLE ( 'NONE', #3055, 1.600000000000000311 ) ;
#1427 = VECTOR ( 'NONE', #3341, 1000.000000000000000 ) ;
#1428 = CARTESIAN_POINT ( 'NONE',  ( 10.00000000000000000, -8.000000000000000000, 0.000000000000000000 ) ) ;
#1429 = DIRECTION ( 'NONE',  ( 1.000000000000000000, 0.000000000000000000, 0.000000000000000000 ) ) ;
#1430 = CIRCLE ( 'NONE', #1333, 11.19999999999999929 ) ;
#1431 = LINE ( 'NONE', #3963, #844 ) ;
#1432 = EDGE_CURVE ( 'NONE', #4118, #4253, #1268, .T. ) ;
#1433 = AXIS2_PLACEMENT_3D ( 'NONE', #2445, #3869, #3531 ) ;
#1434 = CARTESIAN_POINT ( 'NONE',  ( 0.000000000000000000, 0.000000000000000000, 0.000000000000000000 ) ) ;
#1435 = AXIS2_PLACEMENT_3D ( 'NONE', #2138, #34, #1441 ) ;
#1436 = CARTESIAN_POINT ( 'NONE',  ( -23.00000000000001421, 2.000000000000000000, -1.500000000000000222 ) ) ;
#1437 = CARTESIAN_POINT ( 'NONE',  ( 0.000000000000000000, -16.61375636358840779, -19.34378712898085340 ) ) ;
#1438 = VECTOR ( 'NONE', #4040, 1000.000000000000000 ) ;
#1439 = EDGE_LOOP ( 'NONE', ( #2618, #2838, #1030, #4077 ) ) ;
#1440 = ORIENTED_EDGE ( 'NONE', *, *, #347, .T. ) ;
#1441 = DIRECTION ( 'NONE',  ( 0.000000000000000000, 0.000000000000000000, -1.000000000000000000 ) ) ;
#1442 = FACE_BOUND ( 'NONE', #3, .T. ) ;
#1443 = EDGE_LOOP ( 'NONE', ( #4158, #1741, #358, #179 ) ) ;
#1444 = LINE ( 'NONE', #2502, #354 ) ;
#1445 = CARTESIAN_POINT ( 'NONE',  ( 7.000000000000000000, 2.000000000000000000, 1.500000000000000222 ) ) ;
#1446 = EDGE_CURVE ( 'NONE', #4273, #2747, #3061, .T. ) ;
#1447 = DIRECTION ( 'NONE',  ( 0.000000000000000000, 0.000000000000000000, 1.000000000000000000 ) ) ;
#1448 = ORIENTED_EDGE ( 'NONE', *, *, #4469, .F. ) ;
#1449 = VECTOR ( 'NONE', #2639, 1000.000000000000000 ) ;
#1450 = EDGE_CURVE ( 'NONE', #1688, #2484, #1942, .T. ) ;
#1451 = VERTEX_POINT ( 'NONE', #2691 ) ;
#1452 = ORIENTED_EDGE ( 'NONE', *, *, #2331, .F. ) ;
#1453 = AXIS2_PLACEMENT_3D ( 'NONE', #679, #2080, #1730 ) ;
#1454 = CARTESIAN_POINT ( 'NONE',  ( 0.000000000000000000, 0.000000000000000000, 0.000000000000000000 ) ) ;
#1455 = LINE ( 'NONE', #3243, #1712 ) ;
#1456 = DIRECTION ( 'NONE',  ( -1.000000000000000000, 0.000000000000000000, 0.000000000000000000 ) ) ;
#1457 = CIRCLE ( 'NONE', #1326, 11.19999999999999929 ) ;
#1458 = CARTESIAN_POINT ( 'NONE',  ( 0.000000000000000000, -23.36143195072517287, -10.21971125872138586 ) ) ;
#1459 = EDGE_CURVE ( 'NONE', #2721, #3892, #2682, .T. ) ;
#1460 = CARTESIAN_POINT ( 'NONE',  ( 7.000000000000000888, 20.93169914448970914, -15.94218908519826705 ) ) ;
#1461 = FACE_BOUND ( 'NONE', #213, .T. ) ;
#1462 = DIRECTION ( 'NONE',  ( -1.000000000000000000, 0.000000000000000000, -0.000000000000000000 ) ) ;
#1463 = CARTESIAN_POINT ( 'NONE',  ( 10.00000000000000000, 1.959434878635767449E-16, 6.399999999999998579 ) ) ;
#1464 = ORIENTED_EDGE ( 'NONE', *, *, #970, .T. ) ;
#1465 = FACE_OUTER_BOUND ( 'NONE', #2572, .T. ) ;
#1466 = AXIS2_PLACEMENT_3D ( 'NONE', #1267, #307, #1710 ) ;
#1467 = CARTESIAN_POINT ( 'NONE',  ( 7.000000000000000888, -15.45575468000544284, 25.71224702882829405 ) ) ;
#1468 = EDGE_LOOP ( 'NONE', ( #4437, #234, #841, #4401 ) ) ;
#1469 = AXIS2_PLACEMENT_3D ( 'NONE', #137, #1550, #2588 ) ;
#1470 = EDGE_CURVE ( 'NONE', #3854, #3184, #2844, .T. ) ;
#1471 = VERTEX_POINT ( 'NONE', #1872 ) ;
#1472 = DIRECTION ( 'NONE',  ( -1.000000000000000000, 0.000000000000000000, -0.000000000000000000 ) ) ;
#1473 = CARTESIAN_POINT ( 'NONE',  ( 0.000000000000000000, -16.61375636358866359, 19.34378712898063668 ) ) ;
#1474 = ORIENTED_EDGE ( 'NONE', *, *, #1116, .F. ) ;
#1475 = DIRECTION ( 'NONE',  ( 1.000000000000000000, 0.000000000000000000, 0.000000000000000000 ) ) ;
#1476 = EDGE_CURVE ( 'NONE', #1674, #2372, #3354, .T. ) ;
#1477 = DIRECTION ( 'NONE',  ( -1.000000000000000000, 0.000000000000000000, 0.000000000000000000 ) ) ;
#1478 = CARTESIAN_POINT ( 'NONE',  ( 7.000000000000000888, -5.281492161082465664, -25.77586589148986107 ) ) ;
#1479 = CARTESIAN_POINT ( 'NONE',  ( 0.000000000000000000, 0.000000000000000000, 9.600000000000003197 ) ) ;
#1480 = DIRECTION ( 'NONE',  ( 0.000000000000000000, -1.000000000000000000, -1.053224967557347345E-14 ) ) ;
#1481 = ORIENTED_EDGE ( 'NONE', *, *, #3538, .T. ) ;
#1482 = CARTESIAN_POINT ( 'NONE',  ( -10.00000000000000000, 0.000000000000000000, 0.000000000000000000 ) ) ;
#1483 = DIRECTION ( 'NONE',  ( -1.000000000000000000, -0.000000000000000000, -0.000000000000000000 ) ) ;
#1484 = CARTESIAN_POINT ( 'NONE',  ( 7.000000000000000888, 25.48208943086009626, 0.9285037628614106753 ) ) ;
#1485 = ADVANCED_FACE ( 'NONE', ( #3022 ), #856, .T. ) ;
#1486 = DIRECTION ( 'NONE',  ( 0.000000000000000000, 0.000000000000000000, 1.000000000000000000 ) ) ;
#1487 = ORIENTED_EDGE ( 'NONE', *, *, #3945, .T. ) ;
#1488 = LINE ( 'NONE', #793, #3797 ) ;
#1489 = ORIENTED_EDGE ( 'NONE', *, *, #1246, .T. ) ;
#1490 = EDGE_LOOP ( 'NONE', ( #990, #2204, #3260, #2084 ) ) ;
#1491 = ORIENTED_EDGE ( 'NONE', *, *, #694, .T. ) ;
#1492 = CIRCLE ( 'NONE', #1053, 11.20000000000000107 ) ;
#1493 = EDGE_LOOP ( 'NONE', ( #1649, #4021, #2448, #1824 ) ) ;
#1494 = FACE_OUTER_BOUND ( 'NONE', #2920, .T. ) ;
#1495 = ORIENTED_EDGE ( 'NONE', *, *, #259, .T. ) ;
#1496 = DIRECTION ( 'NONE',  ( -1.000000000000000000, -0.000000000000000000, 0.000000000000000000 ) ) ;
#1497 = CIRCLE ( 'NONE', #3214, 1.600000000000002531 ) ;
#1498 = VECTOR ( 'NONE', #4031, 1000.000000000000000 ) ;
#1499 = CARTESIAN_POINT ( 'NONE',  ( 10.00000000000000000, 0.000000000000000000, 8.000000000000000000 ) ) ;
#1500 = CIRCLE ( 'NONE', #2843, 30.00000000000000000 ) ;
#1501 = AXIS2_PLACEMENT_3D ( 'NONE', #685, #2085, #3509 ) ;
#1502 = EDGE_CURVE ( 'NONE', #4046, #3317, #564, .T. ) ;
#1503 = DIRECTION ( 'NONE',  ( -1.000000000000000000, 0.000000000000000000, 0.000000000000000000 ) ) ;
#1504 = VERTEX_POINT ( 'NONE', #3304 ) ;
#1505 = VERTEX_POINT ( 'NONE', #144 ) ;
#1506 = FACE_BOUND ( 'NONE', #4057, .T. ) ;
#1507 = CIRCLE ( 'NONE', #4098, 30.00000000000000000 ) ;
#1508 = EDGE_CURVE ( 'NONE', #274, #3779, #544, .T. ) ;
#1509 = AXIS2_PLACEMENT_3D ( 'NONE', #2903, #4297, #2489 ) ;
#1510 = AXIS2_PLACEMENT_3D ( 'NONE', #3793, #215, #3371 ) ;
#1511 = DIRECTION ( 'NONE',  ( -1.000000000000000000, 0.000000000000000000, -0.000000000000000000 ) ) ;
#1512 = DIRECTION ( 'NONE',  ( -1.000000000000000000, -0.000000000000000000, -0.000000000000000000 ) ) ;
#1513 = ORIENTED_EDGE ( 'NONE', *, *, #445, .T. ) ;
#1514 = AXIS2_PLACEMENT_3D ( 'NONE', #2056, #4442, #2709 ) ;
#1515 = EDGE_CURVE ( 'NONE', #1678, #524, #4243, .T. ) ;
#1516 = DIRECTION ( 'NONE',  ( 0.000000000000000000, 0.000000000000000000, 1.000000000000000000 ) ) ;
#1517 = ORIENTED_EDGE ( 'NONE', *, *, #4196, .T. ) ;
#1518 = ORIENTED_EDGE ( 'NONE', *, *, #1246, .F. ) ;
#1519 = ORIENTED_EDGE ( 'NONE', *, *, #1142, .F. ) ;
#1520 = DIRECTION ( 'NONE',  ( 0.000000000000000000, 0.000000000000000000, 1.000000000000000000 ) ) ;
#1521 = CYLINDRICAL_SURFACE ( 'NONE', #31, 11.20000000000000107 ) ;
#1522 = AXIS2_PLACEMENT_3D ( 'NONE', #305, #3457, #1360 ) ;
#1523 = AXIS2_PLACEMENT_3D ( 'NONE', #752, #2444, #704 ) ;
#1524 = ORIENTED_EDGE ( 'NONE', *, *, #2288, .F. ) ;
#1525 = DIRECTION ( 'NONE',  ( -1.000000000000000000, 0.000000000000000000, 0.000000000000000000 ) ) ;
#1526 = AXIS2_PLACEMENT_3D ( 'NONE', #619, #1295, #2416 ) ;
#1527 = AXIS2_PLACEMENT_3D ( 'NONE', #656, #4445, #2337 ) ;
#1528 = CARTESIAN_POINT ( 'NONE',  ( 3.500000000000000444, -16.45993346534620017, -25.08127967860443874 ) ) ;
#1529 = ORIENTED_EDGE ( 'NONE', *, *, #1664, .F. ) ;
#1530 = CARTESIAN_POINT ( 'NONE',  ( 0.000000000000000000, 0.000000000000000000, 0.000000000000000000 ) ) ;
#1531 = ADVANCED_FACE ( 'NONE', ( #3681 ), #1579, .T. ) ;
#1532 = CYLINDRICAL_SURFACE ( 'NONE', #1881, 25.49899999999999523 ) ;
#1533 = EDGE_CURVE ( 'NONE', #3873, #1668, #1227, .T. ) ;
#1534 = CARTESIAN_POINT ( 'NONE',  ( 0.000000000000000000, 21.62835834692472403, -20.78975986434213752 ) ) ;
#1535 = DIRECTION ( 'NONE',  ( 0.000000000000000000, 1.000000000000000000, 3.491481338843133355E-15 ) ) ;
#1536 = EDGE_CURVE ( 'NONE', #1969, #2608, #610, .T. ) ;
#1537 = ORIENTED_EDGE ( 'NONE', *, *, #3956, .T. ) ;
#1538 = DIRECTION ( 'NONE',  ( 0.000000000000000000, 0.000000000000000000, 1.000000000000000000 ) ) ;
#1539 = VERTEX_POINT ( 'NONE', #3117 ) ;
#1540 = CARTESIAN_POINT ( 'NONE',  ( 0.000000000000000000, 6.425269058786402532, -25.51480627843072213 ) ) ;
#1541 = ORIENTED_EDGE ( 'NONE', *, *, #1855, .T. ) ;
#1542 = CIRCLE ( 'NONE', #2135, 1.600000000000000089 ) ;
#1543 = VERTEX_POINT ( 'NONE', #4520 ) ;
#1544 = VERTEX_POINT ( 'NONE', #3141 ) ;
#1545 = DIRECTION ( 'NONE',  ( 0.000000000000000000, 0.000000000000000000, 1.000000000000000000 ) ) ;
#1546 = AXIS2_PLACEMENT_3D ( 'NONE', #3358, #466, #447 ) ;
#1547 = ORIENTED_EDGE ( 'NONE', *, *, #95, .T. ) ;
#1548 = DIRECTION ( 'NONE',  ( -1.000000000000000000, -0.000000000000000000, -0.000000000000000000 ) ) ;
#1549 = CARTESIAN_POINT ( 'NONE',  ( 7.000000000000000888, 10.46613878911967710, -28.11511939947764915 ) ) ;
#1550 = DIRECTION ( 'NONE',  ( -1.000000000000000000, -0.000000000000000000, -0.000000000000000000 ) ) ;
#1551 = EDGE_LOOP ( 'NONE', ( #1878, #2583, #2742, #2429 ) ) ;
#1552 = CARTESIAN_POINT ( 'NONE',  ( 7.000000000000000888, 25.04981177135282167, 4.765074104333884009 ) ) ;
#1553 = DIRECTION ( 'NONE',  ( -1.000000000000000000, 0.000000000000000000, 0.000000000000000000 ) ) ;
#1554 =( NAMED_UNIT ( * ) SI_UNIT ( $, .STERADIAN. ) SOLID_ANGLE_UNIT ( ) );
#1555 = CARTESIAN_POINT ( 'NONE',  ( 0.000000000000000000, -25.77586589148983975, 5.281492161082555370 ) ) ;
#1556 = EDGE_CURVE ( 'NONE', #2119, #1759, #2603, .T. ) ;
#1557 = CARTESIAN_POINT ( 'NONE',  ( 0.000000000000000000, 0.000000000000000000, 0.000000000000000000 ) ) ;
#1558 = CARTESIAN_POINT ( 'NONE',  ( 7.000000000000000000, 0.000000000000000000, 0.000000000000000000 ) ) ;
#1559 = FACE_OUTER_BOUND ( 'NONE', #4368, .T. ) ;
#1560 = ORIENTED_EDGE ( 'NONE', *, *, #2443, .T. ) ;
#1561 = DIRECTION ( 'NONE',  ( 0.000000000000000000, 0.000000000000000000, 1.000000000000000000 ) ) ;
#1562 = EDGE_CURVE ( 'NONE', #4219, #2607, #1720, .T. ) ;
#1563 = ORIENTED_EDGE ( 'NONE', *, *, #3773, .F. ) ;
#1564 = ORIENTED_EDGE ( 'NONE', *, *, #4203, .T. ) ;
#1565 = VERTEX_POINT ( 'NONE', #232 ) ;
#1566 = DIRECTION ( 'NONE',  ( 0.000000000000000000, 0.000000000000000000, 1.000000000000000000 ) ) ;
#1567 = ORIENTED_EDGE ( 'NONE', *, *, #4331, .F. ) ;
#1568 = DIRECTION ( 'NONE',  ( 0.000000000000000000, 0.000000000000000000, 1.000000000000000000 ) ) ;
#1569 = EDGE_CURVE ( 'NONE', #2972, #3375, #3487, .T. ) ;
#1570 = VECTOR ( 'NONE', #523, 1000.000000000000000 ) ;
#1571 = DIRECTION ( 'NONE',  ( -1.000000000000000000, -0.000000000000000000, -0.000000000000000000 ) ) ;
#1572 = ORIENTED_EDGE ( 'NONE', *, *, #1277, .T. ) ;
#1573 = CIRCLE ( 'NONE', #2531, 11.19999999999999929 ) ;
#1574 = VECTOR ( 'NONE', #4065, 1000.000000000000000 ) ;
#1575 = LINE ( 'NONE', #3301, #1449 ) ;
#1576 = CARTESIAN_POINT ( 'NONE',  ( 0.000000000000000000, 0.000000000000000000, 0.000000000000000000 ) ) ;
#1577 = CARTESIAN_POINT ( 'NONE',  ( 7.000000000000000888, 25.48208943086009626, -0.9285037628614137839 ) ) ;
#1578 = AXIS2_PLACEMENT_3D ( 'NONE', #736, #3187, #2835 ) ;
#1579 = CYLINDRICAL_SURFACE ( 'NONE', #396, 11.19999999999999929 ) ;
#1580 = AXIS2_PLACEMENT_3D ( 'NONE', #4435, #1255, #621 ) ;
#1581 = DIRECTION ( 'NONE',  ( 0.000000000000000000, 0.6234898018587294866, 0.7818314824680331343 ) ) ;
#1582 = ORIENTED_EDGE ( 'NONE', *, *, #2654, .T. ) ;
#1583 = ORIENTED_EDGE ( 'NONE', *, *, #210, .T. ) ;
#1584 = ADVANCED_FACE ( 'NONE', ( #4152 ), #1638, .T. ) ;
#1585 = AXIS2_PLACEMENT_3D ( 'NONE', #3115, #585, #4518 ) ;
#1586 = DIRECTION ( 'NONE',  ( 0.000000000000000000, 1.000000000000000000, 3.407492542097299931E-15 ) ) ;
#1587 = DIRECTION ( 'NONE',  ( -1.000000000000000000, 0.000000000000000000, 0.000000000000000000 ) ) ;
#1588 = DIRECTION ( 'NONE',  ( 0.000000000000000000, 0.000000000000000000, -1.000000000000000000 ) ) ;
#1589 = EDGE_CURVE ( 'NONE', #2765, #329, #1134, .T. ) ;
#1590 = ORIENTED_EDGE ( 'NONE', *, *, #2230, .T. ) ;
#1591 = DIRECTION ( 'NONE',  ( -1.000000000000000000, 0.000000000000000000, 0.000000000000000000 ) ) ;
#1592 = CARTESIAN_POINT ( 'NONE',  ( 7.000000000000000888, 5.281492161083006565, -25.77586589148974383 ) ) ;
#1593 = ORIENTED_EDGE ( 'NONE', *, *, #669, .F. ) ;
#1594 = VECTOR ( 'NONE', #1923, 1000.000000000000000 ) ;
#1595 = CARTESIAN_POINT ( 'NONE',  ( 7.000000000000000888, -25.51480627843073989, 4.774730941213675806 ) ) ;
#1596 = CIRCLE ( 'NONE', #4412, 11.20000000000000107 ) ;
#1597 = CARTESIAN_POINT ( 'NONE',  ( 0.000000000000000000, -2.769027914639650589, 29.87193472823523166 ) ) ;
#1598 = DIRECTION ( 'NONE',  ( 0.000000000000000000, -0.2225209339563216093, 0.9749279121818219540 ) ) ;
#1599 = CARTESIAN_POINT ( 'NONE',  ( 7.000000000000000888, -10.88474387751583627, -23.95436854990185793 ) ) ;
#1600 = CARTESIAN_POINT ( 'NONE',  ( 0.000000000000000000, 0.000000000000000000, 0.000000000000000000 ) ) ;
#1601 = VERTEX_POINT ( 'NONE', #2791 ) ;
#1602 = LINE ( 'NONE', #3028, #4483 ) ;
#1603 = CARTESIAN_POINT ( 'NONE',  ( 3.500000000000000444, -10.46613878911947815, 28.11511939947772376 ) ) ;
#1604 = ADVANCED_FACE ( 'NONE', ( #3094 ), #2408, .T. ) ;
#1605 = AXIS2_PLACEMENT_3D ( 'NONE', #1331, #3833, #2737 ) ;
#1606 = DIRECTION ( 'NONE',  ( 1.000000000000000000, -0.000000000000000000, -0.000000000000000000 ) ) ;
#1607 = ORIENTED_EDGE ( 'NONE', *, *, #1788, .F. ) ;
#1608 = ORIENTED_EDGE ( 'NONE', *, *, #2156, .T. ) ;
#1609 = AXIS2_PLACEMENT_3D ( 'NONE', #425, #1820, #1736 ) ;
#1610 = CARTESIAN_POINT ( 'NONE',  ( 7.000000000000000888, -24.63658872236502617, -6.575522574292942402 ) ) ;
#1611 = CARTESIAN_POINT ( 'NONE',  ( 0.000000000000000000, -8.000000000000000000, 0.000000000000000000 ) ) ;
#1612 = ORIENTED_EDGE ( 'NONE', *, *, #268, .F. ) ;
#1613 = VECTOR ( 'NONE', #4076, 1000.000000000000000 ) ;
#1614 = DIRECTION ( 'NONE',  ( 1.000000000000000000, -0.000000000000000000, -0.000000000000000000 ) ) ;
#1615 = DIRECTION ( 'NONE',  ( -1.000000000000000000, 0.000000000000000000, 0.000000000000000000 ) ) ;
#1616 = CARTESIAN_POINT ( 'NONE',  ( 7.000000000000000888, 19.34378712898069708, 16.61375636358860319 ) ) ;
#1617 = DIRECTION ( 'NONE',  ( 0.000000000000000000, -0.9009688679024233648, 0.4338837391175494607 ) ) ;
#1618 = CARTESIAN_POINT ( 'NONE',  ( 7.000000000000000888, 0.000000000000000000, 0.000000000000000000 ) ) ;
#1619 = ORIENTED_EDGE ( 'NONE', *, *, #2470, .T. ) ;
#1620 = AXIS2_PLACEMENT_3D ( 'NONE', #2129, #394, #2471 ) ;
#1621 = CARTESIAN_POINT ( 'NONE',  ( 0.000000000000000000, 16.61375636358853569, 19.34378712898074326 ) ) ;
#1622 = EDGE_CURVE ( 'NONE', #4037, #4363, #1687, .T. ) ;
#1623 = ORIENTED_EDGE ( 'NONE', *, *, #2010, .F. ) ;
#1624 = FACE_OUTER_BOUND ( 'NONE', #745, .T. ) ;
#1625 = DIRECTION ( 'NONE',  ( 0.000000000000000000, -0.2225209339563016253, -0.9749279121818265059 ) ) ;
#1626 = ORIENTED_EDGE ( 'NONE', *, *, #2891, .T. ) ;
#1627 = CARTESIAN_POINT ( 'NONE',  ( 0.000000000000000000, 16.61375636358880925, -19.34378712898050878 ) ) ;
#1628 = VERTEX_POINT ( 'NONE', #4202 ) ;
#1629 = EDGE_CURVE ( 'NONE', #3759, #323, #3834, .T. ) ;
#1630 = ORIENTED_EDGE ( 'NONE', *, *, #2967, .F. ) ;
#1631 = VERTEX_POINT ( 'NONE', #3463 ) ;
#1632 = DIRECTION ( 'NONE',  ( 0.000000000000000000, 0.000000000000000000, 1.000000000000000000 ) ) ;
#1633 = EDGE_CURVE ( 'NONE', #2484, #1543, #851, .T. ) ;
#1634 = AXIS2_PLACEMENT_3D ( 'NONE', #1078, #4292, #3217 ) ;
#1635 = DIRECTION ( 'NONE',  ( 0.000000000000000000, 0.9749279121818227312, 0.2225209339563182231 ) ) ;
#1636 = DIRECTION ( 'NONE',  ( -1.000000000000000000, -0.000000000000000000, -0.000000000000000000 ) ) ;
#1637 = CARTESIAN_POINT ( 'NONE',  ( 7.000000000000000888, 23.36143195072538958, -10.21971125872089914 ) ) ;
#1638 = CYLINDRICAL_SURFACE ( 'NONE', #2241, 11.19999999999999929 ) ;
#1639 = AXIS2_PLACEMENT_3D ( 'NONE', #688, #2434, #2694 ) ;
#1640 = VECTOR ( 'NONE', #11, 1000.000000000000000 ) ;
#1641 = DIRECTION ( 'NONE',  ( 1.000000000000000000, -0.000000000000000000, -0.000000000000000000 ) ) ;
#1642 = VECTOR ( 'NONE', #4361, 1000.000000000000000 ) ;
#1643 = ORIENTED_EDGE ( 'NONE', *, *, #825, .F. ) ;
#1644 = VECTOR ( 'NONE', #437, 1000.000000000000000 ) ;
#1645 = ADVANCED_FACE ( 'NONE', ( #308 ), #282, .T. ) ;
#1646 = CARTESIAN_POINT ( 'NONE',  ( 7.000000000000000888, -16.85942694080850757, -20.20022636336499033 ) ) ;
#1647 = DIRECTION ( 'NONE',  ( -1.000000000000000000, -0.000000000000000000, -0.000000000000000000 ) ) ;
#1648 = DIRECTION ( 'NONE',  ( 0.000000000000000000, 0.000000000000000000, -1.000000000000000000 ) ) ;
#1649 = ORIENTED_EDGE ( 'NONE', *, *, #4034, .T. ) ;
#1650 = ORIENTED_EDGE ( 'NONE', *, *, #919, .T. ) ;
#1651 = ORIENTED_EDGE ( 'NONE', *, *, #37, .F. ) ;
#1652 = ORIENTED_EDGE ( 'NONE', *, *, #2437, .T. ) ;
#1653 = CARTESIAN_POINT ( 'NONE',  ( 3.500000000000000444, -15.45575468000544284, 25.71224702882829405 ) ) ;
#1654 = AXIS2_PLACEMENT_3D ( 'NONE', #2731, #2308, #2001 ) ;
#1655 = CYLINDRICAL_SURFACE ( 'NONE', #4581, 11.20000000000000107 ) ;
#1656 = ORIENTED_EDGE ( 'NONE', *, *, #1536, .F. ) ;
#1657 = ORIENTED_EDGE ( 'NONE', *, *, #786, .F. ) ;
#1658 = DIRECTION ( 'NONE',  ( 0.000000000000000000, -0.4338837391175651703, 0.9009688679024158153 ) ) ;
#1659 = CARTESIAN_POINT ( 'NONE',  ( 7.000000000000000888, 0.5865956258978912707, 26.30485368663591927 ) ) ;
#1660 = CARTESIAN_POINT ( 'NONE',  ( 7.000000000000000000, 0.000000000000000000, -6.400000000000000355 ) ) ;
#1661 = ORIENTED_EDGE ( 'NONE', *, *, #3462, .T. ) ;
#1662 = AXIS2_PLACEMENT_3D ( 'NONE', #2378, #977, #1635 ) ;
#1663 = CARTESIAN_POINT ( 'NONE',  ( 7.000000000000000888, -11.94175267147946506, -23.44533994287262857 ) ) ;
#1664 = EDGE_CURVE ( 'NONE', #1924, #3662, #2995, .T. ) ;
#1665 = AXIS2_PLACEMENT_3D ( 'NONE', #237, #4478, #314 ) ;
#1666 = ADVANCED_FACE ( 'NONE', ( #3787 ), #962, .T. ) ;
#1667 = LINE ( 'NONE', #3097, #4238 ) ;
#1668 = VERTEX_POINT ( 'NONE', #1711 ) ;
#1669 = CIRCLE ( 'NONE', #4486, 11.19999999999999929 ) ;
#1670 = DIRECTION ( 'NONE',  ( 0.000000000000000000, 0.7818314824680268060, 0.6234898018587372581 ) ) ;
#1671 = AXIS2_PLACEMENT_3D ( 'NONE', #3258, #1050, #2842 ) ;
#1672 = DIRECTION ( 'NONE',  ( 0.000000000000000000, 0.000000000000000000, 1.000000000000000000 ) ) ;
#1673 = ORIENTED_EDGE ( 'NONE', *, *, #4034, .F. ) ;
#1674 = VERTEX_POINT ( 'NONE', #257 ) ;
#1675 = VERTEX_POINT ( 'NONE', #2431 ) ;
#1676 = DIRECTION ( 'NONE',  ( 1.000000000000000000, 0.000000000000000000, 0.000000000000000000 ) ) ;
#1677 = LINE ( 'NONE', #2782, #3108 ) ;
#1678 = VERTEX_POINT ( 'NONE', #3852 ) ;
#1679 = ORIENTED_EDGE ( 'NONE', *, *, #3444, .F. ) ;
#1680 = EDGE_CURVE ( 'NONE', #2484, #323, #3510, .T. ) ;
#1681 = DIRECTION ( 'NONE',  ( -1.000000000000000000, 0.000000000000000000, 0.000000000000000000 ) ) ;
#1682 = DIRECTION ( 'NONE',  ( -1.000000000000000000, -0.000000000000000000, -0.000000000000000000 ) ) ;
#1683 = CARTESIAN_POINT ( 'NONE',  ( 7.000000000000000888, 11.94175267147963027, 23.44533994287254686 ) ) ;
#1684 = DIRECTION ( 'NONE',  ( 0.000000000000000000, -0.9749279121818212879, -0.2225209339563245237 ) ) ;
#1685 = AXIS2_PLACEMENT_3D ( 'NONE', #3381, #3035, #4440 ) ;
#1686 = FACE_OUTER_BOUND ( 'NONE', #2986, .T. ) ;
#1687 = LINE ( 'NONE', #640, #322 ) ;
#1688 = VERTEX_POINT ( 'NONE', #333 ) ;
#1689 = ADVANCED_FACE ( 'NONE', ( #1737 ), #1118, .T. ) ;
#1690 = ORIENTED_EDGE ( 'NONE', *, *, #3432, .T. ) ;
#1691 = CARTESIAN_POINT ( 'NONE',  ( 7.000000000000000888, 0.000000000000000000, 0.000000000000000000 ) ) ;
#1692 = FACE_OUTER_BOUND ( 'NONE', #4213, .T. ) ;
#1693 = ORIENTED_EDGE ( 'NONE', *, *, #4043, .F. ) ;
#1694 = AXIS2_PLACEMENT_3D ( 'NONE', #4282, #4588, #1408 ) ;
#1695 = CARTESIAN_POINT ( 'NONE',  ( 7.000000000000000888, -4.765074104333969274, 25.04981177135280390 ) ) ;
#1696 = ADVANCED_FACE ( 'NONE', ( #5 ), #3563, .T. ) ;
#1697 = CARTESIAN_POINT ( 'NONE',  ( 7.000000000000000888, 25.04981177135282167, 4.765074104333884009 ) ) ;
#1698 = ORIENTED_EDGE ( 'NONE', *, *, #2350, .T. ) ;
#1699 = ORIENTED_EDGE ( 'NONE', *, *, #380, .T. ) ;
#1700 = DIRECTION ( 'NONE',  ( 1.000000000000000000, -0.000000000000000000, -0.000000000000000000 ) ) ;
#1701 = VERTEX_POINT ( 'NONE', #1097 ) ;
#1702 = CARTESIAN_POINT ( 'NONE',  ( 0.000000000000000000, -0.9285037628611468863, -25.48208943086010692 ) ) ;
#1703 = VERTEX_POINT ( 'NONE', #1798 ) ;
#1704 = ORIENTED_EDGE ( 'NONE', *, *, #3079, .F. ) ;
#1705 = LINE ( 'NONE', #1244, #1955 ) ;
#1706 = EDGE_CURVE ( 'NONE', #241, #4073, #1060, .T. ) ;
#1707 = DIRECTION ( 'NONE',  ( -1.000000000000000000, 0.000000000000000000, 0.000000000000000000 ) ) ;
#1708 = DIRECTION ( 'NONE',  ( 0.000000000000000000, 0.000000000000000000, 1.000000000000000000 ) ) ;
#1709 = CYLINDRICAL_SURFACE ( 'NONE', #1585, 30.00000000000000000 ) ;
#1710 = DIRECTION ( 'NONE',  ( 0.000000000000000000, -0.7818314824680221431, -0.6234898018587430313 ) ) ;
#1711 = CARTESIAN_POINT ( 'NONE',  ( 0.000000000000000000, 4.765074104333798743, 25.04981177135283588 ) ) ;
#1712 = VECTOR ( 'NONE', #1109, 1000.000000000000000 ) ;
#1713 = VERTEX_POINT ( 'NONE', #2134 ) ;
#1714 = VERTEX_POINT ( 'NONE', #3252 ) ;
#1715 = ORIENTED_EDGE ( 'NONE', *, *, #4068, .F. ) ;
#1716 = AXIS2_PLACEMENT_3D ( 'NONE', #3955, #720, #1447 ) ;
#1717 = LINE ( 'NONE', #1977, #3505 ) ;
#1718 = AXIS2_PLACEMENT_3D ( 'NONE', #1761, #1071, #3924 ) ;
#1719 = CARTESIAN_POINT ( 'NONE',  ( 0.000000000000000000, 0.000000000000000000, 0.000000000000000000 ) ) ;
#1720 = CIRCLE ( 'NONE', #4312, 11.19999999999999929 ) ;
#1721 = DIRECTION ( 'NONE',  ( -1.000000000000000000, 0.000000000000000000, -0.000000000000000000 ) ) ;
#1722 = VERTEX_POINT ( 'NONE', #712 ) ;
#1723 = AXIS2_PLACEMENT_3D ( 'NONE', #1482, #4306, #1757 ) ;
#1724 = ADVANCED_FACE ( 'NONE', ( #2476 ), #2517, .T. ) ;
#1725 = ADVANCED_FACE ( 'NONE', ( #1822 ), #1136, .T. ) ;
#1726 = DIRECTION ( 'NONE',  ( 0.000000000000000000, 0.000000000000000000, 1.000000000000000000 ) ) ;
#1727 = ORIENTED_EDGE ( 'NONE', *, *, #2736, .T. ) ;
#1728 = DIRECTION ( 'NONE',  ( 1.000000000000000000, 0.000000000000000000, 0.000000000000000000 ) ) ;
#1729 = ORIENTED_EDGE ( 'NONE', *, *, #2693, .T. ) ;
#1730 = DIRECTION ( 'NONE',  ( 0.000000000000000000, 0.4338837391175525138, 0.9009688679024218105 ) ) ;
#1731 = AXIS2_PLACEMENT_3D ( 'NONE', #303, #1985, #955 ) ;
#1732 = CARTESIAN_POINT ( 'NONE',  ( 7.000000000000000888, 0.000000000000000000, 0.000000000000000000 ) ) ;
#1733 = DIRECTION ( 'NONE',  ( 0.000000000000000000, 0.000000000000000000, 1.000000000000000000 ) ) ;
#1734 = ORIENTED_EDGE ( 'NONE', *, *, #1470, .F. ) ;
#1735 = ADVANCED_FACE ( 'NONE', ( #2196 ), #28, .T. ) ;
#1736 = DIRECTION ( 'NONE',  ( 0.000000000000000000, 0.000000000000000000, 1.000000000000000000 ) ) ;
#1737 = FACE_OUTER_BOUND ( 'NONE', #3499, .T. ) ;
#1738 = ADVANCED_FACE ( 'NONE', ( #806 ), #3942, .T. ) ;
#1739 = EDGE_CURVE ( 'NONE', #1044, #1099, #1941, .T. ) ;
#1740 = CIRCLE ( 'NONE', #3230, 11.19999999999999751 ) ;
#1741 = ORIENTED_EDGE ( 'NONE', *, *, #2654, .F. ) ;
#1742 = DIRECTION ( 'NONE',  ( 1.000000000000000000, 0.000000000000000000, 0.000000000000000000 ) ) ;
#1743 = ORIENTED_EDGE ( 'NONE', *, *, #2464, .T. ) ;
#1744 = ORIENTED_EDGE ( 'NONE', *, *, #3368, .T. ) ;
#1745 = CARTESIAN_POINT ( 'NONE',  ( 3.499999999999999556, 29.73914963514684473, -3.947528211215859617 ) ) ;
#1746 = DIRECTION ( 'NONE',  ( 0.000000000000000000, 0.000000000000000000, 1.000000000000000000 ) ) ;
#1747 = AXIS2_PLACEMENT_3D ( 'NONE', #367, #411, #1486 ) ;
#1748 = ORIENTED_EDGE ( 'NONE', *, *, #2658, .F. ) ;
#1749 = CYLINDRICAL_SURFACE ( 'NONE', #782, 30.00000000000000000 ) ;
#1750 = EDGE_CURVE ( 'NONE', #983, #3284, #4027, .T. ) ;
#1751 = ORIENTED_EDGE ( 'NONE', *, *, #1788, .T. ) ;
#1752 = CYLINDRICAL_SURFACE ( 'NONE', #533, 30.00000000000000000 ) ;
#1753 = LINE ( 'NONE', #52, #3083 ) ;
#1754 = EDGE_CURVE ( 'NONE', #281, #1924, #781, .T. ) ;
#1755 = VERTEX_POINT ( 'NONE', #4242 ) ;
#1756 = DIRECTION ( 'NONE',  ( -1.000000000000000000, -0.000000000000000000, -0.000000000000000000 ) ) ;
#1757 = DIRECTION ( 'NONE',  ( 0.000000000000000000, 0.000000000000000000, 1.000000000000000000 ) ) ;
#1758 = CIRCLE ( 'NONE', #4277, 25.49899999999999523 ) ;
#1759 = VERTEX_POINT ( 'NONE', #1437 ) ;
#1760 = CIRCLE ( 'NONE', #1609, 30.00000000000000000 ) ;
#1761 = CARTESIAN_POINT ( 'NONE',  ( 7.000000000000000888, -5.281492161082812942, 25.77586589148978646 ) ) ;
#1762 = DIRECTION ( 'NONE',  ( -1.000000000000000000, -0.000000000000000000, 0.000000000000000000 ) ) ;
#1763 = DIRECTION ( 'NONE',  ( 1.000000000000000000, -0.000000000000000000, -0.000000000000000000 ) ) ;
#1764 = CARTESIAN_POINT ( 'NONE',  ( 0.000000000000000000, 20.78975986434266687, -21.62835834692421244 ) ) ;
#1765 = EDGE_CURVE ( 'NONE', #2187, #2053, #1430, .T. ) ;
#1766 = CYLINDRICAL_SURFACE ( 'NONE', #2451, 11.19999999999999929 ) ;
#1767 = ORIENTED_EDGE ( 'NONE', *, *, #402, .T. ) ;
#1768 = ORIENTED_EDGE ( 'NONE', *, *, #3894, .T. ) ;
#1769 = ORIENTED_EDGE ( 'NONE', *, *, #554, .F. ) ;
#1770 = CARTESIAN_POINT ( 'NONE',  ( 0.000000000000000000, 1.959434878635764244E-16, -9.600000000000001421 ) ) ;
#1771 = CARTESIAN_POINT ( 'NONE',  ( 7.000000000000000888, -25.51480627843073989, -6.425269058786323484 ) ) ;
#1772 = EDGE_CURVE ( 'NONE', #1218, #2188, #2316, .T. ) ;
#1773 = CYLINDRICAL_SURFACE ( 'NONE', #1152, 30.00000000000000000 ) ;
#1774 = DIRECTION ( 'NONE',  ( -1.000000000000000000, 0.000000000000000000, 0.000000000000000000 ) ) ;
#1775 = DIRECTION ( 'NONE',  ( 1.000000000000000000, -0.000000000000000000, -0.000000000000000000 ) ) ;
#1776 = CARTESIAN_POINT ( 'NONE',  ( 7.000000000000000888, -16.61375636358866359, 19.34378712898063668 ) ) ;
#1777 = EDGE_CURVE ( 'NONE', #4006, #4554, #1839, .T. ) ;
#1778 = ORIENTED_EDGE ( 'NONE', *, *, #164, .T. ) ;
#1779 = ADVANCED_FACE ( 'NONE', ( #757, #97, #1506, #401, #1461, #2942 ), #3607, .F. ) ;
#1780 = DIRECTION ( 'NONE',  ( 0.000000000000000000, 0.000000000000000000, 1.000000000000000000 ) ) ;
#1781 = ORIENTED_EDGE ( 'NONE', *, *, #2086, .T. ) ;
#1782 = CARTESIAN_POINT ( 'NONE',  ( -10.00000000000000000, 0.000000000000000000, 0.000000000000000000 ) ) ;
#1783 = DIRECTION ( 'NONE',  ( -1.000000000000000000, 0.000000000000000000, 0.000000000000000000 ) ) ;
#1784 = LINE ( 'NONE', #2922, #4530 ) ;
#1785 = CIRCLE ( 'NONE', #699, 11.19999999999999929 ) ;
#1786 = ORIENTED_EDGE ( 'NONE', *, *, #4397, .F. ) ;
#1787 = ORIENTED_EDGE ( 'NONE', *, *, #2350, .F. ) ;
#1788 = EDGE_CURVE ( 'NONE', #2163, #241, #2537, .T. ) ;
#1789 = AXIS2_PLACEMENT_3D ( 'NONE', #2155, #3229, #2912 ) ;
#1790 = CARTESIAN_POINT ( 'NONE',  ( 7.000000000000000888, -26.30485368663591572, 10.61340437410183313 ) ) ;
#1791 = AXIS2_PLACEMENT_3D ( 'NONE', #2177, #4265, #4333 ) ;
#1792 = CARTESIAN_POINT ( 'NONE',  ( 7.000000000000000888, -20.93169914448937163, -15.94218908519870048 ) ) ;
#1793 = VERTEX_POINT ( 'NONE', #1552 ) ;
#1794 = EDGE_LOOP ( 'NONE', ( #2049, #794, #4145, #4179 ) ) ;
#1795 = DIRECTION ( 'NONE',  ( -1.000000000000000000, 0.000000000000000000, 0.000000000000000000 ) ) ;
#1796 = DIRECTION ( 'NONE',  ( 1.000000000000000000, 0.000000000000000000, -0.000000000000000000 ) ) ;
#1797 = CARTESIAN_POINT ( 'NONE',  ( 7.000000000000000888, 21.62835834692443981, 20.78975986434244305 ) ) ;
#1798 = CARTESIAN_POINT ( 'NONE',  ( 7.000000000000000888, -20.78975986434250700, 21.62835834692437231 ) ) ;
#1799 = AXIS2_PLACEMENT_3D ( 'NONE', #2339, #1636, #2357 ) ;
#1800 = FACE_OUTER_BOUND ( 'NONE', #3139, .T. ) ;
#1801 = ORIENTED_EDGE ( 'NONE', *, *, #2891, .F. ) ;
#1802 = EDGE_CURVE ( 'NONE', #3606, #3854, #535, .T. ) ;
#1803 = DIRECTION ( 'NONE',  ( 0.000000000000000000, 0.9009688679024201452, -0.4338837391175559555 ) ) ;
#1804 = CARTESIAN_POINT ( 'NONE',  ( 7.000000000000000888, -23.95436854990181885, 10.88474387751592332 ) ) ;
#1805 = EDGE_CURVE ( 'NONE', #3407, #1125, #3735, .T. ) ;
#1806 = AXIS2_PLACEMENT_3D ( 'NONE', #1357, #2783, #3181 ) ;
#1807 = CARTESIAN_POINT ( 'NONE',  ( 3.499999999999999556, 28.50681627971339083, 9.346733418401703020 ) ) ;
#1808 = LINE ( 'NONE', #2118, #4088 ) ;
#1809 = EDGE_CURVE ( 'NONE', #1675, #701, #1127, .T. ) ;
#1810 = EDGE_LOOP ( 'NONE', ( #1088, #3593, #3125, #2384 ) ) ;
#1811 = VERTEX_POINT ( 'NONE', #828 ) ;
#1812 = VERTEX_POINT ( 'NONE', #3674 ) ;
#1813 = VECTOR ( 'NONE', #1169, 1000.000000000000000 ) ;
#1814 = DIRECTION ( 'NONE',  ( -1.000000000000000000, -0.000000000000000000, -0.000000000000000000 ) ) ;
#1815 = EDGE_CURVE ( 'NONE', #4037, #222, #3940, .T. ) ;
#1816 = DIRECTION ( 'NONE',  ( 0.000000000000000000, 0.6234898018587347046, -0.7818314824680289155 ) ) ;
#1817 = ORIENTED_EDGE ( 'NONE', *, *, #489, .T. ) ;
#1818 = CYLINDRICAL_SURFACE ( 'NONE', #51, 11.19999999999999929 ) ;
#1819 = CARTESIAN_POINT ( 'NONE',  ( 7.000000000000000888, -28.50681627971346543, 9.346733418401507620 ) ) ;
#1820 = DIRECTION ( 'NONE',  ( -1.000000000000000000, -0.000000000000000000, -0.000000000000000000 ) ) ;
#1821 = ORIENTED_EDGE ( 'NONE', *, *, #687, .T. ) ;
#1822 = FACE_OUTER_BOUND ( 'NONE', #758, .T. ) ;
#1823 = CYLINDRICAL_SURFACE ( 'NONE', #776, 1.599999999999999867 ) ;
#1824 = ORIENTED_EDGE ( 'NONE', *, *, #614, .T. ) ;
#1825 = DIRECTION ( 'NONE',  ( -1.000000000000000000, 0.000000000000000000, 0.000000000000000000 ) ) ;
#1826 = EDGE_CURVE ( 'NONE', #3779, #3461, #493, .T. ) ;
#1827 = VECTOR ( 'NONE', #377, 1000.000000000000000 ) ;
#1828 = FACE_OUTER_BOUND ( 'NONE', #1112, .T. ) ;
#1829 = VERTEX_POINT ( 'NONE', #3649 ) ;
#1830 = CIRCLE ( 'NONE', #4214, 30.00000000000000000 ) ;
#1831 = ORIENTED_EDGE ( 'NONE', *, *, #2437, .F. ) ;
#1832 = LINE ( 'NONE', #4322, #4390 ) ;
#1833 = ORIENTED_EDGE ( 'NONE', *, *, #1110, .T. ) ;
#1834 = CARTESIAN_POINT ( 'NONE',  ( 0.000000000000000000, 2.000000000000000000, -1.500000000000000222 ) ) ;
#1835 = CARTESIAN_POINT ( 'NONE',  ( 7.000000000000000888, 0.000000000000000000, 0.000000000000000000 ) ) ;
#1836 = FACE_OUTER_BOUND ( 'NONE', #3890, .T. ) ;
#1837 = DIRECTION ( 'NONE',  ( -1.000000000000000000, 0.000000000000000000, -0.000000000000000000 ) ) ;
#1838 = LINE ( 'NONE', #2262, #443 ) ;
#1839 = LINE ( 'NONE', #2450, #3591 ) ;
#1840 = EDGE_CURVE ( 'NONE', #2066, #3411, #2387, .T. ) ;
#1841 = DIRECTION ( 'NONE',  ( -1.000000000000000000, 0.000000000000000000, 0.000000000000000000 ) ) ;
#1842 = CARTESIAN_POINT ( 'NONE',  ( 7.000000000000000888, -11.94175267147979369, 23.44533994287246159 ) ) ;
#1843 = ORIENTED_EDGE ( 'NONE', *, *, #2217, .F. ) ;
#1844 = DIRECTION ( 'NONE',  ( -1.000000000000000000, 0.000000000000000000, 0.000000000000000000 ) ) ;
#1845 = ORIENTED_EDGE ( 'NONE', *, *, #1084, .F. ) ;
#1846 = DIRECTION ( 'NONE',  ( 1.000000000000000000, -0.000000000000000000, -0.000000000000000000 ) ) ;
#1847 = ORIENTED_EDGE ( 'NONE', *, *, #1809, .T. ) ;
#1848 = CIRCLE ( 'NONE', #3050, 30.00000000000000000 ) ;
#1849 = ORIENTED_EDGE ( 'NONE', *, *, #436, .F. ) ;
#1850 = AXIS2_PLACEMENT_3D ( 'NONE', #1423, #2184, #3237 ) ;
#1851 = CARTESIAN_POINT ( 'NONE',  ( 7.000000000000000000, 0.000000000000000000, 9.600000000000003197 ) ) ;
#1852 = CYLINDRICAL_SURFACE ( 'NONE', #921, 11.19999999999999929 ) ;
#1853 = ORIENTED_EDGE ( 'NONE', *, *, #2464, .F. ) ;
#1854 = EDGE_CURVE ( 'NONE', #3774, #3402, #2769, .T. ) ;
#1855 = EDGE_CURVE ( 'NONE', #887, #2833, #855, .T. ) ;
#1856 = CARTESIAN_POINT ( 'NONE',  ( 3.500000000000000444, 28.11511939947775218, 10.46613878911938222 ) ) ;
#1857 = VECTOR ( 'NONE', #406, 1000.000000000000000 ) ;
#1858 = VECTOR ( 'NONE', #90, 1000.000000000000000 ) ;
#1859 = DIRECTION ( 'NONE',  ( -1.000000000000000000, 0.000000000000000000, 0.000000000000000000 ) ) ;
#1860 = AXIS2_PLACEMENT_3D ( 'NONE', #4497, #4222, #2382 ) ;
#1861 = EDGE_CURVE ( 'NONE', #3054, #780, #547, .T. ) ;
#1862 = DIRECTION ( 'NONE',  ( 1.000000000000000000, 0.000000000000000000, -0.000000000000000000 ) ) ;
#1863 = ORIENTED_EDGE ( 'NONE', *, *, #2212, .T. ) ;
#1864 = CARTESIAN_POINT ( 'NONE',  ( 7.000000000000000888, 15.94218908519848199, 20.93169914448953861 ) ) ;
#1865 = ORIENTED_EDGE ( 'NONE', *, *, #1680, .F. ) ;
#1866 = CIRCLE ( 'NONE', #1137, 11.19999999999999929 ) ;
#1867 = CARTESIAN_POINT ( 'NONE',  ( 0.000000000000000000, 0.000000000000000000, 0.000000000000000000 ) ) ;
#1868 = DIRECTION ( 'NONE',  ( 0.000000000000000000, -0.7818314824680221431, -0.6234898018587430313 ) ) ;
#1869 = CIRCLE ( 'NONE', #3296, 30.00000000000000000 ) ;
#1870 = DIRECTION ( 'NONE',  ( -1.000000000000000000, -0.000000000000000000, -0.000000000000000000 ) ) ;
#1871 = DIRECTION ( 'NONE',  ( 0.000000000000000000, 0.000000000000000000, -1.000000000000000000 ) ) ;
#1872 = CARTESIAN_POINT ( 'NONE',  ( 0.000000000000000000, 28.50681627971338727, 9.346733418401704796 ) ) ;
#1873 = DIRECTION ( 'NONE',  ( -1.000000000000000000, -0.000000000000000000, 0.000000000000000000 ) ) ;
#1874 = ORIENTED_EDGE ( 'NONE', *, *, #3177, .F. ) ;
#1875 = AXIS2_PLACEMENT_3D ( 'NONE', #2946, #1165, #2574 ) ;
#1876 = LINE ( 'NONE', #167, #2677 ) ;
#1877 = ORIENTED_EDGE ( 'NONE', *, *, #661, .T. ) ;
#1878 = ORIENTED_EDGE ( 'NONE', *, *, #501, .T. ) ;
#1879 = ORIENTED_EDGE ( 'NONE', *, *, #2518, .F. ) ;
#1880 = DIRECTION ( 'NONE',  ( 0.000000000000000000, 0.000000000000000000, 1.000000000000000000 ) ) ;
#1881 = AXIS2_PLACEMENT_3D ( 'NONE', #2284, #907, #1247 ) ;
#1882 = AXIS2_PLACEMENT_3D ( 'NONE', #4560, #2884, #4236 ) ;
#1883 = ORIENTED_EDGE ( 'NONE', *, *, #3023, .F. ) ;
#1884 = CARTESIAN_POINT ( 'NONE',  ( 0.000000000000000000, 6.425269058786057030, 25.51480627843080740 ) ) ;
#1885 = AXIS2_PLACEMENT_3D ( 'NONE', #4137, #1400, #1670 ) ;
#1886 = EDGE_CURVE ( 'NONE', #4097, #1317, #2098, .T. ) ;
#1887 = AXIS2_PLACEMENT_3D ( 'NONE', #2710, #2057, #4103 ) ;
#1888 = CARTESIAN_POINT ( 'NONE',  ( 3.500000000000000444, -28.50681627971332688, -9.346733418401900195 ) ) ;
#1889 = VERTEX_POINT ( 'NONE', #1790 ) ;
#1890 = DIRECTION ( 'NONE',  ( -0.000000000000000000, 0.000000000000000000, 1.000000000000000000 ) ) ;
#1891 = EDGE_CURVE ( 'NONE', #2075, #2146, #1455, .T. ) ;
#1892 = CLOSED_SHELL ( 'NONE', ( #313, #3275, #1133, #2597, #2050, #3615, #4417, #2993, #1251, #3236, #3224, #1779, #131, #3205, #956, #44, #3693, #3033, #3801, #2907, #157, #663, #2823, #4032, #2460, #3582, #4025, #1738, #2746, #648, #3972, #3006, #334, #3280, #4258, #1725, #4453, #3777, #1735, #2552, #3883, #1076, #2802, #1645, #2153, #2668, #2430, #289, #2762, #3558, #2716, #484, #836, #1927, #1531, #3967, #1696, #2510, #2601, #494, #1584, #1604, #748, #3357, #4279, #3625, #924, #3843, #2388, #3855, #2207, #4533, #3215, #1356, #4007, #2938, #2183, #3159, #3189, #3551, #994, #1666, #3523, #2722, #3763, #4444, #2249, #4545, #410, #3465, #155, #463, #3651, #4286, #220, #3805, #2587, #1689, #3640, #849, #3298, #1724, #1028, #790, #514, #1167, #1149, #3325, #1399, #1485, #3594, #1168, #3809, #641, #4210, #3494, #1972, #3036, #3528, #260, #831, #4558, #2068, #91, #3709, #8, #1319, #3397, #3977, #4433, #3124 ) ) ;
#1893 = DIRECTION ( 'NONE',  ( 0.000000000000000000, 0.9009688679024171476, 0.4338837391175620617 ) ) ;
#1894 = DIRECTION ( 'NONE',  ( -1.000000000000000000, 0.000000000000000000, -0.000000000000000000 ) ) ;
#1895 = DIRECTION ( 'NONE',  ( -1.000000000000000000, 0.000000000000000000, 0.000000000000000000 ) ) ;
#1896 = DIRECTION ( 'NONE',  ( -1.000000000000000000, 0.000000000000000000, 0.000000000000000000 ) ) ;
#1897 = ORIENTED_EDGE ( 'NONE', *, *, #3749, .F. ) ;
#1898 = CARTESIAN_POINT ( 'NONE',  ( 0.000000000000000000, 26.30485368663591927, -0.5865956258979815319 ) ) ;
#1899 = ORIENTED_EDGE ( 'NONE', *, *, #1098, .T. ) ;
#1900 = CARTESIAN_POINT ( 'NONE',  ( 0.000000000000000000, 0.000000000000000000, -6.400000000000000355 ) ) ;
#1901 = ORIENTED_EDGE ( 'NONE', *, *, #2680, .T. ) ;
#1902 = AXIS2_PLACEMENT_3D ( 'NONE', #1066, #1117, #2910 ) ;
#1903 = EDGE_LOOP ( 'NONE', ( #3889, #4463, #714, #3548 ) ) ;
#1904 = EDGE_CURVE ( 'NONE', #1039, #743, #3356, .T. ) ;
#1905 = ORIENTED_EDGE ( 'NONE', *, *, #268, .T. ) ;
#1906 = DIRECTION ( 'NONE',  ( -1.000000000000000000, 0.000000000000000000, 0.000000000000000000 ) ) ;
#1907 = CARTESIAN_POINT ( 'NONE',  ( 7.000000000000000000, 1.959434878635764244E-16, -9.600000000000001421 ) ) ;
#1908 = AXIS2_PLACEMENT_3D ( 'NONE', #4013, #1571, #4372 ) ;
#1909 = ORIENTED_EDGE ( 'NONE', *, *, #4221, .F. ) ;
#1910 = CARTESIAN_POINT ( 'NONE',  ( 7.000000000000000888, 6.575522574292687494, 24.63658872236509723 ) ) ;
#1911 = CARTESIAN_POINT ( 'NONE',  ( 7.000000000000000888, -0.9285037628614997152, 25.48208943086009270 ) ) ;
#1912 = ORIENTED_EDGE ( 'NONE', *, *, #3956, .F. ) ;
#1913 = DIRECTION ( 'NONE',  ( 0.000000000000000000, 0.000000000000000000, 1.000000000000000000 ) ) ;
#1914 = DIRECTION ( 'NONE',  ( 0.000000000000000000, 0.2225209339563080368, 0.9749279121818250626 ) ) ;
#1915 = LINE ( 'NONE', #3302, #3221 ) ;
#1916 = DIRECTION ( 'NONE',  ( -1.000000000000000000, 0.000000000000000000, 0.000000000000000000 ) ) ;
#1917 = EDGE_CURVE ( 'NONE', #2209, #1069, #1086, .T. ) ;
#1918 = DIRECTION ( 'NONE',  ( -1.000000000000000000, 0.000000000000000000, 0.000000000000000000 ) ) ;
#1919 = ORIENTED_EDGE ( 'NONE', *, *, #4392, .F. ) ;
#1920 = FACE_OUTER_BOUND ( 'NONE', #426, .T. ) ;
#1921 = ORIENTED_EDGE ( 'NONE', *, *, #2813, .F. ) ;
#1922 = EDGE_CURVE ( 'NONE', #3478, #2447, #2509, .T. ) ;
#1923 = DIRECTION ( 'NONE',  ( -1.000000000000000000, -0.000000000000000000, -0.000000000000000000 ) ) ;
#1924 = VERTEX_POINT ( 'NONE', #1473 ) ;
#1925 = DIRECTION ( 'NONE',  ( 0.000000000000000000, -0.2225209339563216648, 0.9749279121818220650 ) ) ;
#1926 = FACE_OUTER_BOUND ( 'NONE', #1056, .T. ) ;
#1927 = ADVANCED_FACE ( 'NONE', ( #2214 ), #1852, .T. ) ;
#1928 = VERTEX_POINT ( 'NONE', #3291 ) ;
#1929 = DIRECTION ( 'NONE',  ( 0.000000000000000000, 0.000000000000000000, 1.000000000000000000 ) ) ;
#1930 = AXIS2_PLACEMENT_3D ( 'NONE', #2144, #3572, #766 ) ;
#1931 = CIRCLE ( 'NONE', #3350, 30.00000000000000000 ) ;
#1932 = FACE_OUTER_BOUND ( 'NONE', #3148, .T. ) ;
#1933 = VERTEX_POINT ( 'NONE', #1129 ) ;
#1934 = CIRCLE ( 'NONE', #2306, 25.49899999999999878 ) ;
#1935 = AXIS2_PLACEMENT_3D ( 'NONE', #2317, #2269, #3324 ) ;
#1936 = CARTESIAN_POINT ( 'NONE',  ( 0.000000000000000000, -23.95436854990167319, -10.88474387751624661 ) ) ;
#1937 = PRESENTATION_STYLE_ASSIGNMENT (( #3698 ) ) ;
#1938 = DIRECTION ( 'NONE',  ( -1.000000000000000000, 0.000000000000000000, 0.000000000000000000 ) ) ;
#1939 = CIRCLE ( 'NONE', #4394, 11.20000000000000107 ) ;
#1940 = LINE ( 'NONE', #2591, #4054 ) ;
#1941 = CIRCLE ( 'NONE', #172, 25.49899999999999523 ) ;
#1942 = LINE ( 'NONE', #4018, #1642 ) ;
#1943 = VERTEX_POINT ( 'NONE', #3643 ) ;
#1944 = CIRCLE ( 'NONE', #40, 25.49899999999999523 ) ;
#1945 = EDGE_CURVE ( 'NONE', #4142, #3705, #2122, .T. ) ;
#1946 = DIRECTION ( 'NONE',  ( -1.000000000000000000, 0.000000000000000000, 0.000000000000000000 ) ) ;
#1947 = ORIENTED_EDGE ( 'NONE', *, *, #3339, .F. ) ;
#1948 = EDGE_CURVE ( 'NONE', #3873, #2185, #2996, .T. ) ;
#1949 = CIRCLE ( 'NONE', #3155, 11.19999999999999751 ) ;
#1950 = FACE_OUTER_BOUND ( 'NONE', #612, .T. ) ;
#1951 = DIRECTION ( 'NONE',  ( 0.000000000000000000, -0.7818314824680221431, -0.6234898018587431423 ) ) ;
#1952 = CARTESIAN_POINT ( 'NONE',  ( 3.499999999999999556, -3.947528211216362770, 29.73914963514677723 ) ) ;
#1953 = VERTEX_POINT ( 'NONE', #1770 ) ;
#1954 = ORIENTED_EDGE ( 'NONE', *, *, #2630, .T. ) ;
#1955 = VECTOR ( 'NONE', #1614, 1000.000000000000000 ) ;
#1956 = DIRECTION ( 'NONE',  ( 0.000000000000000000, 0.000000000000000000, 1.000000000000000000 ) ) ;
#1957 = UNCERTAINTY_MEASURE_WITH_UNIT (LENGTH_MEASURE( 1.000000000000000082E-05 ), #1201, 'distance_accuracy_value', 'NONE');
#1958 = AXIS2_PLACEMENT_3D ( 'NONE', #3405, #1286, #376 ) ;
#1959 = ORIENTED_EDGE ( 'NONE', *, *, #251, .F. ) ;
#1960 = CIRCLE ( 'NONE', #3166, 11.19999999999999929 ) ;
#1961 = DIRECTION ( 'NONE',  ( -1.000000000000000000, 0.000000000000000000, 0.000000000000000000 ) ) ;
#1962 = EDGE_CURVE ( 'NONE', #4554, #442, #4099, .T. ) ;
#1963 = FACE_OUTER_BOUND ( 'NONE', #601, .T. ) ;
#1964 = DIRECTION ( 'NONE',  ( -1.000000000000000000, 0.000000000000000000, 0.000000000000000000 ) ) ;
#1965 = CIRCLE ( 'NONE', #1015, 30.00000000000000000 ) ;
#1966 = DIRECTION ( 'NONE',  ( -1.000000000000000000, -0.000000000000000000, -0.000000000000000000 ) ) ;
#1967 = DIRECTION ( 'NONE',  ( -1.000000000000000000, -0.000000000000000000, 0.000000000000000000 ) ) ;
#1968 = CARTESIAN_POINT ( 'NONE',  ( 7.000000000000000888, 0.000000000000000000, 0.000000000000000000 ) ) ;
#1969 = VERTEX_POINT ( 'NONE', #114 ) ;
#1970 = DIRECTION ( 'NONE',  ( -1.000000000000000000, 0.000000000000000000, 0.000000000000000000 ) ) ;
#1971 = EDGE_LOOP ( 'NONE', ( #2806, #4001, #3438, #2829 ) ) ;
#1972 = ADVANCED_FACE ( 'NONE', ( #438 ), #1521, .T. ) ;
#1973 = AXIS2_PLACEMENT_3D ( 'NONE', #1557, #4428, #2966 ) ;
#1974 = CARTESIAN_POINT ( 'NONE',  ( 7.000000000000000888, -26.30485368663591572, -0.5865956258981671612 ) ) ;
#1975 = CARTESIAN_POINT ( 'NONE',  ( 7.000000000000000888, -0.9285037628611468863, -25.48208943086010692 ) ) ;
#1976 = AXIS2_PLACEMENT_3D ( 'NONE', #4106, #1990, #3408 ) ;
#1977 = CARTESIAN_POINT ( 'NONE',  ( 7.000000000000000888, 24.63658872236507236, 6.575522574292770983 ) ) ;
#1978 = ORIENTED_EDGE ( 'NONE', *, *, #896, .T. ) ;
#1979 = EDGE_CURVE ( 'NONE', #1668, #3107, #2604, .T. ) ;
#1980 = ORIENTED_EDGE ( 'NONE', *, *, #4578, .F. ) ;
#1981 = ORIENTED_EDGE ( 'NONE', *, *, #3938, .T. ) ;
#1982 = CYLINDRICAL_SURFACE ( 'NONE', #4029, 30.00000000000000000 ) ;
#1983 = ORIENTED_EDGE ( 'NONE', *, *, #2228, .F. ) ;
#1984 = DIRECTION ( 'NONE',  ( 0.000000000000000000, 0.2225209339563080368, 0.9749279121818250626 ) ) ;
#1985 = DIRECTION ( 'NONE',  ( -1.000000000000000000, -0.000000000000000000, -0.000000000000000000 ) ) ;
#1986 = DIRECTION ( 'NONE',  ( 0.000000000000000000, -7.124757133476173122E-15, 1.000000000000000000 ) ) ;
#1987 = FACE_OUTER_BOUND ( 'NONE', #1439, .T. ) ;
#1988 = FACE_OUTER_BOUND ( 'NONE', #311, .T. ) ;
#1989 = ORIENTED_EDGE ( 'NONE', *, *, #4472, .F. ) ;
#1990 = DIRECTION ( 'NONE',  ( -1.000000000000000000, 0.000000000000000000, 0.000000000000000000 ) ) ;
#1991 = CARTESIAN_POINT ( 'NONE',  ( 3.500000000000000444, 25.08127967860449559, -16.45993346534611135 ) ) ;
#1992 = LINE ( 'NONE', #2014, #4386 ) ;
#1993 = VERTEX_POINT ( 'NONE', #3009 ) ;
#1994 = DIRECTION ( 'NONE',  ( 0.000000000000000000, 0.7818314824680310249, -0.6234898018587320401 ) ) ;
#1995 = DIRECTION ( 'NONE',  ( -1.000000000000000000, -0.000000000000000000, 0.000000000000000000 ) ) ;
#1996 = DIRECTION ( 'NONE',  ( -1.000000000000000000, 0.000000000000000000, 0.000000000000000000 ) ) ;
#1997 = ORIENTED_EDGE ( 'NONE', *, *, #554, .T. ) ;
#1998 = DIRECTION ( 'NONE',  ( 0.000000000000000000, 0.000000000000000000, 1.000000000000000000 ) ) ;
#1999 = ORIENTED_EDGE ( 'NONE', *, *, #4234, .T. ) ;
#2000 = EDGE_CURVE ( 'NONE', #2188, #4513, #3049, .T. ) ;
#2001 = DIRECTION ( 'NONE',  ( 0.000000000000000000, 1.000000000000000000, 3.491481338843133355E-15 ) ) ;
#2002 = FACE_OUTER_BOUND ( 'NONE', #1351, .T. ) ;
#2003 = AXIS2_PLACEMENT_3D ( 'NONE', #2527, #3614, #4318 ) ;
#2004 = CIRCLE ( 'NONE', #23, 11.20000000000000284 ) ;
#2005 = EDGE_CURVE ( 'NONE', #1668, #4287, #2689, .T. ) ;
#2006 = CARTESIAN_POINT ( 'NONE',  ( 3.500000000000000444, 29.87193472823523877, -2.769027914639546673 ) ) ;
#2007 = CARTESIAN_POINT ( 'NONE',  ( 7.000000000000000888, 0.000000000000000000, 0.000000000000000000 ) ) ;
#2008 = EDGE_LOOP ( 'NONE', ( #928, #2042, #2570, #3342 ) ) ;
#2009 = ORIENTED_EDGE ( 'NONE', *, *, #276, .F. ) ;
#2010 = EDGE_CURVE ( 'NONE', #2146, #3107, #3346, .T. ) ;
#2011 = DIRECTION ( 'NONE',  ( -1.000000000000000000, 0.000000000000000000, -0.000000000000000000 ) ) ;
#2012 = AXIS2_PLACEMENT_3D ( 'NONE', #2360, #3439, #1046 ) ;
#2013 = VERTEX_POINT ( 'NONE', #1907 ) ;
#2014 = CARTESIAN_POINT ( 'NONE',  ( 3.500000000000000444, 16.45993346534636714, 25.08127967860432861 ) ) ;
#2015 = AXIS2_PLACEMENT_3D ( 'NONE', #724, #1814, #3220 ) ;
#2016 = DIRECTION ( 'NONE',  ( 0.000000000000000000, 0.000000000000000000, 1.000000000000000000 ) ) ;
#2017 = ORIENTED_EDGE ( 'NONE', *, *, #2132, .F. ) ;
#2018 = CIRCLE ( 'NONE', #403, 1.599999999999999867 ) ;
#2019 = DIRECTION ( 'NONE',  ( -1.000000000000000000, 0.000000000000000000, -0.000000000000000000 ) ) ;
#2020 = PRODUCT_DEFINITION ( 'NON CONOSCIUTO', '', #2623, #827 ) ;
#2021 = FACE_OUTER_BOUND ( 'NONE', #877, .T. ) ;
#2022 = CIRCLE ( 'NONE', #1510, 25.49899999999999523 ) ;
#2023 = ORIENTED_EDGE ( 'NONE', *, *, #1004, .T. ) ;
#2024 = EDGE_CURVE ( 'NONE', #4570, #4253, #4526, .T. ) ;
#2025 = AXIS2_PLACEMENT_3D ( 'NONE', #4467, #1307, #4150 ) ;
#2026 = LINE ( 'NONE', #4123, #822 ) ;
#2027 = ORIENTED_EDGE ( 'NONE', *, *, #4347, .T. ) ;
#2028 = VERTEX_POINT ( 'NONE', #4139 ) ;
#2029 = EDGE_LOOP ( 'NONE', ( #3781, #3627, #4416, #4546 ) ) ;
#2030 = EDGE_CURVE ( 'NONE', #532, #1062, #2522, .T. ) ;
#2031 = AXIS2_PLACEMENT_3D ( 'NONE', #3868, #3556, #775 ) ;
#2032 = CARTESIAN_POINT ( 'NONE',  ( 7.000000000000000888, -20.50161238324389501, 15.16188941679830293 ) ) ;
#2033 = CARTESIAN_POINT ( 'NONE',  ( 0.000000000000000000, -15.16188941679850544, 20.50161238324374580 ) ) ;
#2034 = CYLINDRICAL_SURFACE ( 'NONE', #1958, 11.19999999999999929 ) ;
#2035 = EDGE_CURVE ( 'NONE', #1006, #2432, #2918, .T. ) ;
#2036 = DIRECTION ( 'NONE',  ( -1.000000000000000000, -0.000000000000000000, 0.000000000000000000 ) ) ;
#2037 = CIRCLE ( 'NONE', #419, 25.49899999999999523 ) ;
#2038 = CARTESIAN_POINT ( 'NONE',  ( 3.499999999999999556, -15.45575468000508579, -25.71224702882851076 ) ) ;
#2039 = ORIENTED_EDGE ( 'NONE', *, *, #4472, .T. ) ;
#2040 = DIRECTION ( 'NONE',  ( -1.000000000000000000, 0.000000000000000000, -0.000000000000000000 ) ) ;
#2041 = EDGE_CURVE ( 'NONE', #1062, #4000, #2301, .T. ) ;
#2042 = ORIENTED_EDGE ( 'NONE', *, *, #517, .T. ) ;
#2043 = ORIENTED_EDGE ( 'NONE', *, *, #2637, .F. ) ;
#2044 = ORIENTED_EDGE ( 'NONE', *, *, #4159, .F. ) ;
#2045 = LINE ( 'NONE', #3073, #345 ) ;
#2046 = VECTOR ( 'NONE', #2286, 1000.000000000000000 ) ;
#2047 = LINE ( 'NONE', #759, #2319 ) ;
#2048 = CARTESIAN_POINT ( 'NONE',  ( 0.000000000000000000, 0.000000000000000000, 0.000000000000000000 ) ) ;
#2049 = ORIENTED_EDGE ( 'NONE', *, *, #3728, .F. ) ;
#2050 = ADVANCED_FACE ( 'NONE', ( #593 ), #3102, .F. ) ;
#2051 = ORIENTED_EDGE ( 'NONE', *, *, #2658, .T. ) ;
#2052 = DIRECTION ( 'NONE',  ( -1.000000000000000000, 0.000000000000000000, 0.000000000000000000 ) ) ;
#2053 = VERTEX_POINT ( 'NONE', #4527 ) ;
#2054 = CIRCLE ( 'NONE', #664, 25.49899999999999167 ) ;
#2055 = AXIS2_PLACEMENT_3D ( 'NONE', #1411, #3250, #4241 ) ;
#2056 = CARTESIAN_POINT ( 'NONE',  ( 7.000000000000000888, 10.88474387751633188, -23.95436854990163411 ) ) ;
#2057 = DIRECTION ( 'NONE',  ( -1.000000000000000000, 0.000000000000000000, 0.000000000000000000 ) ) ;
#2058 = DIRECTION ( 'NONE',  ( 1.000000000000000000, -0.000000000000000000, 0.000000000000000000 ) ) ;
#2059 = CYLINDRICAL_SURFACE ( 'NONE', #2617, 11.19999999999999929 ) ;
#2060 = ORIENTED_EDGE ( 'NONE', *, *, #3182, .T. ) ;
#2061 = EDGE_LOOP ( 'NONE', ( #3011, #4485, #1652, #840 ) ) ;
#2062 = CIRCLE ( 'NONE', #1685, 11.19999999999999929 ) ;
#2063 = DIRECTION ( 'NONE',  ( 0.000000000000000000, 0.6234898018587347046, -0.7818314824680289155 ) ) ;
#2064 = ORIENTED_EDGE ( 'NONE', *, *, #3916, .T. ) ;
#2065 = DIRECTION ( 'NONE',  ( -1.000000000000000000, 0.000000000000000000, 0.000000000000000000 ) ) ;
#2066 = VERTEX_POINT ( 'NONE', #2744 ) ;
#2067 = CYLINDRICAL_SURFACE ( 'NONE', #1199, 30.00000000000000000 ) ;
#2068 = ADVANCED_FACE ( 'NONE', ( #2775 ), #4506, .T. ) ;
#2069 = EDGE_CURVE ( 'NONE', #3059, #1017, #1338, .T. ) ;
#2070 = CARTESIAN_POINT ( 'NONE',  ( 0.000000000000000000, 9.346733418401605320, 28.50681627971342280 ) ) ;
#2071 = CARTESIAN_POINT ( 'NONE',  ( 7.000000000000000888, -0.5865956258980682403, 26.30485368663591927 ) ) ;
#2072 = AXIS2_PLACEMENT_3D ( 'NONE', #1478, #2885, #3163 ) ;
#2073 = CARTESIAN_POINT ( 'NONE',  ( 0.000000000000000000, -25.04981177135278969, -4.765074104334058092 ) ) ;
#2074 = EDGE_CURVE ( 'NONE', #1334, #3051, #22, .T. ) ;
#2075 = VERTEX_POINT ( 'NONE', #3794 ) ;
#2076 = FACE_OUTER_BOUND ( 'NONE', #2061, .T. ) ;
#2077 = EDGE_CURVE ( 'NONE', #3282, #2840, #3943, .T. ) ;
#2078 = DIRECTION ( 'NONE',  ( -1.000000000000000000, -0.000000000000000000, 0.000000000000000000 ) ) ;
#2079 = ORIENTED_EDGE ( 'NONE', *, *, #2124, .T. ) ;
#2080 = DIRECTION ( 'NONE',  ( -1.000000000000000000, 0.000000000000000000, 0.000000000000000000 ) ) ;
#2081 = CARTESIAN_POINT ( 'NONE',  ( 7.000000000000000000, 8.000000000000000000, 0.000000000000000000 ) ) ;
#2082 = ORIENTED_EDGE ( 'NONE', *, *, #4341, .F. ) ;
#2083 = CARTESIAN_POINT ( 'NONE',  ( 7.000000000000000888, -25.77586589148976870, -5.281492161082904424 ) ) ;
#2084 = ORIENTED_EDGE ( 'NONE', *, *, #1962, .T. ) ;
#2085 = DIRECTION ( 'NONE',  ( -1.000000000000000000, 0.000000000000000000, 0.000000000000000000 ) ) ;
#2086 = EDGE_CURVE ( 'NONE', #1207, #2766, #1492, .T. ) ;
#2087 = CIRCLE ( 'NONE', #843, 11.20000000000000107 ) ;
#2088 = ORIENTED_EDGE ( 'NONE', *, *, #1347, .F. ) ;
#2089 = ORIENTED_EDGE ( 'NONE', *, *, #3014, .F. ) ;
#2090 = CARTESIAN_POINT ( 'NONE',  ( 7.000000000000000888, 0.000000000000000000, 0.000000000000000000 ) ) ;
#2091 = VERTEX_POINT ( 'NONE', #1014 ) ;
#2092 = CIRCLE ( 'NONE', #3285, 11.19999999999999929 ) ;
#2093 = CARTESIAN_POINT ( 'NONE',  ( 7.000000000000000888, 0.000000000000000000, 0.000000000000000000 ) ) ;
#2094 = EDGE_CURVE ( 'NONE', #2432, #1793, #235, .T. ) ;
#2095 = DIRECTION ( 'NONE',  ( 0.000000000000000000, 0.000000000000000000, 1.000000000000000000 ) ) ;
#2096 = ORIENTED_EDGE ( 'NONE', *, *, #2546, .F. ) ;
#2097 = AXIS2_PLACEMENT_3D ( 'NONE', #3672, #4420, #3623 ) ;
#2098 = CIRCLE ( 'NONE', #2015, 30.00000000000000000 ) ;
#2099 = ORIENTED_EDGE ( 'NONE', *, *, #4499, .F. ) ;
#2100 = ORIENTED_EDGE ( 'NONE', *, *, #4421, .T. ) ;
#2101 = AXIS2_PLACEMENT_3D ( 'NONE', #2622, #2213, #1925 ) ;
#2102 = ORIENTED_EDGE ( 'NONE', *, *, #2916, .T. ) ;
#2103 = DIRECTION ( 'NONE',  ( 0.000000000000000000, 0.4338837391175525138, 0.9009688679024218105 ) ) ;
#2104 = ORIENTED_EDGE ( 'NONE', *, *, #1000, .T. ) ;
#2105 = VECTOR ( 'NONE', #808, 1000.000000000000000 ) ;
#2106 = CARTESIAN_POINT ( 'NONE',  ( 3.500000000000000444, -9.346733418401415250, -28.50681627971348675 ) ) ;
#2107 = ORIENTED_EDGE ( 'NONE', *, *, #537, .F. ) ;
#2108 = FACE_OUTER_BOUND ( 'NONE', #3931, .T. ) ;
#2109 = CARTESIAN_POINT ( 'NONE',  ( 7.000000000000000888, -20.20022636336494060, 16.85942694080857152 ) ) ;
#2110 = EDGE_CURVE ( 'NONE', #85, #1218, #2674, .T. ) ;
#2111 = EDGE_LOOP ( 'NONE', ( #2740, #2420, #2594, #3566, #3312, #2215, #1630, #407, #2441, #1302, #3511, #2625, #1863, #3596, #3751, #1847, #2738, #1997, #623, #4111, #362, #2544, #4343, #2009, #4204, #4246, #2400, #1282, #3479, #971, #88, #555, #2728, #3057, #4378, #2667, #3451, #4345, #4354, #1393, #244, #3913, #3922, #2703, #1989, #1767, #2787, #4439, #1567, #1487, #3876, #203, #2281, #4522, #4206, #3665, #2508, #46, #4395, #4531, #343, #3383, #4321, #832, #2529, #1751, #4293, #711, #2419, #4244, #1415, #3428, #4474, #2800, #4125, #1582, #3536, #3669, #834, #149, #746, #771, #1560, #294, #3190, #2475, #3684, #65, #2826, #963, #4555, #1067, #3429, #3364, #857, #686, #823, #1397, #448, #1698, #4389, #2530, #2810, #796, #119, #2953, #3467, #2620, #2353, #1495, #576, #941, #969, #2533, #4484, #1690, #2102 ) ) ;
#2112 = ORIENTED_EDGE ( 'NONE', *, *, #3916, .F. ) ;
#2113 = AXIS2_PLACEMENT_3D ( 'NONE', #1434, #3502, #2149 ) ;
#2114 = CARTESIAN_POINT ( 'NONE',  ( 7.000000000000000888, 25.51480627843070437, 6.425269058786490461 ) ) ;
#2115 = DIRECTION ( 'NONE',  ( -1.000000000000000000, 0.000000000000000000, 0.000000000000000000 ) ) ;
#2116 = LINE ( 'NONE', #3012, #1270 ) ;
#2117 = CARTESIAN_POINT ( 'NONE',  ( 7.000000000000000888, 16.61375636358853924, 19.34378712898074681 ) ) ;
#2118 = CARTESIAN_POINT ( 'NONE',  ( 3.499999999999999556, 25.71224702882856761, -15.45575468000499519 ) ) ;
#2119 = VERTEX_POINT ( 'NONE', #3495 ) ;
#2120 = AXIS2_PLACEMENT_3D ( 'NONE', #430, #2115, #1419 ) ;
#2121 = ORIENTED_EDGE ( 'NONE', *, *, #4250, .T. ) ;
#2122 = LINE ( 'NONE', #389, #404 ) ;
#2123 = ORIENTED_EDGE ( 'NONE', *, *, #2485, .F. ) ;
#2124 = EDGE_CURVE ( 'NONE', #1317, #1674, #316, .T. ) ;
#2125 = LINE ( 'NONE', #2858, #692 ) ;
#2126 = EDGE_CURVE ( 'NONE', #2372, #532, #3859, .T. ) ;
#2127 = DIRECTION ( 'NONE',  ( 0.000000000000000000, 0.000000000000000000, -1.000000000000000000 ) ) ;
#2128 = CIRCLE ( 'NONE', #1386, 11.20000000000000284 ) ;
#2129 = CARTESIAN_POINT ( 'NONE',  ( 0.000000000000000000, 0.000000000000000000, 0.000000000000000000 ) ) ;
#2130 = VERTEX_POINT ( 'NONE', #1467 ) ;
#2131 = EDGE_LOOP ( 'NONE', ( #132, #3257, #1271, #3863 ) ) ;
#2132 = EDGE_CURVE ( 'NONE', #1504, #4109, #3348, .T. ) ;
#2133 = CARTESIAN_POINT ( 'NONE',  ( 7.000000000000000000, 0.000000000000000000, 8.000000000000000000 ) ) ;
#2134 = CARTESIAN_POINT ( 'NONE',  ( 7.000000000000000888, 9.346733418401605320, 28.50681627971342635 ) ) ;
#2135 = AXIS2_PLACEMENT_3D ( 'NONE', #3900, #357, #27 ) ;
#2136 = VERTEX_POINT ( 'NONE', #1146 ) ;
#2137 = AXIS2_PLACEMENT_3D ( 'NONE', #654, #2052, #300 ) ;
#2138 = CARTESIAN_POINT ( 'NONE',  ( 0.000000000000000000, 20.93169914448970914, -15.94218908519826705 ) ) ;
#2139 = DIRECTION ( 'NONE',  ( -1.000000000000000000, -0.000000000000000000, -0.000000000000000000 ) ) ;
#2140 = EDGE_LOOP ( 'NONE', ( #3886, #1583, #3988, #2023 ) ) ;
#2141 = EDGE_CURVE ( 'NONE', #768, #983, #3208, .T. ) ;
#2142 = DIRECTION ( 'NONE',  ( -1.000000000000000000, 0.000000000000000000, -0.000000000000000000 ) ) ;
#2143 = DIRECTION ( 'NONE',  ( 0.000000000000000000, 0.000000000000000000, 1.000000000000000000 ) ) ;
#2144 = CARTESIAN_POINT ( 'NONE',  ( 7.000000000000000888, -20.20022636336470612, -16.85942694080885218 ) ) ;
#2145 = ORIENTED_EDGE ( 'NONE', *, *, #1261, .T. ) ;
#2146 = VERTEX_POINT ( 'NONE', #4272 ) ;
#2147 = CARTESIAN_POINT ( 'NONE',  ( 0.000000000000000000, 0.000000000000000000, 0.000000000000000000 ) ) ;
#2148 = FACE_OUTER_BOUND ( 'NONE', #689, .T. ) ;
#2149 = DIRECTION ( 'NONE',  ( 0.000000000000000000, -0.9749279121818258398, 0.2225209339563050670 ) ) ;
#2150 = EDGE_CURVE ( 'NONE', #13, #4487, #465, .T. ) ;
#2151 = CARTESIAN_POINT ( 'NONE',  ( 7.000000000000000888, 0.000000000000000000, 0.000000000000000000 ) ) ;
#2152 = DIRECTION ( 'NONE',  ( 0.000000000000000000, 0.000000000000000000, 1.000000000000000000 ) ) ;
#2153 = ADVANCED_FACE ( 'NONE', ( #1828 ), #1766, .T. ) ;
#2154 = DIRECTION ( 'NONE',  ( 0.000000000000000000, 0.000000000000000000, 1.000000000000000000 ) ) ;
#2155 = CARTESIAN_POINT ( 'NONE',  ( 7.000000000000000888, 20.20022636336504718, -16.85942694080844007 ) ) ;
#2156 = EDGE_CURVE ( 'NONE', #2359, #1382, #4235, .T. ) ;
#2157 = LINE ( 'NONE', #3586, #1857 ) ;
#2158 = ORIENTED_EDGE ( 'NONE', *, *, #1346, .F. ) ;
#2159 = DIRECTION ( 'NONE',  ( 1.000000000000000000, -0.000000000000000000, -0.000000000000000000 ) ) ;
#2160 = CARTESIAN_POINT ( 'NONE',  ( 0.000000000000000000, 16.85942694080891258, -20.20022636336465283 ) ) ;
#2161 = CIRCLE ( 'NONE', #162, 30.00000000000000000 ) ;
#2162 = DIRECTION ( 'NONE',  ( -1.000000000000000000, -0.000000000000000000, 0.000000000000000000 ) ) ;
#2163 = VERTEX_POINT ( 'NONE', #43 ) ;
#2164 = ORIENTED_EDGE ( 'NONE', *, *, #594, .F. ) ;
#2165 = AXIS2_PLACEMENT_3D ( 'NONE', #3660, #3329, #502 ) ;
#2166 = CIRCLE ( 'NONE', #4095, 11.19999999999999751 ) ;
#2167 = DIRECTION ( 'NONE',  ( -1.000000000000000000, -0.000000000000000000, 0.000000000000000000 ) ) ;
#2168 = DIRECTION ( 'NONE',  ( 0.000000000000000000, 0.000000000000000000, 1.000000000000000000 ) ) ;
#2169 = CIRCLE ( 'NONE', #3513, 11.19999999999999929 ) ;
#2170 = AXIS2_PLACEMENT_3D ( 'NONE', #1180, #1161, #3995 ) ;
#2171 = DIRECTION ( 'NONE',  ( -1.000000000000000000, -0.000000000000000000, 0.000000000000000000 ) ) ;
#2172 = AXIS2_PLACEMENT_3D ( 'NONE', #3101, #3567, #2548 ) ;
#2173 = DIRECTION ( 'NONE',  ( -1.000000000000000000, -0.000000000000000000, 0.000000000000000000 ) ) ;
#2174 = CARTESIAN_POINT ( 'NONE',  ( 7.000000000000000888, -16.85942694080878113, 20.20022636336476296 ) ) ;
#2175 = DIRECTION ( 'NONE',  ( 0.000000000000000000, 0.000000000000000000, 1.000000000000000000 ) ) ;
#2176 = EDGE_CURVE ( 'NONE', #1829, #196, #984, .T. ) ;
#2177 = CARTESIAN_POINT ( 'NONE',  ( 7.000000000000000888, 0.5865956258978912707, 26.30485368663591927 ) ) ;
#2178 = EDGE_CURVE ( 'NONE', #3533, #4142, #2921, .T. ) ;
#2179 = VECTOR ( 'NONE', #2754, 1000.000000000000000 ) ;
#2180 = CARTESIAN_POINT ( 'NONE',  ( 0.000000000000000000, 0.5865956258978912707, 26.30485368663591927 ) ) ;
#2181 = DIRECTION ( 'NONE',  ( 0.000000000000000000, 0.000000000000000000, -1.000000000000000000 ) ) ;
#2182 = CARTESIAN_POINT ( 'NONE',  ( -10.00000000000000000, 0.000000000000000000, 0.000000000000000000 ) ) ;
#2183 = ADVANCED_FACE ( 'NONE', ( #2461 ), #3261, .T. ) ;
#2184 = DIRECTION ( 'NONE',  ( -1.000000000000000000, -0.000000000000000000, 0.000000000000000000 ) ) ;
#2185 = VERTEX_POINT ( 'NONE', #3638 ) ;
#2186 = AXIS2_PLACEMENT_3D ( 'NONE', #4174, #1001, #1708 ) ;
#2187 = VERTEX_POINT ( 'NONE', #3930 ) ;
#2188 = VERTEX_POINT ( 'NONE', #83 ) ;
#2189 = CARTESIAN_POINT ( 'NONE',  ( 7.000000000000000888, -6.575522574292854472, 24.63658872236504749 ) ) ;
#2190 = CARTESIAN_POINT ( 'NONE',  ( 7.000000000000000888, 0.000000000000000000, 0.000000000000000000 ) ) ;
#2191 = EDGE_CURVE ( 'NONE', #317, #2119, #1488, .T. ) ;
#2192 = CIRCLE ( 'NONE', #3909, 1.599999999999999867 ) ;
#2193 = LINE ( 'NONE', #4091, #1594 ) ;
#2194 = DIRECTION ( 'NONE',  ( -1.000000000000000000, -0.000000000000000000, -0.000000000000000000 ) ) ;
#2195 = ORIENTED_EDGE ( 'NONE', *, *, #2313, .F. ) ;
#2196 = FACE_OUTER_BOUND ( 'NONE', #3409, .T. ) ;
#2197 = EDGE_CURVE ( 'NONE', #983, #1829, #1784, .T. ) ;
#2198 = DIRECTION ( 'NONE',  ( 0.000000000000000000, 0.000000000000000000, 1.000000000000000000 ) ) ;
#2199 = CYLINDRICAL_SURFACE ( 'NONE', #1875, 11.19999999999999929 ) ;
#2200 = CIRCLE ( 'NONE', #3253, 11.19999999999999929 ) ;
#2201 = DIRECTION ( 'NONE',  ( -1.000000000000000000, -0.000000000000000000, -0.000000000000000000 ) ) ;
#2202 = CARTESIAN_POINT ( 'NONE',  ( 3.500000000000000444, -20.78975986434250700, 21.62835834692437231 ) ) ;
#2203 = AXIS2_PLACEMENT_3D ( 'NONE', #3761, #2750, #3058 ) ;
#2204 = ORIENTED_EDGE ( 'NONE', *, *, #489, .F. ) ;
#2205 = LINE ( 'NONE', #3636, #2409 ) ;
#2206 = EDGE_LOOP ( 'NONE', ( #3449, #199, #2210, #2121 ) ) ;
#2207 = ADVANCED_FACE ( 'NONE', ( #3981 ), #3592, .T. ) ;
#2208 = CARTESIAN_POINT ( 'NONE',  ( 0.000000000000000000, -15.94218908519833633, -20.93169914448964875 ) ) ;
#2209 = VERTEX_POINT ( 'NONE', #2821 ) ;
#2210 = ORIENTED_EDGE ( 'NONE', *, *, #418, .T. ) ;
#2211 = EDGE_LOOP ( 'NONE', ( #3144, #3822, #3738, #2924 ) ) ;
#2212 = EDGE_CURVE ( 'NONE', #2447, #1070, #4452, .T. ) ;
#2213 = DIRECTION ( 'NONE',  ( -1.000000000000000000, 0.000000000000000000, 0.000000000000000000 ) ) ;
#2214 = FACE_OUTER_BOUND ( 'NONE', #500, .T. ) ;
#2215 = ORIENTED_EDGE ( 'NONE', *, *, #2150, .T. ) ;
#2216 = DIRECTION ( 'NONE',  ( 0.000000000000000000, 0.9749279121818227312, 0.2225209339563181954 ) ) ;
#2217 = EDGE_CURVE ( 'NONE', #222, #3617, #1808, .T. ) ;
#2218 = CARTESIAN_POINT ( 'NONE',  ( 7.000000000000000888, -22.55570658189526156, 11.89281722685783471 ) ) ;
#2219 = CARTESIAN_POINT ( 'NONE',  ( 0.000000000000000000, 0.000000000000000000, 0.000000000000000000 ) ) ;
#2220 = ORIENTED_EDGE ( 'NONE', *, *, #3611, .F. ) ;
#2221 = DIRECTION ( 'NONE',  ( -1.000000000000000000, -0.000000000000000000, -0.000000000000000000 ) ) ;
#2222 = CARTESIAN_POINT ( 'NONE',  ( 7.000000000000000888, 0.000000000000000000, 0.000000000000000000 ) ) ;
#2223 = DIRECTION ( 'NONE',  ( -1.000000000000000000, -0.000000000000000000, -0.000000000000000000 ) ) ;
#2224 = EDGE_CURVE ( 'NONE', #1099, #3170, #2087, .T. ) ;
#2225 = EDGE_LOOP ( 'NONE', ( #868, #3053, #2274, #1661 ) ) ;
#2226 = DIRECTION ( 'NONE',  ( -1.000000000000000000, -0.000000000000000000, -0.000000000000000000 ) ) ;
#2227 = ORIENTED_EDGE ( 'NONE', *, *, #1629, .T. ) ;
#2228 = EDGE_CURVE ( 'NONE', #222, #3375, #913, .T. ) ;
#2229 = ORIENTED_EDGE ( 'NONE', *, *, #3248, .T. ) ;
#2230 = EDGE_CURVE ( 'NONE', #3526, #524, #12, .T. ) ;
#2231 = AXIS2_PLACEMENT_3D ( 'NONE', #3840, #240, #1035 ) ;
#2232 = AXIS2_PLACEMENT_3D ( 'NONE', #116, #1548, #4370 ) ;
#2233 = CARTESIAN_POINT ( 'NONE',  ( 7.000000000000000000, 0.000000000000000000, -8.000000000000000000 ) ) ;
#2234 = ORIENTED_EDGE ( 'NONE', *, *, #1891, .T. ) ;
#2235 = LINE ( 'NONE', #154, #1424 ) ;
#2236 = VECTOR ( 'NONE', #3685, 1000.000000000000000 ) ;
#2237 = AXIS2_PLACEMENT_3D ( 'NONE', #2616, #499, #4429 ) ;
#2238 = EDGE_CURVE ( 'NONE', #63, #698, #2756, .T. ) ;
#2239 = APPLICATION_CONTEXT ( 'automotive_design' ) ;
#2240 = CYLINDRICAL_SURFACE ( 'NONE', #2097, 25.49899999999999523 ) ;
#2241 = AXIS2_PLACEMENT_3D ( 'NONE', #3168, #2011, #4470 ) ;
#2242 = DIRECTION ( 'NONE',  ( -1.000000000000000000, -0.000000000000000000, 0.000000000000000000 ) ) ;
#2243 = DIRECTION ( 'NONE',  ( 1.000000000000000000, 0.000000000000000000, 0.000000000000000000 ) ) ;
#2244 = LINE ( 'NONE', #1265, #331 ) ;
#2245 = AXIS2_PLACEMENT_3D ( 'NONE', #3584, #1343, #428 ) ;
#2246 = CARTESIAN_POINT ( 'NONE',  ( 0.000000000000000000, -21.62835834692457837, 20.78975986434229739 ) ) ;
#2247 = DIRECTION ( 'NONE',  ( 0.000000000000000000, 0.000000000000000000, 1.000000000000000000 ) ) ;
#2248 = DIRECTION ( 'NONE',  ( 0.000000000000000000, 0.000000000000000000, 1.000000000000000000 ) ) ;
#2249 = ADVANCED_FACE ( 'NONE', ( #4364 ), #2291, .T. ) ;
#2250 = CARTESIAN_POINT ( 'NONE',  ( 0.000000000000000000, 21.62835834692443981, 20.78975986434243239 ) ) ;
#2251 = ORIENTED_EDGE ( 'NONE', *, *, #3562, .F. ) ;
#2252 = CIRCLE ( 'NONE', #4035, 11.19999999999999751 ) ;
#2253 = LINE ( 'NONE', #1171, #2236 ) ;
#2254 = CYLINDRICAL_SURFACE ( 'NONE', #3877, 30.00000000000000000 ) ;
#2255 = CIRCLE ( 'NONE', #3367, 11.19999999999999929 ) ;
#2256 = ORIENTED_EDGE ( 'NONE', *, *, #2799, .F. ) ;
#2257 = CARTESIAN_POINT ( 'NONE',  ( 7.000000000000000888, 0.000000000000000000, 0.000000000000000000 ) ) ;
#2258 = AXIS2_PLACEMENT_3D ( 'NONE', #3992, #1157, #922 ) ;
#2259 = DIRECTION ( 'NONE',  ( 0.000000000000000000, 0.000000000000000000, 1.000000000000000000 ) ) ;
#2260 = EDGE_CURVE ( 'NONE', #1218, #660, #543, .T. ) ;
#2261 = CIRCLE ( 'NONE', #270, 30.00000000000000000 ) ;
#2262 = CARTESIAN_POINT ( 'NONE',  ( 3.500000000000000444, -25.08127967860415808, -16.45993346534662649 ) ) ;
#2263 = ORIENTED_EDGE ( 'NONE', *, *, #1116, .T. ) ;
#2264 = CIRCLE ( 'NONE', #2880, 11.19999999999999751 ) ;
#2265 = CYLINDRICAL_SURFACE ( 'NONE', #2792, 25.49899999999999523 ) ;
#2266 = SURFACE_SIDE_STYLE ('',( #2310 ) ) ;
#2267 = CARTESIAN_POINT ( 'NONE',  ( 7.000000000000000888, -23.44533994287258949, 11.94175267147954855 ) ) ;
#2268 = DIRECTION ( 'NONE',  ( 0.000000000000000000, 0.000000000000000000, 1.000000000000000000 ) ) ;
#2269 = DIRECTION ( 'NONE',  ( -1.000000000000000000, 0.000000000000000000, -0.000000000000000000 ) ) ;
#2270 = VERTEX_POINT ( 'NONE', #1253 ) ;
#2271 = EDGE_CURVE ( 'NONE', #1323, #269, #4383, .T. ) ;
#2272 = CARTESIAN_POINT ( 'NONE',  ( 0.000000000000000000, -20.50161238324389501, 15.16188941679830293 ) ) ;
#2273 = AXIS2_PLACEMENT_3D ( 'NONE', #1460, #399, #3228 ) ;
#2274 = ORIENTED_EDGE ( 'NONE', *, *, #786, .T. ) ;
#2275 = DIRECTION ( 'NONE',  ( 0.000000000000000000, 0.000000000000000000, 1.000000000000000000 ) ) ;
#2276 = ORIENTED_EDGE ( 'NONE', *, *, #210, .F. ) ;
#2277 = FACE_OUTER_BOUND ( 'NONE', #1324, .T. ) ;
#2278 = AXIS2_PLACEMENT_3D ( 'NONE', #221, #4100, #1998 ) ;
#2279 = DIRECTION ( 'NONE',  ( -1.000000000000000000, -0.000000000000000000, 0.000000000000000000 ) ) ;
#2280 = FACE_OUTER_BOUND ( 'NONE', #4070, .T. ) ;
#2281 = ORIENTED_EDGE ( 'NONE', *, *, #3462, .F. ) ;
#2282 = EDGE_CURVE ( 'NONE', #250, #4147, #391, .T. ) ;
#2283 = DIRECTION ( 'NONE',  ( 0.000000000000000000, 0.000000000000000000, 1.000000000000000000 ) ) ;
#2284 = CARTESIAN_POINT ( 'NONE',  ( 7.000000000000000888, 0.000000000000000000, 0.000000000000000000 ) ) ;
#2285 = CARTESIAN_POINT ( 'NONE',  ( 7.000000000000000888, -16.61375636358840779, -19.34378712898085340 ) ) ;
#2286 = DIRECTION ( 'NONE',  ( -1.000000000000000000, -0.000000000000000000, 0.000000000000000000 ) ) ;
#2287 = CARTESIAN_POINT ( 'NONE',  ( 7.000000000000000888, 0.000000000000000000, 0.000000000000000000 ) ) ;
#2288 = EDGE_CURVE ( 'NONE', #33, #837, #1208, .T. ) ;
#2289 = ORIENTED_EDGE ( 'NONE', *, *, #1945, .F. ) ;
#2290 = ORIENTED_EDGE ( 'NONE', *, *, #286, .F. ) ;
#2291 = CYLINDRICAL_SURFACE ( 'NONE', #2376, 11.20000000000000107 ) ;
#2292 = VERTEX_POINT ( 'NONE', #2619 ) ;
#2293 = CARTESIAN_POINT ( 'NONE',  ( 7.000000000000000888, 25.04981177135288206, -4.765074104333546501 ) ) ;
#2294 = CARTESIAN_POINT ( 'NONE',  ( 0.000000000000000000, 26.30485368663590862, 0.5865956258983527905 ) ) ;
#2295 = CARTESIAN_POINT ( 'NONE',  ( 7.000000000000000888, -25.51480627843073989, -6.425269058786323484 ) ) ;
#2296 = ORIENTED_EDGE ( 'NONE', *, *, #1300, .F. ) ;
#2297 = AXIS2_PLACEMENT_3D ( 'NONE', #153, #1315, #2394 ) ;
#2298 = VERTEX_POINT ( 'NONE', #4387 ) ;
#2299 = CARTESIAN_POINT ( 'NONE',  ( 0.000000000000000000, 15.45575468000562580, -25.71224702882818747 ) ) ;
#2300 = SHAPE_DEFINITION_REPRESENTATION ( #219, #1256 ) ;
#2301 = CIRCLE ( 'NONE', #1264, 11.19999999999999751 ) ;
#2302 = CIRCLE ( 'NONE', #2377, 11.20000000000000107 ) ;
#2303 = ORIENTED_EDGE ( 'NONE', *, *, #3384, .T. ) ;
#2304 = DIRECTION ( 'NONE',  ( -1.000000000000000000, 0.000000000000000000, -0.000000000000000000 ) ) ;
#2305 = ORIENTED_EDGE ( 'NONE', *, *, #2989, .F. ) ;
#2306 = AXIS2_PLACEMENT_3D ( 'NONE', #1182, #1894, #3321 ) ;
#2307 = AXIS2_PLACEMENT_3D ( 'NONE', #1365, #1289, #1390 ) ;
#2308 = DIRECTION ( 'NONE',  ( -1.000000000000000000, 0.000000000000000000, 0.000000000000000000 ) ) ;
#2309 = CYLINDRICAL_SURFACE ( 'NONE', #570, 30.00000000000000000 ) ;
#2310 = SURFACE_STYLE_FILL_AREA ( #4039 ) ;
#2311 = DIRECTION ( 'NONE',  ( 0.000000000000000000, 0.000000000000000000, 1.000000000000000000 ) ) ;
#2312 = VERTEX_POINT ( 'NONE', #878 ) ;
#2313 = EDGE_CURVE ( 'NONE', #2650, #1006, #2161, .T. ) ;
#2314 = AXIS2_PLACEMENT_3D ( 'NONE', #1454, #2167, #1381 ) ;
#2315 = CYLINDRICAL_SURFACE ( 'NONE', #1102, 25.49899999999999523 ) ;
#2316 = CIRCLE ( 'NONE', #1791, 11.20000000000000107 ) ;
#2317 = CARTESIAN_POINT ( 'NONE',  ( 0.000000000000000000, 0.000000000000000000, 0.000000000000000000 ) ) ;
#2318 = ORIENTED_EDGE ( 'NONE', *, *, #2523, .F. ) ;
#2319 = VECTOR ( 'NONE', #3946, 1000.000000000000000 ) ;
#2320 = DIRECTION ( 'NONE',  ( 0.000000000000000000, 0.4338837391175589531, -0.9009688679024187019 ) ) ;
#2321 = CARTESIAN_POINT ( 'NONE',  ( 3.499999999999999556, 28.11511939947790140, -10.46613878911898787 ) ) ;
#2322 = EDGE_CURVE ( 'NONE', #1928, #1471, #3136, .T. ) ;
#2323 = VERTEX_POINT ( 'NONE', #2272 ) ;
#2324 = EDGE_CURVE ( 'NONE', #442, #4554, #1497, .T. ) ;
#2325 = AXIS2_PLACEMENT_3D ( 'NONE', #3065, #207, #2735 ) ;
#2326 = FACE_OUTER_BOUND ( 'NONE', #4199, .T. ) ;
#2327 = DIRECTION ( 'NONE',  ( -1.000000000000000000, 0.000000000000000000, 0.000000000000000000 ) ) ;
#2328 = ORIENTED_EDGE ( 'NONE', *, *, #143, .T. ) ;
#2329 = CIRCLE ( 'NONE', #3755, 11.19999999999999929 ) ;
#2330 = PRODUCT ( 'ELP-0041-1', 'ELP-0041-1', '', ( #423 ) ) ;
#2331 = EDGE_CURVE ( 'NONE', #1345, #1701, #236, .T. ) ;
#2332 = ORIENTED_EDGE ( 'NONE', *, *, #4419, .F. ) ;
#2333 = DIRECTION ( 'NONE',  ( -1.000000000000000000, 0.000000000000000000, 0.000000000000000000 ) ) ;
#2334 = ORIENTED_EDGE ( 'NONE', *, *, #678, .F. ) ;
#2335 = VECTOR ( 'NONE', #2873, 1000.000000000000000 ) ;
#2336 = LINE ( 'NONE', #3480, #2547 ) ;
#2337 = DIRECTION ( 'NONE',  ( 0.000000000000000000, 0.000000000000000000, 1.000000000000000000 ) ) ;
#2338 = DIRECTION ( 'NONE',  ( -1.000000000000000000, 0.000000000000000000, -0.000000000000000000 ) ) ;
#2339 = CARTESIAN_POINT ( 'NONE',  ( 7.000000000000000000, 0.000000000000000000, 8.000000000000000000 ) ) ;
#2340 = FACE_OUTER_BOUND ( 'NONE', #904, .T. ) ;
#2341 = DIRECTION ( 'NONE',  ( 0.000000000000000000, 0.000000000000000000, 1.000000000000000000 ) ) ;
#2342 = ORIENTED_EDGE ( 'NONE', *, *, #728, .F. ) ;
#2343 = EDGE_CURVE ( 'NONE', #1299, #1674, #98, .T. ) ;
#2344 = DIRECTION ( 'NONE',  ( -1.000000000000000000, -0.000000000000000000, 0.000000000000000000 ) ) ;
#2345 = CARTESIAN_POINT ( 'NONE',  ( 0.000000000000000000, 11.94175267147995889, -23.44533994287237988 ) ) ;
#2346 = ORIENTED_EDGE ( 'NONE', *, *, #884, .F. ) ;
#2347 = EDGE_CURVE ( 'NONE', #1017, #3179, #2644, .T. ) ;
#2348 = VERTEX_POINT ( 'NONE', #188 ) ;
#2349 = AXIS2_PLACEMENT_3D ( 'NONE', #3994, #1217, #3647 ) ;
#2350 = EDGE_CURVE ( 'NONE', #2323, #3849, #2763, .T. ) ;
#2351 = ORIENTED_EDGE ( 'NONE', *, *, #4050, .T. ) ;
#2352 = DIRECTION ( 'NONE',  ( -1.000000000000000000, -0.000000000000000000, 0.000000000000000000 ) ) ;
#2353 = ORIENTED_EDGE ( 'NONE', *, *, #4274, .T. ) ;
#2354 = FACE_OUTER_BOUND ( 'NONE', #2991, .T. ) ;
#2355 = FACE_OUTER_BOUND ( 'NONE', #2866, .T. ) ;
#2356 = DIRECTION ( 'NONE',  ( 0.000000000000000000, -0.9749279121818212879, -0.2225209339563245237 ) ) ;
#2357 = DIRECTION ( 'NONE',  ( 0.000000000000000000, 0.000000000000000000, 1.000000000000000000 ) ) ;
#2358 = CARTESIAN_POINT ( 'NONE',  ( 0.000000000000000000, -25.08127967860437835, 16.45993346534628543 ) ) ;
#2359 = VERTEX_POINT ( 'NONE', #3750 ) ;
#2360 = CARTESIAN_POINT ( 'NONE',  ( 7.000000000000000888, 0.5865956258982590876, -26.30485368663590862 ) ) ;
#2361 = AXIS2_PLACEMENT_3D ( 'NONE', #1732, #706, #53 ) ;
#2362 = ORIENTED_EDGE ( 'NONE', *, *, #1178, .F. ) ;
#2363 = DIRECTION ( 'NONE',  ( -1.000000000000000000, -0.000000000000000000, -0.000000000000000000 ) ) ;
#2364 = ORIENTED_EDGE ( 'NONE', *, *, #864, .F. ) ;
#2365 = CYLINDRICAL_SURFACE ( 'NONE', #4407, 11.20000000000000107 ) ;
#2366 = CARTESIAN_POINT ( 'NONE',  ( 7.000000000000000888, 3.947528211216556837, -29.73914963514675236 ) ) ;
#2367 = DIRECTION ( 'NONE',  ( 1.000000000000000000, -0.000000000000000000, -0.000000000000000000 ) ) ;
#2368 = ORIENTED_EDGE ( 'NONE', *, *, #41, .F. ) ;
#2369 = EDGE_CURVE ( 'NONE', #196, #768, #2253, .T. ) ;
#2370 = ORIENTED_EDGE ( 'NONE', *, *, #1922, .T. ) ;
#2371 = DIRECTION ( 'NONE',  ( 0.000000000000000000, 0.000000000000000000, 1.000000000000000000 ) ) ;
#2372 = VERTEX_POINT ( 'NONE', #4003 ) ;
#2373 = ORIENTED_EDGE ( 'NONE', *, *, #2732, .T. ) ;
#2374 = CARTESIAN_POINT ( 'NONE',  ( 0.000000000000000000, 25.48208943086009626, -0.9285037628614137839 ) ) ;
#2375 = DIRECTION ( 'NONE',  ( -1.000000000000000000, 0.000000000000000000, -0.000000000000000000 ) ) ;
#2376 = AXIS2_PLACEMENT_3D ( 'NONE', #130, #2988, #1561 ) ;
#2377 = AXIS2_PLACEMENT_3D ( 'NONE', #3866, #1456, #2103 ) ;
#2378 = CARTESIAN_POINT ( 'NONE',  ( 7.000000000000000888, -16.85942694080878113, 20.20022636336476296 ) ) ;
#2379 = DIRECTION ( 'NONE',  ( 0.000000000000000000, 0.000000000000000000, 1.000000000000000000 ) ) ;
#2380 = DIRECTION ( 'NONE',  ( -1.000000000000000000, -0.000000000000000000, -0.000000000000000000 ) ) ;
#2381 = EDGE_LOOP ( 'NONE', ( #302, #3099, #2865, #2636 ) ) ;
#2382 = DIRECTION ( 'NONE',  ( 0.000000000000000000, 0.000000000000000000, 1.000000000000000000 ) ) ;
#2383 = CIRCLE ( 'NONE', #986, 11.19999999999999929 ) ;
#2384 = ORIENTED_EDGE ( 'NONE', *, *, #1291, .T. ) ;
#2385 = CIRCLE ( 'NONE', #1348, 11.19999999999999751 ) ;
#2386 = DIRECTION ( 'NONE',  ( 0.000000000000000000, -0.9009688679024142610, -0.4338837391175684455 ) ) ;
#2387 = CIRCLE ( 'NONE', #1349, 11.20000000000000107 ) ;
#2388 = ADVANCED_FACE ( 'NONE', ( #1920 ), #833, .T. ) ;
#2389 = EDGE_LOOP ( 'NONE', ( #3185, #2900, #1999, #738 ) ) ;
#2390 = VERTEX_POINT ( 'NONE', #1900 ) ;
#2391 = VECTOR ( 'NONE', #4505, 1000.000000000000000 ) ;
#2392 = DIRECTION ( 'NONE',  ( -1.000000000000000000, -0.000000000000000000, -0.000000000000000000 ) ) ;
#2393 = DIRECTION ( 'NONE',  ( 1.000000000000000000, 0.000000000000000000, 0.000000000000000000 ) ) ;
#2394 = DIRECTION ( 'NONE',  ( 0.000000000000000000, 0.000000000000000000, 1.000000000000000000 ) ) ;
#2395 = ORIENTED_EDGE ( 'NONE', *, *, #4585, .T. ) ;
#2396 = ORIENTED_EDGE ( 'NONE', *, *, #3120, .T. ) ;
#2397 = ORIENTED_EDGE ( 'NONE', *, *, #889, .T. ) ;
#2398 = DIRECTION ( 'NONE',  ( -1.000000000000000000, 0.000000000000000000, 0.000000000000000000 ) ) ;
#2399 = ORIENTED_EDGE ( 'NONE', *, *, #4260, .F. ) ;
#2400 = ORIENTED_EDGE ( 'NONE', *, *, #3597, .T. ) ;
#2401 = DIRECTION ( 'NONE',  ( 0.000000000000000000, 0.000000000000000000, 1.000000000000000000 ) ) ;
#2402 = EDGE_CURVE ( 'NONE', #2496, #1334, #1876, .T. ) ;
#2403 = CARTESIAN_POINT ( 'NONE',  ( 7.000000000000000888, 0.000000000000000000, 0.000000000000000000 ) ) ;
#2404 = AXIS2_PLACEMENT_3D ( 'NONE', #1181, #2660, #3831 ) ;
#2405 = AXIS2_PLACEMENT_3D ( 'NONE', #1835, #1254, #3724 ) ;
#2406 = EDGE_CURVE ( 'NONE', #2695, #2136, #542, .T. ) ;
#2407 = CARTESIAN_POINT ( 'NONE',  ( 7.000000000000000888, 10.88474387751600325, 23.95436854990178688 ) ) ;
#2408 = CYLINDRICAL_SURFACE ( 'NONE', #1860, 25.49899999999999523 ) ;
#2409 = VECTOR ( 'NONE', #1844, 1000.000000000000000 ) ;
#2410 = EDGE_LOOP ( 'NONE', ( #602, #2803, #218, #2473 ) ) ;
#2411 = CARTESIAN_POINT ( 'NONE',  ( 0.000000000000000000, -25.51480627843083226, 6.425269058785968213 ) ) ;
#2412 = CARTESIAN_POINT ( 'NONE',  ( -23.00000000000001421, 0.000000000000000000, 0.000000000000000000 ) ) ;
#2413 = LINE ( 'NONE', #340, #4456 ) ;
#2414 = AXIS2_PLACEMENT_3D ( 'NONE', #3389, #1916, #3323 ) ;
#2415 = EDGE_CURVE ( 'NONE', #3240, #3815, #1500, .T. ) ;
#2416 = DIRECTION ( 'NONE',  ( 0.000000000000000000, 0.000000000000000000, 1.000000000000000000 ) ) ;
#2417 = DIRECTION ( 'NONE',  ( 0.000000000000000000, 0.6234898018587347046, -0.7818314824680289155 ) ) ;
#2418 = CARTESIAN_POINT ( 'NONE',  ( 7.000000000000000888, 0.000000000000000000, 0.000000000000000000 ) ) ;
#2419 = ORIENTED_EDGE ( 'NONE', *, *, #164, .F. ) ;
#2420 = ORIENTED_EDGE ( 'NONE', *, *, #2010, .T. ) ;
#2421 = DIRECTION ( 'NONE',  ( 0.000000000000000000, 0.000000000000000000, 1.000000000000000000 ) ) ;
#2422 = AXIS2_PLACEMENT_3D ( 'NONE', #2407, #1003, #2063 ) ;
#2423 = CYLINDRICAL_SURFACE ( 'NONE', #2952, 1.600000000000000311 ) ;
#2424 = DIRECTION ( 'NONE',  ( 0.000000000000000000, -0.7818314824680352437, 0.6234898018587267110 ) ) ;
#2425 = DIRECTION ( 'NONE',  ( -1.000000000000000000, -0.000000000000000000, -0.000000000000000000 ) ) ;
#2426 = ORIENTED_EDGE ( 'NONE', *, *, #2987, .F. ) ;
#2427 = CIRCLE ( 'NONE', #3844, 11.20000000000000107 ) ;
#2428 = CARTESIAN_POINT ( 'NONE',  ( 0.000000000000000000, -24.63658872236511499, 6.575522574292599565 ) ) ;
#2429 = ORIENTED_EDGE ( 'NONE', *, *, #3308, .F. ) ;
#2430 = ADVANCED_FACE ( 'NONE', ( #1369 ), #1272, .T. ) ;
#2431 = CARTESIAN_POINT ( 'NONE',  ( 0.000000000000000000, 19.34378712898069708, 16.61375636358860319 ) ) ;
#2432 = VERTEX_POINT ( 'NONE', #3045 ) ;
#2433 = ORIENTED_EDGE ( 'NONE', *, *, #825, .T. ) ;
#2434 = DIRECTION ( 'NONE',  ( -1.000000000000000000, 0.000000000000000000, 0.000000000000000000 ) ) ;
#2435 = EDGE_LOOP ( 'NONE', ( #1883, #3688, #3127, #310 ) ) ;
#2436 = ORIENTED_EDGE ( 'NONE', *, *, #3098, .T. ) ;
#2437 = EDGE_CURVE ( 'NONE', #2621, #3606, #321, .T. ) ;
#2438 = CARTESIAN_POINT ( 'NONE',  ( 7.000000000000000888, 16.61375636358880925, -19.34378712898050878 ) ) ;
#2439 = LINE ( 'NONE', #3151, #2624 ) ;
#2440 = EDGE_LOOP ( 'NONE', ( #1817, #964 ) ) ;
#2441 = ORIENTED_EDGE ( 'NONE', *, *, #4005, .T. ) ;
#2442 = DIRECTION ( 'NONE',  ( 0.000000000000000000, 0.000000000000000000, 1.000000000000000000 ) ) ;
#2443 = EDGE_CURVE ( 'NONE', #3317, #3054, #850, .T. ) ;
#2444 = DIRECTION ( 'NONE',  ( -1.000000000000000000, -0.000000000000000000, -0.000000000000000000 ) ) ;
#2445 = CARTESIAN_POINT ( 'NONE',  ( -10.00000000000000000, 0.000000000000000000, 0.000000000000000000 ) ) ;
#2446 = DIRECTION ( 'NONE',  ( 0.000000000000000000, 0.000000000000000000, 1.000000000000000000 ) ) ;
#2447 = VERTEX_POINT ( 'NONE', #1621 ) ;
#2448 = ORIENTED_EDGE ( 'NONE', *, *, #3860, .T. ) ;
#2449 = DIRECTION ( 'NONE',  ( -1.000000000000000000, 0.000000000000000000, 0.000000000000000000 ) ) ;
#2450 = CARTESIAN_POINT ( 'NONE',  ( 10.00000000000000000, 0.000000000000000000, 9.600000000000003197 ) ) ;
#2451 = AXIS2_PLACEMENT_3D ( 'NONE', #433, #2482, #742 ) ;
#2452 = ORIENTED_EDGE ( 'NONE', *, *, #1459, .F. ) ;
#2453 = CARTESIAN_POINT ( 'NONE',  ( 7.000000000000000888, 15.16188941679865820, -20.50161238324362500 ) ) ;
#2454 = ORIENTED_EDGE ( 'NONE', *, *, #4078, .T. ) ;
#2455 = FACE_OUTER_BOUND ( 'NONE', #642, .T. ) ;
#2456 = AXIS2_PLACEMENT_3D ( 'NONE', #1395, #760, #1780 ) ;
#2457 = VECTOR ( 'NONE', #842, 1000.000000000000000 ) ;
#2458 = CARTESIAN_POINT ( 'NONE',  ( 7.000000000000000888, 26.30485368663590862, 0.5865956258983527905 ) ) ;
#2459 = CARTESIAN_POINT ( 'NONE',  ( 0.000000000000000000, -15.45575468000544284, 25.71224702882829405 ) ) ;
#2460 = ADVANCED_FACE ( 'NONE', ( #4154 ), #2067, .T. ) ;
#2461 = FACE_OUTER_BOUND ( 'NONE', #3897, .T. ) ;
#2462 = VERTEX_POINT ( 'NONE', #4521 ) ;
#2463 = CIRCLE ( 'NONE', #3668, 30.00000000000000000 ) ;
#2464 = EDGE_CURVE ( 'NONE', #698, #3745, #1992, .T. ) ;
#2465 = ORIENTED_EDGE ( 'NONE', *, *, #2217, .T. ) ;
#2466 = CARTESIAN_POINT ( 'NONE',  ( 7.000000000000000888, 28.50681627971339438, 9.346733418401708349 ) ) ;
#2467 = EDGE_LOOP ( 'NONE', ( #15, #4411, #4508, #2507 ) ) ;
#2468 = DIRECTION ( 'NONE',  ( 0.000000000000000000, 0.000000000000000000, 1.000000000000000000 ) ) ;
#2469 = CIRCLE ( 'NONE', #42, 30.00000000000000000 ) ;
#2470 = EDGE_CURVE ( 'NONE', #1924, #4188, #1573, .T. ) ;
#2471 = DIRECTION ( 'NONE',  ( 0.000000000000000000, -0.6234898018587239354, -0.7818314824680374642 ) ) ;
#2472 = CARTESIAN_POINT ( 'NONE',  ( 7.000000000000000888, 0.000000000000000000, 0.000000000000000000 ) ) ;
#2473 = ORIENTED_EDGE ( 'NONE', *, *, #1777, .F. ) ;
#2474 = CARTESIAN_POINT ( 'NONE',  ( 0.000000000000000000, -11.94175267147946506, -23.44533994287262857 ) ) ;
#2475 = ORIENTED_EDGE ( 'NONE', *, *, #251, .T. ) ;
#2476 = FACE_OUTER_BOUND ( 'NONE', #3516, .T. ) ;
#2477 = CIRCLE ( 'NONE', #1080, 11.19999999999999929 ) ;
#2478 = ORIENTED_EDGE ( 'NONE', *, *, #2141, .F. ) ;
#2479 = DIRECTION ( 'NONE',  ( 1.000000000000000000, 0.000000000000000000, 0.000000000000000000 ) ) ;
#2480 = DIRECTION ( 'NONE',  ( 0.000000000000000000, 0.000000000000000000, -1.000000000000000000 ) ) ;
#2481 = CARTESIAN_POINT ( 'NONE',  ( 7.000000000000000888, 26.30485368663591927, 10.61340437410201787 ) ) ;
#2482 = DIRECTION ( 'NONE',  ( -1.000000000000000000, 0.000000000000000000, 0.000000000000000000 ) ) ;
#2483 = AXIS2_PLACEMENT_3D ( 'NONE', #4465, #3764, #2784 ) ;
#2484 = VERTEX_POINT ( 'NONE', #3413 ) ;
#2485 = EDGE_CURVE ( 'NONE', #3489, #2520, #1667, .T. ) ;
#2486 = ORIENTED_EDGE ( 'NONE', *, *, #1470, .T. ) ;
#2487 = CIRCLE ( 'NONE', #4414, 11.20000000000000107 ) ;
#2488 = EDGE_CURVE ( 'NONE', #1096, #1933, #1426, .T. ) ;
#2489 = DIRECTION ( 'NONE',  ( 0.000000000000000000, 0.9749279121818243965, -0.2225209339563114230 ) ) ;
#2490 = CARTESIAN_POINT ( 'NONE',  ( 0.000000000000000000, 0.5865956258982590876, -26.30485368663590862 ) ) ;
#2491 = EDGE_CURVE ( 'NONE', #2028, #169, #2383, .T. ) ;
#2492 = FACE_OUTER_BOUND ( 'NONE', #2381, .T. ) ;
#2493 = AXIS2_PLACEMENT_3D ( 'NONE', #1203, #1249, #2947 ) ;
#2494 = DIRECTION ( 'NONE',  ( -1.000000000000000000, -0.000000000000000000, -0.000000000000000000 ) ) ;
#2495 = DIRECTION ( 'NONE',  ( 0.000000000000000000, 0.000000000000000000, 1.000000000000000000 ) ) ;
#2496 = VERTEX_POINT ( 'NONE', #982 ) ;
#2497 = DIRECTION ( 'NONE',  ( 0.000000000000000000, -0.9009688679024232538, 0.4338837391175494607 ) ) ;
#2498 = AXIS2_PLACEMENT_3D ( 'NONE', #779, #1095, #2495 ) ;
#2499 = VECTOR ( 'NONE', #951, 1000.000000000000000 ) ;
#2500 = CARTESIAN_POINT ( 'NONE',  ( 7.000000000000000888, 0.9285037628613247440, 25.48208943086009981 ) ) ;
#2501 = EDGE_LOOP ( 'NONE', ( #2748, #4369, #4319, #3560 ) ) ;
#2502 = CARTESIAN_POINT ( 'NONE',  ( 3.499999999999999556, -9.346733418401802496, 28.50681627971336241 ) ) ;
#2503 = DIRECTION ( 'NONE',  ( 0.000000000000000000, 0.000000000000000000, 1.000000000000000000 ) ) ;
#2504 = LINE ( 'NONE', #3953, #2789 ) ;
#2505 = DIRECTION ( 'NONE',  ( -1.000000000000000000, -0.000000000000000000, -0.000000000000000000 ) ) ;
#2506 = EDGE_LOOP ( 'NONE', ( #545, #4187, #1843, #3251 ) ) ;
#2507 = ORIENTED_EDGE ( 'NONE', *, *, #3060, .T. ) ;
#2508 = ORIENTED_EDGE ( 'NONE', *, *, #2086, .F. ) ;
#2509 = LINE ( 'NONE', #770, #2934 ) ;
#2510 = ADVANCED_FACE ( 'NONE', ( #1800 ), #715, .T. ) ;
#2511 = CARTESIAN_POINT ( 'NONE',  ( 7.000000000000000888, 25.77586589148987528, -5.281492161082373293 ) ) ;
#2512 = ORIENTED_EDGE ( 'NONE', *, *, #3522, .F. ) ;
#2513 = DIRECTION ( 'NONE',  ( -1.000000000000000000, -0.000000000000000000, -0.000000000000000000 ) ) ;
#2514 = CARTESIAN_POINT ( 'NONE',  ( 7.000000000000000888, -24.63658872236511499, 6.575522574292599565 ) ) ;
#2515 = EDGE_CURVE ( 'NONE', #1722, #442, #2519, .T. ) ;
#2516 = DIRECTION ( 'NONE',  ( -1.000000000000000000, -0.000000000000000000, -0.000000000000000000 ) ) ;
#2517 = CYLINDRICAL_SURFACE ( 'NONE', #3216, 11.19999999999999751 ) ;
#2518 = EDGE_CURVE ( 'NONE', #4255, #1311, #3353, .T. ) ;
#2519 = LINE ( 'NONE', #1463, #3802 ) ;
#2520 = VERTEX_POINT ( 'NONE', #2868 ) ;
#2521 = DIRECTION ( 'NONE',  ( 0.000000000000000000, 0.000000000000000000, 1.000000000000000000 ) ) ;
#2522 = CIRCLE ( 'NONE', #315, 25.49899999999999167 ) ;
#2523 = EDGE_CURVE ( 'NONE', #1024, #3164, #4022, .T. ) ;
#2524 = DIRECTION ( 'NONE',  ( -1.000000000000000000, 0.000000000000000000, 0.000000000000000000 ) ) ;
#2525 = EDGE_CURVE ( 'NONE', #1323, #3415, #2092, .T. ) ;
#2526 = AXIS2_PLACEMENT_3D ( 'NONE', #3025, #4432, #2595 ) ;
#2527 = CARTESIAN_POINT ( 'NONE',  ( 7.000000000000000888, 0.000000000000000000, 0.000000000000000000 ) ) ;
#2528 = VECTOR ( 'NONE', #3119, 1000.000000000000000 ) ;
#2529 = ORIENTED_EDGE ( 'NONE', *, *, #940, .F. ) ;
#2530 = ORIENTED_EDGE ( 'NONE', *, *, #4475, .T. ) ;
#2531 = AXIS2_PLACEMENT_3D ( 'NONE', #3146, #261, #4205 ) ;
#2532 = AXIS2_PLACEMENT_3D ( 'NONE', #3718, #4084, #3702 ) ;
#2533 = ORIENTED_EDGE ( 'NONE', *, *, #705, .T. ) ;
#2534 = DIRECTION ( 'NONE',  ( -1.000000000000000000, -0.000000000000000000, -0.000000000000000000 ) ) ;
#2535 = DIRECTION ( 'NONE',  ( 0.000000000000000000, 0.000000000000000000, -1.000000000000000000 ) ) ;
#2536 = CIRCLE ( 'NONE', #3733, 11.20000000000000284 ) ;
#2537 = CIRCLE ( 'NONE', #2170, 25.49899999999999167 ) ;
#2538 = ORIENTED_EDGE ( 'NONE', *, *, #2156, .F. ) ;
#2539 = CYLINDRICAL_SURFACE ( 'NONE', #3056, 1.600000000000000089 ) ;
#2540 = COLOUR_RGB ( '',0.7921568627450980005, 0.8196078431372548767, 0.9333333333333333481 ) ;
#2541 = CYLINDRICAL_SURFACE ( 'NONE', #647, 1.600000000000002531 ) ;
#2542 = CARTESIAN_POINT ( 'NONE',  ( 3.500000000000000444, -29.87193472823522100, -2.769027914639754950 ) ) ;
#2543 = CARTESIAN_POINT ( 'NONE',  ( 7.000000000000000888, 23.44533994287250422, -11.94175267147971198 ) ) ;
#2544 = ORIENTED_EDGE ( 'NONE', *, *, #3503, .T. ) ;
#2545 = DIRECTION ( 'NONE',  ( 0.000000000000000000, 0.000000000000000000, 1.000000000000000000 ) ) ;
#2546 = EDGE_CURVE ( 'NONE', #2298, #1755, #2602, .T. ) ;
#2547 = VECTOR ( 'NONE', #4102, 1000.000000000000000 ) ;
#2548 = DIRECTION ( 'NONE',  ( 0.000000000000000000, 0.000000000000000000, 1.000000000000000000 ) ) ;
#2549 = EDGE_CURVE ( 'NONE', #3533, #111, #1417, .T. ) ;
#2550 = PLANE ( 'NONE',  #1269 ) ;
#2551 = FACE_OUTER_BOUND ( 'NONE', #3983, .T. ) ;
#2552 = ADVANCED_FACE ( 'NONE', ( #4225, #3878, #2839, #1442, #35, #3542 ), #2550, .F. ) ;
#2553 = DIRECTION ( 'NONE',  ( 0.000000000000000000, 0.000000000000000000, 1.000000000000000000 ) ) ;
#2554 = VERTEX_POINT ( 'NONE', #4572 ) ;
#2555 = DIRECTION ( 'NONE',  ( -1.000000000000000000, -0.000000000000000000, 0.000000000000000000 ) ) ;
#2556 = ORIENTED_EDGE ( 'NONE', *, *, #191, .F. ) ;
#2557 = EDGE_CURVE ( 'NONE', #1337, #4148, #3610, .T. ) ;
#2558 = ORIENTED_EDGE ( 'NONE', *, *, #3154, .F. ) ;
#2559 = EDGE_CURVE ( 'NONE', #245, #1539, #618, .T. ) ;
#2560 = CIRCLE ( 'NONE', #3689, 11.20000000000000284 ) ;
#2561 = DIRECTION ( 'NONE',  ( -1.000000000000000000, 0.000000000000000000, -0.000000000000000000 ) ) ;
#2562 = DIRECTION ( 'NONE',  ( 0.000000000000000000, 0.4338837391175589531, -0.9009688679024187019 ) ) ;
#2563 = EDGE_LOOP ( 'NONE', ( #487, #3872, #1405, #4180 ) ) ;
#2564 = CARTESIAN_POINT ( 'NONE',  ( 0.000000000000000000, 23.36143195072524392, 10.21971125872122599 ) ) ;
#2565 = CIRCLE ( 'NONE', #3545, 30.00000000000000000 ) ;
#2566 = CARTESIAN_POINT ( 'NONE',  ( 7.000000000000000888, -16.85942694080850757, -20.20022636336499033 ) ) ;
#2567 = DIRECTION ( 'NONE',  ( 0.000000000000000000, 0.000000000000000000, 1.000000000000000000 ) ) ;
#2568 = CYLINDRICAL_SURFACE ( 'NONE', #1469, 30.00000000000000000 ) ;
#2569 = VERTEX_POINT ( 'NONE', #739 ) ;
#2570 = ORIENTED_EDGE ( 'NONE', *, *, #4529, .T. ) ;
#2571 = DIRECTION ( 'NONE',  ( -1.000000000000000000, 0.000000000000000000, -0.000000000000000000 ) ) ;
#2572 = EDGE_LOOP ( 'NONE', ( #729, #690, #4284, #372 ) ) ;
#2573 = DIRECTION ( 'NONE',  ( 0.000000000000000000, 0.000000000000000000, 1.000000000000000000 ) ) ;
#2574 = DIRECTION ( 'NONE',  ( 0.000000000000000000, 0.000000000000000000, 1.000000000000000000 ) ) ;
#2575 = EDGE_CURVE ( 'NONE', #1933, #1096, #3729, .T. ) ;
#2576 = AXIS2_PLACEMENT_3D ( 'NONE', #1663, #1363, #280 ) ;
#2577 = CARTESIAN_POINT ( 'NONE',  ( 0.000000000000000000, -11.89281722685775478, -22.55570658189530064 ) ) ;
#2578 = CIRCLE ( 'NONE', #1033, 25.49899999999999167 ) ;
#2579 = VERTEX_POINT ( 'NONE', #3191 ) ;
#2580 = DIRECTION ( 'NONE',  ( -1.000000000000000000, -0.000000000000000000, -0.000000000000000000 ) ) ;
#2581 = EDGE_CURVE ( 'NONE', #1631, #350, #2157, .T. ) ;
#2582 = ORIENTED_EDGE ( 'NONE', *, *, #476, .T. ) ;
#2583 = ORIENTED_EDGE ( 'NONE', *, *, #1037, .T. ) ;
#2584 = CARTESIAN_POINT ( 'NONE',  ( 7.000000000000000888, 23.36143195072524392, 10.21971125872122599 ) ) ;
#2585 = VERTEX_POINT ( 'NONE', #3232 ) ;
#2586 = LINE ( 'NONE', #4012, #1858 ) ;
#2587 = ADVANCED_FACE ( 'NONE', ( #2894 ), #4288, .T. ) ;
#2588 = DIRECTION ( 'NONE',  ( 0.000000000000000000, 0.000000000000000000, 1.000000000000000000 ) ) ;
#2589 = DIRECTION ( 'NONE',  ( 0.000000000000000000, 0.000000000000000000, -1.000000000000000000 ) ) ;
#2590 = CARTESIAN_POINT ( 'NONE',  ( 3.500000000000000444, -2.769027914639232701, -29.87193472823527074 ) ) ;
#2591 = CARTESIAN_POINT ( 'NONE',  ( 10.00000000000000000, 0.000000000000000000, -6.400000000000000355 ) ) ;
#2592 = DIRECTION ( 'NONE',  ( -1.000000000000000000, 0.000000000000000000, 0.000000000000000000 ) ) ;
#2593 = CIRCLE ( 'NONE', #607, 1.600000000000000089 ) ;
#2594 = ORIENTED_EDGE ( 'NONE', *, *, #1979, .F. ) ;
#2595 = DIRECTION ( 'NONE',  ( 0.000000000000000000, -0.2225209339563016253, -0.9749279121818265059 ) ) ;
#2596 = ORIENTED_EDGE ( 'NONE', *, *, #4086, .F. ) ;
#2597 = ADVANCED_FACE ( 'NONE', ( #2816 ), #1823, .F. ) ;
#2598 = DIRECTION ( 'NONE',  ( 0.000000000000000000, 0.000000000000000000, 1.000000000000000000 ) ) ;
#2599 = EDGE_CURVE ( 'NONE', #557, #4268, #4311, .T. ) ;
#2600 = CYLINDRICAL_SURFACE ( 'NONE', #4020, 11.19999999999999929 ) ;
#2601 = ADVANCED_FACE ( 'NONE', ( #472 ), #184, .T. ) ;
#2602 = CIRCLE ( 'NONE', #3588, 11.20000000000000284 ) ;
#2603 = CIRCLE ( 'NONE', #3803, 25.49899999999999523 ) ;
#2604 = CIRCLE ( 'NONE', #4304, 11.19999999999999929 ) ;
#2605 = DIRECTION ( 'NONE',  ( 0.000000000000000000, -0.7818314824680352437, 0.6234898018587267110 ) ) ;
#2606 = ORIENTED_EDGE ( 'NONE', *, *, #4170, .F. ) ;
#2607 = VERTEX_POINT ( 'NONE', #1597 ) ;
#2608 = VERTEX_POINT ( 'NONE', #518 ) ;
#2609 = VECTOR ( 'NONE', #3379, 1000.000000000000000 ) ;
#2610 = ORIENTED_EDGE ( 'NONE', *, *, #4402, .F. ) ;
#2611 = DIRECTION ( 'NONE',  ( 0.000000000000000000, -0.7818314824680351327, 0.6234898018587268220 ) ) ;
#2612 = DIRECTION ( 'NONE',  ( -1.000000000000000000, 0.000000000000000000, 0.000000000000000000 ) ) ;
#2613 = CIRCLE ( 'NONE', #4249, 30.00000000000000000 ) ;
#2614 = DIRECTION ( 'NONE',  ( 0.000000000000000000, 0.000000000000000000, -1.000000000000000000 ) ) ;
#2615 = CARTESIAN_POINT ( 'NONE',  ( 7.000000000000000888, 0.000000000000000000, 0.000000000000000000 ) ) ;
#2616 = CARTESIAN_POINT ( 'NONE',  ( 0.000000000000000000, -23.44533994287242251, -11.94175267147987540 ) ) ;
#2617 = AXIS2_PLACEMENT_3D ( 'NONE', #978, #306, #2379 ) ;
#2618 = ORIENTED_EDGE ( 'NONE', *, *, #637, .T. ) ;
#2619 = CARTESIAN_POINT ( 'NONE',  ( 7.000000000000000888, -25.08127967860438545, 16.45993346534628543 ) ) ;
#2620 = ORIENTED_EDGE ( 'NONE', *, *, #4341, .T. ) ;
#2621 = VERTEX_POINT ( 'NONE', #3338 ) ;
#2622 = CARTESIAN_POINT ( 'NONE',  ( 0.000000000000000000, 0.000000000000000000, 0.000000000000000000 ) ) ;
#2623 = PRODUCT_DEFINITION_FORMATION_WITH_SPECIFIED_SOURCE ( 'TUTTO', '', #2330, .NOT_KNOWN. ) ;
#2624 = VECTOR ( 'NONE', #3416, 1000.000000000000000 ) ;
#2625 = ORIENTED_EDGE ( 'NONE', *, *, #101, .T. ) ;
#2626 = EDGE_CURVE ( 'NONE', #751, #186, #1934, .T. ) ;
#2627 = EDGE_CURVE ( 'NONE', #245, #3662, #141, .T. ) ;
#2628 = CARTESIAN_POINT ( 'NONE',  ( 7.000000000000000888, -23.44533994287242251, -11.94175267147987540 ) ) ;
#2629 = AXIS2_PLACEMENT_3D ( 'NONE', #1646, #3816, #3121 ) ;
#2630 = EDGE_CURVE ( 'NONE', #816, #992, #3020, .T. ) ;
#2631 = FACE_OUTER_BOUND ( 'NONE', #3996, .T. ) ;
#2632 = EDGE_CURVE ( 'NONE', #1678, #1070, #3632, .T. ) ;
#2633 = AXIS2_PLACEMENT_3D ( 'NONE', #225, #3202, #1064 ) ;
#2634 = CARTESIAN_POINT ( 'NONE',  ( 7.000000000000000888, -9.346733418401418803, -28.50681627971349030 ) ) ;
#2635 = ORIENTED_EDGE ( 'NONE', *, *, #170, .F. ) ;
#2636 = ORIENTED_EDGE ( 'NONE', *, *, #2967, .T. ) ;
#2637 = EDGE_CURVE ( 'NONE', #3925, #4161, #1915, .T. ) ;
#2638 = AXIS2_PLACEMENT_3D ( 'NONE', #1842, #10, #102 ) ;
#2639 = DIRECTION ( 'NONE',  ( -1.000000000000000000, 0.000000000000000000, 0.000000000000000000 ) ) ;
#2640 = CARTESIAN_POINT ( 'NONE',  ( 0.000000000000000000, 0.000000000000000000, -8.000000000000000000 ) ) ;
#2641 = EDGE_CURVE ( 'NONE', #1993, #768, #4108, .T. ) ;
#2642 = DIRECTION ( 'NONE',  ( -1.000000000000000000, -0.000000000000000000, 0.000000000000000000 ) ) ;
#2643 = CARTESIAN_POINT ( 'NONE',  ( 7.000000000000000888, 4.765074104333798743, 25.04981177135283588 ) ) ;
#2644 = LINE ( 'NONE', #2321, #3659 ) ;
#2645 = ORIENTED_EDGE ( 'NONE', *, *, #1622, .F. ) ;
#2646 = CIRCLE ( 'NONE', #3322, 1.600000000000002531 ) ;
#2647 = DIRECTION ( 'NONE',  ( -1.000000000000000000, 0.000000000000000000, 0.000000000000000000 ) ) ;
#2648 = CARTESIAN_POINT ( 'NONE',  ( 0.000000000000000000, 0.000000000000000000, 0.000000000000000000 ) ) ;
#2649 = AXIS2_PLACEMENT_3D ( 'NONE', #1045, #2449, #2605 ) ;
#2650 = VERTEX_POINT ( 'NONE', #4404 ) ;
#2651 = FACE_OUTER_BOUND ( 'NONE', #1551, .T. ) ;
#2652 = ORIENTED_EDGE ( 'NONE', *, *, #4182, .T. ) ;
#2653 = EDGE_LOOP ( 'NONE', ( #1209, #3775, #567, #2724 ) ) ;
#2654 = EDGE_CURVE ( 'NONE', #4000, #196, #998, .T. ) ;
#2655 = DIRECTION ( 'NONE',  ( 0.000000000000000000, 0.000000000000000000, 1.000000000000000000 ) ) ;
#2656 = EDGE_LOOP ( 'NONE', ( #2082, #337, #454, #2673 ) ) ;
#2657 = CARTESIAN_POINT ( 'NONE',  ( 0.000000000000000000, -26.30485368663591927, 0.5865956258977993443 ) ) ;
#2658 = EDGE_CURVE ( 'NONE', #2390, #1953, #338, .T. ) ;
#2659 = DIRECTION ( 'NONE',  ( -1.000000000000000000, -0.000000000000000000, -0.000000000000000000 ) ) ;
#2660 = DIRECTION ( 'NONE',  ( -1.000000000000000000, -0.000000000000000000, -0.000000000000000000 ) ) ;
#2661 = CARTESIAN_POINT ( 'NONE',  ( 0.000000000000000000, -4.765074104333633542, -25.04981177135286430 ) ) ;
#2662 = CARTESIAN_POINT ( 'NONE',  ( 7.000000000000000888, -25.51480627843083226, 6.425269058785968213 ) ) ;
#2663 = DIRECTION ( 'NONE',  ( 0.000000000000000000, 0.000000000000000000, -1.000000000000000000 ) ) ;
#2664 = ORIENTED_EDGE ( 'NONE', *, *, #3172, .F. ) ;
#2665 = DIRECTION ( 'NONE',  ( 0.000000000000000000, 0.000000000000000000, 1.000000000000000000 ) ) ;
#2666 = ORIENTED_EDGE ( 'NONE', *, *, #4515, .F. ) ;
#2667 = ORIENTED_EDGE ( 'NONE', *, *, #2069, .T. ) ;
#2668 = ADVANCED_FACE ( 'NONE', ( #3278 ), #4380, .T. ) ;
#2669 = DIRECTION ( 'NONE',  ( -1.000000000000000000, 0.000000000000000000, -0.000000000000000000 ) ) ;
#2670 = DIRECTION ( 'NONE',  ( 0.000000000000000000, 0.000000000000000000, 1.000000000000000000 ) ) ;
#2671 = CIRCLE ( 'NONE', #3200, 11.19999999999999929 ) ;
#2672 = LINE ( 'NONE', #2819, #2992 ) ;
#2673 = ORIENTED_EDGE ( 'NONE', *, *, #2260, .T. ) ;
#2674 = CIRCLE ( 'NONE', #3656, 25.49899999999999523 ) ;
#2675 = VERTEX_POINT ( 'NONE', #2285 ) ;
#2676 = LINE ( 'NONE', #3734, #2609 ) ;
#2677 = VECTOR ( 'NONE', #3309, 1000.000000000000000 ) ;
#2678 = AXIS2_PLACEMENT_3D ( 'NONE', #4094, #3492, #3398 ) ;
#2679 = ORIENTED_EDGE ( 'NONE', *, *, #2813, .T. ) ;
#2680 = EDGE_CURVE ( 'NONE', #2323, #329, #4548, .T. ) ;
#2681 = DIRECTION ( 'NONE',  ( 1.000000000000000000, -0.000000000000000000, -0.000000000000000000 ) ) ;
#2682 = CIRCLE ( 'NONE', #4536, 2.500000000000000000 ) ;
#2683 = DIRECTION ( 'NONE',  ( 0.000000000000000000, 0.000000000000000000, -1.000000000000000000 ) ) ;
#2684 = CARTESIAN_POINT ( 'NONE',  ( 0.000000000000000000, 16.45993346534672597, -25.08127967860409058 ) ) ;
#2685 = DIRECTION ( 'NONE',  ( -1.000000000000000000, 0.000000000000000000, -0.000000000000000000 ) ) ;
#2686 = DIRECTION ( 'NONE',  ( -1.000000000000000000, 0.000000000000000000, 0.000000000000000000 ) ) ;
#2687 = VECTOR ( 'NONE', #4438, 1000.000000000000000 ) ;
#2688 = DIRECTION ( 'NONE',  ( 0.000000000000000000, -0.2225209339563015698, -0.9749279121818265059 ) ) ;
#2689 = CIRCLE ( 'NONE', #769, 25.49899999999999167 ) ;
#2690 = EDGE_CURVE ( 'NONE', #2990, #3184, #536, .T. ) ;
#2691 = CARTESIAN_POINT ( 'NONE',  ( 7.000000000000000888, -25.48208943086010336, 0.9285037628612359262 ) ) ;
#2692 = AXIS2_PLACEMENT_3D ( 'NONE', #4138, #1587, #898 ) ;
#2693 = EDGE_CURVE ( 'NONE', #2298, #186, #1248, .T. ) ;
#2694 = DIRECTION ( 'NONE',  ( 0.000000000000000000, 0.000000000000000000, 1.000000000000000000 ) ) ;
#2695 = VERTEX_POINT ( 'NONE', #2661 ) ;
#2696 = EDGE_CURVE ( 'NONE', #1451, #3984, #2252, .T. ) ;
#2697 = CARTESIAN_POINT ( 'NONE',  ( 7.000000000000000888, -25.48208943086008915, -0.9285037628615885330 ) ) ;
#2698 = VERTEX_POINT ( 'NONE', #2246 ) ;
#2699 = CARTESIAN_POINT ( 'NONE',  ( 7.000000000000000000, 8.000000000000000000, 1.600000000000000311 ) ) ;
#2700 = DIRECTION ( 'NONE',  ( -1.000000000000000000, 0.000000000000000000, 0.000000000000000000 ) ) ;
#2701 = EDGE_CURVE ( 'NONE', #1299, #4097, #497, .T. ) ;
#2702 = ORIENTED_EDGE ( 'NONE', *, *, #2369, .T. ) ;
#2703 = ORIENTED_EDGE ( 'NONE', *, *, #4002, .T. ) ;
#2704 = CIRCLE ( 'NONE', #1662, 11.20000000000000107 ) ;
#2705 = CIRCLE ( 'NONE', #1882, 25.49899999999999523 ) ;
#2706 = CARTESIAN_POINT ( 'NONE',  ( 7.000000000000000888, 6.575522574293017009, -24.63658872236500841 ) ) ;
#2707 = AXIS2_PLACEMENT_3D ( 'NONE', #800, #943, #2937 ) ;
#2708 = ORIENTED_EDGE ( 'NONE', *, *, #117, .F. ) ;
#2709 = DIRECTION ( 'NONE',  ( 0.000000000000000000, -0.6234898018587239354, -0.7818314824680374642 ) ) ;
#2710 = CARTESIAN_POINT ( 'NONE',  ( 7.000000000000000888, 23.95436854990174425, 10.88474387751608319 ) ) ;
#2711 = FACE_OUTER_BOUND ( 'NONE', #309, .T. ) ;
#2712 = CIRCLE ( 'NONE', #2875, 11.20000000000000107 ) ;
#2713 = CARTESIAN_POINT ( 'NONE',  ( -10.00000000000000000, 0.000000000000000000, 0.000000000000000000 ) ) ;
#2714 = CARTESIAN_POINT ( 'NONE',  ( 0.000000000000000000, -25.51480627843073989, -6.425269058786323484 ) ) ;
#2715 = CIRCLE ( 'NONE', #1379, 11.19999999999999929 ) ;
#2716 = ADVANCED_FACE ( 'NONE', ( #100 ), #2199, .T. ) ;
#2717 = ORIENTED_EDGE ( 'NONE', *, *, #1055, .F. ) ;
#2718 = DIRECTION ( 'NONE',  ( 1.000000000000000000, 0.000000000000000000, 0.000000000000000000 ) ) ;
#2719 = CARTESIAN_POINT ( 'NONE',  ( 7.000000000000000888, -28.11511939947783389, 10.46613878911918327 ) ) ;
#2720 = DIRECTION ( 'NONE',  ( 0.000000000000000000, 0.2225209339563148370, -0.9749279121818235083 ) ) ;
#2721 = VERTEX_POINT ( 'NONE', #3998 ) ;
#2722 = ADVANCED_FACE ( 'NONE', ( #829 ), #3811, .T. ) ;
#2723 = EDGE_LOOP ( 'NONE', ( #4264, #2850, #3841, #1909 ) ) ;
#2724 = ORIENTED_EDGE ( 'NONE', *, *, #3223, .F. ) ;
#2725 = EDGE_CURVE ( 'NONE', #595, #3850, #1949, .T. ) ;
#2726 = VECTOR ( 'NONE', #1862, 1000.000000000000000 ) ;
#2727 = CARTESIAN_POINT ( 'NONE',  ( 7.000000000000000888, 0.000000000000000000, 0.000000000000000000 ) ) ;
#2728 = ORIENTED_EDGE ( 'NONE', *, *, #2525, .F. ) ;
#2729 = ORIENTED_EDGE ( 'NONE', *, *, #3319, .T. ) ;
#2730 = VERTEX_POINT ( 'NONE', #1616 ) ;
#2731 = CARTESIAN_POINT ( 'NONE',  ( 0.000000000000000000, 0.000000000000000000, 0.000000000000000000 ) ) ;
#2732 = EDGE_CURVE ( 'NONE', #1889, #3051, #606, .T. ) ;
#2733 = CYLINDRICAL_SURFACE ( 'NONE', #1527, 11.19999999999999929 ) ;
#2734 = DIRECTION ( 'NONE',  ( -1.000000000000000000, 0.000000000000000000, 0.000000000000000000 ) ) ;
#2735 = DIRECTION ( 'NONE',  ( 0.000000000000000000, 0.000000000000000000, -1.000000000000000000 ) ) ;
#2736 = EDGE_CURVE ( 'NONE', #2053, #3540, #2944, .T. ) ;
#2737 = DIRECTION ( 'NONE',  ( 0.000000000000000000, 0.000000000000000000, 1.000000000000000000 ) ) ;
#2738 = ORIENTED_EDGE ( 'NONE', *, *, #4302, .T. ) ;
#2739 = DIRECTION ( 'NONE',  ( 0.000000000000000000, -0.7818314824680351327, 0.6234898018587268220 ) ) ;
#2740 = ORIENTED_EDGE ( 'NONE', *, *, #4371, .T. ) ;
#2741 = DIRECTION ( 'NONE',  ( 0.000000000000000000, -0.6234898018587239354, -0.7818314824680374642 ) ) ;
#2742 = ORIENTED_EDGE ( 'NONE', *, *, #420, .F. ) ;
#2743 = CARTESIAN_POINT ( 'NONE',  ( 7.000000000000000888, -4.765074104333633542, -25.04981177135286430 ) ) ;
#2744 = CARTESIAN_POINT ( 'NONE',  ( 7.000000000000000888, 25.71224702882835089, 15.45575468000535935 ) ) ;
#2745 = ORIENTED_EDGE ( 'NONE', *, *, #3384, .F. ) ;
#2746 = ADVANCED_FACE ( 'NONE', ( #4105 ), #1709, .T. ) ;
#2747 = VERTEX_POINT ( 'NONE', #3435 ) ;
#2748 = ORIENTED_EDGE ( 'NONE', *, *, #1446, .F. ) ;
#2749 = CARTESIAN_POINT ( 'NONE',  ( 7.000000000000000888, 25.48208943086009626, -0.9285037628614137839 ) ) ;
#2750 = DIRECTION ( 'NONE',  ( -1.000000000000000000, -0.000000000000000000, 0.000000000000000000 ) ) ;
#2751 = EDGE_CURVE ( 'NONE', #837, #2974, #716, .T. ) ;
#2752 = ORIENTED_EDGE ( 'NONE', *, *, #1228, .T. ) ;
#2753 = ORIENTED_EDGE ( 'NONE', *, *, #3722, .T. ) ;
#2754 = DIRECTION ( 'NONE',  ( -1.000000000000000000, 0.000000000000000000, 0.000000000000000000 ) ) ;
#2755 = CARTESIAN_POINT ( 'NONE',  ( 7.000000000000000888, 10.21971125872147113, -23.36143195072514445 ) ) ;
#2756 = CIRCLE ( 'NONE', #1131, 30.00000000000000000 ) ;
#2757 = AXIS2_PLACEMENT_3D ( 'NONE', #2628, #2279, #441 ) ;
#2758 = DIRECTION ( 'NONE',  ( -1.000000000000000000, -0.000000000000000000, -0.000000000000000000 ) ) ;
#2759 = CARTESIAN_POINT ( 'NONE',  ( 0.000000000000000000, 2.769027914639860644, -29.87193472823521390 ) ) ;
#2760 = DIRECTION ( 'NONE',  ( -1.000000000000000000, -0.000000000000000000, -0.000000000000000000 ) ) ;
#2761 = DIRECTION ( 'NONE',  ( -1.000000000000000000, 0.000000000000000000, 0.000000000000000000 ) ) ;
#2762 = ADVANCED_FACE ( 'NONE', ( #1287 ), #2059, .T. ) ;
#2763 = CIRCLE ( 'NONE', #916, 25.49899999999999523 ) ;
#2764 = AXIS2_PLACEMENT_3D ( 'NONE', #1618, #161, #1535 ) ;
#2765 = VERTEX_POINT ( 'NONE', #636 ) ;
#2766 = VERTEX_POINT ( 'NONE', #2759 ) ;
#2767 = AXIS2_PLACEMENT_3D ( 'NONE', #865, #1859, #1929 ) ;
#2768 = DIRECTION ( 'NONE',  ( -1.000000000000000000, -0.000000000000000000, 0.000000000000000000 ) ) ;
#2769 = CIRCLE ( 'NONE', #1204, 2.500000000000000000 ) ;
#2770 = CYLINDRICAL_SURFACE ( 'NONE', #1163, 2.500000000000000000 ) ;
#2771 = CARTESIAN_POINT ( 'NONE',  ( 0.000000000000000000, 0.9285037628616775729, -25.48208943086008560 ) ) ;
#2772 = AXIS2_PLACEMENT_3D ( 'NONE', #549, #1297, #1951 ) ;
#2773 = FACE_OUTER_BOUND ( 'NONE', #138, .T. ) ;
#2774 = CARTESIAN_POINT ( 'NONE',  ( 0.000000000000000000, 25.77586589148981133, 5.281492161082729453 ) ) ;
#2775 = FACE_OUTER_BOUND ( 'NONE', #1185, .T. ) ;
#2776 = EDGE_LOOP ( 'NONE', ( #4565, #283, #1513, #2635 ) ) ;
#2777 = VECTOR ( 'NONE', #228, 1000.000000000000000 ) ;
#2778 = ORIENTED_EDGE ( 'NONE', *, *, #2238, .F. ) ;
#2779 = ORIENTED_EDGE ( 'NONE', *, *, #1948, .F. ) ;
#2780 = EDGE_CURVE ( 'NONE', #1812, #2949, #412, .T. ) ;
#2781 = EDGE_LOOP ( 'NONE', ( #3084, #330, #3111, #1362 ) ) ;
#2782 = CARTESIAN_POINT ( 'NONE',  ( 7.000000000000000888, -25.48208943086008915, -0.9285037628615885330 ) ) ;
#2783 = DIRECTION ( 'NONE',  ( -1.000000000000000000, -0.000000000000000000, -0.000000000000000000 ) ) ;
#2784 = DIRECTION ( 'NONE',  ( 0.000000000000000000, 0.000000000000000000, 1.000000000000000000 ) ) ;
#2785 = CARTESIAN_POINT ( 'NONE',  ( 7.000000000000000888, 0.000000000000000000, 0.000000000000000000 ) ) ;
#2786 = VERTEX_POINT ( 'NONE', #4495 ) ;
#2787 = ORIENTED_EDGE ( 'NONE', *, *, #4251, .T. ) ;
#2788 = AXIS2_PLACEMENT_3D ( 'NONE', #74, #3227, #2446 ) ;
#2789 = VECTOR ( 'NONE', #3929, 1000.000000000000000 ) ;
#2790 = DIRECTION ( 'NONE',  ( -1.000000000000000000, 0.000000000000000000, 0.000000000000000000 ) ) ;
#2791 = CARTESIAN_POINT ( 'NONE',  ( 7.000000000000000888, -25.51480627843073989, 4.774730941213675806 ) ) ;
#2792 = AXIS2_PLACEMENT_3D ( 'NONE', #3652, #515, #1913 ) ;
#2793 = VERTEX_POINT ( 'NONE', #1660 ) ;
#2794 = ORIENTED_EDGE ( 'NONE', *, *, #809, .F. ) ;
#2795 = ORIENTED_EDGE ( 'NONE', *, *, #2780, .T. ) ;
#2796 = CARTESIAN_POINT ( 'NONE',  ( 7.000000000000000888, 0.000000000000000000, 0.000000000000000000 ) ) ;
#2797 = CARTESIAN_POINT ( 'NONE',  ( 7.000000000000000888, 5.281492161082640635, 25.77586589148982199 ) ) ;
#2798 = DIRECTION ( 'NONE',  ( 0.000000000000000000, 0.000000000000000000, 1.000000000000000000 ) ) ;
#2799 = EDGE_CURVE ( 'NONE', #4580, #2066, #3091, .T. ) ;
#2800 = ORIENTED_EDGE ( 'NONE', *, *, #2030, .T. ) ;
#2801 = VECTOR ( 'NONE', #1166, 1000.000000000000000 ) ;
#2802 = ADVANCED_FACE ( 'NONE', ( #1988 ), #3406, .T. ) ;
#2803 = ORIENTED_EDGE ( 'NONE', *, *, #2515, .T. ) ;
#2804 = DIRECTION ( 'NONE',  ( -1.000000000000000000, -0.000000000000000000, -0.000000000000000000 ) ) ;
#2805 = AXIS2_PLACEMENT_3D ( 'NONE', #1226, #2642, #2688 ) ;
#2806 = ORIENTED_EDGE ( 'NONE', *, *, #402, .F. ) ;
#2807 = ORIENTED_EDGE ( 'NONE', *, *, #174, .T. ) ;
#2808 = FACE_OUTER_BOUND ( 'NONE', #818, .T. ) ;
#2809 = FACE_OUTER_BOUND ( 'NONE', #2723, .T. ) ;
#2810 = ORIENTED_EDGE ( 'NONE', *, *, #2470, .F. ) ;
#2811 = DIRECTION ( 'NONE',  ( -1.000000000000000000, 0.000000000000000000, 0.000000000000000000 ) ) ;
#2812 = DIRECTION ( 'NONE',  ( 0.000000000000000000, 0.000000000000000000, -1.000000000000000000 ) ) ;
#2813 = EDGE_CURVE ( 'NONE', #1755, #3745, #2469, .T. ) ;
#2814 = ORIENTED_EDGE ( 'NONE', *, *, #3182, .F. ) ;
#2815 = ORIENTED_EDGE ( 'NONE', *, *, #1765, .F. ) ;
#2816 = FACE_OUTER_BOUND ( 'NONE', #2776, .T. ) ;
#2817 = VERTEX_POINT ( 'NONE', #1361 ) ;
#2818 = ORIENTED_EDGE ( 'NONE', *, *, #4402, .T. ) ;
#2819 = CARTESIAN_POINT ( 'NONE',  ( 3.500000000000000444, -25.08127967860437835, 16.45993346534628543 ) ) ;
#2820 = FACE_OUTER_BOUND ( 'NONE', #1016, .T. ) ;
#2821 = CARTESIAN_POINT ( 'NONE',  ( 7.000000000000000888, -28.11511939947768468, -10.46613878911957762 ) ) ;
#2822 = EDGE_LOOP ( 'NONE', ( #3639, #4014, #4346, #483 ) ) ;
#2823 = ADVANCED_FACE ( 'NONE', ( #3483 ), #560, .T. ) ;
#2824 = EDGE_LOOP ( 'NONE', ( #4334, #980 ) ) ;
#2825 = ORIENTED_EDGE ( 'NONE', *, *, #2581, .T. ) ;
#2826 = ORIENTED_EDGE ( 'NONE', *, *, #3860, .F. ) ;
#2827 = DIRECTION ( 'NONE',  ( -1.000000000000000000, 0.000000000000000000, -0.000000000000000000 ) ) ;
#2828 = VERTEX_POINT ( 'NONE', #908 ) ;
#2829 = ORIENTED_EDGE ( 'NONE', *, *, #2549, .T. ) ;
#2830 = CARTESIAN_POINT ( 'NONE',  ( 7.000000000000000888, -0.5865956258980682403, 26.30485368663591927 ) ) ;
#2831 = DIRECTION ( 'NONE',  ( 0.000000000000000000, 0.000000000000000000, 1.000000000000000000 ) ) ;
#2832 = VERTEX_POINT ( 'NONE', #3041 ) ;
#2833 = VERTEX_POINT ( 'NONE', #4447 ) ;
#2834 = LINE ( 'NONE', #710, #4063 ) ;
#2835 = DIRECTION ( 'NONE',  ( 0.000000000000000000, 0.000000000000000000, 1.000000000000000000 ) ) ;
#2836 = AXIS2_PLACEMENT_3D ( 'NONE', #4230, #455, #1054 ) ;
#2837 = CIRCLE ( 'NONE', #540, 11.20000000000000284 ) ;
#2838 = ORIENTED_EDGE ( 'NONE', *, *, #2041, .F. ) ;
#2839 = FACE_BOUND ( 'NONE', #2824, .T. ) ;
#2840 = VERTEX_POINT ( 'NONE', #1266 ) ;
#2841 = EDGE_CURVE ( 'NONE', #2270, #2786, #934, .T. ) ;
#2842 = DIRECTION ( 'NONE',  ( 0.000000000000000000, 0.000000000000000000, 1.000000000000000000 ) ) ;
#2843 = AXIS2_PLACEMENT_3D ( 'NONE', #1600, #2363, #4181 ) ;
#2844 = CIRCLE ( 'NONE', #1273, 30.00000000000000000 ) ;
#2845 = CARTESIAN_POINT ( 'NONE',  ( 0.000000000000000000, 23.36143195072538958, -10.21971125872089914 ) ) ;
#2846 = VECTOR ( 'NONE', #3667, 1000.000000000000000 ) ;
#2847 = DIRECTION ( 'NONE',  ( 0.000000000000000000, 0.000000000000000000, -1.000000000000000000 ) ) ;
#2848 = ORIENTED_EDGE ( 'NONE', *, *, #1346, .T. ) ;
#2849 = VECTOR ( 'NONE', #1700, 1000.000000000000000 ) ;
#2850 = ORIENTED_EDGE ( 'NONE', *, *, #1515, .T. ) ;
#2851 = EDGE_LOOP ( 'NONE', ( #3018, #3486, #3211, #271 ) ) ;
#2852 = EDGE_CURVE ( 'NONE', #1722, #4006, #1213, .T. ) ;
#2853 = EDGE_CURVE ( 'NONE', #2312, #2163, #3785, .T. ) ;
#2854 = AXIS2_PLACEMENT_3D ( 'NONE', #3973, #3471, #2573 ) ;
#2855 = CARTESIAN_POINT ( 'NONE',  ( 7.000000000000000888, -29.87193472823526363, 2.769027914639340171 ) ) ;
#2856 = DIRECTION ( 'NONE',  ( -1.000000000000000000, -0.000000000000000000, -0.000000000000000000 ) ) ;
#2857 = VECTOR ( 'NONE', #2686, 1000.000000000000000 ) ;
#2858 = CARTESIAN_POINT ( 'NONE',  ( 10.00000000000000000, 8.000000000000000000, -1.600000000000000311 ) ) ;
#2859 = DIRECTION ( 'NONE',  ( 0.000000000000000000, 0.000000000000000000, 1.000000000000000000 ) ) ;
#2860 = AXIS2_PLACEMENT_3D ( 'NONE', #1002, #3765, #3459 ) ;
#2861 = CARTESIAN_POINT ( 'NONE',  ( 7.000000000000000888, 16.45993346534636714, 25.08127967860433216 ) ) ;
#2862 = DIRECTION ( 'NONE',  ( -1.000000000000000000, 0.000000000000000000, -0.000000000000000000 ) ) ;
#2863 = DIRECTION ( 'NONE',  ( -1.000000000000000000, 0.000000000000000000, 0.000000000000000000 ) ) ;
#2864 = EDGE_CURVE ( 'NONE', #323, #3087, #3814, .T. ) ;
#2865 = ORIENTED_EDGE ( 'NONE', *, *, #3377, .T. ) ;
#2866 = EDGE_LOOP ( 'NONE', ( #682, #4488, #3173, #1120 ) ) ;
#2867 = DIRECTION ( 'NONE',  ( 0.000000000000000000, 0.9009688679024172586, 0.4338837391175620062 ) ) ;
#2868 = CARTESIAN_POINT ( 'NONE',  ( 7.000000000000000888, 29.87193472823524232, 2.769027914639546673 ) ) ;
#2869 = ORIENTED_EDGE ( 'NONE', *, *, #4302, .F. ) ;
#2870 = CARTESIAN_POINT ( 'NONE',  ( -10.00000000000000000, 0.000000000000000000, 0.000000000000000000 ) ) ;
#2871 = FACE_OUTER_BOUND ( 'NONE', #3645, .T. ) ;
#2872 = EDGE_CURVE ( 'NONE', #2832, #4037, #3002, .T. ) ;
#2873 = DIRECTION ( 'NONE',  ( 1.000000000000000000, -0.000000000000000000, -0.000000000000000000 ) ) ;
#2874 = DIRECTION ( 'NONE',  ( 0.000000000000000000, -0.4338837391175651703, 0.9009688679024158153 ) ) ;
#2875 = AXIS2_PLACEMENT_3D ( 'NONE', #4197, #1022, #2424 ) ;
#2876 = ORIENTED_EDGE ( 'NONE', *, *, #1294, .F. ) ;
#2877 = EDGE_LOOP ( 'NONE', ( #835, #3473, #1047, #1387 ) ) ;
#2878 = ORIENTED_EDGE ( 'NONE', *, *, #1347, .T. ) ;
#2879 = EDGE_CURVE ( 'NONE', #1364, #2765, #582, .T. ) ;
#2880 = AXIS2_PLACEMENT_3D ( 'NONE', #3949, #789, #562 ) ;
#2881 = CARTESIAN_POINT ( 'NONE',  ( 7.000000000000000888, 0.000000000000000000, 0.000000000000000000 ) ) ;
#2882 = DIRECTION ( 'NONE',  ( -1.000000000000000000, 0.000000000000000000, 0.000000000000000000 ) ) ;
#2883 = ORIENTED_EDGE ( 'NONE', *, *, #4260, .T. ) ;
#2884 = DIRECTION ( 'NONE',  ( -1.000000000000000000, -0.000000000000000000, 0.000000000000000000 ) ) ;
#2885 = DIRECTION ( 'NONE',  ( -1.000000000000000000, -0.000000000000000000, 0.000000000000000000 ) ) ;
#2886 =( NAMED_UNIT ( * ) SI_UNIT ( $, .STERADIAN. ) SOLID_ANGLE_UNIT ( ) );
#2887 = CARTESIAN_POINT ( 'NONE',  ( 7.000000000000000888, 0.000000000000000000, 0.000000000000000000 ) ) ;
#2888 = EDGE_CURVE ( 'NONE', #676, #3093, #3455, .T. ) ;
#2889 = DIRECTION ( 'NONE',  ( -1.000000000000000000, 0.000000000000000000, 0.000000000000000000 ) ) ;
#2890 = VECTOR ( 'NONE', #4519, 1000.000000000000000 ) ;
#2891 = EDGE_CURVE ( 'NONE', #4011, #82, #4325, .T. ) ;
#2892 = ORIENTED_EDGE ( 'NONE', *, *, #4203, .F. ) ;
#2893 = CARTESIAN_POINT ( 'NONE',  ( 0.000000000000000000, 0.000000000000000000, 0.000000000000000000 ) ) ;
#2894 = FACE_OUTER_BOUND ( 'NONE', #1173, .T. ) ;
#2895 = ORIENTED_EDGE ( 'NONE', *, *, #3611, .T. ) ;
#2896 = CARTESIAN_POINT ( 'NONE',  ( 0.000000000000000000, 15.16188941679865998, -20.50161238324362500 ) ) ;
#2897 = EDGE_LOOP ( 'NONE', ( #1298, #84, #3853, #900 ) ) ;
#2898 = DIRECTION ( 'NONE',  ( 1.000000000000000000, 0.000000000000000000, 0.000000000000000000 ) ) ;
#2899 = DIRECTION ( 'NONE',  ( 1.000000000000000000, 0.000000000000000000, 0.000000000000000000 ) ) ;
#2900 = ORIENTED_EDGE ( 'NONE', *, *, #1312, .T. ) ;
#2901 = VERTEX_POINT ( 'NONE', #4492 ) ;
#2902 = FACE_OUTER_BOUND ( 'NONE', #1378, .T. ) ;
#2903 = CARTESIAN_POINT ( 'NONE',  ( 7.000000000000000888, 0.000000000000000000, 0.000000000000000000 ) ) ;
#2904 = VERTEX_POINT ( 'NONE', #3807 ) ;
#2905 = EDGE_CURVE ( 'NONE', #1755, #63, #2336, .T. ) ;
#2906 = CYLINDRICAL_SURFACE ( 'NONE', #230, 11.19999999999999929 ) ;
#2907 = ADVANCED_FACE ( 'NONE', ( #4423 ), #3385, .T. ) ;
#2908 = DIRECTION ( 'NONE',  ( -1.000000000000000000, -0.000000000000000000, -0.000000000000000000 ) ) ;
#2909 = CARTESIAN_POINT ( 'NONE',  ( -10.00000000000000000, 0.000000000000000000, 0.000000000000000000 ) ) ;
#2910 = DIRECTION ( 'NONE',  ( 0.000000000000000000, 0.000000000000000000, 1.000000000000000000 ) ) ;
#2911 = ORIENTED_EDGE ( 'NONE', *, *, #4335, .T. ) ;
#2912 = DIRECTION ( 'NONE',  ( 0.000000000000000000, 0.000000000000000000, 1.000000000000000000 ) ) ;
#2913 = EDGE_CURVE ( 'NONE', #1943, #2323, #604, .T. ) ;
#2914 = CYLINDRICAL_SURFACE ( 'NONE', #2245, 25.49899999999999523 ) ;
#2915 = DIRECTION ( 'NONE',  ( 0.000000000000000000, 0.000000000000000000, 1.000000000000000000 ) ) ;
#2916 = EDGE_CURVE ( 'NONE', #3461, #4148, #3524, .T. ) ;
#2917 = DIRECTION ( 'NONE',  ( 1.000000000000000000, 0.000000000000000000, 0.000000000000000000 ) ) ;
#2918 = CIRCLE ( 'NONE', #616, 11.20000000000000107 ) ;
#2919 = CARTESIAN_POINT ( 'NONE',  ( 0.000000000000000000, 29.73914963514684473, -3.947528211215859617 ) ) ;
#2920 = EDGE_LOOP ( 'NONE', ( #378, #45, #3156, #626 ) ) ;
#2921 = CIRCLE ( 'NONE', #1195, 11.20000000000000107 ) ;
#2922 = CARTESIAN_POINT ( 'NONE',  ( 7.000000000000000888, -22.55570658189509459, -11.89281722685814557 ) ) ;
#2923 = AXIS2_PLACEMENT_3D ( 'NONE', #2093, #1051, #4523 ) ;
#2924 = ORIENTED_EDGE ( 'NONE', *, *, #4469, .T. ) ;
#2925 = EDGE_LOOP ( 'NONE', ( #1212, #109, #229, #1274 ) ) ;
#2926 = VECTOR ( 'NONE', #4339, 1000.000000000000000 ) ;
#2927 = VECTOR ( 'NONE', #3068, 1000.000000000000000 ) ;
#2928 = ORIENTED_EDGE ( 'NONE', *, *, #870, .T. ) ;
#2929 = ORIENTED_EDGE ( 'NONE', *, *, #3133, .F. ) ;
#2930 = DIRECTION ( 'NONE',  ( 0.000000000000000000, 0.000000000000000000, 1.000000000000000000 ) ) ;
#2931 = CARTESIAN_POINT ( 'NONE',  ( 0.000000000000000000, 0.000000000000000000, 0.000000000000000000 ) ) ;
#2932 = AXIS2_PLACEMENT_3D ( 'NONE', #3914, #1174, #1520 ) ;
#2933 = ORIENTED_EDGE ( 'NONE', *, *, #862, .F. ) ;
#2934 = VECTOR ( 'NONE', #68, 1000.000000000000000 ) ;
#2935 = DIRECTION ( 'NONE',  ( 1.000000000000000000, 0.000000000000000000, 0.000000000000000000 ) ) ;
#2936 = VECTOR ( 'NONE', #2685, 1000.000000000000000 ) ;
#2937 = DIRECTION ( 'NONE',  ( 0.000000000000000000, 0.000000000000000000, 1.000000000000000000 ) ) ;
#2938 = ADVANCED_FACE ( 'NONE', ( #2354 ), #3431, .T. ) ;
#2939 = DIRECTION ( 'NONE',  ( -1.000000000000000000, 0.000000000000000000, 0.000000000000000000 ) ) ;
#2940 = DIRECTION ( 'NONE',  ( -1.000000000000000000, -0.000000000000000000, -0.000000000000000000 ) ) ;
#2941 = EDGE_LOOP ( 'NONE', ( #1590, #1403, #1106, #1259 ) ) ;
#2942 = FACE_OUTER_BOUND ( 'NONE', #491, .T. ) ;
#2943 = ORIENTED_EDGE ( 'NONE', *, *, #1385, .F. ) ;
#2944 = CIRCLE ( 'NONE', #180, 25.49899999999999167 ) ;
#2945 = DIRECTION ( 'NONE',  ( -1.000000000000000000, -0.000000000000000000, -0.000000000000000000 ) ) ;
#2946 = CARTESIAN_POINT ( 'NONE',  ( 7.000000000000000888, -6.425269058785890053, -25.51480627843085003 ) ) ;
#2947 = DIRECTION ( 'NONE',  ( 0.000000000000000000, 0.9009688679024172586, 0.4338837391175620062 ) ) ;
#2948 = FACE_OUTER_BOUND ( 'NONE', #3648, .T. ) ;
#2949 = VERTEX_POINT ( 'NONE', #3403 ) ;
#2950 = CARTESIAN_POINT ( 'NONE',  ( 7.000000000000000888, 0.000000000000000000, 0.000000000000000000 ) ) ;
#2951 = ORIENTED_EDGE ( 'NONE', *, *, #2905, .F. ) ;
#2952 = AXIS2_PLACEMENT_3D ( 'NONE', #24, #3846, #2859 ) ;
#2953 = ORIENTED_EDGE ( 'NONE', *, *, #996, .T. ) ;
#2954 = EDGE_CURVE ( 'NONE', #3015, #1069, #3072, .T. ) ;
#2955 = AXIS2_PLACEMENT_3D ( 'NONE', #1222, #4059, #2283 ) ;
#2956 = CYLINDRICAL_SURFACE ( 'NONE', #1063, 30.00000000000000000 ) ;
#2957 = CARTESIAN_POINT ( 'NONE',  ( 7.000000000000000888, 26.30485368663591927, -0.5865956258979815319 ) ) ;
#2958 = ORIENTED_EDGE ( 'NONE', *, *, #1589, .F. ) ;
#2959 = LINE ( 'NONE', #1910, #1339 ) ;
#2960 = VECTOR ( 'NONE', #2159, 1000.000000000000000 ) ;
#2961 = DIRECTION ( 'NONE',  ( 0.000000000000000000, 0.000000000000000000, 1.000000000000000000 ) ) ;
#2962 = CARTESIAN_POINT ( 'NONE',  ( 7.000000000000000000, 0.000000000000000000, 0.000000000000000000 ) ) ;
#2963 = CARTESIAN_POINT ( 'NONE',  ( 7.000000000000000888, 4.765074104334134475, -25.04981177135277548 ) ) ;
#2964 = CARTESIAN_POINT ( 'NONE',  ( 7.000000000000000888, 0.000000000000000000, 0.000000000000000000 ) ) ;
#2965 = CIRCLE ( 'NONE', #2805, 11.19999999999999751 ) ;
#2966 = DIRECTION ( 'NONE',  ( 0.000000000000000000, -6.982962677686266711E-15, 1.000000000000000000 ) ) ;
#2967 = EDGE_CURVE ( 'NONE', #751, #4487, #2255, .T. ) ;
#2968 = DIRECTION ( 'NONE',  ( -1.000000000000000000, -0.000000000000000000, 0.000000000000000000 ) ) ;
#2969 = AXIS2_PLACEMENT_3D ( 'NONE', #3477, #2398, #1632 ) ;
#2970 = ORIENTED_EDGE ( 'NONE', *, *, #1020, .F. ) ;
#2971 = DIRECTION ( 'NONE',  ( 1.000000000000000000, 0.000000000000000000, 0.000000000000000000 ) ) ;
#2972 = VERTEX_POINT ( 'NONE', #975 ) ;
#2973 = DIRECTION ( 'NONE',  ( -1.000000000000000000, 0.000000000000000000, 0.000000000000000000 ) ) ;
#2974 = VERTEX_POINT ( 'NONE', #2374 ) ;
#2975 = DIRECTION ( 'NONE',  ( -1.000000000000000000, 0.000000000000000000, 0.000000000000000000 ) ) ;
#2976 = EDGE_CURVE ( 'NONE', #1334, #3093, #1368, .T. ) ;
#2977 = CYLINDRICAL_SURFACE ( 'NONE', #920, 11.19999999999999929 ) ;
#2978 = CARTESIAN_POINT ( 'NONE',  ( 0.000000000000000000, 20.50161238324379198, 15.16188941679843794 ) ) ;
#2979 = DIRECTION ( 'NONE',  ( -1.000000000000000000, -0.000000000000000000, 0.000000000000000000 ) ) ;
#2980 = ORIENTED_EDGE ( 'NONE', *, *, #165, .F. ) ;
#2981 = CARTESIAN_POINT ( 'NONE',  ( 7.000000000000000888, 15.16188941679865820, -20.50161238324362500 ) ) ;
#2982 = CARTESIAN_POINT ( 'NONE',  ( 7.000000000000000888, -20.20022636336494060, 16.85942694080857152 ) ) ;
#2983 = DIRECTION ( 'NONE',  ( 0.000000000000000000, 0.000000000000000000, 1.000000000000000000 ) ) ;
#2984 = CARTESIAN_POINT ( 'NONE',  ( 0.000000000000000000, 11.89281722685791642, 22.55570658189521893 ) ) ;
#2985 = DIRECTION ( 'NONE',  ( -1.000000000000000000, -0.000000000000000000, -0.000000000000000000 ) ) ;
#2986 = EDGE_LOOP ( 'NONE', ( #2017, #1464, #3207, #3081 ) ) ;
#2987 = EDGE_CURVE ( 'NONE', #1069, #2348, #3970, .T. ) ;
#2988 = DIRECTION ( 'NONE',  ( -1.000000000000000000, 0.000000000000000000, 0.000000000000000000 ) ) ;
#2989 = EDGE_CURVE ( 'NONE', #2607, #4441, #1705, .T. ) ;
#2990 = VERTEX_POINT ( 'NONE', #4079 ) ;
#2991 = EDGE_LOOP ( 'NONE', ( #2702, #3920, #3132, #521 ) ) ;
#2992 = VECTOR ( 'NONE', #216, 1000.000000000000000 ) ;
#2993 = ADVANCED_FACE ( 'NONE', ( #1262 ), #3741, .T. ) ;
#2994 = CYLINDRICAL_SURFACE ( 'NONE', #163, 25.49899999999999523 ) ;
#2995 = CIRCLE ( 'NONE', #3426, 25.49899999999999167 ) ;
#2996 = CIRCLE ( 'NONE', #1509, 25.49899999999999167 ) ;
#2997 = LINE ( 'NONE', #490, #513 ) ;
#2998 = CIRCLE ( 'NONE', #993, 11.19999999999999929 ) ;
#2999 = DIRECTION ( 'NONE',  ( 1.000000000000000000, -0.000000000000000000, 0.000000000000000000 ) ) ;
#3000 = CARTESIAN_POINT ( 'NONE',  ( 7.000000000000000888, 10.21971125872115138, 23.36143195072528300 ) ) ;
#3001 = CARTESIAN_POINT ( 'NONE',  ( 7.000000000000000888, 20.93169914448970914, -15.94218908519826705 ) ) ;
#3002 = CIRCLE ( 'NONE', #3600, 25.49899999999999523 ) ;
#3003 = CARTESIAN_POINT ( 'NONE',  ( 7.000000000000000888, 0.000000000000000000, 0.000000000000000000 ) ) ;
#3004 = ORIENTED_EDGE ( 'NONE', *, *, #363, .F. ) ;
#3005 = ORIENTED_EDGE ( 'NONE', *, *, #3246, .F. ) ;
#3006 = ADVANCED_FACE ( 'NONE', ( #3037 ), #4281, .T. ) ;
#3007 = CARTESIAN_POINT ( 'NONE',  ( 7.000000000000000888, 28.11511939947790495, -10.46613878911898432 ) ) ;
#3008 = FACE_OUTER_BOUND ( 'NONE', #527, .T. ) ;
#3009 = CARTESIAN_POINT ( 'NONE',  ( 7.000000000000000888, -25.08127967860416518, -16.45993346534662649 ) ) ;
#3010 = AXIS2_PLACEMENT_3D ( 'NONE', #4211, #2718, #591 ) ;
#3011 = ORIENTED_EDGE ( 'NONE', *, *, #3945, .F. ) ;
#3012 = CARTESIAN_POINT ( 'NONE',  ( 7.000000000000000888, -19.34378712898080011, 16.61375636358847174 ) ) ;
#3013 = EDGE_CURVE ( 'NONE', #2695, #557, #643, .T. ) ;
#3014 = EDGE_CURVE ( 'NONE', #3164, #1451, #3306, .T. ) ;
#3015 = VERTEX_POINT ( 'NONE', #1458 ) ;
#3016 = CARTESIAN_POINT ( 'NONE',  ( 7.000000000000000888, -11.89281722685806741, 22.55570658189513722 ) ) ;
#3017 = ORIENTED_EDGE ( 'NONE', *, *, #571, .T. ) ;
#3018 = ORIENTED_EDGE ( 'NONE', *, *, #2879, .T. ) ;
#3019 = CARTESIAN_POINT ( 'NONE',  ( 0.000000000000000000, 11.94175267147963027, 23.44533994287254686 ) ) ;
#3020 = LINE ( 'NONE', #2590, #860 ) ;
#3021 = CARTESIAN_POINT ( 'NONE',  ( 7.000000000000000888, 6.575522574293017009, -24.63658872236500841 ) ) ;
#3022 = FACE_OUTER_BOUND ( 'NONE', #3103, .T. ) ;
#3023 = EDGE_CURVE ( 'NONE', #2136, #2187, #3577, .T. ) ;
#3024 = CIRCLE ( 'NONE', #581, 11.19999999999999929 ) ;
#3025 = CARTESIAN_POINT ( 'NONE',  ( 0.000000000000000000, 0.000000000000000000, 0.000000000000000000 ) ) ;
#3026 = ORIENTED_EDGE ( 'NONE', *, *, #2523, .T. ) ;
#3027 = AXIS2_PLACEMENT_3D ( 'NONE', #3744, #892, #2247 ) ;
#3028 = CARTESIAN_POINT ( 'NONE',  ( 7.000000000000000888, 22.55570658189517985, 11.89281722685799103 ) ) ;
#3029 = DIRECTION ( 'NONE',  ( -1.000000000000000000, -0.000000000000000000, 0.000000000000000000 ) ) ;
#3030 = AXIS2_PLACEMENT_3D ( 'NONE', #1592, #3780, #600 ) ;
#3031 = CARTESIAN_POINT ( 'NONE',  ( 7.000000000000000888, 0.9285037628616775729, -25.48208943086008560 ) ) ;
#3032 = FACE_OUTER_BOUND ( 'NONE', #4119, .T. ) ;
#3033 = ADVANCED_FACE ( 'NONE', ( #4587 ), #1773, .T. ) ;
#3034 = ORIENTED_EDGE ( 'NONE', *, *, #765, .T. ) ;
#3035 = DIRECTION ( 'NONE',  ( -1.000000000000000000, -0.000000000000000000, 0.000000000000000000 ) ) ;
#3036 = ADVANCED_FACE ( 'NONE', ( #2492 ), #4195, .T. ) ;
#3037 = FACE_OUTER_BOUND ( 'NONE', #1443, .T. ) ;
#3038 = DIRECTION ( 'NONE',  ( 0.000000000000000000, 0.2225209339563147815, -0.9749279121818235083 ) ) ;
#3039 = EDGE_CURVE ( 'NONE', #1565, #3198, #1216, .T. ) ;
#3040 = DIRECTION ( 'NONE',  ( 1.000000000000000000, 0.000000000000000000, 0.000000000000000000 ) ) ;
#3041 = CARTESIAN_POINT ( 'NONE',  ( 7.000000000000000888, 23.36143195072538958, -10.21971125872089914 ) ) ;
#3042 = DIRECTION ( 'NONE',  ( -1.000000000000000000, 0.000000000000000000, -0.000000000000000000 ) ) ;
#3043 = CARTESIAN_POINT ( 'NONE',  ( 7.000000000000000888, 0.000000000000000000, 0.000000000000000000 ) ) ;
#3044 = ORIENTED_EDGE ( 'NONE', *, *, #1476, .F. ) ;
#3045 = CARTESIAN_POINT ( 'NONE',  ( 7.000000000000000888, 24.63658872236507236, 6.575522574292770983 ) ) ;
#3046 = ORIENTED_EDGE ( 'NONE', *, *, #1815, .T. ) ;
#3047 = CARTESIAN_POINT ( 'NONE',  ( 7.000000000000000888, -10.88474387751583627, -23.95436854990185793 ) ) ;
#3048 = CARTESIAN_POINT ( 'NONE',  ( 0.000000000000000000, 25.77586589148987528, -5.281492161082373293 ) ) ;
#3049 = LINE ( 'NONE', #1603, #2846 ) ;
#3050 = AXIS2_PLACEMENT_3D ( 'NONE', #1061, #417, #3222 ) ;
#3051 = VERTEX_POINT ( 'NONE', #3225 ) ;
#3052 = EDGE_LOOP ( 'NONE', ( #2079, #4549, #952, #2145 ) ) ;
#3053 = ORIENTED_EDGE ( 'NONE', *, *, #594, .T. ) ;
#3054 = VERTEX_POINT ( 'NONE', #3895 ) ;
#3055 = AXIS2_PLACEMENT_3D ( 'NONE', #3070, #1336, #4500 ) ;
#3056 = AXIS2_PLACEMENT_3D ( 'NONE', #3269, #798, #529 ) ;
#3057 = ORIENTED_EDGE ( 'NONE', *, *, #2271, .T. ) ;
#3058 = DIRECTION ( 'NONE',  ( 0.000000000000000000, -1.000000000000000000, -1.047444401652940007E-14 ) ) ;
#3059 = VERTEX_POINT ( 'NONE', #352 ) ;
#3060 = EDGE_CURVE ( 'NONE', #3310, #269, #1753, .T. ) ;
#3061 = CIRCLE ( 'NONE', #1935, 25.49899999999999167 ) ;
#3062 = CARTESIAN_POINT ( 'NONE',  ( 0.000000000000000000, -20.20022636336494060, 16.85942694080857152 ) ) ;
#3063 = CYLINDRICAL_SURFACE ( 'NONE', #3458, 11.20000000000000107 ) ;
#3064 = CYLINDRICAL_SURFACE ( 'NONE', #121, 25.49899999999999523 ) ;
#3065 = CARTESIAN_POINT ( 'NONE',  ( 0.000000000000000000, 0.000000000000000000, 0.000000000000000000 ) ) ;
#3066 = CIRCLE ( 'NONE', #2932, 30.00000000000000000 ) ;
#3067 = DIRECTION ( 'NONE',  ( 0.000000000000000000, -0.9009688679024232538, 0.4338837391175494607 ) ) ;
#3068 = DIRECTION ( 'NONE',  ( -1.000000000000000000, 0.000000000000000000, 0.000000000000000000 ) ) ;
#3069 = VECTOR ( 'NONE', #3122, 1000.000000000000000 ) ;
#3070 = CARTESIAN_POINT ( 'NONE',  ( 0.000000000000000000, 8.000000000000000000, 0.000000000000000000 ) ) ;
#3071 = ORIENTED_EDGE ( 'NONE', *, *, #2841, .T. ) ;
#3072 = CIRCLE ( 'NONE', #3675, 11.19999999999999929 ) ;
#3073 = CARTESIAN_POINT ( 'NONE',  ( 0.000000000000000000, 2.000000000000000000, 0.000000000000000000 ) ) ;
#3074 = DIRECTION ( 'NONE',  ( 0.000000000000000000, 0.000000000000000000, -1.000000000000000000 ) ) ;
#3075 = DIRECTION ( 'NONE',  ( 0.000000000000000000, 0.2225209339563148925, -0.9749279121818235083 ) ) ;
#3076 = ORIENTED_EDGE ( 'NONE', *, *, #3717, .T. ) ;
#3077 = ORIENTED_EDGE ( 'NONE', *, *, #577, .F. ) ;
#3078 = ORIENTED_EDGE ( 'NONE', *, *, #1239, .F. ) ;
#3079 = EDGE_CURVE ( 'NONE', #1350, #4363, #2705, .T. ) ;
#3080 = EDGE_LOOP ( 'NONE', ( #1325, #3105 ) ) ;
#3081 = ORIENTED_EDGE ( 'NONE', *, *, #16, .F. ) ;
#3082 = CIRCLE ( 'NONE', #4112, 1.600000000000000311 ) ;
#3083 = VECTOR ( 'NONE', #3937, 1000.000000000000000 ) ;
#3084 = ORIENTED_EDGE ( 'NONE', *, *, #4089, .F. ) ;
#3085 = CYLINDRICAL_SURFACE ( 'NONE', #3475, 25.49899999999999523 ) ;
#3086 = CIRCLE ( 'NONE', #1290, 30.00000000000000000 ) ;
#3087 = VERTEX_POINT ( 'NONE', #3602 ) ;
#3088 = CARTESIAN_POINT ( 'NONE',  ( 0.000000000000000000, -0.5865956258980682403, 26.30485368663591927 ) ) ;
#3089 = CARTESIAN_POINT ( 'NONE',  ( 0.000000000000000000, 25.71224702882856405, -15.45575468000499519 ) ) ;
#3090 = CARTESIAN_POINT ( 'NONE',  ( 7.000000000000000888, -6.425269058785890053, -25.51480627843085003 ) ) ;
#3091 = LINE ( 'NONE', #4175, #4471 ) ;
#3092 = DIRECTION ( 'NONE',  ( 0.000000000000000000, 0.000000000000000000, 1.000000000000000000 ) ) ;
#3093 = VERTEX_POINT ( 'NONE', #731 ) ;
#3094 = FACE_OUTER_BOUND ( 'NONE', #3143, .T. ) ;
#3095 = AXIS2_PLACEMENT_3D ( 'NONE', #2870, #4227, #3612 ) ;
#3096 = ORIENTED_EDGE ( 'NONE', *, *, #3319, .F. ) ;
#3097 = CARTESIAN_POINT ( 'NONE',  ( 3.500000000000000444, 29.87193472823523877, 2.769027914639546673 ) ) ;
#3098 = EDGE_CURVE ( 'NONE', #3380, #2348, #1081, .T. ) ;
#3099 = ORIENTED_EDGE ( 'NONE', *, *, #1239, .T. ) ;
#3100 = FACE_OUTER_BOUND ( 'NONE', #2506, .T. ) ;
#3101 = CARTESIAN_POINT ( 'NONE',  ( -10.00000000000000000, 0.000000000000000000, 0.000000000000000000 ) ) ;
#3102 = CYLINDRICAL_SURFACE ( 'NONE', #3501, 2.500000000000000000 ) ;
#3103 = EDGE_LOOP ( 'NONE', ( #4385, #3819, #1366, #2895 ) ) ;
#3104 = AXIS2_PLACEMENT_3D ( 'NONE', #3485, #2760, #3092 ) ;
#3105 = ORIENTED_EDGE ( 'NONE', *, *, #2575, .F. ) ;
#3106 = ORIENTED_EDGE ( 'NONE', *, *, #4276, .F. ) ;
#3107 = VERTEX_POINT ( 'NONE', #374 ) ;
#3108 = VECTOR ( 'NONE', #2352, 1000.000000000000000 ) ;
#3109 = CARTESIAN_POINT ( 'NONE',  ( -10.00000000000000000, 0.000000000000000000, 0.000000000000000000 ) ) ;
#3110 = DIRECTION ( 'NONE',  ( -1.000000000000000000, -0.000000000000000000, 0.000000000000000000 ) ) ;
#3111 = ORIENTED_EDGE ( 'NONE', *, *, #728, .T. ) ;
#3112 = DIRECTION ( 'NONE',  ( 1.000000000000000000, 0.000000000000000000, 0.000000000000000000 ) ) ;
#3113 = DIRECTION ( 'NONE',  ( -1.000000000000000000, 0.000000000000000000, 0.000000000000000000 ) ) ;
#3114 = DIRECTION ( 'NONE',  ( -1.000000000000000000, -0.000000000000000000, 0.000000000000000000 ) ) ;
#3115 = CARTESIAN_POINT ( 'NONE',  ( -10.00000000000000000, 0.000000000000000000, 0.000000000000000000 ) ) ;
#3116 = DIRECTION ( 'NONE',  ( -1.000000000000000000, 0.000000000000000000, 0.000000000000000000 ) ) ;
#3117 = CARTESIAN_POINT ( 'NONE',  ( 7.000000000000000888, -16.45993346534653767, 25.08127967860422203 ) ) ;
#3118 = EDGE_LOOP ( 'NONE', ( #217, #3686, #70, #2426 ) ) ;
#3119 = DIRECTION ( 'NONE',  ( -1.000000000000000000, 0.000000000000000000, -0.000000000000000000 ) ) ;
#3120 = EDGE_CURVE ( 'NONE', #3564, #2520, #3820, .T. ) ;
#3121 = DIRECTION ( 'NONE',  ( 0.000000000000000000, -0.9749279121818257288, 0.2225209339563049560 ) ) ;
#3122 = DIRECTION ( 'NONE',  ( -1.000000000000000000, 0.000000000000000000, 0.000000000000000000 ) ) ;
#3123 = DIRECTION ( 'NONE',  ( 0.000000000000000000, -0.6234898018587399227, 0.7818314824680246966 ) ) ;
#3124 = ADVANCED_FACE ( 'NONE', ( #3201 ), #2423, .F. ) ;
#3125 = ORIENTED_EDGE ( 'NONE', *, *, #397, .F. ) ;
#3126 = ORIENTED_EDGE ( 'NONE', *, *, #1316, .T. ) ;
#3127 = ORIENTED_EDGE ( 'NONE', *, *, #2630, .F. ) ;
#3128 = LINE ( 'NONE', #902, #3436 ) ;
#3129 = CARTESIAN_POINT ( 'NONE',  ( 3.499999999999999556, 10.46613878911928985, 28.11511939947778771 ) ) ;
#3130 = VECTOR ( 'NONE', #449, 1000.000000000000000 ) ;
#3131 = ORIENTED_EDGE ( 'NONE', *, *, #3597, .F. ) ;
#3132 = ORIENTED_EDGE ( 'NONE', *, *, #2197, .T. ) ;
#3133 = EDGE_CURVE ( 'NONE', #3705, #3925, #566, .T. ) ;
#3134 = CARTESIAN_POINT ( 'NONE',  ( 0.000000000000000000, -20.20022636336470612, -16.85942694080885218 ) ) ;
#3135 = CYLINDRICAL_SURFACE ( 'NONE', #2483, 30.00000000000000000 ) ;
#3136 = CIRCLE ( 'NONE', #4307, 30.00000000000000000 ) ;
#3137 = VECTOR ( 'NONE', #312, 1000.000000000000000 ) ;
#3138 = CARTESIAN_POINT ( 'NONE',  ( 7.000000000000000888, 23.95436854990190056, -10.88474387751574213 ) ) ;
#3139 = EDGE_LOOP ( 'NONE', ( #3720, #3644, #807, #4153 ) ) ;
#3140 = CARTESIAN_POINT ( 'NONE',  ( 0.000000000000000000, 29.73914963514679144, 3.947528211216258409 ) ) ;
#3141 = CARTESIAN_POINT ( 'NONE',  ( 7.000000000000000888, -0.9285037628611468863, -25.48208943086010692 ) ) ;
#3142 = VECTOR ( 'NONE', #382, 1000.000000000000000 ) ;
#3143 = EDGE_LOOP ( 'NONE', ( #1704, #949, #1170, #4223 ) ) ;
#3144 = ORIENTED_EDGE ( 'NONE', *, *, #1178, .T. ) ;
#3145 = CIRCLE ( 'NONE', #2314, 25.49899999999999523 ) ;
#3146 = CARTESIAN_POINT ( 'NONE',  ( 0.000000000000000000, -23.95436854990181885, 10.88474387751592332 ) ) ;
#3147 = VECTOR ( 'NONE', #3575, 1000.000000000000000 ) ;
#3148 = EDGE_LOOP ( 'NONE', ( #4275, #910, #456, #580 ) ) ;
#3149 = DIRECTION ( 'NONE',  ( -1.000000000000000000, -0.000000000000000000, 0.000000000000000000 ) ) ;
#3150 = AXIS2_PLACEMENT_3D ( 'NONE', #3048, #264, #4115 ) ;
#3151 = CARTESIAN_POINT ( 'NONE',  ( 3.499999999999999556, 29.73914963514679144, 3.947528211216258409 ) ) ;
#3152 = CARTESIAN_POINT ( 'NONE',  ( 3.500000000000000444, -21.62835834692429415, -20.78975986434258516 ) ) ;
#3153 = ORIENTED_EDGE ( 'NONE', *, *, #1142, .T. ) ;
#3154 = EDGE_CURVE ( 'NONE', #4253, #1889, #1221, .T. ) ;
#3155 = AXIS2_PLACEMENT_3D ( 'NONE', #1330, #658, #1684 ) ;
#3156 = ORIENTED_EDGE ( 'NONE', *, *, #2124, .F. ) ;
#3157 = CYLINDRICAL_SURFACE ( 'NONE', #3952, 1.600000000000000089 ) ;
#3158 = EDGE_LOOP ( 'NONE', ( #175, #2251, #1519, #3525 ) ) ;
#3159 = ADVANCED_FACE ( 'NONE', ( #2808 ), #4217, .T. ) ;
#3160 = CYLINDRICAL_SURFACE ( 'NONE', #387, 11.19999999999999929 ) ;
#3161 = ORIENTED_EDGE ( 'NONE', *, *, #1502, .F. ) ;
#3162 = AXIS2_PLACEMENT_3D ( 'NONE', #422, #2173, #1021 ) ;
#3163 = DIRECTION ( 'NONE',  ( 0.000000000000000000, 0.000000000000000000, 1.000000000000000000 ) ) ;
#3164 = VERTEX_POINT ( 'NONE', #2697 ) ;
#3165 = AXIS2_PLACEMENT_3D ( 'NONE', #3249, #4218, #1043 ) ;
#3166 = AXIS2_PLACEMENT_3D ( 'NONE', #4413, #2647, #1586 ) ;
#3167 = CARTESIAN_POINT ( 'NONE',  ( 0.000000000000000000, -6.575522574292524958, -24.63658872236513631 ) ) ;
#3168 = CARTESIAN_POINT ( 'NONE',  ( 7.000000000000000888, 26.30485368663590862, 0.5865956258983527905 ) ) ;
#3169 = ORIENTED_EDGE ( 'NONE', *, *, #2126, .F. ) ;
#3170 = VERTEX_POINT ( 'NONE', #3710 ) ;
#3171 = DIRECTION ( 'NONE',  ( -1.000000000000000000, 0.000000000000000000, -0.000000000000000000 ) ) ;
#3172 = EDGE_CURVE ( 'NONE', #1631, #4011, #124, .T. ) ;
#3173 = ORIENTED_EDGE ( 'NONE', *, *, #1922, .F. ) ;
#3174 = CYLINDRICAL_SURFACE ( 'NONE', #1526, 11.19999999999999929 ) ;
#3175 = DIRECTION ( 'NONE',  ( -1.000000000000000000, 0.000000000000000000, 0.000000000000000000 ) ) ;
#3176 = ORIENTED_EDGE ( 'NONE', *, *, #571, .F. ) ;
#3177 = EDGE_CURVE ( 'NONE', #2075, #950, #3974, .T. ) ;
#3178 = AXIS2_PLACEMENT_3D ( 'NONE', #2083, #3116, #608 ) ;
#3179 = VERTEX_POINT ( 'NONE', #3007 ) ;
#3180 = LINE ( 'NONE', #1111, #1243 ) ;
#3181 = DIRECTION ( 'NONE',  ( 0.000000000000000000, 0.000000000000000000, 1.000000000000000000 ) ) ;
#3182 = EDGE_CURVE ( 'NONE', #2828, #3564, #3899, .T. ) ;
#3183 = DIRECTION ( 'NONE',  ( 0.000000000000000000, 0.4338837391175525138, 0.9009688679024218105 ) ) ;
#3184 = VERTEX_POINT ( 'NONE', #548 ) ;
#3185 = ORIENTED_EDGE ( 'NONE', *, *, #4335, .F. ) ;
#3186 = CARTESIAN_POINT ( 'NONE',  ( 7.000000000000000888, 0.000000000000000000, 0.000000000000000000 ) ) ;
#3187 = DIRECTION ( 'NONE',  ( -1.000000000000000000, -0.000000000000000000, -0.000000000000000000 ) ) ;
#3188 = ORIENTED_EDGE ( 'NONE', *, *, #862, .T. ) ;
#3189 = ADVANCED_FACE ( 'NONE', ( #1624 ), #4114, .T. ) ;
#3190 = ORIENTED_EDGE ( 'NONE', *, *, #1392, .F. ) ;
#3191 = CARTESIAN_POINT ( 'NONE',  ( 0.000000000000000000, 10.46613878911967355, -28.11511939947764915 ) ) ;
#3192 = FACE_OUTER_BOUND ( 'NONE', #3366, .T. ) ;
#3193 = CARTESIAN_POINT ( 'NONE',  ( 7.000000000000000888, -25.48208943086010336, 0.9285037628612359262 ) ) ;
#3194 = CARTESIAN_POINT ( 'NONE',  ( 3.500000000000000444, -16.45993346534653412, 25.08127967860421492 ) ) ;
#3195 = DIRECTION ( 'NONE',  ( 0.000000000000000000, 0.4338837391175589531, -0.9009688679024187019 ) ) ;
#3196 = ORIENTED_EDGE ( 'NONE', *, *, #1087, .T. ) ;
#3197 = DIRECTION ( 'NONE',  ( 0.000000000000000000, 0.000000000000000000, 1.000000000000000000 ) ) ;
#3198 = VERTEX_POINT ( 'NONE', #2293 ) ;
#3199 = DIRECTION ( 'NONE',  ( 0.000000000000000000, 0.000000000000000000, 1.000000000000000000 ) ) ;
#3200 = AXIS2_PLACEMENT_3D ( 'NONE', #702, #750, #4233 ) ;
#3201 = FACE_OUTER_BOUND ( 'NONE', #1903, .T. ) ;
#3202 = DIRECTION ( 'NONE',  ( -1.000000000000000000, 0.000000000000000000, 0.000000000000000000 ) ) ;
#3203 = ORIENTED_EDGE ( 'NONE', *, *, #784, .F. ) ;
#3204 = FACE_OUTER_BOUND ( 'NONE', #29, .T. ) ;
#3205 = ADVANCED_FACE ( 'NONE', ( #1950 ), #572, .T. ) ;
#3206 = DIRECTION ( 'NONE',  ( -1.000000000000000000, 0.000000000000000000, 0.000000000000000000 ) ) ;
#3207 = ORIENTED_EDGE ( 'NONE', *, *, #2575, .T. ) ;
#3208 = CIRCLE ( 'NONE', #4160, 11.19999999999999929 ) ;
#3209 = AXIS2_PLACEMENT_3D ( 'NONE', #551, #4184, #4436 ) ;
#3210 = ORIENTED_EDGE ( 'NONE', *, *, #1110, .F. ) ;
#3211 = ORIENTED_EDGE ( 'NONE', *, *, #2888, .F. ) ;
#3212 = DIRECTION ( 'NONE',  ( -1.000000000000000000, -0.000000000000000000, -0.000000000000000000 ) ) ;
#3213 = DIRECTION ( 'NONE',  ( -1.000000000000000000, 0.000000000000000000, -0.000000000000000000 ) ) ;
#3214 = AXIS2_PLACEMENT_3D ( 'NONE', #148, #1946, #2665 ) ;
#3215 = ADVANCED_FACE ( 'NONE', ( #444 ), #1818, .T. ) ;
#3216 = AXIS2_PLACEMENT_3D ( 'NONE', #2109, #359, #3875 ) ;
#3217 = DIRECTION ( 'NONE',  ( 0.000000000000000000, 0.000000000000000000, 1.000000000000000000 ) ) ;
#3218 = ORIENTED_EDGE ( 'NONE', *, *, #4443, .F. ) ;
#3219 = ORIENTED_EDGE ( 'NONE', *, *, #276, .T. ) ;
#3220 = DIRECTION ( 'NONE',  ( 0.000000000000000000, 0.000000000000000000, 1.000000000000000000 ) ) ;
#3221 = VECTOR ( 'NONE', #2999, 1000.000000000000000 ) ;
#3222 = DIRECTION ( 'NONE',  ( 0.000000000000000000, 0.000000000000000000, 1.000000000000000000 ) ) ;
#3223 = EDGE_CURVE ( 'NONE', #1038, #2904, #2193, .T. ) ;
#3224 = ADVANCED_FACE ( 'NONE', ( #3753 ), #4300, .T. ) ;
#3225 = CARTESIAN_POINT ( 'NONE',  ( 0.000000000000000000, -26.30485368663591572, 10.61340437410183313 ) ) ;
#3226 = FACE_OUTER_BOUND ( 'NONE', #198, .T. ) ;
#3227 = DIRECTION ( 'NONE',  ( -1.000000000000000000, -0.000000000000000000, -0.000000000000000000 ) ) ;
#3228 = DIRECTION ( 'NONE',  ( 0.000000000000000000, -0.9009688679024142610, -0.4338837391175685010 ) ) ;
#3229 = DIRECTION ( 'NONE',  ( -1.000000000000000000, 0.000000000000000000, -0.000000000000000000 ) ) ;
#3230 = AXIS2_PLACEMENT_3D ( 'NONE', #584, #2734, #1306 ) ;
#3231 = CARTESIAN_POINT ( 'NONE',  ( 7.000000000000000888, 25.04981177135288206, -4.765074104333546501 ) ) ;
#3232 = CARTESIAN_POINT ( 'NONE',  ( 0.000000000000000000, 10.21971125872146935, -23.36143195072514089 ) ) ;
#3233 = CARTESIAN_POINT ( 'NONE',  ( 7.000000000000000888, 21.62835834692472403, -20.78975986434213752 ) ) ;
#3234 = CIRCLE ( 'NONE', #3978, 25.49899999999999523 ) ;
#3235 = CARTESIAN_POINT ( 'NONE',  ( 0.000000000000000000, 3.061616997868383141E-16, 2.500000000000000000 ) ) ;
#3236 = ADVANCED_FACE ( 'NONE', ( #2326 ), #3964, .T. ) ;
#3237 = DIRECTION ( 'NONE',  ( 0.000000000000000000, 0.000000000000000000, 1.000000000000000000 ) ) ;
#3238 = AXIS2_PLACEMENT_3D ( 'NONE', #384, #1783, #128 ) ;
#3239 = VERTEX_POINT ( 'NONE', #192 ) ;
#3240 = VERTEX_POINT ( 'NONE', #897 ) ;
#3241 = CIRCLE ( 'NONE', #1093, 30.00000000000000000 ) ;
#3242 = EDGE_CURVE ( 'NONE', #4011, #2028, #3395, .T. ) ;
#3243 = CARTESIAN_POINT ( 'NONE',  ( 3.500000000000000444, 2.769027914639439203, 29.87193472823524942 ) ) ;
#3244 = DIRECTION ( 'NONE',  ( -1.000000000000000000, -0.000000000000000000, 0.000000000000000000 ) ) ;
#3245 = ORIENTED_EDGE ( 'NONE', *, *, #2132, .T. ) ;
#3246 = EDGE_CURVE ( 'NONE', #1969, #2066, #3086, .T. ) ;
#3247 = DIRECTION ( 'NONE',  ( 0.000000000000000000, 0.000000000000000000, 1.000000000000000000 ) ) ;
#3248 = EDGE_CURVE ( 'NONE', #4441, #274, #1960, .T. ) ;
#3249 = CARTESIAN_POINT ( 'NONE',  ( 0.000000000000000000, 0.000000000000000000, 0.000000000000000000 ) ) ;
#3250 = DIRECTION ( 'NONE',  ( -1.000000000000000000, 0.000000000000000000, 0.000000000000000000 ) ) ;
#3251 = ORIENTED_EDGE ( 'NONE', *, *, #2228, .T. ) ;
#3252 = CARTESIAN_POINT ( 'NONE',  ( 0.000000000000000000, -4.765074104333969274, 25.04981177135280390 ) ) ;
#3253 = AXIS2_PLACEMENT_3D ( 'NONE', #1309, #3042, #4448 ) ;
#3254 = ORIENTED_EDGE ( 'NONE', *, *, #2736, .F. ) ;
#3255 = AXIS2_PLACEMENT_3D ( 'NONE', #677, #2827, #1816 ) ;
#3256 = DIRECTION ( 'NONE',  ( 0.000000000000000000, 0.9009688679024201452, -0.4338837391175560110 ) ) ;
#3257 = ORIENTED_EDGE ( 'NONE', *, *, #884, .T. ) ;
#3258 = CARTESIAN_POINT ( 'NONE',  ( 7.000000000000000888, -23.95436854990181885, 10.88474387751592332 ) ) ;
#3259 = CYLINDRICAL_SURFACE ( 'NONE', #1747, 1.599999999999999867 ) ;
#3260 = ORIENTED_EDGE ( 'NONE', *, *, #1777, .T. ) ;
#3261 = CYLINDRICAL_SURFACE ( 'NONE', #1716, 25.49899999999999523 ) ;
#3262 = ORIENTED_EDGE ( 'NONE', *, *, #4585, .F. ) ;
#3263 = EDGE_CURVE ( 'NONE', #3411, #1044, #1602, .T. ) ;
#3264 = ORIENTED_EDGE ( 'NONE', *, *, #286, .T. ) ;
#3265 = CIRCLE ( 'NONE', #171, 25.49899999999999523 ) ;
#3266 = DIRECTION ( 'NONE',  ( -1.000000000000000000, -0.000000000000000000, 0.000000000000000000 ) ) ;
#3267 = ORIENTED_EDGE ( 'NONE', *, *, #3120, .F. ) ;
#3268 = ORIENTED_EDGE ( 'NONE', *, *, #2191, .T. ) ;
#3269 = CARTESIAN_POINT ( 'NONE',  ( 10.00000000000000000, -8.000000000000000000, 0.000000000000000000 ) ) ;
#3270 = CARTESIAN_POINT ( 'NONE',  ( -10.00000000000000000, 0.000000000000000000, 0.000000000000000000 ) ) ;
#3271 = CARTESIAN_POINT ( 'NONE',  ( 7.000000000000000888, -20.20022636336470612, -16.85942694080885218 ) ) ;
#3272 =( NAMED_UNIT ( * ) PLANE_ANGLE_UNIT ( ) SI_UNIT ( $, .RADIAN. ) );
#3273 = CYLINDRICAL_SURFACE ( 'NONE', #4430, 30.00000000000000000 ) ;
#3274 = DIRECTION ( 'NONE',  ( -1.000000000000000000, -0.000000000000000000, -0.000000000000000000 ) ) ;
#3275 = ADVANCED_FACE ( 'NONE', ( #4455 ), #2541, .F. ) ;
#3276 = CARTESIAN_POINT ( 'NONE',  ( -10.00000000000000000, 0.000000000000000000, 0.000000000000000000 ) ) ;
#3277 = CARTESIAN_POINT ( 'NONE',  ( 0.000000000000000000, 24.63658872236507236, 6.575522574292770983 ) ) ;
#3278 = FACE_OUTER_BOUND ( 'NONE', #901, .T. ) ;
#3279 = CYLINDRICAL_SURFACE ( 'NONE', #2638, 11.20000000000000107 ) ;
#3280 = ADVANCED_FACE ( 'NONE', ( #3100 ), #263, .T. ) ;
#3281 = AXIS2_PLACEMENT_3D ( 'NONE', #2208, #2899, #2847 ) ;
#3282 = VERTEX_POINT ( 'NONE', #1695 ) ;
#3283 = CARTESIAN_POINT ( 'NONE',  ( 7.000000000000000888, -5.281492161082812942, 25.77586589148978646 ) ) ;
#3284 = VERTEX_POINT ( 'NONE', #672 ) ;
#3285 = AXIS2_PLACEMENT_3D ( 'NONE', #1101, #2479, #787 ) ;
#3286 = CARTESIAN_POINT ( 'NONE',  ( 0.000000000000000000, 0.000000000000000000, 0.000000000000000000 ) ) ;
#3287 = VECTOR ( 'NONE', #1032, 1000.000000000000000 ) ;
#3288 = ORIENTED_EDGE ( 'NONE', *, *, #1186, .T. ) ;
#3289 = VECTOR ( 'NONE', #1005, 1000.000000000000000 ) ;
#3290 = CARTESIAN_POINT ( 'NONE',  ( 0.000000000000000000, 16.85942694080864257, 20.20022636336488020 ) ) ;
#3291 = CARTESIAN_POINT ( 'NONE',  ( 0.000000000000000000, 28.11511939947775218, 10.46613878911938222 ) ) ;
#3292 = AXIS2_PLACEMENT_3D ( 'NONE', #509, #3334, #4398 ) ;
#3293 = ORIENTED_EDGE ( 'NONE', *, *, #2331, .T. ) ;
#3294 = ORIENTED_EDGE ( 'NONE', *, *, #3773, .T. ) ;
#3295 = DIRECTION ( 'NONE',  ( -1.000000000000000000, -0.000000000000000000, -0.000000000000000000 ) ) ;
#3296 = AXIS2_PLACEMENT_3D ( 'NONE', #78, #4186, #2198 ) ;
#3297 = EDGE_CURVE ( 'NONE', #3564, #295, #2439, .T. ) ;
#3298 = ADVANCED_FACE ( 'NONE', ( #4229 ), #4185, .T. ) ;
#3299 = LINE ( 'NONE', #1911, #1613 ) ;
#3300 = DIRECTION ( 'NONE',  ( -1.000000000000000000, 0.000000000000000000, -0.000000000000000000 ) ) ;
#3301 = CARTESIAN_POINT ( 'NONE',  ( 7.000000000000000888, -4.765074104333969274, 25.04981177135280390 ) ) ;
#3302 = CARTESIAN_POINT ( 'NONE',  ( 3.500000000000000444, 15.45575468000562580, -25.71224702882818747 ) ) ;
#3303 = CARTESIAN_POINT ( 'NONE',  ( 7.000000000000000888, -16.61375636358866359, 19.34378712898063668 ) ) ;
#3304 = CARTESIAN_POINT ( 'NONE',  ( 7.000000000000000000, 8.000000000000000000, -1.600000000000000311 ) ) ;
#3305 = CIRCLE ( 'NONE', #2788, 30.00000000000000000 ) ;
#3306 = CIRCLE ( 'NONE', #2031, 25.49899999999999523 ) ;
#3307 = ORIENTED_EDGE ( 'NONE', *, *, #2799, .T. ) ;
#3308 = EDGE_CURVE ( 'NONE', #1125, #3774, #2045, .T. ) ;
#3309 = DIRECTION ( 'NONE',  ( -1.000000000000000000, 0.000000000000000000, 0.000000000000000000 ) ) ;
#3310 = VERTEX_POINT ( 'NONE', #4524 ) ;
#3311 = CIRCLE ( 'NONE', #421, 11.20000000000000284 ) ;
#3312 = ORIENTED_EDGE ( 'NONE', *, *, #4043, .T. ) ;
#3313 = ORIENTED_EDGE ( 'NONE', *, *, #896, .F. ) ;
#3314 = CARTESIAN_POINT ( 'NONE',  ( 0.000000000000000000, 22.55570658189517985, 11.89281722685799103 ) ) ;
#3315 = CYLINDRICAL_SURFACE ( 'NONE', #246, 25.49899999999999523 ) ;
#3316 = DIRECTION ( 'NONE',  ( 1.000000000000000000, -0.000000000000000000, -0.000000000000000000 ) ) ;
#3317 = VERTEX_POINT ( 'NONE', #2073 ) ;
#3318 = CARTESIAN_POINT ( 'NONE',  ( 7.000000000000000888, 15.94218908519877687, -20.93169914448931479 ) ) ;
#3319 = EDGE_CURVE ( 'NONE', #1793, #2828, #3311, .T. ) ;
#3320 = EDGE_CURVE ( 'NONE', #3087, #4118, #3453, .T. ) ;
#3321 = DIRECTION ( 'NONE',  ( 0.000000000000000000, 0.9009688679024201452, -0.4338837391175559555 ) ) ;
#3322 = AXIS2_PLACEMENT_3D ( 'NONE', #2133, #2516, #4 ) ;
#3323 = DIRECTION ( 'NONE',  ( 0.000000000000000000, 0.6234898018587292645, 0.7818314824680331343 ) ) ;
#3324 = DIRECTION ( 'NONE',  ( 0.000000000000000000, 0.2225209339563148925, -0.9749279121818235083 ) ) ;
#3325 = ADVANCED_FACE ( 'NONE', ( #2773 ), #2365, .T. ) ;
#3326 = EDGE_CURVE ( 'NONE', #281, #245, #54, .T. ) ;
#3327 = CIRCLE ( 'NONE', #1107, 1.600000000000000089 ) ;
#3328 = ORIENTED_EDGE ( 'NONE', *, *, #2696, .F. ) ;
#3329 = DIRECTION ( 'NONE',  ( -1.000000000000000000, -0.000000000000000000, 0.000000000000000000 ) ) ;
#3330 = ORIENTED_EDGE ( 'NONE', *, *, #2347, .F. ) ;
#3331 = ORIENTED_EDGE ( 'NONE', *, *, #2077, .T. ) ;
#3332 = CARTESIAN_POINT ( 'NONE',  ( 3.499999999999999556, -10.46613878911908557, -28.11511939947786587 ) ) ;
#3333 = CARTESIAN_POINT ( 'NONE',  ( 0.000000000000000000, 5.281492161082640635, 25.77586589148982199 ) ) ;
#3334 = DIRECTION ( 'NONE',  ( -1.000000000000000000, 0.000000000000000000, 0.000000000000000000 ) ) ;
#3335 = CARTESIAN_POINT ( 'NONE',  ( 0.000000000000000000, 16.45993346534636714, 25.08127967860432861 ) ) ;
#3336 = VERTEX_POINT ( 'NONE', #2459 ) ;
#3337 = FILL_AREA_STYLE_COLOUR ( '', #2540 ) ;
#3338 = CARTESIAN_POINT ( 'NONE',  ( 7.000000000000000888, 11.89281722685822729, -22.55570658189505906 ) ) ;
#3339 = EDGE_CURVE ( 'NONE', #3540, #599, #1085, .T. ) ;
#3340 = FACE_OUTER_BOUND ( 'NONE', #398, .T. ) ;
#3341 = DIRECTION ( 'NONE',  ( 1.000000000000000000, -0.000000000000000000, -0.000000000000000000 ) ) ;
#3342 = ORIENTED_EDGE ( 'NONE', *, *, #4331, .T. ) ;
#3343 = DIRECTION ( 'NONE',  ( 0.000000000000000000, 0.000000000000000000, -1.000000000000000000 ) ) ;
#3344 = EDGE_CURVE ( 'NONE', #2462, #3478, #3373, .T. ) ;
#3345 = ORIENTED_EDGE ( 'NONE', *, *, #3297, .T. ) ;
#3346 = CIRCLE ( 'NONE', #3806, 30.00000000000000000 ) ;
#3347 = EDGE_CURVE ( 'NONE', #4315, #595, #3687, .T. ) ;
#3348 = CIRCLE ( 'NONE', #1634, 1.600000000000000311 ) ;
#3349 = DIRECTION ( 'NONE',  ( 0.000000000000000000, 0.000000000000000000, 1.000000000000000000 ) ) ;
#3350 = AXIS2_PLACEMENT_3D ( 'NONE', #2257, #3295, #1177 ) ;
#3351 = CARTESIAN_POINT ( 'NONE',  ( 0.000000000000000000, 23.44533994287250422, 11.94175267147971198 ) ) ;
#3352 = CYLINDRICAL_SURFACE ( 'NONE', #3944, 11.20000000000000107 ) ;
#3353 = CIRCLE ( 'NONE', #697, 30.00000000000000000 ) ;
#3354 = CIRCLE ( 'NONE', #988, 11.19999999999999929 ) ;
#3355 = CARTESIAN_POINT ( 'NONE',  ( 0.000000000000000000, -29.73914963514681276, 3.947528211216053684 ) ) ;
#3356 = CIRCLE ( 'NONE', #3721, 11.19999999999999929 ) ;
#3357 = ADVANCED_FACE ( 'NONE', ( #2820 ), #3174, .T. ) ;
#3358 = CARTESIAN_POINT ( 'NONE',  ( 0.000000000000000000, 0.000000000000000000, 0.000000000000000000 ) ) ;
#3359 = CIRCLE ( 'NONE', #785, 25.49899999999999523 ) ;
#3360 = CARTESIAN_POINT ( 'NONE',  ( 3.500000000000000444, -20.78975986434221213, -21.62835834692464942 ) ) ;
#3361 = DIRECTION ( 'NONE',  ( -1.000000000000000000, -0.000000000000000000, -0.000000000000000000 ) ) ;
#3362 = CARTESIAN_POINT ( 'NONE',  ( 3.500000000000000444, -28.11511939947783034, 10.46613878911918327 ) ) ;
#3363 = VECTOR ( 'NONE', #632, 1000.000000000000000 ) ;
#3364 = ORIENTED_EDGE ( 'NONE', *, *, #77, .F. ) ;
#3365 = DIRECTION ( 'NONE',  ( 0.000000000000000000, 0.000000000000000000, 1.000000000000000000 ) ) ;
#3366 = EDGE_LOOP ( 'NONE', ( #1258, #2229, #1821, #105 ) ) ;
#3367 = AXIS2_PLACEMENT_3D ( 'NONE', #3088, #3112, #2683 ) ;
#3368 = EDGE_CURVE ( 'NONE', #1044, #4580, #187, .T. ) ;
#3369 = EDGE_CURVE ( 'NONE', #950, #3873, #3756, .T. ) ;
#3370 = DIRECTION ( 'NONE',  ( -1.000000000000000000, -0.000000000000000000, 0.000000000000000000 ) ) ;
#3371 = DIRECTION ( 'NONE',  ( 0.000000000000000000, -0.4338837391175651703, 0.9009688679024157043 ) ) ;
#3372 = CIRCLE ( 'NONE', #4476, 11.19999999999999751 ) ;
#3373 = CIRCLE ( 'NONE', #1156, 25.49899999999999523 ) ;
#3374 = PLANE ( 'NONE',  #1057 ) ;
#3375 = VERTEX_POINT ( 'NONE', #965 ) ;
#3376 = EDGE_LOOP ( 'NONE', ( #4388, #4479, #2911, #3708 ) ) ;
#3377 = EDGE_CURVE ( 'NONE', #262, #751, #3792, .T. ) ;
#3378 = AXIS2_PLACEMENT_3D ( 'NONE', #1936, #4424, #1245 ) ;
#3379 = DIRECTION ( 'NONE',  ( -1.000000000000000000, 0.000000000000000000, 0.000000000000000000 ) ) ;
#3380 = VERTEX_POINT ( 'NONE', #987 ) ;
#3381 = CARTESIAN_POINT ( 'NONE',  ( 7.000000000000000888, 25.77586589148987528, -5.281492161082373293 ) ) ;
#3382 = EDGE_CURVE ( 'NONE', #2013, #1953, #2504, .T. ) ;
#3383 = ORIENTED_EDGE ( 'NONE', *, *, #3013, .T. ) ;
#3384 = EDGE_CURVE ( 'NONE', #1471, #1006, #453, .T. ) ;
#3385 = CYLINDRICAL_SURFACE ( 'NONE', #1731, 30.00000000000000000 ) ;
#3386 = FACE_OUTER_BOUND ( 'NONE', #2563, .T. ) ;
#3387 = CARTESIAN_POINT ( 'NONE',  ( 0.000000000000000000, 22.55570658189534683, -11.89281722685767662 ) ) ;
#3388 = CARTESIAN_POINT ( 'NONE',  ( 7.000000000000000888, -26.30485368663591572, 10.61340437410183313 ) ) ;
#3389 = CARTESIAN_POINT ( 'NONE',  ( 7.000000000000000888, -25.77586589148983975, 5.281492161082555370 ) ) ;
#3390 = VERTEX_POINT ( 'NONE', #1764 ) ;
#3391 = AXIS2_PLACEMENT_3D ( 'NONE', #3605, #1756, #1388 ) ;
#3392 = DIRECTION ( 'NONE',  ( -1.000000000000000000, -0.000000000000000000, 0.000000000000000000 ) ) ;
#3393 = VERTEX_POINT ( 'NONE', #764 ) ;
#3394 = CIRCLE ( 'NONE', #2649, 11.20000000000000107 ) ;
#3395 = LINE ( 'NONE', #1233, #4048 ) ;
#3396 = CARTESIAN_POINT ( 'NONE',  ( 7.000000000000000888, 16.45993346534672952, -25.08127967860409768 ) ) ;
#3397 = ADVANCED_FACE ( 'NONE', ( #3613 ), #3259, .F. ) ;
#3398 = DIRECTION ( 'NONE',  ( 0.000000000000000000, 0.000000000000000000, 1.000000000000000000 ) ) ;
#3399 = EDGE_LOOP ( 'NONE', ( #1489, #629, #3798, #1901 ) ) ;
#3400 = CARTESIAN_POINT ( 'NONE',  ( 7.000000000000000888, 23.36143195072524392, 10.21971125872122599 ) ) ;
#3401 = UNCERTAINTY_MEASURE_WITH_UNIT (LENGTH_MEASURE( 1.000000000000000082E-05 ), #3532, 'distance_accuracy_value', 'NONE');
#3402 = VERTEX_POINT ( 'NONE', #3235 ) ;
#3403 = CARTESIAN_POINT ( 'NONE',  ( 7.000000000000000888, 16.61375636358880925, -19.34378712898050878 ) ) ;
#3404 = FACE_OUTER_BOUND ( 'NONE', #4528, .T. ) ;
#3405 = CARTESIAN_POINT ( 'NONE',  ( 7.000000000000000888, -25.77586589148976870, -5.281492161082904424 ) ) ;
#3406 = CYLINDRICAL_SURFACE ( 'NONE', #2860, 11.20000000000000107 ) ;
#3407 = VERTEX_POINT ( 'NONE', #1421 ) ;
#3408 = DIRECTION ( 'NONE',  ( 0.000000000000000000, 0.000000000000000000, 1.000000000000000000 ) ) ;
#3409 = EDGE_LOOP ( 'NONE', ( #2362, #4030, #4026, #3077 ) ) ;
#3410 = CARTESIAN_POINT ( 'NONE',  ( 0.000000000000000000, -11.94175267147979369, 23.44533994287246159 ) ) ;
#3411 = VERTEX_POINT ( 'NONE', #4271 ) ;
#3412 = ORIENTED_EDGE ( 'NONE', *, *, #919, .F. ) ;
#3413 = CARTESIAN_POINT ( 'NONE',  ( 0.000000000000000000, -25.04981177135285009, 4.765074104333709926 ) ) ;
#3414 = EDGE_CURVE ( 'NONE', #1539, #2901, #106, .T. ) ;
#3415 = VERTEX_POINT ( 'NONE', #2919 ) ;
#3416 = DIRECTION ( 'NONE',  ( -1.000000000000000000, 0.000000000000000000, 0.000000000000000000 ) ) ;
#3417 = CYLINDRICAL_SURFACE ( 'NONE', #3595, 11.19999999999999751 ) ;
#3418 = CARTESIAN_POINT ( 'NONE',  ( 7.000000000000000888, 11.94175267147963027, 23.44533994287254686 ) ) ;
#3419 = ORIENTED_EDGE ( 'NONE', *, *, #3263, .F. ) ;
#3420 = AXIS2_PLACEMENT_3D ( 'NONE', #3447, #265, #4579 ) ;
#3421 = ORIENTED_EDGE ( 'NONE', *, *, #2872, .F. ) ;
#3422 = CIRCLE ( 'NONE', #4162, 11.19999999999999929 ) ;
#3423 = ORIENTED_EDGE ( 'NONE', *, *, #2864, .F. ) ;
#3424 = DIRECTION ( 'NONE',  ( 0.000000000000000000, 0.000000000000000000, -1.000000000000000000 ) ) ;
#3425 = AXIS2_PLACEMENT_3D ( 'NONE', #2411, #212, #667 ) ;
#3426 = AXIS2_PLACEMENT_3D ( 'NONE', #662, #2065, #1027 ) ;
#3427 = CYLINDRICAL_SURFACE ( 'NONE', #2278, 25.49899999999999523 ) ;
#3428 = ORIENTED_EDGE ( 'NONE', *, *, #1886, .T. ) ;
#3429 = ORIENTED_EDGE ( 'NONE', *, *, #3320, .T. ) ;
#3430 = VECTOR ( 'NONE', #4374, 1000.000000000000000 ) ;
#3431 = CYLINDRICAL_SURFACE ( 'NONE', #1073, 11.19999999999999929 ) ;
#3432 = EDGE_CURVE ( 'NONE', #4219, #3461, #3234, .T. ) ;
#3433 = CARTESIAN_POINT ( 'NONE',  ( 0.000000000000000000, -23.44533994287258949, 11.94175267147954855 ) ) ;
#3434 = DIRECTION ( 'NONE',  ( 0.000000000000000000, 0.000000000000000000, 1.000000000000000000 ) ) ;
#3435 = CARTESIAN_POINT ( 'NONE',  ( 0.000000000000000000, 25.04981177135282167, 4.765074104333884009 ) ) ;
#3436 = VECTOR ( 'NONE', #4534, 1000.000000000000000 ) ;
#3437 = CARTESIAN_POINT ( 'NONE',  ( 3.499999999999999556, 28.50681627971351872, -9.346733418401317550 ) ) ;
#3438 = ORIENTED_EDGE ( 'NONE', *, *, #4338, .T. ) ;
#3439 = DIRECTION ( 'NONE',  ( -1.000000000000000000, -0.000000000000000000, 0.000000000000000000 ) ) ;
#3440 = VECTOR ( 'NONE', #58, 1000.000000000000000 ) ;
#3441 = ORIENTED_EDGE ( 'NONE', *, *, #2260, .F. ) ;
#3442 = DIRECTION ( 'NONE',  ( 1.000000000000000000, -0.000000000000000000, -0.000000000000000000 ) ) ;
#3443 = AXIS2_PLACEMENT_3D ( 'NONE', #2964, #1202, #4426 ) ;
#3444 = EDGE_CURVE ( 'NONE', #2833, #3170, #791, .T. ) ;
#3445 = CARTESIAN_POINT ( 'NONE',  ( 7.000000000000000888, 10.21971125872115138, 23.36143195072528300 ) ) ;
#3446 = CYLINDRICAL_SURFACE ( 'NONE', #2172, 30.00000000000000000 ) ;
#3447 = CARTESIAN_POINT ( 'NONE',  ( 0.000000000000000000, 0.000000000000000000, 0.000000000000000000 ) ) ;
#3448 = ORIENTED_EDGE ( 'NONE', *, *, #420, .T. ) ;
#3449 = ORIENTED_EDGE ( 'NONE', *, *, #2347, .T. ) ;
#3450 = AXIS2_PLACEMENT_3D ( 'NONE', #1327, #997, #2401 ) ;
#3451 = ORIENTED_EDGE ( 'NONE', *, *, #4250, .F. ) ;
#3452 = CARTESIAN_POINT ( 'NONE',  ( 7.000000000000000888, -25.71224702882824431, -15.45575468000554054 ) ) ;
#3453 = CIRCLE ( 'NONE', #4557, 30.00000000000000000 ) ;
#3454 = VERTEX_POINT ( 'NONE', #3570 ) ;
#3455 = LINE ( 'NONE', #3782, #3363 ) ;
#3456 = CARTESIAN_POINT ( 'NONE',  ( 0.000000000000000000, 0.000000000000000000, 0.000000000000000000 ) ) ;
#3457 = DIRECTION ( 'NONE',  ( -1.000000000000000000, -0.000000000000000000, -0.000000000000000000 ) ) ;
#3458 = AXIS2_PLACEMENT_3D ( 'NONE', #4493, #3783, #1305 ) ;
#3459 = DIRECTION ( 'NONE',  ( 0.000000000000000000, 0.000000000000000000, 1.000000000000000000 ) ) ;
#3460 = CYLINDRICAL_SURFACE ( 'NONE', #1605, 1.600000000000000311 ) ;
#3461 = VERTEX_POINT ( 'NONE', #1104 ) ;
#3462 = EDGE_CURVE ( 'NONE', #4315, #2990, #1596, .T. ) ;
#3463 = CARTESIAN_POINT ( 'NONE',  ( 7.000000000000000888, 20.50161238324400159, -15.16188941679815549 ) ) ;
#3464 = CIRCLE ( 'NONE', #734, 25.49899999999999523 ) ;
#3465 = ADVANCED_FACE ( 'NONE', ( #2948 ), #1123, .T. ) ;
#3466 = ORIENTED_EDGE ( 'NONE', *, *, #2626, .F. ) ;
#3467 = ORIENTED_EDGE ( 'NONE', *, *, #1004, .F. ) ;
#3468 = DIRECTION ( 'NONE',  ( -1.000000000000000000, -0.000000000000000000, -0.000000000000000000 ) ) ;
#3469 = EDGE_CURVE ( 'NONE', #2270, #1565, #4051, .T. ) ;
#3470 = DIRECTION ( 'NONE',  ( 0.000000000000000000, 0.000000000000000000, 1.000000000000000000 ) ) ;
#3471 = DIRECTION ( 'NONE',  ( -1.000000000000000000, 0.000000000000000000, 0.000000000000000000 ) ) ;
#3472 = CARTESIAN_POINT ( 'NONE',  ( 7.000000000000000888, 6.425269058786057030, 25.51480627843080740 ) ) ;
#3473 = ORIENTED_EDGE ( 'NONE', *, *, #3585, .T. ) ;
#3474 = CIRCLE ( 'NONE', #1238, 30.00000000000000000 ) ;
#3475 = AXIS2_PLACEMENT_3D ( 'NONE', #2727, #2304, #2371 ) ;
#3476 = DIRECTION ( 'NONE',  ( 0.000000000000000000, 0.000000000000000000, 1.000000000000000000 ) ) ;
#3477 = CARTESIAN_POINT ( 'NONE',  ( 7.000000000000000888, -25.77586589148983975, 5.281492161082555370 ) ) ;
#3478 = VERTEX_POINT ( 'NONE', #2117 ) ;
#3479 = ORIENTED_EDGE ( 'NONE', *, *, #4110, .F. ) ;
#3480 = CARTESIAN_POINT ( 'NONE',  ( 3.500000000000000444, 15.45575468000526520, 25.71224702882839708 ) ) ;
#3481 = DIRECTION ( 'NONE',  ( 0.000000000000000000, 0.000000000000000000, -1.000000000000000000 ) ) ;
#3482 = DIRECTION ( 'NONE',  ( -1.000000000000000000, 0.000000000000000000, 0.000000000000000000 ) ) ;
#3483 = FACE_OUTER_BOUND ( 'NONE', #3507, .T. ) ;
#3484 = ORIENTED_EDGE ( 'NONE', *, *, #2077, .F. ) ;
#3485 = CARTESIAN_POINT ( 'NONE',  ( -10.00000000000000000, 0.000000000000000000, 0.000000000000000000 ) ) ;
#3486 = ORIENTED_EDGE ( 'NONE', *, *, #3497, .F. ) ;
#3487 = LINE ( 'NONE', #1991, #3289 ) ;
#3488 = EDGE_CURVE ( 'NONE', #2828, #915, #2205, .T. ) ;
#3489 = VERTEX_POINT ( 'NONE', #719 ) ;
#3490 = DIRECTION ( 'NONE',  ( 0.000000000000000000, 0.000000000000000000, 1.000000000000000000 ) ) ;
#3491 = LINE ( 'NONE', #1371, #4564 ) ;
#3492 = DIRECTION ( 'NONE',  ( -1.000000000000000000, -0.000000000000000000, -0.000000000000000000 ) ) ;
#3493 = CARTESIAN_POINT ( 'NONE',  ( -10.00000000000000000, 0.000000000000000000, 0.000000000000000000 ) ) ;
#3494 = ADVANCED_FACE ( 'NONE', ( #741 ), #3546, .T. ) ;
#3495 = CARTESIAN_POINT ( 'NONE',  ( 0.000000000000000000, -15.16188941679823188, -20.50161238324394120 ) ) ;
#3496 = ORIENTED_EDGE ( 'NONE', *, *, #2324, .F. ) ;
#3497 = EDGE_CURVE ( 'NONE', #3093, #2765, #424, .T. ) ;
#3498 = CYLINDRICAL_SURFACE ( 'NONE', #326, 25.49899999999999523 ) ;
#3499 = EDGE_LOOP ( 'NONE', ( #4168, #805, #2652, #939 ) ) ;
#3500 = DIRECTION ( 'NONE',  ( 0.000000000000000000, 0.000000000000000000, 1.000000000000000000 ) ) ;
#3501 = AXIS2_PLACEMENT_3D ( 'NONE', #4212, #2367, #342 ) ;
#3502 = DIRECTION ( 'NONE',  ( -1.000000000000000000, 0.000000000000000000, 0.000000000000000000 ) ) ;
#3503 = EDGE_CURVE ( 'NONE', #3170, #1928, #1158, .T. ) ;
#3504 = VECTOR ( 'NONE', #4087, 1000.000000000000000 ) ;
#3505 = VECTOR ( 'NONE', #2327, 1000.000000000000000 ) ;
#3506 = CARTESIAN_POINT ( 'NONE',  ( 0.000000000000000000, 23.95436854990190056, -10.88474387751574213 ) ) ;
#3507 = EDGE_LOOP ( 'NONE', ( #386, #3888, #2158, #1189 ) ) ;
#3508 = CARTESIAN_POINT ( 'NONE',  ( 7.000000000000000888, -15.16188941679823188, -20.50161238324394120 ) ) ;
#3509 = DIRECTION ( 'NONE',  ( 0.000000000000000000, 0.2225209339563080368, 0.9749279121818250626 ) ) ;
#3510 = CIRCLE ( 'NONE', #1501, 25.49899999999999167 ) ;
#3511 = ORIENTED_EDGE ( 'NONE', *, *, #1087, .F. ) ;
#3512 = ORIENTED_EDGE ( 'NONE', *, *, #285, .F. ) ;
#3513 = AXIS2_PLACEMENT_3D ( 'NONE', #723, #2804, #4215 ) ;
#3514 = CARTESIAN_POINT ( 'NONE',  ( 7.000000000000000888, -23.44533994287242251, -11.94175267147987540 ) ) ;
#3515 = AXIS2_PLACEMENT_3D ( 'NONE', #1530, #1198, #4015 ) ;
#3516 = EDGE_LOOP ( 'NONE', ( #1833, #3423, #4571, #1139 ) ) ;
#3517 = ORIENTED_EDGE ( 'NONE', *, *, #2024, .T. ) ;
#3518 = LINE ( 'NONE', #1745, #3137 ) ;
#3519 = AXIS2_PLACEMENT_3D ( 'NONE', #2893, #3040, #4357 ) ;
#3520 = DIRECTION ( 'NONE',  ( 0.000000000000000000, 0.000000000000000000, 1.000000000000000000 ) ) ;
#3521 = ORIENTED_EDGE ( 'NONE', *, *, #197, .T. ) ;
#3522 = EDGE_CURVE ( 'NONE', #3779, #1337, #190, .T. ) ;
#3523 = ADVANCED_FACE ( 'NONE', ( #4450 ), #478, .T. ) ;
#3524 = CIRCLE ( 'NONE', #1654, 25.49899999999999523 ) ;
#3525 = ORIENTED_EDGE ( 'NONE', *, *, #3697, .T. ) ;
#3526 = VERTEX_POINT ( 'NONE', #2250 ) ;
#3527 = FACE_OUTER_BOUND ( 'NONE', #2897, .T. ) ;
#3528 = ADVANCED_FACE ( 'NONE', ( #1559 ), #1206, .T. ) ;
#3529 = AXIS2_PLACEMENT_3D ( 'NONE', #4061, #471, #4403 ) ;
#3530 = DIRECTION ( 'NONE',  ( 1.000000000000000000, 0.000000000000000000, -0.000000000000000000 ) ) ;
#3531 = DIRECTION ( 'NONE',  ( 0.000000000000000000, 0.000000000000000000, 1.000000000000000000 ) ) ;
#3532 =( LENGTH_UNIT ( ) NAMED_UNIT ( * ) SI_UNIT ( .MILLI., .METRE. ) );
#3533 = VERTEX_POINT ( 'NONE', #2981 ) ;
#3534 = AXIS2_PLACEMENT_3D ( 'NONE', #1313, #4551, #3520 ) ;
#3535 = CARTESIAN_POINT ( 'NONE',  ( 0.000000000000000000, 1.959434878635767942E-16, 6.399999999999997691 ) ) ;
#3536 = ORIENTED_EDGE ( 'NONE', *, *, #2176, .F. ) ;
#3537 = DIRECTION ( 'NONE',  ( -1.000000000000000000, 0.000000000000000000, 0.000000000000000000 ) ) ;
#3538 = EDGE_CURVE ( 'NONE', #317, #2675, #3904, .T. ) ;
#3539 = CIRCLE ( 'NONE', #653, 1.600000000000000089 ) ;
#3540 = VERTEX_POINT ( 'NONE', #4038 ) ;
#3541 = ORIENTED_EDGE ( 'NONE', *, *, #573, .T. ) ;
#3542 = FACE_OUTER_BOUND ( 'NONE', #2111, .T. ) ;
#3543 = CYLINDRICAL_SURFACE ( 'NONE', #3095, 30.00000000000000000 ) ;
#3544 = LINE ( 'NONE', #718, #3287 ) ;
#3545 = AXIS2_PLACEMENT_3D ( 'NONE', #615, #3468, #2016 ) ;
#3546 = CYLINDRICAL_SURFACE ( 'NONE', #942, 25.49899999999999523 ) ;
#3547 = DIRECTION ( 'NONE',  ( 0.000000000000000000, 0.000000000000000000, 1.000000000000000000 ) ) ;
#3548 = ORIENTED_EDGE ( 'NONE', *, *, #2488, .T. ) ;
#3549 = ORIENTED_EDGE ( 'NONE', *, *, #1556, .F. ) ;
#3550 = DIRECTION ( 'NONE',  ( -1.000000000000000000, 0.000000000000000000, 0.000000000000000000 ) ) ;
#3551 = ADVANCED_FACE ( 'NONE', ( #871 ), #2265, .T. ) ;
#3552 = ORIENTED_EDGE ( 'NONE', *, *, #2110, .F. ) ;
#3553 = FACE_OUTER_BOUND ( 'NONE', #2131, .T. ) ;
#3554 = ORIENTED_EDGE ( 'NONE', *, *, #3788, .F. ) ;
#3555 = AXIS2_PLACEMENT_3D ( 'NONE', #4400, #4329, #2655 ) ;
#3556 = DIRECTION ( 'NONE',  ( -1.000000000000000000, 0.000000000000000000, 0.000000000000000000 ) ) ;
#3557 = CARTESIAN_POINT ( 'NONE',  ( 7.000000000000000888, 0.000000000000000000, 25.49899999999999523 ) ) ;
#3558 = ADVANCED_FACE ( 'NONE', ( #534 ), #4336, .T. ) ;
#3559 = CARTESIAN_POINT ( 'NONE',  ( 0.000000000000000000, -10.46613878911908557, -28.11511939947786587 ) ) ;
#3560 = ORIENTED_EDGE ( 'NONE', *, *, #4298, .T. ) ;
#3561 = DIRECTION ( 'NONE',  ( 0.000000000000000000, 0.000000000000000000, 1.000000000000000000 ) ) ;
#3562 = EDGE_CURVE ( 'NONE', #1759, #4097, #803, .T. ) ;
#3563 = CYLINDRICAL_SURFACE ( 'NONE', #1789, 11.19999999999999929 ) ;
#3564 = VERTEX_POINT ( 'NONE', #470 ) ;
#3565 = ORIENTED_EDGE ( 'NONE', *, *, #3369, .T. ) ;
#3566 = ORIENTED_EDGE ( 'NONE', *, *, #2005, .T. ) ;
#3567 = DIRECTION ( 'NONE',  ( -1.000000000000000000, -0.000000000000000000, -0.000000000000000000 ) ) ;
#3568 = CARTESIAN_POINT ( 'NONE',  ( 7.000000000000000888, 20.93169914448949243, 15.94218908519855837 ) ) ;
#3569 = CYLINDRICAL_SURFACE ( 'NONE', #944, 30.00000000000000000 ) ;
#3570 = CARTESIAN_POINT ( 'NONE',  ( 7.000000000000000888, -21.62835834692457837, 20.78975986434229384 ) ) ;
#3571 = EDGE_CURVE ( 'NONE', #2579, #2990, #1965, .T. ) ;
#3572 = DIRECTION ( 'NONE',  ( -1.000000000000000000, 0.000000000000000000, 0.000000000000000000 ) ) ;
#3573 = ORIENTED_EDGE ( 'NONE', *, *, #1508, .T. ) ;
#3574 = EDGE_LOOP ( 'NONE', ( #3549, #4192, #1481, #3153 ) ) ;
#3575 = DIRECTION ( 'NONE',  ( -1.000000000000000000, -0.000000000000000000, 0.000000000000000000 ) ) ;
#3576 = DIRECTION ( 'NONE',  ( 0.000000000000000000, 0.000000000000000000, 1.000000000000000000 ) ) ;
#3577 = LINE ( 'NONE', #1407, #561 ) ;
#3578 = DIRECTION ( 'NONE',  ( 0.000000000000000000, 0.000000000000000000, 1.000000000000000000 ) ) ;
#3579 = CARTESIAN_POINT ( 'NONE',  ( 0.000000000000000000, 25.71224702882834379, 15.45575468000535224 ) ) ;
#3580 = LINE ( 'NONE', #1436, #1827 ) ;
#3581 = DIRECTION ( 'NONE',  ( 0.000000000000000000, 0.4338837391175590086, -0.9009688679024187019 ) ) ;
#3582 = ADVANCED_FACE ( 'NONE', ( #906 ), #2309, .T. ) ;
#3583 = CIRCLE ( 'NONE', #1196, 11.20000000000000107 ) ;
#3584 = CARTESIAN_POINT ( 'NONE',  ( 7.000000000000000888, 0.000000000000000000, 0.000000000000000000 ) ) ;
#3585 = EDGE_CURVE ( 'NONE', #4200, #2312, #1669, .T. ) ;
#3586 = CARTESIAN_POINT ( 'NONE',  ( 7.000000000000000888, 20.50161238324400159, -15.16188941679815549 ) ) ;
#3587 = FACE_OUTER_BOUND ( 'NONE', #4143, .T. ) ;
#3588 = AXIS2_PLACEMENT_3D ( 'NONE', #3568, #3947, #3256 ) ;
#3589 = DIRECTION ( 'NONE',  ( 0.000000000000000000, 1.000000000000000000, 0.000000000000000000 ) ) ;
#3590 = EDGE_CURVE ( 'NONE', #2904, #2554, #3539, .T. ) ;
#3591 = VECTOR ( 'NONE', #3274, 1000.000000000000000 ) ;
#3592 = CYLINDRICAL_SURFACE ( 'NONE', #1850, 25.49899999999999523 ) ;
#3593 = ORIENTED_EDGE ( 'NONE', *, *, #6, .F. ) ;
#3594 = ADVANCED_FACE ( 'NONE', ( #2355 ), #4173, .T. ) ;
#3595 = AXIS2_PLACEMENT_3D ( 'NONE', #4415, #4480, #2670 ) ;
#3596 = ORIENTED_EDGE ( 'NONE', *, *, #4221, .T. ) ;
#3597 = EDGE_CURVE ( 'NONE', #915, #295, #2560, .T. ) ;
#3598 = EDGE_LOOP ( 'NONE', ( #360, #2717, #2610, #3331 ) ) ;
#3599 = DIRECTION ( 'NONE',  ( -1.000000000000000000, 0.000000000000000000, -0.000000000000000000 ) ) ;
#3600 = AXIS2_PLACEMENT_3D ( 'NONE', #655, #931, #4126 ) ;
#3601 = CARTESIAN_POINT ( 'NONE',  ( 7.000000000000000888, -22.55570658189509459, -11.89281722685814557 ) ) ;
#3602 = CARTESIAN_POINT ( 'NONE',  ( 0.000000000000000000, -28.50681627971345833, 9.346733418401500515 ) ) ;
#3603 = DIRECTION ( 'NONE',  ( -1.000000000000000000, -0.000000000000000000, -0.000000000000000000 ) ) ;
#3604 = CYLINDRICAL_SURFACE ( 'NONE', #3893, 25.49899999999999523 ) ;
#3605 = CARTESIAN_POINT ( 'NONE',  ( 0.000000000000000000, 23.44533994287250422, -11.94175267147971198 ) ) ;
#3606 = VERTEX_POINT ( 'NONE', #2755 ) ;
#3607 = PLANE ( 'NONE',  #3954 ) ;
#3608 = DIRECTION ( 'NONE',  ( -1.000000000000000000, 0.000000000000000000, 0.000000000000000000 ) ) ;
#3609 = AXIS2_PLACEMENT_3D ( 'NONE', #92, #3770, #526 ) ;
#3610 = LINE ( 'NONE', #2500, #3870 ) ;
#3611 = EDGE_CURVE ( 'NONE', #598, #701, #304, .T. ) ;
#3612 = DIRECTION ( 'NONE',  ( 0.000000000000000000, 0.000000000000000000, 1.000000000000000000 ) ) ;
#3613 = FACE_OUTER_BOUND ( 'NONE', #4375, .T. ) ;
#3614 = DIRECTION ( 'NONE',  ( -1.000000000000000000, -0.000000000000000000, -0.000000000000000000 ) ) ;
#3615 = ADVANCED_FACE ( 'NONE', ( #976 ), #634, .F. ) ;
#3616 = ORIENTED_EDGE ( 'NONE', *, *, #3326, .F. ) ;
#3617 = VERTEX_POINT ( 'NONE', #3089 ) ;
#3618 = DIRECTION ( 'NONE',  ( 0.000000000000000000, 0.9749279121818242855, -0.2225209339563114508 ) ) ;
#3619 = DIRECTION ( 'NONE',  ( 0.000000000000000000, 0.000000000000000000, 1.000000000000000000 ) ) ;
#3620 = DIRECTION ( 'NONE',  ( 0.000000000000000000, 0.000000000000000000, 1.000000000000000000 ) ) ;
#3621 = DIRECTION ( 'NONE',  ( 0.000000000000000000, 0.000000000000000000, 1.000000000000000000 ) ) ;
#3622 = CIRCLE ( 'NONE', #3178, 11.19999999999999751 ) ;
#3623 = DIRECTION ( 'NONE',  ( 0.000000000000000000, 0.000000000000000000, 1.000000000000000000 ) ) ;
#3624 = CYLINDRICAL_SURFACE ( 'NONE', #4044, 11.20000000000000107 ) ;
#3625 = ADVANCED_FACE ( 'NONE', ( #3404 ), #2733, .T. ) ;
#3626 = CARTESIAN_POINT ( 'NONE',  ( 7.000000000000000888, 20.50161238324379553, 15.16188941679844149 ) ) ;
#3627 = ORIENTED_EDGE ( 'NONE', *, *, #89, .T. ) ;
#3628 = CARTESIAN_POINT ( 'NONE',  ( 7.000000000000000888, 6.425269058786402532, -25.51480627843072213 ) ) ;
#3629 = CIRCLE ( 'NONE', #1908, 30.00000000000000000 ) ;
#3630 = AXIS2_PLACEMENT_3D ( 'NONE', #1241, #156, #4353 ) ;
#3631 = CYLINDRICAL_SURFACE ( 'NONE', #2854, 11.20000000000000107 ) ;
#3632 = LINE ( 'NONE', #3654, #1280 ) ;
#3633 = DIRECTION ( 'NONE',  ( -1.000000000000000000, -0.000000000000000000, -0.000000000000000000 ) ) ;
#3634 = CARTESIAN_POINT ( 'NONE',  ( 0.000000000000000000, 25.04981177135288206, -4.765074104333546501 ) ) ;
#3635 = ORIENTED_EDGE ( 'NONE', *, *, #1750, .T. ) ;
#3636 = CARTESIAN_POINT ( 'NONE',  ( 7.000000000000000888, 25.51480627843078608, 4.774730941213854329 ) ) ;
#3637 = ORIENTED_EDGE ( 'NONE', *, *, #3382, .F. ) ;
#3638 = CARTESIAN_POINT ( 'NONE',  ( 7.000000000000000888, 6.575522574292687494, 24.63658872236509723 ) ) ;
#3639 = ORIENTED_EDGE ( 'NONE', *, *, #61, .T. ) ;
#3640 = ADVANCED_FACE ( 'NONE', ( #2002 ), #3063, .T. ) ;
#3641 = EDGE_CURVE ( 'NONE', #3393, #3240, #4120, .T. ) ;
#3642 = CARTESIAN_POINT ( 'NONE',  ( -10.00000000000000000, 0.000000000000000000, 0.000000000000000000 ) ) ;
#3643 = CARTESIAN_POINT ( 'NONE',  ( 7.000000000000000888, -20.50161238324389501, 15.16188941679830293 ) ) ;
#3644 = ORIENTED_EDGE ( 'NONE', *, *, #3039, .T. ) ;
#3645 = EDGE_LOOP ( 'NONE', ( #4566, #3169, #3017, #861 ) ) ;
#3646 = CARTESIAN_POINT ( 'NONE',  ( 0.000000000000000000, -28.11511939947768113, -10.46613878911957762 ) ) ;
#3647 = DIRECTION ( 'NONE',  ( 0.000000000000000000, -0.9749279121818212879, -0.2225209339563244959 ) ) ;
#3648 = EDGE_LOOP ( 'NONE', ( #749, #2099, #356, #3851 ) ) ;
#3649 = CARTESIAN_POINT ( 'NONE',  ( 0.000000000000000000, -22.55570658189509459, -11.89281722685814557 ) ) ;
#3650 = ORIENTED_EDGE ( 'NONE', *, *, #2696, .T. ) ;
#3651 = ADVANCED_FACE ( 'NONE', ( #1963 ), #1263, .T. ) ;
#3652 = CARTESIAN_POINT ( 'NONE',  ( 7.000000000000000888, 0.000000000000000000, 0.000000000000000000 ) ) ;
#3653 = DIRECTION ( 'NONE',  ( 0.000000000000000000, 0.000000000000000000, 1.000000000000000000 ) ) ;
#3654 = CARTESIAN_POINT ( 'NONE',  ( 3.500000000000000444, 20.78975986434236134, 21.62835834692451087 ) ) ;
#3655 = DIRECTION ( 'NONE',  ( 1.000000000000000000, 0.000000000000000000, 0.000000000000000000 ) ) ;
#3656 = AXIS2_PLACEMENT_3D ( 'NONE', #4481, #622, #674 ) ;
#3657 = DIRECTION ( 'NONE',  ( 0.000000000000000000, 1.000000000000000000, 3.491481338843133355E-15 ) ) ;
#3658 = ORIENTED_EDGE ( 'NONE', *, *, #3023, .T. ) ;
#3659 = VECTOR ( 'NONE', #568, 1000.000000000000000 ) ;
#3660 = CARTESIAN_POINT ( 'NONE',  ( 7.000000000000000888, -25.51480627843083226, 6.425269058785968213 ) ) ;
#3661 = VECTOR ( 'NONE', #1763, 1000.000000000000000 ) ;
#3662 = VERTEX_POINT ( 'NONE', #2033 ) ;
#3663 = ORIENTED_EDGE ( 'NONE', *, *, #4298, .F. ) ;
#3664 = AXIS2_PLACEMENT_3D ( 'NONE', #1804, #1918, #893 ) ;
#3665 = ORIENTED_EDGE ( 'NONE', *, *, #577, .T. ) ;
#3666 = DIRECTION ( 'NONE',  ( -1.000000000000000000, -0.000000000000000000, 0.000000000000000000 ) ) ;
#3667 = DIRECTION ( 'NONE',  ( -1.000000000000000000, 0.000000000000000000, 0.000000000000000000 ) ) ;
#3668 = AXIS2_PLACEMENT_3D ( 'NONE', #4008, #4393, #1214 ) ;
#3669 = ORIENTED_EDGE ( 'NONE', *, *, #4144, .T. ) ;
#3670 = ORIENTED_EDGE ( 'NONE', *, *, #1291, .F. ) ;
#3671 = DIRECTION ( 'NONE',  ( -1.000000000000000000, 0.000000000000000000, 0.000000000000000000 ) ) ;
#3672 = CARTESIAN_POINT ( 'NONE',  ( 7.000000000000000888, 0.000000000000000000, 0.000000000000000000 ) ) ;
#3673 = DIRECTION ( 'NONE',  ( 0.000000000000000000, 0.000000000000000000, 1.000000000000000000 ) ) ;
#3674 = CARTESIAN_POINT ( 'NONE',  ( 7.000000000000000888, 20.78975986434267398, -21.62835834692421955 ) ) ;
#3675 = AXIS2_PLACEMENT_3D ( 'NONE', #2657, #905, #1658 ) ;
#3676 = CARTESIAN_POINT ( 'NONE',  ( 7.000000000000000888, 0.000000000000000000, 0.000000000000000000 ) ) ;
#3677 = EDGE_CURVE ( 'NONE', #295, #3489, #2261, .T. ) ;
#3678 = DIRECTION ( 'NONE',  ( 0.000000000000000000, 1.000000000000000000, 3.407492542097299931E-15 ) ) ;
#3679 = DIRECTION ( 'NONE',  ( 0.000000000000000000, -7.124757133476173122E-15, 1.000000000000000000 ) ) ;
#3680 = DIRECTION ( 'NONE',  ( 0.000000000000000000, 0.6234898018587294866, 0.7818314824680331343 ) ) ;
#3681 = FACE_OUTER_BOUND ( 'NONE', #2008, .T. ) ;
#3682 = CIRCLE ( 'NONE', #2404, 30.00000000000000000 ) ;
#3683 = AXIS2_PLACEMENT_3D ( 'NONE', #3134, #4540, #2127 ) ;
#3684 = ORIENTED_EDGE ( 'NONE', *, *, #3641, .T. ) ;
#3685 = DIRECTION ( 'NONE',  ( 1.000000000000000000, 0.000000000000000000, -0.000000000000000000 ) ) ;
#3686 = ORIENTED_EDGE ( 'NONE', *, *, #3749, .T. ) ;
#3687 = CIRCLE ( 'NONE', #1665, 25.49899999999999523 ) ;
#3688 = ORIENTED_EDGE ( 'NONE', *, *, #3991, .F. ) ;
#3689 = AXIS2_PLACEMENT_3D ( 'NONE', #3830, #2375, #3038 ) ;
#3690 = CARTESIAN_POINT ( 'NONE',  ( 7.000000000000000888, -26.30485368663591927, 0.5865956258977993443 ) ) ;
#3691 = DIRECTION ( 'NONE',  ( -1.000000000000000000, -0.000000000000000000, -0.000000000000000000 ) ) ;
#3692 = CARTESIAN_POINT ( 'NONE',  ( 7.000000000000000888, 23.44533994287250422, -11.94175267147971198 ) ) ;
#3693 = ADVANCED_FACE ( 'NONE', ( #1328 ), #3135, .T. ) ;
#3694 = APPLICATION_PROTOCOL_DEFINITION ( 'draft international standard', 'automotive_design', 1998, #355 ) ;
#3695 = FACE_OUTER_BOUND ( 'NONE', #2435, .T. ) ;
#3696 = ORIENTED_EDGE ( 'NONE', *, *, #678, .T. ) ;
#3697 = EDGE_CURVE ( 'NONE', #2675, #1299, #2712, .T. ) ;
#3698 = SURFACE_STYLE_USAGE ( .BOTH. , #2266 ) ;
#3699 = CARTESIAN_POINT ( 'NONE',  ( 7.000000000000000888, -15.16188941679850544, 20.50161238324374580 ) ) ;
#3700 = AXIS2_PLACEMENT_3D ( 'NONE', #4130, #2790, #3067 ) ;
#3701 = LINE ( 'NONE', #4340, #2801 ) ;
#3702 = DIRECTION ( 'NONE',  ( 0.000000000000000000, 0.000000000000000000, 1.000000000000000000 ) ) ;
#3703 = EDGE_LOOP ( 'NONE', ( #1145, #133, #392, #2818 ) ) ;
#3704 = VECTOR ( 'NONE', #2681, 1000.000000000000000 ) ;
#3705 = VERTEX_POINT ( 'NONE', #2684 ) ;
#3706 = CARTESIAN_POINT ( 'NONE',  ( 7.000000000000000000, 0.000000000000000000, 0.000000000000000000 ) ) ;
#3707 = ORIENTED_EDGE ( 'NONE', *, *, #4159, .T. ) ;
#3708 = ORIENTED_EDGE ( 'NONE', *, *, #1805, .T. ) ;
#3709 = ADVANCED_FACE ( 'NONE', ( #3386 ), #583, .T. ) ;
#3710 = CARTESIAN_POINT ( 'NONE',  ( 0.000000000000000000, 26.30485368663591927, 10.61340437410201787 ) ) ;
#3711 = DIRECTION ( 'NONE',  ( 0.000000000000000000, 0.9009688679024201452, -0.4338837391175560110 ) ) ;
#3712 = CARTESIAN_POINT ( 'NONE',  ( 0.000000000000000000, -20.50161238324368895, -15.16188941679858004 ) ) ;
#3713 = DIRECTION ( 'NONE',  ( 0.000000000000000000, -0.2225209339563216648, 0.9749279121818220650 ) ) ;
#3714 = ORIENTED_EDGE ( 'NONE', *, *, #3014, .T. ) ;
#3715 = DIRECTION ( 'NONE',  ( 0.000000000000000000, 0.000000000000000000, 1.000000000000000000 ) ) ;
#3716 = FACE_OUTER_BOUND ( 'NONE', #2656, .T. ) ;
#3717 = EDGE_CURVE ( 'NONE', #1889, #2496, #1457, .T. ) ;
#3718 = CARTESIAN_POINT ( 'NONE',  ( 7.000000000000000888, 0.000000000000000000, 0.000000000000000000 ) ) ;
#3719 = DIRECTION ( 'NONE',  ( 0.000000000000000000, 0.000000000000000000, 1.000000000000000000 ) ) ;
#3720 = ORIENTED_EDGE ( 'NONE', *, *, #1190, .T. ) ;
#3721 = AXIS2_PLACEMENT_3D ( 'NONE', #48, #4323, #4349 ) ;
#3722 = EDGE_CURVE ( 'NONE', #780, #1024, #25, .T. ) ;
#3723 = AXIS2_PLACEMENT_3D ( 'NONE', #2418, #1721, #3075 ) ;
#3724 = DIRECTION ( 'NONE',  ( 0.000000000000000000, 0.000000000000000000, 1.000000000000000000 ) ) ;
#3725 = DIRECTION ( 'NONE',  ( 1.000000000000000000, 0.000000000000000000, 0.000000000000000000 ) ) ;
#3726 = CARTESIAN_POINT ( 'NONE',  ( 0.000000000000000000, 0.000000000000000000, 0.000000000000000000 ) ) ;
#3727 = DIRECTION ( 'NONE',  ( -1.000000000000000000, 0.000000000000000000, -0.000000000000000000 ) ) ;
#3728 = EDGE_CURVE ( 'NONE', #350, #2028, #4510, .T. ) ;
#3729 = CIRCLE ( 'NONE', #2456, 1.600000000000000311 ) ;
#3730 = CIRCLE ( 'NONE', #3951, 25.49899999999999878 ) ;
#3731 = EDGE_LOOP ( 'NONE', ( #3573, #1418, #4573, #468 ) ) ;
#3732 = ORIENTED_EDGE ( 'NONE', *, *, #1536, .T. ) ;
#3733 = AXIS2_PLACEMENT_3D ( 'NONE', #67, #1472, #3711 ) ;
#3734 = CARTESIAN_POINT ( 'NONE',  ( 7.000000000000000888, 19.34378712898069708, 16.61375636358860319 ) ) ;
#3735 = CIRCLE ( 'NONE', #4391, 2.500000000000000000 ) ;
#3736 = EDGE_LOOP ( 'NONE', ( #325, #1353, #296, #2263 ) ) ;
#3737 = CARTESIAN_POINT ( 'NONE',  ( 7.000000000000000888, -2.769027914639234478, -29.87193472823527429 ) ) ;
#3738 = ORIENTED_EDGE ( 'NONE', *, *, #4359, .F. ) ;
#3739 = ORIENTED_EDGE ( 'NONE', *, *, #3347, .F. ) ;
#3740 = AXIS2_PLACEMENT_3D ( 'NONE', #2774, #1462, #2417 ) ;
#3741 = CYLINDRICAL_SURFACE ( 'NONE', #4113, 11.19999999999999929 ) ;
#3742 = DIRECTION ( 'NONE',  ( -1.000000000000000000, 0.000000000000000000, 0.000000000000000000 ) ) ;
#3743 = DIRECTION ( 'NONE',  ( 0.000000000000000000, -0.7818314824680221431, -0.6234898018587431423 ) ) ;
#3744 = CARTESIAN_POINT ( 'NONE',  ( 7.000000000000000888, 16.85942694080864257, 20.20022636336488020 ) ) ;
#3745 = VERTEX_POINT ( 'NONE', #2861 ) ;
#3746 = DIRECTION ( 'NONE',  ( 0.000000000000000000, -0.6234898018587401447, 0.7818314824680245856 ) ) ;
#3747 = AXIS2_PLACEMENT_3D ( 'NONE', #4016, #4062, #3715 ) ;
#3748 = ORIENTED_EDGE ( 'NONE', *, *, #2599, .F. ) ;
#3749 = EDGE_CURVE ( 'NONE', #2209, #2359, #590, .T. ) ;
#3750 = CARTESIAN_POINT ( 'NONE',  ( 7.000000000000000888, -28.50681627971333398, -9.346733418401901972 ) ) ;
#3751 = ORIENTED_EDGE ( 'NONE', *, *, #927, .F. ) ;
#3752 = VECTOR ( 'NONE', #3114, 1000.000000000000000 ) ;
#3753 = FACE_OUTER_BOUND ( 'NONE', #461, .T. ) ;
#3754 = CARTESIAN_POINT ( 'NONE',  ( 0.000000000000000000, -28.11511939947783034, 10.46613878911918327 ) ) ;
#3755 = AXIS2_PLACEMENT_3D ( 'NONE', #1683, #3482, #227 ) ;
#3756 = CIRCLE ( 'NONE', #4337, 11.20000000000000107 ) ;
#3757 = CARTESIAN_POINT ( 'NONE',  ( 7.000000000000000888, -10.21971125872130415, 23.36143195072520840 ) ) ;
#3758 = EDGE_LOOP ( 'NONE', ( #66, #3245 ) ) ;
#3759 = VERTEX_POINT ( 'NONE', #2514 ) ;
#3760 = VECTOR ( 'NONE', #1762, 1000.000000000000000 ) ;
#3761 = CARTESIAN_POINT ( 'NONE',  ( 7.000000000000000888, 0.000000000000000000, 0.000000000000000000 ) ) ;
#3762 = DIRECTION ( 'NONE',  ( -1.000000000000000000, 0.000000000000000000, 0.000000000000000000 ) ) ;
#3763 = ADVANCED_FACE ( 'NONE', ( #3226 ), #3896, .T. ) ;
#3764 = DIRECTION ( 'NONE',  ( -1.000000000000000000, -0.000000000000000000, -0.000000000000000000 ) ) ;
#3765 = DIRECTION ( 'NONE',  ( -1.000000000000000000, 0.000000000000000000, 0.000000000000000000 ) ) ;
#3766 = DIRECTION ( 'NONE',  ( 0.000000000000000000, 0.000000000000000000, 1.000000000000000000 ) ) ;
#3767 = CIRCLE ( 'NONE', #2422, 11.20000000000000284 ) ;
#3768 = ORIENTED_EDGE ( 'NONE', *, *, #226, .T. ) ;
#3769 = VECTOR ( 'NONE', #903, 1000.000000000000000 ) ;
#3770 = DIRECTION ( 'NONE',  ( -1.000000000000000000, -0.000000000000000000, 0.000000000000000000 ) ) ;
#3771 = CARTESIAN_POINT ( 'NONE',  ( 7.000000000000000888, 15.45575468000562758, -25.71224702882819102 ) ) ;
#3772 = DIRECTION ( 'NONE',  ( 1.000000000000000000, 0.000000000000000000, 0.000000000000000000 ) ) ;
#3773 = EDGE_CURVE ( 'NONE', #3284, #2209, #1113, .T. ) ;
#3774 = VERTEX_POINT ( 'NONE', #754 ) ;
#3775 = ORIENTED_EDGE ( 'NONE', *, *, #809, .T. ) ;
#3776 = EDGE_LOOP ( 'NONE', ( #1865, #847, #1650, #2227 ) ) ;
#3777 = ADVANCED_FACE ( 'NONE', ( #3939 ), #1114, .T. ) ;
#3778 = EDGE_CURVE ( 'NONE', #33, #183, #3265, .T. ) ;
#3779 = VERTEX_POINT ( 'NONE', #3557 ) ;
#3780 = DIRECTION ( 'NONE',  ( -1.000000000000000000, 0.000000000000000000, -0.000000000000000000 ) ) ;
#3781 = ORIENTED_EDGE ( 'NONE', *, *, #1805, .F. ) ;
#3782 = CARTESIAN_POINT ( 'NONE',  ( 7.000000000000000888, -22.55570658189526156, 11.89281722685783471 ) ) ;
#3783 = DIRECTION ( 'NONE',  ( -1.000000000000000000, 0.000000000000000000, 0.000000000000000000 ) ) ;
#3784 = CARTESIAN_POINT ( 'NONE',  ( 3.499999999999999556, -29.87193472823526008, 2.769027914639338395 ) ) ;
#3785 = LINE ( 'NONE', #1304, #792 ) ;
#3786 = DIRECTION ( 'NONE',  ( -1.000000000000000000, -0.000000000000000000, 0.000000000000000000 ) ) ;
#3787 = FACE_OUTER_BOUND ( 'NONE', #2877, .T. ) ;
#3788 = EDGE_CURVE ( 'NONE', #3984, #4167, #477, .T. ) ;
#3789 = VERTEX_POINT ( 'NONE', #4561 ) ;
#3790 = CARTESIAN_POINT ( 'NONE',  ( -10.00000000000000000, 0.000000000000000000, 0.000000000000000000 ) ) ;
#3791 = ORIENTED_EDGE ( 'NONE', *, *, #3223, .T. ) ;
#3792 = LINE ( 'NONE', #3445, #1011 ) ;
#3793 = CARTESIAN_POINT ( 'NONE',  ( 0.000000000000000000, 0.000000000000000000, 0.000000000000000000 ) ) ;
#3794 = CARTESIAN_POINT ( 'NONE',  ( 7.000000000000000888, 2.769027914639444532, 29.87193472823525298 ) ) ;
#3795 = EDGE_LOOP ( 'NONE', ( #2794, #4501, #3791, #150 ) ) ;
#3796 = EDGE_LOOP ( 'NONE', ( #4231, #2454 ) ) ;
#3797 = VECTOR ( 'NONE', #2162, 1000.000000000000000 ) ;
#3798 = ORIENTED_EDGE ( 'NONE', *, *, #2913, .T. ) ;
#3799 = AXIS2_PLACEMENT_3D ( 'NONE', #2295, #670, #691 ) ;
#3800 = CARTESIAN_POINT ( 'NONE',  ( 7.000000000000000888, 4.765074104333798743, 25.04981177135283588 ) ) ;
#3801 = ADVANCED_FACE ( 'NONE', ( #2809 ), #732, .T. ) ;
#3802 = VECTOR ( 'NONE', #2139, 1000.000000000000000 ) ;
#3803 = AXIS2_PLACEMENT_3D ( 'NONE', #4178, #4544, #2739 ) ;
#3804 = FACE_OUTER_BOUND ( 'NONE', #3399, .T. ) ;
#3805 = ADVANCED_FACE ( 'NONE', ( #353 ), #530, .T. ) ;
#3806 = AXIS2_PLACEMENT_3D ( 'NONE', #3726, #3691, #506 ) ;
#3807 = CARTESIAN_POINT ( 'NONE',  ( 0.000000000000000000, -8.000000000000000000, 1.600000000000000089 ) ) ;
#3808 = DIRECTION ( 'NONE',  ( 0.000000000000000000, 0.000000000000000000, 1.000000000000000000 ) ) ;
#3809 = ADVANCED_FACE ( 'NONE', ( #2631 ), #3315, .T. ) ;
#3810 = DIRECTION ( 'NONE',  ( -1.000000000000000000, -0.000000000000000000, -0.000000000000000000 ) ) ;
#3811 = CYLINDRICAL_SURFACE ( 'NONE', #2025, 11.19999999999999929 ) ;
#3812 = LINE ( 'NONE', #2038, #2890 ) ;
#3813 = CARTESIAN_POINT ( 'NONE',  ( 3.500000000000000444, 25.08127967860427177, 16.45993346534645596 ) ) ;
#3814 = CIRCLE ( 'NONE', #4399, 11.20000000000000107 ) ;
#3815 = VERTEX_POINT ( 'NONE', #3355 ) ;
#3816 = DIRECTION ( 'NONE',  ( -1.000000000000000000, 0.000000000000000000, 0.000000000000000000 ) ) ;
#3817 = LINE ( 'NONE', #2743, #482 ) ;
#3818 = CARTESIAN_POINT ( 'NONE',  ( 7.000000000000000888, 20.20022636336481980, 16.85942694080871362 ) ) ;
#3819 = ORIENTED_EDGE ( 'NONE', *, *, #3926, .F. ) ;
#3820 = CIRCLE ( 'NONE', #1806, 30.00000000000000000 ) ;
#3821 = EDGE_LOOP ( 'NONE', ( #7, #32, #3936, #481 ) ) ;
#3822 = ORIENTED_EDGE ( 'NONE', *, *, #2725, .F. ) ;
#3823 = VECTOR ( 'NONE', #4303, 1000.000000000000000 ) ;
#3824 = DIRECTION ( 'NONE',  ( 0.000000000000000000, -1.000000000000000000, -1.053224967557347345E-14 ) ) ;
#3825 = EDGE_LOOP ( 'NONE', ( #3912, #3496 ) ) ;
#3826 = AXIS2_PLACEMENT_3D ( 'NONE', #146, #1873, #1538 ) ;
#3827 = ORIENTED_EDGE ( 'NONE', *, *, #2780, .F. ) ;
#3828 = EDGE_CURVE ( 'NONE', #1039, #1714, #104, .T. ) ;
#3829 = DIRECTION ( 'NONE',  ( -1.000000000000000000, 0.000000000000000000, 0.000000000000000000 ) ) ;
#3830 = CARTESIAN_POINT ( 'NONE',  ( 0.000000000000000000, 25.51480627843078608, -6.425269058786144960 ) ) ;
#3831 = DIRECTION ( 'NONE',  ( 0.000000000000000000, 0.000000000000000000, 1.000000000000000000 ) ) ;
#3832 = DIRECTION ( 'NONE',  ( -1.000000000000000000, -0.000000000000000000, -0.000000000000000000 ) ) ;
#3833 = DIRECTION ( 'NONE',  ( -1.000000000000000000, -0.000000000000000000, -0.000000000000000000 ) ) ;
#3834 = LINE ( 'NONE', #1310, #2927 ) ;
#3835 = VECTOR ( 'NONE', #4064, 1000.000000000000000 ) ;
#3836 = DIRECTION ( 'NONE',  ( 1.000000000000000000, -0.000000000000000000, -0.000000000000000000 ) ) ;
#3837 = LINE ( 'NONE', #899, #4239 ) ;
#3838 = DIRECTION ( 'NONE',  ( -1.000000000000000000, -0.000000000000000000, -0.000000000000000000 ) ) ;
#3839 = CARTESIAN_POINT ( 'NONE',  ( 0.000000000000000000, 6.575522574293017009, -24.63658872236500841 ) ) ;
#3840 = CARTESIAN_POINT ( 'NONE',  ( 0.000000000000000000, -26.30485368663591572, -0.5865956258981671612 ) ) ;
#3841 = ORIENTED_EDGE ( 'NONE', *, *, #2230, .F. ) ;
#3842 = VECTOR ( 'NONE', #2862, 1000.000000000000000 ) ;
#3843 = ADVANCED_FACE ( 'NONE', ( #4328 ), #2240, .T. ) ;
#3844 = AXIS2_PLACEMENT_3D ( 'NONE', #4257, #3244, #1089 ) ;
#3845 = DIRECTION ( 'NONE',  ( -1.000000000000000000, -0.000000000000000000, -0.000000000000000000 ) ) ;
#3846 = DIRECTION ( 'NONE',  ( -1.000000000000000000, -0.000000000000000000, -0.000000000000000000 ) ) ;
#3847 = DIRECTION ( 'NONE',  ( 0.000000000000000000, 0.000000000000000000, 1.000000000000000000 ) ) ;
#3848 = FACE_OUTER_BOUND ( 'NONE', #1490, .T. ) ;
#3849 = VERTEX_POINT ( 'NONE', #136 ) ;
#3850 = VERTEX_POINT ( 'NONE', #446 ) ;
#3851 = ORIENTED_EDGE ( 'NONE', *, *, #2559, .T. ) ;
#3852 = CARTESIAN_POINT ( 'NONE',  ( 7.000000000000000888, 20.78975986434236489, 21.62835834692451087 ) ) ;
#3853 = ORIENTED_EDGE ( 'NONE', *, *, #174, .F. ) ;
#3854 = VERTEX_POINT ( 'NONE', #1549 ) ;
#3855 = ADVANCED_FACE ( 'NONE', ( #1836 ), #2977, .T. ) ;
#3856 = EDGE_LOOP ( 'NONE', ( #1679, #3288, #1899, #4278 ) ) ;
#3857 = DIRECTION ( 'NONE',  ( 0.000000000000000000, 0.9009688679024201452, -0.4338837391175560110 ) ) ;
#3858 = DIRECTION ( 'NONE',  ( 0.000000000000000000, 0.2225209339563147815, -0.9749279121818235083 ) ) ;
#3859 = LINE ( 'NONE', #695, #94 ) ;
#3860 = EDGE_CURVE ( 'NONE', #1543, #3815, #2385, .T. ) ;
#3861 = ORIENTED_EDGE ( 'NONE', *, *, #4182, .F. ) ;
#3862 = CIRCLE ( 'NONE', #14, 11.19999999999999751 ) ;
#3863 = ORIENTED_EDGE ( 'NONE', *, *, #1633, .T. ) ;
#3864 = DIRECTION ( 'NONE',  ( -1.000000000000000000, 0.000000000000000000, -0.000000000000000000 ) ) ;
#3865 = EDGE_LOOP ( 'NONE', ( #3071, #1849, #4350, #2582 ) ) ;
#3866 = CARTESIAN_POINT ( 'NONE',  ( 7.000000000000000888, -15.94218908519863120, 20.93169914448942492 ) ) ;
#3867 = VECTOR ( 'NONE', #4552, 1000.000000000000000 ) ;
#3868 = CARTESIAN_POINT ( 'NONE',  ( 7.000000000000000888, 0.000000000000000000, 0.000000000000000000 ) ) ;
#3869 = DIRECTION ( 'NONE',  ( -1.000000000000000000, -0.000000000000000000, -0.000000000000000000 ) ) ;
#3870 = VECTOR ( 'NONE', #59, 1000.000000000000000 ) ;
#3871 = DIRECTION ( 'NONE',  ( -1.000000000000000000, 0.000000000000000000, 0.000000000000000000 ) ) ;
#3872 = ORIENTED_EDGE ( 'NONE', *, *, #3522, .T. ) ;
#3873 = VERTEX_POINT ( 'NONE', #3800 ) ;
#3874 = DIRECTION ( 'NONE',  ( -1.000000000000000000, -0.000000000000000000, -0.000000000000000000 ) ) ;
#3875 = DIRECTION ( 'NONE',  ( 0.000000000000000000, 0.000000000000000000, 1.000000000000000000 ) ) ;
#3876 = ORIENTED_EDGE ( 'NONE', *, *, #911, .T. ) ;
#3877 = AXIS2_PLACEMENT_3D ( 'NONE', #3642, #2534, #1545 ) ;
#3878 = FACE_BOUND ( 'NONE', #3825, .T. ) ;
#3879 = ORIENTED_EDGE ( 'NONE', *, *, #3060, .F. ) ;
#3880 = CARTESIAN_POINT ( 'NONE',  ( 0.000000000000000000, -11.89281722685806741, 22.55570658189513722 ) ) ;
#3881 = DIRECTION ( 'NONE',  ( 0.000000000000000000, 0.000000000000000000, -1.000000000000000000 ) ) ;
#3882 = CIRCLE ( 'NONE', #4543, 11.20000000000000107 ) ;
#3883 = ADVANCED_FACE ( 'NONE', ( #3032 ), #1982, .T. ) ;
#3884 = DIRECTION ( 'NONE',  ( 0.000000000000000000, 1.000000000000000000, 3.491481338843133355E-15 ) ) ;
#3885 = CARTESIAN_POINT ( 'NONE',  ( 7.000000000000000888, 5.281492161083006565, -25.77586589148974383 ) ) ;
#3886 = ORIENTED_EDGE ( 'NONE', *, *, #3903, .T. ) ;
#3887 = AXIS2_PLACEMENT_3D ( 'NONE', #2640, #4358, #891 ) ;
#3888 = ORIENTED_EDGE ( 'NONE', *, *, #4055, .T. ) ;
#3889 = ORIENTED_EDGE ( 'NONE', *, *, #970, .F. ) ;
#3890 = EDGE_LOOP ( 'NONE', ( #1877, #1608, #1981, #2436 ) ) ;
#3891 = CARTESIAN_POINT ( 'NONE',  ( 7.000000000000000888, -29.87193472823522455, -2.769027914639754950 ) ) ;
#3892 = VERTEX_POINT ( 'NONE', #4509 ) ;
#3893 = AXIS2_PLACEMENT_3D ( 'NONE', #2472, #1115, #2152 ) ;
#3894 = EDGE_CURVE ( 'NONE', #183, #2974, #247, .T. ) ;
#3895 = CARTESIAN_POINT ( 'NONE',  ( 0.000000000000000000, -29.73914963514675591, -3.947528211216468463 ) ) ;
#3896 = CYLINDRICAL_SURFACE ( 'NONE', #2072, 11.19999999999999929 ) ;
#3897 = EDGE_LOOP ( 'NONE', ( #918, #1389, #3635, #4183 ) ) ;
#3898 = ORIENTED_EDGE ( 'NONE', *, *, #101, .F. ) ;
#3899 = CIRCLE ( 'NONE', #2258, 11.20000000000000284 ) ;
#3900 = CARTESIAN_POINT ( 'NONE',  ( 7.000000000000000000, -8.000000000000000000, 0.000000000000000000 ) ) ;
#3901 = ORIENTED_EDGE ( 'NONE', *, *, #4055, .F. ) ;
#3902 = CARTESIAN_POINT ( 'NONE',  ( -10.00000000000000000, 0.000000000000000000, 0.000000000000000000 ) ) ;
#3903 = EDGE_CURVE ( 'NONE', #3336, #2130, #298, .T. ) ;
#3904 = CIRCLE ( 'NONE', #4194, 25.49899999999999523 ) ;
#3905 = ORIENTED_EDGE ( 'NONE', *, *, #17, .F. ) ;
#3906 = CARTESIAN_POINT ( 'NONE',  ( 0.000000000000000000, 0.000000000000000000, 0.000000000000000000 ) ) ;
#3907 = LINE ( 'NONE', #4310, #2960 ) ;
#3908 = DIRECTION ( 'NONE',  ( -1.000000000000000000, -0.000000000000000000, 0.000000000000000000 ) ) ;
#3909 = AXIS2_PLACEMENT_3D ( 'NONE', #717, #3633, #1074 ) ;
#3910 = DIRECTION ( 'NONE',  ( -1.000000000000000000, 0.000000000000000000, 0.000000000000000000 ) ) ;
#3911 = CARTESIAN_POINT ( 'NONE',  ( 7.000000000000000888, -15.94218908519833633, -20.93169914448964875 ) ) ;
#3912 = ORIENTED_EDGE ( 'NONE', *, *, #1962, .F. ) ;
#3913 = ORIENTED_EDGE ( 'NONE', *, *, #3728, .T. ) ;
#3914 = CARTESIAN_POINT ( 'NONE',  ( 0.000000000000000000, 0.000000000000000000, 0.000000000000000000 ) ) ;
#3915 = CIRCLE ( 'NONE', #4352, 30.00000000000000000 ) ;
#3916 = EDGE_CURVE ( 'NONE', #1713, #13, #3128, .T. ) ;
#3917 = CIRCLE ( 'NONE', #3630, 11.19999999999999929 ) ;
#3918 = DIRECTION ( 'NONE',  ( 0.000000000000000000, 0.000000000000000000, 1.000000000000000000 ) ) ;
#3919 = DIRECTION ( 'NONE',  ( -1.000000000000000000, -0.000000000000000000, 0.000000000000000000 ) ) ;
#3920 = ORIENTED_EDGE ( 'NONE', *, *, #2141, .T. ) ;
#3921 = CARTESIAN_POINT ( 'NONE',  ( 0.000000000000000000, 0.000000000000000000, 0.000000000000000000 ) ) ;
#3922 = ORIENTED_EDGE ( 'NONE', *, *, #2491, .T. ) ;
#3923 = ORIENTED_EDGE ( 'NONE', *, *, #3177, .T. ) ;
#3924 = DIRECTION ( 'NONE',  ( 0.000000000000000000, 0.7818314824680269171, 0.6234898018587371471 ) ) ;
#3925 = VERTEX_POINT ( 'NONE', #2299 ) ;
#3926 = EDGE_CURVE ( 'NONE', #2730, #1675, #2676, .T. ) ;
#3927 = CARTESIAN_POINT ( 'NONE',  ( 7.000000000000000888, -11.89281722685806741, 22.55570658189513722 ) ) ;
#3928 = CARTESIAN_POINT ( 'NONE',  ( 7.000000000000000888, -25.71224702882846103, 15.45575468000517638 ) ) ;
#3929 = DIRECTION ( 'NONE',  ( -1.000000000000000000, -0.000000000000000000, -0.000000000000000000 ) ) ;
#3930 = CARTESIAN_POINT ( 'NONE',  ( 7.000000000000000888, -3.947528211215957761, -29.73914963514683407 ) ) ;
#3931 = EDGE_LOOP ( 'NONE', ( #2465, #1593, #2645, #3046 ) ) ;
#3932 = ORIENTED_EDGE ( 'NONE', *, *, #1802, .F. ) ;
#3933 = ORIENTED_EDGE ( 'NONE', *, *, #1765, .T. ) ;
#3934 = DIRECTION ( 'NONE',  ( -1.000000000000000000, 0.000000000000000000, -0.000000000000000000 ) ) ;
#3935 = CARTESIAN_POINT ( 'NONE',  ( -10.00000000000000000, 0.000000000000000000, 0.000000000000000000 ) ) ;
#3936 = ORIENTED_EDGE ( 'NONE', *, *, #614, .F. ) ;
#3937 = DIRECTION ( 'NONE',  ( -1.000000000000000000, 0.000000000000000000, -0.000000000000000000 ) ) ;
#3938 = EDGE_CURVE ( 'NONE', #1382, #3380, #200, .T. ) ;
#3939 = FACE_OUTER_BOUND ( 'NONE', #1396, .T. ) ;
#3940 = CIRCLE ( 'NONE', #1138, 11.19999999999999929 ) ;
#3941 = CARTESIAN_POINT ( 'NONE',  ( 7.000000000000000888, -15.45575468000508579, -25.71224702882851076 ) ) ;
#3942 = CYLINDRICAL_SURFACE ( 'NONE', #1578, 30.00000000000000000 ) ;
#3943 = CIRCLE ( 'NONE', #1422, 11.20000000000000284 ) ;
#3944 = AXIS2_PLACEMENT_3D ( 'NONE', #178, #1591, #1130 ) ;
#3945 = EDGE_CURVE ( 'NONE', #645, #2585, #3145, .T. ) ;
#3946 = DIRECTION ( 'NONE',  ( -1.000000000000000000, 0.000000000000000000, 0.000000000000000000 ) ) ;
#3947 = DIRECTION ( 'NONE',  ( -1.000000000000000000, 0.000000000000000000, -0.000000000000000000 ) ) ;
#3948 = ORIENTED_EDGE ( 'NONE', *, *, #3248, .F. ) ;
#3949 = CARTESIAN_POINT ( 'NONE',  ( 0.000000000000000000, -5.281492161082465664, -25.77586589148986107 ) ) ;
#3950 = AXIS2_PLACEMENT_3D ( 'NONE', #3706, #917, #1187 ) ;
#3951 = AXIS2_PLACEMENT_3D ( 'NONE', #2287, #1205, #937 ) ;
#3952 = AXIS2_PLACEMENT_3D ( 'NONE', #1428, #1404, #1059 ) ;
#3953 = CARTESIAN_POINT ( 'NONE',  ( 10.00000000000000000, 1.959434878635765230E-16, -9.600000000000001421 ) ) ;
#3954 = AXIS2_PLACEMENT_3D ( 'NONE', #2962, #2571, #1890 ) ;
#3955 = CARTESIAN_POINT ( 'NONE',  ( 7.000000000000000888, 0.000000000000000000, 0.000000000000000000 ) ) ;
#3956 = EDGE_CURVE ( 'NONE', #2520, #33, #2169, .T. ) ;
#3957 = ORIENTED_EDGE ( 'NONE', *, *, #363, .T. ) ;
#3958 = CIRCLE ( 'NONE', #3519, 2.500000000000000000 ) ;
#3959 = ORIENTED_EDGE ( 'NONE', *, *, #1392, .T. ) ;
#3960 = DIRECTION ( 'NONE',  ( 0.000000000000000000, 0.2225209339563080368, 0.9749279121818250626 ) ) ;
#3961 = CARTESIAN_POINT ( 'NONE',  ( 0.000000000000000000, 0.000000000000000000, 8.000000000000000000 ) ) ;
#3962 = VECTOR ( 'NONE', #1841, 1000.000000000000000 ) ;
#3963 = CARTESIAN_POINT ( 'NONE',  ( 7.000000000000000000, 2.000000000000000000, 1.500000000000000222 ) ) ;
#3964 = CYLINDRICAL_SURFACE ( 'NONE', #4191, 11.19999999999999929 ) ;
#3965 = CARTESIAN_POINT ( 'NONE',  ( 7.000000000000000888, 15.94218908519877687, -20.93169914448931479 ) ) ;
#3966 = ORIENTED_EDGE ( 'NONE', *, *, #3585, .F. ) ;
#3967 = ADVANCED_FACE ( 'NONE', ( #2076 ), #3498, .T. ) ;
#3968 = DIRECTION ( 'NONE',  ( -1.000000000000000000, -0.000000000000000000, -0.000000000000000000 ) ) ;
#3969 = ORIENTED_EDGE ( 'NONE', *, *, #3369, .F. ) ;
#3970 = CIRCLE ( 'NONE', #3450, 30.00000000000000000 ) ;
#3971 = ORIENTED_EDGE ( 'NONE', *, *, #1252, .T. ) ;
#3972 = ADVANCED_FACE ( 'NONE', ( #416 ), #1749, .T. ) ;
#3973 = CARTESIAN_POINT ( 'NONE',  ( 7.000000000000000888, -20.93169914448959545, 15.94218908519841271 ) ) ;
#3974 = CIRCLE ( 'NONE', #2405, 30.00000000000000000 ) ;
#3975 = DIRECTION ( 'NONE',  ( -1.000000000000000000, 0.000000000000000000, 0.000000000000000000 ) ) ;
#3976 = CARTESIAN_POINT ( 'NONE',  ( 0.000000000000000000, 0.000000000000000000, 0.000000000000000000 ) ) ;
#3977 = ADVANCED_FACE ( 'NONE', ( #4584 ), #3157, .F. ) ;
#3978 = AXIS2_PLACEMENT_3D ( 'NONE', #3979, #431, #3884 ) ;
#3979 = CARTESIAN_POINT ( 'NONE',  ( 0.000000000000000000, 0.000000000000000000, 0.000000000000000000 ) ) ;
#3980 = ORIENTED_EDGE ( 'NONE', *, *, #2879, .F. ) ;
#3981 = FACE_OUTER_BOUND ( 'NONE', #2781, .T. ) ;
#3982 = CIRCLE ( 'NONE', #503, 25.49899999999999523 ) ;
#3983 = EDGE_LOOP ( 'NONE', ( #2, #3923, #812, #1623 ) ) ;
#3984 = VERTEX_POINT ( 'NONE', #2855 ) ;
#3985 = ORIENTED_EDGE ( 'NONE', *, *, #143, .F. ) ;
#3986 = CARTESIAN_POINT ( 'NONE',  ( 7.000000000000000888, 19.34378712898091734, -16.61375636358833319 ) ) ;
#3987 = DIRECTION ( 'NONE',  ( 0.000000000000000000, 0.000000000000000000, 1.000000000000000000 ) ) ;
#3988 = ORIENTED_EDGE ( 'NONE', *, *, #633, .T. ) ;
#3989 = CIRCLE ( 'NONE', #1973, 25.49899999999999523 ) ;
#3990 = LINE ( 'NONE', #1194, #1498 ) ;
#3991 = EDGE_CURVE ( 'NONE', #992, #2136, #3066, .T. ) ;
#3992 = CARTESIAN_POINT ( 'NONE',  ( 7.000000000000000888, 25.51480627843078608, -6.425269058786144960 ) ) ;
#3993 = AXIS2_PLACEMENT_3D ( 'NONE', #3186, #4283, #2154 ) ;
#3994 = CARTESIAN_POINT ( 'NONE',  ( 7.000000000000000888, 16.85942694080891258, -20.20022636336465283 ) ) ;
#3995 = DIRECTION ( 'NONE',  ( 0.000000000000000000, -0.9009688679024233648, 0.4338837391175494607 ) ) ;
#3996 = EDGE_LOOP ( 'NONE', ( #3898, #2399, #335, #2370 ) ) ;
#3997 = CARTESIAN_POINT ( 'NONE',  ( 0.000000000000000000, 6.575522574292687494, 24.63658872236509723 ) ) ;
#3998 = CARTESIAN_POINT ( 'NONE',  ( 7.000000000000000000, 0.000000000000000000, -2.500000000000000000 ) ) ;
#3999 = CARTESIAN_POINT ( 'NONE',  ( 7.000000000000000888, 0.000000000000000000, 0.000000000000000000 ) ) ;
#4000 = VERTEX_POINT ( 'NONE', #528 ) ;
#4001 = ORIENTED_EDGE ( 'NONE', *, *, #1211, .F. ) ;
#4002 = EDGE_CURVE ( 'NONE', #169, #3390, #1507, .T. ) ;
#4003 = CARTESIAN_POINT ( 'NONE',  ( 7.000000000000000888, -19.34378712898057273, -16.61375636358872754 ) ) ;
#4004 = VERTEX_POINT ( 'NONE', #2189 ) ;
#4005 = EDGE_CURVE ( 'NONE', #186, #63, #2536, .T. ) ;
#4006 = VERTEX_POINT ( 'NONE', #1851 ) ;
#4007 = ADVANCED_FACE ( 'NONE', ( #2902 ), #4296, .T. ) ;
#4008 = CARTESIAN_POINT ( 'NONE',  ( 7.000000000000000888, 0.000000000000000000, 0.000000000000000000 ) ) ;
#4009 = DIRECTION ( 'NONE',  ( 0.000000000000000000, 0.9749279121818243965, -0.2225209339563114230 ) ) ;
#4010 = ORIENTED_EDGE ( 'NONE', *, *, #4068, .T. ) ;
#4011 = VERTEX_POINT ( 'NONE', #3986 ) ;
#4012 = CARTESIAN_POINT ( 'NONE',  ( 7.000000000000000888, -16.61375636358840779, -19.34378712898085340 ) ) ;
#4013 = CARTESIAN_POINT ( 'NONE',  ( 0.000000000000000000, 0.000000000000000000, 0.000000000000000000 ) ) ;
#4014 = ORIENTED_EDGE ( 'NONE', *, *, #4443, .T. ) ;
#4015 = DIRECTION ( 'NONE',  ( 0.000000000000000000, 0.6234898018587347046, -0.7818314824680289155 ) ) ;
#4016 = CARTESIAN_POINT ( 'NONE',  ( 7.000000000000000888, 20.20022636336481980, 16.85942694080871362 ) ) ;
#4017 = CARTESIAN_POINT ( 'NONE',  ( 0.000000000000000000, 24.63658872236515762, -6.575522574292439693 ) ) ;
#4018 = CARTESIAN_POINT ( 'NONE',  ( 7.000000000000000888, -25.04981177135285009, 4.765074104333709926 ) ) ;
#4019 = AXIS2_PLACEMENT_3D ( 'NONE', #1105, #2505, #3547 ) ;
#4020 = AXIS2_PLACEMENT_3D ( 'NONE', #3692, #3671, #1568 ) ;
#4021 = ORIENTED_EDGE ( 'NONE', *, *, #4365, .T. ) ;
#4022 = CIRCLE ( 'NONE', #26, 11.19999999999999929 ) ;
#4023 = DIRECTION ( 'NONE',  ( -1.000000000000000000, -0.000000000000000000, -0.000000000000000000 ) ) ;
#4024 = ORIENTED_EDGE ( 'NONE', *, *, #2024, .F. ) ;
#4025 = ADVANCED_FACE ( 'NONE', ( #1494 ), #2956, .T. ) ;
#4026 = ORIENTED_EDGE ( 'NONE', *, *, #197, .F. ) ;
#4027 = CIRCLE ( 'NONE', #4316, 25.49899999999999523 ) ;
#4028 = DIRECTION ( 'NONE',  ( -1.000000000000000000, -0.000000000000000000, -0.000000000000000000 ) ) ;
#4029 = AXIS2_PLACEMENT_3D ( 'NONE', #3109, #1279, #3476 ) ;
#4030 = ORIENTED_EDGE ( 'NONE', *, *, #2518, .T. ) ;
#4031 = DIRECTION ( 'NONE',  ( -1.000000000000000000, 0.000000000000000000, -0.000000000000000000 ) ) ;
#4032 = ADVANCED_FACE ( 'NONE', ( #2277 ), #2254, .T. ) ;
#4033 = CIRCLE ( 'NONE', #4320, 25.49899999999999523 ) ;
#4034 = EDGE_CURVE ( 'NONE', #4167, #1601, #1939, .T. ) ;
#4035 = AXIS2_PLACEMENT_3D ( 'NONE', #2267, #1938, #3679 ) ;
#4036 = DIRECTION ( 'NONE',  ( -1.000000000000000000, 0.000000000000000000, 0.000000000000000000 ) ) ;
#4037 = VERTEX_POINT ( 'NONE', #486 ) ;
#4038 = CARTESIAN_POINT ( 'NONE',  ( 7.000000000000000888, -6.575522574292524958, -24.63658872236513631 ) ) ;
#4039 = FILL_AREA_STYLE ('',( #3337 ) ) ;
#4040 = DIRECTION ( 'NONE',  ( 1.000000000000000000, -0.000000000000000000, 0.000000000000000000 ) ) ;
#4041 = DIRECTION ( 'NONE',  ( -1.000000000000000000, 0.000000000000000000, 0.000000000000000000 ) ) ;
#4042 = CARTESIAN_POINT ( 'NONE',  ( 7.000000000000000888, 10.88474387751600325, 23.95436854990178688 ) ) ;
#4043 = EDGE_CURVE ( 'NONE', #4287, #13, #1866, .T. ) ;
#4044 = AXIS2_PLACEMENT_3D ( 'NONE', #2174, #3871, #755 ) ;
#4045 = DIRECTION ( 'NONE',  ( -1.000000000000000000, 0.000000000000000000, -0.000000000000000000 ) ) ;
#4046 = VERTEX_POINT ( 'NONE', #113 ) ;
#4047 = DIRECTION ( 'NONE',  ( 0.000000000000000000, -0.9749279121818212879, -0.2225209339563245792 ) ) ;
#4048 = VECTOR ( 'NONE', #2669, 1000.000000000000000 ) ;
#4049 = ORIENTED_EDGE ( 'NONE', *, *, #2074, .T. ) ;
#4050 = EDGE_CURVE ( 'NONE', #887, #1099, #4348, .T. ) ;
#4051 = CIRCLE ( 'NONE', #1293, 30.00000000000000000 ) ;
#4052 = DIRECTION ( 'NONE',  ( -1.000000000000000000, 0.000000000000000000, -0.000000000000000000 ) ) ;
#4053 = FACE_OUTER_BOUND ( 'NONE', #3865, .T. ) ;
#4054 = VECTOR ( 'NONE', #3361, 1000.000000000000000 ) ;
#4055 = EDGE_CURVE ( 'NONE', #3454, #1703, #2463, .T. ) ;
#4056 = FACE_OUTER_BOUND ( 'NONE', #3856, .T. ) ;
#4057 = EDGE_LOOP ( 'NONE', ( #339, #2104 ) ) ;
#4058 = EDGE_CURVE ( 'NONE', #4568, #4200, #839, .T. ) ;
#4059 = DIRECTION ( 'NONE',  ( -1.000000000000000000, 0.000000000000000000, -0.000000000000000000 ) ) ;
#4060 = EDGE_CURVE ( 'NONE', #2817, #3054, #1191, .T. ) ;
#4061 = CARTESIAN_POINT ( 'NONE',  ( 0.000000000000000000, 25.51480627843078608, -6.425269058786144960 ) ) ;
#4062 = DIRECTION ( 'NONE',  ( -1.000000000000000000, 0.000000000000000000, 0.000000000000000000 ) ) ;
#4063 = VECTOR ( 'NONE', #1775, 1000.000000000000000 ) ;
#4064 = DIRECTION ( 'NONE',  ( 1.000000000000000000, -0.000000000000000000, 0.000000000000000000 ) ) ;
#4065 = DIRECTION ( 'NONE',  ( -1.000000000000000000, 0.000000000000000000, 0.000000000000000000 ) ) ;
#4066 = AXIS2_PLACEMENT_3D ( 'NONE', #628, #3110, #3824 ) ;
#4067 = EDGE_LOOP ( 'NONE', ( #112, #201, #2745, #1308 ) ) ;
#4068 = EDGE_CURVE ( 'NONE', #3854, #2579, #1832, .T. ) ;
#4069 = DIRECTION ( 'NONE',  ( -1.000000000000000000, -0.000000000000000000, 0.000000000000000000 ) ) ;
#4070 = EDGE_LOOP ( 'NONE', ( #3210, #3517, #1425, #1079 ) ) ;
#4071 = DIRECTION ( 'NONE',  ( 0.000000000000000000, 0.000000000000000000, 1.000000000000000000 ) ) ;
#4072 = DIRECTION ( 'NONE',  ( -1.000000000000000000, 0.000000000000000000, -0.000000000000000000 ) ) ;
#4073 = VERTEX_POINT ( 'NONE', #1150 ) ;
#4074 = FACE_OUTER_BOUND ( 'NONE', #1493, .T. ) ;
#4075 = ORIENTED_EDGE ( 'NONE', *, *, #3778, .F. ) ;
#4076 = DIRECTION ( 'NONE',  ( -1.000000000000000000, 0.000000000000000000, 0.000000000000000000 ) ) ;
#4077 = ORIENTED_EDGE ( 'NONE', *, *, #293, .T. ) ;
#4078 = EDGE_CURVE ( 'NONE', #2013, #2793, #2018, .T. ) ;
#4079 = CARTESIAN_POINT ( 'NONE',  ( 0.000000000000000000, 9.346733418401985460, -28.50681627971329846 ) ) ;
#4080 = DIRECTION ( 'NONE',  ( 0.000000000000000000, 0.000000000000000000, 1.000000000000000000 ) ) ;
#4081 = CARTESIAN_POINT ( 'NONE',  ( 7.000000000000000888, 0.000000000000000000, 0.000000000000000000 ) ) ;
#4082 = DIRECTION ( 'NONE',  ( 0.000000000000000000, 0.000000000000000000, 1.000000000000000000 ) ) ;
#4083 = CARTESIAN_POINT ( 'NONE',  ( 0.000000000000000000, 0.000000000000000000, 0.000000000000000000 ) ) ;
#4084 = DIRECTION ( 'NONE',  ( -1.000000000000000000, 0.000000000000000000, 0.000000000000000000 ) ) ;
#4085 = ORIENTED_EDGE ( 'NONE', *, *, #3469, .T. ) ;
#4086 = EDGE_CURVE ( 'NONE', #599, #4200, #4538, .T. ) ;
#4087 = DIRECTION ( 'NONE',  ( -1.000000000000000000, 0.000000000000000000, 0.000000000000000000 ) ) ;
#4088 = VECTOR ( 'NONE', #4252, 1000.000000000000000 ) ;
#4089 = EDGE_CURVE ( 'NONE', #3380, #3317, #630, .T. ) ;
#4090 = AXIS2_PLACEMENT_3D ( 'NONE', #2950, #4409, #480 ) ;
#4091 = CARTESIAN_POINT ( 'NONE',  ( 10.00000000000000000, -8.000000000000000000, 1.600000000000000089 ) ) ;
#4092 = AXIS2_PLACEMENT_3D ( 'NONE', #2797, #3727, #365 ) ;
#4093 = CARTESIAN_POINT ( 'NONE',  ( 0.000000000000000000, -20.78975986434221213, -21.62835834692464942 ) ) ;
#4094 = CARTESIAN_POINT ( 'NONE',  ( 7.000000000000000888, 0.000000000000000000, 0.000000000000000000 ) ) ;
#4095 = AXIS2_PLACEMENT_3D ( 'NONE', #1184, #2968, #4449 ) ;
#4096 = EDGE_CURVE ( 'NONE', #82, #169, #923, .T. ) ;
#4097 = VERTEX_POINT ( 'NONE', #4093 ) ;
#4098 = AXIS2_PLACEMENT_3D ( 'NONE', #4367, #459, #1880 ) ;
#4099 = CIRCLE ( 'NONE', #991, 1.600000000000002531 ) ;
#4100 = DIRECTION ( 'NONE',  ( -1.000000000000000000, 0.000000000000000000, 0.000000000000000000 ) ) ;
#4101 = CIRCLE ( 'NONE', #2772, 11.20000000000000107 ) ;
#4102 = DIRECTION ( 'NONE',  ( -1.000000000000000000, 0.000000000000000000, 0.000000000000000000 ) ) ;
#4103 = DIRECTION ( 'NONE',  ( 0.000000000000000000, 0.000000000000000000, 1.000000000000000000 ) ) ;
#4104 = CYLINDRICAL_SURFACE ( 'NONE', #1151, 30.00000000000000000 ) ;
#4105 = FACE_OUTER_BOUND ( 'NONE', #578, .T. ) ;
#4106 = CARTESIAN_POINT ( 'NONE',  ( 7.000000000000000888, 0.000000000000000000, 0.000000000000000000 ) ) ;
#4107 = DIRECTION ( 'NONE',  ( -1.000000000000000000, -0.000000000000000000, -0.000000000000000000 ) ) ;
#4108 = CIRCLE ( 'NONE', #3443, 30.00000000000000000 ) ;
#4109 = VERTEX_POINT ( 'NONE', #2699 ) ;
#4110 = EDGE_CURVE ( 'NONE', #837, #3489, #405, .T. ) ;
#4111 = ORIENTED_EDGE ( 'NONE', *, *, #1739, .T. ) ;
#4112 = AXIS2_PLACEMENT_3D ( 'NONE', #2081, #3810, #1733 ) ;
#4113 = AXIS2_PLACEMENT_3D ( 'NONE', #558, #1961, #204 ) ;
#4114 = CYLINDRICAL_SURFACE ( 'NONE', #2707, 11.19999999999999929 ) ;
#4115 = DIRECTION ( 'NONE',  ( 0.000000000000000000, 0.000000000000000000, -1.000000000000000000 ) ) ;
#4116 = DIRECTION ( 'NONE',  ( 0.000000000000000000, 0.9749279121818227312, 0.2225209339563181954 ) ) ;
#4117 = ORIENTED_EDGE ( 'NONE', *, *, #3377, .F. ) ;
#4118 = VERTEX_POINT ( 'NONE', #3754 ) ;
#4119 = EDGE_LOOP ( 'NONE', ( #603, #2396, #2123, #452 ) ) ;
#4120 = CIRCLE ( 'NONE', #351, 11.19999999999999751 ) ;
#4121 = ORIENTED_EDGE ( 'NONE', *, *, #2343, .F. ) ;
#4122 = CIRCLE ( 'NONE', #2120, 11.19999999999999929 ) ;
#4123 = CARTESIAN_POINT ( 'NONE',  ( 7.000000000000000888, -6.575522574292854472, 24.63658872236504749 ) ) ;
#4124 = ORIENTED_EDGE ( 'NONE', *, *, #2491, .F. ) ;
#4125 = ORIENTED_EDGE ( 'NONE', *, *, #2041, .T. ) ;
#4126 = DIRECTION ( 'NONE',  ( 0.000000000000000000, -0.4338837391175462410, -0.9009688679024248081 ) ) ;
#4127 = DIRECTION ( 'NONE',  ( 1.000000000000000000, -0.000000000000000000, -0.000000000000000000 ) ) ;
#4128 = LINE ( 'NONE', #3784, #3752 ) ;
#4129 = CARTESIAN_POINT ( 'NONE',  ( 7.000000000000000888, 0.000000000000000000, 0.000000000000000000 ) ) ;
#4130 = CARTESIAN_POINT ( 'NONE',  ( 7.000000000000000888, -20.93169914448937163, -15.94218908519870048 ) ) ;
#4131 = DIRECTION ( 'NONE',  ( -1.000000000000000000, 0.000000000000000000, 0.000000000000000000 ) ) ;
#4132 = CIRCLE ( 'NONE', #134, 30.00000000000000000 ) ;
#4133 = ORIENTED_EDGE ( 'NONE', *, *, #4276, .T. ) ;
#4134 = CIRCLE ( 'NONE', #3391, 11.20000000000000107 ) ;
#4135 = EDGE_LOOP ( 'NONE', ( #1410, #3419, #597, #2351 ) ) ;
#4136 = CIRCLE ( 'NONE', #2137, 25.49899999999999167 ) ;
#4137 = CARTESIAN_POINT ( 'NONE',  ( 7.000000000000000888, 0.000000000000000000, 0.000000000000000000 ) ) ;
#4138 = CARTESIAN_POINT ( 'NONE',  ( 7.000000000000000888, 0.000000000000000000, 0.000000000000000000 ) ) ;
#4139 = CARTESIAN_POINT ( 'NONE',  ( 0.000000000000000000, 19.34378712898091734, -16.61375636358833319 ) ) ;
#4140 = EDGE_CURVE ( 'NONE', #1544, #761, #945, .T. ) ;
#4141 = ORIENTED_EDGE ( 'NONE', *, *, #2178, .F. ) ;
#4142 = VERTEX_POINT ( 'NONE', #3396 ) ;
#4143 = EDGE_LOOP ( 'NONE', ( #2848, #522, #233, #1619 ) ) ;
#4144 = EDGE_CURVE ( 'NONE', #1829, #3015, #2022, .T. ) ;
#4145 = ORIENTED_EDGE ( 'NONE', *, *, #3172, .T. ) ;
#4146 = CARTESIAN_POINT ( 'NONE',  ( 0.000000000000000000, 25.48208943086009626, 0.9285037628614106753 ) ) ;
#4147 = VERTEX_POINT ( 'NONE', #4457 ) ;
#4148 = VERTEX_POINT ( 'NONE', #1234 ) ;
#4149 = DIRECTION ( 'NONE',  ( 0.000000000000000000, 0.000000000000000000, 1.000000000000000000 ) ) ;
#4150 = DIRECTION ( 'NONE',  ( 0.000000000000000000, 0.000000000000000000, 1.000000000000000000 ) ) ;
#4151 = DIRECTION ( 'NONE',  ( -1.000000000000000000, 0.000000000000000000, -0.000000000000000000 ) ) ;
#4152 = FACE_OUTER_BOUND ( 'NONE', #2206, .T. ) ;
#4153 = ORIENTED_EDGE ( 'NONE', *, *, #2525, .T. ) ;
#4154 = FACE_OUTER_BOUND ( 'NONE', #4189, .T. ) ;
#4155 = ORIENTED_EDGE ( 'NONE', *, *, #2841, .F. ) ;
#4156 = DIRECTION ( 'NONE',  ( -1.000000000000000000, 0.000000000000000000, 0.000000000000000000 ) ) ;
#4157 = CARTESIAN_POINT ( 'NONE',  ( 7.000000000000000888, -10.46613878911908557, -28.11511939947786942 ) ) ;
#4158 = ORIENTED_EDGE ( 'NONE', *, *, #2369, .F. ) ;
#4159 = EDGE_CURVE ( 'NONE', #2053, #2695, #3817, .T. ) ;
#4160 = AXIS2_PLACEMENT_3D ( 'NONE', #3911, #368, #2874 ) ;
#4161 = VERTEX_POINT ( 'NONE', #3771 ) ;
#4162 = AXIS2_PLACEMENT_3D ( 'NONE', #3333, #2935, #4326 ) ;
#4163 = ORIENTED_EDGE ( 'NONE', *, *, #1815, .F. ) ;
#4164 = AXIS2_PLACEMENT_3D ( 'NONE', #2114, #3171, #4267 ) ;
#4165 = AXIS2_PLACEMENT_3D ( 'NONE', #1332, #2761, #3766 ) ;
#4166 = FACE_OUTER_BOUND ( 'NONE', #267, .T. ) ;
#4167 = VERTEX_POINT ( 'NONE', #195 ) ;
#4168 = ORIENTED_EDGE ( 'NONE', *, *, #2976, .F. ) ;
#4169 = VECTOR ( 'NONE', #1321, 1000.000000000000000 ) ;
#4170 = EDGE_CURVE ( 'NONE', #3198, #3310, #3359, .T. ) ;
#4171 = AXIS2_PLACEMENT_3D ( 'NONE', #4355, #2979, #122 ) ;
#4172 = CARTESIAN_POINT ( 'NONE',  ( 7.000000000000000888, -15.94218908519833633, -20.93169914448964875 ) ) ;
#4173 = CYLINDRICAL_SURFACE ( 'NONE', #1887, 11.20000000000000107 ) ;
#4174 = CARTESIAN_POINT ( 'NONE',  ( 7.000000000000000888, 0.000000000000000000, 0.000000000000000000 ) ) ;
#4175 = CARTESIAN_POINT ( 'NONE',  ( 3.500000000000000444, 25.71224702882834379, 15.45575468000535224 ) ) ;
#4176 = CIRCLE ( 'NONE', #1140, 11.19999999999999929 ) ;
#4177 = LINE ( 'NONE', #3437, #4427 ) ;
#4178 = CARTESIAN_POINT ( 'NONE',  ( 0.000000000000000000, 0.000000000000000000, 0.000000000000000000 ) ) ;
#4179 = ORIENTED_EDGE ( 'NONE', *, *, #3242, .T. ) ;
#4180 = ORIENTED_EDGE ( 'NONE', *, *, #2916, .F. ) ;
#4181 = DIRECTION ( 'NONE',  ( 0.000000000000000000, 0.000000000000000000, 1.000000000000000000 ) ) ;
#4182 = EDGE_CURVE ( 'NONE', #2496, #676, #110, .T. ) ;
#4183 = ORIENTED_EDGE ( 'NONE', *, *, #37, .T. ) ;
#4184 = DIRECTION ( 'NONE',  ( -1.000000000000000000, 0.000000000000000000, -0.000000000000000000 ) ) ;
#4185 = CYLINDRICAL_SURFACE ( 'NONE', #3534, 25.49899999999999523 ) ;
#4186 = DIRECTION ( 'NONE',  ( -1.000000000000000000, -0.000000000000000000, -0.000000000000000000 ) ) ;
#4187 = ORIENTED_EDGE ( 'NONE', *, *, #4376, .F. ) ;
#4188 = VERTEX_POINT ( 'NONE', #592 ) ;
#4189 = EDGE_LOOP ( 'NONE', ( #4458, #3696, #814, #774 ) ) ;
#4190 = CIRCLE ( 'NONE', #2186, 30.00000000000000000 ) ;
#4191 = AXIS2_PLACEMENT_3D ( 'NONE', #1974, #881, #3349 ) ;
#4192 = ORIENTED_EDGE ( 'NONE', *, *, #2191, .F. ) ;
#4193 = FACE_OUTER_BOUND ( 'NONE', #151, .T. ) ;
#4194 = AXIS2_PLACEMENT_3D ( 'NONE', #4377, #559, #2611 ) ;
#4195 = CYLINDRICAL_SURFACE ( 'NONE', #123, 11.20000000000000107 ) ;
#4196 = EDGE_CURVE ( 'NONE', #350, #2972, #4462, .T. ) ;
#4197 = CARTESIAN_POINT ( 'NONE',  ( 7.000000000000000888, -23.95436854990167319, -10.88474387751624661 ) ) ;
#4198 = DIRECTION ( 'NONE',  ( -1.000000000000000000, -0.000000000000000000, 0.000000000000000000 ) ) ;
#4199 = EDGE_LOOP ( 'NONE', ( #4232, #2373, #609, #107 ) ) ;
#4200 = VERTEX_POINT ( 'NONE', #4157 ) ;
#4201 = FACE_OUTER_BOUND ( 'NONE', #3703, .T. ) ;
#4202 = CARTESIAN_POINT ( 'NONE',  ( 0.000000000000000000, -3.947528211216360994, 29.73914963514677723 ) ) ;
#4203 = EDGE_CURVE ( 'NONE', #1311, #1188, #2998, .T. ) ;
#4204 = ORIENTED_EDGE ( 'NONE', *, *, #1446, .T. ) ;
#4205 = DIRECTION ( 'NONE',  ( 0.000000000000000000, 0.000000000000000000, -1.000000000000000000 ) ) ;
#4206 = ORIENTED_EDGE ( 'NONE', *, *, #2725, .T. ) ;
#4207 = DIRECTION ( 'NONE',  ( -1.000000000000000000, 0.000000000000000000, -0.000000000000000000 ) ) ;
#4208 = CARTESIAN_POINT ( 'NONE',  ( 7.000000000000000888, 2.769027914639860644, -29.87193472823521390 ) ) ;
#4209 = AXIS2_PLACEMENT_3D ( 'NONE', #2543, #3874, #1135 ) ;
#4210 = ADVANCED_FACE ( 'NONE', ( #3008 ), #3417, .T. ) ;
#4211 = CARTESIAN_POINT ( 'NONE',  ( 0.000000000000000000, 15.94218908519848199, 20.93169914448953861 ) ) ;
#4212 = CARTESIAN_POINT ( 'NONE',  ( -23.00000000000001421, 0.000000000000000000, 0.000000000000000000 ) ) ;
#4213 = EDGE_LOOP ( 'NONE', ( #458, #953, #3448, #3293 ) ) ;
#4214 = AXIS2_PLACEMENT_3D ( 'NONE', #2887, #2194, #2175 ) ;
#4215 = DIRECTION ( 'NONE',  ( 0.000000000000000000, 0.000000000000000000, -1.000000000000000000 ) ) ;
#4216 = DIRECTION ( 'NONE',  ( -1.000000000000000000, -0.000000000000000000, -0.000000000000000000 ) ) ;
#4217 = CYLINDRICAL_SURFACE ( 'NONE', #496, 11.19999999999999929 ) ;
#4218 = DIRECTION ( 'NONE',  ( 0.000000000000000000, 0.000000000000000000, 1.000000000000000000 ) ) ;
#4219 = VERTEX_POINT ( 'NONE', #239 ) ;
#4220 = DIRECTION ( 'NONE',  ( 0.000000000000000000, -0.6234898018587400337, 0.7818314824680246966 ) ) ;
#4221 = EDGE_CURVE ( 'NONE', #1070, #3526, #2613, .T. ) ;
#4222 = DIRECTION ( 'NONE',  ( -1.000000000000000000, 0.000000000000000000, -0.000000000000000000 ) ) ;
#4223 = ORIENTED_EDGE ( 'NONE', *, *, #1622, .T. ) ;
#4224 = ORIENTED_EDGE ( 'NONE', *, *, #2069, .F. ) ;
#4225 = FACE_BOUND ( 'NONE', #3080, .T. ) ;
#4226 = ORIENTED_EDGE ( 'NONE', *, *, #4060, .T. ) ;
#4227 = DIRECTION ( 'NONE',  ( -1.000000000000000000, -0.000000000000000000, -0.000000000000000000 ) ) ;
#4228 = CARTESIAN_POINT ( 'NONE',  ( 0.000000000000000000, -10.88474387751583627, -23.95436854990185793 ) ) ;
#4229 = FACE_OUTER_BOUND ( 'NONE', #552, .T. ) ;
#4230 = CARTESIAN_POINT ( 'NONE',  ( 0.000000000000000000, 23.95436854990174425, 10.88474387751608319 ) ) ;
#4231 = ORIENTED_EDGE ( 'NONE', *, *, #41, .T. ) ;
#4232 = ORIENTED_EDGE ( 'NONE', *, *, #3154, .T. ) ;
#4233 = DIRECTION ( 'NONE',  ( 0.000000000000000000, 0.000000000000000000, -1.000000000000000000 ) ) ;
#4234 = EDGE_CURVE ( 'NONE', #1701, #2721, #709, .T. ) ;
#4235 = CIRCLE ( 'NONE', #1930, 11.20000000000000107 ) ;
#4236 = DIRECTION ( 'NONE',  ( 0.000000000000000000, -0.4338837391175462410, -0.9009688679024248081 ) ) ;
#4237 = DIRECTION ( 'NONE',  ( -1.000000000000000000, -0.000000000000000000, -0.000000000000000000 ) ) ;
#4238 = VECTOR ( 'NONE', #1641, 1000.000000000000000 ) ;
#4239 = VECTOR ( 'NONE', #1606, 1000.000000000000000 ) ;
#4240 = ORIENTED_EDGE ( 'NONE', *, *, #1316, .F. ) ;
#4241 = DIRECTION ( 'NONE',  ( 0.000000000000000000, 0.000000000000000000, 1.000000000000000000 ) ) ;
#4242 = CARTESIAN_POINT ( 'NONE',  ( 7.000000000000000888, 15.45575468000527231, 25.71224702882840418 ) ) ;
#4243 = CIRCLE ( 'NONE', #777, 30.00000000000000000 ) ;
#4244 = ORIENTED_EDGE ( 'NONE', *, *, #1556, .T. ) ;
#4245 = ORIENTED_EDGE ( 'NONE', *, *, #2751, .F. ) ;
#4246 = ORIENTED_EDGE ( 'NONE', *, *, #4397, .T. ) ;
#4247 = DIRECTION ( 'NONE',  ( 1.000000000000000000, -0.000000000000000000, -0.000000000000000000 ) ) ;
#4248 = CYLINDRICAL_SURFACE ( 'NONE', #1342, 25.49899999999999523 ) ;
#4249 = AXIS2_PLACEMENT_3D ( 'NONE', #2648, #1647, #1672 ) ;
#4250 = EDGE_CURVE ( 'NONE', #1350, #1017, #4176, .T. ) ;
#4251 = EDGE_CURVE ( 'NONE', #111, #3705, #4101, .T. ) ;
#4252 = DIRECTION ( 'NONE',  ( -1.000000000000000000, 0.000000000000000000, -0.000000000000000000 ) ) ;
#4253 = VERTEX_POINT ( 'NONE', #2719 ) ;
#4254 = AXIS2_PLACEMENT_3D ( 'NONE', #1576, #1870, #1225 ) ;
#4255 = VERTEX_POINT ( 'NONE', #2366 ) ;
#4256 = CARTESIAN_POINT ( 'NONE',  ( 3.500000000000000444, -28.11511939947768113, -10.46613878911957762 ) ) ;
#4257 = CARTESIAN_POINT ( 'NONE',  ( 0.000000000000000000, -0.5865956258977074178, -26.30485368663592638 ) ) ;
#4258 = ADVANCED_FACE ( 'NONE', ( #2021 ), #3446, .T. ) ;
#4259 = CARTESIAN_POINT ( 'NONE',  ( 0.000000000000000000, 0.000000000000000000, 0.000000000000000000 ) ) ;
#4260 = EDGE_CURVE ( 'NONE', #2462, #2569, #2047, .T. ) ;
#4261 = FACE_OUTER_BOUND ( 'NONE', #2822, .T. ) ;
#4262 = AXIS2_PLACEMENT_3D ( 'NONE', #4259, #1091, #3918 ) ;
#4263 = CYLINDRICAL_SURFACE ( 'NONE', #2498, 11.19999999999999751 ) ;
#4264 = ORIENTED_EDGE ( 'NONE', *, *, #2632, .F. ) ;
#4265 = DIRECTION ( 'NONE',  ( -1.000000000000000000, 0.000000000000000000, 0.000000000000000000 ) ) ;
#4266 = AXIS2_PLACEMENT_3D ( 'NONE', #999, #4127, #3481 ) ;
#4267 = DIRECTION ( 'NONE',  ( 0.000000000000000000, 0.000000000000000000, 1.000000000000000000 ) ) ;
#4268 = VERTEX_POINT ( 'NONE', #4525 ) ;
#4269 = CARTESIAN_POINT ( 'NONE',  ( 7.000000000000000888, 0.000000000000000000, 0.000000000000000000 ) ) ;
#4270 = LINE ( 'NONE', #3193, #1640 ) ;
#4271 = CARTESIAN_POINT ( 'NONE',  ( 7.000000000000000888, 22.55570658189517985, 11.89281722685799103 ) ) ;
#4272 = CARTESIAN_POINT ( 'NONE',  ( 0.000000000000000000, 2.769027914639440979, 29.87193472823524942 ) ) ;
#4273 = VERTEX_POINT ( 'NONE', #3277 ) ;
#4274 = EDGE_CURVE ( 'NONE', #660, #4513, #3882, .T. ) ;
#4275 = ORIENTED_EDGE ( 'NONE', *, *, #1945, .T. ) ;
#4276 = EDGE_CURVE ( 'NONE', #3239, #3179, #1869, .T. ) ;
#4277 = AXIS2_PLACEMENT_3D ( 'NONE', #659, #3786, #638 ) ;
#4278 = ORIENTED_EDGE ( 'NONE', *, *, #3503, .F. ) ;
#4279 = ADVANCED_FACE ( 'NONE', ( #1164 ), #2914, .T. ) ;
#4280 = CIRCLE ( 'NONE', #2349, 11.19999999999999929 ) ;
#4281 = CYLINDRICAL_SURFACE ( 'NONE', #1523, 30.00000000000000000 ) ;
#4282 = CARTESIAN_POINT ( 'NONE',  ( 7.000000000000000888, -26.30485368663591927, 0.5865956258977993443 ) ) ;
#4283 = DIRECTION ( 'NONE',  ( -1.000000000000000000, 0.000000000000000000, 0.000000000000000000 ) ) ;
#4284 = ORIENTED_EDGE ( 'NONE', *, *, #4060, .F. ) ;
#4285 = DIRECTION ( 'NONE',  ( 0.000000000000000000, 0.000000000000000000, 1.000000000000000000 ) ) ;
#4286 = ADVANCED_FACE ( 'NONE', ( #1013 ), #3631, .T. ) ;
#4287 = VERTEX_POINT ( 'NONE', #3997 ) ;
#4288 = CYLINDRICAL_SURFACE ( 'NONE', #166, 11.19999999999999929 ) ;
#4289 = ORIENTED_EDGE ( 'NONE', *, *, #1193, .F. ) ;
#4290 = CYLINDRICAL_SURFACE ( 'NONE', #272, 30.00000000000000000 ) ;
#4291 = CARTESIAN_POINT ( 'NONE',  ( -23.00000000000001421, 2.000000000000000000, 1.500000000000000222 ) ) ;
#4292 = DIRECTION ( 'NONE',  ( -1.000000000000000000, -0.000000000000000000, -0.000000000000000000 ) ) ;
#4293 = ORIENTED_EDGE ( 'NONE', *, *, #1706, .T. ) ;
#4294 = PRODUCT_RELATED_PRODUCT_CATEGORY ( 'part', '', ( #2330 ) ) ;
#4295 = ORIENTED_EDGE ( 'NONE', *, *, #3246, .T. ) ;
#4296 = CYLINDRICAL_SURFACE ( 'NONE', #703, 11.19999999999999929 ) ;
#4297 = DIRECTION ( 'NONE',  ( -1.000000000000000000, 0.000000000000000000, -0.000000000000000000 ) ) ;
#4298 = EDGE_CURVE ( 'NONE', #1793, #2747, #291, .T. ) ;
#4299 = CARTESIAN_POINT ( 'NONE',  ( 7.000000000000000000, -8.000000000000000000, 1.600000000000000089 ) ) ;
#4300 = CYLINDRICAL_SURFACE ( 'NONE', #266, 11.19999999999999929 ) ;
#4301 = CARTESIAN_POINT ( 'NONE',  ( 7.000000000000000888, 0.000000000000000000, 0.000000000000000000 ) ) ;
#4302 = EDGE_CURVE ( 'NONE', #701, #2608, #859, .T. ) ;
#4303 = DIRECTION ( 'NONE',  ( -1.000000000000000000, -0.000000000000000000, 0.000000000000000000 ) ) ;
#4304 = AXIS2_PLACEMENT_3D ( 'NONE', #19, #1429, #1588 ) ;
#4305 = FACE_OUTER_BOUND ( 'NONE', #2225, .T. ) ;
#4306 = DIRECTION ( 'NONE',  ( -1.000000000000000000, -0.000000000000000000, -0.000000000000000000 ) ) ;
#4307 = AXIS2_PLACEMENT_3D ( 'NONE', #1230, #2226, #3365 ) ;
#4308 = CIRCLE ( 'NONE', #2678, 30.00000000000000000 ) ;
#4309 = CARTESIAN_POINT ( 'NONE',  ( 0.000000000000000000, -16.85942694080850757, -20.20022636336499033 ) ) ;
#4310 = CARTESIAN_POINT ( 'NONE',  ( -23.00000000000001421, 0.000000000000000000, -2.500000000000000000 ) ) ;
#4311 = CIRCLE ( 'NONE', #469, 11.19999999999999929 ) ;
#4312 = AXIS2_PLACEMENT_3D ( 'NONE', #3410, #981, #4569 ) ;
#4313 = AXIS2_PLACEMENT_3D ( 'NONE', #4301, #2494, #3578 ) ;
#4314 = CARTESIAN_POINT ( 'NONE',  ( 7.000000000000000888, 0.000000000000000000, 0.000000000000000000 ) ) ;
#4315 = VERTEX_POINT ( 'NONE', #3839 ) ;
#4316 = AXIS2_PLACEMENT_3D ( 'NONE', #56, #2863, #379 ) ;
#4317 = EDGE_CURVE ( 'NONE', #3198, #1323, #673, .T. ) ;
#4318 = DIRECTION ( 'NONE',  ( 0.000000000000000000, 0.000000000000000000, 1.000000000000000000 ) ) ;
#4319 = ORIENTED_EDGE ( 'NONE', *, *, #2094, .T. ) ;
#4320 = AXIS2_PLACEMENT_3D ( 'NONE', #4081, #852, #1868 ) ;
#4321 = ORIENTED_EDGE ( 'NONE', *, *, #2599, .T. ) ;
#4322 = CARTESIAN_POINT ( 'NONE',  ( 3.500000000000000444, 10.46613878911967532, -28.11511939947764915 ) ) ;
#4323 = DIRECTION ( 'NONE',  ( 1.000000000000000000, 0.000000000000000000, 0.000000000000000000 ) ) ;
#4324 = EDGE_LOOP ( 'NONE', ( #1440, #2943, #3879, #3264 ) ) ;
#4325 = CIRCLE ( 'NONE', #1514, 11.19999999999999929 ) ;
#4326 = DIRECTION ( 'NONE',  ( 0.000000000000000000, 0.000000000000000000, -1.000000000000000000 ) ) ;
#4327 = CARTESIAN_POINT ( 'NONE',  ( 7.000000000000000888, 25.51480627843078608, -6.425269058786144960 ) ) ;
#4328 = FACE_OUTER_BOUND ( 'NONE', #1794, .T. ) ;
#4329 = DIRECTION ( 'NONE',  ( -1.000000000000000000, -0.000000000000000000, -0.000000000000000000 ) ) ;
#4330 = ORIENTED_EDGE ( 'NONE', *, *, #2000, .T. ) ;
#4331 = EDGE_CURVE ( 'NONE', #645, #3925, #1352, .T. ) ;
#4332 = VECTOR ( 'NONE', #2058, 1000.000000000000000 ) ;
#4333 = DIRECTION ( 'NONE',  ( 0.000000000000000000, 0.9009688679024172586, 0.4338837391175620062 ) ) ;
#4334 = ORIENTED_EDGE ( 'NONE', *, *, #3590, .F. ) ;
#4335 = EDGE_CURVE ( 'NONE', #3402, #3407, #3958, .T. ) ;
#4336 = CYLINDRICAL_SURFACE ( 'NONE', #2955, 25.49899999999999523 ) ;
#4337 = AXIS2_PLACEMENT_3D ( 'NONE', #1034, #4577, #649 ) ;
#4338 = EDGE_CURVE ( 'NONE', #2949, #3533, #4033, .T. ) ;
#4339 = DIRECTION ( 'NONE',  ( -1.000000000000000000, 0.000000000000000000, 0.000000000000000000 ) ) ;
#4340 = CARTESIAN_POINT ( 'NONE',  ( 7.000000000000000888, -20.50161238324368540, -15.16188941679857649 ) ) ;
#4341 = EDGE_CURVE ( 'NONE', #64, #660, #1944, .T. ) ;
#4342 = DIRECTION ( 'NONE',  ( 0.000000000000000000, 0.000000000000000000, 1.000000000000000000 ) ) ;
#4343 = ORIENTED_EDGE ( 'NONE', *, *, #2322, .T. ) ;
#4344 = CARTESIAN_POINT ( 'NONE',  ( 7.000000000000000888, 0.000000000000000000, 0.000000000000000000 ) ) ;
#4345 = ORIENTED_EDGE ( 'NONE', *, *, #3079, .T. ) ;
#4346 = ORIENTED_EDGE ( 'NONE', *, *, #795, .T. ) ;
#4347 = EDGE_CURVE ( 'NONE', #3454, #2698, #2244, .T. ) ;
#4348 = LINE ( 'NONE', #2584, #4459 ) ;
#4349 = DIRECTION ( 'NONE',  ( 0.000000000000000000, 0.000000000000000000, -1.000000000000000000 ) ) ;
#4350 = ORIENTED_EDGE ( 'NONE', *, *, #3894, .F. ) ;
#4351 = CARTESIAN_POINT ( 'NONE',  ( 0.000000000000000000, -6.575522574292854472, 24.63658872236504749 ) ) ;
#4352 = AXIS2_PLACEMENT_3D ( 'NONE', #979, #2380, #587 ) ;
#4353 = DIRECTION ( 'NONE',  ( 0.000000000000000000, -0.4338837391175462410, -0.9009688679024248081 ) ) ;
#4354 = ORIENTED_EDGE ( 'NONE', *, *, #669, .T. ) ;
#4355 = CARTESIAN_POINT ( 'NONE',  ( 7.000000000000000888, -0.5865956258977074178, -26.30485368663592638 ) ) ;
#4356 = CIRCLE ( 'NONE', #1546, 30.00000000000000000 ) ;
#4357 = DIRECTION ( 'NONE',  ( 0.000000000000000000, 0.000000000000000000, -1.000000000000000000 ) ) ;
#4358 = DIRECTION ( 'NONE',  ( -1.000000000000000000, 0.000000000000000000, 0.000000000000000000 ) ) ;
#4359 = EDGE_CURVE ( 'NONE', #4147, #595, #206, .T. ) ;
#4360 = CARTESIAN_POINT ( 'NONE',  ( 7.000000000000000888, -0.9285037628614997152, 25.48208943086009270 ) ) ;
#4361 = DIRECTION ( 'NONE',  ( -1.000000000000000000, 0.000000000000000000, 0.000000000000000000 ) ) ;
#4362 = MANIFOLD_SOLID_BREP ( 'Taglio-Estrusione2', #1892 ) ;
#4363 = VERTEX_POINT ( 'NONE', #3387 ) ;
#4364 = FACE_OUTER_BOUND ( 'NONE', #3598, .T. ) ;
#4365 = EDGE_CURVE ( 'NONE', #1601, #1543, #1223, .T. ) ;
#4366 = ORIENTED_EDGE ( 'NONE', *, *, #2641, .F. ) ;
#4367 = CARTESIAN_POINT ( 'NONE',  ( 0.000000000000000000, 0.000000000000000000, 0.000000000000000000 ) ) ;
#4368 = EDGE_LOOP ( 'NONE', ( #3466, #4117, #725, #1729 ) ) ;
#4369 = ORIENTED_EDGE ( 'NONE', *, *, #1277, .F. ) ;
#4370 = DIRECTION ( 'NONE',  ( 0.000000000000000000, 0.000000000000000000, 1.000000000000000000 ) ) ;
#4371 = EDGE_CURVE ( 'NONE', #4148, #2146, #2477, .T. ) ;
#4372 = DIRECTION ( 'NONE',  ( 0.000000000000000000, 0.000000000000000000, 1.000000000000000000 ) ) ;
#4373 = ORIENTED_EDGE ( 'NONE', *, *, #1754, .F. ) ;
#4374 = DIRECTION ( 'NONE',  ( -1.000000000000000000, 0.000000000000000000, 0.000000000000000000 ) ) ;
#4375 = EDGE_LOOP ( 'NONE', ( #3637, #2368, #1007, #2051 ) ) ;
#4376 = EDGE_CURVE ( 'NONE', #3617, #2972, #1373, .T. ) ;
#4377 = CARTESIAN_POINT ( 'NONE',  ( 7.000000000000000888, 0.000000000000000000, 0.000000000000000000 ) ) ;
#4378 = ORIENTED_EDGE ( 'NONE', *, *, #1385, .T. ) ;
#4379 = DIRECTION ( 'NONE',  ( -1.000000000000000000, 0.000000000000000000, 0.000000000000000000 ) ) ;
#4380 = CYLINDRICAL_SURFACE ( 'NONE', #3747, 11.20000000000000107 ) ;
#4381 = DIRECTION ( 'NONE',  ( -1.000000000000000000, 0.000000000000000000, -0.000000000000000000 ) ) ;
#4382 = DIRECTION ( 'NONE',  ( 1.000000000000000000, 0.000000000000000000, 0.000000000000000000 ) ) ;
#4383 = CIRCLE ( 'NONE', #2526, 25.49899999999999523 ) ;
#4384 = CIRCLE ( 'NONE', #4092, 11.20000000000000107 ) ;
#4385 = ORIENTED_EDGE ( 'NONE', *, *, #1809, .F. ) ;
#4386 = VECTOR ( 'NONE', #3442, 1000.000000000000000 ) ;
#4387 = CARTESIAN_POINT ( 'NONE',  ( 7.000000000000000888, 11.89281722685791998, 22.55570658189522248 ) ) ;
#4388 = ORIENTED_EDGE ( 'NONE', *, *, #3308, .T. ) ;
#4389 = ORIENTED_EDGE ( 'NONE', *, *, #285, .T. ) ;
#4390 = VECTOR ( 'NONE', #4052, 1000.000000000000000 ) ;
#4391 = AXIS2_PLACEMENT_3D ( 'NONE', #2219, #2243, #2589 ) ;
#4392 = EDGE_CURVE ( 'NONE', #3759, #4570, #869, .T. ) ;
#4393 = DIRECTION ( 'NONE',  ( -1.000000000000000000, -0.000000000000000000, -0.000000000000000000 ) ) ;
#4394 = AXIS2_PLACEMENT_3D ( 'NONE', #882, #2973, #3960 ) ;
#4395 = ORIENTED_EDGE ( 'NONE', *, *, #457, .T. ) ;
#4396 = FACE_OUTER_BOUND ( 'NONE', #1210, .T. ) ;
#4397 = EDGE_CURVE ( 'NONE', #2747, #915, #4556, .T. ) ;
#4398 = DIRECTION ( 'NONE',  ( 0.000000000000000000, 0.9749279121818227312, 0.2225209339563182509 ) ) ;
#4399 = AXIS2_PLACEMENT_3D ( 'NONE', #3062, #3762, #1284 ) ;
#4400 = CARTESIAN_POINT ( 'NONE',  ( 7.000000000000000888, 0.000000000000000000, 0.000000000000000000 ) ) ;
#4401 = ORIENTED_EDGE ( 'NONE', *, *, #4002, .F. ) ;
#4402 = EDGE_CURVE ( 'NONE', #3282, #1714, #1575, .T. ) ;
#4403 = DIRECTION ( 'NONE',  ( 0.000000000000000000, 0.2225209339563147815, -0.9749279121818235083 ) ) ;
#4404 = CARTESIAN_POINT ( 'NONE',  ( 7.000000000000000888, 28.11511939947775574, 10.46613878911938045 ) ) ;
#4405 = DIRECTION ( 'NONE',  ( 0.000000000000000000, 0.000000000000000000, 1.000000000000000000 ) ) ;
#4406 = DIRECTION ( 'NONE',  ( 0.000000000000000000, 0.000000000000000000, 1.000000000000000000 ) ) ;
#4407 = AXIS2_PLACEMENT_3D ( 'NONE', #290, #693, #2798 ) ;
#4408 = ORIENTED_EDGE ( 'NONE', *, *, #765, .F. ) ;
#4409 = DIRECTION ( 'NONE',  ( -1.000000000000000000, -0.000000000000000000, -0.000000000000000000 ) ) ;
#4410 = VERTEX_POINT ( 'NONE', #872 ) ;
#4411 = ORIENTED_EDGE ( 'NONE', *, *, #4317, .F. ) ;
#4412 = AXIS2_PLACEMENT_3D ( 'NONE', #2160, #2898, #81 ) ;
#4413 = CARTESIAN_POINT ( 'NONE',  ( 7.000000000000000888, -11.94175267147979369, 23.44533994287246159 ) ) ;
#4414 = AXIS2_PLACEMENT_3D ( 'NONE', #383, #3213, #1143 ) ;
#4415 = CARTESIAN_POINT ( 'NONE',  ( 7.000000000000000888, 15.94218908519848199, 20.93169914448953861 ) ) ;
#4416 = ORIENTED_EDGE ( 'NONE', *, *, #1459, .T. ) ;
#4417 = ADVANCED_FACE ( 'NONE', ( #890 ), #1532, .T. ) ;
#4418 = DIRECTION ( 'NONE',  ( -1.000000000000000000, 0.000000000000000000, 0.000000000000000000 ) ) ;
#4419 = EDGE_CURVE ( 'NONE', #816, #2187, #3682, .T. ) ;
#4420 = DIRECTION ( 'NONE',  ( -1.000000000000000000, 0.000000000000000000, -0.000000000000000000 ) ) ;
#4421 = EDGE_CURVE ( 'NONE', #1337, #2075, #2329, .T. ) ;
#4422 = LINE ( 'NONE', #3016, #140 ) ;
#4423 = FACE_OUTER_BOUND ( 'NONE', #3821, .T. ) ;
#4424 = DIRECTION ( 'NONE',  ( -1.000000000000000000, 0.000000000000000000, 0.000000000000000000 ) ) ;
#4425 = DIRECTION ( 'NONE',  ( -1.000000000000000000, 0.000000000000000000, 0.000000000000000000 ) ) ;
#4426 = DIRECTION ( 'NONE',  ( 0.000000000000000000, 0.000000000000000000, 1.000000000000000000 ) ) ;
#4427 = VECTOR ( 'NONE', #4151, 1000.000000000000000 ) ;
#4428 = DIRECTION ( 'NONE',  ( -1.000000000000000000, 0.000000000000000000, 0.000000000000000000 ) ) ;
#4429 = DIRECTION ( 'NONE',  ( 0.000000000000000000, 0.000000000000000000, -1.000000000000000000 ) ) ;
#4430 = AXIS2_PLACEMENT_3D ( 'NONE', #96, #2940, #3673 ) ;
#4431 = DIRECTION ( 'NONE',  ( -1.000000000000000000, 0.000000000000000000, 0.000000000000000000 ) ) ;
#4432 = DIRECTION ( 'NONE',  ( -1.000000000000000000, -0.000000000000000000, 0.000000000000000000 ) ) ;
#4433 = ADVANCED_FACE ( 'NONE', ( #3848 ), #657, .F. ) ;
#4434 = DIRECTION ( 'NONE',  ( -1.000000000000000000, 0.000000000000000000, 0.000000000000000000 ) ) ;
#4435 = CARTESIAN_POINT ( 'NONE',  ( 7.000000000000000000, 0.000000000000000000, 0.000000000000000000 ) ) ;
#4436 = DIRECTION ( 'NONE',  ( 0.000000000000000000, 0.4338837391175589531, -0.9009688679024187019 ) ) ;
#4437 = ORIENTED_EDGE ( 'NONE', *, *, #4096, .F. ) ;
#4438 = DIRECTION ( 'NONE',  ( -1.000000000000000000, -0.000000000000000000, 0.000000000000000000 ) ) ;
#4439 = ORIENTED_EDGE ( 'NONE', *, *, #3133, .T. ) ;
#4440 = DIRECTION ( 'NONE',  ( 0.000000000000000000, -0.6234898018587240465, -0.7818314824680374642 ) ) ;
#4441 = VERTEX_POINT ( 'NONE', #4517 ) ;
#4442 = DIRECTION ( 'NONE',  ( -1.000000000000000000, -0.000000000000000000, 0.000000000000000000 ) ) ;
#4443 = EDGE_CURVE ( 'NONE', #4410, #4004, #2704, .T. ) ;
#4444 = ADVANCED_FACE ( 'NONE', ( #4541 ), #3064, .T. ) ;
#4445 = DIRECTION ( 'NONE',  ( -1.000000000000000000, 0.000000000000000000, -0.000000000000000000 ) ) ;
#4446 = CARTESIAN_POINT ( 'NONE',  ( 0.000000000000000000, 0.000000000000000000, 0.000000000000000000 ) ) ;
#4447 = CARTESIAN_POINT ( 'NONE',  ( 7.000000000000000888, 26.30485368663591927, 10.61340437410201787 ) ) ;
#4448 = DIRECTION ( 'NONE',  ( 0.000000000000000000, 0.9749279121818242855, -0.2225209339563114508 ) ) ;
#4449 = DIRECTION ( 'NONE',  ( 0.000000000000000000, -0.2225209339563015698, -0.9749279121818265059 ) ) ;
#4450 = FACE_OUTER_BOUND ( 'NONE', #440, .T. ) ;
#4451 = ORIENTED_EDGE ( 'NONE', *, *, #2282, .T. ) ;
#4452 = CIRCLE ( 'NONE', #2836, 11.20000000000000107 ) ;
#4453 = ADVANCED_FACE ( 'NONE', ( #2711 ), #4104, .T. ) ;
#4454 = AXIS2_PLACEMENT_3D ( 'NONE', #1691, #3392, #2386 ) ;
#4455 = FACE_OUTER_BOUND ( 'NONE', #2410, .T. ) ;
#4456 = VECTOR ( 'NONE', #1009, 1000.000000000000000 ) ;
#4457 = CARTESIAN_POINT ( 'NONE',  ( 7.000000000000000888, 4.765074104334134475, -25.04981177135277548 ) ) ;
#4458 = ORIENTED_EDGE ( 'NONE', *, *, #2000, .F. ) ;
#4459 = VECTOR ( 'NONE', #1906, 1000.000000000000000 ) ;
#4460 = CARTESIAN_POINT ( 'NONE',  ( 7.000000000000000888, -20.50161238324368540, -15.16188941679857649 ) ) ;
#4461 = ORIENTED_EDGE ( 'NONE', *, *, #2035, .T. ) ;
#4462 = CIRCLE ( 'NONE', #3150, 11.19999999999999929 ) ;
#4463 = ORIENTED_EDGE ( 'NONE', *, *, #4504, .F. ) ;
#4464 = DIRECTION ( 'NONE',  ( -1.000000000000000000, -0.000000000000000000, 0.000000000000000000 ) ) ;
#4465 = CARTESIAN_POINT ( 'NONE',  ( -10.00000000000000000, 0.000000000000000000, 0.000000000000000000 ) ) ;
#4466 = DIRECTION ( 'NONE',  ( 0.000000000000000000, 0.000000000000000000, -1.000000000000000000 ) ) ;
#4467 = CARTESIAN_POINT ( 'NONE',  ( 7.000000000000000888, -23.95436854990167319, -10.88474387751624661 ) ) ;
#4468 = CARTESIAN_POINT ( 'NONE',  ( 0.000000000000000000, 20.50161238324400159, -15.16188941679815549 ) ) ;
#4469 = EDGE_CURVE ( 'NONE', #4147, #4255, #3372, .T. ) ;
#4470 = DIRECTION ( 'NONE',  ( 0.000000000000000000, 0.000000000000000000, 1.000000000000000000 ) ) ;
#4471 = VECTOR ( 'NONE', #4542, 1000.000000000000000 ) ;
#4472 = EDGE_CURVE ( 'NONE', #1283, #3390, #936, .T. ) ;
#4473 = ORIENTED_EDGE ( 'NONE', *, *, #2485, .T. ) ;
#4474 = ORIENTED_EDGE ( 'NONE', *, *, #1261, .F. ) ;
#4475 = EDGE_CURVE ( 'NONE', #2698, #4188, #565, .T. ) ;
#4476 = AXIS2_PLACEMENT_3D ( 'NONE', #3090, #4198, #2356 ) ;
#4477 = AXIS2_PLACEMENT_3D ( 'NONE', #275, #1681, #4514 ) ;
#4478 = DIRECTION ( 'NONE',  ( -1.000000000000000000, -0.000000000000000000, 0.000000000000000000 ) ) ;
#4479 = ORIENTED_EDGE ( 'NONE', *, *, #1854, .T. ) ;
#4480 = DIRECTION ( 'NONE',  ( -1.000000000000000000, 0.000000000000000000, 0.000000000000000000 ) ) ;
#4481 = CARTESIAN_POINT ( 'NONE',  ( 7.000000000000000888, 0.000000000000000000, 0.000000000000000000 ) ) ;
#4482 = EDGE_CURVE ( 'NONE', #3390, #1812, #278, .T. ) ;
#4483 = VECTOR ( 'NONE', #4434, 1000.000000000000000 ) ;
#4484 = ORIENTED_EDGE ( 'NONE', *, *, #1562, .F. ) ;
#4485 = ORIENTED_EDGE ( 'NONE', *, *, #4529, .F. ) ;
#4486 = AXIS2_PLACEMENT_3D ( 'NONE', #205, #1615, #277 ) ;
#4487 = VERTEX_POINT ( 'NONE', #1023 ) ;
#4488 = ORIENTED_EDGE ( 'NONE', *, *, #2212, .F. ) ;
#4489 = CARTESIAN_POINT ( 'NONE',  ( 0.000000000000000000, 10.21971125872115138, 23.36143195072528300 ) ) ;
#4490 = ORIENTED_EDGE ( 'NONE', *, *, #4421, .F. ) ;
#4491 = ORIENTED_EDGE ( 'NONE', *, *, #889, .F. ) ;
#4492 = CARTESIAN_POINT ( 'NONE',  ( 0.000000000000000000, -16.45993346534653412, 25.08127967860421492 ) ) ;
#4493 = CARTESIAN_POINT ( 'NONE',  ( 7.000000000000000888, -10.88474387751616312, 23.95436854990171227 ) ) ;
#4494 = DIRECTION ( 'NONE',  ( 0.000000000000000000, 0.000000000000000000, 1.000000000000000000 ) ) ;
#4495 = CARTESIAN_POINT ( 'NONE',  ( 0.000000000000000000, 29.87193472823523877, -2.769027914639544896 ) ) ;
#4496 = CYLINDRICAL_SURFACE ( 'NONE', #3104, 30.00000000000000000 ) ;
#4497 = CARTESIAN_POINT ( 'NONE',  ( 7.000000000000000888, 0.000000000000000000, 0.000000000000000000 ) ) ;
#4498 = EDGE_CURVE ( 'NONE', #3984, #3240, #4128, .T. ) ;
#4499 = EDGE_CURVE ( 'NONE', #3662, #2901, #1740, .T. ) ;
#4500 = DIRECTION ( 'NONE',  ( 0.000000000000000000, 0.000000000000000000, 1.000000000000000000 ) ) ;
#4501 = ORIENTED_EDGE ( 'NONE', *, *, #432, .F. ) ;
#4502 = CIRCLE ( 'NONE', #3555, 30.00000000000000000 ) ;
#4503 = DIRECTION ( 'NONE',  ( -1.000000000000000000, -0.000000000000000000, -0.000000000000000000 ) ) ;
#4504 = EDGE_CURVE ( 'NONE', #4109, #1504, #3082, .T. ) ;
#4505 = DIRECTION ( 'NONE',  ( -1.000000000000000000, 0.000000000000000000, -0.000000000000000000 ) ) ;
#4506 = CYLINDRICAL_SURFACE ( 'NONE', #773, 11.20000000000000107 ) ;
#4507 = ORIENTED_EDGE ( 'NONE', *, *, #1413, .F. ) ;
#4508 = ORIENTED_EDGE ( 'NONE', *, *, #4170, .T. ) ;
#4509 = CARTESIAN_POINT ( 'NONE',  ( 7.000000000000000000, 2.000000000000000000, -1.500000000000000222 ) ) ;
#4510 = CIRCLE ( 'NONE', #1620, 25.49899999999999523 ) ;
#4511 = ORIENTED_EDGE ( 'NONE', *, *, #1802, .T. ) ;
#4512 = DIRECTION ( 'NONE',  ( 0.000000000000000000, 0.000000000000000000, 1.000000000000000000 ) ) ;
#4513 = VERTEX_POINT ( 'NONE', #635 ) ;
#4514 = DIRECTION ( 'NONE',  ( 0.000000000000000000, 0.4338837391175526248, 0.9009688679024218105 ) ) ;
#4515 = EDGE_CURVE ( 'NONE', #82, #1812, #4190, .T. ) ;
#4516 = DIRECTION ( 'NONE',  ( 0.000000000000000000, 0.000000000000000000, 1.000000000000000000 ) ) ;
#4517 = CARTESIAN_POINT ( 'NONE',  ( 7.000000000000000888, -2.769027914639652366, 29.87193472823523521 ) ) ;
#4518 = DIRECTION ( 'NONE',  ( 0.000000000000000000, 0.000000000000000000, 1.000000000000000000 ) ) ;
#4519 = DIRECTION ( 'NONE',  ( -1.000000000000000000, -0.000000000000000000, 0.000000000000000000 ) ) ;
#4520 = CARTESIAN_POINT ( 'NONE',  ( 0.000000000000000000, -25.51480627843073989, 4.774730941213675806 ) ) ;
#4521 = CARTESIAN_POINT ( 'NONE',  ( 7.000000000000000888, 15.16188941679837221, 20.50161238324384527 ) ) ;
#4522 = ORIENTED_EDGE ( 'NONE', *, *, #3347, .T. ) ;
#4523 = DIRECTION ( 'NONE',  ( 0.000000000000000000, 0.000000000000000000, 1.000000000000000000 ) ) ;
#4524 = CARTESIAN_POINT ( 'NONE',  ( 7.000000000000000888, 24.63658872236515762, -6.575522574292439693 ) ) ;
#4525 = CARTESIAN_POINT ( 'NONE',  ( 0.000000000000000000, -9.346733418401415250, -28.50681627971348675 ) ) ;
#4526 = CIRCLE ( 'NONE', #2297, 30.00000000000000000 ) ;
#4527 = CARTESIAN_POINT ( 'NONE',  ( 7.000000000000000888, -4.765074104333633542, -25.04981177135286430 ) ) ;
#4528 = EDGE_LOOP ( 'NONE', ( #1236, #4124, #1355, #1626 ) ) ;
#4529 = EDGE_CURVE ( 'NONE', #2621, #645, #4563, .T. ) ;
#4530 = VECTOR ( 'NONE', #2555, 1000.000000000000000 ) ;
#4531 = ORIENTED_EDGE ( 'NONE', *, *, #3991, .T. ) ;
#4532 = CIRCLE ( 'NONE', #3209, 11.20000000000000107 ) ;
#4533 = ADVANCED_FACE ( 'NONE', ( #1987 ), #2034, .T. ) ;
#4534 = DIRECTION ( 'NONE',  ( -1.000000000000000000, 0.000000000000000000, 0.000000000000000000 ) ) ;
#4535 = AXIS2_PLACEMENT_3D ( 'NONE', #2222, #1511, #2983 ) ;
#4536 = AXIS2_PLACEMENT_3D ( 'NONE', #1558, #4382, #2663 ) ;
#4537 = CARTESIAN_POINT ( 'NONE',  ( 10.00000000000000000, -8.000000000000000000, -1.600000000000000089 ) ) ;
#4538 = CIRCLE ( 'NONE', #546, 30.00000000000000000 ) ;
#4539 = AXIS2_PLACEMENT_3D ( 'NONE', #2957, #371, #2562 ) ;
#4540 = DIRECTION ( 'NONE',  ( 1.000000000000000000, 0.000000000000000000, 0.000000000000000000 ) ) ;
#4541 = FACE_OUTER_BOUND ( 'NONE', #3574, .T. ) ;
#4542 = DIRECTION ( 'NONE',  ( 1.000000000000000000, -0.000000000000000000, -0.000000000000000000 ) ) ;
#4543 = AXIS2_PLACEMENT_3D ( 'NONE', #2180, #3608, #2867 ) ;
#4544 = DIRECTION ( 'NONE',  ( -1.000000000000000000, 0.000000000000000000, 0.000000000000000000 ) ) ;
#4545 = ADVANCED_FACE ( 'NONE', ( #4261 ), #3624, .T. ) ;
#4546 = ORIENTED_EDGE ( 'NONE', *, *, #501, .F. ) ;
#4547 = ORIENTED_EDGE ( 'NONE', *, *, #1186, .F. ) ;
#4548 = CIRCLE ( 'NONE', #1358, 11.19999999999999929 ) ;
#4549 = ORIENTED_EDGE ( 'NONE', *, *, #1476, .T. ) ;
#4550 = DIRECTION ( 'NONE',  ( 0.000000000000000000, -0.4338837391175462410, -0.9009688679024248081 ) ) ;
#4551 = DIRECTION ( 'NONE',  ( -1.000000000000000000, 0.000000000000000000, 0.000000000000000000 ) ) ;
#4552 = DIRECTION ( 'NONE',  ( 1.000000000000000000, 0.000000000000000000, -0.000000000000000000 ) ) ;
#4553 = EDGE_LOOP ( 'NONE', ( #1162, #193, #3034, #541 ) ) ;
#4554 = VERTEX_POINT ( 'NONE', #1479 ) ;
#4555 = ORIENTED_EDGE ( 'NONE', *, *, #1680, .T. ) ;
#4556 = CIRCLE ( 'NONE', #3529, 11.20000000000000284 ) ;
#4557 = AXIS2_PLACEMENT_3D ( 'NONE', #1719, #4503, #1012 ) ;
#4558 = ADVANCED_FACE ( 'NONE', ( #1092 ), #3604, .T. ) ;
#4559 = DIRECTION ( 'NONE',  ( -1.000000000000000000, -0.000000000000000000, -0.000000000000000000 ) ) ;
#4560 = CARTESIAN_POINT ( 'NONE',  ( 0.000000000000000000, 0.000000000000000000, 0.000000000000000000 ) ) ;
#4561 = CARTESIAN_POINT ( 'NONE',  ( 7.000000000000000888, -16.45993346534620017, -25.08127967860444230 ) ) ;
#4562 = EDGE_CURVE ( 'NONE', #1364, #2292, #3305, .T. ) ;
#4563 = LINE ( 'NONE', #933, #492 ) ;
#4564 = VECTOR ( 'NONE', #1031, 1000.000000000000000 ) ;
#4565 = ORIENTED_EDGE ( 'NONE', *, *, #4078, .F. ) ;
#4566 = ORIENTED_EDGE ( 'NONE', *, *, #2030, .F. ) ;
#4567 = CARTESIAN_POINT ( 'NONE',  ( 7.000000000000000888, 0.000000000000000000, 0.000000000000000000 ) ) ;
#4568 = VERTEX_POINT ( 'NONE', #3559 ) ;
#4569 = DIRECTION ( 'NONE',  ( 0.000000000000000000, 0.000000000000000000, -1.000000000000000000 ) ) ;
#4570 = VERTEX_POINT ( 'NONE', #1819 ) ;
#4571 = ORIENTED_EDGE ( 'NONE', *, *, #1629, .F. ) ;
#4572 = CARTESIAN_POINT ( 'NONE',  ( 0.000000000000000000, -8.000000000000000000, -1.600000000000000089 ) ) ;
#4573 = ORIENTED_EDGE ( 'NONE', *, *, #3432, .F. ) ;
#4574 = EDGE_LOOP ( 'NONE', ( #3521, #1564, #1380, #1781 ) ) ;
#4575 = LINE ( 'NONE', #2438, #2528 ) ;
#4576 = AXIS2_PLACEMENT_3D ( 'NONE', #854, #3655, #1871 ) ;
#4577 = DIRECTION ( 'NONE',  ( -1.000000000000000000, 0.000000000000000000, -0.000000000000000000 ) ) ;
#4578 = EDGE_CURVE ( 'NONE', #3411, #887, #2037, .T. ) ;
#4579 = DIRECTION ( 'NONE',  ( 0.000000000000000000, 0.000000000000000000, 1.000000000000000000 ) ) ;
#4580 = VERTEX_POINT ( 'NONE', #3579 ) ;
#4581 = AXIS2_PLACEMENT_3D ( 'NONE', #202, #972, #4512 ) ;
#4582 = ORIENTED_EDGE ( 'NONE', *, *, #1533, .T. ) ;
#4583 = ORIENTED_EDGE ( 'NONE', *, *, #1037, .F. ) ;
#4584 = FACE_OUTER_BOUND ( 'NONE', #3795, .T. ) ;
#4585 = EDGE_CURVE ( 'NONE', #599, #4268, #1, .T. ) ;
#4586 = CARTESIAN_POINT ( 'NONE',  ( 7.000000000000000888, 0.000000000000000000, 0.000000000000000000 ) ) ;
#4587 = FACE_OUTER_BOUND ( 'NONE', #639, .T. ) ;
#4588 = DIRECTION ( 'NONE',  ( -1.000000000000000000, 0.000000000000000000, 0.000000000000000000 ) ) ;
ENDSEC;
END-ISO-10303-21;
