ISO-10303-21;
HEADER;
FILE_DESCRIPTION (( 'STEP AP214' ),
    '1' );
FILE_NAME ('ARP-0072.STEP',
    '2026-09-03T08:58:14',
    ( '' ),
    ( '' ),
    'SwSTEP 2.0',
    'SolidWorks 2024',
    '' );
FILE_SCHEMA (( 'AUTOMOTIVE_DESIGN' ));
ENDSEC;

DATA;
#1 = FACE_BOUND ( 'NONE', #3134, .T. ) ;
#2 = CARTESIAN_POINT ( 'NONE',  ( 8.000000000000001776, -11.94175267147946506, -23.44533994287262857 ) ) ;
#3 = DIRECTION ( 'NONE',  ( -1.000000000000000000, 0.000000000000000000, 0.000000000000000000 ) ) ;
#4 = VERTEX_POINT ( 'NONE', #916 ) ;
#5 = VERTEX_POINT ( 'NONE', #1244 ) ;
#6 = DIRECTION ( 'NONE',  ( 0.000000000000000000, -0.7818314824680352437, 0.6234898018587267110 ) ) ;
#7 = DIRECTION ( 'NONE',  ( -1.000000000000000000, -0.000000000000000000, -0.000000000000000000 ) ) ;
#8 = ORIENTED_EDGE ( 'NONE', *, *, #1441, .F. ) ;
#9 = ORIENTED_EDGE ( 'NONE', *, *, #2370, .F. ) ;
#10 = DIRECTION ( 'NONE',  ( 0.000000000000000000, 0.4338837391175590086, -0.9009688679024187019 ) ) ;
#11 = DIRECTION ( 'NONE',  ( -1.000000000000000000, -0.000000000000000000, -0.000000000000000000 ) ) ;
#12 = CIRCLE ( 'NONE', #4383, 10.99999999999986500 ) ;
#13 = CARTESIAN_POINT ( 'NONE',  ( 0.000000000000000000, -26.30485368663591572, -0.5865956258981671612 ) ) ;
#14 = DIRECTION ( 'NONE',  ( -1.000000000000000000, -0.000000000000000000, -0.000000000000000000 ) ) ;
#15 = CIRCLE ( 'NONE', #2529, 11.19999999999999929 ) ;
#16 = DIRECTION ( 'NONE',  ( 0.000000000000000000, -0.9009688679024232538, 0.4338837391175494607 ) ) ;
#17 = CARTESIAN_POINT ( 'NONE',  ( 8.000000000000001776, -15.16188941679850544, 20.50161238324374580 ) ) ;
#18 = AXIS2_PLACEMENT_3D ( 'NONE', #4420, #943, #2292 ) ;
#19 = CARTESIAN_POINT ( 'NONE',  ( 8.000000000000001776, -3.947528211216360994, 29.73914963514678078 ) ) ;
#20 = CIRCLE ( 'NONE', #402, 25.49899999999999523 ) ;
#21 = DIRECTION ( 'NONE',  ( -1.000000000000000000, 0.000000000000000000, 0.000000000000000000 ) ) ;
#22 = EDGE_LOOP ( 'NONE', ( #3711, #4177, #2381, #3042 ) ) ;
#23 = ORIENTED_EDGE ( 'NONE', *, *, #3008, .F. ) ;
#24 = CIRCLE ( 'NONE', #4546, 11.19999999999999751 ) ;
#25 = EDGE_CURVE ( 'NONE', #1576, #1721, #3037, .T. ) ;
#26 = DIRECTION ( 'NONE',  ( 0.000000000000000000, 0.000000000000000000, 1.000000000000000000 ) ) ;
#27 = DIRECTION ( 'NONE',  ( 0.000000000000000000, 0.000000000000000000, 1.000000000000000000 ) ) ;
#28 = AXIS2_PLACEMENT_3D ( 'NONE', #2850, #4277, #3237 ) ;
#29 = EDGE_LOOP ( 'NONE', ( #3883, #756, #2120, #853 ) ) ;
#30 = AXIS2_PLACEMENT_3D ( 'NONE', #4363, #14, #2992 ) ;
#31 = VERTEX_POINT ( 'NONE', #507 ) ;
#32 = ORIENTED_EDGE ( 'NONE', *, *, #2033, .F. ) ;
#33 = EDGE_CURVE ( 'NONE', #389, #4492, #1324, .T. ) ;
#34 = DIRECTION ( 'NONE',  ( -1.000000000000000000, 0.000000000000000000, 0.000000000000000000 ) ) ;
#35 = DIRECTION ( 'NONE',  ( 0.000000000000000000, 0.000000000000000000, 1.000000000000000000 ) ) ;
#36 = AXIS2_PLACEMENT_3D ( 'NONE', #458, #147, #2572 ) ;
#37 = ADVANCED_FACE ( 'NONE', ( #2361 ), #4122, .T. ) ;
#38 = DIRECTION ( 'NONE',  ( -1.000000000000000000, 0.000000000000000000, -0.000000000000000000 ) ) ;
#39 = FACE_OUTER_BOUND ( 'NONE', #4299, .T. ) ;
#40 = DIRECTION ( 'NONE',  ( 0.000000000000000000, 0.000000000000000000, 1.000000000000000000 ) ) ;
#41 = CARTESIAN_POINT ( 'NONE',  ( -10.00000000000000000, 0.000000000000000000, 0.000000000000000000 ) ) ;
#42 = CARTESIAN_POINT ( 'NONE',  ( 0.000000000000000000, -26.30485368663591927, 0.5865956258977993443 ) ) ;
#43 = CARTESIAN_POINT ( 'NONE',  ( 6.000000000000000000, 8.000000000000000000, 1.600000000000000311 ) ) ;
#44 = EDGE_CURVE ( 'NONE', #3135, #3738, #1570, .T. ) ;
#45 = VERTEX_POINT ( 'NONE', #1615 ) ;
#46 = ORIENTED_EDGE ( 'NONE', *, *, #888, .F. ) ;
#47 = ORIENTED_EDGE ( 'NONE', *, *, #2159, .F. ) ;
#48 = AXIS2_PLACEMENT_3D ( 'NONE', #874, #4421, #1226 ) ;
#49 = DIRECTION ( 'NONE',  ( -1.000000000000000000, -0.000000000000000000, 0.000000000000000000 ) ) ;
#50 = VECTOR ( 'NONE', #4255, 1000.000000000000000 ) ;
#51 = LINE ( 'NONE', #3689, #3976 ) ;
#52 = ADVANCED_FACE ( 'NONE', ( #3732 ), #3070, .T. ) ;
#53 = ORIENTED_EDGE ( 'NONE', *, *, #3670, .T. ) ;
#54 = VERTEX_POINT ( 'NONE', #1986 ) ;
#55 = DIRECTION ( 'NONE',  ( -1.000000000000000000, 0.000000000000000000, -0.000000000000000000 ) ) ;
#56 = DIRECTION ( 'NONE',  ( 0.000000000000000000, 0.000000000000000000, 1.000000000000000000 ) ) ;
#57 = AXIS2_PLACEMENT_3D ( 'NONE', #2439, #3122, #227 ) ;
#58 = EDGE_CURVE ( 'NONE', #4223, #722, #3407, .T. ) ;
#59 = VERTEX_POINT ( 'NONE', #2655 ) ;
#60 = CARTESIAN_POINT ( 'NONE',  ( 0.000000000000000000, 26.30485368663591927, -0.5865956258979815319 ) ) ;
#61 = CARTESIAN_POINT ( 'NONE',  ( 4.000000000000000000, -3.947528211216362770, 29.73914963514677723 ) ) ;
#62 = DIRECTION ( 'NONE',  ( 0.000000000000000000, 0.9009688679024201452, -0.4338837391175559555 ) ) ;
#63 = EDGE_CURVE ( 'NONE', #1511, #2685, #1539, .T. ) ;
#64 = FACE_OUTER_BOUND ( 'NONE', #1831, .T. ) ;
#65 = DIRECTION ( 'NONE',  ( 0.000000000000000000, 0.000000000000000000, 1.000000000000000000 ) ) ;
#66 = ORIENTED_EDGE ( 'NONE', *, *, #2404, .F. ) ;
#67 = ORIENTED_EDGE ( 'NONE', *, *, #739, .F. ) ;
#68 = EDGE_LOOP ( 'NONE', ( #4078, #1224 ) ) ;
#69 = VERTEX_POINT ( 'NONE', #3783 ) ;
#70 = ORIENTED_EDGE ( 'NONE', *, *, #2795, .T. ) ;
#71 = EDGE_CURVE ( 'NONE', #148, #671, #4075, .T. ) ;
#72 = CYLINDRICAL_SURFACE ( 'NONE', #3333, 25.49899999999999523 ) ;
#73 = DIRECTION ( 'NONE',  ( -1.000000000000000000, 0.000000000000000000, -0.000000000000000000 ) ) ;
#74 = VERTEX_POINT ( 'NONE', #194 ) ;
#75 = VERTEX_POINT ( 'NONE', #2339 ) ;
#76 = EDGE_CURVE ( 'NONE', #968, #1709, #1697, .T. ) ;
#77 = DIRECTION ( 'NONE',  ( -1.000000000000000000, -0.000000000000000000, 0.000000000000000000 ) ) ;
#78 = CARTESIAN_POINT ( 'NONE',  ( 6.000000000000000000, 8.000000000000000000, 0.000000000000000000 ) ) ;
#79 = ORIENTED_EDGE ( 'NONE', *, *, #4312, .T. ) ;
#80 = EDGE_CURVE ( 'NONE', #1966, #2978, #2157, .T. ) ;
#81 = ORIENTED_EDGE ( 'NONE', *, *, #2329, .T. ) ;
#82 = LINE ( 'NONE', #2253, #2097 ) ;
#83 = LINE ( 'NONE', #2254, #2681 ) ;
#84 = ORIENTED_EDGE ( 'NONE', *, *, #1949, .T. ) ;
#85 = CARTESIAN_POINT ( 'NONE',  ( 0.000000000000000000, 25.08127967860427177, 16.45993346534645596 ) ) ;
#86 = CARTESIAN_POINT ( 'NONE',  ( 0.000000000000000000, -26.30485368663591572, -0.5865956258981671612 ) ) ;
#87 = DIRECTION ( 'NONE',  ( 0.000000000000000000, 0.000000000000000000, 1.000000000000000000 ) ) ;
#88 = EDGE_CURVE ( 'NONE', #2487, #281, #99, .T. ) ;
#89 = ORIENTED_EDGE ( 'NONE', *, *, #3446, .T. ) ;
#90 = DIRECTION ( 'NONE',  ( 0.000000000000000000, -0.7818314824680352437, 0.6234898018587267110 ) ) ;
#91 = ORIENTED_EDGE ( 'NONE', *, *, #3891, .T. ) ;
#92 = ORIENTED_EDGE ( 'NONE', *, *, #1985, .F. ) ;
#93 = CARTESIAN_POINT ( 'NONE',  ( 8.000000000000001776, 6.425269058786402532, -25.51480627843072213 ) ) ;
#94 = AXIS2_PLACEMENT_3D ( 'NONE', #2589, #3597, #4350 ) ;
#95 = EDGE_CURVE ( 'NONE', #3746, #843, #2751, .T. ) ;
#96 = LINE ( 'NONE', #4373, #2844 ) ;
#97 = ORIENTED_EDGE ( 'NONE', *, *, #4319, .T. ) ;
#98 = ORIENTED_EDGE ( 'NONE', *, *, #652, .F. ) ;
#99 = CIRCLE ( 'NONE', #4105, 1.600000000000000311 ) ;
#100 = ORIENTED_EDGE ( 'NONE', *, *, #3728, .T. ) ;
#101 = CARTESIAN_POINT ( 'NONE',  ( 0.000000000000000000, 28.11511939947790140, -10.46613878911898610 ) ) ;
#102 = DIRECTION ( 'NONE',  ( -1.000000000000000000, -0.000000000000000000, -0.000000000000000000 ) ) ;
#103 = AXIS2_PLACEMENT_3D ( 'NONE', #3833, #2407, #3468 ) ;
#104 = DIRECTION ( 'NONE',  ( -1.000000000000000000, 0.000000000000000000, 0.000000000000000000 ) ) ;
#105 = EDGE_CURVE ( 'NONE', #3629, #531, #177, .T. ) ;
#106 = CIRCLE ( 'NONE', #3889, 11.19999999999999929 ) ;
#107 = VERTEX_POINT ( 'NONE', #1906 ) ;
#108 = DIRECTION ( 'NONE',  ( -1.000000000000000000, -0.000000000000000000, 0.000000000000000000 ) ) ;
#109 = LINE ( 'NONE', #495, #4264 ) ;
#110 = EDGE_CURVE ( 'NONE', #2122, #3493, #4414, .T. ) ;
#111 = DIRECTION ( 'NONE',  ( 0.000000000000000000, 0.000000000000000000, 1.000000000000000000 ) ) ;
#112 = FACE_BOUND ( 'NONE', #3305, .T. ) ;
#113 = DIRECTION ( 'NONE',  ( -1.000000000000000000, -0.000000000000000000, 0.000000000000000000 ) ) ;
#114 = DIRECTION ( 'NONE',  ( 0.000000000000000000, -0.9749279121818258398, 0.2225209339563050670 ) ) ;
#115 = VERTEX_POINT ( 'NONE', #220 ) ;
#116 = ORIENTED_EDGE ( 'NONE', *, *, #3515, .F. ) ;
#117 = ORIENTED_EDGE ( 'NONE', *, *, #3477, .T. ) ;
#118 = EDGE_LOOP ( 'NONE', ( #320, #4428, #4064, #2925 ) ) ;
#119 = ADVANCED_FACE ( 'NONE', ( #3539 ), #1761, .T. ) ;
#120 = ORIENTED_EDGE ( 'NONE', *, *, #1150, .F. ) ;
#121 = VECTOR ( 'NONE', #1091, 1000.000000000000000 ) ;
#122 = VECTOR ( 'NONE', #1751, 1000.000000000000000 ) ;
#123 = DIRECTION ( 'NONE',  ( 0.000000000000000000, 0.000000000000000000, -1.000000000000000000 ) ) ;
#124 = ORIENTED_EDGE ( 'NONE', *, *, #3884, .T. ) ;
#125 = ORIENTED_EDGE ( 'NONE', *, *, #1743, .T. ) ;
#126 = AXIS2_PLACEMENT_3D ( 'NONE', #2168, #3280, #364 ) ;
#127 = AXIS2_PLACEMENT_3D ( 'NONE', #2877, #851, #153 ) ;
#128 = EDGE_CURVE ( 'NONE', #54, #969, #4623, .T. ) ;
#129 = CARTESIAN_POINT ( 'NONE',  ( 8.000000000000001776, 20.93169914448970914, -15.94218908519826705 ) ) ;
#130 = CARTESIAN_POINT ( 'NONE',  ( -22.00000000000001421, 0.000000000000000000, 0.000000000000000000 ) ) ;
#131 = CYLINDRICAL_SURFACE ( 'NONE', #982, 30.00000000000000000 ) ;
#132 = VECTOR ( 'NONE', #650, 1000.000000000000000 ) ;
#133 = VERTEX_POINT ( 'NONE', #2802 ) ;
#134 = EDGE_CURVE ( 'NONE', #4126, #590, #1616, .T. ) ;
#135 = CARTESIAN_POINT ( 'NONE',  ( 8.000000000000001776, -20.78975986434250700, 21.62835834692437231 ) ) ;
#136 = CARTESIAN_POINT ( 'NONE',  ( 0.000000000000000000, -28.11511939947768113, -10.46613878911957762 ) ) ;
#137 = DIRECTION ( 'NONE',  ( -1.000000000000000000, 0.000000000000000000, 0.000000000000000000 ) ) ;
#138 = CIRCLE ( 'NONE', #3681, 25.49899999999999523 ) ;
#139 = DIRECTION ( 'NONE',  ( 0.000000000000000000, 0.000000000000000000, 1.000000000000000000 ) ) ;
#140 = AXIS2_PLACEMENT_3D ( 'NONE', #541, #3813, #203 ) ;
#141 = DIRECTION ( 'NONE',  ( -1.000000000000000000, -0.000000000000000000, -0.000000000000000000 ) ) ;
#142 = CARTESIAN_POINT ( 'NONE',  ( 0.000000000000000000, 0.000000000000000000, 0.000000000000000000 ) ) ;
#143 = CARTESIAN_POINT ( 'NONE',  ( 8.000000000000001776, -26.30485368663591572, -0.5865956258981671612 ) ) ;
#144 = VERTEX_POINT ( 'NONE', #683 ) ;
#145 = ORIENTED_EDGE ( 'NONE', *, *, #1155, .T. ) ;
#146 = DIRECTION ( 'NONE',  ( 0.000000000000000000, 0.000000000000000000, 1.000000000000000000 ) ) ;
#147 = DIRECTION ( 'NONE',  ( -1.000000000000000000, 0.000000000000000000, 0.000000000000000000 ) ) ;
#148 = VERTEX_POINT ( 'NONE', #4235 ) ;
#149 = EDGE_LOOP ( 'NONE', ( #2240, #2091, #2944, #209 ) ) ;
#150 = ORIENTED_EDGE ( 'NONE', *, *, #483, .T. ) ;
#151 = CARTESIAN_POINT ( 'NONE',  ( 0.000000000000000000, -0.5865956258980682403, 26.30485368663591927 ) ) ;
#152 = FACE_OUTER_BOUND ( 'NONE', #2483, .T. ) ;
#153 = DIRECTION ( 'NONE',  ( 0.000000000000000000, -0.2225209339563216648, 0.9749279121818220650 ) ) ;
#154 = ADVANCED_FACE ( 'NONE', ( #961 ), #238, .T. ) ;
#155 = DIRECTION ( 'NONE',  ( -1.000000000000000000, 0.000000000000000000, 0.000000000000000000 ) ) ;
#156 = DIRECTION ( 'NONE',  ( -1.000000000000000000, 0.000000000000000000, 0.000000000000000000 ) ) ;
#157 = ADVANCED_FACE ( 'NONE', ( #2777 ), #2128, .F. ) ;
#158 = DIRECTION ( 'NONE',  ( -1.000000000000000000, -0.000000000000000000, -0.000000000000000000 ) ) ;
#159 = CARTESIAN_POINT ( 'NONE',  ( 0.000000000000000000, -25.71224702882823721, -15.45575468000553343 ) ) ;
#160 = DIRECTION ( 'NONE',  ( -1.000000000000000000, 0.000000000000000000, -0.000000000000000000 ) ) ;
#161 = DIRECTION ( 'NONE',  ( 0.000000000000000000, 0.000000000000000000, 1.000000000000000000 ) ) ;
#162 = AXIS2_PLACEMENT_3D ( 'NONE', #3171, #525, #3386 ) ;
#163 = DIRECTION ( 'NONE',  ( -1.000000000000000000, 0.000000000000000000, 0.000000000000000000 ) ) ;
#164 = ORIENTED_EDGE ( 'NONE', *, *, #2946, .T. ) ;
#165 = VERTEX_POINT ( 'NONE', #3192 ) ;
#166 = CIRCLE ( 'NONE', #1389, 11.19999999999999929 ) ;
#167 = DIRECTION ( 'NONE',  ( 0.000000000000000000, 0.000000000000000000, 1.000000000000000000 ) ) ;
#168 = ORIENTED_EDGE ( 'NONE', *, *, #3561, .T. ) ;
#170 = ORIENTED_EDGE ( 'NONE', *, *, #3625, .F. ) ;
#169 = ADVANCED_FACE ( 'NONE', ( #1686 ), #4216, .T. ) ;
#171 = EDGE_LOOP ( 'NONE', ( #832, #2127, #3396, #1752 ) ) ;
#172 = AXIS2_PLACEMENT_3D ( 'NONE', #653, #3487, #602 ) ;
#173 = DIRECTION ( 'NONE',  ( 0.000000000000000000, -0.9009688679024142610, -0.4338837391175685010 ) ) ;
#174 = DIRECTION ( 'NONE',  ( 0.000000000000000000, 0.000000000000000000, 1.000000000000000000 ) ) ;
#175 = CIRCLE ( 'NONE', #787, 25.49899999999999878 ) ;
#176 = DIRECTION ( 'NONE',  ( 0.000000000000000000, 0.000000000000000000, -1.000000000000000000 ) ) ;
#177 = CIRCLE ( 'NONE', #4474, 30.00000000000000000 ) ;
#178 = CIRCLE ( 'NONE', #2831, 11.19999999999999929 ) ;
#179 = CIRCLE ( 'NONE', #3961, 30.00000000000000000 ) ;
#180 = DIRECTION ( 'NONE',  ( -1.000000000000000000, -0.000000000000000000, -0.000000000000000000 ) ) ;
#181 = DIRECTION ( 'NONE',  ( -1.000000000000000000, 0.000000000000000000, -0.000000000000000000 ) ) ;
#182 = CARTESIAN_POINT ( 'NONE',  ( 8.000000000000001776, 0.000000000000000000, 0.000000000000000000 ) ) ;
#183 = ORIENTED_EDGE ( 'NONE', *, *, #4424, .F. ) ;
#184 = LINE ( 'NONE', #857, #287 ) ;
#185 = AXIS2_PLACEMENT_3D ( 'NONE', #4290, #2549, #27 ) ;
#186 = ADVANCED_FACE ( 'NONE', ( #2729 ), #3169, .T. ) ;
#187 = CARTESIAN_POINT ( 'NONE',  ( 0.000000000000000000, 16.85942694080891258, -20.20022636336465283 ) ) ;
#188 = CIRCLE ( 'NONE', #3264, 30.00000000000000000 ) ;
#189 = CARTESIAN_POINT ( 'NONE',  ( -10.00000000000000000, 0.000000000000000000, 0.000000000000000000 ) ) ;
#190 = DIRECTION ( 'NONE',  ( 0.000000000000000000, 0.000000000000000000, 1.000000000000000000 ) ) ;
#191 = ORIENTED_EDGE ( 'NONE', *, *, #1261, .F. ) ;
#192 = VERTEX_POINT ( 'NONE', #1712 ) ;
#193 = VECTOR ( 'NONE', #1804, 1000.000000000000000 ) ;
#194 = CARTESIAN_POINT ( 'NONE',  ( 0.000000000000000000, -22.55570658189509459, -11.89281722685814557 ) ) ;
#195 = ADVANCED_FACE ( 'NONE', ( #2031 ), #4602, .T. ) ;
#196 = AXIS2_PLACEMENT_3D ( 'NONE', #1057, #2561, #2205 ) ;
#197 = DIRECTION ( 'NONE',  ( 0.000000000000000000, 0.000000000000000000, 1.000000000000000000 ) ) ;
#198 = ORIENTED_EDGE ( 'NONE', *, *, #697, .T. ) ;
#199 = VERTEX_POINT ( 'NONE', #2433 ) ;
#200 = DIRECTION ( 'NONE',  ( -1.000000000000000000, -0.000000000000000000, 0.000000000000000000 ) ) ;
#201 = EDGE_CURVE ( 'NONE', #4460, #2199, #606, .T. ) ;
#202 = DIRECTION ( 'NONE',  ( -1.000000000000000000, 0.000000000000000000, 0.000000000000000000 ) ) ;
#203 = DIRECTION ( 'NONE',  ( 0.000000000000000000, 0.000000000000000000, 1.000000000000000000 ) ) ;
#204 = AXIS2_PLACEMENT_3D ( 'NONE', #4040, #1227, #56 ) ;
#205 = AXIS2_PLACEMENT_3D ( 'NONE', #3381, #1253, #922 ) ;
#206 = CARTESIAN_POINT ( 'NONE',  ( 0.000000000000000000, 0.9285037628616775729, -25.48208943086008560 ) ) ;
#207 = DIRECTION ( 'NONE',  ( 0.000000000000000000, 0.000000000000000000, 1.000000000000000000 ) ) ;
#208 = DIRECTION ( 'NONE',  ( 0.000000000000000000, 0.000000000000000000, 1.000000000000000000 ) ) ;
#209 = ORIENTED_EDGE ( 'NONE', *, *, #576, .T. ) ;
#210 = VECTOR ( 'NONE', #1920, 1000.000000000000000 ) ;
#211 = CARTESIAN_POINT ( 'NONE',  ( 8.000000000000001776, -25.51480627843083226, 6.425269058785968213 ) ) ;
#212 = CIRCLE ( 'NONE', #3220, 30.00000000000000000 ) ;
#213 = ORIENTED_EDGE ( 'NONE', *, *, #2523, .T. ) ;
#214 = CARTESIAN_POINT ( 'NONE',  ( 8.000000000000001776, 19.34378712898069708, 16.61375636358860319 ) ) ;
#215 = DIRECTION ( 'NONE',  ( -1.000000000000000000, -0.000000000000000000, -0.000000000000000000 ) ) ;
#216 = ADVANCED_FACE ( 'NONE', ( #2823 ), #992, .T. ) ;
#217 = ORIENTED_EDGE ( 'NONE', *, *, #3594, .T. ) ;
#218 = DIRECTION ( 'NONE',  ( -1.000000000000000000, -0.000000000000000000, -0.000000000000000000 ) ) ;
#219 = ORIENTED_EDGE ( 'NONE', *, *, #3329, .T. ) ;
#220 = CARTESIAN_POINT ( 'NONE',  ( 0.000000000000000000, 10.46613878911928808, 28.11511939947778771 ) ) ;
#221 = CARTESIAN_POINT ( 'NONE',  ( 8.000000000000001776, -20.93169914448937163, -15.94218908519870048 ) ) ;
#222 = ORIENTED_EDGE ( 'NONE', *, *, #1880, .T. ) ;
#223 = ORIENTED_EDGE ( 'NONE', *, *, #4037, .F. ) ;
#224 = ADVANCED_FACE ( 'NONE', ( #3885 ), #1314, .T. ) ;
#225 = VERTEX_POINT ( 'NONE', #2051 ) ;
#226 = CARTESIAN_POINT ( 'NONE',  ( 6.000000000000000000, -8.000000000000000000, 0.000000000000000000 ) ) ;
#227 = DIRECTION ( 'NONE',  ( 0.000000000000000000, -1.000000000000000000, -1.053224967557347187E-14 ) ) ;
#228 = ORIENTED_EDGE ( 'NONE', *, *, #4287, .T. ) ;
#229 = FACE_OUTER_BOUND ( 'NONE', #2511, .T. ) ;
#230 = CARTESIAN_POINT ( 'NONE',  ( 0.000000000000000000, 0.000000000000000000, 0.000000000000000000 ) ) ;
#231 = DIRECTION ( 'NONE',  ( 0.000000000000000000, 1.000000000000000000, 3.407492542097299931E-15 ) ) ;
#232 = FACE_OUTER_BOUND ( 'NONE', #1745, .T. ) ;
#233 = EDGE_CURVE ( 'NONE', #4309, #1983, #4330, .T. ) ;
#234 = DIRECTION ( 'NONE',  ( 0.000000000000000000, 0.000000000000000000, 1.000000000000000000 ) ) ;
#235 = CARTESIAN_POINT ( 'NONE',  ( 8.000000000000001776, 5.281492161083006565, -25.77586589148974383 ) ) ;
#236 = DIRECTION ( 'NONE',  ( -1.000000000000000000, 0.000000000000000000, 0.000000000000000000 ) ) ;
#237 = EDGE_CURVE ( 'NONE', #1738, #4655, #487, .T. ) ;
#238 = CYLINDRICAL_SURFACE ( 'NONE', #411, 11.19999999999999929 ) ;
#239 = CARTESIAN_POINT ( 'NONE',  ( 8.000000000000001776, -28.11511939947783389, 10.46613878911918327 ) ) ;
#240 = ORIENTED_EDGE ( 'NONE', *, *, #237, .T. ) ;
#241 = ORIENTED_EDGE ( 'NONE', *, *, #1515, .T. ) ;
#242 = VERTEX_POINT ( 'NONE', #428 ) ;
#243 = EDGE_CURVE ( 'NONE', #3240, #1055, #4111, .T. ) ;
#244 = DIRECTION ( 'NONE',  ( -1.000000000000000000, 0.000000000000000000, 0.000000000000000000 ) ) ;
#245 = CARTESIAN_POINT ( 'NONE',  ( 0.000000000000000000, -22.55570658189526156, 11.89281722685783471 ) ) ;
#246 = ORIENTED_EDGE ( 'NONE', *, *, #2365, .F. ) ;
#247 = AXIS2_PLACEMENT_3D ( 'NONE', #2468, #3083, #1549 ) ;
#248 = CIRCLE ( 'NONE', #560, 11.20000000000000107 ) ;
#249 = ORIENTED_EDGE ( 'NONE', *, *, #1580, .T. ) ;
#250 = CARTESIAN_POINT ( 'NONE',  ( 0.000000000000000000, 0.000000000000000000, 9.600000000000003197 ) ) ;
#251 = AXIS2_PLACEMENT_3D ( 'NONE', #385, #2215, #1174 ) ;
#252 = DIRECTION ( 'NONE',  ( 0.000000000000000000, 0.000000000000000000, 1.000000000000000000 ) ) ;
#253 = EDGE_CURVE ( 'NONE', #59, #2727, #4478, .T. ) ;
#254 = CARTESIAN_POINT ( 'NONE',  ( 8.000000000000001776, 22.55570658189534683, -11.89281722685767662 ) ) ;
#255 =( NAMED_UNIT ( * ) SI_UNIT ( $, .STERADIAN. ) SOLID_ANGLE_UNIT ( ) );
#256 = ORIENTED_EDGE ( 'NONE', *, *, #1690, .F. ) ;
#257 = ORIENTED_EDGE ( 'NONE', *, *, #3076, .T. ) ;
#258 = CYLINDRICAL_SURFACE ( 'NONE', #2540, 11.20000000000000107 ) ;
#259 = CARTESIAN_POINT ( 'NONE',  ( 8.000000000000001776, 23.44533994287250422, -11.94175267147971198 ) ) ;
#260 = ADVANCED_FACE ( 'NONE', ( #1472 ), #1066, .T. ) ;
#261 = CIRCLE ( 'NONE', #28, 25.49899999999999523 ) ;
#262 = AXIS2_PLACEMENT_3D ( 'NONE', #856, #1605, #1556 ) ;
#263 = DIRECTION ( 'NONE',  ( 0.000000000000000000, -0.9009688679024233648, 0.4338837391175494607 ) ) ;
#264 = EDGE_LOOP ( 'NONE', ( #892, #407, #1081, #1596 ) ) ;
#265 = DIRECTION ( 'NONE',  ( -1.000000000000000000, -0.000000000000000000, -0.000000000000000000 ) ) ;
#266 = CARTESIAN_POINT ( 'NONE',  ( 8.000000000000001776, 6.575522574293017009, -24.63658872236500841 ) ) ;
#267 = VERTEX_POINT ( 'NONE', #2145 ) ;
#268 = ADVANCED_FACE ( 'NONE', ( #1, #4366, #2167, #1451, #3214, #2565 ), #1786, .T. ) ;
#269 = EDGE_LOOP ( 'NONE', ( #3372, #1297, #4539, #372 ) ) ;
#270 = DIRECTION ( 'NONE',  ( 0.000000000000000000, 0.000000000000000000, 1.000000000000000000 ) ) ;
#271 = VECTOR ( 'NONE', #782, 1000.000000000000000 ) ;
#272 = AXIS2_PLACEMENT_3D ( 'NONE', #2963, #3665, #2268 ) ;
#273 = CARTESIAN_POINT ( 'NONE',  ( 4.000000000000000888, 20.78975986434236134, 21.62835834692451087 ) ) ;
#274 = ORIENTED_EDGE ( 'NONE', *, *, #3561, .F. ) ;
#275 = ADVANCED_FACE ( 'NONE', ( #2935 ), #2234, .T. ) ;
#276 = EDGE_CURVE ( 'NONE', #1016, #3866, #3118, .T. ) ;
#277 = CARTESIAN_POINT ( 'NONE',  ( 8.000000000000001776, 25.51480627843078608, 4.774730941213854329 ) ) ;
#278 = AXIS2_PLACEMENT_3D ( 'NONE', #3266, #3943, #3577 ) ;
#279 = DIRECTION ( 'NONE',  ( -1.000000000000000000, -0.000000000000000000, -0.000000000000000000 ) ) ;
#280 = FACE_OUTER_BOUND ( 'NONE', #3836, .T. ) ;
#281 = VERTEX_POINT ( 'NONE', #2209 ) ;
#282 = DIRECTION ( 'NONE',  ( -1.000000000000000000, 0.000000000000000000, 0.000000000000000000 ) ) ;
#283 = VECTOR ( 'NONE', #769, 1000.000000000000000 ) ;
#284 = EDGE_CURVE ( 'NONE', #3262, #3565, #1496, .T. ) ;
#285 = ORIENTED_EDGE ( 'NONE', *, *, #2071, .F. ) ;
#286 = ORIENTED_EDGE ( 'NONE', *, *, #4007, .F. ) ;
#287 = VECTOR ( 'NONE', #2697, 1000.000000000000000 ) ;
#288 = LINE ( 'NONE', #956, #3649 ) ;
#289 = DIRECTION ( 'NONE',  ( -1.000000000000000000, 0.000000000000000000, 0.000000000000000000 ) ) ;
#290 = CIRCLE ( 'NONE', #1129, 30.00000000000000000 ) ;
#291 = CIRCLE ( 'NONE', #1498, 11.20000000000000107 ) ;
#292 = CARTESIAN_POINT ( 'NONE',  ( 8.000000000000001776, 0.9285037628613247440, 25.48208943086009981 ) ) ;
#293 = VERTEX_POINT ( 'NONE', #744 ) ;
#294 = AXIS2_PLACEMENT_3D ( 'NONE', #733, #2899, #307 ) ;
#295 = CARTESIAN_POINT ( 'NONE',  ( 8.000000000000001776, -26.30485368663591572, -0.5865956258981671612 ) ) ;
#296 = CARTESIAN_POINT ( 'NONE',  ( 0.000000000000000000, 0.000000000000000000, 0.000000000000000000 ) ) ;
#297 = DIRECTION ( 'NONE',  ( 1.000000000000000000, -0.000000000000000000, -0.000000000000000000 ) ) ;
#298 = EDGE_LOOP ( 'NONE', ( #1313, #620, #406, #2270 ) ) ;
#299 = AXIS2_PLACEMENT_3D ( 'NONE', #2416, #3475, #176 ) ;
#300 = EDGE_CURVE ( 'NONE', #2715, #445, #1173, .T. ) ;
#301 = DIRECTION ( 'NONE',  ( -1.000000000000000000, 0.000000000000000000, -0.000000000000000000 ) ) ;
#302 = CYLINDRICAL_SURFACE ( 'NONE', #3896, 11.20000000000000107 ) ;
#303 = ORIENTED_EDGE ( 'NONE', *, *, #3252, .T. ) ;
#304 = VERTEX_POINT ( 'NONE', #1082 ) ;
#305 = ADVANCED_FACE ( 'NONE', ( #3590 ), #4626, .T. ) ;
#306 = CARTESIAN_POINT ( 'NONE',  ( 8.000000000000001776, -0.9285037628614997152, 25.48208943086009270 ) ) ;
#307 = DIRECTION ( 'NONE',  ( 0.000000000000000000, 0.9009688679024172586, 0.4338837391175620062 ) ) ;
#308 = EDGE_LOOP ( 'NONE', ( #459, #2461, #1134, #2036 ) ) ;
#309 = EDGE_CURVE ( 'NONE', #2510, #2160, #3645, .T. ) ;
#310 = CARTESIAN_POINT ( 'NONE',  ( 0.000000000000000000, 0.000000000000000000, 0.000000000000000000 ) ) ;
#311 = DIRECTION ( 'NONE',  ( 0.000000000000000000, 0.9749279121818227312, 0.2225209339563181954 ) ) ;
#312 = CARTESIAN_POINT ( 'NONE',  ( 8.000000000000001776, -25.71224702882846103, 15.45575468000517638 ) ) ;
#313 = ORIENTED_EDGE ( 'NONE', *, *, #134, .F. ) ;
#314 = DIRECTION ( 'NONE',  ( 0.000000000000000000, 0.000000000000000000, 1.000000000000000000 ) ) ;
#315 = DIRECTION ( 'NONE',  ( -1.000000000000000000, 0.000000000000000000, 0.000000000000000000 ) ) ;
#316 = DIRECTION ( 'NONE',  ( 0.000000000000000000, 0.000000000000000000, 1.000000000000000000 ) ) ;
#317 = EDGE_LOOP ( 'NONE', ( #2755, #1521, #4656, #2429 ) ) ;
#318 = ORIENTED_EDGE ( 'NONE', *, *, #447, .F. ) ;
#319 = ORIENTED_EDGE ( 'NONE', *, *, #2737, .T. ) ;
#320 = ORIENTED_EDGE ( 'NONE', *, *, #1045, .T. ) ;
#321 = CYLINDRICAL_SURFACE ( 'NONE', #2077, 11.20000000000000107 ) ;
#322 = CIRCLE ( 'NONE', #393, 30.00000000000000000 ) ;
#323 = DIRECTION ( 'NONE',  ( -1.000000000000000000, 0.000000000000000000, 0.000000000000000000 ) ) ;
#324 = ADVANCED_FACE ( 'NONE', ( #1849 ), #2506, .T. ) ;
#325 = VERTEX_POINT ( 'NONE', #2585 ) ;
#326 = ORIENTED_EDGE ( 'NONE', *, *, #2647, .T. ) ;
#327 = DIRECTION ( 'NONE',  ( 0.000000000000000000, 0.6234898018587347046, -0.7818314824680289155 ) ) ;
#328 = LINE ( 'NONE', #1425, #515 ) ;
#329 = ORIENTED_EDGE ( 'NONE', *, *, #105, .T. ) ;
#330 = EDGE_CURVE ( 'NONE', #1420, #3099, #261, .T. ) ;
#331 = ORIENTED_EDGE ( 'NONE', *, *, #3421, .F. ) ;
#332 = ORIENTED_EDGE ( 'NONE', *, *, #774, .F. ) ;
#333 = CIRCLE ( 'NONE', #3563, 11.19999999999999929 ) ;
#334 = DIRECTION ( 'NONE',  ( -1.000000000000000000, 0.000000000000000000, 0.000000000000000000 ) ) ;
#335 = DIRECTION ( 'NONE',  ( -1.000000000000000000, -0.000000000000000000, -0.000000000000000000 ) ) ;
#336 = DIRECTION ( 'NONE',  ( -1.000000000000000000, 0.000000000000000000, 0.000000000000000000 ) ) ;
#337 = EDGE_CURVE ( 'NONE', #2411, #4238, #3934, .T. ) ;
#338 = EDGE_LOOP ( 'NONE', ( #2608, #2406, #2929, #1292 ) ) ;
#339 = CARTESIAN_POINT ( 'NONE',  ( 8.000000000000001776, -4.765074104333969274, 25.04981177135280390 ) ) ;
#340 = DIRECTION ( 'NONE',  ( -1.000000000000000000, 0.000000000000000000, 0.000000000000000000 ) ) ;
#341 = LINE ( 'NONE', #3147, #2894 ) ;
#342 = ORIENTED_EDGE ( 'NONE', *, *, #4364, .F. ) ;
#343 = VERTEX_POINT ( 'NONE', #2190 ) ;
#344 = EDGE_LOOP ( 'NONE', ( #4057, #536, #4662, #3282 ) ) ;
#345 = VECTOR ( 'NONE', #1636, 1000.000000000000000 ) ;
#346 = EDGE_CURVE ( 'NONE', #513, #3067, #3253, .T. ) ;
#347 = ORIENTED_EDGE ( 'NONE', *, *, #2518, .F. ) ;
#348 = DIRECTION ( 'NONE',  ( -1.000000000000000000, -0.000000000000000000, -0.000000000000000000 ) ) ;
#349 = CARTESIAN_POINT ( 'NONE',  ( 6.000000000000000000, 4.298047490250544427E-14, 10.99999999999987921 ) ) ;
#350 = AXIS2_PLACEMENT_3D ( 'NONE', #4619, #1466, #1403 ) ;
#351 = CIRCLE ( 'NONE', #1710, 30.00000000000000000 ) ;
#352 = DIRECTION ( 'NONE',  ( -1.000000000000000000, 0.000000000000000000, 0.000000000000000000 ) ) ;
#353 = CARTESIAN_POINT ( 'NONE',  ( 0.000000000000000000, 0.000000000000000000, -2.500000000000000000 ) ) ;
#354 = CIRCLE ( 'NONE', #962, 1.599999999999999867 ) ;
#355 = APPLICATION_PROTOCOL_DEFINITION ( 'draft international standard', 'automotive_design', 1998, #632 ) ;
#356 = ORIENTED_EDGE ( 'NONE', *, *, #2274, .F. ) ;
#357 = CIRCLE ( 'NONE', #2988, 11.19999999999999751 ) ;
#358 = DIRECTION ( 'NONE',  ( 1.000000000000000000, 0.000000000000000000, 0.000000000000000000 ) ) ;
#359 = DIRECTION ( 'NONE',  ( 0.000000000000000000, 0.000000000000000000, -1.000000000000000000 ) ) ;
#360 = DIRECTION ( 'NONE',  ( -1.000000000000000000, 0.000000000000000000, -0.000000000000000000 ) ) ;
#361 = CIRCLE ( 'NONE', #3912, 11.20000000000000107 ) ;
#362 = CIRCLE ( 'NONE', #2858, 25.49899999999999523 ) ;
#363 = DIRECTION ( 'NONE',  ( 0.000000000000000000, 0.000000000000000000, 1.000000000000000000 ) ) ;
#364 = DIRECTION ( 'NONE',  ( 0.000000000000000000, -0.9749279121818257288, 0.2225209339563049560 ) ) ;
#365 = CIRCLE ( 'NONE', #2560, 30.00000000000000000 ) ;
#366 = LINE ( 'NONE', #1764, #4189 ) ;
#367 = ORIENTED_EDGE ( 'NONE', *, *, #1421, .T. ) ;
#368 = ORIENTED_EDGE ( 'NONE', *, *, #2319, .T. ) ;
#369 = AXIS2_PLACEMENT_3D ( 'NONE', #259, #289, #3188 ) ;
#370 = AXIS2_PLACEMENT_3D ( 'NONE', #1114, #2924, #4639 ) ;
#371 = CARTESIAN_POINT ( 'NONE',  ( 8.000000000000001776, 0.000000000000000000, 0.000000000000000000 ) ) ;
#372 = ORIENTED_EDGE ( 'NONE', *, *, #390, .T. ) ;
#373 = AXIS2_PLACEMENT_3D ( 'NONE', #3864, #971, #998 ) ;
#374 = CYLINDRICAL_SURFACE ( 'NONE', #278, 25.49899999999999523 ) ;
#375 = FACE_OUTER_BOUND ( 'NONE', #1557, .T. ) ;
#376 = CARTESIAN_POINT ( 'NONE',  ( 8.000000000000001776, 0.000000000000000000, 0.000000000000000000 ) ) ;
#377 = DIRECTION ( 'NONE',  ( -1.000000000000000000, -0.000000000000000000, -0.000000000000000000 ) ) ;
#378 = ADVANCED_FACE ( 'NONE', ( #1899 ), #3754, .T. ) ;
#379 = DIRECTION ( 'NONE',  ( -1.000000000000000000, 0.000000000000000000, -0.000000000000000000 ) ) ;
#380 = DIRECTION ( 'NONE',  ( -1.000000000000000000, 0.000000000000000000, 0.000000000000000000 ) ) ;
#381 = DIRECTION ( 'NONE',  ( 0.000000000000000000, 0.000000000000000000, -1.000000000000000000 ) ) ;
#382 = DIRECTION ( 'NONE',  ( 0.000000000000000000, 0.000000000000000000, 1.000000000000000000 ) ) ;
#383 = VERTEX_POINT ( 'NONE', #3725 ) ;
#384 = ORIENTED_EDGE ( 'NONE', *, *, #1600, .T. ) ;
#385 = CARTESIAN_POINT ( 'NONE',  ( 8.000000000000001776, 0.000000000000000000, 0.000000000000000000 ) ) ;
#386 = PRODUCT ( 'ARP-0072', 'ARP-0072', '', ( #2578 ) ) ;
#387 = PRESENTATION_STYLE_ASSIGNMENT (( #3619 ) ) ;
#388 = EDGE_LOOP ( 'NONE', ( #2784, #1834, #442, #4335 ) ) ;
#389 = VERTEX_POINT ( 'NONE', #3777 ) ;
#390 = EDGE_CURVE ( 'NONE', #3174, #2363, #2017, .T. ) ;
#391 = FACE_OUTER_BOUND ( 'NONE', #1243, .T. ) ;
#392 = CARTESIAN_POINT ( 'NONE',  ( -10.00000000000000000, 0.000000000000000000, 0.000000000000000000 ) ) ;
#393 = AXIS2_PLACEMENT_3D ( 'NONE', #2804, #4236, #1014 ) ;
#394 = AXIS2_PLACEMENT_3D ( 'NONE', #3365, #4160, #1151 ) ;
#395 = DIRECTION ( 'NONE',  ( 0.000000000000000000, 1.000000000000000000, 3.491481338843133355E-15 ) ) ;
#396 = DIRECTION ( 'NONE',  ( -1.000000000000000000, 0.000000000000000000, -0.000000000000000000 ) ) ;
#397 = FACE_OUTER_BOUND ( 'NONE', #1692, .T. ) ;
#398 = CIRCLE ( 'NONE', #473, 25.49899999999999523 ) ;
#399 = EDGE_CURVE ( 'NONE', #1300, #3431, #1537, .T. ) ;
#400 = DIRECTION ( 'NONE',  ( -1.000000000000000000, 0.000000000000000000, -0.000000000000000000 ) ) ;
#401 = DIRECTION ( 'NONE',  ( 0.000000000000000000, 0.000000000000000000, 1.000000000000000000 ) ) ;
#402 = AXIS2_PLACEMENT_3D ( 'NONE', #4079, #3741, #849 ) ;
#403 = DIRECTION ( 'NONE',  ( 1.000000000000000000, 0.000000000000000000, 0.000000000000000000 ) ) ;
#404 = EDGE_LOOP ( 'NONE', ( #256, #3686, #3601, #674 ) ) ;
#405 = ORIENTED_EDGE ( 'NONE', *, *, #2677, .F. ) ;
#406 = ORIENTED_EDGE ( 'NONE', *, *, #4364, .T. ) ;
#407 = ORIENTED_EDGE ( 'NONE', *, *, #309, .T. ) ;
#408 = CYLINDRICAL_SURFACE ( 'NONE', #4032, 1.600000000000000311 ) ;
#409 = CARTESIAN_POINT ( 'NONE',  ( 8.000000000000001776, -26.30485368663591927, 0.5865956258977993443 ) ) ;
#410 = EDGE_CURVE ( 'NONE', #59, #4535, #572, .T. ) ;
#411 = AXIS2_PLACEMENT_3D ( 'NONE', #1040, #1013, #1665 ) ;
#412 = ORIENTED_EDGE ( 'NONE', *, *, #858, .F. ) ;
#413 = ORIENTED_EDGE ( 'NONE', *, *, #3733, .T. ) ;
#414 = AXIS2_PLACEMENT_3D ( 'NONE', #815, #4431, #1213 ) ;
#415 = AXIS2_PLACEMENT_3D ( 'NONE', #450, #3404, #836 ) ;
#416 = AXIS2_PLACEMENT_3D ( 'NONE', #1817, #7, #438 ) ;
#417 = DIRECTION ( 'NONE',  ( 0.000000000000000000, -0.9749279121818212879, -0.2225209339563245792 ) ) ;
#418 = DIRECTION ( 'NONE',  ( 0.000000000000000000, 0.000000000000000000, 1.000000000000000000 ) ) ;
#419 = ADVANCED_FACE ( 'NONE', ( #548 ), #2648, .T. ) ;
#420 = ORIENTED_EDGE ( 'NONE', *, *, #1749, .F. ) ;
#421 = ORIENTED_EDGE ( 'NONE', *, *, #1294, .F. ) ;
#422 = FACE_OUTER_BOUND ( 'NONE', #3191, .T. ) ;
#423 = VECTOR ( 'NONE', #2970, 1000.000000000000000 ) ;
#424 = CARTESIAN_POINT ( 'NONE',  ( 0.000000000000000000, 25.51480627843078608, 4.774730941213854329 ) ) ;
#425 = ADVANCED_FACE ( 'NONE', ( #112, #4407, #886, #1919, #1980, #64 ), #2994, .F. ) ;
#426 = CARTESIAN_POINT ( 'NONE',  ( -22.00000000000001421, 2.000000000000000000, 1.500000000000000222 ) ) ;
#427 = EDGE_CURVE ( 'NONE', #325, #3595, #4088, .T. ) ;
#428 = CARTESIAN_POINT ( 'NONE',  ( 8.000000000000001776, 6.575522574292687494, 24.63658872236509723 ) ) ;
#429 = FACE_OUTER_BOUND ( 'NONE', #3104, .T. ) ;
#430 = CIRCLE ( 'NONE', #508, 25.49899999999999167 ) ;
#431 = EDGE_LOOP ( 'NONE', ( #1320, #249, #1925, #3208 ) ) ;
#432 = PRODUCT_DEFINITION ( 'NON CONOSCIUTO', '', #1803, #2847 ) ;
#433 = ORIENTED_EDGE ( 'NONE', *, *, #276, .F. ) ;
#434 = EDGE_LOOP ( 'NONE', ( #1387, #638, #3379, #2612, #579, #3569, #2699, #2066, #46, #9, #1415, #4554, #1641, #4417, #1818, #4526, #2760, #4401, #3548, #2607, #3696, #1548, #1766, #703, #3986, #8, #709, #332, #4517, #2012, #2748, #1771, #2219, #1936, #3660, #1791, #2327, #1106, #1170, #2419, #1833, #3764, #1005, #2498, #2265, #1943, #1744, #4459, #3651, #2218, #1021, #3492, #331, #4327, #4260, #1069, #1317, #2166, #1927, #3951, #2756, #3933, #246, #4389, #3840, #898, #3256, #1359, #4034, #4271, #938, #3347, #2753, #3763, #1717, #3024, #2757, #421, #3283, #2224, #116, #578, #3454, #4466, #3730, #433, #3927, #1620, #170, #2241, #637, #3359, #92, #4464, #2311, #1725, #3862, #2575, #1444, #2597, #3661, #871, #2297, #313, #4270, #3049, #3472, #4169, #4001, #1350, #928, #2132, #4119, #1934, #1756, #2816, #1553 ) ) ;
#435 = VECTOR ( 'NONE', #2146, 1000.000000000000000 ) ;
#436 = CARTESIAN_POINT ( 'NONE',  ( 10.00000000000000000, 8.000000000000000000, 0.000000000000000000 ) ) ;
#437 = AXIS2_PLACEMENT_3D ( 'NONE', #2623, #2278, #469 ) ;
#438 = DIRECTION ( 'NONE',  ( 0.000000000000000000, 0.000000000000000000, 1.000000000000000000 ) ) ;
#439 = ORIENTED_EDGE ( 'NONE', *, *, #1105, .F. ) ;
#441 = VERTEX_POINT ( 'NONE', #2700 ) ;
#440 = EDGE_CURVE ( 'NONE', #3476, #3271, #1952, .T. ) ;
#442 = ORIENTED_EDGE ( 'NONE', *, *, #284, .F. ) ;
#443 = DIRECTION ( 'NONE',  ( -1.000000000000000000, -0.000000000000000000, 0.000000000000000000 ) ) ;
#444 = CARTESIAN_POINT ( 'NONE',  ( 0.000000000000000000, 9.346733418401605320, 28.50681627971342280 ) ) ;
#445 = VERTEX_POINT ( 'NONE', #470 ) ;
#446 = CIRCLE ( 'NONE', #4292, 25.49899999999999167 ) ;
#447 = EDGE_CURVE ( 'NONE', #1568, #3803, #3418, .T. ) ;
#448 = EDGE_LOOP ( 'NONE', ( #4165, #2642, #4338, #1132 ) ) ;
#449 = LINE ( 'NONE', #2991, #3734 ) ;
#450 = CARTESIAN_POINT ( 'NONE',  ( 8.000000000000001776, 0.000000000000000000, 0.000000000000000000 ) ) ;
#451 = DIRECTION ( 'NONE',  ( 0.000000000000000000, 0.9009688679024201452, -0.4338837391175560110 ) ) ;
#452 = EDGE_CURVE ( 'NONE', #4197, #2484, #2603, .T. ) ;
#453 = CARTESIAN_POINT ( 'NONE',  ( 4.000000000000000000, -9.346733418401802496, 28.50681627971336241 ) ) ;
#454 = CYLINDRICAL_SURFACE ( 'NONE', #3294, 25.49899999999999523 ) ;
#455 = ORIENTED_EDGE ( 'NONE', *, *, #1985, .T. ) ;
#456 = ORIENTED_EDGE ( 'NONE', *, *, #4418, .T. ) ;
#457 = DIRECTION ( 'NONE',  ( 0.000000000000000000, 0.000000000000000000, 1.000000000000000000 ) ) ;
#458 = CARTESIAN_POINT ( 'NONE',  ( 8.000000000000001776, 0.000000000000000000, 0.000000000000000000 ) ) ;
#459 = ORIENTED_EDGE ( 'NONE', *, *, #1633, .T. ) ;
#460 = VERTEX_POINT ( 'NONE', #4047 ) ;
#461 = VERTEX_POINT ( 'NONE', #3340 ) ;
#462 = EDGE_CURVE ( 'NONE', #1342, #559, #4482, .T. ) ;
#463 = CYLINDRICAL_SURFACE ( 'NONE', #2330, 11.19999999999999751 ) ;
#464 = CYLINDRICAL_SURFACE ( 'NONE', #822, 11.19999999999999929 ) ;
#465 = ORIENTED_EDGE ( 'NONE', *, *, #3252, .F. ) ;
#466 = DIRECTION ( 'NONE',  ( -1.000000000000000000, -0.000000000000000000, -0.000000000000000000 ) ) ;
#467 = DIRECTION ( 'NONE',  ( 1.000000000000000000, 0.000000000000000000, 0.000000000000000000 ) ) ;
#468 = EDGE_CURVE ( 'NONE', #304, #75, #3388, .T. ) ;
#469 = DIRECTION ( 'NONE',  ( 0.000000000000000000, 0.000000000000000000, -1.000000000000000000 ) ) ;
#470 = CARTESIAN_POINT ( 'NONE',  ( 0.000000000000000000, -8.000000000000000000, -1.600000000000000089 ) ) ;
#471 = DIRECTION ( 'NONE',  ( -1.000000000000000000, -0.000000000000000000, 0.000000000000000000 ) ) ;
#472 = EDGE_CURVE ( 'NONE', #4387, #3731, #2306, .T. ) ;
#473 = AXIS2_PLACEMENT_3D ( 'NONE', #913, #1540, #503 ) ;
#474 = FACE_OUTER_BOUND ( 'NONE', #4120, .T. ) ;
#475 = ORIENTED_EDGE ( 'NONE', *, *, #1801, .T. ) ;
#476 = VERTEX_POINT ( 'NONE', #3039 ) ;
#477 = ORIENTED_EDGE ( 'NONE', *, *, #1288, .T. ) ;
#478 = CARTESIAN_POINT ( 'NONE',  ( 0.000000000000000000, 8.000000000000000000, 0.000000000000000000 ) ) ;
#479 = DIRECTION ( 'NONE',  ( -1.000000000000000000, -0.000000000000000000, -0.000000000000000000 ) ) ;
#480 = CIRCLE ( 'NONE', #3113, 25.49899999999999523 ) ;
#481 = ORIENTED_EDGE ( 'NONE', *, *, #33, .F. ) ;
#482 = ORIENTED_EDGE ( 'NONE', *, *, #2505, .T. ) ;
#483 = EDGE_CURVE ( 'NONE', #2309, #3629, #3204, .T. ) ;
#484 = EDGE_LOOP ( 'NONE', ( #2829, #3823, #1182, #2310 ) ) ;
#485 = DIRECTION ( 'NONE',  ( 1.000000000000000000, -0.000000000000000000, -0.000000000000000000 ) ) ;
#486 = DIRECTION ( 'NONE',  ( 1.000000000000000000, -0.000000000000000000, -0.000000000000000000 ) ) ;
#487 = CIRCLE ( 'NONE', #1850, 11.19999999999999751 ) ;
#488 = DIRECTION ( 'NONE',  ( 0.000000000000000000, 1.000000000000000000, 3.491481338843133355E-15 ) ) ;
#489 = ORIENTED_EDGE ( 'NONE', *, *, #3244, .T. ) ;
#490 = ADVANCED_FACE ( 'NONE', ( #1608 ), #4481, .F. ) ;
#491 = AXIS2_PLACEMENT_3D ( 'NONE', #4598, #2773, #2723 ) ;
#492 = AXIS2_PLACEMENT_3D ( 'NONE', #2765, #3870, #3479 ) ;
#493 = ORIENTED_EDGE ( 'NONE', *, *, #603, .T. ) ;
#494 = CARTESIAN_POINT ( 'NONE',  ( 8.000000000000001776, -24.63658872236511499, 6.575522574292599565 ) ) ;
#495 = CARTESIAN_POINT ( 'NONE',  ( 4.000000000000000000, 29.73914963514679144, 3.947528211216258409 ) ) ;
#496 = AXIS2_PLACEMENT_3D ( 'NONE', #4002, #1757, #3930 ) ;
#497 = LINE ( 'NONE', #2211, #705 ) ;
#498 = CARTESIAN_POINT ( 'NONE',  ( 0.000000000000000000, 15.16188941679865998, -20.50161238324362500 ) ) ;
#499 = CIRCLE ( 'NONE', #730, 30.00000000000000000 ) ;
#500 = DIRECTION ( 'NONE',  ( -1.000000000000000000, -0.000000000000000000, 0.000000000000000000 ) ) ;
#501 = LINE ( 'NONE', #1190, #210 ) ;
#502 = AXIS2_PLACEMENT_3D ( 'NONE', #3846, #180, #3458 ) ;
#503 = DIRECTION ( 'NONE',  ( 0.000000000000000000, -0.4338837391175651703, 0.9009688679024157043 ) ) ;
#504 = ORIENTED_EDGE ( 'NONE', *, *, #1421, .F. ) ;
#505 = EDGE_LOOP ( 'NONE', ( #2712, #3426, #4074, #1202 ) ) ;
#506 = ADVANCED_FACE ( 'NONE', ( #930 ), #258, .T. ) ;
#507 = CARTESIAN_POINT ( 'NONE',  ( 0.000000000000000000, 23.36143195072524392, 10.21971125872122599 ) ) ;
#508 = AXIS2_PLACEMENT_3D ( 'NONE', #4016, #55, #805 ) ;
#509 = AXIS2_PLACEMENT_3D ( 'NONE', #4225, #1025, #1003 ) ;
#510 = DIRECTION ( 'NONE',  ( 0.000000000000000000, 0.000000000000000000, 1.000000000000000000 ) ) ;
#511 = ORIENTED_EDGE ( 'NONE', *, *, #4062, .F. ) ;
#512 = ORIENTED_EDGE ( 'NONE', *, *, #1809, .T. ) ;
#513 = VERTEX_POINT ( 'NONE', #2046 ) ;
#514 = CIRCLE ( 'NONE', #126, 11.19999999999999929 ) ;
#515 = VECTOR ( 'NONE', #1142, 1000.000000000000000 ) ;
#516 = EDGE_CURVE ( 'NONE', #3674, #2464, #1780, .T. ) ;
#517 = CARTESIAN_POINT ( 'NONE',  ( 8.000000000000001776, -2.769027914639652366, 29.87193472823523521 ) ) ;
#518 = DIRECTION ( 'NONE',  ( 0.000000000000000000, 0.000000000000000000, 1.000000000000000000 ) ) ;
#519 = AXIS2_PLACEMENT_3D ( 'NONE', #189, #1900, #161 ) ;
#520 = CARTESIAN_POINT ( 'NONE',  ( 8.000000000000001776, 16.85942694080891258, -20.20022636336465283 ) ) ;
#521 = AXIS2_PLACEMENT_3D ( 'NONE', #3532, #1006, #3904 ) ;
#522 = AXIS2_PLACEMENT_3D ( 'NONE', #2474, #2068, #3908 ) ;
#523 = CARTESIAN_POINT ( 'NONE',  ( 0.000000000000000000, 24.63658872236507236, 6.575522574292770983 ) ) ;
#524 = CYLINDRICAL_SURFACE ( 'NONE', #1781, 11.19999999999999929 ) ;
#525 = DIRECTION ( 'NONE',  ( 1.000000000000000000, 0.000000000000000000, 0.000000000000000000 ) ) ;
#526 = CARTESIAN_POINT ( 'NONE',  ( 8.000000000000001776, 20.93169914448949243, 15.94218908519855837 ) ) ;
#527 = DIRECTION ( 'NONE',  ( 0.000000000000000000, 0.000000000000000000, 1.000000000000000000 ) ) ;
#528 = DIRECTION ( 'NONE',  ( 0.000000000000000000, 0.000000000000000000, 1.000000000000000000 ) ) ;
#529 = EDGE_CURVE ( 'NONE', #1062, #2714, #2316, .T. ) ;
#530 = CARTESIAN_POINT ( 'NONE',  ( 4.000000000000000888, -15.45575468000544284, 25.71224702882829405 ) ) ;
#531 = VERTEX_POINT ( 'NONE', #1032 ) ;
#532 = ORIENTED_EDGE ( 'NONE', *, *, #468, .T. ) ;
#533 = DIRECTION ( 'NONE',  ( 0.000000000000000000, 0.6234898018587347046, -0.7818314824680289155 ) ) ;
#534 = FACE_OUTER_BOUND ( 'NONE', #344, .T. ) ;
#535 = ORIENTED_EDGE ( 'NONE', *, *, #3575, .F. ) ;
#536 = ORIENTED_EDGE ( 'NONE', *, *, #3059, .T. ) ;
#537 = ADVANCED_FACE ( 'NONE', ( #1681 ), #2067, .T. ) ;
#538 = ORIENTED_EDGE ( 'NONE', *, *, #2404, .T. ) ;
#539 = CARTESIAN_POINT ( 'NONE',  ( 8.000000000000001776, -22.55570658189509459, -11.89281722685814557 ) ) ;
#540 = CARTESIAN_POINT ( 'NONE',  ( 8.000000000000001776, 15.94218908519848199, 20.93169914448953861 ) ) ;
#541 = CARTESIAN_POINT ( 'NONE',  ( 8.000000000000001776, 25.77586589148987528, -5.281492161082373293 ) ) ;
#542 = EDGE_CURVE ( 'NONE', #2822, #4560, #4211, .T. ) ;
#543 = CARTESIAN_POINT ( 'NONE',  ( 8.000000000000001776, 25.48208943086009626, -0.9285037628614137839 ) ) ;
#544 = CARTESIAN_POINT ( 'NONE',  ( 8.000000000000001776, 0.000000000000000000, 0.000000000000000000 ) ) ;
#545 = CARTESIAN_POINT ( 'NONE',  ( 10.00000000000000000, 0.000000000000000000, -8.000000000000000000 ) ) ;
#546 = CARTESIAN_POINT ( 'NONE',  ( 0.000000000000000000, -25.08127967860437835, 16.45993346534628543 ) ) ;
#547 = EDGE_CURVE ( 'NONE', #531, #3674, #288, .T. ) ;
#548 = FACE_OUTER_BOUND ( 'NONE', #619, .T. ) ;
#549 = DIRECTION ( 'NONE',  ( 0.000000000000000000, 0.000000000000000000, 1.000000000000000000 ) ) ;
#550 = CARTESIAN_POINT ( 'NONE',  ( 6.000000000000000000, 4.298047490250544427E-14, 10.99999999999987921 ) ) ;
#551 = ORIENTED_EDGE ( 'NONE', *, *, #3924, .T. ) ;
#552 = EDGE_LOOP ( 'NONE', ( #1881, #1242, #2979, #1523 ) ) ;
#553 = EDGE_CURVE ( 'NONE', #1018, #1158, #877, .T. ) ;
#554 = DIRECTION ( 'NONE',  ( 0.000000000000000000, -0.7818314824680351327, 0.6234898018587268220 ) ) ;
#555 = DIRECTION ( 'NONE',  ( -1.000000000000000000, -0.000000000000000000, 0.000000000000000000 ) ) ;
#556 = ORIENTED_EDGE ( 'NONE', *, *, #253, .F. ) ;
#557 = ORIENTED_EDGE ( 'NONE', *, *, #3550, .T. ) ;
#558 = EDGE_LOOP ( 'NONE', ( #4339, #4395, #2808, #191 ) ) ;
#559 = VERTEX_POINT ( 'NONE', #2472 ) ;
#560 = AXIS2_PLACEMENT_3D ( 'NONE', #2873, #3222, #6 ) ;
#561 = DIRECTION ( 'NONE',  ( 1.000000000000000000, 0.000000000000000000, 0.000000000000000000 ) ) ;
#562 = EDGE_CURVE ( 'NONE', #1988, #3958, #1034, .T. ) ;
#563 = DIRECTION ( 'NONE',  ( 0.000000000000000000, 0.000000000000000000, 1.000000000000000000 ) ) ;
#564 = CIRCLE ( 'NONE', #2225, 25.49899999999999523 ) ;
#565 = DIRECTION ( 'NONE',  ( -1.000000000000000000, 0.000000000000000000, 0.000000000000000000 ) ) ;
#566 = AXIS2_PLACEMENT_3D ( 'NONE', #2006, #2286, #3393 ) ;
#567 = AXIS2_PLACEMENT_3D ( 'NONE', #627, #265, #2451 ) ;
#568 = ADVANCED_FACE ( 'NONE', ( #3799 ), #1706, .T. ) ;
#569 = CARTESIAN_POINT ( 'NONE',  ( 0.000000000000000000, 2.769027914639440979, 29.87193472823524942 ) ) ;
#570 = CARTESIAN_POINT ( 'NONE',  ( 6.000000000000000000, -8.000000000000000000, 0.000000000000000000 ) ) ;
#571 = LINE ( 'NONE', #1704, #2594 ) ;
#572 = CIRCLE ( 'NONE', #4194, 11.19999999999999929 ) ;
#573 = DIRECTION ( 'NONE',  ( -1.000000000000000000, -0.000000000000000000, -0.000000000000000000 ) ) ;
#574 = DIRECTION ( 'NONE',  ( 1.000000000000000000, 0.000000000000000000, 0.000000000000000000 ) ) ;
#575 = CARTESIAN_POINT ( 'NONE',  ( 8.000000000000001776, 11.94175267147995889, -23.44533994287237988 ) ) ;
#576 = EDGE_CURVE ( 'NONE', #3759, #1511, #3341, .T. ) ;
#577 = FACE_OUTER_BOUND ( 'NONE', #4018, .T. ) ;
#578 = ORIENTED_EDGE ( 'NONE', *, *, #3550, .F. ) ;
#579 = ORIENTED_EDGE ( 'NONE', *, *, #2493, .F. ) ;
#580 = CIRCLE ( 'NONE', #3583, 11.20000000000000107 ) ;
#581 = CARTESIAN_POINT ( 'NONE',  ( 8.000000000000001776, 0.000000000000000000, 0.000000000000000000 ) ) ;
#582 = DIRECTION ( 'NONE',  ( 0.000000000000000000, 0.000000000000000000, 1.000000000000000000 ) ) ;
#583 = ORIENTED_EDGE ( 'NONE', *, *, #3989, .T. ) ;
#584 = ORIENTED_EDGE ( 'NONE', *, *, #2795, .F. ) ;
#585 = ORIENTED_EDGE ( 'NONE', *, *, #1288, .F. ) ;
#586 = VECTOR ( 'NONE', #3180, 1000.000000000000000 ) ;
#587 = ORIENTED_EDGE ( 'NONE', *, *, #2233, .T. ) ;
#588 = DIRECTION ( 'NONE',  ( 1.000000000000000000, 0.000000000000000000, 0.000000000000000000 ) ) ;
#589 = DIRECTION ( 'NONE',  ( -1.000000000000000000, -0.000000000000000000, 0.000000000000000000 ) ) ;
#590 = VERTEX_POINT ( 'NONE', #214 ) ;
#591 = EDGE_CURVE ( 'NONE', #1475, #293, #3967, .T. ) ;
#592 = CIRCLE ( 'NONE', #2778, 30.00000000000000000 ) ;
#593 = CIRCLE ( 'NONE', #978, 1.600000000000000311 ) ;
#594 = DIRECTION ( 'NONE',  ( -1.000000000000000000, 0.000000000000000000, 0.000000000000000000 ) ) ;
#595 = CIRCLE ( 'NONE', #1963, 11.19999999999999751 ) ;
#596 = FACE_OUTER_BOUND ( 'NONE', #3810, .T. ) ;
#597 = CARTESIAN_POINT ( 'NONE',  ( 8.000000000000001776, 0.000000000000000000, 0.000000000000000000 ) ) ;
#598 = CYLINDRICAL_SURFACE ( 'NONE', #2930, 11.20000000000000107 ) ;
#599 = ADVANCED_FACE ( 'NONE', ( #3138 ), #987, .T. ) ;
#600 = DIRECTION ( 'NONE',  ( -1.000000000000000000, -0.000000000000000000, -0.000000000000000000 ) ) ;
#601 = CARTESIAN_POINT ( 'NONE',  ( 8.000000000000001776, -20.93169914448959545, 15.94218908519841271 ) ) ;
#602 = DIRECTION ( 'NONE',  ( 0.000000000000000000, 0.000000000000000000, 1.000000000000000000 ) ) ;
#603 = EDGE_CURVE ( 'NONE', #1669, #3692, #4404, .T. ) ;
#604 = VERTEX_POINT ( 'NONE', #2427 ) ;
#605 = VECTOR ( 'NONE', #1768, 1000.000000000000000 ) ;
#606 = LINE ( 'NONE', #4257, #3494 ) ;
#607 = DIRECTION ( 'NONE',  ( -1.000000000000000000, 0.000000000000000000, 0.000000000000000000 ) ) ;
#608 = ORIENTED_EDGE ( 'NONE', *, *, #3685, .T. ) ;
#609 = ORIENTED_EDGE ( 'NONE', *, *, #3600, .F. ) ;
#610 = VERTEX_POINT ( 'NONE', #1735 ) ;
#611 = ADVANCED_FACE ( 'NONE', ( #1361 ), #1378, .T. ) ;
#612 = ORIENTED_EDGE ( 'NONE', *, *, #1038, .T. ) ;
#613 = CARTESIAN_POINT ( 'NONE',  ( 8.000000000000001776, -19.34378712898080011, 16.61375636358847174 ) ) ;
#614 = DIRECTION ( 'NONE',  ( 0.000000000000000000, 0.000000000000000000, -1.000000000000000000 ) ) ;
#615 = EDGE_CURVE ( 'NONE', #2797, #144, #2763, .T. ) ;
#616 = LINE ( 'NONE', #4136, #3906 ) ;
#617 = CYLINDRICAL_SURFACE ( 'NONE', #3436, 11.19999999999999929 ) ;
#618 = DIRECTION ( 'NONE',  ( 0.000000000000000000, 0.4338837391175525138, 0.9009688679024218105 ) ) ;
#619 = EDGE_LOOP ( 'NONE', ( #2291, #995, #67, #1223 ) ) ;
#620 = ORIENTED_EDGE ( 'NONE', *, *, #767, .T. ) ;
#621 = DIRECTION ( 'NONE',  ( -1.000000000000000000, -0.000000000000000000, 0.000000000000000000 ) ) ;
#622 = DIRECTION ( 'NONE',  ( 1.000000000000000000, -0.000000000000000000, -0.000000000000000000 ) ) ;
#623 = ADVANCED_FACE ( 'NONE', ( #2000 ), #3249, .T. ) ;
#624 = DIRECTION ( 'NONE',  ( -1.000000000000000000, 0.000000000000000000, 0.000000000000000000 ) ) ;
#625 = ORIENTED_EDGE ( 'NONE', *, *, #427, .F. ) ;
#626 = UNCERTAINTY_MEASURE_WITH_UNIT (LENGTH_MEASURE( 1.000000000000000082E-05 ), #3184, 'distance_accuracy_value', 'NONE');
#627 = CARTESIAN_POINT ( 'NONE',  ( 10.00000000000000000, -8.000000000000000000, 0.000000000000000000 ) ) ;
#628 = CIRCLE ( 'NONE', #162, 11.20000000000000107 ) ;
#629 = CYLINDRICAL_SURFACE ( 'NONE', #964, 11.19999999999999929 ) ;
#630 = ORIENTED_EDGE ( 'NONE', *, *, #2980, .F. ) ;
#631 = ORIENTED_EDGE ( 'NONE', *, *, #801, .F. ) ;
#632 = APPLICATION_CONTEXT ( 'automotive_design' ) ;
#633 = CIRCLE ( 'NONE', #3869, 11.19999999999999929 ) ;
#634 = ORIENTED_EDGE ( 'NONE', *, *, #2949, .T. ) ;
#635 = CARTESIAN_POINT ( 'NONE',  ( -10.00000000000000000, 0.000000000000000000, 0.000000000000000000 ) ) ;
#636 = DIRECTION ( 'NONE',  ( -1.000000000000000000, 0.000000000000000000, -0.000000000000000000 ) ) ;
#637 = ORIENTED_EDGE ( 'NONE', *, *, #1627, .F. ) ;
#638 = ORIENTED_EDGE ( 'NONE', *, *, #3124, .F. ) ;
#639 = ADVANCED_FACE ( 'NONE', ( #2520 ), #4336, .T. ) ;
#640 = ORIENTED_EDGE ( 'NONE', *, *, #1749, .T. ) ;
#641 = ORIENTED_EDGE ( 'NONE', *, *, #1762, .T. ) ;
#642 = CARTESIAN_POINT ( 'NONE',  ( 8.000000000000001776, -29.87193472823526363, 2.769027914639340171 ) ) ;
#643 = CIRCLE ( 'NONE', #3038, 25.49899999999999523 ) ;
#644 = CARTESIAN_POINT ( 'NONE',  ( 6.000000000000000000, 0.000000000000000000, -8.000000000000000000 ) ) ;
#645 = CARTESIAN_POINT ( 'NONE',  ( 8.000000000000001776, -15.16188941679823188, -20.50161238324394120 ) ) ;
#646 = DIRECTION ( 'NONE',  ( 1.000000000000000000, -0.000000000000000000, -0.000000000000000000 ) ) ;
#647 = AXIS2_PLACEMENT_3D ( 'NONE', #2314, #2634, #1962 ) ;
#648 = ORIENTED_EDGE ( 'NONE', *, *, #2087, .T. ) ;
#649 = DIRECTION ( 'NONE',  ( -1.000000000000000000, -0.000000000000000000, -0.000000000000000000 ) ) ;
#650 = DIRECTION ( 'NONE',  ( -1.000000000000000000, 0.000000000000000000, 0.000000000000000000 ) ) ;
#651 = AXIS2_PLACEMENT_3D ( 'NONE', #2525, #3560, #1878 ) ;
#652 = EDGE_CURVE ( 'NONE', #107, #1300, #1630, .T. ) ;
#653 = CARTESIAN_POINT ( 'NONE',  ( 8.000000000000001776, 0.000000000000000000, 0.000000000000000000 ) ) ;
#654 = DIRECTION ( 'NONE',  ( -1.000000000000000000, 0.000000000000000000, -0.000000000000000000 ) ) ;
#655 = CARTESIAN_POINT ( 'NONE',  ( 0.000000000000000000, 25.04981177135288206, -4.765074104333546501 ) ) ;
#656 = CARTESIAN_POINT ( 'NONE',  ( 8.000000000000001776, 28.50681627971351872, -9.346733418401319327 ) ) ;
#657 = CIRCLE ( 'NONE', #1408, 25.49899999999999523 ) ;
#658 = CIRCLE ( 'NONE', #36, 25.49899999999999167 ) ;
#659 = ADVANCED_FACE ( 'NONE', ( #694 ), #2161, .T. ) ;
#660 = ORIENTED_EDGE ( 'NONE', *, *, #2839, .T. ) ;
#661 = CYLINDRICAL_SURFACE ( 'NONE', #4543, 30.00000000000000000 ) ;
#662 = AXIS2_PLACEMENT_3D ( 'NONE', #1644, #1340, #1247 ) ;
#663 = DIRECTION ( 'NONE',  ( -1.000000000000000000, 0.000000000000000000, 0.000000000000000000 ) ) ;
#664 = ORIENTED_EDGE ( 'NONE', *, *, #233, .F. ) ;
#665 = AXIS2_PLACEMENT_3D ( 'NONE', #1002, #3159, #3793 ) ;
#666 = EDGE_CURVE ( 'NONE', #4617, #2491, #883, .T. ) ;
#667 = CYLINDRICAL_SURFACE ( 'NONE', #2028, 30.00000000000000000 ) ;
#668 = AXIS2_PLACEMENT_3D ( 'NONE', #3715, #102, #518 ) ;
#669 = CIRCLE ( 'NONE', #3910, 25.49899999999999523 ) ;
#670 = DIRECTION ( 'NONE',  ( 0.000000000000000000, 0.000000000000000000, -1.000000000000000000 ) ) ;
#671 = VERTEX_POINT ( 'NONE', #2142 ) ;
#672 = DIRECTION ( 'NONE',  ( -1.000000000000000000, -0.000000000000000000, -0.000000000000000000 ) ) ;
#673 = AXIS2_PLACEMENT_3D ( 'NONE', #2016, #4175, #2480 ) ;
#674 = ORIENTED_EDGE ( 'NONE', *, *, #1371, .T. ) ;
#675 = VECTOR ( 'NONE', #2405, 1000.000000000000000 ) ;
#676 = DIRECTION ( 'NONE',  ( -1.000000000000000000, 0.000000000000000000, 0.000000000000000000 ) ) ;
#677 = CYLINDRICAL_SURFACE ( 'NONE', #3228, 11.19999999999999929 ) ;
#678 = AXIS2_PLACEMENT_3D ( 'NONE', #2718, #2351, #2018 ) ;
#679 = DIRECTION ( 'NONE',  ( -1.000000000000000000, 0.000000000000000000, 0.000000000000000000 ) ) ;
#680 = ORIENTED_EDGE ( 'NONE', *, *, #1639, .F. ) ;
#681 = CIRCLE ( 'NONE', #1065, 11.20000000000000107 ) ;
#682 = EDGE_CURVE ( 'NONE', #800, #4309, #2688, .T. ) ;
#683 = CARTESIAN_POINT ( 'NONE',  ( 0.000000000000000000, 25.08127967860449559, -16.45993346534611135 ) ) ;
#684 = CARTESIAN_POINT ( 'NONE',  ( 8.000000000000001776, 16.85942694080864257, 20.20022636336488020 ) ) ;
#685 = CARTESIAN_POINT ( 'NONE',  ( 8.000000000000001776, 11.89281722685791998, 22.55570658189522248 ) ) ;
#686 = ORIENTED_EDGE ( 'NONE', *, *, #2395, .T. ) ;
#687 = DIRECTION ( 'NONE',  ( -1.000000000000000000, -0.000000000000000000, 0.000000000000000000 ) ) ;
#688 = LINE ( 'NONE', #349, #3805 ) ;
#689 = ADVANCED_FACE ( 'NONE', ( #4296 ), #713, .T. ) ;
#690 = ORIENTED_EDGE ( 'NONE', *, *, #1395, .T. ) ;
#691 = LINE ( 'NONE', #1819, #121 ) ;
#692 = CYLINDRICAL_SURFACE ( 'NONE', #370, 2.500000000000000000 ) ;
#693 = ORIENTED_EDGE ( 'NONE', *, *, #58, .T. ) ;
#694 = FACE_OUTER_BOUND ( 'NONE', #404, .T. ) ;
#695 = CARTESIAN_POINT ( 'NONE',  ( 0.000000000000000000, -15.16188941679823188, -20.50161238324394120 ) ) ;
#696 = CARTESIAN_POINT ( 'NONE',  ( 8.000000000000001776, 22.55570658189517985, 11.89281722685799103 ) ) ;
#697 = EDGE_CURVE ( 'NONE', #1138, #2122, #657, .T. ) ;
#698 = ORIENTED_EDGE ( 'NONE', *, *, #3151, .F. ) ;
#699 = DIRECTION ( 'NONE',  ( -1.000000000000000000, 0.000000000000000000, 0.000000000000000000 ) ) ;
#700 = FACE_OUTER_BOUND ( 'NONE', #1668, .T. ) ;
#701 = CARTESIAN_POINT ( 'NONE',  ( 5.999999999999998224, 3.061616997868383141E-16, 2.500000000000000000 ) ) ;
#702 = EDGE_LOOP ( 'NONE', ( #3669, #2185, #2471, #2771 ) ) ;
#703 = ORIENTED_EDGE ( 'NONE', *, *, #128, .F. ) ;
#704 = LINE ( 'NONE', #1109, #4323 ) ;
#705 = VECTOR ( 'NONE', #4345, 1000.000000000000000 ) ;
#706 = DIRECTION ( 'NONE',  ( -1.000000000000000000, 0.000000000000000000, 0.000000000000000000 ) ) ;
#707 = AXIS2_PLACEMENT_3D ( 'NONE', #2023, #2063, #618 ) ;
#708 = DIRECTION ( 'NONE',  ( 0.000000000000000000, 0.000000000000000000, 1.000000000000000000 ) ) ;
#709 = ORIENTED_EDGE ( 'NONE', *, *, #2214, .F. ) ;
#710 = EDGE_CURVE ( 'NONE', #4535, #3566, #3898, .T. ) ;
#711 = ORIENTED_EDGE ( 'NONE', *, *, #4252, .T. ) ;
#712 = AXIS2_PLACEMENT_3D ( 'NONE', #2380, #3758, #190 ) ;
#713 = CYLINDRICAL_SURFACE ( 'NONE', #1259, 30.00000000000000000 ) ;
#714 = DIRECTION ( 'NONE',  ( 0.000000000000000000, 0.000000000000000000, 1.000000000000000000 ) ) ;
#715 = LINE ( 'NONE', #426, #1493 ) ;
#716 = EDGE_LOOP ( 'NONE', ( #367, #4152, #1674, #3157 ) ) ;
#717 = DIRECTION ( 'NONE',  ( -1.000000000000000000, -0.000000000000000000, -0.000000000000000000 ) ) ;
#718 = EDGE_CURVE ( 'NONE', #4, #2345, #1785, .T. ) ;
#719 = DIRECTION ( 'NONE',  ( -1.000000000000000000, -0.000000000000000000, -0.000000000000000000 ) ) ;
#720 = CARTESIAN_POINT ( 'NONE',  ( 8.000000000000001776, 0.000000000000000000, 0.000000000000000000 ) ) ;
#721 = ORIENTED_EDGE ( 'NONE', *, *, #3287, .F. ) ;
#722 = VERTEX_POINT ( 'NONE', #2187 ) ;
#723 = AXIS2_PLACEMENT_3D ( 'NONE', #2625, #4069, #3701 ) ;
#724 = CIRCLE ( 'NONE', #415, 30.00000000000000000 ) ;
#725 = CARTESIAN_POINT ( 'NONE',  ( 8.000000000000001776, 15.94218908519848199, 20.93169914448953861 ) ) ;
#726 = CARTESIAN_POINT ( 'NONE',  ( 0.000000000000000000, 0.000000000000000000, 0.000000000000000000 ) ) ;
#727 = AXIS2_PLACEMENT_3D ( 'NONE', #409, #3375, #2244 ) ;
#728 = VERTEX_POINT ( 'NONE', #2581 ) ;
#729 = AXIS2_PLACEMENT_3D ( 'NONE', #811, #1513, #4475 ) ;
#730 = AXIS2_PLACEMENT_3D ( 'NONE', #3325, #4393, #1504 ) ;
#731 = EDGE_CURVE ( 'NONE', #2573, #267, #3582, .T. ) ;
#732 = CARTESIAN_POINT ( 'NONE',  ( 8.000000000000001776, 0.000000000000000000, 0.000000000000000000 ) ) ;
#733 = CARTESIAN_POINT ( 'NONE',  ( 8.000000000000001776, 0.5865956258978912707, 26.30485368663591927 ) ) ;
#734 = ORIENTED_EDGE ( 'NONE', *, *, #1446, .F. ) ;
#735 = EDGE_LOOP ( 'NONE', ( #3257, #1048, #4379, #1445 ) ) ;
#736 = AXIS2_PLACEMENT_3D ( 'NONE', #2947, #1159, #3312 ) ;
#737 = DIRECTION ( 'NONE',  ( -1.000000000000000000, 0.000000000000000000, -0.000000000000000000 ) ) ;
#738 = DIRECTION ( 'NONE',  ( 0.000000000000000000, 0.000000000000000000, 1.000000000000000000 ) ) ;
#739 = EDGE_CURVE ( 'NONE', #3677, #794, #2123, .T. ) ;
#740 = CIRCLE ( 'NONE', #4207, 11.20000000000000107 ) ;
#741 = AXIS2_PLACEMENT_3D ( 'NONE', #520, #3717, #4378 ) ;
#742 = DIRECTION ( 'NONE',  ( -1.000000000000000000, 0.000000000000000000, 0.000000000000000000 ) ) ;
#743 = AXIS2_PLACEMENT_3D ( 'NONE', #4298, #360, #3236 ) ;
#744 = CARTESIAN_POINT ( 'NONE',  ( 0.000000000000000000, 1.959434878635764244E-16, -9.600000000000001421 ) ) ;
#745 = DIRECTION ( 'NONE',  ( -1.000000000000000000, -0.000000000000000000, 0.000000000000000000 ) ) ;
#746 = AXIS2_PLACEMENT_3D ( 'NONE', #2373, #3795, #4523 ) ;
#747 = AXIS2_PLACEMENT_3D ( 'NONE', #983, #672, #3849 ) ;
#748 = DIRECTION ( 'NONE',  ( -1.000000000000000000, -0.000000000000000000, 0.000000000000000000 ) ) ;
#749 = EDGE_CURVE ( 'NONE', #165, #4597, #1634, .T. ) ;
#750 = ORIENTED_EDGE ( 'NONE', *, *, #71, .F. ) ;
#751 = ORIENTED_EDGE ( 'NONE', *, *, #337, .T. ) ;
#752 = VECTOR ( 'NONE', #4665, 1000.000000000000000 ) ;
#753 = DIRECTION ( 'NONE',  ( 1.000000000000000000, 0.000000000000000000, -0.000000000000000000 ) ) ;
#754 = CIRCLE ( 'NONE', #3524, 11.20000000000000284 ) ;
#755 = DIRECTION ( 'NONE',  ( 0.000000000000000000, 1.000000000000000000, 3.491481338843133355E-15 ) ) ;
#756 = ORIENTED_EDGE ( 'NONE', *, *, #2436, .T. ) ;
#757 = ORIENTED_EDGE ( 'NONE', *, *, #1519, .F. ) ;
#758 = ADVANCED_FACE ( 'NONE', ( #1824 ), #3187, .T. ) ;
#759 = VECTOR ( 'NONE', #589, 1000.000000000000000 ) ;
#760 = LINE ( 'NONE', #2202, #586 ) ;
#761 = LINE ( 'NONE', #4017, #752 ) ;
#762 = EDGE_CURVE ( 'NONE', #2989, #4641, #4562, .T. ) ;
#763 = VERTEX_POINT ( 'NONE', #4315 ) ;
#764 = CARTESIAN_POINT ( 'NONE',  ( 0.000000000000000000, -16.85942694080878113, 20.20022636336476296 ) ) ;
#765 = DIRECTION ( 'NONE',  ( -1.000000000000000000, 0.000000000000000000, 0.000000000000000000 ) ) ;
#766 = CARTESIAN_POINT ( 'NONE',  ( 8.000000000000001776, -16.61375636358866359, 19.34378712898063668 ) ) ;
#767 = EDGE_CURVE ( 'NONE', #4641, #1542, #3506, .T. ) ;
#768 = CARTESIAN_POINT ( 'NONE',  ( 6.000000000000000000, 4.163336342344337027E-14, 1.387778780781445676E-14 ) ) ;
#769 = DIRECTION ( 'NONE',  ( -1.000000000000000000, 0.000000000000000000, -0.000000000000000000 ) ) ;
#770 = CARTESIAN_POINT ( 'NONE',  ( 8.000000000000001776, 25.71224702882835089, 15.45575468000535935 ) ) ;
#771 = ORIENTED_EDGE ( 'NONE', *, *, #1395, .F. ) ;
#772 = ORIENTED_EDGE ( 'NONE', *, *, #3586, .T. ) ;
#773 = ORIENTED_EDGE ( 'NONE', *, *, #2214, .T. ) ;
#774 = EDGE_CURVE ( 'NONE', #1085, #899, #960, .T. ) ;
#775 = FACE_OUTER_BOUND ( 'NONE', #3861, .T. ) ;
#776 = CARTESIAN_POINT ( 'NONE',  ( 0.000000000000000000, 0.000000000000000000, 0.000000000000000000 ) ) ;
#777 = ORIENTED_EDGE ( 'NONE', *, *, #2848, .T. ) ;
#778 = CARTESIAN_POINT ( 'NONE',  ( 8.000000000000001776, 0.000000000000000000, 0.000000000000000000 ) ) ;
#779 = CARTESIAN_POINT ( 'NONE',  ( 8.000000000000001776, -4.765074104333969274, 25.04981177135280390 ) ) ;
#780 = ADVANCED_FACE ( 'NONE', ( #4426 ), #2620, .T. ) ;
#781 = ORIENTED_EDGE ( 'NONE', *, *, #1261, .T. ) ;
#782 = DIRECTION ( 'NONE',  ( -1.000000000000000000, -0.000000000000000000, 0.000000000000000000 ) ) ;
#783 = FACE_OUTER_BOUND ( 'NONE', #264, .T. ) ;
#784 = DIRECTION ( 'NONE',  ( 0.000000000000000000, -0.6234898018587239354, -0.7818314824680374642 ) ) ;
#785 = AXIS2_PLACEMENT_3D ( 'NONE', #725, #3990, #26 ) ;
#786 = DIRECTION ( 'NONE',  ( 1.000000000000000000, 0.000000000000000000, 0.000000000000000000 ) ) ;
#787 = AXIS2_PLACEMENT_3D ( 'NONE', #2320, #921, #3005 ) ;
#788 = CYLINDRICAL_SURFACE ( 'NONE', #1352, 30.00000000000000000 ) ;
#789 = ADVANCED_FACE ( 'NONE', ( #4043 ), #2644, .T. ) ;
#790 = VECTOR ( 'NONE', #1368, 1000.000000000000000 ) ;
#791 = DIRECTION ( 'NONE',  ( 0.000000000000000000, 0.000000000000000000, 1.000000000000000000 ) ) ;
#792 = ORIENTED_EDGE ( 'NONE', *, *, #3064, .F. ) ;
#793 = ORIENTED_EDGE ( 'NONE', *, *, #1122, .T. ) ;
#794 = VERTEX_POINT ( 'NONE', #3748 ) ;
#795 = VECTOR ( 'NONE', #2883, 1000.000000000000000 ) ;
#796 = CARTESIAN_POINT ( 'NONE',  ( 8.000000000000001776, 0.000000000000000000, 0.000000000000000000 ) ) ;
#797 = LINE ( 'NONE', #1220, #1481 ) ;
#798 = VECTOR ( 'NONE', #1237, 1000.000000000000000 ) ;
#799 = ORIENTED_EDGE ( 'NONE', *, *, #4541, .F. ) ;
#800 = VERTEX_POINT ( 'NONE', #523 ) ;
#801 = EDGE_CURVE ( 'NONE', #2872, #2840, #1873, .T. ) ;
#802 = VERTEX_POINT ( 'NONE', #4065 ) ;
#803 = AXIS2_PLACEMENT_3D ( 'NONE', #3907, #2817, #4250 ) ;
#804 = CIRCLE ( 'NONE', #3655, 25.49899999999999523 ) ;
#805 = DIRECTION ( 'NONE',  ( 0.000000000000000000, 0.9749279121818243965, -0.2225209339563114230 ) ) ;
#806 = CARTESIAN_POINT ( 'NONE',  ( 0.000000000000000000, 8.000000000000000000, -1.600000000000000311 ) ) ;
#807 = EDGE_CURVE ( 'NONE', #3003, #1433, #3315, .T. ) ;
#808 = ORIENTED_EDGE ( 'NONE', *, *, #666, .T. ) ;
#809 = AXIS2_PLACEMENT_3D ( 'NONE', #2903, #1489, #2841 ) ;
#810 = ORIENTED_EDGE ( 'NONE', *, *, #3808, .T. ) ;
#811 = CARTESIAN_POINT ( 'NONE',  ( 8.000000000000001776, 0.000000000000000000, 0.000000000000000000 ) ) ;
#812 = VECTOR ( 'NONE', #2396, 1000.000000000000000 ) ;
#813 = CARTESIAN_POINT ( 'NONE',  ( 6.000000000000000000, 8.000000000000000000, 0.000000000000000000 ) ) ;
#814 = CYLINDRICAL_SURFACE ( 'NONE', #4351, 25.49899999999999523 ) ;
#815 = CARTESIAN_POINT ( 'NONE',  ( 0.000000000000000000, 0.000000000000000000, 0.000000000000000000 ) ) ;
#816 = CYLINDRICAL_SURFACE ( 'NONE', #4504, 11.20000000000000107 ) ;
#817 = CIRCLE ( 'NONE', #2556, 25.49899999999999523 ) ;
#818 = EDGE_LOOP ( 'NONE', ( #1944, #4083, #1162, #4549 ) ) ;
#819 = ORIENTED_EDGE ( 'NONE', *, *, #4116, .F. ) ;
#820 = EDGE_CURVE ( 'NONE', #267, #4375, #2911, .T. ) ;
#821 = AXIS2_PLACEMENT_3D ( 'NONE', #4604, #1601, #3194 ) ;
#822 = AXIS2_PLACEMENT_3D ( 'NONE', #2691, #830, #418 ) ;
#823 = DIRECTION ( 'NONE',  ( 0.000000000000000000, 0.6234898018587294866, 0.7818314824680331343 ) ) ;
#824 = AXIS2_PLACEMENT_3D ( 'NONE', #3387, #3724, #1235 ) ;
#825 = DIRECTION ( 'NONE',  ( -1.000000000000000000, -0.000000000000000000, -0.000000000000000000 ) ) ;
#826 = ORIENTED_EDGE ( 'NONE', *, *, #1059, .T. ) ;
#827 = EDGE_LOOP ( 'NONE', ( #1050, #1505, #3158, #999 ) ) ;
#828 = EDGE_CURVE ( 'NONE', #3197, #1176, #2243, .T. ) ;
#829 = CARTESIAN_POINT ( 'NONE',  ( 6.000000000000000000, 4.163336342344337027E-14, 1.387778780781445676E-14 ) ) ;
#830 = DIRECTION ( 'NONE',  ( -1.000000000000000000, -0.000000000000000000, 0.000000000000000000 ) ) ;
#831 = VECTOR ( 'NONE', #565, 1000.000000000000000 ) ;
#832 = ORIENTED_EDGE ( 'NONE', *, *, #2418, .F. ) ;
#833 = VERTEX_POINT ( 'NONE', #1976 ) ;
#834 = EDGE_CURVE ( 'NONE', #2345, #2344, #82, .T. ) ;
#835 = LINE ( 'NONE', #2276, #1338 ) ;
#836 = DIRECTION ( 'NONE',  ( 0.000000000000000000, 0.000000000000000000, 1.000000000000000000 ) ) ;
#837 = CARTESIAN_POINT ( 'NONE',  ( 8.000000000000001776, 6.575522574292687494, 24.63658872236509723 ) ) ;
#838 = DIRECTION ( 'NONE',  ( 1.000000000000000000, -0.000000000000000000, -0.000000000000000000 ) ) ;
#839 = CYLINDRICAL_SURFACE ( 'NONE', #1060, 11.19999999999999929 ) ;
#840 = EDGE_CURVE ( 'NONE', #3690, #1055, #4020, .T. ) ;
#841 = LINE ( 'NONE', #2725, #1462 ) ;
#842 = ORIENTED_EDGE ( 'NONE', *, *, #2033, .T. ) ;
#843 = VERTEX_POINT ( 'NONE', #1231 ) ;
#844 = DIRECTION ( 'NONE',  ( -1.000000000000000000, -0.000000000000000000, -0.000000000000000000 ) ) ;
#845 = DIRECTION ( 'NONE',  ( -1.000000000000000000, 0.000000000000000000, 0.000000000000000000 ) ) ;
#846 = ADVANCED_FACE ( 'NONE', ( #422 ), #1554, .T. ) ;
#847 = ORIENTED_EDGE ( 'NONE', *, *, #1029, .T. ) ;
#848 = EDGE_LOOP ( 'NONE', ( #257, #4589, #1250, #2636 ) ) ;
#849 = DIRECTION ( 'NONE',  ( 0.000000000000000000, 0.6234898018587294866, 0.7818314824680331343 ) ) ;
#850 = CYLINDRICAL_SURFACE ( 'NONE', #2333, 2.500000000000000000 ) ;
#851 = DIRECTION ( 'NONE',  ( -1.000000000000000000, 0.000000000000000000, 0.000000000000000000 ) ) ;
#852 = ORIENTED_EDGE ( 'NONE', *, *, #1105, .T. ) ;
#853 = ORIENTED_EDGE ( 'NONE', *, *, #1228, .F. ) ;
#854 = DIRECTION ( 'NONE',  ( -1.000000000000000000, -0.000000000000000000, -0.000000000000000000 ) ) ;
#855 = VECTOR ( 'NONE', #2193, 1000.000000000000000 ) ;
#856 = CARTESIAN_POINT ( 'NONE',  ( 0.000000000000000000, 0.000000000000000000, 0.000000000000000000 ) ) ;
#857 = CARTESIAN_POINT ( 'NONE',  ( 8.000000000000001776, 4.765074104333798743, 25.04981177135283588 ) ) ;
#858 = EDGE_CURVE ( 'NONE', #31, #2309, #580, .T. ) ;
#859 = AXIS2_PLACEMENT_3D ( 'NONE', #1978, #3034, #1260 ) ;
#860 = CARTESIAN_POINT ( 'NONE',  ( 4.000000000000000888, 15.45575468000562580, -25.71224702882818747 ) ) ;
#861 = DIRECTION ( 'NONE',  ( -1.000000000000000000, 0.000000000000000000, -0.000000000000000000 ) ) ;
#862 = CIRCLE ( 'NONE', #707, 11.20000000000000107 ) ;
#863 = DIRECTION ( 'NONE',  ( -1.000000000000000000, 0.000000000000000000, -0.000000000000000000 ) ) ;
#864 = ORIENTED_EDGE ( 'NONE', *, *, #2643, .T. ) ;
#865 = ORIENTED_EDGE ( 'NONE', *, *, #276, .T. ) ;
#866 = ORIENTED_EDGE ( 'NONE', *, *, #1815, .F. ) ;
#867 = AXIS2_PLACEMENT_3D ( 'NONE', #1718, #4263, #3892 ) ;
#868 = FACE_OUTER_BOUND ( 'NONE', #4586, .T. ) ;
#869 = VECTOR ( 'NONE', #1453, 1000.000000000000000 ) ;
#870 = ORIENTED_EDGE ( 'NONE', *, *, #2790, .F. ) ;
#871 = ORIENTED_EDGE ( 'NONE', *, *, #1076, .F. ) ;
#872 = CIRCLE ( 'NONE', #1401, 11.20000000000000284 ) ;
#873 = CARTESIAN_POINT ( 'NONE',  ( 8.000000000000001776, 25.71224702882856761, -15.45575468000499519 ) ) ;
#874 = CARTESIAN_POINT ( 'NONE',  ( 0.000000000000000000, 0.000000000000000000, 0.000000000000000000 ) ) ;
#875 = CIRCLE ( 'NONE', #262, 30.00000000000000000 ) ;
#876 = CARTESIAN_POINT ( 'NONE',  ( 8.000000000000001776, -11.89281722685806741, 22.55570658189513722 ) ) ;
#877 = CIRCLE ( 'NONE', #1546, 30.00000000000000000 ) ;
#878 = EDGE_CURVE ( 'NONE', #3197, #942, #449, .T. ) ;
#879 = ORIENTED_EDGE ( 'NONE', *, *, #4319, .F. ) ;
#880 = LINE ( 'NONE', #3031, #3974 ) ;
#881 = EDGE_LOOP ( 'NONE', ( #303, #2413 ) ) ;
#882 = DIRECTION ( 'NONE',  ( 0.000000000000000000, 0.000000000000000000, 1.000000000000000000 ) ) ;
#883 = CIRCLE ( 'NONE', #4121, 11.19999999999999929 ) ;
#884 = CARTESIAN_POINT ( 'NONE',  ( 0.000000000000000000, -28.50681627971332688, -9.346733418401900195 ) ) ;
#885 = DIRECTION ( 'NONE',  ( -1.000000000000000000, 0.000000000000000000, 0.000000000000000000 ) ) ;
#886 = FACE_BOUND ( 'NONE', #1208, .T. ) ;
#887 = DIRECTION ( 'NONE',  ( -1.000000000000000000, 0.000000000000000000, 0.000000000000000000 ) ) ;
#888 = EDGE_CURVE ( 'NONE', #133, #3431, #3210, .T. ) ;
#889 = CARTESIAN_POINT ( 'NONE',  ( 8.000000000000001776, 25.08127967860427532, 16.45993346534645596 ) ) ;
#890 = CIRCLE ( 'NONE', #2984, 11.20000000000000107 ) ;
#891 = ORIENTED_EDGE ( 'NONE', *, *, #1772, .T. ) ;
#892 = ORIENTED_EDGE ( 'NONE', *, *, #4233, .F. ) ;
#893 = DIRECTION ( 'NONE',  ( -1.000000000000000000, 0.000000000000000000, 0.000000000000000000 ) ) ;
#894 = CIRCLE ( 'NONE', #741, 11.19999999999999929 ) ;
#895 = EDGE_CURVE ( 'NONE', #933, #4118, #835, .T. ) ;
#896 = DIRECTION ( 'NONE',  ( -1.000000000000000000, 0.000000000000000000, 0.000000000000000000 ) ) ;
#897 = EDGE_LOOP ( 'NONE', ( #1903, #4036, #2136, #690 ) ) ;
#898 = ORIENTED_EDGE ( 'NONE', *, *, #2505, .F. ) ;
#899 = VERTEX_POINT ( 'NONE', #494 ) ;
#900 = VECTOR ( 'NONE', #1851, 1000.000000000000000 ) ;
#901 = CARTESIAN_POINT ( 'NONE',  ( 0.000000000000000000, -21.62835834692457837, 20.78975986434229739 ) ) ;
#902 = DIRECTION ( 'NONE',  ( -1.000000000000000000, -0.000000000000000000, -0.000000000000000000 ) ) ;
#903 = DIRECTION ( 'NONE',  ( 0.000000000000000000, 0.9009688679024201452, -0.4338837391175560110 ) ) ;
#904 = VECTOR ( 'NONE', #2815, 1000.000000000000000 ) ;
#905 = CIRCLE ( 'NONE', #3755, 2.500000000000000000 ) ;
#906 = DIRECTION ( 'NONE',  ( 0.000000000000000000, 0.000000000000000000, 1.000000000000000000 ) ) ;
#907 = DIRECTION ( 'NONE',  ( -1.000000000000000000, -0.000000000000000000, -0.000000000000000000 ) ) ;
#908 = FACE_OUTER_BOUND ( 'NONE', #552, .T. ) ;
#909 = EDGE_CURVE ( 'NONE', #2854, #4304, #1790, .T. ) ;
#910 = DIRECTION ( 'NONE',  ( -1.000000000000000000, -0.000000000000000000, 0.000000000000000000 ) ) ;
#911 = DIRECTION ( 'NONE',  ( 1.000000000000000000, -0.000000000000000000, -0.000000000000000000 ) ) ;
#912 = DIRECTION ( 'NONE',  ( 0.000000000000000000, 0.000000000000000000, 1.000000000000000000 ) ) ;
#913 = CARTESIAN_POINT ( 'NONE',  ( 8.000000000000001776, 0.000000000000000000, 0.000000000000000000 ) ) ;
#914 = ORIENTED_EDGE ( 'NONE', *, *, #3151, .T. ) ;
#915 = ADVANCED_FACE ( 'NONE', ( #1914 ), #1210, .T. ) ;
#916 = CARTESIAN_POINT ( 'NONE',  ( 8.000000000000001776, -28.50681627971333398, -9.346733418401901972 ) ) ;
#917 = DIRECTION ( 'NONE',  ( 0.000000000000000000, 0.000000000000000000, 1.000000000000000000 ) ) ;
#918 = VERTEX_POINT ( 'NONE', #135 ) ;
#919 = ORIENTED_EDGE ( 'NONE', *, *, #3030, .F. ) ;
#920 = ORIENTED_EDGE ( 'NONE', *, *, #3216, .T. ) ;
#921 = DIRECTION ( 'NONE',  ( -1.000000000000000000, 0.000000000000000000, -0.000000000000000000 ) ) ;
#922 = DIRECTION ( 'NONE',  ( 0.000000000000000000, 0.2225209339563080368, 0.9749279121818250626 ) ) ;
#923 = DIRECTION ( 'NONE',  ( -1.000000000000000000, 0.000000000000000000, 0.000000000000000000 ) ) ;
#924 = EDGE_CURVE ( 'NONE', #3213, #4309, #880, .T. ) ;
#925 = DIRECTION ( 'NONE',  ( 0.000000000000000000, 1.000000000000000000, 0.000000000000000000 ) ) ;
#926 = CARTESIAN_POINT ( 'NONE',  ( 0.000000000000000000, 26.30485368663591927, 10.61340437410201787 ) ) ;
#927 = FACE_OUTER_BOUND ( 'NONE', #22, .T. ) ;
#928 = ORIENTED_EDGE ( 'NONE', *, *, #2233, .F. ) ;
#929 = EDGE_CURVE ( 'NONE', #513, #3544, #3979, .T. ) ;
#930 = FACE_OUTER_BOUND ( 'NONE', #4606, .T. ) ;
#931 = DIRECTION ( 'NONE',  ( 0.000000000000000000, 0.000000000000000000, 1.000000000000000000 ) ) ;
#932 = DIRECTION ( 'NONE',  ( -1.000000000000000000, 0.000000000000000000, 0.000000000000000000 ) ) ;
#933 = VERTEX_POINT ( 'NONE', #642 ) ;
#934 = ORIENTED_EDGE ( 'NONE', *, *, #2671, .T. ) ;
#935 = ADVANCED_FACE ( 'NONE', ( #2693 ), #1727, .T. ) ;
#936 = DIRECTION ( 'NONE',  ( 0.000000000000000000, 0.000000000000000000, 1.000000000000000000 ) ) ;
#937 = CYLINDRICAL_SURFACE ( 'NONE', #2772, 25.49899999999999523 ) ;
#938 = ORIENTED_EDGE ( 'NONE', *, *, #3782, .F. ) ;
#939 = VERTEX_POINT ( 'NONE', #951 ) ;
#940 = ORIENTED_EDGE ( 'NONE', *, *, #462, .F. ) ;
#941 = VECTOR ( 'NONE', #2334, 1000.000000000000000 ) ;
#942 = VERTEX_POINT ( 'NONE', #206 ) ;
#943 = DIRECTION ( 'NONE',  ( -1.000000000000000000, 0.000000000000000000, 0.000000000000000000 ) ) ;
#944 = DIRECTION ( 'NONE',  ( -1.000000000000000000, -0.000000000000000000, 0.000000000000000000 ) ) ;
#945 = AXIS2_PLACEMENT_3D ( 'NONE', #4444, #1279, #2349 ) ;
#946 = DIRECTION ( 'NONE',  ( -1.000000000000000000, -0.000000000000000000, -0.000000000000000000 ) ) ;
#947 = ORIENTED_EDGE ( 'NONE', *, *, #2956, .F. ) ;
#948 = ADVANCED_FACE ( 'NONE', ( #229 ), #2739, .T. ) ;
#949 = AXIS2_PLACEMENT_3D ( 'NONE', #1779, #1430, #714 ) ;
#950 = AXIS2_PLACEMENT_3D ( 'NONE', #4533, #1273, #582 ) ;
#951 = CARTESIAN_POINT ( 'NONE',  ( 8.000000000000001776, 20.78975986434236489, 21.62835834692451087 ) ) ;
#952 = CARTESIAN_POINT ( 'NONE',  ( 0.000000000000000000, 16.45993346534636714, 25.08127967860432861 ) ) ;
#953 = EDGE_CURVE ( 'NONE', #199, #3615, #1628, .T. ) ;
#954 = DIRECTION ( 'NONE',  ( -1.000000000000000000, -0.000000000000000000, 0.000000000000000000 ) ) ;
#955 = FACE_OUTER_BOUND ( 'NONE', #2789, .T. ) ;
#956 = CARTESIAN_POINT ( 'NONE',  ( 4.000000000000000000, 28.50681627971339083, 9.346733418401703020 ) ) ;
#957 = CARTESIAN_POINT ( 'NONE',  ( 8.000000000000001776, 6.425269058786057030, 25.51480627843080740 ) ) ;
#958 = DIRECTION ( 'NONE',  ( 0.000000000000000000, 0.000000000000000000, 1.000000000000000000 ) ) ;
#959 = VERTEX_POINT ( 'NONE', #2441 ) ;
#960 = CIRCLE ( 'NONE', #196, 25.49899999999999167 ) ;
#961 = FACE_OUTER_BOUND ( 'NONE', #3207, .T. ) ;
#962 = AXIS2_PLACEMENT_3D ( 'NONE', #2156, #352, #3969 ) ;
#963 = LINE ( 'NONE', #2410, #3411 ) ;
#964 = AXIS2_PLACEMENT_3D ( 'NONE', #221, #3071, #167 ) ;
#965 = ORIENTED_EDGE ( 'NONE', *, *, #3663, .F. ) ;
#967 = ORIENTED_EDGE ( 'NONE', *, *, #468, .F. ) ;
#966 = EDGE_CURVE ( 'NONE', #4425, #3099, #3081, .T. ) ;
#968 = VERTEX_POINT ( 'NONE', #277 ) ;
#969 = VERTEX_POINT ( 'NONE', #1995 ) ;
#970 = DIRECTION ( 'NONE',  ( 0.000000000000000000, -6.982962677686266711E-15, 1.000000000000000000 ) ) ;
#971 = DIRECTION ( 'NONE',  ( -1.000000000000000000, -0.000000000000000000, -0.000000000000000000 ) ) ;
#972 = ORIENTED_EDGE ( 'NONE', *, *, #3633, .T. ) ;
#973 = VECTOR ( 'NONE', #2368, 1000.000000000000000 ) ;
#974 = CIRCLE ( 'NONE', #1564, 11.19999999999999929 ) ;
#975 = AXIS2_PLACEMENT_3D ( 'NONE', #1336, #3141, #4553 ) ;
#976 = ADVANCED_FACE ( 'NONE', ( #3055 ), #4522, .F. ) ;
#977 = CARTESIAN_POINT ( 'NONE',  ( 0.000000000000000000, 0.000000000000000000, 0.000000000000000000 ) ) ;
#978 = AXIS2_PLACEMENT_3D ( 'NONE', #4505, #885, #111 ) ;
#979 = CARTESIAN_POINT ( 'NONE',  ( 8.000000000000001776, 2.769027914639860644, -29.87193472823521390 ) ) ;
#980 = FACE_BOUND ( 'NONE', #3691, .T. ) ;
#981 = AXIS2_PLACEMENT_3D ( 'NONE', #1707, #215, #3139 ) ;
#982 = AXIS2_PLACEMENT_3D ( 'NONE', #2222, #3292, #1866 ) ;
#983 = CARTESIAN_POINT ( 'NONE',  ( -10.00000000000000000, 0.000000000000000000, 0.000000000000000000 ) ) ;
#984 = EDGE_CURVE ( 'NONE', #3641, #3451, #2101, .T. ) ;
#985 = ORIENTED_EDGE ( 'NONE', *, *, #4222, .F. ) ;
#986 = ORIENTED_EDGE ( 'NONE', *, *, #4163, .T. ) ;
#987 = CYLINDRICAL_SURFACE ( 'NONE', #2093, 11.19999999999999929 ) ;
#988 = CARTESIAN_POINT ( 'NONE',  ( 6.000000000000000000, 4.163336342344337027E-14, 1.387778780781445676E-14 ) ) ;
#989 = CARTESIAN_POINT ( 'NONE',  ( 0.000000000000000000, -4.765074104333969274, 25.04981177135280390 ) ) ;
#990 = VERTEX_POINT ( 'NONE', #4542 ) ;
#991 = EDGE_CURVE ( 'NONE', #2464, #800, #616, .T. ) ;
#992 = CYLINDRICAL_SURFACE ( 'NONE', #2536, 11.19999999999999929 ) ;
#993 = EDGE_CURVE ( 'NONE', #2344, #3308, #3739, .T. ) ;
#994 = CARTESIAN_POINT ( 'NONE',  ( 0.000000000000000000, 11.89281722685822729, -22.55570658189505906 ) ) ;
#995 = ORIENTED_EDGE ( 'NONE', *, *, #3090, .F. ) ;
#996 = VERTEX_POINT ( 'NONE', #569 ) ;
#997 = CARTESIAN_POINT ( 'NONE',  ( 4.000000000000000888, 29.87193472823523877, -2.769027914639546673 ) ) ;
#998 = DIRECTION ( 'NONE',  ( 0.000000000000000000, 0.000000000000000000, 1.000000000000000000 ) ) ;
#999 = ORIENTED_EDGE ( 'NONE', *, *, #300, .T. ) ;
#1000 = ORIENTED_EDGE ( 'NONE', *, *, #1519, .T. ) ;
#1001 = ORIENTED_EDGE ( 'NONE', *, *, #3278, .T. ) ;
#1002 = CARTESIAN_POINT ( 'NONE',  ( 8.000000000000001776, 0.000000000000000000, 0.000000000000000000 ) ) ;
#1003 = DIRECTION ( 'NONE',  ( 0.000000000000000000, -0.7818314824680221431, -0.6234898018587430313 ) ) ;
#1004 = CYLINDRICAL_SURFACE ( 'NONE', #3328, 11.20000000000000107 ) ;
#1005 = ORIENTED_EDGE ( 'NONE', *, *, #2737, .F. ) ;
#1006 = DIRECTION ( 'NONE',  ( -1.000000000000000000, -0.000000000000000000, 0.000000000000000000 ) ) ;
#1007 = ORIENTED_EDGE ( 'NONE', *, *, #2048, .T. ) ;
#1008 = ORIENTED_EDGE ( 'NONE', *, *, #1575, .F. ) ;
#1009 = DIRECTION ( 'NONE',  ( -1.000000000000000000, -0.000000000000000000, -0.000000000000000000 ) ) ;
#1010 = FACE_OUTER_BOUND ( 'NONE', #2665, .T. ) ;
#1011 = EDGE_CURVE ( 'NONE', #1195, #1016, #1867, .T. ) ;
#1012 = CARTESIAN_POINT ( 'NONE',  ( 4.000000000000000888, 10.46613878911967532, -28.11511939947764915 ) ) ;
#1013 = DIRECTION ( 'NONE',  ( -1.000000000000000000, 0.000000000000000000, -0.000000000000000000 ) ) ;
#1014 = DIRECTION ( 'NONE',  ( 0.000000000000000000, 0.000000000000000000, 1.000000000000000000 ) ) ;
#1015 = EDGE_CURVE ( 'NONE', #3929, #2797, #3478, .T. ) ;
#1016 = VERTEX_POINT ( 'NONE', #2352 ) ;
#1017 = CIRCLE ( 'NONE', #859, 11.19999999999999929 ) ;
#1018 = VERTEX_POINT ( 'NONE', #4500 ) ;
#1019 = LINE ( 'NONE', #4537, #3110 ) ;
#1020 = AXIS2_PLACEMENT_3D ( 'NONE', #3460, #4182, #2374 ) ;
#1021 = ORIENTED_EDGE ( 'NONE', *, *, #2019, .F. ) ;
#1022 = CARTESIAN_POINT ( 'NONE',  ( 0.000000000000000000, 11.94175267147995889, -23.44533994287237988 ) ) ;
#1023 = AXIS2_PLACEMENT_3D ( 'NONE', #1339, #3914, #314 ) ;
#1024 = CIRCLE ( 'NONE', #2893, 25.49899999999999523 ) ;
#1025 = DIRECTION ( 'NONE',  ( -1.000000000000000000, -0.000000000000000000, 0.000000000000000000 ) ) ;
#1026 = DIRECTION ( 'NONE',  ( 0.000000000000000000, -0.4338837391175462410, -0.9009688679024248081 ) ) ;
#1027 = VERTEX_POINT ( 'NONE', #2719 ) ;
#1028 = CARTESIAN_POINT ( 'NONE',  ( 0.000000000000000000, 10.21971125872146935, -23.36143195072514089 ) ) ;
#1029 = EDGE_CURVE ( 'NONE', #4511, #3501, #1417, .T. ) ;
#1030 = AXIS2_PLACEMENT_3D ( 'NONE', #41, #2868, #1827 ) ;
#1031 = VERTEX_POINT ( 'NONE', #3772 ) ;
#1032 = CARTESIAN_POINT ( 'NONE',  ( 0.000000000000000000, 28.50681627971338727, 9.346733418401704796 ) ) ;
#1033 = DIRECTION ( 'NONE',  ( 0.000000000000000000, 0.9749279121818227312, 0.2225209339563182509 ) ) ;
#1034 = CIRCLE ( 'NONE', #1625, 11.19999999999999751 ) ;
#1035 = CARTESIAN_POINT ( 'NONE',  ( 0.000000000000000000, 29.87193472823523877, -2.769027914639544896 ) ) ;
#1036 = ORIENTED_EDGE ( 'NONE', *, *, #710, .T. ) ;
#1037 = AXIS2_PLACEMENT_3D ( 'NONE', #1189, #500, #527 ) ;
#1038 = EDGE_CURVE ( 'NONE', #2537, #3987, #4568, .T. ) ;
#1039 = CIRCLE ( 'NONE', #727, 11.19999999999999929 ) ;
#1040 = CARTESIAN_POINT ( 'NONE',  ( 8.000000000000001776, 20.93169914448970914, -15.94218908519826705 ) ) ;
#1041 = CARTESIAN_POINT ( 'NONE',  ( 0.000000000000000000, 6.425269058786402532, -25.51480627843072213 ) ) ;
#1042 = DIRECTION ( 'NONE',  ( 0.000000000000000000, -0.7818314824680221431, -0.6234898018587431423 ) ) ;
#1043 = AXIS2_PLACEMENT_3D ( 'NONE', #1545, #3001, #3351 ) ;
#1044 = ORIENTED_EDGE ( 'NONE', *, *, #878, .F. ) ;
#1045 = EDGE_CURVE ( 'NONE', #1547, #1896, #2041, .T. ) ;
#1046 = CARTESIAN_POINT ( 'NONE',  ( 8.000000000000001776, 15.16188941679837221, 20.50161238324384527 ) ) ;
#1047 = FACE_OUTER_BOUND ( 'NONE', #3304, .T. ) ;
#1048 = ORIENTED_EDGE ( 'NONE', *, *, #3924, .F. ) ;
#1049 = VECTOR ( 'NONE', #1354, 1000.000000000000000 ) ;
#1050 = ORIENTED_EDGE ( 'NONE', *, *, #1743, .F. ) ;
#1051 = LINE ( 'NONE', #2138, #2920 ) ;
#1052 = CIRCLE ( 'NONE', #204, 30.00000000000000000 ) ;
#1053 = DIRECTION ( 'NONE',  ( -1.000000000000000000, -0.000000000000000000, -0.000000000000000000 ) ) ;
#1054 = EDGE_CURVE ( 'NONE', #3431, #4573, #2025, .T. ) ;
#1055 = VERTEX_POINT ( 'NONE', #250 ) ;
#1056 = CIRCLE ( 'NONE', #4501, 11.19999999999999929 ) ;
#1057 = CARTESIAN_POINT ( 'NONE',  ( 8.000000000000001776, 0.000000000000000000, 0.000000000000000000 ) ) ;
#1058 = DIRECTION ( 'NONE',  ( 0.000000000000000000, 0.000000000000000000, 1.000000000000000000 ) ) ;
#1059 = EDGE_CURVE ( 'NONE', #1018, #728, #2371, .T. ) ;
#1060 = AXIS2_PLACEMENT_3D ( 'NONE', #2281, #2799, #4551 ) ;
#1061 = CIRCLE ( 'NONE', #3155, 30.00000000000000000 ) ;
#1062 = VERTEX_POINT ( 'NONE', #1074 ) ;
#1063 = DIRECTION ( 'NONE',  ( -1.000000000000000000, 0.000000000000000000, 0.000000000000000000 ) ) ;
#1064 = ORIENTED_EDGE ( 'NONE', *, *, #2095, .T. ) ;
#1065 = AXIS2_PLACEMENT_3D ( 'NONE', #235, #3108, #1379 ) ;
#1066 = CYLINDRICAL_SURFACE ( 'NONE', #1776, 25.49899999999999523 ) ;
#1067 = CARTESIAN_POINT ( 'NONE',  ( 0.000000000000000000, 25.48208943086009626, 0.9285037628614106753 ) ) ;
#1068 = CARTESIAN_POINT ( 'NONE',  ( 8.000000000000001776, 9.346733418401605320, 28.50681627971342635 ) ) ;
#1069 = ORIENTED_EDGE ( 'NONE', *, *, #2064, .F. ) ;
#1070 = ORIENTED_EDGE ( 'NONE', *, *, #4187, .F. ) ;
#1071 = FACE_OUTER_BOUND ( 'NONE', #1861, .T. ) ;
#1072 = CARTESIAN_POINT ( 'NONE',  ( 0.000000000000000000, -25.08127967860415808, -16.45993346534662649 ) ) ;
#1073 = EDGE_CURVE ( 'NONE', #293, #1475, #354, .T. ) ;
#1074 = CARTESIAN_POINT ( 'NONE',  ( 0.000000000000000000, 6.575522574293017009, -24.63658872236500841 ) ) ;
#1075 = CARTESIAN_POINT ( 'NONE',  ( 8.000000000000001776, 24.63658872236515762, -6.575522574292439693 ) ) ;
#1076 = EDGE_CURVE ( 'NONE', #1367, #4028, #3589, .T. ) ;
#1077 = ORIENTED_EDGE ( 'NONE', *, *, #4430, .F. ) ;
#1078 = DIRECTION ( 'NONE',  ( -1.000000000000000000, -0.000000000000000000, 0.000000000000000000 ) ) ;
#1079 = CARTESIAN_POINT ( 'NONE',  ( -10.00000000000000000, 0.000000000000000000, 0.000000000000000000 ) ) ;
#1080 = CARTESIAN_POINT ( 'NONE',  ( 8.000000000000001776, 10.88474387751633188, -23.95436854990163411 ) ) ;
#1081 = ORIENTED_EDGE ( 'NONE', *, *, #3745, .F. ) ;
#1082 = CARTESIAN_POINT ( 'NONE',  ( 0.000000000000000000, 15.45575468000562580, -25.71224702882818747 ) ) ;
#1083 = DIRECTION ( 'NONE',  ( 0.000000000000000000, 0.7818314824680311359, -0.6234898018587319291 ) ) ;
#1084 = DIRECTION ( 'NONE',  ( 0.000000000000000000, 0.000000000000000000, 1.000000000000000000 ) ) ;
#1085 = VERTEX_POINT ( 'NONE', #1424 ) ;
#1086 = ORIENTED_EDGE ( 'NONE', *, *, #3942, .F. ) ;
#1087 = EDGE_CURVE ( 'NONE', #2196, #3528, #2698, .T. ) ;
#1088 = CARTESIAN_POINT ( 'NONE',  ( 0.000000000000000000, -20.78975986434250700, 21.62835834692437231 ) ) ;
#1089 = CARTESIAN_POINT ( 'NONE',  ( 8.000000000000001776, -20.50161238324389501, 15.16188941679830293 ) ) ;
#1090 = EDGE_CURVE ( 'NONE', #4346, #2989, #4344, .T. ) ;
#1091 = DIRECTION ( 'NONE',  ( -1.000000000000000000, 0.000000000000000000, -0.000000000000000000 ) ) ;
#1092 = AXIS2_PLACEMENT_3D ( 'NONE', #3902, #4205, #3848 ) ;
#1093 = CARTESIAN_POINT ( 'NONE',  ( 0.000000000000000000, -24.63658872236502617, -6.575522574292942402 ) ) ;
#1094 = AXIS2_PLACEMENT_3D ( 'NONE', #2029, #4530, #958 ) ;
#1095 = ORIENTED_EDGE ( 'NONE', *, *, #4116, .T. ) ;
#1096 = AXIS2_PLACEMENT_3D ( 'NONE', #226, #2488, #3121 ) ;
#1097 = ADVANCED_FACE ( 'NONE', ( #1796 ), #3229, .T. ) ;
#1098 = DIRECTION ( 'NONE',  ( 0.000000000000000000, 0.000000000000000000, -1.000000000000000000 ) ) ;
#1099 = CYLINDRICAL_SURFACE ( 'NONE', #2383, 11.20000000000000107 ) ;
#1100 = CARTESIAN_POINT ( 'NONE',  ( 8.000000000000001776, -15.94218908519863120, 20.93169914448942492 ) ) ;
#1101 = DIRECTION ( 'NONE',  ( 0.000000000000000000, 0.000000000000000000, 1.000000000000000000 ) ) ;
#1102 = AXIS2_PLACEMENT_3D ( 'NONE', #2382, #654, #3448 ) ;
#1103 = CARTESIAN_POINT ( 'NONE',  ( 8.000000000000001776, 28.11511939947775574, 10.46613878911938045 ) ) ;
#1104 = CARTESIAN_POINT ( 'NONE',  ( 8.000000000000001776, 0.000000000000000000, 0.000000000000000000 ) ) ;
#1105 = EDGE_CURVE ( 'NONE', #225, #2606, #2496, .T. ) ;
#1106 = ORIENTED_EDGE ( 'NONE', *, *, #718, .F. ) ;
#1107 = ORIENTED_EDGE ( 'NONE', *, *, #2639, .F. ) ;
#1108 = VECTOR ( 'NONE', #4385, 1000.000000000000000 ) ;
#1109 = CARTESIAN_POINT ( 'NONE',  ( 4.000000000000000888, -28.50681627971332688, -9.346733418401900195 ) ) ;
#1110 = FACE_OUTER_BOUND ( 'NONE', #2200, .T. ) ;
#1111 = EDGE_CURVE ( 'NONE', #942, #4460, #1422, .T. ) ;
#1112 = ORIENTED_EDGE ( 'NONE', *, *, #1228, .T. ) ;
#1113 = CARTESIAN_POINT ( 'NONE',  ( 8.000000000000001776, 25.77586589148981133, 5.281492161082729453 ) ) ;
#1114 = CARTESIAN_POINT ( 'NONE',  ( -22.00000000000001421, 0.000000000000000000, 0.000000000000000000 ) ) ;
#1115 = EDGE_CURVE ( 'NONE', #590, #1658, #4333, .T. ) ;
#1116 = ORIENTED_EDGE ( 'NONE', *, *, #1090, .T. ) ;
#1117 = ORIENTED_EDGE ( 'NONE', *, *, #1054, .T. ) ;
#1118 = CIRCLE ( 'NONE', #2182, 30.00000000000000000 ) ;
#1119 = DIRECTION ( 'NONE',  ( -1.000000000000000000, 0.000000000000000000, -0.000000000000000000 ) ) ;
#1120 = CARTESIAN_POINT ( 'NONE',  ( 0.000000000000000000, 0.000000000000000000, 8.000000000000000000 ) ) ;
#1121 = ORIENTED_EDGE ( 'NONE', *, *, #3633, .F. ) ;
#1122 = EDGE_CURVE ( 'NONE', #833, #4579, #691, .T. ) ;
#1123 = DIRECTION ( 'NONE',  ( -1.000000000000000000, -0.000000000000000000, 0.000000000000000000 ) ) ;
#1124 = EDGE_CURVE ( 'NONE', #939, #4126, #3668, .T. ) ;
#1125 = AXIS2_PLACEMENT_3D ( 'NONE', #1917, #1950, #3406 ) ;
#1126 = DIRECTION ( 'NONE',  ( -1.000000000000000000, -0.000000000000000000, 0.000000000000000000 ) ) ;
#1127 = CIRCLE ( 'NONE', #3752, 25.49899999999999523 ) ;
#1128 = DIRECTION ( 'NONE',  ( 0.000000000000000000, 0.9749279121818227312, 0.2225209339563182509 ) ) ;
#1129 = AXIS2_PLACEMENT_3D ( 'NONE', #2181, #2577, #35 ) ;
#1130 = CARTESIAN_POINT ( 'NONE',  ( 0.000000000000000000, -6.425269058786235554, 25.51480627843076476 ) ) ;
#1131 = ORIENTED_EDGE ( 'NONE', *, *, #682, .F. ) ;
#1132 = ORIENTED_EDGE ( 'NONE', *, *, #3378, .T. ) ;
#1133 = EDGE_LOOP ( 'NONE', ( #2089, #1990, #3482, #1569 ) ) ;
#1134 = ORIENTED_EDGE ( 'NONE', *, *, #3432, .F. ) ;
#1135 = ADVANCED_FACE ( 'NONE', ( #4310 ), #374, .T. ) ;
#1136 = LINE ( 'NONE', #3258, #3403 ) ;
#1137 = CYLINDRICAL_SURFACE ( 'NONE', #3131, 25.49899999999999523 ) ;
#1138 = VERTEX_POINT ( 'NONE', #306 ) ;
#1139 = EDGE_LOOP ( 'NONE', ( #1171, #4242, #4465, #274 ) ) ;
#1140 = ADVANCED_FACE ( 'NONE', ( #3245 ), #667, .T. ) ;
#1141 = DIRECTION ( 'NONE',  ( -1.000000000000000000, 0.000000000000000000, 0.000000000000000000 ) ) ;
#1142 = DIRECTION ( 'NONE',  ( 1.000000000000000000, 0.000000000000000000, -0.000000000000000000 ) ) ;
#1143 = EDGE_CURVE ( 'NONE', #3451, #1576, #3603, .T. ) ;
#1144 = EDGE_LOOP ( 'NONE', ( #919, #2928, #3354, #4262 ) ) ;
#1145 = DIRECTION ( 'NONE',  ( -1.000000000000000000, -0.000000000000000000, -0.000000000000000000 ) ) ;
#1146 = FACE_OUTER_BOUND ( 'NONE', #2264, .T. ) ;
#1147 = DIRECTION ( 'NONE',  ( -1.000000000000000000, 0.000000000000000000, 0.000000000000000000 ) ) ;
#1148 = CARTESIAN_POINT ( 'NONE',  ( -10.00000000000000000, 0.000000000000000000, 0.000000000000000000 ) ) ;
#1149 = DIRECTION ( 'NONE',  ( 0.000000000000000000, 0.000000000000000000, 1.000000000000000000 ) ) ;
#1150 = EDGE_CURVE ( 'NONE', #54, #4535, #2812, .T. ) ;
#1151 = DIRECTION ( 'NONE',  ( 0.000000000000000000, 0.000000000000000000, -1.000000000000000000 ) ) ;
#1152 = ORIENTED_EDGE ( 'NONE', *, *, #2370, .T. ) ;
#1153 = ORIENTED_EDGE ( 'NONE', *, *, #4471, .T. ) ;
#1154 = DIRECTION ( 'NONE',  ( -1.000000000000000000, 0.000000000000000000, 0.000000000000000000 ) ) ;
#1155 = EDGE_CURVE ( 'NONE', #3544, #2854, #760, .T. ) ;
#1156 = FACE_OUTER_BOUND ( 'NONE', #1670, .T. ) ;
#1157 = ORIENTED_EDGE ( 'NONE', *, *, #2475, .F. ) ;
#1158 = VERTEX_POINT ( 'NONE', #1397 ) ;
#1159 = DIRECTION ( 'NONE',  ( -1.000000000000000000, -0.000000000000000000, 0.000000000000000000 ) ) ;
#1160 = CARTESIAN_POINT ( 'NONE',  ( 8.000000000000001776, 4.765074104334134475, -25.04981177135277548 ) ) ;
#1161 = ORIENTED_EDGE ( 'NONE', *, *, #2811, .T. ) ;
#1162 = ORIENTED_EDGE ( 'NONE', *, *, #4274, .T. ) ;
#1163 = DIRECTION ( 'NONE',  ( 0.000000000000000000, 0.000000000000000000, 1.000000000000000000 ) ) ;
#1164 = DIRECTION ( 'NONE',  ( 0.000000000000000000, 0.7818314824680311359, -0.6234898018587319291 ) ) ;
#1165 = ADVANCED_FACE ( 'NONE', ( #391 ), #4244, .T. ) ;
#1166 = LINE ( 'NONE', #1783, #1877 ) ;
#1167 = AXIS2_PLACEMENT_3D ( 'NONE', #2942, #2571, #4659 ) ;
#1168 = DIRECTION ( 'NONE',  ( 0.000000000000000000, 0.000000000000000000, -1.000000000000000000 ) ) ;
#1169 = DIRECTION ( 'NONE',  ( 0.000000000000000000, 0.000000000000000000, 1.000000000000000000 ) ) ;
#1170 = ORIENTED_EDGE ( 'NONE', *, *, #3670, .F. ) ;
#1171 = ORIENTED_EDGE ( 'NONE', *, *, #3469, .F. ) ;
#1172 = EDGE_CURVE ( 'NONE', #192, #1988, #1051, .T. ) ;
#1173 = CIRCLE ( 'NONE', #1700, 1.600000000000000089 ) ;
#1174 = DIRECTION ( 'NONE',  ( 0.000000000000000000, 0.000000000000000000, 1.000000000000000000 ) ) ;
#1175 = CARTESIAN_POINT ( 'NONE',  ( 0.000000000000000000, 0.000000000000000000, 0.000000000000000000 ) ) ;
#1176 = VERTEX_POINT ( 'NONE', #3331 ) ;
#1177 = ADVANCED_FACE ( 'NONE', ( #2661 ), #3290, .T. ) ;
#1178 = AXIS2_PLACEMENT_3D ( 'NONE', #3825, #600, #234 ) ;
#1179 = CYLINDRICAL_SURFACE ( 'NONE', #668, 30.00000000000000000 ) ;
#1180 = CARTESIAN_POINT ( 'NONE',  ( 8.000000000000001776, -16.85942694080850757, -20.20022636336499033 ) ) ;
#1181 = AXIS2_PLACEMENT_3D ( 'NONE', #4402, #2666, #1184 ) ;
#1182 = ORIENTED_EDGE ( 'NONE', *, *, #878, .T. ) ;
#1183 = ADVANCED_FACE ( 'NONE', ( #3742 ), #1179, .T. ) ;
#1184 = DIRECTION ( 'NONE',  ( 0.000000000000000000, 0.000000000000000000, 1.000000000000000000 ) ) ;
#1185 = CARTESIAN_POINT ( 'NONE',  ( 8.000000000000001776, 0.000000000000000000, 25.49899999999999523 ) ) ;
#1186 = AXIS2_PLACEMENT_3D ( 'NONE', #1666, #2362, #2730 ) ;
#1187 = DIRECTION ( 'NONE',  ( 0.000000000000000000, -1.000000000000000000, -1.047444401652940007E-14 ) ) ;
#1188 = AXIS2_PLACEMENT_3D ( 'NONE', #230, #1373, #2720 ) ;
#1189 = CARTESIAN_POINT ( 'NONE',  ( 8.000000000000001776, -10.88474387751583627, -23.95436854990185793 ) ) ;
#1190 = CARTESIAN_POINT ( 'NONE',  ( 8.000000000000001776, 24.63658872236515762, -6.575522574292439693 ) ) ;
#1191 = AXIS2_PLACEMENT_3D ( 'NONE', #4358, #77, #1530 ) ;
#1192 = CIRCLE ( 'NONE', #437, 11.20000000000000107 ) ;
#1193 = DIRECTION ( 'NONE',  ( -1.000000000000000000, 0.000000000000000000, 0.000000000000000000 ) ) ;
#1194 = EDGE_LOOP ( 'NONE', ( #1893, #4151, #2285, #4097 ) ) ;
#1195 = VERTEX_POINT ( 'NONE', #1973 ) ;
#1196 = VECTOR ( 'NONE', #861, 1000.000000000000000 ) ;
#1197 = VECTOR ( 'NONE', #2295, 1000.000000000000000 ) ;
#1198 = VERTEX_POINT ( 'NONE', #2272 ) ;
#1199 = AXIS2_PLACEMENT_3D ( 'NONE', #1842, #1486, #1822 ) ;
#1200 = DIRECTION ( 'NONE',  ( 1.000000000000000000, 0.000000000000000000, 0.000000000000000000 ) ) ;
#1201 = AXIS2_PLACEMENT_3D ( 'NONE', #2378, #2027, #2447 ) ;
#1202 = ORIENTED_EDGE ( 'NONE', *, *, #2338, .T. ) ;
#1203 = ORIENTED_EDGE ( 'NONE', *, *, #3796, .T. ) ;
#1204 = CARTESIAN_POINT ( 'NONE',  ( 8.000000000000001776, 0.000000000000000000, 0.000000000000000000 ) ) ;
#1205 = LINE ( 'NONE', #3644, #2552 ) ;
#1206 = DIRECTION ( 'NONE',  ( 0.000000000000000000, 0.000000000000000000, -1.000000000000000000 ) ) ;
#1207 = EDGE_CURVE ( 'NONE', #2345, #1699, #3512, .T. ) ;
#1208 = EDGE_LOOP ( 'NONE', ( #3620, #1908 ) ) ;
#1209 = ORIENTED_EDGE ( 'NONE', *, *, #1155, .F. ) ;
#1210 = CYLINDRICAL_SURFACE ( 'NONE', #1942, 11.19999999999999929 ) ;
#1211 = LINE ( 'NONE', #3012, #2465 ) ;
#1212 = CARTESIAN_POINT ( 'NONE',  ( 6.000000000000000000, 0.000000000000000000, -6.399999999999999467 ) ) ;
#1213 = DIRECTION ( 'NONE',  ( 0.000000000000000000, -0.2225209339563016253, -0.9749279121818265059 ) ) ;
#1214 = CARTESIAN_POINT ( 'NONE',  ( 0.000000000000000000, 29.73914963514679144, 3.947528211216258409 ) ) ;
#1215 = CYLINDRICAL_SURFACE ( 'NONE', #4180, 11.19999999999999929 ) ;
#1216 = ORIENTED_EDGE ( 'NONE', *, *, #3301, .F. ) ;
#1217 = VERTEX_POINT ( 'NONE', #2321 ) ;
#1218 = EDGE_LOOP ( 'NONE', ( #986, #4590, #3391, #1932 ) ) ;
#1219 = CARTESIAN_POINT ( 'NONE',  ( 8.000000000000001776, 0.5865956258982590876, -26.30485368663590862 ) ) ;
#1220 = CARTESIAN_POINT ( 'NONE',  ( 8.000000000000001776, -25.04981177135278969, -4.765074104334058092 ) ) ;
#1221 = ORIENTED_EDGE ( 'NONE', *, *, #3109, .T. ) ;
#1223 = ORIENTED_EDGE ( 'NONE', *, *, #4093, .T. ) ;
#1222 = ADVANCED_FACE ( 'NONE', ( #4377 ), #1483, .T. ) ;
#1224 = ORIENTED_EDGE ( 'NONE', *, *, #243, .F. ) ;
#1225 = CARTESIAN_POINT ( 'NONE',  ( 0.000000000000000000, -20.93169914448937163, -15.94218908519870048 ) ) ;
#1226 = DIRECTION ( 'NONE',  ( 0.000000000000000000, 0.000000000000000000, 1.000000000000000000 ) ) ;
#1227 = DIRECTION ( 'NONE',  ( -1.000000000000000000, -0.000000000000000000, -0.000000000000000000 ) ) ;
#1228 = EDGE_CURVE ( 'NONE', #4518, #1475, #1205, .T. ) ;
#1229 = ORIENTED_EDGE ( 'NONE', *, *, #4163, .F. ) ;
#1230 = ORIENTED_EDGE ( 'NONE', *, *, #2563, .T. ) ;
#1231 = CARTESIAN_POINT ( 'NONE',  ( 8.000000000000001776, -21.62835834692457837, 20.78975986434229384 ) ) ;
#1232 = DIRECTION ( 'NONE',  ( 0.000000000000000000, -0.9749279121818257288, 0.2225209339563049560 ) ) ;
#1233 = LINE ( 'NONE', #2669, #2296 ) ;
#1234 = ORIENTED_EDGE ( 'NONE', *, *, #2761, .F. ) ;
#1235 = DIRECTION ( 'NONE',  ( 0.000000000000000000, 0.000000000000000000, 1.000000000000000000 ) ) ;
#1236 = EDGE_CURVE ( 'NONE', #4284, #4617, #430, .T. ) ;
#1237 = DIRECTION ( 'NONE',  ( 1.000000000000000000, -0.000000000000000000, 0.000000000000000000 ) ) ;
#1238 = DIRECTION ( 'NONE',  ( -1.000000000000000000, -0.000000000000000000, -0.000000000000000000 ) ) ;
#1239 = AXIS2_PLACEMENT_3D ( 'NONE', #3829, #4192, #2503 ) ;
#1240 = CYLINDRICAL_SURFACE ( 'NONE', #2667, 11.19999999999999929 ) ;
#1241 = ORIENTED_EDGE ( 'NONE', *, *, #2828, .T. ) ;
#1242 = ORIENTED_EDGE ( 'NONE', *, *, #3989, .F. ) ;
#1243 = EDGE_LOOP ( 'NONE', ( #4295, #693, #3937, #240 ) ) ;
#1244 = CARTESIAN_POINT ( 'NONE',  ( 8.000000000000001776, 16.61375636358853924, 19.34378712898074681 ) ) ;
#1245 = VECTOR ( 'NONE', #687, 1000.000000000000000 ) ;
#1246 = ADVANCED_FACE ( 'NONE', ( #2986 ), #463, .T. ) ;
#1247 = DIRECTION ( 'NONE',  ( 0.000000000000000000, -7.124757133476173122E-15, 1.000000000000000000 ) ) ;
#1248 = VERTEX_POINT ( 'NONE', #4396 ) ;
#1249 = ORIENTED_EDGE ( 'NONE', *, *, #3860, .T. ) ;
#1250 = ORIENTED_EDGE ( 'NONE', *, *, #542, .F. ) ;
#1251 = CARTESIAN_POINT ( 'NONE',  ( 0.000000000000000000, 16.61375636358880925, -19.34378712898050878 ) ) ;
#1252 = EDGE_CURVE ( 'NONE', #1062, #1595, #1716, .T. ) ;
#1253 = DIRECTION ( 'NONE',  ( -1.000000000000000000, 0.000000000000000000, 0.000000000000000000 ) ) ;
#1254 = CARTESIAN_POINT ( 'NONE',  ( 0.000000000000000000, 0.000000000000000000, 0.000000000000000000 ) ) ;
#1255 = VECTOR ( 'NONE', #663, 1000.000000000000000 ) ;
#1256 = VECTOR ( 'NONE', #838, 1000.000000000000000 ) ;
#1257 = CARTESIAN_POINT ( 'NONE',  ( -10.00000000000000000, 0.000000000000000000, 0.000000000000000000 ) ) ;
#1258 = DIRECTION ( 'NONE',  ( -1.000000000000000000, -0.000000000000000000, -0.000000000000000000 ) ) ;
#1259 = AXIS2_PLACEMENT_3D ( 'NONE', #3627, #1145, #1778 ) ;
#1260 = DIRECTION ( 'NONE',  ( 0.000000000000000000, 0.000000000000000000, -1.000000000000000000 ) ) ;
#1261 = EDGE_CURVE ( 'NONE', #2491, #115, #2109, .T. ) ;
#1262 = CARTESIAN_POINT ( 'NONE',  ( 0.000000000000000000, 2.769027914639860644, -29.87193472823521390 ) ) ;
#1263 = CARTESIAN_POINT ( 'NONE',  ( 10.00000000000000000, 0.000000000000000000, 8.000000000000000000 ) ) ;
#1264 = DIRECTION ( 'NONE',  ( -1.000000000000000000, 0.000000000000000000, -0.000000000000000000 ) ) ;
#1265 = ADVANCED_FACE ( 'NONE', ( #2614 ), #1891, .T. ) ;
#1266 = DIRECTION ( 'NONE',  ( 0.000000000000000000, 0.000000000000000000, -1.000000000000000000 ) ) ;
#1267 = ORIENTED_EDGE ( 'NONE', *, *, #410, .F. ) ;
#1268 = ORIENTED_EDGE ( 'NONE', *, *, #4437, .F. ) ;
#1269 = CARTESIAN_POINT ( 'NONE',  ( 0.000000000000000000, 25.77586589148981133, 5.281492161082729453 ) ) ;
#1270 = AXIS2_PLACEMENT_3D ( 'NONE', #3671, #443, #417 ) ;
#1271 = AXIS2_PLACEMENT_3D ( 'NONE', #1180, #2662, #2966 ) ;
#1272 = CIRCLE ( 'NONE', #3221, 1.600000000000000755 ) ;
#1273 = DIRECTION ( 'NONE',  ( -1.000000000000000000, 0.000000000000000000, 0.000000000000000000 ) ) ;
#1274 = ORIENTED_EDGE ( 'NONE', *, *, #1921, .T. ) ;
#1275 = ORIENTED_EDGE ( 'NONE', *, *, #3064, .T. ) ;
#1276 = VECTOR ( 'NONE', #486, 1000.000000000000000 ) ;
#1277 = ADVANCED_FACE ( 'NONE', ( #4080 ), #850, .F. ) ;
#1278 = VECTOR ( 'NONE', #4668, 1000.000000000000000 ) ;
#1279 = DIRECTION ( 'NONE',  ( 1.000000000000000000, 0.000000000000000000, 0.000000000000000000 ) ) ;
#1280 = DIRECTION ( 'NONE',  ( -1.000000000000000000, 0.000000000000000000, -0.000000000000000000 ) ) ;
#1281 = CARTESIAN_POINT ( 'NONE',  ( 0.000000000000000000, 0.000000000000000000, 0.000000000000000000 ) ) ;
#1282 = AXIS2_PLACEMENT_3D ( 'NONE', #570, #1656, #2741 ) ;
#1283 = CIRCLE ( 'NONE', #3299, 25.49899999999999167 ) ;
#1284 = DIRECTION ( 'NONE',  ( 0.000000000000000000, 0.000000000000000000, 1.000000000000000000 ) ) ;
#1285 = FACE_OUTER_BOUND ( 'NONE', #388, .T. ) ;
#1286 = DIRECTION ( 'NONE',  ( 0.000000000000000000, 0.000000000000000000, 1.000000000000000000 ) ) ;
#1287 = CYLINDRICAL_SURFACE ( 'NONE', #3367, 1.600000000000000089 ) ;
#1288 = EDGE_CURVE ( 'NONE', #325, #4092, #2255, .T. ) ;
#1289 = DIRECTION ( 'NONE',  ( 0.000000000000000000, 0.000000000000000000, -1.000000000000000000 ) ) ;
#1290 = LINE ( 'NONE', #2649, #3226 ) ;
#1291 = DIRECTION ( 'NONE',  ( -1.000000000000000000, 0.000000000000000000, 0.000000000000000000 ) ) ;
#1292 = ORIENTED_EDGE ( 'NONE', *, *, #2418, .T. ) ;
#1293 = ORIENTED_EDGE ( 'NONE', *, *, #3782, .T. ) ;
#1294 = EDGE_CURVE ( 'NONE', #383, #3929, #3988, .T. ) ;
#1295 = DIRECTION ( 'NONE',  ( -1.000000000000000000, 0.000000000000000000, 0.000000000000000000 ) ) ;
#1296 = DIRECTION ( 'NONE',  ( 0.000000000000000000, 0.000000000000000000, 1.000000000000000000 ) ) ;
#1297 = ORIENTED_EDGE ( 'NONE', *, *, #2647, .F. ) ;
#1298 = EDGE_LOOP ( 'NONE', ( #2733, #1902, #1501, #985 ) ) ;
#1299 = ORIENTED_EDGE ( 'NONE', *, *, #2692, .T. ) ;
#1300 = VERTEX_POINT ( 'NONE', #1910 ) ;
#1301 = EDGE_CURVE ( 'NONE', #3202, #3310, #1550, .T. ) ;
#1302 = CARTESIAN_POINT ( 'NONE',  ( 0.000000000000000000, -6.425269058785890053, -25.51480627843085003 ) ) ;
#1303 = CARTESIAN_POINT ( 'NONE',  ( 4.000000000000000888, -25.08127967860437835, 16.45993346534628543 ) ) ;
#1304 = CARTESIAN_POINT ( 'NONE',  ( 8.000000000000001776, 9.346733418401989013, -28.50681627971330556 ) ) ;
#1305 = DIRECTION ( 'NONE',  ( 0.000000000000000000, -0.000000000000000000, 1.000000000000000000 ) ) ;
#1306 = DIRECTION ( 'NONE',  ( 1.000000000000000000, 0.000000000000000000, 0.000000000000000000 ) ) ;
#1307 = CARTESIAN_POINT ( 'NONE',  ( 0.000000000000000000, 21.62835834692443981, 20.78975986434243239 ) ) ;
#1308 = DIRECTION ( 'NONE',  ( 0.000000000000000000, 0.7818314824680269171, 0.6234898018587371471 ) ) ;
#1309 = DIRECTION ( 'NONE',  ( -1.000000000000000000, -0.000000000000000000, -0.000000000000000000 ) ) ;
#1310 = DIRECTION ( 'NONE',  ( -1.000000000000000000, -0.000000000000000000, -0.000000000000000000 ) ) ;
#1311 = EDGE_CURVE ( 'NONE', #3766, #3177, #1578, .T. ) ;
#1312 = DIRECTION ( 'NONE',  ( 0.000000000000000000, 0.2225209339563080368, 0.9749279121818250626 ) ) ;
#1313 = ORIENTED_EDGE ( 'NONE', *, *, #4312, .F. ) ;
#1314 = CYLINDRICAL_SURFACE ( 'NONE', #3338, 25.49899999999999523 ) ;
#1315 = CARTESIAN_POINT ( 'NONE',  ( 8.000000000000001776, 0.000000000000000000, 0.000000000000000000 ) ) ;
#1316 = ORIENTED_EDGE ( 'NONE', *, *, #3553, .F. ) ;
#1317 = ORIENTED_EDGE ( 'NONE', *, *, #3964, .F. ) ;
#1318 = EDGE_CURVE ( 'NONE', #445, #2715, #4278, .T. ) ;
#1319 = ORIENTED_EDGE ( 'NONE', *, *, #682, .T. ) ;
#1320 = ORIENTED_EDGE ( 'NONE', *, *, #895, .F. ) ;
#1321 = DIRECTION ( 'NONE',  ( 0.000000000000000000, 0.000000000000000000, 1.000000000000000000 ) ) ;
#1322 = DIRECTION ( 'NONE',  ( 0.000000000000000000, 0.000000000000000000, 1.000000000000000000 ) ) ;
#1323 = ORIENTED_EDGE ( 'NONE', *, *, #134, .T. ) ;
#1324 = CIRCLE ( 'NONE', #2007, 11.20000000000000284 ) ;
#1325 = AXIS2_PLACEMENT_3D ( 'NONE', #2865, #765, #3949 ) ;
#1326 = EDGE_CURVE ( 'NONE', #4370, #4655, #1648, .T. ) ;
#1327 = AXIS2_PLACEMENT_3D ( 'NONE', #3657, #4024, #4301 ) ;
#1328 = DIRECTION ( 'NONE',  ( 0.000000000000000000, 0.7818314824680269171, 0.6234898018587371471 ) ) ;
#1329 = DIRECTION ( 'NONE',  ( -1.000000000000000000, 0.000000000000000000, 0.000000000000000000 ) ) ;
#1330 = DIRECTION ( 'NONE',  ( -1.000000000000000000, 0.000000000000000000, -0.000000000000000000 ) ) ;
#1331 = DIRECTION ( 'NONE',  ( 0.000000000000000000, 0.000000000000000000, 1.000000000000000000 ) ) ;
#1332 = EDGE_CURVE ( 'NONE', #3554, #383, #592, .T. ) ;
#1333 = ORIENTED_EDGE ( 'NONE', *, *, #516, .T. ) ;
#1334 = DIRECTION ( 'NONE',  ( 0.000000000000000000, 0.000000000000000000, 1.000000000000000000 ) ) ;
#1335 = CARTESIAN_POINT ( 'NONE',  ( 8.000000000000001776, 0.000000000000000000, 0.000000000000000000 ) ) ;
#1336 = CARTESIAN_POINT ( 'NONE',  ( 0.000000000000000000, 0.000000000000000000, 0.000000000000000000 ) ) ;
#1337 = ORIENTED_EDGE ( 'NONE', *, *, #105, .F. ) ;
#1338 = VECTOR ( 'NONE', #3697, 1000.000000000000000 ) ;
#1339 = CARTESIAN_POINT ( 'NONE',  ( 8.000000000000001776, 10.88474387751600325, 23.95436854990178688 ) ) ;
#1340 = DIRECTION ( 'NONE',  ( -1.000000000000000000, 0.000000000000000000, 0.000000000000000000 ) ) ;
#1341 = ORIENTED_EDGE ( 'NONE', *, *, #834, .T. ) ;
#1342 = VERTEX_POINT ( 'NONE', #655 ) ;
#1343 = AXIS2_PLACEMENT_3D ( 'NONE', #778, #1141, #2221 ) ;
#1344 = ORIENTED_EDGE ( 'NONE', *, *, #1087, .F. ) ;
#1345 = CIRCLE ( 'NONE', #509, 25.49899999999999523 ) ;
#1346 = CARTESIAN_POINT ( 'NONE',  ( 8.000000000000001776, -23.36143195072517287, -10.21971125872138586 ) ) ;
#1347 = FACE_OUTER_BOUND ( 'NONE', #1218, .T. ) ;
#1348 = AXIS2_PLACEMENT_3D ( 'NONE', #3303, #3215, #1083 ) ;
#1349 = VECTOR ( 'NONE', #4422, 1000.000000000000000 ) ;
#1350 = ORIENTED_EDGE ( 'NONE', *, *, #4445, .F. ) ;
#1351 = CIRCLE ( 'NONE', #2558, 11.20000000000000284 ) ;
#1352 = AXIS2_PLACEMENT_3D ( 'NONE', #2236, #3658, #549 ) ;
#1353 = AXIS2_PLACEMENT_3D ( 'NONE', #2322, #2948, #1206 ) ;
#1354 = DIRECTION ( 'NONE',  ( -1.000000000000000000, 0.000000000000000000, -0.000000000000000000 ) ) ;
#1355 = CIRCLE ( 'NONE', #4423, 11.19999999999999929 ) ;
#1356 = CARTESIAN_POINT ( 'NONE',  ( 0.000000000000000000, -11.94175267147946506, -23.44533994287262857 ) ) ;
#1357 = CARTESIAN_POINT ( 'NONE',  ( 0.000000000000000000, 0.000000000000000000, 25.49899999999999523 ) ) ;
#1358 = CARTESIAN_POINT ( 'NONE',  ( 4.000000000000000000, 28.11511939947790140, -10.46613878911898787 ) ) ;
#1359 = ORIENTED_EDGE ( 'NONE', *, *, #576, .F. ) ;
#1360 = EDGE_CURVE ( 'NONE', #3310, #4346, #740, .T. ) ;
#1361 = FACE_OUTER_BOUND ( 'NONE', #4072, .T. ) ;
#1362 = DIRECTION ( 'NONE',  ( 1.000000000000000000, -0.000000000000000000, 0.000000000000000000 ) ) ;
#1363 = DIRECTION ( 'NONE',  ( 0.000000000000000000, -6.982962677686266711E-15, 1.000000000000000000 ) ) ;
#1364 = ORIENTED_EDGE ( 'NONE', *, *, #1150, .T. ) ;
#1365 = DIRECTION ( 'NONE',  ( 0.000000000000000000, 0.6234898018587347046, -0.7818314824680289155 ) ) ;
#1366 = DIRECTION ( 'NONE',  ( 1.000000000000000000, -0.000000000000000000, -0.000000000000000000 ) ) ;
#1367 = VERTEX_POINT ( 'NONE', #1740 ) ;
#1368 = DIRECTION ( 'NONE',  ( -1.000000000000000000, 0.000000000000000000, -0.000000000000000000 ) ) ;
#1369 = FACE_OUTER_BOUND ( 'NONE', #4394, .T. ) ;
#1370 = ORIENTED_EDGE ( 'NONE', *, *, #1076, .T. ) ;
#1371 = EDGE_CURVE ( 'NONE', #5, #2212, #3429, .T. ) ;
#1372 = DIRECTION ( 'NONE',  ( -1.000000000000000000, 0.000000000000000000, -0.000000000000000000 ) ) ;
#1373 = DIRECTION ( 'NONE',  ( -1.000000000000000000, -0.000000000000000000, 0.000000000000000000 ) ) ;
#1374 = CARTESIAN_POINT ( 'NONE',  ( 8.000000000000001776, -16.45993346534653767, 25.08127967860422203 ) ) ;
#1375 = DIRECTION ( 'NONE',  ( 0.000000000000000000, 0.000000000000000000, 1.000000000000000000 ) ) ;
#1376 = ADVANCED_FACE ( 'NONE', ( #3170 ), #1992, .T. ) ;
#1377 = ORIENTED_EDGE ( 'NONE', *, *, #2048, .F. ) ;
#1378 = CYLINDRICAL_SURFACE ( 'NONE', #4559, 30.00000000000000000 ) ;
#1379 = DIRECTION ( 'NONE',  ( 0.000000000000000000, -0.7818314824680221431, -0.6234898018587431423 ) ) ;
#1380 = DIRECTION ( 'NONE',  ( -1.000000000000000000, 0.000000000000000000, 0.000000000000000000 ) ) ;
#1381 = EDGE_CURVE ( 'NONE', #242, #3247, #2032, .T. ) ;
#1382 = ORIENTED_EDGE ( 'NONE', *, *, #547, .T. ) ;
#1383 = DIRECTION ( 'NONE',  ( 0.000000000000000000, 0.000000000000000000, 1.000000000000000000 ) ) ;
#1384 = DIRECTION ( 'NONE',  ( -1.000000000000000000, 0.000000000000000000, -0.000000000000000000 ) ) ;
#1385 = CIRCLE ( 'NONE', #2372, 11.19999999999999929 ) ;
#1386 = DIRECTION ( 'NONE',  ( -1.000000000000000000, -0.000000000000000000, 0.000000000000000000 ) ) ;
#1387 = ORIENTED_EDGE ( 'NONE', *, *, #3457, .F. ) ;
#1388 = ORIENTED_EDGE ( 'NONE', *, *, #253, .T. ) ;
#1389 = AXIS2_PLACEMENT_3D ( 'NONE', #1130, #403, #3659 ) ;
#1390 = ORIENTED_EDGE ( 'NONE', *, *, #3457, .T. ) ;
#1391 = FACE_OUTER_BOUND ( 'NONE', #4305, .T. ) ;
#1392 = DIRECTION ( 'NONE',  ( 0.000000000000000000, 0.4338837391175525138, 0.9009688679024218105 ) ) ;
#1393 = AXIS2_PLACEMENT_3D ( 'NONE', #151, #2391, #4099 ) ;
#1394 = ORIENTED_EDGE ( 'NONE', *, *, #2518, .T. ) ;
#1395 = EDGE_CURVE ( 'NONE', #1598, #3451, #2923, .T. ) ;
#1396 = CIRCLE ( 'NONE', #3486, 11.20000000000000107 ) ;
#1397 = CARTESIAN_POINT ( 'NONE',  ( 8.000000000000001776, -29.87193472823522455, -2.769027914639754950 ) ) ;
#1398 = AXIS2_PLACEMENT_3D ( 'NONE', #1593, #2610, #2708 ) ;
#1399 = LINE ( 'NONE', #2837, #122 ) ;
#1400 = VECTOR ( 'NONE', #1436, 1000.000000000000000 ) ;
#1401 = AXIS2_PLACEMENT_3D ( 'NONE', #4316, #396, #1874 ) ;
#1402 = VERTEX_POINT ( 'NONE', #3027 ) ;
#1403 = DIRECTION ( 'NONE',  ( 0.000000000000000000, 0.000000000000000000, 1.000000000000000000 ) ) ;
#1404 = FACE_OUTER_BOUND ( 'NONE', #1890, .T. ) ;
#1405 = ADVANCED_FACE ( 'NONE', ( #3399 ), #4495, .F. ) ;
#1406 = DIRECTION ( 'NONE',  ( 0.000000000000000000, 0.000000000000000000, -1.000000000000000000 ) ) ;
#1407 = ORIENTED_EDGE ( 'NONE', *, *, #3227, .T. ) ;
#1408 = AXIS2_PLACEMENT_3D ( 'NONE', #376, #676, #395 ) ;
#1409 = DIRECTION ( 'NONE',  ( -1.000000000000000000, -0.000000000000000000, -0.000000000000000000 ) ) ;
#1410 = CARTESIAN_POINT ( 'NONE',  ( 8.000000000000001776, -19.34378712898080011, 16.61375636358847174 ) ) ;
#1411 = EDGE_CURVE ( 'NONE', #3746, #3444, #3052, .T. ) ;
#1412 = LINE ( 'NONE', #2827, #869 ) ;
#1413 = AXIS2_PLACEMENT_3D ( 'NONE', #3652, #4451, #1894 ) ;
#1414 = ORIENTED_EDGE ( 'NONE', *, *, #4596, .T. ) ;
#1415 = ORIENTED_EDGE ( 'NONE', *, *, #2207, .F. ) ;
#1416 = DIRECTION ( 'NONE',  ( 0.000000000000000000, 0.000000000000000000, 1.000000000000000000 ) ) ;
#1417 = CIRCLE ( 'NONE', #2401, 30.00000000000000000 ) ;
#1418 = AXIS2_PLACEMENT_3D ( 'NONE', #3092, #555, #1618 ) ;
#1419 = DIRECTION ( 'NONE',  ( -1.000000000000000000, 0.000000000000000000, 0.000000000000000000 ) ) ;
#1420 = VERTEX_POINT ( 'NONE', #1067 ) ;
#1421 = EDGE_CURVE ( 'NONE', #2964, #4487, #3915, .T. ) ;
#1422 = CIRCLE ( 'NONE', #2175, 11.20000000000000107 ) ;
#1423 = ORIENTED_EDGE ( 'NONE', *, *, #1371, .F. ) ;
#1424 = CARTESIAN_POINT ( 'NONE',  ( 8.000000000000001776, -25.04981177135285009, 4.765074104333709926 ) ) ;
#1425 = CARTESIAN_POINT ( 'NONE',  ( 4.000000000000000888, -25.71224702882823721, -15.45575468000553343 ) ) ;
#1426 = VECTOR ( 'NONE', #2717, 1000.000000000000000 ) ;
#1427 = ORIENTED_EDGE ( 'NONE', *, *, #3678, .F. ) ;
#1428 = AXIS2_PLACEMENT_3D ( 'NONE', #1737, #218, #4275 ) ;
#1429 = CARTESIAN_POINT ( 'NONE',  ( 4.000000000000000888, -20.78975986434221213, -21.62835834692464942 ) ) ;
#1430 = DIRECTION ( 'NONE',  ( -1.000000000000000000, 0.000000000000000000, 0.000000000000000000 ) ) ;
#1431 = EDGE_CURVE ( 'NONE', #3972, #2335, #4135, .T. ) ;
#1432 = CARTESIAN_POINT ( 'NONE',  ( 0.000000000000000000, 0.000000000000000000, 0.000000000000000000 ) ) ;
#1433 = VERTEX_POINT ( 'NONE', #4132 ) ;
#1434 = CARTESIAN_POINT ( 'NONE',  ( 0.000000000000000000, -8.000000000000000000, 0.000000000000000000 ) ) ;
#1435 = CARTESIAN_POINT ( 'NONE',  ( 8.000000000000001776, 0.000000000000000000, 0.000000000000000000 ) ) ;
#1436 = DIRECTION ( 'NONE',  ( -1.000000000000000000, -0.000000000000000000, -0.000000000000000000 ) ) ;
#1437 = EDGE_CURVE ( 'NONE', #4436, #4585, #3935, .T. ) ;
#1438 = ORIENTED_EDGE ( 'NONE', *, *, #1898, .F. ) ;
#1439 = CYLINDRICAL_SURFACE ( 'NONE', #785, 11.19999999999999751 ) ;
#1440 = CARTESIAN_POINT ( 'NONE',  ( 0.000000000000000000, 20.50161238324400159, -15.16188941679815549 ) ) ;
#1441 = EDGE_CURVE ( 'NONE', #3845, #3163, #2555, .T. ) ;
#1442 = DIRECTION ( 'NONE',  ( -1.000000000000000000, -0.000000000000000000, 0.000000000000000000 ) ) ;
#1443 = CARTESIAN_POINT ( 'NONE',  ( 0.000000000000000000, -25.71224702882845747, 15.45575468000517283 ) ) ;
#1444 = ORIENTED_EDGE ( 'NONE', *, *, #1090, .F. ) ;
#1445 = ORIENTED_EDGE ( 'NONE', *, *, #1782, .T. ) ;
#1446 = EDGE_CURVE ( 'NONE', #4092, #325, #3360, .T. ) ;
#1447 = CARTESIAN_POINT ( 'NONE',  ( 8.000000000000001776, 26.30485368663591927, -0.5865956258979815319 ) ) ;
#1448 = CYLINDRICAL_SURFACE ( 'NONE', #3490, 30.00000000000000000 ) ;
#1449 = CARTESIAN_POINT ( 'NONE',  ( 8.000000000000001776, -23.95436854990181885, 10.88474387751592332 ) ) ;
#1450 = EDGE_CURVE ( 'NONE', #3447, #3554, #3747, .T. ) ;
#1451 = FACE_BOUND ( 'NONE', #1567, .T. ) ;
#1452 = FACE_OUTER_BOUND ( 'NONE', #2013, .T. ) ;
#1453 = DIRECTION ( 'NONE',  ( -1.000000000000000000, 0.000000000000000000, -0.000000000000000000 ) ) ;
#1454 = ORIENTED_EDGE ( 'NONE', *, *, #3647, .T. ) ;
#1455 = FACE_OUTER_BOUND ( 'NONE', #4170, .T. ) ;
#1456 = CARTESIAN_POINT ( 'NONE',  ( 8.000000000000001776, -26.30485368663591572, -0.5865956258981671612 ) ) ;
#1457 = ADVANCED_FACE ( 'NONE', ( #152 ), #4628, .T. ) ;
#1458 = EDGE_LOOP ( 'NONE', ( #793, #2030, #2569, #4657 ) ) ;
#1459 = DIRECTION ( 'NONE',  ( 1.000000000000000000, 0.000000000000000000, -0.000000000000000000 ) ) ;
#1460 = LINE ( 'NONE', #1820, #4499 ) ;
#1461 = ADVANCED_FACE ( 'NONE', ( #700 ), #2690, .T. ) ;
#1462 = VECTOR ( 'NONE', #863, 1000.000000000000000 ) ;
#1463 = ORIENTED_EDGE ( 'NONE', *, *, #2024, .T. ) ;
#1464 = CIRCLE ( 'NONE', #492, 11.20000000000000107 ) ;
#1465 = AXIS2_PLACEMENT_3D ( 'NONE', #4608, #2459, #2134 ) ;
#1466 = DIRECTION ( 'NONE',  ( -1.000000000000000000, 0.000000000000000000, 0.000000000000000000 ) ) ;
#1467 = DIRECTION ( 'NONE',  ( 0.000000000000000000, 0.000000000000000000, 1.000000000000000000 ) ) ;
#1468 = CIRCLE ( 'NONE', #1775, 25.49899999999999523 ) ;
#1469 = AXIS2_PLACEMENT_3D ( 'NONE', #2501, #2143, #2932 ) ;
#1470 = DIRECTION ( 'NONE',  ( 0.000000000000000000, 0.000000000000000000, 1.000000000000000000 ) ) ;
#1471 = EDGE_CURVE ( 'NONE', #45, #2978, #3954, .T. ) ;
#1472 = FACE_OUTER_BOUND ( 'NONE', #317, .T. ) ;
#1473 = CARTESIAN_POINT ( 'NONE',  ( 8.000000000000001776, -22.55570658189509459, -11.89281722685814557 ) ) ;
#1474 = DIRECTION ( 'NONE',  ( -1.000000000000000000, -0.000000000000000000, 0.000000000000000000 ) ) ;
#1475 = VERTEX_POINT ( 'NONE', #2909 ) ;
#1476 = ORIENTED_EDGE ( 'NONE', *, *, #924, .T. ) ;
#1477 = EDGE_CURVE ( 'NONE', #4399, #3094, #2955, .T. ) ;
#1478 = ORIENTED_EDGE ( 'NONE', *, *, #1411, .F. ) ;
#1479 = CARTESIAN_POINT ( 'NONE',  ( 8.000000000000001776, 20.50161238324400159, -15.16188941679815549 ) ) ;
#1480 = DIRECTION ( 'NONE',  ( -1.000000000000000000, 0.000000000000000000, 0.000000000000000000 ) ) ;
#1481 = VECTOR ( 'NONE', #4012, 1000.000000000000000 ) ;
#1482 = ADVANCED_FACE ( 'NONE', ( #3982 ), #2586, .T. ) ;
#1483 = CYLINDRICAL_SURFACE ( 'NONE', #1951, 11.19999999999999929 ) ;
#1484 = CARTESIAN_POINT ( 'NONE',  ( 0.000000000000000000, 0.000000000000000000, 0.000000000000000000 ) ) ;
#1485 = PRODUCT_DEFINITION_SHAPE ( 'NONE', 'NONE',  #432 ) ;
#1486 = DIRECTION ( 'NONE',  ( 0.000000000000000000, 0.000000000000000000, 1.000000000000000000 ) ) ;
#1487 = EDGE_CURVE ( 'NONE', #5, #939, #2037, .T. ) ;
#1488 = ORIENTED_EDGE ( 'NONE', *, *, #1562, .F. ) ;
#1489 = DIRECTION ( 'NONE',  ( -1.000000000000000000, 0.000000000000000000, -0.000000000000000000 ) ) ;
#1490 = CARTESIAN_POINT ( 'NONE',  ( 8.000000000000001776, 20.78975986434267398, -21.62835834692421955 ) ) ;
#1491 = CIRCLE ( 'NONE', #2114, 11.19999999999999751 ) ;
#1492 = CARTESIAN_POINT ( 'NONE',  ( 0.000000000000000000, 25.04981177135282167, 4.765074104333884009 ) ) ;
#1493 = VECTOR ( 'NONE', #3610, 1000.000000000000000 ) ;
#1494 = ORIENTED_EDGE ( 'NONE', *, *, #1441, .T. ) ;
#1495 = EDGE_CURVE ( 'NONE', #3179, #4579, #4058, .T. ) ;
#1496 = LINE ( 'NONE', #3631, #795 ) ;
#1497 = DIRECTION ( 'NONE',  ( -1.000000000000000000, 0.000000000000000000, 0.000000000000000000 ) ) ;
#1498 = AXIS2_PLACEMENT_3D ( 'NONE', #2973, #1607, #3036 ) ;
#1499 = DIRECTION ( 'NONE',  ( -1.000000000000000000, -0.000000000000000000, -0.000000000000000000 ) ) ;
#1500 = ORIENTED_EDGE ( 'NONE', *, *, #710, .F. ) ;
#1501 = ORIENTED_EDGE ( 'NONE', *, *, #201, .F. ) ;
#1502 = CIRCLE ( 'NONE', #1965, 11.20000000000000284 ) ;
#1503 = DIRECTION ( 'NONE',  ( 0.000000000000000000, -0.2225209339563015698, -0.9749279121818265059 ) ) ;
#1504 = DIRECTION ( 'NONE',  ( 0.000000000000000000, 0.000000000000000000, 1.000000000000000000 ) ) ;
#1505 = ORIENTED_EDGE ( 'NONE', *, *, #2329, .F. ) ;
#1506 = VERTEX_POINT ( 'NONE', #1473 ) ;
#1507 = ORIENTED_EDGE ( 'NONE', *, *, #4596, .F. ) ;
#1508 = ADVANCED_FACE ( 'NONE', ( #429 ), #3632, .T. ) ;
#1509 = DIRECTION ( 'NONE',  ( 0.000000000000000000, 0.000000000000000000, -1.000000000000000000 ) ) ;
#1510 = DIRECTION ( 'NONE',  ( -1.000000000000000000, 0.000000000000000000, 0.000000000000000000 ) ) ;
#1511 = VERTEX_POINT ( 'NONE', #2869 ) ;
#1512 = ORIENTED_EDGE ( 'NONE', *, *, #718, .T. ) ;
#1513 = DIRECTION ( 'NONE',  ( -1.000000000000000000, -0.000000000000000000, 0.000000000000000000 ) ) ;
#1514 = DIRECTION ( 'NONE',  ( 0.000000000000000000, 0.7818314824680268060, 0.6234898018587372581 ) ) ;
#1515 = EDGE_CURVE ( 'NONE', #4560, #4370, #514, .T. ) ;
#1516 = CARTESIAN_POINT ( 'NONE',  ( 8.000000000000001776, 11.89281722685822729, -22.55570658189505906 ) ) ;
#1517 = CARTESIAN_POINT ( 'NONE',  ( -22.00000000000001421, 3.061616997868383141E-16, 2.500000000000000000 ) ) ;
#1518 = DIRECTION ( 'NONE',  ( -1.000000000000000000, -0.000000000000000000, 0.000000000000000000 ) ) ;
#1519 = EDGE_CURVE ( 'NONE', #2083, #3692, #4343, .T. ) ;
#1520 = ORIENTED_EDGE ( 'NONE', *, *, #4029, .F. ) ;
#1521 = ORIENTED_EDGE ( 'NONE', *, *, #4291, .F. ) ;
#1522 = ORIENTED_EDGE ( 'NONE', *, *, #4326, .F. ) ;
#1523 = ORIENTED_EDGE ( 'NONE', *, *, #2137, .T. ) ;
#1524 = ORIENTED_EDGE ( 'NONE', *, *, #2274, .T. ) ;
#1525 = CYLINDRICAL_SURFACE ( 'NONE', #94, 30.00000000000000000 ) ;
#1526 = CARTESIAN_POINT ( 'NONE',  ( 0.000000000000000000, 29.87193472823523877, 2.769027914639544896 ) ) ;
#1527 = ORIENTED_EDGE ( 'NONE', *, *, #1326, .F. ) ;
#1528 = EDGE_CURVE ( 'NONE', #1176, #3579, #1491, .T. ) ;
#1529 = ORIENTED_EDGE ( 'NONE', *, *, #4640, .T. ) ;
#1530 = DIRECTION ( 'NONE',  ( 0.000000000000000000, -0.6234898018587240465, -0.7818314824680374642 ) ) ;
#1531 = FACE_OUTER_BOUND ( 'NONE', #848, .T. ) ;
#1532 = AXIS2_PLACEMENT_3D ( 'NONE', #2326, #21, #4139 ) ;
#1533 = DIRECTION ( 'NONE',  ( -1.000000000000000000, 0.000000000000000000, 0.000000000000000000 ) ) ;
#1534 = DIRECTION ( 'NONE',  ( -1.000000000000000000, -0.000000000000000000, -0.000000000000000000 ) ) ;
#1535 = CARTESIAN_POINT ( 'NONE',  ( 0.000000000000000000, -26.30485368663591572, 10.61340437410183313 ) ) ;
#1536 = AXIS2_PLACEMENT_3D ( 'NONE', #2242, #49, #1503 ) ;
#1537 = LINE ( 'NONE', #453, #2905 ) ;
#1538 = FACE_OUTER_BOUND ( 'NONE', #308, .T. ) ;
#1539 = CIRCLE ( 'NONE', #4186, 30.00000000000000000 ) ;
#1540 = DIRECTION ( 'NONE',  ( -1.000000000000000000, 0.000000000000000000, 0.000000000000000000 ) ) ;
#1541 = EDGE_LOOP ( 'NONE', ( #1520, #1853, #1209, #1777 ) ) ;
#1542 = VERTEX_POINT ( 'NONE', #1103 ) ;
#1543 = EDGE_CURVE ( 'NONE', #3241, #2059, #2703, .T. ) ;
#1544 = ORIENTED_EDGE ( 'NONE', *, *, #1122, .F. ) ;
#1545 = CARTESIAN_POINT ( 'NONE',  ( 8.000000000000001776, -23.95436854990167319, -10.88474387751624661 ) ) ;
#1546 = AXIS2_PLACEMENT_3D ( 'NONE', #2092, #649, #2744 ) ;
#1547 = VERTEX_POINT ( 'NONE', #4652 ) ;
#1548 = ORIENTED_EDGE ( 'NONE', *, *, #2319, .F. ) ;
#1549 = DIRECTION ( 'NONE',  ( 0.000000000000000000, 0.000000000000000000, 1.000000000000000000 ) ) ;
#1550 = LINE ( 'NONE', #2294, #1276 ) ;
#1551 = DIRECTION ( 'NONE',  ( 0.000000000000000000, 0.9749279121818227312, 0.2225209339563181954 ) ) ;
#1552 = ADVANCED_FACE ( 'NONE', ( #1452 ), #4048, .F. ) ;
#1553 = ORIENTED_EDGE ( 'NONE', *, *, #603, .F. ) ;
#1554 = CYLINDRICAL_SURFACE ( 'NONE', #2478, 30.00000000000000000 ) ;
#1555 = VECTOR ( 'NONE', #2876, 1000.000000000000000 ) ;
#1556 = DIRECTION ( 'NONE',  ( 0.000000000000000000, 0.000000000000000000, 1.000000000000000000 ) ) ;
#1557 = EDGE_LOOP ( 'NONE', ( #4171, #1869, #97, #1268 ) ) ;
#1558 = CARTESIAN_POINT ( 'NONE',  ( 0.000000000000000000, 20.78975986434236134, 21.62835834692451087 ) ) ;
#1559 = CIRCLE ( 'NONE', #3057, 25.49899999999999878 ) ;
#1560 = DIRECTION ( 'NONE',  ( 0.000000000000000000, 0.000000000000000000, 1.000000000000000000 ) ) ;
#1561 = CARTESIAN_POINT ( 'NONE',  ( 0.000000000000000000, -10.88474387751616312, 23.95436854990171227 ) ) ;
#1562 = EDGE_CURVE ( 'NONE', #3866, #1342, #1828, .T. ) ;
#1563 = AXIS2_PLACEMENT_3D ( 'NONE', #296, #902, #174 ) ;
#1564 = AXIS2_PLACEMENT_3D ( 'NONE', #3230, #3624, #4359 ) ;
#1565 = AXIS2_PLACEMENT_3D ( 'NONE', #3300, #1807, #40 ) ;
#1566 = DIRECTION ( 'NONE',  ( 0.000000000000000000, 0.000000000000000000, 1.000000000000000000 ) ) ;
#1567 = EDGE_LOOP ( 'NONE', ( #2754, #1913 ) ) ;
#1568 = VERTEX_POINT ( 'NONE', #1787 ) ;
#1569 = ORIENTED_EDGE ( 'NONE', *, *, #447, .T. ) ;
#1570 = LINE ( 'NONE', #4438, #3489 ) ;
#1571 = AXIS2_PLACEMENT_3D ( 'NONE', #2399, #4572, #3438 ) ;
#1572 = DIRECTION ( 'NONE',  ( 1.000000000000000000, 0.000000000000000000, -0.000000000000000000 ) ) ;
#1573 = VERTEX_POINT ( 'NONE', #1811 ) ;
#1574 = VERTEX_POINT ( 'NONE', #19 ) ;
#1575 = EDGE_CURVE ( 'NONE', #107, #4238, #1875, .T. ) ;
#1576 = VERTEX_POINT ( 'NONE', #4025 ) ;
#1577 = DIRECTION ( 'NONE',  ( 0.000000000000000000, 0.000000000000000000, -1.000000000000000000 ) ) ;
#1578 = LINE ( 'NONE', #3006, #2990 ) ;
#1579 = LINE ( 'NONE', #1160, #2494 ) ;
#1580 = EDGE_CURVE ( 'NONE', #933, #4634, #1961, .T. ) ;
#1581 = ORIENTED_EDGE ( 'NONE', *, *, #2618, .F. ) ;
#1582 = DIRECTION ( 'NONE',  ( 0.000000000000000000, 0.000000000000000000, 1.000000000000000000 ) ) ;
#1583 = CYLINDRICAL_SURFACE ( 'NONE', #3273, 25.49899999999999523 ) ;
#1584 = CARTESIAN_POINT ( 'NONE',  ( 4.000000000000000888, -28.11511939947783034, 10.46613878911918327 ) ) ;
#1585 = CARTESIAN_POINT ( 'NONE',  ( -10.00000000000000000, 0.000000000000000000, 0.000000000000000000 ) ) ;
#1586 = ADVANCED_FACE ( 'NONE', ( #2566 ), #788, .T. ) ;
#1587 = DIRECTION ( 'NONE',  ( 1.000000000000000000, -0.000000000000000000, -0.000000000000000000 ) ) ;
#1588 = CARTESIAN_POINT ( 'NONE',  ( 8.000000000000001776, -25.04981177135278969, -4.765074104334058092 ) ) ;
#1589 = DIRECTION ( 'NONE',  ( 0.000000000000000000, 0.000000000000000000, 1.000000000000000000 ) ) ;
#1590 = VERTEX_POINT ( 'NONE', #3702 ) ;
#1591 = ORIENTED_EDGE ( 'NONE', *, *, #3268, .F. ) ;
#1592 = EDGE_CURVE ( 'NONE', #2263, #2196, #4432, .T. ) ;
#1593 = CARTESIAN_POINT ( 'NONE',  ( 8.000000000000001776, 25.51480627843078608, -6.425269058786144960 ) ) ;
#1594 = CARTESIAN_POINT ( 'NONE',  ( 4.000000000000000888, -9.346733418401415250, -28.50681627971348675 ) ) ;
#1595 = VERTEX_POINT ( 'NONE', #2001 ) ;
#1596 = ORIENTED_EDGE ( 'NONE', *, *, #2095, .F. ) ;
#1597 = ORIENTED_EDGE ( 'NONE', *, *, #1059, .F. ) ;
#1598 = VERTEX_POINT ( 'NONE', #4145 ) ;
#1599 = DIRECTION ( 'NONE',  ( 0.000000000000000000, 0.000000000000000000, 1.000000000000000000 ) ) ;
#1600 = EDGE_CURVE ( 'NONE', #3149, #4435, #1290, .T. ) ;
#1601 = DIRECTION ( 'NONE',  ( -1.000000000000000000, -0.000000000000000000, 0.000000000000000000 ) ) ;
#1602 = LINE ( 'NONE', #1892, #1349 ) ;
#1603 = EDGE_CURVE ( 'NONE', #3444, #3616, #2783, .T. ) ;
#1604 = CARTESIAN_POINT ( 'NONE',  ( 8.000000000000001776, -5.281492161082812942, 25.77586589148978646 ) ) ;
#1605 = DIRECTION ( 'NONE',  ( -1.000000000000000000, -0.000000000000000000, -0.000000000000000000 ) ) ;
#1606 = DIRECTION ( 'NONE',  ( 0.000000000000000000, -0.9009688679024142610, -0.4338837391175685010 ) ) ;
#1607 = DIRECTION ( 'NONE',  ( -1.000000000000000000, 0.000000000000000000, -0.000000000000000000 ) ) ;
#1608 = FACE_OUTER_BOUND ( 'NONE', #3089, .T. ) ;
#1609 = DIRECTION ( 'NONE',  ( -1.000000000000000000, 0.000000000000000000, 0.000000000000000000 ) ) ;
#1610 = EDGE_CURVE ( 'NONE', #3759, #4632, #4408, .T. ) ;
#1611 = CIRCLE ( 'NONE', #1167, 11.20000000000000107 ) ;
#1612 = CYLINDRICAL_SURFACE ( 'NONE', #712, 11.19999999999999929 ) ;
#1613 = ORIENTED_EDGE ( 'NONE', *, *, #1431, .T. ) ;
#1614 = AXIS2_PLACEMENT_3D ( 'NONE', #1225, #3714, #3330 ) ;
#1615 = CARTESIAN_POINT ( 'NONE',  ( 8.000000000000001776, -16.61375636358840779, -19.34378712898085340 ) ) ;
#1616 = CIRCLE ( 'NONE', #2830, 11.20000000000000284 ) ;
#1617 = VECTOR ( 'NONE', #3522, 1000.000000000000000 ) ;
#1618 = DIRECTION ( 'NONE',  ( 0.000000000000000000, -0.6234898018587239354, -0.7818314824680374642 ) ) ;
#1619 = ADVANCED_FACE ( 'NONE', ( #3412 ), #1981, .T. ) ;
#1620 = ORIENTED_EDGE ( 'NONE', *, *, #3329, .F. ) ;
#1621 = ORIENTED_EDGE ( 'NONE', *, *, #2257, .T. ) ;
#1622 = AXIS2_PLACEMENT_3D ( 'NONE', #1739, #1295, #3114 ) ;
#1623 = CARTESIAN_POINT ( 'NONE',  ( 0.000000000000000000, 11.89281722685791642, 22.55570658189521893 ) ) ;
#1624 = CARTESIAN_POINT ( 'NONE',  ( -22.00000000000001421, 0.000000000000000000, 0.000000000000000000 ) ) ;
#1625 = AXIS2_PLACEMENT_3D ( 'NONE', #1659, #3062, #1289 ) ;
#1626 = DIRECTION ( 'NONE',  ( 0.000000000000000000, 0.000000000000000000, 1.000000000000000000 ) ) ;
#1627 = EDGE_CURVE ( 'NONE', #1709, #4487, #4577, .T. ) ;
#1628 = LINE ( 'NONE', #1655, #1049 ) ;
#1629 = DIRECTION ( 'NONE',  ( 0.000000000000000000, 0.9009688679024171476, 0.4338837391175620617 ) ) ;
#1630 = CIRCLE ( 'NONE', #2473, 11.19999999999999929 ) ;
#1631 = LINE ( 'NONE', #1584, #4532 ) ;
#1632 = DIRECTION ( 'NONE',  ( -1.000000000000000000, 0.000000000000000000, 0.000000000000000000 ) ) ;
#1633 = EDGE_CURVE ( 'NONE', #3554, #1027, #2674, .T. ) ;
#1634 = CIRCLE ( 'NONE', #2842, 25.49899999999999523 ) ;
#1635 = VECTOR ( 'NONE', #4094, 1000.000000000000000 ) ;
#1636 = DIRECTION ( 'NONE',  ( -1.000000000000000000, -0.000000000000000000, 0.000000000000000000 ) ) ;
#1637 = CARTESIAN_POINT ( 'NONE',  ( 4.000000000000000000, 25.71224702882856761, -15.45575468000499519 ) ) ;
#1638 = LINE ( 'NONE', #2308, #1915 ) ;
#1639 = EDGE_CURVE ( 'NONE', #2390, #559, #501, .T. ) ;
#1640 = ORIENTED_EDGE ( 'NONE', *, *, #2192, .T. ) ;
#1641 = ORIENTED_EDGE ( 'NONE', *, *, #2448, .F. ) ;
#1642 = DIRECTION ( 'NONE',  ( 0.000000000000000000, -0.9749279121818257288, 0.2225209339563049560 ) ) ;
#1643 = AXIS2_PLACEMENT_3D ( 'NONE', #2896, #2534, #4638 ) ;
#1644 = CARTESIAN_POINT ( 'NONE',  ( 0.000000000000000000, -23.44533994287258949, 11.94175267147954855 ) ) ;
#1645 = ORIENTED_EDGE ( 'NONE', *, *, #3678, .T. ) ;
#1646 = VERTEX_POINT ( 'NONE', #1214 ) ;
#1647 = ORIENTED_EDGE ( 'NONE', *, *, #1543, .F. ) ;
#1648 = CIRCLE ( 'NONE', #1563, 30.00000000000000000 ) ;
#1649 = AXIS2_PLACEMENT_3D ( 'NONE', #3251, #2144, #2583 ) ;
#1650 = CARTESIAN_POINT ( 'NONE',  ( 0.000000000000000000, -28.11511939947783034, 10.46613878911918327 ) ) ;
#1651 = DIRECTION ( 'NONE',  ( 0.000000000000000000, 0.000000000000000000, -1.000000000000000000 ) ) ;
#1652 = AXIS2_PLACEMENT_3D ( 'NONE', #4456, #1609, #528 ) ;
#1653 = CARTESIAN_POINT ( 'NONE',  ( 4.000000000000000888, 25.08127967860427177, 16.45993346534645596 ) ) ;
#1654 = EDGE_CURVE ( 'NONE', #69, #3003, #3827, .T. ) ;
#1655 = CARTESIAN_POINT ( 'NONE',  ( 8.000000000000001776, 16.61375636358880925, -19.34378712898050878 ) ) ;
#1656 = DIRECTION ( 'NONE',  ( -1.000000000000000000, -0.000000000000000000, -0.000000000000000000 ) ) ;
#1657 = DIRECTION ( 'NONE',  ( -1.000000000000000000, 0.000000000000000000, 0.000000000000000000 ) ) ;
#1658 = VERTEX_POINT ( 'NONE', #3342 ) ;
#1659 = CARTESIAN_POINT ( 'NONE',  ( 0.000000000000000000, -25.51480627843073989, -6.425269058786323484 ) ) ;
#1660 = DIRECTION ( 'NONE',  ( 0.000000000000000000, 0.000000000000000000, -1.000000000000000000 ) ) ;
#1661 = EDGE_CURVE ( 'NONE', #3542, #1966, #4114, .T. ) ;
#1662 = ORIENTED_EDGE ( 'NONE', *, *, #2738, .T. ) ;
#1663 = CARTESIAN_POINT ( 'NONE',  ( 8.000000000000001776, 21.62835834692443981, 20.78975986434244305 ) ) ;
#1664 = ORIENTED_EDGE ( 'NONE', *, *, #2584, .F. ) ;
#1665 = DIRECTION ( 'NONE',  ( 0.000000000000000000, 0.000000000000000000, 1.000000000000000000 ) ) ;
#1666 = CARTESIAN_POINT ( 'NONE',  ( 0.000000000000000000, -25.51480627843073989, -6.425269058786323484 ) ) ;
#1667 = VERTEX_POINT ( 'NONE', #1953 ) ;
#1668 = EDGE_LOOP ( 'NONE', ( #940, #1488, #1823, #2977 ) ) ;
#1669 = VERTEX_POINT ( 'NONE', #3727 ) ;
#1670 = EDGE_LOOP ( 'NONE', ( #2959, #356, #3120, #2957 ) ) ;
#1671 = ORIENTED_EDGE ( 'NONE', *, *, #984, .F. ) ;
#1672 = DIRECTION ( 'NONE',  ( 1.000000000000000000, -0.000000000000000000, -0.000000000000000000 ) ) ;
#1673 = DIRECTION ( 'NONE',  ( -1.000000000000000000, 0.000000000000000000, -0.000000000000000000 ) ) ;
#1674 = ORIENTED_EDGE ( 'NONE', *, *, #4291, .T. ) ;
#1675 = ADVANCED_FACE ( 'NONE', ( #3369 ), #816, .T. ) ;
#1676 = CARTESIAN_POINT ( 'NONE',  ( 8.000000000000001776, 20.50161238324400159, -15.16188941679815549 ) ) ;
#1677 = DIRECTION ( 'NONE',  ( 0.000000000000000000, 0.000000000000000000, 1.000000000000000000 ) ) ;
#1678 = CARTESIAN_POINT ( 'NONE',  ( 8.000000000000001776, 11.94175267147963027, 23.44533994287254686 ) ) ;
#1679 = CARTESIAN_POINT ( 'NONE',  ( 8.000000000000001776, 16.85942694080864257, 20.20022636336488020 ) ) ;
#1680 = VECTOR ( 'NONE', #316, 1000.000000000000000 ) ;
#1681 = FACE_OUTER_BOUND ( 'NONE', #3606, .T. ) ;
#1682 = LINE ( 'NONE', #2125, #132 ) ;
#1683 = AXIS2_PLACEMENT_3D ( 'NONE', #1829, #4453, #1286 ) ;
#1684 = CARTESIAN_POINT ( 'NONE',  ( 8.000000000000001776, -10.46613878911908557, -28.11511939947786942 ) ) ;
#1685 = ORIENTED_EDGE ( 'NONE', *, *, #1627, .T. ) ;
#1686 = FACE_OUTER_BOUND ( 'NONE', #4441, .T. ) ;
#1687 = CIRCLE ( 'NONE', #2824, 11.20000000000000107 ) ;
#1688 = AXIS2_PLACEMENT_3D ( 'NONE', #2049, #236, #3111 ) ;
#1689 = LINE ( 'NONE', #3116, #1400 ) ;
#1690 = EDGE_CURVE ( 'NONE', #3905, #2212, #1127, .T. ) ;
#1691 = AXIS2_PLACEMENT_3D ( 'NONE', #3570, #1816, #3618 ) ;
#1692 = EDGE_LOOP ( 'NONE', ( #1742, #2630, #698, #368 ) ) ;
#1693 = DIRECTION ( 'NONE',  ( 0.000000000000000000, 0.000000000000000000, 1.000000000000000000 ) ) ;
#1694 = CIRCLE ( 'NONE', #2010, 11.20000000000000107 ) ;
#1695 = LINE ( 'NONE', #273, #831 ) ;
#1696 = ORIENTED_EDGE ( 'NONE', *, *, #2709, .T. ) ;
#1697 = CIRCLE ( 'NONE', #1398, 11.20000000000000284 ) ;
#1698 = CIRCLE ( 'NONE', #3568, 2.500000000000000000 ) ;
#1699 = VERTEX_POINT ( 'NONE', #1588 ) ;
#1700 = AXIS2_PLACEMENT_3D ( 'NONE', #1434, #4321, #1101 ) ;
#1701 = AXIS2_PLACEMENT_3D ( 'NONE', #2324, #467, #2951 ) ;
#1702 = CARTESIAN_POINT ( 'NONE',  ( -22.00000000000001421, 2.000000000000000000, 1.500000000000000222 ) ) ;
#1703 = CARTESIAN_POINT ( 'NONE',  ( 8.000000000000001776, 20.20022636336504718, -16.85942694080844007 ) ) ;
#1704 = CARTESIAN_POINT ( 'NONE',  ( 4.000000000000000888, -21.62835834692457837, 20.78975986434229739 ) ) ;
#1705 = AXIS2_PLACEMENT_3D ( 'NONE', #3368, #141, #3319 ) ;
#1706 = CYLINDRICAL_SURFACE ( 'NONE', #491, 11.19999999999999929 ) ;
#1707 = CARTESIAN_POINT ( 'NONE',  ( -10.00000000000000000, 0.000000000000000000, 0.000000000000000000 ) ) ;
#1708 = CARTESIAN_POINT ( 'NONE',  ( 0.000000000000000000, -29.87193472823526008, 2.769027914639338395 ) ) ;
#1709 = VERTEX_POINT ( 'NONE', #2701 ) ;
#1710 = AXIS2_PLACEMENT_3D ( 'NONE', #1175, #479, #1964 ) ;
#1711 = ADVANCED_FACE ( 'NONE', ( #2332 ), #3016, .T. ) ;
#1712 = CARTESIAN_POINT ( 'NONE',  ( 8.000000000000001776, -25.51480627843073989, 4.774730941213675806 ) ) ;
#1713 = AXIS2_PLACEMENT_3D ( 'NONE', #3815, #2085, #906 ) ;
#1714 = CARTESIAN_POINT ( 'NONE',  ( 8.000000000000001776, 23.95436854990190056, -10.88474387751574213 ) ) ;
#1715 = ORIENTED_EDGE ( 'NONE', *, *, #2087, .F. ) ;
#1716 = CIRCLE ( 'NONE', #1270, 25.49899999999999523 ) ;
#1717 = ORIENTED_EDGE ( 'NONE', *, *, #2116, .F. ) ;
#1718 = CARTESIAN_POINT ( 'NONE',  ( 8.000000000000001776, -6.425269058786235554, 25.51480627843076476 ) ) ;
#1719 = LINE ( 'NONE', #3430, #1887 ) ;
#1720 = ADVANCED_FACE ( 'NONE', ( #3040 ), #454, .T. ) ;
#1721 = VERTEX_POINT ( 'NONE', #2357 ) ;
#1722 = VECTOR ( 'NONE', #2507, 1000.000000000000000 ) ;
#1723 = ORIENTED_EDGE ( 'NONE', *, *, #1311, .T. ) ;
#1724 = AXIS2_PLACEMENT_3D ( 'NONE', #3277, #2189, #16 ) ;
#1725 = ORIENTED_EDGE ( 'NONE', *, *, #2228, .F. ) ;
#1726 = AXIS2_PLACEMENT_3D ( 'NONE', #392, #11, #708 ) ;
#1727 = CYLINDRICAL_SURFACE ( 'NONE', #3136, 30.00000000000000000 ) ;
#1728 = VECTOR ( 'NONE', #2328, 1000.000000000000000 ) ;
#1729 = DIRECTION ( 'NONE',  ( 0.000000000000000000, 0.000000000000000000, -1.000000000000000000 ) ) ;
#1730 = ADVANCED_FACE ( 'NONE', ( #1538 ), #839, .T. ) ;
#1731 = CYLINDRICAL_SURFACE ( 'NONE', #2299, 11.20000000000000107 ) ;
#1732 = CIRCLE ( 'NONE', #3602, 25.49899999999999523 ) ;
#1733 = CARTESIAN_POINT ( 'NONE',  ( 8.000000000000001776, 26.30485368663591927, 10.61340437410201787 ) ) ;
#1734 = ORIENTED_EDGE ( 'NONE', *, *, #76, .T. ) ;
#1735 = CARTESIAN_POINT ( 'NONE',  ( 0.000000000000000000, -20.50161238324389501, 15.16188941679830293 ) ) ;
#1736 = DIRECTION ( 'NONE',  ( 1.000000000000000000, 0.000000000000000000, -0.000000000000000000 ) ) ;
#1737 = CARTESIAN_POINT ( 'NONE',  ( 0.000000000000000000, 0.000000000000000000, 0.000000000000000000 ) ) ;
#1738 = VERTEX_POINT ( 'NONE', #4599 ) ;
#1739 = CARTESIAN_POINT ( 'NONE',  ( 8.000000000000001776, 25.77586589148981133, 5.281492161082729453 ) ) ;
#1740 = CARTESIAN_POINT ( 'NONE',  ( 8.000000000000001776, 20.50161238324379553, 15.16188941679844149 ) ) ;
#1741 = CARTESIAN_POINT ( 'NONE',  ( 6.000000000000000000, 0.000000000000000000, 8.000000000000000000 ) ) ;
#1742 = ORIENTED_EDGE ( 'NONE', *, *, #452, .T. ) ;
#1743 = EDGE_CURVE ( 'NONE', #3423, #445, #3826, .T. ) ;
#1744 = ORIENTED_EDGE ( 'NONE', *, *, #4471, .F. ) ;
#1745 = EDGE_LOOP ( 'NONE', ( #3636, #1153, #23, #3635 ) ) ;
#1746 = DIRECTION ( 'NONE',  ( 0.000000000000000000, 0.9009688679024201452, -0.4338837391175560110 ) ) ;
#1747 = ORIENTED_EDGE ( 'NONE', *, *, #3918, .T. ) ;
#1748 = ORIENTED_EDGE ( 'NONE', *, *, #1592, .F. ) ;
#1749 = EDGE_CURVE ( 'NONE', #3346, #3803, #4353, .T. ) ;
#1750 = CARTESIAN_POINT ( 'NONE',  ( 8.000000000000001776, -26.30485368663591572, 10.61340437410183313 ) ) ;
#1751 = DIRECTION ( 'NONE',  ( 1.000000000000000000, -0.000000000000000000, -0.000000000000000000 ) ) ;
#1752 = ORIENTED_EDGE ( 'NONE', *, *, #2431, .F. ) ;
#1753 = DIRECTION ( 'NONE',  ( 0.000000000000000000, -8.881784197001252323E-16, -1.000000000000000000 ) ) ;
#1754 = ORIENTED_EDGE ( 'NONE', *, *, #2543, .T. ) ;
#1755 = EDGE_CURVE ( 'NONE', #1217, #2537, #1885, .T. ) ;
#1756 = ORIENTED_EDGE ( 'NONE', *, *, #3928, .F. ) ;
#1757 = DIRECTION ( 'NONE',  ( -1.000000000000000000, -0.000000000000000000, -0.000000000000000000 ) ) ;
#1758 = DIRECTION ( 'NONE',  ( -1.000000000000000000, -0.000000000000000000, 0.000000000000000000 ) ) ;
#1759 = DIRECTION ( 'NONE',  ( -1.000000000000000000, 0.000000000000000000, 0.000000000000000000 ) ) ;
#1760 = ORIENTED_EDGE ( 'NONE', *, *, #3287, .T. ) ;
#1761 = CYLINDRICAL_SURFACE ( 'NONE', #1023, 11.20000000000000107 ) ;
#1762 = EDGE_CURVE ( 'NONE', #3274, #69, #1732, .T. ) ;
#1763 = CARTESIAN_POINT ( 'NONE',  ( 8.000000000000001776, 15.94218908519877687, -20.93169914448931479 ) ) ;
#1764 = CARTESIAN_POINT ( 'NONE',  ( 4.000000000000000000, -2.769027914639648813, 29.87193472823523166 ) ) ;
#1765 = ORIENTED_EDGE ( 'NONE', *, *, #4564, .F. ) ;
#1766 = ORIENTED_EDGE ( 'NONE', *, *, #2395, .F. ) ;
#1767 = CARTESIAN_POINT ( 'NONE',  ( 0.000000000000000000, 0.000000000000000000, 0.000000000000000000 ) ) ;
#1768 = DIRECTION ( 'NONE',  ( -1.000000000000000000, 0.000000000000000000, -0.000000000000000000 ) ) ;
#1769 = ORIENTED_EDGE ( 'NONE', *, *, #337, .F. ) ;
#1770 = VECTOR ( 'NONE', #932, 1000.000000000000000 ) ;
#1771 = ORIENTED_EDGE ( 'NONE', *, *, #4093, .F. ) ;
#1772 = EDGE_CURVE ( 'NONE', #2714, #2685, #4251, .T. ) ;
#1773 = CARTESIAN_POINT ( 'NONE',  ( 4.000000000000000000, -29.73914963514675591, -3.947528211216468463 ) ) ;
#1774 = LINE ( 'NONE', #3181, #4280 ) ;
#1775 = AXIS2_PLACEMENT_3D ( 'NONE', #2384, #3046, #3807 ) ;
#1776 = AXIS2_PLACEMENT_3D ( 'NONE', #4005, #380, #3279 ) ;
#1777 = ORIENTED_EDGE ( 'NONE', *, *, #2448, .T. ) ;
#1778 = DIRECTION ( 'NONE',  ( 0.000000000000000000, 0.000000000000000000, 1.000000000000000000 ) ) ;
#1779 = CARTESIAN_POINT ( 'NONE',  ( 8.000000000000001776, 11.94175267147963027, 23.44533994287254686 ) ) ;
#1780 = CIRCLE ( 'NONE', #1931, 11.20000000000000107 ) ;
#1781 = AXIS2_PLACEMENT_3D ( 'NONE', #1916, #2621, #1977 ) ;
#1782 = EDGE_CURVE ( 'NONE', #3149, #1248, #681, .T. ) ;
#1783 = CARTESIAN_POINT ( 'NONE',  ( 8.000000000000001776, 26.30485368663591927, 10.61340437410201787 ) ) ;
#1784 = ORIENTED_EDGE ( 'NONE', *, *, #3439, .T. ) ;
#1785 = CIRCLE ( 'NONE', #2394, 11.20000000000000107 ) ;
#1786 = PLANE ( 'NONE',  #3965 ) ;
#1787 = CARTESIAN_POINT ( 'NONE',  ( 0.000000000000000000, -0.9285037628614997152, 25.48208943086009270 ) ) ;
#1788 = DIRECTION ( 'NONE',  ( -1.000000000000000000, -0.000000000000000000, -0.000000000000000000 ) ) ;
#1789 = ADVANCED_FACE ( 'NONE', ( #2774 ), #677, .T. ) ;
#1790 = CIRCLE ( 'NONE', #4406, 30.00000000000000000 ) ;
#1791 = ORIENTED_EDGE ( 'NONE', *, *, #4622, .F. ) ;
#1792 = ORIENTED_EDGE ( 'NONE', *, *, #2121, .T. ) ;
#1793 = FACE_OUTER_BOUND ( 'NONE', #4371, .T. ) ;
#1794 = AXIS2_PLACEMENT_3D ( 'NONE', #1604, #3402, #1328 ) ;
#1795 = CARTESIAN_POINT ( 'NONE',  ( 8.000000000000001776, -5.281492161082812942, 25.77586589148978646 ) ) ;
#1796 = FACE_OUTER_BOUND ( 'NONE', #3450, .T. ) ;
#1797 = AXIS2_PLACEMENT_3D ( 'NONE', #1624, #3517, #1651 ) ;
#1798 = DIRECTION ( 'NONE',  ( 0.000000000000000000, -0.4338837391175651703, 0.9009688679024157043 ) ) ;
#1799 = VECTOR ( 'NONE', #1380, 1000.000000000000000 ) ;
#1800 = ORIENTED_EDGE ( 'NONE', *, *, #2543, .F. ) ;
#1801 = EDGE_CURVE ( 'NONE', #4573, #2411, #1283, .T. ) ;
#1802 = ORIENTED_EDGE ( 'NONE', *, *, #3617, .T. ) ;
#1803 = PRODUCT_DEFINITION_FORMATION_WITH_SPECIFIED_SOURCE ( 'TUTTO', '', #386, .NOT_KNOWN. ) ;
#1804 = DIRECTION ( 'NONE',  ( -1.000000000000000000, -0.000000000000000000, 0.000000000000000000 ) ) ;
#1805 = CARTESIAN_POINT ( 'NONE',  ( 8.000000000000001776, 0.000000000000000000, 0.000000000000000000 ) ) ;
#1806 = AXIS2_PLACEMENT_3D ( 'NONE', #2158, #3944, #2557 ) ;
#1807 = DIRECTION ( 'NONE',  ( -1.000000000000000000, 0.000000000000000000, 0.000000000000000000 ) ) ;
#1808 = AXIS2_PLACEMENT_3D ( 'NONE', #1281, #4563, #1322 ) ;
#1809 = EDGE_CURVE ( 'NONE', #4028, #3310, #3997, .T. ) ;
#1810 = DIRECTION ( 'NONE',  ( 0.000000000000000000, 0.000000000000000000, 1.000000000000000000 ) ) ;
#1811 = CARTESIAN_POINT ( 'NONE',  ( 8.000000000000000000, 4.298047490250544427E-14, 10.99999999999987921 ) ) ;
#1812 = DIRECTION ( 'NONE',  ( 0.000000000000000000, 0.7818314824680310249, -0.6234898018587320401 ) ) ;
#1813 = ORIENTED_EDGE ( 'NONE', *, *, #2107, .F. ) ;
#1814 = ORIENTED_EDGE ( 'NONE', *, *, #562, .T. ) ;
#1815 = EDGE_CURVE ( 'NONE', #969, #59, #1682, .T. ) ;
#1816 = DIRECTION ( 'NONE',  ( -1.000000000000000000, -0.000000000000000000, 0.000000000000000000 ) ) ;
#1817 = CARTESIAN_POINT ( 'NONE',  ( -10.00000000000000000, 0.000000000000000000, 0.000000000000000000 ) ) ;
#1818 = ORIENTED_EDGE ( 'NONE', *, *, #2121, .F. ) ;
#1819 = CARTESIAN_POINT ( 'NONE',  ( 4.000000000000000888, 21.62835834692472403, -20.78975986434213752 ) ) ;
#1820 = CARTESIAN_POINT ( 'NONE',  ( 5.999999999999998224, 2.000000000000000000, 1.500000000000000222 ) ) ;
#1821 = ADVANCED_FACE ( 'NONE', ( #3485 ), #4212, .F. ) ;
#1822 = DIRECTION ( 'NONE',  ( 1.000000000000000000, 0.000000000000000000, 0.000000000000000000 ) ) ;
#1823 = ORIENTED_EDGE ( 'NONE', *, *, #3261, .T. ) ;
#1824 = FACE_OUTER_BOUND ( 'NONE', #4237, .T. ) ;
#1825 = FACE_OUTER_BOUND ( 'NONE', #2863, .T. ) ;
#1826 = CARTESIAN_POINT ( 'NONE',  ( 0.000000000000000000, 0.000000000000000000, 0.000000000000000000 ) ) ;
#1827 = DIRECTION ( 'NONE',  ( 0.000000000000000000, 0.000000000000000000, 1.000000000000000000 ) ) ;
#1828 = LINE ( 'NONE', #3254, #435 ) ;
#1829 = CARTESIAN_POINT ( 'NONE',  ( 8.000000000000001776, 0.000000000000000000, 0.000000000000000000 ) ) ;
#1830 = EDGE_LOOP ( 'NONE', ( #2003, #1494, #3533, #2782 ) ) ;
#1831 = EDGE_LOOP ( 'NONE', ( #4411, #91, #2657, #2658, #808, #781, #535, #2679, #810, #1064, #405, #2426, #2014, #847, #1438, #972, #4607, #4015, #3009, #1230, #3153, #150, #329, #3538, #1319, #2580, #4234, #1924, #3348, #2386, #4360, #4374, #1107, #3736, #2105, #326, #819, #4013, #3873, #2609, #3706, #3809, #1928, #634, #1070, #842, #551, #3841, #4045, #1621, #4009, #3218, #2140, #2458, #1645, #4214, #4355, #2867, #1524, #2290, #771, #1640, #241, #3288, #2914, #4127, #2065, #2810, #2054, #1967, #2104, #2887, #1216, #3231, #228, #2238, #1077, #2009, #4091, #1760, #3148, #2460, #1754, #2853, #1377, #711, #4601, #4027, #2664, #3637, #1613, #3048, #2684, #1500, #1267, #1388, #3520, #583, #2298, #864, #4347, #168, #965, #4611, #1529, #3473, #3219, #100, #117, #3622, #98, #2239, #4173, #640, #318, #1394, #777 ) ) ;
#1832 = CARTESIAN_POINT ( 'NONE',  ( 8.000000000000001776, 25.04981177135288206, -4.765074104333546501 ) ) ;
#1833 = ORIENTED_EDGE ( 'NONE', *, *, #4042, .F. ) ;
#1834 = ORIENTED_EDGE ( 'NONE', *, *, #3808, .F. ) ;
#1835 = ADVANCED_FACE ( 'NONE', ( #3166 ), #3853, .T. ) ;
#1836 = CIRCLE ( 'NONE', #4314, 25.49899999999999167 ) ;
#1837 = ORIENTED_EDGE ( 'NONE', *, *, #3370, .F. ) ;
#1838 = DIRECTION ( 'NONE',  ( -1.000000000000000000, -0.000000000000000000, -0.000000000000000000 ) ) ;
#1839 = DIRECTION ( 'NONE',  ( -1.000000000000000000, -0.000000000000000000, -0.000000000000000000 ) ) ;
#1840 = CIRCLE ( 'NONE', #2154, 11.19999999999999751 ) ;
#1841 = ADVANCED_FACE ( 'NONE', ( #1010 ), #3535, .T. ) ;
#1842 = CARTESIAN_POINT ( 'NONE',  ( 0.000000000000000000, 0.000000000000000000, 0.000000000000000000 ) ) ;
#1843 = ORIENTED_EDGE ( 'NONE', *, *, #1969, .T. ) ;
#1844 = AXIS2_PLACEMENT_3D ( 'NONE', #4138, #1258, #2599 ) ;
#1845 = CIRCLE ( 'NONE', #1096, 1.600000000000000089 ) ;
#1846 = DIRECTION ( 'NONE',  ( 0.000000000000000000, 0.000000000000000000, 1.000000000000000000 ) ) ;
#1847 = CARTESIAN_POINT ( 'NONE',  ( 0.000000000000000000, -25.51480627843073989, 4.774730941213675806 ) ) ;
#1848 = CARTESIAN_POINT ( 'NONE',  ( 0.000000000000000000, 0.000000000000000000, 0.000000000000000000 ) ) ;
#1849 = FACE_OUTER_BOUND ( 'NONE', #3527, .T. ) ;
#1850 = AXIS2_PLACEMENT_3D ( 'NONE', #3143, #2099, #3981 ) ;
#1851 = DIRECTION ( 'NONE',  ( 1.000000000000000000, -0.000000000000000000, -0.000000000000000000 ) ) ;
#1852 = FACE_OUTER_BOUND ( 'NONE', #3019, .T. ) ;
#1853 = ORIENTED_EDGE ( 'NONE', *, *, #909, .F. ) ;
#1854 = EDGE_LOOP ( 'NONE', ( #1723, #1747, #3621, #3183 ) ) ;
#1855 = AXIS2_PLACEMENT_3D ( 'NONE', #3015, #2954, #4455 ) ;
#1856 = ADVANCED_FACE ( 'NONE', ( #1404 ), #4190, .T. ) ;
#1857 = CIRCLE ( 'NONE', #3580, 2.500000000000000000 ) ;
#1858 = DIRECTION ( 'NONE',  ( -1.000000000000000000, -0.000000000000000000, -0.000000000000000000 ) ) ;
#1859 = CYLINDRICAL_SURFACE ( 'NONE', #272, 11.19999999999999929 ) ;
#1860 = ORIENTED_EDGE ( 'NONE', *, *, #929, .T. ) ;
#1861 = EDGE_LOOP ( 'NONE', ( #1086, #1527, #3073, #4073 ) ) ;
#1862 = ORIENTED_EDGE ( 'NONE', *, *, #1172, .T. ) ;
#1863 = AXIS2_PLACEMENT_3D ( 'NONE', #3394, #4149, #1296 ) ;
#1864 = EDGE_CURVE ( 'NONE', #2411, #1574, #1502, .T. ) ;
#1865 = DIRECTION ( 'NONE',  ( 1.000000000000000000, -0.000000000000000000, -0.000000000000000000 ) ) ;
#1866 = DIRECTION ( 'NONE',  ( 0.000000000000000000, 0.000000000000000000, 1.000000000000000000 ) ) ;
#1867 = CIRCLE ( 'NONE', #1713, 30.00000000000000000 ) ;
#1868 = AXIS2_PLACEMENT_3D ( 'NONE', #4593, #4203, #1677 ) ;
#1869 = ORIENTED_EDGE ( 'NONE', *, *, #1941, .F. ) ;
#1870 = AXIS2_PLACEMENT_3D ( 'NONE', #2860, #706, #3551 ) ;
#1871 = CIRCLE ( 'NONE', #746, 11.20000000000000107 ) ;
#1872 = EDGE_CURVE ( 'NONE', #1667, #3271, #905, .T. ) ;
#1873 = LINE ( 'NONE', #2950, #271 ) ;
#1874 = DIRECTION ( 'NONE',  ( 0.000000000000000000, 0.2225209339563147815, -0.9749279121818235083 ) ) ;
#1875 = CIRCLE ( 'NONE', #2626, 25.49899999999999167 ) ;
#1876 = CYLINDRICAL_SURFACE ( 'NONE', #1649, 11.19999999999999929 ) ;
#1877 = VECTOR ( 'NONE', #1147, 1000.000000000000000 ) ;
#1878 = DIRECTION ( 'NONE',  ( 0.000000000000000000, 0.000000000000000000, 1.000000000000000000 ) ) ;
#1879 = DIRECTION ( 'NONE',  ( 0.000000000000000000, -1.000000000000000000, -1.053224967557347345E-14 ) ) ;
#1880 = EDGE_CURVE ( 'NONE', #2275, #1158, #2094, .T. ) ;
#1881 = ORIENTED_EDGE ( 'NONE', *, *, #1437, .F. ) ;
#1882 = ORIENTED_EDGE ( 'NONE', *, *, #2192, .F. ) ;
#1883 = VERTEX_POINT ( 'NONE', #4003 ) ;
#1884 = ORIENTED_EDGE ( 'NONE', *, *, #1912, .T. ) ;
#1885 = CIRCLE ( 'NONE', #3072, 11.20000000000000107 ) ;
#1886 = CARTESIAN_POINT ( 'NONE',  ( 0.000000000000000000, -29.73914963514681276, 3.947528211216053684 ) ) ;
#1887 = VECTOR ( 'NONE', #1673, 1000.000000000000000 ) ;
#1888 = FACE_OUTER_BOUND ( 'NONE', #4493, .T. ) ;
#1889 = ORIENTED_EDGE ( 'NONE', *, *, #953, .F. ) ;
#1890 = EDGE_LOOP ( 'NONE', ( #2004, #420, #3000, #2336 ) ) ;
#1891 = CYLINDRICAL_SURFACE ( 'NONE', #2857, 11.20000000000000107 ) ;
#1892 = CARTESIAN_POINT ( 'NONE',  ( 4.000000000000000000, -15.45575468000508579, -25.71224702882851076 ) ) ;
#1893 = ORIENTED_EDGE ( 'NONE', *, *, #4267, .F. ) ;
#1894 = DIRECTION ( 'NONE',  ( 0.000000000000000000, 0.000000000000000000, 1.000000000000000000 ) ) ;
#1895 = CARTESIAN_POINT ( 'NONE',  ( 4.000000000000000888, 16.45993346534672597, -25.08127967860409058 ) ) ;
#1896 = VERTEX_POINT ( 'NONE', #1490 ) ;
#1897 = FACE_OUTER_BOUND ( 'NONE', #2519, .T. ) ;
#1898 = EDGE_CURVE ( 'NONE', #1658, #3501, #3523, .T. ) ;
#1899 = FACE_OUTER_BOUND ( 'NONE', #702, .T. ) ;
#1900 = DIRECTION ( 'NONE',  ( -1.000000000000000000, -0.000000000000000000, -0.000000000000000000 ) ) ;
#1901 = ORIENTED_EDGE ( 'NONE', *, *, #472, .F. ) ;
#1902 = ORIENTED_EDGE ( 'NONE', *, *, #2365, .T. ) ;
#1903 = ORIENTED_EDGE ( 'NONE', *, *, #1143, .T. ) ;
#1904 = ORIENTED_EDGE ( 'NONE', *, *, #3059, .F. ) ;
#1905 = ADVANCED_FACE ( 'NONE', ( #2904 ), #3975, .T. ) ;
#1906 = CARTESIAN_POINT ( 'NONE',  ( 0.000000000000000000, -6.575522574292854472, 24.63658872236504749 ) ) ;
#1907 = DIRECTION ( 'NONE',  ( 0.000000000000000000, 0.000000000000000000, 1.000000000000000000 ) ) ;
#1908 = ORIENTED_EDGE ( 'NONE', *, *, #1318, .F. ) ;
#1909 = CYLINDRICAL_SURFACE ( 'NONE', #18, 25.49899999999999523 ) ;
#1910 = CARTESIAN_POINT ( 'NONE',  ( 0.000000000000000000, -9.346733418401802496, 28.50681627971336241 ) ) ;
#1911 = DIRECTION ( 'NONE',  ( -1.000000000000000000, -0.000000000000000000, -0.000000000000000000 ) ) ;
#1912 = EDGE_CURVE ( 'NONE', #4634, #192, #2711, .T. ) ;
#1913 = ORIENTED_EDGE ( 'NONE', *, *, #2178, .T. ) ;
#1914 = FACE_OUTER_BOUND ( 'NONE', #4172, .T. ) ;
#1915 = VECTOR ( 'NONE', #4433, 1000.000000000000000 ) ;
#1916 = CARTESIAN_POINT ( 'NONE',  ( 8.000000000000001776, -25.51480627843083226, 6.425269058785968213 ) ) ;
#1917 = CARTESIAN_POINT ( 'NONE',  ( 8.000000000000001776, 0.000000000000000000, 0.000000000000000000 ) ) ;
#1918 = AXIS2_PLACEMENT_3D ( 'NONE', #3017, #1291, #90 ) ;
#1919 = FACE_BOUND ( 'NONE', #4625, .T. ) ;
#1920 = DIRECTION ( 'NONE',  ( -1.000000000000000000, 0.000000000000000000, -0.000000000000000000 ) ) ;
#1921 = EDGE_CURVE ( 'NONE', #3579, #1576, #179, .T. ) ;
#1922 = CIRCLE ( 'NONE', #3413, 25.49899999999999878 ) ;
#1923 = DIRECTION ( 'NONE',  ( 0.000000000000000000, 0.000000000000000000, 1.000000000000000000 ) ) ;
#1924 = ORIENTED_EDGE ( 'NONE', *, *, #2588, .T. ) ;
#1925 = ORIENTED_EDGE ( 'NONE', *, *, #3278, .F. ) ;
#1926 = EDGE_LOOP ( 'NONE', ( #2170, #1715, #4631, #2570 ) ) ;
#1927 = ORIENTED_EDGE ( 'NONE', *, *, #1921, .F. ) ;
#1928 = ORIENTED_EDGE ( 'NONE', *, *, #1495, .T. ) ;
#1929 = ADVANCED_FACE ( 'NONE', ( #2162 ), #3931, .T. ) ;
#1930 = DIRECTION ( 'NONE',  ( 1.000000000000000000, 0.000000000000000000, 0.000000000000000000 ) ) ;
#1931 = AXIS2_PLACEMENT_3D ( 'NONE', #2446, #4528, #3852 ) ;
#1932 = ORIENTED_EDGE ( 'NONE', *, *, #615, .T. ) ;
#1933 = AXIS2_PLACEMENT_3D ( 'NONE', #4044, #3385, #1164 ) ;
#1934 = ORIENTED_EDGE ( 'NONE', *, *, #1381, .F. ) ;
#1935 = PRESENTATION_LAYER_ASSIGNMENT (  '', '', ( #3343 ) ) ;
#1936 = ORIENTED_EDGE ( 'NONE', *, *, #4154, .F. ) ;
#1937 = ORIENTED_EDGE ( 'NONE', *, *, #346, .F. ) ;
#1938 = CARTESIAN_POINT ( 'NONE',  ( 0.000000000000000000, 28.11511939947775218, 10.46613878911938222 ) ) ;
#1939 = DIRECTION ( 'NONE',  ( 0.000000000000000000, 0.000000000000000000, -1.000000000000000000 ) ) ;
#1940 = DIRECTION ( 'NONE',  ( 0.000000000000000000, 0.4338837391175590086, -0.9009688679024187019 ) ) ;
#1941 = EDGE_CURVE ( 'NONE', #2805, #3476, #1698, .T. ) ;
#1942 = AXIS2_PLACEMENT_3D ( 'NONE', #4107, #3336, #1945 ) ;
#1943 = ORIENTED_EDGE ( 'NONE', *, *, #2463, .F. ) ;
#1944 = ORIENTED_EDGE ( 'NONE', *, *, #110, .F. ) ;
#1945 = DIRECTION ( 'NONE',  ( 0.000000000000000000, 0.000000000000000000, 1.000000000000000000 ) ) ;
#1946 = CARTESIAN_POINT ( 'NONE',  ( 8.000000000000001776, 0.000000000000000000, 0.000000000000000000 ) ) ;
#1947 = CIRCLE ( 'NONE', #662, 11.19999999999999751 ) ;
#1948 = DIRECTION ( 'NONE',  ( -1.000000000000000000, -0.000000000000000000, 0.000000000000000000 ) ) ;
#1949 = EDGE_CURVE ( 'NONE', #590, #1367, #1922, .T. ) ;
#1950 = DIRECTION ( 'NONE',  ( -1.000000000000000000, -0.000000000000000000, -0.000000000000000000 ) ) ;
#1951 = AXIS2_PLACEMENT_3D ( 'NONE', #2965, #4038, #2593 ) ;
#1952 = LINE ( 'NONE', #1517, #1256 ) ;
#1953 = CARTESIAN_POINT ( 'NONE',  ( 5.999999999999998224, 0.000000000000000000, -2.500000000000000000 ) ) ;
#1954 = AXIS2_PLACEMENT_3D ( 'NONE', #684, #1280, #2350 ) ;
#1955 = AXIS2_PLACEMENT_3D ( 'NONE', #2595, #104, #3313 ) ;
#1956 = CIRCLE ( 'NONE', #975, 30.00000000000000000 ) ;
#1957 = DIRECTION ( 'NONE',  ( -1.000000000000000000, 0.000000000000000000, 0.000000000000000000 ) ) ;
#1958 = ORIENTED_EDGE ( 'NONE', *, *, #2475, .T. ) ;
#1959 = ORIENTED_EDGE ( 'NONE', *, *, #4430, .T. ) ;
#1960 = EDGE_CURVE ( 'NONE', #1176, #461, #3234, .T. ) ;
#1961 = CIRCLE ( 'NONE', #4651, 30.00000000000000000 ) ;
#1962 = DIRECTION ( 'NONE',  ( 0.000000000000000000, 0.000000000000000000, 1.000000000000000000 ) ) ;
#1963 = AXIS2_PLACEMENT_3D ( 'NONE', #2794, #4206, #1308 ) ;
#1964 = DIRECTION ( 'NONE',  ( 0.000000000000000000, 0.000000000000000000, 1.000000000000000000 ) ) ;
#1965 = AXIS2_PLACEMENT_3D ( 'NONE', #957, #4620, #311 ) ;
#1966 = VERTEX_POINT ( 'NONE', #695 ) ;
#1967 = ORIENTED_EDGE ( 'NONE', *, *, #80, .T. ) ;
#1968 = ORIENTED_EDGE ( 'NONE', *, *, #3349, .T. ) ;
#1969 = EDGE_CURVE ( 'NONE', #1055, #3240, #4039, .T. ) ;
#1970 = ORIENTED_EDGE ( 'NONE', *, *, #399, .T. ) ;
#1971 = ADVANCED_FACE ( 'NONE', ( #1146 ), #2562, .T. ) ;
#1972 = CARTESIAN_POINT ( 'NONE',  ( 8.000000000000001776, 3.947528211216154492, 29.73914963514680920 ) ) ;
#1973 = CARTESIAN_POINT ( 'NONE',  ( 8.000000000000001776, 29.87193472823524232, -2.769027914639546673 ) ) ;
#1974 = DIRECTION ( 'NONE',  ( -1.000000000000000000, 0.000000000000000000, -0.000000000000000000 ) ) ;
#1975 = EDGE_CURVE ( 'NONE', #1574, #3346, #3250, .T. ) ;
#1976 = CARTESIAN_POINT ( 'NONE',  ( 8.000000000000001776, 21.62835834692472403, -20.78975986434213752 ) ) ;
#1977 = DIRECTION ( 'NONE',  ( 0.000000000000000000, 0.000000000000000000, 1.000000000000000000 ) ) ;
#1978 = CARTESIAN_POINT ( 'NONE',  ( 0.000000000000000000, -25.77586589148983975, 5.281492161082555370 ) ) ;
#1979 = FACE_OUTER_BOUND ( 'NONE', #269, .T. ) ;
#1980 = FACE_BOUND ( 'NONE', #338, .T. ) ;
#1981 = CYLINDRICAL_SURFACE ( 'NONE', #519, 30.00000000000000000 ) ;
#1982 = LINE ( 'NONE', #3344, #1770 ) ;
#1983 = VERTEX_POINT ( 'NONE', #424 ) ;
#1984 = EDGE_LOOP ( 'NONE', ( #1882, #1837, #2076, #4050 ) ) ;
#1985 = EDGE_CURVE ( 'NONE', #3213, #968, #872, .T. ) ;
#1986 = CARTESIAN_POINT ( 'NONE',  ( 8.000000000000001776, -26.30485368663591572, 10.61340437410183313 ) ) ;
#1987 = CYLINDRICAL_SURFACE ( 'NONE', #1863, 1.600000000000002531 ) ;
#1988 = VERTEX_POINT ( 'NONE', #1847 ) ;
#1989 = EDGE_LOOP ( 'NONE', ( #3416, #3850, #70, #1784 ) ) ;
#1990 = ORIENTED_EDGE ( 'NONE', *, *, #3096, .T. ) ;
#1991 = DIRECTION ( 'NONE',  ( -1.000000000000000000, -0.000000000000000000, -0.000000000000000000 ) ) ;
#1992 = CYLINDRICAL_SURFACE ( 'NONE', #3821, 11.20000000000000107 ) ;
#1993 = CYLINDRICAL_SURFACE ( 'NONE', #2500, 25.49899999999999523 ) ;
#1994 = ADVANCED_FACE ( 'NONE', ( #39 ), #1099, .T. ) ;
#1995 = CARTESIAN_POINT ( 'NONE',  ( 8.000000000000001776, -23.36143195072531498, 10.21971125872106434 ) ) ;
#1996 = DIRECTION ( 'NONE',  ( 0.000000000000000000, 0.000000000000000000, 1.000000000000000000 ) ) ;
#1997 = ADVANCED_FACE ( 'NONE', ( #783 ), #1448, .T. ) ;
#1998 = CARTESIAN_POINT ( 'NONE',  ( 0.000000000000000000, -19.34378712898080011, 16.61375636358847174 ) ) ;
#1999 = CARTESIAN_POINT ( 'NONE',  ( 8.000000000000001776, 25.48208943086009626, -0.9285037628614137839 ) ) ;
#2000 = FACE_OUTER_BOUND ( 'NONE', #3596, .T. ) ;
#2001 = CARTESIAN_POINT ( 'NONE',  ( 0.000000000000000000, 4.765074104334133587, -25.04981177135277193 ) ) ;
#2002 = DIRECTION ( 'NONE',  ( -1.000000000000000000, 0.000000000000000000, 0.000000000000000000 ) ) ;
#2003 = ORIENTED_EDGE ( 'NONE', *, *, #4418, .F. ) ;
#2004 = ORIENTED_EDGE ( 'NONE', *, *, #3190, .F. ) ;
#2005 = CIRCLE ( 'NONE', #4621, 25.49899999999999523 ) ;
#2006 = CARTESIAN_POINT ( 'NONE',  ( 8.000000000000001776, -25.51480627843073989, -6.425269058786323484 ) ) ;
#2007 = AXIS2_PLACEMENT_3D ( 'NONE', #1269, #3708, #533 ) ;
#2008 = DIRECTION ( 'NONE',  ( -1.000000000000000000, 0.000000000000000000, 0.000000000000000000 ) ) ;
#2009 = ORIENTED_EDGE ( 'NONE', *, *, #2453, .T. ) ;
#2010 = AXIS2_PLACEMENT_3D ( 'NONE', #1714, #1386, #1042 ) ;
#2012 = ORIENTED_EDGE ( 'NONE', *, *, #1912, .F. ) ;
#2011 = ADVANCED_FACE ( 'NONE', ( #1825 ), #3276, .T. ) ;
#2013 = EDGE_LOOP ( 'NONE', ( #734, #1161, #1299, #625 ) ) ;
#2014 = ORIENTED_EDGE ( 'NONE', *, *, #2152, .T. ) ;
#2015 = DIRECTION ( 'NONE',  ( 0.000000000000000000, 0.000000000000000000, 1.000000000000000000 ) ) ;
#2016 = CARTESIAN_POINT ( 'NONE',  ( 6.000000000000000000, 4.163336342344337027E-14, 1.387778780781445676E-14 ) ) ;
#2017 = CIRCLE ( 'NONE', #1705, 30.00000000000000000 ) ;
#2018 = DIRECTION ( 'NONE',  ( 0.000000000000000000, 0.000000000000000000, 1.000000000000000000 ) ) ;
#2019 = EDGE_CURVE ( 'NONE', #343, #3177, #3115, .T. ) ;
#2020 = CARTESIAN_POINT ( 'NONE',  ( 4.000000000000000888, 20.78975986434266687, -21.62835834692421244 ) ) ;
#2021 = DIRECTION ( 'NONE',  ( -1.000000000000000000, 0.000000000000000000, 0.000000000000000000 ) ) ;
#2022 = VECTOR ( 'NONE', #854, 1000.000000000000000 ) ;
#2023 = CARTESIAN_POINT ( 'NONE',  ( 0.000000000000000000, -15.94218908519863120, 20.93169914448942492 ) ) ;
#2024 = EDGE_CURVE ( 'NONE', #4573, #107, #1211, .T. ) ;
#2025 = CIRCLE ( 'NONE', #2613, 11.20000000000000107 ) ;
#2026 = CARTESIAN_POINT ( 'NONE',  ( 8.000000000000001776, 25.51480627843078608, -6.425269058786144960 ) ) ;
#2027 = DIRECTION ( 'NONE',  ( -1.000000000000000000, -0.000000000000000000, -0.000000000000000000 ) ) ;
#2028 = AXIS2_PLACEMENT_3D ( 'NONE', #2179, #1838, #2466 ) ;
#2029 = CARTESIAN_POINT ( 'NONE',  ( 8.000000000000001776, 6.425269058786402532, -25.51480627843072213 ) ) ;
#2030 = ORIENTED_EDGE ( 'NONE', *, *, #1495, .F. ) ;
#2031 = FACE_OUTER_BOUND ( 'NONE', #1926, .T. ) ;
#2032 = CIRCLE ( 'NONE', #1954, 11.19999999999999929 ) ;
#2033 = EDGE_CURVE ( 'NONE', #3615, #4435, #4331, .T. ) ;
#2034 = CARTESIAN_POINT ( 'NONE',  ( 0.000000000000000000, -15.16188941679850544, 20.50161238324374580 ) ) ;
#2035 = EDGE_LOOP ( 'NONE', ( #4647, #3395, #648, #1221 ) ) ;
#2036 = ORIENTED_EDGE ( 'NONE', *, *, #1450, .T. ) ;
#2037 = CIRCLE ( 'NONE', #1348, 11.20000000000000107 ) ;
#2038 = ORIENTED_EDGE ( 'NONE', *, *, #2811, .F. ) ;
#2039 = DIRECTION ( 'NONE',  ( 1.000000000000000000, -0.000000000000000000, -0.000000000000000000 ) ) ;
#2040 = DIRECTION ( 'NONE',  ( -1.000000000000000000, 0.000000000000000000, 0.000000000000000000 ) ) ;
#2041 = LINE ( 'NONE', #2020, #4049 ) ;
#2042 = FACE_OUTER_BOUND ( 'NONE', #3125, .T. ) ;
#2043 = PLANE ( 'NONE',  #4462 ) ;
#2044 = CARTESIAN_POINT ( 'NONE',  ( 4.000000000000000888, 21.62835834692443981, 20.78975986434243239 ) ) ;
#2045 = ORIENTED_EDGE ( 'NONE', *, *, #2563, .F. ) ;
#2046 = CARTESIAN_POINT ( 'NONE',  ( 8.000000000000001776, -15.16188941679850544, 20.50161238324374580 ) ) ;
#2047 = CARTESIAN_POINT ( 'NONE',  ( 4.000000000000000000, 9.346733418401985460, -28.50681627971329846 ) ) ;
#2048 = EDGE_CURVE ( 'NONE', #2606, #2275, #3119, .T. ) ;
#2049 = CARTESIAN_POINT ( 'NONE',  ( 8.000000000000001776, -23.44533994287242251, -11.94175267147987540 ) ) ;
#2050 = EDGE_LOOP ( 'NONE', ( #222, #4019, #852, #1007 ) ) ;
#2051 = CARTESIAN_POINT ( 'NONE',  ( 8.000000000000001776, -25.48208943086008915, -0.9285037628615885330 ) ) ;
#2052 = CARTESIAN_POINT ( 'NONE',  ( 8.000000000000001776, -21.62835834692429415, -20.78975986434258871 ) ) ;
#2053 = EDGE_LOOP ( 'NONE', ( #826, #1800, #4616, #3326 ) ) ;
#2054 = ORIENTED_EDGE ( 'NONE', *, *, #2269, .F. ) ;
#2055 = EDGE_LOOP ( 'NONE', ( #3662, #3780, #4095, #2919 ) ) ;
#2056 = DIRECTION ( 'NONE',  ( -1.000000000000000000, 0.000000000000000000, 0.000000000000000000 ) ) ;
#2057 = LINE ( 'NONE', #1653, #4289 ) ;
#2058 = ORIENTED_EDGE ( 'NONE', *, *, #4077, .T. ) ;
#2059 = VERTEX_POINT ( 'NONE', #136 ) ;
#2060 = ORIENTED_EDGE ( 'NONE', *, *, #1124, .T. ) ;
#2061 = DIRECTION ( 'NONE',  ( 1.000000000000000000, -0.000000000000000000, 0.000000000000000000 ) ) ;
#2062 = DIRECTION ( 'NONE',  ( -1.000000000000000000, -0.000000000000000000, 0.000000000000000000 ) ) ;
#2063 = DIRECTION ( 'NONE',  ( -1.000000000000000000, 0.000000000000000000, 0.000000000000000000 ) ) ;
#2064 = EDGE_CURVE ( 'NONE', #2822, #3666, #4191, .T. ) ;
#2065 = ORIENTED_EDGE ( 'NONE', *, *, #3600, .T. ) ;
#2066 = ORIENTED_EDGE ( 'NONE', *, *, #1054, .F. ) ;
#2067 = CYLINDRICAL_SURFACE ( 'NONE', #4400, 11.19999999999999929 ) ;
#2068 = DIRECTION ( 'NONE',  ( -1.000000000000000000, -0.000000000000000000, -0.000000000000000000 ) ) ;
#2069 = CARTESIAN_POINT ( 'NONE',  ( 0.000000000000000000, 0.000000000000000000, 0.000000000000000000 ) ) ;
#2070 = ORIENTED_EDGE ( 'NONE', *, *, #749, .F. ) ;
#2071 = EDGE_CURVE ( 'NONE', #1248, #2706, #4452, .T. ) ;
#2072 = CARTESIAN_POINT ( 'NONE',  ( 8.000000000000001776, 23.95436854990190056, -10.88474387751574213 ) ) ;
#2073 = CIRCLE ( 'NONE', #2452, 30.00000000000000000 ) ;
#2074 = AXIS2_PLACEMENT_3D ( 'NONE', #3167, #1759, #1312 ) ;
#2075 = DIRECTION ( 'NONE',  ( -1.000000000000000000, 0.000000000000000000, 0.000000000000000000 ) ) ;
#2076 = ORIENTED_EDGE ( 'NONE', *, *, #3964, .T. ) ;
#2077 = AXIS2_PLACEMENT_3D ( 'NONE', #2833, #3200, #1416 ) ;
#2078 = ORIENTED_EDGE ( 'NONE', *, *, #1252, .F. ) ;
#2079 = ADVANCED_FACE ( 'NONE', ( #2277 ), #1583, .T. ) ;
#2080 = LINE ( 'NONE', #1346, #1245 ) ;
#2081 = CIRCLE ( 'NONE', #2312, 1.600000000000001643 ) ;
#2082 = CARTESIAN_POINT ( 'NONE',  ( 0.000000000000000000, 0.000000000000000000, 0.000000000000000000 ) ) ;
#2083 = VERTEX_POINT ( 'NONE', #4427 ) ;
#2084 = AXIS2_PLACEMENT_3D ( 'NONE', #1148, #1409, #1810 ) ;
#2085 = DIRECTION ( 'NONE',  ( -1.000000000000000000, -0.000000000000000000, -0.000000000000000000 ) ) ;
#2086 = DIRECTION ( 'NONE',  ( -1.000000000000000000, 0.000000000000000000, 0.000000000000000000 ) ) ;
#2087 = EDGE_CURVE ( 'NONE', #1085, #3972, #83, .T. ) ;
#2088 = CARTESIAN_POINT ( 'NONE',  ( 0.000000000000000000, 3.061616997868383141E-16, 2.500000000000000000 ) ) ;
#2089 = ORIENTED_EDGE ( 'NONE', *, *, #3190, .T. ) ;
#2090 = CYLINDRICAL_SURFACE ( 'NONE', #521, 11.19999999999999929 ) ;
#2091 = ORIENTED_EDGE ( 'NONE', *, *, #3414, .F. ) ;
#2092 = CARTESIAN_POINT ( 'NONE',  ( 8.000000000000001776, 0.000000000000000000, 0.000000000000000000 ) ) ;
#2093 = AXIS2_PLACEMENT_3D ( 'NONE', #4575, #3107, #3484 ) ;
#2094 = LINE ( 'NONE', #3511, #3922 ) ;
#2095 = EDGE_CURVE ( 'NONE', #959, #2204, #875, .T. ) ;
#2096 = DIRECTION ( 'NONE',  ( -1.000000000000000000, 0.000000000000000000, -0.000000000000000000 ) ) ;
#2097 = VECTOR ( 'NONE', #108, 1000.000000000000000 ) ;
#2098 = UNCERTAINTY_MEASURE_WITH_UNIT (LENGTH_MEASURE( 1.000000000000000082E-05 ), #2531, 'distance_accuracy_value', 'NONE');
#2099 = DIRECTION ( 'NONE',  ( 1.000000000000000000, 0.000000000000000000, 0.000000000000000000 ) ) ;
#2100 = DIRECTION ( 'NONE',  ( 0.000000000000000000, 0.000000000000000000, -1.000000000000000000 ) ) ;
#2101 = CIRCLE ( 'NONE', #502, 30.00000000000000000 ) ;
#2102 = DIRECTION ( 'NONE',  ( 0.000000000000000000, 0.000000000000000000, -1.000000000000000000 ) ) ;
#2103 = CIRCLE ( 'NONE', #1186, 11.19999999999999751 ) ;
#2104 = ORIENTED_EDGE ( 'NONE', *, *, #4007, .T. ) ;
#2105 = ORIENTED_EDGE ( 'NONE', *, *, #3957, .T. ) ;
#2106 = ORIENTED_EDGE ( 'NONE', *, *, #44, .F. ) ;
#2107 = EDGE_CURVE ( 'NONE', #2840, #4552, #2235, .T. ) ;
#2108 = ORIENTED_EDGE ( 'NONE', *, *, #4011, .F. ) ;
#2109 = CIRCLE ( 'NONE', #48, 30.00000000000000000 ) ;
#2110 = ORIENTED_EDGE ( 'NONE', *, *, #652, .T. ) ;
#2111 = FACE_OUTER_BOUND ( 'NONE', #3851, .T. ) ;
#2112 = FACE_OUTER_BOUND ( 'NONE', #2682, .T. ) ;
#2113 = ORIENTED_EDGE ( 'NONE', *, *, #1073, .F. ) ;
#2114 = AXIS2_PLACEMENT_3D ( 'NONE', #2, #745, #1879 ) ;
#2115 = CIRCLE ( 'NONE', #1353, 1.600000000000001643 ) ;
#2116 = EDGE_CURVE ( 'NONE', #833, #1896, #188, .T. ) ;
#2117 = AXIS2_PLACEMENT_3D ( 'NONE', #4484, #1238, #2307 ) ;
#2118 = CARTESIAN_POINT ( 'NONE',  ( 8.000000000000001776, 0.5865956258982590876, -26.30485368663590862 ) ) ;
#2119 = CARTESIAN_POINT ( 'NONE',  ( 0.000000000000000000, 23.44533994287250422, -11.94175267147971198 ) ) ;
#2120 = ORIENTED_EDGE ( 'NONE', *, *, #1073, .T. ) ;
#2121 = EDGE_CURVE ( 'NONE', #4387, #513, #3880, .T. ) ;
#2122 = VERTEX_POINT ( 'NONE', #1185 ) ;
#2123 = LINE ( 'NONE', #3948, #193 ) ;
#2124 = CIRCLE ( 'NONE', #373, 30.00000000000000000 ) ;
#2125 = CARTESIAN_POINT ( 'NONE',  ( 8.000000000000001776, -23.36143195072531498, 10.21971125872106434 ) ) ;
#2126 = DIRECTION ( 'NONE',  ( 0.000000000000000000, -0.6234898018587399227, 0.7818314824680246966 ) ) ;
#2127 = ORIENTED_EDGE ( 'NONE', *, *, #3268, .T. ) ;
#2128 = CYLINDRICAL_SURFACE ( 'NONE', #567, 1.600000000000000089 ) ;
#2129 = DIRECTION ( 'NONE',  ( 0.000000000000000000, 0.000000000000000000, 1.000000000000000000 ) ) ;
#2130 = DIRECTION ( 'NONE',  ( -1.000000000000000000, -0.000000000000000000, 0.000000000000000000 ) ) ;
#2131 = ORIENTED_EDGE ( 'NONE', *, *, #2019, .T. ) ;
#2132 = ORIENTED_EDGE ( 'NONE', *, *, #2671, .F. ) ;
#2133 = EDGE_CURVE ( 'NONE', #3440, #1300, #4483, .T. ) ;
#2134 = DIRECTION ( 'NONE',  ( 0.000000000000000000, 0.000000000000000000, 1.000000000000000000 ) ) ;
#2135 = LINE ( 'NONE', #3963, #605 ) ;
#2136 = ORIENTED_EDGE ( 'NONE', *, *, #3370, .T. ) ;
#2137 = EDGE_CURVE ( 'NONE', #4197, #4585, #724, .T. ) ;
#2138 = CARTESIAN_POINT ( 'NONE',  ( 8.000000000000001776, -25.51480627843073989, 4.774730941213675806 ) ) ;
#2139 = DIRECTION ( 'NONE',  ( -1.000000000000000000, -0.000000000000000000, -0.000000000000000000 ) ) ;
#2140 = ORIENTED_EDGE ( 'NONE', *, *, #529, .F. ) ;
#2141 = ADVANCED_FACE ( 'NONE', ( #4381 ), #524, .T. ) ;
#2142 = CARTESIAN_POINT ( 'NONE',  ( 0.000000000000000000, 10.21971125872115138, 23.36143195072528300 ) ) ;
#2143 = DIRECTION ( 'NONE',  ( -1.000000000000000000, 0.000000000000000000, -0.000000000000000000 ) ) ;
#2144 = DIRECTION ( 'NONE',  ( -1.000000000000000000, -0.000000000000000000, 0.000000000000000000 ) ) ;
#2145 = CARTESIAN_POINT ( 'NONE',  ( 0.000000000000000000, -20.78975986434221213, -21.62835834692464942 ) ) ;
#2146 = DIRECTION ( 'NONE',  ( -1.000000000000000000, 0.000000000000000000, -0.000000000000000000 ) ) ;
#2147 = VECTOR ( 'NONE', #4109, 1000.000000000000000 ) ;
#2148 = DIRECTION ( 'NONE',  ( 0.000000000000000000, 0.000000000000000000, 1.000000000000000000 ) ) ;
#2149 = ORIENTED_EDGE ( 'NONE', *, *, #284, .T. ) ;
#2150 = FACE_OUTER_BOUND ( 'NONE', #4193, .T. ) ;
#2151 = FILL_AREA_STYLE ('',( #2198 ) ) ;
#2152 = EDGE_CURVE ( 'NONE', #2212, #4511, #3574, .T. ) ;
#2153 = VERTEX_POINT ( 'NONE', #2302 ) ;
#2154 = AXIS2_PLACEMENT_3D ( 'NONE', #4510, #1193, #4164 ) ;
#2155 = CIRCLE ( 'NONE', #2672, 11.19999999999999751 ) ;
#2156 = CARTESIAN_POINT ( 'NONE',  ( 0.000000000000000000, 0.000000000000000000, -8.000000000000000000 ) ) ;
#2157 = CIRCLE ( 'NONE', #2897, 25.49899999999999523 ) ;
#2158 = CARTESIAN_POINT ( 'NONE',  ( 8.000000000000001776, 0.000000000000000000, 0.000000000000000000 ) ) ;
#2159 = EDGE_CURVE ( 'NONE', #1709, #1646, #109, .T. ) ;
#2160 = VERTEX_POINT ( 'NONE', #3033 ) ;
#2161 = CYLINDRICAL_SURFACE ( 'NONE', #2907, 25.49899999999999523 ) ;
#2162 = FACE_OUTER_BOUND ( 'NONE', #2862, .T. ) ;
#2163 = AXIS2_PLACEMENT_3D ( 'NONE', #4108, #2971, #882 ) ;
#2164 = DIRECTION ( 'NONE',  ( -1.000000000000000000, 0.000000000000000000, 0.000000000000000000 ) ) ;
#2165 = EDGE_CURVE ( 'NONE', #4283, #2153, #3894, .T. ) ;
#2166 = ORIENTED_EDGE ( 'NONE', *, *, #25, .F. ) ;
#2167 = FACE_BOUND ( 'NONE', #881, .T. ) ;
#2168 = CARTESIAN_POINT ( 'NONE',  ( 0.000000000000000000, -16.85942694080850757, -20.20022636336499033 ) ) ;
#2169 = CYLINDRICAL_SURFACE ( 'NONE', #2600, 11.19999999999999751 ) ;
#2170 = ORIENTED_EDGE ( 'NONE', *, *, #1431, .F. ) ;
#2171 = ORIENTED_EDGE ( 'NONE', *, *, #3295, .F. ) ;
#2172 = CYLINDRICAL_SURFACE ( 'NONE', #251, 25.49899999999999523 ) ;
#2173 = VECTOR ( 'NONE', #594, 1000.000000000000000 ) ;
#2174 = DIRECTION ( 'NONE',  ( 0.000000000000000000, 0.000000000000000000, 1.000000000000000000 ) ) ;
#2175 = AXIS2_PLACEMENT_3D ( 'NONE', #1022, #3529, #4664 ) ;
#2176 = ORIENTED_EDGE ( 'NONE', *, *, #3432, .T. ) ;
#2177 = AXIS2_PLACEMENT_3D ( 'NONE', #1356, #2062, #3435 ) ;
#2178 = EDGE_CURVE ( 'NONE', #4198, #3314, #3047, .T. ) ;
#2179 = CARTESIAN_POINT ( 'NONE',  ( -10.00000000000000000, 0.000000000000000000, 0.000000000000000000 ) ) ;
#2180 = AXIS2_PLACEMENT_3D ( 'NONE', #2604, #2191, #65 ) ;
#2181 = CARTESIAN_POINT ( 'NONE',  ( 8.000000000000001776, 0.000000000000000000, 0.000000000000000000 ) ) ;
#2182 = AXIS2_PLACEMENT_3D ( 'NONE', #3505, #4159, #207 ) ;
#2183 = CIRCLE ( 'NONE', #3598, 25.49899999999999878 ) ;
#2184 = ORIENTED_EDGE ( 'NONE', *, *, #4497, .F. ) ;
#2185 = ORIENTED_EDGE ( 'NONE', *, *, #2463, .T. ) ;
#2186 = AXIS2_PLACEMENT_3D ( 'NONE', #211, #4185, #2770 ) ;
#2187 = CARTESIAN_POINT ( 'NONE',  ( 8.000000000000001776, -10.21971125872098085, -23.36143195072535050 ) ) ;
#2188 = DIRECTION ( 'NONE',  ( 1.000000000000000000, 0.000000000000000000, 0.000000000000000000 ) ) ;
#2189 = DIRECTION ( 'NONE',  ( -1.000000000000000000, 0.000000000000000000, 0.000000000000000000 ) ) ;
#2190 = CARTESIAN_POINT ( 'NONE',  ( 8.000000000000001776, -15.45575468000508579, -25.71224702882851076 ) ) ;
#2191 = DIRECTION ( 'NONE',  ( -1.000000000000000000, 0.000000000000000000, -0.000000000000000000 ) ) ;
#2192 = EDGE_CURVE ( 'NONE', #1598, #4560, #3804, .T. ) ;
#2193 = DIRECTION ( 'NONE',  ( 1.000000000000000000, -0.000000000000000000, -0.000000000000000000 ) ) ;
#2194 = AXIS2_PLACEMENT_3D ( 'NONE', #2759, #4221, #614 ) ;
#2195 = ORIENTED_EDGE ( 'NONE', *, *, #1029, .F. ) ;
#2196 = VERTEX_POINT ( 'NONE', #4181 ) ;
#2197 = FACE_OUTER_BOUND ( 'NONE', #4565, .T. ) ;
#2198 = FILL_AREA_STYLE_COLOUR ( '', #3650 ) ;
#2199 = VERTEX_POINT ( 'NONE', #979 ) ;
#2200 = EDGE_LOOP ( 'NONE', ( #145, #4052, #1937, #1860 ) ) ;
#2201 = ORIENTED_EDGE ( 'NONE', *, *, #2453, .F. ) ;
#2202 = CARTESIAN_POINT ( 'NONE',  ( 4.000000000000000888, -16.45993346534653412, 25.08127967860421492 ) ) ;
#2203 = DIRECTION ( 'NONE',  ( 0.000000000000000000, 0.000000000000000000, 1.000000000000000000 ) ) ;
#2204 = VERTEX_POINT ( 'NONE', #952 ) ;
#2205 = DIRECTION ( 'NONE',  ( 0.000000000000000000, 0.2225209339563080368, 0.9749279121818250626 ) ) ;
#2206 = DIRECTION ( 'NONE',  ( 0.000000000000000000, 0.6234898018587347046, -0.7818314824680289155 ) ) ;
#2207 = EDGE_CURVE ( 'NONE', #2537, #990, #804, .T. ) ;
#2208 = CARTESIAN_POINT ( 'NONE',  ( 8.000000000000001776, 25.48208943086009626, 0.9285037628614106753 ) ) ;
#2209 = CARTESIAN_POINT ( 'NONE',  ( 0.000000000000000000, 8.000000000000000000, 1.600000000000000311 ) ) ;
#2210 = DIRECTION ( 'NONE',  ( 0.000000000000000000, -0.6234898018587239354, -0.7818314824680374642 ) ) ;
#2211 = CARTESIAN_POINT ( 'NONE',  ( 8.000000000000001776, -10.21971125872130415, 23.36143195072520840 ) ) ;
#2212 = VERTEX_POINT ( 'NONE', #3900 ) ;
#2213 = ORIENTED_EDGE ( 'NONE', *, *, #2878, .F. ) ;
#2214 = EDGE_CURVE ( 'NONE', #899, #3845, #1464, .T. ) ;
#2215 = DIRECTION ( 'NONE',  ( -1.000000000000000000, 0.000000000000000000, 0.000000000000000000 ) ) ;
#2216 = DIRECTION ( 'NONE',  ( 0.000000000000000000, 0.2225209339563147815, -0.9749279121818235083 ) ) ;
#2217 = ORIENTED_EDGE ( 'NONE', *, *, #3164, .F. ) ;
#2218 = ORIENTED_EDGE ( 'NONE', *, *, #3918, .F. ) ;
#2219 = ORIENTED_EDGE ( 'NONE', *, *, #3707, .F. ) ;
#2220 = ADVANCED_FACE ( 'NONE', ( #1285 ), #3082, .T. ) ;
#2221 = DIRECTION ( 'NONE',  ( 0.000000000000000000, -0.2225209339563216648, 0.9749279121818220650 ) ) ;
#2222 = CARTESIAN_POINT ( 'NONE',  ( -10.00000000000000000, 0.000000000000000000, 0.000000000000000000 ) ) ;
#2223 = AXIS2_PLACEMENT_3D ( 'NONE', #4031, #348, #3962 ) ;
#2224 = ORIENTED_EDGE ( 'NONE', *, *, #1450, .F. ) ;
#2225 = AXIS2_PLACEMENT_3D ( 'NONE', #3812, #2687, #4131 ) ;
#2226 = ORIENTED_EDGE ( 'NONE', *, *, #3502, .F. ) ;
#2227 = VECTOR ( 'NONE', #893, 1000.000000000000000 ) ;
#2228 = EDGE_CURVE ( 'NONE', #1542, #3674, #2695, .T. ) ;
#2229 = CARTESIAN_POINT ( 'NONE',  ( 0.000000000000000000, 0.000000000000000000, 0.000000000000000000 ) ) ;
#2230 = DIRECTION ( 'NONE',  ( 1.000000000000000000, 0.000000000000000000, 0.000000000000000000 ) ) ;
#2231 = VECTOR ( 'NONE', #3683, 1000.000000000000000 ) ;
#2232 = LINE ( 'NONE', #2564, #4653 ) ;
#2233 = EDGE_CURVE ( 'NONE', #148, #3262, #1559, .T. ) ;
#2234 = CYLINDRICAL_SURFACE ( 'NONE', #1030, 30.00000000000000000 ) ;
#2235 = CIRCLE ( 'NONE', #3968, 30.00000000000000000 ) ;
#2236 = CARTESIAN_POINT ( 'NONE',  ( -10.00000000000000000, 0.000000000000000000, 0.000000000000000000 ) ) ;
#2237 = DIRECTION ( 'NONE',  ( 0.000000000000000000, -0.9009688679024233648, 0.4338837391175494607 ) ) ;
#2238 = ORIENTED_EDGE ( 'NONE', *, *, #2107, .T. ) ;
#2239 = ORIENTED_EDGE ( 'NONE', *, *, #1575, .T. ) ;
#2240 = ORIENTED_EDGE ( 'NONE', *, *, #4267, .T. ) ;
#2241 = ORIENTED_EDGE ( 'NONE', *, *, #4082, .F. ) ;
#2242 = CARTESIAN_POINT ( 'NONE',  ( 0.000000000000000000, 20.20022636336504718, -16.85942694080844007 ) ) ;
#2243 = CIRCLE ( 'NONE', #729, 25.49899999999999523 ) ;
#2244 = DIRECTION ( 'NONE',  ( 0.000000000000000000, -0.4338837391175651703, 0.9009688679024158153 ) ) ;
#2245 = ADVANCED_FACE ( 'NONE', ( #596 ), #617, .T. ) ;
#2246 = ORIENTED_EDGE ( 'NONE', *, *, #4390, .T. ) ;
#2247 = ORIENTED_EDGE ( 'NONE', *, *, #3745, .T. ) ;
#2248 = AXIS2_PLACEMENT_3D ( 'NONE', #1447, #38, #2880 ) ;
#2249 = DIRECTION ( 'NONE',  ( -1.000000000000000000, 0.000000000000000000, -0.000000000000000000 ) ) ;
#2250 = CARTESIAN_POINT ( 'NONE',  ( 0.000000000000000000, -25.48208943086008915, -0.9285037628615885330 ) ) ;
#2251 = ADVANCED_FACE ( 'NONE', ( #2042 ), #3101, .F. ) ;
#2252 = EDGE_LOOP ( 'NONE', ( #3712, #2342, #3588, #164 ) ) ;
#2253 = CARTESIAN_POINT ( 'NONE',  ( 8.000000000000001776, -24.63658872236502617, -6.575522574292942402 ) ) ;
#2254 = CARTESIAN_POINT ( 'NONE',  ( 8.000000000000001776, -25.04981177135285009, 4.765074104333709926 ) ) ;
#2255 = CIRCLE ( 'NONE', #3672, 10.99999999999986500 ) ;
#2256 = DIRECTION ( 'NONE',  ( -1.000000000000000000, -0.000000000000000000, -0.000000000000000000 ) ) ;
#2257 = EDGE_CURVE ( 'NONE', #3094, #4632, #3985, .T. ) ;
#2258 = AXIS2_PLACEMENT_3D ( 'NONE', #1585, #3753, #4046 ) ;
#2259 = CARTESIAN_POINT ( 'NONE',  ( 4.000000000000000000, -25.71224702882845747, 15.45575468000517283 ) ) ;
#2260 = VECTOR ( 'NONE', #471, 1000.000000000000000 ) ;
#2261 = DIRECTION ( 'NONE',  ( -1.000000000000000000, 0.000000000000000000, -0.000000000000000000 ) ) ;
#2262 = AXIS2_PLACEMENT_3D ( 'NONE', #3578, #2497, #1798 ) ;
#2263 = VERTEX_POINT ( 'NONE', #3128 ) ;
#2264 = EDGE_LOOP ( 'NONE', ( #2201, #3938, #3353, #3838 ) ) ;
#2265 = ORIENTED_EDGE ( 'NONE', *, *, #2918, .F. ) ;
#2266 = EDGE_LOOP ( 'NONE', ( #32, #1889, #4413, #384 ) ) ;
#2267 = CARTESIAN_POINT ( 'NONE',  ( 0.000000000000000000, 0.000000000000000000, 0.000000000000000000 ) ) ;
#2268 = DIRECTION ( 'NONE',  ( 0.000000000000000000, 0.000000000000000000, 1.000000000000000000 ) ) ;
#2270 = ORIENTED_EDGE ( 'NONE', *, *, #483, .F. ) ;
#2269 = EDGE_CURVE ( 'NONE', #1966, #3766, #357, .T. ) ;
#2271 = ORIENTED_EDGE ( 'NONE', *, *, #991, .T. ) ;
#2272 = CARTESIAN_POINT ( 'NONE',  ( 8.000000000000001776, -20.50161238324389501, 15.16188941679830293 ) ) ;
#2273 = DIRECTION ( 'NONE',  ( -1.000000000000000000, -0.000000000000000000, -0.000000000000000000 ) ) ;
#2274 = EDGE_CURVE ( 'NONE', #461, #3641, #4204, .T. ) ;
#2275 = VERTEX_POINT ( 'NONE', #2792 ) ;
#2276 = CARTESIAN_POINT ( 'NONE',  ( 4.000000000000000000, -29.87193472823526008, 2.769027914639338395 ) ) ;
#2277 = FACE_OUTER_BOUND ( 'NONE', #1984, .T. ) ;
#2278 = DIRECTION ( 'NONE',  ( 1.000000000000000000, 0.000000000000000000, 0.000000000000000000 ) ) ;
#2279 = EDGE_CURVE ( 'NONE', #199, #3149, #1345, .T. ) ;
#2280 = DIRECTION ( 'NONE',  ( -1.000000000000000000, -0.000000000000000000, 0.000000000000000000 ) ) ;
#2281 = CARTESIAN_POINT ( 'NONE',  ( 8.000000000000001776, 15.94218908519877687, -20.93169914448931479 ) ) ;
#2282 = LINE ( 'NONE', #530, #941 ) ;
#2283 = ORIENTED_EDGE ( 'NONE', *, *, #4037, .T. ) ;
#2284 = EDGE_LOOP ( 'NONE', ( #2524, #2900, #1769, #3695 ) ) ;
#2285 = ORIENTED_EDGE ( 'NONE', *, *, #1772, .F. ) ;
#2286 = DIRECTION ( 'NONE',  ( -1.000000000000000000, 0.000000000000000000, 0.000000000000000000 ) ) ;
#2287 = EDGE_CURVE ( 'NONE', #4492, #3202, #1118, .T. ) ;
#2288 = CARTESIAN_POINT ( 'NONE',  ( 0.000000000000000000, 20.93169914448970914, -15.94218908519826705 ) ) ;
#2289 = ORIENTED_EDGE ( 'NONE', *, *, #4029, .T. ) ;
#2290 = ORIENTED_EDGE ( 'NONE', *, *, #984, .T. ) ;
#2291 = ORIENTED_EDGE ( 'NONE', *, *, #895, .T. ) ;
#2292 = DIRECTION ( 'NONE',  ( 0.000000000000000000, 0.000000000000000000, 1.000000000000000000 ) ) ;
#2293 = EDGE_CURVE ( 'NONE', #441, #4518, #1272, .T. ) ;
#2294 = CARTESIAN_POINT ( 'NONE',  ( 4.000000000000000888, 25.71224702882834379, 15.45575468000535224 ) ) ;
#2295 = DIRECTION ( 'NONE',  ( -1.000000000000000000, -0.000000000000000000, 0.000000000000000000 ) ) ;
#2296 = VECTOR ( 'NONE', #3774, 1000.000000000000000 ) ;
#2297 = ORIENTED_EDGE ( 'NONE', *, *, #1949, .F. ) ;
#2298 = ORIENTED_EDGE ( 'NONE', *, *, #3439, .F. ) ;
#2299 = AXIS2_PLACEMENT_3D ( 'NONE', #3161, #4594, #208 ) ;
#2300 = DIRECTION ( 'NONE',  ( -1.000000000000000000, 0.000000000000000000, -0.000000000000000000 ) ) ;
#2301 = CIRCLE ( 'NONE', #4618, 25.49899999999999167 ) ;
#2302 = CARTESIAN_POINT ( 'NONE',  ( 0.000000000000000000, 29.73914963514684473, -3.947528211215859617 ) ) ;
#2303 = EDGE_CURVE ( 'NONE', #3099, #4283, #361, .T. ) ;
#2304 = CARTESIAN_POINT ( 'NONE',  ( 10.00000000000000000, -8.000000000000000000, 0.000000000000000000 ) ) ;
#2305 = AXIS2_PLACEMENT_3D ( 'NONE', #2856, #2961, #3306 ) ;
#2306 = LINE ( 'NONE', #2673, #3573 ) ;
#2307 = DIRECTION ( 'NONE',  ( 0.000000000000000000, 0.000000000000000000, 1.000000000000000000 ) ) ;
#2308 = CARTESIAN_POINT ( 'NONE',  ( 4.000000000000000888, -10.46613878911947815, 28.11511939947772376 ) ) ;
#2309 = VERTEX_POINT ( 'NONE', #926 ) ;
#2310 = ORIENTED_EDGE ( 'NONE', *, *, #1111, .T. ) ;
#2311 = ORIENTED_EDGE ( 'NONE', *, *, #516, .F. ) ;
#2312 = AXIS2_PLACEMENT_3D ( 'NONE', #1741, #1788, #2528 ) ;
#2313 = VECTOR ( 'NONE', #3316, 1000.000000000000000 ) ;
#2314 = CARTESIAN_POINT ( 'NONE',  ( 8.000000000000001776, 0.000000000000000000, 0.000000000000000000 ) ) ;
#2315 = CYLINDRICAL_SURFACE ( 'NONE', #2913, 25.49899999999999523 ) ;
#2316 = CIRCLE ( 'NONE', #3726, 11.20000000000000107 ) ;
#2317 = ORIENTED_EDGE ( 'NONE', *, *, #2303, .F. ) ;
#2318 = ORIENTED_EDGE ( 'NONE', *, *, #3700, .T. ) ;
#2319 = EDGE_CURVE ( 'NONE', #4325, #4197, #1871, .T. ) ;
#2320 = CARTESIAN_POINT ( 'NONE',  ( 0.000000000000000000, 0.000000000000000000, 0.000000000000000000 ) ) ;
#2321 = CARTESIAN_POINT ( 'NONE',  ( 8.000000000000001776, -15.45575468000544284, 25.71224702882829405 ) ) ;
#2322 = CARTESIAN_POINT ( 'NONE',  ( 6.000000000000000000, 0.000000000000000000, 8.000000000000000000 ) ) ;
#2323 = CARTESIAN_POINT ( 'NONE',  ( 8.000000000000001776, 23.95436854990174425, 10.88474387751608319 ) ) ;
#2324 = CARTESIAN_POINT ( 'NONE',  ( 0.000000000000000000, -23.44533994287242251, -11.94175267147987540 ) ) ;
#2325 = VECTOR ( 'NONE', #3022, 1000.000000000000000 ) ;
#2326 = CARTESIAN_POINT ( 'NONE',  ( 8.000000000000001776, -25.77586589148976870, -5.281492161082904424 ) ) ;
#2327 = ORIENTED_EDGE ( 'NONE', *, *, #1207, .F. ) ;
#2328 = DIRECTION ( 'NONE',  ( -1.000000000000000000, -0.000000000000000000, -0.000000000000000000 ) ) ;
#2329 = EDGE_CURVE ( 'NONE', #2940, #3423, #3994, .T. ) ;
#2330 = AXIS2_PLACEMENT_3D ( 'NONE', #3356, #2249, #2640 ) ;
#2331 = CARTESIAN_POINT ( 'NONE',  ( 0.000000000000000000, 26.30485368663591927, -0.5865956258979815319 ) ) ;
#2332 = FACE_OUTER_BOUND ( 'NONE', #4150, .T. ) ;
#2333 = AXIS2_PLACEMENT_3D ( 'NONE', #130, #1865, #1509 ) ;
#2334 = DIRECTION ( 'NONE',  ( 1.000000000000000000, -0.000000000000000000, -0.000000000000000000 ) ) ;
#2335 = VERTEX_POINT ( 'NONE', #2517 ) ;
#2336 = ORIENTED_EDGE ( 'NONE', *, *, #2493, .T. ) ;
#2337 = VECTOR ( 'NONE', #3389, 1000.000000000000000 ) ;
#2338 = EDGE_CURVE ( 'NONE', #3966, #1590, #1460, .T. ) ;
#2339 = CARTESIAN_POINT ( 'NONE',  ( 8.000000000000001776, 15.45575468000562758, -25.71224702882819102 ) ) ;
#2340 =( GEOMETRIC_REPRESENTATION_CONTEXT ( 3 ) GLOBAL_UNCERTAINTY_ASSIGNED_CONTEXT ( ( #626 ) ) GLOBAL_UNIT_ASSIGNED_CONTEXT ( ( #3184, #3481, #255 ) ) REPRESENTATION_CONTEXT ( 'NONE', 'WORKASPACE' ) );
#2341 = DIRECTION ( 'NONE',  ( 0.000000000000000000, 1.000000000000000000, 3.407492542097299931E-15 ) ) ;
#2342 = ORIENTED_EDGE ( 'NONE', *, *, #834, .F. ) ;
#2343 = AXIS2_PLACEMENT_3D ( 'NONE', #3464, #1310, #931 ) ;
#2344 = VERTEX_POINT ( 'NONE', #1093 ) ;
#2345 = VERTEX_POINT ( 'NONE', #3530 ) ;
#2346 = ORIENTED_EDGE ( 'NONE', *, *, #1015, .F. ) ;
#2347 = ORIENTED_EDGE ( 'NONE', *, *, #3216, .F. ) ;
#2348 = EDGE_CURVE ( 'NONE', #1669, #996, #1774, .T. ) ;
#2349 = DIRECTION ( 'NONE',  ( 0.000000000000000000, 0.000000000000000000, -1.000000000000000000 ) ) ;
#2350 = DIRECTION ( 'NONE',  ( 0.000000000000000000, 0.9749279121818242855, -0.2225209339563114508 ) ) ;
#2351 = DIRECTION ( 'NONE',  ( -1.000000000000000000, 0.000000000000000000, 0.000000000000000000 ) ) ;
#2352 = CARTESIAN_POINT ( 'NONE',  ( 8.000000000000001776, 29.73914963514684473, -3.947528211215859617 ) ) ;
#2353 = DIRECTION ( 'NONE',  ( 0.000000000000000000, 0.000000000000000000, -1.000000000000000000 ) ) ;
#2354 = LINE ( 'NONE', #3281, #2147 ) ;
#2355 = DIRECTION ( 'NONE',  ( -1.000000000000000000, -0.000000000000000000, -0.000000000000000000 ) ) ;
#2356 = CARTESIAN_POINT ( 'NONE',  ( 6.000000000000000000, 4.163336342344337027E-14, -10.99999999999985256 ) ) ;
#2357 = CARTESIAN_POINT ( 'NONE',  ( 8.000000000000001776, -4.765074104333633542, -25.04981177135286430 ) ) ;
#2358 = ADVANCED_FACE ( 'NONE', ( #2535 ), #3970, .T. ) ;
#2359 = DIRECTION ( 'NONE',  ( 0.000000000000000000, 0.000000000000000000, -1.000000000000000000 ) ) ;
#2360 = ORIENTED_EDGE ( 'NONE', *, *, #553, .T. ) ;
#2361 = FACE_OUTER_BOUND ( 'NONE', #2617, .T. ) ;
#2362 = DIRECTION ( 'NONE',  ( 1.000000000000000000, 0.000000000000000000, 0.000000000000000000 ) ) ;
#2363 = VERTEX_POINT ( 'NONE', #2861 ) ;
#2364 = ORIENTED_EDGE ( 'NONE', *, *, #1115, .T. ) ;
#2365 = EDGE_CURVE ( 'NONE', #3003, #2199, #290, .T. ) ;
#2366 = ORIENTED_EDGE ( 'NONE', *, *, #3421, .T. ) ;
#2367 = CARTESIAN_POINT ( 'NONE',  ( 0.000000000000000000, -2.769027914639232701, -29.87193472823527074 ) ) ;
#2368 = DIRECTION ( 'NONE',  ( 1.000000000000000000, -0.000000000000000000, -0.000000000000000000 ) ) ;
#2369 = CARTESIAN_POINT ( 'NONE',  ( -10.00000000000000000, 0.000000000000000000, 0.000000000000000000 ) ) ;
#2370 = EDGE_CURVE ( 'NONE', #990, #133, #2788, .T. ) ;
#2371 = LINE ( 'NONE', #1773, #1555 ) ;
#2372 = AXIS2_PLACEMENT_3D ( 'NONE', #2721, #1948, #2937 ) ;
#2373 = CARTESIAN_POINT ( 'NONE',  ( 8.000000000000001776, -15.94218908519863120, 20.93169914448942492 ) ) ;
#2374 = DIRECTION ( 'NONE',  ( 0.000000000000000000, 1.000000000000000000, 3.407492542097299931E-15 ) ) ;
#2375 = CARTESIAN_POINT ( 'NONE',  ( 8.000000000000001776, -6.575522574292854472, 24.63658872236504749 ) ) ;
#2376 = AXIS2_PLACEMENT_3D ( 'NONE', #3013, #1499, #4503 ) ;
#2377 = DIRECTION ( 'NONE',  ( 0.000000000000000000, 0.000000000000000000, 1.000000000000000000 ) ) ;
#2378 = CARTESIAN_POINT ( 'NONE',  ( 8.000000000000001776, 0.000000000000000000, 0.000000000000000000 ) ) ;
#2379 = CIRCLE ( 'NONE', #4249, 11.19999999999999929 ) ;
#2380 = CARTESIAN_POINT ( 'NONE',  ( 8.000000000000001776, -20.20022636336470612, -16.85942694080885218 ) ) ;
#2381 = ORIENTED_EDGE ( 'NONE', *, *, #3928, .T. ) ;
#2382 = CARTESIAN_POINT ( 'NONE',  ( 0.000000000000000000, 25.51480627843078608, -6.425269058786144960 ) ) ;
#2383 = AXIS2_PLACEMENT_3D ( 'NONE', #3609, #4667, #4273 ) ;
#2384 = CARTESIAN_POINT ( 'NONE',  ( 8.000000000000001776, 0.000000000000000000, 0.000000000000000000 ) ) ;
#2385 = EDGE_LOOP ( 'NONE', ( #1802, #934, #3409, #2450 ) ) ;
#2386 = ORIENTED_EDGE ( 'NONE', *, *, #330, .T. ) ;
#2387 = VERTEX_POINT ( 'NONE', #3269 ) ;
#2388 = AXIS2_PLACEMENT_3D ( 'NONE', #3612, #400, #2544 ) ;
#2389 = AXIS2_PLACEMENT_3D ( 'NONE', #3749, #3773, #3337 ) ;
#2390 = VERTEX_POINT ( 'NONE', #1075 ) ;
#2391 = DIRECTION ( 'NONE',  ( 1.000000000000000000, 0.000000000000000000, 0.000000000000000000 ) ) ;
#2392 = CARTESIAN_POINT ( 'NONE',  ( 0.000000000000000000, 9.346733418401985460, -28.50681627971329846 ) ) ;
#2393 = VERTEX_POINT ( 'NONE', #353 ) ;
#2394 = AXIS2_PLACEMENT_3D ( 'NONE', #4272, #334, #4643 ) ;
#2395 = EDGE_CURVE ( 'NONE', #969, #4325, #3983, .T. ) ;
#2396 = DIRECTION ( 'NONE',  ( -1.000000000000000000, 0.000000000000000000, 0.000000000000000000 ) ) ;
#2397 = CARTESIAN_POINT ( 'NONE',  ( 8.000000000000001776, 0.000000000000000000, 0.000000000000000000 ) ) ;
#2398 = DIRECTION ( 'NONE',  ( -1.000000000000000000, 0.000000000000000000, -0.000000000000000000 ) ) ;
#2399 = CARTESIAN_POINT ( 'NONE',  ( -10.00000000000000000, 0.000000000000000000, 0.000000000000000000 ) ) ;
#2400 = ORIENTED_EDGE ( 'NONE', *, *, #991, .F. ) ;
#2401 = AXIS2_PLACEMENT_3D ( 'NONE', #977, #2420, #4158 ) ;
#2402 = DIRECTION ( 'NONE',  ( -1.000000000000000000, 0.000000000000000000, 0.000000000000000000 ) ) ;
#2403 = CARTESIAN_POINT ( 'NONE',  ( 10.00000000000000000, -8.000000000000000000, -1.600000000000000089 ) ) ;
#2404 = EDGE_CURVE ( 'NONE', #4346, #3168, #761, .T. ) ;
#2405 = DIRECTION ( 'NONE',  ( -1.000000000000000000, 0.000000000000000000, 0.000000000000000000 ) ) ;
#2406 = ORIENTED_EDGE ( 'NONE', *, *, #1941, .T. ) ;
#2407 = DIRECTION ( 'NONE',  ( -1.000000000000000000, 0.000000000000000000, -0.000000000000000000 ) ) ;
#2408 = AXIS2_PLACEMENT_3D ( 'NONE', #1763, #944, #2454 ) ;
#2409 = AXIS2_PLACEMENT_3D ( 'NONE', #3466, #2430, #3855 ) ;
#2410 = CARTESIAN_POINT ( 'NONE',  ( 8.000000000000001776, -22.55570658189526156, 11.89281722685783471 ) ) ;
#2411 = VERTEX_POINT ( 'NONE', #779 ) ;
#2412 = ORIENTED_EDGE ( 'NONE', *, *, #128, .T. ) ;
#2413 = ORIENTED_EDGE ( 'NONE', *, *, #2568, .T. ) ;
#2414 = AXIS2_PLACEMENT_3D ( 'NONE', #4405, #910, #1187 ) ;
#2415 = DIRECTION ( 'NONE',  ( -1.000000000000000000, 0.000000000000000000, 0.000000000000000000 ) ) ;
#2416 = CARTESIAN_POINT ( 'NONE',  ( 8.000000000000000000, 4.163336342344337027E-14, 1.387778780781445676E-14 ) ) ;
#2417 = ORIENTED_EDGE ( 'NONE', *, *, #529, .T. ) ;
#2418 = EDGE_CURVE ( 'NONE', #2393, #763, #4580, .T. ) ;
#2419 = ORIENTED_EDGE ( 'NONE', *, *, #2889, .F. ) ;
#2420 = DIRECTION ( 'NONE',  ( -1.000000000000000000, -0.000000000000000000, -0.000000000000000000 ) ) ;
#2421 = DIRECTION ( 'NONE',  ( 0.000000000000000000, -0.9749279121818258398, 0.2225209339563050670 ) ) ;
#2422 = CARTESIAN_POINT ( 'NONE',  ( 8.000000000000000000, 0.000000000000000000, 0.000000000000000000 ) ) ;
#2423 = AXIS2_PLACEMENT_3D ( 'NONE', #2369, #946, #3456 ) ;
#2424 = CARTESIAN_POINT ( 'NONE',  ( 0.000000000000000000, 21.62835834692472403, -20.78975986434213752 ) ) ;
#2425 = ORIENTED_EDGE ( 'NONE', *, *, #3891, .F. ) ;
#2426 = ORIENTED_EDGE ( 'NONE', *, *, #1690, .T. ) ;
#2427 = CARTESIAN_POINT ( 'NONE',  ( 8.000000000000001776, -28.11511939947768468, -10.46613878911957762 ) ) ;
#2428 = DIRECTION ( 'NONE',  ( 0.000000000000000000, 0.000000000000000000, -1.000000000000000000 ) ) ;
#2429 = ORIENTED_EDGE ( 'NONE', *, *, #966, .T. ) ;
#2430 = DIRECTION ( 'NONE',  ( -1.000000000000000000, 0.000000000000000000, 0.000000000000000000 ) ) ;
#2431 = EDGE_CURVE ( 'NONE', #763, #1590, #1399, .T. ) ;
#2432 = ORIENTED_EDGE ( 'NONE', *, *, #4509, .T. ) ;
#2433 = CARTESIAN_POINT ( 'NONE',  ( 8.000000000000001776, 16.61375636358880925, -19.34378712898050878 ) ) ;
#2434 = CYLINDRICAL_SURFACE ( 'NONE', #950, 25.49899999999999523 ) ;
#2435 = ORIENTED_EDGE ( 'NONE', *, *, #1360, .T. ) ;
#2436 = EDGE_CURVE ( 'NONE', #441, #293, #4334, .T. ) ;
#2437 = VERTEX_POINT ( 'NONE', #3999 ) ;
#2438 = CARTESIAN_POINT ( 'NONE',  ( 8.000000000000001776, 0.000000000000000000, 0.000000000000000000 ) ) ;
#2439 = CARTESIAN_POINT ( 'NONE',  ( 8.000000000000001776, 11.94175267147995889, -23.44533994287237988 ) ) ;
#2440 = ADVANCED_FACE ( 'NONE', ( #375 ), #692, .F. ) ;
#2441 = CARTESIAN_POINT ( 'NONE',  ( 0.000000000000000000, 15.45575468000526520, 25.71224702882839708 ) ) ;
#2442 = CARTESIAN_POINT ( 'NONE',  ( 10.00000000000000000, 0.000000000000000000, -8.000000000000000000 ) ) ;
#2443 = DIRECTION ( 'NONE',  ( -1.000000000000000000, 0.000000000000000000, 0.000000000000000000 ) ) ;
#2444 = LINE ( 'NONE', #2044, #3828 ) ;
#2445 = ORIENTED_EDGE ( 'NONE', *, *, #3317, .T. ) ;
#2446 = CARTESIAN_POINT ( 'NONE',  ( 8.000000000000001776, 20.20022636336481980, 16.85942694080871362 ) ) ;
#2447 = DIRECTION ( 'NONE',  ( 0.000000000000000000, 0.000000000000000000, 1.000000000000000000 ) ) ;
#2448 = EDGE_CURVE ( 'NONE', #3544, #1217, #2859, .T. ) ;
#2449 = CARTESIAN_POINT ( 'NONE',  ( 0.000000000000000000, 23.95436854990190056, -10.88474387751574213 ) ) ;
#2450 = ORIENTED_EDGE ( 'NONE', *, *, #3575, .T. ) ;
#2451 = DIRECTION ( 'NONE',  ( 0.000000000000000000, 0.000000000000000000, 1.000000000000000000 ) ) ;
#2452 = AXIS2_PLACEMENT_3D ( 'NONE', #4155, #1991, #1599 ) ;
#2453 = EDGE_CURVE ( 'NONE', #74, #3241, #4286, .T. ) ;
#2454 = DIRECTION ( 'NONE',  ( 0.000000000000000000, -0.4338837391175462410, -0.9009688679024248081 ) ) ;
#2455 = EDGE_CURVE ( 'NONE', #2706, #304, #212, .T. ) ;
#2456 = CIRCLE ( 'NONE', #4098, 11.19999999999999929 ) ;
#2457 = CARTESIAN_POINT ( 'NONE',  ( 8.000000000000000000, 4.163336342344337027E-14, 1.387778780781445676E-14 ) ) ;
#2458 = ORIENTED_EDGE ( 'NONE', *, *, #1252, .T. ) ;
#2459 = DIRECTION ( 'NONE',  ( -1.000000000000000000, 0.000000000000000000, 0.000000000000000000 ) ) ;
#2460 = ORIENTED_EDGE ( 'NONE', *, *, #2485, .T. ) ;
#2461 = ORIENTED_EDGE ( 'NONE', *, *, #3311, .F. ) ;
#2462 = AXIS2_PLACEMENT_3D ( 'NONE', #1079, #2521, #3211 ) ;
#2463 = EDGE_CURVE ( 'NONE', #3162, #2263, #974, .T. ) ;
#2464 = VERTEX_POINT ( 'NONE', #3552 ) ;
#2465 = VECTOR ( 'NONE', #3722, 1000.000000000000000 ) ;
#2466 = DIRECTION ( 'NONE',  ( 0.000000000000000000, 0.000000000000000000, 1.000000000000000000 ) ) ;
#2467 = DIRECTION ( 'NONE',  ( -1.000000000000000000, -0.000000000000000000, -0.000000000000000000 ) ) ;
#2468 = CARTESIAN_POINT ( 'NONE',  ( 0.000000000000000000, 0.000000000000000000, 0.000000000000000000 ) ) ;
#2469 = AXIS2_PLACEMENT_3D ( 'NONE', #1946, #2668, #1514 ) ;
#2470 = DIRECTION ( 'NONE',  ( -1.000000000000000000, 0.000000000000000000, 0.000000000000000000 ) ) ;
#2471 = ORIENTED_EDGE ( 'NONE', *, *, #1592, .T. ) ;
#2472 = CARTESIAN_POINT ( 'NONE',  ( 0.000000000000000000, 24.63658872236515762, -6.575522574292439693 ) ) ;
#2473 = AXIS2_PLACEMENT_3D ( 'NONE', #764, #3555, #1098 ) ;
#2474 = CARTESIAN_POINT ( 'NONE',  ( -10.00000000000000000, 0.000000000000000000, 0.000000000000000000 ) ) ;
#2475 = EDGE_CURVE ( 'NONE', #4552, #1883, #328, .T. ) ;
#2476 = CARTESIAN_POINT ( 'NONE',  ( 0.000000000000000000, 4.765074104333798743, 25.04981177135283588 ) ) ;
#2477 = ORIENTED_EDGE ( 'NONE', *, *, #591, .T. ) ;
#2478 = AXIS2_PLACEMENT_3D ( 'NONE', #1257, #3297, #4380 ) ;
#2479 = DIRECTION ( 'NONE',  ( 0.000000000000000000, 0.000000000000000000, 1.000000000000000000 ) ) ;
#2480 = DIRECTION ( 'NONE',  ( 0.000000000000000000, 0.000000000000000000, -1.000000000000000000 ) ) ;
#2481 = VECTOR ( 'NONE', #3100, 1000.000000000000000 ) ;
#2482 = DIRECTION ( 'NONE',  ( 0.000000000000000000, -0.2225209339563015698, -0.9749279121818265059 ) ) ;
#2483 = EDGE_LOOP ( 'NONE', ( #1958, #2432, #217, #1959 ) ) ;
#2484 = VERTEX_POINT ( 'NONE', #1443 ) ;
#2485 = EDGE_CURVE ( 'NONE', #2344, #3500, #4208, .T. ) ;
#2486 = AXIS2_PLACEMENT_3D ( 'NONE', #1113, #1372, #327 ) ;
#2487 = VERTEX_POINT ( 'NONE', #806 ) ;
#2488 = DIRECTION ( 'NONE',  ( -1.000000000000000000, -0.000000000000000000, -0.000000000000000000 ) ) ;
#2489 = LINE ( 'NONE', #1089, #4663 ) ;
#2490 = AXIS2_PLACEMENT_3D ( 'NONE', #4006, #4322, #381 ) ;
#2491 = VERTEX_POINT ( 'NONE', #444 ) ;
#2492 = VECTOR ( 'NONE', #742, 1000.000000000000000 ) ;
#2493 = EDGE_CURVE ( 'NONE', #1574, #3687, #1052, .T. ) ;
#2494 = VECTOR ( 'NONE', #3673, 1000.000000000000000 ) ;
#2495 = AXIS2_PLACEMENT_3D ( 'NONE', #1484, #3206, #4615 ) ;
#2496 = LINE ( 'NONE', #3899, #4134 ) ;
#2497 = DIRECTION ( 'NONE',  ( -1.000000000000000000, 0.000000000000000000, 0.000000000000000000 ) ) ;
#2498 = ORIENTED_EDGE ( 'NONE', *, *, #3378, .F. ) ;
#2499 = CARTESIAN_POINT ( 'NONE',  ( 0.000000000000000000, 16.85942694080864257, 20.20022636336488020 ) ) ;
#2500 = AXIS2_PLACEMENT_3D ( 'NONE', #3098, #3400, #1626 ) ;
#2501 = CARTESIAN_POINT ( 'NONE',  ( 8.000000000000001776, 0.000000000000000000, 0.000000000000000000 ) ) ;
#2502 = ORIENTED_EDGE ( 'NONE', *, *, #2738, .F. ) ;
#2503 = DIRECTION ( 'NONE',  ( 0.000000000000000000, 0.000000000000000000, 1.000000000000000000 ) ) ;
#2504 = ORIENTED_EDGE ( 'NONE', *, *, #3751, .T. ) ;
#2505 = EDGE_CURVE ( 'NONE', #2685, #3274, #894, .T. ) ;
#2506 = CYLINDRICAL_SURFACE ( 'NONE', #2084, 30.00000000000000000 ) ;
#2507 = DIRECTION ( 'NONE',  ( -1.000000000000000000, 0.000000000000000000, 0.000000000000000000 ) ) ;
#2508 = CARTESIAN_POINT ( 'NONE',  ( -22.00000000000001421, 0.000000000000000000, -2.500000000000000000 ) ) ;
#2509 = ORIENTED_EDGE ( 'NONE', *, *, #4243, .F. ) ;
#2510 = VERTEX_POINT ( 'NONE', #2641 ) ;
#2511 = EDGE_LOOP ( 'NONE', ( #3704, #1234, #2366, #4051 ) ) ;
#2512 = FACE_OUTER_BOUND ( 'NONE', #2846, .T. ) ;
#2513 =( NAMED_UNIT ( * ) PLANE_ANGLE_UNIT ( ) SI_UNIT ( $, .RADIAN. ) );
#2514 = EDGE_CURVE ( 'NONE', #3314, #4198, #3361, .T. ) ;
#2515 = EDGE_LOOP ( 'NONE', ( #4514, #125, #2832, #799 ) ) ;
#2516 = DIRECTION ( 'NONE',  ( -1.000000000000000000, -0.000000000000000000, -0.000000000000000000 ) ) ;
#2517 = CARTESIAN_POINT ( 'NONE',  ( 0.000000000000000000, -24.63658872236511499, 6.575522574292599565 ) ) ;
#2518 = EDGE_CURVE ( 'NONE', #1568, #3493, #817, .T. ) ;
#2519 = EDGE_LOOP ( 'NONE', ( #2078, #4348, #641, #4354 ) ) ;
#2520 = FACE_OUTER_BOUND ( 'NONE', #2252, .T. ) ;
#2521 = DIRECTION ( 'NONE',  ( -1.000000000000000000, -0.000000000000000000, -0.000000000000000000 ) ) ;
#2522 = DIRECTION ( 'NONE',  ( -1.000000000000000000, 0.000000000000000000, 0.000000000000000000 ) ) ;
#2523 = EDGE_CURVE ( 'NONE', #343, #3467, #1602, .T. ) ;
#2524 = ORIENTED_EDGE ( 'NONE', *, *, #1975, .T. ) ;
#2525 = CARTESIAN_POINT ( 'NONE',  ( 0.000000000000000000, 0.000000000000000000, 8.000000000000000000 ) ) ;
#2526 = DIRECTION ( 'NONE',  ( -1.000000000000000000, -0.000000000000000000, 0.000000000000000000 ) ) ;
#2527 = AXIS2_PLACEMENT_3D ( 'NONE', #2587, #137, #382 ) ;
#2528 = DIRECTION ( 'NONE',  ( 0.000000000000000000, 0.000000000000000000, -1.000000000000000000 ) ) ;
#2529 = AXIS2_PLACEMENT_3D ( 'NONE', #2814, #4246, #1026 ) ;
#2530 = DIRECTION ( 'NONE',  ( -1.000000000000000000, -0.000000000000000000, 0.000000000000000000 ) ) ;
#2531 =( LENGTH_UNIT ( ) NAMED_UNIT ( * ) SI_UNIT ( .MILLI., .METRE. ) );
#2532 = CIRCLE ( 'NONE', #2305, 30.00000000000000000 ) ;
#2533 = ORIENTED_EDGE ( 'NONE', *, *, #2650, .T. ) ;
#2534 = DIRECTION ( 'NONE',  ( -1.000000000000000000, 0.000000000000000000, 0.000000000000000000 ) ) ;
#2535 = FACE_OUTER_BOUND ( 'NONE', #1830, .T. ) ;
#2536 = AXIS2_PLACEMENT_3D ( 'NONE', #2072, #3857, #936 ) ;
#2537 = VERTEX_POINT ( 'NONE', #876 ) ;
#2538 = DIRECTION ( 'NONE',  ( 0.000000000000000000, 0.000000000000000000, -1.000000000000000000 ) ) ;
#2539 = CARTESIAN_POINT ( 'NONE',  ( -10.00000000000000000, 0.000000000000000000, 0.000000000000000000 ) ) ;
#2540 = AXIS2_PLACEMENT_3D ( 'NONE', #3165, #4550, #3410 ) ;
#2541 = AXIS2_PLACEMENT_3D ( 'NONE', #813, #907, #2353 ) ;
#2542 = LINE ( 'NONE', #3977, #2492 ) ;
#2543 = EDGE_CURVE ( 'NONE', #3500, #728, #3140, .T. ) ;
#2544 = DIRECTION ( 'NONE',  ( 0.000000000000000000, 0.000000000000000000, 1.000000000000000000 ) ) ;
#2545 = CARTESIAN_POINT ( 'NONE',  ( 8.000000000000001776, -16.61375636358840779, -19.34378712898085340 ) ) ;
#2546 = CARTESIAN_POINT ( 'NONE',  ( 0.000000000000000000, 19.34378712898091734, -16.61375636358833319 ) ) ;
#2547 = ORIENTED_EDGE ( 'NONE', *, *, #2228, .T. ) ;
#2548 = LINE ( 'NONE', #4010, #3713 ) ;
#2549 = DIRECTION ( 'NONE',  ( -1.000000000000000000, 0.000000000000000000, 0.000000000000000000 ) ) ;
#2550 = ORIENTED_EDGE ( 'NONE', *, *, #472, .T. ) ;
#2551 = ORIENTED_EDGE ( 'NONE', *, *, #3080, .T. ) ;
#2552 = VECTOR ( 'NONE', #2576, 1000.000000000000000 ) ;
#2553 = ADVANCED_FACE ( 'NONE', ( #1531 ), #4061, .T. ) ;
#2554 = DIRECTION ( 'NONE',  ( 0.000000000000000000, 0.000000000000000000, 1.000000000000000000 ) ) ;
#2555 = CIRCLE ( 'NONE', #4419, 30.00000000000000000 ) ;
#2556 = AXIS2_PLACEMENT_3D ( 'NONE', #3646, #1510, #488 ) ;
#2557 = DIRECTION ( 'NONE',  ( 0.000000000000000000, 0.4338837391175526248, 0.9009688679024218105 ) ) ;
#2558 = AXIS2_PLACEMENT_3D ( 'NONE', #526, #3775, #451 ) ;
#2559 = AXIS2_PLACEMENT_3D ( 'NONE', #3382, #2273, #3694 ) ;
#2560 = AXIS2_PLACEMENT_3D ( 'NONE', #3084, #3132, #1375 ) ;
#2561 = DIRECTION ( 'NONE',  ( -1.000000000000000000, 0.000000000000000000, 0.000000000000000000 ) ) ;
#2562 = CYLINDRICAL_SURFACE ( 'NONE', #4106, 25.49899999999999523 ) ;
#2563 = EDGE_CURVE ( 'NONE', #3168, #31, #669, .T. ) ;
#2564 = CARTESIAN_POINT ( 'NONE',  ( 8.000000000000001776, -0.9285037628614997152, 25.48208943086009270 ) ) ;
#2565 = FACE_BOUND ( 'NONE', #505, .T. ) ;
#2566 = FACE_OUTER_BOUND ( 'NONE', #2591, .T. ) ;
#2567 = CARTESIAN_POINT ( 'NONE',  ( 8.000000000000001776, 0.000000000000000000, 0.000000000000000000 ) ) ;
#2568 = EDGE_CURVE ( 'NONE', #4266, #3690, #2115, .T. ) ;
#2569 = ORIENTED_EDGE ( 'NONE', *, *, #3796, .F. ) ;
#2570 = ORIENTED_EDGE ( 'NONE', *, *, #4068, .T. ) ;
#2571 = DIRECTION ( 'NONE',  ( -1.000000000000000000, -0.000000000000000000, 0.000000000000000000 ) ) ;
#2572 = DIRECTION ( 'NONE',  ( 0.000000000000000000, -0.6234898018587400337, 0.7818314824680246966 ) ) ;
#2573 = VERTEX_POINT ( 'NONE', #3743 ) ;
#2574 = EDGE_CURVE ( 'NONE', #604, #2059, #3028, .T. ) ;
#2575 = ORIENTED_EDGE ( 'NONE', *, *, #762, .F. ) ;
#2576 = DIRECTION ( 'NONE',  ( -1.000000000000000000, -0.000000000000000000, -0.000000000000000000 ) ) ;
#2577 = DIRECTION ( 'NONE',  ( -1.000000000000000000, -0.000000000000000000, -0.000000000000000000 ) ) ;
#2578 = PRODUCT_CONTEXT ( 'NONE', #3667, 'mechanical' ) ;
#2579 = ADVANCED_FACE ( 'NONE', ( #4397 ), #464, .T. ) ;
#2580 = ORIENTED_EDGE ( 'NONE', *, *, #233, .T. ) ;
#2581 = CARTESIAN_POINT ( 'NONE',  ( 0.000000000000000000, -29.73914963514675591, -3.947528211216468463 ) ) ;
#2582 = DIRECTION ( 'NONE',  ( -1.000000000000000000, -0.000000000000000000, 0.000000000000000000 ) ) ;
#2583 = DIRECTION ( 'NONE',  ( 0.000000000000000000, 0.000000000000000000, 1.000000000000000000 ) ) ;
#2584 = EDGE_CURVE ( 'NONE', #4518, #441, #2622, .T. ) ;
#2585 = CARTESIAN_POINT ( 'NONE',  ( 6.000000000000000000, 4.163336342344337027E-14, -10.99999999999985256 ) ) ;
#2586 = CYLINDRICAL_SURFACE ( 'NONE', #4060, 30.00000000000000000 ) ;
#2587 = CARTESIAN_POINT ( 'NONE',  ( 8.000000000000001776, 0.000000000000000000, 0.000000000000000000 ) ) ;
#2588 = EDGE_CURVE ( 'NONE', #1646, #2964, #1061, .T. ) ;
#2589 = CARTESIAN_POINT ( 'NONE',  ( -10.00000000000000000, 0.000000000000000000, 0.000000000000000000 ) ) ;
#2590 = CARTESIAN_POINT ( 'NONE',  ( 8.000000000000001776, 0.000000000000000000, 0.000000000000000000 ) ) ;
#2591 = EDGE_LOOP ( 'NONE', ( #3327, #53, #3581, #721 ) ) ;
#2592 = EDGE_LOOP ( 'NONE', ( #2038, #585, #2939, #2686 ) ) ;
#2593 = DIRECTION ( 'NONE',  ( 0.000000000000000000, 0.000000000000000000, 1.000000000000000000 ) ) ;
#2594 = VECTOR ( 'NONE', #4571, 1000.000000000000000 ) ;
#2595 = CARTESIAN_POINT ( 'NONE',  ( 0.000000000000000000, -25.51480627843083226, 6.425269058785968213 ) ) ;
#2596 = EDGE_CURVE ( 'NONE', #4238, #3346, #3756, .T. ) ;
#2597 = ORIENTED_EDGE ( 'NONE', *, *, #1360, .F. ) ;
#2598 = DIRECTION ( 'NONE',  ( -1.000000000000000000, -0.000000000000000000, -0.000000000000000000 ) ) ;
#2599 = DIRECTION ( 'NONE',  ( 0.000000000000000000, 0.000000000000000000, 1.000000000000000000 ) ) ;
#2600 = AXIS2_PLACEMENT_3D ( 'NONE', #4582, #3, #2148 ) ;
#2601 = AXIS2_PLACEMENT_3D ( 'NONE', #1120, #4021, #738 ) ;
#2602 = CARTESIAN_POINT ( 'NONE',  ( 0.000000000000000000, -21.62835834692429415, -20.78975986434258516 ) ) ;
#2603 = LINE ( 'NONE', #2259, #1108 ) ;
#2604 = CARTESIAN_POINT ( 'NONE',  ( 8.000000000000001776, 0.000000000000000000, 0.000000000000000000 ) ) ;
#2605 = ADVANCED_FACE ( 'NONE', ( #3357 ), #131, .T. ) ;
#2606 = VERTEX_POINT ( 'NONE', #2250 ) ;
#2607 = ORIENTED_EDGE ( 'NONE', *, *, #4022, .F. ) ;
#2608 = ORIENTED_EDGE ( 'NONE', *, *, #3270, .T. ) ;
#2609 = ORIENTED_EDGE ( 'NONE', *, *, #3553, .T. ) ;
#2610 = DIRECTION ( 'NONE',  ( -1.000000000000000000, 0.000000000000000000, -0.000000000000000000 ) ) ;
#2611 = CARTESIAN_POINT ( 'NONE',  ( 8.000000000000001776, 0.000000000000000000, 0.000000000000000000 ) ) ;
#2612 = ORIENTED_EDGE ( 'NONE', *, *, #3096, .F. ) ;
#2613 = AXIS2_PLACEMENT_3D ( 'NONE', #2791, #4224, #3434 ) ;
#2614 = FACE_OUTER_BOUND ( 'NONE', #1133, .T. ) ;
#2615 = CARTESIAN_POINT ( 'NONE',  ( 0.000000000000000000, 0.000000000000000000, 0.000000000000000000 ) ) ;
#2616 = VECTOR ( 'NONE', #3998, 1000.000000000000000 ) ;
#2617 = EDGE_LOOP ( 'NONE', ( #183, #2346, #3453, #1203 ) ) ;
#2618 = EDGE_CURVE ( 'NONE', #69, #1595, #1579, .T. ) ;
#2619 = AXIS2_PLACEMENT_3D ( 'NONE', #3613, #719, #401 ) ;
#2620 = CYLINDRICAL_SURFACE ( 'NONE', #3901, 11.20000000000000107 ) ;
#2621 = DIRECTION ( 'NONE',  ( -1.000000000000000000, -0.000000000000000000, 0.000000000000000000 ) ) ;
#2622 = CIRCLE ( 'NONE', #2559, 1.600000000000000755 ) ;
#2623 = CARTESIAN_POINT ( 'NONE',  ( 0.000000000000000000, -15.94218908519833633, -20.93169914448964875 ) ) ;
#2624 = AXIS2_PLACEMENT_3D ( 'NONE', #2722, #573, #1753 ) ;
#2625 = CARTESIAN_POINT ( 'NONE',  ( 0.000000000000000000, 0.000000000000000000, 0.000000000000000000 ) ) ;
#2626 = AXIS2_PLACEMENT_3D ( 'NONE', #4367, #1497, #1128 ) ;
#2627 = DIRECTION ( 'NONE',  ( 0.000000000000000000, 0.6234898018587294866, 0.7818314824680331343 ) ) ;
#2628 = FACE_OUTER_BOUND ( 'NONE', #3130, .T. ) ;
#2629 = ORIENTED_EDGE ( 'NONE', *, *, #3270, .F. ) ;
#2630 = ORIENTED_EDGE ( 'NONE', *, *, #3537, .F. ) ;
#2631 = ORIENTED_EDGE ( 'NONE', *, *, #1143, .F. ) ;
#2632 = ORIENTED_EDGE ( 'NONE', *, *, #88, .F. ) ;
#2633 = ADVANCED_FACE ( 'NONE', ( #2987 ), #3007, .T. ) ;
#2634 = DIRECTION ( 'NONE',  ( -1.000000000000000000, 0.000000000000000000, -0.000000000000000000 ) ) ;
#2635 = LINE ( 'NONE', #4076, #3428 ) ;
#2636 = ORIENTED_EDGE ( 'NONE', *, *, #2064, .T. ) ;
#2637 = ORIENTED_EDGE ( 'NONE', *, *, #4274, .F. ) ;
#2638 = DIRECTION ( 'NONE',  ( 0.000000000000000000, -0.9749279121818212879, -0.2225209339563245237 ) ) ;
#2639 = EDGE_CURVE ( 'NONE', #1342, #2153, #4215, .T. ) ;
#2640 = DIRECTION ( 'NONE',  ( 0.000000000000000000, 0.000000000000000000, 1.000000000000000000 ) ) ;
#2641 = CARTESIAN_POINT ( 'NONE',  ( 8.000000000000001776, 15.45575468000527231, 25.71224702882840418 ) ) ;
#2642 = ORIENTED_EDGE ( 'NONE', *, *, #4287, .F. ) ;
#2643 = EDGE_CURVE ( 'NONE', #610, #3444, #138, .T. ) ;
#2644 = CYLINDRICAL_SURFACE ( 'NONE', #1413, 25.49899999999999523 ) ;
#2645 = DIRECTION ( 'NONE',  ( -1.000000000000000000, 0.000000000000000000, 0.000000000000000000 ) ) ;
#2646 = FACE_OUTER_BOUND ( 'NONE', #2515, .T. ) ;
#2647 = EDGE_CURVE ( 'NONE', #802, #3626, #4507, .T. ) ;
#2648 = CYLINDRICAL_SURFACE ( 'NONE', #2835, 11.19999999999999751 ) ;
#2649 = CARTESIAN_POINT ( 'NONE',  ( 8.000000000000001776, 15.16188941679865820, -20.50161238324362500 ) ) ;
#2650 = EDGE_CURVE ( 'NONE', #4028, #4492, #2057, .T. ) ;
#2651 = EDGE_LOOP ( 'NONE', ( #556, #866, #686, #914 ) ) ;
#2652 = CARTESIAN_POINT ( 'NONE',  ( 8.000000000000001776, -6.425269058785890053, -25.51480627843085003 ) ) ;
#2653 = ORIENTED_EDGE ( 'NONE', *, *, #4584, .F. ) ;
#2654 = ORIENTED_EDGE ( 'NONE', *, *, #2650, .F. ) ;
#2655 = CARTESIAN_POINT ( 'NONE',  ( 0.000000000000000000, -23.36143195072531498, 10.21971125872106434 ) ) ;
#2656 = CARTESIAN_POINT ( 'NONE',  ( 10.00000000000000000, 8.000000000000000000, -1.600000000000000311 ) ) ;
#2657 = ORIENTED_EDGE ( 'NONE', *, *, #3349, .F. ) ;
#2658 = ORIENTED_EDGE ( 'NONE', *, *, #1236, .T. ) ;
#2659 = VERTEX_POINT ( 'NONE', #4521 ) ;
#2660 = DIRECTION ( 'NONE',  ( 0.000000000000000000, -0.7818314824680351327, 0.6234898018587268220 ) ) ;
#2661 = FACE_OUTER_BOUND ( 'NONE', #3802, .T. ) ;
#2662 = DIRECTION ( 'NONE',  ( -1.000000000000000000, -0.000000000000000000, 0.000000000000000000 ) ) ;
#2663 = CIRCLE ( 'NONE', #2820, 25.49899999999999167 ) ;
#2664 = ORIENTED_EDGE ( 'NONE', *, *, #562, .F. ) ;
#2665 = EDGE_LOOP ( 'NONE', ( #3263, #2317, #3996, #219 ) ) ;
#2666 = DIRECTION ( 'NONE',  ( -1.000000000000000000, -0.000000000000000000, -0.000000000000000000 ) ) ;
#2667 = AXIS2_PLACEMENT_3D ( 'NONE', #143, #2002, #1589 ) ;
#2668 = DIRECTION ( 'NONE',  ( -1.000000000000000000, 0.000000000000000000, 0.000000000000000000 ) ) ;
#2669 = CARTESIAN_POINT ( 'NONE',  ( 8.000000000000001776, 22.55570658189534683, -11.89281722685767662 ) ) ;
#2670 = CARTESIAN_POINT ( 'NONE',  ( 8.000000000000001776, 29.87193472823524232, 2.769027914639546673 ) ) ;
#2671 = EDGE_CURVE ( 'NONE', #2387, #148, #754, .T. ) ;
#2672 = AXIS2_PLACEMENT_3D ( 'NONE', #1302, #2734, #2638 ) ;
#2673 = CARTESIAN_POINT ( 'NONE',  ( 8.000000000000001776, -16.61375636358866359, 19.34378712898063668 ) ) ;
#2674 = LINE ( 'NONE', #1637, #2337 ) ;
#2675 = AXIS2_PLACEMENT_3D ( 'NONE', #1219, #3373, #4512 ) ;
#2676 = DIRECTION ( 'NONE',  ( -1.000000000000000000, 0.000000000000000000, -0.000000000000000000 ) ) ;
#2677 = EDGE_CURVE ( 'NONE', #3905, #2204, #4583, .T. ) ;
#2678 = VERTEX_POINT ( 'NONE', #3079 ) ;
#2679 = ORIENTED_EDGE ( 'NONE', *, *, #4398, .T. ) ;
#2680 = AXIS2_PLACEMENT_3D ( 'NONE', #4195, #4557, #1383 ) ;
#2681 = VECTOR ( 'NONE', #156, 1000.000000000000000 ) ;
#2682 = EDGE_LOOP ( 'NONE', ( #1000, #413, #2871, #1968 ) ) ;
#2683 = FACE_OUTER_BOUND ( 'NONE', #4125, .T. ) ;
#2684 = ORIENTED_EDGE ( 'NONE', *, *, #2941, .T. ) ;
#2685 = VERTEX_POINT ( 'NONE', #1304 ) ;
#2686 = ORIENTED_EDGE ( 'NONE', *, *, #3295, .T. ) ;
#2687 = DIRECTION ( 'NONE',  ( -1.000000000000000000, -0.000000000000000000, -0.000000000000000000 ) ) ;
#2688 = CIRCLE ( 'NONE', #3422, 25.49899999999999167 ) ;
#2689 = CIRCLE ( 'NONE', #3585, 30.00000000000000000 ) ;
#2690 = CYLINDRICAL_SURFACE ( 'NONE', #2180, 25.49899999999999523 ) ;
#2691 = CARTESIAN_POINT ( 'NONE',  ( 8.000000000000001776, -25.77586589148976870, -5.281492161082904424 ) ) ;
#2692 = EDGE_CURVE ( 'NONE', #1573, #3595, #2999, .T. ) ;
#2693 = FACE_OUTER_BOUND ( 'NONE', #4201, .T. ) ;
#2694 = CARTESIAN_POINT ( 'NONE',  ( 0.000000000000000000, 0.000000000000000000, 0.000000000000000000 ) ) ;
#2695 = CIRCLE ( 'NONE', #1868, 30.00000000000000000 ) ;
#2696 = CARTESIAN_POINT ( 'NONE',  ( 0.000000000000000000, -10.46613878911947815, 28.11511939947772376 ) ) ;
#2697 = DIRECTION ( 'NONE',  ( -1.000000000000000000, 0.000000000000000000, 0.000000000000000000 ) ) ;
#2698 = CIRCLE ( 'NONE', #1870, 25.49899999999999167 ) ;
#2699 = ORIENTED_EDGE ( 'NONE', *, *, #1801, .F. ) ;
#2700 = CARTESIAN_POINT ( 'NONE',  ( 6.000000000000000000, 1.959434878635764244E-16, -9.600000000000001421 ) ) ;
#2701 = CARTESIAN_POINT ( 'NONE',  ( 8.000000000000001776, 29.73914963514678789, 3.947528211216261962 ) ) ;
#2702 = ADVANCED_FACE ( 'NONE', ( #1369 ), #4496, .T. ) ;
#2703 = CIRCLE ( 'NONE', #3291, 11.19999999999999929 ) ;
#2704 = AXIS2_PLACEMENT_3D ( 'NONE', #2449, #3536, #4600 ) ;
#2705 = CARTESIAN_POINT ( 'NONE',  ( 8.000000000000001776, 23.44533994287250422, 11.94175267147971198 ) ) ;
#2706 = VERTEX_POINT ( 'NONE', #2807 ) ;
#2707 = ORIENTED_EDGE ( 'NONE', *, *, #924, .F. ) ;
#2708 = DIRECTION ( 'NONE',  ( 0.000000000000000000, 0.2225209339563147815, -0.9749279121818235083 ) ) ;
#2709 = EDGE_CURVE ( 'NONE', #3168, #3202, #3608, .T. ) ;
#2710 = CARTESIAN_POINT ( 'NONE',  ( 8.000000000000001776, 15.16188941679865820, -20.50161238324362500 ) ) ;
#2711 = CIRCLE ( 'NONE', #1325, 11.20000000000000107 ) ;
#2712 = ORIENTED_EDGE ( 'NONE', *, *, #4630, .T. ) ;
#2713 = AXIS2_PLACEMENT_3D ( 'NONE', #3843, #3770, #4157 ) ;
#2714 = VERTEX_POINT ( 'NONE', #2392 ) ;
#2715 = VERTEX_POINT ( 'NONE', #3790 ) ;
#2716 = CARTESIAN_POINT ( 'NONE',  ( 8.000000000000001776, -9.346733418401418803, -28.50681627971349030 ) ) ;
#2717 = DIRECTION ( 'NONE',  ( -1.000000000000000000, 0.000000000000000000, 0.000000000000000000 ) ) ;
#2718 = CARTESIAN_POINT ( 'NONE',  ( 8.000000000000001776, 0.000000000000000000, 0.000000000000000000 ) ) ;
#2719 = CARTESIAN_POINT ( 'NONE',  ( 0.000000000000000000, 25.71224702882856405, -15.45575468000499519 ) ) ;
#2720 = DIRECTION ( 'NONE',  ( 0.000000000000000000, -0.9009688679024142610, -0.4338837391175684455 ) ) ;
#2721 = CARTESIAN_POINT ( 'NONE',  ( 0.000000000000000000, 15.94218908519877687, -20.93169914448931479 ) ) ;
#2722 = CARTESIAN_POINT ( 'NONE',  ( 5.999999999999998224, 0.000000000000000000, 0.000000000000000000 ) ) ;
#2723 = DIRECTION ( 'NONE',  ( 0.000000000000000000, 0.000000000000000000, 1.000000000000000000 ) ) ;
#2724 = DIRECTION ( 'NONE',  ( -1.000000000000000000, 0.000000000000000000, -0.000000000000000000 ) ) ;
#2725 = CARTESIAN_POINT ( 'NONE',  ( 4.000000000000000888, -2.769027914639232701, -29.87193472823527074 ) ) ;
#2726 = EDGE_LOOP ( 'NONE', ( #3521, #557, #2801, #1095 ) ) ;
#2727 = VERTEX_POINT ( 'NONE', #245 ) ;
#2728 = EDGE_LOOP ( 'NONE', ( #3203, #750, #587, #2149 ) ) ;
#2729 = FACE_OUTER_BOUND ( 'NONE', #735, .T. ) ;
#2730 = DIRECTION ( 'NONE',  ( 0.000000000000000000, 0.000000000000000000, -1.000000000000000000 ) ) ;
#2731 = ORIENTED_EDGE ( 'NONE', *, *, #3515, .T. ) ;
#2732 = ORIENTED_EDGE ( 'NONE', *, *, #2257, .F. ) ;
#2733 = ORIENTED_EDGE ( 'NONE', *, *, #807, .F. ) ;
#2734 = DIRECTION ( 'NONE',  ( -1.000000000000000000, -0.000000000000000000, 0.000000000000000000 ) ) ;
#2735 = DIRECTION ( 'NONE',  ( -1.000000000000000000, -0.000000000000000000, -0.000000000000000000 ) ) ;
#2736 = CARTESIAN_POINT ( 'NONE',  ( 8.000000000000001776, -0.5865956258980682403, 26.30485368663591927 ) ) ;
#2737 = EDGE_CURVE ( 'NONE', #2872, #1883, #2124, .T. ) ;
#2738 = EDGE_CURVE ( 'NONE', #939, #4511, #1695, .T. ) ;
#2739 = CYLINDRICAL_SURFACE ( 'NONE', #665, 25.49899999999999523 ) ;
#2740 = AXIS2_PLACEMENT_3D ( 'NONE', #545, #158, #791 ) ;
#2741 = DIRECTION ( 'NONE',  ( 0.000000000000000000, 0.000000000000000000, -1.000000000000000000 ) ) ;
#2742 = DIRECTION ( 'NONE',  ( 0.000000000000000000, 0.2225209339563148925, -0.9749279121818235083 ) ) ;
#2743 = APPLICATION_PROTOCOL_DEFINITION ( 'draft international standard', 'automotive_design', 1998, #3667 ) ;
#2744 = DIRECTION ( 'NONE',  ( 0.000000000000000000, 0.000000000000000000, 1.000000000000000000 ) ) ;
#2745 = DIRECTION ( 'NONE',  ( 0.000000000000000000, 0.000000000000000000, 1.000000000000000000 ) ) ;
#2746 = CIRCLE ( 'NONE', #2967, 25.49899999999999167 ) ;
#2747 = CARTESIAN_POINT ( 'NONE',  ( 4.000000000000000000, 15.45575468000526520, 25.71224702882839708 ) ) ;
#2748 = ORIENTED_EDGE ( 'NONE', *, *, #1580, .F. ) ;
#2749 = ADVANCED_FACE ( 'NONE', ( #1347 ), #4176, .T. ) ;
#2750 = DIRECTION ( 'NONE',  ( -1.000000000000000000, 0.000000000000000000, 0.000000000000000000 ) ) ;
#2751 = CIRCLE ( 'NONE', #3267, 11.19999999999999929 ) ;
#2752 = CARTESIAN_POINT ( 'NONE',  ( 8.000000000000001776, -11.89281722685775478, -22.55570658189530064 ) ) ;
#2753 = ORIENTED_EDGE ( 'NONE', *, *, #2279, .F. ) ;
#2754 = ORIENTED_EDGE ( 'NONE', *, *, #2514, .T. ) ;
#2755 = ORIENTED_EDGE ( 'NONE', *, *, #330, .F. ) ;
#2756 = ORIENTED_EDGE ( 'NONE', *, *, #828, .F. ) ;
#2757 = ORIENTED_EDGE ( 'NONE', *, *, #3117, .F. ) ;
#2758 = DIRECTION ( 'NONE',  ( 0.000000000000000000, 0.9009688679024171476, 0.4338837391175620617 ) ) ;
#2759 = CARTESIAN_POINT ( 'NONE',  ( 0.000000000000000000, 15.94218908519848199, 20.93169914448953861 ) ) ;
#2760 = ORIENTED_EDGE ( 'NONE', *, *, #3822, .F. ) ;
#2761 = EDGE_CURVE ( 'NONE', #722, #1738, #4538, .T. ) ;
#2762 = CIRCLE ( 'NONE', #3043, 25.49899999999999523 ) ;
#2763 = CIRCLE ( 'NONE', #803, 11.19999999999999929 ) ;
#2764 = CARTESIAN_POINT ( 'NONE',  ( -10.00000000000000000, 0.000000000000000000, 0.000000000000000000 ) ) ;
#2765 = CARTESIAN_POINT ( 'NONE',  ( 8.000000000000001776, -20.20022636336494060, 16.85942694080857152 ) ) ;
#2766 = EDGE_CURVE ( 'NONE', #2199, #3197, #3374, .T. ) ;
#2767 = VECTOR ( 'NONE', #1078, 1000.000000000000000 ) ;
#2768 = CARTESIAN_POINT ( 'NONE',  ( 0.000000000000000000, -25.04981177135278969, -4.765074104334058092 ) ) ;
#2769 = CIRCLE ( 'NONE', #3352, 11.20000000000000284 ) ;
#2770 = DIRECTION ( 'NONE',  ( 0.000000000000000000, -0.2225209339563216093, 0.9749279121818219540 ) ) ;
#2771 = ORIENTED_EDGE ( 'NONE', *, *, #3301, .T. ) ;
#2772 = AXIS2_PLACEMENT_3D ( 'NONE', #4217, #2008, #917 ) ;
#2773 = DIRECTION ( 'NONE',  ( -1.000000000000000000, 0.000000000000000000, -0.000000000000000000 ) ) ;
#2774 = FACE_OUTER_BOUND ( 'NONE', #484, .T. ) ;
#2775 = CARTESIAN_POINT ( 'NONE',  ( 0.000000000000000000, 0.000000000000000000, 0.000000000000000000 ) ) ;
#2776 = EDGE_CURVE ( 'NONE', #3274, #1062, #1719, .T. ) ;
#2777 = FACE_OUTER_BOUND ( 'NONE', #827, .T. ) ;
#2778 = AXIS2_PLACEMENT_3D ( 'NONE', #2825, #3886, #3540 ) ;
#2779 = CIRCLE ( 'NONE', #1724, 11.19999999999999929 ) ;
#2780 = CARTESIAN_POINT ( 'NONE',  ( 0.000000000000000000, -10.21971125872130415, 23.36143195072520840 ) ) ;
#2781 = ADVANCED_FACE ( 'NONE', ( #3156 ), #1993, .T. ) ;
#2782 = ORIENTED_EDGE ( 'NONE', *, *, #2941, .F. ) ;
#2783 = CIRCLE ( 'NONE', #3993, 11.19999999999999929 ) ;
#2784 = ORIENTED_EDGE ( 'NONE', *, *, #4233, .T. ) ;
#2785 = CYLINDRICAL_SURFACE ( 'NONE', #1465, 11.20000000000000107 ) ;
#2786 = AXIS2_PLACEMENT_3D ( 'NONE', #988, #622, #2428 ) ;
#2787 = CARTESIAN_POINT ( 'NONE',  ( 8.000000000000001776, -10.21971125872098085, -23.36143195072535050 ) ) ;
#2788 = CIRCLE ( 'NONE', #294, 11.20000000000000107 ) ;
#2789 = EDGE_LOOP ( 'NONE', ( #4128, #3765, #2654, #512 ) ) ;
#2790 = EDGE_CURVE ( 'NONE', #3731, #3067, #446, .T. ) ;
#2791 = CARTESIAN_POINT ( 'NONE',  ( 8.000000000000001776, -16.85942694080878113, 20.20022636336476296 ) ) ;
#2792 = CARTESIAN_POINT ( 'NONE',  ( 0.000000000000000000, -29.87193472823522100, -2.769027914639754950 ) ) ;
#2793 = FACE_OUTER_BOUND ( 'NONE', #434, .T. ) ;
#2794 = CARTESIAN_POINT ( 'NONE',  ( 0.000000000000000000, -5.281492161082812942, 25.77586589148978646 ) ) ;
#2795 = EDGE_CURVE ( 'NONE', #1198, #610, #2489, .T. ) ;
#2796 = EDGE_CURVE ( 'NONE', #1031, #165, #2135, .T. ) ;
#2797 = VERTEX_POINT ( 'NONE', #1440 ) ;
#2798 = CARTESIAN_POINT ( 'NONE',  ( -10.00000000000000000, 0.000000000000000000, 0.000000000000000000 ) ) ;
#2799 = DIRECTION ( 'NONE',  ( -1.000000000000000000, 0.000000000000000000, -0.000000000000000000 ) ) ;
#2800 = LINE ( 'NONE', #1012, #4648 ) ;
#2801 = ORIENTED_EDGE ( 'NONE', *, *, #2796, .T. ) ;
#2802 = CARTESIAN_POINT ( 'NONE',  ( 8.000000000000001776, -10.46613878911947992, 28.11511939947772376 ) ) ;
#2803 = ADVANCED_FACE ( 'NONE', ( #3260 ), #3547, .T. ) ;
#2804 = CARTESIAN_POINT ( 'NONE',  ( 0.000000000000000000, 0.000000000000000000, 0.000000000000000000 ) ) ;
#2805 = VERTEX_POINT ( 'NONE', #2892 ) ;
#2806 = CARTESIAN_POINT ( 'NONE',  ( 0.000000000000000000, -2.769027914639650589, 29.87193472823523166 ) ) ;
#2807 = CARTESIAN_POINT ( 'NONE',  ( 0.000000000000000000, 16.45993346534672597, -25.08127967860409058 ) ) ;
#2808 = ORIENTED_EDGE ( 'NONE', *, *, #3617, .F. ) ;
#2809 = ORIENTED_EDGE ( 'NONE', *, *, #3392, .F. ) ;
#2810 = ORIENTED_EDGE ( 'NONE', *, *, #4228, .T. ) ;
#2811 = EDGE_CURVE ( 'NONE', #4092, #1573, #688, .T. ) ;
#2812 = LINE ( 'NONE', #1750, #2616 ) ;
#2813 = DIRECTION ( 'NONE',  ( 0.000000000000000000, 0.000000000000000000, -1.000000000000000000 ) ) ;
#2814 = CARTESIAN_POINT ( 'NONE',  ( 8.000000000000001776, 26.30485368663590862, 0.5865956258983527905 ) ) ;
#2815 = DIRECTION ( 'NONE',  ( 1.000000000000000000, -0.000000000000000000, 0.000000000000000000 ) ) ;
#2816 = ORIENTED_EDGE ( 'NONE', *, *, #3733, .F. ) ;
#2817 = DIRECTION ( 'NONE',  ( 1.000000000000000000, 0.000000000000000000, 0.000000000000000000 ) ) ;
#2818 = DIRECTION ( 'NONE',  ( 0.000000000000000000, -0.9749279121818212879, -0.2225209339563245792 ) ) ;
#2819 = ADVANCED_FACE ( 'NONE', ( #2112 ), #4329, .T. ) ;
#2820 = AXIS2_PLACEMENT_3D ( 'NONE', #182, #1330, #2742 ) ;
#2821 = CARTESIAN_POINT ( 'NONE',  ( 8.000000000000001776, 0.9285037628613247440, 25.48208943086009981 ) ) ;
#2822 = VERTEX_POINT ( 'NONE', #4609 ) ;
#2823 = FACE_OUTER_BOUND ( 'NONE', #118, .T. ) ;
#2824 = AXIS2_PLACEMENT_3D ( 'NONE', #4524, #3480, #3507 ) ;
#2825 = CARTESIAN_POINT ( 'NONE',  ( 8.000000000000001776, 0.000000000000000000, 0.000000000000000000 ) ) ;
#2826 = AXIS2_PLACEMENT_3D ( 'NONE', #2775, #1063, #263 ) ;
#2827 = CARTESIAN_POINT ( 'NONE',  ( 4.000000000000000000, 28.50681627971351872, -9.346733418401317550 ) ) ;
#2828 = EDGE_CURVE ( 'NONE', #3247, #2491, #2874, .T. ) ;
#2829 = ORIENTED_EDGE ( 'NONE', *, *, #201, .T. ) ;
#2830 = AXIS2_PLACEMENT_3D ( 'NONE', #4531, #3516, #1365 ) ;
#2831 = AXIS2_PLACEMENT_3D ( 'NONE', #3546, #588, #3154 ) ;
#2832 = ORIENTED_EDGE ( 'NONE', *, *, #1318, .T. ) ;
#2833 = CARTESIAN_POINT ( 'NONE',  ( 8.000000000000001776, -16.85942694080878113, 20.20022636336476296 ) ) ;
#2834 = ORIENTED_EDGE ( 'NONE', *, *, #2962, .T. ) ;
#2835 = AXIS2_PLACEMENT_3D ( 'NONE', #2974, #2280, #1560 ) ;
#2836 = DIRECTION ( 'NONE',  ( -1.000000000000000000, -0.000000000000000000, 0.000000000000000000 ) ) ;
#2837 = CARTESIAN_POINT ( 'NONE',  ( -22.00000000000001421, 2.000000000000000000, -1.500000000000000222 ) ) ;
#2838 = AXIS2_PLACEMENT_3D ( 'NONE', #4544, #1329, #2421 ) ;
#2839 = EDGE_CURVE ( 'NONE', #3163, #54, #106, .T. ) ;
#2840 = VERTEX_POINT ( 'NONE', #1072 ) ;
#2841 = DIRECTION ( 'NONE',  ( 0.000000000000000000, 0.4338837391175589531, -0.9009688679024187019 ) ) ;
#2842 = AXIS2_PLACEMENT_3D ( 'NONE', #3534, #3607, #3233 ) ;
#2843 = CARTESIAN_POINT ( 'NONE',  ( 8.000000000000001776, 0.000000000000000000, 0.000000000000000000 ) ) ;
#2844 = VECTOR ( 'NONE', #845, 1000.000000000000000 ) ;
#2845 = CARTESIAN_POINT ( 'NONE',  ( 4.000000000000000888, 25.08127967860449559, -16.45993346534611135 ) ) ;
#2846 = EDGE_LOOP ( 'NONE', ( #2958, #79, #412, #630 ) ) ;
#2847 = PRODUCT_DEFINITION_CONTEXT ( 'detailed design', #632, 'design' ) ;
#2848 = EDGE_CURVE ( 'NONE', #3493, #2659, #2762, .T. ) ;
#2849 = MANIFOLD_SOLID_BREP ( 'Taglio-Estrusione3', #3720 ) ;
#2850 = CARTESIAN_POINT ( 'NONE',  ( 0.000000000000000000, 0.000000000000000000, 0.000000000000000000 ) ) ;
#2851 = CARTESIAN_POINT ( 'NONE',  ( 4.000000000000000888, 29.87193472823523877, 2.769027914639546673 ) ) ;
#2852 = CARTESIAN_POINT ( 'NONE',  ( 0.000000000000000000, 25.71224702882834379, 15.45575468000535224 ) ) ;
#2853 = ORIENTED_EDGE ( 'NONE', *, *, #4584, .T. ) ;
#2854 = VERTEX_POINT ( 'NONE', #3176 ) ;
#2855 = ADVANCED_FACE ( 'NONE', ( #1110 ), #302, .T. ) ;
#2856 = CARTESIAN_POINT ( 'NONE',  ( 8.000000000000001776, 0.000000000000000000, 0.000000000000000000 ) ) ;
#2857 = AXIS2_PLACEMENT_3D ( 'NONE', #4101, #4059, #3693 ) ;
#2858 = AXIS2_PLACEMENT_3D ( 'NONE', #2069, #624, #1363 ) ;
#2859 = CIRCLE ( 'NONE', #3069, 30.00000000000000000 ) ;
#2860 = CARTESIAN_POINT ( 'NONE',  ( 0.000000000000000000, 0.000000000000000000, 0.000000000000000000 ) ) ;
#2861 = CARTESIAN_POINT ( 'NONE',  ( 8.000000000000001776, 28.11511939947790495, -10.46613878911898432 ) ) ;
#2862 = EDGE_LOOP ( 'NONE', ( #3811, #2226, #2637, #1390 ) ) ;
#2863 = EDGE_LOOP ( 'NONE', ( #2732, #3345, #2551, #4449 ) ) ;
#2864 = DIRECTION ( 'NONE',  ( -1.000000000000000000, 0.000000000000000000, 0.000000000000000000 ) ) ;
#2865 = CARTESIAN_POINT ( 'NONE',  ( 8.000000000000001776, -25.51480627843073989, -6.425269058786323484 ) ) ;
#2866 = DIRECTION ( 'NONE',  ( 0.000000000000000000, 0.000000000000000000, 1.000000000000000000 ) ) ;
#2867 = ORIENTED_EDGE ( 'NONE', *, *, #4564, .T. ) ;
#2868 = DIRECTION ( 'NONE',  ( -1.000000000000000000, -0.000000000000000000, -0.000000000000000000 ) ) ;
#2869 = CARTESIAN_POINT ( 'NONE',  ( 8.000000000000001776, 10.46613878911967710, -28.11511939947764915 ) ) ;
#2870 = CARTESIAN_POINT ( 'NONE',  ( 8.000000000000001776, 0.9285037628616775729, -25.48208943086008560 ) ) ;
#2871 = ORIENTED_EDGE ( 'NONE', *, *, #4486, .T. ) ;
#2872 = VERTEX_POINT ( 'NONE', #3571 ) ;
#2873 = CARTESIAN_POINT ( 'NONE',  ( 8.000000000000001776, -5.281492161082465664, -25.77586589148986107 ) ) ;
#2874 = LINE ( 'NONE', #3525, #1255 ) ;
#2875 = ADVANCED_FACE ( 'NONE', ( #1047 ), #3224, .T. ) ;
#2876 = DIRECTION ( 'NONE',  ( -1.000000000000000000, -0.000000000000000000, 0.000000000000000000 ) ) ;
#2877 = CARTESIAN_POINT ( 'NONE',  ( 0.000000000000000000, 0.000000000000000000, 0.000000000000000000 ) ) ;
#2878 = EDGE_CURVE ( 'NONE', #3476, #2393, #1857, .T. ) ;
#2879 = ORIENTED_EDGE ( 'NONE', *, *, #2178, .F. ) ;
#2880 = DIRECTION ( 'NONE',  ( 0.000000000000000000, 0.4338837391175589531, -0.9009688679024187019 ) ) ;
#2881 = CARTESIAN_POINT ( 'NONE',  ( 0.000000000000000000, 10.88474387751600325, 23.95436854990178688 ) ) ;
#2882 = LINE ( 'NONE', #4318, #3065 ) ;
#2883 = DIRECTION ( 'NONE',  ( -1.000000000000000000, 0.000000000000000000, 0.000000000000000000 ) ) ;
#2884 = DIRECTION ( 'NONE',  ( -1.000000000000000000, -0.000000000000000000, -0.000000000000000000 ) ) ;
#2885 = CIRCLE ( 'NONE', #394, 11.20000000000000107 ) ;
#2886 = DIRECTION ( 'NONE',  ( 0.000000000000000000, -0.2225209339563016253, -0.9749279121818265059 ) ) ;
#2887 = ORIENTED_EDGE ( 'NONE', *, *, #820, .T. ) ;
#2888 = EDGE_LOOP ( 'NONE', ( #4610, #1647, #3142, #4376 ) ) ;
#2889 = EDGE_CURVE ( 'NONE', #2437, #604, #1039, .T. ) ;
#2890 = DIRECTION ( 'NONE',  ( 0.000000000000000000, 0.9749279121818243965, -0.2225209339563114230 ) ) ;
#2891 = AXIS2_PLACEMENT_3D ( 'NONE', #2652, #2676, #1923 ) ;
#2892 = CARTESIAN_POINT ( 'NONE',  ( 0.000000000000000000, 2.000000000000000000, 1.500000000000000222 ) ) ;
#2893 = AXIS2_PLACEMENT_3D ( 'NONE', #1767, #2415, #2758 ) ;
#2894 = VECTOR ( 'NONE', #4324, 1000.000000000000000 ) ;
#2895 = EDGE_CURVE ( 'NONE', #3247, #2387, #499, .T. ) ;
#2896 = CARTESIAN_POINT ( 'NONE',  ( 8.000000000000001776, -20.93169914448959545, 15.94218908519841271 ) ) ;
#2897 = AXIS2_PLACEMENT_3D ( 'NONE', #3021, #3761, #554 ) ;
#2898 = VECTOR ( 'NONE', #3628, 1000.000000000000000 ) ;
#2899 = DIRECTION ( 'NONE',  ( -1.000000000000000000, 0.000000000000000000, 0.000000000000000000 ) ) ;
#2900 = ORIENTED_EDGE ( 'NONE', *, *, #2596, .F. ) ;
#2901 = ORIENTED_EDGE ( 'NONE', *, *, #2165, .F. ) ;
#2902 = ADVANCED_FACE ( 'NONE', ( #1156 ), #1859, .T. ) ;
#2903 = CARTESIAN_POINT ( 'NONE',  ( 8.000000000000001776, 26.30485368663591927, -0.5865956258979815319 ) ) ;
#2904 = FACE_OUTER_BOUND ( 'NONE', #558, .T. ) ;
#2905 = VECTOR ( 'NONE', #1587, 1000.000000000000000 ) ;
#2906 = DIRECTION ( 'NONE',  ( -1.000000000000000000, -0.000000000000000000, 0.000000000000000000 ) ) ;
#2907 = AXIS2_PLACEMENT_3D ( 'NONE', #4666, #2864, #2931 ) ;
#2908 = DIRECTION ( 'NONE',  ( 0.000000000000000000, 0.000000000000000000, -1.000000000000000000 ) ) ;
#2909 = CARTESIAN_POINT ( 'NONE',  ( 0.000000000000000000, 0.000000000000000000, -6.400000000000000355 ) ) ;
#2910 = CARTESIAN_POINT ( 'NONE',  ( 0.000000000000000000, -0.5865956258977074178, -26.30485368663592638 ) ) ;
#2911 = CIRCLE ( 'NONE', #4123, 30.00000000000000000 ) ;
#2912 = ORIENTED_EDGE ( 'NONE', *, *, #1115, .F. ) ;
#2913 = AXIS2_PLACEMENT_3D ( 'NONE', #2590, #3709, #510 ) ;
#2914 = ORIENTED_EDGE ( 'NONE', *, *, #237, .F. ) ;
#2915 = ORIENTED_EDGE ( 'NONE', *, *, #1880, .F. ) ;
#2916 = CARTESIAN_POINT ( 'NONE',  ( 8.000000000000001776, 0.000000000000000000, 0.000000000000000000 ) ) ;
#2917 = FACE_OUTER_BOUND ( 'NONE', #3186, .T. ) ;
#2918 = EDGE_CURVE ( 'NONE', #2263, #3959, #658, .T. ) ;
#2919 = ORIENTED_EDGE ( 'NONE', *, *, #3392, .T. ) ;
#2920 = VECTOR ( 'NONE', #34, 1000.000000000000000 ) ;
#2921 = ORIENTED_EDGE ( 'NONE', *, *, #1898, .T. ) ;
#2922 = DIRECTION ( 'NONE',  ( 1.000000000000000000, 0.000000000000000000, 0.000000000000000000 ) ) ;
#2923 = CIRCLE ( 'NONE', #4498, 11.19999999999999751 ) ;
#2924 = DIRECTION ( 'NONE',  ( 1.000000000000000000, -0.000000000000000000, -0.000000000000000000 ) ) ;
#2925 = ORIENTED_EDGE ( 'NONE', *, *, #4187, .T. ) ;
#2926 = CIRCLE ( 'NONE', #1428, 30.00000000000000000 ) ;
#2927 = ADVANCED_FACE ( 'NONE', ( #1888 ), #2315, .T. ) ;
#2928 = ORIENTED_EDGE ( 'NONE', *, *, #2514, .F. ) ;
#2929 = ORIENTED_EDGE ( 'NONE', *, *, #2878, .T. ) ;
#2930 = AXIS2_PLACEMENT_3D ( 'NONE', #1679, #282, #1331 ) ;
#2931 = DIRECTION ( 'NONE',  ( 0.000000000000000000, 0.000000000000000000, 1.000000000000000000 ) ) ;
#2932 = DIRECTION ( 'NONE',  ( 0.000000000000000000, 0.000000000000000000, 1.000000000000000000 ) ) ;
#2933 = FACE_OUTER_BOUND ( 'NONE', #149, .T. ) ;
#2934 = ADVANCED_FACE ( 'NONE', ( #2917 ), #1137, .T. ) ;
#2935 = FACE_OUTER_BOUND ( 'NONE', #1541, .T. ) ;
#2936 = CARTESIAN_POINT ( 'NONE',  ( 4.000000000000000888, 3.947528211216156269, 29.73914963514680210 ) ) ;
#2937 = DIRECTION ( 'NONE',  ( 0.000000000000000000, -0.4338837391175462410, -0.9009688679024248081 ) ) ;
#2938 = ORIENTED_EDGE ( 'NONE', *, *, #2980, .T. ) ;
#2939 = ORIENTED_EDGE ( 'NONE', *, *, #427, .T. ) ;
#2940 = VERTEX_POINT ( 'NONE', #3735 ) ;
#2941 = EDGE_CURVE ( 'NONE', #476, #3566, #351, .T. ) ;
#2942 = CARTESIAN_POINT ( 'NONE',  ( 0.000000000000000000, 5.281492161083006565, -25.77586589148974383 ) ) ;
#2943 = CARTESIAN_POINT ( 'NONE',  ( 0.000000000000000000, -16.61375636358840779, -19.34378712898085340 ) ) ;
#2944 = ORIENTED_EDGE ( 'NONE', *, *, #1610, .F. ) ;
#2945 = ORIENTED_EDGE ( 'NONE', *, *, #2776, .T. ) ;
#2946 = EDGE_CURVE ( 'NONE', #1699, #3500, #797, .T. ) ;
#2947 = CARTESIAN_POINT ( 'NONE',  ( 8.000000000000001776, 0.000000000000000000, 0.000000000000000000 ) ) ;
#2948 = DIRECTION ( 'NONE',  ( -1.000000000000000000, -0.000000000000000000, -0.000000000000000000 ) ) ;
#2949 = EDGE_CURVE ( 'NONE', #4579, #1547, #2689, .T. ) ;
#2950 = CARTESIAN_POINT ( 'NONE',  ( 4.000000000000000888, -25.08127967860415808, -16.45993346534662649 ) ) ;
#2951 = DIRECTION ( 'NONE',  ( 0.000000000000000000, 0.000000000000000000, -1.000000000000000000 ) ) ;
#2952 = ORIENTED_EDGE ( 'NONE', *, *, #110, .T. ) ;
#2953 = CARTESIAN_POINT ( 'NONE',  ( 8.000000000000001776, -22.55570658189526156, 11.89281722685783471 ) ) ;
#2954 = DIRECTION ( 'NONE',  ( 1.000000000000000000, 0.000000000000000000, 0.000000000000000000 ) ) ;
#2955 = LINE ( 'NONE', #3562, #283 ) ;
#2956 = EDGE_CURVE ( 'NONE', #1983, #1646, #2769, .T. ) ;
#2957 = ORIENTED_EDGE ( 'NONE', *, *, #1528, .T. ) ;
#2958 = ORIENTED_EDGE ( 'NONE', *, *, #762, .T. ) ;
#2959 = ORIENTED_EDGE ( 'NONE', *, *, #4011, .T. ) ;
#2960 = ORIENTED_EDGE ( 'NONE', *, *, #2972, .T. ) ;
#2961 = DIRECTION ( 'NONE',  ( -1.000000000000000000, -0.000000000000000000, -0.000000000000000000 ) ) ;
#2962 = EDGE_CURVE ( 'NONE', #3737, #3905, #51, .T. ) ;
#2963 = CARTESIAN_POINT ( 'NONE',  ( 8.000000000000001776, -11.94175267147946506, -23.44533994287262857 ) ) ;
#2964 = VERTEX_POINT ( 'NONE', #1526 ) ;
#2965 = CARTESIAN_POINT ( 'NONE',  ( 8.000000000000001776, -23.44533994287242251, -11.94175267147987540 ) ) ;
#2966 = DIRECTION ( 'NONE',  ( 0.000000000000000000, 0.000000000000000000, 1.000000000000000000 ) ) ;
#2967 = AXIS2_PLACEMENT_3D ( 'NONE', #371, #4306, #2890 ) ;
#2968 = ORIENTED_EDGE ( 'NONE', *, *, #2639, .T. ) ;
#2969 = CIRCLE ( 'NONE', #945, 11.19999999999999929 ) ;
#2970 = DIRECTION ( 'NONE',  ( -1.000000000000000000, 0.000000000000000000, -0.000000000000000000 ) ) ;
#2971 = DIRECTION ( 'NONE',  ( -1.000000000000000000, -0.000000000000000000, -0.000000000000000000 ) ) ;
#2972 = EDGE_CURVE ( 'NONE', #45, #2573, #4488, .T. ) ;
#2973 = CARTESIAN_POINT ( 'NONE',  ( 8.000000000000001776, 5.281492161082640635, 25.77586589148982199 ) ) ;
#2974 = CARTESIAN_POINT ( 'NONE',  ( 8.000000000000001776, -23.44533994287258949, 11.94175267147954855 ) ) ;
#2975 = CARTESIAN_POINT ( 'NONE',  ( 8.000000000000001776, 0.000000000000000000, 0.000000000000000000 ) ) ;
#2976 = FACE_OUTER_BOUND ( 'NONE', #3075, .T. ) ;
#2977 = ORIENTED_EDGE ( 'NONE', *, *, #1639, .T. ) ;
#2978 = VERTEX_POINT ( 'NONE', #2943 ) ;
#2979 = ORIENTED_EDGE ( 'NONE', *, *, #452, .F. ) ;
#2980 = EDGE_CURVE ( 'NONE', #2989, #31, #96, .T. ) ;
#2981 = DIRECTION ( 'NONE',  ( -1.000000000000000000, 0.000000000000000000, 0.000000000000000000 ) ) ;
#2982 = CARTESIAN_POINT ( 'NONE',  ( 8.000000000000001776, 23.36143195072524392, 10.21971125872122599 ) ) ;
#2983 = EDGE_LOOP ( 'NONE', ( #511, #3335, #3888, #3514 ) ) ;
#2984 = AXIS2_PLACEMENT_3D ( 'NONE', #2288, #1930, #123 ) ;
#2985 = DIRECTION ( 'NONE',  ( -1.000000000000000000, -0.000000000000000000, -0.000000000000000000 ) ) ;
#2986 = FACE_OUTER_BOUND ( 'NONE', #3002, .T. ) ;
#2987 = FACE_OUTER_BOUND ( 'NONE', #2651, .T. ) ;
#2988 = AXIS2_PLACEMENT_3D ( 'NONE', #3847, #1306, #2813 ) ;
#2989 = VERTEX_POINT ( 'NONE', #2982 ) ;
#2990 = VECTOR ( 'NONE', #4446, 1000.000000000000000 ) ;
#2991 = CARTESIAN_POINT ( 'NONE',  ( 8.000000000000001776, 0.9285037628616775729, -25.48208943086008560 ) ) ;
#2992 = DIRECTION ( 'NONE',  ( 0.000000000000000000, 0.000000000000000000, 1.000000000000000000 ) ) ;
#2993 = FACE_OUTER_BOUND ( 'NONE', #1194, .T. ) ;
#2994 = PLANE ( 'NONE',  #723 ) ;
#2995 = DIRECTION ( 'NONE',  ( -1.000000000000000000, 0.000000000000000000, 0.000000000000000000 ) ) ;
#2996 = VECTOR ( 'NONE', #2139, 1000.000000000000000 ) ;
#2997 = CARTESIAN_POINT ( 'NONE',  ( 8.000000000000001776, -25.77586589148983975, 5.281492161082555370 ) ) ;
#2998 = EDGE_LOOP ( 'NONE', ( #1008, #4567, #475, #751 ) ) ;
#2999 = CIRCLE ( 'NONE', #299, 10.99999999999986500 ) ;
#3000 = ORIENTED_EDGE ( 'NONE', *, *, #1975, .F. ) ;
#3001 = DIRECTION ( 'NONE',  ( -1.000000000000000000, 0.000000000000000000, 0.000000000000000000 ) ) ;
#3002 = EDGE_LOOP ( 'NONE', ( #920, #865, #3945, #2968 ) ) ;
#3003 = VERTEX_POINT ( 'NONE', #4416 ) ;
#3004 = EDGE_LOOP ( 'NONE', ( #2631, #1671, #2108, #1274 ) ) ;
#3005 = DIRECTION ( 'NONE',  ( 0.000000000000000000, 0.6234898018587347046, -0.7818314824680289155 ) ) ;
#3006 = CARTESIAN_POINT ( 'NONE',  ( 4.000000000000000888, -16.45993346534620017, -25.08127967860443874 ) ) ;
#3007 = CYLINDRICAL_SURFACE ( 'NONE', #678, 25.49899999999999523 ) ;
#3008 = EDGE_CURVE ( 'NONE', #4375, #3162, #2635, .T. ) ;
#3009 = ORIENTED_EDGE ( 'NONE', *, *, #2709, .F. ) ;
#3010 = ORIENTED_EDGE ( 'NONE', *, *, #4068, .F. ) ;
#3011 = DIRECTION ( 'NONE',  ( -1.000000000000000000, 0.000000000000000000, -0.000000000000000000 ) ) ;
#3012 = CARTESIAN_POINT ( 'NONE',  ( 8.000000000000001776, -6.575522574292854472, 24.63658872236504749 ) ) ;
#3013 = CARTESIAN_POINT ( 'NONE',  ( -10.00000000000000000, 0.000000000000000000, 0.000000000000000000 ) ) ;
#3014 = CYLINDRICAL_SURFACE ( 'NONE', #824, 30.00000000000000000 ) ;
#3015 = CARTESIAN_POINT ( 'NONE',  ( 0.000000000000000000, -11.94175267147979369, 23.44533994287246159 ) ) ;
#3016 = CYLINDRICAL_SURFACE ( 'NONE', #1652, 11.19999999999999929 ) ;
#3017 = CARTESIAN_POINT ( 'NONE',  ( 0.000000000000000000, -23.95436854990167319, -10.88474387751624661 ) ) ;
#3018 = EDGE_LOOP ( 'NONE', ( #477, #3424 ) ) ;
#3019 = EDGE_LOOP ( 'NONE', ( #3020, #439, #3919, #3112 ) ) ;
#3020 = ORIENTED_EDGE ( 'NONE', *, *, #4252, .F. ) ;
#3021 = CARTESIAN_POINT ( 'NONE',  ( 0.000000000000000000, 0.000000000000000000, 0.000000000000000000 ) ) ;
#3022 = DIRECTION ( 'NONE',  ( -1.000000000000000000, -0.000000000000000000, 0.000000000000000000 ) ) ;
#3024 = ORIENTED_EDGE ( 'NONE', *, *, #4308, .F. ) ;
#3023 = EDGE_CURVE ( 'NONE', #3094, #304, #890, .T. ) ;
#3025 = EDGE_LOOP ( 'NONE', ( #1382, #1333, #2271, #2058 ) ) ;
#3026 = DIRECTION ( 'NONE',  ( -1.000000000000000000, -0.000000000000000000, 0.000000000000000000 ) ) ;
#3027 = CARTESIAN_POINT ( 'NONE',  ( 8.000000000000001776, 4.765074104333798743, 25.04981177135283588 ) ) ;
#3028 = LINE ( 'NONE', #4447, #1197 ) ;
#3029 = AXIS2_PLACEMENT_3D ( 'NONE', #2910, #1474, #1606 ) ;
#3030 = EDGE_CURVE ( 'NONE', #4198, #2487, #4439, .T. ) ;
#3031 = CARTESIAN_POINT ( 'NONE',  ( 8.000000000000001776, 25.04981177135282167, 4.765074104333884009 ) ) ;
#3032 = CIRCLE ( 'NONE', #2074, 11.20000000000000107 ) ;
#3033 = CARTESIAN_POINT ( 'NONE',  ( 8.000000000000001776, 16.45993346534636714, 25.08127967860433216 ) ) ;
#3034 = DIRECTION ( 'NONE',  ( 1.000000000000000000, 0.000000000000000000, 0.000000000000000000 ) ) ;
#3035 = ORIENTED_EDGE ( 'NONE', *, *, #1301, .T. ) ;
#3036 = DIRECTION ( 'NONE',  ( 0.000000000000000000, 0.7818314824680310249, -0.6234898018587319291 ) ) ;
#3037 = CIRCLE ( 'NONE', #3960, 11.19999999999999929 ) ;
#3038 = AXIS2_PLACEMENT_3D ( 'NONE', #3474, #244, #970 ) ;
#3039 = CARTESIAN_POINT ( 'NONE',  ( 0.000000000000000000, -28.50681627971345833, 9.346733418401500515 ) ) ;
#3040 = FACE_OUTER_BOUND ( 'NONE', #2266, .T. ) ;
#3041 = DIRECTION ( 'NONE',  ( 0.000000000000000000, 0.6234898018587292645, 0.7818314824680331343 ) ) ;
#3042 = ORIENTED_EDGE ( 'NONE', *, *, #4570, .T. ) ;
#3043 = AXIS2_PLACEMENT_3D ( 'NONE', #4307, #3941, #755 ) ;
#3044 = DIRECTION ( 'NONE',  ( -1.000000000000000000, -0.000000000000000000, 0.000000000000000000 ) ) ;
#3045 = ADVANCED_FACE ( 'NONE', ( #868 ), #629, .T. ) ;
#3046 = DIRECTION ( 'NONE',  ( -1.000000000000000000, 0.000000000000000000, 0.000000000000000000 ) ) ;
#3047 = CIRCLE ( 'NONE', #2541, 1.600000000000000311 ) ;
#3048 = ORIENTED_EDGE ( 'NONE', *, *, #4243, .T. ) ;
#3049 = ORIENTED_EDGE ( 'NONE', *, *, #1487, .F. ) ;
#3050 = LINE ( 'NONE', #4494, #4469 ) ;
#3051 = ADVANCED_FACE ( 'NONE', ( #2683 ), #937, .T. ) ;
#3052 = LINE ( 'NONE', #1410, #1426 ) ;
#3053 = DIRECTION ( 'NONE',  ( 0.000000000000000000, 0.6234898018587294866, 0.7818314824680331343 ) ) ;
#3054 = VECTOR ( 'NONE', #3470, 1000.000000000000000 ) ;
#3055 = FACE_OUTER_BOUND ( 'NONE', #3856, .T. ) ;
#3056 = DIRECTION ( 'NONE',  ( -1.000000000000000000, 0.000000000000000000, -0.000000000000000000 ) ) ;
#3057 = AXIS2_PLACEMENT_3D ( 'NONE', #4569, #181, #3160 ) ;
#3058 = DIRECTION ( 'NONE',  ( 1.000000000000000000, -0.000000000000000000, -0.000000000000000000 ) ) ;
#3059 = EDGE_CURVE ( 'NONE', #4266, #3240, #4490, .T. ) ;
#3060 = VERTEX_POINT ( 'NONE', #2780 ) ;
#3061 = DIRECTION ( 'NONE',  ( 0.000000000000000000, -1.776356839400250465E-15, -1.000000000000000000 ) ) ;
#3062 = DIRECTION ( 'NONE',  ( 1.000000000000000000, 0.000000000000000000, 0.000000000000000000 ) ) ;
#3063 = CARTESIAN_POINT ( 'NONE',  ( 8.000000000000001776, -6.425269058785890053, -25.51480627843085003 ) ) ;
#3064 = EDGE_CURVE ( 'NONE', #1367, #389, #3859, .T. ) ;
#3065 = VECTOR ( 'NONE', #3656, 1000.000000000000000 ) ;
#3066 = DIRECTION ( 'NONE',  ( 1.000000000000000000, 0.000000000000000000, 0.000000000000000000 ) ) ;
#3067 = VERTEX_POINT ( 'NONE', #2034 ) ;
#3068 = ORIENTED_EDGE ( 'NONE', *, *, #1960, .T. ) ;
#3069 = AXIS2_PLACEMENT_3D ( 'NONE', #4294, #1053, #4311 ) ;
#3070 = CYLINDRICAL_SURFACE ( 'NONE', #566, 11.19999999999999929 ) ;
#3071 = DIRECTION ( 'NONE',  ( -1.000000000000000000, -0.000000000000000000, 0.000000000000000000 ) ) ;
#3072 = AXIS2_PLACEMENT_3D ( 'NONE', #601, #4529, #4576 ) ;
#3073 = ORIENTED_EDGE ( 'NONE', *, *, #3076, .F. ) ;
#3074 = ORIENTED_EDGE ( 'NONE', *, *, #4341, .T. ) ;
#3075 = EDGE_LOOP ( 'NONE', ( #1884, #1862, #1814, #1001 ) ) ;
#3076 = EDGE_CURVE ( 'NONE', #3666, #4370, #3449, .T. ) ;
#3077 = CARTESIAN_POINT ( 'NONE',  ( 8.000000000000001776, -25.48208943086010336, 0.9285037628612359262 ) ) ;
#3078 = DIRECTION ( 'NONE',  ( 1.000000000000000000, 0.000000000000000000, 0.000000000000000000 ) ) ;
#3079 = CARTESIAN_POINT ( 'NONE',  ( 8.000000000000001776, 25.48208943086009626, 0.9285037628614106753 ) ) ;
#3080 = EDGE_CURVE ( 'NONE', #4399, #3759, #3980, .T. ) ;
#3081 = LINE ( 'NONE', #543, #812 ) ;
#3082 = CYLINDRICAL_SURFACE ( 'NONE', #4642, 11.20000000000000107 ) ;
#3083 = DIRECTION ( 'NONE',  ( -1.000000000000000000, -0.000000000000000000, -0.000000000000000000 ) ) ;
#3084 = CARTESIAN_POINT ( 'NONE',  ( 0.000000000000000000, 0.000000000000000000, 0.000000000000000000 ) ) ;
#3085 = ADVANCED_FACE ( 'NONE', ( #3420 ), #4513, .F. ) ;
#3086 = DIRECTION ( 'NONE',  ( 1.000000000000000000, -0.000000000000000000, -0.000000000000000000 ) ) ;
#3087 = DIRECTION ( 'NONE',  ( -1.000000000000000000, 0.000000000000000000, -0.000000000000000000 ) ) ;
#3088 = FACE_OUTER_BOUND ( 'NONE', #897, .T. ) ;
#3089 = EDGE_LOOP ( 'NONE', ( #1904, #465, #4219, #1843 ) ) ;
#3090 = EDGE_CURVE ( 'NONE', #794, #4118, #1947, .T. ) ;
#3091 = CARTESIAN_POINT ( 'NONE',  ( 8.000000000000001776, 0.000000000000000000, 25.49899999999999523 ) ) ;
#3092 = CARTESIAN_POINT ( 'NONE',  ( 8.000000000000001776, 0.000000000000000000, 0.000000000000000000 ) ) ;
#3093 = ORIENTED_EDGE ( 'NONE', *, *, #2116, .T. ) ;
#3094 = VERTEX_POINT ( 'NONE', #994 ) ;
#3095 = EDGE_LOOP ( 'NONE', ( #1241, #3496, #3462, #3549 ) ) ;
#3096 = EDGE_CURVE ( 'NONE', #3687, #1138, #3433, .T. ) ;
#3097 = CARTESIAN_POINT ( 'NONE',  ( 8.000000000000001776, 26.30485368663591927, -0.5865956258979815319 ) ) ;
#3098 = CARTESIAN_POINT ( 'NONE',  ( 8.000000000000001776, 0.000000000000000000, 0.000000000000000000 ) ) ;
#3099 = VERTEX_POINT ( 'NONE', #3762 ) ;
#3100 = DIRECTION ( 'NONE',  ( -1.000000000000000000, 0.000000000000000000, -0.000000000000000000 ) ) ;
#3101 = CYLINDRICAL_SURFACE ( 'NONE', #3818, 1.599999999999999867 ) ;
#3102 = ADVANCED_FACE ( 'NONE', ( #534 ), #1987, .F. ) ;
#3103 = CARTESIAN_POINT ( 'NONE',  ( 8.000000000000001776, 20.20022636336481980, 16.85942694080871362 ) ) ;
#3104 = EDGE_LOOP ( 'NONE', ( #2915, #2653, #1597, #2360 ) ) ;
#3105 = LINE ( 'NONE', #1358, #904 ) ;
#3106 = CIRCLE ( 'NONE', #1688, 11.19999999999999929 ) ;
#3107 = DIRECTION ( 'NONE',  ( -1.000000000000000000, -0.000000000000000000, 0.000000000000000000 ) ) ;
#3108 = DIRECTION ( 'NONE',  ( -1.000000000000000000, -0.000000000000000000, 0.000000000000000000 ) ) ;
#3109 = EDGE_CURVE ( 'NONE', #3972, #1988, #2103, .T. ) ;
#3110 = VECTOR ( 'NONE', #1672, 1000.000000000000000 ) ;
#3111 = DIRECTION ( 'NONE',  ( 0.000000000000000000, -7.124757133476173122E-15, 1.000000000000000000 ) ) ;
#3112 = ORIENTED_EDGE ( 'NONE', *, *, #739, .T. ) ;
#3113 = AXIS2_PLACEMENT_3D ( 'NONE', #3917, #3564, #1812 ) ;
#3114 = DIRECTION ( 'NONE',  ( 0.000000000000000000, 0.000000000000000000, 1.000000000000000000 ) ) ;
#3115 = CIRCLE ( 'NONE', #30, 30.00000000000000000 ) ;
#3116 = CARTESIAN_POINT ( 'NONE',  ( 10.00000000000000000, 8.000000000000000000, 1.600000000000000311 ) ) ;
#3117 = EDGE_CURVE ( 'NONE', #3929, #4515, #4491, .T. ) ;
#3118 = CIRCLE ( 'NONE', #4627, 11.19999999999999929 ) ;
#3119 = CIRCLE ( 'NONE', #1701, 11.19999999999999751 ) ;
#3120 = ORIENTED_EDGE ( 'NONE', *, *, #1960, .F. ) ;
#3121 = DIRECTION ( 'NONE',  ( 0.000000000000000000, 0.000000000000000000, -1.000000000000000000 ) ) ;
#3122 = DIRECTION ( 'NONE',  ( -1.000000000000000000, -0.000000000000000000, 0.000000000000000000 ) ) ;
#3123 = ORIENTED_EDGE ( 'NONE', *, *, #1487, .T. ) ;
#3124 = EDGE_CURVE ( 'NONE', #2122, #4276, #1468, .T. ) ;
#3125 = EDGE_LOOP ( 'NONE', ( #4443, #1664, #1112, #2477 ) ) ;
#3126 = AXIS2_PLACEMENT_3D ( 'NONE', #3973, #4362, #1846 ) ;
#3127 = CARTESIAN_POINT ( 'NONE',  ( 0.000000000000000000, -20.20022636336470612, -16.85942694080885218 ) ) ;
#3128 = CARTESIAN_POINT ( 'NONE',  ( 8.000000000000001776, -19.34378712898057273, -16.61375636358872754 ) ) ;
#3129 = CARTESIAN_POINT ( 'NONE',  ( 0.000000000000000000, -3.947528211215960869, -29.73914963514682697 ) ) ;
#3130 = EDGE_LOOP ( 'NONE', ( #1249, #1512, #1341, #4209 ) ) ;
#3131 = AXIS2_PLACEMENT_3D ( 'NONE', #2611, #4055, #1907 ) ;
#3132 = DIRECTION ( 'NONE',  ( -1.000000000000000000, -0.000000000000000000, -0.000000000000000000 ) ) ;
#3133 = ADVANCED_FACE ( 'NONE', ( #4196 ), #2434, .T. ) ;
#3134 = EDGE_LOOP ( 'NONE', ( #4041, #3830 ) ) ;
#3135 = VERTEX_POINT ( 'NONE', #2752 ) ;
#3136 = AXIS2_PLACEMENT_3D ( 'NONE', #2764, #4179, #1284 ) ;
#3137 = VECTOR ( 'NONE', #2075, 1000.000000000000000 ) ;
#3138 = FACE_OUTER_BOUND ( 'NONE', #1854, .T. ) ;
#3139 = DIRECTION ( 'NONE',  ( 0.000000000000000000, 0.000000000000000000, 1.000000000000000000 ) ) ;
#3140 = CIRCLE ( 'NONE', #1955, 11.20000000000000284 ) ;
#3141 = DIRECTION ( 'NONE',  ( -1.000000000000000000, -0.000000000000000000, -0.000000000000000000 ) ) ;
#3142 = ORIENTED_EDGE ( 'NONE', *, *, #3767, .F. ) ;
#3143 = CARTESIAN_POINT ( 'NONE',  ( 0.000000000000000000, 0.5865956258982590876, -26.30485368663590862 ) ) ;
#3144 = AXIS2_PLACEMENT_3D ( 'NONE', #4520, #202, #2129 ) ;
#3145 = AXIS2_PLACEMENT_3D ( 'NONE', #78, #4081, #4102 ) ;
#3146 = CIRCLE ( 'NONE', #1125, 30.00000000000000000 ) ;
#3147 = CARTESIAN_POINT ( 'NONE',  ( 4.000000000000000000, 29.73914963514684473, -3.947528211215859617 ) ) ;
#3148 = ORIENTED_EDGE ( 'NONE', *, *, #993, .F. ) ;
#3149 = VERTEX_POINT ( 'NONE', #2710 ) ;
#3150 = AXIS2_PLACEMENT_3D ( 'NONE', #3063, #3320, #4070 ) ;
#3151 = EDGE_CURVE ( 'NONE', #4325, #2727, #963, .T. ) ;
#3152 = CIRCLE ( 'NONE', #2186, 11.20000000000000284 ) ;
#3153 = ORIENTED_EDGE ( 'NONE', *, *, #858, .T. ) ;
#3154 = DIRECTION ( 'NONE',  ( 0.000000000000000000, 0.000000000000000000, -1.000000000000000000 ) ) ;
#3155 = AXIS2_PLACEMENT_3D ( 'NONE', #1254, #1911, #3332 ) ;
#3156 = FACE_OUTER_BOUND ( 'NONE', #4448, .T. ) ;
#3157 = ORIENTED_EDGE ( 'NONE', *, *, #3611, .T. ) ;
#3158 = ORIENTED_EDGE ( 'NONE', *, *, #4541, .T. ) ;
#3159 = DIRECTION ( 'NONE',  ( -1.000000000000000000, -0.000000000000000000, 0.000000000000000000 ) ) ;
#3160 = DIRECTION ( 'NONE',  ( 0.000000000000000000, 0.9009688679024201452, -0.4338837391175559555 ) ) ;
#3161 = CARTESIAN_POINT ( 'NONE',  ( 8.000000000000001776, -10.88474387751616312, 23.95436854990171227 ) ) ;
#3162 = VERTEX_POINT ( 'NONE', #2052 ) ;
#3163 = VERTEX_POINT ( 'NONE', #239 ) ;
#3164 = EDGE_CURVE ( 'NONE', #3314, #281, #1689, .T. ) ;
#3165 = CARTESIAN_POINT ( 'NONE',  ( 8.000000000000001776, -23.95436854990181885, 10.88474387751592332 ) ) ;
#3166 = FACE_OUTER_BOUND ( 'NONE', #4153, .T. ) ;
#3167 = CARTESIAN_POINT ( 'NONE',  ( 8.000000000000001776, -25.51480627843073989, -6.425269058786323484 ) ) ;
#3168 = VERTEX_POINT ( 'NONE', #3519 ) ;
#3169 = CYLINDRICAL_SURFACE ( 'NONE', #103, 11.19999999999999929 ) ;
#3170 = FACE_OUTER_BOUND ( 'NONE', #2284, .T. ) ;
#3171 = CARTESIAN_POINT ( 'NONE',  ( 0.000000000000000000, -10.88474387751583627, -23.95436854990185793 ) ) ;
#3172 = ORIENTED_EDGE ( 'NONE', *, *, #1045, .F. ) ;
#3173 = ORIENTED_EDGE ( 'NONE', *, *, #3791, .T. ) ;
#3174 = VERTEX_POINT ( 'NONE', #656 ) ;
#3175 = CARTESIAN_POINT ( 'NONE',  ( 0.000000000000000000, -16.45993346534620017, -25.08127967860443874 ) ) ;
#3176 = CARTESIAN_POINT ( 'NONE',  ( 0.000000000000000000, -16.45993346534653412, 25.08127967860421492 ) ) ;
#3177 = VERTEX_POINT ( 'NONE', #3593 ) ;
#3178 = EDGE_CURVE ( 'NONE', #1896, #199, #1694, .T. ) ;
#3179 = VERTEX_POINT ( 'NONE', #2546 ) ;
#3180 = DIRECTION ( 'NONE',  ( -1.000000000000000000, 0.000000000000000000, 0.000000000000000000 ) ) ;
#3181 = CARTESIAN_POINT ( 'NONE',  ( 4.000000000000000888, 2.769027914639439203, 29.87193472823524942 ) ) ;
#3182 = CIRCLE ( 'NONE', #3784, 25.49899999999999523 ) ;
#3183 = ORIENTED_EDGE ( 'NONE', *, *, #2269, .T. ) ;
#3184 =( LENGTH_UNIT ( ) NAMED_UNIT ( * ) SI_UNIT ( .MILLI., .METRE. ) );
#3185 = ADVANCED_FACE ( 'NONE', ( #4259 ), #2169, .T. ) ;
#3186 = EDGE_LOOP ( 'NONE', ( #1765, #1044, #3786, #3068 ) ) ;
#3187 = CYLINDRICAL_SURFACE ( 'NONE', #350, 11.19999999999999929 ) ;
#3188 = DIRECTION ( 'NONE',  ( 0.000000000000000000, 0.000000000000000000, 1.000000000000000000 ) ) ;
#3189 = CYLINDRICAL_SURFACE ( 'NONE', #1239, 11.20000000000000107 ) ;
#3190 = EDGE_CURVE ( 'NONE', #3803, #3687, #366, .T. ) ;
#3191 = EDGE_LOOP ( 'NONE', ( #47, #1685, #504, #4166 ) ) ;
#3192 = CARTESIAN_POINT ( 'NONE',  ( 0.000000000000000000, 23.36143195072538958, -10.21971125872089914 ) ) ;
#3193 = CIRCLE ( 'NONE', #1020, 11.19999999999999929 ) ;
#3194 = DIRECTION ( 'NONE',  ( 0.000000000000000000, 0.000000000000000000, 1.000000000000000000 ) ) ;
#3195 = CIRCLE ( 'NONE', #2223, 30.00000000000000000 ) ;
#3196 = FACE_OUTER_BOUND ( 'NONE', #2728, .T. ) ;
#3197 = VERTEX_POINT ( 'NONE', #2870 ) ;
#3198 = EDGE_LOOP ( 'NONE', ( #1121, #2912, #84, #1275 ) ) ;
#3199 = ORIENTED_EDGE ( 'NONE', *, *, #1011, .T. ) ;
#3200 = DIRECTION ( 'NONE',  ( -1.000000000000000000, 0.000000000000000000, 0.000000000000000000 ) ) ;
#3201 = DIRECTION ( 'NONE',  ( -1.000000000000000000, 0.000000000000000000, 0.000000000000000000 ) ) ;
#3202 = VERTEX_POINT ( 'NONE', #2852 ) ;
#3203 = ORIENTED_EDGE ( 'NONE', *, *, #4398, .F. ) ;
#3204 = CIRCLE ( 'NONE', #4332, 11.20000000000000107 ) ;
#3205 = CARTESIAN_POINT ( 'NONE',  ( 8.000000000000001776, 0.000000000000000000, 0.000000000000000000 ) ) ;
#3206 = DIRECTION ( 'NONE',  ( 1.000000000000000000, 0.000000000000000000, 0.000000000000000000 ) ) ;
#3207 = EDGE_LOOP ( 'NONE', ( #532, #772, #3323, #4442 ) ) ;
#3208 = ORIENTED_EDGE ( 'NONE', *, *, #4357, .F. ) ;
#3209 = DIRECTION ( 'NONE',  ( 0.000000000000000000, 0.2225209339563148925, -0.9749279121818235083 ) ) ;
#3210 = CIRCLE ( 'NONE', #1181, 30.00000000000000000 ) ;
#3211 = DIRECTION ( 'NONE',  ( 0.000000000000000000, 0.000000000000000000, 1.000000000000000000 ) ) ;
#3212 = DIRECTION ( 'NONE',  ( -1.000000000000000000, -0.000000000000000000, -0.000000000000000000 ) ) ;
#3213 = VERTEX_POINT ( 'NONE', #4629 ) ;
#3214 = FACE_OUTER_BOUND ( 'NONE', #3018, .T. ) ;
#3215 = DIRECTION ( 'NONE',  ( -1.000000000000000000, 0.000000000000000000, -0.000000000000000000 ) ) ;
#3216 = EDGE_CURVE ( 'NONE', #2153, #1016, #341, .T. ) ;
#3217 = LINE ( 'NONE', #2508, #855 ) ;
#3218 = ORIENTED_EDGE ( 'NONE', *, *, #3531, .T. ) ;
#3219 = ORIENTED_EDGE ( 'NONE', *, *, #3791, .F. ) ;
#3220 = AXIS2_PLACEMENT_3D ( 'NONE', #3926, #1839, #2203 ) ;
#3221 = AXIS2_PLACEMENT_3D ( 'NONE', #644, #4245, #670 ) ;
#3222 = DIRECTION ( 'NONE',  ( -1.000000000000000000, 0.000000000000000000, 0.000000000000000000 ) ) ;
#3223 = CIRCLE ( 'NONE', #2409, 11.20000000000000107 ) ;
#3224 = CYLINDRICAL_SURFACE ( 'NONE', #416, 30.00000000000000000 ) ;
#3225 = EDGE_LOOP ( 'NONE', ( #2213, #3787, #3897, #1591 ) ) ;
#3226 = VECTOR ( 'NONE', #2261, 1000.000000000000000 ) ;
#3227 = EDGE_CURVE ( 'NONE', #3174, #802, #1412, .T. ) ;
#3228 = AXIS2_PLACEMENT_3D ( 'NONE', #575, #3087, #2745 ) ;
#3229 = CYLINDRICAL_SURFACE ( 'NONE', #1643, 11.20000000000000107 ) ;
#3230 = CARTESIAN_POINT ( 'NONE',  ( 8.000000000000001776, -10.88474387751583627, -23.95436854990185793 ) ) ;
#3231 = ORIENTED_EDGE ( 'NONE', *, *, #1087, .T. ) ;
#3232 = ORIENTED_EDGE ( 'NONE', *, *, #88, .T. ) ;
#3233 = DIRECTION ( 'NONE',  ( 0.000000000000000000, -0.4338837391175462410, -0.9009688679024248081 ) ) ;
#3234 = LINE ( 'NONE', #3298, #4548 ) ;
#3235 = ADVANCED_FACE ( 'NONE', ( #3196 ), #3984, .T. ) ;
#3236 = DIRECTION ( 'NONE',  ( 0.000000000000000000, 0.000000000000000000, 1.000000000000000000 ) ) ;
#3237 = DIRECTION ( 'NONE',  ( 0.000000000000000000, 0.000000000000000000, -1.000000000000000000 ) ) ;
#3238 = CARTESIAN_POINT ( 'NONE',  ( 0.000000000000000000, 10.88474387751633188, -23.95436854990163411 ) ) ;
#3239 = CARTESIAN_POINT ( 'NONE',  ( 0.000000000000000000, 2.000000000000000000, 0.000000000000000000 ) ) ;
#3240 = VERTEX_POINT ( 'NONE', #4303 ) ;
#3241 = VERTEX_POINT ( 'NONE', #3956 ) ;
#3242 = DIRECTION ( 'NONE',  ( 1.000000000000000000, 0.000000000000000000, -0.000000000000000000 ) ) ;
#3243 = DIRECTION ( 'NONE',  ( 1.000000000000000000, -0.000000000000000000, -0.000000000000000000 ) ) ;
#3244 = EDGE_CURVE ( 'NONE', #2390, #3174, #24, .T. ) ;
#3245 = FACE_OUTER_BOUND ( 'NONE', #3545, .T. ) ;
#3246 = DIRECTION ( 'NONE',  ( 0.000000000000000000, 0.000000000000000000, -1.000000000000000000 ) ) ;
#3247 = VERTEX_POINT ( 'NONE', #1068 ) ;
#3248 = EDGE_CURVE ( 'NONE', #3737, #5, #480, .T. ) ;
#3249 = CYLINDRICAL_SURFACE ( 'NONE', #496, 30.00000000000000000 ) ;
#3250 = LINE ( 'NONE', #61, #2898 ) ;
#3251 = CARTESIAN_POINT ( 'NONE',  ( 8.000000000000001776, -26.30485368663591927, 0.5865956258977993443 ) ) ;
#3252 = EDGE_CURVE ( 'NONE', #3690, #4266, #2081, .T. ) ;
#3253 = LINE ( 'NONE', #17, #2231 ) ;
#3254 = CARTESIAN_POINT ( 'NONE',  ( 8.000000000000001776, 25.04981177135288206, -4.765074104333546501 ) ) ;
#3255 = CARTESIAN_POINT ( 'NONE',  ( 0.000000000000000000, -3.947528211216360994, 29.73914963514677723 ) ) ;
#3256 = ORIENTED_EDGE ( 'NONE', *, *, #63, .F. ) ;
#3257 = ORIENTED_EDGE ( 'NONE', *, *, #2071, .T. ) ;
#3258 = CARTESIAN_POINT ( 'NONE',  ( 8.000000000000001776, -20.50161238324368540, -15.16188941679857649 ) ) ;
#3259 = AXIS2_PLACEMENT_3D ( 'NONE', #2997, #4117, #3041 ) ;
#3260 = FACE_OUTER_BOUND ( 'NONE', #298, .T. ) ;
#3261 = EDGE_CURVE ( 'NONE', #3866, #2390, #3182, .T. ) ;
#3262 = VERTEX_POINT ( 'NONE', #685 ) ;
#3263 = ORIENTED_EDGE ( 'NONE', *, *, #3776, .T. ) ;
#3264 = AXIS2_PLACEMENT_3D ( 'NONE', #544, #3698, #1996 ) ;
#3265 = CIRCLE ( 'NONE', #867, 11.20000000000000107 ) ;
#3266 = CARTESIAN_POINT ( 'NONE',  ( 8.000000000000001776, 0.000000000000000000, 0.000000000000000000 ) ) ;
#3267 = AXIS2_PLACEMENT_3D ( 'NONE', #4148, #4053, #823 ) ;
#3268 = EDGE_CURVE ( 'NONE', #2393, #1667, #3217, .T. ) ;
#3269 = CARTESIAN_POINT ( 'NONE',  ( 8.000000000000001776, 10.46613878911928985, 28.11511939947779126 ) ) ;
#3270 = EDGE_CURVE ( 'NONE', #763, #2805, #3541, .T. ) ;
#3271 = VERTEX_POINT ( 'NONE', #701 ) ;
#3272 = VECTOR ( 'NONE', #699, 1000.000000000000000 ) ;
#3273 = AXIS2_PLACEMENT_3D ( 'NONE', #4085, #4476, #4403 ) ;
#3274 = VERTEX_POINT ( 'NONE', #266 ) ;
#3275 = DIRECTION ( 'NONE',  ( 0.000000000000000000, 0.9749279121818242855, -0.2225209339563114508 ) ) ;
#3276 = CYLINDRICAL_SURFACE ( 'NONE', #1469, 25.49899999999999523 ) ;
#3277 = CARTESIAN_POINT ( 'NONE',  ( 8.000000000000001776, -20.93169914448937163, -15.94218908519870048 ) ) ;
#3278 = EDGE_CURVE ( 'NONE', #3958, #4634, #3936, .T. ) ;
#3279 = DIRECTION ( 'NONE',  ( 0.000000000000000000, 0.000000000000000000, 1.000000000000000000 ) ) ;
#3280 = DIRECTION ( 'NONE',  ( -1.000000000000000000, 0.000000000000000000, 0.000000000000000000 ) ) ;
#3281 = CARTESIAN_POINT ( 'NONE',  ( 8.000000000000001776, -4.765074104333633542, -25.04981177135286430 ) ) ;
#3282 = ORIENTED_EDGE ( 'NONE', *, *, #840, .F. ) ;
#3283 = ORIENTED_EDGE ( 'NONE', *, *, #1332, .F. ) ;
#3284 = DIRECTION ( 'NONE',  ( 0.000000000000000000, 0.000000000000000000, 1.000000000000000000 ) ) ;
#3285 = AXIS2_PLACEMENT_3D ( 'NONE', #3127, #4202, #4592 ) ;
#3286 = CARTESIAN_POINT ( 'NONE',  ( 0.000000000000000000, 0.000000000000000000, 0.000000000000000000 ) ) ;
#3288 = ORIENTED_EDGE ( 'NONE', *, *, #1326, .T. ) ;
#3287 = EDGE_CURVE ( 'NONE', #2059, #3308, #322, .T. ) ;
#3289 = ORIENTED_EDGE ( 'NONE', *, *, #3663, .T. ) ;
#3290 = CYLINDRICAL_SURFACE ( 'NONE', #736, 25.49899999999999523 ) ;
#3291 = AXIS2_PLACEMENT_3D ( 'NONE', #42, #340, #3591 ) ;
#3292 = DIRECTION ( 'NONE',  ( -1.000000000000000000, -0.000000000000000000, -0.000000000000000000 ) ) ;
#3293 = CIRCLE ( 'NONE', #3518, 11.19999999999999751 ) ;
#3294 = AXIS2_PLACEMENT_3D ( 'NONE', #2975, #1264, #87 ) ;
#3295 = EDGE_CURVE ( 'NONE', #3595, #1573, #12, .T. ) ;
#3296 = ORIENTED_EDGE ( 'NONE', *, *, #95, .T. ) ;
#3297 = DIRECTION ( 'NONE',  ( -1.000000000000000000, -0.000000000000000000, -0.000000000000000000 ) ) ;
#3298 = CARTESIAN_POINT ( 'NONE',  ( 8.000000000000001776, -0.9285037628611468863, -25.48208943086010692 ) ) ;
#3299 = AXIS2_PLACEMENT_3D ( 'NONE', #4231, #3800, #1033 ) ;
#3300 = CARTESIAN_POINT ( 'NONE',  ( 8.000000000000001776, -0.5865956258980682403, 26.30485368663591927 ) ) ;
#3301 = EDGE_CURVE ( 'NONE', #2196, #4375, #628, .T. ) ;
#3302 = DIRECTION ( 'NONE',  ( 1.000000000000000000, 0.000000000000000000, 0.000000000000000000 ) ) ;
#3303 = CARTESIAN_POINT ( 'NONE',  ( 8.000000000000001776, 23.95436854990174425, 10.88474387751608319 ) ) ;
#3304 = EDGE_LOOP ( 'NONE', ( #4412, #493, #757, #2425 ) ) ;
#3305 = EDGE_LOOP ( 'NONE', ( #2184, #2632 ) ) ;
#3306 = DIRECTION ( 'NONE',  ( 0.000000000000000000, 0.000000000000000000, 1.000000000000000000 ) ) ;
#3307 = CARTESIAN_POINT ( 'NONE',  ( 0.000000000000000000, 25.51480627843078608, -6.425269058786144960 ) ) ;
#3308 = VERTEX_POINT ( 'NONE', #884 ) ;
#3309 = ORIENTED_EDGE ( 'NONE', *, *, #3477, .F. ) ;
#3310 = VERTEX_POINT ( 'NONE', #770 ) ;
#3311 = EDGE_CURVE ( 'NONE', #4597, #1027, #1385, .T. ) ;
#3312 = DIRECTION ( 'NONE',  ( 0.000000000000000000, 0.000000000000000000, 1.000000000000000000 ) ) ;
#3313 = DIRECTION ( 'NONE',  ( 0.000000000000000000, -0.2225209339563216093, 0.9749279121818219540 ) ) ;
#3314 = VERTEX_POINT ( 'NONE', #43 ) ;
#3315 = LINE ( 'NONE', #3721, #423 ) ;
#3316 = DIRECTION ( 'NONE',  ( -1.000000000000000000, 0.000000000000000000, -0.000000000000000000 ) ) ;
#3317 = EDGE_CURVE ( 'NONE', #3566, #3163, #1631, .T. ) ;
#3318 = LINE ( 'NONE', #3699, #1728 ) ;
#3319 = DIRECTION ( 'NONE',  ( 0.000000000000000000, 0.000000000000000000, 1.000000000000000000 ) ) ;
#3320 = DIRECTION ( 'NONE',  ( -1.000000000000000000, -0.000000000000000000, 0.000000000000000000 ) ) ;
#3321 = ADVANCED_FACE ( 'NONE', ( #908 ), #4008, .T. ) ;
#3322 = CARTESIAN_POINT ( 'NONE',  ( 0.000000000000000000, -11.89281722685806741, 22.55570658189513722 ) ) ;
#3323 = ORIENTED_EDGE ( 'NONE', *, *, #1477, .T. ) ;
#3324 = EDGE_LOOP ( 'NONE', ( #1414, #1323, #2364, #2921 ) ) ;
#3325 = CARTESIAN_POINT ( 'NONE',  ( 8.000000000000001776, 0.000000000000000000, 0.000000000000000000 ) ) ;
#3326 = ORIENTED_EDGE ( 'NONE', *, *, #4622, .T. ) ;
#3327 = ORIENTED_EDGE ( 'NONE', *, *, #2574, .F. ) ;
#3328 = AXIS2_PLACEMENT_3D ( 'NONE', #3103, #1657, #4545 ) ;
#3329 = EDGE_CURVE ( 'NONE', #4425, #1195, #2885, .T. ) ;
#3330 = DIRECTION ( 'NONE',  ( 0.000000000000000000, -0.9009688679024232538, 0.4338837391175494607 ) ) ;
#3331 = CARTESIAN_POINT ( 'NONE',  ( 8.000000000000001776, -0.9285037628611468863, -25.48208943086010692 ) ) ;
#3332 = DIRECTION ( 'NONE',  ( 0.000000000000000000, 0.000000000000000000, 1.000000000000000000 ) ) ;
#3333 = AXIS2_PLACEMENT_3D ( 'NONE', #2916, #1154, #3664 ) ;
#3334 = PRODUCT_RELATED_PRODUCT_CATEGORY ( 'part', '', ( #386 ) ) ;
#3335 = ORIENTED_EDGE ( 'NONE', *, *, #888, .T. ) ;
#3336 = DIRECTION ( 'NONE',  ( -1.000000000000000000, 0.000000000000000000, -0.000000000000000000 ) ) ;
#3337 = DIRECTION ( 'NONE',  ( 0.000000000000000000, -0.7818314824680221431, -0.6234898018587430313 ) ) ;
#3338 = AXIS2_PLACEMENT_3D ( 'NONE', #581, #2750, #2479 ) ;
#3339 = DIRECTION ( 'NONE',  ( -1.000000000000000000, 0.000000000000000000, -0.000000000000000000 ) ) ;
#3340 = CARTESIAN_POINT ( 'NONE',  ( 0.000000000000000000, -0.9285037628611468863, -25.48208943086010692 ) ) ;
#3341 = CIRCLE ( 'NONE', #3498, 11.20000000000000107 ) ;
#3342 = CARTESIAN_POINT ( 'NONE',  ( 0.000000000000000000, 19.34378712898069708, 16.61375636358860319 ) ) ;
#3343 = STYLED_ITEM ( 'NONE', ( #387 ), #2849 ) ;
#3344 = CARTESIAN_POINT ( 'NONE',  ( 8.000000000000001776, 25.51480627843078608, 4.774730941213854329 ) ) ;
#3345 = ORIENTED_EDGE ( 'NONE', *, *, #1477, .F. ) ;
#3346 = VERTEX_POINT ( 'NONE', #3255 ) ;
#3347 = ORIENTED_EDGE ( 'NONE', *, *, #1782, .F. ) ;
#3348 = ORIENTED_EDGE ( 'NONE', *, *, #3611, .F. ) ;
#3349 = EDGE_CURVE ( 'NONE', #4284, #2083, #166, .T. ) ;
#3350 = DIRECTION ( 'NONE',  ( 0.000000000000000000, 0.000000000000000000, 1.000000000000000000 ) ) ;
#3351 = DIRECTION ( 'NONE',  ( 0.000000000000000000, -0.7818314824680352437, 0.6234898018587267110 ) ) ;
#3352 = AXIS2_PLACEMENT_3D ( 'NONE', #3307, #73, #2216 ) ;
#3353 = ORIENTED_EDGE ( 'NONE', *, *, #4042, .T. ) ;
#3354 = ORIENTED_EDGE ( 'NONE', *, *, #3164, .T. ) ;
#3355 = CARTESIAN_POINT ( 'NONE',  ( 6.000000000000000000, 0.000000000000000000, 9.600000000000003197 ) ) ;
#3356 = CARTESIAN_POINT ( 'NONE',  ( 8.000000000000001776, 25.51480627843070437, 6.425269058786490461 ) ) ;
#3357 = FACE_OUTER_BOUND ( 'NONE', #1139, .T. ) ;
#3358 = ORIENTED_EDGE ( 'NONE', *, *, #1661, .F. ) ;
#3359 = ORIENTED_EDGE ( 'NONE', *, *, #76, .F. ) ;
#3360 = CIRCLE ( 'NONE', #673, 10.99999999999986500 ) ;
#3361 = CIRCLE ( 'NONE', #3145, 1.600000000000000311 ) ;
#3362 = DIRECTION ( 'NONE',  ( 0.000000000000000000, 0.000000000000000000, 1.000000000000000000 ) ) ;
#3363 = CIRCLE ( 'NONE', #4281, 25.49899999999999523 ) ;
#3364 = DIRECTION ( 'NONE',  ( -1.000000000000000000, 0.000000000000000000, 0.000000000000000000 ) ) ;
#3365 = CARTESIAN_POINT ( 'NONE',  ( 8.000000000000001776, 23.44533994287250422, -11.94175267147971198 ) ) ;
#3366 = CYLINDRICAL_SURFACE ( 'NONE', #2258, 30.00000000000000000 ) ;
#3367 = AXIS2_PLACEMENT_3D ( 'NONE', #2304, #2256, #4112 ) ;
#3368 = CARTESIAN_POINT ( 'NONE',  ( 8.000000000000001776, 0.000000000000000000, 0.000000000000000000 ) ) ;
#3369 = FACE_OUTER_BOUND ( 'NONE', #716, .T. ) ;
#3370 = EDGE_CURVE ( 'NONE', #1721, #1598, #2354, .T. ) ;
#3371 = CYLINDRICAL_SURFACE ( 'NONE', #2891, 11.19999999999999929 ) ;
#3372 = ORIENTED_EDGE ( 'NONE', *, *, #4591, .F. ) ;
#3373 = DIRECTION ( 'NONE',  ( -1.000000000000000000, 0.000000000000000000, 0.000000000000000000 ) ) ;
#3374 = CIRCLE ( 'NONE', #57, 11.19999999999999929 ) ;
#3375 = DIRECTION ( 'NONE',  ( -1.000000000000000000, 0.000000000000000000, 0.000000000000000000 ) ) ;
#3376 = EDGE_LOOP ( 'NONE', ( #2045, #66, #1116, #2938 ) ) ;
#3377 = ORIENTED_EDGE ( 'NONE', *, *, #2152, .F. ) ;
#3378 = EDGE_CURVE ( 'NONE', #3959, #2872, #3558, .T. ) ;
#3379 = ORIENTED_EDGE ( 'NONE', *, *, #697, .F. ) ;
#3380 = CARTESIAN_POINT ( 'NONE',  ( 8.000000000000001776, -2.769027914639234478, -29.87193472823527429 ) ) ;
#3381 = CARTESIAN_POINT ( 'NONE',  ( 0.000000000000000000, 0.000000000000000000, 0.000000000000000000 ) ) ;
#3382 = CARTESIAN_POINT ( 'NONE',  ( 6.000000000000000000, 0.000000000000000000, -8.000000000000000000 ) ) ;
#3383 = ADVANCED_FACE ( 'NONE', ( #3614 ), #3750, .F. ) ;
#3384 = CARTESIAN_POINT ( 'NONE',  ( 0.000000000000000000, 0.000000000000000000, 0.000000000000000000 ) ) ;
#3385 = DIRECTION ( 'NONE',  ( -1.000000000000000000, 0.000000000000000000, -0.000000000000000000 ) ) ;
#3386 = DIRECTION ( 'NONE',  ( 0.000000000000000000, 0.000000000000000000, -1.000000000000000000 ) ) ;
#3387 = CARTESIAN_POINT ( 'NONE',  ( -10.00000000000000000, 0.000000000000000000, 0.000000000000000000 ) ) ;
#3388 = LINE ( 'NONE', #860, #798 ) ;
#3389 = DIRECTION ( 'NONE',  ( -1.000000000000000000, 0.000000000000000000, -0.000000000000000000 ) ) ;
#3390 = CARTESIAN_POINT ( 'NONE',  ( 8.000000000000001776, -24.63658872236511499, 6.575522574292599565 ) ) ;
#3391 = ORIENTED_EDGE ( 'NONE', *, *, #1015, .T. ) ;
#3392 = EDGE_CURVE ( 'NONE', #990, #3060, #497, .T. ) ;
#3393 = DIRECTION ( 'NONE',  ( 0.000000000000000000, 0.000000000000000000, 1.000000000000000000 ) ) ;
#3394 = CARTESIAN_POINT ( 'NONE',  ( 10.00000000000000000, 0.000000000000000000, 8.000000000000000000 ) ) ;
#3395 = ORIENTED_EDGE ( 'NONE', *, *, #4141, .T. ) ;
#3396 = ORIENTED_EDGE ( 'NONE', *, *, #4630, .F. ) ;
#3397 = LINE ( 'NONE', #539, #3716 ) ;
#3398 = ADVANCED_FACE ( 'NONE', ( #927 ), #3634, .T. ) ;
#3399 = FACE_OUTER_BOUND ( 'NONE', #171, .T. ) ;
#3400 = DIRECTION ( 'NONE',  ( -1.000000000000000000, 0.000000000000000000, -0.000000000000000000 ) ) ;
#3401 = ADVANCED_FACE ( 'NONE', ( #1852 ), #4026, .T. ) ;
#3402 = DIRECTION ( 'NONE',  ( -1.000000000000000000, 0.000000000000000000, 0.000000000000000000 ) ) ;
#3403 = VECTOR ( 'NONE', #2530, 1000.000000000000000 ) ;
#3404 = DIRECTION ( 'NONE',  ( -1.000000000000000000, -0.000000000000000000, -0.000000000000000000 ) ) ;
#3405 = CARTESIAN_POINT ( 'NONE',  ( 6.000000000000000000, -8.000000000000000000, -1.600000000000000089 ) ) ;
#3406 = DIRECTION ( 'NONE',  ( 0.000000000000000000, 0.000000000000000000, 1.000000000000000000 ) ) ;
#3407 = CIRCLE ( 'NONE', #2675, 11.19999999999999929 ) ;
#3408 = AXIS2_PLACEMENT_3D ( 'NONE', #4240, #301, #1746 ) ;
#3409 = ORIENTED_EDGE ( 'NONE', *, *, #71, .T. ) ;
#3410 = DIRECTION ( 'NONE',  ( 0.000000000000000000, 0.000000000000000000, 1.000000000000000000 ) ) ;
#3411 = VECTOR ( 'NONE', #607, 1000.000000000000000 ) ;
#3412 = FACE_OUTER_BOUND ( 'NONE', #1298, .T. ) ;
#3413 = AXIS2_PLACEMENT_3D ( 'NONE', #1805, #4644, #2206 ) ;
#3414 = EDGE_CURVE ( 'NONE', #4632, #460, #3946, .T. ) ;
#3415 = DIRECTION ( 'NONE',  ( -1.000000000000000000, -0.000000000000000000, -0.000000000000000000 ) ) ;
#3416 = ORIENTED_EDGE ( 'NONE', *, *, #1437, .T. ) ;
#3417 = ORIENTED_EDGE ( 'NONE', *, *, #346, .T. ) ;
#3418 = CIRCLE ( 'NONE', #1855, 11.19999999999999929 ) ;
#3419 = CARTESIAN_POINT ( 'NONE',  ( 8.000000000000001776, 10.21971125872115138, 23.36143195072528300 ) ) ;
#3420 = FACE_OUTER_BOUND ( 'NONE', #1144, .T. ) ;
#3421 = EDGE_CURVE ( 'NONE', #722, #3135, #1836, .T. ) ;
#3422 = AXIS2_PLACEMENT_3D ( 'NONE', #310, #1119, #3209 ) ;
#3423 = VERTEX_POINT ( 'NONE', #3405 ) ;
#3424 = ORIENTED_EDGE ( 'NONE', *, *, #1446, .T. ) ;
#3425 = ORIENTED_EDGE ( 'NONE', *, *, #2796, .F. ) ;
#3426 = ORIENTED_EDGE ( 'NONE', *, *, #1872, .T. ) ;
#3427 = CARTESIAN_POINT ( 'NONE',  ( 8.000000000000001776, 28.50681627971339438, 9.346733418401708349 ) ) ;
#3428 = VECTOR ( 'NONE', #1572, 1000.000000000000000 ) ;
#3429 = LINE ( 'NONE', #3769, #1722 ) ;
#3430 = CARTESIAN_POINT ( 'NONE',  ( 8.000000000000001776, 6.575522574293017009, -24.63658872236500841 ) ) ;
#3431 = VERTEX_POINT ( 'NONE', #4477 ) ;
#3432 = EDGE_CURVE ( 'NONE', #3447, #4597, #1233, .T. ) ;
#3433 = CIRCLE ( 'NONE', #3740, 11.19999999999999929 ) ;
#3434 = DIRECTION ( 'NONE',  ( 0.000000000000000000, 0.9749279121818227312, 0.2225209339563182231 ) ) ;
#3435 = DIRECTION ( 'NONE',  ( 0.000000000000000000, -1.000000000000000000, -1.053224967557347345E-14 ) ) ;
#3436 = AXIS2_PLACEMENT_3D ( 'NONE', #1703, #3056, #4502 ) ;
#3437 = CARTESIAN_POINT ( 'NONE',  ( 0.000000000000000000, -15.45575468000508579, -25.71224702882851076 ) ) ;
#3438 = DIRECTION ( 'NONE',  ( 0.000000000000000000, 0.000000000000000000, 1.000000000000000000 ) ) ;
#3439 = EDGE_CURVE ( 'NONE', #610, #4436, #1017, .T. ) ;
#3440 = VERTEX_POINT ( 'NONE', #2696 ) ;
#3441 = DIRECTION ( 'NONE',  ( 0.000000000000000000, -0.9009688679024142610, -0.4338837391175685010 ) ) ;
#3442 = DIRECTION ( 'NONE',  ( -1.000000000000000000, -0.000000000000000000, -0.000000000000000000 ) ) ;
#3443 = VECTOR ( 'NONE', #1518, 1000.000000000000000 ) ;
#3444 = VERTEX_POINT ( 'NONE', #1998 ) ;
#3445 = LINE ( 'NONE', #2845, #50 ) ;
#3446 = EDGE_CURVE ( 'NONE', #2464, #3213, #2663, .T. ) ;
#3447 = VERTEX_POINT ( 'NONE', #254 ) ;
#3448 = DIRECTION ( 'NONE',  ( 0.000000000000000000, 0.2225209339563147815, -0.9749279121818235083 ) ) ;
#3449 = LINE ( 'NONE', #1594, #2325 ) ;
#3450 = EDGE_LOOP ( 'NONE', ( #2289, #4147, #612, #3173 ) ) ;
#3451 = VERTEX_POINT ( 'NONE', #3129 ) ;
#3452 = ORIENTED_EDGE ( 'NONE', *, *, #4556, .T. ) ;
#3453 = ORIENTED_EDGE ( 'NONE', *, *, #3117, .T. ) ;
#3454 = ORIENTED_EDGE ( 'NONE', *, *, #390, .F. ) ;
#3455 = LINE ( 'NONE', #4587, #790 ) ;
#3456 = DIRECTION ( 'NONE',  ( 0.000000000000000000, 0.000000000000000000, 1.000000000000000000 ) ) ;
#3457 = EDGE_CURVE ( 'NONE', #4276, #1669, #633, .T. ) ;
#3458 = DIRECTION ( 'NONE',  ( 0.000000000000000000, 0.000000000000000000, 1.000000000000000000 ) ) ;
#3459 = DIRECTION ( 'NONE',  ( 0.000000000000000000, 0.000000000000000000, 1.000000000000000000 ) ) ;
#3460 = CARTESIAN_POINT ( 'NONE',  ( 0.000000000000000000, 11.94175267147963027, 23.44533994287254686 ) ) ;
#3461 = CYLINDRICAL_SURFACE ( 'NONE', #747, 30.00000000000000000 ) ;
#3462 = ORIENTED_EDGE ( 'NONE', *, *, #4570, .F. ) ;
#3463 = DIRECTION ( 'NONE',  ( 0.000000000000000000, 0.000000000000000000, 1.000000000000000000 ) ) ;
#3464 = CARTESIAN_POINT ( 'NONE',  ( 0.000000000000000000, 0.000000000000000000, 0.000000000000000000 ) ) ;
#3465 = ADVANCED_FACE ( 'NONE', ( #980, #2793 ), #2043, .F. ) ;
#3466 = CARTESIAN_POINT ( 'NONE',  ( 0.000000000000000000, -20.20022636336494060, 16.85942694080857152 ) ) ;
#3467 = VERTEX_POINT ( 'NONE', #3437 ) ;
#3468 = DIRECTION ( 'NONE',  ( 0.000000000000000000, 0.000000000000000000, 1.000000000000000000 ) ) ;
#3469 = EDGE_CURVE ( 'NONE', #843, #3616, #571, .T. ) ;
#3470 = DIRECTION ( 'NONE',  ( -1.000000000000000000, -0.000000000000000000, -0.000000000000000000 ) ) ;
#3471 = EDGE_LOOP ( 'NONE', ( #456, #2509, #3010, #773 ) ) ;
#3472 = ORIENTED_EDGE ( 'NONE', *, *, #3248, .F. ) ;
#3473 = ORIENTED_EDGE ( 'NONE', *, *, #909, .T. ) ;
#3474 = CARTESIAN_POINT ( 'NONE',  ( 8.000000000000001776, 0.000000000000000000, 0.000000000000000000 ) ) ;
#3475 = DIRECTION ( 'NONE',  ( 1.000000000000000000, 0.000000000000000000, 0.000000000000000000 ) ) ;
#3476 = VERTEX_POINT ( 'NONE', #2088 ) ;
#3477 = EDGE_CURVE ( 'NONE', #3060, #3440, #1687, .T. ) ;
#3478 = LINE ( 'NONE', #1676, #2481 ) ;
#3479 = DIRECTION ( 'NONE',  ( 0.000000000000000000, 0.2225209339563080368, 0.9749279121818250626 ) ) ;
#3480 = DIRECTION ( 'NONE',  ( -1.000000000000000000, 0.000000000000000000, 0.000000000000000000 ) ) ;
#3481 =( NAMED_UNIT ( * ) PLANE_ANGLE_UNIT ( ) SI_UNIT ( $, .RADIAN. ) );
#3482 = ORIENTED_EDGE ( 'NONE', *, *, #4326, .T. ) ;
#3483 = AXIS2_PLACEMENT_3D ( 'NONE', #4090, #4458, #1566 ) ;
#3484 = DIRECTION ( 'NONE',  ( 0.000000000000000000, 0.000000000000000000, 1.000000000000000000 ) ) ;
#3485 = FACE_OUTER_BOUND ( 'NONE', #2592, .T. ) ;
#3486 = AXIS2_PLACEMENT_3D ( 'NONE', #129, #3026, #173 ) ;
#3487 = DIRECTION ( 'NONE',  ( -1.000000000000000000, -0.000000000000000000, -0.000000000000000000 ) ) ;
#3488 = DIRECTION ( 'NONE',  ( 0.000000000000000000, 0.4338837391175525138, 0.9009688679024218105 ) ) ;
#3489 = VECTOR ( 'NONE', #3044, 1000.000000000000000 ) ;
#3490 = AXIS2_PLACEMENT_3D ( 'NONE', #2539, #377, #1058 ) ;
#3491 = DIRECTION ( 'NONE',  ( -1.000000000000000000, -0.000000000000000000, -0.000000000000000000 ) ) ;
#3492 = ORIENTED_EDGE ( 'NONE', *, *, #4341, .F. ) ;
#3493 = VERTEX_POINT ( 'NONE', #1357 ) ;
#3494 = VECTOR ( 'NONE', #4167, 1000.000000000000000 ) ;
#3495 = MECHANICAL_DESIGN_GEOMETRIC_PRESENTATION_REPRESENTATION (  '', ( #3343 ), #3503 ) ;
#3496 = ORIENTED_EDGE ( 'NONE', *, *, #666, .F. ) ;
#3497 = CARTESIAN_POINT ( 'NONE',  ( 0.000000000000000000, -16.61375636358866359, 19.34378712898063668 ) ) ;
#3498 = AXIS2_PLACEMENT_3D ( 'NONE', #4161, #621, #3441 ) ;
#3499 = DIRECTION ( 'NONE',  ( 0.000000000000000000, 0.000000000000000000, -1.000000000000000000 ) ) ;
#3500 = VERTEX_POINT ( 'NONE', #2768 ) ;
#3501 = VERTEX_POINT ( 'NONE', #1307 ) ;
#3502 = EDGE_CURVE ( 'NONE', #2659, #996, #3193, .T. ) ;
#3503 =( GEOMETRIC_REPRESENTATION_CONTEXT ( 3 ) GLOBAL_UNCERTAINTY_ASSIGNED_CONTEXT ( ( #2098 ) ) GLOBAL_UNIT_ASSIGNED_CONTEXT ( ( #2531, #2513, #3895 ) ) REPRESENTATION_CONTEXT ( 'NONE', 'WORKASPACE' ) );
#3504 = CARTESIAN_POINT ( 'NONE',  ( 8.000000000000001776, -11.89281722685806741, 22.55570658189513722 ) ) ;
#3505 = CARTESIAN_POINT ( 'NONE',  ( 0.000000000000000000, 0.000000000000000000, 0.000000000000000000 ) ) ;
#3506 = CIRCLE ( 'NONE', #809, 11.20000000000000107 ) ;
#3507 = DIRECTION ( 'NONE',  ( 0.000000000000000000, 0.9009688679024172586, 0.4338837391175620062 ) ) ;
#3508 = CARTESIAN_POINT ( 'NONE',  ( 8.000000000000001776, -25.08127967860438545, 16.45993346534628543 ) ) ;
#3509 = ORIENTED_EDGE ( 'NONE', *, *, #2643, .F. ) ;
#3510 = DIRECTION ( 'NONE',  ( 0.000000000000000000, 0.000000000000000000, 1.000000000000000000 ) ) ;
#3511 = CARTESIAN_POINT ( 'NONE',  ( 4.000000000000000888, -29.87193472823522100, -2.769027914639754950 ) ) ;
#3512 = CIRCLE ( 'NONE', #1343, 25.49899999999999167 ) ;
#3513 = LINE ( 'NONE', #292, #1799 ) ;
#3514 = ORIENTED_EDGE ( 'NONE', *, *, #2133, .F. ) ;
#3515 = EDGE_CURVE ( 'NONE', #1031, #3447, #3792, .T. ) ;
#3516 = DIRECTION ( 'NONE',  ( -1.000000000000000000, 0.000000000000000000, -0.000000000000000000 ) ) ;
#3517 = DIRECTION ( 'NONE',  ( 1.000000000000000000, -0.000000000000000000, -0.000000000000000000 ) ) ;
#3518 = AXIS2_PLACEMENT_3D ( 'NONE', #3911, #679, #2126 ) ;
#3519 = CARTESIAN_POINT ( 'NONE',  ( 0.000000000000000000, 22.55570658189517985, 11.89281722685799103 ) ) ;
#3520 = ORIENTED_EDGE ( 'NONE', *, *, #3537, .T. ) ;
#3521 = ORIENTED_EDGE ( 'NONE', *, *, #4591, .T. ) ;
#3522 = DIRECTION ( 'NONE',  ( -1.000000000000000000, 0.000000000000000000, 0.000000000000000000 ) ) ;
#3523 = CIRCLE ( 'NONE', #4144, 11.19999999999999929 ) ;
#3524 = AXIS2_PLACEMENT_3D ( 'NONE', #2736, #636, #903 ) ;
#3525 = CARTESIAN_POINT ( 'NONE',  ( 4.000000000000000000, 9.346733418401605320, 28.50681627971342635 ) ) ;
#3526 = ADVANCED_FACE ( 'NONE', ( #3797 ), #1004, .T. ) ;
#3527 = EDGE_LOOP ( 'NONE', ( #1157, #1813, #631, #319 ) ) ;
#3528 = VERTEX_POINT ( 'NONE', #3871 ) ;
#3529 = DIRECTION ( 'NONE',  ( 1.000000000000000000, 0.000000000000000000, 0.000000000000000000 ) ) ;
#3530 = CARTESIAN_POINT ( 'NONE',  ( 8.000000000000001776, -24.63658872236502617, -6.575522574292942402 ) ) ;
#3531 = EDGE_CURVE ( 'NONE', #460, #2714, #4030, .T. ) ;
#3532 = CARTESIAN_POINT ( 'NONE',  ( 8.000000000000001776, -23.95436854990167319, -10.88474387751624661 ) ) ;
#3533 = ORIENTED_EDGE ( 'NONE', *, *, #3317, .F. ) ;
#3534 = CARTESIAN_POINT ( 'NONE',  ( 0.000000000000000000, 0.000000000000000000, 0.000000000000000000 ) ) ;
#3535 = CYLINDRICAL_SURFACE ( 'NONE', #369, 11.19999999999999929 ) ;
#3536 = DIRECTION ( 'NONE',  ( 1.000000000000000000, 0.000000000000000000, 0.000000000000000000 ) ) ;
#3537 = EDGE_CURVE ( 'NONE', #2727, #2484, #862, .T. ) ;
#3538 = ORIENTED_EDGE ( 'NONE', *, *, #4077, .F. ) ;
#3539 = FACE_OUTER_BOUND ( 'NONE', #3324, .T. ) ;
#3540 = DIRECTION ( 'NONE',  ( 0.000000000000000000, 0.000000000000000000, 1.000000000000000000 ) ) ;
#3541 = LINE ( 'NONE', #3239, #1680 ) ;
#3542 = VERTEX_POINT ( 'NONE', #645 ) ;
#3543 = ADVANCED_FACE ( 'NONE', ( #280 ), #1731, .T. ) ;
#3544 = VERTEX_POINT ( 'NONE', #1374 ) ;
#3545 = EDGE_LOOP ( 'NONE', ( #342, #2547, #4218, #1337 ) ) ;
#3546 = CARTESIAN_POINT ( 'NONE',  ( 0.000000000000000000, -20.93169914448959545, 15.94218908519841271 ) ) ;
#3547 = CYLINDRICAL_SURFACE ( 'NONE', #3576, 11.19999999999999929 ) ;
#3548 = ORIENTED_EDGE ( 'NONE', *, *, #3685, .F. ) ;
#3549 = ORIENTED_EDGE ( 'NONE', *, *, #1381, .T. ) ;
#3550 = EDGE_CURVE ( 'NONE', #2363, #1031, #15, .T. ) ;
#3551 = DIRECTION ( 'NONE',  ( 0.000000000000000000, -0.6234898018587400337, 0.7818314824680246966 ) ) ;
#3552 = CARTESIAN_POINT ( 'NONE',  ( 8.000000000000001776, 24.63658872236507236, 6.575522574292770983 ) ) ;
#3553 = EDGE_CURVE ( 'NONE', #1027, #144, #4317, .T. ) ;
#3554 = VERTEX_POINT ( 'NONE', #873 ) ;
#3555 = DIRECTION ( 'NONE',  ( 1.000000000000000000, 0.000000000000000000, 0.000000000000000000 ) ) ;
#3556 = DIRECTION ( 'NONE',  ( 0.000000000000000000, 0.000000000000000000, -1.000000000000000000 ) ) ;
#3557 = ORIENTED_EDGE ( 'NONE', *, *, #807, .T. ) ;
#3558 = CIRCLE ( 'NONE', #1532, 11.19999999999999751 ) ;
#3559 = CYLINDRICAL_SURFACE ( 'NONE', #4574, 11.20000000000000107 ) ;
#3560 = DIRECTION ( 'NONE',  ( -1.000000000000000000, 0.000000000000000000, 0.000000000000000000 ) ) ;
#3561 = EDGE_CURVE ( 'NONE', #3616, #3890, #2073, .T. ) ;
#3562 = CARTESIAN_POINT ( 'NONE',  ( 8.000000000000001776, 11.89281722685822729, -22.55570658189505906 ) ) ;
#3563 = AXIS2_PLACEMENT_3D ( 'NONE', #2705, #3415, #2359 ) ;
#3564 = DIRECTION ( 'NONE',  ( -1.000000000000000000, 0.000000000000000000, -0.000000000000000000 ) ) ;
#3565 = VERTEX_POINT ( 'NONE', #1623 ) ;
#3566 = VERTEX_POINT ( 'NONE', #1650 ) ;
#3567 = CIRCLE ( 'NONE', #4184, 30.00000000000000000 ) ;
#3568 = AXIS2_PLACEMENT_3D ( 'NONE', #3584, #2188, #359 ) ;
#3569 = ORIENTED_EDGE ( 'NONE', *, *, #1864, .F. ) ;
#3570 = CARTESIAN_POINT ( 'NONE',  ( 8.000000000000001776, 0.000000000000000000, 0.000000000000000000 ) ) ;
#3571 = CARTESIAN_POINT ( 'NONE',  ( 8.000000000000001776, -25.08127967860416518, -16.45993346534662649 ) ) ;
#3572 = AXIS2_PLACEMENT_3D ( 'NONE', #3953, #717, #363 ) ;
#3573 = VECTOR ( 'NONE', #4113, 1000.000000000000000 ) ;
#3574 = CIRCLE ( 'NONE', #1933, 11.20000000000000107 ) ;
#3575 = EDGE_CURVE ( 'NONE', #671, #115, #3638, .T. ) ;
#3576 = AXIS2_PLACEMENT_3D ( 'NONE', #3923, #3201, #2174 ) ;
#3577 = DIRECTION ( 'NONE',  ( 0.000000000000000000, 0.000000000000000000, 1.000000000000000000 ) ) ;
#3578 = CARTESIAN_POINT ( 'NONE',  ( 0.000000000000000000, 0.000000000000000000, 0.000000000000000000 ) ) ;
#3579 = VERTEX_POINT ( 'NONE', #3380 ) ;
#3580 = AXIS2_PLACEMENT_3D ( 'NONE', #776, #1200, #4352 ) ;
#3581 = ORIENTED_EDGE ( 'NONE', *, *, #3860, .F. ) ;
#3582 = LINE ( 'NONE', #1429, #2767 ) ;
#3583 = AXIS2_PLACEMENT_3D ( 'NONE', #60, #2300, #3679 ) ;
#3584 = CARTESIAN_POINT ( 'NONE',  ( 0.000000000000000000, 0.000000000000000000, 0.000000000000000000 ) ) ;
#3585 = AXIS2_PLACEMENT_3D ( 'NONE', #3286, #825, #4033 ) ;
#3586 = EDGE_CURVE ( 'NONE', #75, #4399, #1396, .T. ) ;
#3587 = CYLINDRICAL_SURFACE ( 'NONE', #743, 11.19999999999999929 ) ;
#3588 = ORIENTED_EDGE ( 'NONE', *, *, #1207, .T. ) ;
#3589 = CIRCLE ( 'NONE', #2486, 11.20000000000000284 ) ;
#3590 = FACE_OUTER_BOUND ( 'NONE', #1458, .T. ) ;
#3591 = DIRECTION ( 'NONE',  ( 0.000000000000000000, -0.4338837391175651703, 0.9009688679024158153 ) ) ;
#3592 = VECTOR ( 'NONE', #1459, 1000.000000000000000 ) ;
#3593 = CARTESIAN_POINT ( 'NONE',  ( 8.000000000000001776, -16.45993346534620017, -25.08127967860444230 ) ) ;
#3594 = EDGE_CURVE ( 'NONE', #1506, #74, #3397, .T. ) ;
#3595 = VERTEX_POINT ( 'NONE', #4519 ) ;
#3596 = EDGE_LOOP ( 'NONE', ( #1229, #1316, #4256, #3865 ) ) ;
#3597 = DIRECTION ( 'NONE',  ( -1.000000000000000000, -0.000000000000000000, -0.000000000000000000 ) ) ;
#3598 = AXIS2_PLACEMENT_3D ( 'NONE', #1848, #379, #62 ) ;
#3599 = CIRCLE ( 'NONE', #2414, 25.49899999999999523 ) ;
#3600 = EDGE_CURVE ( 'NONE', #3738, #3467, #3798, .T. ) ;
#3601 = ORIENTED_EDGE ( 'NONE', *, *, #3248, .T. ) ;
#3602 = AXIS2_PLACEMENT_3D ( 'NONE', #1335, #1758, #2818 ) ;
#3603 = LINE ( 'NONE', #4614, #3592 ) ;
#3604 = CARTESIAN_POINT ( 'NONE',  ( 10.00000000000000000, 1.959434878635765230E-16, -9.600000000000001421 ) ) ;
#3605 = ADVANCED_FACE ( 'NONE', ( #4467 ), #1909, .T. ) ;
#3606 = EDGE_LOOP ( 'NONE', ( #455, #2283, #664, #2707 ) ) ;
#3607 = DIRECTION ( 'NONE',  ( -1.000000000000000000, -0.000000000000000000, 0.000000000000000000 ) ) ;
#3608 = CIRCLE ( 'NONE', #2194, 11.19999999999999929 ) ;
#3609 = CARTESIAN_POINT ( 'NONE',  ( 8.000000000000001776, 5.281492161082640635, 25.77586589148982199 ) ) ;
#3610 = DIRECTION ( 'NONE',  ( 1.000000000000000000, -0.000000000000000000, -0.000000000000000000 ) ) ;
#3611 = EDGE_CURVE ( 'NONE', #1420, #2964, #3879, .T. ) ;
#3612 = CARTESIAN_POINT ( 'NONE',  ( 8.000000000000001776, 10.88474387751633188, -23.95436854990163411 ) ) ;
#3613 = CARTESIAN_POINT ( 'NONE',  ( -10.00000000000000000, 0.000000000000000000, 0.000000000000000000 ) ) ;
#3614 = FACE_OUTER_BOUND ( 'NONE', #29, .T. ) ;
#3615 = VERTEX_POINT ( 'NONE', #1251 ) ;
#3616 = VERTEX_POINT ( 'NONE', #901 ) ;
#3617 = EDGE_CURVE ( 'NONE', #115, #2387, #3050, .T. ) ;
#3618 = DIRECTION ( 'NONE',  ( 0.000000000000000000, 0.000000000000000000, 1.000000000000000000 ) ) ;
#3619 = SURFACE_STYLE_USAGE ( .BOTH. , #4637 ) ;
#3620 = ORIENTED_EDGE ( 'NONE', *, *, #300, .F. ) ;
#3621 = ORIENTED_EDGE ( 'NONE', *, *, #1661, .T. ) ;
#3622 = ORIENTED_EDGE ( 'NONE', *, *, #2133, .T. ) ;
#3623 = DIRECTION ( 'NONE',  ( -1.000000000000000000, 0.000000000000000000, -0.000000000000000000 ) ) ;
#3624 = DIRECTION ( 'NONE',  ( -1.000000000000000000, 0.000000000000000000, 0.000000000000000000 ) ) ;
#3625 = EDGE_CURVE ( 'NONE', #2678, #4425, #564, .T. ) ;
#3626 = VERTEX_POINT ( 'NONE', #101 ) ;
#3627 = CARTESIAN_POINT ( 'NONE',  ( -10.00000000000000000, 0.000000000000000000, 0.000000000000000000 ) ) ;
#3628 = DIRECTION ( 'NONE',  ( -1.000000000000000000, 0.000000000000000000, 0.000000000000000000 ) ) ;
#3629 = VERTEX_POINT ( 'NONE', #1938 ) ;
#3630 = FACE_OUTER_BOUND ( 'NONE', #2385, .T. ) ;
#3631 = CARTESIAN_POINT ( 'NONE',  ( 8.000000000000001776, 11.89281722685791998, 22.55570658189522248 ) ) ;
#3632 = CYLINDRICAL_SURFACE ( 'NONE', #2619, 30.00000000000000000 ) ;
#3633 = EDGE_CURVE ( 'NONE', #1658, #389, #175, .T. ) ;
#3634 = CYLINDRICAL_SURFACE ( 'NONE', #2527, 25.49899999999999523 ) ;
#3635 = ORIENTED_EDGE ( 'NONE', *, *, #820, .F. ) ;
#3636 = ORIENTED_EDGE ( 'NONE', *, *, #731, .F. ) ;
#3637 = ORIENTED_EDGE ( 'NONE', *, *, #3109, .F. ) ;
#3638 = CIRCLE ( 'NONE', #1393, 11.19999999999999929 ) ;
#3639 = CARTESIAN_POINT ( 'NONE',  ( 0.000000000000000000, 15.16188941679837221, 20.50161238324384527 ) ) ;
#3640 = DIRECTION ( 'NONE',  ( -1.000000000000000000, 0.000000000000000000, 0.000000000000000000 ) ) ;
#3641 = VERTEX_POINT ( 'NONE', #2367 ) ;
#3642 = AXIS2_PLACEMENT_3D ( 'NONE', #295, #3806, #3488 ) ;
#3643 = AXIS2_PLACEMENT_3D ( 'NONE', #2438, #3863, #270 ) ;
#3644 = CARTESIAN_POINT ( 'NONE',  ( 10.00000000000000000, 0.000000000000000000, -6.400000000000000355 ) ) ;
#3645 = CIRCLE ( 'NONE', #3572, 30.00000000000000000 ) ;
#3646 = CARTESIAN_POINT ( 'NONE',  ( 0.000000000000000000, 0.000000000000000000, 0.000000000000000000 ) ) ;
#3647 = EDGE_CURVE ( 'NONE', #3542, #45, #2005, .T. ) ;
#3648 = SHAPE_DEFINITION_REPRESENTATION ( #1485, #3858 ) ;
#3649 = VECTOR ( 'NONE', #3086, 1000.000000000000000 ) ;
#3650 = COLOUR_RGB ( '',0.7921568627450980005, 0.8196078431372548767, 0.9333333333333333481 ) ;
#3651 = ORIENTED_EDGE ( 'NONE', *, *, #3647, .F. ) ;
#3652 = CARTESIAN_POINT ( 'NONE',  ( 8.000000000000001776, 0.000000000000000000, 0.000000000000000000 ) ) ;
#3653 = DIRECTION ( 'NONE',  ( -1.000000000000000000, 0.000000000000000000, -0.000000000000000000 ) ) ;
#3654 = AXIS2_PLACEMENT_3D ( 'NONE', #1263, #1309, #1334 ) ;
#3655 = AXIS2_PLACEMENT_3D ( 'NONE', #2397, #2021, #1629 ) ;
#3656 = DIRECTION ( 'NONE',  ( -1.000000000000000000, 0.000000000000000000, 0.000000000000000000 ) ) ;
#3657 = CARTESIAN_POINT ( 'NONE',  ( 0.000000000000000000, 0.000000000000000000, 0.000000000000000000 ) ) ;
#3658 = DIRECTION ( 'NONE',  ( -1.000000000000000000, -0.000000000000000000, -0.000000000000000000 ) ) ;
#3659 = DIRECTION ( 'NONE',  ( 0.000000000000000000, 0.000000000000000000, -1.000000000000000000 ) ) ;
#3660 = ORIENTED_EDGE ( 'NONE', *, *, #553, .F. ) ;
#3661 = ORIENTED_EDGE ( 'NONE', *, *, #1809, .F. ) ;
#3662 = ORIENTED_EDGE ( 'NONE', *, *, #3728, .F. ) ;
#3663 = EDGE_CURVE ( 'NONE', #3731, #3890, #2969, .T. ) ;
#3664 = DIRECTION ( 'NONE',  ( 0.000000000000000000, 0.000000000000000000, 1.000000000000000000 ) ) ;
#3665 = DIRECTION ( 'NONE',  ( -1.000000000000000000, 0.000000000000000000, -0.000000000000000000 ) ) ;
#3666 = VERTEX_POINT ( 'NONE', #2716 ) ;
#3667 = APPLICATION_CONTEXT ( 'automotive_design' ) ;
#3668 = CIRCLE ( 'NONE', #3744, 30.00000000000000000 ) ;
#3669 = ORIENTED_EDGE ( 'NONE', *, *, #3008, .T. ) ;
#3670 = EDGE_CURVE ( 'NONE', #604, #4, #3567, .T. ) ;
#3671 = CARTESIAN_POINT ( 'NONE',  ( 0.000000000000000000, 0.000000000000000000, 0.000000000000000000 ) ) ;
#3672 = AXIS2_PLACEMENT_3D ( 'NONE', #829, #2922, #1939 ) ;
#3673 = DIRECTION ( 'NONE',  ( -1.000000000000000000, 0.000000000000000000, -0.000000000000000000 ) ) ;
#3674 = VERTEX_POINT ( 'NONE', #3427 ) ;
#3675 = CIRCLE ( 'NONE', #3991, 2.500000000000000000 ) ;
#3676 = VECTOR ( 'NONE', #113, 1000.000000000000000 ) ;
#3677 = VERTEX_POINT ( 'NONE', #3077 ) ;
#3678 = EDGE_CURVE ( 'NONE', #1595, #1433, #2155, .T. ) ;
#3679 = DIRECTION ( 'NONE',  ( 0.000000000000000000, 0.4338837391175589531, -0.9009688679024187019 ) ) ;
#3680 = DIRECTION ( 'NONE',  ( 0.000000000000000000, 0.000000000000000000, 1.000000000000000000 ) ) ;
#3681 = AXIS2_PLACEMENT_3D ( 'NONE', #2082, #923, #3053 ) ;
#3682 = CARTESIAN_POINT ( 'NONE',  ( 8.000000000000001776, 0.000000000000000000, 0.000000000000000000 ) ) ;
#3683 = DIRECTION ( 'NONE',  ( -1.000000000000000000, 0.000000000000000000, 0.000000000000000000 ) ) ;
#3684 = DIRECTION ( 'NONE',  ( 0.000000000000000000, 0.7818314824680310249, -0.6234898018587320401 ) ) ;
#3685 = EDGE_CURVE ( 'NONE', #1198, #3746, #20, .T. ) ;
#3686 = ORIENTED_EDGE ( 'NONE', *, *, #2962, .F. ) ;
#3687 = VERTEX_POINT ( 'NONE', #517 ) ;
#3688 = DIRECTION ( 'NONE',  ( -1.000000000000000000, -0.000000000000000000, -0.000000000000000000 ) ) ;
#3689 = CARTESIAN_POINT ( 'NONE',  ( 8.000000000000001776, 15.16188941679837221, 20.50161238324384527 ) ) ;
#3690 = VERTEX_POINT ( 'NONE', #3355 ) ;
#3691 = EDGE_LOOP ( 'NONE', ( #2171, #4014 ) ) ;
#3692 = VERTEX_POINT ( 'NONE', #1972 ) ;
#3693 = DIRECTION ( 'NONE',  ( 0.000000000000000000, 0.000000000000000000, 1.000000000000000000 ) ) ;
#3694 = DIRECTION ( 'NONE',  ( 0.000000000000000000, 0.000000000000000000, -1.000000000000000000 ) ) ;
#3695 = ORIENTED_EDGE ( 'NONE', *, *, #1864, .T. ) ;
#3696 = ORIENTED_EDGE ( 'NONE', *, *, #2137, .F. ) ;
#3697 = DIRECTION ( 'NONE',  ( -1.000000000000000000, -0.000000000000000000, 0.000000000000000000 ) ) ;
#3698 = DIRECTION ( 'NONE',  ( -1.000000000000000000, -0.000000000000000000, -0.000000000000000000 ) ) ;
#3699 = CARTESIAN_POINT ( 'NONE',  ( 10.00000000000000000, -8.000000000000000000, 1.600000000000000089 ) ) ;
#3700 = EDGE_CURVE ( 'NONE', #3890, #918, #4561, .T. ) ;
#3701 = DIRECTION ( 'NONE',  ( 0.000000000000000000, 0.000000000000000000, -1.000000000000000000 ) ) ;
#3702 = CARTESIAN_POINT ( 'NONE',  ( 5.999999999999998224, 2.000000000000000000, -1.500000000000000222 ) ) ;
#3703 = CARTESIAN_POINT ( 'NONE',  ( 0.000000000000000000, 20.20022636336481980, 16.85942694080871362 ) ) ;
#3704 = ORIENTED_EDGE ( 'NONE', *, *, #4115, .F. ) ;
#3705 = ORIENTED_EDGE ( 'NONE', *, *, #1311, .F. ) ;
#3706 = ORIENTED_EDGE ( 'NONE', *, *, #615, .F. ) ;
#3707 = EDGE_CURVE ( 'NONE', #225, #3677, #643, .T. ) ;
#3708 = DIRECTION ( 'NONE',  ( -1.000000000000000000, 0.000000000000000000, -0.000000000000000000 ) ) ;
#3709 = DIRECTION ( 'NONE',  ( -1.000000000000000000, 0.000000000000000000, 0.000000000000000000 ) ) ;
#3710 = ORIENTED_EDGE ( 'NONE', *, *, #591, .F. ) ;
#3711 = ORIENTED_EDGE ( 'NONE', *, *, #1236, .F. ) ;
#3712 = ORIENTED_EDGE ( 'NONE', *, *, #2485, .F. ) ;
#3713 = VECTOR ( 'NONE', #753, 1000.000000000000000 ) ;
#3714 = DIRECTION ( 'NONE',  ( -1.000000000000000000, 0.000000000000000000, 0.000000000000000000 ) ) ;
#3715 = CARTESIAN_POINT ( 'NONE',  ( -10.00000000000000000, 0.000000000000000000, 0.000000000000000000 ) ) ;
#3716 = VECTOR ( 'NONE', #200, 1000.000000000000000 ) ;
#3717 = DIRECTION ( 'NONE',  ( -1.000000000000000000, -0.000000000000000000, 0.000000000000000000 ) ) ;
#3718 = ADVANCED_FACE ( 'NONE', ( #1071 ), #661, .T. ) ;
#3719 = ORIENTED_EDGE ( 'NONE', *, *, #1411, .T. ) ;
#3720 = CLOSED_SHELL ( 'NONE', ( #1552, #789, #3760, #4087, #4000, #537, #3947, #3102, #4525, #3383, #1277, #1405, #2440, #976, #2251, #157, #490, #3085, #3465, #2875, #1856, #1905, #1997, #1140, #4603, #935, #1183, #1508, #2358, #2605, #3321, #689, #275, #4658, #1835, #3718, #1482, #1586, #324, #611, #623, #2702, #4457, #3875, #4450, #1619, #425, #846, #1841, #1675, #260, #1711, #3526, #3051, #2902, #1789, #2934, #3971, #915, #4480, #4409, #154, #2011, #2245, #1246, #1461, #1730, #568, #2781, #186, #216, #1720, #305, #2749, #37, #2141, #3978, #639, #2579, #378, #1177, #4300, #1457, #1971, #2553, #4129, #2079, #3045, #1165, #948, #4613, #599, #3834, #1376, #3814, #1135, #2855, #506, #3854, #3771, #1097, #3133, #4384, #758, #2633, #3543, #4100, #2927, #3185, #52, #195, #419, #1222, #3401, #169, #119, #224, #780, #1994, #659, #2803, #3909, #3605, #2220, #4369, #3235, #4649, #2819, #3398, #1929, #1265, #3939, #268, #1821 ) ) ;
#3721 = CARTESIAN_POINT ( 'NONE',  ( 4.000000000000000888, 3.947528211216556837, -29.73914963514675236 ) ) ;
#3722 = DIRECTION ( 'NONE',  ( -1.000000000000000000, 0.000000000000000000, 0.000000000000000000 ) ) ;
#3723 = ORIENTED_EDGE ( 'NONE', *, *, #2431, .T. ) ;
#3724 = DIRECTION ( 'NONE',  ( -1.000000000000000000, -0.000000000000000000, -0.000000000000000000 ) ) ;
#3725 = CARTESIAN_POINT ( 'NONE',  ( 8.000000000000001776, 25.08127967860449914, -16.45993346534611135 ) ) ;
#3726 = AXIS2_PLACEMENT_3D ( 'NONE', #187, #574, #4230 ) ;
#3727 = CARTESIAN_POINT ( 'NONE',  ( 8.000000000000001776, 2.769027914639444532, 29.87193472823525298 ) ) ;
#3728 = EDGE_CURVE ( 'NONE', #3987, #3060, #1024, .T. ) ;
#3729 = CARTESIAN_POINT ( 'NONE',  ( 5.999999999999998224, 2.000000000000000000, 1.500000000000000222 ) ) ;
#3730 = ORIENTED_EDGE ( 'NONE', *, *, #3261, .F. ) ;
#3731 = VERTEX_POINT ( 'NONE', #3497 ) ;
#3732 = FACE_OUTER_BOUND ( 'NONE', #2035, .T. ) ;
#3733 = EDGE_CURVE ( 'NONE', #3692, #1402, #3265, .T. ) ;
#3734 = VECTOR ( 'NONE', #3011, 1000.000000000000000 ) ;
#3735 = CARTESIAN_POINT ( 'NONE',  ( 6.000000000000000000, -8.000000000000000000, 1.600000000000000089 ) ) ;
#3736 = ORIENTED_EDGE ( 'NONE', *, *, #462, .T. ) ;
#3737 = VERTEX_POINT ( 'NONE', #1046 ) ;
#3738 = VERTEX_POINT ( 'NONE', #3842 ) ;
#3739 = CIRCLE ( 'NONE', #3285, 11.20000000000000107 ) ;
#3740 = AXIS2_PLACEMENT_3D ( 'NONE', #4124, #896, #2341 ) ;
#3741 = DIRECTION ( 'NONE',  ( -1.000000000000000000, 0.000000000000000000, 0.000000000000000000 ) ) ;
#3742 = FACE_OUTER_BOUND ( 'NONE', #431, .T. ) ;
#3743 = CARTESIAN_POINT ( 'NONE',  ( 8.000000000000001776, -20.78975986434221923, -21.62835834692465653 ) ) ;
#3744 = AXIS2_PLACEMENT_3D ( 'NONE', #732, #2516, #2554 ) ;
#3745 = EDGE_CURVE ( 'NONE', #2204, #2160, #1019, .T. ) ;
#3746 = VERTEX_POINT ( 'NONE', #613 ) ;
#3747 = CIRCLE ( 'NONE', #2408, 11.19999999999999929 ) ;
#3748 = CARTESIAN_POINT ( 'NONE',  ( 0.000000000000000000, -25.48208943086010336, 0.9285037628612359262 ) ) ;
#3749 = CARTESIAN_POINT ( 'NONE',  ( 0.000000000000000000, 0.000000000000000000, 0.000000000000000000 ) ) ;
#3750 = CYLINDRICAL_SURFACE ( 'NONE', #2740, 1.599999999999999867 ) ;
#3751 = EDGE_CURVE ( 'NONE', #3423, #2940, #1845, .T. ) ;
#3752 = AXIS2_PLACEMENT_3D ( 'NONE', #142, #2724, #3684 ) ;
#3753 = DIRECTION ( 'NONE',  ( -1.000000000000000000, -0.000000000000000000, -0.000000000000000000 ) ) ;
#3754 = CYLINDRICAL_SURFACE ( 'NONE', #1037, 11.19999999999999929 ) ;
#3755 = AXIS2_PLACEMENT_3D ( 'NONE', #4162, #3878, #1660 ) ;
#3756 = CIRCLE ( 'NONE', #3832, 11.20000000000000284 ) ;
#3757 = CARTESIAN_POINT ( 'NONE',  ( 8.000000000000001776, 10.21971125872147113, -23.36143195072514445 ) ) ;
#3758 = DIRECTION ( 'NONE',  ( -1.000000000000000000, -0.000000000000000000, 0.000000000000000000 ) ) ;
#3759 = VERTEX_POINT ( 'NONE', #4199 ) ;
#3760 = ADVANCED_FACE ( 'NONE', ( #2512 ), #3921, .T. ) ;
#3761 = DIRECTION ( 'NONE',  ( -1.000000000000000000, 0.000000000000000000, 0.000000000000000000 ) ) ;
#3762 = CARTESIAN_POINT ( 'NONE',  ( 0.000000000000000000, 25.48208943086009626, -0.9285037628614137839 ) ) ;
#3763 = ORIENTED_EDGE ( 'NONE', *, *, #3178, .F. ) ;
#3764 = ORIENTED_EDGE ( 'NONE', *, *, #4509, .F. ) ;
#3765 = ORIENTED_EDGE ( 'NONE', *, *, #2287, .F. ) ;
#3766 = VERTEX_POINT ( 'NONE', #3175 ) ;
#3767 = EDGE_CURVE ( 'NONE', #2437, #3241, #2080, .T. ) ;
#3768 = CARTESIAN_POINT ( 'NONE',  ( 8.000000000000001776, 0.000000000000000000, 0.000000000000000000 ) ) ;
#3769 = CARTESIAN_POINT ( 'NONE',  ( 8.000000000000001776, 16.61375636358853924, 19.34378712898074681 ) ) ;
#3770 = DIRECTION ( 'NONE',  ( 1.000000000000000000, 0.000000000000000000, 0.000000000000000000 ) ) ;
#3771 = ADVANCED_FACE ( 'NONE', ( #2111 ), #2785, .T. ) ;
#3772 = CARTESIAN_POINT ( 'NONE',  ( 8.000000000000001776, 23.36143195072538958, -10.21971125872089914 ) ) ;
#3773 = DIRECTION ( 'NONE',  ( -1.000000000000000000, -0.000000000000000000, 0.000000000000000000 ) ) ;
#3774 = DIRECTION ( 'NONE',  ( -1.000000000000000000, 0.000000000000000000, -0.000000000000000000 ) ) ;
#3775 = DIRECTION ( 'NONE',  ( -1.000000000000000000, 0.000000000000000000, -0.000000000000000000 ) ) ;
#3776 = EDGE_CURVE ( 'NONE', #1195, #4283, #4220, .T. ) ;
#3777 = CARTESIAN_POINT ( 'NONE',  ( 0.000000000000000000, 20.50161238324379198, 15.16188941679843794 ) ) ;
#3778 = CARTESIAN_POINT ( 'NONE',  ( 8.000000000000001776, 23.44533994287250422, 11.94175267147971198 ) ) ;
#3779 = DIRECTION ( 'NONE',  ( 0.000000000000000000, 0.000000000000000000, 1.000000000000000000 ) ) ;
#3780 = ORIENTED_EDGE ( 'NONE', *, *, #1038, .F. ) ;
#3781 = ORIENTED_EDGE ( 'NONE', *, *, #2455, .F. ) ;
#3782 = EDGE_CURVE ( 'NONE', #1248, #75, #4254, .T. ) ;
#3783 = CARTESIAN_POINT ( 'NONE',  ( 8.000000000000001776, 4.765074104334134475, -25.04981177135277548 ) ) ;
#3784 = AXIS2_PLACEMENT_3D ( 'NONE', #720, #2130, #2886 ) ;
#3785 = CARTESIAN_POINT ( 'NONE',  ( 10.00000000000000000, 1.959434878635767449E-16, 6.399999999999998579 ) ) ;
#3786 = ORIENTED_EDGE ( 'NONE', *, *, #828, .T. ) ;
#3787 = ORIENTED_EDGE ( 'NONE', *, *, #440, .T. ) ;
#3788 = DIRECTION ( 'NONE',  ( -1.000000000000000000, 0.000000000000000000, 0.000000000000000000 ) ) ;
#3789 = CARTESIAN_POINT ( 'NONE',  ( 8.000000000000001776, 0.000000000000000000, 0.000000000000000000 ) ) ;
#3790 = CARTESIAN_POINT ( 'NONE',  ( 0.000000000000000000, -8.000000000000000000, 1.600000000000000089 ) ) ;
#3791 = EDGE_CURVE ( 'NONE', #3987, #4304, #178, .T. ) ;
#3792 = CIRCLE ( 'NONE', #4178, 25.49899999999999523 ) ;
#3793 = DIRECTION ( 'NONE',  ( 0.000000000000000000, 0.000000000000000000, 1.000000000000000000 ) ) ;
#3794 = CIRCLE ( 'NONE', #3259, 11.19999999999999929 ) ;
#3795 = DIRECTION ( 'NONE',  ( -1.000000000000000000, 0.000000000000000000, 0.000000000000000000 ) ) ;
#3796 = EDGE_CURVE ( 'NONE', #4515, #3179, #3455, .T. ) ;
#3797 = FACE_OUTER_BOUND ( 'NONE', #3025, .T. ) ;
#3798 = CIRCLE ( 'NONE', #1614, 11.19999999999999929 ) ;
#3799 = FACE_OUTER_BOUND ( 'NONE', #2726, .T. ) ;
#3800 = DIRECTION ( 'NONE',  ( -1.000000000000000000, 0.000000000000000000, 0.000000000000000000 ) ) ;
#3801 = DIRECTION ( 'NONE',  ( -1.000000000000000000, 0.000000000000000000, 0.000000000000000000 ) ) ;
#3802 = EDGE_LOOP ( 'NONE', ( #1344, #1748, #3844, #124 ) ) ;
#3803 = VERTEX_POINT ( 'NONE', #2806 ) ;
#3804 = CIRCLE ( 'NONE', #2838, 25.49899999999999167 ) ;
#3805 = VECTOR ( 'NONE', #3243, 1000.000000000000000 ) ;
#3806 = DIRECTION ( 'NONE',  ( -1.000000000000000000, 0.000000000000000000, 0.000000000000000000 ) ) ;
#3807 = DIRECTION ( 'NONE',  ( 0.000000000000000000, 1.000000000000000000, 3.491481338843133355E-15 ) ) ;
#3809 = ORIENTED_EDGE ( 'NONE', *, *, #4424, .T. ) ;
#3808 = EDGE_CURVE ( 'NONE', #3565, #959, #4103, .T. ) ;
#3810 = EDGE_LOOP ( 'NONE', ( #1407, #4536, #680, #489 ) ) ;
#3811 = ORIENTED_EDGE ( 'NONE', *, *, #2348, .T. ) ;
#3812 = CARTESIAN_POINT ( 'NONE',  ( 8.000000000000001776, 0.000000000000000000, 0.000000000000000000 ) ) ;
#3813 = DIRECTION ( 'NONE',  ( -1.000000000000000000, 0.000000000000000000, -0.000000000000000000 ) ) ;
#3814 = ADVANCED_FACE ( 'NONE', ( #1391 ), #321, .T. ) ;
#3815 = CARTESIAN_POINT ( 'NONE',  ( 8.000000000000001776, 0.000000000000000000, 0.000000000000000000 ) ) ;
#3816 = AXIS2_PLACEMENT_3D ( 'NONE', #2118, #2836, #4268 ) ;
#3817 = CARTESIAN_POINT ( 'NONE',  ( 8.000000000000001776, 20.93169914448949243, 15.94218908519855837 ) ) ;
#3818 = AXIS2_PLACEMENT_3D ( 'NONE', #2442, #2467, #3459 ) ;
#3819 = DIRECTION ( 'NONE',  ( -0.000000000000000000, 0.000000000000000000, 1.000000000000000000 ) ) ;
#3820 = FACE_OUTER_BOUND ( 'NONE', #4434, .T. ) ;
#3821 = AXIS2_PLACEMENT_3D ( 'NONE', #4258, #315, #4468 ) ;
#3822 = EDGE_CURVE ( 'NONE', #843, #918, #2532, .T. ) ;
#3823 = ORIENTED_EDGE ( 'NONE', *, *, #2766, .T. ) ;
#3824 = AXIS2_PLACEMENT_3D ( 'NONE', #1432, #3212, #2866 ) ;
#3825 = CARTESIAN_POINT ( 'NONE',  ( 8.000000000000001776, 0.000000000000000000, 0.000000000000000000 ) ) ;
#3826 = LINE ( 'NONE', #2403, #4285 ) ;
#3827 = CIRCLE ( 'NONE', #3150, 11.19999999999999751 ) ;
#3828 = VECTOR ( 'NONE', #646, 1000.000000000000000 ) ;
#3829 = CARTESIAN_POINT ( 'NONE',  ( 8.000000000000001776, -25.77586589148983975, 5.281492161082555370 ) ) ;
#3830 = ORIENTED_EDGE ( 'NONE', *, *, #2293, .T. ) ;
#3831 = VECTOR ( 'NONE', #1362, 1000.000000000000000 ) ;
#3832 = AXIS2_PLACEMENT_3D ( 'NONE', #4133, #4470, #1551 ) ;
#3833 = CARTESIAN_POINT ( 'NONE',  ( 8.000000000000001776, 5.281492161083006565, -25.77586589148974383 ) ) ;
#3834 = ADVANCED_FACE ( 'NONE', ( #1793 ), #3940, .T. ) ;
#3835 = CARTESIAN_POINT ( 'NONE',  ( 10.00000000000000000, 8.000000000000000000, 0.000000000000000000 ) ) ;
#3836 = EDGE_LOOP ( 'NONE', ( #4239, #3867, #1478, #3296 ) ) ;
#3837 = ORIENTED_EDGE ( 'NONE', *, *, #2523, .F. ) ;
#3838 = ORIENTED_EDGE ( 'NONE', *, *, #3767, .T. ) ;
#3839 = ORIENTED_EDGE ( 'NONE', *, *, #4228, .F. ) ;
#3840 = ORIENTED_EDGE ( 'NONE', *, *, #1762, .F. ) ;
#3841 = ORIENTED_EDGE ( 'NONE', *, *, #2455, .T. ) ;
#3842 = CARTESIAN_POINT ( 'NONE',  ( 0.000000000000000000, -11.89281722685775478, -22.55570658189530064 ) ) ;
#3843 = CARTESIAN_POINT ( 'NONE',  ( 0.000000000000000000, 25.51480627843070437, 6.425269058786490461 ) ) ;
#3844 = ORIENTED_EDGE ( 'NONE', *, *, #2918, .T. ) ;
#3845 = VERTEX_POINT ( 'NONE', #4391 ) ;
#3846 = CARTESIAN_POINT ( 'NONE',  ( 0.000000000000000000, 0.000000000000000000, 0.000000000000000000 ) ) ;
#3847 = CARTESIAN_POINT ( 'NONE',  ( 0.000000000000000000, -5.281492161082465664, -25.77586589148986107 ) ) ;
#3848 = DIRECTION ( 'NONE',  ( 0.000000000000000000, 0.000000000000000000, 1.000000000000000000 ) ) ;
#3849 = DIRECTION ( 'NONE',  ( 0.000000000000000000, 0.000000000000000000, 1.000000000000000000 ) ) ;
#3850 = ORIENTED_EDGE ( 'NONE', *, *, #4022, .T. ) ;
#3851 = EDGE_LOOP ( 'NONE', ( #4183, #3309, #2809, #1152 ) ) ;
#3852 = DIRECTION ( 'NONE',  ( 0.000000000000000000, 0.2225209339563148370, -0.9749279121818235083 ) ) ;
#3853 = CYLINDRICAL_SURFACE ( 'NONE', #522, 30.00000000000000000 ) ;
#3854 = ADVANCED_FACE ( 'NONE', ( #775 ), #2172, .T. ) ;
#3855 = DIRECTION ( 'NONE',  ( 0.000000000000000000, 0.2225209339563080368, 0.9749279121818250626 ) ) ;
#3856 = EDGE_LOOP ( 'NONE', ( #4361, #879, #2629, #3723 ) ) ;
#3857 = DIRECTION ( 'NONE',  ( -1.000000000000000000, 0.000000000000000000, -0.000000000000000000 ) ) ;
#3858 = ADVANCED_BREP_SHAPE_REPRESENTATION ( 'ARP-0072', ( #2849, #1199 ), #2340 ) ;
#3859 = LINE ( 'NONE', #4168, #3137 ) ;
#3860 = EDGE_CURVE ( 'NONE', #3308, #4, #704, .T. ) ;
#3861 = EDGE_LOOP ( 'NONE', ( #870, #1901, #1792, #3417 ) ) ;
#3862 = ORIENTED_EDGE ( 'NONE', *, *, #767, .F. ) ;
#3863 = DIRECTION ( 'NONE',  ( -1.000000000000000000, -0.000000000000000000, -0.000000000000000000 ) ) ;
#3864 = CARTESIAN_POINT ( 'NONE',  ( 8.000000000000001776, 0.000000000000000000, 0.000000000000000000 ) ) ;
#3865 = ORIENTED_EDGE ( 'NONE', *, *, #1332, .T. ) ;
#3866 = VERTEX_POINT ( 'NONE', #1832 ) ;
#3867 = ORIENTED_EDGE ( 'NONE', *, *, #1603, .F. ) ;
#3868 = DIRECTION ( 'NONE',  ( -1.000000000000000000, 0.000000000000000000, 0.000000000000000000 ) ) ;
#3869 = AXIS2_PLACEMENT_3D ( 'NONE', #1678, #2443, #231 ) ;
#3870 = DIRECTION ( 'NONE',  ( -1.000000000000000000, 0.000000000000000000, 0.000000000000000000 ) ) ;
#3871 = CARTESIAN_POINT ( 'NONE',  ( 0.000000000000000000, -20.50161238324368895, -15.16188941679858004 ) ) ;
#3872 = ORIENTED_EDGE ( 'NONE', *, *, #1815, .T. ) ;
#3873 = ORIENTED_EDGE ( 'NONE', *, *, #3311, .T. ) ;
#3874 = FACE_OUTER_BOUND ( 'NONE', #3095, .T. ) ;
#3875 = ADVANCED_FACE ( 'NONE', ( #1455 ), #1525, .T. ) ;
#3876 = CIRCLE ( 'NONE', #3483, 30.00000000000000000 ) ;
#3877 = CARTESIAN_POINT ( 'NONE',  ( 8.000000000000001776, -6.575522574292524958, -24.63658872236513631 ) ) ;
#3878 = DIRECTION ( 'NONE',  ( -1.000000000000000000, -0.000000000000000000, -0.000000000000000000 ) ) ;
#3879 = CIRCLE ( 'NONE', #4253, 11.19999999999999929 ) ;
#3880 = CIRCLE ( 'NONE', #2469, 25.49899999999999167 ) ;
#3881 = AXIS2_PLACEMENT_3D ( 'NONE', #3097, #2056, #1693 ) ;
#3882 = CARTESIAN_POINT ( 'NONE',  ( 6.000000000000000000, 8.000000000000000000, -1.600000000000000311 ) ) ;
#3883 = ORIENTED_EDGE ( 'NONE', *, *, #2293, .F. ) ;
#3884 = EDGE_CURVE ( 'NONE', #3959, #3528, #1136, .T. ) ;
#3885 = FACE_OUTER_BOUND ( 'NONE', #3198, .T. ) ;
#3886 = DIRECTION ( 'NONE',  ( -1.000000000000000000, -0.000000000000000000, -0.000000000000000000 ) ) ;
#3887 = DIRECTION ( 'NONE',  ( 1.000000000000000000, 0.000000000000000000, 0.000000000000000000 ) ) ;
#3888 = ORIENTED_EDGE ( 'NONE', *, *, #399, .F. ) ;
#3889 = AXIS2_PLACEMENT_3D ( 'NONE', #1456, #323, #1392 ) ;
#3890 = VERTEX_POINT ( 'NONE', #1088 ) ;
#3891 = EDGE_CURVE ( 'NONE', #996, #2083, #3195, .T. ) ;
#3892 = DIRECTION ( 'NONE',  ( 0.000000000000000000, 0.9749279121818242855, -0.2225209339563114230 ) ) ;
#3893 = VECTOR ( 'NONE', #911, 1000.000000000000000 ) ;
#3894 = CIRCLE ( 'NONE', #1844, 30.00000000000000000 ) ;
#3895 =( NAMED_UNIT ( * ) SI_UNIT ( $, .STERADIAN. ) SOLID_ANGLE_UNIT ( ) );
#3896 = AXIS2_PLACEMENT_3D ( 'NONE', #1795, #1480, #4265 ) ;
#3897 = ORIENTED_EDGE ( 'NONE', *, *, #1872, .F. ) ;
#3898 = CIRCLE ( 'NONE', #4636, 11.19999999999999929 ) ;
#3899 = CARTESIAN_POINT ( 'NONE',  ( 8.000000000000001776, -25.48208943086008915, -0.9285037628615885330 ) ) ;
#3900 = CARTESIAN_POINT ( 'NONE',  ( 0.000000000000000000, 16.61375636358853569, 19.34378712898074326 ) ) ;
#3901 = AXIS2_PLACEMENT_3D ( 'NONE', #2323, #1533, #1163 ) ;
#3902 = CARTESIAN_POINT ( 'NONE',  ( 0.000000000000000000, 0.000000000000000000, 0.000000000000000000 ) ) ;
#3903 = AXIS2_PLACEMENT_3D ( 'NONE', #3835, #3491, #197 ) ;
#3904 = DIRECTION ( 'NONE',  ( 0.000000000000000000, 0.000000000000000000, 1.000000000000000000 ) ) ;
#3905 = VERTEX_POINT ( 'NONE', #3639 ) ;
#3906 = VECTOR ( 'NONE', #3868, 1000.000000000000000 ) ;
#3907 = CARTESIAN_POINT ( 'NONE',  ( 0.000000000000000000, 25.77586589148987528, -5.281492161082373293 ) ) ;
#3908 = DIRECTION ( 'NONE',  ( 0.000000000000000000, 0.000000000000000000, 1.000000000000000000 ) ) ;
#3909 = ADVANCED_FACE ( 'NONE', ( #2150 ), #1439, .T. ) ;
#3910 = AXIS2_PLACEMENT_3D ( 'NONE', #2615, #1974, #1940 ) ;
#3911 = CARTESIAN_POINT ( 'NONE',  ( 0.000000000000000000, -25.77586589148976870, -5.281492161082904424 ) ) ;
#3912 = AXIS2_PLACEMENT_3D ( 'NONE', #2119, #279, #1729 ) ;
#3913 = ORIENTED_EDGE ( 'NONE', *, *, #3030, .T. ) ;
#3914 = DIRECTION ( 'NONE',  ( -1.000000000000000000, 0.000000000000000000, 0.000000000000000000 ) ) ;
#3915 = LINE ( 'NONE', #2851, #4349 ) ;
#3916 = AXIS2_PLACEMENT_3D ( 'NONE', #1080, #1123, #784 ) ;
#3917 = CARTESIAN_POINT ( 'NONE',  ( 8.000000000000001776, 0.000000000000000000, 0.000000000000000000 ) ) ;
#3918 = EDGE_CURVE ( 'NONE', #3177, #3542, #248, .T. ) ;
#3919 = ORIENTED_EDGE ( 'NONE', *, *, #3707, .T. ) ;
#3920 = ORIENTED_EDGE ( 'NONE', *, *, #1471, .T. ) ;
#3921 = CYLINDRICAL_SURFACE ( 'NONE', #3881, 11.19999999999999929 ) ;
#3922 = VECTOR ( 'NONE', #1736, 1000.000000000000000 ) ;
#3923 = CARTESIAN_POINT ( 'NONE',  ( 8.000000000000001776, 26.30485368663591927, -0.5865956258979815319 ) ) ;
#3924 = EDGE_CURVE ( 'NONE', #4435, #2706, #1611, .T. ) ;
#3925 = DIRECTION ( 'NONE',  ( -1.000000000000000000, 0.000000000000000000, 0.000000000000000000 ) ) ;
#3926 = CARTESIAN_POINT ( 'NONE',  ( 0.000000000000000000, 0.000000000000000000, 0.000000000000000000 ) ) ;
#3927 = ORIENTED_EDGE ( 'NONE', *, *, #1011, .F. ) ;
#3928 = EDGE_CURVE ( 'NONE', #1402, #242, #2746, .T. ) ;
#3929 = VERTEX_POINT ( 'NONE', #1479 ) ;
#3930 = DIRECTION ( 'NONE',  ( 0.000000000000000000, 0.000000000000000000, 1.000000000000000000 ) ) ;
#3931 = CYLINDRICAL_SURFACE ( 'NONE', #949, 11.20000000000000107 ) ;
#3932 = DIRECTION ( 'NONE',  ( 1.000000000000000000, 0.000000000000000000, 0.000000000000000000 ) ) ;
#3933 = ORIENTED_EDGE ( 'NONE', *, *, #2766, .F. ) ;
#3934 = LINE ( 'NONE', #339, #3272 ) ;
#3935 = LINE ( 'NONE', #1303, #973 ) ;
#3936 = LINE ( 'NONE', #4654, #4612 ) ;
#3937 = ORIENTED_EDGE ( 'NONE', *, *, #2761, .T. ) ;
#3938 = ORIENTED_EDGE ( 'NONE', *, *, #3594, .F. ) ;
#3939 = ADVANCED_FACE ( 'NONE', ( #4328 ), #72, .T. ) ;
#3940 = CYLINDRICAL_SURFACE ( 'NONE', #1691, 25.49899999999999523 ) ;
#3941 = DIRECTION ( 'NONE',  ( -1.000000000000000000, 0.000000000000000000, 0.000000000000000000 ) ) ;
#3942 = EDGE_CURVE ( 'NONE', #4655, #4223, #2548, .T. ) ;
#3943 = DIRECTION ( 'NONE',  ( -1.000000000000000000, 0.000000000000000000, 0.000000000000000000 ) ) ;
#3944 = DIRECTION ( 'NONE',  ( -1.000000000000000000, 0.000000000000000000, 0.000000000000000000 ) ) ;
#3945 = ORIENTED_EDGE ( 'NONE', *, *, #1562, .T. ) ;
#3946 = CIRCLE ( 'NONE', #3029, 11.20000000000000107 ) ;
#3947 = ADVANCED_FACE ( 'NONE', ( #2197 ), #408, .F. ) ;
#3948 = CARTESIAN_POINT ( 'NONE',  ( 8.000000000000001776, -25.48208943086010336, 0.9285037628612359262 ) ) ;
#3949 = DIRECTION ( 'NONE',  ( 0.000000000000000000, 0.2225209339563080368, 0.9749279121818250626 ) ) ;
#3950 = LINE ( 'NONE', #2208, #1278 ) ;
#3951 = ORIENTED_EDGE ( 'NONE', *, *, #1528, .F. ) ;
#3952 = CIRCLE ( 'NONE', #172, 30.00000000000000000 ) ;
#3953 = CARTESIAN_POINT ( 'NONE',  ( 8.000000000000001776, 0.000000000000000000, 0.000000000000000000 ) ) ;
#3954 = LINE ( 'NONE', #2545, #3443 ) ;
#3955 = CIRCLE ( 'NONE', #1918, 11.20000000000000107 ) ;
#3956 = CARTESIAN_POINT ( 'NONE',  ( 0.000000000000000000, -23.36143195072517287, -10.21971125872138586 ) ) ;
#3957 = EDGE_CURVE ( 'NONE', #559, #802, #4320, .T. ) ;
#3958 = VERTEX_POINT ( 'NONE', #1886 ) ;
#3959 = VERTEX_POINT ( 'NONE', #4372 ) ;
#3960 = AXIS2_PLACEMENT_3D ( 'NONE', #93, #4461, #1642 ) ;
#3961 = AXIS2_PLACEMENT_3D ( 'NONE', #4337, #335, #4297 ) ;
#3962 = DIRECTION ( 'NONE',  ( 0.000000000000000000, 0.000000000000000000, 1.000000000000000000 ) ) ;
#3963 = CARTESIAN_POINT ( 'NONE',  ( 8.000000000000001776, 23.36143195072538958, -10.21971125872089914 ) ) ;
#3964 = EDGE_CURVE ( 'NONE', #1721, #2822, #2301, .T. ) ;
#3965 = AXIS2_PLACEMENT_3D ( 'NONE', #768, #786, #2908 ) ;
#3966 = VERTEX_POINT ( 'NONE', #3729 ) ;
#3967 = CIRCLE ( 'NONE', #4555, 1.599999999999999867 ) ;
#3968 = AXIS2_PLACEMENT_3D ( 'NONE', #2694, #1534, #3680 ) ;
#3969 = DIRECTION ( 'NONE',  ( 0.000000000000000000, 0.000000000000000000, 1.000000000000000000 ) ) ;
#3970 = CYLINDRICAL_SURFACE ( 'NONE', #1726, 30.00000000000000000 ) ;
#3971 = ADVANCED_FACE ( 'NONE', ( #577 ), #3371, .T. ) ;
#3972 = VERTEX_POINT ( 'NONE', #4485 ) ;
#3973 = CARTESIAN_POINT ( 'NONE',  ( 8.000000000000001776, 0.000000000000000000, 0.000000000000000000 ) ) ;
#3974 = VECTOR ( 'NONE', #155, 1000.000000000000000 ) ;
#3975 = CYLINDRICAL_SURFACE ( 'NONE', #2462, 30.00000000000000000 ) ;
#3976 = VECTOR ( 'NONE', #3640, 1000.000000000000000 ) ;
#3977 = CARTESIAN_POINT ( 'NONE',  ( 4.000000000000000000, -28.50681627971345833, 9.346733418401500515 ) ) ;
#3978 = ADVANCED_FACE ( 'NONE', ( #2628 ), #1612, .T. ) ;
#3979 = CIRCLE ( 'NONE', #1794, 11.19999999999999751 ) ;
#3980 = CIRCLE ( 'NONE', #4130, 25.49899999999999523 ) ;
#3981 = DIRECTION ( 'NONE',  ( 0.000000000000000000, 0.000000000000000000, -1.000000000000000000 ) ) ;
#3982 = FACE_OUTER_BOUND ( 'NONE', #3004, .T. ) ;
#3983 = CIRCLE ( 'NONE', #1806, 25.49899999999999523 ) ;
#3984 = CYLINDRICAL_SURFACE ( 'NONE', #4104, 25.49899999999999523 ) ;
#3985 = CIRCLE ( 'NONE', #1188, 25.49899999999999523 ) ;
#3986 = ORIENTED_EDGE ( 'NONE', *, *, #2839, .F. ) ;
#3987 = VERTEX_POINT ( 'NONE', #3322 ) ;
#3988 = CIRCLE ( 'NONE', #1191, 11.19999999999999929 ) ;
#3989 = EDGE_CURVE ( 'NONE', #2484, #4436, #3876, .T. ) ;
#3990 = DIRECTION ( 'NONE',  ( -1.000000000000000000, 0.000000000000000000, 0.000000000000000000 ) ) ;
#3991 = AXIS2_PLACEMENT_3D ( 'NONE', #4086, #2355, #3061 ) ;
#3992 = DIRECTION ( 'NONE',  ( 0.000000000000000000, 0.7818314824680268060, 0.6234898018587372581 ) ) ;
#3993 = AXIS2_PLACEMENT_3D ( 'NONE', #1561, #2995, #2627 ) ;
#3994 = CIRCLE ( 'NONE', #1282, 1.600000000000000089 ) ;
#3995 = CIRCLE ( 'NONE', #2624, 2.500000000000000000 ) ;
#3996 = ORIENTED_EDGE ( 'NONE', *, *, #966, .F. ) ;
#3997 = CIRCLE ( 'NONE', #1201, 30.00000000000000000 ) ;
#3998 = DIRECTION ( 'NONE',  ( -1.000000000000000000, 0.000000000000000000, 0.000000000000000000 ) ) ;
#3999 = CARTESIAN_POINT ( 'NONE',  ( 8.000000000000001776, -23.36143195072517287, -10.21971125872138586 ) ) ;
#4000 = ADVANCED_FACE ( 'NONE', ( #474 ), #1240, .T. ) ;
#4001 = ORIENTED_EDGE ( 'NONE', *, *, #309, .F. ) ;
#4002 = CARTESIAN_POINT ( 'NONE',  ( -10.00000000000000000, 0.000000000000000000, 0.000000000000000000 ) ) ;
#4003 = CARTESIAN_POINT ( 'NONE',  ( 8.000000000000001776, -25.71224702882824431, -15.45575468000554054 ) ) ;
#4004 = CYLINDRICAL_SURFACE ( 'NONE', #1565, 11.20000000000000107 ) ;
#4005 = CARTESIAN_POINT ( 'NONE',  ( 8.000000000000001776, 0.000000000000000000, 0.000000000000000000 ) ) ;
#4006 = CARTESIAN_POINT ( 'NONE',  ( 6.000000000000000000, 4.163336342344337027E-14, 1.387778780781445676E-14 ) ) ;
#4007 = EDGE_CURVE ( 'NONE', #2978, #267, #3955, .T. ) ;
#4008 = CYLINDRICAL_SURFACE ( 'NONE', #2376, 30.00000000000000000 ) ;
#4009 = ORIENTED_EDGE ( 'NONE', *, *, #3414, .T. ) ;
#4010 = CARTESIAN_POINT ( 'NONE',  ( 4.000000000000000000, -10.46613878911908557, -28.11511939947786587 ) ) ;
#4011 = EDGE_CURVE ( 'NONE', #3579, #3641, #841, .T. ) ;
#4012 = DIRECTION ( 'NONE',  ( -1.000000000000000000, -0.000000000000000000, 0.000000000000000000 ) ) ;
#4013 = ORIENTED_EDGE ( 'NONE', *, *, #749, .T. ) ;
#4014 = ORIENTED_EDGE ( 'NONE', *, *, #2692, .F. ) ;
#4015 = ORIENTED_EDGE ( 'NONE', *, *, #2287, .T. ) ;
#4016 = CARTESIAN_POINT ( 'NONE',  ( 0.000000000000000000, 0.000000000000000000, 0.000000000000000000 ) ) ;
#4017 = CARTESIAN_POINT ( 'NONE',  ( 8.000000000000001776, 22.55570658189517985, 11.89281722685799103 ) ) ;
#4018 = EDGE_LOOP ( 'NONE', ( #3557, #1427, #1581, #4534 ) ) ;
#4019 = ORIENTED_EDGE ( 'NONE', *, *, #4154, .T. ) ;
#4020 = LINE ( 'NONE', #4084, #2022 ) ;
#4021 = DIRECTION ( 'NONE',  ( -1.000000000000000000, 0.000000000000000000, 0.000000000000000000 ) ) ;
#4022 = EDGE_CURVE ( 'NONE', #4585, #1198, #3794, .T. ) ;
#4023 = CARTESIAN_POINT ( 'NONE',  ( 0.000000000000000000, -15.45575468000544284, 25.71224702882829405 ) ) ;
#4024 = DIRECTION ( 'NONE',  ( -1.000000000000000000, 0.000000000000000000, 0.000000000000000000 ) ) ;
#4025 = CARTESIAN_POINT ( 'NONE',  ( 8.000000000000001776, -3.947528211215957761, -29.73914963514683407 ) ) ;
#4026 = CYLINDRICAL_SURFACE ( 'NONE', #1683, 25.49899999999999523 ) ;
#4027 = ORIENTED_EDGE ( 'NONE', *, *, #4357, .T. ) ;
#4028 = VERTEX_POINT ( 'NONE', #889 ) ;
#4029 = EDGE_CURVE ( 'NONE', #4304, #1217, #2282, .T. ) ;
#4030 = CIRCLE ( 'NONE', #1092, 30.00000000000000000 ) ;
#4031 = CARTESIAN_POINT ( 'NONE',  ( 0.000000000000000000, 0.000000000000000000, 0.000000000000000000 ) ) ;
#4032 = AXIS2_PLACEMENT_3D ( 'NONE', #436, #1858, #3284 ) ;
#4033 = DIRECTION ( 'NONE',  ( 0.000000000000000000, 0.000000000000000000, 1.000000000000000000 ) ) ;
#4034 = ORIENTED_EDGE ( 'NONE', *, *, #3080, .F. ) ;
#4035 = ORIENTED_EDGE ( 'NONE', *, *, #2159, .T. ) ;
#4036 = ORIENTED_EDGE ( 'NONE', *, *, #25, .T. ) ;
#4037 = EDGE_CURVE ( 'NONE', #968, #1983, #1982, .T. ) ;
#4038 = DIRECTION ( 'NONE',  ( -1.000000000000000000, -0.000000000000000000, 0.000000000000000000 ) ) ;
#4039 = CIRCLE ( 'NONE', #2601, 1.600000000000002531 ) ;
#4040 = CARTESIAN_POINT ( 'NONE',  ( 8.000000000000001776, 0.000000000000000000, 0.000000000000000000 ) ) ;
#4041 = ORIENTED_EDGE ( 'NONE', *, *, #2584, .T. ) ;
#4042 = EDGE_CURVE ( 'NONE', #1506, #2437, #398, .T. ) ;
#4043 = FACE_OUTER_BOUND ( 'NONE', #4056, .T. ) ;
#4044 = CARTESIAN_POINT ( 'NONE',  ( 0.000000000000000000, 23.95436854990174425, 10.88474387751608319 ) ) ;
#4045 = ORIENTED_EDGE ( 'NONE', *, *, #3023, .F. ) ;
#4046 = DIRECTION ( 'NONE',  ( 0.000000000000000000, 0.000000000000000000, 1.000000000000000000 ) ) ;
#4047 = CARTESIAN_POINT ( 'NONE',  ( 0.000000000000000000, 10.46613878911967355, -28.11511939947764915 ) ) ;
#4048 = CYLINDRICAL_SURFACE ( 'NONE', #2490, 10.99999999999986500 ) ;
#4049 = VECTOR ( 'NONE', #2061, 1000.000000000000000 ) ;
#4050 = ORIENTED_EDGE ( 'NONE', *, *, #542, .T. ) ;
#4051 = ORIENTED_EDGE ( 'NONE', *, *, #44, .T. ) ;
#4052 = ORIENTED_EDGE ( 'NONE', *, *, #4640, .F. ) ;
#4053 = DIRECTION ( 'NONE',  ( -1.000000000000000000, 0.000000000000000000, 0.000000000000000000 ) ) ;
#4054 = VECTOR ( 'NONE', #3925, 1000.000000000000000 ) ;
#4055 = DIRECTION ( 'NONE',  ( -1.000000000000000000, 0.000000000000000000, -0.000000000000000000 ) ) ;
#4056 = EDGE_LOOP ( 'NONE', ( #198, #2952, #347, #1522 ) ) ;
#4057 = ORIENTED_EDGE ( 'NONE', *, *, #2568, .F. ) ;
#4058 = CIRCLE ( 'NONE', #4645, 11.19999999999999929 ) ;
#4059 = DIRECTION ( 'NONE',  ( -1.000000000000000000, 0.000000000000000000, 0.000000000000000000 ) ) ;
#4060 = AXIS2_PLACEMENT_3D ( 'NONE', #4386, #2884, #1169 ) ;
#4061 = CYLINDRICAL_SURFACE ( 'NONE', #1271, 11.19999999999999929 ) ;
#4062 = EDGE_CURVE ( 'NONE', #133, #3440, #1638, .T. ) ;
#4063 = CIRCLE ( 'NONE', #2704, 11.20000000000000107 ) ;
#4064 = ORIENTED_EDGE ( 'NONE', *, *, #953, .T. ) ;
#4065 = CARTESIAN_POINT ( 'NONE',  ( 0.000000000000000000, 28.50681627971351872, -9.346733418401319327 ) ) ;
#4066 = CARTESIAN_POINT ( 'NONE',  ( 8.000000000000001776, -16.85942694080850757, -20.20022636336499033 ) ) ;
#4067 = LINE ( 'NONE', #837, #4142 ) ;
#4068 = EDGE_CURVE ( 'NONE', #899, #2335, #4146, .T. ) ;
#4069 = DIRECTION ( 'NONE',  ( 1.000000000000000000, 0.000000000000000000, 0.000000000000000000 ) ) ;
#4070 = DIRECTION ( 'NONE',  ( 0.000000000000000000, -0.9749279121818212879, -0.2225209339563245237 ) ) ;
#4071 = FACE_OUTER_BOUND ( 'NONE', #1989, .T. ) ;
#4072 = EDGE_LOOP ( 'NONE', ( #1544, #3093, #3172, #4440 ) ) ;
#4073 = ORIENTED_EDGE ( 'NONE', *, *, #4110, .T. ) ;
#4074 = ORIENTED_EDGE ( 'NONE', *, *, #4437, .T. ) ;
#4075 = LINE ( 'NONE', #3419, #2227 ) ;
#4076 = CARTESIAN_POINT ( 'NONE',  ( 4.000000000000000888, -21.62835834692429415, -20.78975986434258516 ) ) ;
#4078 = ORIENTED_EDGE ( 'NONE', *, *, #1969, .F. ) ;
#4077 = EDGE_CURVE ( 'NONE', #800, #531, #2379, .T. ) ;
#4079 = CARTESIAN_POINT ( 'NONE',  ( 8.000000000000001776, 0.000000000000000000, 0.000000000000000000 ) ) ;
#4080 = FACE_OUTER_BOUND ( 'NONE', #3225, .T. ) ;
#4081 = DIRECTION ( 'NONE',  ( -1.000000000000000000, -0.000000000000000000, -0.000000000000000000 ) ) ;
#4082 = EDGE_CURVE ( 'NONE', #4487, #2678, #333, .T. ) ;
#4083 = ORIENTED_EDGE ( 'NONE', *, *, #3124, .T. ) ;
#4084 = CARTESIAN_POINT ( 'NONE',  ( 10.00000000000000000, 0.000000000000000000, 9.600000000000003197 ) ) ;
#4085 = CARTESIAN_POINT ( 'NONE',  ( 8.000000000000001776, 0.000000000000000000, 0.000000000000000000 ) ) ;
#4086 = CARTESIAN_POINT ( 'NONE',  ( 5.999999999999998224, 0.000000000000000000, 0.000000000000000000 ) ) ;
#4087 = ADVANCED_FACE ( 'NONE', ( #2976 ), #1215, .T. ) ;
#4088 = LINE ( 'NONE', #2356, #3893 ) ;
#4089 = CARTESIAN_POINT ( 'NONE',  ( 8.000000000000001776, -19.34378712898057273, -16.61375636358872754 ) ) ;
#4090 = CARTESIAN_POINT ( 'NONE',  ( 0.000000000000000000, 0.000000000000000000, 0.000000000000000000 ) ) ;
#4091 = ORIENTED_EDGE ( 'NONE', *, *, #1543, .T. ) ;
#4092 = VERTEX_POINT ( 'NONE', #550 ) ;
#4093 = EDGE_CURVE ( 'NONE', #3677, #933, #1840, .T. ) ;
#4094 = DIRECTION ( 'NONE',  ( -1.000000000000000000, -0.000000000000000000, -0.000000000000000000 ) ) ;
#4095 = ORIENTED_EDGE ( 'NONE', *, *, #2207, .T. ) ;
#4096 = EDGE_LOOP ( 'NONE', ( #81, #2504 ) ) ;
#4097 = ORIENTED_EDGE ( 'NONE', *, *, #3531, .F. ) ;
#4098 = AXIS2_PLACEMENT_3D ( 'NONE', #4624, #3932, #1406 ) ;
#4099 = DIRECTION ( 'NONE',  ( 0.000000000000000000, 0.000000000000000000, -1.000000000000000000 ) ) ;
#4100 = ADVANCED_FACE ( 'NONE', ( #4071 ), #3189, .T. ) ;
#4101 = CARTESIAN_POINT ( 'NONE',  ( 8.000000000000001776, -11.94175267147979369, 23.44533994287246159 ) ) ;
#4102 = DIRECTION ( 'NONE',  ( 0.000000000000000000, 0.000000000000000000, -1.000000000000000000 ) ) ;
#4103 = CIRCLE ( 'NONE', #3408, 11.20000000000000284 ) ;
#4104 = AXIS2_PLACEMENT_3D ( 'NONE', #1104, #4605, #1084 ) ;
#4105 = AXIS2_PLACEMENT_3D ( 'NONE', #478, #2981, #3350 ) ;
#4106 = AXIS2_PLACEMENT_3D ( 'NONE', #2843, #2582, #1467 ) ;
#4107 = CARTESIAN_POINT ( 'NONE',  ( 8.000000000000001776, 16.85942694080891258, -20.20022636336465283 ) ) ;
#4108 = CARTESIAN_POINT ( 'NONE',  ( 0.000000000000000000, 0.000000000000000000, 0.000000000000000000 ) ) ;
#4109 = DIRECTION ( 'NONE',  ( -1.000000000000000000, -0.000000000000000000, 0.000000000000000000 ) ) ;
#4110 = EDGE_CURVE ( 'NONE', #3666, #4223, #3952, .T. ) ;
#4111 = CIRCLE ( 'NONE', #651, 1.600000000000002531 ) ;
#4112 = DIRECTION ( 'NONE',  ( 0.000000000000000000, 0.000000000000000000, 1.000000000000000000 ) ) ;
#4113 = DIRECTION ( 'NONE',  ( -1.000000000000000000, 0.000000000000000000, 0.000000000000000000 ) ) ;
#4114 = LINE ( 'NONE', #4508, #3676 ) ;
#4115 = EDGE_CURVE ( 'NONE', #1738, #3738, #4540, .T. ) ;
#4116 = EDGE_CURVE ( 'NONE', #165, #3626, #2456, .T. ) ;
#4117 = DIRECTION ( 'NONE',  ( -1.000000000000000000, 0.000000000000000000, 0.000000000000000000 ) ) ;
#4118 = VERTEX_POINT ( 'NONE', #1708 ) ;
#4119 = ORIENTED_EDGE ( 'NONE', *, *, #2895, .F. ) ;
#4120 = EDGE_LOOP ( 'NONE', ( #660, #1364, #1036, #2445 ) ) ;
#4121 = AXIS2_PLACEMENT_3D ( 'NONE', #2499, #737, #3275 ) ;
#4122 = CYLINDRICAL_SURFACE ( 'NONE', #647, 25.49899999999999523 ) ;
#4123 = AXIS2_PLACEMENT_3D ( 'NONE', #2229, #2598, #1582 ) ;
#4124 = CARTESIAN_POINT ( 'NONE',  ( 8.000000000000001776, -11.94175267147979369, 23.44533994287246159 ) ) ;
#4125 = EDGE_LOOP ( 'NONE', ( #1131, #2400, #89, #1476 ) ) ;
#4126 = VERTEX_POINT ( 'NONE', #1663 ) ;
#4127 = ORIENTED_EDGE ( 'NONE', *, *, #4115, .T. ) ;
#4128 = ORIENTED_EDGE ( 'NONE', *, *, #1301, .F. ) ;
#4129 = ADVANCED_FACE ( 'NONE', ( #3088 ), #4232, .T. ) ;
#4130 = AXIS2_PLACEMENT_3D ( 'NONE', #1315, #4463, #4558 ) ;
#4131 = DIRECTION ( 'NONE',  ( 0.000000000000000000, 0.000000000000000000, -1.000000000000000000 ) ) ;
#4132 = CARTESIAN_POINT ( 'NONE',  ( 0.000000000000000000, 3.947528211216556837, -29.73914963514675236 ) ) ;
#4133 = CARTESIAN_POINT ( 'NONE',  ( 0.000000000000000000, 6.425269058786057030, 25.51480627843080740 ) ) ;
#4134 = VECTOR ( 'NONE', #1442, 1000.000000000000000 ) ;
#4135 = CIRCLE ( 'NONE', #205, 25.49899999999999167 ) ;
#4136 = CARTESIAN_POINT ( 'NONE',  ( 8.000000000000001776, 24.63658872236507236, 6.575522574292770983 ) ) ;
#4137 = CIRCLE ( 'NONE', #3824, 30.00000000000000000 ) ;
#4138 = CARTESIAN_POINT ( 'NONE',  ( 0.000000000000000000, 0.000000000000000000, 0.000000000000000000 ) ) ;
#4139 = DIRECTION ( 'NONE',  ( 0.000000000000000000, -0.6234898018587399227, 0.7818314824680246966 ) ) ;
#4140 = DIRECTION ( 'NONE',  ( 0.000000000000000000, -0.4338837391175651703, 0.9009688679024158153 ) ) ;
#4141 = EDGE_CURVE ( 'NONE', #192, #1085, #3032, .T. ) ;
#4142 = VECTOR ( 'NONE', #2470, 1000.000000000000000 ) ;
#4143 = DIRECTION ( 'NONE',  ( 0.000000000000000000, 0.4338837391175589531, -0.9009688679024187019 ) ) ;
#4144 = AXIS2_PLACEMENT_3D ( 'NONE', #2881, #2230, #3556 ) ;
#4145 = CARTESIAN_POINT ( 'NONE',  ( 0.000000000000000000, -4.765074104333633542, -25.04981177135286430 ) ) ;
#4146 = LINE ( 'NONE', #3390, #4392 ) ;
#4147 = ORIENTED_EDGE ( 'NONE', *, *, #1755, .T. ) ;
#4148 = CARTESIAN_POINT ( 'NONE',  ( 8.000000000000001776, -10.88474387751616312, 23.95436854990171227 ) ) ;
#4149 = DIRECTION ( 'NONE',  ( -1.000000000000000000, -0.000000000000000000, -0.000000000000000000 ) ) ;
#4150 = EDGE_LOOP ( 'NONE', ( #223, #1734, #4035, #947 ) ) ;
#4151 = ORIENTED_EDGE ( 'NONE', *, *, #63, .T. ) ;
#4152 = ORIENTED_EDGE ( 'NONE', *, *, #4082, .T. ) ;
#4153 = EDGE_LOOP ( 'NONE', ( #3705, #3839, #3837, #2131 ) ) ;
#4154 = EDGE_CURVE ( 'NONE', #1158, #225, #3106, .T. ) ;
#4155 = CARTESIAN_POINT ( 'NONE',  ( 0.000000000000000000, 0.000000000000000000, 0.000000000000000000 ) ) ;
#4156 = DIRECTION ( 'NONE',  ( 1.000000000000000000, -0.000000000000000000, -0.000000000000000000 ) ) ;
#4157 = DIRECTION ( 'NONE',  ( 0.000000000000000000, 0.000000000000000000, -1.000000000000000000 ) ) ;
#4158 = DIRECTION ( 'NONE',  ( 0.000000000000000000, 0.000000000000000000, 1.000000000000000000 ) ) ;
#4159 = DIRECTION ( 'NONE',  ( -1.000000000000000000, -0.000000000000000000, -0.000000000000000000 ) ) ;
#4160 = DIRECTION ( 'NONE',  ( -1.000000000000000000, -0.000000000000000000, -0.000000000000000000 ) ) ;
#4161 = CARTESIAN_POINT ( 'NONE',  ( 8.000000000000001776, -0.5865956258977074178, -26.30485368663592638 ) ) ;
#4162 = CARTESIAN_POINT ( 'NONE',  ( 5.999999999999998224, 0.000000000000000000, 0.000000000000000000 ) ) ;
#4163 = EDGE_CURVE ( 'NONE', #144, #383, #3445, .T. ) ;
#4164 = DIRECTION ( 'NONE',  ( 0.000000000000000000, -7.124757133476173122E-15, 1.000000000000000000 ) ) ;
#4165 = ORIENTED_EDGE ( 'NONE', *, *, #801, .T. ) ;
#4166 = ORIENTED_EDGE ( 'NONE', *, *, #2588, .F. ) ;
#4167 = DIRECTION ( 'NONE',  ( 1.000000000000000000, -0.000000000000000000, 0.000000000000000000 ) ) ;
#4168 = CARTESIAN_POINT ( 'NONE',  ( 8.000000000000001776, 20.50161238324379553, 15.16188941679844149 ) ) ;
#4169 = ORIENTED_EDGE ( 'NONE', *, *, #4556, .F. ) ;
#4170 = EDGE_LOOP ( 'NONE', ( #2347, #2901, #4229, #3199 ) ) ;
#4171 = ORIENTED_EDGE ( 'NONE', *, *, #440, .F. ) ;
#4172 = EDGE_LOOP ( 'NONE', ( #891, #482, #2945, #2417 ) ) ;
#4173 = ORIENTED_EDGE ( 'NONE', *, *, #2596, .T. ) ;
#4174 = CARTESIAN_POINT ( 'NONE',  ( 0.000000000000000000, 23.44533994287250422, 11.94175267147971198 ) ) ;
#4175 = DIRECTION ( 'NONE',  ( 1.000000000000000000, 0.000000000000000000, 0.000000000000000000 ) ) ;
#4176 = CYLINDRICAL_SURFACE ( 'NONE', #140, 11.19999999999999929 ) ;
#4177 = ORIENTED_EDGE ( 'NONE', *, *, #4486, .F. ) ;
#4178 = AXIS2_PLACEMENT_3D ( 'NONE', #597, #954, #4226 ) ;
#4179 = DIRECTION ( 'NONE',  ( -1.000000000000000000, -0.000000000000000000, -0.000000000000000000 ) ) ;
#4180 = AXIS2_PLACEMENT_3D ( 'NONE', #4410, #1957, #3779 ) ;
#4181 = CARTESIAN_POINT ( 'NONE',  ( 0.000000000000000000, -19.34378712898057273, -16.61375636358872754 ) ) ;
#4182 = DIRECTION ( 'NONE',  ( -1.000000000000000000, 0.000000000000000000, 0.000000000000000000 ) ) ;
#4183 = ORIENTED_EDGE ( 'NONE', *, *, #4062, .T. ) ;
#4184 = AXIS2_PLACEMENT_3D ( 'NONE', #1204, #2985, #2015 ) ;
#4185 = DIRECTION ( 'NONE',  ( -1.000000000000000000, 0.000000000000000000, 0.000000000000000000 ) ) ;
#4186 = AXIS2_PLACEMENT_3D ( 'NONE', #4489, #844, #146 ) ;
#4187 = EDGE_CURVE ( 'NONE', #3615, #1547, #4063, .T. ) ;
#4188 = CARTESIAN_POINT ( 'NONE',  ( 0.000000000000000000, 0.000000000000000000, -8.000000000000000000 ) ) ;
#4189 = VECTOR ( 'NONE', #297, 1000.000000000000000 ) ;
#4190 = CYLINDRICAL_SURFACE ( 'NONE', #981, 30.00000000000000000 ) ;
#4191 = CIRCLE ( 'NONE', #4633, 11.19999999999999929 ) ;
#4192 = DIRECTION ( 'NONE',  ( -1.000000000000000000, 0.000000000000000000, 0.000000000000000000 ) ) ;
#4193 = EDGE_LOOP ( 'NONE', ( #3035, #2435, #538, #1696 ) ) ;
#4194 = AXIS2_PLACEMENT_3D ( 'NONE', #86, #3302, #1168 ) ;
#4195 = CARTESIAN_POINT ( 'NONE',  ( 8.000000000000001776, 0.000000000000000000, 0.000000000000000000 ) ) ;
#4196 = FACE_OUTER_BOUND ( 'NONE', #2055, .T. ) ;
#4197 = VERTEX_POINT ( 'NONE', #312 ) ;
#4198 = VERTEX_POINT ( 'NONE', #3882 ) ;
#4199 = CARTESIAN_POINT ( 'NONE',  ( 8.000000000000001776, 10.21971125872147113, -23.36143195072514445 ) ) ;
#4200 = CARTESIAN_POINT ( 'NONE',  ( 0.000000000000000000, 5.281492161082640635, 25.77586589148982199 ) ) ;
#4201 = EDGE_LOOP ( 'NONE', ( #2502, #2060, #1507, #2195 ) ) ;
#4202 = DIRECTION ( 'NONE',  ( 1.000000000000000000, 0.000000000000000000, 0.000000000000000000 ) ) ;
#4203 = DIRECTION ( 'NONE',  ( -1.000000000000000000, -0.000000000000000000, -0.000000000000000000 ) ) ;
#4204 = CIRCLE ( 'NONE', #2177, 11.19999999999999751 ) ;
#4205 = DIRECTION ( 'NONE',  ( -1.000000000000000000, -0.000000000000000000, -0.000000000000000000 ) ) ;
#4206 = DIRECTION ( 'NONE',  ( -1.000000000000000000, 0.000000000000000000, 0.000000000000000000 ) ) ;
#4207 = AXIS2_PLACEMENT_3D ( 'NONE', #540, #1384, #4279 ) ;
#4208 = CIRCLE ( 'NONE', #127, 25.49899999999999167 ) ;
#4209 = ORIENTED_EDGE ( 'NONE', *, *, #993, .T. ) ;
#4210 = CIRCLE ( 'NONE', #3916, 11.19999999999999929 ) ;
#4211 = LINE ( 'NONE', #3877, #345 ) ;
#4212 = CYLINDRICAL_SURFACE ( 'NONE', #2786, 10.99999999999986500 ) ;
#4213 = LINE ( 'NONE', #2747, #675 ) ;
#4214 = ORIENTED_EDGE ( 'NONE', *, *, #4222, .T. ) ;
#4215 = CIRCLE ( 'NONE', #2713, 11.19999999999999929 ) ;
#4216 = CYLINDRICAL_SURFACE ( 'NONE', #1622, 11.20000000000000107 ) ;
#4217 = CARTESIAN_POINT ( 'NONE',  ( 8.000000000000001776, 0.000000000000000000, 0.000000000000000000 ) ) ;
#4218 = ORIENTED_EDGE ( 'NONE', *, *, #547, .F. ) ;
#4219 = ORIENTED_EDGE ( 'NONE', *, *, #840, .T. ) ;
#4220 = LINE ( 'NONE', #997, #1617 ) ;
#4221 = DIRECTION ( 'NONE',  ( 1.000000000000000000, 0.000000000000000000, 0.000000000000000000 ) ) ;
#4222 = EDGE_CURVE ( 'NONE', #1433, #4460, #2926, .T. ) ;
#4223 = VERTEX_POINT ( 'NONE', #1684 ) ;
#4224 = DIRECTION ( 'NONE',  ( -1.000000000000000000, 0.000000000000000000, 0.000000000000000000 ) ) ;
#4225 = CARTESIAN_POINT ( 'NONE',  ( 8.000000000000001776, 0.000000000000000000, 0.000000000000000000 ) ) ;
#4226 = DIRECTION ( 'NONE',  ( 0.000000000000000000, -0.4338837391175462410, -0.9009688679024248081 ) ) ;
#4227 = CARTESIAN_POINT ( 'NONE',  ( 0.000000000000000000, 22.55570658189534683, -11.89281722685767662 ) ) ;
#4228 = EDGE_CURVE ( 'NONE', #3467, #3766, #1956, .T. ) ;
#4229 = ORIENTED_EDGE ( 'NONE', *, *, #3776, .F. ) ;
#4230 = DIRECTION ( 'NONE',  ( 0.000000000000000000, 0.000000000000000000, -1.000000000000000000 ) ) ;
#4231 = CARTESIAN_POINT ( 'NONE',  ( 8.000000000000001776, 0.000000000000000000, 0.000000000000000000 ) ) ;
#4232 = CYLINDRICAL_SURFACE ( 'NONE', #1094, 11.19999999999999929 ) ;
#4233 = EDGE_CURVE ( 'NONE', #2510, #959, #4213, .T. ) ;
#4234 = ORIENTED_EDGE ( 'NONE', *, *, #2956, .T. ) ;
#4235 = CARTESIAN_POINT ( 'NONE',  ( 8.000000000000001776, 10.21971125872115138, 23.36143195072528300 ) ) ;
#4236 = DIRECTION ( 'NONE',  ( -1.000000000000000000, -0.000000000000000000, -0.000000000000000000 ) ) ;
#4237 = EDGE_LOOP ( 'NONE', ( #120, #2412, #3872, #4248 ) ) ;
#4238 = VERTEX_POINT ( 'NONE', #989 ) ;
#4239 = ORIENTED_EDGE ( 'NONE', *, *, #3469, .T. ) ;
#4240 = CARTESIAN_POINT ( 'NONE',  ( 0.000000000000000000, 20.93169914448949243, 15.94218908519855837 ) ) ;
#4241 = SURFACE_STYLE_FILL_AREA ( #2151 ) ;
#4242 = ORIENTED_EDGE ( 'NONE', *, *, #3822, .T. ) ;
#4243 = EDGE_CURVE ( 'NONE', #2335, #476, #3223, .T. ) ;
#4244 = CYLINDRICAL_SURFACE ( 'NONE', #3816, 11.19999999999999929 ) ;
#4245 = DIRECTION ( 'NONE',  ( -1.000000000000000000, -0.000000000000000000, -0.000000000000000000 ) ) ;
#4246 = DIRECTION ( 'NONE',  ( -1.000000000000000000, -0.000000000000000000, 0.000000000000000000 ) ) ;
#4247 = CYLINDRICAL_SURFACE ( 'NONE', #1571, 30.00000000000000000 ) ;
#4248 = ORIENTED_EDGE ( 'NONE', *, *, #410, .T. ) ;
#4249 = AXIS2_PLACEMENT_3D ( 'NONE', #3703, #3066, #1266 ) ;
#4250 = DIRECTION ( 'NONE',  ( 0.000000000000000000, 0.000000000000000000, -1.000000000000000000 ) ) ;
#4251 = LINE ( 'NONE', #2047, #3831 ) ;
#4252 = EDGE_CURVE ( 'NONE', #2606, #794, #362, .T. ) ;
#4253 = AXIS2_PLACEMENT_3D ( 'NONE', #4174, #561, #1577 ) ;
#4254 = CIRCLE ( 'NONE', #3643, 30.00000000000000000 ) ;
#4255 = DIRECTION ( 'NONE',  ( 1.000000000000000000, -0.000000000000000000, 0.000000000000000000 ) ) ;
#4256 = ORIENTED_EDGE ( 'NONE', *, *, #1633, .F. ) ;
#4257 = CARTESIAN_POINT ( 'NONE',  ( 4.000000000000000000, 2.769027914639860644, -29.87193472823521390 ) ) ;
#4258 = CARTESIAN_POINT ( 'NONE',  ( 8.000000000000001776, 6.425269058786057030, 25.51480627843080740 ) ) ;
#4259 = FACE_OUTER_BOUND ( 'NONE', #3471, .T. ) ;
#4260 = ORIENTED_EDGE ( 'NONE', *, *, #4110, .F. ) ;
#4261 = ORIENTED_EDGE ( 'NONE', *, *, #2677, .T. ) ;
#4262 = ORIENTED_EDGE ( 'NONE', *, *, #4497, .T. ) ;
#4263 = DIRECTION ( 'NONE',  ( -1.000000000000000000, 0.000000000000000000, -0.000000000000000000 ) ) ;
#4264 = VECTOR ( 'NONE', #3364, 1000.000000000000000 ) ;
#4265 = DIRECTION ( 'NONE',  ( 0.000000000000000000, 0.000000000000000000, 1.000000000000000000 ) ) ;
#4266 = VERTEX_POINT ( 'NONE', #4578 ) ;
#4267 = EDGE_CURVE ( 'NONE', #1511, #460, #2800, .T. ) ;
#4268 = DIRECTION ( 'NONE',  ( 0.000000000000000000, 0.000000000000000000, 1.000000000000000000 ) ) ;
#4269 = DIRECTION ( 'NONE',  ( -1.000000000000000000, 0.000000000000000000, 0.000000000000000000 ) ) ;
#4270 = ORIENTED_EDGE ( 'NONE', *, *, #1124, .F. ) ;
#4271 = ORIENTED_EDGE ( 'NONE', *, *, #3586, .F. ) ;
#4272 = CARTESIAN_POINT ( 'NONE',  ( 8.000000000000001776, -20.20022636336470612, -16.85942694080885218 ) ) ;
#4273 = DIRECTION ( 'NONE',  ( 0.000000000000000000, 0.000000000000000000, 1.000000000000000000 ) ) ;
#4274 = EDGE_CURVE ( 'NONE', #4276, #2659, #3513, .T. ) ;
#4275 = DIRECTION ( 'NONE',  ( 0.000000000000000000, 0.000000000000000000, 1.000000000000000000 ) ) ;
#4276 = VERTEX_POINT ( 'NONE', #2821 ) ;
#4277 = DIRECTION ( 'NONE',  ( -1.000000000000000000, -0.000000000000000000, -0.000000000000000000 ) ) ;
#4278 = CIRCLE ( 'NONE', #3144, 1.600000000000000089 ) ;
#4279 = DIRECTION ( 'NONE',  ( 0.000000000000000000, 0.4338837391175589531, -0.9009688679024187019 ) ) ;
#4280 = VECTOR ( 'NONE', #4269, 1000.000000000000000 ) ;
#4281 = AXIS2_PLACEMENT_3D ( 'NONE', #1826, #2906, #4340 ) ;
#4282 = CARTESIAN_POINT ( 'NONE',  ( 8.000000000000001776, 20.20022636336504718, -16.85942694080844007 ) ) ;
#4283 = VERTEX_POINT ( 'NONE', #1035 ) ;
#4284 = VERTEX_POINT ( 'NONE', #2476 ) ;
#4285 = VECTOR ( 'NONE', #3442, 1000.000000000000000 ) ;
#4286 = CIRCLE ( 'NONE', #2262, 25.49899999999999523 ) ;
#4287 = EDGE_CURVE ( 'NONE', #3528, #2840, #3293, .T. ) ;
#4288 = CARTESIAN_POINT ( 'NONE',  ( 4.000000000000000888, -20.78975986434250700, 21.62835834692437231 ) ) ;
#4289 = VECTOR ( 'NONE', #2040, 1000.000000000000000 ) ;
#4290 = CARTESIAN_POINT ( 'NONE',  ( 8.000000000000001776, -6.425269058786235554, 25.51480627843076476 ) ) ;
#4291 = EDGE_CURVE ( 'NONE', #2678, #1420, #3950, .T. ) ;
#4292 = AXIS2_PLACEMENT_3D ( 'NONE', #726, #1419, #3992 ) ;
#4293 = CARTESIAN_POINT ( 'NONE',  ( 8.000000000000001776, 19.34378712898069708, 16.61375636358860319 ) ) ;
#4294 = CARTESIAN_POINT ( 'NONE',  ( 8.000000000000001776, 0.000000000000000000, 0.000000000000000000 ) ) ;
#4295 = ORIENTED_EDGE ( 'NONE', *, *, #3942, .T. ) ;
#4296 = FACE_OUTER_BOUND ( 'NONE', #2983, .T. ) ;
#4297 = DIRECTION ( 'NONE',  ( 0.000000000000000000, 0.000000000000000000, 1.000000000000000000 ) ) ;
#4298 = CARTESIAN_POINT ( 'NONE',  ( 8.000000000000001776, -0.5865956258977074178, -26.30485368663592638 ) ) ;
#4299 = EDGE_LOOP ( 'NONE', ( #2247, #3452, #2834, #4261 ) ) ;
#4300 = ADVANCED_FACE ( 'NONE', ( #4365 ), #1876, .T. ) ;
#4301 = DIRECTION ( 'NONE',  ( 0.000000000000000000, 0.4338837391175526248, 0.9009688679024218105 ) ) ;
#4302 = DIRECTION ( 'NONE',  ( -1.000000000000000000, -0.000000000000000000, -0.000000000000000000 ) ) ;
#4303 = CARTESIAN_POINT ( 'NONE',  ( 0.000000000000000000, 1.959434878635767942E-16, 6.399999999999997691 ) ) ;
#4304 = VERTEX_POINT ( 'NONE', #4023 ) ;
#4305 = EDGE_LOOP ( 'NONE', ( #1970, #1117, #1463, #2110 ) ) ;
#4306 = DIRECTION ( 'NONE',  ( -1.000000000000000000, 0.000000000000000000, -0.000000000000000000 ) ) ;
#4307 = CARTESIAN_POINT ( 'NONE',  ( 0.000000000000000000, 0.000000000000000000, 0.000000000000000000 ) ) ;
#4308 = EDGE_CURVE ( 'NONE', #4515, #833, #4210, .T. ) ;
#4309 = VERTEX_POINT ( 'NONE', #1492 ) ;
#4310 = FACE_OUTER_BOUND ( 'NONE', #2998, .T. ) ;
#4311 = DIRECTION ( 'NONE',  ( 0.000000000000000000, 0.000000000000000000, 1.000000000000000000 ) ) ;
#4312 = EDGE_CURVE ( 'NONE', #4641, #2309, #1166, .T. ) ;
#4313 = ORIENTED_EDGE ( 'NONE', *, *, #80, .F. ) ;
#4314 = AXIS2_PLACEMENT_3D ( 'NONE', #2567, #4368, #2237 ) ;
#4315 = CARTESIAN_POINT ( 'NONE',  ( 0.000000000000000000, 2.000000000000000000, -1.500000000000000222 ) ) ;
#4316 = CARTESIAN_POINT ( 'NONE',  ( 8.000000000000001776, 25.51480627843078608, -6.425269058786144960 ) ) ;
#4317 = CIRCLE ( 'NONE', #247, 30.00000000000000000 ) ;
#4318 = CARTESIAN_POINT ( 'NONE',  ( 4.000000000000000888, 28.11511939947775218, 10.46613878911938222 ) ) ;
#4319 = EDGE_CURVE ( 'NONE', #2805, #3966, #715, .T. ) ;
#4320 = CIRCLE ( 'NONE', #1536, 11.19999999999999751 ) ;
#4321 = DIRECTION ( 'NONE',  ( -1.000000000000000000, 0.000000000000000000, 0.000000000000000000 ) ) ;
#4322 = DIRECTION ( 'NONE',  ( 1.000000000000000000, -0.000000000000000000, -0.000000000000000000 ) ) ;
#4323 = VECTOR ( 'NONE', #3242, 1000.000000000000000 ) ;
#4324 = DIRECTION ( 'NONE',  ( 1.000000000000000000, -0.000000000000000000, 0.000000000000000000 ) ) ;
#4325 = VERTEX_POINT ( 'NONE', #2953 ) ;
#4326 = EDGE_CURVE ( 'NONE', #1138, #1568, #2232, .T. ) ;
#4327 = ORIENTED_EDGE ( 'NONE', *, *, #58, .F. ) ;
#4328 = FACE_OUTER_BOUND ( 'NONE', #818, .T. ) ;
#4329 = CYLINDRICAL_SURFACE ( 'NONE', #185, 11.20000000000000107 ) ;
#4330 = CIRCLE ( 'NONE', #1102, 11.20000000000000284 ) ;
#4331 = CIRCLE ( 'NONE', #2389, 25.49899999999999523 ) ;
#4332 = AXIS2_PLACEMENT_3D ( 'NONE', #2331, #160, #4143 ) ;
#4333 = LINE ( 'NONE', #4293, #4054 ) ;
#4334 = LINE ( 'NONE', #3604, #2996 ) ;
#4335 = ORIENTED_EDGE ( 'NONE', *, *, #4445, .T. ) ;
#4336 = CYLINDRICAL_SURFACE ( 'NONE', #3126, 25.49899999999999523 ) ;
#4337 = CARTESIAN_POINT ( 'NONE',  ( 8.000000000000001776, 0.000000000000000000, 0.000000000000000000 ) ) ;
#4338 = ORIENTED_EDGE ( 'NONE', *, *, #3884, .F. ) ;
#4339 = ORIENTED_EDGE ( 'NONE', *, *, #2828, .F. ) ;
#4340 = DIRECTION ( 'NONE',  ( 0.000000000000000000, -0.6234898018587239354, -0.7818314824680374642 ) ) ;
#4341 = EDGE_CURVE ( 'NONE', #3135, #343, #2779, .T. ) ;
#4342 = CARTESIAN_POINT ( 'NONE',  ( 8.000000000000001776, 25.51480627843070437, 6.425269058786490461 ) ) ;
#4343 = LINE ( 'NONE', #2936, #900 ) ;
#4344 = CIRCLE ( 'NONE', #4415, 25.49899999999999523 ) ;
#4345 = DIRECTION ( 'NONE',  ( -1.000000000000000000, 0.000000000000000000, 0.000000000000000000 ) ) ;
#4346 = VERTEX_POINT ( 'NONE', #696 ) ;
#4347 = ORIENTED_EDGE ( 'NONE', *, *, #1603, .T. ) ;
#4348 = ORIENTED_EDGE ( 'NONE', *, *, #2776, .F. ) ;
#4349 = VECTOR ( 'NONE', #4156, 1000.000000000000000 ) ;
#4350 = DIRECTION ( 'NONE',  ( 0.000000000000000000, 0.000000000000000000, 1.000000000000000000 ) ) ;
#4351 = AXIS2_PLACEMENT_3D ( 'NONE', #3682, #3339, #139 ) ;
#4352 = DIRECTION ( 'NONE',  ( 0.000000000000000000, 0.000000000000000000, -1.000000000000000000 ) ) ;
#4353 = CIRCLE ( 'NONE', #2343, 30.00000000000000000 ) ;
#4354 = ORIENTED_EDGE ( 'NONE', *, *, #2618, .T. ) ;
#4355 = ORIENTED_EDGE ( 'NONE', *, *, #1111, .F. ) ;
#4356 = ORIENTED_EDGE ( 'NONE', *, *, #731, .T. ) ;
#4357 = EDGE_CURVE ( 'NONE', #4118, #3958, #4137, .T. ) ;
#4358 = CARTESIAN_POINT ( 'NONE',  ( 8.000000000000001776, 25.77586589148987528, -5.281492161082373293 ) ) ;
#4359 = DIRECTION ( 'NONE',  ( 0.000000000000000000, -0.6234898018587401447, 0.7818314824680245856 ) ) ;
#4360 = ORIENTED_EDGE ( 'NONE', *, *, #2303, .T. ) ;
#4361 = ORIENTED_EDGE ( 'NONE', *, *, #2338, .F. ) ;
#4362 = DIRECTION ( 'NONE',  ( -1.000000000000000000, -0.000000000000000000, 0.000000000000000000 ) ) ;
#4363 = CARTESIAN_POINT ( 'NONE',  ( 8.000000000000001776, 0.000000000000000000, 0.000000000000000000 ) ) ;
#4364 = EDGE_CURVE ( 'NONE', #1542, #3629, #2882, .T. ) ;
#4365 = FACE_OUTER_BOUND ( 'NONE', #2888, .T. ) ;
#4366 = FACE_BOUND ( 'NONE', #4096, .T. ) ;
#4367 = CARTESIAN_POINT ( 'NONE',  ( 0.000000000000000000, 0.000000000000000000, 0.000000000000000000 ) ) ;
#4368 = DIRECTION ( 'NONE',  ( -1.000000000000000000, 0.000000000000000000, 0.000000000000000000 ) ) ;
#4369 = ADVANCED_FACE ( 'NONE', ( #3630 ), #4004, .T. ) ;
#4370 = VERTEX_POINT ( 'NONE', #4382 ) ;
#4371 = EDGE_LOOP ( 'NONE', ( #4313, #3358, #1454, #3920 ) ) ;
#4372 = CARTESIAN_POINT ( 'NONE',  ( 8.000000000000001776, -20.50161238324368540, -15.16188941679857649 ) ) ;
#4373 = CARTESIAN_POINT ( 'NONE',  ( 8.000000000000001776, 23.36143195072524392, 10.21971125872122599 ) ) ;
#4374 = ORIENTED_EDGE ( 'NONE', *, *, #2165, .T. ) ;
#4375 = VERTEX_POINT ( 'NONE', #2602 ) ;
#4376 = ORIENTED_EDGE ( 'NONE', *, *, #2889, .T. ) ;
#4377 = FACE_OUTER_BOUND ( 'NONE', #2050, .T. ) ;
#4378 = DIRECTION ( 'NONE',  ( 0.000000000000000000, -0.9749279121818212879, -0.2225209339563244959 ) ) ;
#4379 = ORIENTED_EDGE ( 'NONE', *, *, #1600, .F. ) ;
#4380 = DIRECTION ( 'NONE',  ( 0.000000000000000000, 0.000000000000000000, 1.000000000000000000 ) ) ;
#4381 = FACE_OUTER_BOUND ( 'NONE', #2053, .T. ) ;
#4382 = CARTESIAN_POINT ( 'NONE',  ( 0.000000000000000000, -9.346733418401415250, -28.50681627971348675 ) ) ;
#4383 = AXIS2_PLACEMENT_3D ( 'NONE', #2457, #3887, #2102 ) ;
#4384 = ADVANCED_FACE ( 'NONE', ( #397 ), #3559, .T. ) ;
#4385 = DIRECTION ( 'NONE',  ( -1.000000000000000000, 0.000000000000000000, 0.000000000000000000 ) ) ;
#4386 = CARTESIAN_POINT ( 'NONE',  ( -10.00000000000000000, 0.000000000000000000, 0.000000000000000000 ) ) ;
#4387 = VERTEX_POINT ( 'NONE', #766 ) ;
#4388 = EDGE_LOOP ( 'NONE', ( #1662, #3377, #1423, #3123 ) ) ;
#4389 = ORIENTED_EDGE ( 'NONE', *, *, #1654, .F. ) ;
#4390 = EDGE_CURVE ( 'NONE', #918, #4387, #1056, .T. ) ;
#4391 = CARTESIAN_POINT ( 'NONE',  ( 8.000000000000001776, -28.50681627971346543, 9.346733418401507620 ) ) ;
#4392 = VECTOR ( 'NONE', #163, 1000.000000000000000 ) ;
#4393 = DIRECTION ( 'NONE',  ( -1.000000000000000000, -0.000000000000000000, -0.000000000000000000 ) ) ;
#4394 = EDGE_LOOP ( 'NONE', ( #285, #1293, #967, #3781 ) ) ;
#4395 = ORIENTED_EDGE ( 'NONE', *, *, #2895, .T. ) ;
#4396 = CARTESIAN_POINT ( 'NONE',  ( 8.000000000000001776, 16.45993346534672952, -25.08127967860409768 ) ) ;
#4397 = FACE_OUTER_BOUND ( 'NONE', #448, .T. ) ;
#4398 = EDGE_CURVE ( 'NONE', #671, #3565, #2183, .T. ) ;
#4399 = VERTEX_POINT ( 'NONE', #1516 ) ;
#4400 = AXIS2_PLACEMENT_3D ( 'NONE', #2026, #4506, #2377 ) ;
#4401 = ORIENTED_EDGE ( 'NONE', *, *, #95, .F. ) ;
#4402 = CARTESIAN_POINT ( 'NONE',  ( 8.000000000000001776, 0.000000000000000000, 0.000000000000000000 ) ) ;
#4403 = DIRECTION ( 'NONE',  ( 0.000000000000000000, 0.000000000000000000, 1.000000000000000000 ) ) ;
#4404 = CIRCLE ( 'NONE', #1178, 30.00000000000000000 ) ;
#4405 = CARTESIAN_POINT ( 'NONE',  ( 0.000000000000000000, 0.000000000000000000, 0.000000000000000000 ) ) ;
#4406 = AXIS2_PLACEMENT_3D ( 'NONE', #3384, #466, #3362 ) ;
#4407 = FACE_BOUND ( 'NONE', #68, .T. ) ;
#4408 = LINE ( 'NONE', #3757, #1196 ) ;
#4409 = ADVANCED_FACE ( 'NONE', ( #2933 ), #3587, .T. ) ;
#4410 = CARTESIAN_POINT ( 'NONE',  ( 8.000000000000001776, -25.51480627843073989, -6.425269058786323484 ) ) ;
#4411 = ORIENTED_EDGE ( 'NONE', *, *, #3502, .T. ) ;
#4412 = ORIENTED_EDGE ( 'NONE', *, *, #2348, .F. ) ;
#4413 = ORIENTED_EDGE ( 'NONE', *, *, #2279, .T. ) ;
#4414 = LINE ( 'NONE', #3091, #4472 ) ;
#4415 = AXIS2_PLACEMENT_3D ( 'NONE', #3205, #3623, #10 ) ;
#4416 = CARTESIAN_POINT ( 'NONE',  ( 8.000000000000001776, 3.947528211216556837, -29.73914963514675236 ) ) ;
#4417 = ORIENTED_EDGE ( 'NONE', *, *, #929, .F. ) ;
#4418 = EDGE_CURVE ( 'NONE', #3845, #476, #2542, .T. ) ;
#4419 = AXIS2_PLACEMENT_3D ( 'NONE', #3789, #2735, #563 ) ;
#4420 = CARTESIAN_POINT ( 'NONE',  ( 8.000000000000001776, 0.000000000000000000, 0.000000000000000000 ) ) ;
#4421 = DIRECTION ( 'NONE',  ( -1.000000000000000000, -0.000000000000000000, -0.000000000000000000 ) ) ;
#4422 = DIRECTION ( 'NONE',  ( -1.000000000000000000, -0.000000000000000000, 0.000000000000000000 ) ) ;
#4423 = AXIS2_PLACEMENT_3D ( 'NONE', #4429, #1632, #4140 ) ;
#4424 = EDGE_CURVE ( 'NONE', #2797, #3179, #3363, .T. ) ;
#4425 = VERTEX_POINT ( 'NONE', #1999 ) ;
#4426 = FACE_OUTER_BOUND ( 'NONE', #4388, .T. ) ;
#4427 = CARTESIAN_POINT ( 'NONE',  ( 0.000000000000000000, 3.947528211216156269, 29.73914963514680210 ) ) ;
#4428 = ORIENTED_EDGE ( 'NONE', *, *, #3178, .T. ) ;
#4429 = CARTESIAN_POINT ( 'NONE',  ( 8.000000000000001776, -15.94218908519833633, -20.93169914448964875 ) ) ;
#4430 = EDGE_CURVE ( 'NONE', #74, #4552, #1192, .T. ) ;
#4431 = DIRECTION ( 'NONE',  ( -1.000000000000000000, -0.000000000000000000, 0.000000000000000000 ) ) ;
#4432 = LINE ( 'NONE', #4089, #2260 ) ;
#4433 = DIRECTION ( 'NONE',  ( -1.000000000000000000, 0.000000000000000000, 0.000000000000000000 ) ) ;
#4434 = EDGE_LOOP ( 'NONE', ( #4356, #286, #4516, #2960 ) ) ;
#4435 = VERTEX_POINT ( 'NONE', #498 ) ;
#4436 = VERTEX_POINT ( 'NONE', #546 ) ;
#4437 = EDGE_CURVE ( 'NONE', #3271, #3966, #3675, .T. ) ;
#4438 = CARTESIAN_POINT ( 'NONE',  ( 8.000000000000001776, -11.89281722685775478, -22.55570658189530064 ) ) ;
#4439 = LINE ( 'NONE', #2656, #1635 ) ;
#4440 = ORIENTED_EDGE ( 'NONE', *, *, #2949, .F. ) ;
#4441 = EDGE_LOOP ( 'NONE', ( #2533, #481, #792, #1370 ) ) ;
#4442 = ORIENTED_EDGE ( 'NONE', *, *, #3023, .T. ) ;
#4443 = ORIENTED_EDGE ( 'NONE', *, *, #2436, .F. ) ;
#4444 = CARTESIAN_POINT ( 'NONE',  ( 0.000000000000000000, -23.95436854990181885, 10.88474387751592332 ) ) ;
#4445 = EDGE_CURVE ( 'NONE', #3262, #2510, #1351, .T. ) ;
#4446 = DIRECTION ( 'NONE',  ( 1.000000000000000000, 0.000000000000000000, -0.000000000000000000 ) ) ;
#4447 = CARTESIAN_POINT ( 'NONE',  ( 4.000000000000000888, -28.11511939947768113, -10.46613878911957762 ) ) ;
#4448 = EDGE_LOOP ( 'NONE', ( #2070, #3425, #2731, #2176 ) ) ;
#4449 = ORIENTED_EDGE ( 'NONE', *, *, #1610, .T. ) ;
#4450 = ADVANCED_FACE ( 'NONE', ( #2993 ), #3366, .T. ) ;
#4451 = DIRECTION ( 'NONE',  ( -1.000000000000000000, 0.000000000000000000, 0.000000000000000000 ) ) ;
#4452 = LINE ( 'NONE', #1895, #2313 ) ;
#4453 = DIRECTION ( 'NONE',  ( -1.000000000000000000, -0.000000000000000000, 0.000000000000000000 ) ) ;
#4454 = CARTESIAN_POINT ( 'NONE',  ( 8.000000000000001776, 19.34378712898091734, -16.61375636358833319 ) ) ;
#4455 = DIRECTION ( 'NONE',  ( 0.000000000000000000, 0.000000000000000000, -1.000000000000000000 ) ) ;
#4456 = CARTESIAN_POINT ( 'NONE',  ( 8.000000000000001776, 25.51480627843078608, -6.425269058786144960 ) ) ;
#4457 = ADVANCED_FACE ( 'NONE', ( #1979 ), #3014, .T. ) ;
#4458 = DIRECTION ( 'NONE',  ( -1.000000000000000000, -0.000000000000000000, -0.000000000000000000 ) ) ;
#4459 = ORIENTED_EDGE ( 'NONE', *, *, #2972, .F. ) ;
#4460 = VERTEX_POINT ( 'NONE', #1262 ) ;
#4461 = DIRECTION ( 'NONE',  ( -1.000000000000000000, 0.000000000000000000, 0.000000000000000000 ) ) ;
#4462 = AXIS2_PLACEMENT_3D ( 'NONE', #2422, #2398, #3819 ) ;
#4463 = DIRECTION ( 'NONE',  ( -1.000000000000000000, -0.000000000000000000, 0.000000000000000000 ) ) ;
#4464 = ORIENTED_EDGE ( 'NONE', *, *, #3446, .F. ) ;
#4465 = ORIENTED_EDGE ( 'NONE', *, *, #3700, .F. ) ;
#4466 = ORIENTED_EDGE ( 'NONE', *, *, #3244, .F. ) ;
#4467 = FACE_OUTER_BOUND ( 'NONE', #3376, .T. ) ;
#4468 = DIRECTION ( 'NONE',  ( 0.000000000000000000, 0.000000000000000000, 1.000000000000000000 ) ) ;
#4469 = VECTOR ( 'NONE', #485, 1000.000000000000000 ) ;
#4470 = DIRECTION ( 'NONE',  ( -1.000000000000000000, 0.000000000000000000, 0.000000000000000000 ) ) ;
#4471 = EDGE_CURVE ( 'NONE', #2573, #3162, #3146, .T. ) ;
#4472 = VECTOR ( 'NONE', #4581, 1000.000000000000000 ) ;
#4473 = VECTOR ( 'NONE', #2039, 1000.000000000000000 ) ;
#4474 = AXIS2_PLACEMENT_3D ( 'NONE', #2267, #3688, #457 ) ;
#4475 = DIRECTION ( 'NONE',  ( 0.000000000000000000, -1.000000000000000000, -1.047444401652940007E-14 ) ) ;
#4476 = DIRECTION ( 'NONE',  ( -1.000000000000000000, -0.000000000000000000, 0.000000000000000000 ) ) ;
#4477 = CARTESIAN_POINT ( 'NONE',  ( 8.000000000000001776, -9.346733418401802496, 28.50681627971336241 ) ) ;
#4478 = CIRCLE ( 'NONE', #1327, 25.49899999999999523 ) ;
#4479 = CARTESIAN_POINT ( 'NONE',  ( 0.000000000000000000, -6.575522574292524958, -24.63658872236513631 ) ) ;
#4480 = ADVANCED_FACE ( 'NONE', ( #1897 ), #814, .T. ) ;
#4481 = CYLINDRICAL_SURFACE ( 'NONE', #3654, 1.600000000000002531 ) ;
#4482 = CIRCLE ( 'NONE', #414, 25.49899999999999523 ) ;
#4483 = CIRCLE ( 'NONE', #2163, 30.00000000000000000 ) ;
#4484 = CARTESIAN_POINT ( 'NONE',  ( 8.000000000000001776, 0.000000000000000000, 0.000000000000000000 ) ) ;
#4485 = CARTESIAN_POINT ( 'NONE',  ( 0.000000000000000000, -25.04981177135285009, 4.765074104333709926 ) ) ;
#4486 = EDGE_CURVE ( 'NONE', #1402, #4284, #184, .T. ) ;
#4487 = VERTEX_POINT ( 'NONE', #2670 ) ;
#4488 = CIRCLE ( 'NONE', #1043, 11.20000000000000107 ) ;
#4489 = CARTESIAN_POINT ( 'NONE',  ( 8.000000000000001776, 0.000000000000000000, 0.000000000000000000 ) ) ;
#4490 = LINE ( 'NONE', #3785, #3054 ) ;
#4491 = CIRCLE ( 'NONE', #1418, 25.49899999999999523 ) ;
#4492 = VERTEX_POINT ( 'NONE', #85 ) ;
#4493 = EDGE_LOOP ( 'NONE', ( #3509, #584, #608, #3719 ) ) ;
#4494 = CARTESIAN_POINT ( 'NONE',  ( 4.000000000000000000, 10.46613878911928985, 28.11511939947778771 ) ) ;
#4495 = CYLINDRICAL_SURFACE ( 'NONE', #1797, 2.500000000000000000 ) ;
#4496 = CYLINDRICAL_SURFACE ( 'NONE', #2423, 30.00000000000000000 ) ;
#4497 = EDGE_CURVE ( 'NONE', #281, #2487, #593, .T. ) ;
#4498 = AXIS2_PLACEMENT_3D ( 'NONE', #1041, #3078, #2100 ) ;
#4499 = VECTOR ( 'NONE', #3246, 1000.000000000000000 ) ;
#4500 = CARTESIAN_POINT ( 'NONE',  ( 8.000000000000001776, -29.73914963514676302, -3.947528211216466687 ) ) ;
#4501 = AXIS2_PLACEMENT_3D ( 'NONE', #1449, #2164, #4646 ) ;
#4502 = DIRECTION ( 'NONE',  ( 0.000000000000000000, 0.000000000000000000, 1.000000000000000000 ) ) ;
#4503 = DIRECTION ( 'NONE',  ( 0.000000000000000000, 0.000000000000000000, 1.000000000000000000 ) ) ;
#4504 = AXIS2_PLACEMENT_3D ( 'NONE', #3778, #887, #912 ) ;
#4505 = CARTESIAN_POINT ( 'NONE',  ( 0.000000000000000000, 8.000000000000000000, 0.000000000000000000 ) ) ;
#4506 = DIRECTION ( 'NONE',  ( -1.000000000000000000, 0.000000000000000000, 0.000000000000000000 ) ) ;
#4507 = CIRCLE ( 'NONE', #1808, 30.00000000000000000 ) ;
#4508 = CARTESIAN_POINT ( 'NONE',  ( 8.000000000000001776, -15.16188941679823188, -20.50161238324394120 ) ) ;
#4509 = EDGE_CURVE ( 'NONE', #1883, #1506, #1355, .T. ) ;
#4510 = CARTESIAN_POINT ( 'NONE',  ( 8.000000000000001776, -23.44533994287258949, 11.94175267147954855 ) ) ;
#4511 = VERTEX_POINT ( 'NONE', #1558 ) ;
#4512 = DIRECTION ( 'NONE',  ( 0.000000000000000000, -0.9009688679024232538, 0.4338837391175492941 ) ) ;
#4513 = CYLINDRICAL_SURFACE ( 'NONE', #3903, 1.600000000000000311 ) ;
#4514 = ORIENTED_EDGE ( 'NONE', *, *, #3751, .F. ) ;
#4515 = VERTEX_POINT ( 'NONE', #4454 ) ;
#4516 = ORIENTED_EDGE ( 'NONE', *, *, #1471, .F. ) ;
#4517 = ORIENTED_EDGE ( 'NONE', *, *, #4141, .F. ) ;
#4518 = VERTEX_POINT ( 'NONE', #1212 ) ;
#4519 = CARTESIAN_POINT ( 'NONE',  ( 8.000000000000000000, 4.163336342344337027E-14, -10.99999999999985256 ) ) ;
#4520 = CARTESIAN_POINT ( 'NONE',  ( 0.000000000000000000, -8.000000000000000000, 0.000000000000000000 ) ) ;
#4521 = CARTESIAN_POINT ( 'NONE',  ( 0.000000000000000000, 0.9285037628613247440, 25.48208943086009981 ) ) ;
#4522 = PLANE ( 'NONE',  #4566 ) ;
#4523 = DIRECTION ( 'NONE',  ( 0.000000000000000000, 0.4338837391175525138, 0.9009688679024218105 ) ) ;
#4524 = CARTESIAN_POINT ( 'NONE',  ( 0.000000000000000000, 0.5865956258978912707, 26.30485368663591927 ) ) ;
#4525 = ADVANCED_FACE ( 'NONE', ( #2646 ), #1287, .F. ) ;
#4526 = ORIENTED_EDGE ( 'NONE', *, *, #4390, .F. ) ;
#4527 = CARTESIAN_POINT ( 'NONE',  ( 0.000000000000000000, -10.46613878911908557, -28.11511939947786587 ) ) ;
#4528 = DIRECTION ( 'NONE',  ( -1.000000000000000000, 0.000000000000000000, -0.000000000000000000 ) ) ;
#4529 = DIRECTION ( 'NONE',  ( -1.000000000000000000, 0.000000000000000000, 0.000000000000000000 ) ) ;
#4530 = DIRECTION ( 'NONE',  ( -1.000000000000000000, -0.000000000000000000, 0.000000000000000000 ) ) ;
#4531 = CARTESIAN_POINT ( 'NONE',  ( 8.000000000000001776, 10.88474387751600325, 23.95436854990178688 ) ) ;
#4532 = VECTOR ( 'NONE', #3058, 1000.000000000000000 ) ;
#4533 = CARTESIAN_POINT ( 'NONE',  ( 8.000000000000001776, 0.000000000000000000, 0.000000000000000000 ) ) ;
#4534 = ORIENTED_EDGE ( 'NONE', *, *, #1654, .T. ) ;
#4535 = VERTEX_POINT ( 'NONE', #1535 ) ;
#4536 = ORIENTED_EDGE ( 'NONE', *, *, #3957, .F. ) ;
#4537 = CARTESIAN_POINT ( 'NONE',  ( 4.000000000000000888, 16.45993346534636714, 25.08127967860432861 ) ) ;
#4538 = LINE ( 'NONE', #2787, #759 ) ;
#4539 = ORIENTED_EDGE ( 'NONE', *, *, #3227, .F. ) ;
#4540 = CIRCLE ( 'NONE', #2826, 25.49899999999999167 ) ;
#4541 = EDGE_CURVE ( 'NONE', #2940, #2715, #3318, .T. ) ;
#4542 = CARTESIAN_POINT ( 'NONE',  ( 8.000000000000001776, -10.21971125872130415, 23.36143195072520840 ) ) ;
#4543 = AXIS2_PLACEMENT_3D ( 'NONE', #635, #4635, #1321 ) ;
#4544 = CARTESIAN_POINT ( 'NONE',  ( 0.000000000000000000, 0.000000000000000000, 0.000000000000000000 ) ) ;
#4545 = DIRECTION ( 'NONE',  ( 0.000000000000000000, 0.000000000000000000, 1.000000000000000000 ) ) ;
#4546 = AXIS2_PLACEMENT_3D ( 'NONE', #4282, #748, #2482 ) ;
#4547 = CARTESIAN_POINT ( 'NONE',  ( 8.000000000000001776, -29.73914963514682341, 3.947528211216050131 ) ) ;
#4548 = VECTOR ( 'NONE', #3653, 1000.000000000000000 ) ;
#4549 = ORIENTED_EDGE ( 'NONE', *, *, #2848, .F. ) ;
#4550 = DIRECTION ( 'NONE',  ( -1.000000000000000000, 0.000000000000000000, 0.000000000000000000 ) ) ;
#4551 = DIRECTION ( 'NONE',  ( 0.000000000000000000, 0.000000000000000000, 1.000000000000000000 ) ) ;
#4552 = VERTEX_POINT ( 'NONE', #159 ) ;
#4553 = DIRECTION ( 'NONE',  ( 0.000000000000000000, 0.000000000000000000, 1.000000000000000000 ) ) ;
#4554 = ORIENTED_EDGE ( 'NONE', *, *, #1755, .F. ) ;
#4555 = AXIS2_PLACEMENT_3D ( 'NONE', #4188, #2402, #3463 ) ;
#4556 = EDGE_CURVE ( 'NONE', #2160, #3737, #291, .T. ) ;
#4557 = DIRECTION ( 'NONE',  ( -1.000000000000000000, 0.000000000000000000, 0.000000000000000000 ) ) ;
#4558 = DIRECTION ( 'NONE',  ( 0.000000000000000000, -0.9009688679024142610, -0.4338837391175684455 ) ) ;
#4559 = AXIS2_PLACEMENT_3D ( 'NONE', #2798, #1009, #3510 ) ;
#4560 = VERTEX_POINT ( 'NONE', #4479 ) ;
#4561 = LINE ( 'NONE', #4288, #4473 ) ;
#4562 = CIRCLE ( 'NONE', #2248, 11.20000000000000107 ) ;
#4563 = DIRECTION ( 'NONE',  ( -1.000000000000000000, -0.000000000000000000, -0.000000000000000000 ) ) ;
#4564 = EDGE_CURVE ( 'NONE', #942, #461, #3599, .T. ) ;
#4565 = EDGE_LOOP ( 'NONE', ( #2879, #3913, #3232, #2217 ) ) ;
#4566 = AXIS2_PLACEMENT_3D ( 'NONE', #1702, #925, #1305 ) ;
#4567 = ORIENTED_EDGE ( 'NONE', *, *, #2024, .F. ) ;
#4568 = LINE ( 'NONE', #3504, #2173 ) ;
#4569 = CARTESIAN_POINT ( 'NONE',  ( 8.000000000000001776, 0.000000000000000000, 0.000000000000000000 ) ) ;
#4570 = EDGE_CURVE ( 'NONE', #242, #4617, #4067, .T. ) ;
#4571 = DIRECTION ( 'NONE',  ( -1.000000000000000000, 0.000000000000000000, 0.000000000000000000 ) ) ;
#4572 = DIRECTION ( 'NONE',  ( -1.000000000000000000, -0.000000000000000000, -0.000000000000000000 ) ) ;
#4573 = VERTEX_POINT ( 'NONE', #2375 ) ;
#4574 = AXIS2_PLACEMENT_3D ( 'NONE', #1100, #336, #1470 ) ;
#4575 = CARTESIAN_POINT ( 'NONE',  ( 8.000000000000001776, -5.281492161082465664, -25.77586589148986107 ) ) ;
#4576 = DIRECTION ( 'NONE',  ( 0.000000000000000000, 0.9009688679024172586, 0.4338837391175620062 ) ) ;
#4577 = CIRCLE ( 'NONE', #2117, 30.00000000000000000 ) ;
#4578 = CARTESIAN_POINT ( 'NONE',  ( 6.000000000000000000, 1.959434878635767942E-16, 6.399999999999997691 ) ) ;
#4579 = VERTEX_POINT ( 'NONE', #2424 ) ;
#4580 = CIRCLE ( 'NONE', #2495, 2.500000000000000000 ) ;
#4581 = DIRECTION ( 'NONE',  ( -1.000000000000000000, 0.000000000000000000, 0.000000000000000000 ) ) ;
#4582 = CARTESIAN_POINT ( 'NONE',  ( 8.000000000000001776, -20.20022636336494060, 16.85942694080857152 ) ) ;
#4583 = CIRCLE ( 'NONE', #4660, 11.19999999999999929 ) ;
#4584 = EDGE_CURVE ( 'NONE', #728, #2275, #365, .T. ) ;
#4585 = VERTEX_POINT ( 'NONE', #3508 ) ;
#4586 = EDGE_LOOP ( 'NONE', ( #213, #609, #2106, #3074 ) ) ;
#4587 = CARTESIAN_POINT ( 'NONE',  ( 8.000000000000001776, 19.34378712898091734, -16.61375636358833319 ) ) ;
#4588 = DIRECTION ( 'NONE',  ( 1.000000000000000000, 0.000000000000000000, 0.000000000000000000 ) ) ;
#4589 = ORIENTED_EDGE ( 'NONE', *, *, #1515, .F. ) ;
#4590 = ORIENTED_EDGE ( 'NONE', *, *, #1294, .T. ) ;
#4591 = EDGE_CURVE ( 'NONE', #3626, #2363, #3105, .T. ) ;
#4592 = DIRECTION ( 'NONE',  ( 0.000000000000000000, 0.000000000000000000, -1.000000000000000000 ) ) ;
#4593 = CARTESIAN_POINT ( 'NONE',  ( 8.000000000000001776, 0.000000000000000000, 0.000000000000000000 ) ) ;
#4594 = DIRECTION ( 'NONE',  ( -1.000000000000000000, 0.000000000000000000, 0.000000000000000000 ) ) ;
#4595 = CARTESIAN_POINT ( 'NONE',  ( 0.000000000000000000, 6.575522574292687494, 24.63658872236509723 ) ) ;
#4596 = EDGE_CURVE ( 'NONE', #3501, #4126, #2444, .T. ) ;
#4597 = VERTEX_POINT ( 'NONE', #4227 ) ;
#4598 = CARTESIAN_POINT ( 'NONE',  ( 8.000000000000001776, 26.30485368663590862, 0.5865956258983527905 ) ) ;
#4599 = CARTESIAN_POINT ( 'NONE',  ( 0.000000000000000000, -10.21971125872098085, -23.36143195072535050 ) ) ;
#4600 = DIRECTION ( 'NONE',  ( 0.000000000000000000, 0.000000000000000000, -1.000000000000000000 ) ) ;
#4601 = ORIENTED_EDGE ( 'NONE', *, *, #3090, .T. ) ;
#4602 = CYLINDRICAL_SURFACE ( 'NONE', #2680, 25.49899999999999523 ) ;
#4603 = ADVANCED_FACE ( 'NONE', ( #955 ), #4247, .T. ) ;
#4604 = CARTESIAN_POINT ( 'NONE',  ( 8.000000000000001776, -15.94218908519833633, -20.93169914448964875 ) ) ;
#4605 = DIRECTION ( 'NONE',  ( -1.000000000000000000, 0.000000000000000000, 0.000000000000000000 ) ) ;
#4606 = EDGE_LOOP ( 'NONE', ( #2318, #2246, #2550, #3289 ) ) ;
#4607 = ORIENTED_EDGE ( 'NONE', *, *, #33, .T. ) ;
#4608 = CARTESIAN_POINT ( 'NONE',  ( 8.000000000000001776, 0.5865956258978912707, 26.30485368663591927 ) ) ;
#4609 = CARTESIAN_POINT ( 'NONE',  ( 8.000000000000001776, -6.575522574292524958, -24.63658872236513631 ) ) ;
#4610 = ORIENTED_EDGE ( 'NONE', *, *, #2574, .T. ) ;
#4611 = ORIENTED_EDGE ( 'NONE', *, *, #2790, .T. ) ;
#4612 = VECTOR ( 'NONE', #1366, 1000.000000000000000 ) ;
#4613 = ADVANCED_FACE ( 'NONE', ( #3820 ), #2090, .T. ) ;
#4614 = CARTESIAN_POINT ( 'NONE',  ( 4.000000000000000000, -3.947528211215960869, -29.73914963514682697 ) ) ;
#4615 = DIRECTION ( 'NONE',  ( 0.000000000000000000, 0.000000000000000000, -1.000000000000000000 ) ) ;
#4616 = ORIENTED_EDGE ( 'NONE', *, *, #2946, .F. ) ;
#4617 = VERTEX_POINT ( 'NONE', #4595 ) ;
#4618 = AXIS2_PLACEMENT_3D ( 'NONE', #796, #3801, #114 ) ;
#4619 = CARTESIAN_POINT ( 'NONE',  ( 8.000000000000001776, -26.30485368663591572, -0.5865956258981671612 ) ) ;
#4620 = DIRECTION ( 'NONE',  ( -1.000000000000000000, 0.000000000000000000, 0.000000000000000000 ) ) ;
#4621 = AXIS2_PLACEMENT_3D ( 'NONE', #3768, #3788, #2660 ) ;
#4622 = EDGE_CURVE ( 'NONE', #1699, #1018, #3152, .T. ) ;
#4623 = CIRCLE ( 'NONE', #3642, 11.19999999999999929 ) ;
#4624 = CARTESIAN_POINT ( 'NONE',  ( 0.000000000000000000, 26.30485368663590862, 0.5865956258983527905 ) ) ;
#4625 = EDGE_LOOP ( 'NONE', ( #3710, #2113 ) ) ;
#4626 = CYLINDRICAL_SURFACE ( 'NONE', #2388, 11.19999999999999929 ) ;
#4627 = AXIS2_PLACEMENT_3D ( 'NONE', #4342, #1126, #4650 ) ;
#4628 = CYLINDRICAL_SURFACE ( 'NONE', #821, 11.19999999999999929 ) ;
#4629 = CARTESIAN_POINT ( 'NONE',  ( 8.000000000000001776, 25.04981177135282167, 4.765074104333884009 ) ) ;
#4630 = EDGE_CURVE ( 'NONE', #1590, #1667, #3995, .T. ) ;
#4631 = ORIENTED_EDGE ( 'NONE', *, *, #774, .T. ) ;
#4632 = VERTEX_POINT ( 'NONE', #1028 ) ;
#4633 = AXIS2_PLACEMENT_3D ( 'NONE', #4066, #2645, #1232 ) ;
#4634 = VERTEX_POINT ( 'NONE', #4547 ) ;
#4635 = DIRECTION ( 'NONE',  ( -1.000000000000000000, -0.000000000000000000, -0.000000000000000000 ) ) ;
#4636 = AXIS2_PLACEMENT_3D ( 'NONE', #13, #358, #2538 ) ;
#4637 = SURFACE_SIDE_STYLE ('',( #4241 ) ) ;
#4638 = DIRECTION ( 'NONE',  ( 0.000000000000000000, 0.000000000000000000, 1.000000000000000000 ) ) ;
#4639 = DIRECTION ( 'NONE',  ( 0.000000000000000000, 0.000000000000000000, -1.000000000000000000 ) ) ;
#4640 = EDGE_CURVE ( 'NONE', #3067, #2854, #595, .T. ) ;
#4641 = VERTEX_POINT ( 'NONE', #1733 ) ;
#4642 = AXIS2_PLACEMENT_3D ( 'NONE', #3817, #2086, #252 ) ;
#4643 = DIRECTION ( 'NONE',  ( 0.000000000000000000, -0.2225209339563216371, 0.9749279121818219540 ) ) ;
#4644 = DIRECTION ( 'NONE',  ( -1.000000000000000000, 0.000000000000000000, -0.000000000000000000 ) ) ;
#4645 = AXIS2_PLACEMENT_3D ( 'NONE', #3238, #2526, #2210 ) ;
#4646 = DIRECTION ( 'NONE',  ( 0.000000000000000000, 0.7818314824680268060, 0.6234898018587373691 ) ) ;
#4647 = ORIENTED_EDGE ( 'NONE', *, *, #1172, .F. ) ;
#4648 = VECTOR ( 'NONE', #2096, 1000.000000000000000 ) ;
#4649 = ADVANCED_FACE ( 'NONE', ( #3874 ), #598, .T. ) ;
#4650 = DIRECTION ( 'NONE',  ( 0.000000000000000000, -0.2225209339563015420, -0.9749279121818265059 ) ) ;
#4651 = AXIS2_PLACEMENT_3D ( 'NONE', #1435, #4302, #1149 ) ;
#4652 = CARTESIAN_POINT ( 'NONE',  ( 0.000000000000000000, 20.78975986434266687, -21.62835834692421244 ) ) ;
#4653 = VECTOR ( 'NONE', #2522, 1000.000000000000000 ) ;
#4654 = CARTESIAN_POINT ( 'NONE',  ( 4.000000000000000888, -29.73914963514681276, 3.947528211216053684 ) ) ;
#4655 = VERTEX_POINT ( 'NONE', #4527 ) ;
#4656 = ORIENTED_EDGE ( 'NONE', *, *, #3625, .T. ) ;
#4657 = ORIENTED_EDGE ( 'NONE', *, *, #4308, .T. ) ;
#4658 = ADVANCED_FACE ( 'NONE', ( #232 ), #3461, .T. ) ;
#4659 = DIRECTION ( 'NONE',  ( 0.000000000000000000, -0.7818314824680221431, -0.6234898018587431423 ) ) ;
#4660 = AXIS2_PLACEMENT_3D ( 'NONE', #4200, #4588, #3499 ) ;
#4661 = DIRECTION ( 'NONE',  ( -1.000000000000000000, 0.000000000000000000, 0.000000000000000000 ) ) ;
#4662 = ORIENTED_EDGE ( 'NONE', *, *, #243, .T. ) ;
#4663 = VECTOR ( 'NONE', #4661, 1000.000000000000000 ) ;
#4664 = DIRECTION ( 'NONE',  ( 0.000000000000000000, 0.000000000000000000, -1.000000000000000000 ) ) ;
#4665 = DIRECTION ( 'NONE',  ( -1.000000000000000000, 0.000000000000000000, 0.000000000000000000 ) ) ;
#4666 = CARTESIAN_POINT ( 'NONE',  ( 8.000000000000001776, 0.000000000000000000, 0.000000000000000000 ) ) ;
#4667 = DIRECTION ( 'NONE',  ( -1.000000000000000000, 0.000000000000000000, 0.000000000000000000 ) ) ;
#4668 = DIRECTION ( 'NONE',  ( -1.000000000000000000, 0.000000000000000000, 0.000000000000000000 ) ) ;
ENDSEC;
END-ISO-10303-21;
