ISO-10303-21;
HEADER;
FILE_DESCRIPTION (( 'STEP AP214' ),
    '1' );
FILE_NAME ('ARP-0008.STEP',
    '2026-09-03T08:50:08',
    ( '' ),
    ( '' ),
    'SwSTEP 2.0',
    'SolidWorks 2024',
    '' );
FILE_SCHEMA (( 'AUTOMOTIVE_DESIGN' ));
ENDSEC;

DATA;
#1 = LINE ( 'NONE', #8331, #8674 ) ;
#2 = DIRECTION ( 'NONE',  ( -1.000000000000000000, 0.000000000000000000, 0.000000000000000000 ) ) ;
#3 = EDGE_CURVE ( 'NONE', #4060, #6700, #7358, .T. ) ;
#4 = CARTESIAN_POINT ( 'NONE',  ( -58.78321495169578270, 10.63113418812139876, -3.000000000000000000 ) ) ;
#5 = CIRCLE ( 'NONE', #2783, 2.500000000000001776 ) ;
#6 = ORIENTED_EDGE ( 'NONE', *, *, #10410, .F. ) ;
#7 = CARTESIAN_POINT ( 'NONE',  ( -91.63587112389404865, -7.218468586842902823, -3.000000000000000000 ) ) ;
#8 = CARTESIAN_POINT ( 'NONE',  ( -4.351385440520329162, -50.84747089786795016, -3.000000000000000000 ) ) ;
#9 = VERTEX_POINT ( 'NONE', #4744 ) ;
#10 = LINE ( 'NONE', #10090, #6517 ) ;
#11 = AXIS2_PLACEMENT_3D ( 'NONE', #5900, #6616, #9247 ) ;
#12 = CARTESIAN_POINT ( 'NONE',  ( 85.38348876633547491, 5.354500977208408230, 32.50000000000000000 ) ) ;
#13 = CARTESIAN_POINT ( 'NONE',  ( -33.63194295253664734, 87.77751655883939463, -16.00000000000000000 ) ) ;
#14 = CARTESIAN_POINT ( 'NONE',  ( 91.37756621894718023, 4.731848676989272029, -3.000000000000000888 ) ) ;
#15 = CARTESIAN_POINT ( 'NONE',  ( -91.37756621894718023, 4.731848676989272917, 30.00000000000000355 ) ) ;
#16 = CARTESIAN_POINT ( 'NONE',  ( -34.77390060466381527, -83.01069712234058784, 14.00000000000000000 ) ) ;
#17 = VERTEX_POINT ( 'NONE', #6591 ) ;
#18 = FACE_OUTER_BOUND ( 'NONE', #9652, .T. ) ;
#19 = EDGE_LOOP ( 'NONE', ( #4134, #8304, #556, #9002 ) ) ;
#20 = CARTESIAN_POINT ( 'NONE',  ( -69.89206765410001765, 59.70207738771625827, 17.00000000000000000 ) ) ;
#21 = CIRCLE ( 'NONE', #743, 2.499999999999997335 ) ;
#22 = FACE_OUTER_BOUND ( 'NONE', #7061, .T. ) ;
#23 = ORIENTED_EDGE ( 'NONE', *, *, #2110, .F. ) ;
#24 = CARTESIAN_POINT ( 'NONE',  ( 50.67558984030147684, -32.43770297244490308, 17.00000000000000000 ) ) ;
#25 = CARTESIAN_POINT ( 'NONE',  ( 0.000000000000000000, 0.000000000000000000, -16.00000000000000000 ) ) ;
#26 = DIRECTION ( 'NONE',  ( -0.000000000000000000, 0.000000000000000000, 1.000000000000000000 ) ) ;
#27 = EDGE_CURVE ( 'NONE', #1626, #7075, #9931, .T. ) ;
#28 = ORIENTED_EDGE ( 'NONE', *, *, #7976, .F. ) ;
#29 = FACE_OUTER_BOUND ( 'NONE', #8270, .T. ) ;
#30 = AXIS2_PLACEMENT_3D ( 'NONE', #5917, #6731, #2502 ) ;
#31 = DIRECTION ( 'NONE',  ( -0.9140381853826250458, -0.4056281494946301636, 0.000000000000000000 ) ) ;
#32 = EDGE_CURVE ( 'NONE', #10034, #1621, #4040, .T. ) ;
#33 = DIRECTION ( 'NONE',  ( 0.000000000000000000, 0.000000000000000000, 1.000000000000000000 ) ) ;
#34 = DIRECTION ( 'NONE',  ( 0.8654182317380975098, 0.5010501812945534761, 0.000000000000000000 ) ) ;
#35 = ORIENTED_EDGE ( 'NONE', *, *, #6434, .T. ) ;
#36 = EDGE_LOOP ( 'NONE', ( #10542, #6370, #7153, #8397, #5381, #8467 ) ) ;
#37 = CIRCLE ( 'NONE', #6113, 2.500000000000002220 ) ;
#38 = CARTESIAN_POINT ( 'NONE',  ( -53.80544377083894858, -25.95113860327578337, -3.000000000000000000 ) ) ;
#39 = LINE ( 'NONE', #10726, #9550 ) ;
#40 = ORIENTED_EDGE ( 'NONE', *, *, #7441, .F. ) ;
#41 = CARTESIAN_POINT ( 'NONE',  ( 85.15503767025043658, 7.336893668135696878, -17.57491144068931632 ) ) ;
#42 = LINE ( 'NONE', #88, #10280 ) ;
#44 = DIRECTION ( 'NONE',  ( 1.000000000000000000, 0.000000000000000000, 0.000000000000000000 ) ) ;
#43 = CIRCLE ( 'NONE', #1936, 2.500000000000002220 ) ;
#45 = CARTESIAN_POINT ( 'NONE',  ( -23.12071129661322999, -86.97827067736996298, 32.50000000002179945 ) ) ;
#46 = VERTEX_POINT ( 'NONE', #10578 ) ;
#47 = EDGE_CURVE ( 'NONE', #8983, #7099, #4908, .T. ) ;
#48 = CARTESIAN_POINT ( 'NONE',  ( -71.14469310733642260, 57.53853180837098336, 14.00000000000000000 ) ) ;
#49 = DIRECTION ( 'NONE',  ( 0.000000000000000000, 0.000000000000000000, -1.000000000000000000 ) ) ;
#50 = DIRECTION ( 'NONE',  ( 0.000000000000000000, 0.000000000000000000, -1.000000000000000000 ) ) ;
#51 = ADVANCED_FACE ( 'NONE', ( #4793 ), #7094, .T. ) ;
#52 = ADVANCED_FACE ( 'NONE', ( #2290 ), #7302, .T. ) ;
#53 = CARTESIAN_POINT ( 'NONE',  ( 85.83440617534145645, -5.307351189430526972, -18.50000000000553513 ) ) ;
#54 = CARTESIAN_POINT ( 'NONE',  ( 31.54767028998751144, -67.92249956339094297, 20.72164368866988227 ) ) ;
#55 = ORIENTED_EDGE ( 'NONE', *, *, #640, .F. ) ;
#56 = DIRECTION ( 'NONE',  ( -0.000000000000000000, 0.000000000000000000, 1.000000000000000000 ) ) ;
#57 = EDGE_LOOP ( 'NONE', ( #477, #2360, #8048, #493 ) ) ;
#58 = AXIS2_PLACEMENT_3D ( 'NONE', #3128, #9886, #9779 ) ;
#59 = EDGE_CURVE ( 'NONE', #4972, #5832, #6581, .T. ) ;
#60 = CARTESIAN_POINT ( 'NONE',  ( 50.58155146232181920, -48.52189041690380122, -4.123581316524660423 ) ) ;
#61 = DIRECTION ( 'NONE',  ( -1.000000000000000000, 0.000000000000000000, 0.000000000000000000 ) ) ;
#62 = CARTESIAN_POINT ( 'NONE',  ( 33.62218900225258977, -77.62439143329798696, 30.15434426884885610 ) ) ;
#63 = DIRECTION ( 'NONE',  ( -0.000000000000000000, -0.000000000000000000, 1.000000000000000000 ) ) ;
#64 = DIRECTION ( 'NONE',  ( -1.000000000000000000, 0.000000000000000000, 0.000000000000000000 ) ) ;
#65 = CIRCLE ( 'NONE', #8766, 2.500000000000002220 ) ;
#66 = AXIS2_PLACEMENT_3D ( 'NONE', #3446, #9237, #3396 ) ;
#67 = ORIENTED_EDGE ( 'NONE', *, *, #307, .F. ) ;
#68 = CARTESIAN_POINT ( 'NONE',  ( -32.22720761368705666, 79.67281833646687517, 32.40430452063376521 ) ) ;
#69 = ORIENTED_EDGE ( 'NONE', *, *, #2883, .T. ) ;
#70 = B_SPLINE_SURFACE_WITH_KNOTS ( 'NONE', 2, 3, ( 
 ( #9590, #10678, #3208, #10565 ),
 ( #7289, #2219, #6407, #2114 ),
 ( #9692, #9752, #2991, #10626 ) ),
 .UNSPECIFIED., .F., .F., .F.,
 ( 3, 3 ),
 ( 4, 4 ),
 ( 0.000000000000000000, 1.000000000000000000 ),
 ( 1.059826351819263435, 1.453447771052571058 ),
 .UNSPECIFIED. ) ;
#71 = DIRECTION ( 'NONE',  ( -0.000000000000000000, -0.000000000000000000, 1.000000000000000000 ) ) ;
#72 = LINE ( 'NONE', #6657, #561 ) ;
#73 = ORIENTED_EDGE ( 'NONE', *, *, #5102, .T. ) ;
#74 = DIRECTION ( 'NONE',  ( -1.000000000000000000, 0.000000000000000000, 0.000000000000000000 ) ) ;
#75 = CARTESIAN_POINT ( 'NONE',  ( 73.20439052752236364, -44.11720363743923201, -17.57491144069419420 ) ) ;
#76 = CARTESIAN_POINT ( 'NONE',  ( -19.00742055848063217, -83.87322554732861590, -16.00000000000000000 ) ) ;
#77 = ORIENTED_EDGE ( 'NONE', *, *, #8015, .F. ) ;
#78 = CYLINDRICAL_SURFACE ( 'NONE', #2620, 2.500000000000002220 ) ;
#79 = PLANE ( 'NONE',  #112 ) ;
#80 = CYLINDRICAL_SURFACE ( 'NONE', #7651, 94.00000000000001421 ) ;
#81 = ORIENTED_EDGE ( 'NONE', *, *, #3853, .F. ) ;
#82 = EDGE_CURVE ( 'NONE', #9702, #10260, #8944, .T. ) ;
#83 = ORIENTED_EDGE ( 'NONE', *, *, #1922, .T. ) ;
#84 = CARTESIAN_POINT ( 'NONE',  ( -65.35283117363240990, -36.32311629501342765, -6.651639278715363979 ) ) ;
#85 = CARTESIAN_POINT ( 'NONE',  ( 0.000000000000000000, 0.000000000000000000, 16.99999999999998579 ) ) ;
#86 = ORIENTED_EDGE ( 'NONE', *, *, #9775, .F. ) ;
#87 = CARTESIAN_POINT ( 'NONE',  ( 85.07154246476814308, 7.441060428134558258, -17.44910535889161807 ) ) ;
#88 = CARTESIAN_POINT ( 'NONE',  ( 91.63587112389404865, -7.218468586842890389, -3.000000000000000000 ) ) ;
#89 = DIRECTION ( 'NONE',  ( -0.05171419319113981089, 0.9986619258901331397, 0.000000000000000000 ) ) ;
#90 = DIRECTION ( 'NONE',  ( 0.000000000000000000, 0.000000000000000000, -1.000000000000000000 ) ) ;
#91 = ORIENTED_EDGE ( 'NONE', *, *, #8170, .F. ) ;
#92 = EDGE_CURVE ( 'NONE', #2380, #6392, #151, .T. ) ;
#93 = CIRCLE ( 'NONE', #8446, 51.03332099679091982 ) ;
#94 = CARTESIAN_POINT ( 'NONE',  ( -73.16407312016869469, 43.73306294530956961, 31.18477683936907852 ) ) ;
#95 = AXIS2_PLACEMENT_3D ( 'NONE', #2865, #10393, #3626 ) ;
#96 = CARTESIAN_POINT ( 'NONE',  ( -41.30779598901207805, -43.15267505862443898, 17.00000000000000000 ) ) ;
#97 = CARTESIAN_POINT ( 'NONE',  ( 64.98385533071254372, -55.84004323797073965, -17.93353923880554035 ) ) ;
#98 = DIRECTION ( 'NONE',  ( 0.000000000000000000, -0.000000000000000000, -1.000000000000000000 ) ) ;
#99 = CARTESIAN_POINT ( 'NONE',  ( -76.70731484416437240, 49.88223981938102725, -16.00000000000000000 ) ) ;
#100 = DIRECTION ( 'NONE',  ( 1.000000000000000000, 0.000000000000000000, 0.000000000000000000 ) ) ;
#101 = VERTEX_POINT ( 'NONE', #5559 ) ;
#102 = EDGE_CURVE ( 'NONE', #4200, #10676, #6234, .T. ) ;
#103 = CIRCLE ( 'NONE', #4976, 90.00000000000001421 ) ;
#104 = PLANE ( 'NONE',  #7456 ) ;
#105 = LINE ( 'NONE', #8, #1464 ) ;
#106 = EDGE_CURVE ( 'NONE', #8941, #5832, #8503, .T. ) ;
#107 = ORIENTED_EDGE ( 'NONE', *, *, #5306, .F. ) ;
#108 = ADVANCED_FACE ( 'NONE', ( #4303 ), #881, .T. ) ;
#109 = CARTESIAN_POINT ( 'NONE',  ( 20.65978700115072542, -87.59665062699077964, -3.000000000000000000 ) ) ;
#110 = VECTOR ( 'NONE', #865, 1000.000000000000000 ) ;
#111 = DIRECTION ( 'NONE',  ( -1.000000000000000000, 0.000000000000000000, 0.000000000000000000 ) ) ;
#112 = AXIS2_PLACEMENT_3D ( 'NONE', #906, #1010, #8365 ) ;
#113 = CARTESIAN_POINT ( 'NONE',  ( 18.38349979345281326, -82.46723521067735874, -15.99988756943915647 ) ) ;
#114 = DIRECTION ( 'NONE',  ( 1.000000000000000000, 0.000000000000000000, 0.000000000000000000 ) ) ;
#115 = CARTESIAN_POINT ( 'NONE',  ( -86.04998649015004730, -1.773361342404217389, 32.49999999988744293 ) ) ;
#116 = ORIENTED_EDGE ( 'NONE', *, *, #10018, .F. ) ;
#117 = EDGE_CURVE ( 'NONE', #628, #10546, #2674, .T. ) ;
#118 = CARTESIAN_POINT ( 'NONE',  ( 0.000000000000000000, 0.000000000000000000, 32.50000000000000000 ) ) ;
#119 = ORIENTED_EDGE ( 'NONE', *, *, #1459, .F. ) ;
#120 = AXIS2_PLACEMENT_3D ( 'NONE', #7890, #10304, #1198 ) ;
#121 = CARTESIAN_POINT ( 'NONE',  ( -33.59844955424673429, 78.05269155928013447, 30.75820396230699316 ) ) ;
#122 = EDGE_LOOP ( 'NONE', ( #2343, #4103, #5743, #8624 ) ) ;
#123 = EDGE_CURVE ( 'NONE', #9427, #9140, #4143, .T. ) ;
#124 = CARTESIAN_POINT ( 'NONE',  ( -34.77390060466380106, -83.01069712234055942, 17.00000000000000000 ) ) ;
#125 = DIRECTION ( 'NONE',  ( -1.000000000000000000, 0.000000000000000000, 0.000000000000000000 ) ) ;
#126 = ORIENTED_EDGE ( 'NONE', *, *, #5385, .T. ) ;
#127 = CARTESIAN_POINT ( 'NONE',  ( -23.73696534790351720, -88.36745145172191940, 30.00000000000000355 ) ) ;
#128 = DIRECTION ( 'NONE',  ( 0.000000000000000000, 0.000000000000000000, -1.000000000000000000 ) ) ;
#129 = CARTESIAN_POINT ( 'NONE',  ( 71.14469310733643681, -57.53853180837095493, -18.50000000000000000 ) ) ;
#130 = AXIS2_PLACEMENT_3D ( 'NONE', #7602, #1730, #5210 ) ;
#131 = VERTEX_POINT ( 'NONE', #10032 ) ;
#132 = CARTESIAN_POINT ( 'NONE',  ( -22.37191700932972083, -55.94194604983202623, -3.000000000000002665 ) ) ;
#133 = LINE ( 'NONE', #7655, #10380 ) ;
#134 = AXIS2_PLACEMENT_3D ( 'NONE', #9494, #2020, #279 ) ;
#135 = CARTESIAN_POINT ( 'NONE',  ( 40.52922369190286389, 43.88485168617528132, -3.000000000000002665 ) ) ;
#136 = CIRCLE ( 'NONE', #8141, 2.500000000000001332 ) ;
#137 = VERTEX_POINT ( 'NONE', #8445 ) ;
#138 = VERTEX_POINT ( 'NONE', #10141 ) ;
#139 = CIRCLE ( 'NONE', #4323, 90.00000000000001421 ) ;
#140 = CARTESIAN_POINT ( 'NONE',  ( 91.37756621894718023, -4.731848676989291569, 32.50000000000000000 ) ) ;
#141 = SPHERICAL_SURFACE ( 'NONE', #9383, 2.500000000000000000 ) ;
#142 = AXIS2_PLACEMENT_3D ( 'NONE', #7118, #2871, #8872 ) ;
#143 = EDGE_LOOP ( 'NONE', ( #6813, #7012, #4279, #7800, #8732, #2018 ) ) ;
#144 = FACE_OUTER_BOUND ( 'NONE', #5721, .T. ) ;
#145 = CARTESIAN_POINT ( 'NONE',  ( -21.45186988444690712, 89.38152182545849200, 30.00000000000000355 ) ) ;
#146 = CARTESIAN_POINT ( 'NONE',  ( 76.70731484416434398, -49.88223981938107698, 14.00000000000000000 ) ) ;
#147 =( GEOMETRIC_REPRESENTATION_CONTEXT ( 3 ) GLOBAL_UNCERTAINTY_ASSIGNED_CONTEXT ( ( #3730 ) ) GLOBAL_UNIT_ASSIGNED_CONTEXT ( ( #5802, #2444, #7715 ) ) REPRESENTATION_CONTEXT ( 'NONE', 'WORKASPACE' ) );
#148 = CARTESIAN_POINT ( 'NONE',  ( 64.31915230579731713, 10.05607252856635547, -3.000000000000001776 ) ) ;
#149 = EDGE_LOOP ( 'NONE', ( #4042, #9748, #8143 ) ) ;
#150 = VECTOR ( 'NONE', #9879, 1000.000000000000114 ) ;
#151 = CIRCLE ( 'NONE', #8679, 91.50000000000001421 ) ;
#152 = FACE_OUTER_BOUND ( 'NONE', #6208, .T. ) ;
#153 = DIRECTION ( 'NONE',  ( 0.1033219619787455051, -0.9946479639414453899, 0.000000000000000000 ) ) ;
#154 = CARTESIAN_POINT ( 'NONE',  ( 68.20213817285895175, -58.72366089278034451, 17.00000000000000000 ) ) ;
#155 = DIRECTION ( 'NONE',  ( -1.000000000000000000, 0.000000000000000000, 0.000000000000000000 ) ) ;
#156 = DIRECTION ( 'NONE',  ( 0.000000000000000000, 1.000000000000000000, -5.551115123125777969E-15 ) ) ;
#157 = CARTESIAN_POINT ( 'NONE',  ( 58.78321495169267763, -10.63113418812172561, -3.000000000000000000 ) ) ;
#158 = ORIENTED_EDGE ( 'NONE', *, *, #10311, .T. ) ;
#159 = EDGE_CURVE ( 'NONE', #9670, #2264, #2232, .T. ) ;
#160 = VECTOR ( 'NONE', #5704, 999.9999999999998863 ) ;
#161 = VECTOR ( 'NONE', #6342, 1000.000000000000000 ) ;
#162 = FACE_OUTER_BOUND ( 'NONE', #7291, .T. ) ;
#163 = CARTESIAN_POINT ( 'NONE',  ( -52.54170275422328018, -56.89190718866046126, 17.00000000000000000 ) ) ;
#164 = ORIENTED_EDGE ( 'NONE', *, *, #8352, .T. ) ;
#165 = CARTESIAN_POINT ( 'NONE',  ( 55.07522531316107006, -51.12358750978751942, -6.869770528452765035 ) ) ;
#166 = VECTOR ( 'NONE', #5145, 1000.000000000000114 ) ;
#167 = CIRCLE ( 'NONE', #1573, 2.499999999999998668 ) ;
#168 = DIRECTION ( 'NONE',  ( -1.000000000000000000, 0.000000000000000000, -0.000000000000000000 ) ) ;
#169 = DIRECTION ( 'NONE',  ( -0.9986619258901330287, 0.05171419319113980395, 0.000000000000000000 ) ) ;
#170 = DIRECTION ( 'NONE',  ( -0.000000000000000000, -0.000000000000000000, -1.000000000000000000 ) ) ;
#171 = CARTESIAN_POINT ( 'NONE',  ( -19.33655326430409360, 83.25447830103567526, 31.57491144068834288 ) ) ;
#172 = FACE_OUTER_BOUND ( 'NONE', #8121, .T. ) ;
#173 = EDGE_CURVE ( 'NONE', #6201, #6196, #8853, .T. ) ;
#174 = ORIENTED_EDGE ( 'NONE', *, *, #7222, .T. ) ;
#175 = FACE_OUTER_BOUND ( 'NONE', #1206, .T. ) ;
#176 = ORIENTED_EDGE ( 'NONE', *, *, #2030, .T. ) ;
#177 = VECTOR ( 'NONE', #2087, 1000.000000000000000 ) ;
#178 = CYLINDRICAL_SURFACE ( 'NONE', #7538, 90.00000000000001421 ) ;
#179 = ORIENTED_EDGE ( 'NONE', *, *, #5893, .T. ) ;
#180 = LINE ( 'NONE', #9398, #8465 ) ;
#181 = EDGE_CURVE ( 'NONE', #4495, #5227, #6024, .T. ) ;
#182 = DIRECTION ( 'NONE',  ( 1.000000000000000000, 0.000000000000000000, 0.000000000000000000 ) ) ;
#183 = ORIENTED_EDGE ( 'NONE', *, *, #7574, .F. ) ;
#184 = CARTESIAN_POINT ( 'NONE',  ( 24.90434133078235135, -82.38639917066159057, -18.49999999998622968 ) ) ;
#185 = DIRECTION ( 'NONE',  ( -0.5010501812945500344, -0.8654182317380993972, 0.000000000000000000 ) ) ;
#186 = CARTESIAN_POINT ( 'NONE',  ( -91.37756621894718023, 4.731848676989293345, -18.50000000000000000 ) ) ;
#187 = EDGE_CURVE ( 'NONE', #8730, #9929, #4154, .T. ) ;
#188 = EDGE_CURVE ( 'NONE', #8594, #5592, #1693, .T. ) ;
#189 = ADVANCED_FACE ( 'NONE', ( #162 ), #104, .T. ) ;
#190 = ORIENTED_EDGE ( 'NONE', *, *, #3847, .T. ) ;
#191 = LINE ( 'NONE', #6822, #4878 ) ;
#192 = PLANE ( 'NONE',  #6184 ) ;
#193 = CARTESIAN_POINT ( 'NONE',  ( 66.64214824491834577, 55.51846396098645187, -18.50000000000000355 ) ) ;
#194 = ORIENTED_EDGE ( 'NONE', *, *, #5657, .F. ) ;
#195 = ADVANCED_FACE ( 'NONE', ( #3429 ), #2563, .T. ) ;
#196 = ORIENTED_EDGE ( 'NONE', *, *, #8588, .F. ) ;
#197 = CARTESIAN_POINT ( 'NONE',  ( -76.92514010090734189, -46.71747874677934220, -3.000000000000000000 ) ) ;
#198 = PRODUCT_CONTEXT ( 'NONE', #2145, 'mechanical' ) ;
#199 = AXIS2_PLACEMENT_3D ( 'NONE', #6087, #1959, #3650 ) ;
#200 = EDGE_CURVE ( 'NONE', #3952, #8448, #9222, .T. ) ;
#201 = ORIENTED_EDGE ( 'NONE', *, *, #374, .T. ) ;
#202 = DIRECTION ( 'NONE',  ( -0.2090980990620599222, 0.9778946696698130880, 0.000000000000000000 ) ) ;
#203 = CARTESIAN_POINT ( 'NONE',  ( 23.73696534790347812, -88.36745145172191940, 14.00000000000000000 ) ) ;
#204 = DIRECTION ( 'NONE',  ( 0.8654182317380988421, -0.5010501812945507005, 0.000000000000000000 ) ) ;
#205 = DIRECTION ( 'NONE',  ( 0.5010501812945508116, 0.8654182317380989531, -0.000000000000000000 ) ) ;
#206 = ORIENTED_EDGE ( 'NONE', *, *, #2452, .T. ) ;
#207 = CIRCLE ( 'NONE', #1779, 2.500000000000001332 ) ;
#208 = CARTESIAN_POINT ( 'NONE',  ( 71.72194674751905552, -60.76152034590681694, -16.00000000000000000 ) ) ;
#209 = CARTESIAN_POINT ( 'NONE',  ( 63.53196490959948761, -56.00338158116257858, -16.30701376012252624 ) ) ;
#210 = DIRECTION ( 'NONE',  ( -1.000000000000000000, 0.000000000000000000, 0.000000000000000000 ) ) ;
#211 = DIRECTION ( 'NONE',  ( 1.000000000000000000, 0.000000000000000000, 0.000000000000000000 ) ) ;
#212 = FACE_OUTER_BOUND ( 'NONE', #8999, .T. ) ;
#213 = EDGE_LOOP ( 'NONE', ( #2613, #9296, #7908, #8752 ) ) ;
#214 = AXIS2_PLACEMENT_3D ( 'NONE', #5344, #2023, #10320 ) ;
#215 = CARTESIAN_POINT ( 'NONE',  ( 0.000000000000000000, 0.000000000000000000, 17.00000000000000000 ) ) ;
#216 = CARTESIAN_POINT ( 'NONE',  ( 12.93165967081456458, -5.738759349502538853, -16.00000000000000000 ) ) ;
#217 = ORIENTED_EDGE ( 'NONE', *, *, #779, .F. ) ;
#218 = LINE ( 'NONE', #3332, #2172 ) ;
#219 = ADVANCED_FACE ( 'NONE', ( #7522 ), #3463, .T. ) ;
#220 = FACE_OUTER_BOUND ( 'NONE', #9373, .T. ) ;
#221 = CARTESIAN_POINT ( 'NONE',  ( 0.000000000000000000, 0.000000000000000000, 32.50000000000000000 ) ) ;
#222 = CARTESIAN_POINT ( 'NONE',  ( -57.06050259239647460, -52.27300117384110223, 22.29373426499437372 ) ) ;
#223 = CARTESIAN_POINT ( 'NONE',  ( 63.34571104242474604, 55.91169000873711070, -15.99987001606812598 ) ) ;
#224 = CARTESIAN_POINT ( 'NONE',  ( -91.37756621894718023, -4.731848676989286240, -16.00000000000000000 ) ) ;
#225 = ORIENTED_EDGE ( 'NONE', *, *, #4062, .T. ) ;
#226 = ORIENTED_EDGE ( 'NONE', *, *, #5827, .T. ) ;
#227 = CARTESIAN_POINT ( 'NONE',  ( 58.34773430101150637, 63.17865068152823937, 32.50000000000000000 ) ) ;
#228 = EDGE_LOOP ( 'NONE', ( #8010, #4723, #1070, #4531, #1439, #7002 ) ) ;
#229 = CARTESIAN_POINT ( 'NONE',  ( 33.29364967278642240, 76.08796801791649500, 27.81128689715023228 ) ) ;
#230 = CARTESIAN_POINT ( 'NONE',  ( 0.000000000000000000, 0.000000000000000000, 14.00000000000000000 ) ) ;
#231 = CARTESIAN_POINT ( 'NONE',  ( 47.01416648434901191, -19.85114610654549239, 16.99999999999998579 ) ) ;
#232 = VERTEX_POINT ( 'NONE', #3380 ) ;
#233 = CARTESIAN_POINT ( 'NONE',  ( -84.61501281864117630, 7.834416237467438648, -16.75820396230597709 ) ) ;
#234 = B_SPLINE_CURVE_WITH_KNOTS ( 'NONE', 3,
 ( #9404, #8887, #1361, #4685, #9700, #3611, #2851, #2227, #5555, #1161, #4740, #7702 ),
 .UNSPECIFIED., .F., .F.,
 ( 4, 1, 1, 1, 2, 2, 1, 4 ),
 ( 0.08354533723688477298, 0.3126590029276686833, 0.4272158357730607148, 0.4844942521957562032, 0.4988138563014296034, 0.5131334604071029482, 0.5417726686184506368, 1.000000000000000000 ),
 .UNSPECIFIED. ) ;
#235 = CARTESIAN_POINT ( 'NONE',  ( -35.18221305882457273, 84.92026289206619083, -3.000000000000000000 ) ) ;
#236 = DIRECTION ( 'NONE',  ( 0.9946479639414453899, -0.1033219619787455329, 0.000000000000000000 ) ) ;
#237 = ORIENTED_EDGE ( 'NONE', *, *, #9709, .F. ) ;
#238 = CARTESIAN_POINT ( 'NONE',  ( 0.000000000000000000, 0.000000000000000000, 14.00000000000000000 ) ) ;
#239 = ADVANCED_FACE ( 'NONE', ( #5870 ), #1798, .T. ) ;
#240 = FACE_OUTER_BOUND ( 'NONE', #814, .T. ) ;
#241 = AXIS2_PLACEMENT_3D ( 'NONE', #5489, #2277, #6297 ) ;
#242 = CARTESIAN_POINT ( 'NONE',  ( 0.000000000000000000, 0.000000000000000000, 14.00000000000000000 ) ) ;
#243 = VERTEX_POINT ( 'NONE', #3486 ) ;
#244 = EDGE_CURVE ( 'NONE', #969, #9587, #2935, .T. ) ;
#245 = ADVANCED_FACE ( 'NONE', ( #4361 ), #7677, .F. ) ;
#246 = ORIENTED_EDGE ( 'NONE', *, *, #981, .F. ) ;
#247 = LINE ( 'NONE', #1780, #651 ) ;
#248 = DIRECTION ( 'NONE',  ( 0.000000000000000000, 0.000000000000000000, 1.000000000000000000 ) ) ;
#249 = ORIENTED_EDGE ( 'NONE', *, *, #3256, .T. ) ;
#250 = ORIENTED_EDGE ( 'NONE', *, *, #8499, .T. ) ;
#251 = CARTESIAN_POINT ( 'NONE',  ( 84.89573712075488743, 7.624741284652928996, -17.18342693136328592 ) ) ;
#252 = EDGE_CURVE ( 'NONE', #8271, #8594, #9037, .T. ) ;
#253 = CARTESIAN_POINT ( 'NONE',  ( -58.58369935574949494, -11.68111083677651330, 17.00000000000000000 ) ) ;
#254 = DIRECTION ( 'NONE',  ( -1.000000000000000000, 0.000000000000000000, 0.000000000000000000 ) ) ;
#255 = ORIENTED_EDGE ( 'NONE', *, *, #3969, .T. ) ;
#256 = EDGE_CURVE ( 'NONE', #7122, #5567, #6248, .T. ) ;
#257 = DIRECTION ( 'NONE',  ( 0.8654182317380993972, -0.5010501812945499234, 0.000000000000000000 ) ) ;
#258 = CARTESIAN_POINT ( 'NONE',  ( 0.000000000000000000, 0.000000000000000000, -3.000000000000000000 ) ) ;
#259 = DIRECTION ( 'NONE',  ( -0.000000000000000000, -0.000000000000000000, 1.000000000000000000 ) ) ;
#260 = CARTESIAN_POINT ( 'NONE',  ( -76.88821548779692705, 8.750424384420114166, -8.293734265008300355 ) ) ;
#261 = ORIENTED_EDGE ( 'NONE', *, *, #10523, .T. ) ;
#262 = CARTESIAN_POINT ( 'NONE',  ( 33.63194295253664023, -87.77751655883940884, 14.00000000000000000 ) ) ;
#263 = CIRCLE ( 'NONE', #1670, 2.500000000000002220 ) ;
#264 = DIRECTION ( 'NONE',  ( -0.000000000000000000, -0.000000000000000000, 1.000000000000000000 ) ) ;
#265 = ORIENTED_EDGE ( 'NONE', *, *, #6910, .T. ) ;
#266 = DIRECTION ( 'NONE',  ( -1.000000000000000000, 0.000000000000000000, 0.000000000000000000 ) ) ;
#267 = LINE ( 'NONE', #8610, #10647 ) ;
#268 = CARTESIAN_POINT ( 'NONE',  ( 32.73747638465007270, 85.44300813972130015, 14.00000000000000000 ) ) ;
#269 = CARTESIAN_POINT ( 'NONE',  ( -31.52135897364387418, 67.79944872687065072, 20.65163927646360875 ) ) ;
#270 = CARTESIAN_POINT ( 'NONE',  ( -79.20731484416432977, 49.88223981938109119, 17.00000000000000000 ) ) ;
#271 = CARTESIAN_POINT ( 'NONE',  ( 74.60648402991192540, -8.987445903071883180, -6.869770528458943204 ) ) ;
#272 = AXIS2_PLACEMENT_3D ( 'NONE', #2537, #9901, #2437 ) ;
#273 = ORIENTED_EDGE ( 'NONE', *, *, #2217, .F. ) ;
#274 = LINE ( 'NONE', #7076, #1564 ) ;
#275 = EDGE_LOOP ( 'NONE', ( #3392, #673, #2847, #9602, #2690, #3397 ) ) ;
#276 = CARTESIAN_POINT ( 'NONE',  ( -32.08191338405775639, -70.42100852326503002, -8.293734264998803951 ) ) ;
#277 = ORIENTED_EDGE ( 'NONE', *, *, #5047, .T. ) ;
#278 = DIRECTION ( 'NONE',  ( -0.2090980990620607549, -0.9778946696698130880, 0.000000000000000000 ) ) ;
#279 = DIRECTION ( 'NONE',  ( 1.000000000000000000, 0.000000000000000000, 0.000000000000000000 ) ) ;
#280 = AXIS2_PLACEMENT_3D ( 'NONE', #1484, #10696, #4800 ) ;
#281 = CARTESIAN_POINT ( 'NONE',  ( 33.53311427736262118, 78.27104868756795497, 31.04213425600483589 ) ) ;
#282 = ORIENTED_EDGE ( 'NONE', *, *, #1776, .T. ) ;
#283 = DIRECTION ( 'NONE',  ( 0.7439559807600383268, 0.6682286275604850667, -0.000000000000000000 ) ) ;
#284 = CARTESIAN_POINT ( 'NONE',  ( -61.81158078038775727, 33.14233013114868243, -4.133895840722871640 ) ) ;
#285 = DIRECTION ( 'NONE',  ( -0.000000000000000000, -0.000000000000000000, 1.000000000000000000 ) ) ;
#286 = ADVANCED_FACE ( 'NONE', ( #4515 ), #580, .T. ) ;
#287 = EDGE_LOOP ( 'NONE', ( #593, #174, #5271 ) ) ;
#288 = EDGE_CURVE ( 'NONE', #9287, #5400, #2059, .T. ) ;
#289 = CARTESIAN_POINT ( 'NONE',  ( 0.000000000000000000, 0.000000000000000000, 17.00000000000000000 ) ) ;
#290 = LINE ( 'NONE', #4227, #2549 ) ;
#291 = CARTESIAN_POINT ( 'NONE',  ( 0.000000000000000000, 0.000000000000000000, -3.000000000000000000 ) ) ;
#292 = ORIENTED_EDGE ( 'NONE', *, *, #7826, .T. ) ;
#293 = AXIS2_PLACEMENT_3D ( 'NONE', #3468, #9142, #8481 ) ;
#294 = ORIENTED_EDGE ( 'NONE', *, *, #449, .T. ) ;
#295 = CARTESIAN_POINT ( 'NONE',  ( 72.82739479357587697, 43.03682500223369090, -16.15434426885005337 ) ) ;
#296 = VERTEX_POINT ( 'NONE', #10460 ) ;
#297 = B_SPLINE_CURVE_WITH_KNOTS ( 'NONE', 3,
 ( #9818, #2345, #9001, #1599, #1538, #4855, #8183, #5720, #9062, #7955, #3821, #2181 ),
 .UNSPECIFIED., .F., .F.,
 ( 4, 1, 2, 2, 1, 1, 1, 4 ),
 ( 0.000000000000000000, 0.4584319647103586304, 0.4870839625047562738, 0.5014099614019554840, 0.5157359602991545833, 0.5730399558879507582, 0.6876479470655431081, 0.9168639294207280299 ),
 .UNSPECIFIED. ) ;
#298 = VECTOR ( 'NONE', #7904, 1000.000000000000000 ) ;
#299 = EDGE_CURVE ( 'NONE', #9798, #4536, #7984, .T. ) ;
#300 = ORIENTED_EDGE ( 'NONE', *, *, #3975, .T. ) ;
#301 = EDGE_CURVE ( 'NONE', #3167, #10407, #7835, .T. ) ;
#302 = PLANE ( 'NONE',  #7526 ) ;
#303 = AXIS2_PLACEMENT_3D ( 'NONE', #6636, #6472, #2341 ) ;
#304 = CARTESIAN_POINT ( 'NONE',  ( -76.70731484416432977, 49.88223981938109119, 14.00000000000000000 ) ) ;
#305 = CARTESIAN_POINT ( 'NONE',  ( 0.000000000000000000, 0.000000000000000000, -3.000000000000000000 ) ) ;
#306 = ORIENTED_EDGE ( 'NONE', *, *, #1714, .F. ) ;
#307 = EDGE_CURVE ( 'NONE', #3499, #5242, #3292, .T. ) ;
#308 = EDGE_CURVE ( 'NONE', #8821, #5809, #6057, .T. ) ;
#309 = CIRCLE ( 'NONE', #9029, 90.00000000000001421 ) ;
#310 = CARTESIAN_POINT ( 'NONE',  ( 64.67677128996257352, 56.68258335243613999, -16.00000000000000000 ) ) ;
#311 = CARTESIAN_POINT ( 'NONE',  ( -16.27982722542986238, -3.481030249449610814, -0.000000000000000000 ) ) ;
#312 = PLANE ( 'NONE',  #3805 ) ;
#313 = CARTESIAN_POINT ( 'NONE',  ( -63.52532897709771476, 56.01596558356733624, 30.30948754351483743 ) ) ;
#314 = ADVANCED_FACE ( 'NONE', ( #369 ), #2990, .F. ) ;
#315 = ORIENTED_EDGE ( 'NONE', *, *, #5585, .T. ) ;
#316 = AXIS2_PLACEMENT_3D ( 'NONE', #6035, #1096, #5333 ) ;
#317 = ADVANCED_FACE ( 'NONE', ( #2874 ), #8716, .T. ) ;
#318 = DIRECTION ( 'NONE',  ( 0.000000000000000000, 0.000000000000000000, 1.000000000000000000 ) ) ;
#319 = AXIS2_PLACEMENT_3D ( 'NONE', #9295, #6612, #8302 ) ;
#320 = LINE ( 'NONE', #6186, #1811 ) ;
#321 = VERTEX_POINT ( 'NONE', #421 ) ;
#322 = CARTESIAN_POINT ( 'NONE',  ( 84.31842917861412445, 7.978616593669109136, -16.30948754351199170 ) ) ;
#323 = EDGE_CURVE ( 'NONE', #5775, #2380, #4444, .T. ) ;
#324 = AXIS2_PLACEMENT_3D ( 'NONE', #9635, #7119, #6398 ) ;
#325 = DIRECTION ( 'NONE',  ( 0.000000000000000000, 1.000000000000000000, 0.000000000000000000 ) ) ;
#326 = DIRECTION ( 'NONE',  ( -0.000000000000000000, -0.000000000000000000, -1.000000000000000000 ) ) ;
#327 = CARTESIAN_POINT ( 'NONE',  ( 33.63194295253673261, -87.77751655883935200, 14.00000000000000000 ) ) ;
#328 = LINE ( 'NONE', #9539, #7796 ) ;
#329 = CARTESIAN_POINT ( 'NONE',  ( -68.20213817285898017, -58.72366089278028767, 17.00000000000000000 ) ) ;
#330 = AXIS2_PLACEMENT_3D ( 'NONE', #9426, #8497, #7007 ) ;
#331 = ORIENTED_EDGE ( 'NONE', *, *, #6510, .T. ) ;
#332 = CYLINDRICAL_SURFACE ( 'NONE', #4859, 51.03332099679091982 ) ;
#333 = VERTEX_POINT ( 'NONE', #8605 ) ;
#334 = CARTESIAN_POINT ( 'NONE',  ( 66.09143193708776209, 41.62464035805498952, 16.99999999994898658 ) ) ;
#335 = VERTEX_POINT ( 'NONE', #5436 ) ;
#336 = CARTESIAN_POINT ( 'NONE',  ( -69.89206765410001765, -59.70207738771625827, -3.000000000000000000 ) ) ;
#337 = AXIS2_PLACEMENT_3D ( 'NONE', #1671, #10009, #10061 ) ;
#338 = DIRECTION ( 'NONE',  ( -0.7775376295883760225, -0.6288364132062405076, 0.000000000000000000 ) ) ;
#339 = AXIS2_PLACEMENT_3D ( 'NONE', #4932, #4771, #4718 ) ;
#340 = CARTESIAN_POINT ( 'NONE',  ( -73.08853718130737320, 59.11062284138658640, -3.000000000000000000 ) ) ;
#341 = VERTEX_POINT ( 'NONE', #1190 ) ;
#342 = DIRECTION ( 'NONE',  ( -1.000000000000000000, 0.000000000000000000, 0.000000000000000000 ) ) ;
#343 = CARTESIAN_POINT ( 'NONE',  ( -72.75007835267010137, 42.96768886925981690, -15.99987001606351811 ) ) ;
#344 = PLANE ( 'NONE',  #7973 ) ;
#345 = AXIS2_PLACEMENT_3D ( 'NONE', #1609, #3286, #6602 ) ;
#346 = ORIENTED_EDGE ( 'NONE', *, *, #5887, .F. ) ;
#347 = CARTESIAN_POINT ( 'NONE',  ( 61.81158078034501102, -33.14233013111029891, -4.133895840732711768 ) ) ;
#348 = DIRECTION ( 'NONE',  ( 0.2090980990620599778, -0.9778946696698130880, 0.000000000000000000 ) ) ;
#349 = CARTESIAN_POINT ( 'NONE',  ( -55.63700779805223817, 51.44884205791218790, -7.245558843466183063 ) ) ;
#350 = B_SPLINE_CURVE_WITH_KNOTS ( 'NONE', 3,
 ( #1900, #5116, #3582, #3690, #6847, #9272, #977, #6078, #7674, #2671, #1951, #1033, #1796, #4299 ),
 .UNSPECIFIED., .F., .F.,
 ( 4, 2, 2, 2, 2, 2, 4 ),
 ( 0.000000000000000000, 0.001101176268178472853, 0.001651764402267696377, 0.002202352536356920118, 0.002752940670446144076, 0.003303528804535367600, 0.004404705072713837634 ),
 .UNSPECIFIED. ) ;
#351 = ORIENTED_EDGE ( 'NONE', *, *, #1518, .F. ) ;
#352 = CIRCLE ( 'NONE', #1754, 90.00000000000001421 ) ;
#353 = VERTEX_POINT ( 'NONE', #8764 ) ;
#354 = EDGE_CURVE ( 'NONE', #7212, #1089, #1488, .T. ) ;
#355 = LINE ( 'NONE', #1939, #3433 ) ;
#356 = ORIENTED_EDGE ( 'NONE', *, *, #82, .F. ) ;
#357 = EDGE_LOOP ( 'NONE', ( #1390, #9771, #10600, #10005, #1810 ) ) ;
#358 = DIRECTION ( 'NONE',  ( -0.8654182317380996192, 0.5010501812945494793, 0.000000000000000000 ) ) ;
#359 = CARTESIAN_POINT ( 'NONE',  ( -8.054202958859580264, -59.19136076222410736, -3.000000000000000000 ) ) ;
#360 = CARTESIAN_POINT ( 'NONE',  ( 84.51613619870471439, 7.887322993632232659, 30.60853953549645112 ) ) ;
#361 = ORIENTED_EDGE ( 'NONE', *, *, #8381, .F. ) ;
#362 = B_SPLINE_CURVE_WITH_KNOTS ( 'NONE', 3,
 ( #3371, #1790, #3264, #6582, #10023, #9922, #2453, #7561, #5763, #94, #10078, #9102, #1637, #2614, #4950, #4135 ),
 .UNSPECIFIED., .F., .F.,
 ( 4, 2, 2, 2, 2, 2, 2, 4 ),
 ( 0.000000000000000000, 0.0005514947311280476733, 0.001102989462256095347, 0.002205978924512208908, 0.002757473655640258967, 0.003308968386768301653, 0.003860463117896344339, 0.004411957849024387458 ),
 .UNSPECIFIED. ) ;
#363 = CARTESIAN_POINT ( 'NONE',  ( -32.66103395357040995, 79.37452245813558704, -18.20313577063826571 ) ) ;
#364 = LINE ( 'NONE', #9583, #840 ) ;
#365 = CARTESIAN_POINT ( 'NONE',  ( -20.65978700115068278, -87.59665062699080806, -3.000000000000000000 ) ) ;
#366 = CARTESIAN_POINT ( 'NONE',  ( -80.19138544276596292, 8.407297958921551739, -10.91900855183927632 ) ) ;
#367 = ORIENTED_EDGE ( 'NONE', *, *, #6569, .F. ) ;
#369 = FACE_OUTER_BOUND ( 'NONE', #742, .T. ) ;
#368 = AXIS2_PLACEMENT_3D ( 'NONE', #7889, #5178, #6190 ) ;
#370 = EDGE_CURVE ( 'NONE', #8271, #7427, #263, .T. ) ;
#371 = CARTESIAN_POINT ( 'NONE',  ( 66.32191054004216824, 54.74593539650752660, 32.50000000002266631 ) ) ;
#372 = ORIENTED_EDGE ( 'NONE', *, *, #8609, .T. ) ;
#373 = DIRECTION ( 'NONE',  ( 1.000000000000000000, 0.000000000000000000, 0.000000000000000000 ) ) ;
#374 = EDGE_CURVE ( 'NONE', #3205, #6700, #10297, .T. ) ;
#375 = EDGE_CURVE ( 'NONE', #1600, #1071, #9025, .T. ) ;
#376 = CARTESIAN_POINT ( 'NONE',  ( 11.12455864745020584, -12.38525498271514280, -3.000000000000000000 ) ) ;
#377 = CARTESIAN_POINT ( 'NONE',  ( -21.47669927728879813, 83.27343302803780034, -18.50000000001652367 ) ) ;
#378 = DIRECTION ( 'NONE',  ( -0.4056281494946325505, 0.9140381853826239356, 0.000000000000000000 ) ) ;
#379 = CARTESIAN_POINT ( 'NONE',  ( -35.18221305882455852, -84.92026289206616241, 30.00000000000000355 ) ) ;
#380 = VECTOR ( 'NONE', #3239, 1000.000000000000000 ) ;
#381 = CARTESIAN_POINT ( 'NONE',  ( -78.37788641306559612, 48.02234986748094059, -3.000000000000000000 ) ) ;
#382 = EDGE_LOOP ( 'NONE', ( #4343, #2395, #5958, #77 ) ) ;
#383 = CARTESIAN_POINT ( 'NONE',  ( 33.40773828059418094, 38.57878788838270623, 14.00000000000000000 ) ) ;
#384 = VERTEX_POINT ( 'NONE', #1522 ) ;
#385 = EDGE_CURVE ( 'NONE', #3218, #8462, #4217, .T. ) ;
#386 = DIRECTION ( 'NONE',  ( -0.000000000000000000, 0.000000000000000000, 1.000000000000000000 ) ) ;
#387 = ORIENTED_EDGE ( 'NONE', *, *, #10095, .T. ) ;
#388 = CARTESIAN_POINT ( 'NONE',  ( 60.11725487732233120, -3.989945425919751543, -3.000000000000002665 ) ) ;
#389 = FACE_OUTER_BOUND ( 'NONE', #8837, .T. ) ;
#390 = ADVANCED_FACE ( 'NONE', ( #2391 ), #10510, .T. ) ;
#391 = CARTESIAN_POINT ( 'NONE',  ( 19.34163871806758905, 83.25623566392897601, 31.57978544521235875 ) ) ;
#392 = DIRECTION ( 'NONE',  ( -1.000000000000000000, -1.040834085586083271E-15, 0.000000000000000000 ) ) ;
#393 = ORIENTED_EDGE ( 'NONE', *, *, #6859, .T. ) ;
#394 = CARTESIAN_POINT ( 'NONE',  ( -49.70347058474200708, -11.57431915030804070, 14.00000000000000000 ) ) ;
#395 = CARTESIAN_POINT ( 'NONE',  ( 33.86990655404246553, 87.67276471021075679, -16.25622877994091908 ) ) ;
#396 = ORIENTED_EDGE ( 'NONE', *, *, #6189, .T. ) ;
#397 = FACE_OUTER_BOUND ( 'NONE', #287, .T. ) ;
#398 = CARTESIAN_POINT ( 'NONE',  ( -76.70731484416432977, -49.88223981938108409, -16.00000000000000000 ) ) ;
#399 = CARTESIAN_POINT ( 'NONE',  ( -46.10263849871773800, 45.92873941763588164, -3.000000000000000888 ) ) ;
#400 = CARTESIAN_POINT ( 'NONE',  ( 0.000000000000000000, 0.000000000000000000, 17.00000000000000000 ) ) ;
#401 = ORIENTED_EDGE ( 'NONE', *, *, #1452, .T. ) ;
#402 = AXIS2_PLACEMENT_3D ( 'NONE', #4424, #7739, #3110 ) ;
#403 = ORIENTED_EDGE ( 'NONE', *, *, #829, .T. ) ;
#404 = DIRECTION ( 'NONE',  ( 1.000000000000000000, 0.000000000000000000, 2.775557561562892929E-15 ) ) ;
#405 = CARTESIAN_POINT ( 'NONE',  ( 28.27582184931687337, -52.62095849510212275, -3.000000000000000000 ) ) ;
#406 = ORIENTED_EDGE ( 'NONE', *, *, #6132, .T. ) ;
#407 = AXIS2_PLACEMENT_3D ( 'NONE', #9263, #4081, #5808 ) ;
#408 = ORIENTED_EDGE ( 'NONE', *, *, #6083, .F. ) ;
#409 = CARTESIAN_POINT ( 'NONE',  ( -47.01416648434900480, -19.85114610654549594, -3.000000000000000000 ) ) ;
#410 = VECTOR ( 'NONE', #7728, 1000.000000000000000 ) ;
#411 = CARTESIAN_POINT ( 'NONE',  ( -73.64966956456746061, -47.13583255659593618, -18.50000000000000000 ) ) ;
#412 = ADVANCED_FACE ( 'NONE', ( #8218 ), #757, .T. ) ;
#413 = PLANE ( 'NONE',  #2177 ) ;
#414 = ORIENTED_EDGE ( 'NONE', *, *, #7684, .F. ) ;
#415 = CARTESIAN_POINT ( 'NONE',  ( 93.87422103367252646, -4.861134159967144264, 14.00000000000000000 ) ) ;
#416 = FACE_OUTER_BOUND ( 'NONE', #9181, .T. ) ;
#417 = CARTESIAN_POINT ( 'NONE',  ( -78.37788641306556769, 48.02234986748091217, -3.000000000000000000 ) ) ;
#418 = CARTESIAN_POINT ( 'NONE',  ( 78.37788641306556769, -48.02234986748099033, 17.00000000000000000 ) ) ;
#419 = ORIENTED_EDGE ( 'NONE', *, *, #8434, .T. ) ;
#420 = EDGE_CURVE ( 'NONE', #4896, #1566, #93, .T. ) ;
#421 = CARTESIAN_POINT ( 'NONE',  ( 34.77390060466390764, -83.01069712234055942, 14.00000000000000000 ) ) ;
#422 = CARTESIAN_POINT ( 'NONE',  ( 0.000000000000000000, 0.000000000000000000, 17.00000000000000000 ) ) ;
#423 = ORIENTED_EDGE ( 'NONE', *, *, #6896, .F. ) ;
#424 = ORIENTED_EDGE ( 'NONE', *, *, #4175, .T. ) ;
#425 = DIRECTION ( 'NONE',  ( -1.000000000000000000, 0.000000000000000000, 0.000000000000000000 ) ) ;
#426 = CYLINDRICAL_SURFACE ( 'NONE', #1765, 2.500000000000000888 ) ;
#427 = CARTESIAN_POINT ( 'NONE',  ( 65.49230150119696248, 36.44838992407759548, 20.75628178947860292 ) ) ;
#428 = VECTOR ( 'NONE', #6644, 1000.000000000000000 ) ;
#429 = DIRECTION ( 'NONE',  ( -0.2090980990620599778, -0.9778946696698130880, 0.000000000000000000 ) ) ;
#430 = CARTESIAN_POINT ( 'NONE',  ( -68.20213817285898017, -58.72366089278028767, 17.00000000000000000 ) ) ;
#431 = ADVANCED_FACE ( 'NONE', ( #3039 ), #6344, .F. ) ;
#432 = CARTESIAN_POINT ( 'NONE',  ( -70.34369812068661076, 32.38956261794871949, 16.99999999999999645 ) ) ;
#433 = ORIENTED_EDGE ( 'NONE', *, *, #2233, .F. ) ;
#434 = AXIS2_PLACEMENT_3D ( 'NONE', #5371, #7720, #254 ) ;
#435 = ADVANCED_FACE ( 'NONE', ( #5487 ), #5546, .T. ) ;
#436 = LINE ( 'NONE', #1205, #5912 ) ;
#437 = EDGE_CURVE ( 'NONE', #4060, #2127, #3743, .T. ) ;
#438 = ORIENTED_EDGE ( 'NONE', *, *, #8420, .T. ) ;
#439 = CARTESIAN_POINT ( 'NONE',  ( 54.26119305240509760, 24.98441732591590991, 17.00000000000000000 ) ) ;
#440 = ORIENTED_EDGE ( 'NONE', *, *, #8630, .T. ) ;
#441 = DIRECTION ( 'NONE',  ( -0.2090980990620607272, -0.9778946696698129770, 0.000000000000000000 ) ) ;
#442 = CARTESIAN_POINT ( 'NONE',  ( -33.23901713124232060, -75.83246655039414463, 21.33333348563630949 ) ) ;
#443 = CARTESIAN_POINT ( 'NONE',  ( 24.11196022906604952, 82.71164585161669436, -18.49999999999563727 ) ) ;
#444 = VECTOR ( 'NONE', #2894, 1000.000000000000000 ) ;
#445 = DIRECTION ( 'NONE',  ( -0.000000000000000000, -0.000000000000000000, 1.000000000000000000 ) ) ;
#446 = EDGE_LOOP ( 'NONE', ( #9591, #2352, #7469, #2931, #5337, #10309 ) ) ;
#447 = EDGE_CURVE ( 'NONE', #7230, #6331, #4732, .T. ) ;
#448 = DIRECTION ( 'NONE',  ( 0.6682286275604850667, -0.7439559807600383268, 4.163336342344334660E-15 ) ) ;
#449 = EDGE_CURVE ( 'NONE', #3305, #3362, #8877, .T. ) ;
#450 = DIRECTION ( 'NONE',  ( -1.000000000000000000, 0.000000000000000000, -0.000000000000000000 ) ) ;
#451 = ORIENTED_EDGE ( 'NONE', *, *, #8030, .F. ) ;
#452 = DIRECTION ( 'NONE',  ( 0.1033219619787472815, 0.9946479639414450569, 0.000000000000000000 ) ) ;
#453 = DIRECTION ( 'NONE',  ( 1.000000000000000000, 0.000000000000000000, 0.000000000000000000 ) ) ;
#455 = ADVANCED_FACE ( 'NONE', ( #3093 ), #1468, .T. ) ;
#454 = VECTOR ( 'NONE', #358, 1000.000000000000000 ) ;
#456 = AXIS2_PLACEMENT_3D ( 'NONE', #5725, #8951, #7416 ) ;
#457 = CIRCLE ( 'NONE', #6878, 2.500000000000002220 ) ;
#458 = FACE_OUTER_BOUND ( 'NONE', #1884, .T. ) ;
#459 = FACE_OUTER_BOUND ( 'NONE', #5611, .T. ) ;
#460 = ORIENTED_EDGE ( 'NONE', *, *, #3111, .T. ) ;
#461 = VERTEX_POINT ( 'NONE', #645 ) ;
#462 = FACE_OUTER_BOUND ( 'NONE', #471, .T. ) ;
#463 = DIRECTION ( 'NONE',  ( 0.000000000000000000, -0.000000000000000000, -1.000000000000000000 ) ) ;
#464 = AXIS2_PLACEMENT_3D ( 'NONE', #8386, #49, #9268 ) ;
#465 = EDGE_LOOP ( 'NONE', ( #7211, #10754, #1181, #7439 ) ) ;
#466 = VERTEX_POINT ( 'NONE', #5599 ) ;
#467 = CARTESIAN_POINT ( 'NONE',  ( 32.52013596803777773, 72.47045579669932636, -9.351283921904286700 ) ) ;
#468 = CARTESIAN_POINT ( 'NONE',  ( 31.57188114324649320, -79.99330960275725033, 32.49999999999704414 ) ) ;
#469 = CARTESIAN_POINT ( 'NONE',  ( 84.61501281869357172, 7.834416237462346722, 30.75820396230482245 ) ) ;
#470 = AXIS2_PLACEMENT_3D ( 'NONE', #912, #1072, #2540 ) ;
#471 = EDGE_LOOP ( 'NONE', ( #4607, #3004, #8747, #6753, #6621, #1585, #9943, #10508 ) ) ;
#472 = CARTESIAN_POINT ( 'NONE',  ( -31.91968008795547362, 79.85418392175397173, -18.50009145628198937 ) ) ;
#473 = DIRECTION ( 'NONE',  ( -0.000000000000000000, -0.000000000000000000, 1.000000000000000000 ) ) ;
#474 = PLANE ( 'NONE',  #6746 ) ;
#475 = CARTESIAN_POINT ( 'NONE',  ( -65.39684226621326957, 55.59056553050843519, 32.20313577063279098 ) ) ;
#476 = AXIS2_PLACEMENT_3D ( 'NONE', #10663, #625, #9675 ) ;
#477 = ORIENTED_EDGE ( 'NONE', *, *, #6293, .F. ) ;
#478 = DIRECTION ( 'NONE',  ( 7.657722947273452144E-16, 1.177580171285051719E-15, 1.000000000000000000 ) ) ;
#479 = CARTESIAN_POINT ( 'NONE',  ( 93.87422103367251225, -4.861134159967143376, 17.00000000000000000 ) ) ;
#480 = ORIENTED_EDGE ( 'NONE', *, *, #5504, .F. ) ;
#481 = ORIENTED_EDGE ( 'NONE', *, *, #3130, .F. ) ;
#482 = AXIS2_PLACEMENT_3D ( 'NONE', #5377, #9894, #10345 ) ;
#483 = PLANE ( 'NONE',  #2639 ) ;
#484 = DIRECTION ( 'NONE',  ( -0.9946479639414453899, -0.1033219619787452970, 0.000000000000000000 ) ) ;
#485 = CARTESIAN_POINT ( 'NONE',  ( -46.50970724614474960, -38.17154845791058904, 17.00000000000000000 ) ) ;
#486 = EDGE_CURVE ( 'NONE', #3242, #8444, #5136, .T. ) ;
#487 = DIRECTION ( 'NONE',  ( -0.000000000000000000, -0.000000000000000000, -1.000000000000000000 ) ) ;
#488 = AXIS2_PLACEMENT_3D ( 'NONE', #10588, #10750, #8131 ) ;
#489 = CARTESIAN_POINT ( 'NONE',  ( -32.41949641306397467, -83.95691224199758551, 32.50000000001154632 ) ) ;
#490 = ORIENTED_EDGE ( 'NONE', *, *, #2110, .T. ) ;
#491 = VECTOR ( 'NONE', #6541, 1000.000000000000114 ) ;
#492 = CARTESIAN_POINT ( 'NONE',  ( -15.21675513427115511, -6.752829723239148763, -3.000000000000000000 ) ) ;
#493 = ORIENTED_EDGE ( 'NONE', *, *, #626, .F. ) ;
#494 = CARTESIAN_POINT ( 'NONE',  ( 14.19361037793645153, 73.02583655895840309, 20.44096778184617236 ) ) ;
#495 = EDGE_LOOP ( 'NONE', ( #7412, #5246, #4065, #9095 ) ) ;
#496 = VECTOR ( 'NONE', #9256, 1000.000000000000227 ) ;
#497 = DIRECTION ( 'NONE',  ( 0.8383313097722883134, -0.5451610909221967782, 0.000000000000000000 ) ) ;
#498 = CIRCLE ( 'NONE', #851, 2.500000000000001332 ) ;
#499 = CARTESIAN_POINT ( 'NONE',  ( -85.53285371941890958, -6.690700228676012884, 32.13538959017317609 ) ) ;
#500 = CARTESIAN_POINT ( 'NONE',  ( 32.73747638465002296, -85.44300813972132858, -3.000000000000000888 ) ) ;
#501 = VERTEX_POINT ( 'NONE', #10789 ) ;
#502 = CARTESIAN_POINT ( 'NONE',  ( -7.088774327068989578, 12.24379268254584652, 30.00000000000000355 ) ) ;
#503 = CARTESIAN_POINT ( 'NONE',  ( -85.38802688914813643, -6.969818463634205763, -17.92213809290136695 ) ) ;
#504 = ORIENTED_EDGE ( 'NONE', *, *, #7434, .F. ) ;
#505 = CARTESIAN_POINT ( 'NONE',  ( -20.74658999934147730, -83.41091385392854818, -18.41801905197504396 ) ) ;
#506 = AXIS2_PLACEMENT_3D ( 'NONE', #7599, #10169, #5952 ) ;
#507 = DIRECTION ( 'NONE',  ( -1.000000000000000000, 0.000000000000000000, 0.000000000000000000 ) ) ;
#508 = AXIS2_PLACEMENT_3D ( 'NONE', #8603, #2723, #1136 ) ;
#509 = CARTESIAN_POINT ( 'NONE',  ( -54.74047190770760807, 50.92977572221455063, -6.651639278700197444 ) ) ;
#510 = EDGE_CURVE ( 'NONE', #7485, #5082, #1308, .T. ) ;
#511 = CARTESIAN_POINT ( 'NONE',  ( -13.83509055125532328, 2.958285001794460189, 30.00000000000000355 ) ) ;
#512 = ORIENTED_EDGE ( 'NONE', *, *, #4710, .F. ) ;
#513 = ADVANCED_FACE ( 'NONE', ( #5106 ), #966, .T. ) ;
#514 = ORIENTED_EDGE ( 'NONE', *, *, #10790, .F. ) ;
#515 = EDGE_CURVE ( 'NONE', #5734, #1646, #7557, .T. ) ;
#516 = DIRECTION ( 'NONE',  ( -2.775557561562888984E-15, -1.000000000000000000, 1.387778780781444492E-15 ) ) ;
#517 = CIRCLE ( 'NONE', #9059, 51.03332099679091982 ) ;
#518 = CARTESIAN_POINT ( 'NONE',  ( 93.48069444964416164, -4.513380090146347889, 32.50000000000000000 ) ) ;
#519 = EDGE_LOOP ( 'NONE', ( #4178, #5490, #1758, #2972 ) ) ;
#520 = VERTEX_POINT ( 'NONE', #1681 ) ;
#521 = DIRECTION ( 'NONE',  ( 0.000000000000000000, -0.000000000000000000, -1.000000000000000000 ) ) ;
#522 = DIRECTION ( 'NONE',  ( 0.000000000000000000, 0.000000000000000000, -1.000000000000000000 ) ) ;
#523 = DIRECTION ( 'NONE',  ( 0.2594203863158855983, -0.9657644967401300962, 0.000000000000000000 ) ) ;
#524 = EDGE_CURVE ( 'NONE', #5992, #7496, #1023, .T. ) ;
#525 = CIRCLE ( 'NONE', #6071, 2.500000000000002220 ) ;
#526 = VERTEX_POINT ( 'NONE', #2661 ) ;
#527 = ORIENTED_EDGE ( 'NONE', *, *, #8171, .T. ) ;
#528 = EDGE_CURVE ( 'NONE', #767, #7189, #5914, .T. ) ;
#529 = CARTESIAN_POINT ( 'NONE',  ( 29.21275527316144149, -52.10674725922047656, 17.00000000000000000 ) ) ;
#530 = CARTESIAN_POINT ( 'NONE',  ( -58.78321495169578270, 10.63113418812139876, -3.000000000000000000 ) ) ;
#531 = LINE ( 'NONE', #3089, #7462 ) ;
#532 = DIRECTION ( 'NONE',  ( 0.000000000000000000, 0.000000000000000000, -1.000000000000000000 ) ) ;
#533 = VERTEX_POINT ( 'NONE', #9262 ) ;
#534 = DIRECTION ( 'NONE',  ( -0.000000000000000000, 0.000000000000000000, 1.000000000000000000 ) ) ;
#535 = LINE ( 'NONE', #9804, #9129 ) ;
#536 = VERTEX_POINT ( 'NONE', #5858 ) ;
#537 = ORIENTED_EDGE ( 'NONE', *, *, #829, .F. ) ;
#538 = AXIS2_PLACEMENT_3D ( 'NONE', #10211, #10270, #2132 ) ;
#539 = DIRECTION ( 'NONE',  ( 0.000000000000000000, 0.000000000000000000, -1.000000000000000000 ) ) ;
#540 = CARTESIAN_POINT ( 'NONE',  ( 69.83457129604688873, 40.34865964507044112, 24.94393758857797394 ) ) ;
#541 = CARTESIAN_POINT ( 'NONE',  ( 76.70731484416434398, -49.88223981938107698, 17.00000000000000000 ) ) ;
#542 = DIRECTION ( 'NONE',  ( 1.000000000000000000, 0.000000000000000000, 1.387778780781444492E-15 ) ) ;
#543 = CARTESIAN_POINT ( 'NONE',  ( 15.21675513427115511, -6.752829723239148763, 17.00000000000000000 ) ) ;
#544 = CARTESIAN_POINT ( 'NONE',  ( -58.34773430101148506, 63.17865068152825359, 32.50000000000000000 ) ) ;
#545 = ORIENTED_EDGE ( 'NONE', *, *, #1972, .T. ) ;
#546 = VECTOR ( 'NONE', #6253, 999.9999999999998863 ) ;
#547 = CARTESIAN_POINT ( 'NONE',  ( 78.37788641306555348, 48.02234986748098322, -3.000000000000000000 ) ) ;
#548 = CARTESIAN_POINT ( 'NONE',  ( -67.58882323821264038, -52.28041125889451735, -17.28566003082638858 ) ) ;
#549 = CARTESIAN_POINT ( 'NONE',  ( -28.27582184716899505, 52.62095848505696694, 17.00000000000000000 ) ) ;
#550 = ORIENTED_EDGE ( 'NONE', *, *, #3012, .F. ) ;
#551 = ADVANCED_FACE ( 'NONE', ( #5057 ), #1786, .F. ) ;
#552 = CARTESIAN_POINT ( 'NONE',  ( -89.69359066795173874, 7.420228641350745669, -3.000000000000000000 ) ) ;
#553 = VECTOR ( 'NONE', #3830, 1000.000000000000000 ) ;
#554 = DIRECTION ( 'NONE',  ( -0.000000000000000000, -0.000000000000000000, -1.000000000000000000 ) ) ;
#555 = CARTESIAN_POINT ( 'NONE',  ( 91.63587112389404865, 7.218468586842885060, -16.00000000000000000 ) ) ;
#556 = ORIENTED_EDGE ( 'NONE', *, *, #779, .T. ) ;
#557 = DIRECTION ( 'NONE',  ( 0.4056281494946325505, -0.9140381853826239356, 0.000000000000000000 ) ) ;
#558 = CARTESIAN_POINT ( 'NONE',  ( 0.000000000000000000, 0.000000000000000000, 17.00000000000000000 ) ) ;
#559 = ORIENTED_EDGE ( 'NONE', *, *, #4829, .T. ) ;
#560 = CARTESIAN_POINT ( 'NONE',  ( -19.33655326427919618, -83.25447830097424173, -17.57491144069109623 ) ) ;
#561 = VECTOR ( 'NONE', #1871, 999.9999999999998863 ) ;
#562 = DIRECTION ( 'NONE',  ( -0.000000000000000000, 0.000000000000000000, 1.000000000000000000 ) ) ;
#563 = DIRECTION ( 'NONE',  ( -0.000000000000000000, -0.000000000000000000, -1.000000000000000000 ) ) ;
#564 = CARTESIAN_POINT ( 'NONE',  ( 85.38802688904560512, -6.969818463638296713, 31.92213809290688786 ) ) ;
#565 = ORIENTED_EDGE ( 'NONE', *, *, #4641, .F. ) ;
#566 = CARTESIAN_POINT ( 'NONE',  ( -93.87422103367251225, 4.861134159967142487, -16.00000000000000000 ) ) ;
#567 = PRODUCT_DEFINITION_CONTEXT ( 'detailed design', #6031, 'design' ) ;
#568 = VERTEX_POINT ( 'NONE', #4190 ) ;
#569 = CARTESIAN_POINT ( 'NONE',  ( 73.13542742471265967, 43.61233852011068279, 31.04213425600444509 ) ) ;
#570 = CARTESIAN_POINT ( 'NONE',  ( -84.11182357194601877, 7.999832654571561896, 29.99987001606582737 ) ) ;
#571 = ORIENTED_EDGE ( 'NONE', *, *, #866, .T. ) ;
#572 = ADVANCED_FACE ( 'NONE', ( #1632 ), #7609, .T. ) ;
#573 = EDGE_LOOP ( 'NONE', ( #963, #7311, #1965, #579, #4911, #7920 ) ) ;
#574 = DIRECTION ( 'NONE',  ( -0.5451610909221987766, 0.8383313097722869811, -0.000000000000000000 ) ) ;
#575 = LINE ( 'NONE', #747, #2773 ) ;
#576 = EDGE_CURVE ( 'NONE', #1450, #520, #10193, .T. ) ;
#577 = ADVANCED_FACE ( 'NONE', ( #6728 ), #7666, .T. ) ;
#578 = CARTESIAN_POINT ( 'NONE',  ( 33.40773828059418094, 38.57878788838270623, -3.000000000000000000 ) ) ;
#579 = ORIENTED_EDGE ( 'NONE', *, *, #5054, .F. ) ;
#580 = B_SPLINE_SURFACE_WITH_KNOTS ( 'NONE', 2, 3, ( 
 ( #7063, #2933, #3806, #1138 ),
 ( #5225, #9531, #6296, #6905 ),
 ( #10404, #7010, #7124, #6133 ) ),
 .UNSPECIFIED., .F., .F., .F.,
 ( 3, 3 ),
 ( 4, 4 ),
 ( 0.000000000000000000, 1.000000000000000000 ),
 ( -0.1968107096166538394, 0.1968107096166534786 ),
 .UNSPECIFIED. ) ;
#581 = ORIENTED_EDGE ( 'NONE', *, *, #3969, .F. ) ;
#582 = VECTOR ( 'NONE', #3260, 1000.000000000000114 ) ;
#583 = DIRECTION ( 'NONE',  ( 0.000000000000000000, 0.000000000000000000, -1.000000000000000000 ) ) ;
#584 = DIRECTION ( 'NONE',  ( -0.000000000000000000, 1.000000000000000000, 0.000000000000000000 ) ) ;
#585 = FACE_OUTER_BOUND ( 'NONE', #7620, .T. ) ;
#586 = CIRCLE ( 'NONE', #3370, 94.00000000000001421 ) ;
#587 = EDGE_CURVE ( 'NONE', #9736, #2508, #2003, .T. ) ;
#588 = CARTESIAN_POINT ( 'NONE',  ( 18.48047752603787686, -82.65083946477234633, -16.30701376012607895 ) ) ;
#589 = ORIENTED_EDGE ( 'NONE', *, *, #3481, .F. ) ;
#590 = CARTESIAN_POINT ( 'NONE',  ( -53.80544377083894858, -25.95113860327578337, -3.000000000000000000 ) ) ;
#591 = ADVANCED_FACE ( 'NONE', ( #1737 ), #800, .T. ) ;
#592 = DIRECTION ( 'NONE',  ( -1.000000000000000000, 0.000000000000000000, 0.000000000000000000 ) ) ;
#593 = ORIENTED_EDGE ( 'NONE', *, *, #10638, .T. ) ;
#594 = ORIENTED_EDGE ( 'NONE', *, *, #722, .F. ) ;
#595 = CARTESIAN_POINT ( 'NONE',  ( -93.73899935459095900, -6.999999999999950262, 17.00000000000000000 ) ) ;
#596 = CARTESIAN_POINT ( 'NONE',  ( -9.453987078548953704, -10.52536503081502595, -16.00000000000000000 ) ) ;
#597 = DIRECTION ( 'NONE',  ( -1.000000000000000000, 0.000000000000000000, 0.000000000000000000 ) ) ;
#598 = B_SPLINE_CURVE_WITH_KNOTS ( 'NONE', 3,
 ( #973, #4295, #9319, #6897 ),
 .UNSPECIFIED., .F., .F.,
 ( 4, 4 ),
 ( 0.1618091703081089572, 0.8381908316157791194 ),
 .UNSPECIFIED. ) ;
#599 = CARTESIAN_POINT ( 'NONE',  ( 78.37788641306555348, 48.02234986748098322, -3.000000000000000000 ) ) ;
#600 = DIRECTION ( 'NONE',  ( 1.000000000000000000, 0.000000000000000000, 0.000000000000000000 ) ) ;
#601 = DIRECTION ( 'NONE',  ( 0.9778946696698127550, 0.2090980990620618096, 0.000000000000000000 ) ) ;
#602 = EDGE_LOOP ( 'NONE', ( #2825, #4339, #7263, #226 ) ) ;
#603 = B_SPLINE_CURVE_WITH_KNOTS ( 'NONE', 3,
 ( #5659, #8004, #3868, #1417 ),
 .UNSPECIFIED., .F., .F.,
 ( 4, 4 ),
 ( 0.000000000000000000, 1.000000000000000000 ),
 .UNSPECIFIED. ) ;
#604 = CARTESIAN_POINT ( 'NONE',  ( -73.07850523101163276, -45.01766350654453674, 32.20313577063415522 ) ) ;
#605 = CARTESIAN_POINT ( 'NONE',  ( -23.73696534790352430, -88.36745145172191940, 30.00000000000000355 ) ) ;
#606 = ORIENTED_EDGE ( 'NONE', *, *, #437, .F. ) ;
#607 = DIRECTION ( 'NONE',  ( 1.000000000000000000, 0.000000000000000000, 0.000000000000000000 ) ) ;
#608 = DIRECTION ( 'NONE',  ( 1.000000000000000000, 0.000000000000000000, 1.387778780781444492E-15 ) ) ;
#609 = CARTESIAN_POINT ( 'NONE',  ( -32.73747638465003007, 85.44300813972131436, -16.00000000000000000 ) ) ;
#610 = ORIENTED_EDGE ( 'NONE', *, *, #1922, .F. ) ;
#611 = CARTESIAN_POINT ( 'NONE',  ( -63.73893834796638913, -56.05831678033068499, 30.60853953549868933 ) ) ;
#612 = CARTESIAN_POINT ( 'NONE',  ( 6.993962115397020618, -59.32607078270306999, -3.000000000000002665 ) ) ;
#613 = ADVANCED_FACE ( 'NONE', ( #811 ), #9915, .T. ) ;
#614 = ORIENTED_EDGE ( 'NONE', *, *, #8555, .T. ) ;
#615 = DIRECTION ( 'NONE',  ( 0.9986619258901330287, 0.05171419319113980395, 0.000000000000000000 ) ) ;
#616 = ORIENTED_EDGE ( 'NONE', *, *, #10239, .T. ) ;
#617 = CARTESIAN_POINT ( 'NONE',  ( 20.65978700115068278, 87.59665062699080806, 0.000000000000000000 ) ) ;
#618 = ORIENTED_EDGE ( 'NONE', *, *, #4451, .F. ) ;
#619 = DIRECTION ( 'NONE',  ( 0.7439559807600397701, -0.6682286275604834014, 0.000000000000000000 ) ) ;
#620 = VECTOR ( 'NONE', #10563, 999.9999999999998863 ) ;
#621 = ORIENTED_EDGE ( 'NONE', *, *, #10119, .F. ) ;
#622 = CARTESIAN_POINT ( 'NONE',  ( -74.40821098239324272, -9.008042094910408082, -6.756281789487282197 ) ) ;
#623 = ORIENTED_EDGE ( 'NONE', *, *, #3637, .T. ) ;
#624 = CARTESIAN_POINT ( 'NONE',  ( 8.341399780305355449, -14.40733826189104860, -3.000000000000000000 ) ) ;
#625 = DIRECTION ( 'NONE',  ( 0.000000000000000000, 0.000000000000000000, -1.000000000000000000 ) ) ;
#626 = EDGE_CURVE ( 'NONE', #1481, #842, #1497, .T. ) ;
#627 = ADVANCED_FACE ( 'NONE', ( #4131 ), #3316, .F. ) ;
#628 = VERTEX_POINT ( 'NONE', #5807 ) ;
#629 = AXIS2_PLACEMENT_3D ( 'NONE', #2375, #7387, #4119 ) ;
#630 = ORIENTED_EDGE ( 'NONE', *, *, #10256, .F. ) ;
#631 = LINE ( 'NONE', #4066, #7472 ) ;
#632 = FACE_OUTER_BOUND ( 'NONE', #7108, .T. ) ;
#633 = FACE_OUTER_BOUND ( 'NONE', #1578, .T. ) ;
#634 = DIRECTION ( 'NONE',  ( 1.000000000000000000, 0.000000000000000000, 0.000000000000000000 ) ) ;
#635 = VERTEX_POINT ( 'NONE', #9147 ) ;
#636 = VECTOR ( 'NONE', #6010, 1000.000000000000114 ) ;
#637 = VECTOR ( 'NONE', #348, 1000.000000000000227 ) ;
#638 = ORIENTED_EDGE ( 'NONE', *, *, #9979, .F. ) ;
#639 = DIRECTION ( 'NONE',  ( 1.000000000000000000, 6.217248937900876626E-15, 0.000000000000000000 ) ) ;
#640 = EDGE_CURVE ( 'NONE', #5453, #1621, #5658, .T. ) ;
#641 = DIRECTION ( 'NONE',  ( 1.000000000000000000, 0.000000000000000000, 0.000000000000000000 ) ) ;
#642 = LINE ( 'NONE', #3965, #161 ) ;
#643 = EDGE_LOOP ( 'NONE', ( #2697, #8232, #5478, #196 ) ) ;
#644 = CIRCLE ( 'NONE', #464, 90.00000000000001421 ) ;
#645 = CARTESIAN_POINT ( 'NONE',  ( -21.45186988444696752, 89.38152182545849200, -16.00000000000000000 ) ) ;
#646 = FACE_OUTER_BOUND ( 'NONE', #5793, .T. ) ;
#647 = VERTEX_POINT ( 'NONE', #8756 ) ;
#648 = ORIENTED_EDGE ( 'NONE', *, *, #7966, .F. ) ;
#649 = ADVANCED_FACE ( 'NONE', ( #2867 ), #7823, .T. ) ;
#650 = FACE_OUTER_BOUND ( 'NONE', #4949, .T. ) ;
#651 = VECTOR ( 'NONE', #4341, 1000.000000000000000 ) ;
#652 = CARTESIAN_POINT ( 'NONE',  ( -14.53137216374828533, 73.78694539763178284, 20.90428872914485936 ) ) ;
#653 = CARTESIAN_POINT ( 'NONE',  ( -30.52604642281070824, 63.14464391285689970, -4.133895840726162341 ) ) ;
#654 = EDGE_CURVE ( 'NONE', #5274, #568, #705, .T. ) ;
#655 = CARTESIAN_POINT ( 'NONE',  ( -58.58369935574947363, -11.68111083677664297, -2.999999999999995559 ) ) ;
#656 = EDGE_CURVE ( 'NONE', #6027, #9314, #10342, .T. ) ;
#657 = DIRECTION ( 'NONE',  ( 0.000000000000000000, 1.000000000000000000, 0.000000000000000000 ) ) ;
#658 = VERTEX_POINT ( 'NONE', #7054 ) ;
#659 = CARTESIAN_POINT ( 'NONE',  ( -73.01999828900774503, -43.28465055689838437, 30.60901105260376553 ) ) ;
#660 = AXIS2_PLACEMENT_3D ( 'NONE', #99, #5867, #7565 ) ;
#661 = CARTESIAN_POINT ( 'NONE',  ( -71.87981619201408989, -45.99275131892312629, -17.28566975338987532 ) ) ;
#662 = ORIENTED_EDGE ( 'NONE', *, *, #3520, .F. ) ;
#663 = EDGE_CURVE ( 'NONE', #3499, #10777, #1995, .T. ) ;
#664 = DIRECTION ( 'NONE',  ( -0.6682286275604850667, 0.7439559807600383268, 0.000000000000000000 ) ) ;
#665 = AXIS2_PLACEMENT_3D ( 'NONE', #4623, #1145, #10358 ) ;
#666 = CARTESIAN_POINT ( 'NONE',  ( -84.61501281871554170, -7.834416237460275489, 30.75820396230413678 ) ) ;
#667 = CARTESIAN_POINT ( 'NONE',  ( 31.74498697533068636, -79.92304540254836809, 32.50004557245063097 ) ) ;
#668 = ORIENTED_EDGE ( 'NONE', *, *, #420, .F. ) ;
#669 = CARTESIAN_POINT ( 'NONE',  ( 85.64179367128221543, 7.841120887062015932, -16.00000000000000000 ) ) ;
#670 = ADVANCED_FACE ( 'NONE', ( #5315 ), #2048, .T. ) ;
#671 = CARTESIAN_POINT ( 'NONE',  ( 10.06882950245242547, -85.40853980984891791, -18.49999999999999645 ) ) ;
#672 = CIRCLE ( 'NONE', #8667, 2.499999999999997335 ) ;
#673 = ORIENTED_EDGE ( 'NONE', *, *, #9985, .T. ) ;
#674 = CARTESIAN_POINT ( 'NONE',  ( -19.21168335095742208, -83.20725894080868557, -17.44910535889325942 ) ) ;
#675 = ORIENTED_EDGE ( 'NONE', *, *, #3516, .T. ) ;
#676 = AXIS2_PLACEMENT_3D ( 'NONE', #7282, #8873, #10504 ) ;
#677 = DIRECTION ( 'NONE',  ( 0.4056281494946307742, 0.9140381853826249348, -5.629221387562928359E-16 ) ) ;
#678 = ORIENTED_EDGE ( 'NONE', *, *, #308, .T. ) ;
#679 = B_SPLINE_SURFACE_WITH_KNOTS ( 'NONE', 2, 3, ( 
 ( #6618, #6390, #2319, #1455 ),
 ( #10718, #4772, #6560, #2436 ),
 ( #4934, #1509, #4822, #8152 ) ),
 .UNSPECIFIED., .F., .F., .F.,
 ( 3, 3 ),
 ( 4, 4 ),
 ( 0.000000000000000000, 1.000000000000000000 ),
 ( 3.573100474691097261, 3.966721893924405773 ),
 .UNSPECIFIED. ) ;
#680 = CARTESIAN_POINT ( 'NONE',  ( -73.89456172767778241, 43.99538324727300420, -16.00000000000000000 ) ) ;
#681 = AXIS2_PLACEMENT_3D ( 'NONE', #4432, #6986, #2902 ) ;
#682 = VERTEX_POINT ( 'NONE', #8703 ) ;
#683 = CARTESIAN_POINT ( 'NONE',  ( 15.21675513427112492, -6.752829723239116788, 0.000000000000000000 ) ) ;
#684 = ORIENTED_EDGE ( 'NONE', *, *, #10156, .F. ) ;
#685 = CARTESIAN_POINT ( 'NONE',  ( -58.34773430101150637, -63.17865068152823937, -18.50000000000000000 ) ) ;
#686 = CARTESIAN_POINT ( 'NONE',  ( -32.73747638465007270, 85.44300813972130015, 30.00000000000000355 ) ) ;
#687 = ORIENTED_EDGE ( 'NONE', *, *, #8477, .T. ) ;
#688 = AXIS2_PLACEMENT_3D ( 'NONE', #8052, #2930, #5380 ) ;
#689 = EDGE_LOOP ( 'NONE', ( #1019, #1877, #5614, #3583, #7502, #4320, #5748, #6441 ) ) ;
#690 = DIRECTION ( 'NONE',  ( -0.8654182317380993972, -0.5010501812945500344, 0.000000000000000000 ) ) ;
#691 = DIRECTION ( 'NONE',  ( -1.000000000000000000, 0.000000000000000000, 0.000000000000000000 ) ) ;
#692 = CARTESIAN_POINT ( 'NONE',  ( -63.34558840304410410, 55.91184470037090648, -15.99988756943573875 ) ) ;
#693 = CARTESIAN_POINT ( 'NONE',  ( -82.64441391937742765, -8.152482462201586344, 27.79952768905388893 ) ) ;
#694 = EDGE_LOOP ( 'NONE', ( #6662, #4837, #2486, #4999, #5927, #6280, #3791, #9125 ) ) ;
#695 = EDGE_CURVE ( 'NONE', #2993, #8058, #5426, .T. ) ;
#696 = AXIS2_PLACEMENT_3D ( 'NONE', #9505, #3782, #2032 ) ;
#697 = CIRCLE ( 'NONE', #3475, 2.500000000000002220 ) ;
#698 = ORIENTED_EDGE ( 'NONE', *, *, #5865, .T. ) ;
#699 = CARTESIAN_POINT ( 'NONE',  ( 50.67558984023780511, 32.43770297251138146, -3.000000000000000000 ) ) ;
#700 = DIRECTION ( 'NONE',  ( 0.000000000000000000, 0.000000000000000000, -1.000000000000000000 ) ) ;
#701 = CARTESIAN_POINT ( 'NONE',  ( 73.05993767430152275, -43.39728078027457769, 30.75820396230701448 ) ) ;
#702 = ORIENTED_EDGE ( 'NONE', *, *, #2659, .F. ) ;
#703 = AXIS2_PLACEMENT_3D ( 'NONE', #4334, #3511, #10166 ) ;
#704 = CARTESIAN_POINT ( 'NONE',  ( 68.57354579227781244, 52.01359248210258102, -18.50000000003862510 ) ) ;
#705 = B_SPLINE_CURVE_WITH_KNOTS ( 'NONE', 3,
 ( #6070, #3682, #9364, #9578, #6236, #7001, #5216, #10395, #10287, #1892, #7929, #469, #360, #5264, #9420, #8546 ),
 .UNSPECIFIED., .F., .F.,
 ( 4, 2, 2, 2, 2, 2, 2, 4 ),
 ( 0.000000000000000000, 0.0005514947311274880082, 0.001102989462254976016, 0.002205978924509963742, 0.002757473655637442209, 0.003308968386764928049, 0.003860463117892415190, 0.004411957849019902331 ),
 .UNSPECIFIED. ) ;
#706 = CARTESIAN_POINT ( 'NONE',  ( -72.56107605583052589, 46.15846078179078660, 32.50000000000000000 ) ) ;
#707 = VERTEX_POINT ( 'NONE', #1287 ) ;
#708 = VERTEX_POINT ( 'NONE', #3574 ) ;
#709 = DIRECTION ( 'NONE',  ( -0.000000000000000000, -0.000000000000000000, 1.000000000000000000 ) ) ;
#710 = FACE_OUTER_BOUND ( 'NONE', #9060, .T. ) ;
#711 = DIRECTION ( 'NONE',  ( 0.000000000000000000, 0.000000000000000000, -1.000000000000000000 ) ) ;
#712 = CARTESIAN_POINT ( 'NONE',  ( -86.54756481780422916, 5.744108926467620613, -18.50000000011477397 ) ) ;
#713 = DIRECTION ( 'NONE',  ( 0.8654182317380998413, 0.5010501812945492572, 4.804036234030141023E-15 ) ) ;
#714 = CARTESIAN_POINT ( 'NONE',  ( -73.16380456029905588, 43.73191698504245295, -17.18342693136399646 ) ) ;
#715 = ORIENTED_EDGE ( 'NONE', *, *, #4383, .T. ) ;
#716 = EDGE_CURVE ( 'NONE', #6009, #6516, #1945, .T. ) ;
#717 = EDGE_LOOP ( 'NONE', ( #1123, #2868, #2877, #10183 ) ) ;
#718 = CARTESIAN_POINT ( 'NONE',  ( 8.341399780305367884, -14.40733826189111966, 17.00000000000000000 ) ) ;
#719 = CARTESIAN_POINT ( 'NONE',  ( 32.73747638465012244, -85.44300813972128594, 30.00000000000000355 ) ) ;
#720 = EDGE_CURVE ( 'NONE', #5567, #46, #10717, .T. ) ;
#721 = ORIENTED_EDGE ( 'NONE', *, *, #4245, .T. ) ;
#722 = EDGE_CURVE ( 'NONE', #9642, #4770, #2707, .T. ) ;
#723 = CARTESIAN_POINT ( 'NONE',  ( 0.000000000000000000, 0.000000000000000000, 14.00000000000000000 ) ) ;
#724 = CYLINDRICAL_SURFACE ( 'NONE', #1416, 2.500000000000002220 ) ;
#725 = FACE_OUTER_BOUND ( 'NONE', #602, .T. ) ;
#726 = FACE_OUTER_BOUND ( 'NONE', #6809, .T. ) ;
#727 = VECTOR ( 'NONE', #4680, 1000.000000000000000 ) ;
#728 = DIRECTION ( 'NONE',  ( 0.7439559807600383268, -0.6682286275604850667, 5.984492315815223769E-15 ) ) ;
#729 = ADVANCED_FACE ( 'NONE', ( #7872 ), #413, .T. ) ;
#730 = VERTEX_POINT ( 'NONE', #2922 ) ;
#731 = LINE ( 'NONE', #8135, #6779 ) ;
#732 = ORIENTED_EDGE ( 'NONE', *, *, #8979, .F. ) ;
#733 = DIRECTION ( 'NONE',  ( 1.000000000000000000, 0.000000000000000000, 0.000000000000000000 ) ) ;
#734 = VERTEX_POINT ( 'NONE', #2100 ) ;
#735 = VECTOR ( 'NONE', #4928, 999.9999999999998863 ) ;
#736 = ADVANCED_FACE ( 'NONE', ( #10232 ), #7767, .F. ) ;
#737 = CARTESIAN_POINT ( 'NONE',  ( -85.83440617534141381, 5.307351189430483451, -18.50000000001069367 ) ) ;
#738 = CARTESIAN_POINT ( 'NONE',  ( 65.35283117365646888, -36.32311629503497841, 20.65163927869981464 ) ) ;
#739 = ORIENTED_EDGE ( 'NONE', *, *, #4048, .T. ) ;
#740 = CARTESIAN_POINT ( 'NONE',  ( -35.23747638465006560, 85.44300813972130015, 14.00000000000000000 ) ) ;
#741 = CARTESIAN_POINT ( 'NONE',  ( -15.21675513427112492, 6.752829723239115012, -18.50000000000000000 ) ) ;
#742 = EDGE_LOOP ( 'NONE', ( #9624, #5260, #8138, #1164 ) ) ;
#743 = AXIS2_PLACEMENT_3D ( 'NONE', #8032, #9835, #6442 ) ;
#744 = ORIENTED_EDGE ( 'NONE', *, *, #6095, .T. ) ;
#745 = CARTESIAN_POINT ( 'NONE',  ( -89.69359066795173874, 7.420228641350741228, -3.000000000000000000 ) ) ;
#746 = DIRECTION ( 'NONE',  ( -1.000000000000000000, 0.000000000000000000, 0.000000000000000000 ) ) ;
#747 = CARTESIAN_POINT ( 'NONE',  ( 47.01416648434901191, -19.85114610654549594, -3.000000000000000000 ) ) ;
#748 = CARTESIAN_POINT ( 'NONE',  ( 31.61475128437134074, 68.23621904309170816, 20.90428872915035186 ) ) ;
#749 = ORIENTED_EDGE ( 'NONE', *, *, #8439, .T. ) ;
#750 = ORIENTED_EDGE ( 'NONE', *, *, #9156, .T. ) ;
#751 = FACE_OUTER_BOUND ( 'NONE', #8615, .T. ) ;
#752 = AXIS2_PLACEMENT_3D ( 'NONE', #5959, #5053, #3570 ) ;
#753 = CARTESIAN_POINT ( 'NONE',  ( 0.000000000000000000, 0.000000000000000000, -3.000000000000000000 ) ) ;
#754 = ORIENTED_EDGE ( 'NONE', *, *, #857, .T. ) ;
#755 = EDGE_CURVE ( 'NONE', #4786, #9416, #3795, .T. ) ;
#756 = CARTESIAN_POINT ( 'NONE',  ( -73.48386128979527143, -45.93465229358370294, -18.38262653254246359 ) ) ;
#757 = CYLINDRICAL_SURFACE ( 'NONE', #7580, 2.499999999999998668 ) ;
#758 = DIRECTION ( 'NONE',  ( 1.000000000000000000, 0.000000000000000000, 0.000000000000000000 ) ) ;
#759 = ORIENTED_EDGE ( 'NONE', *, *, #9821, .F. ) ;
#760 = ORIENTED_EDGE ( 'NONE', *, *, #2249, .F. ) ;
#761 = CIRCLE ( 'NONE', #5452, 2.499999999999998668 ) ;
#762 = CARTESIAN_POINT ( 'NONE',  ( 55.68491015405317057, 51.47657602893165318, -7.279719104251363149 ) ) ;
#763 = LINE ( 'NONE', #9973, #6247 ) ;
#764 = DIRECTION ( 'NONE',  ( -0.2090980990620599222, 0.9778946696698130880, -0.000000000000000000 ) ) ;
#765 = CARTESIAN_POINT ( 'NONE',  ( 76.70731484416435819, 49.88223981938103435, 14.00000000000000000 ) ) ;
#766 = LINE ( 'NONE', #1690, #6056 ) ;
#767 = VERTEX_POINT ( 'NONE', #8208 ) ;
#768 = ADVANCED_FACE ( 'NONE', ( #7111 ), #4663, .T. ) ;
#769 = VECTOR ( 'NONE', #5548, 1000.000000000000227 ) ;
#770 = CARTESIAN_POINT ( 'NONE',  ( -73.20439052765421195, -44.11720363755186014, 31.57491144068871236 ) ) ;
#771 = CYLINDRICAL_SURFACE ( 'NONE', #9993, 2.499999999999999112 ) ;
#772 = ORIENTED_EDGE ( 'NONE', *, *, #9707, .F. ) ;
#773 = DIRECTION ( 'NONE',  ( -0.000000000000000000, -0.000000000000000000, -1.000000000000000000 ) ) ;
#774 = EDGE_CURVE ( 'NONE', #3622, #8090, #9504, .T. ) ;
#775 = CARTESIAN_POINT ( 'NONE',  ( 63.43535550622607389, 55.96385807355843411, 30.15434426884563379 ) ) ;
#776 = CARTESIAN_POINT ( 'NONE',  ( 35.18221305882465799, -84.92026289206613399, 17.00000000000000000 ) ) ;
#777 = CARTESIAN_POINT ( 'NONE',  ( -65.67675763553849322, -55.38516917301299003, 32.34770930448203785 ) ) ;
#778 = LINE ( 'NONE', #4967, #6046 ) ;
#779 = EDGE_CURVE ( 'NONE', #1026, #5651, #2716, .T. ) ;
#780 = EDGE_CURVE ( 'NONE', #6009, #5096, #2013, .T. ) ;
#781 = ORIENTED_EDGE ( 'NONE', *, *, #8229, .F. ) ;
#782 = DIRECTION ( 'NONE',  ( -0.000000000000000000, -0.000000000000000000, 1.000000000000000000 ) ) ;
#783 = ORIENTED_EDGE ( 'NONE', *, *, #3034, .T. ) ;
#784 = FACE_OUTER_BOUND ( 'NONE', #7126, .T. ) ;
#785 = EDGE_LOOP ( 'NONE', ( #2539, #6100, #5597, #1004, #8969, #10744 ) ) ;
#786 = DIRECTION ( 'NONE',  ( -0.000000000000000000, -0.000000000000000000, 1.000000000000000000 ) ) ;
#787 = EDGE_CURVE ( 'NONE', #17, #7887, #10614, .T. ) ;
#788 = ADVANCED_FACE ( 'NONE', ( #3143 ), #2154, .T. ) ;
#789 = CARTESIAN_POINT ( 'NONE',  ( -34.77390060466384369, 83.01069712234054521, 14.00000000000000000 ) ) ;
#790 = ORIENTED_EDGE ( 'NONE', *, *, #10385, .T. ) ;
#791 = CARTESIAN_POINT ( 'NONE',  ( -26.27149828647388219, -86.13859058615980757, 32.50000000004283152 ) ) ;
#792 = DIRECTION ( 'NONE',  ( -0.000000000000000000, -0.000000000000000000, 1.000000000000000000 ) ) ;
#793 = DIRECTION ( 'NONE',  ( -0.7439559807600391039, -0.6682286275604842896, 0.000000000000000000 ) ) ;
#794 = CIRCLE ( 'NONE', #5479, 2.500000000000000888 ) ;
#795 = ADVANCED_FACE ( 'NONE', ( #2268 ), #7333, .T. ) ;
#796 = EDGE_CURVE ( 'NONE', #4627, #4156, #7275, .T. ) ;
#797 = ORIENTED_EDGE ( 'NONE', *, *, #10122, .F. ) ;
#798 = CARTESIAN_POINT ( 'NONE',  ( 78.80314311859508791, 51.24514254668653024, 30.00000000000000000 ) ) ;
#799 = DIRECTION ( 'NONE',  ( -0.000000000000000000, -0.000000000000000000, 1.000000000000000000 ) ) ;
#800 = TOROIDAL_SURFACE ( 'NONE', #7919, 91.50000000000001421, 2.500000000000000000 ) ;
#801 = CARTESIAN_POINT ( 'NONE',  ( 91.63587112389404865, 7.218468586842906376, 17.00000000000000000 ) ) ;
#802 = CYLINDRICAL_SURFACE ( 'NONE', #8804, 51.03332099679091982 ) ;
#803 = ORIENTED_EDGE ( 'NONE', *, *, #4259, .F. ) ;
#804 = ORIENTED_EDGE ( 'NONE', *, *, #181, .T. ) ;
#805 = CARTESIAN_POINT ( 'NONE',  ( -65.49230150121202598, -36.44838992409113843, 20.75628178947430413 ) ) ;
#806 = CIRCLE ( 'NONE', #6877, 90.00000000000001421 ) ;
#807 = AXIS2_PLACEMENT_3D ( 'NONE', #1330, #3017, #9667 ) ;
#808 = DIRECTION ( 'NONE',  ( 0.000000000000000000, 0.000000000000000000, -1.000000000000000000 ) ) ;
#809 = ORIENTED_EDGE ( 'NONE', *, *, #7959, .F. ) ;
#810 = DIRECTION ( 'NONE',  ( -0.000000000000000000, -0.000000000000000000, -1.000000000000000000 ) ) ;
#811 = FACE_OUTER_BOUND ( 'NONE', #4587, .T. ) ;
#812 = AXIS2_PLACEMENT_3D ( 'NONE', #8535, #6775, #3616 ) ;
#813 = CARTESIAN_POINT ( 'NONE',  ( -79.95094027961360439, 49.43528242465761480, 14.00000000000000000 ) ) ;
#814 = EDGE_LOOP ( 'NONE', ( #4125, #2493, #6881, #351 ) ) ;
#815 = ORIENTED_EDGE ( 'NONE', *, *, #4087, .T. ) ;
#816 = CARTESIAN_POINT ( 'NONE',  ( -65.26003996916386996, -55.88925453977326896, -17.99681398982181690 ) ) ;
#817 = CARTESIAN_POINT ( 'NONE',  ( -8.054202958900798848, 59.19136076231699661, 17.00000000000000000 ) ) ;
#818 = DIRECTION ( 'NONE',  ( 1.000000000000000000, 0.000000000000000000, 0.000000000000000000 ) ) ;
#819 = LINE ( 'NONE', #7617, #2228 ) ;
#820 = CARTESIAN_POINT ( 'NONE',  ( -35.23747638465003718, 85.44300813972132858, 14.00000000000000000 ) ) ;
#821 = DIRECTION ( 'NONE',  ( 0.000000000000000000, -1.000000000000000000, -1.387778780781445676E-15 ) ) ;
#822 = AXIS2_PLACEMENT_3D ( 'NONE', #2554, #1948, #8548 ) ;
#823 = ORIENTED_EDGE ( 'NONE', *, *, #2234, .F. ) ;
#824 = CARTESIAN_POINT ( 'NONE',  ( 0.000000000000000000, 0.000000000000000000, 0.000000000000000000 ) ) ;
#825 = CARTESIAN_POINT ( 'NONE',  ( 58.78321495181216960, -10.63113418810930888, 17.00000000000000000 ) ) ;
#826 = ORIENTED_EDGE ( 'NONE', *, *, #3263, .F. ) ;
#827 = DIRECTION ( 'NONE',  ( -0.000000000000000000, -0.000000000000000000, -1.000000000000000000 ) ) ;
#828 = VECTOR ( 'NONE', #6844, 1000.000000000000000 ) ;
#829 = EDGE_CURVE ( 'NONE', #10365, #3413, #6891, .T. ) ;
#830 = FACE_OUTER_BOUND ( 'NONE', #1610, .T. ) ;
#831 = CARTESIAN_POINT ( 'NONE',  ( -70.65825708027797702, 49.14423355568038687, -18.50000000000169464 ) ) ;
#832 = LINE ( 'NONE', #4966, #3448 ) ;
#833 = DIRECTION ( 'NONE',  ( -1.000000000000000000, 0.000000000000000000, 0.000000000000000000 ) ) ;
#834 = VECTOR ( 'NONE', #5791, 1000.000000000000000 ) ;
#835 = LINE ( 'NONE', #5828, #4179 ) ;
#836 = EDGE_LOOP ( 'NONE', ( #2790, #10275, #9946, #9824, #8617, #10721, #3818, #6245 ) ) ;
#837 = CARTESIAN_POINT ( 'NONE',  ( -93.87422103367251225, 4.861134159967122947, 30.00000000000000000 ) ) ;
#838 = ORIENTED_EDGE ( 'NONE', *, *, #2051, .T. ) ;
#839 = DIRECTION ( 'NONE',  ( 0.000000000000000000, -0.000000000000000000, -1.000000000000000000 ) ) ;
#840 = VECTOR ( 'NONE', #473, 1000.000000000000000 ) ;
#841 = LINE ( 'NONE', #10000, #2826 ) ;
#842 = VERTEX_POINT ( 'NONE', #3198 ) ;
#843 = CARTESIAN_POINT ( 'NONE',  ( -85.15828051332425730, 7.332600169196325623, -17.57978544521101583 ) ) ;
#844 = CARTESIAN_POINT ( 'NONE',  ( 32.73747638465002296, -85.44300813972131436, -16.00000000000000000 ) ) ;
#845 = DIRECTION ( 'NONE',  ( 1.000000000000000000, 0.000000000000000000, 1.387778780781444492E-15 ) ) ;
#846 = AXIS2_PLACEMENT_3D ( 'NONE', #14, #63, #8402 ) ;
#847 = ORIENTED_EDGE ( 'NONE', *, *, #9459, .F. ) ;
#848 = CARTESIAN_POINT ( 'NONE',  ( -29.21275527316143794, -52.10674725922047656, -3.000000000000002665 ) ) ;
#849 = EDGE_CURVE ( 'NONE', #3182, #7639, #6530, .T. ) ;
#850 = DIRECTION ( 'NONE',  ( -0.000000000000000000, 0.000000000000000000, 1.000000000000000000 ) ) ;
#851 = AXIS2_PLACEMENT_3D ( 'NONE', #8132, #728, #9826 ) ;
#852 = AXIS2_PLACEMENT_3D ( 'NONE', #3586, #1087, #4408 ) ;
#853 = DIRECTION ( 'NONE',  ( -0.000000000000000000, -0.000000000000000000, 1.000000000000000000 ) ) ;
#854 = DIRECTION ( 'NONE',  ( -0.000000000000000000, 0.000000000000000000, 1.000000000000000000 ) ) ;
#855 = ORIENTED_EDGE ( 'NONE', *, *, #8499, .F. ) ;
#856 = EDGE_CURVE ( 'NONE', #10549, #6395, #3081, .T. ) ;
#857 = EDGE_CURVE ( 'NONE', #1566, #6455, #6334, .T. ) ;
#858 = CIRCLE ( 'NONE', #7805, 90.00000000000001421 ) ;
#859 = B_SPLINE_SURFACE_WITH_KNOTS ( 'NONE', 2, 3, ( 
 ( #5794, #7597, #132, #848 ),
 ( #6663, #5202, #9136, #6774 ),
 ( #9298, #1009, #1825, #4172 ) ),
 .UNSPECIFIED., .F., .F., .F.,
 ( 3, 3 ),
 ( 4, 4 ),
 ( 0.000000000000000000, 1.000000000000000000 ),
 ( 4.829737536127014508, 5.223358955360322575 ),
 .UNSPECIFIED. ) ;
#860 = ORIENTED_EDGE ( 'NONE', *, *, #9585, .F. ) ;
#861 = PRESENTATION_LAYER_ASSIGNMENT (  '', '', ( #6238 ) ) ;
#862 = CARTESIAN_POINT ( 'NONE',  ( -17.68227568041974251, -80.88715808327080481, 21.33333340060449856 ) ) ;
#863 = DIRECTION ( 'NONE',  ( -1.000000000000000000, 0.000000000000000000, 0.000000000000000000 ) ) ;
#864 = EDGE_LOOP ( 'NONE', ( #8908, #4597, #9462, #3796, #4795, #1098, #880, #2491 ) ) ;
#865 = DIRECTION ( 'NONE',  ( -0.000000000000000000, -0.000000000000000000, -1.000000000000000000 ) ) ;
#866 = EDGE_CURVE ( 'NONE', #7186, #335, #1147, .T. ) ;
#867 = CARTESIAN_POINT ( 'NONE',  ( 19.60877380046725449, -83.33213130728833562, 31.81104402676946563 ) ) ;
#868 = VECTOR ( 'NONE', #1223, 999.9999999999998863 ) ;
#869 = DIRECTION ( 'NONE',  ( 1.000000000000000000, 0.000000000000000000, 0.000000000000000000 ) ) ;
#870 = CARTESIAN_POINT ( 'NONE',  ( 73.08853718130738741, -59.11062284138656509, -3.000000000000000000 ) ) ;
#871 = ORIENTED_EDGE ( 'NONE', *, *, #6534, .T. ) ;
#872 = ADVANCED_FACE ( 'NONE', ( #9739 ), #5590, .T. ) ;
#873 = DIRECTION ( 'NONE',  ( -0.000000000000000000, -0.000000000000000000, -1.000000000000000000 ) ) ;
#874 = CARTESIAN_POINT ( 'NONE',  ( 0.000000000000000000, 0.000000000000000000, 16.99999999999998579 ) ) ;
#875 = CARTESIAN_POINT ( 'NONE',  ( 29.43960443291678786, -58.06365161503886441, -3.000000000000001776 ) ) ;
#876 = DIRECTION ( 'NONE',  ( 1.000000000000000000, 0.000000000000000000, 0.000000000000000000 ) ) ;
#877 = CARTESIAN_POINT ( 'NONE',  ( 28.27582184929685383, -52.62095849500829559, 17.00000000000000000 ) ) ;
#878 = CARTESIAN_POINT ( 'NONE',  ( -73.11921928873326237, 44.85942088841968456, -18.11763093304956129 ) ) ;
#879 = AXIS2_PLACEMENT_3D ( 'NONE', #289, #9559, #7039 ) ;
#880 = ORIENTED_EDGE ( 'NONE', *, *, #3685, .T. ) ;
#881 = CYLINDRICAL_SURFACE ( 'NONE', #3282, 2.500000000000000444 ) ;
#882 = B_SPLINE_CURVE_WITH_KNOTS ( 'NONE', 3,
 ( #5462, #1546, #3998, #5569, #6431, #9773, #3011, #1487, #503, #1380, #4803, #3177, #4700, #1322 ),
 .UNSPECIFIED., .F., .F.,
 ( 4, 2, 2, 2, 2, 2, 4 ),
 ( 0.000000000000000000, 0.001101176268179980761, 0.001651764402269956288, 0.002202352536359932032, 0.002752940670449907559, 0.003303528804539883519, 0.004404705072719832838 ),
 .UNSPECIFIED. ) ;
#883 = PLANE ( 'NONE',  #5275 ) ;
#884 = ORIENTED_EDGE ( 'NONE', *, *, #8582, .F. ) ;
#885 = DIRECTION ( 'NONE',  ( 0.000000000000000000, -0.000000000000000000, -1.000000000000000000 ) ) ;
#886 = AXIS2_PLACEMENT_3D ( 'NONE', #5238, #3763, #1051 ) ;
#887 = CARTESIAN_POINT ( 'NONE',  ( 0.000000000000000000, 0.000000000000000000, -18.50000000000000000 ) ) ;
#888 = CARTESIAN_POINT ( 'NONE',  ( 33.53194179453787882, -78.27408104470487160, 31.04595453367436519 ) ) ;
#889 = CARTESIAN_POINT ( 'NONE',  ( -19.21168335098288793, 83.20725894087036068, 31.44910535889075476 ) ) ;
#890 = CARTESIAN_POINT ( 'NONE',  ( 76.70731484416432977, 49.88223981938107698, -16.00000000000000000 ) ) ;
#891 = EDGE_CURVE ( 'NONE', #6992, #9108, #10208, .T. ) ;
#892 = FACE_OUTER_BOUND ( 'NONE', #1208, .T. ) ;
#893 = ORIENTED_EDGE ( 'NONE', *, *, #7608, .F. ) ;
#894 = DIRECTION ( 'NONE',  ( -0.000000000000000000, -0.000000000000000000, 1.000000000000000000 ) ) ;
#895 = ORIENTED_EDGE ( 'NONE', *, *, #2881, .T. ) ;
#896 = DIRECTION ( 'NONE',  ( -1.000000000000000000, 0.000000000000000000, 0.000000000000000000 ) ) ;
#897 = AXIS2_PLACEMENT_3D ( 'NONE', #887, #4097, #10036 ) ;
#898 = CARTESIAN_POINT ( 'NONE',  ( 0.000000000000000000, 0.000000000000000000, 0.000000000000000000 ) ) ;
#899 = EDGE_LOOP ( 'NONE', ( #6053, #3645, #1740, #1313 ) ) ;
#900 = CARTESIAN_POINT ( 'NONE',  ( 41.30779598911071560, -43.15267505868157372, 17.00000000000000000 ) ) ;
#901 = DIRECTION ( 'NONE',  ( -1.000000000000000000, 0.000000000000000000, -0.000000000000000000 ) ) ;
#902 = CARTESIAN_POINT ( 'NONE',  ( 11.12455864745020584, -12.38525498271514280, -3.000000000000000000 ) ) ;
#903 = ORIENTED_EDGE ( 'NONE', *, *, #5806, .F. ) ;
#904 = CARTESIAN_POINT ( 'NONE',  ( 35.18221305882460115, 84.92026289206614820, -18.46451126154764211 ) ) ;
#905 = AXIS2_PLACEMENT_3D ( 'NONE', #10630, #709, #8991 ) ;
#906 = CARTESIAN_POINT ( 'NONE',  ( 0.000000000000000000, 0.000000000000000000, 14.00000000000000000 ) ) ;
#907 = DIRECTION ( 'NONE',  ( -0.000000000000000000, -0.000000000000000000, -1.000000000000000000 ) ) ;
#908 = ORIENTED_EDGE ( 'NONE', *, *, #7709, .F. ) ;
#909 = ORIENTED_EDGE ( 'NONE', *, *, #5308, .F. ) ;
#910 = VECTOR ( 'NONE', #4430, 1000.000000000000114 ) ;
#911 = EDGE_CURVE ( 'NONE', #8653, #2651, #103, .T. ) ;
#912 = CARTESIAN_POINT ( 'NONE',  ( 0.000000000000000000, 0.000000000000000000, -3.000000000000000000 ) ) ;
#913 = LINE ( 'NONE', #4940, #2238 ) ;
#914 = EDGE_CURVE ( 'NONE', #4214, #131, #3304, .T. ) ;
#915 = ORIENTED_EDGE ( 'NONE', *, *, #5043, .T. ) ;
#916 = EDGE_CURVE ( 'NONE', #5775, #1406, #3750, .T. ) ;
#917 = CARTESIAN_POINT ( 'NONE',  ( -78.80314311859505949, 51.24514254668658708, 30.00000000000000000 ) ) ;
#918 = CARTESIAN_POINT ( 'NONE',  ( -54.45767756179528618, -50.76604661056428114, -6.472556012208907639 ) ) ;
#919 = AXIS2_PLACEMENT_3D ( 'NONE', #3503, #5034, #5194 ) ;
#920 = CYLINDRICAL_SURFACE ( 'NONE', #2327, 2.500000000000002220 ) ;
#921 = VERTEX_POINT ( 'NONE', #9194 ) ;
#922 = CARTESIAN_POINT ( 'NONE',  ( -67.28743060133282938, -55.53357098155580474, -18.49414825125930051 ) ) ;
#923 = DIRECTION ( 'NONE',  ( 1.000000000000000000, 0.000000000000000000, 0.000000000000000000 ) ) ;
#924 = DIRECTION ( 'NONE',  ( 0.000000000000000000, -1.000000000000000000, 2.775557561562888984E-15 ) ) ;
#925 = CARTESIAN_POINT ( 'NONE',  ( 84.80501470342649384, -7.702750485835093919, -17.04595453367500468 ) ) ;
#926 = DIRECTION ( 'NONE',  ( 1.000000000000000000, 0.000000000000000000, 0.000000000000000000 ) ) ;
#927 = CARTESIAN_POINT ( 'NONE',  ( -74.22174312549206832, 9.027411988098201334, -6.651639278719104098 ) ) ;
#928 = ORIENTED_EDGE ( 'NONE', *, *, #9774, .F. ) ;
#929 = EDGE_CURVE ( 'NONE', #4457, #7049, #6563, .T. ) ;
#930 = CARTESIAN_POINT ( 'NONE',  ( 0.000000000000000000, 0.000000000000000000, -3.000000000000000000 ) ) ;
#931 = DIRECTION ( 'NONE',  ( -0.000000000000000000, -0.000000000000000000, -1.000000000000000000 ) ) ;
#932 = EDGE_LOOP ( 'NONE', ( #2580, #5696 ) ) ;
#933 = CIRCLE ( 'NONE', #3706, 94.00000000000001421 ) ;
#934 = CARTESIAN_POINT ( 'NONE',  ( -34.77390060466390054, -83.01069712234051678, -3.000000000000000000 ) ) ;
#935 = LINE ( 'NONE', #4964, #2280 ) ;
#936 = CARTESIAN_POINT ( 'NONE',  ( -91.37756621894718023, 4.731848676989273805, 30.00000000000000000 ) ) ;
#937 = CARTESIAN_POINT ( 'NONE',  ( 41.30779598911071560, -43.15267505868157372, 17.00000000000000000 ) ) ;
#938 = DIRECTION ( 'NONE',  ( 0.7439559807600383268, 0.6682286275604850667, 0.000000000000000000 ) ) ;
#939 = AXIS2_PLACEMENT_3D ( 'NONE', #4291, #3317, #1633 ) ;
#940 = VERTEX_POINT ( 'NONE', #9955 ) ;
#941 = TOROIDAL_SURFACE ( 'NONE', #9816, 91.50000000000001421, 2.500000000000000000 ) ;
#942 = CARTESIAN_POINT ( 'NONE',  ( -26.36704873968083973, -43.69414826633877169, 14.00000000000000000 ) ) ;
#943 = VERTEX_POINT ( 'NONE', #1672 ) ;
#944 = CYLINDRICAL_SURFACE ( 'NONE', #4935, 2.500000000000002220 ) ;
#945 = ORIENTED_EDGE ( 'NONE', *, *, #10081, .F. ) ;
#946 = CARTESIAN_POINT ( 'NONE',  ( -76.70731484416437240, -49.88223981938105567, 17.00000000000000000 ) ) ;
#947 = CIRCLE ( 'NONE', #7022, 90.00000000000001421 ) ;
#948 = CARTESIAN_POINT ( 'NONE',  ( 58.78321495181216960, -10.63113418810930888, 17.00000000000000000 ) ) ;
#949 = EDGE_LOOP ( 'NONE', ( #6198, #550, #1986, #7885 ) ) ;
#950 = CARTESIAN_POINT ( 'NONE',  ( 91.37756621894718023, 4.731848676989292457, 30.00000000000000355 ) ) ;
#951 = CARTESIAN_POINT ( 'NONE',  ( 54.45767756182840458, -50.76604661058344448, 20.47255601219755405 ) ) ;
#952 = LINE ( 'NONE', #4273, #1192 ) ;
#953 = VERTEX_POINT ( 'NONE', #6923 ) ;
#954 = DIRECTION ( 'NONE',  ( -1.000000000000000000, 0.000000000000000000, 0.000000000000000000 ) ) ;
#955 = CARTESIAN_POINT ( 'NONE',  ( -78.37788641306558191, -48.02234986748095480, 17.00000000000000000 ) ) ;
#956 = DIRECTION ( 'NONE',  ( -0.000000000000000000, -0.000000000000000000, 1.000000000000000000 ) ) ;
#957 = EDGE_LOOP ( 'NONE', ( #2297, #8889, #107, #2305 ) ) ;
#958 = EDGE_CURVE ( 'NONE', #4972, #9416, #7050, .T. ) ;
#959 = EDGE_LOOP ( 'NONE', ( #306, #10343, #5702, #372 ) ) ;
#960 = ADVANCED_FACE ( 'NONE', ( #4177 ), #1103, .T. ) ;
#961 = CARTESIAN_POINT ( 'NONE',  ( -9.739217246009062023, -62.98835414961295953, 17.00000000000000000 ) ) ;
#962 = FACE_OUTER_BOUND ( 'NONE', #5289, .T. ) ;
#963 = ORIENTED_EDGE ( 'NONE', *, *, #10720, .T. ) ;
#964 = CARTESIAN_POINT ( 'NONE',  ( 85.52239704466641967, 6.686364900504979225, -18.11763093304673689 ) ) ;
#965 = DIRECTION ( 'NONE',  ( 0.000000000000000000, 0.000000000000000000, -1.000000000000000000 ) ) ;
#966 = CYLINDRICAL_SURFACE ( 'NONE', #6699, 51.03332099679091982 ) ;
#967 = B_SPLINE_CURVE_WITH_KNOTS ( 'NONE', 3,
 ( #8249, #10706, #9671, #10762, #3293, #10659, #622, #8855, #10601, #1392, #6497, #3133 ),
 .UNSPECIFIED., .F., .F.,
 ( 4, 1, 1, 1, 2, 2, 1, 4 ),
 ( 0.08354533723125648348, 0.3126590029234465051, 0.4272158357695415853, 0.4844942521925885703, 0.4988138562983500668, 0.5131334604041115632, 0.5417726686156344451, 1.000000000000000000 ),
 .UNSPECIFIED. ) ;
#968 = CARTESIAN_POINT ( 'NONE',  ( 0.000000000000000000, 0.000000000000000000, 32.50000000000000000 ) ) ;
#969 = VERTEX_POINT ( 'NONE', #9139 ) ;
#970 = VECTOR ( 'NONE', #1340, 1000.000000000000000 ) ;
#971 = EDGE_CURVE ( 'NONE', #9642, #5567, #8260, .T. ) ;
#972 = DIRECTION ( 'NONE',  ( -0.000000000000000000, 0.000000000000000000, 1.000000000000000000 ) ) ;
#973 = CARTESIAN_POINT ( 'NONE',  ( 72.56107605579038022, -46.15846078176503653, -18.50000000005985612 ) ) ;
#974 = DIRECTION ( 'NONE',  ( -0.000000000000000000, 0.000000000000000000, 1.000000000000000000 ) ) ;
#975 = CARTESIAN_POINT ( 'NONE',  ( -91.37756621894718023, -4.731848676989286240, -18.50000000000000000 ) ) ;
#976 = CARTESIAN_POINT ( 'NONE',  ( -85.83440617536430750, -5.307351189431855687, -18.49999999998498978 ) ) ;
#977 = CARTESIAN_POINT ( 'NONE',  ( 64.57935473614884359, -55.98854696445451395, 31.57491144068814393 ) ) ;
#978 = ORIENTED_EDGE ( 'NONE', *, *, #1586, .F. ) ;
#979 = AXIS2_PLACEMENT_3D ( 'NONE', #1983, #5465, #2856 ) ;
#980 = DIRECTION ( 'NONE',  ( -0.000000000000000000, 0.000000000000000000, 1.000000000000000000 ) ) ;
#981 = EDGE_CURVE ( 'NONE', #5708, #4374, #5190, .T. ) ;
#982 = DIRECTION ( 'NONE',  ( -0.000000000000000000, -0.000000000000000000, 1.000000000000000000 ) ) ;
#983 = EDGE_LOOP ( 'NONE', ( #7432, #4469, #10100, #772 ) ) ;
#984 = LINE ( 'NONE', #10144, #7442 ) ;
#985 = ADVANCED_FACE ( 'NONE', ( #6864 ), #802, .T. ) ;
#986 = ADVANCED_FACE ( 'NONE', ( #2795 ), #5797, .F. ) ;
#987 = EDGE_CURVE ( 'NONE', #9076, #5469, #8856, .T. ) ;
#988 = DIRECTION ( 'NONE',  ( -0.000000000000000000, 0.000000000000000000, -1.000000000000000000 ) ) ;
#989 = AXIS2_PLACEMENT_3D ( 'NONE', #6525, #5764, #4951 ) ;
#990 = CARTESIAN_POINT ( 'NONE',  ( -71.14469310733639418, -57.53853180837101888, -16.00000000000000000 ) ) ;
#991 = CARTESIAN_POINT ( 'NONE',  ( -31.60224044595331350, 68.17770927061164343, 20.86977052614794914 ) ) ;
#992 = CARTESIAN_POINT ( 'NONE',  ( -61.77761906766507138, 33.11182538453847002, 18.12358131652549886 ) ) ;
#993 = CARTESIAN_POINT ( 'NONE',  ( -35.23747638465003718, 85.44300813972132858, -3.000000000000000888 ) ) ;
#994 = ORIENTED_EDGE ( 'NONE', *, *, #3854, .T. ) ;
#995 = FACE_OUTER_BOUND ( 'NONE', #6387, .T. ) ;
#996 = ORIENTED_EDGE ( 'NONE', *, *, #7501, .F. ) ;
#997 = EDGE_CURVE ( 'NONE', #10494, #3614, #4452, .T. ) ;
#998 = AXIS2_PLACEMENT_3D ( 'NONE', #2940, #2119, #9809 ) ;
#999 = DIRECTION ( 'NONE',  ( -0.6682286275604842896, 0.7439559807600391039, 0.000000000000000000 ) ) ;
#1000 = EDGE_LOOP ( 'NONE', ( #2950, #7813, #4491, #6705 ) ) ;
#1001 = CARTESIAN_POINT ( 'NONE',  ( 14.78258981536210293, 58.40786793614060457, -3.000000000000002665 ) ) ;
#1002 = EDGE_CURVE ( 'NONE', #5899, #1248, #806, .T. ) ;
#1003 = CARTESIAN_POINT ( 'NONE',  ( -32.73747638465003718, 85.44300813972131436, -16.00000000000000000 ) ) ;
#1004 = ORIENTED_EDGE ( 'NONE', *, *, #1582, .T. ) ;
#1005 = CARTESIAN_POINT ( 'NONE',  ( 46.50970724629630837, -38.17154845768599358, 17.00000000000000000 ) ) ;
#1006 = CARTESIAN_POINT ( 'NONE',  ( 73.11921928866230758, -44.85942088836382879, -18.11763093305329875 ) ) ;
#1007 = CARTESIAN_POINT ( 'NONE',  ( 23.73696534790351720, -88.36745145172190519, -16.00000000000000000 ) ) ;
#1008 = ORIENTED_EDGE ( 'NONE', *, *, #10216, .T. ) ;
#1009 = CARTESIAN_POINT ( 'NONE',  ( -21.28169612563985069, -84.08665276529063703, -18.50000000017854873 ) ) ;
#1010 = DIRECTION ( 'NONE',  ( -0.000000000000000000, 0.000000000000000000, 1.000000000000000000 ) ) ;
#1011 = DIRECTION ( 'NONE',  ( -0.000000000000000000, -0.000000000000000000, 1.000000000000000000 ) ) ;
#1012 = VECTOR ( 'NONE', #9732, 1000.000000000000227 ) ;
#1013 = EDGE_LOOP ( 'NONE', ( #6159, #7937, #3703, #2525 ) ) ;
#1014 = EDGE_LOOP ( 'NONE', ( #10172, #8411, #3804, #7327 ) ) ;
#1015 = VECTOR ( 'NONE', #9938, 1000.000000000000000 ) ;
#1016 = CARTESIAN_POINT ( 'NONE',  ( -72.75018757559281823, -42.96752442999645183, -15.99988756943687385 ) ) ;
#1017 = CARTESIAN_POINT ( 'NONE',  ( 0.000000000000000000, 0.000000000000000000, 0.000000000000000000 ) ) ;
#1018 = VECTOR ( 'NONE', #9424, 1000.000000000000000 ) ;
#1019 = ORIENTED_EDGE ( 'NONE', *, *, #8582, .T. ) ;
#1020 = CARTESIAN_POINT ( 'NONE',  ( -47.01416648434900480, -19.85114610654548173, 17.00000000000000000 ) ) ;
#1021 = CARTESIAN_POINT ( 'NONE',  ( -71.14469310733639418, 57.53853180837101178, 30.00000000000000355 ) ) ;
#1022 = EDGE_CURVE ( 'NONE', #4385, #4972, #1263, .T. ) ;
#1023 = LINE ( 'NONE', #7507, #4268 ) ;
#1024 = AXIS2_PLACEMENT_3D ( 'NONE', #1017, #248, #4342 ) ;
#1025 = DIRECTION ( 'NONE',  ( -0.000000000000000000, -0.000000000000000000, 1.000000000000000000 ) ) ;
#1026 = VERTEX_POINT ( 'NONE', #4581 ) ;
#1027 = CIRCLE ( 'NONE', #7288, 2.500000000000000444 ) ;
#1028 = DIRECTION ( 'NONE',  ( 0.2090980990620617541, -0.9778946696698127550, 0.000000000000000000 ) ) ;
#1029 = CARTESIAN_POINT ( 'NONE',  ( -49.70347058474199287, -11.57431915030802827, 0.000000000000000000 ) ) ;
#1030 = CARTESIAN_POINT ( 'NONE',  ( 66.07638854649856341, -55.02230383175322004, -18.47998818981151103 ) ) ;
#1031 = CARTESIAN_POINT ( 'NONE',  ( 76.70731484416432977, 49.88223981938107698, -16.00000000000000000 ) ) ;
#1032 = DIRECTION ( 'NONE',  ( 0.000000000000000000, 1.000000000000000000, 0.000000000000000000 ) ) ;
#1033 = CARTESIAN_POINT ( 'NONE',  ( 65.81204892845649113, -55.28630718726313376, 32.41801905197117861 ) ) ;
#1034 = ORIENTED_EDGE ( 'NONE', *, *, #102, .F. ) ;
#1035 = AXIS2_PLACEMENT_3D ( 'NONE', #7863, #7042, #8745 ) ;
#1036 = CIRCLE ( 'NONE', #7115, 91.50000000000001421 ) ;
#1037 = DIRECTION ( 'NONE',  ( 0.000000000000000000, 0.000000000000000000, -1.000000000000000000 ) ) ;
#1038 = CYLINDRICAL_SURFACE ( 'NONE', #2330, 2.500000000000001332 ) ;
#1039 = ORIENTED_EDGE ( 'NONE', *, *, #7020, .F. ) ;
#1040 = LINE ( 'NONE', #7680, #7081 ) ;
#1041 = VECTOR ( 'NONE', #7202, 1000.000000000000000 ) ;
#1042 = AXIS2_PLACEMENT_3D ( 'NONE', #10466, #8826, #6412 ) ;
#1043 = DIRECTION ( 'NONE',  ( 1.000000000000000000, 0.000000000000000000, 0.000000000000000000 ) ) ;
#1044 = CARTESIAN_POINT ( 'NONE',  ( 14.35020098137615818, -73.37869616989597432, -6.651639278679783551 ) ) ;
#1045 = CARTESIAN_POINT ( 'NONE',  ( -46.10263849871461161, -45.92873941763406265, 17.00000000000000000 ) ) ;
#1046 = CARTESIAN_POINT ( 'NONE',  ( -67.34724340128065023, 38.11451710384848468, 22.29373426500127309 ) ) ;
#1047 = ADVANCED_FACE ( 'NONE', ( #10317 ), #6670, .T. ) ;
#1048 = DIRECTION ( 'NONE',  ( 0.000000000000000000, 0.000000000000000000, -1.000000000000000000 ) ) ;
#1049 = ORIENTED_EDGE ( 'NONE', *, *, #10669, .T. ) ;
#1050 = EDGE_CURVE ( 'NONE', #3545, #533, #8733, .T. ) ;
#1051 = DIRECTION ( 'NONE',  ( -1.000000000000000000, 0.000000000000000000, 0.000000000000000000 ) ) ;
#1052 = ADVANCED_FACE ( 'NONE', ( #2130 ), #3767, .F. ) ;
#1053 = ORIENTED_EDGE ( 'NONE', *, *, #7497, .T. ) ;
#1054 = CIRCLE ( 'NONE', #8351, 2.499999999999999556 ) ;
#1055 = DIRECTION ( 'NONE',  ( -1.000000000000000000, 0.000000000000000000, 0.000000000000000000 ) ) ;
#1056 = VERTEX_POINT ( 'NONE', #1209 ) ;
#1057 = CARTESIAN_POINT ( 'NONE',  ( 0.000000000000000000, 0.000000000000000000, 17.00000000000000000 ) ) ;
#1058 = CARTESIAN_POINT ( 'NONE',  ( -32.73747638465006560, 85.44300813972130015, 14.00000000000000000 ) ) ;
#1059 = CARTESIAN_POINT ( 'NONE',  ( -21.45186988444696397, -89.38152182545849200, 30.00000000000000355 ) ) ;
#1060 = ORIENTED_EDGE ( 'NONE', *, *, #9357, .F. ) ;
#1061 = CARTESIAN_POINT ( 'NONE',  ( -71.72194674751905552, -60.76152034590681694, 30.00000000000000355 ) ) ;
#1062 = EDGE_CURVE ( 'NONE', #9555, #3146, #8330, .T. ) ;
#1063 = DIRECTION ( 'NONE',  ( -0.7439559807600391039, 0.6682286275604842896, 0.000000000000000000 ) ) ;
#1064 = CARTESIAN_POINT ( 'NONE',  ( -66.64214824496534106, 55.51846396075071510, -18.50000000003825917 ) ) ;
#1065 = VERTEX_POINT ( 'NONE', #6507 ) ;
#1066 = DIRECTION ( 'NONE',  ( 0.9140381853826250458, -0.4056281494946301636, 0.000000000000000000 ) ) ;
#1067 = DIRECTION ( 'NONE',  ( -1.000000000000000000, 0.000000000000000000, -0.000000000000000000 ) ) ;
#1068 = EDGE_CURVE ( 'NONE', #7156, #5310, #3411, .T. ) ;
#1069 = CARTESIAN_POINT ( 'NONE',  ( -91.37756621894718023, 4.731848676989273805, 17.00000000000000000 ) ) ;
#1070 = ORIENTED_EDGE ( 'NONE', *, *, #8844, .T. ) ;
#1071 = VERTEX_POINT ( 'NONE', #10716 ) ;
#1072 = DIRECTION ( 'NONE',  ( 0.000000000000000000, 0.000000000000000000, -1.000000000000000000 ) ) ;
#1073 = EDGE_LOOP ( 'NONE', ( #9198, #8607, #537, #10500, #909, #7385 ) ) ;
#1074 = AXIS2_PLACEMENT_3D ( 'NONE', #3917, #7233, #3098 ) ;
#1075 = ORIENTED_EDGE ( 'NONE', *, *, #9577, .T. ) ;
#1076 = LINE ( 'NONE', #5000, #110 ) ;
#1077 = CARTESIAN_POINT ( 'NONE',  ( -69.89206765410004607, 59.70207738771622985, -3.000000000000000000 ) ) ;
#1078 = CARTESIAN_POINT ( 'NONE',  ( -24.38551631369324113, 90.78186269357225058, 14.00000000000000000 ) ) ;
#1079 = ORIENTED_EDGE ( 'NONE', *, *, #447, .T. ) ;
#1080 = AXIS2_PLACEMENT_3D ( 'NONE', #1111, #283, #448 ) ;
#1081 = DIRECTION ( 'NONE',  ( -0.000000000000000000, -0.000000000000000000, 1.000000000000000000 ) ) ;
#1082 = EDGE_CURVE ( 'NONE', #10708, #1297, #7435, .T. ) ;
#1083 = SPHERICAL_SURFACE ( 'NONE', #8860, 2.500000000000000000 ) ;
#1084 = DIRECTION ( 'NONE',  ( -1.000000000000000000, 0.000000000000000000, 0.000000000000000000 ) ) ;
#1085 = ORIENTED_EDGE ( 'NONE', *, *, #10760, .T. ) ;
#1086 = VECTOR ( 'NONE', #7323, 1000.000000000000227 ) ;
#1087 = DIRECTION ( 'NONE',  ( 0.000000000000000000, -0.000000000000000000, -1.000000000000000000 ) ) ;
#1088 = DIRECTION ( 'NONE',  ( -0.9338033676472271560, 0.3577866271546457644, -2.591824998086151525E-15 ) ) ;
#1089 = VERTEX_POINT ( 'NONE', #5745 ) ;
#1090 = CARTESIAN_POINT ( 'NONE',  ( 0.000000000000000000, 0.000000000000000000, 17.00000000000000000 ) ) ;
#1091 = CARTESIAN_POINT ( 'NONE',  ( 33.63194295253668997, 87.77751655883938042, -3.000000000000000000 ) ) ;
#1092 = LINE ( 'NONE', #7785, #2382 ) ;
#1093 = EDGE_CURVE ( 'NONE', #10561, #4755, #3235, .T. ) ;
#1094 = CARTESIAN_POINT ( 'NONE',  ( -54.40638177297905287, -50.73634794771725609, 20.44096778184816543 ) ) ;
#1095 = EDGE_CURVE ( 'NONE', #7820, #6230, #8994, .T. ) ;
#1096 = DIRECTION ( 'NONE',  ( 0.9778946696698131991, 0.2090980990620599500, 0.000000000000000000 ) ) ;
#1097 = PLANE ( 'NONE',  #7798 ) ;
#1098 = ORIENTED_EDGE ( 'NONE', *, *, #8355, .T. ) ;
#1099 = CARTESIAN_POINT ( 'NONE',  ( 32.73747638465011534, -85.44300813972128594, 30.00000000000000000 ) ) ;
#1100 = ORIENTED_EDGE ( 'NONE', *, *, #8947, .T. ) ;
#1101 = CYLINDRICAL_SURFACE ( 'NONE', #402, 2.500000000000002220 ) ;
#1102 = VERTEX_POINT ( 'NONE', #1623 ) ;
#1103 = CYLINDRICAL_SURFACE ( 'NONE', #272, 2.500000000000000888 ) ;
#1104 = B_SPLINE_CURVE_WITH_KNOTS ( 'NONE', 3,
 ( #7067, #322, #2780, #8608, #251, #87, #41, #5155, #7605, #964, #4234, #2608, #5213, #6676 ),
 .UNSPECIFIED., .F., .F.,
 ( 4, 2, 2, 2, 2, 2, 4 ),
 ( 0.000000000000000000, 0.001101176268180987334, 0.001651764402271481110, 0.002202352536361974669, 0.002752940670452468444, 0.003303528804542962220, 0.004404705072723933724 ),
 .UNSPECIFIED. ) ;
#1105 = DIRECTION ( 'NONE',  ( -0.7439559807600391039, 0.6682286275604842896, 0.000000000000000000 ) ) ;
#1106 = DIRECTION ( 'NONE',  ( 1.000000000000000000, 0.000000000000000000, 0.000000000000000000 ) ) ;
#1107 = ADVANCED_FACE ( 'NONE', ( #632 ), #5845, .F. ) ;
#1108 = ORIENTED_EDGE ( 'NONE', *, *, #1050, .T. ) ;
#1109 = EDGE_CURVE ( 'NONE', #6165, #9995, #10771, .T. ) ;
#1110 = AXIS2_PLACEMENT_3D ( 'NONE', #605, #3988, #3928 ) ;
#1111 = CARTESIAN_POINT ( 'NONE',  ( -76.70731484416435819, -49.88223981938105567, 30.00000000000000355 ) ) ;
#1112 = CARTESIAN_POINT ( 'NONE',  ( -21.93100995484383020, 56.02901732262408530, -3.000000000000000000 ) ) ;
#1113 = FACE_OUTER_BOUND ( 'NONE', #836, .T. ) ;
#1114 = ORIENTED_EDGE ( 'NONE', *, *, #5703, .F. ) ;
#1115 = DIRECTION ( 'NONE',  ( -0.000000000000000000, 0.000000000000000000, 1.000000000000000000 ) ) ;
#1116 = DIRECTION ( 'NONE',  ( 0.000000000000000000, 0.000000000000000000, -1.000000000000000000 ) ) ;
#1117 = VECTOR ( 'NONE', #7610, 1000.000000000000114 ) ;
#1118 = CARTESIAN_POINT ( 'NONE',  ( -62.06882639002920143, 55.17266454440103018, -13.79952768905019234 ) ) ;
#1119 = ADVANCED_FACE ( 'NONE', ( #3302 ), #4990, .T. ) ;
#1120 = EDGE_CURVE ( 'NONE', #1232, #4734, #3932, .T. ) ;
#1121 = ORIENTED_EDGE ( 'NONE', *, *, #2911, .F. ) ;
#1122 = ADVANCED_FACE ( 'NONE', ( #10611 ), #9677, .T. ) ;
#1123 = ORIENTED_EDGE ( 'NONE', *, *, #2923, .T. ) ;
#1124 = EDGE_CURVE ( 'NONE', #4479, #8594, #1504, .T. ) ;
#1125 = CARTESIAN_POINT ( 'NONE',  ( 73.16407312018777986, 43.73306294532776661, -17.18477683937039302 ) ) ;
#1126 = VERTEX_POINT ( 'NONE', #5641 ) ;
#1127 = VERTEX_POINT ( 'NONE', #4013 ) ;
#1128 = DIRECTION ( 'NONE',  ( 0.000000000000000000, 0.000000000000000000, -1.000000000000000000 ) ) ;
#1129 = CARTESIAN_POINT ( 'NONE',  ( -65.92939674319903531, 54.51903777309088639, -18.50000000000000000 ) ) ;
#1130 = DIRECTION ( 'NONE',  ( -1.000000000000000000, 0.000000000000000000, 0.000000000000000000 ) ) ;
#1131 = EDGE_CURVE ( 'NONE', #1065, #1574, #10030, .T. ) ;
#1132 = ORIENTED_EDGE ( 'NONE', *, *, #7112, .T. ) ;
#1133 = CARTESIAN_POINT ( 'NONE',  ( 37.87113999178239254, -67.55069494534551211, 17.00000000000000000 ) ) ;
#1134 = CARTESIAN_POINT ( 'NONE',  ( 0.000000000000000000, 0.000000000000000000, 32.50000000000000000 ) ) ;
#1135 = LINE ( 'NONE', #365, #9033 ) ;
#1136 = DIRECTION ( 'NONE',  ( -1.000000000000000000, 0.000000000000000000, 0.000000000000000000 ) ) ;
#1137 = ORIENTED_EDGE ( 'NONE', *, *, #8390, .F. ) ;
#1138 = CARTESIAN_POINT ( 'NONE',  ( 58.58369935574947363, 11.68111083677661988, 17.00000000000000000 ) ) ;
#1139 = CARTESIAN_POINT ( 'NONE',  ( -49.70347058474199997, -11.57431915030803360, 17.00000000000000000 ) ) ;
#1140 = ORIENTED_EDGE ( 'NONE', *, *, #8241, .F. ) ;
#1141 = CARTESIAN_POINT ( 'NONE',  ( -23.73696534790352786, 88.36745145172190519, -18.50000000000000000 ) ) ;
#1142 = DIRECTION ( 'NONE',  ( 0.9946479639414453899, 0.1033219619787452970, 0.000000000000000000 ) ) ;
#1143 = DIRECTION ( 'NONE',  ( -0.4056281494946316069, 0.9140381853826243796, -0.000000000000000000 ) ) ;
#1144 = CARTESIAN_POINT ( 'NONE',  ( -24.38551631369319139, -90.78186269357226479, -3.000000000000000000 ) ) ;
#1145 = DIRECTION ( 'NONE',  ( -0.000000000000000000, 0.000000000000000000, 1.000000000000000000 ) ) ;
#1146 = DIRECTION ( 'NONE',  ( 1.000000000000000000, 0.000000000000000000, 0.000000000000000000 ) ) ;
#1147 = CIRCLE ( 'NONE', #8986, 91.50000000000001421 ) ;
#1148 = CIRCLE ( 'NONE', #4284, 2.499999999999999112 ) ;
#1149 = ORIENTED_EDGE ( 'NONE', *, *, #7210, .F. ) ;
#1150 = LINE ( 'NONE', #6197, #2626 ) ;
#1151 = ORIENTED_EDGE ( 'NONE', *, *, #1908, .F. ) ;
#1152 = CARTESIAN_POINT ( 'NONE',  ( -31.60224044678006194, -68.17770927447793383, -6.869770528450096059 ) ) ;
#1153 = EDGE_LOOP ( 'NONE', ( #9729, #5435, #10445, #928 ) ) ;
#1154 = CARTESIAN_POINT ( 'NONE',  ( 58.58369935574950915, -11.68111083677651685, -3.000000000000002665 ) ) ;
#1155 = EDGE_CURVE ( 'NONE', #10549, #2300, #9844, .T. ) ;
#1156 = FACE_OUTER_BOUND ( 'NONE', #7688, .T. ) ;
#1157 = PLANE ( 'NONE',  #3350 ) ;
#1158 = EDGE_CURVE ( 'NONE', #461, #8053, #2886, .T. ) ;
#1159 = VERTEX_POINT ( 'NONE', #1568 ) ;
#1160 = CARTESIAN_POINT ( 'NONE',  ( 68.20213817285896596, 58.72366089278028767, 17.00000000000000000 ) ) ;
#1161 = CARTESIAN_POINT ( 'NONE',  ( -12.41940012609373767, -69.02784992735512049, -4.133895840729189253 ) ) ;
#1162 = CARTESIAN_POINT ( 'NONE',  ( -14.40124214465886965, 73.49371178783292180, -6.721643688663654359 ) ) ;
#1163 = TOROIDAL_SURFACE ( 'NONE', #7250, 91.50000000000001421, 2.500000000000000000 ) ;
#1164 = ORIENTED_EDGE ( 'NONE', *, *, #8912, .F. ) ;
#1165 = CARTESIAN_POINT ( 'NONE',  ( -32.73747638465007270, 85.44300813972130015, 30.00000000000000355 ) ) ;
#1166 = SPHERICAL_SURFACE ( 'NONE', #1849, 2.500000000000000000 ) ;
#1167 = LINE ( 'NONE', #10435, #6770 ) ;
#1168 = ORIENTED_EDGE ( 'NONE', *, *, #1917, .T. ) ;
#1169 = AXIS2_PLACEMENT_3D ( 'NONE', #4726, #8049, #3147 ) ;
#1170 = ORIENTED_EDGE ( 'NONE', *, *, #4710, .T. ) ;
#1171 = LINE ( 'NONE', #518, #7069 ) ;
#1172 = VERTEX_POINT ( 'NONE', #9953 ) ;
#1173 = ADVANCED_FACE ( 'NONE', ( #4883 ), #9137, .T. ) ;
#1174 = ORIENTED_EDGE ( 'NONE', *, *, #10662, .F. ) ;
#1175 = CARTESIAN_POINT ( 'NONE',  ( -8.341399780305366107, -14.40733826189111610, -0.000000000000000000 ) ) ;
#1176 = VECTOR ( 'NONE', #792, 1000.000000000000000 ) ;
#1177 = DIRECTION ( 'NONE',  ( 0.000000000000000000, 0.000000000000000000, 1.000000000000000000 ) ) ;
#1178 = EDGE_CURVE ( 'NONE', #46, #1525, #9898, .T. ) ;
#1179 = EDGE_CURVE ( 'NONE', #1065, #6065, #4290, .T. ) ;
#1180 = CARTESIAN_POINT ( 'NONE',  ( 24.38551631369319850, -90.78186269357226479, 14.00000000000000000 ) ) ;
#1181 = ORIENTED_EDGE ( 'NONE', *, *, #9127, .T. ) ;
#1182 = AXIS2_PLACEMENT_3D ( 'NONE', #3882, #6369, #7084 ) ;
#1183 = DIRECTION ( 'NONE',  ( -0.9140381853826274883, -0.4056281494946245569, 0.000000000000000000 ) ) ;
#1184 = FACE_OUTER_BOUND ( 'NONE', #2760, .T. ) ;
#1185 = CARTESIAN_POINT ( 'NONE',  ( 89.69359066795173874, 7.420228641350741228, 14.00000000000000000 ) ) ;
#1186 = ADVANCED_FACE ( 'NONE', ( #7544 ), #4436, .T. ) ;
#1187 = CARTESIAN_POINT ( 'NONE',  ( -64.57935473615408739, 55.98854696445776113, 31.57491144068778155 ) ) ;
#1188 = VERTEX_POINT ( 'NONE', #5901 ) ;
#1189 = AXIS2_PLACEMENT_3D ( 'NONE', #5932, #6697, #9282 ) ;
#1190 = CARTESIAN_POINT ( 'NONE',  ( 58.78321495182000689, 10.63113418810848465, -3.000000000000000000 ) ) ;
#1191 = ADVANCED_FACE ( 'NONE', ( #5203 ), #79, .T. ) ;
#1192 = VECTOR ( 'NONE', #7594, 1000.000000000000114 ) ;
#1193 = DIRECTION ( 'NONE',  ( 0.000000000000000000, 0.000000000000000000, 1.000000000000000000 ) ) ;
#1194 = ORIENTED_EDGE ( 'NONE', *, *, #8016, .F. ) ;
#1195 = DIRECTION ( 'NONE',  ( 0.2090980990620600055, 0.9778946696698130880, 0.000000000000000000 ) ) ;
#1196 = AXIS2_PLACEMENT_3D ( 'NONE', #2212, #9800, #2329 ) ;
#1197 = CARTESIAN_POINT ( 'NONE',  ( -76.70731484416434398, -49.88223981938108409, -16.00000000000000000 ) ) ;
#1198 = DIRECTION ( 'NONE',  ( 0.6682286275604840675, -0.7439559807600392149, 0.000000000000000000 ) ) ;
#1199 = FACE_OUTER_BOUND ( 'NONE', #8902, .T. ) ;
#1200 = CARTESIAN_POINT ( 'NONE',  ( 66.08211837010749434, 55.03371964953610984, -18.50009145627944562 ) ) ;
#1201 = AXIS2_PLACEMENT_3D ( 'NONE', #2921, #2977, #10341 ) ;
#1202 = CARTESIAN_POINT ( 'NONE',  ( 0.000000000000000000, 0.000000000000000000, 17.00000000000000000 ) ) ;
#1203 = AXIS2_PLACEMENT_3D ( 'NONE', #4456, #5167, #1084 ) ;
#1204 = ORIENTED_EDGE ( 'NONE', *, *, #3357, .T. ) ;
#1205 = CARTESIAN_POINT ( 'NONE',  ( 34.77390060466385080, 83.01069712234054521, -3.000000000000000000 ) ) ;
#1206 = EDGE_LOOP ( 'NONE', ( #1932, #9612, #5981, #9379 ) ) ;
#1207 = CARTESIAN_POINT ( 'NONE',  ( 73.08853718130737320, 59.11062284138658640, 14.00000000000000000 ) ) ;
#1208 = EDGE_LOOP ( 'NONE', ( #9304, #1894, #7586 ) ) ;
#1209 = CARTESIAN_POINT ( 'NONE',  ( 66.32191054005093633, -54.74593539651474572, -18.50000000004361667 ) ) ;
#1210 = CIRCLE ( 'NONE', #9397, 2.500000000000002220 ) ;
#1211 = PLANE ( 'NONE',  #9192 ) ;
#1212 = AXIS2_PLACEMENT_3D ( 'NONE', #9897, #2434, #9190 ) ;
#1213 = CARTESIAN_POINT ( 'NONE',  ( 33.29215432918013562, 78.72002864222962160, 31.57491144069120992 ) ) ;
#1214 = DIRECTION ( 'NONE',  ( -1.000000000000000000, 0.000000000000000000, 0.000000000000000000 ) ) ;
#1215 = VERTEX_POINT ( 'NONE', #7598 ) ;
#1216 = CARTESIAN_POINT ( 'NONE',  ( -76.92514010090734189, -46.71747874677934220, -3.000000000000000000 ) ) ;
#1217 = CARTESIAN_POINT ( 'NONE',  ( -16.78468539604271825, 78.86453762221252362, -10.91900855182300667 ) ) ;
#1218 = EDGE_CURVE ( 'NONE', #1232, #2085, #133, .T. ) ;
#1219 = CIRCLE ( 'NONE', #5563, 94.00000000000001421 ) ;
#1220 = ORIENTED_EDGE ( 'NONE', *, *, #6204, .F. ) ;
#1221 = CARTESIAN_POINT ( 'NONE',  ( 0.000000000000000000, 0.000000000000000000, -16.00000000000000000 ) ) ;
#1222 = DIRECTION ( 'NONE',  ( -0.000000000000000000, -1.000000000000000000, 0.000000000000000000 ) ) ;
#1223 = DIRECTION ( 'NONE',  ( 0.8654182317380989531, -0.5010501812945508116, 0.000000000000000000 ) ) ;
#1224 = DIRECTION ( 'NONE',  ( 0.8654182317380996192, 0.5010501812945494793, 0.000000000000000000 ) ) ;
#1225 = ORIENTED_EDGE ( 'NONE', *, *, #6904, .T. ) ;
#1226 = AXIS2_PLACEMENT_3D ( 'NONE', #7689, #3547, #8568 ) ;
#1227 = ORIENTED_EDGE ( 'NONE', *, *, #7648, .T. ) ;
#1228 = CARTESIAN_POINT ( 'NONE',  ( 73.17712137346211421, 44.55112134294086701, 31.92213809290766946 ) ) ;
#1229 = CARTESIAN_POINT ( 'NONE',  ( 4.351385440520341596, -50.84747089786795016, -3.000000000000000000 ) ) ;
#1230 = ADVANCED_FACE ( 'NONE', ( #6114 ), #3561, .T. ) ;
#1231 = ORIENTED_EDGE ( 'NONE', *, *, #3043, .F. ) ;
#1232 = VERTEX_POINT ( 'NONE', #9352 ) ;
#1233 = CARTESIAN_POINT ( 'NONE',  ( 31.55200079565494065, 67.94275215501271248, -6.733598914570460003 ) ) ;
#1234 = CARTESIAN_POINT ( 'NONE',  ( 0.000000000000000000, 0.000000000000000000, -3.000000000000000000 ) ) ;
#1235 = DIRECTION ( 'NONE',  ( 0.4056281494946326061, -0.9140381853826240466, 0.000000000000000000 ) ) ;
#1236 = EDGE_LOOP ( 'NONE', ( #6439, #4948, #2528, #5543 ) ) ;
#1237 = EDGE_CURVE ( 'NONE', #5227, #9490, #290, .T. ) ;
#1238 = VECTOR ( 'NONE', #8172, 1000.000000000000000 ) ;
#1239 = DIRECTION ( 'NONE',  ( -0.000000000000000000, -0.000000000000000000, 1.000000000000000000 ) ) ;
#1240 = DIRECTION ( 'NONE',  ( 0.7439559807600397701, 0.6682286275604834014, 0.000000000000000000 ) ) ;
#1241 = EDGE_CURVE ( 'NONE', #1828, #3145, #3405, .T. ) ;
#1242 = EDGE_CURVE ( 'NONE', #1771, #6201, #9458, .T. ) ;
#1243 = CARTESIAN_POINT ( 'NONE',  ( 47.01416648434900480, -19.85114610654548883, 17.00000000000000000 ) ) ;
#1244 = CARTESIAN_POINT ( 'NONE',  ( 18.98367251989721538, -83.09742816588651237, -17.18477683936903944 ) ) ;
#1245 = ORIENTED_EDGE ( 'NONE', *, *, #2781, .F. ) ;
#1247 = DIRECTION ( 'NONE',  ( -1.000000000000000000, 0.000000000000000000, 0.000000000000000000 ) ) ;
#1246 = AXIS2_PLACEMENT_3D ( 'NONE', #8491, #2039, #1028 ) ;
#1248 = VERTEX_POINT ( 'NONE', #4388 ) ;
#1249 = ADVANCED_FACE ( 'NONE', ( #7706 ), #192, .T. ) ;
#1250 = ADVANCED_FACE ( 'NONE', ( #240 ), #9299, .T. ) ;
#1251 = DIRECTION ( 'NONE',  ( -0.000000000000000000, -0.000000000000000000, -1.000000000000000000 ) ) ;
#1252 = CARTESIAN_POINT ( 'NONE',  ( 78.37788641306559612, 48.02234986748093348, 17.00000000000000000 ) ) ;
#1253 = DIRECTION ( 'NONE',  ( 0.9946479639414453899, -0.1033219619787453109, 0.000000000000000000 ) ) ;
#1254 = LINE ( 'NONE', #7891, #10092 ) ;
#1255 = DIRECTION ( 'NONE',  ( -0.000000000000000000, 0.000000000000000000, 1.000000000000000000 ) ) ;
#1256 = VECTOR ( 'NONE', #1128, 1000.000000000000000 ) ;
#1257 = DIRECTION ( 'NONE',  ( -0.9946479639414453899, -0.1033219619787452276, 0.000000000000000000 ) ) ;
#1258 = EDGE_LOOP ( 'NONE', ( #9806, #8691, #3996, #5578 ) ) ;
#1259 = LINE ( 'NONE', #10472, #3658 ) ;
#1260 = VERTEX_POINT ( 'NONE', #3513 ) ;
#1261 = CARTESIAN_POINT ( 'NONE',  ( -33.60046090516462414, -77.52294482860162361, -15.99988756943778334 ) ) ;
#1262 = ORIENTED_EDGE ( 'NONE', *, *, #10784, .T. ) ;
#1263 = LINE ( 'NONE', #336, #5144 ) ;
#1264 = DIRECTION ( 'NONE',  ( -0.000000000000000000, 0.000000000000000000, 1.000000000000000000 ) ) ;
#1265 = CARTESIAN_POINT ( 'NONE',  ( 18.42555021173498986, 82.56207869280520129, 30.15434426884577235 ) ) ;
#1266 = CARTESIAN_POINT ( 'NONE',  ( 0.000000000000000000, 0.000000000000000000, -3.000000000000000000 ) ) ;
#1267 = ORIENTED_EDGE ( 'NONE', *, *, #244, .T. ) ;
#1268 = CARTESIAN_POINT ( 'NONE',  ( 34.77390060466381527, 83.01069712234058784, 14.00000000000000000 ) ) ;
#1269 = CARTESIAN_POINT ( 'NONE',  ( -66.09143193708973740, 41.62464035805069074, -2.999999999961743935 ) ) ;
#1270 = ORIENTED_EDGE ( 'NONE', *, *, #1596, .F. ) ;
#1271 = B_SPLINE_CURVE_WITH_KNOTS ( 'NONE', 3,
 ( #7647, #5087, #4220, #9346 ),
 .UNSPECIFIED., .F., .F.,
 ( 4, 4 ),
 ( 0.000000000000000000, 1.000000000000000000 ),
 .UNSPECIFIED. ) ;
#1272 = CARTESIAN_POINT ( 'NONE',  ( 71.65851386778058441, -41.98694292120407567, -13.81128689715065505 ) ) ;
#1273 = LINE ( 'NONE', #3067, #5151 ) ;
#1274 = PLANE ( 'NONE',  #9043 ) ;
#1275 = PLANE ( 'NONE',  #6672 ) ;
#1276 = ORIENTED_EDGE ( 'NONE', *, *, #3909, .T. ) ;
#1277 = CIRCLE ( 'NONE', #2144, 2.499999999999998668 ) ;
#1278 = B_SPLINE_CURVE_WITH_KNOTS ( 'NONE', 3,
 ( #2429, #7220, #3688, #530 ),
 .UNSPECIFIED., .F., .F.,
 ( 4, 4 ),
 ( 0.000000000000000000, 1.000000000000000000 ),
 .UNSPECIFIED. ) ;
#1279 = VERTEX_POINT ( 'NONE', #1774 ) ;
#1280 = CARTESIAN_POINT ( 'NONE',  ( 71.14469310733643681, -57.53853180837096204, -16.00000000000000000 ) ) ;
#1281 = CARTESIAN_POINT ( 'NONE',  ( 73.13626124099064896, 43.61548091668543492, -17.04595453367605273 ) ) ;
#1282 = ORIENTED_EDGE ( 'NONE', *, *, #5408, .T. ) ;
#1283 = VERTEX_POINT ( 'NONE', #1934 ) ;
#1284 = CARTESIAN_POINT ( 'NONE',  ( 30.71628323592032928, 64.03432950229699827, -4.847624339640618452 ) ) ;
#1285 = VECTOR ( 'NONE', #4145, 1000.000000000000114 ) ;
#1286 = DIRECTION ( 'NONE',  ( -0.000000000000000000, -0.000000000000000000, -1.000000000000000000 ) ) ;
#1287 = CARTESIAN_POINT ( 'NONE',  ( 73.08853718130734478, -59.11062284138661482, 30.00000000000000000 ) ) ;
#1288 = ORIENTED_EDGE ( 'NONE', *, *, #1131, .F. ) ;
#1289 = EDGE_CURVE ( 'NONE', #5685, #9998, #6830, .T. ) ;
#1290 = CARTESIAN_POINT ( 'NONE',  ( -33.01504269209571873, 79.05504703343628137, -17.92213809290770499 ) ) ;
#1291 = DIRECTION ( 'NONE',  ( -0.7439559807600398811, -0.6682286275604834014, 0.000000000000000000 ) ) ;
#1292 = CARTESIAN_POINT ( 'NONE',  ( 21.52598590994817229, 89.54853409406300102, -18.43390611263298595 ) ) ;
#1293 = CARTESIAN_POINT ( 'NONE',  ( 72.56107605584737996, -46.15846078180137368, 32.50000000000566303 ) ) ;
#1294 = EDGE_LOOP ( 'NONE', ( #1635, #7625, #8975 ) ) ;
#1295 = CARTESIAN_POINT ( 'NONE',  ( 0.000000000000000000, 0.000000000000000000, -3.000000000000000000 ) ) ;
#1296 = LINE ( 'NONE', #1523, #769 ) ;
#1297 = VERTEX_POINT ( 'NONE', #2595 ) ;
#1298 = EDGE_CURVE ( 'NONE', #3167, #10531, #8286, .T. ) ;
#1299 = ORIENTED_EDGE ( 'NONE', *, *, #6783, .T. ) ;
#1300 = DIRECTION ( 'NONE',  ( -0.4056281494946316069, 0.9140381853826243796, 0.000000000000000000 ) ) ;
#1301 = CYLINDRICAL_SURFACE ( 'NONE', #3951, 2.500000000000000444 ) ;
#1302 = AXIS2_PLACEMENT_3D ( 'NONE', #10746, #3276, #5124 ) ;
#1303 = FACE_OUTER_BOUND ( 'NONE', #1306, .T. ) ;
#1304 = CARTESIAN_POINT ( 'NONE',  ( 66.32191054007880382, 54.74593539653761809, -18.50000000001331557 ) ) ;
#1305 = CARTESIAN_POINT ( 'NONE',  ( -34.33782492106728057, -82.36670247446770077, 31.18244866478246990 ) ) ;
#1306 = EDGE_LOOP ( 'NONE', ( #5117, #3739, #4229, #7554 ) ) ;
#1307 = EDGE_CURVE ( 'NONE', #6325, #3307, #8419, .T. ) ;
#1308 = CIRCLE ( 'NONE', #7570, 2.499999999999997335 ) ;
#1309 = FACE_OUTER_BOUND ( 'NONE', #3020, .T. ) ;
#1310 = ORIENTED_EDGE ( 'NONE', *, *, #2465, .F. ) ;
#1311 = CARTESIAN_POINT ( 'NONE',  ( -70.65825708036018682, -49.14423355573116226, 32.50000000000000711 ) ) ;
#1312 = EDGE_CURVE ( 'NONE', #3971, #9048, #9166, .T. ) ;
#1313 = ORIENTED_EDGE ( 'NONE', *, *, #716, .F. ) ;
#1314 = CARTESIAN_POINT ( 'NONE',  ( -32.22720761368191944, -79.67281833644995004, -18.40430452063427680 ) ) ;
#1315 = EDGE_CURVE ( 'NONE', #1813, #8672, #3585, .T. ) ;
#1316 = DIRECTION ( 'NONE',  ( -0.000000000000000000, 1.000000000000000000, 0.000000000000000000 ) ) ;
#1317 = CARTESIAN_POINT ( 'NONE',  ( 4.351385440520322945, -50.84747089786795726, 16.99999999999998579 ) ) ;
#1318 = AXIS2_PLACEMENT_3D ( 'NONE', #3957, #3029, #1570 ) ;
#1319 = CARTESIAN_POINT ( 'NONE',  ( 33.63194295253663313, -87.77751655883940884, -16.00000000000000000 ) ) ;
#1320 = ORIENTED_EDGE ( 'NONE', *, *, #5304, .T. ) ;
#1321 = DIRECTION ( 'NONE',  ( -0.000000000000000000, 0.000000000000000000, 1.000000000000000000 ) ) ;
#1322 = CARTESIAN_POINT ( 'NONE',  ( -85.83440617536430750, -5.307351189431855687, -18.49999999998498978 ) ) ;
#1323 = ADVANCED_FACE ( 'NONE', ( #9665 ), #1166, .T. ) ;
#1324 = EDGE_LOOP ( 'NONE', ( #7943, #6454, #8157, #3875 ) ) ;
#1325 = CARTESIAN_POINT ( 'NONE',  ( -20.06876317751318695, -83.40283338331144591, -18.11763093304867667 ) ) ;
#1326 = CARTESIAN_POINT ( 'NONE',  ( -1.461781871039299130, 14.07211336206385610, -16.00000000000000000 ) ) ;
#1327 = CIRCLE ( 'NONE', #280, 94.00000000000001421 ) ;
#1328 = DIRECTION ( 'NONE',  ( 0.4056281494946315513, 0.9140381853826242686, 0.000000000000000000 ) ) ;
#1329 = EDGE_CURVE ( 'NONE', #3679, #2209, #4458, .T. ) ;
#1330 = CARTESIAN_POINT ( 'NONE',  ( 23.73696534790346746, 88.36745145172191940, -3.000000000000000888 ) ) ;
#1331 = ORIENTED_EDGE ( 'NONE', *, *, #4844, .T. ) ;
#1332 = EDGE_LOOP ( 'NONE', ( #815, #3842, #2863 ) ) ;
#1333 = CARTESIAN_POINT ( 'NONE',  ( 0.000000000000000000, 0.000000000000000000, 30.00000000000000000 ) ) ;
#1334 = CARTESIAN_POINT ( 'NONE',  ( 72.74804758862235587, 45.83955294677099346, -18.47998818980953928 ) ) ;
#1335 = AXIS2_PLACEMENT_3D ( 'NONE', #4242, #1081, #7562 ) ;
#1336 = EDGE_LOOP ( 'NONE', ( #618, #1398, #5299, #8753 ) ) ;
#1337 = ORIENTED_EDGE ( 'NONE', *, *, #4912, .T. ) ;
#1338 = DIRECTION ( 'NONE',  ( 1.000000000000000000, 1.065814103640150121E-14, 0.000000000000000000 ) ) ;
#1339 = DIRECTION ( 'NONE',  ( -0.000000000000000000, -0.000000000000000000, 1.000000000000000000 ) ) ;
#1340 = DIRECTION ( 'NONE',  ( -0.000000000000000000, -0.000000000000000000, 1.000000000000000000 ) ) ;
#1341 = CIRCLE ( 'NONE', #3601, 2.500000000000002220 ) ;
#1342 = ORIENTED_EDGE ( 'NONE', *, *, #9382, .T. ) ;
#1343 = VERTEX_POINT ( 'NONE', #9615 ) ;
#1344 = CARTESIAN_POINT ( 'NONE',  ( -76.70731484416432977, -49.88223981938107698, -18.50000000000000000 ) ) ;
#1345 = AXIS2_PLACEMENT_3D ( 'NONE', #6103, #1971, #607 ) ;
#1346 = SPHERICAL_SURFACE ( 'NONE', #142, 2.500000000000000000 ) ;
#1347 = DIRECTION ( 'NONE',  ( -0.4056281494946316069, 0.9140381853826243796, 0.000000000000000000 ) ) ;
#1348 = CARTESIAN_POINT ( 'NONE',  ( 20.06787132564933529, -83.41411796215854224, -18.13538959017147079 ) ) ;
#1349 = CIRCLE ( 'NONE', #7438, 2.499999999999998668 ) ;
#1350 = ORIENTED_EDGE ( 'NONE', *, *, #1445, .F. ) ;
#1351 = ADVANCED_FACE ( 'NONE', ( #2140 ), #5411, .T. ) ;
#1352 = DIRECTION ( 'NONE',  ( 0.000000000000000000, 0.000000000000000000, -1.000000000000000000 ) ) ;
#1353 = FACE_OUTER_BOUND ( 'NONE', #9395, .T. ) ;
#1354 = ORIENTED_EDGE ( 'NONE', *, *, #7448, .F. ) ;
#1355 = ORIENTED_EDGE ( 'NONE', *, *, #8045, .F. ) ;
#1356 = AXIS2_PLACEMENT_3D ( 'NONE', #609, #7194, #10530 ) ;
#1357 = LINE ( 'NONE', #4787, #8556 ) ;
#1358 = CARTESIAN_POINT ( 'NONE',  ( 76.92514010090732768, 46.71747874677934220, -3.000000000000000000 ) ) ;
#1359 = FACE_OUTER_BOUND ( 'NONE', #6800, .T. ) ;
#1360 = DIRECTION ( 'NONE',  ( 0.000000000000000000, 0.000000000000000000, -1.000000000000000000 ) ) ;
#1361 = CARTESIAN_POINT ( 'NONE',  ( -16.79378635384808760, -78.88504562435213074, -10.94393758860333143 ) ) ;
#1362 = VECTOR ( 'NONE', #3758, 1000.000000000000000 ) ;
#1363 = FACE_OUTER_BOUND ( 'NONE', #7051, .T. ) ;
#1364 = VERTEX_POINT ( 'NONE', #4704 ) ;
#1365 = B_SPLINE_SURFACE_WITH_KNOTS ( 'NONE', 2, 3, ( 
 ( #10758, #7319, #8082, #4056 ),
 ( #10655, #7423, #3232, #6438 ),
 ( #10537, #7373, #1494, #6546 ) ),
 .UNSPECIFIED., .F., .F., .F.,
 ( 3, 3 ),
 ( 4, 4 ),
 ( 0.000000000000000000, 1.000000000000000000 ),
 ( 1.688144882537221614, 2.081766301770530347 ),
 .UNSPECIFIED. ) ;
#1366 = CIRCLE ( 'NONE', #8676, 2.500000000000001332 ) ;
#1367 = CARTESIAN_POINT ( 'NONE',  ( -63.93887595024019532, -56.08428435761422293, -16.87639857860888171 ) ) ;
#1368 = ORIENTED_EDGE ( 'NONE', *, *, #2913, .F. ) ;
#1369 = CARTESIAN_POINT ( 'NONE',  ( 15.43761712175493095, 75.82906820878410770, 22.29373426498269950 ) ) ;
#1370 = ORIENTED_EDGE ( 'NONE', *, *, #5369, .T. ) ;
#1371 = CIRCLE ( 'NONE', #2932, 94.00000000000001421 ) ;
#1372 = CARTESIAN_POINT ( 'NONE',  ( 69.89206765410000344, -59.70207738771626538, 17.00000000000000000 ) ) ;
#1373 = EDGE_CURVE ( 'NONE', #8202, #6023, #8998, .T. ) ;
#1374 = VECTOR ( 'NONE', #8888, 1000.000000000000114 ) ;
#1375 = CARTESIAN_POINT ( 'NONE',  ( -71.14469310733637997, 57.53853180837101888, 30.00000000000000355 ) ) ;
#1376 = DIRECTION ( 'NONE',  ( 0.000000000000000000, 0.000000000000000000, -1.000000000000000000 ) ) ;
#1377 = AXIS2_PLACEMENT_3D ( 'NONE', #10244, #10350, #2775 ) ;
#1378 = VERTEX_POINT ( 'NONE', #10328 ) ;
#1379 = CARTESIAN_POINT ( 'NONE',  ( -22.83496117239333500, -87.69961697255006072, 32.50000000009819701 ) ) ;
#1380 = CARTESIAN_POINT ( 'NONE',  ( -85.52239704471291759, -6.686364900505147091, -18.11763093304358918 ) ) ;
#1381 = EDGE_CURVE ( 'NONE', #8214, #4397, #7201, .T. ) ;
#1382 = EDGE_CURVE ( 'NONE', #4716, #3477, #4541, .T. ) ;
#1383 = ORIENTED_EDGE ( 'NONE', *, *, #8765, .F. ) ;
#1384 = CARTESIAN_POINT ( 'NONE',  ( -91.50000000000001421, 0.000000000000000000, -16.00000000000000000 ) ) ;
#1385 = CIRCLE ( 'NONE', #7471, 91.50000000000001421 ) ;
#1386 = CARTESIAN_POINT ( 'NONE',  ( 0.000000000000000000, 0.000000000000000000, -3.000000000000000000 ) ) ;
#1387 = VECTOR ( 'NONE', #690, 999.9999999999998863 ) ;
#1388 = SPHERICAL_SURFACE ( 'NONE', #58, 2.500000000000000000 ) ;
#1389 = DIRECTION ( 'NONE',  ( 0.000000000000000000, 0.000000000000000000, -1.000000000000000000 ) ) ;
#1390 = ORIENTED_EDGE ( 'NONE', *, *, #6434, .F. ) ;
#1391 = EDGE_CURVE ( 'NONE', #10763, #5906, #7969, .T. ) ;
#1392 = CARTESIAN_POINT ( 'NONE',  ( -69.48719217821380312, -9.519227294312326393, -4.133895840725171134 ) ) ;
#1393 = ORIENTED_EDGE ( 'NONE', *, *, #9054, .T. ) ;
#1394 = B_SPLINE_CURVE_WITH_KNOTS ( 'NONE', 3,
 ( #3227, #1605, #3542, #6856, #3437, #889, #171, #5878, #6749, #2469, #6806, #2571, #10096, #3335 ),
 .UNSPECIFIED., .F., .F.,
 ( 4, 2, 2, 2, 2, 2, 4 ),
 ( 0.000000000000000000, 0.001101176268182015158, 0.001651764402273032820, 0.002202352536364050699, 0.002752940670455068361, 0.003303528804546086457, 0.004404705072728122214 ),
 .UNSPECIFIED. ) ;
#1395 = CARTESIAN_POINT ( 'NONE',  ( -23.73696534790347457, -88.36745145172191940, -18.50000000000000000 ) ) ;
#1396 = AXIS2_PLACEMENT_3D ( 'NONE', #3352, #10006, #7654 ) ;
#1397 = DIRECTION ( 'NONE',  ( 1.000000000000000000, 0.000000000000000000, 0.000000000000000000 ) ) ;
#1398 = ORIENTED_EDGE ( 'NONE', *, *, #4725, .F. ) ;
#1399 = ADVANCED_FACE ( 'NONE', ( #7862 ), #6537, .T. ) ;
#1400 = EDGE_LOOP ( 'NONE', ( #9461, #10618, #3967, #7173 ) ) ;
#1401 = CARTESIAN_POINT ( 'NONE',  ( 76.70731484416432977, 49.88223981938107698, -16.00000000000000000 ) ) ;
#1402 = DIRECTION ( 'NONE',  ( 1.000000000000000000, 0.000000000000000000, -1.387778780781446464E-15 ) ) ;
#1403 = CARTESIAN_POINT ( 'NONE',  ( -69.44178633529317324, -9.523943958846846414, 18.12358131652483095 ) ) ;
#1404 = CIRCLE ( 'NONE', #6079, 2.500000000000002220 ) ;
#1405 = ORIENTED_EDGE ( 'NONE', *, *, #8381, .T. ) ;
#1406 = VERTEX_POINT ( 'NONE', #6160 ) ;
#1407 = CARTESIAN_POINT ( 'NONE',  ( -53.80544377093492869, -25.95113860336197575, 17.00000000000000000 ) ) ;
#1408 = CARTESIAN_POINT ( 'NONE',  ( -84.11181528014994058, -8.000029888344043272, 29.99988756943569257 ) ) ;
#1409 = DIRECTION ( 'NONE',  ( -1.000000000000000000, 0.000000000000000000, -0.000000000000000000 ) ) ;
#1410 = CARTESIAN_POINT ( 'NONE',  ( 21.47669927730159500, -83.27343302808678516, -18.49999999999162625 ) ) ;
#1411 = VERTEX_POINT ( 'NONE', #3723 ) ;
#1412 = CARTESIAN_POINT ( 'NONE',  ( -41.30779598909109041, -43.15267505867021214, -3.000000000000000000 ) ) ;
#1413 = CARTESIAN_POINT ( 'NONE',  ( 0.000000000000000000, 0.000000000000000000, -3.000000000000000000 ) ) ;
#1414 = ORIENTED_EDGE ( 'NONE', *, *, #5652, .F. ) ;
#1415 = ORIENTED_EDGE ( 'NONE', *, *, #971, .F. ) ;
#1416 = AXIS2_PLACEMENT_3D ( 'NONE', #6315, #554, #1542 ) ;
#1417 = CARTESIAN_POINT ( 'NONE',  ( -53.80544377084090968, 25.95113860327754907, 17.00000000000000000 ) ) ;
#1418 = CARTESIAN_POINT ( 'NONE',  ( -71.14469310733643681, -57.53853180837096204, 14.00000000000000000 ) ) ;
#1419 = DIRECTION ( 'NONE',  ( -0.000000000000000000, -0.000000000000000000, 1.000000000000000000 ) ) ;
#1420 = CARTESIAN_POINT ( 'NONE',  ( -76.70731484416435819, -49.88223981938105567, 30.00000000000000355 ) ) ;
#1421 = CARTESIAN_POINT ( 'NONE',  ( -67.38009771782881785, 38.14402717625081607, -8.326207416980345499 ) ) ;
#1422 = CARTESIAN_POINT ( 'NONE',  ( -50.98111192980449857, 32.10810216898513403, 17.00000000000000000 ) ) ;
#1423 = EDGE_LOOP ( 'NONE', ( #5154, #10645, #5550, #5090 ) ) ;
#1424 = AXIS2_PLACEMENT_3D ( 'NONE', #2198, #3732, #9673 ) ;
#1425 = CARTESIAN_POINT ( 'NONE',  ( -72.90475531196612735, -43.10629275178751385, 30.30948754351308949 ) ) ;
#1426 = DIRECTION ( 'NONE',  ( 0.000000000000000000, 0.000000000000000000, -1.000000000000000000 ) ) ;
#1427 = B_SPLINE_CURVE_WITH_KNOTS ( 'NONE', 3,
 ( #7758, #4549, #1334, #10225, #4600, #9414, #3733, #7048, #8590, #1125, #1281, #6945, #4442, #2862, #295, #10388 ),
 .UNSPECIFIED., .F., .F.,
 ( 4, 2, 2, 2, 2, 2, 2, 4 ),
 ( 0.000000000000000000, 0.0005514947311265654606, 0.001102989462253130921, 0.002205978924506239724, 0.002757473655632794018, 0.003308968386759348311, 0.003860463117885903038, 0.004411957849012457765 ),
 .UNSPECIFIED. ) ;
#1428 = ORIENTED_EDGE ( 'NONE', *, *, #9683, .T. ) ;
#1429 = CARTESIAN_POINT ( 'NONE',  ( -64.08113496561809086, 56.07879300958585844, -17.04595453367504732 ) ) ;
#1430 = ADVANCED_FACE ( 'NONE', ( #9503 ), #10433, .T. ) ;
#1431 = AXIS2_PLACEMENT_3D ( 'NONE', #127, #6765, #4270 ) ;
#1432 = DIRECTION ( 'NONE',  ( 0.000000000000000000, 0.000000000000000000, 1.000000000000000000 ) ) ;
#1433 = VERTEX_POINT ( 'NONE', #5354 ) ;
#1434 = CARTESIAN_POINT ( 'NONE',  ( -34.45306668343469170, -81.50944033277963285, 29.99977989232053943 ) ) ;
#1435 = CARTESIAN_POINT ( 'NONE',  ( 29.00274188566473654, -72.52261043004143914, -2.999999999948988805 ) ) ;
#1436 = ORIENTED_EDGE ( 'NONE', *, *, #1312, .T. ) ;
#1437 = CARTESIAN_POINT ( 'NONE',  ( 8.341399780305355449, -14.40733826189104860, 0.000000000000000000 ) ) ;
#1438 = VECTOR ( 'NONE', #1711, 1000.000000000000000 ) ;
#1439 = ORIENTED_EDGE ( 'NONE', *, *, #7551, .T. ) ;
#1440 = FACE_OUTER_BOUND ( 'NONE', #275, .T. ) ;
#1441 = ORIENTED_EDGE ( 'NONE', *, *, #2776, .F. ) ;
#1442 = CARTESIAN_POINT ( 'NONE',  ( -71.14469310733643681, -57.53853180837096204, 30.00000000000000000 ) ) ;
#1443 = ORIENTED_EDGE ( 'NONE', *, *, #6762, .F. ) ;
#1444 = ADVANCED_FACE ( 'NONE', ( #9561 ), #8795, .T. ) ;
#1445 = EDGE_CURVE ( 'NONE', #8587, #2688, #10210, .T. ) ;
#1446 = CARTESIAN_POINT ( 'NONE',  ( -49.70347058474201418, 11.57431915030802294, 17.00000000000000000 ) ) ;
#1447 = ORIENTED_EDGE ( 'NONE', *, *, #2791, .T. ) ;
#1448 = FACE_OUTER_BOUND ( 'NONE', #3009, .T. ) ;
#1449 = CARTESIAN_POINT ( 'NONE',  ( -4.351385440520329162, 50.84747089786795726, 17.00000000000000000 ) ) ;
#1450 = VERTEX_POINT ( 'NONE', #3836 ) ;
#1451 = ORIENTED_EDGE ( 'NONE', *, *, #2915, .T. ) ;
#1452 = EDGE_CURVE ( 'NONE', #4755, #7099, #8464, .T. ) ;
#1453 = DIRECTION ( 'NONE',  ( -0.8654182317380993972, 0.5010501812945500344, 0.000000000000000000 ) ) ;
#1454 = EDGE_CURVE ( 'NONE', #6703, #5395, #1273, .T. ) ;
#1455 = CARTESIAN_POINT ( 'NONE',  ( 40.52922369190286389, -43.88485168617528842, -3.000000000000002665 ) ) ;
#1456 = CIRCLE ( 'NONE', #6309, 91.50000000000001421 ) ;
#1457 = CARTESIAN_POINT ( 'NONE',  ( -76.88821548785293203, -8.750424384414277057, 22.29373426499601152 ) ) ;
#1458 = ORIENTED_EDGE ( 'NONE', *, *, #6300, .F. ) ;
#1459 = EDGE_CURVE ( 'NONE', #3452, #501, #2192, .T. ) ;
#1460 = EDGE_CURVE ( 'NONE', #9762, #3154, #7932, .T. ) ;
#1461 = ORIENTED_EDGE ( 'NONE', *, *, #3572, .T. ) ;
#1462 = AXIS2_PLACEMENT_3D ( 'NONE', #7999, #2334, #4677 ) ;
#1463 = CARTESIAN_POINT ( 'NONE',  ( -35.62433945033694727, -86.98796720654627279, -16.00000000000000000 ) ) ;
#1464 = VECTOR ( 'NONE', #9982, 1000.000000000000000 ) ;
#1465 = DIRECTION ( 'NONE',  ( -1.000000000000000000, -5.551115123125777969E-15, 0.000000000000000000 ) ) ;
#1466 = ORIENTED_EDGE ( 'NONE', *, *, #7355, .F. ) ;
#1467 = EDGE_CURVE ( 'NONE', #4897, #4253, #4965, .T. ) ;
#1468 = CYLINDRICAL_SURFACE ( 'NONE', #5826, 2.500000000000002220 ) ;
#1469 = CARTESIAN_POINT ( 'NONE',  ( -28.27582184931257103, 52.62095849508197176, -3.000000000000000000 ) ) ;
#1470 = ORIENTED_EDGE ( 'NONE', *, *, #4628, .F. ) ;
#1471 = ORIENTED_EDGE ( 'NONE', *, *, #5304, .F. ) ;
#1472 = CARTESIAN_POINT ( 'NONE',  ( -22.76112527226875315, -87.06053681686327650, 32.47999573196263157 ) ) ;
#1473 = DIRECTION ( 'NONE',  ( 0.2090980990620607549, -0.9778946696698130880, 0.000000000000000000 ) ) ;
#1474 = CARTESIAN_POINT ( 'NONE',  ( -50.67558984019149904, -32.43770297270016556, 17.00000000000000000 ) ) ;
#1475 = CARTESIAN_POINT ( 'NONE',  ( -68.20213817285898017, 58.72366089278030188, 0.000000000000000000 ) ) ;
#1476 = FACE_OUTER_BOUND ( 'NONE', #4111, .T. ) ;
#1477 = FACE_OUTER_BOUND ( 'NONE', #5601, .T. ) ;
#1478 = ORIENTED_EDGE ( 'NONE', *, *, #8581, .T. ) ;
#1479 = CARTESIAN_POINT ( 'NONE',  ( -73.22342389199721424, -43.75128707353090363, -17.28567986879234653 ) ) ;
#1480 = CARTESIAN_POINT ( 'NONE',  ( -69.89206765410006028, -59.70207738771622274, 17.00000000000000000 ) ) ;
#1481 = VERTEX_POINT ( 'NONE', #9006 ) ;
#1482 = DIRECTION ( 'NONE',  ( 0.7439559807600396590, 0.6682286275604837344, 0.000000000000000000 ) ) ;
#1483 = DIRECTION ( 'NONE',  ( -0.000000000000000000, -0.000000000000000000, 1.000000000000000000 ) ) ;
#1484 = CARTESIAN_POINT ( 'NONE',  ( 0.000000000000000000, 0.000000000000000000, 17.00000000000000000 ) ) ;
#1485 = ORIENTED_EDGE ( 'NONE', *, *, #1598, .T. ) ;
#1486 = CARTESIAN_POINT ( 'NONE',  ( -12.32083118400428923, -89.15266187240440843, 32.50000000000000000 ) ) ;
#1487 = CARTESIAN_POINT ( 'NONE',  ( -85.31301083979812461, -7.101992651942960144, -17.81104402676704623 ) ) ;
#1488 = CIRCLE ( 'NONE', #4968, 94.00000000000001421 ) ;
#1489 = ORIENTED_EDGE ( 'NONE', *, *, #102, .T. ) ;
#1490 = EDGE_CURVE ( 'NONE', #4036, #7156, #6598, .T. ) ;
#1491 = DIRECTION ( 'NONE',  ( 0.000000000000000000, -0.000000000000000000, -1.000000000000000000 ) ) ;
#1492 = B_SPLINE_CURVE_WITH_KNOTS ( 'NONE', 3,
 ( #7763, #5423, #6172, #1284, #10285, #4446, #7052, #2815, #6122, #1233, #467, #7927, #9625 ),
 .UNSPECIFIED., .F., .F.,
 ( 4, 1, 1, 1, 1, 1, 2, 2, 4 ),
 ( 0.000000000000000000, 0.2500000000000118794, 0.3750000000000178191, 0.4375000000000207612, 0.4687500000000222600, 0.4843750000000224820, 0.4921875000000219269, 0.5000000000000214273, 1.000000000000000000 ),
 .UNSPECIFIED. ) ;
#1493 = ORIENTED_EDGE ( 'NONE', *, *, #9585, .T. ) ;
#1494 = CARTESIAN_POINT ( 'NONE',  ( -32.20764057539080483, 80.53659821382238704, 32.50000000000000000 ) ) ;
#1495 = ORIENTED_EDGE ( 'NONE', *, *, #8438, .F. ) ;
#1496 = DIRECTION ( 'NONE',  ( 0.000000000000000000, 0.000000000000000000, 1.000000000000000000 ) ) ;
#1497 = CIRCLE ( 'NONE', #2870, 2.499999999999998668 ) ;
#1498 = ORIENTED_EDGE ( 'NONE', *, *, #6510, .F. ) ;
#1499 = LINE ( 'NONE', #3237, #5428 ) ;
#1500 = ORIENTED_EDGE ( 'NONE', *, *, #5176, .T. ) ;
#1501 = CARTESIAN_POINT ( 'NONE',  ( 72.75007835258779210, -42.96768886918916763, -15.99987001606248427 ) ) ;
#1502 = CARTESIAN_POINT ( 'NONE',  ( -10.06882950245228514, 85.40853980984893212, -18.50000000000000355 ) ) ;
#1503 = ORIENTED_EDGE ( 'NONE', *, *, #2974, .F. ) ;
#1504 = CIRCLE ( 'NONE', #1676, 2.500000000000000888 ) ;
#1505 = AXIS2_PLACEMENT_3D ( 'NONE', #10049, #2581, #10105 ) ;
#1506 = EDGE_LOOP ( 'NONE', ( #9870, #7066, #6061, #7921, #6624, #9451, #10173, #3126 ) ) ;
#1507 = LINE ( 'NONE', #8150, #6417 ) ;
#1508 = DIRECTION ( 'NONE',  ( 1.000000000000000000, 0.000000000000000000, 0.000000000000000000 ) ) ;
#1509 = CARTESIAN_POINT ( 'NONE',  ( 73.39475327374198343, -46.22430048268912373, -18.50000000022955859 ) ) ;
#1510 = CARTESIAN_POINT ( 'NONE',  ( 23.73696534790348167, -88.36745145172193361, 30.00000000000000000 ) ) ;
#1511 = ORIENTED_EDGE ( 'NONE', *, *, #9512, .F. ) ;
#1512 = VECTOR ( 'NONE', #5044, 1000.000000000000000 ) ;
#1513 = ORIENTED_EDGE ( 'NONE', *, *, #10122, .T. ) ;
#1514 = ADVANCED_FACE ( 'NONE', ( #2468 ), #4916, .F. ) ;
#1515 = CARTESIAN_POINT ( 'NONE',  ( 0.000000000000000000, 0.000000000000000000, -18.50000000000000000 ) ) ;
#1516 = CARTESIAN_POINT ( 'NONE',  ( 47.01416648434900480, 19.85114610654548883, -3.000000000000000000 ) ) ;
#1517 = CARTESIAN_POINT ( 'NONE',  ( 73.13022715832791221, -44.86205981350263272, 32.13538959017348873 ) ) ;
#1518 = EDGE_CURVE ( 'NONE', #1705, #9663, #8235, .T. ) ;
#1519 = EDGE_LOOP ( 'NONE', ( #6863, #732, #2641, #3026 ) ) ;
#1520 = EDGE_CURVE ( 'NONE', #4128, #2417, #10354, .T. ) ;
#1521 = AXIS2_PLACEMENT_3D ( 'NONE', #2224, #2995, #6302 ) ;
#1522 = CARTESIAN_POINT ( 'NONE',  ( 91.63587112389404865, 7.218468586842906376, 30.00000000000000355 ) ) ;
#1523 = CARTESIAN_POINT ( 'NONE',  ( -22.30954822220480338, 91.31420512779556020, -16.00000000000000000 ) ) ;
#1524 = ORIENTED_EDGE ( 'NONE', *, *, #5806, .T. ) ;
#1525 = VERTEX_POINT ( 'NONE', #3995 ) ;
#1526 = EDGE_CURVE ( 'NONE', #4729, #4286, #1327, .T. ) ;
#1527 = CARTESIAN_POINT ( 'NONE',  ( -20.13377984549840249, -86.37655764972248562, 30.30632301045609367 ) ) ;
#1528 = CARTESIAN_POINT ( 'NONE',  ( 79.20731484416434398, -49.88223981938107698, 30.00000000000000355 ) ) ;
#1529 = CARTESIAN_POINT ( 'NONE',  ( 31.56055884802892209, -67.98277582733129520, -6.756281789451735520 ) ) ;
#1530 = FACE_OUTER_BOUND ( 'NONE', #4809, .T. ) ;
#1531 = DIRECTION ( 'NONE',  ( 1.000000000000000000, 0.000000000000000000, 0.000000000000000000 ) ) ;
#1532 = CARTESIAN_POINT ( 'NONE',  ( 33.53311427739603090, -78.27104868772391910, -17.04213425600432075 ) ) ;
#1533 = ORIENTED_EDGE ( 'NONE', *, *, #8047, .F. ) ;
#1534 = ADVANCED_FACE ( 'NONE', ( #5822 ), #2296, .F. ) ;
#1535 = DIRECTION ( 'NONE',  ( -1.000000000000000000, 0.000000000000000000, 0.000000000000000000 ) ) ;
#1536 = B_SPLINE_CURVE_WITH_KNOTS ( 'NONE', 3,
 ( #4, #3325, #5013, #8391, #927, #8551, #7725, #8442, #260, #366, #10189, #7832 ),
 .UNSPECIFIED., .F., .F.,
 ( 4, 1, 2, 2, 1, 1, 1, 4 ),
 ( 0.000000000000000000, 0.4584319647105752904, 0.4870839625049863120, 0.5014099614021910734, 0.5157359602993959458, 0.5730399558882143252, 0.6876479470658500848, 0.9168639294211224922 ),
 .UNSPECIFIED. ) ;
#1537 = VECTOR ( 'NONE', #3324, 999.9999999999998863 ) ;
#1538 = CARTESIAN_POINT ( 'NONE',  ( 54.74047190769702098, 50.92977572220841154, 20.65163927870654348 ) ) ;
#1539 = ORIENTED_EDGE ( 'NONE', *, *, #6362, .F. ) ;
#1540 = DIRECTION ( 'NONE',  ( 0.000000000000000000, 0.000000000000000000, -1.000000000000000000 ) ) ;
#1541 = AXIS2_PLACEMENT_3D ( 'NONE', #9153, #1688, #5165 ) ;
#1542 = DIRECTION ( 'NONE',  ( -1.000000000000000000, 0.000000000000000000, 0.000000000000000000 ) ) ;
#1543 = CARTESIAN_POINT ( 'NONE',  ( -72.56107605579842357, 46.15846078177011691, -18.49999999999877431 ) ) ;
#1544 = ORIENTED_EDGE ( 'NONE', *, *, #3777, .F. ) ;
#1545 = CARTESIAN_POINT ( 'NONE',  ( -66.20159267066316033, -54.88885599418461680, 32.50004557245055992 ) ) ;
#1546 = CARTESIAN_POINT ( 'NONE',  ( -84.31842917865408538, -7.978616593664694889, -16.30948754351296159 ) ) ;
#1547 = VECTOR ( 'NONE', #1240, 1000.000000000000114 ) ;
#1548 = VERTEX_POINT ( 'NONE', #7474 ) ;
#1549 = CARTESIAN_POINT ( 'NONE',  ( -82.65226134881851294, 8.151667287551118690, 27.81128689715016122 ) ) ;
#1550 = ORIENTED_EDGE ( 'NONE', *, *, #987, .T. ) ;
#1551 = AXIS2_PLACEMENT_3D ( 'NONE', #4297, #8388, #155 ) ;
#1552 = DIRECTION ( 'NONE',  ( 0.000000000000000000, -0.000000000000000000, -1.000000000000000000 ) ) ;
#1553 = ORIENTED_EDGE ( 'NONE', *, *, #1312, .F. ) ;
#1554 = CARTESIAN_POINT ( 'NONE',  ( -86.04998649016098966, 1.773361342404349950, -18.50000000000737188 ) ) ;
#1555 = VECTOR ( 'NONE', #4210, 1000.000000000000000 ) ;
#1556 = AXIS2_PLACEMENT_3D ( 'NONE', #5068, #980, #5978 ) ;
#1557 = CARTESIAN_POINT ( 'NONE',  ( -76.92514010090734189, 46.71747874677935641, 14.00000000000000000 ) ) ;
#1558 = ORIENTED_EDGE ( 'NONE', *, *, #32, .F. ) ;
#1559 = ADVANCED_FACE ( 'NONE', ( #725 ), #8129, .F. ) ;
#1560 = DIRECTION ( 'NONE',  ( 0.4056281494946325505, -0.9140381853826239356, 0.000000000000000000 ) ) ;
#1561 = B_SPLINE_CURVE_WITH_KNOTS ( 'NONE', 3,
 ( #10273, #9454, #3666, #4481 ),
 .UNSPECIFIED., .F., .F.,
 ( 4, 4 ),
 ( 0.1618091703083427146, 0.8381908316158696026 ),
 .UNSPECIFIED. ) ;
#1562 = FACE_OUTER_BOUND ( 'NONE', #7165, .T. ) ;
#1563 = EDGE_LOOP ( 'NONE', ( #2404, #3505, #9678 ) ) ;
#1564 = VECTOR ( 'NONE', #9391, 1000.000000000000000 ) ;
#1565 = CIRCLE ( 'NONE', #7644, 51.03332099679091982 ) ;
#1566 = VERTEX_POINT ( 'NONE', #3174 ) ;
#1567 = DIRECTION ( 'NONE',  ( -0.1033219619787472815, -0.9946479639414450569, 1.387778780781445281E-15 ) ) ;
#1568 = CARTESIAN_POINT ( 'NONE',  ( -20.65978700115067568, 87.59665062699079385, 17.00000000000000000 ) ) ;
#1569 = CARTESIAN_POINT ( 'NONE',  ( 24.38551631369319495, -90.78186269357226479, 30.00000000000000000 ) ) ;
#1570 = DIRECTION ( 'NONE',  ( -0.6682286275604844006, 0.7439559807600388819, 0.000000000000000000 ) ) ;
#1571 = VERTEX_POINT ( 'NONE', #4862 ) ;
#1572 = CIRCLE ( 'NONE', #10616, 2.500000000000002220 ) ;
#1573 = AXIS2_PLACEMENT_3D ( 'NONE', #4843, #7403, #711 ) ;
#1574 = VERTEX_POINT ( 'NONE', #13 ) ;
#1575 = ADVANCED_FACE ( 'NONE', ( #3278 ), #8189, .F. ) ;
#1576 = LINE ( 'NONE', #2384, #5856 ) ;
#1577 = DIRECTION ( 'NONE',  ( 0.6682286275604832904, -0.7439559807600399921, 0.000000000000000000 ) ) ;
#1578 = EDGE_LOOP ( 'NONE', ( #2601, #6522, #6286, #1383 ) ) ;
#1579 = CIRCLE ( 'NONE', #8538, 2.499999999999999112 ) ;
#1580 = CARTESIAN_POINT ( 'NONE',  ( -63.34571104236401595, -55.91169000869540895, -15.99987001606571724 ) ) ;
#1581 = CARTESIAN_POINT ( 'NONE',  ( -91.37756621894718023, 4.731848676989273805, 14.00000000000000000 ) ) ;
#1582 = EDGE_CURVE ( 'NONE', #5873, #1102, #7873, .T. ) ;
#1583 = CARTESIAN_POINT ( 'NONE',  ( 76.70731484416437240, 49.88223981938102014, 32.50000000000000000 ) ) ;
#1584 = ORIENTED_EDGE ( 'NONE', *, *, #6437, .F. ) ;
#1585 = ORIENTED_EDGE ( 'NONE', *, *, #695, .T. ) ;
#1586 = EDGE_CURVE ( 'NONE', #8482, #3326, #4116, .T. ) ;
#1587 = EDGE_CURVE ( 'NONE', #4438, #10693, #6475, .T. ) ;
#1588 = DIRECTION ( 'NONE',  ( 1.000000000000000000, 0.000000000000000000, 0.000000000000000000 ) ) ;
#1589 = CARTESIAN_POINT ( 'NONE',  ( -16.79378635387792329, 78.88504562441930545, 24.94393758859011712 ) ) ;
#1590 = DIRECTION ( 'NONE',  ( -0.000000000000000000, 0.000000000000000000, 1.000000000000000000 ) ) ;
#1591 = CARTESIAN_POINT ( 'NONE',  ( -84.33978776313250592, 16.81666435622030420, -18.49999999999999289 ) ) ;
#1592 = LINE ( 'NONE', #4903, #1537 ) ;
#1593 = CARTESIAN_POINT ( 'NONE',  ( 33.36542136765149991, -78.60843068404221867, -17.44910535888952907 ) ) ;
#1594 = B_SPLINE_CURVE_WITH_KNOTS ( 'NONE', 3,
 ( #7425, #5683, #6549, #3070, #2478, #9128, #9888, #6379, #564, #1614, #3891, #9724, #2256, #2423 ),
 .UNSPECIFIED., .F., .F.,
 ( 4, 2, 2, 2, 2, 2, 4 ),
 ( 0.000000000000000000, 0.001101176268185423673, 0.001651764402278135509, 0.002202352536370847345, 0.002752940670463558965, 0.003303528804556271018, 0.004404705072741700762 ),
 .UNSPECIFIED. ) ;
#1595 = EDGE_LOOP ( 'NONE', ( #2182, #1923, #5717, #10534 ) ) ;
#1596 = EDGE_CURVE ( 'NONE', #6023, #1673, #1756, .T. ) ;
#1597 = CARTESIAN_POINT ( 'NONE',  ( -72.75007835273403600, -42.96768886930683351, 29.99987001606677595 ) ) ;
#1598 = EDGE_CURVE ( 'NONE', #5227, #8964, #4807, .T. ) ;
#1599 = CARTESIAN_POINT ( 'NONE',  ( 54.40638177295201672, 50.73634794770160994, 20.44096778185808105 ) ) ;
#1600 = VERTEX_POINT ( 'NONE', #1960 ) ;
#1601 = DIRECTION ( 'NONE',  ( -0.000000000000000000, -0.000000000000000000, 1.000000000000000000 ) ) ;
#1602 = EDGE_CURVE ( 'NONE', #8946, #767, #8127, .T. ) ;
#1603 = FACE_OUTER_BOUND ( 'NONE', #4856, .T. ) ;
#1604 = DIRECTION ( 'NONE',  ( -0.4056281494946325505, 0.9140381853826239356, 0.000000000000000000 ) ) ;
#1605 = CARTESIAN_POINT ( 'NONE',  ( -18.46771225276449258, 82.65711963314279842, 30.30948754351162933 ) ) ;
#1606 = CIRCLE ( 'NONE', #8905, 51.03332099679091982 ) ;
#1607 = LINE ( 'NONE', #4918, #1555 ) ;
#1608 = ORIENTED_EDGE ( 'NONE', *, *, #7162, .T. ) ;
#1609 = CARTESIAN_POINT ( 'NONE',  ( 0.000000000000000000, 0.000000000000000000, 0.000000000000000000 ) ) ;
#1610 = EDGE_LOOP ( 'NONE', ( #6521, #6409, #2532, #5240 ) ) ;
#1611 = DIRECTION ( 'NONE',  ( -1.000000000000000000, 0.000000000000000000, 0.000000000000000000 ) ) ;
#1612 = EDGE_LOOP ( 'NONE', ( #10417, #1337, #10602 ) ) ;
#1613 = AXIS2_PLACEMENT_3D ( 'NONE', #2901, #6209, #2081 ) ;
#1614 = CARTESIAN_POINT ( 'NONE',  ( 85.52239704461116787, -6.686364900507313358, 32.11763093304892891 ) ) ;
#1615 = CARTESIAN_POINT ( 'NONE',  ( -21.45186988444690357, 89.38152182545847779, 17.00000000000000000 ) ) ;
#1616 = ORIENTED_EDGE ( 'NONE', *, *, #8947, .F. ) ;
#1617 = CARTESIAN_POINT ( 'NONE',  ( -11.12455864745020584, 12.38525498271514458, -3.000000000000000000 ) ) ;
#1618 = CARTESIAN_POINT ( 'NONE',  ( 0.000000000000000000, 0.000000000000000000, -3.000000000000000000 ) ) ;
#1619 = DIRECTION ( 'NONE',  ( -1.000000000000000000, 0.000000000000000000, 0.000000000000000000 ) ) ;
#1620 = AXIS2_PLACEMENT_3D ( 'NONE', #4553, #7109, #1338 ) ;
#1621 = VERTEX_POINT ( 'NONE', #2570 ) ;
#1622 = CARTESIAN_POINT ( 'NONE',  ( 65.92939674319903531, 54.51903777309088639, 32.50000000000000000 ) ) ;
#1623 = CARTESIAN_POINT ( 'NONE',  ( 33.60046090516474493, -77.52294482860192204, 29.99988756943781354 ) ) ;
#1624 = DIRECTION ( 'NONE',  ( -0.000000000000000000, 0.000000000000000000, 1.000000000000000000 ) ) ;
#1625 = CARTESIAN_POINT ( 'NONE',  ( 30.52604642281144365, 63.14464391286033162, 18.13389584072469063 ) ) ;
#1626 = VERTEX_POINT ( 'NONE', #3540 ) ;
#1627 = ORIENTED_EDGE ( 'NONE', *, *, #1124, .T. ) ;
#1628 = CARTESIAN_POINT ( 'NONE',  ( 23.87384648682258970, 90.86706697832882185, -16.50946647160137815 ) ) ;
#1629 = ORIENTED_EDGE ( 'NONE', *, *, #1752, .T. ) ;
#1630 = CARTESIAN_POINT ( 'NONE',  ( 21.11354799690894168, -83.36530907830562853, 32.50009145628020235 ) ) ;
#1631 = EDGE_CURVE ( 'NONE', #5892, #647, #9434, .T. ) ;
#1632 = FACE_OUTER_BOUND ( 'NONE', #9013, .T. ) ;
#1633 = DIRECTION ( 'NONE',  ( 0.000000000000000000, 1.000000000000000000, 1.387778780781445676E-15 ) ) ;
#1634 = ORIENTED_EDGE ( 'NONE', *, *, #4354, .F. ) ;
#1635 = ORIENTED_EDGE ( 'NONE', *, *, #10613, .T. ) ;
#1636 = CIRCLE ( 'NONE', #8596, 2.500000000000002220 ) ;
#1637 = CARTESIAN_POINT ( 'NONE',  ( -73.01104261937867079, 43.29636009636340077, 30.60853953549765549 ) ) ;
#1638 = CARTESIAN_POINT ( 'NONE',  ( 93.87422103367251225, -4.861134159967125612, 14.00000000000000000 ) ) ;
#1639 = CARTESIAN_POINT ( 'NONE',  ( -76.92514010090734189, -46.71747874677931378, 17.00000000000000000 ) ) ;
#1640 = CARTESIAN_POINT ( 'NONE',  ( -35.23747638465003007, -85.44300813972131436, 30.00000000000000355 ) ) ;
#1641 = CARTESIAN_POINT ( 'NONE',  ( 71.14469310733642260, 57.53853180837099046, 30.00000000000000355 ) ) ;
#1642 = CARTESIAN_POINT ( 'NONE',  ( -72.76067528922484939, 45.84147465104746999, -18.50009145628201424 ) ) ;
#1643 = EDGE_LOOP ( 'NONE', ( #9854, #4410, #5586, #10316, #2332, #4212, #7604, #7204 ) ) ;
#1644 = CARTESIAN_POINT ( 'NONE',  ( -72.38219114638559404, -49.33550625554402558, -18.50000000000000000 ) ) ;
#1645 = CARTESIAN_POINT ( 'NONE',  ( 80.21370206251896207, -8.404979754872274000, 24.94393758858733179 ) ) ;
#1646 = VERTEX_POINT ( 'NONE', #9280 ) ;
#1647 = B_SPLINE_CURVE_WITH_KNOTS ( 'NONE', 3,
 ( #8760, #1292, #3254, #3310, #10783, #7603, #8316, #2543, #3361, #5752, #7553, #9094, #1628, #6674, #6723, #7445 ),
 .UNSPECIFIED., .F., .F.,
 ( 4, 2, 2, 2, 2, 2, 2, 4 ),
 ( 3.469446951953614189E-18, 0.0005455988734512431937, 0.001091197746902482918, 0.001636796620353722425, 0.002182395493804962366, 0.003273593240707460897, 0.003819192114158708861, 0.004364790987609957693 ),
 .UNSPECIFIED. ) ;
#1648 = CARTESIAN_POINT ( 'NONE',  ( 59.93450787381083700, -53.93696064971443604, -10.91900855183209984 ) ) ;
#1649 = CARTESIAN_POINT ( 'NONE',  ( 65.67675763545959455, 55.38516917295421393, 32.34770930448636506 ) ) ;
#1650 = CARTESIAN_POINT ( 'NONE',  ( -66.32191054004135822, 54.74593539650686580, -18.50000000000553868 ) ) ;
#1651 = FACE_OUTER_BOUND ( 'NONE', #8192, .T. ) ;
#1652 = ADVANCED_FACE ( 'NONE', ( #10198 ), #6912, .T. ) ;
#1653 = DIRECTION ( 'NONE',  ( -0.6682286275604850667, 0.7439559807600383268, 0.000000000000000000 ) ) ;
#1654 = EDGE_CURVE ( 'NONE', #1887, #384, #3769, .T. ) ;
#1655 = ADVANCED_FACE ( 'NONE', ( #6033 ), #5984, .T. ) ;
#1656 = ORIENTED_EDGE ( 'NONE', *, *, #866, .F. ) ;
#1657 = CARTESIAN_POINT ( 'NONE',  ( -33.63194295253664023, -87.77751655883939463, 30.00000000000000000 ) ) ;
#1658 = ORIENTED_EDGE ( 'NONE', *, *, #9629, .T. ) ;
#1659 = FACE_BOUND ( 'NONE', #932, .T. ) ;
#1660 = CARTESIAN_POINT ( 'NONE',  ( 0.000000000000000000, 0.000000000000000000, 17.00000000000000000 ) ) ;
#1661 = ORIENTED_EDGE ( 'NONE', *, *, #5645, .T. ) ;
#1662 = DIRECTION ( 'NONE',  ( -1.000000000000000000, 0.000000000000000000, 0.000000000000000000 ) ) ;
#1663 = EDGE_CURVE ( 'NONE', #10011, #8946, #1092, .T. ) ;
#1664 = CARTESIAN_POINT ( 'NONE',  ( 57.09872088124557621, -52.29512837182974749, 22.32620741697915179 ) ) ;
#1665 = FACE_OUTER_BOUND ( 'NONE', #4165, .T. ) ;
#1666 = EDGE_LOOP ( 'NONE', ( #5405, #759, #4239, #6946 ) ) ;
#1667 = DIRECTION ( 'NONE',  ( -0.2090980990620599778, -0.9778946696698130880, 0.000000000000000000 ) ) ;
#1668 = CARTESIAN_POINT ( 'NONE',  ( -50.67558983989798804, 32.43770297292277149, -3.000000000000000000 ) ) ;
#1669 = EDGE_CURVE ( 'NONE', #6489, #6987, #4257, .T. ) ;
#1670 = AXIS2_PLACEMENT_3D ( 'NONE', #4616, #478, #6959 ) ;
#1671 = CARTESIAN_POINT ( 'NONE',  ( 23.73696534790347812, -88.36745145172191940, 30.00000000000000355 ) ) ;
#1672 = CARTESIAN_POINT ( 'NONE',  ( -20.65978700115067568, 87.59665062699079385, 14.00000000000000000 ) ) ;
#1673 = VERTEX_POINT ( 'NONE', #7732 ) ;
#1674 = ORIENTED_EDGE ( 'NONE', *, *, #6562, .F. ) ;
#1675 = CARTESIAN_POINT ( 'NONE',  ( -65.44644493970754695, -36.40720110653845154, -6.721643688685404960 ) ) ;
#1676 = AXIS2_PLACEMENT_3D ( 'NONE', #8306, #6664, #6559 ) ;
#1677 = CIRCLE ( 'NONE', #6538, 2.500000000000002220 ) ;
#1678 = ORIENTED_EDGE ( 'NONE', *, *, #7367, .T. ) ;
#1679 = LINE ( 'NONE', #1020, #2134 ) ;
#1680 = CARTESIAN_POINT ( 'NONE',  ( 18.38368993618732361, -82.46718214796396751, 29.99987001606603343 ) ) ;
#1681 = CARTESIAN_POINT ( 'NONE',  ( 32.73747638465012244, -85.44300813972128594, 32.50000000000000000 ) ) ;
#1682 = DIRECTION ( 'NONE',  ( 0.000000000000000000, 0.000000000000000000, -1.000000000000000000 ) ) ;
#1683 = ORIENTED_EDGE ( 'NONE', *, *, #5777, .F. ) ;
#1684 = DIRECTION ( 'NONE',  ( 0.000000000000000000, 0.000000000000000000, -1.000000000000000000 ) ) ;
#1685 = DIRECTION ( 'NONE',  ( -1.000000000000000000, 0.000000000000000000, 0.000000000000000000 ) ) ;
#1686 = CARTESIAN_POINT ( 'NONE',  ( 32.09114749915257647, -70.46419395618347892, -8.326207416978125053 ) ) ;
#1687 = ADVANCED_FACE ( 'NONE', ( #7629 ), #8401, .T. ) ;
#1688 = DIRECTION ( 'NONE',  ( -0.000000000000000000, -0.000000000000000000, -1.000000000000000000 ) ) ;
#1689 = CYLINDRICAL_SURFACE ( 'NONE', #303, 51.03332099679091982 ) ;
#1690 = CARTESIAN_POINT ( 'NONE',  ( -33.92211878787740886, 79.02714632922757687, -16.00000000000000000 ) ) ;
#1691 = AXIS2_PLACEMENT_3D ( 'NONE', #221, #3436, #5179 ) ;
#1692 = ORIENTED_EDGE ( 'NONE', *, *, #4605, .T. ) ;
#1693 = LINE ( 'NONE', #10191, #3108 ) ;
#1694 = CARTESIAN_POINT ( 'NONE',  ( 74.40821098235849718, -9.008042094914022968, 20.75628178948996094 ) ) ;
#1695 = ORIENTED_EDGE ( 'NONE', *, *, #6556, .T. ) ;
#1696 = CARTESIAN_POINT ( 'NONE',  ( 46.10263849869608777, -45.92873941762332635, -3.000000000000003553 ) ) ;
#1697 = AXIS2_PLACEMENT_3D ( 'NONE', #6673, #4282, #8540 ) ;
#1698 = CARTESIAN_POINT ( 'NONE',  ( 65.81459821653523079, 55.27015065864791410, 32.40430452063753819 ) ) ;
#1699 = CARTESIAN_POINT ( 'NONE',  ( 33.28907306268521182, -78.72443953352365043, 31.57978544520845787 ) ) ;
#1700 = CARTESIAN_POINT ( 'NONE',  ( 63.73056936825330610, 56.07045257497239277, -16.60901105260492727 ) ) ;
#1701 = CARTESIAN_POINT ( 'NONE',  ( -33.40773828059417383, 38.57878788838269912, 17.00000000000000000 ) ) ;
#1702 = CIRCLE ( 'NONE', #660, 2.500000000000001776 ) ;
#1703 = B_SPLINE_CURVE_WITH_KNOTS ( 'NONE', 3,
 ( #9599, #6308, #8215, #5805, #8832, #9856, #756, #3876, #9653, #3819, #8320, #2126 ),
 .UNSPECIFIED., .F., .F.,
 ( 4, 2, 2, 2, 2, 4 ),
 ( 1.354418056594359806E-16, 0.0009061896615189140355, 0.001812379323037692763, 0.002718568984556470839, 0.003171663815315867250, 0.003624758646075264094 ),
 .UNSPECIFIED. ) ;
#1704 = PLANE ( 'NONE',  #345 ) ;
#1705 = VERTEX_POINT ( 'NONE', #2785 ) ;
#1706 = CARTESIAN_POINT ( 'NONE',  ( 0.000000000000000000, 0.000000000000000000, -3.000000000000000000 ) ) ;
#1707 = EDGE_LOOP ( 'NONE', ( #246, #10437, #3779, #1550, #408, #7721, #3517, #7780 ) ) ;
#1708 = EDGE_CURVE ( 'NONE', #5453, #6491, #4995, .T. ) ;
#1709 = CARTESIAN_POINT ( 'NONE',  ( 19.16400979992505782, 75.71940827039176725, -2.999999999968117059 ) ) ;
#1710 = AXIS2_PLACEMENT_3D ( 'NONE', #1266, #7907, #6127 ) ;
#1711 = DIRECTION ( 'NONE',  ( 0.000000000000000000, 0.000000000000000000, 1.000000000000000000 ) ) ;
#1712 = ADVANCED_FACE ( 'NONE', ( #8611 ), #9333, .T. ) ;
#1713 = EDGE_LOOP ( 'NONE', ( #5627, #5251, #2176, #6997 ) ) ;
#1714 = EDGE_CURVE ( 'NONE', #6764, #6343, #10562, .T. ) ;
#1715 = CARTESIAN_POINT ( 'NONE',  ( -85.83440617534141381, 5.307351189430483451, -18.50000000001069367 ) ) ;
#1716 = CARTESIAN_POINT ( 'NONE',  ( 55.68491015405719224, -51.47657602893399797, 21.27971910424824742 ) ) ;
#1717 = LINE ( 'NONE', #3349, #3273 ) ;
#1718 = CIRCLE ( 'NONE', #7451, 51.03332099679092693 ) ;
#1719 = ORIENTED_EDGE ( 'NONE', *, *, #9496, .F. ) ;
#1720 = CARTESIAN_POINT ( 'NONE',  ( -23.73696534790347457, -88.36745145172191940, -16.00000000000000000 ) ) ;
#1721 = DIRECTION ( 'NONE',  ( 0.7439559807600396590, -0.6682286275604836234, 0.000000000000000000 ) ) ;
#1722 = VECTOR ( 'NONE', #6849, 999.9999999999998863 ) ;
#1723 = SPHERICAL_SURFACE ( 'NONE', #337, 2.500000000000000000 ) ;
#1724 = ADVANCED_FACE ( 'NONE', ( #2680 ), #5391, .T. ) ;
#1725 = ORIENTED_EDGE ( 'NONE', *, *, #10484, .F. ) ;
#1726 = AXIS2_PLACEMENT_3D ( 'NONE', #9039, #5853, #863 ) ;
#1727 = ORIENTED_EDGE ( 'NONE', *, *, #8808, .T. ) ;
#1728 = AXIS2_PLACEMENT_3D ( 'NONE', #2660, #9204, #1735 ) ;
#1729 = CIRCLE ( 'NONE', #688, 2.500000000000002220 ) ;
#1730 = DIRECTION ( 'NONE',  ( -0.5010501812945494793, 0.8654182317380996192, 0.000000000000000000 ) ) ;
#1731 = VECTOR ( 'NONE', #318, 1000.000000000000000 ) ;
#1732 = CARTESIAN_POINT ( 'NONE',  ( -4.351385440520329162, -50.84747089786795016, -3.000000000000000000 ) ) ;
#1733 = VERTEX_POINT ( 'NONE', #3812 ) ;
#1734 = CARTESIAN_POINT ( 'NONE',  ( 26.36704873968083618, 43.69414826633879301, 14.00000000000000000 ) ) ;
#1735 = DIRECTION ( 'NONE',  ( 0.7775376295883760225, -0.6288364132062405076, 0.000000000000000000 ) ) ;
#1736 = AXIS2_PLACEMENT_3D ( 'NONE', #3562, #4278, #9301 ) ;
#1737 = FACE_OUTER_BOUND ( 'NONE', #382, .T. ) ;
#1738 = AXIS2_PLACEMENT_3D ( 'NONE', #8512, #170, #597 ) ;
#1739 = CARTESIAN_POINT ( 'NONE',  ( 78.80314311859505949, 51.24514254668657998, -3.000000000000000000 ) ) ;
#1740 = ORIENTED_EDGE ( 'NONE', *, *, #10376, .F. ) ;
#1741 = CARTESIAN_POINT ( 'NONE',  ( -64.29685892160878780, -56.05134286896656448, -17.28567951662521551 ) ) ;
#1742 = LINE ( 'NONE', #10184, #8645 ) ;
#1743 = PLANE ( 'NONE',  #3306 ) ;
#1744 = CARTESIAN_POINT ( 'NONE',  ( 85.07315053164592200, -7.439216513606181636, -17.45153177885493534 ) ) ;
#1745 = CARTESIAN_POINT ( 'NONE',  ( 21.47669927729078410, -83.27343302804581526, 32.49999999999433697 ) ) ;
#1746 = CARTESIAN_POINT ( 'NONE',  ( -73.89456172767775399, -43.99538324727300420, 30.00000000000000355 ) ) ;
#1747 = CIRCLE ( 'NONE', #9412, 2.499999999999998668 ) ;
#1748 = VERTEX_POINT ( 'NONE', #5552 ) ;
#1749 = DIRECTION ( 'NONE',  ( -1.000000000000000000, 0.000000000000000000, 0.000000000000000000 ) ) ;
#1750 = DIRECTION ( 'NONE',  ( 1.000000000000000000, 0.000000000000000000, 0.000000000000000000 ) ) ;
#1751 = ORIENTED_EDGE ( 'NONE', *, *, #2456, .F. ) ;
#1752 = EDGE_CURVE ( 'NONE', #3145, #8964, #6013, .T. ) ;
#1753 = CARTESIAN_POINT ( 'NONE',  ( 85.83440617534846240, 5.307351189431021687, -18.49999999999877431 ) ) ;
#1754 = AXIS2_PLACEMENT_3D ( 'NONE', #7161, #2047, #7053 ) ;
#1755 = FACE_OUTER_BOUND ( 'NONE', #7316, .T. ) ;
#1756 = LINE ( 'NONE', #2733, #6884 ) ;
#1757 = CARTESIAN_POINT ( 'NONE',  ( 41.30779598899791694, -43.15267505861624642, -3.000000000000000000 ) ) ;
#1758 = ORIENTED_EDGE ( 'NONE', *, *, #1242, .F. ) ;
#1759 = DIRECTION ( 'NONE',  ( 1.000000000000000000, 0.000000000000000000, -0.000000000000000000 ) ) ;
#1760 = ORIENTED_EDGE ( 'NONE', *, *, #9996, .F. ) ;
#1761 = CARTESIAN_POINT ( 'NONE',  ( -33.62218900225740015, 77.62439143332048275, 30.15434426884912966 ) ) ;
#1762 = ORIENTED_EDGE ( 'NONE', *, *, #5293, .T. ) ;
#1763 = EDGE_CURVE ( 'NONE', #1364, #1600, #2594, .T. ) ;
#1764 = CARTESIAN_POINT ( 'NONE',  ( -73.17681697432516330, -43.82912915065904969, -17.28567951663114499 ) ) ;
#1765 = AXIS2_PLACEMENT_3D ( 'NONE', #4570, #9536, #5229 ) ;
#1766 = DIRECTION ( 'NONE',  ( -0.4056281494946326061, -0.9140381853826238245, -0.000000000000000000 ) ) ;
#1767 = ORIENTED_EDGE ( 'NONE', *, *, #5239, .F. ) ;
#1768 = CARTESIAN_POINT ( 'NONE',  ( -85.07315053162817264, 7.439216513607850523, -17.45153177885510587 ) ) ;
#1769 = CARTESIAN_POINT ( 'NONE',  ( 50.62105794678944193, -48.54476344000278942, 18.13389584071756389 ) ) ;
#1770 = CARTESIAN_POINT ( 'NONE',  ( 49.70347058474202129, 11.57431915030803182, 16.99999999999998579 ) ) ;
#1771 = VERTEX_POINT ( 'NONE', #3699 ) ;
#1772 = DIRECTION ( 'NONE',  ( -1.000000000000000000, 0.000000000000000000, 0.000000000000000000 ) ) ;
#1773 = AXIS2_PLACEMENT_3D ( 'NONE', #1197, #9433, #7840 ) ;
#1774 = CARTESIAN_POINT ( 'NONE',  ( 78.37788641306558191, 48.02234986748093348, 30.00000000000000355 ) ) ;
#1775 = CARTESIAN_POINT ( 'NONE',  ( 46.29064977220814825, 38.56396948153168580, -3.000000000000002665 ) ) ;
#1776 = EDGE_CURVE ( 'NONE', #9776, #3600, #9004, .T. ) ;
#1777 = ORIENTED_EDGE ( 'NONE', *, *, #5048, .T. ) ;
#1778 = ORIENTED_EDGE ( 'NONE', *, *, #5603, .T. ) ;
#1779 = AXIS2_PLACEMENT_3D ( 'NONE', #4765, #4061, #3895 ) ;
#1780 = CARTESIAN_POINT ( 'NONE',  ( 24.38551631369324113, -90.78186269357225058, 14.00000000000000000 ) ) ;
#1781 = DIRECTION ( 'NONE',  ( 1.000000000000000000, 0.000000000000000000, 0.000000000000000000 ) ) ;
#1782 = ADVANCED_FACE ( 'NONE', ( #3869 ), #5444, .T. ) ;
#1783 = ORIENTED_EDGE ( 'NONE', *, *, #587, .T. ) ;
#1784 = DIRECTION ( 'NONE',  ( -0.7439559807600391039, 0.6682286275604842896, -0.000000000000000000 ) ) ;
#1785 = EDGE_CURVE ( 'NONE', #9762, #2143, #2171, .T. ) ;
#1786 = CYLINDRICAL_SURFACE ( 'NONE', #6523, 90.00000000000001421 ) ;
#1787 = EDGE_CURVE ( 'NONE', #10459, #9421, #4522, .T. ) ;
#1788 = CARTESIAN_POINT ( 'NONE',  ( 76.93214077365810510, 8.745861517073864277, -8.326207416988406607 ) ) ;
#1789 = ORIENTED_EDGE ( 'NONE', *, *, #4706, .F. ) ;
#1790 = CARTESIAN_POINT ( 'NONE',  ( -72.65982135515346840, 45.99986679453287053, 32.50004557245090098 ) ) ;
#1791 = CARTESIAN_POINT ( 'NONE',  ( 0.000000000000000000, 0.000000000000000000, -3.000000000000000000 ) ) ;
#1792 = CARTESIAN_POINT ( 'NONE',  ( 66.32191054005093633, -54.74593539651474572, -18.50000000004361667 ) ) ;
#1793 = DIRECTION ( 'NONE',  ( -0.8654182317380996192, 0.5010501812945494793, 0.000000000000000000 ) ) ;
#1794 = DIRECTION ( 'NONE',  ( -0.000000000000000000, -0.000000000000000000, -1.000000000000000000 ) ) ;
#1795 = EDGE_CURVE ( 'NONE', #8816, #8628, #7017, .T. ) ;
#1796 = CARTESIAN_POINT ( 'NONE',  ( 66.08211837011707246, -55.03371964954392581, 32.50009145627913654 ) ) ;
#1797 = ORIENTED_EDGE ( 'NONE', *, *, #1925, .T. ) ;
#1798 = PLANE ( 'NONE',  #1556 ) ;
#1799 = ADVANCED_FACE ( 'NONE', ( #2832 ), #1301, .T. ) ;
#1800 = LINE ( 'NONE', #8447, #4077 ) ;
#1801 = ORIENTED_EDGE ( 'NONE', *, *, #780, .F. ) ;
#1802 = VECTOR ( 'NONE', #3330, 1000.000000000000000 ) ;
#1803 = LINE ( 'NONE', #6801, #428 ) ;
#1804 = CARTESIAN_POINT ( 'NONE',  ( 0.000000000000000000, 0.000000000000000000, -3.000000000000000000 ) ) ;
#1805 = DIRECTION ( 'NONE',  ( 0.8654182317380996192, 0.5010501812945494793, 0.000000000000000000 ) ) ;
#1806 = CARTESIAN_POINT ( 'NONE',  ( -62.06882639010589031, -55.17266454444538226, 27.79952768905806693 ) ) ;
#1807 = DIRECTION ( 'NONE',  ( -0.000000000000000000, -0.000000000000000000, -1.000000000000000000 ) ) ;
#1808 = DIRECTION ( 'NONE',  ( 0.000000000000000000, -1.000000000000000000, 1.387778780781444492E-15 ) ) ;
#1809 = CIRCLE ( 'NONE', #4419, 90.00000000000001421 ) ;
#1810 = ORIENTED_EDGE ( 'NONE', *, *, #6910, .F. ) ;
#1811 = VECTOR ( 'NONE', #10298, 999.9999999999998863 ) ;
#1812 = CARTESIAN_POINT ( 'NONE',  ( -24.38551631369319495, -90.78186269357226479, 14.00000000000000000 ) ) ;
#1813 = VERTEX_POINT ( 'NONE', #1358 ) ;
#1814 = CARTESIAN_POINT ( 'NONE',  ( -71.14469310733643681, -57.53853180837096204, 17.00000000000000000 ) ) ;
#1815 = ORIENTED_EDGE ( 'NONE', *, *, #8310, .T. ) ;
#1816 = LINE ( 'NONE', #3553, #9859 ) ;
#1817 = AXIS2_PLACEMENT_3D ( 'NONE', #6218, #1389, #6788 ) ;
#1818 = CARTESIAN_POINT ( 'NONE',  ( 33.40773828059417383, 38.57878788838269202, 17.00000000000000000 ) ) ;
#1819 = ORIENTED_EDGE ( 'NONE', *, *, #3172, .T. ) ;
#1820 = CARTESIAN_POINT ( 'NONE',  ( 31.57188114326238448, -79.99330960279736757, -18.49999999999974420 ) ) ;
#1821 = CARTESIAN_POINT ( 'NONE',  ( -11.12455864745020584, 12.38525498271514458, -3.000000000000000000 ) ) ;
#1822 = DIRECTION ( 'NONE',  ( 0.9778946696698131991, -0.2090980990620599778, 0.000000000000000000 ) ) ;
#1823 = EDGE_CURVE ( 'NONE', #7345, #9654, #8774, .T. ) ;
#1824 = ORIENTED_EDGE ( 'NONE', *, *, #5047, .F. ) ;
#1825 = CARTESIAN_POINT ( 'NONE',  ( -32.20764057537287783, -80.53659821382433393, -18.49999999992348165 ) ) ;
#1826 = CARTESIAN_POINT ( 'NONE',  ( 21.39455705335580404, 89.25237369756125361, -18.48817777251340644 ) ) ;
#1827 = CARTESIAN_POINT ( 'NONE',  ( 33.92211878787741597, 79.02714632922757687, 30.00000000000000355 ) ) ;
#1828 = VERTEX_POINT ( 'NONE', #6968 ) ;
#1829 = CIRCLE ( 'NONE', #9188, 94.00000000000001421 ) ;
#1830 = ORIENTED_EDGE ( 'NONE', *, *, #5979, .T. ) ;
#1831 = CARTESIAN_POINT ( 'NONE',  ( -71.65264431174637139, -41.98167082786174831, -13.79952768905990013 ) ) ;
#1832 = AXIS2_PLACEMENT_3D ( 'NONE', #6950, #9520, #10181 ) ;
#1833 = ORIENTED_EDGE ( 'NONE', *, *, #5645, .F. ) ;
#1834 = CARTESIAN_POINT ( 'NONE',  ( 65.35283117365554517, 36.32311629503421102, -6.651639278694704949 ) ) ;
#1835 = CARTESIAN_POINT ( 'NONE',  ( 35.18221305882460115, 84.92026289206614820, -3.000000000000000000 ) ) ;
#1836 = CARTESIAN_POINT ( 'NONE',  ( -32.73747638465002296, -85.44300813972131436, 17.00000000000000000 ) ) ;
#1837 = PLANE ( 'NONE',  #2372 ) ;
#1838 = ORIENTED_EDGE ( 'NONE', *, *, #10216, .F. ) ;
#1839 = EDGE_CURVE ( 'NONE', #9314, #5749, #8005, .T. ) ;
#1840 = AXIS2_PLACEMENT_3D ( 'NONE', #8920, #3247, #3604 ) ;
#1841 = CARTESIAN_POINT ( 'NONE',  ( 0.000000000000000000, 0.000000000000000000, 17.00000000000000000 ) ) ;
#1842 = FACE_OUTER_BOUND ( 'NONE', #7167, .T. ) ;
#1843 = CARTESIAN_POINT ( 'NONE',  ( -68.20213817285895175, 58.72366089278032319, 14.00000000000000000 ) ) ;
#1844 = EDGE_CURVE ( 'NONE', #5284, #8169, #2973, .T. ) ;
#1845 = EDGE_CURVE ( 'NONE', #6395, #10627, #6354, .T. ) ;
#1846 = CARTESIAN_POINT ( 'NONE',  ( -35.18221305882465799, -84.92026289206614820, -3.000000000000000000 ) ) ;
#1847 = DIRECTION ( 'NONE',  ( -0.000000000000000000, -0.000000000000000000, 1.000000000000000000 ) ) ;
#1848 = VERTEX_POINT ( 'NONE', #3756 ) ;
#1849 = AXIS2_PLACEMENT_3D ( 'NONE', #3781, #3889, #2905 ) ;
#1850 = B_SPLINE_CURVE_WITH_KNOTS ( 'NONE', 3,
 ( #10512, #6348, #6464, #706 ),
 .UNSPECIFIED., .F., .F.,
 ( 4, 4 ),
 ( 0.1618091703086138866, 0.8381908316157586913 ),
 .UNSPECIFIED. ) ;
#1851 = DIRECTION ( 'NONE',  ( 1.000000000000000000, 0.000000000000000000, 0.000000000000000000 ) ) ;
#1852 = DIRECTION ( 'NONE',  ( -0.000000000000000000, 0.000000000000000000, 1.000000000000000000 ) ) ;
#1853 = ORIENTED_EDGE ( 'NONE', *, *, #9109, .F. ) ;
#1854 = ADVANCED_FACE ( 'NONE', ( #7070 ), #10412, .F. ) ;
#1855 = DIRECTION ( 'NONE',  ( 0.9946479639414453899, 0.1033219619787455329, 0.000000000000000000 ) ) ;
#1856 = CARTESIAN_POINT ( 'NONE',  ( 63.85002902482457898, 56.07363253445053175, 30.75820396230602682 ) ) ;
#1857 = CIRCLE ( 'NONE', #10740, 2.500000000000005329 ) ;
#1858 = DIRECTION ( 'NONE',  ( -1.000000000000000000, 0.000000000000000000, 0.000000000000000000 ) ) ;
#1859 = PLANE ( 'NONE',  #10617 ) ;
#1860 = CARTESIAN_POINT ( 'NONE',  ( -72.75018757561645089, 42.96752443002034028, 29.99988756943677259 ) ) ;
#1861 = EDGE_CURVE ( 'NONE', #17, #9011, #5850, .T. ) ;
#1862 = DIRECTION ( 'NONE',  ( 0.000000000000000000, -0.000000000000000000, -1.000000000000000000 ) ) ;
#1863 = ORIENTED_EDGE ( 'NONE', *, *, #6157, .T. ) ;
#1864 =( NAMED_UNIT ( * ) SI_UNIT ( $, .STERADIAN. ) SOLID_ANGLE_UNIT ( ) );
#1865 = ORIENTED_EDGE ( 'NONE', *, *, #10564, .F. ) ;
#1866 = VECTOR ( 'NONE', #2158, 999.9999999999998863 ) ;
#1867 = CARTESIAN_POINT ( 'NONE',  ( -33.48532909508681854, 78.38555431655777284, 31.18477683936934852 ) ) ;
#1868 = EDGE_LOOP ( 'NONE', ( #2803, #9744, #1331, #9618 ) ) ;
#1869 = CARTESIAN_POINT ( 'NONE',  ( 49.70347058474200708, -11.57431915030804248, -3.000000000000000000 ) ) ;
#1870 = CARTESIAN_POINT ( 'NONE',  ( 42.05602593911612530, 75.01526966030579047, -18.50000000000000000 ) ) ;
#1871 = DIRECTION ( 'NONE',  ( -0.9946479639414453899, 0.1033219619787451998, 0.000000000000000000 ) ) ;
#1872 = ORIENTED_EDGE ( 'NONE', *, *, #6895, .F. ) ;
#1873 = CARTESIAN_POINT ( 'NONE',  ( 72.22399015877648765, 45.85527319917311218, -18.50000000000000000 ) ) ;
#1874 = CARTESIAN_POINT ( 'NONE',  ( 73.01999828887470301, -43.28465055677781237, -16.60901105260182575 ) ) ;
#1875 = CARTESIAN_POINT ( 'NONE',  ( -60.01076110211604231, 49.99396575967445244, -2.999999999929860106 ) ) ;
#1876 = CIRCLE ( 'NONE', #8484, 2.500000000000003109 ) ;
#1877 = ORIENTED_EDGE ( 'NONE', *, *, #3236, .T. ) ;
#1878 = DIRECTION ( 'NONE',  ( 0.8654182317380975098, -0.5010501812945534761, 0.000000000000000000 ) ) ;
#1879 = CARTESIAN_POINT ( 'NONE',  ( 21.45186988444690357, 89.38152182545849200, -18.46451126154764566 ) ) ;
#1880 = CARTESIAN_POINT ( 'NONE',  ( 78.80314311859508791, -51.24514254668655155, -16.00000000000000000 ) ) ;
#1881 = VECTOR ( 'NONE', #4247, 1000.000000000000000 ) ;
#1882 = EDGE_LOOP ( 'NONE', ( #9558, #5108, #8036 ) ) ;
#1883 = ADVANCED_FACE ( 'NONE', ( #9051 ), #6631, .T. ) ;
#1884 = EDGE_LOOP ( 'NONE', ( #7276, #6780, #8917, #8262 ) ) ;
#1885 = CIRCLE ( 'NONE', #6740, 90.00000000000001421 ) ;
#1886 = CARTESIAN_POINT ( 'NONE',  ( -67.34724340126246034, -38.11451710383213509, -8.293734265007648432 ) ) ;
#1887 = VERTEX_POINT ( 'NONE', #2338 ) ;
#1888 = AXIS2_PLACEMENT_3D ( 'NONE', #558, #9009, #3885 ) ;
#1889 = VERTEX_POINT ( 'NONE', #9865 ) ;
#1890 = DIRECTION ( 'NONE',  ( -0.000000000000000000, 0.000000000000000000, -1.000000000000000000 ) ) ;
#1891 = DIRECTION ( 'NONE',  ( -0.5010501812945533651, -0.8654182317380972878, 0.000000000000000000 ) ) ;
#1892 = CARTESIAN_POINT ( 'NONE',  ( 84.89662796874515038, 7.623972038858464195, 31.18477683936801625 ) ) ;
#1893 = CIRCLE ( 'NONE', #5200, 91.50000000000001421 ) ;
#1894 = ORIENTED_EDGE ( 'NONE', *, *, #7899, .T. ) ;
#1895 = EDGE_CURVE ( 'NONE', #9345, #8271, #3918, .T. ) ;
#1896 = AXIS2_PLACEMENT_3D ( 'NONE', #8227, #3216, #4904 ) ;
#1897 = CARTESIAN_POINT ( 'NONE',  ( -32.73747638465006560, 85.44300813972130015, 30.00000000000000355 ) ) ;
#1898 = FACE_OUTER_BOUND ( 'NONE', #4552, .T. ) ;
#1899 = CARTESIAN_POINT ( 'NONE',  ( 28.27582184931180365, 52.62095849507837642, 17.00000000000000000 ) ) ;
#1900 = CARTESIAN_POINT ( 'NONE',  ( 63.34571104243288886, -55.91169000874213424, 29.99987001606818637 ) ) ;
#1901 = ORIENTED_EDGE ( 'NONE', *, *, #2246, .F. ) ;
#1902 = AXIS2_PLACEMENT_3D ( 'NONE', #10612, #1624, #6452 ) ;
#1903 = EDGE_CURVE ( 'NONE', #10233, #682, #7905, .T. ) ;
#1904 = DIRECTION ( 'NONE',  ( -0.000000000000000000, -0.000000000000000000, -1.000000000000000000 ) ) ;
#1905 = DIRECTION ( 'NONE',  ( 1.000000000000000000, 3.552713678800500929E-15, 0.000000000000000000 ) ) ;
#1906 = ADVANCED_FACE ( 'NONE', ( #10735 ), #1163, .T. ) ;
#1907 = ORIENTED_EDGE ( 'NONE', *, *, #997, .F. ) ;
#1908 = EDGE_CURVE ( 'NONE', #3182, #1172, #10631, .T. ) ;
#1909 = DIRECTION ( 'NONE',  ( -1.000000000000000000, 0.000000000000000000, 0.000000000000000000 ) ) ;
#1910 = CIRCLE ( 'NONE', #9406, 51.03332099679091982 ) ;
#1911 = CARTESIAN_POINT ( 'NONE',  ( -4.351385440520338932, -50.84747089786796437, 16.99999999999998579 ) ) ;
#1912 = DIRECTION ( 'NONE',  ( -0.000000000000000000, -0.000000000000000000, -1.000000000000000000 ) ) ;
#1913 = DIRECTION ( 'NONE',  ( 0.000000000000000000, -0.000000000000000000, -1.000000000000000000 ) ) ;
#1914 = LINE ( 'NONE', #5232, #10243 ) ;
#1915 = CARTESIAN_POINT ( 'NONE',  ( 74.22174312550441755, -9.027411988096909923, -6.651639278711106051 ) ) ;
#1916 = ORIENTED_EDGE ( 'NONE', *, *, #5877, .T. ) ;
#1917 = EDGE_CURVE ( 'NONE', #2992, #707, #4816, .T. ) ;
#1918 = EDGE_CURVE ( 'NONE', #3065, #5873, #7392, .T. ) ;
#1919 = DIRECTION ( 'NONE',  ( -0.000000000000000000, -0.000000000000000000, -1.000000000000000000 ) ) ;
#1920 = ORIENTED_EDGE ( 'NONE', *, *, #6739, .F. ) ;
#1921 = DIRECTION ( 'NONE',  ( -0.2090980990620607549, 0.9778946696698130880, 0.000000000000000000 ) ) ;
#1922 = EDGE_CURVE ( 'NONE', #8482, #10756, #3212, .T. ) ;
#1923 = ORIENTED_EDGE ( 'NONE', *, *, #7804, .F. ) ;
#1924 = DIRECTION ( 'NONE',  ( 0.5010501812945545863, -0.8654182317380966216, 0.000000000000000000 ) ) ;
#1925 = EDGE_CURVE ( 'NONE', #6196, #7038, #7293, .T. ) ;
#1926 = DIRECTION ( 'NONE',  ( -0.000000000000000000, -0.000000000000000000, 1.000000000000000000 ) ) ;
#1927 = DIRECTION ( 'NONE',  ( -0.000000000000000000, -0.000000000000000000, 1.000000000000000000 ) ) ;
#1928 = ORIENTED_EDGE ( 'NONE', *, *, #10686, .F. ) ;
#1929 = CARTESIAN_POINT ( 'NONE',  ( -85.39499722520648106, 6.978992145651223389, -17.93353923880393097 ) ) ;
#1930 = CARTESIAN_POINT ( 'NONE',  ( 0.000000000000000000, 0.000000000000000000, 14.00000000000000000 ) ) ;
#1931 = CARTESIAN_POINT ( 'NONE',  ( -18.38349979340823737, 82.46723521057595008, -15.99988756943650614 ) ) ;
#1932 = ORIENTED_EDGE ( 'NONE', *, *, #4447, .F. ) ;
#1933 = CARTESIAN_POINT ( 'NONE',  ( -91.37756621894718023, 4.731848676989295122, -16.00000000000000000 ) ) ;
#1934 = CARTESIAN_POINT ( 'NONE',  ( -49.70347058474200708, 11.57431915030803360, 0.000000000000000000 ) ) ;
#1935 = CARTESIAN_POINT ( 'NONE',  ( -91.37756621894718023, -4.731848676989273805, 30.00000000000000355 ) ) ;
#1936 = AXIS2_PLACEMENT_3D ( 'NONE', #6816, #3399, #125 ) ;
#1937 = EDGE_LOOP ( 'NONE', ( #1751, #10063, #4826, #5967, #4591 ) ) ;
#1938 = ORIENTED_EDGE ( 'NONE', *, *, #7700, .T. ) ;
#1939 = CARTESIAN_POINT ( 'NONE',  ( 33.63194295253668997, 87.77751655883938042, 14.00000000000000000 ) ) ;
#1940 = ORIENTED_EDGE ( 'NONE', *, *, #6701, .F. ) ;
#1941 = AXIS2_PLACEMENT_3D ( 'NONE', #7068, #5277, #7731 ) ;
#1942 = ORIENTED_EDGE ( 'NONE', *, *, #1980, .T. ) ;
#1943 = DIRECTION ( 'NONE',  ( -0.000000000000000000, -0.000000000000000000, -1.000000000000000000 ) ) ;
#1944 = LINE ( 'NONE', #8597, #5031 ) ;
#1945 = LINE ( 'NONE', #1180, #6867 ) ;
#1946 = ORIENTED_EDGE ( 'NONE', *, *, #7306, .F. ) ;
#1947 = CIRCLE ( 'NONE', #4215, 91.50000000000001421 ) ;
#1948 = DIRECTION ( 'NONE',  ( -0.000000000000000000, 0.000000000000000000, 1.000000000000000000 ) ) ;
#1949 = CYLINDRICAL_SURFACE ( 'NONE', #9889, 2.499999999999999556 ) ;
#1950 = CARTESIAN_POINT ( 'NONE',  ( 8.054202958849929317, 59.19136076220230791, 17.00000000000000000 ) ) ;
#1951 = CARTESIAN_POINT ( 'NONE',  ( 65.39684226620963159, -55.59056553050600513, 32.20313577063293309 ) ) ;
#1952 = ORIENTED_EDGE ( 'NONE', *, *, #2915, .F. ) ;
#1953 = ADVANCED_FACE ( 'NONE', ( #710 ), #2454, .F. ) ;
#1954 = VECTOR ( 'NONE', #2350, 999.9999999999998863 ) ;
#1955 = DIRECTION ( 'NONE',  ( -0.000000000000000000, 0.000000000000000000, 1.000000000000000000 ) ) ;
#1956 = DIRECTION ( 'NONE',  ( -1.000000000000000000, 0.000000000000000000, 0.000000000000000000 ) ) ;
#1957 = VERTEX_POINT ( 'NONE', #8992 ) ;
#1958 = PLANE ( 'NONE',  #7357 ) ;
#1959 = DIRECTION ( 'NONE',  ( 0.000000000000000000, -0.000000000000000000, -1.000000000000000000 ) ) ;
#1960 = CARTESIAN_POINT ( 'NONE',  ( -21.47669927728879813, 83.27343302803780034, -18.50000000001652367 ) ) ;
#1961 = DIRECTION ( 'NONE',  ( 0.000000000000000000, 1.000000000000000000, 0.000000000000000000 ) ) ;
#1962 = FACE_OUTER_BOUND ( 'NONE', #6251, .T. ) ;
#1963 = CYLINDRICAL_SURFACE ( 'NONE', #8526, 2.500000000000000000 ) ;
#1964 = CIRCLE ( 'NONE', #4751, 2.500000000000002220 ) ;
#1965 = ORIENTED_EDGE ( 'NONE', *, *, #3712, .T. ) ;
#1966 = FACE_OUTER_BOUND ( 'NONE', #7495, .T. ) ;
#1967 = ORIENTED_EDGE ( 'NONE', *, *, #8171, .F. ) ;
#1968 = FACE_OUTER_BOUND ( 'NONE', #6183, .T. ) ;
#1969 = VERTEX_POINT ( 'NONE', #1528 ) ;
#1970 = CARTESIAN_POINT ( 'NONE',  ( 32.78100788425304302, 73.69048246111094613, 24.94393758859172294 ) ) ;
#1971 = DIRECTION ( 'NONE',  ( -0.000000000000000000, 0.000000000000000000, 1.000000000000000000 ) ) ;
#1972 = EDGE_CURVE ( 'NONE', #6730, #8522, #7348, .T. ) ;
#1973 = CARTESIAN_POINT ( 'NONE',  ( 32.66103395357426109, 79.37452245814860419, 32.20313577063774346 ) ) ;
#1974 = ORIENTED_EDGE ( 'NONE', *, *, #9703, .T. ) ;
#1975 = AXIS2_PLACEMENT_3D ( 'NONE', #6704, #9942, #5081 ) ;
#1976 = CARTESIAN_POINT ( 'NONE',  ( 0.000000000000000000, 0.000000000000000000, -18.50000000000000000 ) ) ;
#1977 = LINE ( 'NONE', #4381, #7954 ) ;
#1978 = CARTESIAN_POINT ( 'NONE',  ( -54.26119305240509760, 24.98441732591590991, -3.000000000000002665 ) ) ;
#1979 = ADVANCED_FACE ( 'NONE', ( #8273 ), #4137, .T. ) ;
#1980 = EDGE_CURVE ( 'NONE', #6433, #8169, #9972, .T. ) ;
#1981 = VERTEX_POINT ( 'NONE', #1029 ) ;
#1982 = DIRECTION ( 'NONE',  ( -0.000000000000000000, -0.000000000000000000, 1.000000000000000000 ) ) ;
#1983 = CARTESIAN_POINT ( 'NONE',  ( 0.000000000000000000, 0.000000000000000000, 30.00000000000000000 ) ) ;
#1984 = VECTOR ( 'NONE', #8852, 999.9999999999998863 ) ;
#1985 = CYLINDRICAL_SURFACE ( 'NONE', #1035, 94.00000000000001421 ) ;
#1986 = ORIENTED_EDGE ( 'NONE', *, *, #7414, .F. ) ;
#1987 = EDGE_CURVE ( 'NONE', #2756, #1733, #10007, .T. ) ;
#1988 = ORIENTED_EDGE ( 'NONE', *, *, #5701, .F. ) ;
#1989 = DIRECTION ( 'NONE',  ( 1.000000000000000000, 0.000000000000000000, 0.000000000000000000 ) ) ;
#1990 = ORIENTED_EDGE ( 'NONE', *, *, #1459, .T. ) ;
#1991 = EDGE_CURVE ( 'NONE', #5146, #4602, #644, .T. ) ;
#1992 = VERTEX_POINT ( 'NONE', #2615 ) ;
#1993 = DIRECTION ( 'NONE',  ( -0.000000000000000000, -0.000000000000000000, 1.000000000000000000 ) ) ;
#1994 = CARTESIAN_POINT ( 'NONE',  ( 0.000000000000000000, 0.000000000000000000, 32.50000000000000000 ) ) ;
#1995 = LINE ( 'NONE', #1078, #2355 ) ;
#1996 = ORIENTED_EDGE ( 'NONE', *, *, #8449, .T. ) ;
#1997 = LINE ( 'NONE', #10455, #7775 ) ;
#1998 = CARTESIAN_POINT ( 'NONE',  ( 65.81459821653963616, -55.27015065865023757, -18.40430452063755240 ) ) ;
#1999 = CARTESIAN_POINT ( 'NONE',  ( 84.21501108580757489, -7.989345811803678643, -16.15434426884610986 ) ) ;
#2000 = CARTESIAN_POINT ( 'NONE',  ( -64.07788870563750550, 56.07897105721745845, 31.04213425600406850 ) ) ;
#2001 = ORIENTED_EDGE ( 'NONE', *, *, #6083, .T. ) ;
#2002 = DIRECTION ( 'NONE',  ( 0.000000000000000000, 0.000000000000000000, -1.000000000000000000 ) ) ;
#2003 = CIRCLE ( 'NONE', #8100, 51.03332099679091982 ) ;
#2004 = CARTESIAN_POINT ( 'NONE',  ( -35.62433945033689042, 86.98796720654627279, 17.00000000000000000 ) ) ;
#2005 = ORIENTED_EDGE ( 'NONE', *, *, #3313, .T. ) ;
#2006 = LINE ( 'NONE', #7839, #7176 ) ;
#2007 = EDGE_CURVE ( 'NONE', #4423, #10679, #1742, .T. ) ;
#2008 = CARTESIAN_POINT ( 'NONE',  ( -24.38551631369324113, -90.78186269357225058, 14.00000000000000000 ) ) ;
#2009 = CARTESIAN_POINT ( 'NONE',  ( -24.90434133075210354, 82.38639917054140938, -18.50000000005318768 ) ) ;
#2010 = LINE ( 'NONE', #2681, #2955 ) ;
#2011 = DIRECTION ( 'NONE',  ( 0.000000000000000000, -0.000000000000000000, -1.000000000000000000 ) ) ;
#2012 = CARTESIAN_POINT ( 'NONE',  ( 82.64441391933218028, -8.152482462206286584, -13.79952768905667781 ) ) ;
#2013 = CIRCLE ( 'NONE', #2363, 2.499999999999997335 ) ;
#2014 = VERTEX_POINT ( 'NONE', #6682 ) ;
#2015 = SURFACE_SIDE_STYLE ('',( #6973 ) ) ;
#2016 = ORIENTED_EDGE ( 'NONE', *, *, #7025, .T. ) ;
#2017 = CARTESIAN_POINT ( 'NONE',  ( 16.27982722542985528, 3.481030249449609482, -3.000000000000000000 ) ) ;
#2018 = ORIENTED_EDGE ( 'NONE', *, *, #3256, .F. ) ;
#2019 = CARTESIAN_POINT ( 'NONE',  ( 77.93544135418697749, -5.172527561230107374, -3.000000000044638959 ) ) ;
#2020 = DIRECTION ( 'NONE',  ( 0.000000000000000000, -0.000000000000000000, -1.000000000000000000 ) ) ;
#2021 = AXIS2_PLACEMENT_3D ( 'NONE', #10116, #4335, #1067 ) ;
#2022 = ADVANCED_FACE ( 'NONE', ( #7514 ), #4194, .F. ) ;
#2023 = DIRECTION ( 'NONE',  ( 0.000000000000000000, 0.000000000000000000, -1.000000000000000000 ) ) ;
#2024 = ORIENTED_EDGE ( 'NONE', *, *, #3637, .F. ) ;
#2025 = DIRECTION ( 'NONE',  ( -0.000000000000000000, -0.000000000000000000, -1.000000000000000000 ) ) ;
#2026 = CARTESIAN_POINT ( 'NONE',  ( 33.63194295253668997, 87.77751655883938042, -16.00000000000000000 ) ) ;
#2027 = VECTOR ( 'NONE', #1253, 999.9999999999998863 ) ;
#2028 = ORIENTED_EDGE ( 'NONE', *, *, #4645, .T. ) ;
#2029 = PLANE ( 'NONE',  #10101 ) ;
#2030 = EDGE_CURVE ( 'NONE', #1215, #8522, #6545, .T. ) ;
#2031 = CARTESIAN_POINT ( 'NONE',  ( 16.27982722542985528, 3.481030249449609482, 0.000000000000000000 ) ) ;
#2032 = DIRECTION ( 'NONE',  ( 0.000000000000000000, -1.000000000000000000, 1.387778780781444492E-15 ) ) ;
#2033 = DIRECTION ( 'NONE',  ( -0.000000000000000000, -0.000000000000000000, -1.000000000000000000 ) ) ;
#2034 = ORIENTED_EDGE ( 'NONE', *, *, #6739, .T. ) ;
#2035 = EDGE_CURVE ( 'NONE', #10001, #8240, #1857, .T. ) ;
#2036 = ADVANCED_FACE ( 'NONE', ( #9423 ), #7615, .T. ) ;
#2037 = CIRCLE ( 'NONE', #8133, 90.00000000000001421 ) ;
#2038 = EDGE_LOOP ( 'NONE', ( #69, #7479, #10453, #504, #6237, #5676, #1140, #2034 ) ) ;
#2039 = DIRECTION ( 'NONE',  ( -0.9778946696698127550, -0.2090980990620617541, 0.000000000000000000 ) ) ;
#2040 = DIRECTION ( 'NONE',  ( 0.9946479639414452789, 0.1033219619787473231, 1.115035172946036542E-14 ) ) ;
#2041 = ORIENTED_EDGE ( 'NONE', *, *, #4259, .T. ) ;
#2042 = AXIS2_PLACEMENT_3D ( 'NONE', #6264, #7139, #497 ) ;
#2043 = ORIENTED_EDGE ( 'NONE', *, *, #9171, .F. ) ;
#2044 = CARTESIAN_POINT ( 'NONE',  ( 0.000000000000000000, 0.000000000000000000, 16.99999999999998579 ) ) ;
#2045 = ADVANCED_FACE ( 'NONE', ( #5062 ), #5863, .T. ) ;
#2046 = CIRCLE ( 'NONE', #9362, 2.500000000000000888 ) ;
#2047 = DIRECTION ( 'NONE',  ( 0.000000000000000000, 0.000000000000000000, -1.000000000000000000 ) ) ;
#2048 = SPHERICAL_SURFACE ( 'NONE', #434, 2.500000000000000000 ) ;
#2049 = VERTEX_POINT ( 'NONE', #2667 ) ;
#2050 = VECTOR ( 'NONE', #8021, 999.9999999999998863 ) ;
#2051 = EDGE_CURVE ( 'NONE', #6048, #7485, #6191, .T. ) ;
#2052 = CIRCLE ( 'NONE', #7446, 2.500000000000002220 ) ;
#2053 = CARTESIAN_POINT ( 'NONE',  ( 0.000000000000000000, 0.000000000000000000, -3.000000000000000000 ) ) ;
#2054 = CARTESIAN_POINT ( 'NONE',  ( 73.83776453563729092, 9.067298885472848013, 20.44096778185832264 ) ) ;
#2055 = SPHERICAL_SURFACE ( 'NONE', #8333, 2.500000000000000000 ) ;
#2056 = CARTESIAN_POINT ( 'NONE',  ( -66.32191054007846276, 54.74593539653741203, 32.50000000000000000 ) ) ;
#2057 = VERTEX_POINT ( 'NONE', #96 ) ;
#2058 = VECTOR ( 'NONE', #3530, 1000.000000000000000 ) ;
#2059 = LINE ( 'NONE', #2827, #7810 ) ;
#2060 = DIRECTION ( 'NONE',  ( 0.000000000000000000, -0.000000000000000000, -1.000000000000000000 ) ) ;
#2061 = EDGE_LOOP ( 'NONE', ( #7729, #179, #9852, #6282, #6461, #1996 ) ) ;
#2062 = CARTESIAN_POINT ( 'NONE',  ( -76.70731484416434398, -49.88223981938107698, -3.000000000000000888 ) ) ;
#2063 = CARTESIAN_POINT ( 'NONE',  ( 0.000000000000000000, 0.000000000000000000, -3.000000000000000000 ) ) ;
#2064 = DIRECTION ( 'NONE',  ( -0.7439559807600391039, -0.6682286275604842896, 0.000000000000000000 ) ) ;
#2065 = CARTESIAN_POINT ( 'NONE',  ( -1.461781871039310676, -14.07211336206388808, 30.00000000000000355 ) ) ;
#2066 = DIRECTION ( 'NONE',  ( -0.000000000000000000, -0.000000000000000000, 1.000000000000000000 ) ) ;
#2067 = CIRCLE ( 'NONE', #8163, 2.500000000000002220 ) ;
#2068 = DIRECTION ( 'NONE',  ( 0.8654182317380992862, 0.5010501812945499234, 0.000000000000000000 ) ) ;
#2069 = AXIS2_PLACEMENT_3D ( 'NONE', #6900, #5222, #10241 ) ;
#2070 = ORIENTED_EDGE ( 'NONE', *, *, #4569, .F. ) ;
#2071 = DIRECTION ( 'NONE',  ( -0.000000000000000000, -0.000000000000000000, 1.000000000000000000 ) ) ;
#2072 = ORIENTED_EDGE ( 'NONE', *, *, #2562, .T. ) ;
#2073 = CARTESIAN_POINT ( 'NONE',  ( 79.95094027961361860, -49.43528242465761480, 30.00000000000000355 ) ) ;
#2074 = ORIENTED_EDGE ( 'NONE', *, *, #301, .T. ) ;
#2075 = CARTESIAN_POINT ( 'NONE',  ( 16.27982722542983041, -3.481030249449617031, -3.000000000000000000 ) ) ;
#2076 = VECTOR ( 'NONE', #5466, 999.9999999999998863 ) ;
#2077 = CIRCLE ( 'NONE', #7123, 2.500000000000002220 ) ;
#2078 = CARTESIAN_POINT ( 'NONE',  ( 32.24336115877952835, 79.67538646114493872, 32.41801905197539924 ) ) ;
#2079 = CARTESIAN_POINT ( 'NONE',  ( 34.77390060466385080, 83.01069712234054521, 0.000000000000000000 ) ) ;
#2080 = ORIENTED_EDGE ( 'NONE', *, *, #2850, .F. ) ;
#2081 = DIRECTION ( 'NONE',  ( 1.000000000000000000, 0.000000000000000000, 0.000000000000000000 ) ) ;
#2082 = CARTESIAN_POINT ( 'NONE',  ( 34.20357720926791956, 87.47227154391224246, -16.63464022912680917 ) ) ;
#2083 = B_SPLINE_CURVE_WITH_KNOTS ( 'NONE', 3,
 ( #1580, #10728, #4079, #1367, #4945, #7187 ),
 .UNSPECIFIED., .F., .F.,
 ( 4, 2, 4 ),
 ( 0.000000000000000000, 0.0008037275079272071954, 0.001607455015854414391 ),
 .UNSPECIFIED. ) ;
#2084 = CIRCLE ( 'NONE', #3314, 2.499999999999998668 ) ;
#2085 = VERTEX_POINT ( 'NONE', #3422 ) ;
#2086 = EDGE_CURVE ( 'NONE', #4429, #1056, #598, .T. ) ;
#2087 = DIRECTION ( 'NONE',  ( 0.000000000000000000, 0.000000000000000000, -1.000000000000000000 ) ) ;
#2088 = DIRECTION ( 'NONE',  ( -0.9946479639414453899, -0.1033219619787452970, 0.000000000000000000 ) ) ;
#2089 = CARTESIAN_POINT ( 'NONE',  ( -15.21675513427112492, 6.752829723239115012, 0.000000000000000000 ) ) ;
#2090 = FACE_OUTER_BOUND ( 'NONE', #4743, .T. ) ;
#2091 = ORIENTED_EDGE ( 'NONE', *, *, #10042, .T. ) ;
#2092 = VERTEX_POINT ( 'NONE', #4402 ) ;
#2093 = DIRECTION ( 'NONE',  ( -0.000000000000000000, 0.000000000000000000, 1.000000000000000000 ) ) ;
#2094 = DIRECTION ( 'NONE',  ( -1.000000000000000000, 0.000000000000000000, 0.000000000000000000 ) ) ;
#2095 = ORIENTED_EDGE ( 'NONE', *, *, #8960, .T. ) ;
#2096 = ADVANCED_FACE ( 'NONE', ( #1842 ), #6733, .F. ) ;
#2097 = VERTEX_POINT ( 'NONE', #3528 ) ;
#2098 = CARTESIAN_POINT ( 'NONE',  ( -85.38348876633538964, -5.354500977208402901, 32.50000000000000000 ) ) ;
#2099 = CARTESIAN_POINT ( 'NONE',  ( 91.63587112389404865, -7.218468586842890389, -3.000000000000000000 ) ) ;
#2100 = CARTESIAN_POINT ( 'NONE',  ( -20.65978700115068989, -87.59665062699083649, 0.000000000000000000 ) ) ;
#2101 = VERTEX_POINT ( 'NONE', #6791 ) ;
#2102 = CIRCLE ( 'NONE', #9428, 94.00000000000001421 ) ;
#2103 = EDGE_CURVE ( 'NONE', #353, #5734, #6893, .T. ) ;
#2104 = CARTESIAN_POINT ( 'NONE',  ( 42.05602593911584819, -75.01526966030594679, 32.50000000000000000 ) ) ;
#2105 = LINE ( 'NONE', #6290, #9716 ) ;
#2106 = CARTESIAN_POINT ( 'NONE',  ( -73.17681697432516330, -43.82912915065904969, -17.28567951663114499 ) ) ;
#2107 = CARTESIAN_POINT ( 'NONE',  ( 21.45186988444690357, 89.38152182545847779, -3.000000000000000000 ) ) ;
#2108 = EDGE_CURVE ( 'NONE', #7028, #10494, #10133, .T. ) ;
#2109 = ORIENTED_EDGE ( 'NONE', *, *, #10432, .T. ) ;
#2110 = EDGE_CURVE ( 'NONE', #10203, #2938, #6016, .T. ) ;
#2111 = EDGE_CURVE ( 'NONE', #5775, #7055, #3578, .T. ) ;
#2113 = DIRECTION ( 'NONE',  ( -0.05171419319113981089, -0.9986619258901330287, 1.039441372443493434E-15 ) ) ;
#2112 = CIRCLE ( 'NONE', #6281, 2.499999999999997335 ) ;
#2114 = CARTESIAN_POINT ( 'NONE',  ( 9.066906421276939909, 76.90975776729577262, 17.00000000000000000 ) ) ;
#2115 = ORIENTED_EDGE ( 'NONE', *, *, #2322, .F. ) ;
#2116 = EDGE_LOOP ( 'NONE', ( #3134, #3883, #6658, #4876 ) ) ;
#2117 = ADVANCED_FACE ( 'NONE', ( #2928 ), #9126, .T. ) ;
#2118 = CARTESIAN_POINT ( 'NONE',  ( -21.40034107255263507, -87.08957868387759049, 31.93321378299349078 ) ) ;
#2119 = DIRECTION ( 'NONE',  ( -0.9140381853826243796, -0.4056281494946316624, 0.000000000000000000 ) ) ;
#2120 = CARTESIAN_POINT ( 'NONE',  ( -33.29364967278247889, 76.08796801789804931, -13.81128689715224134 ) ) ;
#2121 = CARTESIAN_POINT ( 'NONE',  ( 64.98360836538493857, 55.82852451257974025, -17.92213809290322146 ) ) ;
#2122 = VECTOR ( 'NONE', #8700, 1000.000000000000000 ) ;
#2123 = DIRECTION ( 'NONE',  ( -1.000000000000000000, 0.000000000000000000, 0.000000000000000000 ) ) ;
#2124 = ORIENTED_EDGE ( 'NONE', *, *, #9843, .T. ) ;
#2125 = EDGE_CURVE ( 'NONE', #536, #1364, #9828, .T. ) ;
#2126 = CARTESIAN_POINT ( 'NONE',  ( -73.64966956456746061, -47.13583255659593618, -18.50000000000000000 ) ) ;
#2127 = VERTEX_POINT ( 'NONE', #7168 ) ;
#2128 = CYLINDRICAL_SURFACE ( 'NONE', #3197, 2.500000000000000888 ) ;
#2129 = ORIENTED_EDGE ( 'NONE', *, *, #7503, .T. ) ;
#2130 = FACE_OUTER_BOUND ( 'NONE', #9727, .T. ) ;
#2131 = DIRECTION ( 'NONE',  ( 0.2090980990620617819, 0.9778946696698127550, 0.000000000000000000 ) ) ;
#2132 = DIRECTION ( 'NONE',  ( 0.5010501812945504785, -0.8654182317380989531, 0.000000000000000000 ) ) ;
#2133 = LINE ( 'NONE', #8895, #5531 ) ;
#2134 = VECTOR ( 'NONE', #2711, 1000.000000000000000 ) ;
#2135 = ORIENTED_EDGE ( 'NONE', *, *, #5102, .F. ) ;
#2136 = DIRECTION ( 'NONE',  ( 0.000000000000000000, 0.000000000000000000, -1.000000000000000000 ) ) ;
#2137 = CARTESIAN_POINT ( 'NONE',  ( 35.23759991925586377, 85.27354624411327677, -18.38541974608760654 ) ) ;
#2138 = ORIENTED_EDGE ( 'NONE', *, *, #4305, .F. ) ;
#2139 = DIRECTION ( 'NONE',  ( -0.000000000000000000, 0.000000000000000000, 1.000000000000000000 ) ) ;
#2140 = FACE_OUTER_BOUND ( 'NONE', #6796, .T. ) ;
#2141 = LINE ( 'NONE', #4650, #2076 ) ;
#2142 = DIRECTION ( 'NONE',  ( 0.2090980990620617541, -0.9778946696698127550, -0.000000000000000000 ) ) ;
#2143 = VERTEX_POINT ( 'NONE', #6338 ) ;
#2144 = AXIS2_PLACEMENT_3D ( 'NONE', #4973, #8293, #4159 ) ;
#2145 = APPLICATION_CONTEXT ( 'automotive_design' ) ;
#2146 = ORIENTED_EDGE ( 'NONE', *, *, #10509, .F. ) ;
#2147 = EDGE_CURVE ( 'NONE', #3614, #1056, #1997, .T. ) ;
#2148 = CARTESIAN_POINT ( 'NONE',  ( 72.90475531190901393, 43.10629275173545238, 30.30948754350999508 ) ) ;
#2149 = CARTESIAN_POINT ( 'NONE',  ( -24.59464368566131398, -90.30013475405900181, -18.50000000000000000 ) ) ;
#2150 = ORIENTED_EDGE ( 'NONE', *, *, #1237, .F. ) ;
#2151 = ORIENTED_EDGE ( 'NONE', *, *, #3386, .F. ) ;
#2152 = DIRECTION ( 'NONE',  ( 0.9657644967401304292, -0.2594203863158842105, -0.000000000000000000 ) ) ;
#2153 = DIRECTION ( 'NONE',  ( 0.000000000000000000, -0.000000000000000000, -1.000000000000000000 ) ) ;
#2154 = CYLINDRICAL_SURFACE ( 'NONE', #5666, 2.500000000000002220 ) ;
#2155 = EDGE_LOOP ( 'NONE', ( #5656, #2041, #10628, #1149, #8417, #10491, #116, #9713 ) ) ;
#2156 = EDGE_LOOP ( 'NONE', ( #2829, #7372, #1458, #6533 ) ) ;
#2157 = B_SPLINE_CURVE_WITH_KNOTS ( 'NONE', 3,
 ( #1410, #7283, #8710, #2161, #9688, #1348, #8762, #10401, #6182, #1244, #4561, #4728, #3746, #588, #3908, #7224 ),
 .UNSPECIFIED., .F., .F.,
 ( 4, 2, 2, 2, 2, 2, 2, 4 ),
 ( 0.000000000000000000, 0.0005514947311249713581, 0.001102989462249942716, 0.002205978924499885432, 0.002757473655624852454, 0.003308968386749819475, 0.003860463117874786496, 0.004411957848999753518 ),
 .UNSPECIFIED. ) ;
#2158 = DIRECTION ( 'NONE',  ( -0.8654182317380989531, -0.5010501812945508116, 0.000000000000000000 ) ) ;
#2159 = PLANE ( 'NONE',  #3798 ) ;
#2160 = CARTESIAN_POINT ( 'NONE',  ( -91.37756621894718023, 4.731848676989293345, -16.00000000000000000 ) ) ;
#2161 = CARTESIAN_POINT ( 'NONE',  ( 20.75814898604416925, -83.39934138189072144, -18.40430452063179345 ) ) ;
#2162 = ORIENTED_EDGE ( 'NONE', *, *, #2781, .T. ) ;
#2163 = DIRECTION ( 'NONE',  ( -0.000000000000000000, -0.000000000000000000, -1.000000000000000000 ) ) ;
#2164 = ADVANCED_FACE ( 'NONE', ( #7771 ), #2983, .F. ) ;
#2165 = LINE ( 'NONE', #3153, #6314 ) ;
#2166 = ORIENTED_EDGE ( 'NONE', *, *, #7584, .T. ) ;
#2167 = ORIENTED_EDGE ( 'NONE', *, *, #7966, .T. ) ;
#2168 = EDGE_CURVE ( 'NONE', #3191, #8740, #9631, .T. ) ;
#2169 = EDGE_CURVE ( 'NONE', #9048, #635, #10502, .T. ) ;
#2170 = CARTESIAN_POINT ( 'NONE',  ( 78.37788641306556769, -48.02234986748094059, -3.000000000000000000 ) ) ;
#2171 = LINE ( 'NONE', #5493, #2200 ) ;
#2172 = VECTOR ( 'NONE', #5928, 1000.000000000000000 ) ;
#2173 = DIRECTION ( 'NONE',  ( 1.000000000000000000, 0.000000000000000000, 0.000000000000000000 ) ) ;
#2174 = FACE_OUTER_BOUND ( 'NONE', #2187, .T. ) ;
#2175 = CARTESIAN_POINT ( 'NONE',  ( 0.000000000000000000, 0.000000000000000000, 17.00000000000000000 ) ) ;
#2176 = ORIENTED_EDGE ( 'NONE', *, *, #5248, .F. ) ;
#2177 = AXIS2_PLACEMENT_3D ( 'NONE', #2764, #3738, #6892 ) ;
#2178 = DIRECTION ( 'NONE',  ( -0.6288364132062421730, 0.7775376295883745792, -0.000000000000000000 ) ) ;
#2179 = ORIENTED_EDGE ( 'NONE', *, *, #82, .T. ) ;
#2180 = EDGE_CURVE ( 'NONE', #2049, #5317, #9010, .T. ) ;
#2181 = CARTESIAN_POINT ( 'NONE',  ( 63.34558840302673133, 55.91184470036229470, 29.99988756943585955 ) ) ;
#2182 = ORIENTED_EDGE ( 'NONE', *, *, #8047, .T. ) ;
#2183 = CARTESIAN_POINT ( 'NONE',  ( -64.20155646347510014, 56.06890883344295418, -17.18477683936999867 ) ) ;
#2184 = CARTESIAN_POINT ( 'NONE',  ( -85.07315053170093222, -7.439216513602800340, 31.45153177885159934 ) ) ;
#2185 = AXIS2_PLACEMENT_3D ( 'NONE', #4933, #850, #4173 ) ;
#2186 = CARTESIAN_POINT ( 'NONE',  ( 24.38551631369323758, -90.78186269357225058, -16.00000000000000000 ) ) ;
#2187 = EDGE_LOOP ( 'NONE', ( #6423, #5688, #4192, #9292, #6148, #7953, #9303 ) ) ;
#2188 = LINE ( 'NONE', #8625, #10131 ) ;
#2189 = CARTESIAN_POINT ( 'NONE',  ( 35.18221305882460115, 84.92026289206614820, -18.46451126154764211 ) ) ;
#2190 = ORIENTED_EDGE ( 'NONE', *, *, #8973, .T. ) ;
#2191 = DIRECTION ( 'NONE',  ( -1.000000000000000000, 0.000000000000000000, 0.000000000000000000 ) ) ;
#2192 = CIRCLE ( 'NONE', #3760, 2.500000000000002220 ) ;
#2193 = CARTESIAN_POINT ( 'NONE',  ( -47.01416648434901191, 19.85114610654547818, -3.000000000000000000 ) ) ;
#2194 = LINE ( 'NONE', #3728, #9470 ) ;
#2195 = EDGE_LOOP ( 'NONE', ( #1495, #687, #7611, #2702, #5189, #8793, #2316, #7837 ) ) ;
#2196 = DIRECTION ( 'NONE',  ( -0.000000000000000000, -0.000000000000000000, 1.000000000000000000 ) ) ;
#2197 = VERTEX_POINT ( 'NONE', #5376 ) ;
#2198 = CARTESIAN_POINT ( 'NONE',  ( -91.37756621894718023, -4.731848676989272917, 30.00000000000000000 ) ) ;
#2199 = DIRECTION ( 'NONE',  ( 0.000000000000000000, 0.000000000000000000, 1.000000000000000000 ) ) ;
#2200 = VECTOR ( 'NONE', #10465, 1000.000000000000000 ) ;
#2201 = ORIENTED_EDGE ( 'NONE', *, *, #1178, .F. ) ;
#2202 = ORIENTED_EDGE ( 'NONE', *, *, #1587, .F. ) ;
#2203 = DIRECTION ( 'NONE',  ( -0.000000000000000000, -0.000000000000000000, -1.000000000000000000 ) ) ;
#2204 = DIRECTION ( 'NONE',  ( -7.657722947273488629E-16, -1.177580171285057241E-15, 1.000000000000000000 ) ) ;
#2205 = PRODUCT_RELATED_PRODUCT_CATEGORY ( 'part', '', ( #7549 ) ) ;
#2206 = CARTESIAN_POINT ( 'NONE',  ( -76.70731484416435819, -49.88223981938104856, 30.00000000000000000 ) ) ;
#2207 = AXIS2_PLACEMENT_3D ( 'NONE', #7218, #6457, #9799 ) ;
#2208 = ORIENTED_EDGE ( 'NONE', *, *, #9438, .T. ) ;
#2209 = VERTEX_POINT ( 'NONE', #1344 ) ;
#2210 = CARTESIAN_POINT ( 'NONE',  ( -32.24336115877568432, 79.67538646113312950, -18.41801905197579714 ) ) ;
#2211 = CARTESIAN_POINT ( 'NONE',  ( -24.38551631369324468, 90.78186269357225058, -3.000000000000000000 ) ) ;
#2212 = CARTESIAN_POINT ( 'NONE',  ( -32.73747638465012244, -85.44300813972127173, -16.00000000000000000 ) ) ;
#2213 = LINE ( 'NONE', #418, #9735 ) ;
#2214 = VECTOR ( 'NONE', #4221, 1000.000000000000000 ) ;
#2215 = VERTEX_POINT ( 'NONE', #7992 ) ;
#2216 = EDGE_CURVE ( 'NONE', #9654, #3452, #3634, .T. ) ;
#2217 = EDGE_CURVE ( 'NONE', #8078, #5769, #10571, .T. ) ;
#2218 = CARTESIAN_POINT ( 'NONE',  ( 23.73696534790352430, 88.36745145172190519, 14.00000000000000000 ) ) ;
#2219 = CARTESIAN_POINT ( 'NONE',  ( 29.00274188532800679, 72.52261042988936879, 16.99999999999999645 ) ) ;
#2220 = ORIENTED_EDGE ( 'NONE', *, *, #1520, .T. ) ;
#2221 = ORIENTED_EDGE ( 'NONE', *, *, #9382, .F. ) ;
#2222 = AXIS2_PLACEMENT_3D ( 'NONE', #2957, #1376, #9607 ) ;
#2223 = LINE ( 'NONE', #595, #727 ) ;
#2224 = CARTESIAN_POINT ( 'NONE',  ( 0.000000000000000000, 0.000000000000000000, 17.00000000000000000 ) ) ;
#2225 = DIRECTION ( 'NONE',  ( 0.000000000000000000, -0.000000000000000000, -1.000000000000000000 ) ) ;
#2226 = CARTESIAN_POINT ( 'NONE',  ( -60.11725487732926609, 3.989945425992979633, -3.000000000000002665 ) ) ;
#2227 = CARTESIAN_POINT ( 'NONE',  ( -14.37471697190248854, -73.43394024386249441, -6.685161482369847974 ) ) ;
#2228 = VECTOR ( 'NONE', #2669, 999.9999999999998863 ) ;
#2229 = CARTESIAN_POINT ( 'NONE',  ( -78.11690890368932116, 35.96871617576458391, 32.50000000000000000 ) ) ;
#2230 = VERTEX_POINT ( 'NONE', #8600 ) ;
#2231 = AXIS2_PLACEMENT_3D ( 'NONE', #3280, #4260, #1808 ) ;
#2232 = CIRCLE ( 'NONE', #10077, 51.03332099679091982 ) ;
#2233 = EDGE_CURVE ( 'NONE', #658, #2992, #6953, .T. ) ;
#2234 = EDGE_CURVE ( 'NONE', #4679, #4761, #7350, .T. ) ;
#2235 = CARTESIAN_POINT ( 'NONE',  ( -71.21030944554969722, -48.53634760852364138, -18.50000000012688162 ) ) ;
#2236 = CARTESIAN_POINT ( 'NONE',  ( -26.36704873968084684, -43.69414826633877880, 16.99999999999998579 ) ) ;
#2237 = ORIENTED_EDGE ( 'NONE', *, *, #7321, .T. ) ;
#2238 = VECTOR ( 'NONE', #6623, 1000.000000000000000 ) ;
#2239 = LINE ( 'NONE', #10694, #4608 ) ;
#2240 = VECTOR ( 'NONE', #1847, 1000.000000000000000 ) ;
#2241 = LINE ( 'NONE', #9769, #1954 ) ;
#2242 = DIRECTION ( 'NONE',  ( -1.000000000000000000, -5.551115123125785858E-15, 0.000000000000000000 ) ) ;
#2243 = ORIENTED_EDGE ( 'NONE', *, *, #2471, .T. ) ;
#2244 = EDGE_CURVE ( 'NONE', #4200, #6428, #4888, .T. ) ;
#2245 = CARTESIAN_POINT ( 'NONE',  ( -64.98385533078253218, -55.84004323801757153, 31.93353923880066958 ) ) ;
#2246 = EDGE_CURVE ( 'NONE', #2426, #4117, #7256, .T. ) ;
#2247 = FACE_OUTER_BOUND ( 'NONE', #9411, .T. ) ;
#2248 = VERTEX_POINT ( 'NONE', #4827 ) ;
#2249 = EDGE_CURVE ( 'NONE', #533, #3331, #5698, .T. ) ;
#2250 = CARTESIAN_POINT ( 'NONE',  ( 20.65978700115068278, -87.59665062699080806, 17.00000000000000000 ) ) ;
#2251 = AXIS2_PLACEMENT_3D ( 'NONE', #8207, #7332, #7388 ) ;
#2252 = ORIENTED_EDGE ( 'NONE', *, *, #7700, .F. ) ;
#2253 = EDGE_CURVE ( 'NONE', #2101, #4495, #5168, .T. ) ;
#2254 = AXIS2_PLACEMENT_3D ( 'NONE', #10715, #1453, #3079 ) ;
#2255 = DIRECTION ( 'NONE',  ( 1.000000000000000000, 0.000000000000000000, 0.000000000000000000 ) ) ;
#2256 = CARTESIAN_POINT ( 'NONE',  ( 85.80956557441373889, -5.681119841942839699, 32.50009145628176555 ) ) ;
#2257 = VERTEX_POINT ( 'NONE', #8159 ) ;
#2258 = CARTESIAN_POINT ( 'NONE',  ( 65.44644493973196120, -36.40720110656039310, 20.72164368866977568 ) ) ;
#2259 = EDGE_LOOP ( 'NONE', ( #6131, #8726, #5141, #7086 ) ) ;
#2260 = CARTESIAN_POINT ( 'NONE',  ( 89.69359066795173874, -7.420228641350739451, 17.00000000000000000 ) ) ;
#2261 = EDGE_CURVE ( 'NONE', #8543, #7099, #9529, .T. ) ;
#2262 = VECTOR ( 'NONE', #782, 1000.000000000000000 ) ;
#2263 = LINE ( 'NONE', #8966, #3091 ) ;
#2264 = VERTEX_POINT ( 'NONE', #10619 ) ;
#2265 = ORIENTED_EDGE ( 'NONE', *, *, #10375, .F. ) ;
#2266 = DIRECTION ( 'NONE',  ( -0.000000000000000000, 0.000000000000000000, 1.000000000000000000 ) ) ;
#2267 = PLANE ( 'NONE',  #6595 ) ;
#2268 = FACE_OUTER_BOUND ( 'NONE', #1294, .T. ) ;
#2269 = AXIS2_PLACEMENT_3D ( 'NONE', #3338, #9122, #4262 ) ;
#2270 = ORIENTED_EDGE ( 'NONE', *, *, #1218, .F. ) ;
#2271 = ORIENTED_EDGE ( 'NONE', *, *, #9611, .T. ) ;
#2272 = CARTESIAN_POINT ( 'NONE',  ( -67.38009771787248781, -38.14402717629005224, 22.32620741698671907 ) ) ;
#2273 = FACE_OUTER_BOUND ( 'NONE', #1258, .T. ) ;
#2274 = CARTESIAN_POINT ( 'NONE',  ( 72.74804758863642462, -45.83955294677983261, 32.47998818980913427 ) ) ;
#2275 = EDGE_LOOP ( 'NONE', ( #1060, #5573, #10463, #6418 ) ) ;
#2276 = DIRECTION ( 'NONE',  ( -1.000000000000000000, 0.000000000000000000, 0.000000000000000000 ) ) ;
#2277 = DIRECTION ( 'NONE',  ( 0.000000000000000000, -0.000000000000000000, -1.000000000000000000 ) ) ;
#2278 = ORIENTED_EDGE ( 'NONE', *, *, #1460, .F. ) ;
#2279 = ORIENTED_EDGE ( 'NONE', *, *, #9070, .T. ) ;
#2280 = VECTOR ( 'NONE', #6597, 1000.000000000000000 ) ;
#2281 = CARTESIAN_POINT ( 'NONE',  ( -20.26834532563070468, -86.54173881510395461, 30.60753349507097809 ) ) ;
#2282 = DIRECTION ( 'NONE',  ( 0.000000000000000000, -0.000000000000000000, -1.000000000000000000 ) ) ;
#2283 = DIRECTION ( 'NONE',  ( -0.9946479639414452789, 0.1033219619787458521, 0.000000000000000000 ) ) ;
#2284 = EDGE_CURVE ( 'NONE', #3146, #10561, #5539, .T. ) ;
#2285 = CARTESIAN_POINT ( 'NONE',  ( -18.38368993619057079, 82.46718214796932500, 29.99987001606569592 ) ) ;
#2286 = CARTESIAN_POINT ( 'NONE',  ( -65.68511428772779936, 36.62157627790996628, -6.904288729143726044 ) ) ;
#2287 = CARTESIAN_POINT ( 'NONE',  ( -34.48467086776079782, -81.92310088359229781, 30.60802558733443846 ) ) ;
#2288 = ORIENTED_EDGE ( 'NONE', *, *, #8720, .T. ) ;
#2289 = AXIS2_PLACEMENT_3D ( 'NONE', #10355, #9593, #1043 ) ;
#2290 = FACE_OUTER_BOUND ( 'NONE', #149, .T. ) ;
#2291 = CARTESIAN_POINT ( 'NONE',  ( 0.000000000000000000, 0.000000000000000000, -16.00000000000000000 ) ) ;
#2292 = ORIENTED_EDGE ( 'NONE', *, *, #7895, .F. ) ;
#2293 = CARTESIAN_POINT ( 'NONE',  ( 0.000000000000000000, 0.000000000000000000, -18.50000000000000000 ) ) ;
#2294 = AXIS2_PLACEMENT_3D ( 'NONE', #3774, #7087, #342 ) ;
#2295 = FACE_OUTER_BOUND ( 'NONE', #5095, .T. ) ;
#2296 = CYLINDRICAL_SURFACE ( 'NONE', #3418, 90.00000000000001421 ) ;
#2297 = ORIENTED_EDGE ( 'NONE', *, *, #4645, .F. ) ;
#2298 = CARTESIAN_POINT ( 'NONE',  ( -8.725463155410144722, -63.13683344548392995, 17.00000000000000000 ) ) ;
#2299 = CARTESIAN_POINT ( 'NONE',  ( 9.066906421277067807, -76.90975776729575841, -3.000000000000001332 ) ) ;
#2300 = VERTEX_POINT ( 'NONE', #5751 ) ;
#2301 = CYLINDRICAL_SURFACE ( 'NONE', #10452, 2.500000000000000444 ) ;
#2302 = CIRCLE ( 'NONE', #8399, 2.500000000000002220 ) ;
#2303 = ORIENTED_EDGE ( 'NONE', *, *, #528, .T. ) ;
#2304 = CARTESIAN_POINT ( 'NONE',  ( 23.73696534790352430, 88.36745145172190519, 30.00000000000000355 ) ) ;
#2305 = ORIENTED_EDGE ( 'NONE', *, *, #8749, .F. ) ;
#2306 = EDGE_CURVE ( 'NONE', #3413, #4759, #5648, .T. ) ;
#2307 = DIRECTION ( 'NONE',  ( 0.2090980990620599778, -0.9778946696698130880, 0.000000000000000000 ) ) ;
#2308 = ORIENTED_EDGE ( 'NONE', *, *, #4527, .F. ) ;
#2309 = CARTESIAN_POINT ( 'NONE',  ( 69.81787937762602780, -40.33366679868416327, 24.91900855183958541 ) ) ;
#2310 = EDGE_CURVE ( 'NONE', #2688, #1705, #1576, .T. ) ;
#2311 = ORIENTED_EDGE ( 'NONE', *, *, #755, .T. ) ;
#2312 = ADVANCED_FACE ( 'NONE', ( #8212 ), #10781, .T. ) ;
#2313 = DIRECTION ( 'NONE',  ( -1.000000000000000000, -5.551115123125777969E-15, 0.000000000000000000 ) ) ;
#2314 = CARTESIAN_POINT ( 'NONE',  ( -85.07154246479763060, 7.441060428133302374, 31.44910535888904946 ) ) ;
#2315 = ORIENTED_EDGE ( 'NONE', *, *, #4839, .T. ) ;
#2316 = ORIENTED_EDGE ( 'NONE', *, *, #4712, .T. ) ;
#2317 = CARTESIAN_POINT ( 'NONE',  ( -11.12455864745016321, -12.38525498271512681, -3.000000000000000000 ) ) ;
#2318 = DIRECTION ( 'NONE',  ( -0.000000000000000000, 0.000000000000000000, -1.000000000000000000 ) ) ;
#2319 = CARTESIAN_POINT ( 'NONE',  ( 46.29064977222655841, -38.56396948134393199, -3.000000000000002665 ) ) ;
#2320 = VECTOR ( 'NONE', #7190, 1000.000000000000000 ) ;
#2321 = CARTESIAN_POINT ( 'NONE',  ( -74.34690206535547929, -9.014410737711450849, 20.72164368867620254 ) ) ;
#2322 = EDGE_CURVE ( 'NONE', #6065, #8053, #8478, .T. ) ;
#2323 = ORIENTED_EDGE ( 'NONE', *, *, #187, .F. ) ;
#2324 = B_SPLINE_SURFACE_WITH_KNOTS ( 'NONE', 2, 3, ( 
 ( #8997, #3759, #1422, #2999 ),
 ( #4742, #3816, #2342, #432 ),
 ( #544, #8064, #8940, #2229 ) ),
 .UNSPECIFIED., .F., .F., .F.,
 ( 3, 3 ),
 ( 4, 4 ),
 ( 0.000000000000000000, 1.000000000000000000 ),
 ( 2.316463413255180459, 2.710084832488488527 ),
 .UNSPECIFIED. ) ;
#2325 = ORIENTED_EDGE ( 'NONE', *, *, #2907, .T. ) ;
#2326 = EDGE_CURVE ( 'NONE', #5619, #7212, #4824, .T. ) ;
#2327 = AXIS2_PLACEMENT_3D ( 'NONE', #10074, #4544, #7972 ) ;
#2328 = CARTESIAN_POINT ( 'NONE',  ( -65.39779555255125842, -36.36350374533448360, 20.68516148234436258 ) ) ;
#2329 = DIRECTION ( 'NONE',  ( 0.000000000000000000, 1.000000000000000000, -5.551115123125777969E-15 ) ) ;
#2330 = AXIS2_PLACEMENT_3D ( 'NONE', #216, #3535, #10194 ) ;
#2331 = CARTESIAN_POINT ( 'NONE',  ( 72.89483783048251553, -43.11649256931500673, 30.30701376012452286 ) ) ;
#2332 = ORIENTED_EDGE ( 'NONE', *, *, #3835, .T. ) ;
#2333 = DIRECTION ( 'NONE',  ( -0.000000000000000000, -0.000000000000000000, -1.000000000000000000 ) ) ;
#2334 = DIRECTION ( 'NONE',  ( -0.000000000000000000, 0.000000000000000000, 1.000000000000000000 ) ) ;
#2335 = ORIENTED_EDGE ( 'NONE', *, *, #2322, .T. ) ;
#2336 = ORIENTED_EDGE ( 'NONE', *, *, #4158, .F. ) ;
#2337 = CARTESIAN_POINT ( 'NONE',  ( 78.11690890368919327, -35.96871617576483260, 32.50000000000000000 ) ) ;
#2338 = CARTESIAN_POINT ( 'NONE',  ( 93.87422103367251225, 4.861134159967140711, 30.00000000000000000 ) ) ;
#2339 = FACE_OUTER_BOUND ( 'NONE', #3735, .T. ) ;
#2340 = CARTESIAN_POINT ( 'NONE',  ( 14.37471697192184727, -73.43394024390610753, 20.68516148235045193 ) ) ;
#2341 = DIRECTION ( 'NONE',  ( -1.000000000000000000, 0.000000000000000000, 0.000000000000000000 ) ) ;
#2342 = CARTESIAN_POINT ( 'NONE',  ( -66.09143193710346509, 41.62464035790132755, 16.99999999998724576 ) ) ;
#2343 = ORIENTED_EDGE ( 'NONE', *, *, #10180, .F. ) ;
#2344 = ORIENTED_EDGE ( 'NONE', *, *, #8180, .F. ) ;
#2345 = CARTESIAN_POINT ( 'NONE',  ( 46.10263849870741382, 45.92873941762991308, 17.00000000000000000 ) ) ;
#2346 = ORIENTED_EDGE ( 'NONE', *, *, #8842, .T. ) ;
#2347 = ADVANCED_FACE ( 'NONE', ( #751 ), #4075, .F. ) ;
#2348 = FACE_OUTER_BOUND ( 'NONE', #9919, .T. ) ;
#2349 = CIRCLE ( 'NONE', #4096, 2.500000000000001332 ) ;
#2350 = DIRECTION ( 'NONE',  ( -0.9946479639414453899, 0.1033219619787452137, 0.000000000000000000 ) ) ;
#2351 = CARTESIAN_POINT ( 'NONE',  ( 33.59844955424276236, -78.05269155926055191, 30.75820396230639275 ) ) ;
#2352 = ORIENTED_EDGE ( 'NONE', *, *, #9053, .F. ) ;
#2353 = DIRECTION ( 'NONE',  ( -0.8654182317380989531, 0.5010501812945508116, 0.000000000000000000 ) ) ;
#2354 = CYLINDRICAL_SURFACE ( 'NONE', #1888, 90.00000000000001421 ) ;
#2355 = VECTOR ( 'NONE', #6174, 1000.000000000000000 ) ;
#2356 = VERTEX_POINT ( 'NONE', #4778 ) ;
#2357 = DIRECTION ( 'NONE',  ( 1.000000000000000000, -5.551115123125777969E-15, 0.000000000000000000 ) ) ;
#2358 = ORIENTED_EDGE ( 'NONE', *, *, #9703, .F. ) ;
#2359 = CARTESIAN_POINT ( 'NONE',  ( 89.69359066795173874, 7.420228641350735899, 17.00000000000000000 ) ) ;
#2360 = ORIENTED_EDGE ( 'NONE', *, *, #8668, .T. ) ;
#2361 = EDGE_CURVE ( 'NONE', #7225, #9995, #10056, .T. ) ;
#2362 = LINE ( 'NONE', #7262, #8633 ) ;
#2363 = AXIS2_PLACEMENT_3D ( 'NONE', #1510, #5533, #523 ) ;
#2364 = CIRCLE ( 'NONE', #3157, 2.500000000000002220 ) ;
#2365 = LINE ( 'NONE', #4875, #10665 ) ;
#2366 = ORIENTED_EDGE ( 'NONE', *, *, #8712, .F. ) ;
#2367 = LINE ( 'NONE', #2747, #8565 ) ;
#2368 = DIRECTION ( 'NONE',  ( 0.8654182317380989531, 0.5010501812945508116, 0.000000000000000000 ) ) ;
#2369 = ORIENTED_EDGE ( 'NONE', *, *, #5442, .F. ) ;
#2370 = EDGE_CURVE ( 'NONE', #9783, #7137, #1341, .T. ) ;
#2371 = VECTOR ( 'NONE', #10536, 1000.000000000000114 ) ;
#2372 = AXIS2_PLACEMENT_3D ( 'NONE', #8488, #205, #2714 ) ;
#2373 = EDGE_LOOP ( 'NONE', ( #4715, #9100, #5052, #406 ) ) ;
#2374 = DIRECTION ( 'NONE',  ( 0.2090980990620599222, -0.9778946696698130880, 0.000000000000000000 ) ) ;
#2375 = CARTESIAN_POINT ( 'NONE',  ( 0.000000000000000000, 0.000000000000000000, 0.000000000000000000 ) ) ;
#2376 = DIRECTION ( 'NONE',  ( 1.000000000000000000, 0.000000000000000000, 0.000000000000000000 ) ) ;
#2377 = ADVANCED_FACE ( 'NONE', ( #9093 ), #10013, .T. ) ;
#2378 = ADVANCED_FACE ( 'NONE', ( #8263 ), #2656, .T. ) ;
#2379 = DIRECTION ( 'NONE',  ( -1.000000000000000000, 0.000000000000000000, 0.000000000000000000 ) ) ;
#2380 = VERTEX_POINT ( 'NONE', #140 ) ;
#2381 = ADVANCED_FACE ( 'NONE', ( #6722 ), #8426, .F. ) ;
#2382 = VECTOR ( 'NONE', #4415, 1000.000000000000227 ) ;
#2383 = EDGE_LOOP ( 'NONE', ( #6719, #3943, #1544, #7270 ) ) ;
#2384 = CARTESIAN_POINT ( 'NONE',  ( 15.21675513427112492, -6.752829723239116788, -3.000000000000000000 ) ) ;
#2385 = EDGE_CURVE ( 'NONE', #8424, #8680, #7498, .T. ) ;
#2386 = SPHERICAL_SURFACE ( 'NONE', #5545, 2.500000000000000000 ) ;
#2387 = EDGE_CURVE ( 'NONE', #7320, #4556, #7266, .T. ) ;
#2388 = ORIENTED_EDGE ( 'NONE', *, *, #9921, .T. ) ;
#2389 = CIRCLE ( 'NONE', #6022, 2.500000000000000888 ) ;
#2390 = DIRECTION ( 'NONE',  ( 0.9140381853826239356, 0.4056281494946326061, 0.000000000000000000 ) ) ;
#2391 = FACE_OUTER_BOUND ( 'NONE', #7290, .T. ) ;
#2392 = EDGE_CURVE ( 'NONE', #9798, #3242, #247, .T. ) ;
#2393 = CARTESIAN_POINT ( 'NONE',  ( 74.40821098238649256, 9.008042094911095532, -6.756281789478424393 ) ) ;
#2394 = ORIENTED_EDGE ( 'NONE', *, *, #4498, .T. ) ;
#2395 = ORIENTED_EDGE ( 'NONE', *, *, #5048, .F. ) ;
#2396 = CARTESIAN_POINT ( 'NONE',  ( -26.36704873968084684, -43.69414826633877169, -3.000000000000000000 ) ) ;
#2397 = VECTOR ( 'NONE', #9255, 1000.000000000000000 ) ;
#2398 = CARTESIAN_POINT ( 'NONE',  ( -35.62433945033689042, 86.98796720654627279, 17.00000000000000000 ) ) ;
#2399 = DIRECTION ( 'NONE',  ( 1.000000000000000000, 0.000000000000000000, -0.000000000000000000 ) ) ;
#2400 = CARTESIAN_POINT ( 'NONE',  ( 14.42624458116616282, -73.55005201403217541, 20.75628178948064928 ) ) ;
#2401 = SPHERICAL_SURFACE ( 'NONE', #6030, 2.500000000000000000 ) ;
#2402 = AXIS2_PLACEMENT_3D ( 'NONE', #10408, #10196, #5328 ) ;
#2403 = CARTESIAN_POINT ( 'NONE',  ( 32.66103395362102901, -79.37452245830225195, -18.20313577063016197 ) ) ;
#2404 = ORIENTED_EDGE ( 'NONE', *, *, #8252, .T. ) ;
#2405 = ORIENTED_EDGE ( 'NONE', *, *, #4970, .T. ) ;
#2406 = CARTESIAN_POINT ( 'NONE',  ( -64.78577850915841907, -56.59858866000994482, -18.50000000000000000 ) ) ;
#2407 = VECTOR ( 'NONE', #6766, 1000.000000000000227 ) ;
#2408 = CARTESIAN_POINT ( 'NONE',  ( -78.28036871071242331, -51.29517237655768014, 32.50000000000000000 ) ) ;
#2409 = ORIENTED_EDGE ( 'NONE', *, *, #2361, .T. ) ;
#2410 = CARTESIAN_POINT ( 'NONE',  ( -66.32191054004135822, 54.74593539650686580, -18.50000000000553868 ) ) ;
#2411 = VECTOR ( 'NONE', #1807, 1000.000000000000000 ) ;
#2412 = LINE ( 'NONE', #6536, #6287 ) ;
#2413 = CARTESIAN_POINT ( 'NONE',  ( 33.48532909508346478, -78.38555431654044980, 31.18477683936867706 ) ) ;
#2414 = DIRECTION ( 'NONE',  ( -1.000000000000000000, 0.000000000000000000, 0.000000000000000000 ) ) ;
#2415 = CARTESIAN_POINT ( 'NONE',  ( 1.720086775986175764, -16.55873327191750377, -3.000000000000000000 ) ) ;
#2416 = AXIS2_PLACEMENT_3D ( 'NONE', #3934, #6427, #9712 ) ;
#2417 = VERTEX_POINT ( 'NONE', #4231 ) ;
#2418 = DIRECTION ( 'NONE',  ( -0.2090980990620599500, 0.9778946696698131991, 0.000000000000000000 ) ) ;
#2419 = ORIENTED_EDGE ( 'NONE', *, *, #7589, .T. ) ;
#2420 = CIRCLE ( 'NONE', #5372, 2.499999999999998668 ) ;
#2421 = DIRECTION ( 'NONE',  ( 1.000000000000000000, 8.326672684688666165E-15, 0.000000000000000000 ) ) ;
#2422 = ORIENTED_EDGE ( 'NONE', *, *, #6420, .F. ) ;
#2423 = CARTESIAN_POINT ( 'NONE',  ( 85.83440617532757244, -5.307351189429692084, 32.50000000000516565 ) ) ;
#2424 = VECTOR ( 'NONE', #6750, 1000.000000000000000 ) ;
#2425 = CARTESIAN_POINT ( 'NONE',  ( 72.56107605584936948, 46.15846078180275214, -18.50000000002549072 ) ) ;
#2426 = VERTEX_POINT ( 'NONE', #2604 ) ;
#2427 = CARTESIAN_POINT ( 'NONE',  ( -70.34369812068648287, -32.38956261794893976, -3.000000000000003109 ) ) ;
#2428 = CARTESIAN_POINT ( 'NONE',  ( -85.80956557450602418, 5.681119841947250393, 32.50009145627952734 ) ) ;
#2429 = CARTESIAN_POINT ( 'NONE',  ( -58.78321495183485723, -10.63113418810694633, -3.000000000000000000 ) ) ;
#2430 = EDGE_CURVE ( 'NONE', #3403, #3358, #3778, .T. ) ;
#2431 = VECTOR ( 'NONE', #8094, 1000.000000000000000 ) ;
#2432 = VECTOR ( 'NONE', #3652, 1000.000000000000000 ) ;
#2433 = EDGE_LOOP ( 'NONE', ( #3938, #6868, #9718, #7825 ) ) ;
#2434 = DIRECTION ( 'NONE',  ( 0.000000000000000000, 0.000000000000000000, -1.000000000000000000 ) ) ;
#2435 = DIRECTION ( 'NONE',  ( 0.9778946696698129770, -0.2090980990620606439, 0.000000000000000000 ) ) ;
#2436 = CARTESIAN_POINT ( 'NONE',  ( 52.54170275422327308, -56.89190718866044705, -2.999999999999999556 ) ) ;
#2437 = DIRECTION ( 'NONE',  ( 0.9140381853826238245, -0.4056281494946327171, 0.000000000000000000 ) ) ;
#2438 = ORIENTED_EDGE ( 'NONE', *, *, #6841, .F. ) ;
#2439 = B_SPLINE_CURVE_WITH_KNOTS ( 'NONE', 3,
 ( #10675, #6515, #9687, #7170 ),
 .UNSPECIFIED., .F., .F.,
 ( 4, 4 ),
 ( 0.1618091703083512356, 0.8381908316156605476 ),
 .UNSPECIFIED. ) ;
#2440 = AXIS2_PLACEMENT_3D ( 'NONE', #8796, #6115, #9460 ) ;
#2441 = AXIS2_PLACEMENT_3D ( 'NONE', #3954, #5639, #6558 ) ;
#2442 = ORIENTED_EDGE ( 'NONE', *, *, #8609, .F. ) ;
#2443 = DIRECTION ( 'NONE',  ( -1.000000000000000000, 0.000000000000000000, 0.000000000000000000 ) ) ;
#2444 =( NAMED_UNIT ( * ) PLANE_ANGLE_UNIT ( ) SI_UNIT ( $, .RADIAN. ) );
#2445 = ORIENTED_EDGE ( 'NONE', *, *, #6233, .T. ) ;
#2446 = AXIS2_PLACEMENT_3D ( 'NONE', #8629, #10327, #452 ) ;
#2447 = CARTESIAN_POINT ( 'NONE',  ( 19.33655326430216803, -83.25447830103090041, 31.57491144068859512 ) ) ;
#2448 = DIRECTION ( 'NONE',  ( -0.9986619258901330287, -0.05171419319113980395, 0.000000000000000000 ) ) ;
#2449 = SPHERICAL_SURFACE ( 'NONE', #939, 2.500000000000000000 ) ;
#2450 = VERTEX_POINT ( 'NONE', #6883 ) ;
#2451 = ORIENTED_EDGE ( 'NONE', *, *, #7024, .T. ) ;
#2452 = EDGE_CURVE ( 'NONE', #8737, #8959, #5150, .T. ) ;
#2453 = CARTESIAN_POINT ( 'NONE',  ( -73.18815264890663741, 44.54779673911953353, 31.93353923880178158 ) ) ;
#2454 = PLANE ( 'NONE',  #989 ) ;
#2455 = SPHERICAL_SURFACE ( 'NONE', #6063, 2.500000000000000000 ) ;
#2456 = EDGE_CURVE ( 'NONE', #3707, #3499, #5694, .T. ) ;
#2457 = EDGE_CURVE ( 'NONE', #10727, #3614, #6199, .T. ) ;
#2458 = CARTESIAN_POINT ( 'NONE',  ( 85.53285371936112824, -6.690700228676066175, -18.13538959017707342 ) ) ;
#2459 = DIRECTION ( 'NONE',  ( 0.2090980990620600055, 0.9778946696698130880, -0.000000000000000000 ) ) ;
#2460 = CARTESIAN_POINT ( 'NONE',  ( -73.17712137346349266, 44.55112134294171256, -17.92213809290746696 ) ) ;
#2461 = ORIENTED_EDGE ( 'NONE', *, *, #10568, .T. ) ;
#2462 = CARTESIAN_POINT ( 'NONE',  ( -68.16593247833979774, -52.72655599577717567, -18.49999999992750332 ) ) ;
#2463 = CARTESIAN_POINT ( 'NONE',  ( -50.98111192990358376, -32.10810216898711644, 17.00000000000000000 ) ) ;
#2464 = ORIENTED_EDGE ( 'NONE', *, *, #9419, .F. ) ;
#2465 = EDGE_CURVE ( 'NONE', #5809, #9565, #5098, .T. ) ;
#2466 = DIRECTION ( 'NONE',  ( 0.2090980990620617819, 0.9778946696698127550, 0.000000000000000000 ) ) ;
#2467 = CARTESIAN_POINT ( 'NONE',  ( 0.000000000000000000, 0.000000000000000000, 0.000000000000000000 ) ) ;
#2468 = FACE_OUTER_BOUND ( 'NONE', #122, .T. ) ;
#2469 = CARTESIAN_POINT ( 'NONE',  ( -20.06876317753471284, 83.40283338337209784, 32.11763093304556804 ) ) ;
#2470 = AXIS2_PLACEMENT_3D ( 'NONE', #6032, #3698, #6853 ) ;
#2471 = EDGE_CURVE ( 'NONE', #6331, #8816, #2853, .T. ) ;
#2472 = CARTESIAN_POINT ( 'NONE',  ( -85.83440617534722605, 5.307351189430827176, 32.49999999995663558 ) ) ;
#2473 = CARTESIAN_POINT ( 'NONE',  ( -57.09872088124950551, 52.29512837183201412, 22.32620741698105604 ) ) ;
#2474 = VERTEX_POINT ( 'NONE', #197 ) ;
#2475 = CARTESIAN_POINT ( 'NONE',  ( -33.28907306268786215, 78.72443953353882762, 31.57978544520914710 ) ) ;
#2476 = ORIENTED_EDGE ( 'NONE', *, *, #7209, .F. ) ;
#2477 = CIRCLE ( 'NONE', #5083, 2.500000000000002665 ) ;
#2478 = CARTESIAN_POINT ( 'NONE',  ( 84.89573712069372391, -7.624741284658918872, 31.18342693136402133 ) ) ;
#2479 = CARTESIAN_POINT ( 'NONE',  ( -78.37788641306558191, -48.02234986748100454, -3.000000000000000000 ) ) ;
#2480 = B_SPLINE_CURVE_WITH_KNOTS ( 'NONE', 3,
 ( #7258, #9883, #5729, #7371, #3834, #674, #560, #8956, #8848, #1325, #5624, #505, #3014, #10592 ),
 .UNSPECIFIED., .F., .F.,
 ( 4, 2, 2, 2, 2, 2, 4 ),
 ( 0.000000000000000000, 0.001101176268185661763, 0.001651764402278499367, 0.002202352536371336971, 0.002752940670464174358, 0.003303528804557012612, 0.004404705072742687820 ),
 .UNSPECIFIED. ) ;
#2481 = ORIENTED_EDGE ( 'NONE', *, *, #8455, .F. ) ;
#2482 = DIRECTION ( 'NONE',  ( 0.000000000000000000, 1.000000000000000000, 2.775557561562888984E-15 ) ) ;
#2483 = CARTESIAN_POINT ( 'NONE',  ( 73.19412215323939108, -44.40009685082885227, -17.81104402677637211 ) ) ;
#2484 = CARTESIAN_POINT ( 'NONE',  ( 8.054202958896464537, 59.19136076230722665, -3.000000000000000000 ) ) ;
#2485 = CIRCLE ( 'NONE', #5258, 2.500000000000002220 ) ;
#2486 = ORIENTED_EDGE ( 'NONE', *, *, #5500, .T. ) ;
#2487 = LINE ( 'NONE', #4226, #9066 ) ;
#2488 = DIRECTION ( 'NONE',  ( -0.7439559807600391039, 0.6682286275604842896, 0.000000000000000000 ) ) ;
#2489 = DIRECTION ( 'NONE',  ( -1.000000000000000000, 0.000000000000000000, 0.000000000000000000 ) ) ;
#2490 = DIRECTION ( 'NONE',  ( -1.000000000000000000, 0.000000000000000000, 0.000000000000000000 ) ) ;
#2491 = ORIENTED_EDGE ( 'NONE', *, *, #7584, .F. ) ;
#2492 = EDGE_CURVE ( 'NONE', #3233, #1673, #2037, .T. ) ;
#2493 = ORIENTED_EDGE ( 'NONE', *, *, #5441, .F. ) ;
#2494 = CARTESIAN_POINT ( 'NONE',  ( -23.73696534790352786, 88.36745145172190519, -3.000000000000000888 ) ) ;
#2495 = ORIENTED_EDGE ( 'NONE', *, *, #7895, .T. ) ;
#2496 = B_SPLINE_CURVE_WITH_KNOTS ( 'NONE', 3,
 ( #10305, #1045, #7683, #1094, #6034, #9281, #4416, #4523, #222, #7018, #1806, #10254 ),
 .UNSPECIFIED., .F., .F.,
 ( 4, 1, 2, 2, 1, 1, 1, 4 ),
 ( 0.000000000000000000, 0.4584319647127450548, 0.4870839625072914680, 0.5014099614045645081, 0.5157359603018374372, 0.5730399558909288205, 0.6876479470691112539, 0.9168639294254754546 ),
 .UNSPECIFIED. ) ;
#2497 = LINE ( 'NONE', #9913, #7315 ) ;
#2498 = DIRECTION ( 'NONE',  ( 0.9946479639414452789, 0.1033219619787452831, 0.000000000000000000 ) ) ;
#2499 = LINE ( 'NONE', #2550, #7883 ) ;
#2500 = ORIENTED_EDGE ( 'NONE', *, *, #6362, .T. ) ;
#2501 = VECTOR ( 'NONE', #5872, 1000.000000000000000 ) ;
#2502 = DIRECTION ( 'NONE',  ( -1.000000000000000000, 0.000000000000000000, 0.000000000000000000 ) ) ;
#2503 = CARTESIAN_POINT ( 'NONE',  ( -78.80314311859505949, 51.24514254668658708, 14.00000000000000000 ) ) ;
#2504 = CARTESIAN_POINT ( 'NONE',  ( -71.14469310733643681, -57.53853180837096204, 30.00000000000000000 ) ) ;
#2505 = LINE ( 'NONE', #1846, #8509 ) ;
#2506 = DIRECTION ( 'NONE',  ( 0.000000000000000000, -0.000000000000000000, -1.000000000000000000 ) ) ;
#2507 = CARTESIAN_POINT ( 'NONE',  ( 32.78698499546772638, -79.27043261377237116, -18.11763093304152861 ) ) ;
#2508 = VERTEX_POINT ( 'NONE', #9358 ) ;
#2509 = EDGE_CURVE ( 'NONE', #4556, #2924, #8701, .T. ) ;
#2510 = B_SPLINE_CURVE_WITH_KNOTS ( 'NONE', 3,
 ( #3549, #1311, #4632, #8731 ),
 .UNSPECIFIED., .F., .F.,
 ( 4, 4 ),
 ( 0.1618091703084792998, 0.8381908316156337913 ),
 .UNSPECIFIED. ) ;
#2511 = DIRECTION ( 'NONE',  ( 0.000000000000000000, 0.000000000000000000, -1.000000000000000000 ) ) ;
#2512 = CARTESIAN_POINT ( 'NONE',  ( 91.63587112389404865, -7.218468586842909041, 17.00000000000000000 ) ) ;
#2513 = EDGE_CURVE ( 'NONE', #10473, #2426, #7606, .T. ) ;
#2514 = ORIENTED_EDGE ( 'NONE', *, *, #5237, .T. ) ;
#2515 = EDGE_CURVE ( 'NONE', #9011, #8179, #355, .T. ) ;
#2516 = CARTESIAN_POINT ( 'NONE',  ( 71.14469310733637997, -57.53853180837101888, 30.00000000000000355 ) ) ;
#2517 = CARTESIAN_POINT ( 'NONE',  ( 8.054202958870213536, -59.19136076224805976, 17.00000000000000000 ) ) ;
#2518 = CARTESIAN_POINT ( 'NONE',  ( 32.37919180327600799, -79.57726682920328187, 32.34770930448215154 ) ) ;
#2519 = CARTESIAN_POINT ( 'NONE',  ( -76.92514010090735610, -46.71747874677931378, 17.00000000000000000 ) ) ;
#2520 = CARTESIAN_POINT ( 'NONE',  ( -33.40773828059418094, -38.57878788838269912, 17.00000000000000000 ) ) ;
#2521 = ADVANCED_FACE ( 'NONE', ( #9570 ), #9513, .T. ) ;
#2522 = LINE ( 'NONE', #4971, #2262 ) ;
#2523 = VERTEX_POINT ( 'NONE', #3789 ) ;
#2524 = DIRECTION ( 'NONE',  ( -1.000000000000000000, 0.000000000000000000, 0.000000000000000000 ) ) ;
#2525 = ORIENTED_EDGE ( 'NONE', *, *, #3224, .F. ) ;
#2526 = DIRECTION ( 'NONE',  ( 0.7439559807600391039, -0.6682286275604842896, 0.000000000000000000 ) ) ;
#2527 = DIRECTION ( 'NONE',  ( -0.000000000000000000, -0.000000000000000000, -1.000000000000000000 ) ) ;
#2528 = ORIENTED_EDGE ( 'NONE', *, *, #5364, .F. ) ;
#2529 = LINE ( 'NONE', #1873, #7861 ) ;
#2530 = CARTESIAN_POINT ( 'NONE',  ( 66.32191054007930120, -54.74593539653813679, 32.50000000000295586 ) ) ;
#2531 = CARTESIAN_POINT ( 'NONE',  ( -8.054202958850064320, 59.19136076220260634, -3.000000000000000000 ) ) ;
#2532 = ORIENTED_EDGE ( 'NONE', *, *, #1373, .T. ) ;
#2533 = CARTESIAN_POINT ( 'NONE',  ( 71.14469310733639418, 57.53853180837101178, -16.00000000000000000 ) ) ;
#2534 = DIRECTION ( 'NONE',  ( -0.000000000000000000, -0.000000000000000000, -1.000000000000000000 ) ) ;
#2535 = AXIS2_PLACEMENT_3D ( 'NONE', #8930, #4782, #10625 ) ;
#2536 = DIRECTION ( 'NONE',  ( 0.000000000000000000, -0.000000000000000000, -1.000000000000000000 ) ) ;
#2537 = CARTESIAN_POINT ( 'NONE',  ( 12.93165967081460188, -5.738759349502570828, 30.00000000000000355 ) ) ;
#2538 = ORIENTED_EDGE ( 'NONE', *, *, #3043, .T. ) ;
#2539 = ORIENTED_EDGE ( 'NONE', *, *, #10289, .F. ) ;
#2540 = DIRECTION ( 'NONE',  ( -1.000000000000000000, 0.000000000000000000, -0.000000000000000000 ) ) ;
#2541 = VECTOR ( 'NONE', #10671, 1000.000000000000000 ) ;
#2542 = CIRCLE ( 'NONE', #807, 2.499999999999998668 ) ;
#2543 = CARTESIAN_POINT ( 'NONE',  ( 22.54953234628459668, 90.57263435402109053, -17.70185860204511741 ) ) ;
#2544 = ORIENTED_EDGE ( 'NONE', *, *, #8039, .F. ) ;
#2545 = ADVANCED_FACE ( 'NONE', ( #6064 ), #6167, .T. ) ;
#2546 = CARTESIAN_POINT ( 'NONE',  ( 71.72194674751899868, 60.76152034590681694, 17.00000000000000000 ) ) ;
#2547 = CARTESIAN_POINT ( 'NONE',  ( -54.90271291035759305, -51.02370820573518984, -6.756281789473991495 ) ) ;
#2548 = DIRECTION ( 'NONE',  ( -0.000000000000000000, 0.000000000000000000, 1.000000000000000000 ) ) ;
#2549 = VECTOR ( 'NONE', #5951, 999.9999999999998863 ) ;
#2550 = CARTESIAN_POINT ( 'NONE',  ( -91.63587112389403444, -7.218468586842890389, 17.00000000000000000 ) ) ;
#2551 = ORIENTED_EDGE ( 'NONE', *, *, #288, .F. ) ;
#2552 = B_SPLINE_CURVE_WITH_KNOTS ( 'NONE', 3,
 ( #5509, #10643, #10529, #8128, #4696, #499, #4797, #7140, #2184, #6426, #9005, #666, #7363, #3225, #8839, #10585 ),
 .UNSPECIFIED., .F., .F.,
 ( 4, 2, 2, 2, 2, 2, 2, 4 ),
 ( 0.000000000000000000, 0.0005514947311274970071, 0.001102989462254994014, 0.002205978924509989763, 0.002757473655637486878, 0.003308968386764990933, 0.003860463117892493686, 0.004411957849019996006 ),
 .UNSPECIFIED. ) ;
#2553 = CARTESIAN_POINT ( 'NONE',  ( 0.000000000000000000, 0.000000000000000000, 14.00000000000000000 ) ) ;
#2554 = CARTESIAN_POINT ( 'NONE',  ( 0.000000000000000000, 0.000000000000000000, 17.00000000000000000 ) ) ;
#2555 = DIRECTION ( 'NONE',  ( -1.000000000000000000, 0.000000000000000000, 0.000000000000000000 ) ) ;
#2556 = DIRECTION ( 'NONE',  ( 1.000000000000000000, 0.000000000000000000, 0.000000000000000000 ) ) ;
#2557 = CARTESIAN_POINT ( 'NONE',  ( 0.000000000000000000, 0.000000000000000000, 16.99999999999998579 ) ) ;
#2558 = CARTESIAN_POINT ( 'NONE',  ( -34.77390060466381527, 83.01069712234055942, -3.000000000000000000 ) ) ;
#2559 = VECTOR ( 'NONE', #5712, 999.9999999999998863 ) ;
#2560 = EDGE_CURVE ( 'NONE', #10759, #9431, #6995, .T. ) ;
#2561 = ORIENTED_EDGE ( 'NONE', *, *, #8375, .F. ) ;
#2562 = EDGE_CURVE ( 'NONE', #7812, #2380, #1171, .T. ) ;
#2563 = CYLINDRICAL_SURFACE ( 'NONE', #6229, 2.500000000000002220 ) ;
#2564 = CARTESIAN_POINT ( 'NONE',  ( 75.30721087312281270, -8.914655855862800848, 21.27971910427071478 ) ) ;
#2565 = EDGE_LOOP ( 'NONE', ( #6578, #4160, #6066, #884 ) ) ;
#2566 = LINE ( 'NONE', #4255, #6377 ) ;
#2567 = AXIS2_PLACEMENT_3D ( 'NONE', #7393, #10724, #6567 ) ;
#2568 = VECTOR ( 'NONE', #1993, 1000.000000000000000 ) ;
#2569 = CARTESIAN_POINT ( 'NONE',  ( 78.80314311859505949, 51.24514254668657998, -16.00000000000000000 ) ) ;
#2570 = CARTESIAN_POINT ( 'NONE',  ( -91.63587112389404865, 7.218468586842885948, 30.00000000000000355 ) ) ;
#2571 = CARTESIAN_POINT ( 'NONE',  ( -20.74658999935988390, 83.41091385398907221, 32.41801905197257128 ) ) ;
#2572 = DIRECTION ( 'NONE',  ( -1.397153733963065169E-15, -1.451334242991472309E-16, 1.000000000000000000 ) ) ;
#2573 = VECTOR ( 'NONE', #6313, 1000.000000000000000 ) ;
#2574 = EDGE_CURVE ( 'NONE', #5581, #4438, #7783, .T. ) ;
#2575 = VERTEX_POINT ( 'NONE', #1229 ) ;
#2576 = AXIS2_PLACEMENT_3D ( 'NONE', #5583, #3190, #7382 ) ;
#2577 = CARTESIAN_POINT ( 'NONE',  ( -55.12700534852106671, 51.15356653628954575, 20.90428872912910307 ) ) ;
#2578 = EDGE_LOOP ( 'NONE', ( #7869, #7335, #8583, #5086 ) ) ;
#2579 = CARTESIAN_POINT ( 'NONE',  ( -33.62992414424860499, 77.72848587144346766, 30.30701376012416404 ) ) ;
#2580 = ORIENTED_EDGE ( 'NONE', *, *, #2180, .T. ) ;
#2581 = DIRECTION ( 'NONE',  ( -0.000000000000000000, -0.000000000000000000, -1.000000000000000000 ) ) ;
#2582 = EDGE_CURVE ( 'NONE', #5655, #3536, #2389, .T. ) ;
#2583 = CIRCLE ( 'NONE', #2754, 51.03332099679091982 ) ;
#2584 = DIRECTION ( 'NONE',  ( 2.775557561562888984E-15, -1.000000000000000000, -1.387778780781444492E-15 ) ) ;
#2585 = ORIENTED_EDGE ( 'NONE', *, *, #6233, .F. ) ;
#2586 = CARTESIAN_POINT ( 'NONE',  ( 31.57188114323651718, 79.99330960273168500, 32.50000000002562217 ) ) ;
#2587 = CARTESIAN_POINT ( 'NONE',  ( 0.000000000000000000, 0.000000000000000000, -16.00000000000000000 ) ) ;
#2588 = DIRECTION ( 'NONE',  ( -1.000000000000000000, 0.000000000000000000, 0.000000000000000000 ) ) ;
#2589 = EDGE_CURVE ( 'NONE', #9983, #10365, #10135, .T. ) ;
#2590 = EDGE_CURVE ( 'NONE', #8462, #526, #1427, .T. ) ;
#2591 = ORIENTED_EDGE ( 'NONE', *, *, #914, .F. ) ;
#2592 = B_SPLINE_CURVE_WITH_KNOTS ( 'NONE', 3,
 ( #8790, #7909, #2959, #9661 ),
 .UNSPECIFIED., .F., .F.,
 ( 4, 4 ),
 ( 0.1618091703082427946, 0.8381908316157954397 ),
 .UNSPECIFIED. ) ;
#2593 = DIRECTION ( 'NONE',  ( -0.000000000000000000, -0.000000000000000000, -1.000000000000000000 ) ) ;
#2594 = B_SPLINE_CURVE_WITH_KNOTS ( 'NONE', 3,
 ( #4621, #8883, #2009, #377 ),
 .UNSPECIFIED., .F., .F.,
 ( 4, 4 ),
 ( 0.1618091703083458233, 0.8381908316158004357 ),
 .UNSPECIFIED. ) ;
#2595 = CARTESIAN_POINT ( 'NONE',  ( 47.01416648434901191, -19.85114610654548883, 14.00000000000000000 ) ) ;
#2596 = AXIS2_PLACEMENT_3D ( 'NONE', #3509, #5841, #845 ) ;
#2597 = VECTOR ( 'NONE', #4854, 1000.000000000000227 ) ;
#2598 = ORIENTED_EDGE ( 'NONE', *, *, #7965, .F. ) ;
#2599 = EDGE_CURVE ( 'NONE', #321, #2993, #3621, .T. ) ;
#2600 = CIRCLE ( 'NONE', #7285, 94.00000000000001421 ) ;
#2601 = ORIENTED_EDGE ( 'NONE', *, *, #3506, .T. ) ;
#2602 = VECTOR ( 'NONE', #1177, 1000.000000000000000 ) ;
#2603 = VECTOR ( 'NONE', #5066, 1000.000000000000114 ) ;
#2604 = CARTESIAN_POINT ( 'NONE',  ( -79.20731484416435819, 49.88223981938101304, -16.00000000000000000 ) ) ;
#2605 = CARTESIAN_POINT ( 'NONE',  ( -26.36704873968083973, 43.69414826633878590, 14.00000000000000000 ) ) ;
#2606 = EDGE_CURVE ( 'NONE', #10556, #1283, #6119, .T. ) ;
#2607 = ORIENTED_EDGE ( 'NONE', *, *, #3909, .F. ) ;
#2608 = CARTESIAN_POINT ( 'NONE',  ( 85.73954203608496982, 6.044210287430989759, -18.41801905197351630 ) ) ;
#2609 = CARTESIAN_POINT ( 'NONE',  ( -59.95392500461995411, -53.94820256322558549, -10.94393758858440258 ) ) ;
#2610 = DIRECTION ( 'NONE',  ( -0.000000000000000000, -0.000000000000000000, -1.000000000000000000 ) ) ;
#2611 = VECTOR ( 'NONE', #3813, 1000.000000000000114 ) ;
#2612 = CYLINDRICAL_SURFACE ( 'NONE', #407, 51.03332099679091982 ) ;
#2613 = ORIENTED_EDGE ( 'NONE', *, *, #10432, .F. ) ;
#2614 = CARTESIAN_POINT ( 'NONE',  ( -72.89483783045314169, 43.11649256928828322, 30.30701376012254400 ) ) ;
#2615 = CARTESIAN_POINT ( 'NONE',  ( 34.77390060466381527, -83.01069712234060205, -3.000000000000000000 ) ) ;
#2616 = FACE_OUTER_BOUND ( 'NONE', #9413, .T. ) ;
#2617 = CARTESIAN_POINT ( 'NONE',  ( 93.87422103367251225, 4.861134159967122059, 14.00000000000000000 ) ) ;
#2618 = DIRECTION ( 'NONE',  ( 0.6288364132062360667, -0.7775376295883794642, -0.000000000000000000 ) ) ;
#2619 = CARTESIAN_POINT ( 'NONE',  ( -76.70731484416434398, -49.88223981938107698, -16.00000000000000000 ) ) ;
#2620 = AXIS2_PLACEMENT_3D ( 'NONE', #3459, #2593, #954 ) ;
#2621 = EDGE_LOOP ( 'NONE', ( #119, #2737, #6479, #1760 ) ) ;
#2622 = DIRECTION ( 'NONE',  ( -0.000000000000000000, 0.000000000000000000, 1.000000000000000000 ) ) ;
#2623 = LINE ( 'NONE', #2512, #2501 ) ;
#2624 = ORIENTED_EDGE ( 'NONE', *, *, #7362, .F. ) ;
#2625 = CARTESIAN_POINT ( 'NONE',  ( 91.37756621894718023, 4.731848676989293345, 30.00000000000000355 ) ) ;
#2626 = VECTOR ( 'NONE', #3656, 999.9999999999998863 ) ;
#2627 = EDGE_CURVE ( 'NONE', #9587, #1481, #8303, .T. ) ;
#2628 = CARTESIAN_POINT ( 'NONE',  ( 0.000000000000000000, 0.000000000000000000, 0.000000000000000000 ) ) ;
#2629 = DIRECTION ( 'NONE',  ( -0.000000000000000000, 0.000000000000000000, 1.000000000000000000 ) ) ;
#2630 = CARTESIAN_POINT ( 'NONE',  ( -33.29199996080532742, 76.08025276579283513, 27.79952768827347498 ) ) ;
#2631 = CARTESIAN_POINT ( 'NONE',  ( -33.63194295253668287, 87.77751655883938042, 30.00000000000000000 ) ) ;
#2632 = CYLINDRICAL_SURFACE ( 'NONE', #4153, 51.03332099679091982 ) ;
#2633 = ORIENTED_EDGE ( 'NONE', *, *, #4986, .T. ) ;
#2634 = DIRECTION ( 'NONE',  ( 0.8654182317380993972, 0.5010501812945499234, 0.000000000000000000 ) ) ;
#2635 = ORIENTED_EDGE ( 'NONE', *, *, #5907, .T. ) ;
#2636 = FACE_OUTER_BOUND ( 'NONE', #9733, .T. ) ;
#2637 = ORIENTED_EDGE ( 'NONE', *, *, #6214, .T. ) ;
#2638 = DIRECTION ( 'NONE',  ( -0.1033219619787455051, -0.9946479639414453899, 0.000000000000000000 ) ) ;
#2639 = AXIS2_PLACEMENT_3D ( 'NONE', #5604, #10516, #8935 ) ;
#2640 = DIRECTION ( 'NONE',  ( -0.000000000000000000, -0.000000000000000000, -1.000000000000000000 ) ) ;
#2641 = ORIENTED_EDGE ( 'NONE', *, *, #7917, .F. ) ;
#2642 = DIRECTION ( 'NONE',  ( -1.356581948252866455E-15, 3.644004457326950773E-16, 1.000000000000000000 ) ) ;
#2643 = CARTESIAN_POINT ( 'NONE',  ( 72.90475531183157898, -43.10629275166547103, -16.30948754350874452 ) ) ;
#2644 = CARTESIAN_POINT ( 'NONE',  ( 18.41198287367820541, 82.53147256099539675, -15.89608308113522561 ) ) ;
#2645 = EDGE_LOOP ( 'NONE', ( #7135, #451, #9533, #10495 ) ) ;
#2646 = DIRECTION ( 'NONE',  ( -0.000000000000000000, -0.000000000000000000, 1.000000000000000000 ) ) ;
#2647 = VECTOR ( 'NONE', #4537, 1000.000000000000000 ) ;
#2648 = ADVANCED_FACE ( 'NONE', ( #2970 ), #5309, .T. ) ;
#2649 = CARTESIAN_POINT ( 'NONE',  ( -94.00000000000001421, 0.000000000000000000, 14.00000000000000000 ) ) ;
#2650 = LINE ( 'NONE', #6005, #166 ) ;
#2651 = VERTEX_POINT ( 'NONE', #6385 ) ;
#2652 = EDGE_CURVE ( 'NONE', #3892, #1889, #3966, .T. ) ;
#2653 = ADVANCED_FACE ( 'NONE', ( #10493 ), #4063, .T. ) ;
#2654 = ORIENTED_EDGE ( 'NONE', *, *, #1708, .T. ) ;
#2655 = VECTOR ( 'NONE', #4109, 1000.000000000000000 ) ;
#2656 = PLANE ( 'NONE',  #470 ) ;
#2657 = ORIENTED_EDGE ( 'NONE', *, *, #3, .T. ) ;
#2658 = LINE ( 'NONE', #1734, #636 ) ;
#2659 = EDGE_CURVE ( 'NONE', #4485, #5669, #9021, .T. ) ;
#2660 = CARTESIAN_POINT ( 'NONE',  ( 71.14469310733639418, -57.53853180837101178, 30.00000000000000000 ) ) ;
#2661 = CARTESIAN_POINT ( 'NONE',  ( 72.75018757564316729, 42.96752443004016442, -15.99988756943857027 ) ) ;
#2662 = DIRECTION ( 'NONE',  ( 0.000000000000000000, 0.000000000000000000, -1.000000000000000000 ) ) ;
#2663 = EDGE_LOOP ( 'NONE', ( #8383, #7143, #273, #2336 ) ) ;
#2664 = EDGE_CURVE ( 'NONE', #2248, #4659, #8313, .T. ) ;
#2665 = AXIS2_PLACEMENT_3D ( 'NONE', #2731, #5276, #5388 ) ;
#2666 = FACE_OUTER_BOUND ( 'NONE', #8136, .T. ) ;
#2667 = CARTESIAN_POINT ( 'NONE',  ( -14.00000000000000000, 0.000000000000000000, -3.000000000000000000 ) ) ;
#2668 = CARTESIAN_POINT ( 'NONE',  ( -7.088774327068993131, -12.24379268254586606, -16.00000000000000000 ) ) ;
#2669 = DIRECTION ( 'NONE',  ( 0.7439559807600391039, 0.6682286275604842896, -0.000000000000000000 ) ) ;
#2670 = CARTESIAN_POINT ( 'NONE',  ( 0.000000000000000000, 0.000000000000000000, 17.00000000000000000 ) ) ;
#2671 = CARTESIAN_POINT ( 'NONE',  ( 65.25892592889921673, -55.67818655868757105, 32.11763093304427485 ) ) ;
#2672 = ORIENTED_EDGE ( 'NONE', *, *, #5020, .T. ) ;
#2673 = B_SPLINE_CURVE_WITH_KNOTS ( 'NONE', 3,
 ( #10229, #6834, #7718, #8544, #1834, #10070, #8483, #6725, #10177, #7555, #4398, #5855 ),
 .UNSPECIFIED., .F., .F.,
 ( 4, 1, 2, 2, 1, 1, 1, 4 ),
 ( 0.000000000000000000, 0.4584319647122707120, 0.4870839625067874823, 0.5014099614040457009, 0.5157359603013038640, 0.5730399558903370716, 0.6876479470684037087, 0.9168639294245370941 ),
 .UNSPECIFIED. ) ;
#2674 = LINE ( 'NONE', #5817, #1722 ) ;
#2675 = FACE_OUTER_BOUND ( 'NONE', #2917, .T. ) ;
#2676 = VERTEX_POINT ( 'NONE', #9081 ) ;
#2677 = VECTOR ( 'NONE', #5399, 1000.000000000000000 ) ;
#2678 = CARTESIAN_POINT ( 'NONE',  ( 41.30779598899791694, -43.15267505861624642, -3.000000000000000000 ) ) ;
#2679 = CARTESIAN_POINT ( 'NONE',  ( -22.30954822220478917, -91.31420512779553178, 17.00000000000000000 ) ) ;
#2680 = FACE_OUTER_BOUND ( 'NONE', #3420, .T. ) ;
#2681 = CARTESIAN_POINT ( 'NONE',  ( 93.48069444964407637, 4.513380090146337231, -18.50000000000000000 ) ) ;
#2682 = CARTESIAN_POINT ( 'NONE',  ( -66.12353742078795449, 37.01537227669513896, 21.24555884347623191 ) ) ;
#2683 = PLANE ( 'NONE',  #5719 ) ;
#2684 = ORIENTED_EDGE ( 'NONE', *, *, #3172, .F. ) ;
#2685 = CIRCLE ( 'NONE', #2848, 14.00000000000000000 ) ;
#2686 = ADVANCED_FACE ( 'NONE', ( #1562 ), #8089, .T. ) ;
#2687 = SPHERICAL_SURFACE ( 'NONE', #3649, 2.500000000000000000 ) ;
#2688 = VERTEX_POINT ( 'NONE', #4815 ) ;
#2689 = CARTESIAN_POINT ( 'NONE',  ( -32.37919180327813251, 79.57726682921342842, 32.34770930448217285 ) ) ;
#2690 = ORIENTED_EDGE ( 'NONE', *, *, #4519, .F. ) ;
#2691 = CARTESIAN_POINT ( 'NONE',  ( 21.28169612579781855, 84.08665276529080757, -18.49999999993623234 ) ) ;
#2692 = CYLINDRICAL_SURFACE ( 'NONE', #538, 2.500000000000000888 ) ;
#2693 = ORIENTED_EDGE ( 'NONE', *, *, #1987, .F. ) ;
#2694 = DIRECTION ( 'NONE',  ( 0.05171419319113981089, 0.9986619258901331397, 0.000000000000000000 ) ) ;
#2695 = CARTESIAN_POINT ( 'NONE',  ( 63.34571104243288886, -55.91169000874213424, 29.99987001606818637 ) ) ;
#2696 = CARTESIAN_POINT ( 'NONE',  ( 12.65480454149327016, 69.55830774925658488, -4.270639210879037861 ) ) ;
#2697 = ORIENTED_EDGE ( 'NONE', *, *, #6420, .T. ) ;
#2698 = ADVANCED_FACE ( 'NONE', ( #8035 ), #5741, .T. ) ;
#2699 = DIRECTION ( 'NONE',  ( -0.4056281494946325505, 0.9140381853826239356, 0.000000000000000000 ) ) ;
#2700 = DIRECTION ( 'NONE',  ( -0.000000000000000000, -0.000000000000000000, 1.000000000000000000 ) ) ;
#2701 = DIRECTION ( 'NONE',  ( 0.7439559807600391039, -0.6682286275604842896, 0.000000000000000000 ) ) ;
#2702 = ORIENTED_EDGE ( 'NONE', *, *, #7713, .T. ) ;
#2703 = AXIS2_PLACEMENT_3D ( 'NONE', #2293, #1540, #3057 ) ;
#2704 = EDGE_LOOP ( 'NONE', ( #4094, #10699, #201, #7206, #621, #3409, #994, #8279 ) ) ;
#2705 = EDGE_CURVE ( 'NONE', #3971, #7122, #4766, .T. ) ;
#2706 = DIRECTION ( 'NONE',  ( -0.000000000000000000, 0.000000000000000000, 1.000000000000000000 ) ) ;
#2707 = CIRCLE ( 'NONE', #8798, 51.03332099679091982 ) ;
#2708 = ADVANCED_FACE ( 'NONE', ( #8914 ), #7465, .T. ) ;
#2709 = EDGE_LOOP ( 'NONE', ( #4993, #40, #86, #3894 ) ) ;
#2710 = EDGE_CURVE ( 'NONE', #7225, #682, #9788, .T. ) ;
#2711 = DIRECTION ( 'NONE',  ( -0.000000000000000000, -0.000000000000000000, -1.000000000000000000 ) ) ;
#2712 = CARTESIAN_POINT ( 'NONE',  ( -58.58369935574947363, 11.68111083677663409, 17.00000000000000000 ) ) ;
#2713 = DIRECTION ( 'NONE',  ( -0.8654182317380993972, 0.5010501812945500344, -0.000000000000000000 ) ) ;
#2714 = DIRECTION ( 'NONE',  ( -0.8654182317380989531, 0.5010501812945508116, 0.000000000000000000 ) ) ;
#2715 = ORIENTED_EDGE ( 'NONE', *, *, #587, .F. ) ;
#2716 = CIRCLE ( 'NONE', #8978, 2.500000000000001776 ) ;
#2717 = EDGE_CURVE ( 'NONE', #1566, #4679, #2263, .T. ) ;
#2718 = EDGE_CURVE ( 'NONE', #8044, #9998, #5687, .T. ) ;
#2719 = DIRECTION ( 'NONE',  ( 0.000000000000000000, -0.000000000000000000, -1.000000000000000000 ) ) ;
#2720 = DIRECTION ( 'NONE',  ( 0.000000000000000000, 0.000000000000000000, -1.000000000000000000 ) ) ;
#2721 = CARTESIAN_POINT ( 'NONE',  ( 0.000000000000000000, 0.000000000000000000, 17.00000000000000000 ) ) ;
#2722 = CARTESIAN_POINT ( 'NONE',  ( -33.60046090516462414, -77.52294482860162361, -15.99988756943778334 ) ) ;
#2723 = DIRECTION ( 'NONE',  ( 0.000000000000000000, 0.000000000000000000, -1.000000000000000000 ) ) ;
#2724 = EDGE_CURVE ( 'NONE', #8448, #10021, #4271, .T. ) ;
#2725 = ORIENTED_EDGE ( 'NONE', *, *, #10638, .F. ) ;
#2726 = ADVANCED_FACE ( 'NONE', ( #10003 ), #9347, .T. ) ;
#2727 = AXIS2_PLACEMENT_3D ( 'NONE', #7528, #7364, #7310 ) ;
#2728 = DIRECTION ( 'NONE',  ( -0.000000000000000000, -0.000000000000000000, -1.000000000000000000 ) ) ;
#2729 = DIRECTION ( 'NONE',  ( -0.8383313097722894236, -0.5451610909221947798, 0.000000000000000000 ) ) ;
#2730 = ORIENTED_EDGE ( 'NONE', *, *, #7209, .T. ) ;
#2731 = CARTESIAN_POINT ( 'NONE',  ( 0.000000000000000000, 0.000000000000000000, 0.000000000000000000 ) ) ;
#2732 = DIRECTION ( 'NONE',  ( 1.000000000000000000, 4.440892098500626951E-15, 0.000000000000000000 ) ) ;
#2733 = CARTESIAN_POINT ( 'NONE',  ( 4.351385440520336267, -50.84747089786795726, 14.00000000000000000 ) ) ;
#2734 = DIRECTION ( 'NONE',  ( 0.9946479639414453899, 0.1033219619787452970, 0.000000000000000000 ) ) ;
#2735 = DIRECTION ( 'NONE',  ( 1.000000000000000000, 0.000000000000000000, 0.000000000000000000 ) ) ;
#2736 = FACE_OUTER_BOUND ( 'NONE', #4269, .T. ) ;
#2737 = ORIENTED_EDGE ( 'NONE', *, *, #2216, .F. ) ;
#2738 = LINE ( 'NONE', #8729, #7487 ) ;
#2739 = ORIENTED_EDGE ( 'NONE', *, *, #9473, .T. ) ;
#2740 = VECTOR ( 'NONE', #7923, 999.9999999999998863 ) ;
#2741 = CARTESIAN_POINT ( 'NONE',  ( -15.19047033760234910, 58.21915140996632232, 17.00000000000000000 ) ) ;
#2742 = ORIENTED_EDGE ( 'NONE', *, *, #10180, .T. ) ;
#2743 = DIRECTION ( 'NONE',  ( -0.000000000000000000, -0.000000000000000000, 1.000000000000000000 ) ) ;
#2744 = CARTESIAN_POINT ( 'NONE',  ( -73.64966956456746061, -47.13583255659593618, -18.50000000000000000 ) ) ;
#2745 = DIRECTION ( 'NONE',  ( 0.7439559807600396590, -0.6682286275604836234, 0.000000000000000000 ) ) ;
#2746 = EDGE_LOOP ( 'NONE', ( #10513, #3867, #4776, #9958 ) ) ;
#2747 = CARTESIAN_POINT ( 'NONE',  ( -73.08853718130734478, -59.11062284138661482, 14.00000000000000000 ) ) ;
#2748 = DIRECTION ( 'NONE',  ( 0.9778946696698141983, 0.2090980990620547597, 0.000000000000000000 ) ) ;
#2749 = CARTESIAN_POINT ( 'NONE',  ( -14.35020098136131850, 73.37869616986253618, -6.651639278694123192 ) ) ;
#2750 = ORIENTED_EDGE ( 'NONE', *, *, #447, .F. ) ;
#2751 = CARTESIAN_POINT ( 'NONE',  ( 65.39779555248219367, -36.36350374527246743, -6.685161482381308140 ) ) ;
#2752 = CARTESIAN_POINT ( 'NONE',  ( 0.000000000000000000, 0.000000000000000000, -3.000000000000000000 ) ) ;
#2753 = FACE_OUTER_BOUND ( 'NONE', #3252, .T. ) ;
#2754 = AXIS2_PLACEMENT_3D ( 'NONE', #258, #2720, #10292 ) ;
#2755 = ORIENTED_EDGE ( 'NONE', *, *, #4839, .F. ) ;
#2756 = VERTEX_POINT ( 'NONE', #2530 ) ;
#2757 = ADVANCED_FACE ( 'NONE', ( #5037 ), #10062, .T. ) ;
#2758 = CIRCLE ( 'NONE', #4665, 94.00000000000001421 ) ;
#2759 = CARTESIAN_POINT ( 'NONE',  ( -23.73696534790352430, -88.36745145172191940, 14.00000000000000000 ) ) ;
#2760 = EDGE_LOOP ( 'NONE', ( #237, #9517, #623, #9598 ) ) ;
#2761 = ORIENTED_EDGE ( 'NONE', *, *, #1095, .F. ) ;
#2762 = DIRECTION ( 'NONE',  ( 1.000000000000000000, 0.000000000000000000, 0.000000000000000000 ) ) ;
#2763 = CARTESIAN_POINT ( 'NONE',  ( 21.45186988444690357, 89.38152182545849200, -18.46451126154764566 ) ) ;
#2764 = CARTESIAN_POINT ( 'NONE',  ( 0.000000000000000000, 0.000000000000000000, 17.00000000000000000 ) ) ;
#2765 = AXIS2_PLACEMENT_3D ( 'NONE', #3482, #8495, #7564 ) ;
#2766 = ORIENTED_EDGE ( 'NONE', *, *, #9634, .F. ) ;
#2767 = CIRCLE ( 'NONE', #2945, 14.00000000000000000 ) ;
#2768 = CARTESIAN_POINT ( 'NONE',  ( -33.40773828059418094, 38.57878788838270623, 17.00000000000000000 ) ) ;
#2769 = FACE_OUTER_BOUND ( 'NONE', #7658, .T. ) ;
#2770 = CARTESIAN_POINT ( 'NONE',  ( 0.000000000000000000, 0.000000000000000000, -3.000000000000000000 ) ) ;
#2771 = DIRECTION ( 'NONE',  ( -0.5010501812945491462, 0.8654182317380997302, 0.000000000000000000 ) ) ;
#2772 = ORIENTED_EDGE ( 'NONE', *, *, #10447, .F. ) ;
#2773 = VECTOR ( 'NONE', #5746, 1000.000000000000000 ) ;
#2774 = CIRCLE ( 'NONE', #4170, 2.500000000000000444 ) ;
#2775 = DIRECTION ( 'NONE',  ( 0.6682286275604806258, 0.7439559807600424346, 0.000000000000000000 ) ) ;
#2776 = EDGE_CURVE ( 'NONE', #6331, #1126, #8413, .T. ) ;
#2777 = B_SPLINE_CURVE_WITH_KNOTS ( 'NONE', 3,
 ( #7303, #10581, #10640, #494, #6363, #5668, #9706, #4692, #1369, #5613, #6532, #6422 ),
 .UNSPECIFIED., .F., .F.,
 ( 4, 1, 2, 2, 1, 1, 1, 4 ),
 ( 0.000000000000000000, 0.4584319647107287232, 0.4870839625051482380, 0.5014099614023587170, 0.5157359602995691406, 0.5730399558884100575, 0.6876479470660914473, 0.9168639294214535607 ),
 .UNSPECIFIED. ) ;
#2778 = CARTESIAN_POINT ( 'NONE',  ( -32.73747638465002296, -85.44300813972131436, 30.00000000000000000 ) ) ;
#2779 = VERTEX_POINT ( 'NONE', #7593 ) ;
#2780 = CARTESIAN_POINT ( 'NONE',  ( 84.51649879299822032, 7.902060220590493067, -16.60901105260297328 ) ) ;
#2781 = EDGE_CURVE ( 'NONE', #8053, #1600, #4272, .T. ) ;
#2782 = EDGE_CURVE ( 'NONE', #461, #3707, #5895, .T. ) ;
#2783 = AXIS2_PLACEMENT_3D ( 'NONE', #8242, #7637, #10099 ) ;
#2784 = CARTESIAN_POINT ( 'NONE',  ( 0.000000000000000000, 0.000000000000000000, 16.99999999999998579 ) ) ;
#2785 = CARTESIAN_POINT ( 'NONE',  ( -21.45186988444691067, -89.38152182545849200, -3.000000000000000000 ) ) ;
#2786 = DIRECTION ( 'NONE',  ( 1.000000000000000000, 0.000000000000000000, 0.000000000000000000 ) ) ;
#2787 = DIRECTION ( 'NONE',  ( -0.4056281494946326061, 0.9140381853826240466, 0.000000000000000000 ) ) ;
#2788 = CARTESIAN_POINT ( 'NONE',  ( 0.000000000000000000, 0.000000000000000000, 17.00000000000000000 ) ) ;
#2789 = VERTEX_POINT ( 'NONE', #5198 ) ;
#2790 = ORIENTED_EDGE ( 'NONE', *, *, #6573, .T. ) ;
#2791 = EDGE_CURVE ( 'NONE', #7427, #10176, #5139, .T. ) ;
#2792 = AXIS2_PLACEMENT_3D ( 'NONE', #118, #3443, #5936 ) ;
#2793 = FACE_OUTER_BOUND ( 'NONE', #4644, .T. ) ;
#2794 = EDGE_LOOP ( 'NONE', ( #9693, #6294, #2167, #9456, #5340, #2500, #8811 ) ) ;
#2795 = FACE_OUTER_BOUND ( 'NONE', #7509, .T. ) ;
#2796 = PLANE ( 'NONE',  #1345 ) ;
#2797 = ADVANCED_FACE ( 'NONE', ( #3348 ), #7540, .F. ) ;
#2798 = CARTESIAN_POINT ( 'NONE',  ( 19.75108941989751798, 83.37209574665342871, 31.93353923880556877 ) ) ;
#2799 = VERTEX_POINT ( 'NONE', #10112 ) ;
#2800 = DIRECTION ( 'NONE',  ( 0.000000000000000000, -0.000000000000000000, -1.000000000000000000 ) ) ;
#2801 = DIRECTION ( 'NONE',  ( 0.7775376295883760225, 0.6288364132062405076, 0.000000000000000000 ) ) ;
#2802 = PLANE ( 'NONE',  #6751 ) ;
#2803 = ORIENTED_EDGE ( 'NONE', *, *, #9112, .T. ) ;
#2804 = FACE_OUTER_BOUND ( 'NONE', #717, .T. ) ;
#2805 = B_SPLINE_CURVE_WITH_KNOTS ( 'NONE', 3,
 ( #5861, #9211, #3320, #8222, #762, #5810, #4084, #8435, #3421, #4294, #8327, #9971 ),
 .UNSPECIFIED., .F., .F.,
 ( 4, 1, 1, 1, 2, 2, 1, 4 ),
 ( 0.08354533723163977410, 0.3126590029237238944, 0.4272158357697659059, 0.4844942521927866896, 0.4988138562985423574, 0.5131334604042979697, 0.5417726686158097493, 1.000000000000000000 ),
 .UNSPECIFIED. ) ;
#2806 = DIRECTION ( 'NONE',  ( 0.000000000000000000, -1.000000000000000000, -0.000000000000000000 ) ) ;
#2807 = CARTESIAN_POINT ( 'NONE',  ( 68.20213817285893754, -58.72366089278032319, 17.00000000000000000 ) ) ;
#2808 = VECTOR ( 'NONE', #6646, 1000.000000000000227 ) ;
#2809 = VERTEX_POINT ( 'NONE', #7429 ) ;
#2810 = ORIENTED_EDGE ( 'NONE', *, *, #9863, .T. ) ;
#2811 = CARTESIAN_POINT ( 'NONE',  ( 35.62433945033694727, -86.98796720654625858, 14.00000000000000000 ) ) ;
#2812 = ORIENTED_EDGE ( 'NONE', *, *, #6895, .T. ) ;
#2813 = AXIS2_PLACEMENT_3D ( 'NONE', #6278, #9620, #404 ) ;
#2814 = ORIENTED_EDGE ( 'NONE', *, *, #9959, .T. ) ;
#2815 = CARTESIAN_POINT ( 'NONE',  ( 31.50853591517260810, 67.73947878652124643, -6.618161958993700189 ) ) ;
#2816 = DIRECTION ( 'NONE',  ( 0.9946479639414453899, 0.1033219619787455051, -0.000000000000000000 ) ) ;
#2817 = EDGE_CURVE ( 'NONE', #9565, #4429, #9740, .T. ) ;
#2818 = CARTESIAN_POINT ( 'NONE',  ( -12.93165967081459478, -5.738759349502567275, -16.00000000000000000 ) ) ;
#2819 = ORIENTED_EDGE ( 'NONE', *, *, #9791, .F. ) ;
#2820 = CIRCLE ( 'NONE', #10307, 91.50000000000001421 ) ;
#2821 = CARTESIAN_POINT ( 'NONE',  ( 78.80314311859507370, -51.24514254668657287, 14.00000000000000000 ) ) ;
#2822 = FACE_OUTER_BOUND ( 'NONE', #9918, .T. ) ;
#2823 = FACE_OUTER_BOUND ( 'NONE', #7967, .T. ) ;
#2824 = CARTESIAN_POINT ( 'NONE',  ( 71.14469310733639418, 57.53853180837101178, -16.00000000000000000 ) ) ;
#2825 = ORIENTED_EDGE ( 'NONE', *, *, #1991, .F. ) ;
#2826 = VECTOR ( 'NONE', #2527, 1000.000000000000000 ) ;
#2827 = CARTESIAN_POINT ( 'NONE',  ( -26.36704873968084684, -43.69414826633877169, -3.000000000000000000 ) ) ;
#2828 = DIRECTION ( 'NONE',  ( -0.5451610909221942247, 0.8383313097722899787, 0.000000000000000000 ) ) ;
#2829 = ORIENTED_EDGE ( 'NONE', *, *, #8706, .F. ) ;
#2830 = CARTESIAN_POINT ( 'NONE',  ( 78.28036871071243752, 51.29517237655764461, 32.50000000000000000 ) ) ;
#2831 = LINE ( 'NONE', #2008, #7330 ) ;
#2832 = FACE_OUTER_BOUND ( 'NONE', #2709, .T. ) ;
#2833 = CARTESIAN_POINT ( 'NONE',  ( -29.43432812555150946, 58.03897576733285035, 17.00000000000000000 ) ) ;
#2834 = CARTESIAN_POINT ( 'NONE',  ( 0.000000000000000000, 0.000000000000000000, 16.99999999999998579 ) ) ;
#2835 = ADVANCED_FACE ( 'NONE', ( #4984 ), #7782, .T. ) ;
#2836 = CARTESIAN_POINT ( 'NONE',  ( 75.25215543395063378, -8.920374900388191364, -7.245558843478369759 ) ) ;
#2837 = ORIENTED_EDGE ( 'NONE', *, *, #6613, .T. ) ;
#2838 = EDGE_CURVE ( 'NONE', #10531, #5169, #1876, .T. ) ;
#2839 = CARTESIAN_POINT ( 'NONE',  ( -85.83440617534130013, -5.307351189430504768, 32.49999999994851407 ) ) ;
#2840 = EDGE_CURVE ( 'NONE', #9702, #7496, #1561, .T. ) ;
#2841 = VERTEX_POINT ( 'NONE', #8008 ) ;
#2842 = PLANE ( 'NONE',  #7369 ) ;
#2843 = VERTEX_POINT ( 'NONE', #5608 ) ;
#2844 = CARTESIAN_POINT ( 'NONE',  ( -33.48532909508324451, -78.38555431653887240, -17.18477683936852429 ) ) ;
#2845 = CARTESIAN_POINT ( 'NONE',  ( -16.27982722542978777, 3.481030249449625913, -3.000000000000000000 ) ) ;
#2846 = CARTESIAN_POINT ( 'NONE',  ( 21.47669927728636452, 83.27343302802857750, 32.50000000001750067 ) ) ;
#2847 = ORIENTED_EDGE ( 'NONE', *, *, #7708, .T. ) ;
#2848 = AXIS2_PLACEMENT_3D ( 'NONE', #5017, #6743, #10088 ) ;
#2849 = DIRECTION ( 'NONE',  ( -0.6682286275604806258, -0.7439559807600424346, 0.000000000000000000 ) ) ;
#2850 = EDGE_CURVE ( 'NONE', #8424, #6125, #1977, .T. ) ;
#2851 = CARTESIAN_POINT ( 'NONE',  ( -14.42624458114692665, -73.55005201398883230, -6.756281789500394375 ) ) ;
#2852 = CARTESIAN_POINT ( 'NONE',  ( -14.50710246484817212, 73.73225631461296814, -6.869770528441576651 ) ) ;
#2853 = B_SPLINE_CURVE_WITH_KNOTS ( 'NONE', 3,
 ( #38, #7552, #5956, #3521, #84, #1675, #9306, #3410, #1886, #10066, #1831, #1016 ),
 .UNSPECIFIED., .F., .F.,
 ( 4, 1, 2, 2, 1, 1, 1, 4 ),
 ( 0.000000000000000000, 0.4584319647109266205, 0.4870839625053589028, 0.5014099614025748775, 0.5157359602997907411, 0.5730399558886534184, 0.6876479470663785509, 0.9168639294218295932 ),
 .UNSPECIFIED. ) ;
#2854 = VERTEX_POINT ( 'NONE', #7238 ) ;
#2855 = CARTESIAN_POINT ( 'NONE',  ( 91.37756621894718023, 4.731848676989291569, 32.50000000000000000 ) ) ;
#2856 = DIRECTION ( 'NONE',  ( 1.000000000000000000, 0.000000000000000000, 0.000000000000000000 ) ) ;
#2857 = EDGE_CURVE ( 'NONE', #1260, #2789, #3049, .T. ) ;
#2858 = CARTESIAN_POINT ( 'NONE',  ( -54.84936956025404697, 50.99282406872483620, -6.721643688669876049 ) ) ;
#2859 = ORIENTED_EDGE ( 'NONE', *, *, #10391, .F. ) ;
#2860 = ORIENTED_EDGE ( 'NONE', *, *, #1787, .T. ) ;
#2861 = DIRECTION ( 'NONE',  ( 0.9140381853826244907, 0.4056281494946316624, 0.000000000000000000 ) ) ;
#2862 = CARTESIAN_POINT ( 'NONE',  ( 72.89483783047533905, 43.11649256930865448, -16.30701376012512327 ) ) ;
#2863 = ORIENTED_EDGE ( 'NONE', *, *, #6222, .F. ) ;
#2864 = ORIENTED_EDGE ( 'NONE', *, *, #123, .T. ) ;
#2865 = CARTESIAN_POINT ( 'NONE',  ( 76.70731484416435819, 49.88223981938103435, 30.00000000000000000 ) ) ;
#2866 = LINE ( 'NONE', #10450, #3641 ) ;
#2867 = FACE_OUTER_BOUND ( 'NONE', #1336, .T. ) ;
#2868 = ORIENTED_EDGE ( 'NONE', *, *, #4712, .F. ) ;
#2869 = DIRECTION ( 'NONE',  ( -1.000000000000000000, 0.000000000000000000, 0.000000000000000000 ) ) ;
#2870 = AXIS2_PLACEMENT_3D ( 'NONE', #1836, #8268, #7450 ) ;
#2871 = DIRECTION ( 'NONE',  ( 1.000000000000000000, 0.000000000000000000, 0.000000000000000000 ) ) ;
#2872 = CARTESIAN_POINT ( 'NONE',  ( 0.000000000000000000, 0.000000000000000000, -3.000000000000000000 ) ) ;
#2873 = ORIENTED_EDGE ( 'NONE', *, *, #2086, .F. ) ;
#2874 = FACE_OUTER_BOUND ( 'NONE', #6833, .T. ) ;
#2875 = AXIS2_PLACEMENT_3D ( 'NONE', #7389, #5290, #10719 ) ;
#2876 = CARTESIAN_POINT ( 'NONE',  ( -66.32191054007240893, -54.74593539653234586, 32.50000000000000000 ) ) ;
#2877 = ORIENTED_EDGE ( 'NONE', *, *, #5342, .F. ) ;
#2878 = FACE_OUTER_BOUND ( 'NONE', #2195, .T. ) ;
#2879 = LINE ( 'NONE', #376, #8027 ) ;
#2880 = CARTESIAN_POINT ( 'NONE',  ( 65.39779555253653598, 36.36350374532125329, 20.68516148234852636 ) ) ;
#2881 = EDGE_CURVE ( 'NONE', #8294, #137, #6108, .T. ) ;
#2882 = CARTESIAN_POINT ( 'NONE',  ( -1.720086775986159999, -16.55873327191746114, -3.000000000000000000 ) ) ;
#2883 = EDGE_CURVE ( 'NONE', #333, #4708, #3872, .T. ) ;
#2884 = FACE_OUTER_BOUND ( 'NONE', #5101, .T. ) ;
#2885 = CARTESIAN_POINT ( 'NONE',  ( 1.461781871039297576, -14.07211336206385077, 30.00000000000000355 ) ) ;
#2886 = CIRCLE ( 'NONE', #4987, 2.499999999999999556 ) ;
#2887 = B_SPLINE_CURVE_WITH_KNOTS ( 'NONE', 3,
 ( #5757, #3366, #9046, #1788, #5915, #6679, #2393, #5107, #7558, #6520, #148, #5706 ),
 .UNSPECIFIED., .F., .F.,
 ( 4, 1, 1, 1, 2, 2, 1, 4 ),
 ( 0.08354533723375871801, 0.3126590029253181191, 0.4272158357710978405, 0.4844942521939882285, 0.4988138562997105341, 0.5131334604054328397, 0.5417726686168774508, 1.000000000000000000 ),
 .UNSPECIFIED. ) ;
#2888 = VECTOR ( 'NONE', #2526, 1000.000000000000000 ) ;
#2889 = ORIENTED_EDGE ( 'NONE', *, *, #3673, .F. ) ;
#2890 = SURFACE_STYLE_USAGE ( .BOTH. , #2015 ) ;
#2891 = EDGE_LOOP ( 'NONE', ( #9694, #5916, #6106 ) ) ;
#2892 = CARTESIAN_POINT ( 'NONE',  ( 70.34369812068658234, 32.38956261794874791, 17.00000000000000000 ) ) ;
#2893 = ORIENTED_EDGE ( 'NONE', *, *, #7761, .T. ) ;
#2894 = DIRECTION ( 'NONE',  ( 0.4056281494946325505, -0.9140381853826239356, 0.000000000000000000 ) ) ;
#2895 = CARTESIAN_POINT ( 'NONE',  ( -78.80314311859508791, -51.24514254668653734, 14.00000000000000000 ) ) ;
#2896 = AXIS2_PLACEMENT_3D ( 'NONE', #9249, #6876, #4276 ) ;
#2897 = FACE_OUTER_BOUND ( 'NONE', #3485, .T. ) ;
#2898 = DIRECTION ( 'NONE',  ( 0.000000000000000000, 0.000000000000000000, -1.000000000000000000 ) ) ;
#2899 = EDGE_CURVE ( 'NONE', #1548, #8520, #7748, .T. ) ;
#2900 = VERTEX_POINT ( 'NONE', #10323 ) ;
#2901 = CARTESIAN_POINT ( 'NONE',  ( 0.000000000000000000, 0.000000000000000000, 17.00000000000000000 ) ) ;
#2902 = DIRECTION ( 'NONE',  ( -1.000000000000000000, 0.000000000000000000, 0.000000000000000000 ) ) ;
#2903 = ORIENTED_EDGE ( 'NONE', *, *, #2385, .T. ) ;
#2904 = DIRECTION ( 'NONE',  ( -1.000000000000000000, -3.907985046680551022E-14, 0.000000000000000000 ) ) ;
#2905 = DIRECTION ( 'NONE',  ( -1.000000000000000000, 0.000000000000000000, 0.000000000000000000 ) ) ;
#2906 = CARTESIAN_POINT ( 'NONE',  ( -54.40638177296280986, 50.73634794770786982, -6.440967781852108942 ) ) ;
#2907 = EDGE_CURVE ( 'NONE', #7075, #3545, #10263, .T. ) ;
#2908 = DIRECTION ( 'NONE',  ( -1.000000000000000000, 1.065814103640150121E-14, 0.000000000000000000 ) ) ;
#2909 = ORIENTED_EDGE ( 'NONE', *, *, #5316, .F. ) ;
#2910 = AXIS2_PLACEMENT_3D ( 'NONE', #3676, #4657, #7980 ) ;
#2911 = EDGE_CURVE ( 'NONE', #5665, #7820, #6335, .T. ) ;
#2912 = ORIENTED_EDGE ( 'NONE', *, *, #4505, .F. ) ;
#2913 = EDGE_CURVE ( 'NONE', #2962, #5906, #234, .T. ) ;
#2914 = CARTESIAN_POINT ( 'NONE',  ( 73.11921928873167076, 44.85942088841871112, 32.11763093304975314 ) ) ;
#2915 = EDGE_CURVE ( 'NONE', #9416, #5832, #2046, .T. ) ;
#2916 = DIRECTION ( 'NONE',  ( -0.4056281494946316069, -0.9140381853826243796, 0.000000000000000000 ) ) ;
#2917 = EDGE_LOOP ( 'NONE', ( #2461, #8354, #6579, #8001, #4988, #158, #2591, #3120 ) ) ;
#2918 = ORIENTED_EDGE ( 'NONE', *, *, #5657, .T. ) ;
#2919 = CARTESIAN_POINT ( 'NONE',  ( -71.14469310733639418, -57.53853180837101178, -3.000000000000000888 ) ) ;
#2920 = AXIS2_PLACEMENT_3D ( 'NONE', #5166, #2618, #9215 ) ;
#2921 = CARTESIAN_POINT ( 'NONE',  ( 0.000000000000000000, 0.000000000000000000, 17.00000000000000000 ) ) ;
#2922 = CARTESIAN_POINT ( 'NONE',  ( 68.20213817285895175, 58.72366089278031609, -3.000000000000000000 ) ) ;
#2923 = EDGE_CURVE ( 'NONE', #6614, #5409, #4654, .T. ) ;
#2924 = VERTEX_POINT ( 'NONE', #3921 ) ;
#2925 = VECTOR ( 'NONE', #8076, 1000.000000000000000 ) ;
#2926 = ADVANCED_FACE ( 'NONE', ( #3102 ), #6415, .T. ) ;
#2927 = AXIS2_PLACEMENT_3D ( 'NONE', #5164, #4454, #7772 ) ;
#2928 = FACE_OUTER_BOUND ( 'NONE', #785, .T. ) ;
#2929 = DIRECTION ( 'NONE',  ( 0.000000000000000000, 0.000000000000000000, -1.000000000000000000 ) ) ;
#2930 = DIRECTION ( 'NONE',  ( -0.000000000000000000, -0.000000000000000000, 1.000000000000000000 ) ) ;
#2931 = ORIENTED_EDGE ( 'NONE', *, *, #354, .T. ) ;
#2932 = AXIS2_PLACEMENT_3D ( 'NONE', #2770, #4560, #6077 ) ;
#2933 = CARTESIAN_POINT ( 'NONE',  ( 60.11725487733126272, -3.989945426059418487, 17.00000000000000000 ) ) ;
#2934 = AXIS2_PLACEMENT_3D ( 'NONE', #7803, #5250, #8739 ) ;
#2935 = CIRCLE ( 'NONE', #3624, 94.00000000000001421 ) ;
#2936 = LINE ( 'NONE', #5226, #9302 ) ;
#2937 = ORIENTED_EDGE ( 'NONE', *, *, #6778, .F. ) ;
#2938 = VERTEX_POINT ( 'NONE', #7352 ) ;
#2939 = DIRECTION ( 'NONE',  ( -1.000000000000000000, -1.110223024625155594E-14, 0.000000000000000000 ) ) ;
#2940 = CARTESIAN_POINT ( 'NONE',  ( -4.351385440520329162, 50.84747089786795726, 17.00000000000000000 ) ) ;
#2941 = CARTESIAN_POINT ( 'NONE',  ( -76.70731484416434398, -49.88223981938107698, -3.000000000000000888 ) ) ;
#2942 = CYLINDRICAL_SURFACE ( 'NONE', #7970, 2.500000000000000444 ) ;
#2943 = VECTOR ( 'NONE', #956, 1000.000000000000000 ) ;
#2944 = CARTESIAN_POINT ( 'NONE',  ( -34.45306668343469170, -81.50944033277963285, 29.99977989232053943 ) ) ;
#2945 = AXIS2_PLACEMENT_3D ( 'NONE', #2175, #5497, #9813 ) ;
#2946 = ORIENTED_EDGE ( 'NONE', *, *, #8720, .F. ) ;
#2947 = CARTESIAN_POINT ( 'NONE',  ( -76.70731484416434398, -49.88223981938104856, 32.50000000000000000 ) ) ;
#2948 = EDGE_LOOP ( 'NONE', ( #9202, #1447, #1539, #6317 ) ) ;
#2949 = FACE_OUTER_BOUND ( 'NONE', #3209, .T. ) ;
#2950 = ORIENTED_EDGE ( 'NONE', *, *, #4240, .F. ) ;
#2951 = CARTESIAN_POINT ( 'NONE',  ( -33.02592133450273337, -79.05884139349191742, -17.93353923880093248 ) ) ;
#2952 = ADVANCED_FACE ( 'NONE', ( #4034 ), #8118, .T. ) ;
#2953 = AXIS2_PLACEMENT_3D ( 'NONE', #8644, #2153, #6173 ) ;
#2954 = SPHERICAL_SURFACE ( 'NONE', #3963, 2.500000000000000000 ) ;
#2955 = VECTOR ( 'NONE', #5332, 999.9999999999998863 ) ;
#2956 = CARTESIAN_POINT ( 'NONE',  ( 22.30954822220480338, 91.31420512779554599, 14.00000000000000000 ) ) ;
#2957 = CARTESIAN_POINT ( 'NONE',  ( 0.000000000000000000, 0.000000000000000000, 0.000000000000000000 ) ) ;
#2958 = ORIENTED_EDGE ( 'NONE', *, *, #10564, .T. ) ;
#2959 = CARTESIAN_POINT ( 'NONE',  ( 86.04998649014238765, 1.773361342404540242, 32.49999999998104983 ) ) ;
#2960 = CARTESIAN_POINT ( 'NONE',  ( 0.000000000000000000, 0.000000000000000000, 0.000000000000000000 ) ) ;
#2961 = CIRCLE ( 'NONE', #4701, 2.499999999999999556 ) ;
#2962 = VERTEX_POINT ( 'NONE', #5767 ) ;
#2963 = LINE ( 'NONE', #4386, #177 ) ;
#2964 = CARTESIAN_POINT ( 'NONE',  ( 0.000000000000000000, 0.000000000000000000, -3.000000000000000000 ) ) ;
#2965 = DIRECTION ( 'NONE',  ( -0.000000000000000000, -0.000000000000000000, -1.000000000000000000 ) ) ;
#2966 = CARTESIAN_POINT ( 'NONE',  ( 0.000000000000000000, 0.000000000000000000, 30.00000000000000000 ) ) ;
#2967 = ORIENTED_EDGE ( 'NONE', *, *, #4440, .F. ) ;
#2968 = ORIENTED_EDGE ( 'NONE', *, *, #256, .T. ) ;
#2969 = CARTESIAN_POINT ( 'NONE',  ( 72.56107605580299946, 46.15846078177301592, 32.50000000001183764 ) ) ;
#2970 = FACE_OUTER_BOUND ( 'NONE', #6873, .T. ) ;
#2971 = B_SPLINE_CURVE_WITH_KNOTS ( 'NONE', 3,
 ( #1820, #5138, #184, #3507 ),
 .UNSPECIFIED., .F., .F.,
 ( 4, 4 ),
 ( 0.1618091703087891076, 0.8381908316155031180 ),
 .UNSPECIFIED. ) ;
#2972 = ORIENTED_EDGE ( 'NONE', *, *, #9851, .F. ) ;
#2973 = B_SPLINE_CURVE_WITH_KNOTS ( 'NONE', 3,
 ( #8060, #6254, #540, #8661, #7181, #7841, #427, #2880, #8722, #10517, #3045, #6192 ),
 .UNSPECIFIED., .F., .F.,
 ( 4, 1, 1, 1, 2, 2, 1, 4 ),
 ( 0.08354533723669052558, 0.3126590029275118088, 0.4272158357729225475, 0.4844942521956279169, 0.4988138563013043703, 0.5131334604069809346, 0.5417726686183345075, 1.000000000000000000 ),
 .UNSPECIFIED. ) ;
#2974 = EDGE_CURVE ( 'NONE', #8924, #8892, #5862, .T. ) ;
#2975 = ORIENTED_EDGE ( 'NONE', *, *, #7982, .F. ) ;
#2976 = CARTESIAN_POINT ( 'NONE',  ( 68.57354579219335733, 52.01359248203152674, 32.50000000004470024 ) ) ;
#2977 = DIRECTION ( 'NONE',  ( -0.000000000000000000, -0.000000000000000000, -1.000000000000000000 ) ) ;
#2978 = ADVANCED_FACE ( 'NONE', ( #8177 ), #2401, .T. ) ;
#2979 = EDGE_CURVE ( 'NONE', #2854, #1102, #4023, .T. ) ;
#2980 = CARTESIAN_POINT ( 'NONE',  ( -32.73747638465002296, -85.44300813972131436, 14.00000000000000000 ) ) ;
#2981 = ORIENTED_EDGE ( 'NONE', *, *, #4630, .F. ) ;
#2982 = TOROIDAL_SURFACE ( 'NONE', #30, 91.50000000000001421, 2.500000000000000000 ) ;
#2983 = PLANE ( 'NONE',  #4129 ) ;
#2984 = CARTESIAN_POINT ( 'NONE',  ( 0.000000000000000000, 0.000000000000000000, -18.50000000000000000 ) ) ;
#2985 = CARTESIAN_POINT ( 'NONE',  ( 0.000000000000000000, 0.000000000000000000, -3.000000000000000000 ) ) ;
#2986 = EDGE_CURVE ( 'NONE', #4708, #335, #1349, .T. ) ;
#2987 = CARTESIAN_POINT ( 'NONE',  ( -76.70731484416435819, 49.88223981938101304, -3.000000000000000888 ) ) ;
#2988 = ORIENTED_EDGE ( 'NONE', *, *, #5111, .F. ) ;
#2990 = PLANE ( 'NONE',  #10259 ) ;
#2989 = CIRCLE ( 'NONE', #7157, 94.00000000000001421 ) ;
#2991 = CARTESIAN_POINT ( 'NONE',  ( 21.28169612571234737, 84.08665276529787036, 32.50000000002550848 ) ) ;
#2992 = VERTEX_POINT ( 'NONE', #7297 ) ;
#2993 = VERTEX_POINT ( 'NONE', #9154 ) ;
#2994 = CARTESIAN_POINT ( 'NONE',  ( 54.26119305240503365, -24.98441732591605913, 17.00000000000000000 ) ) ;
#2995 = DIRECTION ( 'NONE',  ( -0.000000000000000000, 0.000000000000000000, 1.000000000000000000 ) ) ;
#2996 = CARTESIAN_POINT ( 'NONE',  ( -15.21675513427112847, -6.752829723239117676, 17.00000000000000000 ) ) ;
#2997 = CARTESIAN_POINT ( 'NONE',  ( -11.12455864745016321, -12.38525498271512681, -0.000000000000000000 ) ) ;
#2998 = CIRCLE ( 'NONE', #1620, 94.00000000000001421 ) ;
#2999 = CARTESIAN_POINT ( 'NONE',  ( -54.26119305240510471, 24.98441732591588149, 17.00000000000000000 ) ) ;
#3000 = ORIENTED_EDGE ( 'NONE', *, *, #10422, .F. ) ;
#3001 = CARTESIAN_POINT ( 'NONE',  ( 21.93100997843894362, 56.02901731501627580, -3.000000000000000000 ) ) ;
#3002 = ORIENTED_EDGE ( 'NONE', *, *, #9648, .T. ) ;
#3003 = LINE ( 'NONE', #6311, #2320 ) ;
#3004 = ORIENTED_EDGE ( 'NONE', *, *, #1467, .T. ) ;
#3005 = CARTESIAN_POINT ( 'NONE',  ( -29.14443337139493551, -56.68321722085848080, 17.00000000000000000 ) ) ;
#3006 = LINE ( 'NONE', #3931, #3692 ) ;
#3007 = DIRECTION ( 'NONE',  ( 0.000000000000000000, -0.000000000000000000, -1.000000000000000000 ) ) ;
#3008 = AXIS2_PLACEMENT_3D ( 'NONE', #8658, #1251, #425 ) ;
#3009 = EDGE_LOOP ( 'NONE', ( #10636, #5575, #4619, #2750, #194, #7850 ) ) ;
#3010 = CARTESIAN_POINT ( 'NONE',  ( 78.37788641306558191, -48.02234986748100454, 17.00000000000000000 ) ) ;
#3011 = CARTESIAN_POINT ( 'NONE',  ( -85.15503767029485971, -7.336893668133474655, -17.57491144068636757 ) ) ;
#3012 = EDGE_CURVE ( 'NONE', #10126, #9956, #3215, .T. ) ;
#3013 = ORIENTED_EDGE ( 'NONE', *, *, #8505, .T. ) ;
#3014 = CARTESIAN_POINT ( 'NONE',  ( -21.11354799689328132, -83.36530907824925407, -18.50009145628164120 ) ) ;
#3015 = CARTESIAN_POINT ( 'NONE',  ( -91.37756621894718023, 4.731848676989293345, -3.000000000000000888 ) ) ;
#3016 = DIRECTION ( 'NONE',  ( -0.8654182317380996192, -0.5010501812945494793, 0.000000000000000000 ) ) ;
#3017 = DIRECTION ( 'NONE',  ( -0.000000000000000000, -0.000000000000000000, 1.000000000000000000 ) ) ;
#3018 = ORIENTED_EDGE ( 'NONE', *, *, #5824, .F. ) ;
#3019 = VECTOR ( 'NONE', #3708, 1000.000000000000227 ) ;
#3020 = EDGE_LOOP ( 'NONE', ( #5647, #8699, #73, #4678, #3248, #1789, #2070, #10069 ) ) ;
#3021 = SPHERICAL_SURFACE ( 'NONE', #2813, 2.500000000000000000 ) ;
#3022 = ADVANCED_FACE ( 'NONE', ( #6527 ), #3375, .T. ) ;
#3023 = EDGE_CURVE ( 'NONE', #3915, #1065, #8277, .T. ) ;
#3024 = ORIENTED_EDGE ( 'NONE', *, *, #3311, .F. ) ;
#3025 = AXIS2_PLACEMENT_3D ( 'NONE', #5600, #3040, #8931 ) ;
#3026 = ORIENTED_EDGE ( 'NONE', *, *, #9038, .F. ) ;
#3027 = FACE_BOUND ( 'NONE', #4050, .T. ) ;
#3028 = DIRECTION ( 'NONE',  ( -1.000000000000000000, 0.000000000000000000, 0.000000000000000000 ) ) ;
#3029 = DIRECTION ( 'NONE',  ( 0.7439559807600389929, 0.6682286275604842896, 0.000000000000000000 ) ) ;
#3030 = ORIENTED_EDGE ( 'NONE', *, *, #6445, .F. ) ;
#3031 = ORIENTED_EDGE ( 'NONE', *, *, #9381, .F. ) ;
#3032 = CARTESIAN_POINT ( 'NONE',  ( -91.63587112389404865, 7.218468586842906376, -3.000000000000000000 ) ) ;
#3033 = CARTESIAN_POINT ( 'NONE',  ( 75.25215543398167028, 8.920374900384965500, 21.24555884347449464 ) ) ;
#3034 = EDGE_CURVE ( 'NONE', #2575, #10763, #6211, .T. ) ;
#3035 = EDGE_CURVE ( 'NONE', #6738, #3184, #3162, .T. ) ;
#3036 = CARTESIAN_POINT ( 'NONE',  ( 0.000000000000000000, 0.000000000000000000, 30.00000000000000000 ) ) ;
#3037 = CARTESIAN_POINT ( 'NONE',  ( -64.29685892160878780, -56.05134286896656448, -17.28567951662521551 ) ) ;
#3038 = VERTEX_POINT ( 'NONE', #8939 ) ;
#3039 = FACE_OUTER_BOUND ( 'NONE', #689, .T. ) ;
#3040 = DIRECTION ( 'NONE',  ( -0.000000000000000000, -0.000000000000000000, -1.000000000000000000 ) ) ;
#3041 = ORIENTED_EDGE ( 'NONE', *, *, #2515, .T. ) ;
#3042 = VERTEX_POINT ( 'NONE', #9057 ) ;
#3043 = EDGE_CURVE ( 'NONE', #4972, #2676, #1592, .T. ) ;
#3044 = CARTESIAN_POINT ( 'NONE',  ( 66.64214824493004130, -55.51846396099125514, 32.50000000000000000 ) ) ;
#3045 = CARTESIAN_POINT ( 'NONE',  ( 57.94609840746664275, 29.67031559303389088, 17.00000000000000000 ) ) ;
#3046 = DIRECTION ( 'NONE',  ( -0.9946479639414453899, 0.1033219619787451998, 0.000000000000000000 ) ) ;
#3047 = ADVANCED_FACE ( 'NONE', ( #1476 ), #1689, .T. ) ;
#3048 = CARTESIAN_POINT ( 'NONE',  ( -86.54756481801976520, -5.744108926473813881, -18.49999999987246468 ) ) ;
#3049 = LINE ( 'NONE', #235, #10580 ) ;
#3050 = DIRECTION ( 'NONE',  ( 0.2090980990620617541, -0.9778946696698127550, 0.000000000000000000 ) ) ;
#3051 = ORIENTED_EDGE ( 'NONE', *, *, #1062, .T. ) ;
#3052 = VECTOR ( 'NONE', #2002, 1000.000000000000000 ) ;
#3053 = ORIENTED_EDGE ( 'NONE', *, *, #3113, .F. ) ;
#3054 = CARTESIAN_POINT ( 'NONE',  ( 23.73696534790352430, 88.36745145172190519, 17.00000000000000000 ) ) ;
#3055 = ORIENTED_EDGE ( 'NONE', *, *, #4624, .T. ) ;
#3056 = EDGE_CURVE ( 'NONE', #10627, #3752, #9705, .T. ) ;
#3057 = DIRECTION ( 'NONE',  ( -1.000000000000000000, 0.000000000000000000, -0.000000000000000000 ) ) ;
#3058 = DIRECTION ( 'NONE',  ( -0.9946479639414452789, 0.1033219619787452692, 0.000000000000000000 ) ) ;
#3059 = AXIS2_PLACEMENT_3D ( 'NONE', #305, #3628, #634 ) ;
#3061 = CARTESIAN_POINT ( 'NONE',  ( -21.45186988444696397, -89.38152182545849200, 17.00000000000000000 ) ) ;
#3060 = AXIS2_PLACEMENT_3D ( 'NONE', #6045, #839, #7483 ) ;
#3062 = VERTEX_POINT ( 'NONE', #6846 ) ;
#3063 = CARTESIAN_POINT ( 'NONE',  ( -33.07466983380479775, -84.37253394476951485, 32.50000000000000000 ) ) ;
#3064 = DIRECTION ( 'NONE',  ( -0.000000000000000000, -0.000000000000000000, -1.000000000000000000 ) ) ;
#3065 = VERTEX_POINT ( 'NONE', #1745 ) ;
#3066 = CARTESIAN_POINT ( 'NONE',  ( -76.93214077366681636, 8.745861517072963665, 22.32620741699005507 ) ) ;
#3067 = CARTESIAN_POINT ( 'NONE',  ( -26.36704873968082197, -43.69414826633878590, 17.00000000000000000 ) ) ;
#3068 = VECTOR ( 'NONE', #9409, 1000.000000000000000 ) ;
#3069 = CARTESIAN_POINT ( 'NONE',  ( 0.000000000000000000, 0.000000000000000000, -18.50000000000000000 ) ) ;
#3070 = CARTESIAN_POINT ( 'NONE',  ( 84.80249307757452470, -7.704802633150121594, 31.04213425600427456 ) ) ;
#3071 = ORIENTED_EDGE ( 'NONE', *, *, #9485, .T. ) ;
#3072 = CARTESIAN_POINT ( 'NONE',  ( 31.47738211370294792, -79.54989157688262935, 32.50000000000000000 ) ) ;
#3073 = UNCERTAINTY_MEASURE_WITH_UNIT (LENGTH_MEASURE( 1.000000000000000082E-05 ), #6039, 'distance_accuracy_value', 'NONE');
#3074 = ORIENTED_EDGE ( 'NONE', *, *, #9305, .T. ) ;
#3075 = CARTESIAN_POINT ( 'NONE',  ( 15.21675513427114979, 6.752829723239146098, -3.000000000000000000 ) ) ;
#3076 = CARTESIAN_POINT ( 'NONE',  ( -29.00274188531464503, 72.52261042983964501, -2.999999999987245758 ) ) ;
#3077 = ORIENTED_EDGE ( 'NONE', *, *, #10249, .F. ) ;
#3078 = EDGE_LOOP ( 'NONE', ( #1034, #803, #2124, #1940 ) ) ;
#3079 = DIRECTION ( 'NONE',  ( -0.5010501812945500344, -0.8654182317380992862, 0.000000000000000000 ) ) ;
#3080 = DIRECTION ( 'NONE',  ( -0.000000000000000000, -0.000000000000000000, -1.000000000000000000 ) ) ;
#3081 = LINE ( 'NONE', #5476, #10725 ) ;
#3082 = AXIS2_PLACEMENT_3D ( 'NONE', #3203, #6396, #4019 ) ;
#3083 = EDGE_LOOP ( 'NONE', ( #6777, #3051, #5455, #2766, #1368, #1762 ) ) ;
#3084 = EDGE_CURVE ( 'NONE', #4117, #6212, #1702, .T. ) ;
#3085 = ORIENTED_EDGE ( 'NONE', *, *, #7938, .F. ) ;
#3086 = DIRECTION ( 'NONE',  ( 0.000000000000000000, -0.000000000000000000, -1.000000000000000000 ) ) ;
#3087 = EDGE_CURVE ( 'NONE', #10260, #1848, #136, .T. ) ;
#3088 = SPHERICAL_SURFACE ( 'NONE', #4326, 2.500000000000000000 ) ;
#3089 = CARTESIAN_POINT ( 'NONE',  ( 26.36704873968083973, 43.69414826633878590, -3.000000000000000000 ) ) ;
#3090 = CARTESIAN_POINT ( 'NONE',  ( -64.98360836539819729, 55.82852451258865756, 31.92213809290231907 ) ) ;
#3091 = VECTOR ( 'NONE', #2368, 999.9999999999998863 ) ;
#3092 = ORIENTED_EDGE ( 'NONE', *, *, #9307, .F. ) ;
#3093 = FACE_OUTER_BOUND ( 'NONE', #4633, .T. ) ;
#3094 = CARTESIAN_POINT ( 'NONE',  ( 76.70731484416434398, -49.88223981938103435, -16.00000000000000000 ) ) ;
#3095 = EDGE_LOOP ( 'NONE', ( #5137, #2346, #6080 ) ) ;
#3096 = ORIENTED_EDGE ( 'NONE', *, *, #6095, .F. ) ;
#3097 = AXIS2_PLACEMENT_3D ( 'NONE', #10425, #7961, #8788 ) ;
#3098 = DIRECTION ( 'NONE',  ( 1.000000000000000000, 0.000000000000000000, 0.000000000000000000 ) ) ;
#3099 = DIRECTION ( 'NONE',  ( -1.000000000000000000, 0.000000000000000000, 0.000000000000000000 ) ) ;
#3100 = CARTESIAN_POINT ( 'NONE',  ( -32.09114749912286157, 70.46419395604449676, -8.326207416997400301 ) ) ;
#3101 = CARTESIAN_POINT ( 'NONE',  ( 14.79286641653891721, -74.37619378339229570, 21.27971910426420621 ) ) ;
#3102 = FACE_OUTER_BOUND ( 'NONE', #8857, .T. ) ;
#3103 = CIRCLE ( 'NONE', #8148, 2.500000000000002220 ) ;
#3104 = CARTESIAN_POINT ( 'NONE',  ( -34.14373581689321213, -82.69976546794161720, 31.57417563096349866 ) ) ;
#3105 = ORIENTED_EDGE ( 'NONE', *, *, #5903, .T. ) ;
#3106 = ADVANCED_FACE ( 'NONE', ( #5065 ), #8389, .T. ) ;
#3107 = CIRCLE ( 'NONE', #9209, 2.500000000000002220 ) ;
#3108 = VECTOR ( 'NONE', #2728, 1000.000000000000000 ) ;
#3109 = CARTESIAN_POINT ( 'NONE',  ( -72.76067528929655737, -45.84147465109452213, 32.50009145627987550 ) ) ;
#3110 = DIRECTION ( 'NONE',  ( -1.000000000000000000, 0.000000000000000000, 0.000000000000000000 ) ) ;
#3111 = EDGE_CURVE ( 'NONE', #9630, #1283, #10137, .T. ) ;
#3112 = ORIENTED_EDGE ( 'NONE', *, *, #9576, .T. ) ;
#3113 = EDGE_CURVE ( 'NONE', #5030, #335, #7614, .T. ) ;
#3114 = VECTOR ( 'NONE', #7773, 1000.000000000000000 ) ;
#3115 = CARTESIAN_POINT ( 'NONE',  ( -64.45296278980195837, 56.02319583289549598, -17.45153177885530482 ) ) ;
#3116 = CIRCLE ( 'NONE', #10111, 2.500000000000005773 ) ;
#3117 = CIRCLE ( 'NONE', #10608, 91.50000000000001421 ) ;
#3118 = DIRECTION ( 'NONE',  ( -1.000000000000000000, 0.000000000000000000, 0.000000000000000000 ) ) ;
#3119 = DIRECTION ( 'NONE',  ( -0.000000000000000000, -0.000000000000000000, -1.000000000000000000 ) ) ;
#3120 = ORIENTED_EDGE ( 'NONE', *, *, #4887, .T. ) ;
#3121 = CYLINDRICAL_SURFACE ( 'NONE', #488, 51.03332099679091982 ) ;
#3122 = CARTESIAN_POINT ( 'NONE',  ( 14.78258981525385707, -58.40786793619086126, -3.000000000000002665 ) ) ;
#3123 = ADVANCED_FACE ( 'NONE', ( #10187 ), #6736, .T. ) ;
#3124 = ORIENTED_EDGE ( 'NONE', *, *, #9709, .T. ) ;
#3125 = LINE ( 'NONE', #1437, #3136 ) ;
#3126 = ORIENTED_EDGE ( 'NONE', *, *, #9179, .F. ) ;
#3127 = CIRCLE ( 'NONE', #4514, 2.500000000000000888 ) ;
#3128 = CARTESIAN_POINT ( 'NONE',  ( -23.73696534790352786, 88.36745145172191940, -16.00000000000000000 ) ) ;
#3129 = VERTEX_POINT ( 'NONE', #4356 ) ;
#3130 = EDGE_CURVE ( 'NONE', #1159, #943, #9271, .T. ) ;
#3131 = LINE ( 'NONE', #10761, #10548 ) ;
#3132 = ORIENTED_EDGE ( 'NONE', *, *, #4440, .T. ) ;
#3133 = CARTESIAN_POINT ( 'NONE',  ( -58.78321495183485723, -10.63113418810694633, -3.000000000000000000 ) ) ;
#3134 = ORIENTED_EDGE ( 'NONE', *, *, #2606, .F. ) ;
#3135 = CARTESIAN_POINT ( 'NONE',  ( -52.54170275422330860, -56.89190718866041863, -3.000000000000004885 ) ) ;
#3136 = VECTOR ( 'NONE', #3230, 999.9999999999998863 ) ;
#3137 = CARTESIAN_POINT ( 'NONE',  ( -42.05602593911608977, 75.01526966030580468, -18.49999999999999645 ) ) ;
#3138 = VERTEX_POINT ( 'NONE', #976 ) ;
#3139 = EDGE_LOOP ( 'NONE', ( #5207, #2859, #7300, #3085 ) ) ;
#3140 = CARTESIAN_POINT ( 'NONE',  ( 23.73696534790348167, -88.36745145172193361, 30.00000000000000355 ) ) ;
#3141 = CARTESIAN_POINT ( 'NONE',  ( -32.73747638465003718, 85.44300813972132858, -16.00000000000000000 ) ) ;
#3142 = LINE ( 'NONE', #801, #5039 ) ;
#3143 = FACE_OUTER_BOUND ( 'NONE', #57, .T. ) ;
#3144 = VECTOR ( 'NONE', #7665, 1000.000000000000000 ) ;
#3145 = VERTEX_POINT ( 'NONE', #10083 ) ;
#3146 = VERTEX_POINT ( 'NONE', #2722 ) ;
#3147 = DIRECTION ( 'NONE',  ( 0.9778946696698127550, -0.2090980990620618096, 0.000000000000000000 ) ) ;
#3148 = CARTESIAN_POINT ( 'NONE',  ( 0.000000000000000000, 0.000000000000000000, 14.00000000000000000 ) ) ;
#3149 = CARTESIAN_POINT ( 'NONE',  ( 73.18815264893444805, -44.54779673914259774, 31.93353923880047773 ) ) ;
#3150 = ORIENTED_EDGE ( 'NONE', *, *, #9266, .T. ) ;
#3151 = ADVANCED_FACE ( 'NONE', ( #5921 ), #4298, .T. ) ;
#3152 = CARTESIAN_POINT ( 'NONE',  ( -19.34163871807614044, 83.25623566395007913, -17.57978544521143505 ) ) ;
#3153 = CARTESIAN_POINT ( 'NONE',  ( -35.23747638465012955, -85.44300813972128594, 14.00000000000000000 ) ) ;
#3154 = VERTEX_POINT ( 'NONE', #3531 ) ;
#3155 = EDGE_LOOP ( 'NONE', ( #7398, #678, #8075 ) ) ;
#3156 = AXIS2_PLACEMENT_3D ( 'NONE', #2784, #6139, #2732 ) ;
#3157 = AXIS2_PLACEMENT_3D ( 'NONE', #2919, #3680, #9574 ) ;
#3158 = CARTESIAN_POINT ( 'NONE',  ( -20.34888827998127425, -86.61892214998762540, 30.75714611469656745 ) ) ;
#3159 = DIRECTION ( 'NONE',  ( -0.000000000000000000, -0.000000000000000000, -1.000000000000000000 ) ) ;
#3160 = DIRECTION ( 'NONE',  ( 0.000000000000000000, 0.000000000000000000, -1.000000000000000000 ) ) ;
#3161 = CARTESIAN_POINT ( 'NONE',  ( 12.41940012611796718, -69.02784992740966175, 18.13389584072321981 ) ) ;
#3162 = LINE ( 'NONE', #8996, #6909 ) ;
#3163 = CARTESIAN_POINT ( 'NONE',  ( -1.461781871039302017, 14.07211336206385610, 30.00000000000000355 ) ) ;
#3164 = ORIENTED_EDGE ( 'NONE', *, *, #6576, .T. ) ;
#3165 = EDGE_CURVE ( 'NONE', #8737, #9113, #8502, .T. ) ;
#3166 = VECTOR ( 'NONE', #7381, 1000.000000000000000 ) ;
#3167 = VERTEX_POINT ( 'NONE', #1319 ) ;
#3168 = CARTESIAN_POINT ( 'NONE',  ( 8.341399780305364331, 14.40733826189109479, -3.000000000000000000 ) ) ;
#3169 = ORIENTED_EDGE ( 'NONE', *, *, #7232, .F. ) ;
#3170 = CARTESIAN_POINT ( 'NONE',  ( -93.87422103367251225, 4.861134159967122947, 17.00000000000000000 ) ) ;
#3171 = CIRCLE ( 'NONE', #5770, 94.00000000000001421 ) ;
#3172 = EDGE_CURVE ( 'NONE', #10407, #2900, #10068, .T. ) ;
#3173 = SPHERICAL_SURFACE ( 'NONE', #5609, 2.500000000000000000 ) ;
#3174 = CARTESIAN_POINT ( 'NONE',  ( 33.40773828059418094, 38.57878788838270623, -3.000000000000000000 ) ) ;
#3175 = ORIENTED_EDGE ( 'NONE', *, *, #8728, .T. ) ;
#3176 = LINE ( 'NONE', #6484, #4493 ) ;
#3177 = CARTESIAN_POINT ( 'NONE',  ( -85.73954203613233460, -6.044210287432991713, -18.41801905197133848 ) ) ;
#3178 = EDGE_CURVE ( 'NONE', #8589, #2197, #3973, .T. ) ;
#3179 = ADVANCED_FACE ( 'NONE', ( #6316 ), #5510, .F. ) ;
#3180 = ORIENTED_EDGE ( 'NONE', *, *, #2776, .T. ) ;
#3181 = CARTESIAN_POINT ( 'NONE',  ( -64.31915230582714571, 10.05607252856326284, 17.00000000000000711 ) ) ;
#3182 = VERTEX_POINT ( 'NONE', #8018 ) ;
#3183 = DIRECTION ( 'NONE',  ( 0.000000000000000000, -0.000000000000000000, -1.000000000000000000 ) ) ;
#3184 = VERTEX_POINT ( 'NONE', #555 ) ;
#3185 = CARTESIAN_POINT ( 'NONE',  ( -79.20731484416432977, 49.88223981938109119, 30.00000000000000355 ) ) ;
#3186 = EDGE_CURVE ( 'NONE', #8240, #8210, #8840, .T. ) ;
#3187 = CARTESIAN_POINT ( 'NONE',  ( 61.77761906767342737, -33.11182538454595914, 18.12358131652301907 ) ) ;
#3188 = VERTEX_POINT ( 'NONE', #5566 ) ;
#3189 = CARTESIAN_POINT ( 'NONE',  ( -73.39475327399128446, -46.22430048275341363, -18.50000000010202683 ) ) ;
#3190 = DIRECTION ( 'NONE',  ( 0.000000000000000000, 0.000000000000000000, -1.000000000000000000 ) ) ;
#3191 = VERTEX_POINT ( 'NONE', #7252 ) ;
#3192 = ADVANCED_FACE ( 'NONE', ( #8074 ), #3772, .T. ) ;
#3193 = ORIENTED_EDGE ( 'NONE', *, *, #8808, .F. ) ;
#3194 = CARTESIAN_POINT ( 'NONE',  ( -91.37756621894716602, -4.731848676989277358, 30.00000000000000355 ) ) ;
#3195 = CARTESIAN_POINT ( 'NONE',  ( -33.60046090516462414, -77.52294482860162361, -15.99988756943778334 ) ) ;
#3196 = DIRECTION ( 'NONE',  ( -0.5451610909221942247, -0.8383313097722899787, 0.000000000000000000 ) ) ;
#3197 = AXIS2_PLACEMENT_3D ( 'NONE', #8782, #1921, #5241 ) ;
#3198 = CARTESIAN_POINT ( 'NONE',  ( -35.18221305882456562, -84.92026289206619083, 17.00000000000000000 ) ) ;
#3199 = VERTEX_POINT ( 'NONE', #3828 ) ;
#3200 = B_SPLINE_SURFACE_WITH_KNOTS ( 'NONE', 2, 3, ( 
 ( #135, #1775, #5045, #7657 ),
 ( #10221, #6058, #7707, #7493 ),
 ( #8366, #193, #5847, #4991 ) ),
 .UNSPECIFIED., .F., .F., .F.,
 ( 3, 3 ),
 ( 4, 4 ),
 ( 0.000000000000000000, 1.000000000000000000 ),
 ( 2.316463413255180459, 2.710084832488488971 ),
 .UNSPECIFIED. ) ;
#3201 = ORIENTED_EDGE ( 'NONE', *, *, #7163, .F. ) ;
#3202 = VECTOR ( 'NONE', #6627, 1000.000000000000000 ) ;
#3203 = CARTESIAN_POINT ( 'NONE',  ( -32.73747638465011534, -85.44300813972127173, -16.00000000000000000 ) ) ;
#3204 = CARTESIAN_POINT ( 'NONE',  ( -72.56107605583602549, -46.15846078179423273, 32.50000000000000000 ) ) ;
#3205 = VERTEX_POINT ( 'NONE', #7141 ) ;
#3206 = DIRECTION ( 'NONE',  ( -0.000000000000000000, 0.000000000000000000, 1.000000000000000000 ) ) ;
#3207 = CARTESIAN_POINT ( 'NONE',  ( -19.21393393790559045, 83.20821850242870710, -17.45153177885550377 ) ) ;
#3208 = CARTESIAN_POINT ( 'NONE',  ( 14.78258981536786365, 58.40786793614029904, 17.00000000000000000 ) ) ;
#3209 = EDGE_LOOP ( 'NONE', ( #3030, #8697, #4545, #9218 ) ) ;
#3210 = ORIENTED_EDGE ( 'NONE', *, *, #8592, .F. ) ;
#3211 = CARTESIAN_POINT ( 'NONE',  ( 85.83440617534145645, -5.307351189430526972, -18.50000000000553513 ) ) ;
#3212 = LINE ( 'NONE', #9923, #7422 ) ;
#3213 = DIRECTION ( 'NONE',  ( -1.000000000000000000, 0.000000000000000000, 0.000000000000000000 ) ) ;
#3214 = DIRECTION ( 'NONE',  ( -0.000000000000000000, -0.000000000000000000, 1.000000000000000000 ) ) ;
#3215 = LINE ( 'NONE', #9812, #7264 ) ;
#3216 = DIRECTION ( 'NONE',  ( -0.9778946696698131991, 0.2090980990620600055, 0.000000000000000000 ) ) ;
#3217 = ORIENTED_EDGE ( 'NONE', *, *, #1526, .T. ) ;
#3218 = VERTEX_POINT ( 'NONE', #9554 ) ;
#3219 = CARTESIAN_POINT ( 'NONE',  ( -65.85242851829508481, -57.52974374142814185, -18.50000000000000355 ) ) ;
#3220 = CARTESIAN_POINT ( 'NONE',  ( -65.95379094516724194, -54.14922540776313298, -17.28566975338286582 ) ) ;
#3221 = EDGE_LOOP ( 'NONE', ( #8952, #4338, #2335, #2162 ) ) ;
#3222 = DIRECTION ( 'NONE',  ( -0.8654182317380989531, 0.5010501812945507005, 0.000000000000000000 ) ) ;
#3223 = AXIS2_PLACEMENT_3D ( 'NONE', #7192, #773, #6535 ) ;
#3224 = EDGE_CURVE ( 'NONE', #3062, #6465, #5871, .T. ) ;
#3225 = CARTESIAN_POINT ( 'NONE',  ( -84.31640106987724437, -7.964535418593595928, 30.30701376012090975 ) ) ;
#3226 = CARTESIAN_POINT ( 'NONE',  ( 31.57188114324649320, -79.99330960275725033, 32.49999999999704414 ) ) ;
#3227 = CARTESIAN_POINT ( 'NONE',  ( -18.38368993619057079, 82.46718214796932500, 29.99987001606569592 ) ) ;
#3228 = LINE ( 'NONE', #9119, #491 ) ;
#3229 = ORIENTED_EDGE ( 'NONE', *, *, #4317, .F. ) ;
#3230 = DIRECTION ( 'NONE',  ( -0.8654182317380989531, -0.5010501812945508116, 0.000000000000000000 ) ) ;
#3231 = ORIENTED_EDGE ( 'NONE', *, *, #2782, .T. ) ;
#3232 = CARTESIAN_POINT ( 'NONE',  ( -29.00274188551150800, 72.52261043017219322, 16.99999999996174438 ) ) ;
#3233 = VERTEX_POINT ( 'NONE', #10370 ) ;
#3234 = FACE_OUTER_BOUND ( 'NONE', #10336, .T. ) ;
#3235 = CIRCLE ( 'NONE', #5834, 2.499999999999999112 ) ;
#3236 = EDGE_CURVE ( 'NONE', #8604, #137, #9659, .T. ) ;
#3237 = CARTESIAN_POINT ( 'NONE',  ( 72.97457220075534678, 58.59797476656159176, -18.50000000000000000 ) ) ;
#3238 = ORIENTED_EDGE ( 'NONE', *, *, #3841, .T. ) ;
#3239 = DIRECTION ( 'NONE',  ( 0.7439559807600391039, 0.6682286275604842896, 0.000000000000000000 ) ) ;
#3240 = CARTESIAN_POINT ( 'NONE',  ( -85.38802688913567351, 6.969818463635093053, 31.92213809290167603 ) ) ;
#3241 = VECTOR ( 'NONE', #8287, 1000.000000000000000 ) ;
#3242 = VERTEX_POINT ( 'NONE', #2186 ) ;
#3243 = CARTESIAN_POINT ( 'NONE',  ( -20.65978700115073252, 87.59665062699077964, -3.000000000000000000 ) ) ;
#3244 = ADVANCED_FACE ( 'NONE', ( #6266 ), #6207, .T. ) ;
#3245 = CARTESIAN_POINT ( 'NONE',  ( -23.73696534790352786, 88.36745145172191940, -16.00000000000000000 ) ) ;
#3246 = CARTESIAN_POINT ( 'NONE',  ( 0.000000000000000000, 0.000000000000000000, 14.00000000000000000 ) ) ;
#3247 = DIRECTION ( 'NONE',  ( -0.000000000000000000, -0.000000000000000000, -1.000000000000000000 ) ) ;
#3248 = ORIENTED_EDGE ( 'NONE', *, *, #1490, .T. ) ;
#3249 = EDGE_CURVE ( 'NONE', #6065, #2789, #10235, .T. ) ;
#3250 = EDGE_CURVE ( 'NONE', #5651, #6489, #9201, .T. ) ;
#3251 = VECTOR ( 'NONE', #484, 999.9999999999998863 ) ;
#3252 = EDGE_LOOP ( 'NONE', ( #6680, #4263, #2221, #8406 ) ) ;
#3253 = CARTESIAN_POINT ( 'NONE',  ( -71.65851386793552535, -41.98694292134324968, 27.81128689715086111 ) ) ;
#3254 = CARTESIAN_POINT ( 'NONE',  ( 21.61471306098808398, 89.69988509264420884, -18.38542119330364244 ) ) ;
#3255 = ORIENTED_EDGE ( 'NONE', *, *, #1972, .F. ) ;
#3256 = EDGE_CURVE ( 'NONE', #730, #2799, #10586, .T. ) ;
#3257 = VECTOR ( 'NONE', #257, 1000.000000000000000 ) ;
#3258 = CARTESIAN_POINT ( 'NONE',  ( 18.60172856715681888, -82.82183781026907354, 30.60901105260294841 ) ) ;
#3259 = CARTESIAN_POINT ( 'NONE',  ( -18.98367251985434123, 83.09742816578828695, -17.18477683937039302 ) ) ;
#3260 = DIRECTION ( 'NONE',  ( -0.7439559807600395480, -0.6682286275604836234, 0.000000000000000000 ) ) ;
#3261 = ORIENTED_EDGE ( 'NONE', *, *, #5295, .F. ) ;
#3262 = ORIENTED_EDGE ( 'NONE', *, *, #3493, .F. ) ;
#3263 = EDGE_CURVE ( 'NONE', #6903, #1411, #2133, .T. ) ;
#3264 = CARTESIAN_POINT ( 'NONE',  ( -72.74804758860830134, 45.83955294676089665, 32.47998818980981639 ) ) ;
#3265 = VECTOR ( 'NONE', #1063, 1000.000000000000000 ) ;
#3266 = CARTESIAN_POINT ( 'NONE',  ( 21.47669927729078410, -83.27343302804581526, 32.49999999999433697 ) ) ;
#3267 = DIRECTION ( 'NONE',  ( 0.1033219619787472815, -0.9946479639414450569, 1.387778780781445281E-15 ) ) ;
#3268 = CARTESIAN_POINT ( 'NONE',  ( -32.73747638465006560, 85.44300813972130015, 17.00000000000000000 ) ) ;
#3269 = DIRECTION ( 'NONE',  ( 1.000000000000000000, 0.000000000000000000, 0.000000000000000000 ) ) ;
#3270 = CARTESIAN_POINT ( 'NONE',  ( 33.64394285764461756, -77.72606339515738227, -16.30948754351732788 ) ) ;
#3271 = EDGE_LOOP ( 'NONE', ( #3071, #5948, #2464 ) ) ;
#3272 = CARTESIAN_POINT ( 'NONE',  ( -73.11921928879732491, -44.85942088846875464, 32.11763093304547567 ) ) ;
#3273 = VECTOR ( 'NONE', #9082, 999.9999999999998863 ) ;
#3274 = CARTESIAN_POINT ( 'NONE',  ( 0.000000000000000000, 0.000000000000000000, 17.00000000000000000 ) ) ;
#3275 = VERTEX_POINT ( 'NONE', #4750 ) ;
#3276 = DIRECTION ( 'NONE',  ( 0.6288364132062360667, 0.7775376295883794642, 0.000000000000000000 ) ) ;
#3277 = CARTESIAN_POINT ( 'NONE',  ( -47.01416648434901191, -19.85114610654547818, 16.99999999999998579 ) ) ;
#3278 = FACE_OUTER_BOUND ( 'NONE', #7591, .T. ) ;
#3279 = DIRECTION ( 'NONE',  ( 0.000000000000000000, 0.000000000000000000, -1.000000000000000000 ) ) ;
#3280 = CARTESIAN_POINT ( 'NONE',  ( -71.14469310733643681, -57.53853180837096204, 30.00000000000000000 ) ) ;
#3281 = VECTOR ( 'NONE', #5782, 1000.000000000000000 ) ;
#3282 = AXIS2_PLACEMENT_3D ( 'NONE', #3534, #8394, #8281 ) ;
#3283 = CIRCLE ( 'NONE', #4670, 51.03332099679092693 ) ;
#3284 = VERTEX_POINT ( 'NONE', #5459 ) ;
#3285 = EDGE_CURVE ( 'NONE', #5789, #3182, #2052, .T. ) ;
#3286 = DIRECTION ( 'NONE',  ( -0.000000000000000000, 0.000000000000000000, 1.000000000000000000 ) ) ;
#3287 = ORIENTED_EDGE ( 'NONE', *, *, #9521, .T. ) ;
#3288 = CARTESIAN_POINT ( 'NONE',  ( -33.53194179454143153, 78.27408104472296202, 31.04595453367500113 ) ) ;
#3289 = ORIENTED_EDGE ( 'NONE', *, *, #7454, .T. ) ;
#3290 = LINE ( 'NONE', #10538, #3933 ) ;
#3291 = AXIS2_PLACEMENT_3D ( 'NONE', #7844, #6915, #10257 ) ;
#3292 = CIRCLE ( 'NONE', #8864, 94.00000000000001421 ) ;
#3293 = CARTESIAN_POINT ( 'NONE',  ( -75.30721087317108697, -8.914655855857777311, -7.279719104272740715 ) ) ;
#3294 = ORIENTED_EDGE ( 'NONE', *, *, #4970, .F. ) ;
#3295 = CARTESIAN_POINT ( 'NONE',  ( 11.12455864745020584, -12.38525498271514280, 0.000000000000000000 ) ) ;
#3296 = CARTESIAN_POINT ( 'NONE',  ( -21.45186988444696397, 89.38152182545849200, -3.000000000000000000 ) ) ;
#3297 = CARTESIAN_POINT ( 'NONE',  ( 14.52306539613483416, 73.76822701527773063, -6.892793910576036076 ) ) ;
#3298 = AXIS2_PLACEMENT_3D ( 'NONE', #9250, #2536, #4337 ) ;
#3299 = AXIS2_PLACEMENT_3D ( 'NONE', #10795, #3322, #2555 ) ;
#3300 = ORIENTED_EDGE ( 'NONE', *, *, #8706, .T. ) ;
#3301 = CARTESIAN_POINT ( 'NONE',  ( 35.15266874823386445, 84.78209222492309038, -18.48817777251340289 ) ) ;
#3302 = FACE_OUTER_BOUND ( 'NONE', #4801, .T. ) ;
#3303 = PLANE ( 'NONE',  #6943 ) ;
#3304 = LINE ( 'NONE', #7494, #8632 ) ;
#3305 = VERTEX_POINT ( 'NONE', #2079 ) ;
#3306 = AXIS2_PLACEMENT_3D ( 'NONE', #9924, #4138, #818 ) ;
#3307 = VERTEX_POINT ( 'NONE', #5404 ) ;
#3308 = ADVANCED_FACE ( 'NONE', ( #3715 ), #8736, .F. ) ;
#3309 = DIRECTION ( 'NONE',  ( -0.000000000000000000, -0.000000000000000000, 1.000000000000000000 ) ) ;
#3310 = CARTESIAN_POINT ( 'NONE',  ( 21.81625567953802403, 89.97686393664505999, -18.25924110331968109 ) ) ;
#3311 = EDGE_CURVE ( 'NONE', #9287, #5644, #2583, .T. ) ;
#3312 = ORIENTED_EDGE ( 'NONE', *, *, #6437, .T. ) ;
#3313 = EDGE_CURVE ( 'NONE', #9431, #1571, #672, .T. ) ;
#3314 = AXIS2_PLACEMENT_3D ( 'NONE', #8901, #8024, #2191 ) ;
#3315 = DIRECTION ( 'NONE',  ( -0.4056281494946325505, 0.9140381853826238245, 0.000000000000000000 ) ) ;
#3316 = PLANE ( 'NONE',  #10361 ) ;
#3317 = DIRECTION ( 'NONE',  ( 1.000000000000000000, -0.000000000000000000, 0.000000000000000000 ) ) ;
#3318 = ORIENTED_EDGE ( 'NONE', *, *, #8395, .F. ) ;
#3319 = ADVANCED_FACE ( 'NONE', ( #1898 ), #6845, .F. ) ;
#3320 = CARTESIAN_POINT ( 'NONE',  ( 59.95392500469257868, 53.94820256326764252, -10.94393758859125754 ) ) ;
#3321 = DIRECTION ( 'NONE',  ( -0.6682286275604837344, -0.7439559807600395480, 0.000000000000000000 ) ) ;
#3322 = DIRECTION ( 'NONE',  ( -0.000000000000000000, -0.000000000000000000, -1.000000000000000000 ) ) ;
#3323 = CARTESIAN_POINT ( 'NONE',  ( 33.63194295253663313, -87.77751655883939463, -3.000000000000000000 ) ) ;
#3324 = DIRECTION ( 'NONE',  ( 0.8654182317380989531, 0.5010501812945508116, -0.000000000000000000 ) ) ;
#3325 = CARTESIAN_POINT ( 'NONE',  ( -64.29405371701534477, 10.05867971777286662, -3.000000000000001776 ) ) ;
#3326 = VERTEX_POINT ( 'NONE', #1843 ) ;
#3327 = ADVANCED_FACE ( 'NONE', ( #2769 ), #3635, .T. ) ;
#3328 = VECTOR ( 'NONE', #7265, 1000.000000000000114 ) ;
#3329 = CARTESIAN_POINT ( 'NONE',  ( 0.000000000000000000, 0.000000000000000000, 32.50000000000000000 ) ) ;
#3330 = DIRECTION ( 'NONE',  ( 0.000000000000000000, 0.000000000000000000, 1.000000000000000000 ) ) ;
#3331 = VERTEX_POINT ( 'NONE', #8549 ) ;
#3332 = CARTESIAN_POINT ( 'NONE',  ( 78.80314311859510212, 51.24514254668654445, 14.00000000000000000 ) ) ;
#3333 = DIRECTION ( 'NONE',  ( -0.9946479639414453899, 0.1033219619787452692, -0.000000000000000000 ) ) ;
#3334 = DIRECTION ( 'NONE',  ( -0.000000000000000000, -0.000000000000000000, -1.000000000000000000 ) ) ;
#3335 = CARTESIAN_POINT ( 'NONE',  ( -21.47669927728986750, 83.27343302804213465, 32.49999999998301092 ) ) ;
#3336 = VECTOR ( 'NONE', #8801, 999.9999999999998863 ) ;
#3337 = CARTESIAN_POINT ( 'NONE',  ( -86.04998649015573164, 1.773361342405062935, 32.49999999989522337 ) ) ;
#3338 = CARTESIAN_POINT ( 'NONE',  ( -8.341399780305353673, 14.40733826189104505, -3.000000000000000000 ) ) ;
#3339 = ORIENTED_EDGE ( 'NONE', *, *, #2513, .T. ) ;
#3340 = DIRECTION ( 'NONE',  ( 0.000000000000000000, -0.000000000000000000, -1.000000000000000000 ) ) ;
#3341 = EDGE_LOOP ( 'NONE', ( #1938, #4722, #10733, #5516 ) ) ;
#3342 = VECTOR ( 'NONE', #8251, 999.9999999999998863 ) ;
#3343 = CARTESIAN_POINT ( 'NONE',  ( 10.06882950245219810, 85.40853980984894633, -18.50000000000000000 ) ) ;
#3344 = CARTESIAN_POINT ( 'NONE',  ( -26.36704873968083618, 43.69414826633878590, 16.99999999999998579 ) ) ;
#3345 = ORIENTED_EDGE ( 'NONE', *, *, #7321, .F. ) ;
#3346 = ADVANCED_FACE ( 'NONE', ( #5971 ), #4403, .T. ) ;
#3347 = CARTESIAN_POINT ( 'NONE',  ( -49.70347058474200708, 11.57431915030803360, -3.000000000000000000 ) ) ;
#3348 = FACE_OUTER_BOUND ( 'NONE', #6542, .T. ) ;
#3349 = CARTESIAN_POINT ( 'NONE',  ( 1.720086775986166439, 16.55873327191747180, -3.000000000000000000 ) ) ;
#3350 = AXIS2_PLACEMENT_3D ( 'NONE', #7960, #8677, #6866 ) ;
#3351 = ORIENTED_EDGE ( 'NONE', *, *, #1178, .T. ) ;
#3352 = CARTESIAN_POINT ( 'NONE',  ( 0.000000000000000000, 0.000000000000000000, -18.50000000000000000 ) ) ;
#3353 = CARTESIAN_POINT ( 'NONE',  ( 32.73747638465011534, -85.44300813972128594, 14.00000000000000000 ) ) ;
#3354 = DIRECTION ( 'NONE',  ( 1.000000000000000000, -1.734723475976805517E-15, 0.000000000000000000 ) ) ;
#3355 = CARTESIAN_POINT ( 'NONE',  ( 16.27982722542983041, -3.481030249449617031, -18.50000000000000000 ) ) ;
#3356 = VERTEX_POINT ( 'NONE', #6898 ) ;
#3357 = EDGE_CURVE ( 'NONE', #5749, #3188, #6076, .T. ) ;
#3358 = VERTEX_POINT ( 'NONE', #154 ) ;
#3359 = ADVANCED_FACE ( 'NONE', ( #2822 ), #1949, .T. ) ;
#3360 = DIRECTION ( 'NONE',  ( 0.7775376295883745792, -0.6288364132062421730, 0.000000000000000000 ) ) ;
#3361 = CARTESIAN_POINT ( 'NONE',  ( 22.67998192863653273, 90.63747394074702868, -17.59296603068018428 ) ) ;
#3362 = VERTEX_POINT ( 'NONE', #8601 ) ;
#3363 = CARTESIAN_POINT ( 'NONE',  ( 33.63194295253668997, 87.77751655883938042, -16.00000000000000000 ) ) ;
#3364 = DIRECTION ( 'NONE',  ( 0.8654182317380993972, -0.5010501812945500344, 0.000000000000000000 ) ) ;
#3365 = CARTESIAN_POINT ( 'NONE',  ( -22.94488246460728931, -86.58258025325422125, 32.50000000000000000 ) ) ;
#3366 = CARTESIAN_POINT ( 'NONE',  ( 82.65226134880646214, 8.151667287552369245, -13.81128689715020208 ) ) ;
#3367 = EDGE_LOOP ( 'NONE', ( #2889, #2814, #7524 ) ) ;
#3368 = EDGE_CURVE ( 'NONE', #6392, #5129, #5184, .T. ) ;
#3369 = ADVANCED_FACE ( 'NONE', ( #2616 ), #6954, .F. ) ;
#3370 = AXIS2_PLACEMENT_3D ( 'NONE', #3274, #56, #1750 ) ;
#3371 = CARTESIAN_POINT ( 'NONE',  ( -72.56107605583052589, 46.15846078179078660, 32.50000000000000000 ) ) ;
#3372 = CARTESIAN_POINT ( 'NONE',  ( 47.01416648434901191, 19.85114610654548173, 17.00000000000000000 ) ) ;
#3373 = CARTESIAN_POINT ( 'NONE',  ( -32.73747638465012244, -85.44300813972128594, -18.50000000000000000 ) ) ;
#3374 = DIRECTION ( 'NONE',  ( 0.000000000000000000, -0.000000000000000000, -1.000000000000000000 ) ) ;
#3375 = CYLINDRICAL_SURFACE ( 'NONE', #4136, 2.500000000000002220 ) ;
#3376 = CARTESIAN_POINT ( 'NONE',  ( -73.01999828895129951, 43.28465055684664264, -16.60901105260153798 ) ) ;
#3377 = ORIENTED_EDGE ( 'NONE', *, *, #5697, .T. ) ;
#3378 = B_SPLINE_SURFACE_WITH_KNOTS ( 'NONE', 2, 3, ( 
 ( #439, #6098, #7849, #6041 ),
 ( #2892, #334, #6200, #3659 ),
 ( #9445, #9601, #5288, #227 ) ),
 .UNSPECIFIED., .F., .F., .F.,
 ( 3, 3 ),
 ( 4, 4 ),
 ( 0.000000000000000000, 1.000000000000000000 ),
 ( 0.4315078211013042564, 0.8251292403346123239 ),
 .UNSPECIFIED. ) ;
#3379 = EDGE_CURVE ( 'NONE', #9, #7453, #5114, .T. ) ;
#3380 = CARTESIAN_POINT ( 'NONE',  ( 72.75018757564873795, -42.96752443004734090, 29.99988756943822921 ) ) ;
#3381 = EDGE_CURVE ( 'NONE', #2993, #7106, #9543, .T. ) ;
#3382 = B_SPLINE_CURVE_WITH_KNOTS ( 'NONE', 3,
 ( #5300, #1272, #4434, #4592, #6935, #7914, #10219, #2751, #6054, #347, #9408, #8584 ),
 .UNSPECIFIED., .F., .F.,
 ( 4, 1, 1, 1, 2, 2, 1, 4 ),
 ( 0.08354533724169739550, 0.3126590029312725227, 0.4272158357760603153, 0.4844942521984538231, 0.4988138563040517282, 0.5131334604096495777, 0.5417726686208461651, 1.000000000000000000 ),
 .UNSPECIFIED. ) ;
#3383 = CARTESIAN_POINT ( 'NONE',  ( -78.11690890368930695, -35.96871617576458391, 32.50000000000000711 ) ) ;
#3384 = ORIENTED_EDGE ( 'NONE', *, *, #9400, .T. ) ;
#3385 = DIRECTION ( 'NONE',  ( 0.1033219619787472815, 0.9946479639414450569, 0.000000000000000000 ) ) ;
#3386 = EDGE_CURVE ( 'NONE', #1056, #7028, #4405, .T. ) ;
#3387 = EDGE_CURVE ( 'NONE', #3284, #138, #1278, .T. ) ;
#3388 = CARTESIAN_POINT ( 'NONE',  ( 0.000000000000000000, 0.000000000000000000, 30.00000000000000000 ) ) ;
#3389 = CARTESIAN_POINT ( 'NONE',  ( 33.60046090516474493, -77.52294482860192204, 29.99988756943781354 ) ) ;
#3390 = CARTESIAN_POINT ( 'NONE',  ( 21.27873377002766020, 88.99137873493300788, -18.50000000000000000 ) ) ;
#3391 = CARTESIAN_POINT ( 'NONE',  ( -85.83440617534130013, -5.307351189430504768, 32.49999999994851407 ) ) ;
#3392 = ORIENTED_EDGE ( 'NONE', *, *, #1903, .F. ) ;
#3393 = DIRECTION ( 'NONE',  ( 1.000000000000000000, 0.000000000000000000, 0.000000000000000000 ) ) ;
#3394 = VERTEX_POINT ( 'NONE', #10558 ) ;
#3395 = EDGE_CURVE ( 'NONE', #8737, #6023, #2105, .T. ) ;
#3396 = DIRECTION ( 'NONE',  ( -0.5010501812945504785, -0.8654182317380989531, 0.000000000000000000 ) ) ;
#3397 = ORIENTED_EDGE ( 'NONE', *, *, #6534, .F. ) ;
#3398 = DIRECTION ( 'NONE',  ( -0.000000000000000000, 0.000000000000000000, 1.000000000000000000 ) ) ;
#3399 = DIRECTION ( 'NONE',  ( -0.000000000000000000, -0.000000000000000000, 1.000000000000000000 ) ) ;
#3400 = ORIENTED_EDGE ( 'NONE', *, *, #3381, .F. ) ;
#3401 = CARTESIAN_POINT ( 'NONE',  ( -23.73696534790352430, -88.36745145172191940, 30.00000000000000000 ) ) ;
#3402 = CARTESIAN_POINT ( 'NONE',  ( 14.49403666069043872, 73.70281396960379539, -6.851625107977072915 ) ) ;
#3403 = VERTEX_POINT ( 'NONE', #7993 ) ;
#3404 = CARTESIAN_POINT ( 'NONE',  ( 73.08853718130737320, 59.11062284138658640, 30.00000000000000000 ) ) ;
#3405 = LINE ( 'NONE', #2649, #3068 ) ;
#3406 = CARTESIAN_POINT ( 'NONE',  ( 34.77390060466390054, -83.01069712234054521, 17.00000000000000000 ) ) ;
#3407 = CIRCLE ( 'NONE', #95, 2.500000000000001776 ) ;
#3408 = ORIENTED_EDGE ( 'NONE', *, *, #4683, .T. ) ;
#3409 = ORIENTED_EDGE ( 'NONE', *, *, #7301, .T. ) ;
#3410 = CARTESIAN_POINT ( 'NONE',  ( -66.12353742077335994, -37.01537227668203656, -7.245558843483340894 ) ) ;
#3411 = CIRCLE ( 'NONE', #629, 51.03332099679091982 ) ;
#3412 = CARTESIAN_POINT ( 'NONE',  ( 9.453987078548950151, -10.52536503081502239, 30.00000000000000355 ) ) ;
#3413 = VERTEX_POINT ( 'NONE', #1408 ) ;
#3414 = CARTESIAN_POINT ( 'NONE',  ( -31.57188114324705452, 79.99330960275848668, 32.49999999999112532 ) ) ;
#3415 = DIRECTION ( 'NONE',  ( -0.8654182317380981759, 0.5010501812945522548, 0.000000000000000000 ) ) ;
#3416 = ADVANCED_FACE ( 'NONE', ( #416 ), #6242, .T. ) ;
#3417 = DIRECTION ( 'NONE',  ( -0.3577866271546433219, 0.9338033676472280442, 0.000000000000000000 ) ) ;
#3418 = AXIS2_PLACEMENT_3D ( 'NONE', #4150, #5022, #10749 ) ;
#3419 = DIRECTION ( 'NONE',  ( -0.000000000000000000, -0.000000000000000000, 1.000000000000000000 ) ) ;
#3420 = EDGE_LOOP ( 'NONE', ( #2279, #8896, #2146, #315, #2476 ) ) ;
#3421 = CARTESIAN_POINT ( 'NONE',  ( 54.45767756182445396, 50.76604661058116363, -6.472556012200501918 ) ) ;
#3422 = CARTESIAN_POINT ( 'NONE',  ( -91.63587112389404865, -7.218468586842890389, 17.00000000000000000 ) ) ;
#3423 = DIRECTION ( 'NONE',  ( -0.000000000000000000, 0.000000000000000000, 1.000000000000000000 ) ) ;
#3424 = CARTESIAN_POINT ( 'NONE',  ( 85.79822000053191289, -5.675252157173242828, -18.47998818981067615 ) ) ;
#3425 = DIRECTION ( 'NONE',  ( 0.2090980990620718849, 0.9778946696698107566, -0.000000000000000000 ) ) ;
#3426 = CYLINDRICAL_SURFACE ( 'NONE', #9916, 2.500000000000002220 ) ;
#3427 = AXIS2_PLACEMENT_3D ( 'NONE', #874, #2719, #923 ) ;
#3428 = ORIENTED_EDGE ( 'NONE', *, *, #8575, .F. ) ;
#3429 = FACE_OUTER_BOUND ( 'NONE', #4631, .T. ) ;
#3430 = CARTESIAN_POINT ( 'NONE',  ( -19.00742055848061796, 83.87322554732858748, 30.00000000000000355 ) ) ;
#3431 = ORIENTED_EDGE ( 'NONE', *, *, #7638, .T. ) ;
#3432 = DIRECTION ( 'NONE',  ( 0.000000000000000000, -0.000000000000000000, -1.000000000000000000 ) ) ;
#3433 = VECTOR ( 'NONE', #8639, 1000.000000000000000 ) ;
#3434 = AXIS2_PLACEMENT_3D ( 'NONE', #3591, #373, #3647 ) ;
#3435 = CARTESIAN_POINT ( 'NONE',  ( -33.63194295253673261, -87.77751655883935200, -3.000000000000000000 ) ) ;
#3436 = DIRECTION ( 'NONE',  ( -0.000000000000000000, 0.000000000000000000, 1.000000000000000000 ) ) ;
#3437 = CARTESIAN_POINT ( 'NONE',  ( -18.98266563647017691, 83.09681862905151206, 31.18342693136259314 ) ) ;
#3438 = ADVANCED_FACE ( 'NONE', ( #7934 ), #1346, .T. ) ;
#3439 = FACE_OUTER_BOUND ( 'NONE', #6789, .T. ) ;
#3440 = VECTOR ( 'NONE', #4694, 1000.000000000000000 ) ;
#3441 = ORIENTED_EDGE ( 'NONE', *, *, #2465, .T. ) ;
#3442 = ADVANCED_FACE ( 'NONE', ( #7058 ), #2159, .F. ) ;
#3443 = DIRECTION ( 'NONE',  ( -0.000000000000000000, 0.000000000000000000, 1.000000000000000000 ) ) ;
#3444 = ADVANCED_FACE ( 'NONE', ( #1184 ), #10456, .T. ) ;
#3445 = EDGE_LOOP ( 'NONE', ( #7519, #3175, #8517, #3300, #8757, #1725 ) ) ;
#3446 = CARTESIAN_POINT ( 'NONE',  ( -7.088774327068978032, -12.24379268254580033, 30.00000000000000355 ) ) ;
#3447 = EDGE_LOOP ( 'NONE', ( #1616, #9763, #7271, #7956 ) ) ;
#3448 = VECTOR ( 'NONE', #7631, 1000.000000000000000 ) ;
#3449 = LINE ( 'NONE', #124, #6177 ) ;
#3450 = VECTOR ( 'NONE', #5919, 1000.000000000000227 ) ;
#3451 = DIRECTION ( 'NONE',  ( 0.9946479639414453899, 0.1033219619787452970, 0.000000000000000000 ) ) ;
#3452 = VERTEX_POINT ( 'NONE', #5483 ) ;
#3453 = CARTESIAN_POINT ( 'NONE',  ( -21.45186988444691423, -89.38152182545849200, -16.00000000000000000 ) ) ;
#3454 = ADVANCED_FACE ( 'NONE', ( #4507 ), #3088, .T. ) ;
#3455 = CARTESIAN_POINT ( 'NONE',  ( 41.30779598911071560, -43.15267505868157372, 17.00000000000000000 ) ) ;
#3456 = DIRECTION ( 'NONE',  ( 0.9140381853826250458, 0.4056281494946301636, 0.000000000000000000 ) ) ;
#3457 = AXIS2_PLACEMENT_3D ( 'NONE', #5484, #8814, #1347 ) ;
#3458 = ORIENTED_EDGE ( 'NONE', *, *, #5020, .F. ) ;
#3459 = CARTESIAN_POINT ( 'NONE',  ( -76.70731484416437240, -49.88223981938105567, 14.00000000000000000 ) ) ;
#3460 = DIRECTION ( 'NONE',  ( -0.9946479639414452789, 0.1033219619787458660, 0.000000000000000000 ) ) ;
#3461 = EDGE_CURVE ( 'NONE', #8628, #8539, #364, .T. ) ;
#3462 = CIRCLE ( 'NONE', #6926, 2.500000000000002220 ) ;
#3463 = TOROIDAL_SURFACE ( 'NONE', #10246, 91.50000000000001421, 2.500000000000000000 ) ;
#3464 = DIRECTION ( 'NONE',  ( -0.2090980990620599778, -0.9778946696698130880, -0.000000000000000000 ) ) ;
#3465 = ORIENTED_EDGE ( 'NONE', *, *, #2717, .T. ) ;
#3466 = ORIENTED_EDGE ( 'NONE', *, *, #6513, .T. ) ;
#3467 = AXIS2_PLACEMENT_3D ( 'NONE', #3163, #5610, #7893 ) ;
#3468 = CARTESIAN_POINT ( 'NONE',  ( 0.000000000000000000, 0.000000000000000000, 17.00000000000000000 ) ) ;
#3469 = CYLINDRICAL_SURFACE ( 'NONE', #5884, 2.500000000000000444 ) ;
#3470 = ORIENTED_EDGE ( 'NONE', *, *, #5962, .F. ) ;
#3471 = CARTESIAN_POINT ( 'NONE',  ( -32.73747638465003718, 85.44300813972132858, -16.00000000000000000 ) ) ;
#3472 = FACE_OUTER_BOUND ( 'NONE', #899, .T. ) ;
#3473 = CIRCLE ( 'NONE', #9567, 2.499999999999998224 ) ;
#3474 = CARTESIAN_POINT ( 'NONE',  ( 32.73747638465012244, -85.44300813972128594, 30.00000000000000355 ) ) ;
#3475 = AXIS2_PLACEMENT_3D ( 'NONE', #2941, #1419, #6255 ) ;
#3476 = DIRECTION ( 'NONE',  ( -0.000000000000000000, -0.000000000000000000, 1.000000000000000000 ) ) ;
#3477 = VERTEX_POINT ( 'NONE', #3858 ) ;
#3478 = CARTESIAN_POINT ( 'NONE',  ( 0.000000000000000000, 0.000000000000000000, 32.50000000000000000 ) ) ;
#3479 = CARTESIAN_POINT ( 'NONE',  ( -49.70347058474201418, 11.57431915030802294, 17.00000000000000000 ) ) ;
#3480 = CARTESIAN_POINT ( 'NONE',  ( 64.08113496561607292, -56.07879300958426683, -17.04595453367589286 ) ) ;
#3481 = EDGE_CURVE ( 'NONE', #1127, #568, #7120, .T. ) ;
#3482 = CARTESIAN_POINT ( 'NONE',  ( 0.000000000000000000, 0.000000000000000000, 17.00000000000000000 ) ) ;
#3483 = CARTESIAN_POINT ( 'NONE',  ( -20.65978700115067923, 87.59665062699080806, 17.00000000000000000 ) ) ;
#3484 = DIRECTION ( 'NONE',  ( 0.8654182317380998413, 0.5010501812945492572, 0.000000000000000000 ) ) ;
#3485 = EDGE_LOOP ( 'NONE', ( #8427, #5728, #3441, #7443, #10514, #9754, #3351, #5830 ) ) ;
#3486 = CARTESIAN_POINT ( 'NONE',  ( 35.18221305882460115, 84.92026289206614820, -18.46451126154764211 ) ) ;
#3487 = CARTESIAN_POINT ( 'NONE',  ( -70.34369812068658234, -32.38956261794871949, 16.99999999999999645 ) ) ;
#3488 = ORIENTED_EDGE ( 'NONE', *, *, #9509, .T. ) ;
#3489 = CARTESIAN_POINT ( 'NONE',  ( 55.63700779804376140, -51.44884205790728515, -7.245558843472511334 ) ) ;
#3490 = CARTESIAN_POINT ( 'NONE',  ( 64.58450190660759915, 55.98697954614724637, 31.57978544521215269 ) ) ;
#3491 = DIRECTION ( 'NONE',  ( -1.000000000000000000, 0.000000000000000000, 0.000000000000000000 ) ) ;
#3492 = CARTESIAN_POINT ( 'NONE',  ( -33.40773828059418804, -38.57878788838270623, 16.99999999999998579 ) ) ;
#3493 = EDGE_CURVE ( 'NONE', #7962, #1188, #5016, .T. ) ;
#3494 = LINE ( 'NONE', #10038, #2411 ) ;
#3495 = ORIENTED_EDGE ( 'NONE', *, *, #7096, .F. ) ;
#3496 = PLANE ( 'NONE',  #2269 ) ;
#3497 = ORIENTED_EDGE ( 'NONE', *, *, #7175, .F. ) ;
#3498 = CARTESIAN_POINT ( 'NONE',  ( 0.000000000000000000, 0.000000000000000000, -16.00000000000000000 ) ) ;
#3499 = VERTEX_POINT ( 'NONE', #2211 ) ;
#3500 = EDGE_CURVE ( 'NONE', #10664, #3038, #8708, .T. ) ;
#3501 = CARTESIAN_POINT ( 'NONE',  ( 29.21275527316163334, 52.10674725922036998, -3.000000000000002665 ) ) ;
#3502 = AXIS2_PLACEMENT_3D ( 'NONE', #48, #873, #5112 ) ;
#3503 = CARTESIAN_POINT ( 'NONE',  ( -32.73747638465003007, -85.44300813972131436, 30.00000000000000355 ) ) ;
#3504 = EDGE_CURVE ( 'NONE', #9663, #2962, #4559, .T. ) ;
#3505 = ORIENTED_EDGE ( 'NONE', *, *, #1179, .T. ) ;
#3506 = EDGE_CURVE ( 'NONE', #4485, #943, #309, .T. ) ;
#3507 = CARTESIAN_POINT ( 'NONE',  ( 21.47669927730159500, -83.27343302808678516, -18.49999999999162625 ) ) ;
#3508 = CARTESIAN_POINT ( 'NONE',  ( 72.91744426570497239, -45.50656950692959413, -18.41801905197908695 ) ) ;
#3509 = CARTESIAN_POINT ( 'NONE',  ( 32.73747638465011534, -85.44300813972128594, 30.00000000000000000 ) ) ;
#3510 = ORIENTED_EDGE ( 'NONE', *, *, #10422, .T. ) ;
#3511 = DIRECTION ( 'NONE',  ( -0.000000000000000000, -0.000000000000000000, 1.000000000000000000 ) ) ;
#3512 = AXIS2_PLACEMENT_3D ( 'NONE', #6444, #4113, #8965 ) ;
#3513 = CARTESIAN_POINT ( 'NONE',  ( -35.18221305882457273, 84.92026289206620504, -3.000000000000000000 ) ) ;
#3514 = CYLINDRICAL_SURFACE ( 'NONE', #9227, 2.499999999999999112 ) ;
#3515 = EDGE_CURVE ( 'NONE', #8044, #3566, #6068, .T. ) ;
#3516 = EDGE_CURVE ( 'NONE', #4761, #10680, #9134, .T. ) ;
#3517 = ORIENTED_EDGE ( 'NONE', *, *, #8229, .T. ) ;
#3518 = ORIENTED_EDGE ( 'NONE', *, *, #7818, .T. ) ;
#3519 = CIRCLE ( 'NONE', #8923, 2.500000000000002665 ) ;
#3520 = EDGE_CURVE ( 'NONE', #8962, #6903, #9367, .T. ) ;
#3521 = CARTESIAN_POINT ( 'NONE',  ( -65.06563089896519614, -36.06515016484019043, -6.440967781866402397 ) ) ;
#3522 = ORIENTED_EDGE ( 'NONE', *, *, #5171, .T. ) ;
#3523 = DIRECTION ( 'NONE',  ( -0.8654182317380993972, -0.5010501812945499234, 0.000000000000000000 ) ) ;
#3524 = DIRECTION ( 'NONE',  ( -1.000000000000000000, 0.000000000000000000, 0.000000000000000000 ) ) ;
#3525 = CARTESIAN_POINT ( 'NONE',  ( 0.000000000000000000, 0.000000000000000000, 14.00000000000000000 ) ) ;
#3526 = CARTESIAN_POINT ( 'NONE',  ( 0.000000000000000000, 0.000000000000000000, 0.000000000000000000 ) ) ;
#3527 = ORIENTED_EDGE ( 'NONE', *, *, #8367, .T. ) ;
#3528 = CARTESIAN_POINT ( 'NONE',  ( 68.20213817285893754, -58.72366089278032319, 14.00000000000000000 ) ) ;
#3529 = DIRECTION ( 'NONE',  ( -0.9657644967401302072, 0.2594203863158855983, 9.980495391722120392E-17 ) ) ;
#3530 = DIRECTION ( 'NONE',  ( 0.000000000000000000, 0.000000000000000000, 1.000000000000000000 ) ) ;
#3531 = CARTESIAN_POINT ( 'NONE',  ( 26.36704873968082907, -43.69414826633878590, -3.000000000000000000 ) ) ;
#3532 = CARTESIAN_POINT ( 'NONE',  ( -63.34571104243942585, 55.91169000874646144, 29.99987001606840664 ) ) ;
#3533 = ORIENTED_EDGE ( 'NONE', *, *, #7648, .F. ) ;
#3534 = CARTESIAN_POINT ( 'NONE',  ( 1.461781871039311564, -14.07211336206389340, -16.00000000000000000 ) ) ;
#3535 = DIRECTION ( 'NONE',  ( 0.4056281494946317179, 0.9140381853826244907, 0.000000000000000000 ) ) ;
#3536 = VERTEX_POINT ( 'NONE', #10004 ) ;
#3537 = CIRCLE ( 'NONE', #8934, 2.499999999999998668 ) ;
#3538 = DIRECTION ( 'NONE',  ( -0.000000000000000000, -0.000000000000000000, 1.000000000000000000 ) ) ;
#3539 = DIRECTION ( 'NONE',  ( 0.4056281494946315513, 0.9140381853826242686, 0.000000000000000000 ) ) ;
#3540 = CARTESIAN_POINT ( 'NONE',  ( -26.36704873968083618, 43.69414826633878590, -3.000000000000000000 ) ) ;
#3541 = CARTESIAN_POINT ( 'NONE',  ( -31.44063775756872303, 67.42193765774449332, 20.44096777974456103 ) ) ;
#3542 = CARTESIAN_POINT ( 'NONE',  ( -18.60172856715912459, 82.82183781027448788, 30.60901105260256472 ) ) ;
#3543 = CARTESIAN_POINT ( 'NONE',  ( 71.72194674751899868, 60.76152034590681694, 17.00000000000000000 ) ) ;
#3544 = B_SPLINE_CURVE_WITH_KNOTS ( 'NONE', 3,
 ( #8618, #7027, #4473, #6147, #7078, #5339, #1152, #9546, #276, #4530, #10264, #1261 ),
 .UNSPECIFIED., .F., .F.,
 ( 4, 1, 2, 2, 1, 1, 1, 4 ),
 ( 0.000000000000000000, 0.4584319647125851827, 0.4870839625071221035, 0.5014099614043905362, 0.5157359603016590244, 0.5730399558907340873, 0.6876479470688853235, 0.9168639294251879068 ),
 .UNSPECIFIED. ) ;
#3545 = VERTEX_POINT ( 'NONE', #2531 ) ;
#3546 = AXIS2_PLACEMENT_3D ( 'NONE', #2004, #7779, #6850 ) ;
#3547 = DIRECTION ( 'NONE',  ( -0.000000000000000000, -0.000000000000000000, -1.000000000000000000 ) ) ;
#3548 = ORIENTED_EDGE ( 'NONE', *, *, #4053, .F. ) ;
#3549 = CARTESIAN_POINT ( 'NONE',  ( -72.56107605583602549, -46.15846078179423273, 32.50000000000000000 ) ) ;
#3550 = ORIENTED_EDGE ( 'NONE', *, *, #7434, .T. ) ;
#3551 = CARTESIAN_POINT ( 'NONE',  ( 31.53399677347429275, 67.85855226318187761, 20.68516148235523389 ) ) ;
#3552 = EDGE_CURVE ( 'NONE', #4746, #341, #1717, .T. ) ;
#3553 = CARTESIAN_POINT ( 'NONE',  ( 89.69359066795173874, 7.420228641350716359, -3.000000000000000000 ) ) ;
#3554 = CARTESIAN_POINT ( 'NONE',  ( 18.98367251984522852, 83.09742816576715541, 31.18477683937090816 ) ) ;
#3555 = ORIENTED_EDGE ( 'NONE', *, *, #10289, .T. ) ;
#3556 = DIRECTION ( 'NONE',  ( -0.7439559807600391039, -0.6682286275604842896, 0.000000000000000000 ) ) ;
#3557 = DIRECTION ( 'NONE',  ( 0.000000000000000000, 0.000000000000000000, -1.000000000000000000 ) ) ;
#3558 = LINE ( 'NONE', #7749, #7455 ) ;
#3559 = EDGE_LOOP ( 'NONE', ( #9802, #2544, #8692, #7399 ) ) ;
#3560 = PLANE ( 'NONE',  #4695 ) ;
#3561 = SPHERICAL_SURFACE ( 'NONE', #812, 2.500000000000000000 ) ;
#3562 = CARTESIAN_POINT ( 'NONE',  ( -91.37756621894716602, -4.731848676989272029, 14.00000000000000000 ) ) ;
#3563 = EDGE_LOOP ( 'NONE', ( #6907, #6383, #8569, #8134 ) ) ;
#3564 = VERTEX_POINT ( 'NONE', #186 ) ;
#3565 = CARTESIAN_POINT ( 'NONE',  ( 4.351385440520336267, -50.84747089786795726, 17.00000000000000000 ) ) ;
#3566 = VERTEX_POINT ( 'NONE', #4985 ) ;
#3567 = ADVANCED_FACE ( 'NONE', ( #1665 ), #7430, .T. ) ;
#3568 = VECTOR ( 'NONE', #4885, 999.9999999999998863 ) ;
#3569 = ORIENTED_EDGE ( 'NONE', *, *, #8434, .F. ) ;
#3570 = DIRECTION ( 'NONE',  ( -0.2594203863158855983, 0.9657644967401300962, 0.000000000000000000 ) ) ;
#3571 = CARTESIAN_POINT ( 'NONE',  ( -77.93544135416257745, -5.172527561083889225, 17.00000000005101697 ) ) ;
#3572 = EDGE_CURVE ( 'NONE', #8444, #7646, #7790, .T. ) ;
#3573 = ADVANCED_FACE ( 'NONE', ( #5947 ), #7650, .T. ) ;
#3574 = CARTESIAN_POINT ( 'NONE',  ( -72.75018757561645089, 42.96752443002034028, 29.99988756943677259 ) ) ;
#3575 = ORIENTED_EDGE ( 'NONE', *, *, #2705, .F. ) ;
#3576 = AXIS2_PLACEMENT_3D ( 'NONE', #7331, #9191, #7273 ) ;
#3577 = VECTOR ( 'NONE', #3944, 1000.000000000000000 ) ;
#3578 = LINE ( 'NONE', #415, #5001 ) ;
#3579 = DIRECTION ( 'NONE',  ( -0.9140381853826242686, -0.4056281494946319399, 0.000000000000000000 ) ) ;
#3580 = LINE ( 'NONE', #6899, #3114 ) ;
#3581 = EDGE_CURVE ( 'NONE', #1450, #3199, #7280, .T. ) ;
#3582 = CARTESIAN_POINT ( 'NONE',  ( 63.73056936826164076, -56.07045257497720314, 30.60901105260487398 ) ) ;
#3583 = ORIENTED_EDGE ( 'NONE', *, *, #10507, .F. ) ;
#3584 = AXIS2_PLACEMENT_3D ( 'NONE', #10448, #3848, #6283 ) ;
#3585 = CIRCLE ( 'NONE', #7056, 90.00000000000001421 ) ;
#3586 = CARTESIAN_POINT ( 'NONE',  ( 0.000000000000000000, 0.000000000000000000, 30.00000000000000000 ) ) ;
#3587 = B_SPLINE_CURVE_WITH_KNOTS ( 'NONE', 3,
 ( #5072, #5821, #4256, #1698, #1649, #5929, #9332, #3490, #5125, #4206, #9279, #1856, #8451, #8234, #775, #7576 ),
 .UNSPECIFIED., .F., .F.,
 ( 4, 2, 2, 2, 2, 2, 2, 4 ),
 ( 0.000000000000000000, 0.0005514947311285455390, 0.001102989462257091078, 0.002205978924514232029, 0.002757473655642787326, 0.003308968386771350429, 0.003860463117899913966, 0.004411957849028477069 ),
 .UNSPECIFIED. ) ;
#3588 = ADVANCED_FACE ( 'NONE', ( #7489 ), #8362, .T. ) ;
#3589 = CARTESIAN_POINT ( 'NONE',  ( 35.09296276283513549, 84.50286364689820573, -18.50000000000000000 ) ) ;
#3590 = VERTEX_POINT ( 'NONE', #9245 ) ;
#3591 = CARTESIAN_POINT ( 'NONE',  ( -71.14469310733639418, 57.53853180837101888, 30.00000000000000355 ) ) ;
#3592 = DIRECTION ( 'NONE',  ( -1.000000000000000000, 0.000000000000000000, 0.000000000000000000 ) ) ;
#3593 = AXIS2_PLACEMENT_3D ( 'NONE', #1418, #4571, #9646 ) ;
#3594 = CARTESIAN_POINT ( 'NONE',  ( 0.000000000000000000, 0.000000000000000000, 14.00000000000000000 ) ) ;
#3595 = CARTESIAN_POINT ( 'NONE',  ( -31.73797556849006796, 68.81250534676480868, 21.24555884119260440 ) ) ;
#3596 = DIRECTION ( 'NONE',  ( 0.000000000000000000, 0.000000000000000000, -1.000000000000000000 ) ) ;
#3597 = DIRECTION ( 'NONE',  ( 1.000000000000000000, 0.000000000000000000, 0.000000000000000000 ) ) ;
#3598 = VERTEX_POINT ( 'NONE', #1770 ) ;
#3599 = FILL_AREA_STYLE ('',( #4422 ) ) ;
#3600 = VERTEX_POINT ( 'NONE', #5089 ) ;
#3601 = AXIS2_PLACEMENT_3D ( 'NONE', #9908, #8977, #2443 ) ;
#3602 = DIRECTION ( 'NONE',  ( 0.000000000000000000, -1.000000000000000000, 0.000000000000000000 ) ) ;
#3603 = EDGE_LOOP ( 'NONE', ( #1428, #7101, #6511 ) ) ;
#3604 = DIRECTION ( 'NONE',  ( -1.000000000000000000, 0.000000000000000000, 0.000000000000000000 ) ) ;
#3605 = B_SPLINE_CURVE_WITH_KNOTS ( 'NONE', 3,
 ( #6371, #1545, #8843, #9714, #777, #4753, #2245, #10646, #5726, #4864, #8190, #5568, #611, #8898, #8953, #3997 ),
 .UNSPECIFIED., .F., .F.,
 ( 4, 2, 2, 2, 2, 2, 2, 4 ),
 ( 0.000000000000000000, 0.0005514947311264025050, 0.001102989462252805010, 0.002205978924505629536, 0.002757473655632048087, 0.003308968386758467072, 0.003860463117884885189, 0.004411957849011304174 ),
 .UNSPECIFIED. ) ;
#3606 = FACE_OUTER_BOUND ( 'NONE', #2116, .T. ) ;
#3607 = CARTESIAN_POINT ( 'NONE',  ( 33.48578540412469096, 78.38446935965812656, 31.18342693136453647 ) ) ;
#3608 = CIRCLE ( 'NONE', #2042, 2.500000000000001776 ) ;
#3609 = VERTEX_POINT ( 'NONE', #8414 ) ;
#3610 = CARTESIAN_POINT ( 'NONE',  ( -33.40773828059417383, -38.57878788838270623, -3.000000000000000000 ) ) ;
#3611 = CARTESIAN_POINT ( 'NONE',  ( -14.53137216372615015, -73.78694539758191695, -6.904288729165394933 ) ) ;
#3612 = CARTESIAN_POINT ( 'NONE',  ( -12.40088313447006385, 68.98612393411826815, -4.123581316521271134 ) ) ;
#3613 = EDGE_CURVE ( 'NONE', #6325, #7820, #952, .T. ) ;
#3614 = VERTEX_POINT ( 'NONE', #129 ) ;
#3615 = CARTESIAN_POINT ( 'NONE',  ( 0.000000000000000000, 0.000000000000000000, 0.000000000000000000 ) ) ;
#3616 = DIRECTION ( 'NONE',  ( 0.000000000000000000, -1.000000000000000000, 0.000000000000000000 ) ) ;
#3617 = DIRECTION ( 'NONE',  ( 0.4056281494946315513, -0.9140381853826242686, 0.000000000000000000 ) ) ;
#3618 = ORIENTED_EDGE ( 'NONE', *, *, #10653, .T. ) ;
#3619 = ORIENTED_EDGE ( 'NONE', *, *, #10053, .F. ) ;
#3620 = CIRCLE ( 'NONE', #9540, 2.500000000000002220 ) ;
#3621 = LINE ( 'NONE', #2811, #7431 ) ;
#3622 = VERTEX_POINT ( 'NONE', #5140 ) ;
#3623 = AXIS2_PLACEMENT_3D ( 'NONE', #6712, #10055, #1822 ) ;
#3624 = AXIS2_PLACEMENT_3D ( 'NONE', #6798, #9327, #1851 ) ;
#3625 = ORIENTED_EDGE ( 'NONE', *, *, #3379, .F. ) ;
#3626 = DIRECTION ( 'NONE',  ( 0.8383313097722883134, 0.5451610909221967782, 0.000000000000000000 ) ) ;
#3627 = CARTESIAN_POINT ( 'NONE',  ( -76.92514010090731347, 46.71747874677934220, 17.00000000000000000 ) ) ;
#3628 = DIRECTION ( 'NONE',  ( -0.000000000000000000, -0.000000000000000000, 1.000000000000000000 ) ) ;
#3629 = CIRCLE ( 'NONE', #5361, 2.499999999999998668 ) ;
#3630 = VERTEX_POINT ( 'NONE', #8470 ) ;
#3631 = CIRCLE ( 'NONE', #4187, 91.50000000000001421 ) ;
#3632 = EDGE_CURVE ( 'NONE', #4225, #1260, #4331, .T. ) ;
#3633 = AXIS2_PLACEMENT_3D ( 'NONE', #5664, #4850, #100 ) ;
#3634 = LINE ( 'NONE', #3032, #10223 ) ;
#3635 = CYLINDRICAL_SURFACE ( 'NONE', #7623, 2.499999999999999556 ) ;
#3636 = ADVANCED_FACE ( 'NONE', ( #6210 ), #5350, .T. ) ;
#3637 = EDGE_CURVE ( 'NONE', #10531, #7646, #8515, .T. ) ;
#3638 = FACE_OUTER_BOUND ( 'NONE', #1666, .T. ) ;
#3639 = CARTESIAN_POINT ( 'NONE',  ( 0.000000000000000000, 0.000000000000000000, 30.00000000000000000 ) ) ;
#3640 = ORIENTED_EDGE ( 'NONE', *, *, #10310, .T. ) ;
#3641 = VECTOR ( 'NONE', #2816, 999.9999999999998863 ) ;
#3642 = AXIS2_PLACEMENT_3D ( 'NONE', #1401, #574, #6388 ) ;
#3643 = DIRECTION ( 'NONE',  ( -1.000000000000000000, 0.000000000000000000, 0.000000000000000000 ) ) ;
#3644 = DIRECTION ( 'NONE',  ( -0.9946479639414452789, -0.1033219619787452137, 0.000000000000000000 ) ) ;
#3645 = ORIENTED_EDGE ( 'NONE', *, *, #10774, .F. ) ;
#3646 = ADVANCED_FACE ( 'NONE', ( #8627 ), #6758, .T. ) ;
#3647 = DIRECTION ( 'NONE',  ( 0.000000000000000000, -1.000000000000000000, -2.775557561562888984E-15 ) ) ;
#3648 = B_SPLINE_CURVE_WITH_KNOTS ( 'NONE', 3,
 ( #1680, #7395, #3258, #4629, #6572, #5002, #2447, #867, #5754, #9096, #10786, #4188, #1630, #8267 ),
 .UNSPECIFIED., .F., .F.,
 ( 4, 2, 2, 2, 2, 2, 4 ),
 ( 0.000000000000000000, 0.001101176268182345623, 0.001651764402273522229, 0.002202352536364699052, 0.002752940670455875875, 0.003303528804547052698, 0.004404705072729398103 ),
 .UNSPECIFIED. ) ;
#3649 = AXIS2_PLACEMENT_3D ( 'NONE', #4319, #4102, #8405 ) ;
#3650 = DIRECTION ( 'NONE',  ( 1.000000000000000000, 0.000000000000000000, 0.000000000000000000 ) ) ;
#3651 = DIRECTION ( 'NONE',  ( -1.000000000000000000, 0.000000000000000000, 0.000000000000000000 ) ) ;
#3652 = DIRECTION ( 'NONE',  ( 0.000000000000000000, 0.000000000000000000, 1.000000000000000000 ) ) ;
#3653 = CARTESIAN_POINT ( 'NONE',  ( 0.000000000000000000, 0.000000000000000000, 17.00000000000000000 ) ) ;
#3654 = DIRECTION ( 'NONE',  ( -1.000000000000000000, 0.000000000000000000, 0.000000000000000000 ) ) ;
#3655 = ORIENTED_EDGE ( 'NONE', *, *, #5514, .F. ) ;
#3656 = DIRECTION ( 'NONE',  ( 0.8654182317380989531, -0.5010501812945508116, 0.000000000000000000 ) ) ;
#3657 = VERTEX_POINT ( 'NONE', #7037 ) ;
#3658 = VECTOR ( 'NONE', #810, 1000.000000000000000 ) ;
#3659 = CARTESIAN_POINT ( 'NONE',  ( 52.54170275422330860, 56.89190718866041863, 17.00000000000000355 ) ) ;
#3660 = ORIENTED_EDGE ( 'NONE', *, *, #106, .T. ) ;
#3661 = DIRECTION ( 'NONE',  ( 0.000000000000000000, 0.000000000000000000, -1.000000000000000000 ) ) ;
#3662 = LINE ( 'NONE', #2845, #5345 ) ;
#3663 = CARTESIAN_POINT ( 'NONE',  ( 63.34571104242474604, 55.91169000873711070, -15.99987001606812598 ) ) ;
#3664 = EDGE_LOOP ( 'NONE', ( #6917, #5041, #9360, #8640 ) ) ;
#3665 = DIRECTION ( 'NONE',  ( 1.000000000000000000, 0.000000000000000000, 0.000000000000000000 ) ) ;
#3666 = CARTESIAN_POINT ( 'NONE',  ( 24.90434133074838385, 82.38639917052523742, 32.50000000004550316 ) ) ;
#3667 = CARTESIAN_POINT ( 'NONE',  ( -50.98111192968726613, 32.10810216898867964, -3.000000000000002665 ) ) ;
#3668 = ORIENTED_EDGE ( 'NONE', *, *, #5500, .F. ) ;
#3669 = DIRECTION ( 'NONE',  ( 1.000000000000000000, 0.000000000000000000, 0.000000000000000000 ) ) ;
#3670 = DIRECTION ( 'NONE',  ( -0.4056281494946316069, -0.9140381853826242686, 0.000000000000000000 ) ) ;
#3671 = CARTESIAN_POINT ( 'NONE',  ( -63.34558840304410410, 55.91184470037090648, -15.99988756943573875 ) ) ;
#3672 = ORIENTED_EDGE ( 'NONE', *, *, #6771, .T. ) ;
#3673 = EDGE_CURVE ( 'NONE', #9766, #8053, #5880, .T. ) ;
#3674 = ORIENTED_EDGE ( 'NONE', *, *, #3113, .T. ) ;
#3675 = CARTESIAN_POINT ( 'NONE',  ( 0.000000000000000000, 0.000000000000000000, 0.000000000000000000 ) ) ;
#3676 = CARTESIAN_POINT ( 'NONE',  ( -76.70731484416434398, -49.88223981938107698, 14.00000000000000000 ) ) ;
#3677 = ORIENTED_EDGE ( 'NONE', *, *, #5701, .T. ) ;
#3678 = VECTOR ( 'NONE', #4463, 1000.000000000000000 ) ;
#3679 = VERTEX_POINT ( 'NONE', #5298 ) ;
#3680 = DIRECTION ( 'NONE',  ( -0.000000000000000000, -0.000000000000000000, 1.000000000000000000 ) ) ;
#3681 = FACE_OUTER_BOUND ( 'NONE', #10591, .T. ) ;
#3682 = CARTESIAN_POINT ( 'NONE',  ( 85.82107359380295009, 5.493697451003285437, 32.50004557245105730 ) ) ;
#3683 = ORIENTED_EDGE ( 'NONE', *, *, #6771, .F. ) ;
#3684 = ADVANCED_FACE ( 'NONE', ( #3775 ), #344, .T. ) ;
#3685 = EDGE_CURVE ( 'NONE', #2264, #2197, #4382, .T. ) ;
#3686 = TOROIDAL_SURFACE ( 'NONE', #10594, 91.50000000000001421, 2.500000000000000000 ) ;
#3687 = DIRECTION ( 'NONE',  ( 0.000000000000000000, 0.000000000000000000, 1.000000000000000000 ) ) ;
#3688 = CARTESIAN_POINT ( 'NONE',  ( -60.06381680622857289, 3.543711395885330351, -3.000000000000000000 ) ) ;
#3689 = LINE ( 'NONE', #417, #6225 ) ;
#3690 = CARTESIAN_POINT ( 'NONE',  ( 64.07788870563155115, -56.07897105721387732, 31.04213425600433851 ) ) ;
#3691 = ORIENTED_EDGE ( 'NONE', *, *, #5940, .T. ) ;
#3692 = VECTOR ( 'NONE', #7251, 999.9999999999998863 ) ;
#3693 = DIRECTION ( 'NONE',  ( 1.000000000000000000, 0.000000000000000000, 0.000000000000000000 ) ) ;
#3694 = CARTESIAN_POINT ( 'NONE',  ( 0.000000000000000000, 0.000000000000000000, -3.000000000000000000 ) ) ;
#3695 = EDGE_CURVE ( 'NONE', #3154, #4716, #3558, .T. ) ;
#3696 = ORIENTED_EDGE ( 'NONE', *, *, #5293, .F. ) ;
#3697 = FACE_OUTER_BOUND ( 'NONE', #8065, .T. ) ;
#3698 = DIRECTION ( 'NONE',  ( 0.000000000000000000, 0.000000000000000000, -1.000000000000000000 ) ) ;
#3699 = CARTESIAN_POINT ( 'NONE',  ( -78.37788641306559612, -48.02234986748096190, 17.00000000000000000 ) ) ;
#3700 = LINE ( 'NONE', #5231, #6240 ) ;
#3701 = CARTESIAN_POINT ( 'NONE',  ( 64.84522906798852659, 55.89136234964627903, -17.81104402676907128 ) ) ;
#3702 = PLANE ( 'NONE',  #7983 ) ;
#3703 = ORIENTED_EDGE ( 'NONE', *, *, #6942, .F. ) ;
#3704 = EDGE_CURVE ( 'NONE', #3545, #1071, #5285, .T. ) ;
#3705 = DIRECTION ( 'NONE',  ( -1.311687058329321737E-15, -5.025727093536689103E-16, 1.000000000000000000 ) ) ;
#3706 = AXIS2_PLACEMENT_3D ( 'NONE', #3498, #894, #4321 ) ;
#3707 = VERTEX_POINT ( 'NONE', #8580 ) ;
#3708 = DIRECTION ( 'NONE',  ( 0.2090980990620599778, -0.9778946696698130880, 0.000000000000000000 ) ) ;
#3709 = ADVANCED_FACE ( 'NONE', ( #1113 ), #2802, .F. ) ;
#3710 = ORIENTED_EDGE ( 'NONE', *, *, #10238, .T. ) ;
#3711 = CARTESIAN_POINT ( 'NONE',  ( -33.61821231353125228, -77.94230521873643625, -16.60853953549791129 ) ) ;
#3712 = EDGE_CURVE ( 'NONE', #8179, #243, #6178, .T. ) ;
#3713 = CYLINDRICAL_SURFACE ( 'NONE', #6025, 51.03332099679091982 ) ;
#3714 = CARTESIAN_POINT ( 'NONE',  ( 18.38349979339846385, 82.46723521055356798, 29.99988756943586310 ) ) ;
#3715 = FACE_OUTER_BOUND ( 'NONE', #10224, .T. ) ;
#3716 = ORIENTED_EDGE ( 'NONE', *, *, #10239, .F. ) ;
#3717 = VECTOR ( 'NONE', #10247, 1000.000000000000000 ) ;
#3718 = DIRECTION ( 'NONE',  ( -0.5010501812945500344, 0.8654182317380992862, 0.000000000000000000 ) ) ;
#3719 = CARTESIAN_POINT ( 'NONE',  ( 33.92731618272642180, 87.64266377968050392, -16.31976120708749178 ) ) ;
#3720 = EDGE_CURVE ( 'NONE', #2938, #9, #9907, .T. ) ;
#3721 = ORIENTED_EDGE ( 'NONE', *, *, #8831, .T. ) ;
#3722 = DIRECTION ( 'NONE',  ( -0.1033219619787458798, 0.9946479639414452789, 0.000000000000000000 ) ) ;
#3723 = CARTESIAN_POINT ( 'NONE',  ( 73.08853718130734478, 59.11062284138661482, -3.000000000000000000 ) ) ;
#3724 = VECTOR ( 'NONE', #1224, 1000.000000000000000 ) ;
#3725 = CARTESIAN_POINT ( 'NONE',  ( 7.088774327068992243, -12.24379268254586606, 30.00000000000000355 ) ) ;
#3726 = B_SPLINE_CURVE_WITH_KNOTS ( 'NONE', 3,
 ( #7619, #5270, #4406, #157 ),
 .UNSPECIFIED., .F., .F.,
 ( 4, 4 ),
 ( 0.000000000000000000, 1.000000000000000000 ),
 .UNSPECIFIED. ) ;
#3727 = ADVANCED_FACE ( 'NONE', ( #7313 ), #5118, .T. ) ;
#3728 = CARTESIAN_POINT ( 'NONE',  ( 76.92514010090732768, 46.71747874677934220, -3.000000000000000000 ) ) ;
#3729 = EDGE_LOOP ( 'NONE', ( #4006, #4230, #1049, #2080 ) ) ;
#3730 = UNCERTAINTY_MEASURE_WITH_UNIT (LENGTH_MEASURE( 1.000000000000000082E-05 ), #5802, 'distance_accuracy_value', 'NONE');
#3731 = ORIENTED_EDGE ( 'NONE', *, *, #576, .F. ) ;
#3732 = DIRECTION ( 'NONE',  ( -7.264145781747313135E-17, 1.402792032263467444E-15, 1.000000000000000000 ) ) ;
#3733 = CARTESIAN_POINT ( 'NONE',  ( 73.18815264892302253, 44.54779673913469651, -17.93353923880201251 ) ) ;
#3734 = ORIENTED_EDGE ( 'NONE', *, *, #10330, .T. ) ;
#3735 = EDGE_LOOP ( 'NONE', ( #2366, #10041, #8542 ) ) ;
#3736 = PLANE ( 'NONE',  #3584 ) ;
#3737 = CARTESIAN_POINT ( 'NONE',  ( -71.79417982101570317, -50.03326412309908022, -18.50000000000000000 ) ) ;
#3738 = DIRECTION ( 'NONE',  ( -0.000000000000000000, 0.000000000000000000, 1.000000000000000000 ) ) ;
#3739 = ORIENTED_EDGE ( 'NONE', *, *, #2306, .F. ) ;
#3740 = VECTOR ( 'NONE', #8342, 1000.000000000000227 ) ;
#3741 = B_SPLINE_CURVE_WITH_KNOTS ( 'NONE', 3,
 ( #7815, #3843, #4351, #7047 ),
 .UNSPECIFIED., .F., .F.,
 ( 4, 4 ),
 ( 0.000000000000000000, 1.000000000000000000 ),
 .UNSPECIFIED. ) ;
#3742 = CARTESIAN_POINT ( 'NONE',  ( 10.06882950245216612, -85.40853980984896054, 32.49999999999999289 ) ) ;
#3743 = CIRCLE ( 'NONE', #7219, 90.00000000000001421 ) ;
#3744 = CARTESIAN_POINT ( 'NONE',  ( 74.60648402994490880, 8.987445903068456587, 20.86977052845492508 ) ) ;
#3745 = DIRECTION ( 'NONE',  ( 0.000000000000000000, 1.000000000000000000, -0.000000000000000000 ) ) ;
#3746 = CARTESIAN_POINT ( 'NONE',  ( 18.61563245512624931, -82.81693890910527500, -16.60853953550020634 ) ) ;
#3747 = ORIENTED_EDGE ( 'NONE', *, *, #8373, .T. ) ;
#3748 = ADVANCED_FACE ( 'NONE', ( #4866 ), #3937, .F. ) ;
#3749 = DIRECTION ( 'NONE',  ( 0.000000000000000000, 0.000000000000000000, -1.000000000000000000 ) ) ;
#3750 = CIRCLE ( 'NONE', #2875, 2.500000000000002220 ) ;
#3751 = CARTESIAN_POINT ( 'NONE',  ( -89.69359066795171032, -7.420228641350718135, 17.00000000000000000 ) ) ;
#3752 = VERTEX_POINT ( 'NONE', #9662 ) ;
#3753 = ORIENTED_EDGE ( 'NONE', *, *, #9226, .T. ) ;
#3754 = CARTESIAN_POINT ( 'NONE',  ( -23.73696534790347101, 88.36745145172191940, 32.50000000000000000 ) ) ;
#3755 = FACE_OUTER_BOUND ( 'NONE', #5843, .T. ) ;
#3756 = CARTESIAN_POINT ( 'NONE',  ( 35.18221305882455852, 84.92026289206614820, 30.00000000000000355 ) ) ;
#3757 = CARTESIAN_POINT ( 'NONE',  ( 26.36704873968082907, -43.69414826633877880, 0.000000000000000000 ) ) ;
#3758 = DIRECTION ( 'NONE',  ( 0.7439559807600391039, -0.6682286275604842896, 0.000000000000000000 ) ) ;
#3759 = CARTESIAN_POINT ( 'NONE',  ( -46.29064977219646693, 38.56396948152475801, 17.00000000000000000 ) ) ;
#3760 = AXIS2_PLACEMENT_3D ( 'NONE', #3015, #8849, #4593 ) ;
#3761 = AXIS2_PLACEMENT_3D ( 'NONE', #10705, #4810, #5577 ) ;
#3762 = ORIENTED_EDGE ( 'NONE', *, *, #2710, .T. ) ;
#3763 = DIRECTION ( 'NONE',  ( -0.000000000000000000, -0.000000000000000000, 1.000000000000000000 ) ) ;
#3764 = EDGE_LOOP ( 'NONE', ( #2654, #797, #7195, #7924, #1833 ) ) ;
#3765 = DIRECTION ( 'NONE',  ( 0.2090980990620617819, 0.9778946696698127550, 0.000000000000000000 ) ) ;
#3766 = ORIENTED_EDGE ( 'NONE', *, *, #188, .T. ) ;
#3767 = PLANE ( 'NONE',  #9159 ) ;
#3768 = CARTESIAN_POINT ( 'NONE',  ( -28.27747505164840547, 81.29040158663822524, 32.49999999997425704 ) ) ;
#3769 = CIRCLE ( 'NONE', #7062, 2.500000000000000000 ) ;
#3770 = EDGE_CURVE ( 'NONE', #9490, #3138, #882, .T. ) ;
#3771 = CARTESIAN_POINT ( 'NONE',  ( 21.11562252158182673, 83.35270558193920465, 32.47998818981124458 ) ) ;
#3772 = PLANE ( 'NONE',  #3097 ) ;
#3773 = ORIENTED_EDGE ( 'NONE', *, *, #9170, .F. ) ;
#3774 = CARTESIAN_POINT ( 'NONE',  ( 76.70731484416432977, 49.88223981938108409, -16.00000000000000000 ) ) ;
#3775 = FACE_OUTER_BOUND ( 'NONE', #446, .T. ) ;
#3776 = ADVANCED_FACE ( 'NONE', ( #2247 ), #6485, .F. ) ;
#3777 = EDGE_CURVE ( 'NONE', #10446, #7848, #498, .T. ) ;
#3778 = CIRCLE ( 'NONE', #293, 90.00000000000001421 ) ;
#3779 = ORIENTED_EDGE ( 'NONE', *, *, #6060, .T. ) ;
#3780 = DIRECTION ( 'NONE',  ( -0.9778946696698129770, -0.2090980990620606439, 0.000000000000000000 ) ) ;
#3781 = CARTESIAN_POINT ( 'NONE',  ( 76.70731484416435819, -49.88223981938104146, -16.00000000000000000 ) ) ;
#3782 = DIRECTION ( 'NONE',  ( 5.697743364609246382E-16, -1.283923468391404670E-15, -1.000000000000000000 ) ) ;
#3783 = CARTESIAN_POINT ( 'NONE',  ( -24.38551631369319495, 90.78186269357226479, 14.00000000000000000 ) ) ;
#3784 = ORIENTED_EDGE ( 'NONE', *, *, #8390, .T. ) ;
#3785 = ADVANCED_FACE ( 'NONE', ( #8022 ), #2354, .F. ) ;
#3786 = B_SPLINE_CURVE_WITH_KNOTS ( 'NONE', 3,
 ( #5180, #2833, #4366, #3541, #269, #9386, #991, #3595, #7842, #6855, #2630, #4312 ),
 .UNSPECIFIED., .F., .F.,
 ( 4, 1, 2, 2, 1, 1, 1, 4 ),
 ( 0.000000000000000000, 0.4584319647264339936, 0.4870839625218371105, 0.5014099614195386412, 0.5157359603172402274, 0.5730399559080477934, 0.6876479470896631474, 0.9168639294528936334 ),
 .UNSPECIFIED. ) ;
#3787 = ORIENTED_EDGE ( 'NONE', *, *, #2169, .F. ) ;
#3788 = CARTESIAN_POINT ( 'NONE',  ( 33.40773828059417383, -38.57878788838270623, 14.00000000000000000 ) ) ;
#3789 = CARTESIAN_POINT ( 'NONE',  ( -91.50000000000001421, 0.000000000000000000, -18.50000000000000000 ) ) ;
#3790 = ORIENTED_EDGE ( 'NONE', *, *, #8842, .F. ) ;
#3791 = ORIENTED_EDGE ( 'NONE', *, *, #9910, .F. ) ;
#3792 = CARTESIAN_POINT ( 'NONE',  ( 49.70347058474200708, 11.57431915030802294, -3.000000000000000000 ) ) ;
#3793 = VECTOR ( 'NONE', #6611, 1000.000000000000000 ) ;
#3794 = LINE ( 'NONE', #6333, #5374 ) ;
#3795 = LINE ( 'NONE', #4775, #3568 ) ;
#3796 = ORIENTED_EDGE ( 'NONE', *, *, #7163, .T. ) ;
#3797 = VECTOR ( 'NONE', #5986, 1000.000000000000000 ) ;
#3798 = AXIS2_PLACEMENT_3D ( 'NONE', #5742, #5540, #1291 ) ;
#3799 = CARTESIAN_POINT ( 'NONE',  ( -32.78698499541912526, 79.27043261360535098, -18.11763093304965366 ) ) ;
#3800 = AXIS2_PLACEMENT_3D ( 'NONE', #4251, #6689, #7568 ) ;
#3801 = CARTESIAN_POINT ( 'NONE',  ( -76.70731484416437240, -49.88223981938105567, 14.00000000000000000 ) ) ;
#3802 = FACE_OUTER_BOUND ( 'NONE', #6840, .T. ) ;
#3803 = CARTESIAN_POINT ( 'NONE',  ( 8.054202958852094696, -59.19136076220720355, -3.000000000000000000 ) ) ;
#3804 = ORIENTED_EDGE ( 'NONE', *, *, #486, .F. ) ;
#3805 = AXIS2_PLACEMENT_3D ( 'NONE', #7831, #2929, #10186 ) ;
#3806 = CARTESIAN_POINT ( 'NONE',  ( 60.11725487762941356, 3.989945426067706968, 17.00000000000000000 ) ) ;
#3807 = AXIS2_PLACEMENT_3D ( 'NONE', #1007, #10766, #3456 ) ;
#3808 = DIRECTION ( 'NONE',  ( -0.5010501812945508116, 0.8654182317380989531, 0.000000000000000000 ) ) ;
#3809 = ORIENTED_EDGE ( 'NONE', *, *, #849, .T. ) ;
#3810 = ORIENTED_EDGE ( 'NONE', *, *, #2574, .T. ) ;
#3811 = CARTESIAN_POINT ( 'NONE',  ( -20.63509363862904777, -86.81995374439181035, 31.18384951820118545 ) ) ;
#3812 = CARTESIAN_POINT ( 'NONE',  ( 72.56107605584737996, -46.15846078180137368, 32.50000000000566303 ) ) ;
#3813 = DIRECTION ( 'NONE',  ( -0.4056281494946316069, 0.9140381853826242686, 0.000000000000000000 ) ) ;
#3814 = CARTESIAN_POINT ( 'NONE',  ( -34.77390060466390054, -83.01069712234054521, -3.000000000000000000 ) ) ;
#3815 = AXIS2_PLACEMENT_3D ( 'NONE', #1234, #522, #7871 ) ;
#3816 = CARTESIAN_POINT ( 'NONE',  ( -60.01076110225132965, 49.99396575994396841, 17.00000000000000000 ) ) ;
#3817 = CIRCLE ( 'NONE', #10780, 2.500000000000002220 ) ;
#3818 = ORIENTED_EDGE ( 'NONE', *, *, #2899, .F. ) ;
#3819 = CARTESIAN_POINT ( 'NONE',  ( -73.60853002693963276, -46.83337552810576199, -18.49414936331882231 ) ) ;
#3820 = ORIENTED_EDGE ( 'NONE', *, *, #2599, .F. ) ;
#3821 = CARTESIAN_POINT ( 'NONE',  ( 62.06882639001266710, 55.17266454439143075, 27.79952768905228311 ) ) ;
#3822 = ORIENTED_EDGE ( 'NONE', *, *, #299, .F. ) ;
#3823 = AXIS2_PLACEMENT_3D ( 'NONE', #9666, #5519, #8851 ) ;
#3824 = CARTESIAN_POINT ( 'NONE',  ( -21.47669927728986750, 83.27343302804213465, 32.49999999998301092 ) ) ;
#3825 = AXIS2_PLACEMENT_3D ( 'NONE', #4118, #2203, #7213 ) ;
#3826 = ADVANCED_FACE ( 'NONE', ( #4049 ), #7197, .T. ) ;
#3827 = CARTESIAN_POINT ( 'NONE',  ( -32.73747638465003007, -85.44300813972131436, 30.00000000000000355 ) ) ;
#3828 = CARTESIAN_POINT ( 'NONE',  ( 35.23747638465012244, -85.44300813972128594, 30.00000000000000355 ) ) ;
#3829 = ORIENTED_EDGE ( 'NONE', *, *, #5839, .T. ) ;
#3830 = DIRECTION ( 'NONE',  ( -0.000000000000000000, -0.000000000000000000, -1.000000000000000000 ) ) ;
#3831 = CARTESIAN_POINT ( 'NONE',  ( 35.23735153560764388, 85.61609555109946257, -18.25923687111253813 ) ) ;
#3832 = VECTOR ( 'NONE', #6321, 1000.000000000000000 ) ;
#3833 = ORIENTED_EDGE ( 'NONE', *, *, #9253, .F. ) ;
#3834 = CARTESIAN_POINT ( 'NONE',  ( -18.98266563644369853, -83.09681862898922589, -17.18342693136460753 ) ) ;
#3835 = EDGE_CURVE ( 'NONE', #1215, #2841, #8403, .T. ) ;
#3836 = CARTESIAN_POINT ( 'NONE',  ( 33.63194295253673261, -87.77751655883936621, 30.00000000000000000 ) ) ;
#3837 = CYLINDRICAL_SURFACE ( 'NONE', #10267, 51.03332099679091982 ) ;
#3838 = LINE ( 'NONE', #8690, #3724 ) ;
#3839 = EDGE_LOOP ( 'NONE', ( #3914, #3668, #8376, #8506, #1819, #1354 ) ) ;
#3840 = EDGE_CURVE ( 'NONE', #6465, #9587, #778, .T. ) ;
#3841 = EDGE_CURVE ( 'NONE', #7490, #9642, #5024, .T. ) ;
#3842 = ORIENTED_EDGE ( 'NONE', *, *, #2217, .T. ) ;
#3843 = CARTESIAN_POINT ( 'NONE',  ( 60.06381680628142306, -3.543711395412024068, 17.00000000000000000 ) ) ;
#3844 = CARTESIAN_POINT ( 'NONE',  ( 21.93100995512782703, -56.02901732262866119, -3.000000000000000000 ) ) ;
#3845 = ORIENTED_EDGE ( 'NONE', *, *, #2652, .T. ) ;
#3846 = ORIENTED_EDGE ( 'NONE', *, *, #4857, .F. ) ;
#3847 = EDGE_CURVE ( 'NONE', #2854, #8058, #9991, .T. ) ;
#3848 = DIRECTION ( 'NONE',  ( -0.9778946696698131991, -0.2090980990620599500, 0.000000000000000000 ) ) ;
#3849 = ADVANCED_FACE ( 'NONE', ( #10751 ), #5825, .T. ) ;
#3850 = CARTESIAN_POINT ( 'NONE',  ( 23.73696534790352786, 88.36745145172191940, 30.00000000000000000 ) ) ;
#3851 = DIRECTION ( 'NONE',  ( -1.000000000000000000, 0.000000000000000000, 5.551115123125777969E-15 ) ) ;
#3852 = ORIENTED_EDGE ( 'NONE', *, *, #8379, .T. ) ;
#3853 = EDGE_CURVE ( 'NONE', #9623, #1889, #1366, .T. ) ;
#3854 = EDGE_CURVE ( 'NONE', #5591, #4504, #5879, .T. ) ;
#3855 = ORIENTED_EDGE ( 'NONE', *, *, #8507, .T. ) ;
#3856 = AXIS2_PLACEMENT_3D ( 'NONE', #5711, #1684, #4899 ) ;
#3857 = CARTESIAN_POINT ( 'NONE',  ( -33.36542136761193689, 78.60843068387197263, -17.44910535889399483 ) ) ;
#3858 = CARTESIAN_POINT ( 'NONE',  ( 34.77390060466381527, -83.01069712234061626, 0.000000000000000000 ) ) ;
#3859 = DIRECTION ( 'NONE',  ( -0.000000000000000000, -0.000000000000000000, 1.000000000000000000 ) ) ;
#3860 = CARTESIAN_POINT ( 'NONE',  ( 21.45186988444691067, -89.38152182545849200, 17.00000000000000000 ) ) ;
#3861 = VERTEX_POINT ( 'NONE', #6650 ) ;
#3862 = B_SPLINE_CURVE_WITH_KNOTS ( 'NONE', 3,
 ( #2106, #6181, #9584, #5321, #9474, #7059 ),
 .UNSPECIFIED., .F., .F.,
 ( 4, 2, 4 ),
 ( 0.000000000000000000, 0.0008036385671939665640, 0.001607277134387933128 ),
 .UNSPECIFIED. ) ;
#3864 = CARTESIAN_POINT ( 'NONE',  ( -21.47669927728879813, 83.27343302803780034, -18.50000000001652367 ) ) ;
#3863 = VECTOR ( 'NONE', #9730, 1000.000000000000000 ) ;
#3865 = CARTESIAN_POINT ( 'NONE',  ( -33.63194295253673261, -87.77751655883935200, -16.00000000000000000 ) ) ;
#3866 = ORIENTED_EDGE ( 'NONE', *, *, #1120, .T. ) ;
#3867 = ORIENTED_EDGE ( 'NONE', *, *, #2168, .F. ) ;
#3868 = CARTESIAN_POINT ( 'NONE',  ( -50.67558984027577651, 32.43770297246244638, 17.00000000000000000 ) ) ;
#3869 = FACE_OUTER_BOUND ( 'NONE', #357, .T. ) ;
#3870 = CARTESIAN_POINT ( 'NONE',  ( -85.83440617534722605, 5.307351189430827176, 32.49999999995663558 ) ) ;
#3871 = DIRECTION ( 'NONE',  ( -1.045013828112790007E-15, -9.386417667186901512E-16, 1.000000000000000000 ) ) ;
#3872 = LINE ( 'NONE', #6050, #8835 ) ;
#3873 = VECTOR ( 'NONE', #3946, 1000.000000000000000 ) ;
#3874 = FACE_OUTER_BOUND ( 'NONE', #4306, .T. ) ;
#3875 = ORIENTED_EDGE ( 'NONE', *, *, #8553, .F. ) ;
#3876 = CARTESIAN_POINT ( 'NONE',  ( -73.54618256305646185, -46.38118833469939517, -18.45308033150793037 ) ) ;
#3877 = DIRECTION ( 'NONE',  ( 1.000000000000000000, 0.000000000000000000, 0.000000000000000000 ) ) ;
#3878 = DIRECTION ( 'NONE',  ( -1.000000000000000000, 0.000000000000000000, 0.000000000000000000 ) ) ;
#3879 = ORIENTED_EDGE ( 'NONE', *, *, #4223, .T. ) ;
#3880 = FACE_OUTER_BOUND ( 'NONE', #8571, .T. ) ;
#3881 = PLANE ( 'NONE',  #7499 ) ;
#3882 = CARTESIAN_POINT ( 'NONE',  ( 0.000000000000000000, 0.000000000000000000, -3.000000000000000000 ) ) ;
#3883 = ORIENTED_EDGE ( 'NONE', *, *, #9650, .T. ) ;
#3884 = LINE ( 'NONE', #5674, #2925 ) ;
#3885 = DIRECTION ( 'NONE',  ( -1.000000000000000000, 0.000000000000000000, 0.000000000000000000 ) ) ;
#3886 = ORIENTED_EDGE ( 'NONE', *, *, #1307, .F. ) ;
#3887 = EDGE_CURVE ( 'NONE', #9063, #5312, #3228, .T. ) ;
#3888 = DIRECTION ( 'NONE',  ( 0.000000000000000000, 0.000000000000000000, -1.000000000000000000 ) ) ;
#3889 = DIRECTION ( 'NONE',  ( 0.000000000000000000, 1.000000000000000000, 0.000000000000000000 ) ) ;
#3890 = LINE ( 'NONE', #5576, #4762 ) ;
#3891 = CARTESIAN_POINT ( 'NONE',  ( 85.58247135714184139, -6.534412810521269321, 32.20313577063760135 ) ) ;
#3892 = VERTEX_POINT ( 'NONE', #4100 ) ;
#3893 = CARTESIAN_POINT ( 'NONE',  ( 71.65264431180888494, -41.98167082791795224, 27.79952768906028027 ) ) ;
#3894 = ORIENTED_EDGE ( 'NONE', *, *, #4910, .F. ) ;
#3895 = DIRECTION ( 'NONE',  ( -0.6682286275604850667, -0.7439559807600383268, 1.387778780781444887E-15 ) ) ;
#3896 = CARTESIAN_POINT ( 'NONE',  ( -29.21275527316160847, 52.10674725922038419, -3.000000000000002665 ) ) ;
#3897 = ORIENTED_EDGE ( 'NONE', *, *, #420, .T. ) ;
#3898 = ORIENTED_EDGE ( 'NONE', *, *, #5408, .F. ) ;
#3899 = CARTESIAN_POINT ( 'NONE',  ( 0.000000000000000000, 0.000000000000000000, 17.00000000000000000 ) ) ;
#3900 = CARTESIAN_POINT ( 'NONE',  ( -69.77008353769724636, -52.81919365275597045, -18.50000000000000000 ) ) ;
#3901 = DIRECTION ( 'NONE',  ( -0.000000000000000000, 0.000000000000000000, 1.000000000000000000 ) ) ;
#3902 = ORIENTED_EDGE ( 'NONE', *, *, #5762, .T. ) ;
#3903 = ORIENTED_EDGE ( 'NONE', *, *, #2718, .T. ) ;
#3904 = EDGE_CURVE ( 'NONE', #8672, #6738, #9169, .T. ) ;
#3905 = DIRECTION ( 'NONE',  ( -1.000000000000000000, 0.000000000000000000, 0.000000000000000000 ) ) ;
#3906 = CARTESIAN_POINT ( 'NONE',  ( 80.19138544281943837, 8.407297958915997071, 24.91900855183279617 ) ) ;
#3907 = DIRECTION ( 'NONE',  ( 1.000000000000000000, 0.000000000000000000, 5.551115123125777969E-15 ) ) ;
#3908 = CARTESIAN_POINT ( 'NONE',  ( 18.42555021178820240, -82.56207869292406087, -16.15434426885130748 ) ) ;
#3909 = EDGE_CURVE ( 'NONE', #1621, #6491, #3462, .T. ) ;
#3910 = ORIENTED_EDGE ( 'NONE', *, *, #3386, .T. ) ;
#3911 = EDGE_CURVE ( 'NONE', #940, #3205, #9552, .T. ) ;
#3912 = CARTESIAN_POINT ( 'NONE',  ( 16.27982722542983041, -3.481030249449617031, 0.000000000000000000 ) ) ;
#3913 = DIRECTION ( 'NONE',  ( -0.8654182317380989531, -0.5010501812945508116, 0.000000000000000000 ) ) ;
#3914 = ORIENTED_EDGE ( 'NONE', *, *, #4980, .F. ) ;
#3915 = VERTEX_POINT ( 'NONE', #993 ) ;
#3916 = ADVANCED_FACE ( 'NONE', ( #5076 ), #6600, .F. ) ;
#3917 = CARTESIAN_POINT ( 'NONE',  ( 0.000000000000000000, 0.000000000000000000, -3.000000000000000000 ) ) ;
#3918 = LINE ( 'NONE', #2503, #4635 ) ;
#3919 = LINE ( 'NONE', #10413, #8344 ) ;
#3920 = CARTESIAN_POINT ( 'NONE',  ( 17.78825708780110659, -81.12597546664986226, 27.81128689715044899 ) ) ;
#3921 = CARTESIAN_POINT ( 'NONE',  ( -20.03693042565683413, -86.19352676786024858, 29.99977963718097840 ) ) ;
#3922 = CARTESIAN_POINT ( 'NONE',  ( 32.73747638465012244, -85.44300813972128594, 30.00000000000000355 ) ) ;
#3923 = ORIENTED_EDGE ( 'NONE', *, *, #159, .T. ) ;
#3924 = EDGE_CURVE ( 'NONE', #1172, #5655, #6228, .T. ) ;
#3925 = EDGE_LOOP ( 'NONE', ( #4219, #5584, #5486, #2624 ) ) ;
#3926 = VECTOR ( 'NONE', #5157, 1000.000000000000227 ) ;
#3927 = CARTESIAN_POINT ( 'NONE',  ( -72.91744426584516248, -45.50656950702754955, 32.41801905197232969 ) ) ;
#3928 = DIRECTION ( 'NONE',  ( 0.9140381853826250458, -0.4056281494946301636, 0.000000000000000000 ) ) ;
#3929 = EDGE_LOOP ( 'NONE', ( #6187, #6059, #9573, #10265, #9241, #5623, #5133, #5307 ) ) ;
#3930 = CARTESIAN_POINT ( 'NONE',  ( -66.20159267059693775, 54.88885599413075767, -18.50004557245160086 ) ) ;
#3931 = CARTESIAN_POINT ( 'NONE',  ( 1.720086775986160221, -16.55873327191746114, 17.00000000000000000 ) ) ;
#3932 = CIRCLE ( 'NONE', #3576, 90.00000000000001421 ) ;
#3934 = CARTESIAN_POINT ( 'NONE',  ( 0.000000000000000000, 0.000000000000000000, 32.50000000000000000 ) ) ;
#3933 = VECTOR ( 'NONE', #1496, 1000.000000000000000 ) ;
#3935 = ORIENTED_EDGE ( 'NONE', *, *, #3712, .F. ) ;
#3936 = CARTESIAN_POINT ( 'NONE',  ( -23.42307988012245445, -59.75160484458210419, 17.00000000000000000 ) ) ;
#3937 = PLANE ( 'NONE',  #9725 ) ;
#3938 = ORIENTED_EDGE ( 'NONE', *, *, #3056, .F. ) ;
#3939 = CARTESIAN_POINT ( 'NONE',  ( 72.75007835267039979, 42.96768886925866582, 29.99987001606395509 ) ) ;
#3940 = EDGE_LOOP ( 'NONE', ( #9273, #2451, #3231, #6436, #7856, #2388, #760, #9284 ) ) ;
#3941 = AXIS2_PLACEMENT_3D ( 'NONE', #5301, #5518, #8743 ) ;
#3942 = CARTESIAN_POINT ( 'NONE',  ( 93.87422103367251225, 4.861134159967141599, 14.00000000000000000 ) ) ;
#3943 = ORIENTED_EDGE ( 'NONE', *, *, #7589, .F. ) ;
#3944 = DIRECTION ( 'NONE',  ( 0.000000000000000000, 0.000000000000000000, 1.000000000000000000 ) ) ;
#3945 = EDGE_LOOP ( 'NONE', ( #9390, #1485, #1767 ) ) ;
#3946 = DIRECTION ( 'NONE',  ( 0.000000000000000000, 0.000000000000000000, 1.000000000000000000 ) ) ;
#3947 = EDGE_LOOP ( 'NONE', ( #4886, #1245, #9887, #6306 ) ) ;
#3948 = EDGE_CURVE ( 'NONE', #8202, #9113, #1607, .T. ) ;
#3949 = CARTESIAN_POINT ( 'NONE',  ( -31.57188114324586792, -79.99330960275527502, -18.50000000000371614 ) ) ;
#3950 = CARTESIAN_POINT ( 'NONE',  ( -37.87113999178260570, 67.55069494534538421, -2.999999999999999556 ) ) ;
#3951 = AXIS2_PLACEMENT_3D ( 'NONE', #596, #6140, #10356 ) ;
#3952 = VERTEX_POINT ( 'NONE', #7530 ) ;
#3953 = ORIENTED_EDGE ( 'NONE', *, *, #2562, .F. ) ;
#3954 = CARTESIAN_POINT ( 'NONE',  ( 76.70731484416435819, 49.88223981938102725, 30.00000000000000355 ) ) ;
#3955 = CARTESIAN_POINT ( 'NONE',  ( -32.73747638465012244, -85.44300813972128594, -16.00000000000000000 ) ) ;
#3956 = DIRECTION ( 'NONE',  ( -0.000000000000000000, 0.000000000000000000, 1.000000000000000000 ) ) ;
#3957 = CARTESIAN_POINT ( 'NONE',  ( 9.453987078548996337, -10.52536503081504904, -16.00000000000000000 ) ) ;
#3958 = VECTOR ( 'NONE', #3309, 1000.000000000000000 ) ;
#3959 = ORIENTED_EDGE ( 'NONE', *, *, #3840, .T. ) ;
#3960 = ORIENTED_EDGE ( 'NONE', *, *, #2125, .T. ) ;
#3961 = EDGE_CURVE ( 'NONE', #4659, #5450, #5424, .T. ) ;
#3962 = CARTESIAN_POINT ( 'NONE',  ( -76.70731484416437240, 49.88223981938102014, -16.00000000000000000 ) ) ;
#3963 = AXIS2_PLACEMENT_3D ( 'NONE', #5402, #1316, #7958 ) ;
#3964 = CYLINDRICAL_SURFACE ( 'NONE', #676, 2.500000000000002220 ) ;
#3965 = CARTESIAN_POINT ( 'NONE',  ( -11.12455864745020584, 12.38525498271514458, 0.000000000000000000 ) ) ;
#3966 = CIRCLE ( 'NONE', #476, 91.50000000000001421 ) ;
#3967 = ORIENTED_EDGE ( 'NONE', *, *, #10669, .F. ) ;
#3968 = CARTESIAN_POINT ( 'NONE',  ( -20.75814898601023728, 83.39934138177599721, -18.40430452063644040 ) ) ;
#3969 = EDGE_CURVE ( 'NONE', #3657, #6529, #7512, .T. ) ;
#3970 = VECTOR ( 'NONE', #7949, 1000.000000000000000 ) ;
#3971 = VERTEX_POINT ( 'NONE', #7579 ) ;
#3972 = EDGE_LOOP ( 'NONE', ( #5305, #3886, #1466, #460 ) ) ;
#3973 = CIRCLE ( 'NONE', #2222, 90.00000000000001421 ) ;
#3974 = ADVANCED_FACE ( 'NONE', ( #3439 ), #2632, .T. ) ;
#3975 = EDGE_CURVE ( 'NONE', #9469, #5592, #10245, .T. ) ;
#3976 = CARTESIAN_POINT ( 'NONE',  ( 40.52922369190288521, -43.88485168617526000, 17.00000000000000000 ) ) ;
#3977 = CARTESIAN_POINT ( 'NONE',  ( 31.57188114324649320, -79.99330960275725033, 32.49999999999704414 ) ) ;
#3978 = LINE ( 'NONE', #2996, #2611 ) ;
#3979 = CARTESIAN_POINT ( 'NONE',  ( -58.58369935574950915, 11.68111083677652395, -3.000000000000002665 ) ) ;
#3980 = CARTESIAN_POINT ( 'NONE',  ( 31.44063775839330788, -67.42193766160070822, 20.44096778185178209 ) ) ;
#3981 = VECTOR ( 'NONE', #6194, 1000.000000000000000 ) ;
#3982 = CARTESIAN_POINT ( 'NONE',  ( -72.56107605579842357, 46.15846078177011691, -18.49999999999877431 ) ) ;
#3983 = ORIENTED_EDGE ( 'NONE', *, *, #1298, .T. ) ;
#3984 = VECTOR ( 'NONE', #236, 999.9999999999998863 ) ;
#3985 = VECTOR ( 'NONE', #8338, 1000.000000000000114 ) ;
#3986 = ORIENTED_EDGE ( 'NONE', *, *, #2392, .T. ) ;
#3987 = ADVANCED_FACE ( 'NONE', ( #5182 ), #8566, .F. ) ;
#3988 = DIRECTION ( 'NONE',  ( -0.4056281494946307742, -0.9140381853826249348, 5.629221387562928359E-16 ) ) ;
#3989 = VERTEX_POINT ( 'NONE', #8514 ) ;
#3990 = DIRECTION ( 'NONE',  ( -0.000000000000000000, -0.000000000000000000, 1.000000000000000000 ) ) ;
#3991 = AXIS2_PLACEMENT_3D ( 'NONE', #5913, #965, #7607 ) ;
#3992 = ADVANCED_FACE ( 'NONE', ( #2736 ), #9035, .T. ) ;
#3993 = CIRCLE ( 'NONE', #6406, 2.500000000000002220 ) ;
#3994 = DIRECTION ( 'NONE',  ( 0.000000000000000000, 1.000000000000000000, 0.000000000000000000 ) ) ;
#3995 = CARTESIAN_POINT ( 'NONE',  ( 76.92514010090735610, -46.71747874677931378, 0.000000000000000000 ) ) ;
#3996 = ORIENTED_EDGE ( 'NONE', *, *, #2627, .F. ) ;
#3997 = CARTESIAN_POINT ( 'NONE',  ( -63.34558840311221672, -55.91184470041158505, 29.99988756943804447 ) ) ;
#3998 = CARTESIAN_POINT ( 'NONE',  ( -84.51649879303923285, -7.902060220586136552, -16.60901105260284893 ) ) ;
#3999 = ORIENTED_EDGE ( 'NONE', *, *, #106, .F. ) ;
#4000 = FACE_OUTER_BOUND ( 'NONE', #1000, .T. ) ;
#4001 = AXIS2_PLACEMENT_3D ( 'NONE', #3725, #3016, #4437 ) ;
#4002 = ORIENTED_EDGE ( 'NONE', *, *, #4615, .F. ) ;
#4003 = EDGE_LOOP ( 'NONE', ( #6744, #1114, #6934, #6349 ) ) ;
#4004 = DIRECTION ( 'NONE',  ( -1.000000000000000000, 9.769962616701377556E-15, 0.000000000000000000 ) ) ;
#4005 = LINE ( 'NONE', #5524, #3873 ) ;
#4006 = ORIENTED_EDGE ( 'NONE', *, *, #10118, .T. ) ;
#4007 = CARTESIAN_POINT ( 'NONE',  ( -66.64214824490700551, -55.51846396082407153, -18.50000000003825917 ) ) ;
#4008 = CIRCLE ( 'NONE', #10623, 2.499999999999998668 ) ;
#4009 = CARTESIAN_POINT ( 'NONE',  ( -84.51649879302289037, 7.902060220588069228, 30.60901105260185062 ) ) ;
#4010 = ORIENTED_EDGE ( 'NONE', *, *, #7112, .F. ) ;
#4011 = ORIENTED_EDGE ( 'NONE', *, *, #6074, .T. ) ;
#4012 = FACE_OUTER_BOUND ( 'NONE', #5536, .T. ) ;
#4013 = CARTESIAN_POINT ( 'NONE',  ( 58.78321495184668066, 10.63113418810572597, 17.00000000000000000 ) ) ;
#4014 = CARTESIAN_POINT ( 'NONE',  ( 76.70731484416432977, -49.88223981938107698, 30.00000000000000355 ) ) ;
#4015 = CARTESIAN_POINT ( 'NONE',  ( -84.11181528014994058, -8.000029888344043272, 29.99988756943569257 ) ) ;
#4016 = AXIS2_PLACEMENT_3D ( 'NONE', #492, #2390, #3315 ) ;
#4017 = ORIENTED_EDGE ( 'NONE', *, *, #9979, .T. ) ;
#4018 = EDGE_LOOP ( 'NONE', ( #4316, #2024, #9072, #9708 ) ) ;
#4019 = DIRECTION ( 'NONE',  ( -1.000000000000000000, -5.551115123125777969E-15, 0.000000000000000000 ) ) ;
#4020 = DIRECTION ( 'NONE',  ( -0.5010501812945491462, -0.8654182317380997302, 0.000000000000000000 ) ) ;
#4021 = CARTESIAN_POINT ( 'NONE',  ( 73.01104261940760409, -43.29636009638984007, 30.60853953549898065 ) ) ;
#4022 = ORIENTED_EDGE ( 'NONE', *, *, #5579, .F. ) ;
#4023 = B_SPLINE_CURVE_WITH_KNOTS ( 'NONE', 3,
 ( #877, #8226, #10738, #3980, #6586, #54, #9867, #7517, #10688, #9926, #5814, #10027 ),
 .UNSPECIFIED., .F., .F.,
 ( 4, 1, 2, 2, 1, 1, 1, 4 ),
 ( 0.000000000000000000, 0.4584319647126354202, 0.4870839625071743395, 0.5014099614044431608, 0.5157359603017119820, 0.5730399558907880442, 0.6876479470689401685, 0.9168639294252457494 ),
 .UNSPECIFIED. ) ;
#4024 = ADVANCED_FACE ( 'NONE', ( #8725 ), #1097, .F. ) ;
#4025 = CARTESIAN_POINT ( 'NONE',  ( 70.65825708038622111, 49.14423355574697183, -18.50000000005028866 ) ) ;
#4026 = DIRECTION ( 'NONE',  ( 0.000000000000000000, 0.000000000000000000, -1.000000000000000000 ) ) ;
#4027 = EDGE_LOOP ( 'NONE', ( #10313, #10596, #4082 ) ) ;
#4028 = ORIENTED_EDGE ( 'NONE', *, *, #6222, .T. ) ;
#4029 = TOROIDAL_SURFACE ( 'NONE', #7846, 91.50000000000001421, 2.500000000000000000 ) ;
#4030 = CARTESIAN_POINT ( 'NONE',  ( 76.92514010090734189, 46.71747874677929246, 17.00000000000000000 ) ) ;
#4031 = CARTESIAN_POINT ( 'NONE',  ( 0.000000000000000000, 0.000000000000000000, 30.00000000000000000 ) ) ;
#4032 = DIRECTION ( 'NONE',  ( -1.000000000000000000, 0.000000000000000000, 0.000000000000000000 ) ) ;
#4033 = DIRECTION ( 'NONE',  ( -0.000000000000000000, 0.000000000000000000, 1.000000000000000000 ) ) ;
#4034 = FACE_OUTER_BOUND ( 'NONE', #10785, .T. ) ;
#4035 = CARTESIAN_POINT ( 'NONE',  ( -73.20439052759479637, 44.11720363750106344, -17.57491144069124545 ) ) ;
#4036 = VERTEX_POINT ( 'NONE', #6091 ) ;
#4037 = VECTOR ( 'NONE', #9293, 1000.000000000000000 ) ;
#4038 = ORIENTED_EDGE ( 'NONE', *, *, #9506, .F. ) ;
#4039 = EDGE_CURVE ( 'NONE', #2992, #1969, #3107, .T. ) ;
#4040 = LINE ( 'NONE', #8181, #5026 ) ;
#4041 = FACE_OUTER_BOUND ( 'NONE', #1236, .T. ) ;
#4042 = ORIENTED_EDGE ( 'NONE', *, *, #4039, .T. ) ;
#4043 = LINE ( 'NONE', #1372, #3440 ) ;
#4044 = AXIS2_PLACEMENT_3D ( 'NONE', #4709, #9890, #9018 ) ;
#4045 = DIRECTION ( 'NONE',  ( 1.000000000000000000, 0.000000000000000000, 0.000000000000000000 ) ) ;
#4046 = CARTESIAN_POINT ( 'NONE',  ( 12.40088313447809476, -68.98612393413637278, -4.123581316516858664 ) ) ;
#4047 = CARTESIAN_POINT ( 'NONE',  ( -20.66370226121104636, -79.36071184248990562, 17.00000000000000000 ) ) ;
#4048 = EDGE_CURVE ( 'NONE', #10777, #9766, #10599, .T. ) ;
#4049 = FACE_OUTER_BOUND ( 'NONE', #7065, .T. ) ;
#4050 = EDGE_LOOP ( 'NONE', ( #5186, #2438 ) ) ;
#4051 = ADVANCED_FACE ( 'NONE', ( #7788 ), #2683, .T. ) ;
#4052 = CARTESIAN_POINT ( 'NONE',  ( -59.95392500470556740, 53.94820256327514585, 24.94393758859103727 ) ) ;
#4053 = EDGE_CURVE ( 'NONE', #10331, #5227, #1027, .T. ) ;
#4054 = ORIENTED_EDGE ( 'NONE', *, *, #6888, .T. ) ;
#4055 = ADVANCED_FACE ( 'NONE', ( #172 ), #1963, .T. ) ;
#4056 = CARTESIAN_POINT ( 'NONE',  ( -29.21275527316164045, 52.10674725922036998, 17.00000000000000000 ) ) ;
#4057 = ORIENTED_EDGE ( 'NONE', *, *, #3504, .T. ) ;
#4058 = PLANE ( 'NONE',  #3761 ) ;
#4059 = CARTESIAN_POINT ( 'NONE',  ( 63.34571104243288886, -55.91169000874213424, 29.99987001606818637 ) ) ;
#4060 = VERTEX_POINT ( 'NONE', #329 ) ;
#4061 = DIRECTION ( 'NONE',  ( 0.7439559807600383268, -0.6682286275604850667, 1.854707020078298253E-15 ) ) ;
#4062 = EDGE_CURVE ( 'NONE', #7490, #3861, #6459, .T. ) ;
#4063 = SPHERICAL_SURFACE ( 'NONE', #6564, 2.500000000000000000 ) ;
#4064 = ORIENTED_EDGE ( 'NONE', *, *, #4844, .F. ) ;
#4065 = ORIENTED_EDGE ( 'NONE', *, *, #4189, .F. ) ;
#4066 = CARTESIAN_POINT ( 'NONE',  ( -78.28036871071243752, 51.29517237655764461, -18.50000000000000000 ) ) ;
#4067 = B_SPLINE_CURVE_WITH_KNOTS ( 'NONE', 3,
 ( #3824, #4634, #3768, #5291 ),
 .UNSPECIFIED., .F., .F.,
 ( 4, 4 ),
 ( 0.1618091703083812671, 0.8381908316156413408 ),
 .UNSPECIFIED. ) ;
#4068 = CARTESIAN_POINT ( 'NONE',  ( 11.12455864745016676, 12.38525498271512504, 0.000000000000000000 ) ) ;
#4069 = EDGE_CURVE ( 'NONE', #2779, #5775, #5547, .T. ) ;
#4070 = VECTOR ( 'NONE', #3765, 1000.000000000000000 ) ;
#4071 = CARTESIAN_POINT ( 'NONE',  ( 31.56055884801374489, 67.98277582726035462, 20.75628178948534952 ) ) ;
#4072 = ORIENTED_EDGE ( 'NONE', *, *, #2974, .T. ) ;
#4073 = ORIENTED_EDGE ( 'NONE', *, *, #7671, .F. ) ;
#4074 = AXIS2_PLACEMENT_3D ( 'NONE', #7864, #2033, #4596 ) ;
#4075 = PLANE ( 'NONE',  #2567 ) ;
#4076 = DIRECTION ( 'NONE',  ( -1.000000000000000000, 0.000000000000000000, 0.000000000000000000 ) ) ;
#4077 = VECTOR ( 'NONE', #982, 1000.000000000000000 ) ;
#4078 = ORIENTED_EDGE ( 'NONE', *, *, #10238, .F. ) ;
#4079 = CARTESIAN_POINT ( 'NONE',  ( -63.62178864298299885, -56.03701806753901593, -16.44635447521369542 ) ) ;
#4080 = DIRECTION ( 'NONE',  ( -1.000000000000000000, 0.000000000000000000, 0.000000000000000000 ) ) ;
#4081 = DIRECTION ( 'NONE',  ( -0.000000000000000000, -0.000000000000000000, -1.000000000000000000 ) ) ;
#4082 = ORIENTED_EDGE ( 'NONE', *, *, #8636, .F. ) ;
#4083 = ORIENTED_EDGE ( 'NONE', *, *, #1845, .F. ) ;
#4084 = CARTESIAN_POINT ( 'NONE',  ( 54.90271291038740742, 51.02370820575245602, -6.756281789464789966 ) ) ;
#4085 = CARTESIAN_POINT ( 'NONE',  ( -18.38368993619057079, 82.46718214796932500, 29.99987001606569592 ) ) ;
#4086 = CARTESIAN_POINT ( 'NONE',  ( 31.74954950104018181, -68.86663346652618145, -7.279719104241790362 ) ) ;
#4087 = EDGE_CURVE ( 'NONE', #8834, #8078, #8166, .T. ) ;
#4088 = FACE_OUTER_BOUND ( 'NONE', #8228, .T. ) ;
#4089 = DIRECTION ( 'NONE',  ( -1.000000000000000000, 0.000000000000000000, -0.000000000000000000 ) ) ;
#4090 = DIRECTION ( 'NONE',  ( 0.2090980990620599222, -0.9778946696698130880, 0.000000000000000000 ) ) ;
#4091 = ORIENTED_EDGE ( 'NONE', *, *, #1918, .F. ) ;
#4092 = CARTESIAN_POINT ( 'NONE',  ( -73.19412215337209204, -44.40009685093840375, 31.81104402676939458 ) ) ;
#4093 = CARTESIAN_POINT ( 'NONE',  ( -73.39475327403729921, -46.22430048269493597, 32.50000000000000711 ) ) ;
#4094 = ORIENTED_EDGE ( 'NONE', *, *, #4510, .T. ) ;
#4095 = CARTESIAN_POINT ( 'NONE',  ( -64.58450190662257739, 55.98697954615661843, -17.57978544521135333 ) ) ;
#4096 = AXIS2_PLACEMENT_3D ( 'NONE', #6480, #4913, #664 ) ;
#4097 = DIRECTION ( 'NONE',  ( 0.000000000000000000, 0.000000000000000000, -1.000000000000000000 ) ) ;
#4098 = CARTESIAN_POINT ( 'NONE',  ( -15.21675513427115511, -6.752829723239148763, -0.000000000000000000 ) ) ;
#4099 = CARTESIAN_POINT ( 'NONE',  ( -8.341399780305355449, -14.40733826189104860, 17.00000000000000000 ) ) ;
#4100 = CARTESIAN_POINT ( 'NONE',  ( 71.14469310733639418, 57.53853180837101178, -18.50000000000000000 ) ) ;
#4101 = ORIENTED_EDGE ( 'NONE', *, *, #2857, .T. ) ;
#4102 = DIRECTION ( 'NONE',  ( 1.000000000000000000, 0.000000000000000000, 0.000000000000000000 ) ) ;
#4103 = ORIENTED_EDGE ( 'NONE', *, *, #856, .T. ) ;
#4104 = PLANE ( 'NONE',  #6129 ) ;
#4105 = VERTEX_POINT ( 'NONE', #381 ) ;
#4106 = ADVANCED_FACE ( 'NONE', ( #9541 ), #3702, .F. ) ;
#4107 = DIRECTION ( 'NONE',  ( 0.8654182317380996192, 0.5010501812945494793, 0.000000000000000000 ) ) ;
#4108 = AXIS2_PLACEMENT_3D ( 'NONE', #4375, #7693, #6101 ) ;
#4109 = DIRECTION ( 'NONE',  ( -0.000000000000000000, -0.000000000000000000, 1.000000000000000000 ) ) ;
#4110 = ADVANCED_FACE ( 'NONE', ( #3874 ), #2324, .T. ) ;
#4111 = EDGE_LOOP ( 'NONE', ( #6466, #3428, #9246, #8552 ) ) ;
#4112 = ADVANCED_FACE ( 'NONE', ( #8009 ), #10521, .T. ) ;
#4113 = DIRECTION ( 'NONE',  ( -0.000000000000000000, -0.000000000000000000, 1.000000000000000000 ) ) ;
#4114 = CARTESIAN_POINT ( 'NONE',  ( 59.95392500469845487, -53.94820256327103181, 24.94393758858898380 ) ) ;
#4115 = CARTESIAN_POINT ( 'NONE',  ( 10.51762526714789026, 64.74241055821153168, -3.000000000000003997 ) ) ;
#4116 = CIRCLE ( 'NONE', #9514, 90.00000000000001421 ) ;
#4117 = VERTEX_POINT ( 'NONE', #7074 ) ;
#4118 = CARTESIAN_POINT ( 'NONE',  ( 0.000000000000000000, 0.000000000000000000, 17.00000000000000000 ) ) ;
#4119 = DIRECTION ( 'NONE',  ( -1.000000000000000000, 0.000000000000000000, 0.000000000000000000 ) ) ;
#4120 = FACE_OUTER_BOUND ( 'NONE', #1612, .T. ) ;
#4121 = CARTESIAN_POINT ( 'NONE',  ( 0.000000000000000000, 0.000000000000000000, 17.00000000000000000 ) ) ;
#4122 = EDGE_CURVE ( 'NONE', #3199, #520, #6938, .T. ) ;
#4123 = ORIENTED_EDGE ( 'NONE', *, *, #9473, .F. ) ;
#4124 = AXIS2_PLACEMENT_3D ( 'NONE', #990, #4311, #1858 ) ;
#4125 = ORIENTED_EDGE ( 'NONE', *, *, #4986, .F. ) ;
#4126 = ADVANCED_FACE ( 'NONE', ( #6358 ), #4686, .T. ) ;
#4127 = DIRECTION ( 'NONE',  ( -0.000000000000000000, -1.000000000000000000, -0.000000000000000000 ) ) ;
#4128 = VERTEX_POINT ( 'NONE', #3982 ) ;
#4129 = AXIS2_PLACEMENT_3D ( 'NONE', #4668, #6289, #6179 ) ;
#4130 = CARTESIAN_POINT ( 'NONE',  ( 8.054202958896464537, 59.19136076230722665, -3.000000000000000000 ) ) ;
#4131 = FACE_OUTER_BOUND ( 'NONE', #3929, .T. ) ;
#4132 = DIRECTION ( 'NONE',  ( -0.000000000000000000, 0.000000000000000000, 1.000000000000000000 ) ) ;
#4133 = ORIENTED_EDGE ( 'NONE', *, *, #1598, .F. ) ;
#4134 = ORIENTED_EDGE ( 'NONE', *, *, #173, .T. ) ;
#4135 = CARTESIAN_POINT ( 'NONE',  ( -72.75018757561645089, 42.96752443002034028, 29.99988756943677259 ) ) ;
#4136 = AXIS2_PLACEMENT_3D ( 'NONE', #765, #4954, #10634 ) ;
#4137 = CYLINDRICAL_SURFACE ( 'NONE', #5158, 2.499999999999999556 ) ;
#4138 = DIRECTION ( 'NONE',  ( -0.000000000000000000, 0.000000000000000000, 1.000000000000000000 ) ) ;
#4139 = DIRECTION ( 'NONE',  ( 0.000000000000000000, 0.000000000000000000, -1.000000000000000000 ) ) ;
#4140 = CARTESIAN_POINT ( 'NONE',  ( 0.000000000000000000, 0.000000000000000000, -3.000000000000000000 ) ) ;
#4141 = LINE ( 'NONE', #1746, #2603 ) ;
#4142 = ORIENTED_EDGE ( 'NONE', *, *, #9297, .F. ) ;
#4143 = LINE ( 'NONE', #5925, #3985 ) ;
#4144 = AXIS2_PLACEMENT_3D ( 'NONE', #2984, #9632, #7169 ) ;
#4145 = DIRECTION ( 'NONE',  ( -0.7439559807600395480, -0.6682286275604836234, 0.000000000000000000 ) ) ;
#4146 = ORIENTED_EDGE ( 'NONE', *, *, #7102, .F. ) ;
#4147 = DIRECTION ( 'NONE',  ( -1.215628400948271438E-15, 7.038109532990086325E-16, -1.000000000000000000 ) ) ;
#4148 = VECTOR ( 'NONE', #2353, 999.9999999999998863 ) ;
#4149 = CARTESIAN_POINT ( 'NONE',  ( 0.000000000000000000, 0.000000000000000000, 17.00000000000000000 ) ) ;
#4150 = CARTESIAN_POINT ( 'NONE',  ( 0.000000000000000000, 0.000000000000000000, -3.000000000000000000 ) ) ;
#4151 = CARTESIAN_POINT ( 'NONE',  ( -91.63587112389404865, 7.218468586842882395, 17.00000000000000000 ) ) ;
#4152 = CARTESIAN_POINT ( 'NONE',  ( 91.37756621894718023, -4.731848676989276470, -16.00000000000000000 ) ) ;
#4153 = AXIS2_PLACEMENT_3D ( 'NONE', #5934, #9283, #8456 ) ;
#4154 = CIRCLE ( 'NONE', #4669, 94.00000000000001421 ) ;
#4155 = CARTESIAN_POINT ( 'NONE',  ( -26.36704873968084684, -43.69414826633877169, 0.000000000000000000 ) ) ;
#4156 = VERTEX_POINT ( 'NONE', #7132 ) ;
#4157 = TOROIDAL_SURFACE ( 'NONE', #324, 91.50000000000001421, 2.500000000000000000 ) ;
#4158 = EDGE_CURVE ( 'NONE', #921, #8078, #9701, .T. ) ;
#4159 = DIRECTION ( 'NONE',  ( 1.000000000000000000, 0.000000000000000000, -1.387778780781446464E-15 ) ) ;
#4160 = ORIENTED_EDGE ( 'NONE', *, *, #528, .F. ) ;
#4161 = ADVANCED_FACE ( 'NONE', ( #1363 ), #10415, .T. ) ;
#4162 = CARTESIAN_POINT ( 'NONE',  ( 6.993962115396860746, 59.32607078270307710, -3.000000000000002665 ) ) ;
#4163 = AXIS2_PLACEMENT_3D ( 'NONE', #9429, #3749, #4563 ) ;
#4164 = DIRECTION ( 'NONE',  ( 0.4056281494946316069, -0.9140381853826243796, 0.000000000000000000 ) ) ;
#4165 = EDGE_LOOP ( 'NONE', ( #2967, #3902, #8657, #8799 ) ) ;
#4166 = CARTESIAN_POINT ( 'NONE',  ( 0.000000000000000000, 0.000000000000000000, 17.00000000000000000 ) ) ;
#4167 = CARTESIAN_POINT ( 'NONE',  ( 62.07565424154106637, -55.17661765760390580, 27.81128689715069058 ) ) ;
#4168 = CARTESIAN_POINT ( 'NONE',  ( 14.86314885240103223, 74.53456748161742951, -7.393841654325987278 ) ) ;
#4169 = AXIS2_PLACEMENT_3D ( 'NONE', #1935, #7811, #10329 ) ;
#4170 = AXIS2_PLACEMENT_3D ( 'NONE', #3140, #6506, #8970 ) ;
#4171 = VERTEX_POINT ( 'NONE', #10575 ) ;
#4172 = CARTESIAN_POINT ( 'NONE',  ( -42.05602593911584819, -75.01526966030594679, -18.50000000000000355 ) ) ;
#4173 = DIRECTION ( 'NONE',  ( 1.000000000000000000, 0.000000000000000000, 0.000000000000000000 ) ) ;
#4174 = CARTESIAN_POINT ( 'NONE',  ( -32.73747638465002296, 85.44300813972131436, -18.50000000000000000 ) ) ;
#4175 = EDGE_CURVE ( 'NONE', #9956, #10011, #6843, .T. ) ;
#4176 = EDGE_CURVE ( 'NONE', #1748, #6557, #2767, .T. ) ;
#4177 = FACE_OUTER_BOUND ( 'NONE', #2565, .T. ) ;
#4178 = ORIENTED_EDGE ( 'NONE', *, *, #1925, .F. ) ;
#4179 = VECTOR ( 'NONE', #2634, 1000.000000000000000 ) ;
#4180 = ORIENTED_EDGE ( 'NONE', *, *, #5839, .F. ) ;
#4181 = CARTESIAN_POINT ( 'NONE',  ( -20.03693042565683413, -86.19352676786024858, 29.99977963718097840 ) ) ;
#4182 = ADVANCED_FACE ( 'NONE', ( #1477 ), #8119, .T. ) ;
#4183 = DIRECTION ( 'NONE',  ( 0.7439559807600396590, 0.6682286275604836234, 0.000000000000000000 ) ) ;
#4184 = ADVANCED_FACE ( 'NONE', ( #8829 ), #7950, .T. ) ;
#4185 = ORIENTED_EDGE ( 'NONE', *, *, #3379, .T. ) ;
#4186 = LINE ( 'NONE', #1175, #454 ) ;
#4187 = AXIS2_PLACEMENT_3D ( 'NONE', #9146, #3206, #6518 ) ;
#4188 = CARTESIAN_POINT ( 'NONE',  ( 20.74658999935850190, -83.41091385398470948, 32.41801905197270628 ) ) ;
#4189 = EDGE_CURVE ( 'NONE', #8941, #3679, #3817, .T. ) ;
#4190 = CARTESIAN_POINT ( 'NONE',  ( 84.11181528012880904, 8.000029888349015295, 29.99988756943639601 ) ) ;
#4191 = DIRECTION ( 'NONE',  ( -0.000000000000000000, -0.000000000000000000, -1.000000000000000000 ) ) ;
#4192 = ORIENTED_EDGE ( 'NONE', *, *, #5480, .T. ) ;
#4193 = CARTESIAN_POINT ( 'NONE',  ( -64.50555363647596607, -56.01666028946021925, -17.51011478180112135 ) ) ;
#4194 = PLANE ( 'NONE',  #10217 ) ;
#4195 = DIRECTION ( 'NONE',  ( -1.000000000000000000, 0.000000000000000000, 0.000000000000000000 ) ) ;
#4196 = CARTESIAN_POINT ( 'NONE',  ( 0.000000000000000000, 0.000000000000000000, 0.000000000000000000 ) ) ;
#4197 = DIRECTION ( 'NONE',  ( -0.5010501812945491462, 0.8654182317380997302, 0.000000000000000000 ) ) ;
#4198 = ADVANCED_FACE ( 'NONE', ( #6528 ), #3426, .T. ) ;
#4199 = CARTESIAN_POINT ( 'NONE',  ( 33.60027588703039214, -77.52301366324017806, -15.99987001607045656 ) ) ;
#4200 = VERTEX_POINT ( 'NONE', #10028 ) ;
#4201 = AXIS2_PLACEMENT_3D ( 'NONE', #2628, #10145, #4310 ) ;
#4202 = CARTESIAN_POINT ( 'NONE',  ( 76.70731484416432977, 49.88223981938108409, 14.00000000000000000 ) ) ;
#4203 = CARTESIAN_POINT ( 'NONE',  ( -46.29064977216295773, -38.56396948156756821, 17.00000000000000000 ) ) ;
#4204 = ORIENTED_EDGE ( 'NONE', *, *, #6960, .F. ) ;
#4205 = DIRECTION ( 'NONE',  ( 0.000000000000000000, -1.000000000000000000, -1.387778780781444492E-15 ) ) ;
#4206 = CARTESIAN_POINT ( 'NONE',  ( 64.20155646345962452, 56.06890883343360343, 31.18477683937062750 ) ) ;
#4207 = CARTESIAN_POINT ( 'NONE',  ( 33.61821231353138018, -77.94230521873717521, 30.60853953549825945 ) ) ;
#4208 = CARTESIAN_POINT ( 'NONE',  ( 0.000000000000000000, 0.000000000000000000, 17.00000000000000000 ) ) ;
#4209 = CIRCLE ( 'NONE', #5593, 94.00000000000001421 ) ;
#4210 = DIRECTION ( 'NONE',  ( 0.000000000000000000, 0.000000000000000000, 1.000000000000000000 ) ) ;
#4211 = CARTESIAN_POINT ( 'NONE',  ( -54.45767756182832642, 50.76604661058341605, 20.47255601219871224 ) ) ;
#4212 = ORIENTED_EDGE ( 'NONE', *, *, #9022, .T. ) ;
#4213 = FACE_OUTER_BOUND ( 'NONE', #4566, .T. ) ;
#4214 = VERTEX_POINT ( 'NONE', #9868 ) ;
#4215 = AXIS2_PLACEMENT_3D ( 'NONE', #6384, #8913, #9837 ) ;
#4216 = CARTESIAN_POINT ( 'NONE',  ( 78.80314311859508791, -51.24514254668655155, -3.000000000000000000 ) ) ;
#4217 = B_SPLINE_CURVE_WITH_KNOTS ( 'NONE', 3,
 ( #4834, #704, #4025, #9857 ),
 .UNSPECIFIED., .F., .F.,
 ( 4, 4 ),
 ( 0.1618091703085910160, 0.8381908316155943783 ),
 .UNSPECIFIED. ) ;
#4218 = DIRECTION ( 'NONE',  ( -0.000000000000000000, 0.000000000000000000, 1.000000000000000000 ) ) ;
#4219 = ORIENTED_EDGE ( 'NONE', *, *, #1582, .F. ) ;
#4220 = CARTESIAN_POINT ( 'NONE',  ( -21.93100995607365888, -56.02901732227853415, -3.000000000000000000 ) ) ;
#4221 = DIRECTION ( 'NONE',  ( -0.000000000000000000, -0.000000000000000000, 1.000000000000000000 ) ) ;
#4222 = CARTESIAN_POINT ( 'NONE',  ( 14.58015342489072275, 73.89686857596853997, -6.974636927869035219 ) ) ;
#4223 = EDGE_CURVE ( 'NONE', #5665, #4128, #8423, .T. ) ;
#4224 = CIRCLE ( 'NONE', #214, 51.03332099679091982 ) ;
#4225 = VERTEX_POINT ( 'NONE', #2558 ) ;
#4226 = CARTESIAN_POINT ( 'NONE',  ( -26.36704873968082907, -43.69414826633879301, 17.00000000000000000 ) ) ;
#4227 = CARTESIAN_POINT ( 'NONE',  ( -85.64179367128234333, -7.841120887062019484, -16.00000000000000000 ) ) ;
#4228 = FACE_OUTER_BOUND ( 'NONE', #2383, .T. ) ;
#4229 = ORIENTED_EDGE ( 'NONE', *, *, #8771, .F. ) ;
#4230 = ORIENTED_EDGE ( 'NONE', *, *, #10454, .F. ) ;
#4231 = CARTESIAN_POINT ( 'NONE',  ( -66.32191054004135822, 54.74593539650686580, -18.50000000000553868 ) ) ;
#4232 = DIRECTION ( 'NONE',  ( -1.000000000000000000, 0.000000000000000000, 0.000000000000000000 ) ) ;
#4233 = ORIENTED_EDGE ( 'NONE', *, *, #301, .F. ) ;
#4234 = CARTESIAN_POINT ( 'NONE',  ( 85.58247135719618370, 6.534412810519534709, -18.20313577063544486 ) ) ;
#4235 = AXIS2_PLACEMENT_3D ( 'NONE', #3054, #8891, #8945 ) ;
#4236 = CARTESIAN_POINT ( 'NONE',  ( -76.70731484416432977, 49.88223981938109119, 30.00000000000000000 ) ) ;
#4237 = CARTESIAN_POINT ( 'NONE',  ( 0.000000000000000000, 0.000000000000000000, 30.00000000000000000 ) ) ;
#4238 = CARTESIAN_POINT ( 'NONE',  ( -4.351385440520328274, 50.84747089786795726, 16.99999999999998579 ) ) ;
#4239 = ORIENTED_EDGE ( 'NONE', *, *, #7911, .F. ) ;
#4240 = EDGE_CURVE ( 'NONE', #6336, #9465, #10373, .T. ) ;
#4241 = CIRCLE ( 'NONE', #5632, 90.00000000000001421 ) ;
#4242 = CARTESIAN_POINT ( 'NONE',  ( 0.000000000000000000, 0.000000000000000000, -16.00000000000000000 ) ) ;
#4243 = CARTESIAN_POINT ( 'NONE',  ( 65.67675763546507994, -55.38516917295716979, -18.34770930448640414 ) ) ;
#4244 = ADVANCED_FACE ( 'NONE', ( #7353 ), #10689, .F. ) ;
#4245 = EDGE_CURVE ( 'NONE', #2789, #536, #766, .T. ) ;
#4246 = DIRECTION ( 'NONE',  ( -0.000000000000000000, -0.000000000000000000, 1.000000000000000000 ) ) ;
#4247 = DIRECTION ( 'NONE',  ( -0.000000000000000000, -0.000000000000000000, -1.000000000000000000 ) ) ;
#4248 = CARTESIAN_POINT ( 'NONE',  ( -76.70731484416435819, 49.88223981938101304, 14.00000000000000000 ) ) ;
#4249 = ORIENTED_EDGE ( 'NONE', *, *, #117, .F. ) ;
#4250 = VECTOR ( 'NONE', #2142, 1000.000000000000000 ) ;
#4251 = CARTESIAN_POINT ( 'NONE',  ( 0.000000000000000000, 0.000000000000000000, -16.00000000000000000 ) ) ;
#4252 = LINE ( 'NONE', #9162, #1285 ) ;
#4253 = VERTEX_POINT ( 'NONE', #6588 ) ;
#4254 = ADVANCED_FACE ( 'NONE', ( #5815 ), #4955, .T. ) ;
#4255 = CARTESIAN_POINT ( 'NONE',  ( -31.47738211370294792, -79.54989157688262935, -18.50000000000000000 ) ) ;
#4256 = CARTESIAN_POINT ( 'NONE',  ( 66.07638854649636073, 55.02230383175219686, 32.47998818981150748 ) ) ;
#4257 = LINE ( 'NONE', #10094, #4464 ) ;
#4258 = LINE ( 'NONE', #2519, #3797 ) ;
#4259 = EDGE_CURVE ( 'NONE', #6201, #4200, #4141, .T. ) ;
#4260 = DIRECTION ( 'NONE',  ( -8.833086424683611535E-16, 1.092185016064779023E-15, 1.000000000000000000 ) ) ;
#4261 = EDGE_LOOP ( 'NONE', ( #2772, #6360, #6885, #5819 ) ) ;
#4262 = DIRECTION ( 'NONE',  ( 0.8654182317380989531, 0.5010501812945508116, 0.000000000000000000 ) ) ;
#4263 = ORIENTED_EDGE ( 'NONE', *, *, #7138, .F. ) ;
#4264 = CARTESIAN_POINT ( 'NONE',  ( -71.14469310733643681, -57.53853180837095493, 32.50000000000000000 ) ) ;
#4265 = ORIENTED_EDGE ( 'NONE', *, *, #4783, .F. ) ;
#4266 = CARTESIAN_POINT ( 'NONE',  ( 22.37191700916556059, 55.94194604958511263, -3.000000000000002665 ) ) ;
#4267 = FACE_OUTER_BOUND ( 'NONE', #2746, .T. ) ;
#4268 = VECTOR ( 'NONE', #8486, 1000.000000000000227 ) ;
#4269 = EDGE_LOOP ( 'NONE', ( #5359, #4322, #9951, #4867 ) ) ;
#4270 = DIRECTION ( 'NONE',  ( 0.2594203863158882073, 0.9657644967401294300, -1.387778780781446267E-15 ) ) ;
#4271 = B_SPLINE_CURVE_WITH_KNOTS ( 'NONE', 3,
 ( #2695, #4167, #4114, #1664, #1716, #9183, #5998, #6711, #951, #1769, #7488, #3455 ),
 .UNSPECIFIED., .F., .F.,
 ( 4, 1, 1, 1, 2, 2, 1, 4 ),
 ( 0.08354533723105854459, 0.3126590029232931278, 0.4272158357694100239, 0.4844942521924683887, 0.4988138562982332158, 0.5131334604039979874, 0.5417726686155274196, 1.000000000000000000 ),
 .UNSPECIFIED. ) ;
#4272 = LINE ( 'NONE', #4330, #2407 ) ;
#4273 = CARTESIAN_POINT ( 'NONE',  ( -11.12455864745016321, -12.38525498271512681, -3.000000000000000000 ) ) ;
#4274 = EDGE_LOOP ( 'NONE', ( #4461, #1489, #3164, #5505, #5954, #4002 ) ) ;
#4275 = FACE_OUTER_BOUND ( 'NONE', #3083, .T. ) ;
#4276 = DIRECTION ( 'NONE',  ( -1.000000000000000000, 0.000000000000000000, 0.000000000000000000 ) ) ;
#4277 = AXIS2_PLACEMENT_3D ( 'NONE', #9681, #4720, #9031 ) ;
#4278 = DIRECTION ( 'NONE',  ( -0.000000000000000000, -0.000000000000000000, -1.000000000000000000 ) ) ;
#4279 = ORIENTED_EDGE ( 'NONE', *, *, #1861, .T. ) ;
#4280 = EDGE_CURVE ( 'NONE', #138, #7345, #1536, .T. ) ;
#4281 = ORIENTED_EDGE ( 'NONE', *, *, #5441, .T. ) ;
#4282 = DIRECTION ( 'NONE',  ( 0.000000000000000000, 1.000000000000000000, 0.000000000000000000 ) ) ;
#4283 = AXIS2_PLACEMENT_3D ( 'NONE', #398, #1222, #7808 ) ;
#4284 = AXIS2_PLACEMENT_3D ( 'NONE', #4925, #9782, #9944 ) ;
#4285 = DIRECTION ( 'NONE',  ( 0.000000000000000000, -0.000000000000000000, -1.000000000000000000 ) ) ;
#4286 = VERTEX_POINT ( 'NONE', #10347 ) ;
#4287 = CYLINDRICAL_SURFACE ( 'NONE', #7757, 90.00000000000001421 ) ;
#4288 = CARTESIAN_POINT ( 'NONE',  ( -55.12700534848396927, -51.15356653626805894, -6.904288729139089753 ) ) ;
#4289 = DIRECTION ( 'NONE',  ( -0.000000000000000000, -0.000000000000000000, -1.000000000000000000 ) ) ;
#4290 = CIRCLE ( 'NONE', #9343, 2.499999999999998668 ) ;
#4291 = CARTESIAN_POINT ( 'NONE',  ( -91.37756621894718023, -4.731848676989288016, -16.00000000000000000 ) ) ;
#4292 = ORIENTED_EDGE ( 'NONE', *, *, #8906, .T. ) ;
#4293 = ADVANCED_FACE ( 'NONE', ( #6956 ), #10138, .T. ) ;
#4294 = CARTESIAN_POINT ( 'NONE',  ( 50.62105794678372206, 48.54476343999948540, -4.133895840718532000 ) ) ;
#4295 = CARTESIAN_POINT ( 'NONE',  ( 70.65825708027125529, -49.14423355567724627, -18.50000000012632029 ) ) ;
#4296 = CARTESIAN_POINT ( 'NONE',  ( 64.45296278979887461, -56.02319583289312988, -17.45153177885599760 ) ) ;
#4297 = CARTESIAN_POINT ( 'NONE',  ( 0.000000000000000000, 0.000000000000000000, -18.50000000000000000 ) ) ;
#4298 = SPHERICAL_SURFACE ( 'NONE', #6918, 2.500000000000000000 ) ;
#4299 = CARTESIAN_POINT ( 'NONE',  ( 66.32191054007930120, -54.74593539653813679, 32.50000000000295586 ) ) ;
#4300 = VECTOR ( 'NONE', #4737, 1000.000000000000000 ) ;
#4301 = ORIENTED_EDGE ( 'NONE', *, *, #10018, .T. ) ;
#4302 = EDGE_CURVE ( 'NONE', #8448, #2756, #350, .T. ) ;
#4303 = FACE_OUTER_BOUND ( 'NONE', #4261, .T. ) ;
#4304 = CARTESIAN_POINT ( 'NONE',  ( 74.28185921982560558, -9.021167253239021022, 20.68516148235953267 ) ) ;
#4305 = EDGE_CURVE ( 'NONE', #9814, #4374, #5209, .T. ) ;
#4306 = EDGE_LOOP ( 'NONE', ( #1132, #8846, #945, #3833, #2909, #715 ) ) ;
#4307 = EDGE_CURVE ( 'NONE', #341, #7490, #3726, .T. ) ;
#4308 = CARTESIAN_POINT ( 'NONE',  ( 54.40638177294980693, -50.73634794770032386, -6.440967781856776320 ) ) ;
#4309 = VECTOR ( 'NONE', #8871, 1000.000000000000000 ) ;
#4310 = DIRECTION ( 'NONE',  ( -1.000000000000000000, 0.000000000000000000, 0.000000000000000000 ) ) ;
#4311 = DIRECTION ( 'NONE',  ( 0.000000000000000000, 1.000000000000000000, 0.000000000000000000 ) ) ;
#4312 = CARTESIAN_POINT ( 'NONE',  ( -33.60046090516959083, 77.52294482862538416, 29.99988756943789170 ) ) ;
#4313 = CARTESIAN_POINT ( 'NONE',  ( -65.06563089897716168, 36.06515016485094804, 20.44096778185934227 ) ) ;
#4314 = CARTESIAN_POINT ( 'NONE',  ( 35.62433945033694727, -86.98796720654625858, 17.00000000000000000 ) ) ;
#4315 = CIRCLE ( 'NONE', #7612, 2.500000000000002220 ) ;
#4316 = ORIENTED_EDGE ( 'NONE', *, *, #8455, .T. ) ;
#4317 = EDGE_CURVE ( 'NONE', #4870, #1626, #10258, .T. ) ;
#4318 = AXIS2_PLACEMENT_3D ( 'NONE', #6819, #128, #901 ) ;
#4319 = CARTESIAN_POINT ( 'NONE',  ( 76.70731484416437240, 49.88223981938103435, 30.00000000000000355 ) ) ;
#4320 = ORIENTED_EDGE ( 'NONE', *, *, #3948, .T. ) ;
#4321 = DIRECTION ( 'NONE',  ( -1.000000000000000000, 0.000000000000000000, 0.000000000000000000 ) ) ;
#4322 = ORIENTED_EDGE ( 'NONE', *, *, #5303, .T. ) ;
#4323 = AXIS2_PLACEMENT_3D ( 'NONE', #9699, #4033, #5554 ) ;
#4324 = EDGE_CURVE ( 'NONE', #3892, #3191, #6596, .T. ) ;
#4325 = DIRECTION ( 'NONE',  ( -0.000000000000000000, -0.000000000000000000, -1.000000000000000000 ) ) ;
#4326 = AXIS2_PLACEMENT_3D ( 'NONE', #8759, #584, #4671 ) ;
#4327 = CARTESIAN_POINT ( 'NONE',  ( -93.87422103367251225, -4.861134159967122947, 14.00000000000000000 ) ) ;
#4328 = EDGE_LOOP ( 'NONE', ( #9277, #4618, #571, #6448 ) ) ;
#4329 = LINE ( 'NONE', #1061, #4037 ) ;
#4330 = CARTESIAN_POINT ( 'NONE',  ( -21.29251602193722803, 82.85915517359197224, -18.50000000000000000 ) ) ;
#4331 = LINE ( 'NONE', #6820, #4496 ) ;
#4332 = VECTOR ( 'NONE', #6684, 1000.000000000000000 ) ;
#4333 = ORIENTED_EDGE ( 'NONE', *, *, #9512, .T. ) ;
#4334 = CARTESIAN_POINT ( 'NONE',  ( 0.000000000000000000, 0.000000000000000000, -3.000000000000000000 ) ) ;
#4335 = DIRECTION ( 'NONE',  ( 0.000000000000000000, 0.000000000000000000, -1.000000000000000000 ) ) ;
#4336 = AXIS2_PLACEMENT_3D ( 'NONE', #5283, #1048, #9439 ) ;
#4337 = DIRECTION ( 'NONE',  ( 1.000000000000000000, -5.551115123125777969E-15, 0.000000000000000000 ) ) ;
#4338 = ORIENTED_EDGE ( 'NONE', *, *, #8243, .T. ) ;
#4339 = ORIENTED_EDGE ( 'NONE', *, *, #10107, .F. ) ;
#4340 = AXIS2_PLACEMENT_3D ( 'NONE', #9954, #3080, #2489 ) ;
#4341 = DIRECTION ( 'NONE',  ( -0.000000000000000000, -0.000000000000000000, -1.000000000000000000 ) ) ;
#4342 = DIRECTION ( 'NONE',  ( 1.000000000000000000, 0.000000000000000000, 0.000000000000000000 ) ) ;
#4343 = ORIENTED_EDGE ( 'NONE', *, *, #2035, .T. ) ;
#4344 = CARTESIAN_POINT ( 'NONE',  ( 20.65978700115066857, 87.59665062699077964, -3.000000000000000000 ) ) ;
#4345 = DIRECTION ( 'NONE',  ( -0.000000000000000000, -0.000000000000000000, -1.000000000000000000 ) ) ;
#4346 = CIRCLE ( 'NONE', #10441, 2.499999999999999556 ) ;
#4347 = DIRECTION ( 'NONE',  ( -1.000000000000000000, 0.000000000000000000, 0.000000000000000000 ) ) ;
#4348 = VECTOR ( 'NONE', #9538, 1000.000000000000000 ) ;
#4349 = DIRECTION ( 'NONE',  ( 1.000000000000000000, 0.000000000000000000, 0.000000000000000000 ) ) ;
#4350 = ORIENTED_EDGE ( 'NONE', *, *, #716, .T. ) ;
#4351 = CARTESIAN_POINT ( 'NONE',  ( 60.06381680629311148, 3.543711396672307501, 17.00000000000000000 ) ) ;
#4352 = DIRECTION ( 'NONE',  ( 0.9946479639414453899, 0.1033219619787455051, 0.000000000000000000 ) ) ;
#4353 = CARTESIAN_POINT ( 'NONE',  ( 63.73893834789858204, -56.05831678029170462, -16.60853953549775142 ) ) ;
#4354 = EDGE_CURVE ( 'NONE', #1992, #3477, #9323, .T. ) ;
#4355 = CARTESIAN_POINT ( 'NONE',  ( 84.11181528009731778, -8.000029888353754615, -15.99988756943609935 ) ) ;
#4356 = CARTESIAN_POINT ( 'NONE',  ( -72.56107605583052589, 46.15846078179078660, 32.50000000000000000 ) ) ;
#4357 = CARTESIAN_POINT ( 'NONE',  ( 34.77390060466381527, 83.01069712234057363, 17.00000000000000000 ) ) ;
#4358 = CIRCLE ( 'NONE', #7480, 90.00000000000001421 ) ;
#4359 = ORIENTED_EDGE ( 'NONE', *, *, #8252, .F. ) ;
#4360 = ADVANCED_FACE ( 'NONE', ( #6795 ), #5975, .T. ) ;
#4361 = FACE_OUTER_BOUND ( 'NONE', #5206, .T. ) ;
#4362 = DIRECTION ( 'NONE',  ( 0.000000000000000000, 0.000000000000000000, 1.000000000000000000 ) ) ;
#4363 = ORIENTED_EDGE ( 'NONE', *, *, #9187, .F. ) ;
#4364 = DIRECTION ( 'NONE',  ( 8.833086424683611535E-16, -1.092185016064779023E-15, 1.000000000000000000 ) ) ;
#4365 = DIRECTION ( 'NONE',  ( 0.4056281494946316069, -0.9140381853826242686, 0.000000000000000000 ) ) ;
#4366 = CARTESIAN_POINT ( 'NONE',  ( -30.51650105954253434, 63.10000285728584402, 18.12358131583496146 ) ) ;
#4367 = CARTESIAN_POINT ( 'NONE',  ( -32.41949641306397467, -83.95691224199758551, 32.50000000001154632 ) ) ;
#4368 = B_SPLINE_CURVE_WITH_KNOTS ( 'NONE', 3,
 ( #2846, #4478, #3771, #6047, #8576, #6205, #2798, #391, #7744, #3554, #7854, #9401, #5245, #9495, #1265, #3714 ),
 .UNSPECIFIED., .F., .F.,
 ( 4, 2, 2, 2, 2, 2, 2, 4 ),
 ( 0.000000000000000000, 0.0005514947311277589503, 0.001102989462255517901, 0.002205978924511018020, 0.002757473655638767972, 0.003308968386766525296, 0.003860463117894283053, 0.004411957849022040377 ),
 .UNSPECIFIED. ) ;
#4369 = DIRECTION ( 'NONE',  ( 0.5010501812945500344, -0.8654182317380993972, 0.000000000000000000 ) ) ;
#4370 = VERTEX_POINT ( 'NONE', #6021 ) ;
#4371 = LINE ( 'NONE', #6919, #8360 ) ;
#4372 = ORIENTED_EDGE ( 'NONE', *, *, #7711, .F. ) ;
#4373 = DIRECTION ( 'NONE',  ( -0.000000000000000000, -0.000000000000000000, 1.000000000000000000 ) ) ;
#4374 = VERTEX_POINT ( 'NONE', #4357 ) ;
#4375 = CARTESIAN_POINT ( 'NONE',  ( -11.12455864745020584, 12.38525498271514458, -3.000000000000000000 ) ) ;
#4376 = CARTESIAN_POINT ( 'NONE',  ( 11.12455864745020584, 12.38525498271514458, 17.00000000000000000 ) ) ;
#4377 = ADVANCED_FACE ( 'NONE', ( #212 ), #5889, .T. ) ;
#4378 = CARTESIAN_POINT ( 'NONE',  ( -22.30954822220480338, -91.31420512779556020, 30.00000000000000355 ) ) ;
#4379 = EDGE_LOOP ( 'NONE', ( #7243, #4064, #9074, #2742 ) ) ;
#4380 = DIRECTION ( 'NONE',  ( 0.9986619258901330287, -0.05171419319113980395, 0.000000000000000000 ) ) ;
#4381 = CARTESIAN_POINT ( 'NONE',  ( 49.70347058474200708, -11.57431915030803005, 17.00000000000000000 ) ) ;
#4382 = LINE ( 'NONE', #7703, #3984 ) ;
#4383 = EDGE_CURVE ( 'NONE', #10546, #1433, #9581, .T. ) ;
#4384 = EDGE_CURVE ( 'NONE', #10446, #9905, #2213, .T. ) ;
#4385 = VERTEX_POINT ( 'NONE', #9586 ) ;
#4386 = CARTESIAN_POINT ( 'NONE',  ( -35.18221305882460115, 84.92026289206614820, 17.00000000000000000 ) ) ;
#4387 = AXIS2_PLACEMENT_3D ( 'NONE', #502, #6107, #3718 ) ;
#4388 = CARTESIAN_POINT ( 'NONE',  ( -89.69359066795173874, 7.420228641350721688, 17.00000000000000000 ) ) ;
#4389 = FACE_OUTER_BOUND ( 'NONE', #6947, .T. ) ;
#4390 = ORIENTED_EDGE ( 'NONE', *, *, #7708, .F. ) ;
#4391 = ADVANCED_FACE ( 'NONE', ( #6292 ), #5033, .T. ) ;
#4392 = ORIENTED_EDGE ( 'NONE', *, *, #7072, .F. ) ;
#4393 = CIRCLE ( 'NONE', #919, 2.500000000000002220 ) ;
#4394 = CARTESIAN_POINT ( 'NONE',  ( -29.14443337139493551, -56.68321722085848080, 17.00000000000000000 ) ) ;
#4395 = ORIENTED_EDGE ( 'NONE', *, *, #181, .F. ) ;
#4396 = EDGE_CURVE ( 'NONE', #9314, #9832, #3993, .T. ) ;
#4397 = VERTEX_POINT ( 'NONE', #2107 ) ;
#4398 = CARTESIAN_POINT ( 'NONE',  ( 71.65264431180659699, 41.98167082791590587, -13.79952768905908833 ) ) ;
#4399 = PLANE ( 'NONE',  #3991 ) ;
#4400 = DIRECTION ( 'NONE',  ( -1.000000000000000000, 0.000000000000000000, 0.000000000000000000 ) ) ;
#4401 = ORIENTED_EDGE ( 'NONE', *, *, #958, .F. ) ;
#4402 = CARTESIAN_POINT ( 'NONE',  ( 78.80314311859508791, 51.24514254668653024, 17.00000000000000000 ) ) ;
#4403 = SPHERICAL_SURFACE ( 'NONE', #6742, 2.500000000000000000 ) ;
#4404 = CARTESIAN_POINT ( 'NONE',  ( -89.69359066795175295, 7.420228641350737675, 0.000000000000000000 ) ) ;
#4405 = B_SPLINE_CURVE_WITH_KNOTS ( 'NONE', 3,
 ( #1792, #8494, #1030, #1998, #4243, #7563, #97, #8437, #4296, #7616, #3480, #10134, #4353, #209, #10399, #9686 ),
 .UNSPECIFIED., .F., .F.,
 ( 4, 2, 2, 2, 2, 2, 2, 4 ),
 ( 0.000000000000000000, 0.0005514947311275075238, 0.001102989462255015048, 0.002205978924510022289, 0.002757473655637508996, 0.003308968386764994836, 0.003860463117892481109, 0.004411957849019966516 ),
 .UNSPECIFIED. ) ;
#4406 = CARTESIAN_POINT ( 'NONE',  ( 60.06381680616959073, -3.543711396079812559, -3.000000000000000000 ) ) ;
#4407 = EDGE_LOOP ( 'NONE', ( #8199, #387, #9638, #8780, #2344, #823 ) ) ;
#4408 = DIRECTION ( 'NONE',  ( 1.000000000000000000, 0.000000000000000000, 0.000000000000000000 ) ) ;
#4409 = LINE ( 'NONE', #5386, #410 ) ;
#4410 = ORIENTED_EDGE ( 'NONE', *, *, #117, .T. ) ;
#4411 = AXIS2_PLACEMENT_3D ( 'NONE', #719, #10526, #5560 ) ;
#4412 = CARTESIAN_POINT ( 'NONE',  ( 26.36704873968085039, -43.69414826633877880, 16.99999999999998579 ) ) ;
#4413 = EDGE_CURVE ( 'NONE', #2257, #4171, #1729, .T. ) ;
#4414 = CARTESIAN_POINT ( 'NONE',  ( 93.73899935459103006, 6.999999999999963585, 30.00000000000000355 ) ) ;
#4415 = DIRECTION ( 'NONE',  ( -0.2090980990620600055, -0.9778946696698130880, 0.000000000000000000 ) ) ;
#4416 = CARTESIAN_POINT ( 'NONE',  ( -55.07522531319359160, -51.12358750980634170, 20.86977052844458669 ) ) ;
#4417 = CARTESIAN_POINT ( 'NONE',  ( 0.000000000000000000, 0.000000000000000000, -18.50000000000000000 ) ) ;
#4418 = CARTESIAN_POINT ( 'NONE',  ( 76.70731484416434398, -49.88223981938107698, 30.00000000000000000 ) ) ;
#4419 = AXIS2_PLACEMENT_3D ( 'NONE', #1413, #7941, #592 ) ;
#4420 = ORIENTED_EDGE ( 'NONE', *, *, #4324, .T. ) ;
#4421 = B_SPLINE_CURVE_WITH_KNOTS ( 'NONE', 3,
 ( #6625, #9964, #2609, #4448, #9418, #4288, #2547, #8485, #918, #10017, #5056, #10071 ),
 .UNSPECIFIED., .F., .F.,
 ( 4, 1, 1, 1, 2, 2, 1, 4 ),
 ( 0.08354533723501972320, 0.3126590029262672488, 0.4272158357718907618, 0.4844942521947027125, 0.4988138563004055337, 0.5131334604061082993, 0.5417726686175134976, 1.000000000000000000 ),
 .UNSPECIFIED. ) ;
#4422 = FILL_AREA_STYLE_COLOUR ( '', #10629 ) ;
#4423 = VERTEX_POINT ( 'NONE', #6244 ) ;
#4424 = CARTESIAN_POINT ( 'NONE',  ( 71.14469310733639418, -57.53853180837101178, 14.00000000000000000 ) ) ;
#4425 = ORIENTED_EDGE ( 'NONE', *, *, #9038, .T. ) ;
#4426 = DIRECTION ( 'NONE',  ( 1.000000000000000000, 0.000000000000000000, 0.000000000000000000 ) ) ;
#4427 = DIRECTION ( 'NONE',  ( -0.000000000000000000, -0.000000000000000000, -1.000000000000000000 ) ) ;
#4428 = CARTESIAN_POINT ( 'NONE',  ( 33.92211878787743018, 79.02714632922750582, -18.50000000000000000 ) ) ;
#4429 = VERTEX_POINT ( 'NONE', #7172 ) ;
#4430 = DIRECTION ( 'NONE',  ( -0.7439559807600397701, -0.6682286275604834014, -0.000000000000000000 ) ) ;
#4431 = CARTESIAN_POINT ( 'NONE',  ( -8.054202958850064320, 59.19136076220260634, -3.000000000000000000 ) ) ;
#4432 = CARTESIAN_POINT ( 'NONE',  ( 0.000000000000000000, 0.000000000000000000, -18.50000000000000000 ) ) ;
#4433 = VERTEX_POINT ( 'NONE', #3860 ) ;
#4434 = CARTESIAN_POINT ( 'NONE',  ( 69.83457129595736035, -40.34865964499001478, -10.94393758859642851 ) ) ;
#4435 = EDGE_CURVE ( 'NONE', #9254, #8498, #6761, .T. ) ;
#4436 = PLANE ( 'NONE',  #2021 ) ;
#4437 = DIRECTION ( 'NONE',  ( 0.5010501812945494793, -0.8654182317380997302, 0.000000000000000000 ) ) ;
#4438 = VERTEX_POINT ( 'NONE', #3803 ) ;
#4439 = EDGE_CURVE ( 'NONE', #8821, #3614, #3117, .T. ) ;
#4440 = EDGE_CURVE ( 'NONE', #10195, #4105, #9562, .T. ) ;
#4441 = VERTEX_POINT ( 'NONE', #7995 ) ;
#4442 = CARTESIAN_POINT ( 'NONE',  ( 73.01104261939981654, 43.29636009638315386, -16.60853953549982620 ) ) ;
#4443 = VERTEX_POINT ( 'NONE', #3037 ) ;
#4444 = CIRCLE ( 'NONE', #6170, 2.499999999999997335 ) ;
#4445 = ORIENTED_EDGE ( 'NONE', *, *, #3285, .F. ) ;
#4446 = CARTESIAN_POINT ( 'NONE',  ( 31.36107247383397478, 67.04983256829605409, -6.240713436151557048 ) ) ;
#4447 = EDGE_CURVE ( 'NONE', #1957, #101, #642, .T. ) ;
#4448 = CARTESIAN_POINT ( 'NONE',  ( -57.09872088118871858, -52.29512837179679963, -8.326207416982363441 ) ) ;
#4449 = DIRECTION ( 'NONE',  ( 0.000000000000000000, 0.000000000000000000, -1.000000000000000000 ) ) ;
#4450 = ORIENTED_EDGE ( 'NONE', *, *, #8002, .T. ) ;
#4451 = EDGE_CURVE ( 'NONE', #8130, #10693, #2157, .T. ) ;
#4452 = CIRCLE ( 'NONE', #5488, 2.499999999999998668 ) ;
#4453 = CARTESIAN_POINT ( 'NONE',  ( 6.993962115396839430, -59.32607078270309131, 17.00000000000000000 ) ) ;
#4454 = DIRECTION ( 'NONE',  ( 0.6682286275604842896, 0.7439559807600391039, -0.000000000000000000 ) ) ;
#4455 = LINE ( 'NONE', #7672, #7979 ) ;
#4456 = CARTESIAN_POINT ( 'NONE',  ( 71.14469310733643681, -57.53853180837096915, 14.00000000000000000 ) ) ;
#4457 = VERTEX_POINT ( 'NONE', #10560 ) ;
#4458 = CIRCLE ( 'NONE', #4283, 2.499999999999998668 ) ;
#4459 = DIRECTION ( 'NONE',  ( 0.000000000000000000, 0.000000000000000000, -1.000000000000000000 ) ) ;
#4460 = PLANE ( 'NONE',  #9644 ) ;
#4461 = ORIENTED_EDGE ( 'NONE', *, *, #2244, .F. ) ;
#4462 = SPHERICAL_SURFACE ( 'NONE', #3434, 2.500000000000000000 ) ;
#4463 = DIRECTION ( 'NONE',  ( -0.8654182317380989531, 0.5010501812945507005, 0.000000000000000000 ) ) ;
#4464 = VECTOR ( 'NONE', #1805, 1000.000000000000000 ) ;
#4465 = CARTESIAN_POINT ( 'NONE',  ( -32.73747638465003718, 85.44300813972132858, 14.00000000000000000 ) ) ;
#4466 = DIRECTION ( 'NONE',  ( 1.000000000000000000, 0.000000000000000000, 0.000000000000000000 ) ) ;
#4467 = CYLINDRICAL_SURFACE ( 'NONE', #9024, 2.499999999999998668 ) ;
#4468 = CARTESIAN_POINT ( 'NONE',  ( -23.73696534790353141, 88.36745145172191940, -16.00000000000000000 ) ) ;
#4469 = ORIENTED_EDGE ( 'NONE', *, *, #1669, .F. ) ;
#4470 = DIRECTION ( 'NONE',  ( -0.000000000000000000, -0.000000000000000000, 1.000000000000000000 ) ) ;
#4471 = ORIENTED_EDGE ( 'NONE', *, *, #5703, .T. ) ;
#4472 = AXIS2_PLACEMENT_3D ( 'NONE', #7722, #5163, #8493 ) ;
#4473 = CARTESIAN_POINT ( 'NONE',  ( -30.51650106025272535, -63.10000286060706287, -4.123581316523530660 ) ) ;
#4474 = ORIENTED_EDGE ( 'NONE', *, *, #9634, .T. ) ;
#4475 = CARTESIAN_POINT ( 'NONE',  ( 75.94735446185035244, 15.14328174876123789, -3.000000000000001332 ) ) ;
#4476 = B_SPLINE_CURVE_WITH_KNOTS ( 'NONE', 3,
 ( #6948, #5313, #2976, #4500 ),
 .UNSPECIFIED., .F., .F.,
 ( 4, 4 ),
 ( 0.1618091703082292221, 0.8381908316158788175 ),
 .UNSPECIFIED. ) ;
#4477 = CARTESIAN_POINT ( 'NONE',  ( 35.18221305882455852, 84.92026289206616241, 17.00000000000000000 ) ) ;
#4478 = CARTESIAN_POINT ( 'NONE',  ( 21.29535345664463364, 83.31833715109739558, 32.50004557245164705 ) ) ;
#4479 = VERTEX_POINT ( 'NONE', #6399 ) ;
#4480 = LINE ( 'NONE', #6268, #9274 ) ;
#4481 = CARTESIAN_POINT ( 'NONE',  ( 21.47669927728636452, 83.27343302802857750, 32.50000000001750067 ) ) ;
#4482 = DIRECTION ( 'NONE',  ( 0.7439559807600391039, -0.6682286275604842896, 0.000000000000000000 ) ) ;
#4483 = VECTOR ( 'NONE', #2199, 1000.000000000000000 ) ;
#4484 = PRODUCT_DEFINITION ( 'NON CONOSCIUTO', '', #9041, #567 ) ;
#4485 = VERTEX_POINT ( 'NONE', #7880 ) ;
#4486 = EDGE_CURVE ( 'NONE', #1733, #232, #7947, .T. ) ;
#4487 = CARTESIAN_POINT ( 'NONE',  ( 1.720086775986175764, -16.55873327191750377, -3.000000000000000000 ) ) ;
#4488 = DIRECTION ( 'NONE',  ( -1.000000000000000000, 0.000000000000000000, 5.551115123125777969E-15 ) ) ;
#4489 = LINE ( 'NONE', #5356, #868 ) ;
#4490 = AXIS2_PLACEMENT_3D ( 'NONE', #10479, #3007, #7855 ) ;
#4491 = ORIENTED_EDGE ( 'NONE', *, *, #2838, .F. ) ;
#4492 = ORIENTED_EDGE ( 'NONE', *, *, #6300, .T. ) ;
#4493 = VECTOR ( 'NONE', #9825, 1000.000000000000000 ) ;
#4494 = CARTESIAN_POINT ( 'NONE',  ( -91.37756621894718023, -4.731848676989288016, 14.00000000000000000 ) ) ;
#4495 = VERTEX_POINT ( 'NONE', #8982 ) ;
#4496 = VECTOR ( 'NONE', #10428, 1000.000000000000227 ) ;
#4497 = AXIS2_PLACEMENT_3D ( 'NONE', #5612, #10639, #3877 ) ;
#4498 = EDGE_CURVE ( 'NONE', #3564, #3356, #3700, .T. ) ;
#4499 = ORIENTED_EDGE ( 'NONE', *, *, #4649, .F. ) ;
#4500 = CARTESIAN_POINT ( 'NONE',  ( 66.32191054004216824, 54.74593539650752660, 32.50000000002266631 ) ) ;
#4501 = CARTESIAN_POINT ( 'NONE',  ( 84.11182357192383563, 7.999832654574150048, -15.99987001606596415 ) ) ;
#4502 = DIRECTION ( 'NONE',  ( -0.000000000000000000, -0.000000000000000000, -1.000000000000000000 ) ) ;
#4503 = AXIS2_PLACEMENT_3D ( 'NONE', #85, #4285, #1781 ) ;
#4504 = VERTEX_POINT ( 'NONE', #3492 ) ;
#4505 = EDGE_CURVE ( 'NONE', #10756, #2841, #1565, .T. ) ;
#4506 = CARTESIAN_POINT ( 'NONE',  ( 46.50970724623399377, 38.17154845775357330, -3.000000000000000000 ) ) ;
#4507 = FACE_OUTER_BOUND ( 'NONE', #3603, .T. ) ;
#4508 = CARTESIAN_POINT ( 'NONE',  ( -35.18221305882465799, -84.92026289206613399, -16.00000000000000000 ) ) ;
#4509 = CARTESIAN_POINT ( 'NONE',  ( -64.84522906800198427, 55.89136234965513950, 31.81104402676814757 ) ) ;
#4510 = EDGE_CURVE ( 'NONE', #2057, #2450, #2496, .T. ) ;
#4511 = EDGE_LOOP ( 'NONE', ( #396, #1342, #7760 ) ) ;
#4512 = VECTOR ( 'NONE', #33, 1000.000000000000000 ) ;
#4513 = ADVANCED_FACE ( 'NONE', ( #7733 ), #8662, .T. ) ;
#4514 = AXIS2_PLACEMENT_3D ( 'NONE', #3194, #5690, #1567 ) ;
#4515 = FACE_OUTER_BOUND ( 'NONE', #8112, .T. ) ;
#4516 = DIRECTION ( 'NONE',  ( 0.000000000000000000, 0.000000000000000000, 1.000000000000000000 ) ) ;
#4517 = ORIENTED_EDGE ( 'NONE', *, *, #6896, .T. ) ;
#4518 = CARTESIAN_POINT ( 'NONE',  ( -1.720086775986159999, -16.55873327191746114, -3.000000000000000000 ) ) ;
#4519 = EDGE_CURVE ( 'NONE', #6730, #4423, #3786, .T. ) ;
#4520 = AXIS2_PLACEMENT_3D ( 'NONE', #1221, #1982, #2904 ) ;
#4521 = SPHERICAL_SURFACE ( 'NONE', #6456, 2.500000000000000000 ) ;
#4522 = LINE ( 'NONE', #8825, #4300 ) ;
#4523 = CARTESIAN_POINT ( 'NONE',  ( -55.63700779808118568, -51.44884205792894960, 21.24555884346611023 ) ) ;
#4524 = DIRECTION ( 'NONE',  ( -1.000000000000000000, 0.000000000000000000, 0.000000000000000000 ) ) ;
#4525 = DIRECTION ( 'NONE',  ( 1.000000000000000000, 0.000000000000000000, 0.000000000000000000 ) ) ;
#4526 = ORIENTED_EDGE ( 'NONE', *, *, #6576, .F. ) ;
#4527 = EDGE_CURVE ( 'NONE', #10176, #9345, #10434, .T. ) ;
#4528 = ORIENTED_EDGE ( 'NONE', *, *, #6874, .F. ) ;
#4529 = AXIS2_PLACEMENT_3D ( 'NONE', #7822, #6949, #5314 ) ;
#4530 = CARTESIAN_POINT ( 'NONE',  ( -32.77631641257301709, -73.66854173008820794, -10.91900855183796537 ) ) ;
#4531 = ORIENTED_EDGE ( 'NONE', *, *, #1776, .F. ) ;
#4532 = CARTESIAN_POINT ( 'NONE',  ( -33.36416462070571498, -78.61052984739679061, -17.45153177885288898 ) ) ;
#4533 = CARTESIAN_POINT ( 'NONE',  ( 53.80544377093073649, 25.95113860335820277, 17.00000000000000000 ) ) ;
#4534 = PLANE ( 'NONE',  #4557 ) ;
#4535 = DIRECTION ( 'NONE',  ( 0.2090980990620607272, -0.9778946696698129770, 0.000000000000000000 ) ) ;
#4536 = VERTEX_POINT ( 'NONE', #1144 ) ;
#4537 = DIRECTION ( 'NONE',  ( -0.000000000000000000, -0.000000000000000000, 1.000000000000000000 ) ) ;
#4538 = CARTESIAN_POINT ( 'NONE',  ( 33.69200213249160214, 87.75450489260407494, -16.06345569518111205 ) ) ;
#4539 = ORIENTED_EDGE ( 'NONE', *, *, #5564, .F. ) ;
#4540 = FACE_OUTER_BOUND ( 'NONE', #643, .T. ) ;
#4541 = LINE ( 'NONE', #2031, #637 ) ;
#4542 = CARTESIAN_POINT ( 'NONE',  ( 8.054202958849929317, 59.19136076220230791, 17.00000000000000000 ) ) ;
#4543 = AXIS2_PLACEMENT_3D ( 'NONE', #9936, #988, #111 ) ;
#4544 = DIRECTION ( 'NONE',  ( -0.000000000000000000, -0.000000000000000000, -1.000000000000000000 ) ) ;
#4545 = ORIENTED_EDGE ( 'NONE', *, *, #5171, .F. ) ;
#4546 = VERTEX_POINT ( 'NONE', #6089 ) ;
#4547 = EDGE_CURVE ( 'NONE', #4479, #1343, #1036, .T. ) ;
#4548 = FACE_OUTER_BOUND ( 'NONE', #1332, .T. ) ;
#4549 = CARTESIAN_POINT ( 'NONE',  ( 72.65982135516739504, 45.99986679454234206, -18.50004557245071979 ) ) ;
#4550 = ORIENTED_EDGE ( 'NONE', *, *, #9863, .F. ) ;
#4551 = AXIS2_PLACEMENT_3D ( 'NONE', #3675, #9080, #1662 ) ;
#4552 = EDGE_LOOP ( 'NONE', ( #9208, #8805, #7776, #9848 ) ) ;
#4553 = CARTESIAN_POINT ( 'NONE',  ( 0.000000000000000000, 0.000000000000000000, 30.00000000000000000 ) ) ;
#4554 = DIRECTION ( 'NONE',  ( -0.000000000000000000, -0.000000000000000000, -1.000000000000000000 ) ) ;
#4555 = DIRECTION ( 'NONE',  ( 0.000000000000000000, 0.000000000000000000, -1.000000000000000000 ) ) ;
#4556 = VERTEX_POINT ( 'NONE', #7786 ) ;
#4557 = AXIS2_PLACEMENT_3D ( 'NONE', #4585, #5292, #2745 ) ;
#4558 = DIRECTION ( 'NONE',  ( -0.8654182317380996192, 0.5010501812945494793, 0.000000000000000000 ) ) ;
#4559 = LINE ( 'NONE', #76, #6570 ) ;
#4560 = DIRECTION ( 'NONE',  ( 0.000000000000000000, 0.000000000000000000, -1.000000000000000000 ) ) ;
#4561 = CARTESIAN_POINT ( 'NONE',  ( 18.88043970867555288, -83.03464265186219961, -17.04595453367507929 ) ) ;
#4562 = ORIENTED_EDGE ( 'NONE', *, *, #10385, .F. ) ;
#4563 = DIRECTION ( 'NONE',  ( -1.000000000000000000, 0.000000000000000000, 0.000000000000000000 ) ) ;
#4564 = EDGE_CURVE ( 'NONE', #5737, #1450, #6141, .T. ) ;
#4565 = FACE_OUTER_BOUND ( 'NONE', #7191, .T. ) ;
#4566 = EDGE_LOOP ( 'NONE', ( #4851, #10654, #5211, #7113 ) ) ;
#4567 = DIRECTION ( 'NONE',  ( -0.9946479639414452789, 0.1033219619787452137, 0.000000000000000000 ) ) ;
#4568 = ADVANCED_FACE ( 'NONE', ( #6969 ), #1859, .T. ) ;
#4569 = EDGE_CURVE ( 'NONE', #4438, #2575, #7630, .T. ) ;
#4570 = CARTESIAN_POINT ( 'NONE',  ( -12.93165967081459833, 5.738759349502569052, 30.00000000000000355 ) ) ;
#4571 = DIRECTION ( 'NONE',  ( -0.000000000000000000, -0.000000000000000000, -1.000000000000000000 ) ) ;
#4572 = CARTESIAN_POINT ( 'NONE',  ( -33.60027588697951728, 77.52301366306097918, -15.99987001606533532 ) ) ;
#4573 = LINE ( 'NONE', #3814, #3970 ) ;
#4574 = DIRECTION ( 'NONE',  ( 0.000000000000000000, 0.000000000000000000, -1.000000000000000000 ) ) ;
#4575 = ORIENTED_EDGE ( 'NONE', *, *, #3035, .F. ) ;
#4576 = CIRCLE ( 'NONE', #10681, 51.03332099679092693 ) ;
#4577 = ORIENTED_EDGE ( 'NONE', *, *, #6402, .T. ) ;
#4578 = EDGE_CURVE ( 'NONE', #7991, #5082, #2010, .T. ) ;
#4579 = DIRECTION ( 'NONE',  ( 1.000000000000000000, 0.000000000000000000, 0.000000000000000000 ) ) ;
#4580 = ORIENTED_EDGE ( 'NONE', *, *, #5504, .T. ) ;
#4581 = CARTESIAN_POINT ( 'NONE',  ( -78.80314311859508791, -51.24514254668654445, 30.00000000000000000 ) ) ;
#4582 = DIRECTION ( 'NONE',  ( -0.000000000000000000, -0.000000000000000000, 1.000000000000000000 ) ) ;
#4583 = ADVANCED_FACE ( 'NONE', ( #1199 ), #5985, .T. ) ;
#4584 = AXIS2_PLACEMENT_3D ( 'NONE', #6729, #4191, #7397 ) ;
#4585 = CARTESIAN_POINT ( 'NONE',  ( 11.12455864745016676, 12.38525498271512504, -3.000000000000000000 ) ) ;
#4586 = CARTESIAN_POINT ( 'NONE',  ( 0.000000000000000000, 0.000000000000000000, 14.00000000000000000 ) ) ;
#4587 = EDGE_LOOP ( 'NONE', ( #915, #6350, #1719, #826 ) ) ;
#4588 = AXIS2_PLACEMENT_3D ( 'NONE', #9532, #2828, #2729 ) ;
#4589 = CARTESIAN_POINT ( 'NONE',  ( 76.92514010090734189, -46.71747874677934220, 17.00000000000000000 ) ) ;
#4590 = CARTESIAN_POINT ( 'NONE',  ( -52.54170275422330860, 56.89190718866041863, -3.000000000000004885 ) ) ;
#4591 = ORIENTED_EDGE ( 'NONE', *, *, #663, .F. ) ;
#4592 = CARTESIAN_POINT ( 'NONE',  ( 67.38009771776074786, -38.14402717618970229, -8.326207417008534506 ) ) ;
#4593 = DIRECTION ( 'NONE',  ( -1.000000000000000000, 0.000000000000000000, 0.000000000000000000 ) ) ;
#4594 = AXIS2_PLACEMENT_3D ( 'NONE', #8746, #8028, #9564 ) ;
#4595 = DIRECTION ( 'NONE',  ( 0.000000000000000000, 0.000000000000000000, -1.000000000000000000 ) ) ;
#4596 = DIRECTION ( 'NONE',  ( -1.000000000000000000, 0.000000000000000000, 0.000000000000000000 ) ) ;
#4597 = ORIENTED_EDGE ( 'NONE', *, *, #3035, .T. ) ;
#4598 = ORIENTED_EDGE ( 'NONE', *, *, #6569, .T. ) ;
#4599 = LINE ( 'NONE', #3788, #3336 ) ;
#4600 = CARTESIAN_POINT ( 'NONE',  ( 72.96966029291785105, 45.34734980761618317, -18.34770930448282300 ) ) ;
#4601 = ORIENTED_EDGE ( 'NONE', *, *, #2627, .T. ) ;
#4602 = VERTEX_POINT ( 'NONE', #6193 ) ;
#4603 = LINE ( 'NONE', #3792, #2568 ) ;
#4604 = CARTESIAN_POINT ( 'NONE',  ( -86.54756481785932465, -5.744108926435172791, 32.49999999982145482 ) ) ;
#4605 = EDGE_CURVE ( 'NONE', #4433, #5257, #3978, .T. ) ;
#4606 = CARTESIAN_POINT ( 'NONE',  ( 0.000000000000000000, 0.000000000000000000, -3.000000000000000000 ) ) ;
#4607 = ORIENTED_EDGE ( 'NONE', *, *, #7362, .T. ) ;
#4608 = VECTOR ( 'NONE', #5562, 1000.000000000000114 ) ;
#4609 = DIRECTION ( 'NONE',  ( -0.000000000000000000, -0.000000000000000000, -1.000000000000000000 ) ) ;
#4610 = VECTOR ( 'NONE', #6012, 1000.000000000000000 ) ;
#4611 = DIRECTION ( 'NONE',  ( -0.000000000000000000, -0.000000000000000000, -1.000000000000000000 ) ) ;
#4612 = CARTESIAN_POINT ( 'NONE',  ( -20.65978700115073252, 87.59665062699077964, -3.000000000000000000 ) ) ;
#4613 = CARTESIAN_POINT ( 'NONE',  ( -65.25892592890316735, 55.67818655869022137, 32.11763093304412564 ) ) ;
#4614 = ORIENTED_EDGE ( 'NONE', *, *, #8341, .F. ) ;
#4615 = EDGE_CURVE ( 'NONE', #6428, #2057, #10164, .T. ) ;
#4616 = CARTESIAN_POINT ( 'NONE',  ( -76.70731484416432977, 49.88223981938109119, 30.00000000000000000 ) ) ;
#4617 = FACE_OUTER_BOUND ( 'NONE', #3445, .T. ) ;
#4618 = ORIENTED_EDGE ( 'NONE', *, *, #8098, .T. ) ;
#4619 = ORIENTED_EDGE ( 'NONE', *, *, #2471, .F. ) ;
#4620 = CARTESIAN_POINT ( 'NONE',  ( -23.12071129661322999, -86.97827067736996298, 32.50000000002179945 ) ) ;
#4621 = CARTESIAN_POINT ( 'NONE',  ( -31.57188114323736272, 79.99330960273375979, -18.50000000003952749 ) ) ;
#4622 = CARTESIAN_POINT ( 'NONE',  ( -31.45303159472891963, 67.47990024731421954, -6.472556012223868116 ) ) ;
#4623 = CARTESIAN_POINT ( 'NONE',  ( 0.000000000000000000, 0.000000000000000000, 14.00000000000000000 ) ) ;
#4624 = EDGE_CURVE ( 'NONE', #707, #5335, #3919, .T. ) ;
#4625 = CARTESIAN_POINT ( 'NONE',  ( -34.21717950184071100, -82.58905090734599241, 31.44827887068320749 ) ) ;
#4626 = VECTOR ( 'NONE', #2700, 1000.000000000000000 ) ;
#4627 = VERTEX_POINT ( 'NONE', #7182 ) ;
#4628 = EDGE_CURVE ( 'NONE', #953, #7848, #7299, .T. ) ;
#4629 = CARTESIAN_POINT ( 'NONE',  ( 18.87770877533442615, -83.03287859150847794, 31.04213425600354270 ) ) ;
#4630 = EDGE_CURVE ( 'NONE', #1248, #1646, #10357, .T. ) ;
#4631 = EDGE_LOOP ( 'NONE', ( #8567, #3716, #4550, #5420 ) ) ;
#4632 = CARTESIAN_POINT ( 'NONE',  ( -68.57354579225993518, -52.01359248208782304, 32.50000000000000711 ) ) ;
#4633 = EDGE_LOOP ( 'NONE', ( #4943, #1443, #1194, #7769 ) ) ;
#4634 = CARTESIAN_POINT ( 'NONE',  ( -24.90434133075858014, 82.38639917056441675, 32.49999999996646949 ) ) ;
#4635 = VECTOR ( 'NONE', #4900, 1000.000000000000000 ) ;
#4636 = DIRECTION ( 'NONE',  ( 0.000000000000000000, 0.000000000000000000, 1.000000000000000000 ) ) ;
#4637 = CARTESIAN_POINT ( 'NONE',  ( -31.47738211370289818, 79.54989157688265777, 32.50000000000000000 ) ) ;
#4638 = ORIENTED_EDGE ( 'NONE', *, *, #3263, .T. ) ;
#4639 = ADVANCED_FACE ( 'NONE', ( #1359 ), #6355, .T. ) ;
#4640 = CYLINDRICAL_SURFACE ( 'NONE', #4387, 2.500000000000000000 ) ;
#4641 = EDGE_CURVE ( 'NONE', #8539, #2014, #697, .T. ) ;
#4642 = CARTESIAN_POINT ( 'NONE',  ( 29.21275527316160137, -52.10674725922038419, -3.000000000000002665 ) ) ;
#4643 = VECTOR ( 'NONE', #2916, 1000.000000000000227 ) ;
#4644 = EDGE_LOOP ( 'NONE', ( #6757, #7328, #2715, #4689 ) ) ;
#4645 = EDGE_CURVE ( 'NONE', #5146, #5400, #9647, .T. ) ;
#4646 = B_SPLINE_CURVE_WITH_KNOTS ( 'NONE', 3,
 ( #8938, #3920, #9866, #7237, #3101, #6413, #2400, #2340, #10633, #3161, #9759, #9649 ),
 .UNSPECIFIED., .F., .F.,
 ( 4, 1, 1, 1, 2, 2, 1, 4 ),
 ( 0.08354533723347049023, 0.3126590029250956304, 0.4272158357709078258, 0.4844942521938142566, 0.4988138562995415581, 0.5131334604052687487, 0.5417726686167233519, 1.000000000000000000 ),
 .UNSPECIFIED. ) ;
#4647 = CARTESIAN_POINT ( 'NONE',  ( -80.21370206260253610, 8.404979754863573405, 24.94393758859101595 ) ) ;
#4648 = DIRECTION ( 'NONE',  ( 0.1033219619787453247, -0.9946479639414453899, 0.000000000000000000 ) ) ;
#4649 = EDGE_CURVE ( 'NONE', #9905, #658, #2077, .T. ) ;
#4650 = CARTESIAN_POINT ( 'NONE',  ( -72.97457220075534678, 58.59797476656159176, 32.50000000000000000 ) ) ;
#4651 = DIRECTION ( 'NONE',  ( -0.000000000000000000, 0.000000000000000000, 1.000000000000000000 ) ) ;
#4652 = VECTOR ( 'NONE', #3222, 1000.000000000000000 ) ;
#4653 = ORIENTED_EDGE ( 'NONE', *, *, #2168, .T. ) ;
#4654 = CIRCLE ( 'NONE', #8311, 90.00000000000001421 ) ;
#4655 = ORIENTED_EDGE ( 'NONE', *, *, #1839, .T. ) ;
#4656 = DIRECTION ( 'NONE',  ( 1.000000000000000000, 3.197442310920450836E-14, 0.000000000000000000 ) ) ;
#4657 = DIRECTION ( 'NONE',  ( -0.000000000000000000, -0.000000000000000000, -1.000000000000000000 ) ) ;
#4658 = ORIENTED_EDGE ( 'NONE', *, *, #1518, .T. ) ;
#4659 = VERTEX_POINT ( 'NONE', #3870 ) ;
#4660 = LINE ( 'NONE', #409, #2655 ) ;
#4661 = AXIS2_PLACEMENT_3D ( 'NONE', #4586, #3119, #1214 ) ;
#4662 = CARTESIAN_POINT ( 'NONE',  ( 21.45186988444691778, -89.38152182545849200, 30.00000000000000355 ) ) ;
#4663 = CYLINDRICAL_SURFACE ( 'NONE', #1318, 2.499999999999999556 ) ;
#4664 = ORIENTED_EDGE ( 'NONE', *, *, #6828, .T. ) ;
#4665 = AXIS2_PLACEMENT_3D ( 'NONE', #5447, #2011, #7843 ) ;
#4666 = ORIENTED_EDGE ( 'NONE', *, *, #3777, .T. ) ;
#4667 = VECTOR ( 'NONE', #9232, 999.9999999999998863 ) ;
#4668 = CARTESIAN_POINT ( 'NONE',  ( 1.720086775986166439, 16.55873327191747180, -3.000000000000000000 ) ) ;
#4669 = AXIS2_PLACEMENT_3D ( 'NONE', #930, #9275, #1749 ) ;
#4670 = AXIS2_PLACEMENT_3D ( 'NONE', #2044, #521, #7160 ) ;
#4671 = DIRECTION ( 'NONE',  ( 1.000000000000000000, 0.000000000000000000, -1.387778780781446464E-15 ) ) ;
#4672 = SPHERICAL_SURFACE ( 'NONE', #1196, 2.500000000000000000 ) ;
#4673 = DIRECTION ( 'NONE',  ( -0.000000000000000000, -0.000000000000000000, 1.000000000000000000 ) ) ;
#4674 = ORIENTED_EDGE ( 'NONE', *, *, #4302, .F. ) ;
#4675 = CIRCLE ( 'NONE', #1551, 91.50000000000001421 ) ;
#4676 = DIRECTION ( 'NONE',  ( -1.000000000000000000, 0.000000000000000000, -0.000000000000000000 ) ) ;
#4677 = DIRECTION ( 'NONE',  ( 1.000000000000000000, 0.000000000000000000, 0.000000000000000000 ) ) ;
#4678 = ORIENTED_EDGE ( 'NONE', *, *, #7976, .T. ) ;
#4679 = VERTEX_POINT ( 'NONE', #10518 ) ;
#4680 = DIRECTION ( 'NONE',  ( 0.9946479639414452789, -0.1033219619787458521, 0.000000000000000000 ) ) ;
#4681 = CARTESIAN_POINT ( 'NONE',  ( -93.73899935459103006, 6.999999999999962697, -16.00000000000000000 ) ) ;
#4682 = CARTESIAN_POINT ( 'NONE',  ( -16.27982722542978777, 3.481030249449625913, 0.000000000000000000 ) ) ;
#4683 = EDGE_CURVE ( 'NONE', #8489, #3284, #7235, .T. ) ;
#4684 = CARTESIAN_POINT ( 'NONE',  ( 15.19047032539775977, -58.21915141163655250, 17.00000000000000000 ) ) ;
#4685 = CARTESIAN_POINT ( 'NONE',  ( -15.45553032625157108, -75.86943363448976640, -8.326207417007077893 ) ) ;
#4686 = CYLINDRICAL_SURFACE ( 'NONE', #10086, 2.500000000000002220 ) ;
#4687 = AXIS2_PLACEMENT_3D ( 'NONE', #10550, #10496, #8040 ) ;
#4688 = ADVANCED_FACE ( 'NONE', ( #1303 ), #9698, .T. ) ;
#4689 = ORIENTED_EDGE ( 'NONE', *, *, #9572, .F. ) ;
#4690 = CARTESIAN_POINT ( 'NONE',  ( 15.19047033746633701, 58.21915140990935811, -3.000000000000000000 ) ) ;
#4691 = ORIENTED_EDGE ( 'NONE', *, *, #5827, .F. ) ;
#4692 = CARTESIAN_POINT ( 'NONE',  ( 14.77041421563157186, 74.32560023114301373, 21.24555884345985035 ) ) ;
#4693 = ORIENTED_EDGE ( 'NONE', *, *, #1329, .F. ) ;
#4694 = DIRECTION ( 'NONE',  ( -0.000000000000000000, -0.000000000000000000, 1.000000000000000000 ) ) ;
#4695 = AXIS2_PLACEMENT_3D ( 'NONE', #3615, #6272, #6875 ) ;
#4696 = CARTESIAN_POINT ( 'NONE',  ( -85.68819869820954693, -6.203713540743527766, 32.34770930448185311 ) ) ;
#4697 = DIRECTION ( 'NONE',  ( 1.000000000000000000, 0.000000000000000000, 0.000000000000000000 ) ) ;
#4698 = ORIENTED_EDGE ( 'NONE', *, *, #8781, .T. ) ;
#4699 = LINE ( 'NONE', #7417, #8500 ) ;
#4700 = CARTESIAN_POINT ( 'NONE',  ( -85.80956557451139588, -5.681119841946970617, -18.50009145627947049 ) ) ;
#4701 = AXIS2_PLACEMENT_3D ( 'NONE', #6002, #1878, #9502 ) ;
#4702 = EDGE_LOOP ( 'NONE', ( #5529, #1299, #6337, #3550 ) ) ;
#4703 = CARTESIAN_POINT ( 'NONE',  ( -91.37756621894718023, -4.731848676989288016, -16.00000000000000000 ) ) ;
#4704 = CARTESIAN_POINT ( 'NONE',  ( -31.57188114323736272, 79.99330960273375979, -18.50000000003952749 ) ) ;
#4705 = DIRECTION ( 'NONE',  ( 0.9946479639414452789, 0.1033219619787458798, -0.000000000000000000 ) ) ;
#4706 = EDGE_CURVE ( 'NONE', #2575, #7156, #5553, .T. ) ;
#4707 = DIRECTION ( 'NONE',  ( 0.2090980990620600333, 0.9778946696698133101, 0.000000000000000000 ) ) ;
#4708 = VERTEX_POINT ( 'NONE', #4738 ) ;
#4709 = CARTESIAN_POINT ( 'NONE',  ( 32.73747638465011534, -85.44300813972128594, 17.00000000000000000 ) ) ;
#4710 = EDGE_CURVE ( 'NONE', #536, #7075, #10684, .T. ) ;
#4711 = ORIENTED_EDGE ( 'NONE', *, *, #8960, .F. ) ;
#4712 = EDGE_CURVE ( 'NONE', #5395, #5409, #1254, .T. ) ;
#4713 = DIRECTION ( 'NONE',  ( 1.000000000000000000, 0.000000000000000000, 0.000000000000000000 ) ) ;
#4714 = CARTESIAN_POINT ( 'NONE',  ( -85.58247135723264876, 6.534412810520803028, 32.20313577063269861 ) ) ;
#4715 = ORIENTED_EDGE ( 'NONE', *, *, #2430, .T. ) ;
#4716 = VERTEX_POINT ( 'NONE', #3757 ) ;
#4717 = AXIS2_PLACEMENT_3D ( 'NONE', #6708, #10050, #2584 ) ;
#4718 = DIRECTION ( 'NONE',  ( 1.000000000000000000, 0.000000000000000000, 0.000000000000000000 ) ) ;
#4719 = FACE_OUTER_BOUND ( 'NONE', #10792, .T. ) ;
#4720 = DIRECTION ( 'NONE',  ( -0.000000000000000000, 0.000000000000000000, 1.000000000000000000 ) ) ;
#4721 = ADVANCED_FACE ( 'NONE', ( #6683 ), #8695, .T. ) ;
#4722 = ORIENTED_EDGE ( 'NONE', *, *, #370, .T. ) ;
#4723 = ORIENTED_EDGE ( 'NONE', *, *, #8016, .T. ) ;
#4724 = VECTOR ( 'NONE', #3333, 999.9999999999998863 ) ;
#4725 = EDGE_CURVE ( 'NONE', #7646, #8130, #763, .T. ) ;
#4726 = CARTESIAN_POINT ( 'NONE',  ( -13.83509055125525400, 2.958285001794471736, -16.00000000000000000 ) ) ;
#4727 = CARTESIAN_POINT ( 'NONE',  ( 74.34690206535701407, 9.014410737711303412, 20.72164368867704809 ) ) ;
#4728 = CARTESIAN_POINT ( 'NONE',  ( 18.69650432626037073, -82.89462707608042535, -16.75820396230798792 ) ) ;
#4729 = VERTEX_POINT ( 'NONE', #8174 ) ;
#4731 = CARTESIAN_POINT ( 'NONE',  ( -19.75108941990538014, 83.37209574667434708, -17.93353923880443190 ) ) ;
#4730 = VECTOR ( 'NONE', #7963, 1000.000000000000000 ) ;
#4732 = B_SPLINE_CURVE_WITH_KNOTS ( 'NONE', 3,
 ( #1412, #5653, #8107, #590 ),
 .UNSPECIFIED., .F., .F.,
 ( 4, 4 ),
 ( 0.000000000000000000, 1.000000000000000000 ),
 .UNSPECIFIED. ) ;
#4733 = PLANE ( 'NONE',  #8593 ) ;
#4734 = VERTEX_POINT ( 'NONE', #1639 ) ;
#4735 = VERTEX_POINT ( 'NONE', #7459 ) ;
#4736 = CYLINDRICAL_SURFACE ( 'NONE', #1074, 90.00000000000001421 ) ;
#4737 = DIRECTION ( 'NONE',  ( 0.000000000000000000, 0.000000000000000000, -1.000000000000000000 ) ) ;
#4738 = CARTESIAN_POINT ( 'NONE',  ( 69.89206765410006028, 59.70207738771623696, 30.00000000000000355 ) ) ;
#4739 = CARTESIAN_POINT ( 'NONE',  ( 21.93100995575408518, -56.02901732249252120, 17.00000000000000000 ) ) ;
#4740 = CARTESIAN_POINT ( 'NONE',  ( -10.31181781963227273, -64.27864623095813101, -3.000000000000002665 ) ) ;
#4741 = VECTOR ( 'NONE', #7426, 1000.000000000000000 ) ;
#4742 = CARTESIAN_POINT ( 'NONE',  ( -52.54170275422328729, 56.89190718866043284, 17.00000000000000000 ) ) ;
#4743 = EDGE_LOOP ( 'NONE', ( #4811, #9933, #6277, #1085, #8460, #5511, #3431 ) ) ;
#4744 = CARTESIAN_POINT ( 'NONE',  ( -26.36704873968083618, 43.69414826633877880, 0.000000000000000000 ) ) ;
#4745 = CARTESIAN_POINT ( 'NONE',  ( -67.52364599892207764, -52.17747291714196933, -17.28566300384001764 ) ) ;
#4746 = VERTEX_POINT ( 'NONE', #10025 ) ;
#4747 = EDGE_CURVE ( 'NONE', #3564, #9654, #9228, .T. ) ;
#4748 = CARTESIAN_POINT ( 'NONE',  ( -63.53196490960066711, 56.00338158116351650, -16.30701376012113002 ) ) ;
#4749 = CARTESIAN_POINT ( 'NONE',  ( -24.38551631369319139, 90.78186269357226479, 30.00000000000000000 ) ) ;
#4750 = CARTESIAN_POINT ( 'NONE',  ( -35.18221305882461536, 84.92026289206619083, 17.00000000000000000 ) ) ;
#4751 = AXIS2_PLACEMENT_3D ( 'NONE', #2062, #7730, #266 ) ;
#4752 = ORIENTED_EDGE ( 'NONE', *, *, #3695, .F. ) ;
#4753 = CARTESIAN_POINT ( 'NONE',  ( -65.26483731447814307, -55.68784019203429381, 32.13538959017373031 ) ) ;
#4754 = DIRECTION ( 'NONE',  ( -0.000000000000000000, 0.000000000000000000, 1.000000000000000000 ) ) ;
#4755 = VERTEX_POINT ( 'NONE', #3373 ) ;
#4756 = CARTESIAN_POINT ( 'NONE',  ( -75.30721087317486706, 8.914655855857375855, 21.27971910426462188 ) ) ;
#4757 = ORIENTED_EDGE ( 'NONE', *, *, #9252, .F. ) ;
#4758 = CARTESIAN_POINT ( 'NONE',  ( -13.83509055125533038, -2.958285001794460634, -16.00000000000000000 ) ) ;
#4759 = VERTEX_POINT ( 'NONE', #5864 ) ;
#4760 = DIRECTION ( 'NONE',  ( -1.000000000000000000, 0.000000000000000000, -0.000000000000000000 ) ) ;
#4761 = VERTEX_POINT ( 'NONE', #8274 ) ;
#4762 = VECTOR ( 'NONE', #8137, 1000.000000000000000 ) ;
#4763 = DIRECTION ( 'NONE',  ( -0.9946479639414452789, -0.1033219619787454913, 0.000000000000000000 ) ) ;
#4764 = ORIENTED_EDGE ( 'NONE', *, *, #3165, .F. ) ;
#4765 = CARTESIAN_POINT ( 'NONE',  ( -76.70731484416432977, 49.88223981938108409, 30.00000000000000355 ) ) ;
#4766 = LINE ( 'NONE', #10605, #1176 ) ;
#4767 = ORIENTED_EDGE ( 'NONE', *, *, #4413, .T. ) ;
#4768 = ADVANCED_FACE ( 'NONE', ( #4901 ), #7349, .F. ) ;
#4769 = TOROIDAL_SURFACE ( 'NONE', #5977, 91.50000000000001421, 2.500000000000000000 ) ;
#4770 = VERTEX_POINT ( 'NONE', #9213 ) ;
#4771 = DIRECTION ( 'NONE',  ( -0.000000000000000000, 0.000000000000000000, 1.000000000000000000 ) ) ;
#4772 = CARTESIAN_POINT ( 'NONE',  ( 66.09143193674961481, -41.62464035793729522, -2.999999999955367258 ) ) ;
#4773 = ADVANCED_FACE ( 'NONE', ( #8224 ), #1743, .T. ) ;
#4774 = ADVANCED_FACE ( 'NONE', ( #2339 ), #2455, .T. ) ;
#4775 = CARTESIAN_POINT ( 'NONE',  ( -72.97457220075534678, -58.59797476656159887, -18.50000000000000000 ) ) ;
#4776 = ORIENTED_EDGE ( 'NONE', *, *, #4324, .F. ) ;
#4777 = ORIENTED_EDGE ( 'NONE', *, *, #7171, .F. ) ;
#4778 = CARTESIAN_POINT ( 'NONE',  ( -35.23747638465006560, 85.44300813972130015, 17.00000000000000000 ) ) ;
#4779 = DIRECTION ( 'NONE',  ( -0.8654182317380998413, 0.5010501812945492572, 7.585423472859230565E-15 ) ) ;
#4780 = ADVANCED_FACE ( 'NONE', ( #5661 ), #5063, .T. ) ;
#4781 = EDGE_LOOP ( 'NONE', ( #282, #1493, #4142, #4664 ) ) ;
#4782 = DIRECTION ( 'NONE',  ( 0.000000000000000000, -0.000000000000000000, -1.000000000000000000 ) ) ;
#4783 = EDGE_CURVE ( 'NONE', #6336, #5581, #8479, .T. ) ;
#4784 = CARTESIAN_POINT ( 'NONE',  ( 63.34558840304224958, -55.91184470037327259, -15.99988756943696089 ) ) ;
#4785 = EDGE_LOOP ( 'NONE', ( #3112, #1988, #8283, #684 ) ) ;
#4786 = VERTEX_POINT ( 'NONE', #5765 ) ;
#4787 = CARTESIAN_POINT ( 'NONE',  ( -4.351385440520329162, 50.84747089786795726, 14.00000000000000000 ) ) ;
#4788 = CARTESIAN_POINT ( 'NONE',  ( -17.78825708780398429, 81.12597546665635662, 27.81128689714977753 ) ) ;
#4789 = CARTESIAN_POINT ( 'NONE',  ( -31.56055884801206446, 67.98277582725242496, -6.756281789490193646 ) ) ;
#4790 = DIRECTION ( 'NONE',  ( -1.000000000000000000, 0.000000000000000000, 0.000000000000000000 ) ) ;
#4791 = DIRECTION ( 'NONE',  ( 0.000000000000000000, -0.000000000000000000, -1.000000000000000000 ) ) ;
#4792 = ORIENTED_EDGE ( 'NONE', *, *, #4317, .T. ) ;
#4793 = FACE_OUTER_BOUND ( 'NONE', #9444, .T. ) ;
#4794 = DIRECTION ( 'NONE',  ( -0.7439559807600395480, -0.6682286275604836234, 0.000000000000000000 ) ) ;
#4795 = ORIENTED_EDGE ( 'NONE', *, *, #3552, .F. ) ;
#4796 = CARTESIAN_POINT ( 'NONE',  ( -9.453987078548959033, 10.52536503081502595, 30.00000000000000355 ) ) ;
#4797 = CARTESIAN_POINT ( 'NONE',  ( -85.39499722527794745, -6.978992145648502898, 31.93353923879979561 ) ) ;
#4798 = AXIS2_PLACEMENT_3D ( 'NONE', #7492, #5795, #10008 ) ;
#4800 = DIRECTION ( 'NONE',  ( 1.000000000000000000, 0.000000000000000000, 0.000000000000000000 ) ) ;
#4799 = VECTOR ( 'NONE', #619, 1000.000000000000114 ) ;
#4801 = EDGE_LOOP ( 'NONE', ( #9881, #3470, #594, #7247 ) ) ;
#4802 = CARTESIAN_POINT ( 'NONE',  ( -38.39994582795762312, -71.82132481793217949, 17.00000000000000355 ) ) ;
#4803 = CARTESIAN_POINT ( 'NONE',  ( -85.58247135724298005, -6.534412810520112025, -18.20313577063246768 ) ) ;
#4804 = ORIENTED_EDGE ( 'NONE', *, *, #916, .F. ) ;
#4805 = DIRECTION ( 'NONE',  ( -0.000000000000000000, -1.000000000000000000, -0.000000000000000000 ) ) ;
#4806 = ORIENTED_EDGE ( 'NONE', *, *, #9648, .F. ) ;
#4807 = CIRCLE ( 'NONE', #6359, 2.500000000000002220 ) ;
#4808 = CARTESIAN_POINT ( 'NONE',  ( -35.23747638465002296, -85.44300813972131436, 14.00000000000000000 ) ) ;
#4809 = EDGE_LOOP ( 'NONE', ( #4445, #6040, #8033, #1151 ) ) ;
#4810 = DIRECTION ( 'NONE',  ( 0.9140381853826243796, -0.4056281494946315513, 0.000000000000000000 ) ) ;
#4811 = ORIENTED_EDGE ( 'NONE', *, *, #9791, .T. ) ;
#4812 = LINE ( 'NONE', #6550, #1086 ) ;
#4813 = ORIENTED_EDGE ( 'NONE', *, *, #8375, .T. ) ;
#4814 = DIRECTION ( 'NONE',  ( -0.000000000000000000, -0.000000000000000000, 1.000000000000000000 ) ) ;
#4815 = CARTESIAN_POINT ( 'NONE',  ( -20.65978700115066857, -87.59665062699077964, -3.000000000000000000 ) ) ;
#4816 = CIRCLE ( 'NONE', #5330, 94.00000000000001421 ) ;
#4817 = EDGE_CURVE ( 'NONE', #1969, #7848, #167, .T. ) ;
#4818 = ORIENTED_EDGE ( 'NONE', *, *, #891, .T. ) ;
#4819 = ORIENTED_EDGE ( 'NONE', *, *, #4302, .T. ) ;
#4820 = CYLINDRICAL_SURFACE ( 'NONE', #3825, 90.00000000000001421 ) ;
#4821 = DIRECTION ( 'NONE',  ( -0.2090980990620606439, -0.9778946696698130880, -0.000000000000000000 ) ) ;
#4822 = CARTESIAN_POINT ( 'NONE',  ( 66.64214824504684032, -55.51846396082066093, -18.50000000007651835 ) ) ;
#4823 = CARTESIAN_POINT ( 'NONE',  ( -71.14469310733640839, 57.53853180837098336, -16.00000000000000000 ) ) ;
#4824 = CIRCLE ( 'NONE', #2207, 2.500000000000002220 ) ;
#4825 = ORIENTED_EDGE ( 'NONE', *, *, #2560, .T. ) ;
#4826 = ORIENTED_EDGE ( 'NONE', *, *, #9959, .F. ) ;
#4827 = CARTESIAN_POINT ( 'NONE',  ( -84.11182357194601877, 7.999832654571561896, 29.99987001606582737 ) ) ;
#4828 = AXIS2_PLACEMENT_3D ( 'NONE', #6150, #1105, #9449 ) ;
#4829 = EDGE_CURVE ( 'NONE', #533, #6014, #1910, .T. ) ;
#4830 = FACE_OUTER_BOUND ( 'NONE', #5753, .T. ) ;
#4831 = CARTESIAN_POINT ( 'NONE',  ( 73.20449038750113857, -44.12258324653424779, 31.57978544520859998 ) ) ;
#4832 = AXIS2_PLACEMENT_3D ( 'NONE', #2670, #1794, #9322 ) ;
#4833 = ORIENTED_EDGE ( 'NONE', *, *, #8170, .T. ) ;
#4834 = CARTESIAN_POINT ( 'NONE',  ( 66.32191054007880382, 54.74593539653761809, -18.50000000001331557 ) ) ;
#4835 = AXIS2_PLACEMENT_3D ( 'NONE', #4417, #8724, #6914 ) ;
#4836 = DIRECTION ( 'NONE',  ( -0.000000000000000000, -0.000000000000000000, 1.000000000000000000 ) ) ;
#4837 = ORIENTED_EDGE ( 'NONE', *, *, #5379, .T. ) ;
#4838 = ORIENTED_EDGE ( 'NONE', *, *, #8352, .F. ) ;
#4839 = EDGE_CURVE ( 'NONE', #7122, #1525, #7652, .T. ) ;
#4840 = AXIS2_PLACEMENT_3D ( 'NONE', #9269, #9472, #8649 ) ;
#4841 = CARTESIAN_POINT ( 'NONE',  ( -20.07908683005700468, -86.28817855000127679, 30.15385136956295398 ) ) ;
#4842 = CARTESIAN_POINT ( 'NONE',  ( 32.73747638465007270, 85.44300813972130015, -3.000000000000000888 ) ) ;
#4843 = CARTESIAN_POINT ( 'NONE',  ( 76.70731484416432977, -49.88223981938107698, 30.00000000000000355 ) ) ;
#4844 = EDGE_CURVE ( 'NONE', #2300, #10664, #517, .T. ) ;
#4845 = EDGE_CURVE ( 'NONE', #4920, #1279, #5732, .T. ) ;
#4846 = CARTESIAN_POINT ( 'NONE',  ( -75.94735446185039507, 15.14328174876109756, -3.000000000000001332 ) ) ;
#4847 = DIRECTION ( 'NONE',  ( -0.000000000000000000, 0.000000000000000000, 1.000000000000000000 ) ) ;
#4848 = AXIS2_PLACEMENT_3D ( 'NONE', #3148, #7994, #641 ) ;
#4849 = ADVANCED_FACE ( 'NONE', ( #8204 ), #6332, .T. ) ;
#4850 = DIRECTION ( 'NONE',  ( -0.000000000000000000, 0.000000000000000000, 1.000000000000000000 ) ) ;
#4851 = ORIENTED_EDGE ( 'NONE', *, *, #8647, .F. ) ;
#4852 = AXIS2_PLACEMENT_3D ( 'NONE', #9071, #8238, #833 ) ;
#4853 = VECTOR ( 'NONE', #5667, 1000.000000000000000 ) ;
#4854 = DIRECTION ( 'NONE',  ( -0.2090980990620599778, 0.9778946696698130880, 0.000000000000000000 ) ) ;
#4855 = CARTESIAN_POINT ( 'NONE',  ( 54.84936956024338173, 50.99282406871865447, 20.72164368867623452 ) ) ;
#4856 = EDGE_LOOP ( 'NONE', ( #3923, #8370, #5373, #393 ) ) ;
#4857 = EDGE_CURVE ( 'NONE', #5737, #5335, #7997, .T. ) ;
#4858 = CARTESIAN_POINT ( 'NONE',  ( 34.77390060466385080, 83.01069712234057363, -3.000000000000000000 ) ) ;
#4859 = AXIS2_PLACEMENT_3D ( 'NONE', #9544, #2071, #5396 ) ;
#4860 = AXIS2_PLACEMENT_3D ( 'NONE', #2987, #10506, #10621 ) ;
#4861 = DIRECTION ( 'NONE',  ( 0.000000000000000000, 1.000000000000000000, 0.000000000000000000 ) ) ;
#4862 = CARTESIAN_POINT ( 'NONE',  ( -24.38551631369319139, -90.78186269357226479, -16.00000000000000000 ) ) ;
#4863 = ORIENTED_EDGE ( 'NONE', *, *, #8415, .F. ) ;
#4864 = CARTESIAN_POINT ( 'NONE',  ( -64.20155646354106693, -56.06890883348172139, 31.18477683936899680 ) ) ;
#4865 = ADVANCED_FACE ( 'NONE', ( #9679 ), #4820, .F. ) ;
#4866 = FACE_OUTER_BOUND ( 'NONE', #6589, .T. ) ;
#4867 = ORIENTED_EDGE ( 'NONE', *, *, #5239, .T. ) ;
#4868 = CARTESIAN_POINT ( 'NONE',  ( -73.89672013659435379, 9.061174700252184522, 20.47255601221522525 ) ) ;
#4869 = TOROIDAL_SURFACE ( 'NONE', #2251, 91.50000000000001421, 2.500000000000000000 ) ;
#4870 = VERTEX_POINT ( 'NONE', #8256 ) ;
#4871 = VECTOR ( 'NONE', #3046, 999.9999999999998863 ) ;
#4872 = DIRECTION ( 'NONE',  ( 0.000000000000000000, 0.000000000000000000, -1.000000000000000000 ) ) ;
#4873 = ORIENTED_EDGE ( 'NONE', *, *, #10775, .T. ) ;
#4874 = FACE_OUTER_BOUND ( 'NONE', #10012, .T. ) ;
#4875 = CARTESIAN_POINT ( 'NONE',  ( -35.18221305882455852, -84.92026289206617662, 32.50000000000000000 ) ) ;
#4876 = ORIENTED_EDGE ( 'NONE', *, *, #6288, .F. ) ;
#4877 = CARTESIAN_POINT ( 'NONE',  ( -29.37690461835427413, -85.12958290412534268, 32.50000000003314682 ) ) ;
#4878 = VECTOR ( 'NONE', #2699, 1000.000000000000000 ) ;
#4879 = CARTESIAN_POINT ( 'NONE',  ( -85.15503767028076254, 7.336893668134808699, 31.57491144068658073 ) ) ;
#4880 = VERTEX_POINT ( 'NONE', #745 ) ;
#4881 = ORIENTED_EDGE ( 'NONE', *, *, #10151, .F. ) ;
#4882 = LINE ( 'NONE', #1622, #1387 ) ;
#4883 = FACE_OUTER_BOUND ( 'NONE', #7533, .T. ) ;
#4884 = FACE_OUTER_BOUND ( 'NONE', #8911, .T. ) ;
#4885 = DIRECTION ( 'NONE',  ( -0.8654182317380989531, -0.5010501812945508116, 0.000000000000000000 ) ) ;
#4886 = ORIENTED_EDGE ( 'NONE', *, *, #375, .F. ) ;
#4887 = EDGE_CURVE ( 'NONE', #4214, #4105, #9084, .T. ) ;
#4888 = B_SPLINE_CURVE_WITH_KNOTS ( 'NONE', 3,
 ( #6126, #3253, #7281, #2272, #9745, #10674, #805, #2328, #4939, #9036, #7444, #1407 ),
 .UNSPECIFIED., .F., .F.,
 ( 4, 1, 1, 1, 2, 2, 1, 4 ),
 ( 0.08354533723281033775, 0.3126590029246070213, 0.4272158357705053700, 0.4844942521934546553, 0.4988138562991918934, 0.5131334604049291315, 0.5417726686164037186, 1.000000000000000000 ),
 .UNSPECIFIED. ) ;
#4889 = ORIENTED_EDGE ( 'NONE', *, *, #6701, .T. ) ;
#4890 = DIRECTION ( 'NONE',  ( -0.4056281494946316069, -0.9140381853826242686, 0.000000000000000000 ) ) ;
#4891 = DIRECTION ( 'NONE',  ( -0.8654182317380998413, -0.5010501812945492572, 2.781387238829088753E-15 ) ) ;
#4892 = ORIENTED_EDGE ( 'NONE', *, *, #849, .F. ) ;
#4893 = CARTESIAN_POINT ( 'NONE',  ( 28.27582184931687337, -52.62095849510212275, -3.000000000000000000 ) ) ;
#4894 = DIRECTION ( 'NONE',  ( -1.000000000000000000, 0.000000000000000000, 0.000000000000000000 ) ) ;
#4895 = FACE_OUTER_BOUND ( 'NONE', #5123, .T. ) ;
#4896 = VERTEX_POINT ( 'NONE', #5744 ) ;
#4897 = VERTEX_POINT ( 'NONE', #10610 ) ;
#4898 = AXIS2_PLACEMENT_3D ( 'NONE', #2553, #972, #1588 ) ;
#4899 = DIRECTION ( 'NONE',  ( -1.000000000000000000, 0.000000000000000000, 0.000000000000000000 ) ) ;
#4900 = DIRECTION ( 'NONE',  ( 0.000000000000000000, 0.000000000000000000, 1.000000000000000000 ) ) ;
#4901 = FACE_OUTER_BOUND ( 'NONE', #2373, .T. ) ;
#4902 = LINE ( 'NONE', #8225, #9374 ) ;
#4903 = CARTESIAN_POINT ( 'NONE',  ( -64.67677128996257352, -56.68258335243613288, -16.00000000000000000 ) ) ;
#4904 = DIRECTION ( 'NONE',  ( -0.2090980990620599778, -0.9778946696698130880, 0.000000000000000000 ) ) ;
#4905 = ORIENTED_EDGE ( 'NONE', *, *, #5571, .T. ) ;
#4906 = AXIS2_PLACEMENT_3D ( 'NONE', #1280, #10334, #2482 ) ;
#4907 = EDGE_CURVE ( 'NONE', #335, #6974, #4882, .T. ) ;
#4908 = LINE ( 'NONE', #6421, #9210 ) ;
#4909 = CARTESIAN_POINT ( 'NONE',  ( -66.09143193724241883, -41.62464035798291917, 16.99999999999999645 ) ) ;
#4910 = EDGE_CURVE ( 'NONE', #4128, #4117, #631, .T. ) ;
#4911 = ORIENTED_EDGE ( 'NONE', *, *, #9855, .F. ) ;
#4912 = EDGE_CURVE ( 'NONE', #5096, #5892, #2774, .T. ) ;
#4913 = DIRECTION ( 'NONE',  ( 0.7439559807600399921, 0.6682286275604834014, -0.000000000000000000 ) ) ;
#4914 = CIRCLE ( 'NONE', #6118, 2.500000000000002220 ) ;
#4915 = FACE_OUTER_BOUND ( 'NONE', #143, .T. ) ;
#4916 = CYLINDRICAL_SURFACE ( 'NONE', #456, 90.00000000000001421 ) ;
#4917 = CARTESIAN_POINT ( 'NONE',  ( -29.92976973646052130, -76.34998401327257511, 16.99999999996317968 ) ) ;
#4918 = CARTESIAN_POINT ( 'NONE',  ( -4.351385440520343373, -50.84747089786795726, 17.00000000000000000 ) ) ;
#4919 = ADVANCED_FACE ( 'NONE', ( #3027, #4012 ), #8866, .T. ) ;
#4920 = VERTEX_POINT ( 'NONE', #798 ) ;
#4921 = CARTESIAN_POINT ( 'NONE',  ( -54.90271291039176305, 51.02370820575497845, 20.75628178946290703 ) ) ;
#4922 = ORIENTED_EDGE ( 'NONE', *, *, #2261, .F. ) ;
#4923 = DIRECTION ( 'NONE',  ( 0.2090980990620599500, -0.9778946696698131991, 0.000000000000000000 ) ) ;
#4924 = ORIENTED_EDGE ( 'NONE', *, *, #5306, .T. ) ;
#4925 = CARTESIAN_POINT ( 'NONE',  ( -32.73747638465003007, -85.44300813972131436, 30.00000000000000355 ) ) ;
#4926 = LINE ( 'NONE', #7205, #4741 ) ;
#4927 = ORIENTED_EDGE ( 'NONE', *, *, #10523, .F. ) ;
#4928 = DIRECTION ( 'NONE',  ( -0.8654182317380989531, -0.5010501812945508116, 0.000000000000000000 ) ) ;
#4929 = DIRECTION ( 'NONE',  ( -0.000000000000000000, -0.000000000000000000, 1.000000000000000000 ) ) ;
#4930 = CARTESIAN_POINT ( 'NONE',  ( -76.70731484416435819, 49.88223981938101304, 14.00000000000000000 ) ) ;
#4931 = ORIENTED_EDGE ( 'NONE', *, *, #9393, .F. ) ;
#4932 = CARTESIAN_POINT ( 'NONE',  ( 0.000000000000000000, 0.000000000000000000, 14.00000000000000000 ) ) ;
#4933 = CARTESIAN_POINT ( 'NONE',  ( 0.000000000000000000, 0.000000000000000000, 0.000000000000000000 ) ) ;
#4934 = CARTESIAN_POINT ( 'NONE',  ( 78.11690890368932116, -35.96871617576459812, -18.49999999999999289 ) ) ;
#4935 = AXIS2_PLACEMENT_3D ( 'NONE', #6653, #5132, #2524 ) ;
#4936 = DIRECTION ( 'NONE',  ( 0.8654182317380998413, -0.5010501812945492572, -1.390693619414544376E-15 ) ) ;
#4937 = EDGE_LOOP ( 'NONE', ( #804, #10490, #419, #6922, #7026, #9079, #8619, #2893 ) ) ;
#4938 = VERTEX_POINT ( 'NONE', #9842 ) ;
#4939 = CARTESIAN_POINT ( 'NONE',  ( -65.10972727632159263, -36.10475796756412592, 20.47255601220911458 ) ) ;
#4940 = CARTESIAN_POINT ( 'NONE',  ( 21.45186988444691778, -89.38152182545849200, 17.00000000000000000 ) ) ;
#4941 = VECTOR ( 'NONE', #4516, 1000.000000000000000 ) ;
#4942 = B_SPLINE_CURVE_WITH_KNOTS ( 'NONE', 3,
 ( #9829, #8193, #4052, #2473, #9073, #2577, #4921, #10755, #4211, #6754, #5882, #5130 ),
 .UNSPECIFIED., .F., .F.,
 ( 4, 1, 1, 1, 2, 2, 1, 4 ),
 ( 0.08354533723069854090, 0.3126590029230265078, 0.4272158357691903108, 0.4844942521922719347, 0.4988138562980422019, 0.5131334604038123581, 0.5417726686153530036, 1.000000000000000000 ),
 .UNSPECIFIED. ) ;
#4943 = ORIENTED_EDGE ( 'NONE', *, *, #916, .T. ) ;
#4944 = ADVANCED_FACE ( 'NONE', ( #6449 ), #5588, .T. ) ;
#4945 = CARTESIAN_POINT ( 'NONE',  ( -64.11266926322531390, -56.08195299953501234, -17.08759757263176482 ) ) ;
#4946 = DIRECTION ( 'NONE',  ( -0.000000000000000000, -0.000000000000000000, -1.000000000000000000 ) ) ;
#4947 = DIRECTION ( 'NONE',  ( 1.000000000000000000, 0.000000000000000000, 0.000000000000000000 ) ) ;
#4948 = ORIENTED_EDGE ( 'NONE', *, *, #4439, .F. ) ;
#4949 = EDGE_LOOP ( 'NONE', ( #5035, #4819, #6940, #10333, #6929, #5784 ) ) ;
#4950 = CARTESIAN_POINT ( 'NONE',  ( -72.82739479355308276, 43.03682500221305673, 30.15434426884725028 ) ) ;
#4951 = DIRECTION ( 'NONE',  ( 0.4056281494946326061, 0.9140381853826238245, 0.000000000000000000 ) ) ;
#4952 = DIRECTION ( 'NONE',  ( -0.4056281494946325505, 0.9140381853826238245, 0.000000000000000000 ) ) ;
#4953 = CARTESIAN_POINT ( 'NONE',  ( 85.39499722522126035, -6.978992145649804968, -17.93353923880379952 ) ) ;
#4954 = DIRECTION ( 'NONE',  ( -0.000000000000000000, -0.000000000000000000, -1.000000000000000000 ) ) ;
#4955 = SPHERICAL_SURFACE ( 'NONE', #7466, 2.500000000000000000 ) ;
#4956 = B_SPLINE_CURVE_WITH_KNOTS ( 'NONE', 3,
 ( #8621, #442, #7852, #3005 ),
 .UNSPECIFIED., .F., .F.,
 ( 4, 4 ),
 ( 0.08421328761674000407, 1.000000000000000000 ),
 .UNSPECIFIED. ) ;
#4957 = EDGE_CURVE ( 'NONE', #9465, #10531, #8092, .T. ) ;
#4958 = ORIENTED_EDGE ( 'NONE', *, *, #6965, .F. ) ;
#4959 = EDGE_CURVE ( 'NONE', #8962, #1889, #6944, .T. ) ;
#4960 = DIRECTION ( 'NONE',  ( -0.000000000000000000, -0.000000000000000000, 1.000000000000000000 ) ) ;
#4961 = LINE ( 'NONE', #3430, #6486 ) ;
#4962 = ORIENTED_EDGE ( 'NONE', *, *, #8912, .T. ) ;
#4963 = CARTESIAN_POINT ( 'NONE',  ( 62.06882639003389812, -55.17266454440370183, -13.79952768905540239 ) ) ;
#4964 = CARTESIAN_POINT ( 'NONE',  ( 78.80314311859508791, -51.24514254668654445, 14.00000000000000000 ) ) ;
#4965 = LINE ( 'NONE', #776, #8120 ) ;
#4966 = CARTESIAN_POINT ( 'NONE',  ( -93.87422103367251225, 4.861134159967143376, 14.00000000000000000 ) ) ;
#4967 = CARTESIAN_POINT ( 'NONE',  ( -33.63194295253664734, -87.77751655883940884, 14.00000000000000000 ) ) ;
#4968 = AXIS2_PLACEMENT_3D ( 'NONE', #1295, #4459, #3643 ) ;
#4969 = EDGE_CURVE ( 'NONE', #10666, #6764, #9737, .T. ) ;
#4970 = EDGE_CURVE ( 'NONE', #5644, #7230, #1507, .T. ) ;
#4971 = CARTESIAN_POINT ( 'NONE',  ( -21.45186988444691067, 89.38152182545849200, 17.00000000000000000 ) ) ;
#4972 = VERTEX_POINT ( 'NONE', #10667 ) ;
#4973 = CARTESIAN_POINT ( 'NONE',  ( -32.73747638465006560, 85.44300813972130015, 30.00000000000000000 ) ) ;
#4974 = ORIENTED_EDGE ( 'NONE', *, *, #2147, .T. ) ;
#4975 = CARTESIAN_POINT ( 'NONE',  ( 93.87422103367251225, 4.861134159967121171, -16.00000000000000000 ) ) ;
#4976 = AXIS2_PLACEMENT_3D ( 'NONE', #6667, #7741, #5848 ) ;
#4977 = B_SPLINE_CURVE_WITH_KNOTS ( 'NONE', 3,
 ( #6261, #2741, #10364, #6921 ),
 .UNSPECIFIED., .F., .F.,
 ( 4, 4 ),
 ( 0.000000000000000000, 1.000000000000000000 ),
 .UNSPECIFIED. ) ;
#4978 = AXIS2_PLACEMENT_3D ( 'NONE', #230, #3398, #5084 ) ;
#4979 = EDGE_CURVE ( 'NONE', #3590, #4759, #3127, .T. ) ;
#4980 = EDGE_CURVE ( 'NONE', #4457, #1992, #5898, .T. ) ;
#4981 = CARTESIAN_POINT ( 'NONE',  ( -78.37788641306556769, -48.02234986748099033, -16.00000000000000000 ) ) ;
#4982 = ORIENTED_EDGE ( 'NONE', *, *, #3770, .T. ) ;
#4983 = CARTESIAN_POINT ( 'NONE',  ( -23.12071129661322999, -86.97827067736996298, 32.50000000002179945 ) ) ;
#4984 = FACE_OUTER_BOUND ( 'NONE', #9251, .T. ) ;
#4985 = CARTESIAN_POINT ( 'NONE',  ( 8.054202958896464537, 59.19136076230722665, -3.000000000000000000 ) ) ;
#4986 = EDGE_CURVE ( 'NONE', #4536, #1705, #4008, .T. ) ;
#4987 = AXIS2_PLACEMENT_3D ( 'NONE', #3245, #9794, #31 ) ;
#4988 = ORIENTED_EDGE ( 'NONE', *, *, #1307, .T. ) ;
#4989 = PLANE ( 'NONE',  #1396 ) ;
#4990 = CYLINDRICAL_SURFACE ( 'NONE', #7227, 51.03332099679091982 ) ;
#4991 = CARTESIAN_POINT ( 'NONE',  ( 78.11690890368932116, 35.96871617576457680, -18.50000000000000000 ) ) ;
#4992 = DIRECTION ( 'NONE',  ( -0.000000000000000000, -0.000000000000000000, 1.000000000000000000 ) ) ;
#4993 = ORIENTED_EDGE ( 'NONE', *, *, #4223, .F. ) ;
#4994 = ADVANCED_FACE ( 'NONE', ( #8534 ), #6716, .F. ) ;
#4995 = CIRCLE ( 'NONE', #6720, 2.499999999999997335 ) ;
#4996 = EDGE_LOOP ( 'NONE', ( #7178, #10205, #8915, #6628, #4539, #5439, #5018, #9689 ) ) ;
#4997 = DIRECTION ( 'NONE',  ( 1.000000000000000000, 0.000000000000000000, 0.000000000000000000 ) ) ;
#4998 = DIRECTION ( 'NONE',  ( 1.000000000000000000, 0.000000000000000000, 0.000000000000000000 ) ) ;
#4999 = ORIENTED_EDGE ( 'NONE', *, *, #929, .T. ) ;
#5000 = CARTESIAN_POINT ( 'NONE',  ( -73.08853718130737320, 59.11062284138658640, 14.00000000000000000 ) ) ;
#5001 = VECTOR ( 'NONE', #4609, 1000.000000000000000 ) ;
#5002 = CARTESIAN_POINT ( 'NONE',  ( 19.21168335098096236, -83.20725894086547214, 31.44910535889097858 ) ) ;
#5003 = CARTESIAN_POINT ( 'NONE',  ( 7.088774327068976255, 12.24379268254579678, 30.00000000000000355 ) ) ;
#5004 = B_SPLINE_CURVE_WITH_KNOTS ( 'NONE', 3,
 ( #2678, #1696, #60, #4308, #9934, #7626, #165, #3489, #10035, #1648, #4963, #8398 ),
 .UNSPECIFIED., .F., .F.,
 ( 4, 1, 2, 2, 1, 1, 1, 4 ),
 ( 0.000000000000000000, 0.4584319647107350515, 0.4870839625051558430, 0.5014099614023665996, 0.5157359602995772452, 0.5730399558884210487, 0.6876479470661092108, 0.9168639294214852020 ),
 .UNSPECIFIED. ) ;
#5005 = CARTESIAN_POINT ( 'NONE',  ( -47.01416648434901191, -19.85114610654549594, 17.00000000000000000 ) ) ;
#5006 = ORIENTED_EDGE ( 'NONE', *, *, #1068, .F. ) ;
#5007 = CARTESIAN_POINT ( 'NONE',  ( -64.74428130648583135, -55.97667205174379035, -17.69094072371024495 ) ) ;
#5008 = AXIS2_PLACEMENT_3D ( 'NONE', #25, #6660, #5840 ) ;
#5009 = CARTESIAN_POINT ( 'NONE',  ( -32.73747638465003007, 85.44300813972131436, -16.00000000000000000 ) ) ;
#5010 = CARTESIAN_POINT ( 'NONE',  ( 0.000000000000000000, 0.000000000000000000, -3.000000000000000000 ) ) ;
#5011 = CARTESIAN_POINT ( 'NONE',  ( -58.78321495171408628, -10.63113418811949984, 17.00000000000000000 ) ) ;
#5012 = DIRECTION ( 'NONE',  ( 0.000000000000000000, 1.000000000000000000, 0.000000000000000000 ) ) ;
#5013 = CARTESIAN_POINT ( 'NONE',  ( -69.44178633525389444, 9.523943958850930258, -4.123581316528957430 ) ) ;
#5014 = ORIENTED_EDGE ( 'NONE', *, *, #1654, .T. ) ;
#5015 = DIRECTION ( 'NONE',  ( -0.8654182317380989531, 0.5010501812945508116, -0.000000000000000000 ) ) ;
#5016 = CIRCLE ( 'NONE', #482, 90.00000000000001421 ) ;
#5017 = CARTESIAN_POINT ( 'NONE',  ( 0.000000000000000000, 0.000000000000000000, 17.00000000000000000 ) ) ;
#5018 = ORIENTED_EDGE ( 'NONE', *, *, #9381, .T. ) ;
#5019 = LINE ( 'NONE', #5874, #3740 ) ;
#5020 = EDGE_CURVE ( 'NONE', #9431, #9663, #1054, .T. ) ;
#5021 = VECTOR ( 'NONE', #5781, 1000.000000000000000 ) ;
#5022 = DIRECTION ( 'NONE',  ( -0.000000000000000000, -0.000000000000000000, 1.000000000000000000 ) ) ;
#5023 = CARTESIAN_POINT ( 'NONE',  ( 64.07788870562310990, 56.07897105720884667, -17.04213425600458010 ) ) ;
#5024 = LINE ( 'NONE', #2415, #3281 ) ;
#5025 = AXIS2_PLACEMENT_3D ( 'NONE', #2788, #5334, #1146 ) ;
#5026 = VECTOR ( 'NONE', #4960, 1000.000000000000000 ) ;
#5027 = CARTESIAN_POINT ( 'NONE',  ( 33.40773828059418094, 38.57878788838270623, 16.99999999999998579 ) ) ;
#5028 = ORIENTED_EDGE ( 'NONE', *, *, #4605, .F. ) ;
#5029 = DIRECTION ( 'NONE',  ( -0.7439559807600391039, -0.6682286275604842896, 0.000000000000000000 ) ) ;
#5030 = VERTEX_POINT ( 'NONE', #3404 ) ;
#5031 = VECTOR ( 'NONE', #4345, 1000.000000000000000 ) ;
#5032 = CARTESIAN_POINT ( 'NONE',  ( 37.87113999178263413, 67.55069494534537000, -3.000000000000004885 ) ) ;
#5033 = TOROIDAL_SURFACE ( 'NONE', #8688, 91.50000000000001421, 2.500000000000000000 ) ;
#5034 = DIRECTION ( 'NONE',  ( 2.937141586370697638E-16, 1.373620857511940462E-15, -1.000000000000000000 ) ) ;
#5035 = ORIENTED_EDGE ( 'NONE', *, *, #2724, .F. ) ;
#5036 = CARTESIAN_POINT ( 'NONE',  ( -84.51613619865185001, 7.887322993637535973, -16.60853953549720785 ) ) ;
#5037 = FACE_OUTER_BOUND ( 'NONE', #573, .T. ) ;
#5038 = DIRECTION ( 'NONE',  ( -0.000000000000000000, -0.000000000000000000, -1.000000000000000000 ) ) ;
#5039 = VECTOR ( 'NONE', #8042, 1000.000000000000000 ) ;
#5040 = VECTOR ( 'NONE', #9793, 1000.000000000000000 ) ;
#5041 = ORIENTED_EDGE ( 'NONE', *, *, #3854, .F. ) ;
#5042 = DIRECTION ( 'NONE',  ( -0.4056281494946302191, -0.9140381853826251568, -0.000000000000000000 ) ) ;
#5043 = EDGE_CURVE ( 'NONE', #6903, #3191, #525, .T. ) ;
#5044 = DIRECTION ( 'NONE',  ( -0.000000000000000000, -0.000000000000000000, 1.000000000000000000 ) ) ;
#5045 = CARTESIAN_POINT ( 'NONE',  ( 50.98111192979041562, 32.10810216897746727, -3.000000000000002665 ) ) ;
#5046 = ORIENTED_EDGE ( 'NONE', *, *, #8379, .F. ) ;
#5047 = EDGE_CURVE ( 'NONE', #10561, #8543, #9236, .T. ) ;
#5048 = EDGE_CURVE ( 'NONE', #8078, #8240, #5905, .T. ) ;
#5049 = AXIS2_PLACEMENT_3D ( 'NONE', #9172, #7478, #10043 ) ;
#5050 = ORIENTED_EDGE ( 'NONE', *, *, #6085, .F. ) ;
#5051 = DIRECTION ( 'NONE',  ( 0.9946479639414452789, 0.1033219619787452137, 0.000000000000000000 ) ) ;
#5052 = ORIENTED_EDGE ( 'NONE', *, *, #5237, .F. ) ;
#5053 = DIRECTION ( 'NONE',  ( -0.9657644967401300962, -0.2594203863158854872, -0.000000000000000000 ) ) ;
#5054 = EDGE_CURVE ( 'NONE', #6992, #243, #5477, .T. ) ;
#5055 = VECTOR ( 'NONE', #6284, 1000.000000000000000 ) ;
#5056 = CARTESIAN_POINT ( 'NONE',  ( -46.12447615090468389, -45.94138273757769042, -3.000000000000003997 ) ) ;
#5057 = FACE_OUTER_BOUND ( 'NONE', #3563, .T. ) ;
#5058 = CARTESIAN_POINT ( 'NONE',  ( -72.22399015877651607, -45.85527319917314060, -18.50000000000000000 ) ) ;
#5059 = ORIENTED_EDGE ( 'NONE', *, *, #720, .F. ) ;
#5060 = EDGE_CURVE ( 'NONE', #6703, #7320, #2487, .T. ) ;
#5061 = CARTESIAN_POINT ( 'NONE',  ( -66.83803491484442816, -55.61402150081485019, -18.45306325015592819 ) ) ;
#5062 = FACE_OUTER_BOUND ( 'NONE', #3839, .T. ) ;
#5063 = CYLINDRICAL_SURFACE ( 'NONE', #3299, 2.500000000000002220 ) ;
#5064 = CARTESIAN_POINT ( 'NONE',  ( 84.89662796871323280, -7.623972038860845402, -17.18477683936982103 ) ) ;
#5065 = FACE_OUTER_BOUND ( 'NONE', #3664, .T. ) ;
#5066 = DIRECTION ( 'NONE',  ( 0.7439559807600395480, 0.6682286275604836234, -0.000000000000000000 ) ) ;
#5067 = EDGE_LOOP ( 'NONE', ( #4873, #7572, #1174, #4825 ) ) ;
#5068 = CARTESIAN_POINT ( 'NONE',  ( 0.000000000000000000, 0.000000000000000000, 14.00000000000000000 ) ) ;
#5069 = LINE ( 'NONE', #6592, #10332 ) ;
#5070 = ORIENTED_EDGE ( 'NONE', *, *, #1391, .T. ) ;
#5071 = CARTESIAN_POINT ( 'NONE',  ( 0.000000000000000000, 0.000000000000000000, 30.00000000000000000 ) ) ;
#5072 = CARTESIAN_POINT ( 'NONE',  ( 66.32191054004216824, 54.74593539650752660, 32.50000000002266631 ) ) ;
#5073 = CARTESIAN_POINT ( 'NONE',  ( 15.43761712179272294, -75.82906820886934440, -8.293734264983861237 ) ) ;
#5074 = CARTESIAN_POINT ( 'NONE',  ( 76.70731484416432977, -49.88223981938107698, 30.00000000000000355 ) ) ;
#5075 = AXIS2_PLACEMENT_3D ( 'NONE', #4149, #7473, #8345 ) ;
#5076 = FACE_OUTER_BOUND ( 'NONE', #8019, .T. ) ;
#5077 = EDGE_LOOP ( 'NONE', ( #9402, #9827, #3229, #1227 ) ) ;
#5078 = ADVANCED_FACE ( 'NONE', ( #9351 ), #78, .T. ) ;
#5079 = DIRECTION ( 'NONE',  ( 0.000000000000000000, -1.000000000000000000, 1.387778780781445478E-15 ) ) ;
#5080 = ORIENTED_EDGE ( 'NONE', *, *, #9775, .T. ) ;
#5081 = DIRECTION ( 'NONE',  ( 1.000000000000000000, 0.000000000000000000, 0.000000000000000000 ) ) ;
#5082 = VERTEX_POINT ( 'NONE', #10058 ) ;
#5083 = AXIS2_PLACEMENT_3D ( 'NONE', #7325, #10544, #9020 ) ;
#5084 = DIRECTION ( 'NONE',  ( 1.000000000000000000, 0.000000000000000000, 0.000000000000000000 ) ) ;
#5085 = CARTESIAN_POINT ( 'NONE',  ( 24.59464368566131753, -90.30013475405900181, 32.50000000000000000 ) ) ;
#5086 = ORIENTED_EDGE ( 'NONE', *, *, #8243, .F. ) ;
#5087 = CARTESIAN_POINT ( 'NONE',  ( -15.19047032571415201, -58.21915141141613503, -3.000000000000000000 ) ) ;
#5088 = DIRECTION ( 'NONE',  ( 0.8654182317380992862, -0.5010501812945499234, 0.000000000000000000 ) ) ;
#5089 = CARTESIAN_POINT ( 'NONE',  ( 89.69359066795173874, -7.420228641350735899, 17.00000000000000000 ) ) ;
#5090 = ORIENTED_EDGE ( 'NONE', *, *, #4498, .F. ) ;
#5091 = ADVANCED_FACE ( 'NONE', ( #4275 ), #859, .T. ) ;
#5092 = DIRECTION ( 'NONE',  ( 0.000000000000000000, -0.000000000000000000, 1.000000000000000000 ) ) ;
#5093 = DIRECTION ( 'NONE',  ( 0.9338033676472280442, 0.3577866271546433774, 1.986114756850307346E-15 ) ) ;
#5094 = LINE ( 'NONE', #8421, #2943 ) ;
#5095 = EDGE_LOOP ( 'NONE', ( #292, #4575, #8000, #3000 ) ) ;
#5096 = VERTEX_POINT ( 'NONE', #5142 ) ;
#5097 = ADVANCED_FACE ( 'NONE', ( #7491 ), #8473, .F. ) ;
#5098 = LINE ( 'NONE', #8371, #2397 ) ;
#5099 = CARTESIAN_POINT ( 'NONE',  ( -71.14469310733643681, -57.53853180837096915, 30.00000000000000355 ) ) ;
#5100 = ADVANCED_FACE ( 'NONE', ( #29 ), #4989, .T. ) ;
#5101 = EDGE_LOOP ( 'NONE', ( #4101, #721, #1170, #6220, #2637, #4185, #3018, #9157 ) ) ;
#5102 = EDGE_CURVE ( 'NONE', #6952, #8587, #191, .T. ) ;
#5103 = LINE ( 'NONE', #6785, #6476 ) ;
#5104 = VECTOR ( 'NONE', #931, 1000.000000000000000 ) ;
#5105 = LINE ( 'NONE', #1129, #8686 ) ;
#5106 = FACE_OUTER_BOUND ( 'NONE', #5077, .T. ) ;
#5107 = CARTESIAN_POINT ( 'NONE',  ( 74.28185921985358675, 9.021167253236098915, -6.685161482348361162 ) ) ;
#5108 = ORIENTED_EDGE ( 'NONE', *, *, #5442, .T. ) ;
#5109 = EDGE_CURVE ( 'NONE', #953, #3952, #2961, .T. ) ;
#5110 = VECTOR ( 'NONE', #1193, 1000.000000000000000 ) ;
#5111 = EDGE_CURVE ( 'NONE', #5082, #3184, #6252, .T. ) ;
#5112 = DIRECTION ( 'NONE',  ( -1.000000000000000000, 0.000000000000000000, 0.000000000000000000 ) ) ;
#5113 = DIRECTION ( 'NONE',  ( -0.2090980990620607272, 0.9778946696698129770, -0.000000000000000000 ) ) ;
#5114 = LINE ( 'NONE', #311, #3450 ) ;
#5115 = CYLINDRICAL_SURFACE ( 'NONE', #1541, 2.499999999999998668 ) ;
#5116 = CARTESIAN_POINT ( 'NONE',  ( 63.52532897709120618, -56.01596558356355615, 30.30948754351474150 ) ) ;
#5117 = ORIENTED_EDGE ( 'NONE', *, *, #4979, .T. ) ;
#5118 = B_SPLINE_SURFACE_WITH_KNOTS ( 'NONE', 2, 3, ( 
 ( #4642, #10649, #3122, #612 ),
 ( #6319, #1435, #8077, #2299 ),
 ( #8954, #6269, #8845, #671 ) ),
 .UNSPECIFIED., .F., .F., .F.,
 ( 3, 3 ),
 ( 4, 4 ),
 ( 0.000000000000000000, 1.000000000000000000 ),
 ( 4.201419005409056773, 4.595040424642363952 ),
 .UNSPECIFIED. ) ;
#5119 = ADVANCED_FACE ( 'NONE', ( #2804 ), #9613, .T. ) ;
#5120 = AXIS2_PLACEMENT_3D ( 'NONE', #6324, #1025, #2908 ) ;
#5121 = DIRECTION ( 'NONE',  ( -0.000000000000000000, 0.000000000000000000, 1.000000000000000000 ) ) ;
#5122 = DIRECTION ( 'NONE',  ( 0.4056281494946316069, -0.9140381853826242686, -0.000000000000000000 ) ) ;
#5123 = EDGE_LOOP ( 'NONE', ( #4028, #9089, #7046, #3169 ) ) ;
#5124 = DIRECTION ( 'NONE',  ( -0.7775376295883806854, 0.6288364132062342904, 0.000000000000000000 ) ) ;
#5125 = CARTESIAN_POINT ( 'NONE',  ( 64.45296278978683802, 56.02319583288610971, 31.45153177885602602 ) ) ;
#5126 = CARTESIAN_POINT ( 'NONE',  ( 14.77041421565671975, -74.32560023119968662, -7.245558843451810560 ) ) ;
#5127 = FACE_OUTER_BOUND ( 'NONE', #8599, .T. ) ;
#5128 = CARTESIAN_POINT ( 'NONE',  ( 46.50970724580863447, -38.17154845807145591, -3.000000000000000000 ) ) ;
#5129 = VERTEX_POINT ( 'NONE', #2855 ) ;
#5130 = CARTESIAN_POINT ( 'NONE',  ( -41.30779598911018979, 43.15267505868126818, 17.00000000000000000 ) ) ;
#5131 = ORIENTED_EDGE ( 'NONE', *, *, #6562, .T. ) ;
#5132 = DIRECTION ( 'NONE',  ( -0.000000000000000000, -0.000000000000000000, -1.000000000000000000 ) ) ;
#5133 = ORIENTED_EDGE ( 'NONE', *, *, #3111, .F. ) ;
#5134 = FACE_OUTER_BOUND ( 'NONE', #6408, .T. ) ;
#5135 = LINE ( 'NONE', #1818, #8573 ) ;
#5136 = CIRCLE ( 'NONE', #2535, 2.499999999999998668 ) ;
#5137 = ORIENTED_EDGE ( 'NONE', *, *, #5750, .T. ) ;
#5138 = CARTESIAN_POINT ( 'NONE',  ( 28.27747505168454367, -81.29040158672695782, -18.49999999999400657 ) ) ;
#5139 = LINE ( 'NONE', #9244, #3793 ) ;
#5140 = CARTESIAN_POINT ( 'NONE',  ( -34.77390060466384369, 83.01069712234054521, 17.00000000000000000 ) ) ;
#5141 = ORIENTED_EDGE ( 'NONE', *, *, #3034, .F. ) ;
#5142 = CARTESIAN_POINT ( 'NONE',  ( 23.73696534790347812, -88.36745145172191940, 32.50000000000000000 ) ) ;
#5143 = CARTESIAN_POINT ( 'NONE',  ( 21.33684476726586965, 89.12232544199109441, -18.50000000000000000 ) ) ;
#5144 = VECTOR ( 'NONE', #3661, 1000.000000000000000 ) ;
#5145 = DIRECTION ( 'NONE',  ( 0.2090980990620599778, 0.9778946696698130880, 0.000000000000000000 ) ) ;
#5146 = VERTEX_POINT ( 'NONE', #7860 ) ;
#5147 = ADVANCED_FACE ( 'NONE', ( #397 ), #7091, .T. ) ;
#5148 = EDGE_LOOP ( 'NONE', ( #2208, #781, #8013, #3495 ) ) ;
#5149 = ADVANCED_FACE ( 'NONE', ( #6213 ), #2029, .F. ) ;
#5150 = LINE ( 'NONE', #3565, #10402 ) ;
#5151 = VECTOR ( 'NONE', #10487, 1000.000000000000000 ) ;
#5152 = VECTOR ( 'NONE', #8409, 1000.000000000000000 ) ;
#5153 = APPLICATION_PROTOCOL_DEFINITION ( 'draft international standard', 'automotive_design', 1998, #2145 ) ;
#5154 = ORIENTED_EDGE ( 'NONE', *, *, #4747, .T. ) ;
#5155 = CARTESIAN_POINT ( 'NONE',  ( 85.31301083975286303, 7.101992651944192936, -17.81104402677035026 ) ) ;
#5156 = DIRECTION ( 'NONE',  ( 0.000000000000000000, -1.000000000000000000, 1.387778780781444492E-15 ) ) ;
#5157 = DIRECTION ( 'NONE',  ( 0.4056281494946326061, 0.9140381853826238245, 0.000000000000000000 ) ) ;
#5158 = AXIS2_PLACEMENT_3D ( 'NONE', #7458, #10794, #3321 ) ;
#5159 = DIRECTION ( 'NONE',  ( -1.000000000000000000, 0.000000000000000000, 0.000000000000000000 ) ) ;
#5160 = ORIENTED_EDGE ( 'NONE', *, *, #5448, .F. ) ;
#5161 = EDGE_CURVE ( 'NONE', #7137, #10407, #1219, .T. ) ;
#5162 = PLANE ( 'NONE',  #1246 ) ;
#5163 = DIRECTION ( 'NONE',  ( -0.000000000000000000, 0.000000000000000000, 1.000000000000000000 ) ) ;
#5164 = CARTESIAN_POINT ( 'NONE',  ( -79.95094027961360439, 49.43528242465761480, 17.00000000000000000 ) ) ;
#5165 = DIRECTION ( 'NONE',  ( -1.000000000000000000, 0.000000000000000000, 0.000000000000000000 ) ) ;
#5166 = CARTESIAN_POINT ( 'NONE',  ( 71.14469310733640839, 57.53853180837099046, 30.00000000000000355 ) ) ;
#5167 = DIRECTION ( 'NONE',  ( -0.000000000000000000, -0.000000000000000000, -1.000000000000000000 ) ) ;
#5168 = CIRCLE ( 'NONE', #6901, 2.500000000000002220 ) ;
#5169 = VERTEX_POINT ( 'NONE', #5252 ) ;
#5170 = CARTESIAN_POINT ( 'NONE',  ( -76.70731484416435819, -49.88223981938105567, 30.00000000000000355 ) ) ;
#5171 = EDGE_CURVE ( 'NONE', #10679, #8240, #1579, .T. ) ;
#5172 = PLANE ( 'NONE',  #3546 ) ;
#5173 = ORIENTED_EDGE ( 'NONE', *, *, #1520, .F. ) ;
#5174 = CARTESIAN_POINT ( 'NONE',  ( 19.00742052681857430, 83.87322547598165556, -18.50243452484117768 ) ) ;
#5175 = EDGE_CURVE ( 'NONE', #8480, #3145, #9935, .T. ) ;
#5176 = EDGE_CURVE ( 'NONE', #3188, #10203, #5464, .T. ) ;
#5177 = CIRCLE ( 'NONE', #10757, 2.500000000000002220 ) ;
#5178 = DIRECTION ( 'NONE',  ( -0.000000000000000000, -0.000000000000000000, 1.000000000000000000 ) ) ;
#5179 = DIRECTION ( 'NONE',  ( 1.000000000000000000, 0.000000000000000000, 0.000000000000000000 ) ) ;
#5180 = CARTESIAN_POINT ( 'NONE',  ( -28.27582184716899505, 52.62095848505696694, 17.00000000000000000 ) ) ;
#5181 = CARTESIAN_POINT ( 'NONE',  ( -57.92732568997467979, 29.65345375232068648, 17.00000000000000355 ) ) ;
#5182 = FACE_OUTER_BOUND ( 'NONE', #4702, .T. ) ;
#5183 = ORIENTED_EDGE ( 'NONE', *, *, #4069, .F. ) ;
#5184 = CIRCLE ( 'NONE', #8151, 91.50000000000001421 ) ;
#5185 = DIRECTION ( 'NONE',  ( -1.000000000000000000, 8.326672684688666165E-15, 0.000000000000000000 ) ) ;
#5186 = ORIENTED_EDGE ( 'NONE', *, *, #4176, .F. ) ;
#5187 = ADVANCED_FACE ( 'NONE', ( #4540 ), #7807, .T. ) ;
#5188 = CARTESIAN_POINT ( 'NONE',  ( -33.02592133450595213, 79.05884139350861517, 31.93353923880110656 ) ) ;
#5189 = ORIENTED_EDGE ( 'NONE', *, *, #5060, .F. ) ;
#5190 = LINE ( 'NONE', #5243, #10202 ) ;
#5191 = CYLINDRICAL_SURFACE ( 'NONE', #1505, 2.499999999999998668 ) ;
#5192 = EDGE_CURVE ( 'NONE', #10679, #3275, #2963, .T. ) ;
#5193 = AXIS2_PLACEMENT_3D ( 'NONE', #6017, #3423, #9369 ) ;
#5194 = DIRECTION ( 'NONE',  ( 0.000000000000000000, -1.000000000000000000, -1.387778780781444492E-15 ) ) ;
#5195 = AXIS2_PLACEMENT_3D ( 'NONE', #10525, #6361, #1535 ) ;
#5196 = ORIENTED_EDGE ( 'NONE', *, *, #2705, .T. ) ;
#5197 = DIRECTION ( 'NONE',  ( 0.000000000000000000, 0.000000000000000000, 1.000000000000000000 ) ) ;
#5198 = CARTESIAN_POINT ( 'NONE',  ( -35.18221305882456562, 84.92026289206617662, -16.00000000000000000 ) ) ;
#5199 = CARTESIAN_POINT ( 'NONE',  ( -46.29064977223065114, 38.56396948146379344, -3.000000000000002665 ) ) ;
#5200 = AXIS2_PLACEMENT_3D ( 'NONE', #6782, #5699, #4232 ) ;
#5201 = ORIENTED_EDGE ( 'NONE', *, *, #5891, .F. ) ;
#5202 = CARTESIAN_POINT ( 'NONE',  ( -19.16400979977969143, -75.71940827039460942, -3.000000000057390981 ) ) ;
#5203 = FACE_OUTER_BOUND ( 'NONE', #8646, .T. ) ;
#5204 = AXIS2_PLACEMENT_3D ( 'NONE', #2960, #7255, #5675 ) ;
#5205 = CARTESIAN_POINT ( 'NONE',  ( 49.70347058474199997, -11.57431915030805492, 14.00000000000000000 ) ) ;
#5206 = EDGE_LOOP ( 'NONE', ( #5235, #9141, #2292, #3829 ) ) ;
#5207 = ORIENTED_EDGE ( 'NONE', *, *, #4845, .T. ) ;
#5208 = AXIS2_PLACEMENT_3D ( 'NONE', #3850, #5532, #1402 ) ;
#5209 = CIRCLE ( 'NONE', #2069, 90.00000000000001421 ) ;
#5210 = DIRECTION ( 'NONE',  ( -0.8654182317380996192, -0.5010501812945494793, 0.000000000000000000 ) ) ;
#5211 = ORIENTED_EDGE ( 'NONE', *, *, #2261, .T. ) ;
#5212 = ORIENTED_EDGE ( 'NONE', *, *, #10720, .F. ) ;
#5213 = CARTESIAN_POINT ( 'NONE',  ( 85.80956557446394584, 5.681119841944437532, -18.50009145628058604 ) ) ;
#5214 = CARTESIAN_POINT ( 'NONE',  ( -75.94735446185035244, 15.14328174876123967, 17.00000000000000000 ) ) ;
#5215 = ADVANCED_FACE ( 'NONE', ( #7705 ), #3560, .F. ) ;
#5216 = CARTESIAN_POINT ( 'NONE',  ( 85.39499722525319214, 6.978992145649203671, 31.93353923880147605 ) ) ;
#5217 = AXIS2_PLACEMENT_3D ( 'NONE', #10736, #3160, #9104 ) ;
#5218 = EDGE_LOOP ( 'NONE', ( #9040, #7755, #3053 ) ) ;
#5219 = DIRECTION ( 'NONE',  ( -0.5010501812945508116, -0.8654182317380989531, 0.000000000000000000 ) ) ;
#5220 = DIRECTION ( 'NONE',  ( -0.4056281494946317179, 0.9140381853826244907, 0.000000000000000000 ) ) ;
#5221 = DIRECTION ( 'NONE',  ( 0.000000000000000000, 1.000000000000000000, 0.000000000000000000 ) ) ;
#5222 = DIRECTION ( 'NONE',  ( -0.000000000000000000, 0.000000000000000000, 1.000000000000000000 ) ) ;
#5223 = AXIS2_PLACEMENT_3D ( 'NONE', #1933, #3669, #10430 ) ;
#5224 = ORIENTED_EDGE ( 'NONE', *, *, #7695, .T. ) ;
#5225 = CARTESIAN_POINT ( 'NONE',  ( 75.94735446185035244, -15.14328174876124677, 17.00000000000000000 ) ) ;
#5226 = CARTESIAN_POINT ( 'NONE',  ( 49.70347058474200708, 11.57431915030803005, 17.00000000000000000 ) ) ;
#5227 = VERTEX_POINT ( 'NONE', #8741 ) ;
#5228 = DIRECTION ( 'NONE',  ( 0.7439559807600397701, 0.6682286275604834014, 0.000000000000000000 ) ) ;
#5229 = DIRECTION ( 'NONE',  ( -0.9140381853826238245, 0.4056281494946327171, 0.000000000000000000 ) ) ;
#5230 = CARTESIAN_POINT ( 'NONE',  ( 14.50710246486526422, -73.73225631465149377, -6.869770528428721157 ) ) ;
#5231 = CARTESIAN_POINT ( 'NONE',  ( -85.38348876633547491, 5.354500977208410006, -18.50000000000000000 ) ) ;
#5232 = CARTESIAN_POINT ( 'NONE',  ( 35.18221305882455852, -84.92026289206619083, -3.000000000000000000 ) ) ;
#5233 = EDGE_CURVE ( 'NONE', #9565, #3657, #3382, .T. ) ;
#5234 = DIRECTION ( 'NONE',  ( 0.000000000000000000, 0.000000000000000000, -1.000000000000000000 ) ) ;
#5235 = ORIENTED_EDGE ( 'NONE', *, *, #1002, .T. ) ;
#5236 = VECTOR ( 'NONE', #9291, 1000.000000000000000 ) ;
#5237 = EDGE_CURVE ( 'NONE', #321, #2097, #4358, .T. ) ;
#5238 = CARTESIAN_POINT ( 'NONE',  ( -71.14469310733642260, 57.53853180837098336, -3.000000000000000888 ) ) ;
#5239 = EDGE_CURVE ( 'NONE', #10331, #8964, #7308, .T. ) ;
#5240 = ORIENTED_EDGE ( 'NONE', *, *, #3395, .F. ) ;
#5241 = DIRECTION ( 'NONE',  ( -0.9778946696698129770, -0.2090980990620606716, 0.000000000000000000 ) ) ;
#5242 = VERTEX_POINT ( 'NONE', #5517 ) ;
#5243 = CARTESIAN_POINT ( 'NONE',  ( 16.27982722542986238, -3.481030249449611258, 17.00000000000000000 ) ) ;
#5244 = CARTESIAN_POINT ( 'NONE',  ( -1.720086775986159999, -16.55873327191746114, -3.000000000000000000 ) ) ;
#5245 = CARTESIAN_POINT ( 'NONE',  ( 18.61563245507274900, 82.81693890898660015, 30.60853953549739970 ) ) ;
#5246 = ORIENTED_EDGE ( 'NONE', *, *, #8045, .T. ) ;
#5247 = CARTESIAN_POINT ( 'NONE',  ( -41.30779598911018979, 43.15267505868126818, 17.00000000000000000 ) ) ;
#5248 = EDGE_CURVE ( 'NONE', #10727, #10494, #5389, .T. ) ;
#5249 = CARTESIAN_POINT ( 'NONE',  ( -53.80544377091636221, 25.95113860334528511, -3.000000000000000000 ) ) ;
#5250 = DIRECTION ( 'NONE',  ( -1.000000000000000000, 0.000000000000000000, -0.000000000000000000 ) ) ;
#5251 = ORIENTED_EDGE ( 'NONE', *, *, #5379, .F. ) ;
#5252 = CARTESIAN_POINT ( 'NONE',  ( 35.18221305882455852, -84.92026289206617662, -16.00000000000000000 ) ) ;
#5253 = AXIS2_PLACEMENT_3D ( 'NONE', #3401, #2642, #6869 ) ;
#5254 = DIRECTION ( 'NONE',  ( -1.000000000000000000, 0.000000000000000000, 0.000000000000000000 ) ) ;
#5255 = CARTESIAN_POINT ( 'NONE',  ( -79.20731484416435819, -49.88223981938105567, 30.00000000000000000 ) ) ;
#5256 = ORIENTED_EDGE ( 'NONE', *, *, #6778, .T. ) ;
#5257 = VERTEX_POINT ( 'NONE', #2250 ) ;
#5258 = AXIS2_PLACEMENT_3D ( 'NONE', #10695, #5565, #3118 ) ;
#5259 = CARTESIAN_POINT ( 'NONE',  ( 91.37756621894716602, -4.731848676989278246, -16.00000000000000000 ) ) ;
#5260 = ORIENTED_EDGE ( 'NONE', *, *, #8113, .T. ) ;
#5261 = ORIENTED_EDGE ( 'NONE', *, *, #8630, .F. ) ;
#5262 = CARTESIAN_POINT ( 'NONE',  ( 32.73747638465002296, -85.44300813972132858, 14.00000000000000000 ) ) ;
#5263 = CARTESIAN_POINT ( 'NONE',  ( -79.95094027961359018, 49.43528242465760059, 30.00000000000000355 ) ) ;
#5264 = CARTESIAN_POINT ( 'NONE',  ( 84.31640106985558702, 7.964535418595769301, 30.30701376012170201 ) ) ;
#5265 = ORIENTED_EDGE ( 'NONE', *, *, #5887, .T. ) ;
#5266 = CARTESIAN_POINT ( 'NONE',  ( 72.56107605584737996, -46.15846078180137368, 32.50000000000566303 ) ) ;
#5267 = DIRECTION ( 'NONE',  ( 0.8654182317380996192, -0.5010501812945494793, 0.000000000000000000 ) ) ;
#5268 = ADVANCED_FACE ( 'NONE', ( #4000 ), #2301, .T. ) ;
#5269 = DIRECTION ( 'NONE',  ( -1.000000000000000000, 0.000000000000000000, 0.000000000000000000 ) ) ;
#5270 = CARTESIAN_POINT ( 'NONE',  ( 60.06381680619847430, 3.543711396139537673, -3.000000000000000000 ) ) ;
#5271 = ORIENTED_EDGE ( 'NONE', *, *, #4747, .F. ) ;
#5272 = DIRECTION ( 'NONE',  ( 0.000000000000000000, 0.000000000000000000, -1.000000000000000000 ) ) ;
#5273 = CARTESIAN_POINT ( 'NONE',  ( 49.70347058474200708, -11.57431915030803182, 17.00000000000000000 ) ) ;
#5274 = VERTEX_POINT ( 'NONE', #5574 ) ;
#5275 = AXIS2_PLACEMENT_3D ( 'NONE', #8231, #5980, #9276 ) ;
#5276 = DIRECTION ( 'NONE',  ( 0.000000000000000000, 0.000000000000000000, -1.000000000000000000 ) ) ;
#5277 = DIRECTION ( 'NONE',  ( 0.9946479639414458340, 0.1033219619787416887, -0.000000000000000000 ) ) ;
#5278 = DIRECTION ( 'NONE',  ( 0.000000000000000000, 0.000000000000000000, -1.000000000000000000 ) ) ;
#5279 = EDGE_CURVE ( 'NONE', #6503, #8090, #731, .T. ) ;
#5280 = DIRECTION ( 'NONE',  ( -0.000000000000000000, 0.000000000000000000, 1.000000000000000000 ) ) ;
#5281 = EDGE_CURVE ( 'NONE', #9663, #1571, #2084, .T. ) ;
#5282 = PLANE ( 'NONE',  #5535 ) ;
#5283 = CARTESIAN_POINT ( 'NONE',  ( 0.000000000000000000, 0.000000000000000000, -16.00000000000000000 ) ) ;
#5284 = VERTEX_POINT ( 'NONE', #3939 ) ;
#5285 = B_SPLINE_CURVE_WITH_KNOTS ( 'NONE', 3,
 ( #6871, #10215, #3612, #10274, #2749, #1162, #2852, #6156, #6051, #1217, #9405, #1931 ),
 .UNSPECIFIED., .F., .F.,
 ( 4, 1, 2, 2, 1, 1, 1, 4 ),
 ( 0.000000000000000000, 0.4584319647113249130, 0.4870839625057824529, 0.5014099614030106400, 0.5157359603002388271, 0.5730399558891527967, 0.6876479470669809579, 0.9168639294226373915 ),
 .UNSPECIFIED. ) ;
#5286 = CARTESIAN_POINT ( 'NONE',  ( 76.70731484416434398, -49.88223981938104146, -3.000000000000000888 ) ) ;
#5287 = ORIENTED_EDGE ( 'NONE', *, *, #7041, .T. ) ;
#5288 = CARTESIAN_POINT ( 'NONE',  ( 66.64214824494888489, 55.51846396075420387, 32.50000000010203394 ) ) ;
#5289 = EDGE_LOOP ( 'NONE', ( #5224, #4420, #8220 ) ) ;
#5290 = DIRECTION ( 'NONE',  ( -1.397153733963057083E-15, -1.451334242991463927E-16, -1.000000000000000000 ) ) ;
#5291 = CARTESIAN_POINT ( 'NONE',  ( -31.57188114324705452, 79.99330960275848668, 32.49999999999112532 ) ) ;
#5292 = DIRECTION ( 'NONE',  ( -0.6682286275604836234, -0.7439559807600396590, 0.000000000000000000 ) ) ;
#5293 = EDGE_CURVE ( 'NONE', #2962, #10759, #2480, .T. ) ;
#5294 = ORIENTED_EDGE ( 'NONE', *, *, #2387, .F. ) ;
#5295 = EDGE_CURVE ( 'NONE', #5592, #6503, #5740, .T. ) ;
#5296 = PLANE ( 'NONE',  #8393 ) ;
#5297 = CARTESIAN_POINT ( 'NONE',  ( 0.000000000000000000, 0.000000000000000000, -18.50000000000000000 ) ) ;
#5298 = CARTESIAN_POINT ( 'NONE',  ( -79.20731484416434398, -49.88223981938107698, -16.00000000000000000 ) ) ;
#5299 = ORIENTED_EDGE ( 'NONE', *, *, #3572, .F. ) ;
#5300 = CARTESIAN_POINT ( 'NONE',  ( 72.75007835258779210, -42.96768886918916763, -15.99987001606248427 ) ) ;
#5301 = CARTESIAN_POINT ( 'NONE',  ( 0.000000000000000000, 0.000000000000000000, 17.00000000000000000 ) ) ;
#5302 = CARTESIAN_POINT ( 'NONE',  ( -78.37788641306558191, -48.02234986748096190, 30.00000000000000355 ) ) ;
#5303 = EDGE_CURVE ( 'NONE', #3145, #2523, #1747, .T. ) ;
#5304 = EDGE_CURVE ( 'NONE', #4441, #5242, #6543, .T. ) ;
#5305 = ORIENTED_EDGE ( 'NONE', *, *, #6288, .T. ) ;
#5306 = EDGE_CURVE ( 'NONE', #2230, #4602, #3125, .T. ) ;
#5307 = ORIENTED_EDGE ( 'NONE', *, *, #8581, .F. ) ;
#5308 = EDGE_CURVE ( 'NONE', #2248, #9983, #7410, .T. ) ;
#5309 = CYLINDRICAL_SURFACE ( 'NONE', #7089, 2.500000000000002220 ) ;
#5310 = VERTEX_POINT ( 'NONE', #6488 ) ;
#5311 = AXIS2_PLACEMENT_3D ( 'NONE', #5003, #204, #8380 ) ;
#5312 = VERTEX_POINT ( 'NONE', #9777 ) ;
#5313 = CARTESIAN_POINT ( 'NONE',  ( 70.65825708028600616, 49.14423355568513330, 32.50000000003433342 ) ) ;
#5314 = DIRECTION ( 'NONE',  ( -1.000000000000000000, 0.000000000000000000, 0.000000000000000000 ) ) ;
#5315 = FACE_OUTER_BOUND ( 'NONE', #6831, .T. ) ;
#5316 = EDGE_CURVE ( 'NONE', #10546, #9619, #4942, .T. ) ;
#5317 = VERTEX_POINT ( 'NONE', #6651 ) ;
#5318 = AXIS2_PLACEMENT_3D ( 'NONE', #3141, #2318, #691 ) ;
#5319 = CARTESIAN_POINT ( 'NONE',  ( 14.78258981517074488, -58.40786793620479500, 17.00000000000000000 ) ) ;
#5320 = CARTESIAN_POINT ( 'NONE',  ( 8.341399780305364331, 14.40733826189109479, -3.000000000000000000 ) ) ;
#5321 = CARTESIAN_POINT ( 'NONE',  ( -72.95617194337792455, -43.19394820119359224, -16.45044341700333135 ) ) ;
#5322 = CARTESIAN_POINT ( 'NONE',  ( -64.20038360106602227, 56.06900753910504420, 31.18342693136303367 ) ) ;
#5323 = ORIENTED_EDGE ( 'NONE', *, *, #7072, .T. ) ;
#5324 = AXIS2_PLACEMENT_3D ( 'NONE', #7040, #7148, #8025 ) ;
#5325 = DIRECTION ( 'NONE',  ( -0.000000000000000000, -0.000000000000000000, -1.000000000000000000 ) ) ;
#5326 = CARTESIAN_POINT ( 'NONE',  ( 73.08853718130734478, 59.11062284138661482, -16.00000000000000000 ) ) ;
#5327 = ORIENTED_EDGE ( 'NONE', *, *, #9064, .F. ) ;
#5328 = DIRECTION ( 'NONE',  ( 1.000000000000000000, 0.000000000000000000, 0.000000000000000000 ) ) ;
#5329 = PLANE ( 'NONE',  #2289 ) ;
#5330 = AXIS2_PLACEMENT_3D ( 'NONE', #4031, #2282, #5605 ) ;
#5331 = DIRECTION ( 'NONE',  ( -0.000000000000000000, -0.000000000000000000, 1.000000000000000000 ) ) ;
#5332 = DIRECTION ( 'NONE',  ( 0.9946479639414453899, -0.1033219619787455329, 0.000000000000000000 ) ) ;
#5333 = DIRECTION ( 'NONE',  ( -0.2090980990620599222, 0.9778946696698130880, 0.000000000000000000 ) ) ;
#5334 = DIRECTION ( 'NONE',  ( -0.000000000000000000, 0.000000000000000000, 1.000000000000000000 ) ) ;
#5335 = VERTEX_POINT ( 'NONE', #8290 ) ;
#5336 = CARTESIAN_POINT ( 'NONE',  ( -91.37756621894718023, 4.731848676989273805, 32.50000000000000000 ) ) ;
#5337 = ORIENTED_EDGE ( 'NONE', *, *, #9987, .T. ) ;
#5338 = VECTOR ( 'NONE', #5051, 1000.000000000000227 ) ;
#5339 = CARTESIAN_POINT ( 'NONE',  ( -31.54767028998657707, -67.92249956338655181, -6.721643688671526284 ) ) ;
#5340 = ORIENTED_EDGE ( 'NONE', *, *, #7175, .T. ) ;
#5341 = CARTESIAN_POINT ( 'NONE',  ( 84.33978776313246328, 16.81666435622046052, -18.50000000000000355 ) ) ;
#5342 = EDGE_CURVE ( 'NONE', #5591, #5395, #6610, .T. ) ;
#5343 = DIRECTION ( 'NONE',  ( 1.000000000000000000, 0.000000000000000000, 0.000000000000000000 ) ) ;
#5344 = CARTESIAN_POINT ( 'NONE',  ( 0.000000000000000000, 0.000000000000000000, 0.000000000000000000 ) ) ;
#5346 = DIRECTION ( 'NONE',  ( 0.8654182317380989531, 0.5010501812945508116, 0.000000000000000000 ) ) ;
#5345 = VECTOR ( 'NONE', #2131, 1000.000000000000000 ) ;
#5347 = ORIENTED_EDGE ( 'NONE', *, *, #6085, .T. ) ;
#5348 = CARTESIAN_POINT ( 'NONE',  ( 24.38551631369323758, -90.78186269357225058, -3.000000000000000000 ) ) ;
#5349 = CARTESIAN_POINT ( 'NONE',  ( -15.19047032455878110, 58.21915141172117103, -3.000000000000000000 ) ) ;
#5350 = CYLINDRICAL_SURFACE ( 'NONE', #5538, 2.500000000000002220 ) ;
#5351 = VECTOR ( 'NONE', #5715, 1000.000000000000000 ) ;
#5352 = ORIENTED_EDGE ( 'NONE', *, *, #6841, .T. ) ;
#5353 = DIRECTION ( 'NONE',  ( -0.9946479639414452789, -0.1033219619787458798, 0.000000000000000000 ) ) ;
#5354 = CARTESIAN_POINT ( 'NONE',  ( -66.32191054007846276, 54.74593539653741203, 32.50000000000000000 ) ) ;
#5355 = AXIS2_PLACEMENT_3D ( 'NONE', #7734, #1255, #6090 ) ;
#5356 = CARTESIAN_POINT ( 'NONE',  ( 72.97457220075534678, -58.59797476656159887, 32.50000000000000000 ) ) ;
#5357 = CARTESIAN_POINT ( 'NONE',  ( -8.341399780305353673, 14.40733826189104505, 0.000000000000000000 ) ) ;
#5358 = VERTEX_POINT ( 'NONE', #9940 ) ;
#5359 = ORIENTED_EDGE ( 'NONE', *, *, #1752, .F. ) ;
#5360 = CARTESIAN_POINT ( 'NONE',  ( 73.20439052759365950, 44.11720363750037421, 31.57491144069151545 ) ) ;
#5361 = AXIS2_PLACEMENT_3D ( 'NONE', #5099, #4891, #9962 ) ;
#5362 = DIRECTION ( 'NONE',  ( -0.1033219619787472815, 0.9946479639414450569, 0.000000000000000000 ) ) ;
#5363 = ORIENTED_EDGE ( 'NONE', *, *, #2791, .F. ) ;
#5364 = EDGE_CURVE ( 'NONE', #6116, #8821, #5, .T. ) ;
#5365 = VECTOR ( 'NONE', #1037, 1000.000000000000000 ) ;
#5366 = ORIENTED_EDGE ( 'NONE', *, *, #8519, .F. ) ;
#5367 = LINE ( 'NONE', #2098, #8248 ) ;
#5368 = DIRECTION ( 'NONE',  ( 1.000000000000000000, 0.000000000000000000, 0.000000000000000000 ) ) ;
#5369 = EDGE_CURVE ( 'NONE', #8498, #5769, #2522, .T. ) ;
#5370 = ADVANCED_FACE ( 'NONE', ( #892 ), #2687, .T. ) ;
#5371 = CARTESIAN_POINT ( 'NONE',  ( 23.73696534790352075, -88.36745145172190519, -16.00000000000000000 ) ) ;
#5372 = AXIS2_PLACEMENT_3D ( 'NONE', #3268, #98, #9974 ) ;
#5373 = ORIENTED_EDGE ( 'NONE', *, *, #6669, .F. ) ;
#5374 = VECTOR ( 'NONE', #1339, 1000.000000000000000 ) ;
#5375 = AXIS2_PLACEMENT_3D ( 'NONE', #2824, #3484, #2771 ) ;
#5376 = CARTESIAN_POINT ( 'NONE',  ( 89.69359066795173874, 7.420228641350716359, 0.000000000000000000 ) ) ;
#5377 = CARTESIAN_POINT ( 'NONE',  ( 0.000000000000000000, 0.000000000000000000, -3.000000000000000000 ) ) ;
#5378 = CARTESIAN_POINT ( 'NONE',  ( 71.14469310733642260, 57.53853180837099046, 30.00000000000000355 ) ) ;
#5379 = EDGE_CURVE ( 'NONE', #10494, #9783, #7420, .T. ) ;
#5380 = DIRECTION ( 'NONE',  ( -1.000000000000000000, 1.665334536937733233E-14, 0.000000000000000000 ) ) ;
#5381 = ORIENTED_EDGE ( 'NONE', *, *, #7368, .T. ) ;
#5382 = CIRCLE ( 'NONE', #4169, 2.499999999999997335 ) ;
#5383 = AXIS2_PLACEMENT_3D ( 'NONE', #9810, #6469, #3267 ) ;
#5384 = DIRECTION ( 'NONE',  ( -1.000000000000000000, 0.000000000000000000, 0.000000000000000000 ) ) ;
#5385 = EDGE_CURVE ( 'NONE', #9814, #6320, #835, .T. ) ;
#5386 = CARTESIAN_POINT ( 'NONE',  ( -78.37788641306555348, 48.02234986748099033, 17.00000000000000000 ) ) ;
#5387 = ORIENTED_EDGE ( 'NONE', *, *, #997, .T. ) ;
#5388 = DIRECTION ( 'NONE',  ( -1.000000000000000000, 0.000000000000000000, 0.000000000000000000 ) ) ;
#5389 = CIRCLE ( 'NONE', #8704, 2.500000000000002220 ) ;
#5390 = DIRECTION ( 'NONE',  ( 0.000000000000000000, 0.000000000000000000, -1.000000000000000000 ) ) ;
#5391 = CYLINDRICAL_SURFACE ( 'NONE', #120, 2.500000000000000888 ) ;
#5392 = CARTESIAN_POINT ( 'NONE',  ( -29.43960443290631801, 58.06365161498987248, -3.000000000000003997 ) ) ;
#5393 = FACE_OUTER_BOUND ( 'NONE', #3221, .T. ) ;
#5394 = DIRECTION ( 'NONE',  ( 0.7439559807600395480, 0.6682286275604836234, 0.000000000000000000 ) ) ;
#5395 = VERTEX_POINT ( 'NONE', #942 ) ;
#5396 = DIRECTION ( 'NONE',  ( 1.000000000000000000, 0.000000000000000000, 0.000000000000000000 ) ) ;
#5397 = VERTEX_POINT ( 'NONE', #5027 ) ;
#5398 = AXIS2_PLACEMENT_3D ( 'NONE', #4236, #5961, #5156 ) ;
#5399 = DIRECTION ( 'NONE',  ( 0.7439559807600391039, -0.6682286275604842896, -0.000000000000000000 ) ) ;
#5400 = VERTEX_POINT ( 'NONE', #4155 ) ;
#5401 = CARTESIAN_POINT ( 'NONE',  ( 86.54756481785626931, -5.744108926437804463, -18.50000000003825207 ) ) ;
#5402 = CARTESIAN_POINT ( 'NONE',  ( 23.73696534790352430, 88.36745145172190519, 30.00000000000000355 ) ) ;
#5403 = CARTESIAN_POINT ( 'NONE',  ( 31.57188114323651718, 79.99330960273168500, 32.50000000002562217 ) ) ;
#5404 = CARTESIAN_POINT ( 'NONE',  ( -47.01416648434901191, 19.85114610654547818, 0.000000000000000000 ) ) ;
#5405 = ORIENTED_EDGE ( 'NONE', *, *, #3084, .T. ) ;
#5406 = CARTESIAN_POINT ( 'NONE',  ( 0.000000000000000000, 0.000000000000000000, -16.00000000000000000 ) ) ;
#5407 = CARTESIAN_POINT ( 'NONE',  ( 34.51136353448896443, 87.22423545417927926, -17.00648099255975509 ) ) ;
#5408 = EDGE_CURVE ( 'NONE', #1887, #2779, #6425, .T. ) ;
#5409 = VERTEX_POINT ( 'NONE', #16 ) ;
#5410 = CARTESIAN_POINT ( 'NONE',  ( -68.20213817285896596, 58.72366089278028767, -3.000000000000000000 ) ) ;
#5411 = SPHERICAL_SURFACE ( 'NONE', #5671, 2.500000000000000000 ) ;
#5412 = DIRECTION ( 'NONE',  ( -1.000000000000000000, 0.000000000000000000, -0.000000000000000000 ) ) ;
#5413 = VECTOR ( 'NONE', #539, 1000.000000000000000 ) ;
#5414 = FACE_OUTER_BOUND ( 'NONE', #957, .T. ) ;
#5415 = ORIENTED_EDGE ( 'NONE', *, *, #1155, .T. ) ;
#5416 = EDGE_LOOP ( 'NONE', ( #4390, #5758, #1777, #7668 ) ) ;
#5417 = FACE_OUTER_BOUND ( 'NONE', #5849, .T. ) ;
#5418 = DIRECTION ( 'NONE',  ( -0.2090980990620617541, 0.9778946696698127550, 0.000000000000000000 ) ) ;
#5419 = ADVANCED_FACE ( 'NONE', ( #175 ), #1704, .F. ) ;
#5420 = ORIENTED_EDGE ( 'NONE', *, *, #9850, .F. ) ;
#5421 = CIRCLE ( 'NONE', #3512, 2.500000000000002220 ) ;
#5422 = ORIENTED_EDGE ( 'NONE', *, *, #2361, .F. ) ;
#5423 = CARTESIAN_POINT ( 'NONE',  ( 28.90759840700584249, 55.57560481162836652, -3.000000000000002665 ) ) ;
#5424 = B_SPLINE_CURVE_WITH_KNOTS ( 'NONE', 3,
 ( #2472, #3337, #115, #3391 ),
 .UNSPECIFIED., .F., .F.,
 ( 4, 4 ),
 ( 0.1618091703083947286, 0.8381908316158398486 ),
 .UNSPECIFIED. ) ;
#5425 = CARTESIAN_POINT ( 'NONE',  ( -73.08853718130734478, -59.11062284138661482, -16.00000000000000000 ) ) ;
#5426 = LINE ( 'NONE', #6838, #4610 ) ;
#5427 = ORIENTED_EDGE ( 'NONE', *, *, #8187, .F. ) ;
#5428 = VECTOR ( 'NONE', #7379, 999.9999999999998863 ) ;
#5429 = ADVANCED_FACE ( 'NONE', ( #8349 ), #3496, .F. ) ;
#5430 = CARTESIAN_POINT ( 'NONE',  ( -33.29215432917629869, 78.72002864221443019, -17.57491144069192046 ) ) ;
#5431 = ADVANCED_FACE ( 'NONE', ( #995 ), #9234, .T. ) ;
#5432 = ADVANCED_FACE ( 'NONE', ( #6702 ), #7582, .T. ) ;
#5433 = CARTESIAN_POINT ( 'NONE',  ( -63.34571104243942585, 55.91169000874646144, 29.99987001606840664 ) ) ;
#5434 = DIRECTION ( 'NONE',  ( 0.000000000000000000, -0.000000000000000000, -1.000000000000000000 ) ) ;
#5435 = ORIENTED_EDGE ( 'NONE', *, *, #10375, .T. ) ;
#5436 = CARTESIAN_POINT ( 'NONE',  ( 71.14469310733640839, 57.53853180837099046, 32.50000000000000000 ) ) ;
#5437 = CIRCLE ( 'NONE', #752, 2.499999999999997335 ) ;
#5438 = DIRECTION ( 'NONE',  ( -1.000000000000000000, 0.000000000000000000, 0.000000000000000000 ) ) ;
#5439 = ORIENTED_EDGE ( 'NONE', *, *, #8592, .T. ) ;
#5440 = ORIENTED_EDGE ( 'NONE', *, *, #1631, .T. ) ;
#5441 = EDGE_CURVE ( 'NONE', #1571, #4536, #9286, .T. ) ;
#5442 = EDGE_CURVE ( 'NONE', #3199, #4897, #1404, .T. ) ;
#5443 = CARTESIAN_POINT ( 'NONE',  ( 60.01076110216541792, -49.99396575993299052, 16.99999999996174438 ) ) ;
#5444 = CYLINDRICAL_SURFACE ( 'NONE', #3593, 2.500000000000002220 ) ;
#5445 = CARTESIAN_POINT ( 'NONE',  ( -89.69359066795173874, 7.420228641350718135, 17.00000000000000000 ) ) ;
#5446 = MANIFOLD_SOLID_BREP ( 'Raccordo3', #6397 ) ;
#5447 = CARTESIAN_POINT ( 'NONE',  ( 0.000000000000000000, 0.000000000000000000, 30.00000000000000000 ) ) ;
#5448 = EDGE_CURVE ( 'NONE', #7639, #635, #2067, .T. ) ;
#5449 = DIRECTION ( 'NONE',  ( -0.000000000000000000, -0.000000000000000000, -1.000000000000000000 ) ) ;
#5450 = VERTEX_POINT ( 'NONE', #2839 ) ;
#5451 = CARTESIAN_POINT ( 'NONE',  ( -73.08853718130734478, 59.11062284138661482, 17.00000000000000000 ) ) ;
#5452 = AXIS2_PLACEMENT_3D ( 'NONE', #10047, #8353, #9288 ) ;
#5453 = VERTEX_POINT ( 'NONE', #5336 ) ;
#5454 = LINE ( 'NONE', #2073, #2677 ) ;
#5455 = ORIENTED_EDGE ( 'NONE', *, *, #6556, .F. ) ;
#5456 = CARTESIAN_POINT ( 'NONE',  ( -33.62992414424395093, -77.72848587142119925, -16.30701376012360271 ) ) ;
#5457 = CYLINDRICAL_SURFACE ( 'NONE', #4828, 2.499999999999999112 ) ;
#5458 = FACE_OUTER_BOUND ( 'NONE', #5854, .T. ) ;
#5459 = CARTESIAN_POINT ( 'NONE',  ( -58.78321495183485723, -10.63113418810694633, -3.000000000000000000 ) ) ;
#5460 = ORIENTED_EDGE ( 'NONE', *, *, #5710, .T. ) ;
#5461 = CARTESIAN_POINT ( 'NONE',  ( 33.40773828059418094, -38.57878788838270623, -3.000000000000000000 ) ) ;
#5462 = CARTESIAN_POINT ( 'NONE',  ( -84.11182357196422288, -7.999832654573254764, -15.99987001606736214 ) ) ;
#5463 = ORIENTED_EDGE ( 'NONE', *, *, #3381, .T. ) ;
#5464 = LINE ( 'NONE', #5410, #7824 ) ;
#5465 = DIRECTION ( 'NONE',  ( -0.000000000000000000, 0.000000000000000000, 1.000000000000000000 ) ) ;
#5466 = DIRECTION ( 'NONE',  ( -0.8654182317380989531, 0.5010501812945508116, -0.000000000000000000 ) ) ;
#5467 = CARTESIAN_POINT ( 'NONE',  ( 0.000000000000000000, 0.000000000000000000, 0.000000000000000000 ) ) ;
#5468 = ORIENTED_EDGE ( 'NONE', *, *, #2850, .T. ) ;
#5469 = VERTEX_POINT ( 'NONE', #10362 ) ;
#5470 = CARTESIAN_POINT ( 'NONE',  ( 72.76067528922226302, 45.84147465104590680, 32.50009145628209239 ) ) ;
#5471 = CARTESIAN_POINT ( 'NONE',  ( -60.06381680633765541, -3.543711395988183632, 17.00000000000000000 ) ) ;
#5472 = ORIENTED_EDGE ( 'NONE', *, *, #2457, .F. ) ;
#5473 = ORIENTED_EDGE ( 'NONE', *, *, #10053, .T. ) ;
#5474 = FACE_OUTER_BOUND ( 'NONE', #6821, .T. ) ;
#5475 = DIRECTION ( 'NONE',  ( 0.000000000000000000, 0.000000000000000000, 1.000000000000000000 ) ) ;
#5476 = CARTESIAN_POINT ( 'NONE',  ( 89.69359066795173874, 7.420228641350737675, 17.00000000000000000 ) ) ;
#5477 = B_SPLINE_CURVE_WITH_KNOTS ( 'NONE', 3,
 ( #7543, #5950, #3301, #904 ),
 .UNSPECIFIED., .F., .F.,
 ( 4, 4 ),
 ( 0.000000000000000000, 0.0004283073613165279164 ),
 .UNSPECIFIED. ) ;
#5478 = ORIENTED_EDGE ( 'NONE', *, *, #2103, .T. ) ;
#5479 = AXIS2_PLACEMENT_3D ( 'NONE', #2625, #9278, #3385 ) ;
#5480 = EDGE_CURVE ( 'NONE', #5749, #8730, #6404, .T. ) ;
#5481 = ORIENTED_EDGE ( 'NONE', *, *, #6074, .F. ) ;
#5482 = CARTESIAN_POINT ( 'NONE',  ( 32.20764057538817582, -80.53659821380145445, 32.50000000000000000 ) ) ;
#5483 = CARTESIAN_POINT ( 'NONE',  ( -91.63587112389409128, 7.218468586842902823, -3.000000000000000000 ) ) ;
#5484 = CARTESIAN_POINT ( 'NONE',  ( 4.351385440520336267, -50.84747089786795726, 17.00000000000000000 ) ) ;
#5485 = CARTESIAN_POINT ( 'NONE',  ( 0.000000000000000000, 0.000000000000000000, -18.50000000000000000 ) ) ;
#5486 = ORIENTED_EDGE ( 'NONE', *, *, #6649, .F. ) ;
#5487 = FACE_OUTER_BOUND ( 'NONE', #36, .T. ) ;
#5488 = AXIS2_PLACEMENT_3D ( 'NONE', #9396, #4936, #8572 ) ;
#5489 = CARTESIAN_POINT ( 'NONE',  ( 0.000000000000000000, 0.000000000000000000, 30.00000000000000000 ) ) ;
#5490 = ORIENTED_EDGE ( 'NONE', *, *, #173, .F. ) ;
#5491 = EDGE_LOOP ( 'NONE', ( #9862, #414, #3096, #8350 ) ) ;
#5492 = CARTESIAN_POINT ( 'NONE',  ( 58.34773430101150637, -63.17865068152823937, 32.50000000000000000 ) ) ;
#5493 = CARTESIAN_POINT ( 'NONE',  ( 33.40773828059418094, -38.57878788838270623, -3.000000000000000000 ) ) ;
#5494 = CARTESIAN_POINT ( 'NONE',  ( 0.000000000000000000, 0.000000000000000000, 32.50000000000000000 ) ) ;
#5495 = PLANE ( 'NONE',  #10768 ) ;
#5496 = VECTOR ( 'NONE', #3523, 1000.000000000000000 ) ;
#5497 = DIRECTION ( 'NONE',  ( -0.000000000000000000, 0.000000000000000000, 1.000000000000000000 ) ) ;
#5498 = AXIS2_PLACEMENT_3D ( 'NONE', #9068, #3334, #6647 ) ;
#5499 = ORIENTED_EDGE ( 'NONE', *, *, #1490, .F. ) ;
#5500 = EDGE_CURVE ( 'NONE', #9783, #4457, #274, .T. ) ;
#5501 = DIRECTION ( 'NONE',  ( 0.7775376295883745792, 0.6288364132062421730, 0.000000000000000000 ) ) ;
#5502 = ORIENTED_EDGE ( 'NONE', *, *, #385, .F. ) ;
#5503 = FACE_OUTER_BOUND ( 'NONE', #4274, .T. ) ;
#5504 = EDGE_CURVE ( 'NONE', #10756, #8522, #4371, .T. ) ;
#5505 = ORIENTED_EDGE ( 'NONE', *, *, #9970, .T. ) ;
#5506 = ADVANCED_FACE ( 'NONE', ( #8669 ), #9489, .F. ) ;
#5507 = CARTESIAN_POINT ( 'NONE',  ( -53.80544377091636221, 25.95113860334528511, -3.000000000000000000 ) ) ;
#5508 = VECTOR ( 'NONE', #3159, 1000.000000000000000 ) ;
#5509 = CARTESIAN_POINT ( 'NONE',  ( -85.83440617534130013, -5.307351189430504768, 32.49999999994851407 ) ) ;
#5510 = CYLINDRICAL_SURFACE ( 'NONE', #4661, 14.00000000000000000 ) ;
#5511 = ORIENTED_EDGE ( 'NONE', *, *, #1218, .T. ) ;
#5512 = DIRECTION ( 'NONE',  ( -1.000000000000000000, 0.000000000000000000, 0.000000000000000000 ) ) ;
#5513 = CARTESIAN_POINT ( 'NONE',  ( 34.69901487197840595, 87.01883584974417829, -17.25285461225737649 ) ) ;
#5514 = EDGE_CURVE ( 'NONE', #7887, #3305, #436, .T. ) ;
#5515 = VECTOR ( 'NONE', #3687, 1000.000000000000000 ) ;
#5516 = ORIENTED_EDGE ( 'NONE', *, *, #9576, .F. ) ;
#5517 = CARTESIAN_POINT ( 'NONE',  ( 24.38551631369318429, 90.78186269357226479, -3.000000000000000000 ) ) ;
#5518 = DIRECTION ( 'NONE',  ( -0.000000000000000000, 0.000000000000000000, 1.000000000000000000 ) ) ;
#5519 = DIRECTION ( 'NONE',  ( -0.000000000000000000, -0.000000000000000000, 1.000000000000000000 ) ) ;
#5520 = ADVANCED_FACE ( 'NONE', ( #8616 ), #6860, .T. ) ;
#5521 = DIRECTION ( 'NONE',  ( 1.000000000000000000, 0.000000000000000000, 0.000000000000000000 ) ) ;
#5522 = EDGE_LOOP ( 'NONE', ( #5347, #4881, #2684, #4233 ) ) ;
#5523 = AXIS2_PLACEMENT_3D ( 'NONE', #4140, #7461, #2 ) ;
#5524 = CARTESIAN_POINT ( 'NONE',  ( -34.77390060466383659, 83.01069712234055942, 17.00000000000000000 ) ) ;
#5525 = ORIENTED_EDGE ( 'NONE', *, *, #6403, .T. ) ;
#5526 = CARTESIAN_POINT ( 'NONE',  ( -71.14469310733639418, -57.53853180837101888, -18.50000000000000000 ) ) ;
#5527 = CARTESIAN_POINT ( 'NONE',  ( -84.80249307766325728, 7.704802633141850876, 31.04213425600195819 ) ) ;
#5528 = ORIENTED_EDGE ( 'NONE', *, *, #4817, .F. ) ;
#5529 = ORIENTED_EDGE ( 'NONE', *, *, #4305, .T. ) ;
#5530 = DIRECTION ( 'NONE',  ( -0.7439559807600397701, 0.6682286275604834014, 0.000000000000000000 ) ) ;
#5531 = VECTOR ( 'NONE', #1432, 1000.000000000000000 ) ;
#5532 = DIRECTION ( 'NONE',  ( 1.356581948252866653E-15, -3.644004457326951266E-16, 1.000000000000000000 ) ) ;
#5533 = DIRECTION ( 'NONE',  ( -0.9657644967401302072, -0.2594203863158855983, 9.980495391722105600E-17 ) ) ;
#5534 = VERTEX_POINT ( 'NONE', #7791 ) ;
#5535 = AXIS2_PLACEMENT_3D ( 'NONE', #3653, #6970, #10306 ) ;
#5536 = EDGE_LOOP ( 'NONE', ( #3762, #871, #545, #9861, #6668, #10218, #2864, #2422, #3855, #7253, #10089, #1503, #7383, #10226, #3289, #4614, #6145, #8246, #4292, #4764, #206, #7806, #190, #6654, #7374, #7996, #9786, #7279, #2903, #6642, #4698, #7981, #1942, #9224, #10284, #4204, #2001, #9656, #7380, #5422 ) ) ;
#5537 = B_SPLINE_CURVE_WITH_KNOTS ( 'NONE', 3,
 ( #9695, #10682, #8114, #3211 ),
 .UNSPECIFIED., .F., .F.,
 ( 4, 4 ),
 ( 0.1618091703083971988, 0.8381908316158397376 ),
 .UNSPECIFIED. ) ;
#5538 = AXIS2_PLACEMENT_3D ( 'NONE', #6109, #8682, #9348 ) ;
#5539 = LINE ( 'NONE', #1463, #4309 ) ;
#5540 = DIRECTION ( 'NONE',  ( -0.6682286275604834014, 0.7439559807600398811, 0.000000000000000000 ) ) ;
#5541 = CARTESIAN_POINT ( 'NONE',  ( 91.63587112389409128, 7.218468586842897494, 17.00000000000000000 ) ) ;
#5542 = CARTESIAN_POINT ( 'NONE',  ( -71.14469310733642260, 57.53853180837098336, -16.00000000000000000 ) ) ;
#5543 = ORIENTED_EDGE ( 'NONE', *, *, #7314, .F. ) ;
#5544 = EDGE_CURVE ( 'NONE', #7137, #10727, #2738, .T. ) ;
#5545 = AXIS2_PLACEMENT_3D ( 'NONE', #8160, #10620, #5649 ) ;
#5546 = PLANE ( 'NONE',  #10539 ) ;
#5547 = CIRCLE ( 'NONE', #8863, 94.00000000000001421 ) ;
#5548 = DIRECTION ( 'NONE',  ( -0.4056281494946325505, 0.9140381853826238245, -0.000000000000000000 ) ) ;
#5549 = ORIENTED_EDGE ( 'NONE', *, *, #3461, .T. ) ;
#5550 = ORIENTED_EDGE ( 'NONE', *, *, #9629, .F. ) ;
#5551 = FACE_OUTER_BOUND ( 'NONE', #6593, .T. ) ;
#5552 = CARTESIAN_POINT ( 'NONE',  ( -14.00000000000000000, 0.000000000000000000, 17.00000000000000000 ) ) ;
#5553 = LINE ( 'NONE', #8884, #6772 ) ;
#5554 = DIRECTION ( 'NONE',  ( 1.000000000000000000, 0.000000000000000000, 0.000000000000000000 ) ) ;
#5555 = CARTESIAN_POINT ( 'NONE',  ( -14.21765310678494210, -73.08001419006153299, -6.472556012233126488 ) ) ;
#5556 = CARTESIAN_POINT ( 'NONE',  ( -24.59464368566129622, 90.30013475405897339, 32.50000000000000000 ) ) ;
#5557 = AXIS2_PLACEMENT_3D ( 'NONE', #3899, #2266, #7386 ) ;
#5558 = ORIENTED_EDGE ( 'NONE', *, *, #5965, .T. ) ;
#5559 = CARTESIAN_POINT ( 'NONE',  ( -47.01416648434900480, -19.85114610654549594, 0.000000000000000000 ) ) ;
#5560 = DIRECTION ( 'NONE',  ( 0.9778946696698129770, 0.2090980990620606439, 0.000000000000000000 ) ) ;
#5561 = VERTEX_POINT ( 'NONE', #383 ) ;
#5562 = DIRECTION ( 'NONE',  ( 0.2090980990620618096, -0.9778946696698127550, 0.000000000000000000 ) ) ;
#5563 = AXIS2_PLACEMENT_3D ( 'NONE', #7751, #10378, #6988 ) ;
#5564 = EDGE_CURVE ( 'NONE', #3609, #10021, #1150, .T. ) ;
#5565 = DIRECTION ( 'NONE',  ( -0.000000000000000000, 0.000000000000000000, -1.000000000000000000 ) ) ;
#5566 = CARTESIAN_POINT ( 'NONE',  ( -68.20213817285895175, 58.72366089278028056, -3.000000000000000000 ) ) ;
#5567 = VERTEX_POINT ( 'NONE', #9442 ) ;
#5568 = CARTESIAN_POINT ( 'NONE',  ( -63.85002902490684562, -56.07363253449776863, 30.75820396230680132 ) ) ;
#5569 = CARTESIAN_POINT ( 'NONE',  ( -84.80249307767884659, -7.704802633140145574, -17.04213425600226728 ) ) ;
#5570 = ADVANCED_FACE ( 'NONE', ( #1966 ), #332, .T. ) ;
#5571 = EDGE_CURVE ( 'NONE', #7225, #8713, #1259, .T. ) ;
#5572 = VECTOR ( 'NONE', #1784, 1000.000000000000000 ) ;
#5573 = ORIENTED_EDGE ( 'NONE', *, *, #9849, .F. ) ;
#5574 = CARTESIAN_POINT ( 'NONE',  ( 85.83440617534431283, 5.307351189430723259, 32.49999999998622258 ) ) ;
#5575 = ORIENTED_EDGE ( 'NONE', *, *, #10509, .T. ) ;
#5576 = CARTESIAN_POINT ( 'NONE',  ( 21.45186988444695686, -89.38152182545847779, -3.000000000000000000 ) ) ;
#5577 = DIRECTION ( 'NONE',  ( 0.4056281494946315513, 0.9140381853826243796, 0.000000000000000000 ) ) ;
#5578 = ORIENTED_EDGE ( 'NONE', *, *, #3840, .F. ) ;
#5579 = EDGE_CURVE ( 'NONE', #3566, #4938, #7015, .T. ) ;
#5580 = CARTESIAN_POINT ( 'NONE',  ( 65.64060162838555357, -36.58159456658491848, 20.86977052844856573 ) ) ;
#5581 = VERTEX_POINT ( 'NONE', #4893 ) ;
#5582 = LINE ( 'NONE', #624, #735 ) ;
#5583 = CARTESIAN_POINT ( 'NONE',  ( 0.000000000000000000, 0.000000000000000000, -18.50000000000000000 ) ) ;
#5584 = ORIENTED_EDGE ( 'NONE', *, *, #8505, .F. ) ;
#5585 = EDGE_CURVE ( 'NONE', #7536, #7600, #1703, .T. ) ;
#5586 = ORIENTED_EDGE ( 'NONE', *, *, #5316, .T. ) ;
#5587 = CIRCLE ( 'NONE', #4201, 51.03332099679091982 ) ;
#5588 = CYLINDRICAL_SURFACE ( 'NONE', #2254, 2.500000000000000000 ) ;
#5589 = CYLINDRICAL_SURFACE ( 'NONE', #4340, 90.00000000000001421 ) ;
#5590 = CYLINDRICAL_SURFACE ( 'NONE', #1840, 2.500000000000002220 ) ;
#5591 = VERTEX_POINT ( 'NONE', #7952 ) ;
#5592 = VERTEX_POINT ( 'NONE', #5451 ) ;
#5593 = AXIS2_PLACEMENT_3D ( 'NONE', #1333, #6166, #4656 ) ;
#5594 = DIRECTION ( 'NONE',  ( 0.000000000000000000, 0.000000000000000000, -1.000000000000000000 ) ) ;
#5595 = FACE_OUTER_BOUND ( 'NONE', #3271, .T. ) ;
#5596 = CARTESIAN_POINT ( 'NONE',  ( 72.96966029293115241, -45.34734980762458889, 32.34770930448185311 ) ) ;
#5597 = ORIENTED_EDGE ( 'NONE', *, *, #1918, .T. ) ;
#5599 = CARTESIAN_POINT ( 'NONE',  ( 68.20213817285896596, 58.72366089278030188, 14.00000000000000000 ) ) ;
#5598 = CIRCLE ( 'NONE', #8037, 2.499999999999997335 ) ;
#5600 = CARTESIAN_POINT ( 'NONE',  ( 0.000000000000000000, 0.000000000000000000, 17.00000000000000000 ) ) ;
#5601 = EDGE_LOOP ( 'NONE', ( #3339, #7930, #5080 ) ) ;
#5602 = ORIENTED_EDGE ( 'NONE', *, *, #354, .F. ) ;
#5603 = EDGE_CURVE ( 'NONE', #8081, #6489, #7286, .T. ) ;
#5604 = CARTESIAN_POINT ( 'NONE',  ( 15.21675513427112492, -6.752829723239116788, -3.000000000000000000 ) ) ;
#5605 = DIRECTION ( 'NONE',  ( 1.000000000000000000, 8.881784197001252323E-16, 0.000000000000000000 ) ) ;
#5606 = CARTESIAN_POINT ( 'NONE',  ( -31.74954950101845697, 68.86663346642453121, -7.279719104273017827 ) ) ;
#5607 = CARTESIAN_POINT ( 'NONE',  ( 28.27582184929685383, -52.62095849500829559, 17.00000000000000000 ) ) ;
#5608 = CARTESIAN_POINT ( 'NONE',  ( -49.70347058474202129, 11.57431915030803005, 16.99999999999998579 ) ) ;
#5609 = AXIS2_PLACEMENT_3D ( 'NONE', #9711, #3994, #8017 ) ;
#5610 = DIRECTION ( 'NONE',  ( 0.9946479639414452789, 0.1033219619787454913, 0.000000000000000000 ) ) ;
#5611 = EDGE_LOOP ( 'NONE', ( #4078, #5939, #809, #1674 ) ) ;
#5612 = CARTESIAN_POINT ( 'NONE',  ( 76.70731484416432977, -49.88223981938107698, 30.00000000000000355 ) ) ;
#5613 = CARTESIAN_POINT ( 'NONE',  ( 16.78468539603273157, 78.86453762218999941, 24.91900855181856045 ) ) ;
#5614 = ORIENTED_EDGE ( 'NONE', *, *, #2881, .F. ) ;
#5615 = LINE ( 'NONE', #552, #7436 ) ;
#5616 = EDGE_CURVE ( 'NONE', #2779, #6048, #2497, .T. ) ;
#5617 = LINE ( 'NONE', #5724, #7166 ) ;
#5618 = DIRECTION ( 'NONE',  ( -0.000000000000000000, 0.000000000000000000, 1.000000000000000000 ) ) ;
#5619 = VERTEX_POINT ( 'NONE', #547 ) ;
#5620 = CARTESIAN_POINT ( 'NONE',  ( -42.43485803853236860, -79.36802141448158920, 32.50000000000000000 ) ) ;
#5621 = CARTESIAN_POINT ( 'NONE',  ( 34.99429433844350967, 86.52910298266478151, -17.70184257987352794 ) ) ;
#5622 = AXIS2_PLACEMENT_3D ( 'NONE', #1814, #3340, #7585 ) ;
#5623 = ORIENTED_EDGE ( 'NONE', *, *, #2606, .T. ) ;
#5624 = CARTESIAN_POINT ( 'NONE',  ( -20.23184218635641329, -83.41301167156946406, -18.20313577063733135 ) ) ;
#5625 = ORIENTED_EDGE ( 'NONE', *, *, #3887, .T. ) ;
#5626 = FACE_OUTER_BOUND ( 'NONE', #2578, .T. ) ;
#5627 = ORIENTED_EDGE ( 'NONE', *, *, #2370, .F. ) ;
#5628 = CARTESIAN_POINT ( 'NONE',  ( 21.47669927728636452, 83.27343302802857750, 32.50000000001750067 ) ) ;
#5629 = AXIS2_PLACEMENT_3D ( 'NONE', #968, #4132, #758 ) ;
#5630 = ORIENTED_EDGE ( 'NONE', *, *, #5710, .F. ) ;
#5631 = EDGE_CURVE ( 'NONE', #1406, #7660, #9042, .T. ) ;
#5632 = AXIS2_PLACEMENT_3D ( 'NONE', #3694, #7011, #1956 ) ;
#5633 = DIRECTION ( 'NONE',  ( -0.2090980990620617541, 0.9778946696698127550, -0.000000000000000000 ) ) ;
#5634 = ORIENTED_EDGE ( 'NONE', *, *, #1391, .F. ) ;
#5635 = CARTESIAN_POINT ( 'NONE',  ( -32.41949641306397467, -83.95691224199758551, 32.50000000001154632 ) ) ;
#5636 = CARTESIAN_POINT ( 'NONE',  ( -32.20764057528256785, 80.53659821370142424, -18.50000000019129942 ) ) ;
#5637 = ORIENTED_EDGE ( 'NONE', *, *, #1315, .T. ) ;
#5638 = ORIENTED_EDGE ( 'NONE', *, *, #4451, .T. ) ;
#5639 = DIRECTION ( 'NONE',  ( -1.045013828112786062E-15, -9.386417667186866013E-16, -1.000000000000000000 ) ) ;
#5640 = EDGE_CURVE ( 'NONE', #2676, #4443, #2083, .T. ) ;
#5641 = CARTESIAN_POINT ( 'NONE',  ( -47.01416648434900480, -19.85114610654549594, -3.000000000000000000 ) ) ;
#5642 = FACE_OUTER_BOUND ( 'NONE', #8635, .T. ) ;
#5643 = CARTESIAN_POINT ( 'NONE',  ( -75.25215543398300611, -8.920374900384816286, 21.24555884347305934 ) ) ;
#5644 = VERTEX_POINT ( 'NONE', #10524 ) ;
#5645 = EDGE_CURVE ( 'NONE', #5453, #3590, #3631, .T. ) ;
#5646 = ADVANCED_FACE ( 'NONE', ( #1309 ), #6259, .F. ) ;
#5647 = ORIENTED_EDGE ( 'NONE', *, *, #8144, .T. ) ;
#5648 = LINE ( 'NONE', #9853, #10747 ) ;
#5649 = DIRECTION ( 'NONE',  ( 0.000000000000000000, -1.000000000000000000, 5.551115123125777969E-15 ) ) ;
#5650 = CARTESIAN_POINT ( 'NONE',  ( 72.82739479358276924, -43.03682500223992236, 30.15434426884957375 ) ) ;
#5651 = VERTEX_POINT ( 'NONE', #2947 ) ;
#5652 = EDGE_CURVE ( 'NONE', #647, #3065, #3648, .T. ) ;
#5653 = CARTESIAN_POINT ( 'NONE',  ( -46.50970724639556408, -38.17154845738038205, -3.000000000000000000 ) ) ;
#5654 = CARTESIAN_POINT ( 'NONE',  ( 89.69359066795173874, -7.420228641350725240, 0.000000000000000000 ) ) ;
#5655 = VERTEX_POINT ( 'NONE', #7449 ) ;
#5656 = ORIENTED_EDGE ( 'NONE', *, *, #1242, .T. ) ;
#5657 = EDGE_CURVE ( 'NONE', #2676, #7230, #4421, .T. ) ;
#5658 = CIRCLE ( 'NONE', #1832, 2.500000000000000888 ) ;
#5659 = CARTESIAN_POINT ( 'NONE',  ( -41.30779598911018979, 43.15267505868126818, 17.00000000000000000 ) ) ;
#5660 = CARTESIAN_POINT ( 'NONE',  ( -79.20731484416437240, -49.88223981938105567, 14.00000000000000000 ) ) ;
#5661 = FACE_OUTER_BOUND ( 'NONE', #10295, .T. ) ;
#5662 = DIRECTION ( 'NONE',  ( -0.000000000000000000, -0.000000000000000000, -1.000000000000000000 ) ) ;
#5663 = DIRECTION ( 'NONE',  ( 1.000000000000000000, 0.000000000000000000, 0.000000000000000000 ) ) ;
#5664 = CARTESIAN_POINT ( 'NONE',  ( 0.000000000000000000, 0.000000000000000000, 17.00000000000000000 ) ) ;
#5665 = VERTEX_POINT ( 'NONE', #10128 ) ;
#5666 = AXIS2_PLACEMENT_3D ( 'NONE', #2980, #6285, #9796 ) ;
#5667 = DIRECTION ( 'NONE',  ( -0.8654182317380996192, -0.5010501812945494793, 0.000000000000000000 ) ) ;
#5668 = CARTESIAN_POINT ( 'NONE',  ( 14.40124214465667762, 73.49371178782799063, 20.72164368866328843 ) ) ;
#5669 = VERTEX_POINT ( 'NONE', #9311 ) ;
#5670 = DIRECTION ( 'NONE',  ( -1.000000000000000000, -1.734723475976805517E-15, 0.000000000000000000 ) ) ;
#5671 = AXIS2_PLACEMENT_3D ( 'NONE', #8631, #7092, #4488 ) ;
#5672 = CARTESIAN_POINT ( 'NONE',  ( 33.62992414424406462, -77.72848587142162557, 30.30701376012381232 ) ) ;
#5673 = ORIENTED_EDGE ( 'NONE', *, *, #1839, .F. ) ;
#5674 = CARTESIAN_POINT ( 'NONE',  ( 69.89206765410006028, 59.70207738771623696, 17.00000000000000000 ) ) ;
#5675 = DIRECTION ( 'NONE',  ( -1.000000000000000000, 0.000000000000000000, 0.000000000000000000 ) ) ;
#5676 = ORIENTED_EDGE ( 'NONE', *, *, #8575, .T. ) ;
#5677 = EDGE_CURVE ( 'NONE', #6433, #10664, #1944, .T. ) ;
#5678 = DIRECTION ( 'NONE',  ( -1.000000000000000000, 0.000000000000000000, 0.000000000000000000 ) ) ;
#5679 = ORIENTED_EDGE ( 'NONE', *, *, #2659, .T. ) ;
#5680 = VECTOR ( 'NONE', #10236, 1000.000000000000114 ) ;
#5681 = CARTESIAN_POINT ( 'NONE',  ( -32.73747638465006560, 85.44300813972130015, 17.00000000000000000 ) ) ;
#5682 = ORIENTED_EDGE ( 'NONE', *, *, #4910, .T. ) ;
#5683 = CARTESIAN_POINT ( 'NONE',  ( 84.31842917854910979, -7.978616593676272295, 30.30948754351011587 ) ) ;
#5684 = CARTESIAN_POINT ( 'NONE',  ( 57.92732568997970333, -29.65345375232518066, 17.00000000000001066 ) ) ;
#5685 = VERTEX_POINT ( 'NONE', #2763 ) ;
#5686 = CARTESIAN_POINT ( 'NONE',  ( -33.63194295253668287, 87.77751655883938042, 17.00000000000000000 ) ) ;
#5687 = LINE ( 'NONE', #741, #5700 ) ;
#5688 = ORIENTED_EDGE ( 'NONE', *, *, #3357, .F. ) ;
#5689 = ORIENTED_EDGE ( 'NONE', *, *, #2452, .F. ) ;
#5690 = DIRECTION ( 'NONE',  ( 0.9946479639414452789, -0.1033219619787473231, 1.118619873606606786E-14 ) ) ;
#5691 = CARTESIAN_POINT ( 'NONE',  ( 93.73899935459095900, 6.999999999999970690, 14.00000000000000000 ) ) ;
#5692 = SPHERICAL_SURFACE ( 'NONE', #6414, 2.500000000000000000 ) ;
#5693 = DIRECTION ( 'NONE',  ( 0.000000000000000000, 0.000000000000000000, -1.000000000000000000 ) ) ;
#5694 = CIRCLE ( 'NONE', #6373, 2.499999999999998668 ) ;
#5695 = ORIENTED_EDGE ( 'NONE', *, *, #3520, .T. ) ;
#5696 = ORIENTED_EDGE ( 'NONE', *, *, #10449, .T. ) ;
#5697 = EDGE_CURVE ( 'NONE', #5655, #5789, #42, .T. ) ;
#5698 = LINE ( 'NONE', #10557, #3958 ) ;
#5699 = DIRECTION ( 'NONE',  ( 0.000000000000000000, 0.000000000000000000, -1.000000000000000000 ) ) ;
#5700 = VECTOR ( 'NONE', #10711, 1000.000000000000114 ) ;
#5701 = EDGE_CURVE ( 'NONE', #708, #6652, #5857, .T. ) ;
#5702 = ORIENTED_EDGE ( 'NONE', *, *, #10709, .T. ) ;
#5703 = EDGE_CURVE ( 'NONE', #9963, #2417, #5105, .T. ) ;
#5704 = DIRECTION ( 'NONE',  ( -0.9946479639414453899, -0.1033219619787452137, -0.000000000000000000 ) ) ;
#5705 = CARTESIAN_POINT ( 'NONE',  ( -18.48047752599412519, 82.65083946467501619, -16.30701376012222070 ) ) ;
#5706 = CARTESIAN_POINT ( 'NONE',  ( 58.78321495182000689, 10.63113418810848465, -3.000000000000000000 ) ) ;
#5707 = ORIENTED_EDGE ( 'NONE', *, *, #576, .T. ) ;
#5708 = VERTEX_POINT ( 'NONE', #6069 ) ;
#5709 = VECTOR ( 'NONE', #4535, 1000.000000000000114 ) ;
#5710 = EDGE_CURVE ( 'NONE', #243, #17, #7556, .T. ) ;
#5711 = CARTESIAN_POINT ( 'NONE',  ( 0.000000000000000000, 0.000000000000000000, -3.000000000000000000 ) ) ;
#5712 = DIRECTION ( 'NONE',  ( 0.2090980990620607549, -0.9778946696698130880, 0.000000000000000000 ) ) ;
#5713 = CARTESIAN_POINT ( 'NONE',  ( 33.60027588703039214, -77.52301366324017806, -15.99987001607045656 ) ) ;
#5714 = CYLINDRICAL_SURFACE ( 'NONE', #9206, 2.500000000000002220 ) ;
#5715 = DIRECTION ( 'NONE',  ( -0.000000000000000000, -0.000000000000000000, -1.000000000000000000 ) ) ;
#5716 = CARTESIAN_POINT ( 'NONE',  ( 31.91968008801774559, -79.85418392192035242, -18.50009145627761598 ) ) ;
#5717 = ORIENTED_EDGE ( 'NONE', *, *, #5893, .F. ) ;
#5718 = ORIENTED_EDGE ( 'NONE', *, *, #3056, .T. ) ;
#5719 = AXIS2_PLACEMENT_3D ( 'NONE', #7687, #10201, #4525 ) ;
#5720 = CARTESIAN_POINT ( 'NONE',  ( 55.63700779804065633, 51.44884205790550169, 21.24555884347242340 ) ) ;
#5721 = EDGE_LOOP ( 'NONE', ( #10165, #9264, #5287, #7532 ) ) ;
#5722 = CARTESIAN_POINT ( 'NONE',  ( -65.67675763547319434, 55.38516917296426811, -18.34770930448564741 ) ) ;
#5723 = AXIS2_PLACEMENT_3D ( 'NONE', #6913, #1913, #2786 ) ;
#5724 = CARTESIAN_POINT ( 'NONE',  ( 93.73899935459095900, 6.999999999999970690, 17.00000000000000000 ) ) ;
#5725 = CARTESIAN_POINT ( 'NONE',  ( 0.000000000000000000, 0.000000000000000000, 17.00000000000000000 ) ) ;
#5726 = CARTESIAN_POINT ( 'NONE',  ( -64.45296278986793936, -56.02319583293527216, 31.45153177885324425 ) ) ;
#5727 = DIRECTION ( 'NONE',  ( 1.000000000000000000, 0.000000000000000000, 1.387778780781444492E-15 ) ) ;
#5728 = ORIENTED_EDGE ( 'NONE', *, *, #9187, .T. ) ;
#5729 = CARTESIAN_POINT ( 'NONE',  ( -18.60172856713094092, -82.82183781021069535, -16.60901105260329302 ) ) ;
#5730 = VECTOR ( 'NONE', #563, 1000.000000000000000 ) ;
#5731 = ORIENTED_EDGE ( 'NONE', *, *, #6345, .F. ) ;
#5732 = CIRCLE ( 'NONE', #2441, 2.500000000000002220 ) ;
#5733 = LINE ( 'NONE', #9831, #6137 ) ;
#5734 = VERTEX_POINT ( 'NONE', #8378 ) ;
#5735 = CYLINDRICAL_SURFACE ( 'NONE', #7753, 2.500000000000000000 ) ;
#5736 = CARTESIAN_POINT ( 'NONE',  ( 67.34724340130584608, -38.11451710387110836, 22.29373426499893895 ) ) ;
#5737 = VERTEX_POINT ( 'NONE', #6677 ) ;
#5738 = EDGE_CURVE ( 'NONE', #707, #953, #9755, .T. ) ;
#5739 = CARTESIAN_POINT ( 'NONE',  ( -84.11182357196422288, -7.999832654573254764, -15.99987001606736214 ) ) ;
#5740 = CIRCLE ( 'NONE', #7128, 2.500000000000002220 ) ;
#5741 = PLANE ( 'NONE',  #2576 ) ;
#5742 = CARTESIAN_POINT ( 'NONE',  ( 47.01416648434901191, 19.85114610654548173, 17.00000000000000000 ) ) ;
#5743 = ORIENTED_EDGE ( 'NONE', *, *, #10249, .T. ) ;
#5744 = CARTESIAN_POINT ( 'NONE',  ( 26.36704873968083973, 43.69414826633878590, -3.000000000000000000 ) ) ;
#5745 = CARTESIAN_POINT ( 'NONE',  ( 93.87422103367251225, 4.861134159967121171, -3.000000000000000000 ) ) ;
#5746 = DIRECTION ( 'NONE',  ( -0.000000000000000000, -0.000000000000000000, 1.000000000000000000 ) ) ;
#5747 = CARTESIAN_POINT ( 'NONE',  ( 32.09114749912555453, 70.46419395605708758, 22.32620741699248512 ) ) ;
#5748 = ORIENTED_EDGE ( 'NONE', *, *, #8906, .F. ) ;
#5749 = VERTEX_POINT ( 'NONE', #1077 ) ;
#5750 = EDGE_CURVE ( 'NONE', #4479, #628, #3116, .T. ) ;
#5751 = CARTESIAN_POINT ( 'NONE',  ( 49.70347058474201418, 11.57431915030803360, 14.00000000000000000 ) ) ;
#5752 = CARTESIAN_POINT ( 'NONE',  ( 23.07626751846758140, 90.79527817027464209, -17.25287951057576308 ) ) ;
#5753 = EDGE_LOOP ( 'NONE', ( #7975, #401, #4922, #1824 ) ) ;
#5754 = CARTESIAN_POINT ( 'NONE',  ( 19.75766015764487449, -83.36263173944449534, 31.92213809290375792 ) ) ;
#5755 = DIRECTION ( 'NONE',  ( -1.000000000000000000, 0.000000000000000000, 0.000000000000000000 ) ) ;
#5756 = EDGE_CURVE ( 'NONE', #7427, #6652, #10607, .T. ) ;
#5757 = CARTESIAN_POINT ( 'NONE',  ( 84.11182357192383563, 7.999832654574150048, -15.99987001606596415 ) ) ;
#5758 = ORIENTED_EDGE ( 'NONE', *, *, #4158, .T. ) ;
#5759 = EDGE_LOOP ( 'NONE', ( #7548, #10360, #5955, #5673 ) ) ;
#5760 = CIRCLE ( 'NONE', #368, 2.499999999999998668 ) ;
#5761 = ADVANCED_FACE ( 'NONE', ( #6727 ), #4399, .T. ) ;
#5762 = EDGE_CURVE ( 'NONE', #10195, #2426, #10231, .T. ) ;
#5763 = CARTESIAN_POINT ( 'NONE',  ( -73.19828630044864326, 43.98629066423428924, 31.45153177885373452 ) ) ;
#5764 = DIRECTION ( 'NONE',  ( 0.9140381853826239356, -0.4056281494946326616, 0.000000000000000000 ) ) ;
#5765 = CARTESIAN_POINT ( 'NONE',  ( -67.58784022950348458, -55.47922485836956952, -18.50000000000000000 ) ) ;
#5766 = CARTESIAN_POINT ( 'NONE',  ( -8.341399780305366107, -14.40733826189111610, -3.000000000000000000 ) ) ;
#5767 = CARTESIAN_POINT ( 'NONE',  ( -18.38368993616211000, -82.46718214790280399, -15.99987001606528025 ) ) ;
#5768 = DIRECTION ( 'NONE',  ( -1.000000000000000000, 0.000000000000000000, 0.000000000000000000 ) ) ;
#5769 = VERTEX_POINT ( 'NONE', #145 ) ;
#5770 = AXIS2_PLACEMENT_3D ( 'NONE', #4166, #7592, #5945 ) ;
#5771 = ADVANCED_FACE ( 'NONE', ( #3472 ), #6786, .T. ) ;
#5772 = CARTESIAN_POINT ( 'NONE',  ( -73.84836413071617756, -44.12500935623037890, -18.49999999999999289 ) ) ;
#5773 = ADVANCED_FACE ( 'NONE', ( #6837 ), #9904, .T. ) ;
#5774 = DIRECTION ( 'NONE',  ( -0.000000000000000000, -0.000000000000000000, -1.000000000000000000 ) ) ;
#5775 = VERTEX_POINT ( 'NONE', #7764 ) ;
#5776 = CARTESIAN_POINT ( 'NONE',  ( 71.14469310733642260, 57.53853180837098336, 30.00000000000000000 ) ) ;
#5777 = EDGE_CURVE ( 'NONE', #4036, #734, #352, .T. ) ;
#5778 = ADVANCED_FACE ( 'NONE', ( #3681 ), #10394, .F. ) ;
#5779 = DIRECTION ( 'NONE',  ( -1.000000000000000000, 0.000000000000000000, 0.000000000000000000 ) ) ;
#5780 = CARTESIAN_POINT ( 'NONE',  ( -68.57354579218932145, 52.01359248202837904, -18.50000000000817835 ) ) ;
#5781 = DIRECTION ( 'NONE',  ( -0.000000000000000000, -0.000000000000000000, -1.000000000000000000 ) ) ;
#5782 = DIRECTION ( 'NONE',  ( -0.9946479639414452789, -0.1033219619787458660, 0.000000000000000000 ) ) ;
#5783 = CARTESIAN_POINT ( 'NONE',  ( 69.89206765410007449, -59.70207738771622274, -3.000000000000000000 ) ) ;
#5784 = ORIENTED_EDGE ( 'NONE', *, *, #9633, .F. ) ;
#5785 = CARTESIAN_POINT ( 'NONE',  ( -33.60046090516959083, 77.52294482862538416, 29.99988756943789170 ) ) ;
#5786 = EDGE_LOOP ( 'NONE', ( #8057, #4249, #9233, #9339 ) ) ;
#5787 = DIRECTION ( 'NONE',  ( -8.833086424683611535E-16, 1.092185016064779023E-15, 1.000000000000000000 ) ) ;
#5788 = CARTESIAN_POINT ( 'NONE',  ( -73.08853718130734478, 59.11062284138661482, 30.00000000000000000 ) ) ;
#5789 = VERTEX_POINT ( 'NONE', #2099 ) ;
#5790 = LINE ( 'NONE', #740, #9265 ) ;
#5791 = DIRECTION ( 'NONE',  ( 0.7439559807600391039, 0.6682286275604842896, 0.000000000000000000 ) ) ;
#5792 = DIRECTION ( 'NONE',  ( 1.000000000000000000, 0.000000000000000000, 0.000000000000000000 ) ) ;
#5793 = EDGE_LOOP ( 'NONE', ( #7977, #2538, #2918, #3294, #7834, #4924, #4691, #4333 ) ) ;
#5794 = CARTESIAN_POINT ( 'NONE',  ( -6.993962115396839430, -59.32607078270308421, -3.000000000000002665 ) ) ;
#5795 = DIRECTION ( 'NONE',  ( -0.000000000000000000, 0.000000000000000000, 1.000000000000000000 ) ) ;
#5796 = CIRCLE ( 'NONE', #1110, 2.499999999999999556 ) ;
#5797 = PLANE ( 'NONE',  #4108 ) ;
#5798 = ORIENTED_EDGE ( 'NONE', *, *, #2253, .T. ) ;
#5799 = B_SPLINE_CURVE_WITH_KNOTS ( 'NONE', 3,
 ( #8454, #5181, #992, #4313, #7475, #10148, #7685, #2682, #1046, #7529, #9335, #1860 ),
 .UNSPECIFIED., .F., .F.,
 ( 4, 1, 2, 2, 1, 1, 1, 4 ),
 ( 0.000000000000000000, 0.4584319647117479635, 0.4870839625062315381, 0.5014099614034737140, 0.5157359603007157789, 0.5730399558896814849, 0.6876479470676135630, 0.9168639294234781634 ),
 .UNSPECIFIED. ) ;
#5800 = ORIENTED_EDGE ( 'NONE', *, *, #1452, .F. ) ;
#5801 = CARTESIAN_POINT ( 'NONE',  ( -76.70731484416435819, 49.88223981938101304, -16.00000000000000000 ) ) ;
#5802 =( LENGTH_UNIT ( ) NAMED_UNIT ( * ) SI_UNIT ( .MILLI., .METRE. ) );
#5803 = ORIENTED_EDGE ( 'NONE', *, *, #4547, .F. ) ;
#5804 = CARTESIAN_POINT ( 'NONE',  ( 33.63194295253664734, 87.77751655883939463, 30.00000000000000000 ) ) ;
#5805 = CARTESIAN_POINT ( 'NONE',  ( -73.32033133373050759, -44.79546255255592513, -17.99692667260708845 ) ) ;
#5806 = EDGE_CURVE ( 'NONE', #9469, #10001, #9519, .T. ) ;
#5807 = CARTESIAN_POINT ( 'NONE',  ( -69.89206765410001765, 59.70207738771626538, 30.00000000000000355 ) ) ;
#5808 = DIRECTION ( 'NONE',  ( -1.000000000000000000, 0.000000000000000000, 0.000000000000000000 ) ) ;
#5809 = VERTEX_POINT ( 'NONE', #8702 ) ;
#5810 = CARTESIAN_POINT ( 'NONE',  ( 55.12700534851627054, 51.15356653628676042, -6.904288729130898083 ) ) ;
#5811 = CARTESIAN_POINT ( 'NONE',  ( 24.90434133075957135, -82.38639917056953266, 32.49999999998882316 ) ) ;
#5812 = CARTESIAN_POINT ( 'NONE',  ( 33.29364967282581489, -76.08796801810076715, -13.81128689715521496 ) ) ;
#5813 = CARTESIAN_POINT ( 'NONE',  ( 85.15828051334129611, -7.332600169194665618, -17.57978544521083109 ) ) ;
#5814 = CARTESIAN_POINT ( 'NONE',  ( 33.29199996090786584, -76.08025276627219569, 27.79952768905830496 ) ) ;
#5815 = FACE_OUTER_BOUND ( 'NONE', #6007, .T. ) ;
#5816 = ORIENTED_EDGE ( 'NONE', *, *, #123, .F. ) ;
#5817 = CARTESIAN_POINT ( 'NONE',  ( -64.67677128996257352, 56.68258335243612578, 30.00000000000000355 ) ) ;
#5818 = DIRECTION ( 'NONE',  ( -0.5010501812945509226, 0.8654182317380989531, 0.000000000000000000 ) ) ;
#5819 = ORIENTED_EDGE ( 'NONE', *, *, #6367, .F. ) ;
#5820 = CARTESIAN_POINT ( 'NONE',  ( 11.12455864745016676, 12.38525498271512504, -3.000000000000000000 ) ) ;
#5821 = CARTESIAN_POINT ( 'NONE',  ( 66.20159267058387798, 54.88885599412020611, 32.50004557245178916 ) ) ;
#5822 = FACE_OUTER_BOUND ( 'NONE', #6861, .T. ) ;
#5823 = SPHERICAL_SURFACE ( 'NONE', #8664, 2.500000000000000000 ) ;
#5824 = EDGE_CURVE ( 'NONE', #4225, #7453, #3794, .T. ) ;
#5825 = CYLINDRICAL_SURFACE ( 'NONE', #8325, 2.500000000000000000 ) ;
#5826 = AXIS2_PLACEMENT_3D ( 'NONE', #6405, #9751, #2276 ) ;
#5827 = EDGE_CURVE ( 'NONE', #1188, #4602, #6235, .T. ) ;
#5828 = CARTESIAN_POINT ( 'NONE',  ( -8.341399780305364331, 14.40733826189109479, 17.00000000000000000 ) ) ;
#5829 = ADVANCED_FACE ( 'NONE', ( #10497 ), #9680, .T. ) ;
#5830 = ORIENTED_EDGE ( 'NONE', *, *, #10175, .F. ) ;
#5831 = DIRECTION ( 'NONE',  ( 1.000000000000000000, 0.000000000000000000, 0.000000000000000000 ) ) ;
#5832 = VERTEX_POINT ( 'NONE', #5425 ) ;
#5833 = FACE_OUTER_BOUND ( 'NONE', #1014, .T. ) ;
#5834 = AXIS2_PLACEMENT_3D ( 'NONE', #3955, #4821, #2435 ) ;
#5835 = AXIS2_PLACEMENT_3D ( 'NONE', #9239, #6865, #6707 ) ;
#5836 = DIRECTION ( 'NONE',  ( 1.000000000000000000, -2.775557561562888984E-15, 0.000000000000000000 ) ) ;
#5837 = ORIENTED_EDGE ( 'NONE', *, *, #3975, .F. ) ;
#5838 = CARTESIAN_POINT ( 'NONE',  ( 0.000000000000000000, 0.000000000000000000, 0.000000000000000000 ) ) ;
#5839 = EDGE_CURVE ( 'NONE', #8404, #5899, #8755, .T. ) ;
#5840 = DIRECTION ( 'NONE',  ( -1.000000000000000000, 0.000000000000000000, 0.000000000000000000 ) ) ;
#5841 = DIRECTION ( 'NONE',  ( -1.311687058329321737E-15, -5.025727093536689103E-16, 1.000000000000000000 ) ) ;
#5842 = VECTOR ( 'NONE', #1721, 1000.000000000000000 ) ;
#5843 = EDGE_LOOP ( 'NONE', ( #2693, #2445, #10690, #2419 ) ) ;
#5844 = DIRECTION ( 'NONE',  ( -1.000000000000000000, 0.000000000000000000, 0.000000000000000000 ) ) ;
#5845 = PLANE ( 'NONE',  #2185 ) ;
#5846 = EDGE_CURVE ( 'NONE', #3630, #8941, #9575, .T. ) ;
#5847 = CARTESIAN_POINT ( 'NONE',  ( 73.39475327412341699, 46.22430048269603731, -18.50000000011478107 ) ) ;
#5848 = DIRECTION ( 'NONE',  ( 1.000000000000000000, 0.000000000000000000, 0.000000000000000000 ) ) ;
#5849 = EDGE_LOOP ( 'NONE', ( #6620, #5387, #5472 ) ) ;
#5850 = CIRCLE ( 'NONE', #10046, 2.499999999999998668 ) ;
#5851 = ORIENTED_EDGE ( 'NONE', *, *, #6548, .F. ) ;
#5852 = CARTESIAN_POINT ( 'NONE',  ( 49.70347058474200708, -11.57431915030803182, 17.00000000000000000 ) ) ;
#5853 = DIRECTION ( 'NONE',  ( 0.000000000000000000, 1.000000000000000000, 0.000000000000000000 ) ) ;
#5854 = EDGE_LOOP ( 'NONE', ( #5502, #438, #3845, #7859 ) ) ;
#5855 = CARTESIAN_POINT ( 'NONE',  ( 72.75018757564316729, 42.96752443004016442, -15.99988756943857027 ) ) ;
#5856 = VECTOR ( 'NONE', #4890, 1000.000000000000114 ) ;
#5857 = LINE ( 'NONE', #5263, #5572 ) ;
#5858 = CARTESIAN_POINT ( 'NONE',  ( -33.60027588697951728, 77.52301366306097918, -15.99987001606533532 ) ) ;
#5859 = CYLINDRICAL_SURFACE ( 'NONE', #4584, 2.499999999999998668 ) ;
#5860 = ORIENTED_EDGE ( 'NONE', *, *, #6802, .F. ) ;
#5861 = CARTESIAN_POINT ( 'NONE',  ( 63.34571104242474604, 55.91169000873711070, -15.99987001606812598 ) ) ;
#5862 = CIRCLE ( 'NONE', #6732, 51.03332099679092693 ) ;
#5863 = PLANE ( 'NONE',  #9522 ) ;
#5864 = CARTESIAN_POINT ( 'NONE',  ( -91.63587112389403444, -7.218468586842890389, 30.00000000000000355 ) ) ;
#5865 = EDGE_CURVE ( 'NONE', #2523, #3564, #9243, .T. ) ;
#5866 = CARTESIAN_POINT ( 'NONE',  ( 0.000000000000000000, 0.000000000000000000, -3.000000000000000000 ) ) ;
#5867 = DIRECTION ( 'NONE',  ( 0.5451610909221968893, 0.8383313097722884244, -2.326836805933399099E-15 ) ) ;
#5868 = CARTESIAN_POINT ( 'NONE',  ( 33.01504269214079557, -79.05504703360405472, -17.92213809289999205 ) ) ;
#5869 = ORIENTED_EDGE ( 'NONE', *, *, #6204, .T. ) ;
#5870 = FACE_OUTER_BOUND ( 'NONE', #6153, .T. ) ;
#5871 = CIRCLE ( 'NONE', #4490, 94.00000000000001421 ) ;
#5872 = DIRECTION ( 'NONE',  ( -0.000000000000000000, -0.000000000000000000, 1.000000000000000000 ) ) ;
#5873 = VERTEX_POINT ( 'NONE', #468 ) ;
#5874 = CARTESIAN_POINT ( 'NONE',  ( -22.30954822220478917, -91.31420512779553178, 14.00000000000000000 ) ) ;
#5875 = CARTESIAN_POINT ( 'NONE',  ( -49.70347058474201418, -11.57431915030804070, 16.99999999999998579 ) ) ;
#5876 = CARTESIAN_POINT ( 'NONE',  ( 14.19361037795240676, -73.02583655899438497, -6.440967781832872774 ) ) ;
#5877 = EDGE_CURVE ( 'NONE', #1621, #2248, #2866, .T. ) ;
#5878 = CARTESIAN_POINT ( 'NONE',  ( -19.60877380046908414, 83.33213130729296836, 31.81104402676924181 ) ) ;
#5879 = LINE ( 'NONE', #2520, #10076 ) ;
#5880 = CIRCLE ( 'NONE', #2934, 2.500000000000000444 ) ;
#5881 = EDGE_LOOP ( 'NONE', ( #10371, #5937, #3092, #10499, #1231 ) ) ;
#5882 = CARTESIAN_POINT ( 'NONE',  ( -46.12447615092341380, 45.94138273758852620, 17.00000000000000355 ) ) ;
#5883 = ORIENTED_EDGE ( 'NONE', *, *, #7306, .T. ) ;
#5884 = AXIS2_PLACEMENT_3D ( 'NONE', #3412, #10067, #1577 ) ;
#5885 = FACE_OUTER_BOUND ( 'NONE', #959, .T. ) ;
#5886 = ORIENTED_EDGE ( 'NONE', *, *, #1908, .T. ) ;
#5887 = EDGE_CURVE ( 'NONE', #1969, #10446, #1572, .T. ) ;
#5888 = CARTESIAN_POINT ( 'NONE',  ( -89.69359066795175295, -7.420228641350741228, -3.000000000000000000 ) ) ;
#5889 = TOROIDAL_SURFACE ( 'NONE', #8337, 91.50000000000001421, 2.500000000000000000 ) ;
#5890 = DIRECTION ( 'NONE',  ( 0.9338033676472280442, 0.3577866271546433774, 5.183649996172315671E-15 ) ) ;
#5891 = EDGE_CURVE ( 'NONE', #10260, #5992, #1385, .T. ) ;
#5892 = VERTEX_POINT ( 'NONE', #4662 ) ;
#5893 = EDGE_CURVE ( 'NONE', #5335, #8029, #10788, .T. ) ;
#5894 = CARTESIAN_POINT ( 'NONE',  ( -85.68819869813968637, 6.203713540742651134, -18.34770930448489779 ) ) ;
#5895 = LINE ( 'NONE', #3296, #2214 ) ;
#5896 = CARTESIAN_POINT ( 'NONE',  ( 16.00237792403415327, 77.10169423223372576, -9.356163334702504386 ) ) ;
#5897 = VECTOR ( 'NONE', #6161, 1000.000000000000000 ) ;
#5898 = CIRCLE ( 'NONE', #1212, 90.00000000000001421 ) ;
#5899 = VERTEX_POINT ( 'NONE', #8807 ) ;
#5900 = CARTESIAN_POINT ( 'NONE',  ( -93.73899935459095900, -6.999999999999950262, 17.00000000000000000 ) ) ;
#5901 = CARTESIAN_POINT ( 'NONE',  ( -68.20213817285892333, -58.72366089278031609, -3.000000000000000000 ) ) ;
#5902 = DIRECTION ( 'NONE',  ( -1.000000000000000000, 0.000000000000000000, 0.000000000000000000 ) ) ;
#5903 = EDGE_CURVE ( 'NONE', #1126, #8489, #9742, .T. ) ;
#5904 = ORIENTED_EDGE ( 'NONE', *, *, #5109, .F. ) ;
#5905 = CIRCLE ( 'NONE', #7659, 91.50000000000001421 ) ;
#5906 = VERTEX_POINT ( 'NONE', #359 ) ;
#5907 = EDGE_CURVE ( 'NONE', #3989, #10459, #7114, .T. ) ;
#5908 = CARTESIAN_POINT ( 'NONE',  ( 71.14469310733643681, -57.53853180837096204, -16.00000000000000000 ) ) ;
#5909 = CARTESIAN_POINT ( 'NONE',  ( 22.30954822220481049, 91.31420512779557441, 30.00000000000000355 ) ) ;
#5910 = ORIENTED_EDGE ( 'NONE', *, *, #3236, .F. ) ;
#5911 = CARTESIAN_POINT ( 'NONE',  ( 0.000000000000000000, 0.000000000000000000, -3.000000000000000000 ) ) ;
#5912 = VECTOR ( 'NONE', #7847, 1000.000000000000000 ) ;
#5913 = CARTESIAN_POINT ( 'NONE',  ( 0.000000000000000000, 0.000000000000000000, -3.000000000000000000 ) ) ;
#5914 = LINE ( 'NONE', #3365, #3926 ) ;
#5915 = CARTESIAN_POINT ( 'NONE',  ( 75.30721087316113938, 8.914655855858793387, -7.279719104262224683 ) ) ;
#5916 = ORIENTED_EDGE ( 'NONE', *, *, #8712, .T. ) ;
#5917 = CARTESIAN_POINT ( 'NONE',  ( 0.000000000000000000, 0.000000000000000000, -16.00000000000000000 ) ) ;
#5918 = DIRECTION ( 'NONE',  ( 0.9338033676472271560, 0.3577866271546458199, -0.000000000000000000 ) ) ;
#5919 = DIRECTION ( 'NONE',  ( -0.2090980990620599778, 0.9778946696698130880, 0.000000000000000000 ) ) ;
#5920 = CARTESIAN_POINT ( 'NONE',  ( 84.51613619867332261, -7.887322993635318191, -16.60853953549717232 ) ) ;
#5921 = FACE_OUTER_BOUND ( 'NONE', #1882, .T. ) ;
#5922 = CARTESIAN_POINT ( 'NONE',  ( -72.90475531190976710, 43.10629275173596398, -16.30948754350941599 ) ) ;
#5923 = ORIENTED_EDGE ( 'NONE', *, *, #4887, .F. ) ;
#5925 = CARTESIAN_POINT ( 'NONE',  ( -79.95094027961360439, 49.43528242465761480, 17.00000000000000000 ) ) ;
#5924 = CIRCLE ( 'NONE', #4543, 2.500000000000002220 ) ;
#5926 = CARTESIAN_POINT ( 'NONE',  ( 84.11182357185568037, -7.999832654576755964, 29.99987001606404391 ) ) ;
#5927 = ORIENTED_EDGE ( 'NONE', *, *, #8275, .T. ) ;
#5928 = DIRECTION ( 'NONE',  ( -0.000000000000000000, -0.000000000000000000, -1.000000000000000000 ) ) ;
#5929 = CARTESIAN_POINT ( 'NONE',  ( 65.26483731439891756, 55.68784019197944701, 32.13538959017893148 ) ) ;
#5930 = CARTESIAN_POINT ( 'NONE',  ( 0.000000000000000000, 0.000000000000000000, 0.000000000000000000 ) ) ;
#5931 = DIRECTION ( 'NONE',  ( 1.000000000000000000, 0.000000000000000000, 0.000000000000000000 ) ) ;
#5932 = CARTESIAN_POINT ( 'NONE',  ( 0.000000000000000000, 0.000000000000000000, 32.50000000000000000 ) ) ;
#5933 = AXIS2_PLACEMENT_3D ( 'NONE', #1841, #2093, #7922 ) ;
#5934 = CARTESIAN_POINT ( 'NONE',  ( 0.000000000000000000, 0.000000000000000000, 17.00000000000000000 ) ) ;
#5935 = ORIENTED_EDGE ( 'NONE', *, *, #3841, .F. ) ;
#5936 = DIRECTION ( 'NONE',  ( 1.000000000000000000, 0.000000000000000000, 0.000000000000000000 ) ) ;
#5937 = ORIENTED_EDGE ( 'NONE', *, *, #755, .F. ) ;
#5938 = CYLINDRICAL_SURFACE ( 'NONE', #66, 2.500000000000000888 ) ;
#5939 = ORIENTED_EDGE ( 'NONE', *, *, #9947, .F. ) ;
#5940 = EDGE_CURVE ( 'NONE', #7600, #4786, #7662, .T. ) ;
#5941 = VECTOR ( 'NONE', #1766, 1000.000000000000227 ) ;
#5942 = LINE ( 'NONE', #20, #8987 ) ;
#5943 = LINE ( 'NONE', #4378, #5941 ) ;
#5944 = VERTEX_POINT ( 'NONE', #4501 ) ;
#5945 = DIRECTION ( 'NONE',  ( 1.000000000000000000, 0.000000000000000000, 0.000000000000000000 ) ) ;
#5946 = CARTESIAN_POINT ( 'NONE',  ( 73.13542742463909008, -43.61233852004535549, -17.04213425600574539 ) ) ;
#5947 = FACE_OUTER_BOUND ( 'NONE', #6755, .T. ) ;
#5948 = ORIENTED_EDGE ( 'NONE', *, *, #3087, .T. ) ;
#5949 = B_SPLINE_CURVE_WITH_KNOTS ( 'NONE', 3,
 ( #900, #1005, #24, #6659 ),
 .UNSPECIFIED., .F., .F.,
 ( 4, 4 ),
 ( 0.000000000000000000, 1.000000000000000000 ),
 .UNSPECIFIED. ) ;
#5950 = CARTESIAN_POINT ( 'NONE',  ( 35.12291852175435025, 84.64295854543827602, -18.50000000000000000 ) ) ;
#5951 = DIRECTION ( 'NONE',  ( 0.9946479639414453899, -0.1033219619787452137, 0.000000000000000000 ) ) ;
#5952 = DIRECTION ( 'NONE',  ( -1.000000000000000000, 0.000000000000000000, 0.000000000000000000 ) ) ;
#5953 = ADVANCED_FACE ( 'NONE', ( #9795 ), #3303, .F. ) ;
#5954 = ORIENTED_EDGE ( 'NONE', *, *, #4510, .F. ) ;
#5955 = ORIENTED_EDGE ( 'NONE', *, *, #5480, .F. ) ;
#5956 = CARTESIAN_POINT ( 'NONE',  ( -61.77761906765504563, -33.11182538452944613, -4.123581316527804574 ) ) ;
#5957 = ADVANCED_FACE ( 'NONE', ( #9087 ), #5692, .T. ) ;
#5958 = ORIENTED_EDGE ( 'NONE', *, *, #4087, .F. ) ;
#5959 = CARTESIAN_POINT ( 'NONE',  ( -23.73696534790352786, 88.36745145172190519, -16.00000000000000000 ) ) ;
#5960 = CIRCLE ( 'NONE', #5622, 2.500000000000002220 ) ;
#5961 = DIRECTION ( 'NONE',  ( 7.657722947273452144E-16, 1.177580171285051719E-15, 1.000000000000000000 ) ) ;
#5962 = EDGE_CURVE ( 'NONE', #4770, #46, #575, .T. ) ;
#5963 = ADVANCED_FACE ( 'NONE', ( #633 ), #2267, .T. ) ;
#5964 = DIRECTION ( 'NONE',  ( -0.9338033676472280442, -0.3577866271546433774, 0.000000000000000000 ) ) ;
#5965 = EDGE_CURVE ( 'NONE', #2992, #7848, #3473, .T. ) ;
#5966 = FACE_OUTER_BOUND ( 'NONE', #4996, .T. ) ;
#5967 = ORIENTED_EDGE ( 'NONE', *, *, #4048, .F. ) ;
#5968 = CIRCLE ( 'NONE', #8943, 51.03332099679092693 ) ;
#5969 = CARTESIAN_POINT ( 'NONE',  ( 12.93165967081456813, 5.738759349502538853, 30.00000000000000355 ) ) ;
#5970 = CARTESIAN_POINT ( 'NONE',  ( 70.65825708038329367, -49.14423355574526653, 32.50000000001116973 ) ) ;
#5971 = FACE_OUTER_BOUND ( 'NONE', #10566, .T. ) ;
#5972 = FACE_OUTER_BOUND ( 'NONE', #1937, .T. ) ;
#5973 = CARTESIAN_POINT ( 'NONE',  ( -23.73696534790352786, 88.36745145172191940, -16.00000000000000000 ) ) ;
#5974 = ADVANCED_FACE ( 'NONE', ( #5642 ), #5589, .F. ) ;
#5975 = CYLINDRICAL_SURFACE ( 'NONE', #1203, 2.500000000000002220 ) ;
#5976 = ORIENTED_EDGE ( 'NONE', *, *, #6402, .F. ) ;
#5977 = AXIS2_PLACEMENT_3D ( 'NONE', #2966, #7667, #9617 ) ;
#5978 = DIRECTION ( 'NONE',  ( 1.000000000000000000, 0.000000000000000000, 0.000000000000000000 ) ) ;
#5979 = EDGE_CURVE ( 'NONE', #353, #9140, #9846, .T. ) ;
#5980 = DIRECTION ( 'NONE',  ( 0.6682286275604834014, 0.7439559807600398811, 0.000000000000000000 ) ) ;
#5981 = ORIENTED_EDGE ( 'NONE', *, *, #8637, .F. ) ;
#5982 = CARTESIAN_POINT ( 'NONE',  ( -76.70731484416432977, 49.88223981938109119, 14.00000000000000000 ) ) ;
#5983 = CARTESIAN_POINT ( 'NONE',  ( -32.73747638465003007, -85.44300813972131436, 32.50000000000000000 ) ) ;
#5984 = CYLINDRICAL_SURFACE ( 'NONE', #9869, 2.499999999999998668 ) ;
#5985 = CYLINDRICAL_SURFACE ( 'NONE', #1738, 2.500000000000002220 ) ;
#5986 = DIRECTION ( 'NONE',  ( -0.000000000000000000, -0.000000000000000000, -1.000000000000000000 ) ) ;
#5987 = CARTESIAN_POINT ( 'NONE',  ( 76.88821548781980653, -8.750424384417726742, -8.293734265001774020 ) ) ;
#5988 = ORIENTED_EDGE ( 'NONE', *, *, #2306, .T. ) ;
#5989 = EDGE_LOOP ( 'NONE', ( #4265, #6386, #3124, #5638, #2202, #6512 ) ) ;
#5990 = CIRCLE ( 'NONE', #1302, 2.500000000000003553 ) ;
#5991 = CARTESIAN_POINT ( 'NONE',  ( -33.61821231353550132, 77.94230521875755358, 30.60853953549881012 ) ) ;
#5992 = VERTEX_POINT ( 'NONE', #9900 ) ;
#5993 = CARTESIAN_POINT ( 'NONE',  ( 72.22399015877651607, -45.85527319917314060, 32.50000000000000000 ) ) ;
#5994 = CARTESIAN_POINT ( 'NONE',  ( 76.92514010090732768, 46.71747874677934220, 0.000000000000000000 ) ) ;
#5995 = AXIS2_PLACEMENT_3D ( 'NONE', #6678, #4946, #9205 ) ;
#5996 = ORIENTED_EDGE ( 'NONE', *, *, #3504, .F. ) ;
#5997 = CARTESIAN_POINT ( 'NONE',  ( -85.53285371934805426, 6.690700228677251005, -18.13538959017715158 ) ) ;
#5998 = CARTESIAN_POINT ( 'NONE',  ( 54.90271291039114487, -51.02370820575460897, 20.75628178946161384 ) ) ;
#5999 = CARTESIAN_POINT ( 'NONE',  ( -78.11690890368930695, 35.96871617576461944, -18.50000000000000355 ) ) ;
#6000 = EDGE_CURVE ( 'NONE', #384, #10627, #3142, .T. ) ;
#6001 = ORIENTED_EDGE ( 'NONE', *, *, #6498, .F. ) ;
#6002 = CARTESIAN_POINT ( 'NONE',  ( 71.14469310733639418, -57.53853180837101888, 30.00000000000000355 ) ) ;
#6003 = DIRECTION ( 'NONE',  ( 0.000000000000000000, 0.000000000000000000, -1.000000000000000000 ) ) ;
#6004 = VECTOR ( 'NONE', #278, 999.9999999999998863 ) ;
#6005 = CARTESIAN_POINT ( 'NONE',  ( 26.36704873968083618, 43.69414826633879301, 17.00000000000000000 ) ) ;
#6006 = ORIENTED_EDGE ( 'NONE', *, *, #3130, .T. ) ;
#6007 = EDGE_LOOP ( 'NONE', ( #5014, #10419, #2358 ) ) ;
#6008 = CARTESIAN_POINT ( 'NONE',  ( -9.739217246009062023, -62.98835414961295953, 17.00000000000000000 ) ) ;
#6009 = VERTEX_POINT ( 'NONE', #1569 ) ;
#6010 = DIRECTION ( 'NONE',  ( 0.2090980990620599778, 0.9778946696698130880, 0.000000000000000000 ) ) ;
#6011 = CARTESIAN_POINT ( 'NONE',  ( -60.11725487760428166, 3.989945426130010464, 17.00000000000000000 ) ) ;
#6012 = DIRECTION ( 'NONE',  ( 0.000000000000000000, 0.000000000000000000, 1.000000000000000000 ) ) ;
#6013 = CIRCLE ( 'NONE', #9349, 94.00000000000001421 ) ;
#6014 = VERTEX_POINT ( 'NONE', #7274 ) ;
#6015 = ADVANCED_FACE ( 'NONE', ( #4884 ), #4869, .T. ) ;
#6016 = LINE ( 'NONE', #9368, #3257 ) ;
#6017 = CARTESIAN_POINT ( 'NONE',  ( 0.000000000000000000, 0.000000000000000000, 0.000000000000000000 ) ) ;
#6018 = ADVANCED_FACE ( 'NONE', ( #8919 ), #9914, .T. ) ;
#6019 = ADVANCED_FACE ( 'NONE', ( #4719 ), #679, .T. ) ;
#6020 = CARTESIAN_POINT ( 'NONE',  ( -49.70347058474200708, 11.57431915030803360, -3.000000000000000000 ) ) ;
#6021 = CARTESIAN_POINT ( 'NONE',  ( 41.30779598900480210, 43.15267505862024677, 17.00000000000000000 ) ) ;
#6022 = AXIS2_PLACEMENT_3D ( 'NONE', #5259, #2040, #5362 ) ;
#6023 = VERTEX_POINT ( 'NONE', #8259 ) ;
#6024 = LINE ( 'NONE', #7, #5365 ) ;
#6025 = AXIS2_PLACEMENT_3D ( 'NONE', #10367, #4582, #5343 ) ;
#6026 = DIRECTION ( 'NONE',  ( -0.3577866271546457089, -0.9338033676472270450, 0.000000000000000000 ) ) ;
#6027 = VERTEX_POINT ( 'NONE', #692 ) ;
#6028 = ADVANCED_FACE ( 'NONE', ( #4120 ), #1723, .T. ) ;
#6029 = LINE ( 'NONE', #2830, #9365 ) ;
#6030 = AXIS2_PLACEMENT_3D ( 'NONE', #7405, #5012, #3269 ) ;
#6031 = APPLICATION_CONTEXT ( 'automotive_design' ) ;
#6032 = CARTESIAN_POINT ( 'NONE',  ( 0.000000000000000000, 0.000000000000000000, 0.000000000000000000 ) ) ;
#6033 = FACE_OUTER_BOUND ( 'NONE', #8250, .T. ) ;
#6034 = CARTESIAN_POINT ( 'NONE',  ( -54.74047190772527927, -50.92977572222476113, 20.65163927869600968 ) ) ;
#6035 = CARTESIAN_POINT ( 'NONE',  ( -16.27982722542986238, -3.481030249449610814, -3.000000000000000000 ) ) ;
#6036 = DIRECTION ( 'NONE',  ( -0.000000000000000000, -0.000000000000000000, -1.000000000000000000 ) ) ;
#6037 = ORIENTED_EDGE ( 'NONE', *, *, #9577, .F. ) ;
#6038 = AXIS2_PLACEMENT_3D ( 'NONE', #9371, #8441, #4697 ) ;
#6039 =( LENGTH_UNIT ( ) NAMED_UNIT ( * ) SI_UNIT ( .MILLI., .METRE. ) );
#6040 = ORIENTED_EDGE ( 'NONE', *, *, #5697, .F. ) ;
#6041 = CARTESIAN_POINT ( 'NONE',  ( 40.52922369190288521, 43.88485168617526000, 17.00000000000000000 ) ) ;
#6042 = EDGE_LOOP ( 'NONE', ( #10098, #1471, #5212, #5046 ) ) ;
#6043 = CARTESIAN_POINT ( 'NONE',  ( 28.27582184931180365, 52.62095849507837642, 17.00000000000000000 ) ) ;
#6044 = AXIS2_PLACEMENT_3D ( 'NONE', #5766, #10026, #1793 ) ;
#6045 = CARTESIAN_POINT ( 'NONE',  ( -91.37756621894716602, -4.731848676989272029, 17.00000000000000000 ) ) ;
#6046 = VECTOR ( 'NONE', #9939, 1000.000000000000000 ) ;
#6047 = CARTESIAN_POINT ( 'NONE',  ( 20.75814898600403069, 83.39934138175574674, 32.40430452063722555 ) ) ;
#6048 = VERTEX_POINT ( 'NONE', #9353 ) ;
#6049 = CARTESIAN_POINT ( 'NONE',  ( -85.82107359376836087, 5.493697451001757770, -18.50004557245144099 ) ) ;
#6050 = CARTESIAN_POINT ( 'NONE',  ( 71.72194674751904131, 60.76152034590683826, 30.00000000000000355 ) ) ;
#6051 = CARTESIAN_POINT ( 'NONE',  ( -15.43761712176106116, 75.82906820879794907, -8.293734264985648252 ) ) ;
#6052 = AXIS2_PLACEMENT_3D ( 'NONE', #2872, #8550, #210 ) ;
#6053 = ORIENTED_EDGE ( 'NONE', *, *, #7248, .T. ) ;
#6054 = CARTESIAN_POINT ( 'NONE',  ( 65.10972727625333789, -36.10475796750282029, -6.472556012243924961 ) ) ;
#6055 = DIRECTION ( 'NONE',  ( 0.000000000000000000, 0.000000000000000000, -1.000000000000000000 ) ) ;
#6056 = VECTOR ( 'NONE', #4090, 1000.000000000000114 ) ;
#6057 = CIRCLE ( 'NONE', #1377, 2.499999999999997335 ) ;
#6058 = CARTESIAN_POINT ( 'NONE',  ( 60.01076110210958348, 49.99396575996700420, -2.999999999987252863 ) ) ;
#6059 = ORIENTED_EDGE ( 'NONE', *, *, #1823, .T. ) ;
#6060 = EDGE_CURVE ( 'NONE', #1848, #9076, #8475, .T. ) ;
#6061 = ORIENTED_EDGE ( 'NONE', *, *, #9849, .T. ) ;
#6062 = CIRCLE ( 'NONE', #7814, 94.00000000000001421 ) ;
#6063 = AXIS2_PLACEMENT_3D ( 'NONE', #2504, #2399, #924 ) ;
#6064 = FACE_OUTER_BOUND ( 'NONE', #9676, .T. ) ;
#6065 = VERTEX_POINT ( 'NONE', #4174 ) ;
#6066 = ORIENTED_EDGE ( 'NONE', *, *, #6691, .F. ) ;
#6067 = CARTESIAN_POINT ( 'NONE',  ( 21.45186988444690357, 89.38152182545849200, -3.000000000000000000 ) ) ;
#6068 = B_SPLINE_CURVE_WITH_KNOTS ( 'NONE', 3,
 ( #10163, #2644, #9184, #5896, #9950, #4168, #8254, #4222, #3297, #3402, #2696, #4115, #2484 ),
 .UNSPECIFIED., .F., .F.,
 ( 4, 1, 1, 1, 1, 1, 2, 2, 4 ),
 ( 0.000000000000000000, 0.2500000000000137113, 0.3750000000000204281, 0.4375000000000237033, 0.4687500000000259237, 0.4843750000000270339, 0.4921875000000269784, 0.5000000000000269784, 1.000000000000000000 ),
 .UNSPECIFIED. ) ;
#6069 = CARTESIAN_POINT ( 'NONE',  ( 35.18221305882457273, 84.92026289206617662, 17.00000000000000000 ) ) ;
#6070 = CARTESIAN_POINT ( 'NONE',  ( 85.83440617534431283, 5.307351189430723259, 32.49999999998622258 ) ) ;
#6071 = AXIS2_PLACEMENT_3D ( 'NONE', #2533, #8364, #5844 ) ;
#6072 = ORIENTED_EDGE ( 'NONE', *, *, #2817, .F. ) ;
#6073 = EDGE_CURVE ( 'NONE', #1957, #4546, #8524, .T. ) ;
#6074 = EDGE_CURVE ( 'NONE', #1172, #6048, #6062, .T. ) ;
#6075 = DIRECTION ( 'NONE',  ( 0.8654182317380989531, -0.5010501812945508116, 0.000000000000000000 ) ) ;
#6076 = LINE ( 'NONE', #5320, #1018 ) ;
#6077 = DIRECTION ( 'NONE',  ( -1.000000000000000000, 0.000000000000000000, 0.000000000000000000 ) ) ;
#6078 = CARTESIAN_POINT ( 'NONE',  ( 64.84522906799716679, -55.89136234965207706, 31.81104402676846732 ) ) ;
#6079 = AXIS2_PLACEMENT_3D ( 'NONE', #1099, #3705, #7737 ) ;
#6080 = ORIENTED_EDGE ( 'NONE', *, *, #1124, .F. ) ;
#6081 = CARTESIAN_POINT ( 'NONE',  ( 0.000000000000000000, 0.000000000000000000, 0.000000000000000000 ) ) ;
#6082 = FACE_OUTER_BOUND ( 'NONE', #10212, .T. ) ;
#6083 = EDGE_CURVE ( 'NONE', #4627, #5469, #2650, .T. ) ;
#6084 = EDGE_LOOP ( 'NONE', ( #5558, #1470, #9530, #10703 ) ) ;
#6085 = EDGE_CURVE ( 'NONE', #3167, #5169, #7296, .T. ) ;
#6086 = FACE_OUTER_BOUND ( 'NONE', #5491, .T. ) ;
#6087 = CARTESIAN_POINT ( 'NONE',  ( 0.000000000000000000, 0.000000000000000000, 30.00000000000000000 ) ) ;
#6088 = DIRECTION ( 'NONE',  ( -0.05171419319113981089, -0.9986619258901330287, 3.464804574811645437E-16 ) ) ;
#6089 = CARTESIAN_POINT ( 'NONE',  ( -89.69359066795175295, -7.420228641350734122, 0.000000000000000000 ) ) ;
#6090 = DIRECTION ( 'NONE',  ( 1.000000000000000000, 0.000000000000000000, 0.000000000000000000 ) ) ;
#6091 = CARTESIAN_POINT ( 'NONE',  ( 20.65978700115072542, -87.59665062699077964, -0.000000000000000000 ) ) ;
#6092 = ORIENTED_EDGE ( 'NONE', *, *, #9821, .T. ) ;
#6093 = AXIS2_PLACEMENT_3D ( 'NONE', #8188, #1483, #4045 ) ;
#6094 = ADVANCED_FACE ( 'NONE', ( #2753 ), #6718, .T. ) ;
#6095 = EDGE_CURVE ( 'NONE', #4286, #5708, #6246, .T. ) ;
#6096 = DIRECTION ( 'NONE',  ( 0.000000000000000000, 0.000000000000000000, 1.000000000000000000 ) ) ;
#6097 = ORIENTED_EDGE ( 'NONE', *, *, #7938, .T. ) ;
#6098 = CARTESIAN_POINT ( 'NONE',  ( 50.98111192984294604, 32.10810216901682423, 17.00000000000000000 ) ) ;
#6099 = ADVANCED_FACE ( 'NONE', ( #10117 ), #3200, .T. ) ;
#6100 = ORIENTED_EDGE ( 'NONE', *, *, #5652, .T. ) ;
#6101 = DIRECTION ( 'NONE',  ( 0.7439559807600391039, 0.6682286275604842896, 0.000000000000000000 ) ) ;
#6102 = ADVANCED_FACE ( 'NONE', ( #4389 ), #80, .T. ) ;
#6103 = CARTESIAN_POINT ( 'NONE',  ( 0.000000000000000000, 0.000000000000000000, 32.50000000000000000 ) ) ;
#6104 = CIRCLE ( 'NONE', #1424, 2.499999999999999556 ) ;
#6105 = CARTESIAN_POINT ( 'NONE',  ( 31.91968008795930700, 79.85418392176491409, 32.50009145628173712 ) ) ;
#6106 = ORIENTED_EDGE ( 'NONE', *, *, #5603, .F. ) ;
#6107 = DIRECTION ( 'NONE',  ( 0.8654182317380993972, 0.5010501812945500344, 0.000000000000000000 ) ) ;
#6108 = LINE ( 'NONE', #543, #10409 ) ;
#6109 = CARTESIAN_POINT ( 'NONE',  ( -71.14469310733639418, -57.53853180837101178, 14.00000000000000000 ) ) ;
#6110 = ADVANCED_FACE ( 'NONE', ( #4228 ), #3514, .T. ) ;
#6111 = ORIENTED_EDGE ( 'NONE', *, *, #3961, .F. ) ;
#6112 = CARTESIAN_POINT ( 'NONE',  ( 0.000000000000000000, 0.000000000000000000, 14.00000000000000000 ) ) ;
#6113 = AXIS2_PLACEMENT_3D ( 'NONE', #10481, #2800, #9609 ) ;
#6114 = FACE_OUTER_BOUND ( 'NONE', #4511, .T. ) ;
#6115 = DIRECTION ( 'NONE',  ( 0.000000000000000000, 0.000000000000000000, -1.000000000000000000 ) ) ;
#6116 = VERTEX_POINT ( 'NONE', #1880 ) ;
#6117 = ORIENTED_EDGE ( 'NONE', *, *, #8844, .F. ) ;
#6118 = AXIS2_PLACEMENT_3D ( 'NONE', #6152, #6265, #4636 ) ;
#6119 = LINE ( 'NONE', #8751, #2740 ) ;
#6120 = ORIENTED_EDGE ( 'NONE', *, *, #10745, .T. ) ;
#6121 = ORIENTED_EDGE ( 'NONE', *, *, #5233, .F. ) ;
#6122 = CARTESIAN_POINT ( 'NONE',  ( 31.53777653366948641, 67.87622916873031897, -6.695555797688752087 ) ) ;
#6123 = DIRECTION ( 'NONE',  ( 0.000000000000000000, -1.000000000000000000, -1.387778780781444492E-15 ) ) ;
#6124 = CARTESIAN_POINT ( 'NONE',  ( -71.72194674751904131, 60.76152034590683826, -16.00000000000000000 ) ) ;
#6125 = VERTEX_POINT ( 'NONE', #5205 ) ;
#6126 = CARTESIAN_POINT ( 'NONE',  ( -72.75007835273403600, -42.96768886930683351, 29.99987001606677595 ) ) ;
#6127 = DIRECTION ( 'NONE',  ( 1.000000000000000000, 0.000000000000000000, 0.000000000000000000 ) ) ;
#6128 = DIRECTION ( 'NONE',  ( 0.000000000000000000, 0.000000000000000000, 1.000000000000000000 ) ) ;
#6129 = AXIS2_PLACEMENT_3D ( 'NONE', #9175, #999, #5029 ) ;
#6130 = DIRECTION ( 'NONE',  ( 1.000000000000000000, 0.000000000000000000, 0.000000000000000000 ) ) ;
#6131 = ORIENTED_EDGE ( 'NONE', *, *, #1068, .T. ) ;
#6132 = EDGE_CURVE ( 'NONE', #321, #3403, #8536, .T. ) ;
#6133 = CARTESIAN_POINT ( 'NONE',  ( 84.33978776313246328, 16.81666435622044276, 32.50000000000000000 ) ) ;
#6134 = EDGE_CURVE ( 'NONE', #730, #2809, #5094, .T. ) ;
#6135 = DIRECTION ( 'NONE',  ( 1.000000000000000000, 0.000000000000000000, 0.000000000000000000 ) ) ;
#6136 = ORIENTED_EDGE ( 'NONE', *, *, #5544, .T. ) ;
#6137 = VECTOR ( 'NONE', #4705, 1000.000000000000000 ) ;
#6138 = PLANE ( 'NONE',  #6825 ) ;
#6139 = DIRECTION ( 'NONE',  ( 0.000000000000000000, -0.000000000000000000, -1.000000000000000000 ) ) ;
#6140 = DIRECTION ( 'NONE',  ( 0.7439559807600398811, -0.6682286275604835124, 0.000000000000000000 ) ) ;
#6141 = LINE ( 'NONE', #327, #2432 ) ;
#6142 = CARTESIAN_POINT ( 'NONE',  ( -79.20731484416435819, 49.88223981938101304, -3.000000000000000888 ) ) ;
#6143 = CARTESIAN_POINT ( 'NONE',  ( 80.19138544279721259, -8.407297958918290348, -10.91900855183518715 ) ) ;
#6144 = CIRCLE ( 'NONE', #1817, 51.03332099679091982 ) ;
#6145 = ORIENTED_EDGE ( 'NONE', *, *, #5060, .T. ) ;
#6146 = ORIENTED_EDGE ( 'NONE', *, *, #3250, .T. ) ;
#6147 = CARTESIAN_POINT ( 'NONE',  ( -31.44063775839225272, -67.42193766159579127, -6.440967781853303542 ) ) ;
#6148 = ORIENTED_EDGE ( 'NONE', *, *, #9109, .T. ) ;
#6149 = CARTESIAN_POINT ( 'NONE',  ( -33.53194179453768697, -78.27408104470354999, -17.04595453367415203 ) ) ;
#6150 = CARTESIAN_POINT ( 'NONE',  ( -9.453987078548983902, -10.52536503081503660, 30.00000000000000355 ) ) ;
#6151 = EDGE_CURVE ( 'NONE', #7900, #10034, #1210, .T. ) ;
#6152 = CARTESIAN_POINT ( 'NONE',  ( -71.14469310733643681, -57.53853180837096204, 30.00000000000000000 ) ) ;
#6153 = EDGE_LOOP ( 'NONE', ( #2514, #3031, #3400, #3820 ) ) ;
#6154 = DIRECTION ( 'NONE',  ( -0.7439559807600424346, 0.6682286275604806258, 0.000000000000000000 ) ) ;
#6155 = DIRECTION ( 'NONE',  ( 0.8654182317380993972, 0.5010501812945500344, -0.000000000000000000 ) ) ;
#6156 = CARTESIAN_POINT ( 'NONE',  ( -14.77041421563524537, 74.32560023115128445, -7.245558843461249232 ) ) ;
#6157 = EDGE_CURVE ( 'NONE', #4735, #6343, #6939, .T. ) ;
#6158 = ADVANCED_FACE ( 'NONE', ( #6273 ), #10488, .T. ) ;
#6159 = ORIENTED_EDGE ( 'NONE', *, *, #9622, .T. ) ;
#6160 = CARTESIAN_POINT ( 'NONE',  ( 91.63587112389404865, -7.218468586842908152, 30.00000000000000355 ) ) ;
#6161 = DIRECTION ( 'NONE',  ( -0.000000000000000000, -0.000000000000000000, 1.000000000000000000 ) ) ;
#6162 = DIRECTION ( 'NONE',  ( -0.000000000000000000, -0.000000000000000000, -1.000000000000000000 ) ) ;
#6163 = EDGE_LOOP ( 'NONE', ( #1350, #2135, #1393, #7819, #2633, #9641 ) ) ;
#6164 = ADVANCED_FACE ( 'NONE', ( #6990 ), #1274, .T. ) ;
#6165 = VERTEX_POINT ( 'NONE', #4542 ) ;
#6166 = DIRECTION ( 'NONE',  ( 0.000000000000000000, -0.000000000000000000, -1.000000000000000000 ) ) ;
#6167 = CYLINDRICAL_SURFACE ( 'NONE', #9696, 2.499999999999998668 ) ;
#6168 = ORIENTED_EDGE ( 'NONE', *, *, #929, .F. ) ;
#6169 = ADVANCED_FACE ( 'NONE', ( #10382 ), #1985, .T. ) ;
#6170 = AXIS2_PLACEMENT_3D ( 'NONE', #6185, #2113, #8654 ) ;
#6171 = ORIENTED_EDGE ( 'NONE', *, *, #288, .T. ) ;
#6172 = CARTESIAN_POINT ( 'NONE',  ( 29.79281499385580290, 59.71552088770394562, -3.471733873950798799 ) ) ;
#6173 = DIRECTION ( 'NONE',  ( 1.000000000000000000, 0.000000000000000000, 0.000000000000000000 ) ) ;
#6174 = DIRECTION ( 'NONE',  ( -0.000000000000000000, -0.000000000000000000, -1.000000000000000000 ) ) ;
#6175 = EDGE_LOOP ( 'NONE', ( #3674, #1656, #7710, #4392 ) ) ;
#6176 = VECTOR ( 'NONE', #4992, 1000.000000000000000 ) ;
#6177 = VECTOR ( 'NONE', #4325, 1000.000000000000000 ) ;
#6178 = B_SPLINE_CURVE_WITH_KNOTS ( 'NONE', 3,
 ( #2026, #4538, #7858, #395, #3719, #10374, #2082, #5407, #5513, #7366, #5621, #7145, #10589, #9715, #3831, #2137, #7964, #2189 ),
 .UNSPECIFIED., .F., .F.,
 ( 4, 2, 2, 2, 2, 2, 2, 2, 4 ),
 ( -1.013569676147152440E-05, 0.0002609165613940191966, 0.0005319688195495099210, 0.001074073335860476408, 0.002158282368482397889, 0.002700386884793354401, 0.003242491401104310479, 0.003784595917415266991, 0.004326700433726223503 ),
 .UNSPECIFIED. ) ;
#6179 = DIRECTION ( 'NONE',  ( 0.9946479639414453899, -0.1033219619787455329, 0.000000000000000000 ) ) ;
#6180 = DIRECTION ( 'NONE',  ( -0.000000000000000000, -0.000000000000000000, -1.000000000000000000 ) ) ;
#6181 = CARTESIAN_POINT ( 'NONE',  ( -73.14899647851660802, -43.64439754727764864, -17.08749267281676865 ) ) ;
#6182 = CARTESIAN_POINT ( 'NONE',  ( 19.21393393794772209, -83.20821850252823992, -17.45153177885274687 ) ) ;
#6183 = EDGE_LOOP ( 'NONE', ( #7756, #7989, #1815, #1100, #1920, #4372 ) ) ;
#6184 = AXIS2_PLACEMENT_3D ( 'NONE', #8474, #6717, #6824 ) ;
#6185 = CARTESIAN_POINT ( 'NONE',  ( 91.37756621894718023, -4.731848676989294233, 30.00000000000000000 ) ) ;
#6186 = CARTESIAN_POINT ( 'NONE',  ( -93.48069444964407637, 4.513380090146339008, 32.50000000000000000 ) ) ;
#6187 = ORIENTED_EDGE ( 'NONE', *, *, #4280, .T. ) ;
#6188 = CYLINDRICAL_SURFACE ( 'NONE', #3008, 2.499999999999998668 ) ;
#6189 = EDGE_CURVE ( 'NONE', #3590, #7390, #5382, .T. ) ;
#6190 = DIRECTION ( 'NONE',  ( -1.000000000000000000, 0.000000000000000000, 0.000000000000000000 ) ) ;
#6191 = CIRCLE ( 'NONE', #1335, 94.00000000000001421 ) ;
#6192 = CARTESIAN_POINT ( 'NONE',  ( 53.80544377093073649, 25.95113860335820277, 17.00000000000000000 ) ) ;
#6193 = CARTESIAN_POINT ( 'NONE',  ( -68.20213817285892333, -58.72366089278031609, 0.000000000000000000 ) ) ;
#6194 = DIRECTION ( 'NONE',  ( 0.000000000000000000, 0.000000000000000000, 1.000000000000000000 ) ) ;
#6195 = DIRECTION ( 'NONE',  ( -1.000000000000000000, 0.000000000000000000, 0.000000000000000000 ) ) ;
#6196 = VERTEX_POINT ( 'NONE', #5255 ) ;
#6197 = CARTESIAN_POINT ( 'NONE',  ( 33.40773828059417383, -38.57878788838270623, 17.00000000000000000 ) ) ;
#6198 = ORIENTED_EDGE ( 'NONE', *, *, #4175, .F. ) ;
#6199 = CIRCLE ( 'NONE', #6726, 2.500000000000005329 ) ;
#6200 = CARTESIAN_POINT ( 'NONE',  ( 60.01076110211262460, 49.99396575966590461, 16.99999999996174438 ) ) ;
#6201 = VERTEX_POINT ( 'NONE', #5302 ) ;
#6202 = DIRECTION ( 'NONE',  ( -0.9778946696698129770, 0.2090980990620607272, 0.000000000000000000 ) ) ;
#6203 = CARTESIAN_POINT ( 'NONE',  ( 0.000000000000000000, 0.000000000000000000, 0.000000000000000000 ) ) ;
#6204 = EDGE_CURVE ( 'NONE', #6230, #6027, #6916, .T. ) ;
#6205 = CARTESIAN_POINT ( 'NONE',  ( 20.06787132560470965, 83.41411796203126983, 32.13538959017877517 ) ) ;
#6207 = CYLINDRICAL_SURFACE ( 'NONE', #1182, 51.03332099679091982 ) ;
#6206 = VECTOR ( 'NONE', #8126, 1000.000000000000227 ) ;
#6208 = EDGE_LOOP ( 'NONE', ( #9902, #2179, #8533, #8340 ) ) ;
#6209 = DIRECTION ( 'NONE',  ( -0.000000000000000000, 0.000000000000000000, 1.000000000000000000 ) ) ;
#6210 = FACE_OUTER_BOUND ( 'NONE', #7567, .T. ) ;
#6211 = CIRCLE ( 'NONE', #5523, 51.03332099679091982 ) ;
#6212 = VERTEX_POINT ( 'NONE', #9563 ) ;
#6213 = FACE_OUTER_BOUND ( 'NONE', #9135, .T. ) ;
#6214 = EDGE_CURVE ( 'NONE', #1626, #9, #7916, .T. ) ;
#6215 = CARTESIAN_POINT ( 'NONE',  ( 15.21675513427112492, -6.752829723239116788, -3.000000000000000000 ) ) ;
#6216 = VECTOR ( 'NONE', #3214, 1000.000000000000000 ) ;
#6217 = CARTESIAN_POINT ( 'NONE',  ( -57.06050259235045985, 52.27300117381449240, -8.293734264988467331 ) ) ;
#6218 = CARTESIAN_POINT ( 'NONE',  ( 0.000000000000000000, 0.000000000000000000, -3.000000000000000000 ) ) ;
#6219 = AXIS2_PLACEMENT_3D ( 'NONE', #3801, #4611, #7828 ) ;
#6220 = ORIENTED_EDGE ( 'NONE', *, *, #27, .F. ) ;
#6221 = ADVANCED_FACE ( 'NONE', ( #458 ), #3837, .T. ) ;
#6222 = EDGE_CURVE ( 'NONE', #8834, #5769, #8693, .T. ) ;
#6223 = ORIENTED_EDGE ( 'NONE', *, *, #1763, .T. ) ;
#6224 = CARTESIAN_POINT ( 'NONE',  ( 73.07850523094472805, 45.01766350649480586, 32.20313577063841848 ) ) ;
#6225 = VECTOR ( 'NONE', #10346, 1000.000000000000000 ) ;
#6226 = CARTESIAN_POINT ( 'NONE',  ( -58.78321495184669487, 10.63113418810570998, 17.00000000000000000 ) ) ;
#6227 = ORIENTED_EDGE ( 'NONE', *, *, #252, .T. ) ;
#6228 = CIRCLE ( 'NONE', #10772, 2.500000000000002220 ) ;
#6229 = AXIS2_PLACEMENT_3D ( 'NONE', #4202, #1904, #6741 ) ;
#6230 = VERTEX_POINT ( 'NONE', #7095 ) ;
#6231 = EDGE_CURVE ( 'NONE', #8498, #1159, #1167, .T. ) ;
#6232 = DIRECTION ( 'NONE',  ( -0.2594203863158843215, -0.9657644967401304292, 0.000000000000000000 ) ) ;
#6233 = EDGE_CURVE ( 'NONE', #2756, #953, #4489, .T. ) ;
#6234 = B_SPLINE_CURVE_WITH_KNOTS ( 'NONE', 3,
 ( #1597, #1425, #659, #8068, #9817, #8230, #770, #4092, #10742, #3272, #604, #3927, #3109, #8501 ),
 .UNSPECIFIED., .F., .F.,
 ( 4, 2, 2, 2, 2, 2, 4 ),
 ( 0.000000000000000000, 0.001101176268180937461, 0.001651764402271408251, 0.002202352536361878825, 0.002752940670452349615, 0.003303528804542820406, 0.004404705072723742905 ),
 .UNSPECIFIED. ) ;
#6235 = LINE ( 'NONE', #7110, #5055 ) ;
#6236 = CARTESIAN_POINT ( 'NONE',  ( 85.68819869818052837, 6.203713540742646693, 32.34770930448335946 ) ) ;
#6237 = ORIENTED_EDGE ( 'NONE', *, *, #7096, .T. ) ;
#6238 = STYLED_ITEM ( 'NONE', ( #10261 ), #5446 ) ;
#6239 = EDGE_CURVE ( 'NONE', #3358, #2097, #10278, .T. ) ;
#6240 = VECTOR ( 'NONE', #2734, 999.9999999999998863 ) ;
#6241 = CARTESIAN_POINT ( 'NONE',  ( 22.37191700945529860, -55.94194604979833940, 17.00000000000000000 ) ) ;
#6242 = CYLINDRICAL_SURFACE ( 'NONE', #6219, 2.500000000000002220 ) ;
#6243 = DIRECTION ( 'NONE',  ( 1.000000000000000000, 0.000000000000000000, 0.000000000000000000 ) ) ;
#6244 = CARTESIAN_POINT ( 'NONE',  ( -33.60046090516959083, 77.52294482862538416, 29.99988756943789170 ) ) ;
#6245 = ORIENTED_EDGE ( 'NONE', *, *, #8490, .T. ) ;
#6246 = CIRCLE ( 'NONE', #3298, 2.500000000000002220 ) ;
#6247 = VECTOR ( 'NONE', #4952, 1000.000000000000227 ) ;
#6248 = LINE ( 'NONE', #7727, #9726 ) ;
#6249 = DIRECTION ( 'NONE',  ( -1.000000000000000000, 0.000000000000000000, 0.000000000000000000 ) ) ;
#6250 = ORIENTED_EDGE ( 'NONE', *, *, #1526, .F. ) ;
#6251 = EDGE_LOOP ( 'NONE', ( #606, #2657, #35, #1267, #4601, #8933, #10406 ) ) ;
#6252 = CIRCLE ( 'NONE', #2446, 2.500000000000000888 ) ;
#6253 = DIRECTION ( 'NONE',  ( 0.9946479639414453899, -0.1033219619787452692, -0.000000000000000000 ) ) ;
#6254 = CARTESIAN_POINT ( 'NONE',  ( 71.65851386786948751, 41.98694292128390515, 27.81128689714265079 ) ) ;
#6255 = DIRECTION ( 'NONE',  ( -1.000000000000000000, -1.387778780781444413E-14, 0.000000000000000000 ) ) ;
#6256 = CARTESIAN_POINT ( 'NONE',  ( 12.93165967081458945, 5.738759349502564611, -16.00000000000000000 ) ) ;
#6257 = CARTESIAN_POINT ( 'NONE',  ( -32.76776432515752191, -83.82110570823331841, 32.50006259996501257 ) ) ;
#6258 = ORIENTED_EDGE ( 'NONE', *, *, #5175, .F. ) ;
#6259 = PLANE ( 'NONE',  #4016 ) ;
#6260 = ORIENTED_EDGE ( 'NONE', *, *, #6231, .T. ) ;
#6261 = CARTESIAN_POINT ( 'NONE',  ( -8.054202958900798848, 59.19136076231699661, 17.00000000000000000 ) ) ;
#6262 = EDGE_LOOP ( 'NONE', ( #10048, #1370, #6487, #10483, #10714, #4905, #6571, #481 ) ) ;
#6263 = CARTESIAN_POINT ( 'NONE',  ( -33.28907306268470023, -78.72443953352110668, -17.57978544520850051 ) ) ;
#6264 = CARTESIAN_POINT ( 'NONE',  ( -76.70731484416432977, 49.88223981938109119, 30.00000000000000355 ) ) ;
#6265 = DIRECTION ( 'NONE',  ( -1.000000000000000000, 0.000000000000000000, 0.000000000000000000 ) ) ;
#6266 = FACE_OUTER_BOUND ( 'NONE', #2259, .T. ) ;
#6267 = ORIENTED_EDGE ( 'NONE', *, *, #308, .F. ) ;
#6268 = CARTESIAN_POINT ( 'NONE',  ( 78.80314311859507370, 51.24514254668658708, 14.00000000000000000 ) ) ;
#6269 = CARTESIAN_POINT ( 'NONE',  ( 32.20764057559195237, -80.53659821386884232, -18.50000000002550848 ) ) ;
#6270 = ORIENTED_EDGE ( 'NONE', *, *, #4280, .F. ) ;
#6271 = EDGE_CURVE ( 'NONE', #1433, #4479, #2141, .T. ) ;
#6272 = DIRECTION ( 'NONE',  ( -0.000000000000000000, 0.000000000000000000, 1.000000000000000000 ) ) ;
#6273 = FACE_OUTER_BOUND ( 'NONE', #983, .T. ) ;
#6274 = CIRCLE ( 'NONE', #1941, 2.500000000000000000 ) ;
#6275 = FACE_OUTER_BOUND ( 'NONE', #949, .T. ) ;
#6276 = ORIENTED_EDGE ( 'NONE', *, *, #515, .T. ) ;
#6277 = ORIENTED_EDGE ( 'NONE', *, *, #9851, .T. ) ;
#6278 = CARTESIAN_POINT ( 'NONE',  ( -23.73696534790346746, 88.36745145172191940, 30.00000000000000355 ) ) ;
#6279 = DIRECTION ( 'NONE',  ( -0.000000000000000000, -0.000000000000000000, -1.000000000000000000 ) ) ;
#6280 = ORIENTED_EDGE ( 'NONE', *, *, #1785, .F. ) ;
#6281 = AXIS2_PLACEMENT_3D ( 'NONE', #9452, #6154, #2849 ) ;
#6282 = ORIENTED_EDGE ( 'NONE', *, *, #2430, .F. ) ;
#6283 = DIRECTION ( 'NONE',  ( 0.2090980990620599222, -0.9778946696698130880, 0.000000000000000000 ) ) ;
#6284 = DIRECTION ( 'NONE',  ( -0.000000000000000000, -0.000000000000000000, 1.000000000000000000 ) ) ;
#6285 = DIRECTION ( 'NONE',  ( -0.000000000000000000, -0.000000000000000000, -1.000000000000000000 ) ) ;
#6286 = ORIENTED_EDGE ( 'NONE', *, *, #7575, .F. ) ;
#6287 = VECTOR ( 'NONE', #7309, 1000.000000000000000 ) ;
#6288 = EDGE_CURVE ( 'NONE', #1283, #3307, #8176, .T. ) ;
#6289 = DIRECTION ( 'NONE',  ( -0.1033219619787455329, -0.9946479639414453899, 0.000000000000000000 ) ) ;
#6290 = CARTESIAN_POINT ( 'NONE',  ( 4.351385440520334491, -50.84747089786795726, 17.00000000000000000 ) ) ;
#6291 = DIRECTION ( 'NONE',  ( 0.000000000000000000, 0.000000000000000000, -1.000000000000000000 ) ) ;
#6292 = FACE_OUTER_BOUND ( 'NONE', #1013, .T. ) ;
#6293 = EDGE_CURVE ( 'NONE', #10426, #1481, #6490, .T. ) ;
#6294 = ORIENTED_EDGE ( 'NONE', *, *, #6151, .T. ) ;
#6295 = ADVANCED_FACE ( 'NONE', ( #5626 ), #10702, .T. ) ;
#6296 = CARTESIAN_POINT ( 'NONE',  ( 77.93544135409011631, 5.172527561050337397, 17.00000000000000000 ) ) ;
#6297 = DIRECTION ( 'NONE',  ( 1.000000000000000000, 0.000000000000000000, 0.000000000000000000 ) ) ;
#6298 = EDGE_LOOP ( 'NONE', ( #5525, #2730, #3691, #2311 ) ) ;
#6299 = EDGE_LOOP ( 'NONE', ( #3002, #8476, #1692, #1838, #895, #6374 ) ) ;
#6300 = EDGE_CURVE ( 'NONE', #10459, #5992, #4346, .T. ) ;
#6301 = CARTESIAN_POINT ( 'NONE',  ( -21.71637771530713934, -87.12939218944507047, 32.13527528461249005 ) ) ;
#6302 = DIRECTION ( 'NONE',  ( 1.000000000000000000, 0.000000000000000000, 0.000000000000000000 ) ) ;
#6303 = DIRECTION ( 'NONE',  ( -0.000000000000000000, 0.000000000000000000, 1.000000000000000000 ) ) ;
#6304 = DIRECTION ( 'NONE',  ( -0.7439559807600397701, 0.6682286275604834014, 0.000000000000000000 ) ) ;
#6305 = CARTESIAN_POINT ( 'NONE',  ( -34.49629229357135785, -81.71212058047694882, 30.30874489863606414 ) ) ;
#6306 = ORIENTED_EDGE ( 'NONE', *, *, #7024, .F. ) ;
#6307 = EDGE_CURVE ( 'NONE', #3752, #1887, #10595, .T. ) ;
#6308 = CARTESIAN_POINT ( 'NONE',  ( -73.20831279034997863, -44.03826534413841642, -17.51004850035835858 ) ) ;
#6309 = AXIS2_PLACEMENT_3D ( 'NONE', #3069, #4872, #1611 ) ;
#6310 = ORIENTED_EDGE ( 'NONE', *, *, #1785, .T. ) ;
#6311 = CARTESIAN_POINT ( 'NONE',  ( 69.89206765410000344, 59.70207738771625117, -3.000000000000000000 ) ) ;
#6312 = ORIENTED_EDGE ( 'NONE', *, *, #10156, .T. ) ;
#6313 = DIRECTION ( 'NONE',  ( -0.000000000000000000, -0.000000000000000000, 1.000000000000000000 ) ) ;
#6314 = VECTOR ( 'NONE', #8820, 1000.000000000000000 ) ;
#6315 = CARTESIAN_POINT ( 'NONE',  ( 91.37756621894718023, 4.731848676989272029, 14.00000000000000000 ) ) ;
#6316 = FACE_OUTER_BOUND ( 'NONE', #1153, .T. ) ;
#6317 = ORIENTED_EDGE ( 'NONE', *, *, #6966, .F. ) ;
#6318 = FACE_OUTER_BOUND ( 'NONE', #10397, .T. ) ;
#6319 = CARTESIAN_POINT ( 'NONE',  ( 37.87113999178258439, -67.55069494534538421, -3.000000000000003109 ) ) ;
#6320 = VERTEX_POINT ( 'NONE', #9014 ) ;
#6321 = DIRECTION ( 'NONE',  ( 0.000000000000000000, 0.000000000000000000, 1.000000000000000000 ) ) ;
#6322 = CARTESIAN_POINT ( 'NONE',  ( 0.000000000000000000, 0.000000000000000000, 14.00000000000000000 ) ) ;
#6323 = CARTESIAN_POINT ( 'NONE',  ( 33.60027588703039214, -77.52301366324017806, -15.99987001607045656 ) ) ;
#6324 = CARTESIAN_POINT ( 'NONE',  ( 0.000000000000000000, 0.000000000000000000, -16.00000000000000000 ) ) ;
#6325 = VERTEX_POINT ( 'NONE', #2193 ) ;
#6326 = ORIENTED_EDGE ( 'NONE', *, *, #4959, .T. ) ;
#6327 = ADVANCED_FACE ( 'NONE', ( #1440 ), #1365, .T. ) ;
#6328 = CARTESIAN_POINT ( 'NONE',  ( 72.91744426577393767, 45.50656950697889158, 32.41801905197599609 ) ) ;
#6329 = CARTESIAN_POINT ( 'NONE',  ( 20.65978700115072897, 87.59665062699076543, 17.00000000000000000 ) ) ;
#6330 = ORIENTED_EDGE ( 'NONE', *, *, #9717, .F. ) ;
#6331 = VERTEX_POINT ( 'NONE', #9075 ) ;
#6332 = PLANE ( 'NONE',  #339 ) ;
#6333 = CARTESIAN_POINT ( 'NONE',  ( -34.77390060466381527, 83.01069712234058784, -3.000000000000000000 ) ) ;
#6334 = LINE ( 'NONE', #578, #970 ) ;
#6335 = B_SPLINE_CURVE_WITH_KNOTS ( 'NONE', 3,
 ( #343, #9499, #6870, #1421, #9760, #2286, #10574, #10214, #7184, #284, #8828, #5249 ),
 .UNSPECIFIED., .F., .F.,
 ( 4, 1, 1, 1, 2, 2, 1, 4 ),
 ( 0.08354533723664929468, 0.3126590029274865512, 0.4272158357729053391, 0.4844942521956141501, 0.4988138563012909366, 0.5131334604069676120, 0.5417726686183225171, 1.000000000000000000 ),
 .UNSPECIFIED. ) ;
#6336 = VERTEX_POINT ( 'NONE', #6323 ) ;
#6337 = ORIENTED_EDGE ( 'NONE', *, *, #9438, .F. ) ;
#6338 = CARTESIAN_POINT ( 'NONE',  ( 33.40773828059417383, -38.57878788838269912, 0.000000000000000000 ) ) ;
#6339 = AXIS2_PLACEMENT_3D ( 'NONE', #8557, #9639, #7882 ) ;
#6340 = CARTESIAN_POINT ( 'NONE',  ( 84.11181528012880904, 8.000029888349015295, 29.99988756943639601 ) ) ;
#6341 = CARTESIAN_POINT ( 'NONE',  ( -35.18221305882460115, 84.92026289206614820, 30.00000000000000355 ) ) ;
#6342 = DIRECTION ( 'NONE',  ( 0.7439559807600391039, 0.6682286275604842896, 0.000000000000000000 ) ) ;
#6343 = VERTEX_POINT ( 'NONE', #617 ) ;
#6344 = PLANE ( 'NONE',  #9845 ) ;
#6345 = EDGE_CURVE ( 'NONE', #3915, #1260, #8532, .T. ) ;
#6346 = VECTOR ( 'NONE', #9847, 999.9999999999998863 ) ;
#6347 = AXIS2_PLACEMENT_3D ( 'NONE', #1058, #7696, #896 ) ;
#6348 = CARTESIAN_POINT ( 'NONE',  ( -68.57354579226603164, 52.01359248209377739, 32.50000000000000000 ) ) ;
#6349 = ORIENTED_EDGE ( 'NONE', *, *, #656, .F. ) ;
#6350 = ORIENTED_EDGE ( 'NONE', *, *, #6688, .F. ) ;
#6351 = EDGE_CURVE ( 'NONE', #8444, #6952, #3890, .T. ) ;
#6352 = ADVANCED_FACE ( 'NONE', ( #9722 ), #1388, .T. ) ;
#6353 = CARTESIAN_POINT ( 'NONE',  ( 50.98111192982468509, -32.10810216898433822, 17.00000000000000000 ) ) ;
#6354 = LINE ( 'NONE', #9537, #2027 ) ;
#6355 = SPHERICAL_SURFACE ( 'NONE', #1042, 2.500000000000000000 ) ;
#6356 = CARTESIAN_POINT ( 'NONE',  ( 71.14469310733642260, 57.53853180837098336, 17.00000000000000000 ) ) ;
#6357 = CARTESIAN_POINT ( 'NONE',  ( 79.95094027961360439, -49.43528242465760059, 17.00000000000000000 ) ) ;
#6358 = FACE_OUTER_BOUND ( 'NONE', #2433, .T. ) ;
#6359 = AXIS2_PLACEMENT_3D ( 'NONE', #7682, #5278, #3651 ) ;
#6360 = ORIENTED_EDGE ( 'NONE', *, *, #8772, .F. ) ;
#6361 = DIRECTION ( 'NONE',  ( 0.000000000000000000, -0.000000000000000000, -1.000000000000000000 ) ) ;
#6362 = EDGE_CURVE ( 'NONE', #3042, #10176, #1636, .T. ) ;
#6363 = CARTESIAN_POINT ( 'NONE',  ( 14.35020098135933431, 73.37869616985807397, 20.65163927869390292 ) ) ;
#6364 = ORIENTED_EDGE ( 'NONE', *, *, #2385, .F. ) ;
#6365 = CARTESIAN_POINT ( 'NONE',  ( 76.70731484416432977, -49.88223981938107698, 32.50000000000000000 ) ) ;
#6366 = AXIS2_PLACEMENT_3D ( 'NONE', #5930, #6804, #10146 ) ;
#6367 = EDGE_CURVE ( 'NONE', #3861, #5655, #5733, .T. ) ;
#6368 = FACE_OUTER_BOUND ( 'NONE', #10713, .T. ) ;
#6369 = DIRECTION ( 'NONE',  ( -0.000000000000000000, -0.000000000000000000, 1.000000000000000000 ) ) ;
#6370 = ORIENTED_EDGE ( 'NONE', *, *, #9524, .F. ) ;
#6371 = CARTESIAN_POINT ( 'NONE',  ( -66.32191054007240893, -54.74593539653234586, 32.50000000000000000 ) ) ;
#6372 = DIRECTION ( 'NONE',  ( -1.000000000000000000, 0.000000000000000000, 0.000000000000000000 ) ) ;
#6373 = AXIS2_PLACEMENT_3D ( 'NONE', #2494, #7661, #9199 ) ;
#6374 = ORIENTED_EDGE ( 'NONE', *, *, #7765, .T. ) ;
#6375 = CARTESIAN_POINT ( 'NONE',  ( -74.28185921987041240, 9.021167253234349204, 20.68516148235084273 ) ) ;
#6376 = DIRECTION ( 'NONE',  ( -1.000000000000000000, 0.000000000000000000, 0.000000000000000000 ) ) ;
#6377 = VECTOR ( 'NONE', #2466, 1000.000000000000000 ) ;
#6378 = DIRECTION ( 'NONE',  ( 0.9778946696698131991, 0.2090980990620599778, 0.000000000000000000 ) ) ;
#6379 = CARTESIAN_POINT ( 'NONE',  ( 85.31301083969525223, -7.101992651948118684, 31.81104402677238596 ) ) ;
#6380 = ORIENTED_EDGE ( 'NONE', *, *, #1787, .F. ) ;
#6381 = AXIS2_PLACEMENT_3D ( 'NONE', #9975, #2506, #1531 ) ;
#6382 = LINE ( 'NONE', #683, #3328 ) ;
#6383 = ORIENTED_EDGE ( 'NONE', *, *, #7521, .T. ) ;
#6384 = CARTESIAN_POINT ( 'NONE',  ( 0.000000000000000000, 0.000000000000000000, -18.50000000000000000 ) ) ;
#6385 = CARTESIAN_POINT ( 'NONE',  ( -76.92514010090734189, -46.71747874677931378, 14.00000000000000000 ) ) ;
#6386 = ORIENTED_EDGE ( 'NONE', *, *, #4240, .T. ) ;
#6387 = EDGE_LOOP ( 'NONE', ( #9440, #750, #4804 ) ) ;
#6388 = DIRECTION ( 'NONE',  ( 0.8383313097722869811, 0.5451610909221985546, 0.000000000000000000 ) ) ;
#6389 = AXIS2_PLACEMENT_3D ( 'NONE', #7541, #10113, #2588 ) ;
#6390 = CARTESIAN_POINT ( 'NONE',  ( 50.98111192958231896, -32.10810216902891057, -3.000000000000002665 ) ) ;
#6391 = CARTESIAN_POINT ( 'NONE',  ( -74.60648402994425510, -8.987445903068520536, 20.86977052845392322 ) ) ;
#6392 = VERTEX_POINT ( 'NONE', #8026 ) ;
#6393 = CIRCLE ( 'NONE', #846, 2.500000000000002220 ) ;
#6394 = B_SPLINE_SURFACE_WITH_KNOTS ( 'NONE', 2, 3, ( 
 ( #4162, #1001, #4266, #3501 ),
 ( #6815, #1709, #10157, #5032 ),
 ( #3343, #2691, #9342, #1870 ) ),
 .UNSPECIFIED., .F., .F., .F.,
 ( 3, 3 ),
 ( 4, 4 ),
 ( 0.000000000000000000, 1.000000000000000000 ),
 ( 1.688144882537221614, 2.081766301770529903 ),
 .UNSPECIFIED. ) ;
#6395 = VERTEX_POINT ( 'NONE', #2359 ) ;
#6396 = DIRECTION ( 'NONE',  ( 0.000000000000000000, -0.000000000000000000, 1.000000000000000000 ) ) ;
#6397 = CLOSED_SHELL ( 'NONE', ( #6352, #1883, #7838, #4182, #3567, #3992, #8818, #2521, #6451, #7341, #52, #2978, #10704, #3416, #5957, #5829, #872, #3179, #6102, #3776, #3319, #314, #5953, #7277, #5419, #7774, #8518, #5215, #1107, #985, #3047, #8158, #7036, #5187, #3974, #3106, #8974, #10438, #7142, #10192, #7304, #4919, #4184, #1444, #2952, #2036, #9441, #10543, #3192, #729, #6169, #3442, #4024, #1514, #4244, #1953, #3987, #1854, #6872, #5778, #2022, #3369, #1575, #2096, #4994, #245, #4106, #2381, #4865, #431, #551, #10648, #9443, #5974, #7376, #3709, #4768, #6886, #3748, #3785, #1687, #5963, #1191, #4849, #6561, #5119, #4051, #239, #4773, #9882, #8106, #5432, #10039, #8985, #3573, #4568, #9316, #7778, #189, #8079, #8368, #5097, #10624, #9260, #2045, #3308, #5761, #1559, #1249, #8216, #1186, #736, #2378, #8715, #10315, #6493, #435, #10325, #8885, #9957, #6769, #2797, #513, #10109, #5506, #6221, #7440, #1052, #2686, #5429, #6430, #8859, #2164, #5149, #1119, #8698, #10349, #7656, #8295, #5646, #3244, #9186, #2347, #5570, #7085, #986, #7158, #8122, #627, #7477, #3916, #1534, #3684, #8714, #2926, #10179, #2698, #6164, #10515, #2726, #3444, #5100, #7875, #3646, #10301, #9589, #5091, #3727, #6019, #1047, #6099, #2708, #7632, #6327, #4110, #5773, #6752, #9969, #2117, #9248, #286, #6568, #7034, #6615, #7636, #2653, #9326, #591, #9376, #7198, #3826, #577, #8054, #8041, #219, #7560, #7742, #390, #4161, #3346, #6094, #7100, #1230, #4688, #6158, #1782, #4774, #6015, #5078, #3438, #7886, #960, #2545, #3454, #7240, #4391, #8833, #788, #4112, #1173, #3151, #3327, #6018, #6028, #5771, #6110, #572, #10060, #6500, #1399, #2377, #6629, #3849, #4126, #4254, #4055, #8981, #5431, #455, #9749, #7236, #10579, #10782, #1122, #5370, #3022, #9114, #412, #7698, #3588, #4377, #10707, #8104, #10104, #1655, #2757, #768, #195, #10501, #8684, #4721, #10723, #613, #108, #10299, #10767, #7511, #1906, #6470, #8847, #3359, #4360, #9453, #1979, #6643, #1323, #4780, #649, #7569, #670, #5268, #7000, #4639, #8300, #1250, #7009, #4513, #9906, #2312, #10651, #5520, #3636, #1652, #4583, #2835, #6768, #1351, #51, #1724, #2648, #317, #7221, #7231, #8237, #5147, #1430, #4198, #1799, #9049, #10584, #4944, #795, #9285, #1712, #6295, #10188, #10368, #4293, #3123, #9309 ) ) ;
#6398 = DIRECTION ( 'NONE',  ( -1.000000000000000000, 0.000000000000000000, 0.000000000000000000 ) ) ;
#6399 = CARTESIAN_POINT ( 'NONE',  ( -71.14469310733639418, 57.53853180837101178, 32.50000000000000000 ) ) ;
#6400 = ORIENTED_EDGE ( 'NONE', *, *, #3224, .T. ) ;
#6401 = AXIS2_PLACEMENT_3D ( 'NONE', #2160, #10457, #9746 ) ;
#6402 = EDGE_CURVE ( 'NONE', #2356, #9469, #8761, .T. ) ;
#6403 = EDGE_CURVE ( 'NONE', #9416, #2209, #1456, .T. ) ;
#6404 = CIRCLE ( 'NONE', #886, 2.500000000000002220 ) ;
#6405 = CARTESIAN_POINT ( 'NONE',  ( 91.37756621894718023, -4.731848676989293345, 14.00000000000000000 ) ) ;
#6406 = AXIS2_PLACEMENT_3D ( 'NONE', #5542, #4673, #1465 ) ;
#6407 = CARTESIAN_POINT ( 'NONE',  ( 19.16400979978614671, 75.71940827060919332, 16.99999999993623234 ) ) ;
#6408 = EDGE_LOOP ( 'NONE', ( #10279, #2288, #361, #4022 ) ) ;
#6409 = ORIENTED_EDGE ( 'NONE', *, *, #3948, .F. ) ;
#6410 = CARTESIAN_POINT ( 'NONE',  ( -20.99195059378253703, -86.97643915411535431, 31.57909442791093113 ) ) ;
#6411 = DIRECTION ( 'NONE',  ( -0.000000000000000000, -0.000000000000000000, -1.000000000000000000 ) ) ;
#6412 = DIRECTION ( 'NONE',  ( -1.000000000000000000, 0.000000000000000000, 0.000000000000000000 ) ) ;
#6413 = CARTESIAN_POINT ( 'NONE',  ( 14.53137216374577712, -73.78694539762609850, 20.90428872914587899 ) ) ;
#6414 = AXIS2_PLACEMENT_3D ( 'NONE', #6508, #10773, #9138 ) ;
#6415 = PLANE ( 'NONE',  #9195 ) ;
#6416 = CARTESIAN_POINT ( 'NONE',  ( -33.86588863076539724, -83.03182977758459060, 31.92173152333121422 ) ) ;
#6417 = VECTOR ( 'NONE', #7329, 999.9999999999998863 ) ;
#6418 = ORIENTED_EDGE ( 'NONE', *, *, #8098, .F. ) ;
#6419 = ORIENTED_EDGE ( 'NONE', *, *, #8031, .F. ) ;
#6420 = EDGE_CURVE ( 'NONE', #2843, #9140, #4576, .T. ) ;
#6421 = CARTESIAN_POINT ( 'NONE',  ( -33.63194295253673971, -87.77751655883936621, 14.00000000000000000 ) ) ;
#6422 = CARTESIAN_POINT ( 'NONE',  ( 18.38349979339846385, 82.46723521055356798, 29.99988756943586310 ) ) ;
#6423 = ORIENTED_EDGE ( 'NONE', *, *, #6975, .F. ) ;
#6424 = CARTESIAN_POINT ( 'NONE',  ( -63.73893834790008128, 56.05831678029289833, -16.60853953549679574 ) ) ;
#6425 = CIRCLE ( 'NONE', #5049, 94.00000000000001421 ) ;
#6426 = CARTESIAN_POINT ( 'NONE',  ( -84.89662796876754669, -7.623972038856701161, 31.18477683936696820 ) ) ;
#6427 = DIRECTION ( 'NONE',  ( -0.000000000000000000, 0.000000000000000000, 1.000000000000000000 ) ) ;
#6428 = VERTEX_POINT ( 'NONE', #8245 ) ;
#6429 = LINE ( 'NONE', #669, #2050 ) ;
#6430 = ADVANCED_FACE ( 'NONE', ( #784 ), #4104, .F. ) ;
#6431 = CARTESIAN_POINT ( 'NONE',  ( -84.89573712079793211, -7.624741284649475759, -17.18342693136128574 ) ) ;
#6432 = AXIS2_PLACEMENT_3D ( 'NONE', #304, #1286, #3028 ) ;
#6433 = VERTEX_POINT ( 'NONE', #8461 ) ;
#6434 = EDGE_CURVE ( 'NONE', #6700, #969, #5960, .T. ) ;
#6435 = CARTESIAN_POINT ( 'NONE',  ( -58.78321495184669487, 10.63113418810570998, 17.00000000000000000 ) ) ;
#6436 = ORIENTED_EDGE ( 'NONE', *, *, #9524, .T. ) ;
#6437 = EDGE_CURVE ( 'NONE', #3752, #2092, #10160, .T. ) ;
#6438 = CARTESIAN_POINT ( 'NONE',  ( -37.87113999178264123, 67.55069494534537000, 17.00000000000000355 ) ) ;
#6439 = ORIENTED_EDGE ( 'NONE', *, *, #2457, .T. ) ;
#6440 = CARTESIAN_POINT ( 'NONE',  ( 58.78321495169267763, -10.63113418812172561, -3.000000000000000000 ) ) ;
#6441 = ORIENTED_EDGE ( 'NONE', *, *, #2509, .T. ) ;
#6442 = DIRECTION ( 'NONE',  ( 0.2594203863158855983, -0.9657644967401300962, 0.000000000000000000 ) ) ;
#6443 = ORIENTED_EDGE ( 'NONE', *, *, #2310, .T. ) ;
#6444 = CARTESIAN_POINT ( 'NONE',  ( -76.70731484416435819, 49.88223981938101304, -3.000000000000000888 ) ) ;
#6445 = EDGE_CURVE ( 'NONE', #8210, #4423, #9669, .T. ) ;
#6446 = CARTESIAN_POINT ( 'NONE',  ( -85.73954203612470337, 6.044210287433423368, 32.41801905197146283 ) ) ;
#6447 = EDGE_LOOP ( 'NONE', ( #1627, #9608, #2252, #5803 ) ) ;
#6448 = ORIENTED_EDGE ( 'NONE', *, *, #4907, .T. ) ;
#6449 = FACE_OUTER_BOUND ( 'NONE', #4003, .T. ) ;
#6450 = CARTESIAN_POINT ( 'NONE',  ( 22.30954822220480338, 91.31420512779554599, 17.00000000000000000 ) ) ;
#6451 = ADVANCED_FACE ( 'NONE', ( #4213 ), #944, .T. ) ;
#6452 = DIRECTION ( 'NONE',  ( 1.000000000000000000, 0.000000000000000000, 0.000000000000000000 ) ) ;
#6453 = CARTESIAN_POINT ( 'NONE',  ( 26.36704873968082907, 43.69414826633878590, 17.00000000000000000 ) ) ;
#6454 = ORIENTED_EDGE ( 'NONE', *, *, #7414, .T. ) ;
#6455 = VERTEX_POINT ( 'NONE', #9124 ) ;
#6456 = AXIS2_PLACEMENT_3D ( 'NONE', #10303, #325, #3592 ) ;
#6457 = DIRECTION ( 'NONE',  ( -0.000000000000000000, -0.000000000000000000, 1.000000000000000000 ) ) ;
#6458 = CARTESIAN_POINT ( 'NONE',  ( 0.000000000000000000, 0.000000000000000000, -3.000000000000000000 ) ) ;
#6459 = B_SPLINE_CURVE_WITH_KNOTS ( 'NONE', 3,
 ( #6808, #6857, #10308, #10359, #1915, #7735, #271, #2836, #5987, #6143, #2012, #9336 ),
 .UNSPECIFIED., .F., .F.,
 ( 4, 1, 2, 2, 1, 1, 1, 4 ),
 ( 0.000000000000000000, 0.4584319647110027263, 0.4870839625054403377, 0.5014099614026584772, 0.5157359602998766723, 0.5730399558887520062, 0.6876479470665024518, 0.9168639294220032321 ),
 .UNSPECIFIED. ) ;
#6460 = CARTESIAN_POINT ( 'NONE',  ( 73.19828630047666707, -43.98629066425903744, 31.45153177885324425 ) ) ;
#6461 = ORIENTED_EDGE ( 'NONE', *, *, #7902, .T. ) ;
#6463 = CARTESIAN_POINT ( 'NONE',  ( -18.61563245508229514, 82.81693890900790223, -16.60853953549767326 ) ) ;
#6462 = CIRCLE ( 'NONE', #10657, 2.500000000000002220 ) ;
#6464 = CARTESIAN_POINT ( 'NONE',  ( -70.65825708035531250, 49.14423355572884589, 32.50000000000000000 ) ) ;
#6465 = VERTEX_POINT ( 'NONE', #1657 ) ;
#6466 = ORIENTED_EDGE ( 'NONE', *, *, #6960, .T. ) ;
#6467 = CARTESIAN_POINT ( 'NONE',  ( 46.29064977219081101, -38.56396948153583537, 17.00000000000000000 ) ) ;
#6468 = CARTESIAN_POINT ( 'NONE',  ( -10.31181781965426580, 64.27864623100769847, 16.99999999999999645 ) ) ;
#6469 = DIRECTION ( 'NONE',  ( 0.9946479639414452789, 0.1033219619787473231, 0.000000000000000000 ) ) ;
#6470 = ADVANCED_FACE ( 'NONE', ( #2636 ), #6604, .T. ) ;
#6471 = CARTESIAN_POINT ( 'NONE',  ( 91.37756621894716602, -4.731848676989275582, 14.00000000000000000 ) ) ;
#6472 = DIRECTION ( 'NONE',  ( -0.000000000000000000, -0.000000000000000000, -1.000000000000000000 ) ) ;
#6473 = CARTESIAN_POINT ( 'NONE',  ( -33.09211231052406532, -83.64510996886308192, 32.41807321799207386 ) ) ;
#6474 = ORIENTED_EDGE ( 'NONE', *, *, #8925, .T. ) ;
#6475 = B_SPLINE_CURVE_WITH_KNOTS ( 'NONE', 3,
 ( #6482, #9823, #4046, #5876, #1044, #9230, #5230, #5126, #5073, #6854, #8452, #113 ),
 .UNSPECIFIED., .F., .F.,
 ( 4, 1, 2, 2, 1, 1, 1, 4 ),
 ( 0.000000000000000000, 0.4584319647139326603, 0.4870839625085537361, 0.5014099614058642462, 0.5157359603031748119, 0.5730399558924199610, 0.6876479470709113695, 0.9168639294278934093 ),
 .UNSPECIFIED. ) ;
#6476 = VECTOR ( 'NONE', #6889, 1000.000000000000000 ) ;
#6477 = DIRECTION ( 'NONE',  ( -0.000000000000000000, 0.000000000000000000, 1.000000000000000000 ) ) ;
#6478 = CARTESIAN_POINT ( 'NONE',  ( 91.63587112389404865, 7.218468586842885060, -3.000000000000000000 ) ) ;
#6479 = ORIENTED_EDGE ( 'NONE', *, *, #7222, .F. ) ;
#6480 = CARTESIAN_POINT ( 'NONE',  ( 76.70731484416437240, 49.88223981938102014, 30.00000000000000355 ) ) ;
#6481 = CARTESIAN_POINT ( 'NONE',  ( -72.75018757559281823, -42.96752442999645183, -15.99988756943687385 ) ) ;
#6482 = CARTESIAN_POINT ( 'NONE',  ( 8.054202958852094696, -59.19136076220720355, -3.000000000000000000 ) ) ;
#6483 = EDGE_LOOP ( 'NONE', ( #6784, #331, #3522, #10064 ) ) ;
#6484 = CARTESIAN_POINT ( 'NONE',  ( -15.21675513427114979, 6.752829723239146098, 17.00000000000000000 ) ) ;
#6485 = PLANE ( 'NONE',  #6580 ) ;
#6486 = VECTOR ( 'NONE', #5122, 1000.000000000000114 ) ;
#6487 = ORIENTED_EDGE ( 'NONE', *, *, #6823, .T. ) ;
#6488 = CARTESIAN_POINT ( 'NONE',  ( -4.351385440520328274, -50.84747089786794305, 0.000000000000000000 ) ) ;
#6489 = VERTEX_POINT ( 'NONE', #4264 ) ;
#6490 = LINE ( 'NONE', #4808, #5730 ) ;
#6491 = VERTEX_POINT ( 'NONE', #837 ) ;
#6492 = B_SPLINE_SURFACE_WITH_KNOTS ( 'NONE', 2, 3, ( 
 ( #655, #9055, #2226, #3979 ),
 ( #7295, #10467, #8995, #4846 ),
 ( #8175, #3048, #712, #1591 ) ),
 .UNSPECIFIED., .F., .F., .F.,
 ( 3, 3 ),
 ( 4, 4 ),
 ( 0.000000000000000000, 1.000000000000000000 ),
 ( 6.086374597562932642, 6.479996016796239822 ),
 .UNSPECIFIED. ) ;
#6493 = ADVANCED_FACE ( 'NONE', ( #5885 ), #178, .F. ) ;
#6494 = CARTESIAN_POINT ( 'NONE',  ( 24.38551631369324468, 90.78186269357225058, 14.00000000000000000 ) ) ;
#6495 = VECTOR ( 'NONE', #6162, 1000.000000000000000 ) ;
#6496 = CIRCLE ( 'NONE', #6842, 2.500000000000002220 ) ;
#6497 = CARTESIAN_POINT ( 'NONE',  ( -64.31915230579642184, -10.05607252856646738, -2.999999999999996447 ) ) ;
#6498 = EDGE_CURVE ( 'NONE', #10001, #8976, #1277, .T. ) ;
#6499 = EDGE_LOOP ( 'NONE', ( #6326, #8472, #8789, #662 ) ) ;
#6500 = ADVANCED_FACE ( 'NONE', ( #18 ), #5938, .T. ) ;
#6501 = CARTESIAN_POINT ( 'NONE',  ( -78.11690890368919327, -35.96871617576483260, -18.49999999999999645 ) ) ;
#6502 = CARTESIAN_POINT ( 'NONE',  ( -19.16400979979846042, 75.71940827066552515, -2.999999999980874410 ) ) ;
#6503 = VERTEX_POINT ( 'NONE', #10102 ) ;
#6504 = AXIS2_PLACEMENT_3D ( 'NONE', #511, #4707, #7151 ) ;
#6505 = ORIENTED_EDGE ( 'NONE', *, *, #3673, .T. ) ;
#6506 = DIRECTION ( 'NONE',  ( 0.4056281494946250010, -0.9140381853826272662, 0.000000000000000000 ) ) ;
#6507 = CARTESIAN_POINT ( 'NONE',  ( -35.23747638465003718, 85.44300813972132858, -16.00000000000000000 ) ) ;
#6508 = CARTESIAN_POINT ( 'NONE',  ( -71.14469310733643681, -57.53853180837096204, 30.00000000000000000 ) ) ;
#6509 = CARTESIAN_POINT ( 'NONE',  ( 0.000000000000000000, 0.000000000000000000, -3.000000000000000000 ) ) ;
#6510 = EDGE_CURVE ( 'NONE', #8976, #10679, #761, .T. ) ;
#6511 = ORIENTED_EDGE ( 'NONE', *, *, #9622, .F. ) ;
#6512 = ORIENTED_EDGE ( 'NONE', *, *, #2574, .F. ) ;
#6513 = EDGE_CURVE ( 'NONE', #7099, #1571, #933, .T. ) ;
#6514 = DIRECTION ( 'NONE',  ( -1.000000000000000000, 0.000000000000000000, 0.000000000000000000 ) ) ;
#6515 = CARTESIAN_POINT ( 'NONE',  ( -24.90434133075618917, -82.38639917055404283, -18.50000000005248069 ) ) ;
#6516 = VERTEX_POINT ( 'NONE', #6812 ) ;
#6517 = VECTOR ( 'NONE', #1855, 999.9999999999998863 ) ;
#6518 = DIRECTION ( 'NONE',  ( 1.000000000000000000, 0.000000000000000000, 0.000000000000000000 ) ) ;
#6519 = CARTESIAN_POINT ( 'NONE',  ( -18.38349979340823737, 82.46723521057595008, -15.99988756943650614 ) ) ;
#6520 = CARTESIAN_POINT ( 'NONE',  ( 69.48719217821840743, 9.519227294311830789, -4.133895840722574100 ) ) ;
#6521 = ORIENTED_EDGE ( 'NONE', *, *, #3165, .T. ) ;
#6522 = ORIENTED_EDGE ( 'NONE', *, *, #9197, .F. ) ;
#6523 = AXIS2_PLACEMENT_3D ( 'NONE', #10019, #4289, #5755 ) ;
#6524 = LINE ( 'NONE', #2170, #5413 ) ;
#6525 = CARTESIAN_POINT ( 'NONE',  ( 22.30954822220480338, 91.31420512779554599, 17.00000000000000000 ) ) ;
#6526 = DIRECTION ( 'NONE',  ( -0.000000000000000000, 0.000000000000000000, 1.000000000000000000 ) ) ;
#6527 = FACE_OUTER_BOUND ( 'NONE', #3139, .T. ) ;
#6528 = FACE_OUTER_BOUND ( 'NONE', #10480, .T. ) ;
#6529 = VERTEX_POINT ( 'NONE', #10154 ) ;
#6530 = CIRCLE ( 'NONE', #7752, 94.00000000000001421 ) ;
#6531 = CARTESIAN_POINT ( 'NONE',  ( 0.000000000000000000, 0.000000000000000000, 32.50000000000000000 ) ) ;
#6532 = CARTESIAN_POINT ( 'NONE',  ( 17.78505682156631451, 81.11876402053674440, 27.79952768904835025 ) ) ;
#6533 = ORIENTED_EDGE ( 'NONE', *, *, #10784, .F. ) ;
#6534 = EDGE_CURVE ( 'NONE', #682, #6730, #4977, .T. ) ;
#6535 = DIRECTION ( 'NONE',  ( -1.000000000000000000, 0.000000000000000000, 0.000000000000000000 ) ) ;
#6536 = CARTESIAN_POINT ( 'NONE',  ( 85.38348876633538964, -5.354500977208404677, -18.50000000000000000 ) ) ;
#6537 = TOROIDAL_SURFACE ( 'NONE', #979, 91.50000000000001421, 2.500000000000000000 ) ;
#6539 = CARTESIAN_POINT ( 'NONE',  ( 32.22720761368480424, -79.67281833645724021, 32.40430452063384337 ) ) ;
#6538 = AXIS2_PLACEMENT_3D ( 'NONE', #1442, #5787, #7203 ) ;
#6540 = CARTESIAN_POINT ( 'NONE',  ( -8.341399780305366107, -14.40733826189111610, -3.000000000000000000 ) ) ;
#6541 = DIRECTION ( 'NONE',  ( -0.7439559807600397701, -0.6682286275604834014, 0.000000000000000000 ) ) ;
#6542 = EDGE_LOOP ( 'NONE', ( #8083, #4655, #1204, #1500, #490, #3533, #7866, #5869 ) ) ;
#6543 = LINE ( 'NONE', #7200, #3832 ) ;
#6544 = ORIENTED_EDGE ( 'NONE', *, *, #10774, .T. ) ;
#6545 = CIRCLE ( 'NONE', #3427, 51.03332099679092693 ) ;
#6546 = CARTESIAN_POINT ( 'NONE',  ( -42.05602593911613241, 75.01526966030579047, 32.50000000000000000 ) ) ;
#6547 = ORIENTED_EDGE ( 'NONE', *, *, #9090, .F. ) ;
#6548 = EDGE_CURVE ( 'NONE', #2779, #6392, #3537, .T. ) ;
#6549 = CARTESIAN_POINT ( 'NONE',  ( 84.51649879293441359, -7.902060220597462603, 30.60901105260206378 ) ) ;
#6550 = CARTESIAN_POINT ( 'NONE',  ( -16.27982722542985528, 3.481030249449609926, 17.00000000000000000 ) ) ;
#6551 = ORIENTED_EDGE ( 'NONE', *, *, #3368, .T. ) ;
#6552 = CARTESIAN_POINT ( 'NONE',  ( -66.09143193703346242, -41.62464035800310569, -3.000000000000003109 ) ) ;
#6553 = CARTESIAN_POINT ( 'NONE',  ( -21.28169612570468416, 84.08665276535428745, -18.49999999997449507 ) ) ;
#6554 = CARTESIAN_POINT ( 'NONE',  ( 82.64441391935824299, 8.152482462203591851, 27.79952768905560490 ) ) ;
#6555 = AXIS2_PLACEMENT_3D ( 'NONE', #5801, #7867, #2094 ) ;
#6556 = EDGE_CURVE ( 'NONE', #5534, #3146, #3544, .T. ) ;
#6557 = VERTEX_POINT ( 'NONE', #8671 ) ;
#6558 = DIRECTION ( 'NONE',  ( 1.000000000000000000, 0.000000000000000000, -1.387778780781444492E-15 ) ) ;
#6559 = DIRECTION ( 'NONE',  ( -0.7775376295883760225, 0.6288364132062405076, 0.000000000000000000 ) ) ;
#6560 = CARTESIAN_POINT ( 'NONE',  ( 60.01076110233091043, -49.99396575971547207, -3.000000000006376677 ) ) ;
#6561 = ADVANCED_FACE ( 'NONE', ( #2793 ), #2842, .T. ) ;
#6562 = EDGE_CURVE ( 'NONE', #4729, #5030, #7793, .T. ) ;
#6563 = LINE ( 'NONE', #10010, #10547 ) ;
#6564 = AXIS2_PLACEMENT_3D ( 'NONE', #686, #8146, #9838 ) ;
#6565 = ORIENTED_EDGE ( 'NONE', *, *, #7232, .T. ) ;
#6566 = ORIENTED_EDGE ( 'NONE', *, *, #4959, .F. ) ;
#6567 = DIRECTION ( 'NONE',  ( 0.2090980990620617819, 0.9778946696698127550, 0.000000000000000000 ) ) ;
#6568 = ADVANCED_FACE ( 'NONE', ( #1968 ), #3378, .T. ) ;
#6569 = EDGE_CURVE ( 'NONE', #3154, #5581, #10314, .T. ) ;
#6570 = VECTOR ( 'NONE', #6661, 1000.000000000000227 ) ;
#6571 = ORIENTED_EDGE ( 'NONE', *, *, #9197, .T. ) ;
#6572 = CARTESIAN_POINT ( 'NONE',  ( 18.98266563646815186, -83.09681862904642458, 31.18342693136286314 ) ) ;
#6573 = EDGE_CURVE ( 'NONE', #232, #10446, #5454, .T. ) ;
#6574 = DIRECTION ( 'NONE',  ( -0.9140381853826239356, 0.4056281494946326616, 0.000000000000000000 ) ) ;
#6575 = CIRCLE ( 'NONE', #5355, 90.00000000000001421 ) ;
#6576 = EDGE_CURVE ( 'NONE', #10676, #6987, #2510, .T. ) ;
#6577 = FACE_OUTER_BOUND ( 'NONE', #3945, .T. ) ;
#6578 = ORIENTED_EDGE ( 'NONE', *, *, #9178, .F. ) ;
#6579 = ORIENTED_EDGE ( 'NONE', *, *, #2911, .T. ) ;
#6580 = AXIS2_PLACEMENT_3D ( 'NONE', #8191, #4754, #8899 ) ;
#6581 = CIRCLE ( 'NONE', #5195, 2.500000000000002220 ) ;
#6582 = CARTESIAN_POINT ( 'NONE',  ( -72.90286626744619980, 45.51398666603473941, 32.40430452063467470 ) ) ;
#6583 = DIRECTION ( 'NONE',  ( 0.000000000000000000, 0.000000000000000000, -1.000000000000000000 ) ) ;
#6584 = CARTESIAN_POINT ( 'NONE',  ( 31.53399677348955166, -67.85855226325332978, -6.685161482322576454 ) ) ;
#6585 = CARTESIAN_POINT ( 'NONE',  ( 23.73696534790347812, -88.36745145172191940, 17.00000000000000000 ) ) ;
#6586 = CARTESIAN_POINT ( 'NONE',  ( 31.52135897448144064, -67.79944873078747491, 20.65163927869985727 ) ) ;
#6587 = AXIS2_PLACEMENT_3D ( 'NONE', #6458, #700, #7338 ) ;
#6588 = CARTESIAN_POINT ( 'NONE',  ( 35.18221305882467220, -84.92026289206616241, 17.00000000000000000 ) ) ;
#6589 = EDGE_LOOP ( 'NONE', ( #4425, #10779, #4083, #9350, #5415, #4054, #7601, #6687 ) ) ;
#6590 = AXIS2_PLACEMENT_3D ( 'NONE', #10533, #3064, #6372 ) ;
#6591 = CARTESIAN_POINT ( 'NONE',  ( 35.18221305882460115, 84.92026289206614820, -3.000000000000000000 ) ) ;
#6592 = CARTESIAN_POINT ( 'NONE',  ( 34.77390060466380817, 83.01069712234055942, 17.00000000000000000 ) ) ;
#6593 = EDGE_LOOP ( 'NONE', ( #7951, #6168, #9741, #10015 ) ) ;
#6594 = DIRECTION ( 'NONE',  ( -0.000000000000000000, 0.000000000000000000, 1.000000000000000000 ) ) ;
#6595 = AXIS2_PLACEMENT_3D ( 'NONE', #3246, #3956, #9030 ) ;
#6596 = CIRCLE ( 'NONE', #5375, 2.499999999999998668 ) ;
#6597 = DIRECTION ( 'NONE',  ( 0.000000000000000000, 0.000000000000000000, 1.000000000000000000 ) ) ;
#6598 = LINE ( 'NONE', #4098, #9858 ) ;
#6599 = LINE ( 'NONE', #6540, #1015 ) ;
#6600 = CYLINDRICAL_SURFACE ( 'NONE', #4852, 14.00000000000000000 ) ;
#6601 = VERTEX_POINT ( 'NONE', #10206 ) ;
#6602 = DIRECTION ( 'NONE',  ( 1.000000000000000000, 0.000000000000000000, 0.000000000000000000 ) ) ;
#6603 = ORIENTED_EDGE ( 'NONE', *, *, #7709, .T. ) ;
#6604 = SPHERICAL_SURFACE ( 'NONE', #7879, 2.500000000000000000 ) ;
#6605 = ORIENTED_EDGE ( 'NONE', *, *, #8910, .T. ) ;
#6606 = CARTESIAN_POINT ( 'NONE',  ( -86.04998649018291701, -1.773361342407732577, -18.49999999998273736 ) ) ;
#6607 = CARTESIAN_POINT ( 'NONE',  ( -35.23747638465012244, -85.44300813972128594, -16.00000000000000000 ) ) ;
#6608 = ORIENTED_EDGE ( 'NONE', *, *, #2103, .F. ) ;
#6609 = LINE ( 'NONE', #3295, #3342 ) ;
#6610 = CIRCLE ( 'NONE', #9750, 51.03332099679091982 ) ;
#6611 = DIRECTION ( 'NONE',  ( -0.000000000000000000, -0.000000000000000000, -1.000000000000000000 ) ) ;
#6612 = DIRECTION ( 'NONE',  ( -0.000000000000000000, 0.000000000000000000, 1.000000000000000000 ) ) ;
#6613 = EDGE_CURVE ( 'NONE', #2257, #7962, #7898, .T. ) ;
#6614 = VERTEX_POINT ( 'NONE', #10418 ) ;
#6615 = ADVANCED_FACE ( 'NONE', ( #2949 ), #2128, .T. ) ;
#6616 = DIRECTION ( 'NONE',  ( 0.1033219619787458521, 0.9946479639414452789, -0.000000000000000000 ) ) ;
#6617 = DIRECTION ( 'NONE',  ( -0.4056281494946325505, -0.9140381853826238245, 0.000000000000000000 ) ) ;
#6618 = CARTESIAN_POINT ( 'NONE',  ( 54.26119305240511181, -24.98441732591589570, -3.000000000000002665 ) ) ;
#6619 = CARTESIAN_POINT ( 'NONE',  ( -71.14469310733639418, -57.53853180837101888, -16.00000000000000000 ) ) ;
#6620 = ORIENTED_EDGE ( 'NONE', *, *, #5248, .T. ) ;
#6621 = ORIENTED_EDGE ( 'NONE', *, *, #2599, .T. ) ;
#6622 = CARTESIAN_POINT ( 'NONE',  ( -91.37756621894718023, -4.731848676989288016, -3.000000000000000888 ) ) ;
#6623 = DIRECTION ( 'NONE',  ( -0.000000000000000000, -0.000000000000000000, 1.000000000000000000 ) ) ;
#6624 = ORIENTED_EDGE ( 'NONE', *, *, #1980, .F. ) ;
#6625 = CARTESIAN_POINT ( 'NONE',  ( -63.34571104236401595, -55.91169000869540895, -15.99987001606571724 ) ) ;
#6626 = CARTESIAN_POINT ( 'NONE',  ( -1.720086775986162442, 16.55873327191747180, -3.000000000000000000 ) ) ;
#6627 = DIRECTION ( 'NONE',  ( -0.7439559807600391039, 0.6682286275604842896, 0.000000000000000000 ) ) ;
#6628 = ORIENTED_EDGE ( 'NONE', *, *, #2724, .T. ) ;
#6629 = ADVANCED_FACE ( 'NONE', ( #8570 ), #1101, .T. ) ;
#6630 = CARTESIAN_POINT ( 'NONE',  ( -67.43926950494180517, -55.50617536228482152, -18.49999999999999645 ) ) ;
#6631 = SPHERICAL_SURFACE ( 'NONE', #8471, 2.500000000000000000 ) ;
#6632 = CARTESIAN_POINT ( 'NONE',  ( 32.78100788429112811, -73.69048246128906499, -10.94393758859512467 ) ) ;
#6633 = EDGE_CURVE ( 'NONE', #9421, #7464, #8067, .T. ) ;
#6634 = EDGE_CURVE ( 'NONE', #4443, #7536, #9930, .T. ) ;
#6635 = DIRECTION ( 'NONE',  ( -0.000000000000000000, -0.000000000000000000, 1.000000000000000000 ) ) ;
#6636 = CARTESIAN_POINT ( 'NONE',  ( 0.000000000000000000, 0.000000000000000000, 17.00000000000000000 ) ) ;
#6637 = CARTESIAN_POINT ( 'NONE',  ( 33.63234029707783890, -77.93809601290598721, -16.60901105260640165 ) ) ;
#6638 = EDGE_LOOP ( 'NONE', ( #8358, #1270, #9480, #2598 ) ) ;
#6639 = CIRCLE ( 'NONE', #9437, 2.499999999999997335 ) ;
#6640 = DIRECTION ( 'NONE',  ( -1.045013828112790007E-15, -9.386417667186901512E-16, 1.000000000000000000 ) ) ;
#6641 = CARTESIAN_POINT ( 'NONE',  ( 82.65226134872706609, -8.151667287560627528, 27.81128689714720181 ) ) ;
#6642 = ORIENTED_EDGE ( 'NONE', *, *, #9393, .T. ) ;
#6643 = ADVANCED_FACE ( 'NONE', ( #4041 ), #8239, .T. ) ;
#6644 = DIRECTION ( 'NONE',  ( -0.9946479639414452789, -0.1033219619787458660, 0.000000000000000000 ) ) ;
#6645 = CIRCLE ( 'NONE', #4717, 2.500000000000002220 ) ;
#6646 = DIRECTION ( 'NONE',  ( 0.4056281494946325505, 0.9140381853826238245, 0.000000000000000000 ) ) ;
#6647 = DIRECTION ( 'NONE',  ( -1.000000000000000000, 0.000000000000000000, 0.000000000000000000 ) ) ;
#6648 = DIRECTION ( 'NONE',  ( 1.000000000000000000, 0.000000000000000000, 0.000000000000000000 ) ) ;
#6649 = EDGE_CURVE ( 'NONE', #4897, #520, #9120, .T. ) ;
#6650 = CARTESIAN_POINT ( 'NONE',  ( 84.11181528009731778, -8.000029888353754615, -15.99988756943609935 ) ) ;
#6651 = CARTESIAN_POINT ( 'NONE',  ( 14.00000000000000000, 1.714505518806294638E-15, -3.000000000000000000 ) ) ;
#6652 = VERTEX_POINT ( 'NONE', #7246 ) ;
#6653 = CARTESIAN_POINT ( 'NONE',  ( -32.73747638465012244, -85.44300813972128594, 14.00000000000000000 ) ) ;
#6654 = ORIENTED_EDGE ( 'NONE', *, *, #10745, .F. ) ;
#6655 = CARTESIAN_POINT ( 'NONE',  ( 23.73696534790352075, -88.36745145172190519, -18.50000000000000000 ) ) ;
#6656 = AXIS2_PLACEMENT_3D ( 'NONE', #1090, #10250, #1909 ) ;
#6657 = CARTESIAN_POINT ( 'NONE',  ( -1.720086775986159999, -16.55873327191746114, -0.000000000000000000 ) ) ;
#6658 = ORIENTED_EDGE ( 'NONE', *, *, #10311, .F. ) ;
#6659 = CARTESIAN_POINT ( 'NONE',  ( 53.80544377084262919, -25.95113860327908029, 17.00000000000000000 ) ) ;
#6660 = DIRECTION ( 'NONE',  ( 0.000000000000000000, 0.000000000000000000, -1.000000000000000000 ) ) ;
#6661 = DIRECTION ( 'NONE',  ( 0.4056281494946316069, 0.9140381853826243796, -0.000000000000000000 ) ) ;
#6662 = ORIENTED_EDGE ( 'NONE', *, *, #2108, .T. ) ;
#6663 = CARTESIAN_POINT ( 'NONE',  ( -9.066906421276835104, -76.90975776729578683, -2.999999999999999556 ) ) ;
#6664 = DIRECTION ( 'NONE',  ( -0.6288364132062405076, -0.7775376295883759115, 0.000000000000000000 ) ) ;
#6665 = CARTESIAN_POINT ( 'NONE',  ( 0.000000000000000000, 0.000000000000000000, -16.00000000000000000 ) ) ;
#6666 = VECTOR ( 'NONE', #6862, 1000.000000000000000 ) ;
#6667 = CARTESIAN_POINT ( 'NONE',  ( 0.000000000000000000, 0.000000000000000000, 14.00000000000000000 ) ) ;
#6668 = ORIENTED_EDGE ( 'NONE', *, *, #7829, .T. ) ;
#6669 = EDGE_CURVE ( 'NONE', #10680, #4746, #9807, .T. ) ;
#6670 = B_SPLINE_SURFACE_WITH_KNOTS ( 'NONE', 2, 3, ( 
 ( #8673, #7029, #388, #1154 ),
 ( #4475, #7901, #2019, #7795 ),
 ( #5341, #6978, #5401, #9493 ) ),
 .UNSPECIFIED., .F., .F., .F.,
 ( 3, 3 ),
 ( 4, 4 ),
 ( 0.000000000000000000, 1.000000000000000000 ),
 ( 2.944781943973139526, 3.338403363206446706 ),
 .UNSPECIFIED. ) ;
#6671 = ORIENTED_EDGE ( 'NONE', *, *, #911, .F. ) ;
#6672 = AXIS2_PLACEMENT_3D ( 'NONE', #400, #10182, #4349 ) ;
#6673 = CARTESIAN_POINT ( 'NONE',  ( 71.14469310733639418, -57.53853180837101888, 30.00000000000000355 ) ) ;
#6674 = CARTESIAN_POINT ( 'NONE',  ( 24.13171573622640764, 90.83949238139219062, -16.25658067570164889 ) ) ;
#6675 = ORIENTED_EDGE ( 'NONE', *, *, #92, .F. ) ;
#6676 = CARTESIAN_POINT ( 'NONE',  ( 85.83440617534846240, 5.307351189431021687, -18.49999999999877431 ) ) ;
#6677 = CARTESIAN_POINT ( 'NONE',  ( 33.63194295253672550, -87.77751655883935200, 17.00000000000000000 ) ) ;
#6678 = CARTESIAN_POINT ( 'NONE',  ( 71.14469310733639418, 57.53853180837101178, 14.00000000000000000 ) ) ;
#6679 = CARTESIAN_POINT ( 'NONE',  ( 74.66599618811595462, 8.981263903841842478, -6.904288729143728709 ) ) ;
#6680 = ORIENTED_EDGE ( 'NONE', *, *, #7638, .F. ) ;
#6681 = DIRECTION ( 'NONE',  ( 1.000000000000000000, 0.000000000000000000, 0.000000000000000000 ) ) ;
#6682 = CARTESIAN_POINT ( 'NONE',  ( -79.20731484416434398, -49.88223981938107698, -3.000000000000000888 ) ) ;
#6683 = FACE_OUTER_BOUND ( 'NONE', #6499, .T. ) ;
#6684 = DIRECTION ( 'NONE',  ( 0.000000000000000000, 0.000000000000000000, 1.000000000000000000 ) ) ;
#6685 = DIRECTION ( 'NONE',  ( 0.000000000000000000, 0.000000000000000000, -1.000000000000000000 ) ) ;
#6686 = DIRECTION ( 'NONE',  ( -0.000000000000000000, 0.000000000000000000, -1.000000000000000000 ) ) ;
#6687 = ORIENTED_EDGE ( 'NONE', *, *, #3481, .T. ) ;
#6688 = EDGE_CURVE ( 'NONE', #2799, #3191, #3003, .T. ) ;
#6689 = DIRECTION ( 'NONE',  ( -0.000000000000000000, -0.000000000000000000, 1.000000000000000000 ) ) ;
#6690 = CARTESIAN_POINT ( 'NONE',  ( -66.64214824494700906, -55.51846396094828862, 32.50000000000000000 ) ) ;
#6691 = EDGE_CURVE ( 'NONE', #8604, #767, #5796, .T. ) ;
#6692 = ORIENTED_EDGE ( 'NONE', *, *, #1795, .T. ) ;
#6693 = EDGE_CURVE ( 'NONE', #6165, #5358, #2777, .T. ) ;
#6694 = DIRECTION ( 'NONE',  ( 1.000000000000000000, -8.881784197001252323E-15, 0.000000000000000000 ) ) ;
#6695 = DIRECTION ( 'NONE',  ( -1.000000000000000000, 0.000000000000000000, 0.000000000000000000 ) ) ;
#6696 = CARTESIAN_POINT ( 'NONE',  ( 0.000000000000000000, 0.000000000000000000, 14.00000000000000000 ) ) ;
#6697 = DIRECTION ( 'NONE',  ( -0.000000000000000000, 0.000000000000000000, 1.000000000000000000 ) ) ;
#6698 = CARTESIAN_POINT ( 'NONE',  ( 1.720086775986166439, 16.55873327191747180, -3.000000000000000000 ) ) ;
#6699 = AXIS2_PLACEMENT_3D ( 'NONE', #8430, #10072, #869 ) ;
#6700 = VERTEX_POINT ( 'NONE', #1480 ) ;
#6701 = EDGE_CURVE ( 'NONE', #10676, #5651, #10692, .T. ) ;
#6702 = FACE_OUTER_BOUND ( 'NONE', #10045, .T. ) ;
#6703 = VERTEX_POINT ( 'NONE', #2236 ) ;
#6704 = CARTESIAN_POINT ( 'NONE',  ( 0.000000000000000000, 0.000000000000000000, 17.00000000000000000 ) ) ;
#6705 = ORIENTED_EDGE ( 'NONE', *, *, #4957, .F. ) ;
#6706 = EDGE_CURVE ( 'NONE', #6230, #4870, #8124, .T. ) ;
#6707 = DIRECTION ( 'NONE',  ( 0.000000000000000000, -1.000000000000000000, 2.775557561562888984E-15 ) ) ;
#6708 = CARTESIAN_POINT ( 'NONE',  ( -32.73747638465003007, -85.44300813972131436, 30.00000000000000355 ) ) ;
#6709 = ORIENTED_EDGE ( 'NONE', *, *, #6633, .T. ) ;
#6710 = CARTESIAN_POINT ( 'NONE',  ( -91.63587112389404865, 7.218468586842906376, -16.00000000000000000 ) ) ;
#6711 = CARTESIAN_POINT ( 'NONE',  ( 54.79277741273588020, -50.96005897927570061, 20.68516148233210217 ) ) ;
#6712 = CARTESIAN_POINT ( 'NONE',  ( 13.83509055125532861, -2.958285001794461078, 30.00000000000000355 ) ) ;
#6713 = AXIS2_PLACEMENT_3D ( 'NONE', #3471, #1890, #9145 ) ;
#6714 = AXIS2_PLACEMENT_3D ( 'NONE', #1386, #7915, #6376 ) ;
#6715 = ORIENTED_EDGE ( 'NONE', *, *, #774, .T. ) ;
#6716 = PLANE ( 'NONE',  #11 ) ;
#6717 = DIRECTION ( 'NONE',  ( 0.000000000000000000, 0.000000000000000000, -1.000000000000000000 ) ) ;
#6718 = CYLINDRICAL_SURFACE ( 'NONE', #1736, 2.500000000000002220 ) ;
#6719 = ORIENTED_EDGE ( 'NONE', *, *, #4486, .F. ) ;
#6720 = AXIS2_PLACEMENT_3D ( 'NONE', #936, #6088, #169 ) ;
#6721 = ORIENTED_EDGE ( 'NONE', *, *, #3581, .T. ) ;
#6722 = FACE_OUTER_BOUND ( 'NONE', #2704, .T. ) ;
#6723 = CARTESIAN_POINT ( 'NONE',  ( 24.26048591005077881, 90.81544793689361939, -16.12772944983090184 ) ) ;
#6724 = ORIENTED_EDGE ( 'NONE', *, *, #8647, .T. ) ;
#6725 = CARTESIAN_POINT ( 'NONE',  ( 66.12353742080456698, 37.01537227671006747, -7.245558843465176757 ) ) ;
#6726 = AXIS2_PLACEMENT_3D ( 'NONE', #5908, #10123, #3360 ) ;
#6727 = FACE_OUTER_BOUND ( 'NONE', #6163, .T. ) ;
#6728 = FACE_OUTER_BOUND ( 'NONE', #5786, .T. ) ;
#6729 = CARTESIAN_POINT ( 'NONE',  ( -23.73696534790347457, 88.36745145172191940, 14.00000000000000000 ) ) ;
#6730 = VERTEX_POINT ( 'NONE', #549 ) ;
#6731 = DIRECTION ( 'NONE',  ( 0.000000000000000000, 0.000000000000000000, -1.000000000000000000 ) ) ;
#6732 = AXIS2_PLACEMENT_3D ( 'NONE', #2557, #4791, #5663 ) ;
#6733 = PLANE ( 'NONE',  #7939 ) ;
#6734 = CARTESIAN_POINT ( 'NONE',  ( -23.73696534790347812, -88.36745145172193361, -16.00000000000000000 ) ) ;
#6735 = CARTESIAN_POINT ( 'NONE',  ( 85.68819869815001766, -6.203713540741877530, -18.34770930448481607 ) ) ;
#6736 = SPHERICAL_SURFACE ( 'NONE', #9017, 2.500000000000000000 ) ;
#6737 = CARTESIAN_POINT ( 'NONE',  ( 33.11756658111728058, -78.94285846063804968, -17.81104402676612253 ) ) ;
#6738 = VERTEX_POINT ( 'NONE', #6478 ) ;
#6739 = EDGE_CURVE ( 'NONE', #4370, #333, #297, .T. ) ;
#6740 = AXIS2_PLACEMENT_3D ( 'NONE', #10573, #6526, #7183 ) ;
#6741 = DIRECTION ( 'NONE',  ( -1.000000000000000000, 0.000000000000000000, 0.000000000000000000 ) ) ;
#6742 = AXIS2_PLACEMENT_3D ( 'NONE', #7723, #10237, #6792 ) ;
#6743 = DIRECTION ( 'NONE',  ( -0.000000000000000000, 0.000000000000000000, 1.000000000000000000 ) ) ;
#6744 = ORIENTED_EDGE ( 'NONE', *, *, #7903, .F. ) ;
#6745 = CYLINDRICAL_SURFACE ( 'NONE', #7957, 2.500000000000002220 ) ;
#6746 = AXIS2_PLACEMENT_3D ( 'NONE', #2985, #6291, #1409 ) ;
#6747 = DIRECTION ( 'NONE',  ( -0.000000000000000000, 0.000000000000000000, 1.000000000000000000 ) ) ;
#6748 = CARTESIAN_POINT ( 'NONE',  ( 91.37756621894718023, 4.731848676989291569, 30.00000000000000000 ) ) ;
#6749 = CARTESIAN_POINT ( 'NONE',  ( -19.75766015764664019, 83.36263173944908544, 31.92213809290356963 ) ) ;
#6750 = DIRECTION ( 'NONE',  ( -0.000000000000000000, -0.000000000000000000, -1.000000000000000000 ) ) ;
#6751 = AXIS2_PLACEMENT_3D ( 'NONE', #9455, #9500, #4482 ) ;
#6752 = ADVANCED_FACE ( 'NONE', ( #5503 ), #9815, .T. ) ;
#6753 = ORIENTED_EDGE ( 'NONE', *, *, #6132, .F. ) ;
#6754 = CARTESIAN_POINT ( 'NONE',  ( -50.62105794678453918, 48.54476343999996857, 18.13389584071795113 ) ) ;
#6755 = EDGE_LOOP ( 'NONE', ( #7874, #2072, #8105, #6551, #10576 ) ) ;
#6756 = CARTESIAN_POINT ( 'NONE',  ( -32.79433942774817723, 79.27903781225832347, 32.13538959017405006 ) ) ;
#6757 = ORIENTED_EDGE ( 'NONE', *, *, #911, .T. ) ;
#6758 = B_SPLINE_SURFACE_WITH_KNOTS ( 'NONE', 2, 3, ( 
 ( #1978, #3667, #5199, #9557 ),
 ( #7088, #1269, #1875, #4590 ),
 ( #5999, #8531, #1064, #10324 ) ),
 .UNSPECIFIED., .F., .F., .F.,
 ( 3, 3 ),
 ( 4, 4 ),
 ( 0.000000000000000000, 1.000000000000000000 ),
 ( 0.4315078211013042564, 0.8251292403346123239 ),
 .UNSPECIFIED. ) ;
#6759 = VECTOR ( 'NONE', #4554, 1000.000000000000000 ) ;
#6760 = DIRECTION ( 'NONE',  ( 0.000000000000000000, 0.000000000000000000, 1.000000000000000000 ) ) ;
#6761 = CIRCLE ( 'NONE', #7809, 2.499999999999998668 ) ;
#6762 = EDGE_CURVE ( 'NONE', #9508, #1406, #2623, .T. ) ;
#6763 = DIRECTION ( 'NONE',  ( 0.000000000000000000, -0.000000000000000000, -1.000000000000000000 ) ) ;
#6764 = VERTEX_POINT ( 'NONE', #7523 ) ;
#6765 = DIRECTION ( 'NONE',  ( -0.9657644967401295411, 0.2594203863158882073, -0.000000000000000000 ) ) ;
#6766 = DIRECTION ( 'NONE',  ( 0.4056281494946325505, -0.9140381853826238245, 0.000000000000000000 ) ) ;
#6767 = CARTESIAN_POINT ( 'NONE',  ( 0.000000000000000000, 0.000000000000000000, 14.00000000000000000 ) ) ;
#6768 = ADVANCED_FACE ( 'NONE', ( #8339 ), #771, .T. ) ;
#6769 = ADVANCED_FACE ( 'NONE', ( #2675 ), #883, .F. ) ;
#6770 = VECTOR ( 'NONE', #3617, 1000.000000000000114 ) ;
#6771 = EDGE_CURVE ( 'NONE', #7660, #8680, #8101, .T. ) ;
#6772 = VECTOR ( 'NONE', #10572, 1000.000000000000000 ) ;
#6773 = ORIENTED_EDGE ( 'NONE', *, *, #9171, .T. ) ;
#6774 = CARTESIAN_POINT ( 'NONE',  ( -37.87113999178239254, -67.55069494534551211, -3.000000000000004885 ) ) ;
#6775 = DIRECTION ( 'NONE',  ( 1.000000000000000000, 0.000000000000000000, -0.000000000000000000 ) ) ;
#6776 = DIRECTION ( 'NONE',  ( -1.000000000000000000, 2.664535259100375697E-14, 0.000000000000000000 ) ) ;
#6777 = ORIENTED_EDGE ( 'NONE', *, *, #10662, .T. ) ;
#6778 = EDGE_CURVE ( 'NONE', #7464, #9254, #586, .T. ) ;
#6779 = VECTOR ( 'NONE', #7968, 999.9999999999998863 ) ;
#6780 = ORIENTED_EDGE ( 'NONE', *, *, #6981, .F. ) ;
#6781 = DIRECTION ( 'NONE',  ( 0.4056281494946316069, -0.9140381853826242686, 0.000000000000000000 ) ) ;
#6782 = CARTESIAN_POINT ( 'NONE',  ( 0.000000000000000000, 0.000000000000000000, -18.50000000000000000 ) ) ;
#6783 = EDGE_CURVE ( 'NONE', #4374, #9830, #5069, .T. ) ;
#6784 = ORIENTED_EDGE ( 'NONE', *, *, #6498, .T. ) ;
#6785 = CARTESIAN_POINT ( 'NONE',  ( -93.87422103367252646, -4.861134159967137158, 14.00000000000000000 ) ) ;
#6786 = CYLINDRICAL_SURFACE ( 'NONE', #6936, 2.499999999999998668 ) ;
#6787 = CARTESIAN_POINT ( 'NONE',  ( -49.70347058474201418, 11.57431915030802294, 14.00000000000000000 ) ) ;
#6788 = DIRECTION ( 'NONE',  ( -1.000000000000000000, 0.000000000000000000, 0.000000000000000000 ) ) ;
#6789 = EDGE_LOOP ( 'NONE', ( #4072, #7033, #1783, #5427 ) ) ;
#6790 = CARTESIAN_POINT ( 'NONE',  ( 21.45186988444695686, 89.38152182545847779, 17.00000000000000000 ) ) ;
#6791 = CARTESIAN_POINT ( 'NONE',  ( -93.87422103367251225, -4.861134159967137158, -3.000000000000000000 ) ) ;
#6792 = DIRECTION ( 'NONE',  ( 1.000000000000000000, 0.000000000000000000, 0.000000000000000000 ) ) ;
#6793 = CARTESIAN_POINT ( 'NONE',  ( 78.37788641306556769, -48.02234986748099033, 30.00000000000000355 ) ) ;
#6794 = CARTESIAN_POINT ( 'NONE',  ( 32.73747638465003718, 85.44300813972132858, 30.00000000000000355 ) ) ;
#6795 = FACE_OUTER_BOUND ( 'NONE', #1713, .T. ) ;
#6796 = EDGE_LOOP ( 'NONE', ( #4693, #1727, #10587 ) ) ;
#6798 = CARTESIAN_POINT ( 'NONE',  ( 0.000000000000000000, 0.000000000000000000, 17.00000000000000000 ) ) ;
#6797 = CIRCLE ( 'NONE', #3856, 90.00000000000001421 ) ;
#6799 = CARTESIAN_POINT ( 'NONE',  ( -58.34773430101146374, -63.17865068152828201, 32.50000000000000000 ) ) ;
#6800 = EDGE_LOOP ( 'NONE', ( #3983, #8957, #5050 ) ) ;
#6801 = CARTESIAN_POINT ( 'NONE',  ( 1.720086775986175764, -16.55873327191750377, -3.000000000000000000 ) ) ;
#6802 = EDGE_CURVE ( 'NONE', #6491, #7900, #7571, .T. ) ;
#6803 = DIRECTION ( 'NONE',  ( 0.000000000000000000, 0.000000000000000000, -1.000000000000000000 ) ) ;
#6804 = DIRECTION ( 'NONE',  ( 0.000000000000000000, 0.000000000000000000, -1.000000000000000000 ) ) ;
#6805 = DIRECTION ( 'NONE',  ( -0.000000000000000000, 0.000000000000000000, 1.000000000000000000 ) ) ;
#6806 = CARTESIAN_POINT ( 'NONE',  ( -20.23184218637723220, 83.41301167163005914, 32.20313577063429022 ) ) ;
#6807 = CIRCLE ( 'NONE', #5253, 2.499999999999998668 ) ;
#6808 = CARTESIAN_POINT ( 'NONE',  ( 58.78321495169267763, -10.63113418812172561, -3.000000000000000000 ) ) ;
#6809 = EDGE_LOOP ( 'NONE', ( #10300, #424, #9896, #8265, #8244, #5294 ) ) ;
#6810 = CARTESIAN_POINT ( 'NONE',  ( 91.37756621894718023, -4.731848676989293345, 30.00000000000000355 ) ) ;
#6811 = ORIENTED_EDGE ( 'NONE', *, *, #7982, .T. ) ;
#6812 = CARTESIAN_POINT ( 'NONE',  ( 24.38551631369319495, -90.78186269357226479, 17.00000000000000000 ) ) ;
#6813 = ORIENTED_EDGE ( 'NONE', *, *, #9266, .F. ) ;
#6814 = VECTOR ( 'NONE', #4763, 1000.000000000000114 ) ;
#6815 = CARTESIAN_POINT ( 'NONE',  ( 9.066906421276863526, 76.90975776729578683, -3.000000000000001332 ) ) ;
#6816 = CARTESIAN_POINT ( 'NONE',  ( -32.73747638465012244, -85.44300813972128594, -3.000000000000000888 ) ) ;
#6817 = ORIENTED_EDGE ( 'NONE', *, *, #8765, .T. ) ;
#6818 = CARTESIAN_POINT ( 'NONE',  ( 91.37756621894718023, -4.731848676989276470, -16.00000000000000000 ) ) ;
#6819 = CARTESIAN_POINT ( 'NONE',  ( 0.000000000000000000, 0.000000000000000000, -18.50000000000000000 ) ) ;
#6820 = CARTESIAN_POINT ( 'NONE',  ( -16.27982722542986238, -3.481030249449610814, -3.000000000000000000 ) ) ;
#6821 = EDGE_LOOP ( 'NONE', ( #4526, #4889, #6146, #7881 ) ) ;
#6822 = CARTESIAN_POINT ( 'NONE',  ( -15.21675513427115511, -6.752829723239148763, -3.000000000000000000 ) ) ;
#6823 = EDGE_CURVE ( 'NONE', #5769, #10233, #4961, .T. ) ;
#6824 = DIRECTION ( 'NONE',  ( -1.000000000000000000, 0.000000000000000000, -0.000000000000000000 ) ) ;
#6825 = AXIS2_PLACEMENT_3D ( 'NONE', #4518, #9380, #4567 ) ;
#6826 = CARTESIAN_POINT ( 'NONE',  ( 9.453987078548992784, 10.52536503081504726, 30.00000000000000355 ) ) ;
#6827 = ORIENTED_EDGE ( 'NONE', *, *, #981, .T. ) ;
#6828 = EDGE_CURVE ( 'NONE', #10708, #9776, #7468, .T. ) ;
#6829 = EDGE_CURVE ( 'NONE', #2508, #2651, #4252, .T. ) ;
#6830 = B_SPLINE_CURVE_WITH_KNOTS ( 'NONE', 3,
 ( #1879, #1826, #5143, #10059 ),
 .UNSPECIFIED., .F., .F.,
 ( 4, 4 ),
 ( 0.000000000000000000, 0.0004283073613165108403 ),
 .UNSPECIFIED. ) ;
#6831 = EDGE_LOOP ( 'NONE', ( #6887, #1461, #2481 ) ) ;
#6832 = CARTESIAN_POINT ( 'NONE',  ( -23.01656648431380958, -59.83299922957139216, 17.00000000000000000 ) ) ;
#6833 = EDGE_LOOP ( 'NONE', ( #10769, #2150, #3548, #7726 ) ) ;
#6834 = CARTESIAN_POINT ( 'NONE',  ( 57.92732568998006570, 29.65345375232553238, -3.000000000000003109 ) ) ;
#6835 = AXIS2_PLACEMENT_3D ( 'NONE', #5681, #1552, #2255 ) ;
#6836 = EDGE_CURVE ( 'NONE', #10763, #5310, #105, .T. ) ;
#6837 = FACE_OUTER_BOUND ( 'NONE', #1073, .T. ) ;
#6838 = CARTESIAN_POINT ( 'NONE',  ( 26.36704873968084684, -43.69414826633877169, 17.00000000000000000 ) ) ;
#6839 = LINE ( 'NONE', #5357, #1984 ) ;
#6840 = EDGE_LOOP ( 'NONE', ( #5028, #6544, #5440, #3555, #5689, #7746, #9682, #3619 ) ) ;
#6841 = EDGE_CURVE ( 'NONE', #6557, #1748, #2685, .T. ) ;
#6842 = AXIS2_PLACEMENT_3D ( 'NONE', #3094, #4836, #8878 ) ;
#6843 = B_SPLINE_CURVE_WITH_KNOTS ( 'NONE', 3,
 ( #2944, #6305, #2287, #9651, #1305, #4625, #3104, #10635, #6416, #7298, #9761, #6473, #6257, #489 ),
 .UNSPECIFIED., .F., .F.,
 ( 4, 2, 2, 2, 2, 2, 4 ),
 ( 0.000000000000000000, 0.001098746927688837262, 0.001648120391533264024, 0.002197493855377698375, 0.002746867319222132727, 0.003296240783066566645, 0.004394987710755420170 ),
 .UNSPECIFIED. ) ;
#6844 = DIRECTION ( 'NONE',  ( 0.8654182317380996192, -0.5010501812945494793, 0.000000000000000000 ) ) ;
#6845 = PLANE ( 'NONE',  #5193 ) ;
#6846 = CARTESIAN_POINT ( 'NONE',  ( -24.38551631369323758, -90.78186269357225058, 30.00000000000000000 ) ) ;
#6847 = CARTESIAN_POINT ( 'NONE',  ( 64.20038360106021003, -56.06900753910151280, 31.18342693136332500 ) ) ;
#6848 = ORIENTED_EDGE ( 'NONE', *, *, #515, .F. ) ;
#6849 = DIRECTION ( 'NONE',  ( 0.8654182317380989531, -0.5010501812945508116, -0.000000000000000000 ) ) ;
#6850 = DIRECTION ( 'NONE',  ( -0.2090980990620607272, 0.9778946696698129770, 0.000000000000000000 ) ) ;
#6851 = ORIENTED_EDGE ( 'NONE', *, *, #510, .F. ) ;
#6852 = PLANE ( 'NONE',  #2402 ) ;
#6853 = DIRECTION ( 'NONE',  ( -1.000000000000000000, 0.000000000000000000, 0.000000000000000000 ) ) ;
#6854 = CARTESIAN_POINT ( 'NONE',  ( 16.78468539608996934, -78.86453762231903397, -10.91900855183136798 ) ) ;
#6855 = CARTESIAN_POINT ( 'NONE',  ( -32.77631641226955139, 73.66854172866909778, 24.91900855017299676 ) ) ;
#6856 = CARTESIAN_POINT ( 'NONE',  ( -18.87770877533656133, 83.03287859151366490, 31.04213425600324427 ) ) ;
#6857 = CARTESIAN_POINT ( 'NONE',  ( 64.29405371701662375, -10.05867971777273695, -3.000000000000001776 ) ) ;
#6858 = ORIENTED_EDGE ( 'NONE', *, *, #787, .T. ) ;
#6859 = EDGE_CURVE ( 'NONE', #10680, #9670, #1800, .T. ) ;
#6860 = CYLINDRICAL_SURFACE ( 'NONE', #1226, 2.500000000000002220 ) ;
#6861 = EDGE_LOOP ( 'NONE', ( #10348, #3345, #5637, #2166 ) ) ;
#6862 = DIRECTION ( 'NONE',  ( 0.000000000000000000, 0.000000000000000000, 1.000000000000000000 ) ) ;
#6863 = ORIENTED_EDGE ( 'NONE', *, *, #654, .F. ) ;
#6864 = FACE_OUTER_BOUND ( 'NONE', #1868, .T. ) ;
#6865 = DIRECTION ( 'NONE',  ( 1.000000000000000000, 0.000000000000000000, -0.000000000000000000 ) ) ;
#6866 = DIRECTION ( 'NONE',  ( -1.000000000000000000, 0.000000000000000000, -0.000000000000000000 ) ) ;
#6867 = VECTOR ( 'NONE', #4502, 1000.000000000000000 ) ;
#6868 = ORIENTED_EDGE ( 'NONE', *, *, #6000, .F. ) ;
#6869 = DIRECTION ( 'NONE',  ( 1.000000000000000000, 0.000000000000000000, 1.387778780781446464E-15 ) ) ;
#6870 = CARTESIAN_POINT ( 'NONE',  ( -69.83457129604445868, 40.34865964506825264, -10.94393758857679799 ) ) ;
#6871 = CARTESIAN_POINT ( 'NONE',  ( -8.054202958850064320, 59.19136076220260634, -3.000000000000000000 ) ) ;
#6872 = ADVANCED_FACE ( 'NONE', ( #8656 ), #5172, .F. ) ;
#6873 = EDGE_LOOP ( 'NONE', ( #7690, #1967, #4133, #4395 ) ) ;
#6874 = EDGE_CURVE ( 'NONE', #5669, #1159, #8422, .T. ) ;
#6875 = DIRECTION ( 'NONE',  ( 1.000000000000000000, 0.000000000000000000, 0.000000000000000000 ) ) ;
#6876 = DIRECTION ( 'NONE',  ( -0.000000000000000000, -0.000000000000000000, -1.000000000000000000 ) ) ;
#6877 = AXIS2_PLACEMENT_3D ( 'NONE', #4121, #854, #4426 ) ;
#6878 = AXIS2_PLACEMENT_3D ( 'NONE', #946, #8296, #8463 ) ;
#6879 = DIRECTION ( 'NONE',  ( 0.000000000000000000, -0.000000000000000000, -1.000000000000000000 ) ) ;
#6880 = ORIENTED_EDGE ( 'NONE', *, *, #10447, .T. ) ;
#6881 = ORIENTED_EDGE ( 'NONE', *, *, #5281, .F. ) ;
#6882 = CIRCLE ( 'NONE', #6713, 2.500000000000002220 ) ;
#6883 = CARTESIAN_POINT ( 'NONE',  ( -63.34558840311221672, -55.91184470041158505, 29.99988756943804447 ) ) ;
#6884 = VECTOR ( 'NONE', #4365, 1000.000000000000114 ) ;
#6885 = ORIENTED_EDGE ( 'NONE', *, *, #2582, .F. ) ;
#6886 = ADVANCED_FACE ( 'NONE', ( #6082 ), #4460, .F. ) ;
#6887 = ORIENTED_EDGE ( 'NONE', *, *, #486, .T. ) ;
#6888 = EDGE_CURVE ( 'NONE', #2300, #3598, #2936, .T. ) ;
#6889 = DIRECTION ( 'NONE',  ( 0.000000000000000000, 0.000000000000000000, 1.000000000000000000 ) ) ;
#6890 = CARTESIAN_POINT ( 'NONE',  ( -75.94735446185039507, -15.14328174876108513, 17.00000000000000000 ) ) ;
#6891 = B_SPLINE_CURVE_WITH_KNOTS ( 'NONE', 3,
 ( #7164, #9627, #1403, #10552, #8153, #2321, #6391, #5643, #1457, #10498, #693, #4015 ),
 .UNSPECIFIED., .F., .F.,
 ( 4, 1, 2, 2, 1, 1, 1, 4 ),
 ( 0.000000000000000000, 0.4584319647125932318, 0.4870839625071303192, 0.5014099614043993070, 0.5157359603016684613, 0.5730399558907424140, 0.6876479470688905415, 0.9168639294251856864 ),
 .UNSPECIFIED. ) ;
#6892 = DIRECTION ( 'NONE',  ( 1.000000000000000000, 0.000000000000000000, 0.000000000000000000 ) ) ;
#6893 = CIRCLE ( 'NONE', #4472, 51.03332099679091982 ) ;
#6894 = EDGE_LOOP ( 'NONE', ( #5707, #4777, #1801, #9891 ) ) ;
#6895 = EDGE_CURVE ( 'NONE', #8653, #1232, #7678, .T. ) ;
#6896 = EDGE_CURVE ( 'NONE', #4659, #5453, #320, .T. ) ;
#6897 = CARTESIAN_POINT ( 'NONE',  ( 66.32191054005093633, -54.74593539651474572, -18.50000000004361667 ) ) ;
#6898 = CARTESIAN_POINT ( 'NONE',  ( -85.83440617534141381, 5.307351189430483451, -18.50000000001069367 ) ) ;
#6899 = CARTESIAN_POINT ( 'NONE',  ( -89.69359066795175295, -7.420228641350741228, -3.000000000000000000 ) ) ;
#6900 = CARTESIAN_POINT ( 'NONE',  ( 0.000000000000000000, 0.000000000000000000, 17.00000000000000000 ) ) ;
#6901 = AXIS2_PLACEMENT_3D ( 'NONE', #6622, #9961, #6514 ) ;
#6902 = EDGE_CURVE ( 'NONE', #2209, #8941, #7377, .T. ) ;
#6903 = VERTEX_POINT ( 'NONE', #5326 ) ;
#6904 = EDGE_CURVE ( 'NONE', #9736, #8892, #8558, .T. ) ;
#6905 = CARTESIAN_POINT ( 'NONE',  ( 75.94735446185035244, 15.14328174876122368, 17.00000000000000000 ) ) ;
#6906 = LINE ( 'NONE', #10351, #10340 ) ;
#6907 = ORIENTED_EDGE ( 'NONE', *, *, #437, .T. ) ;
#6908 = CARTESIAN_POINT ( 'NONE',  ( -73.08853718130738741, -59.11062284138656509, 30.00000000000000000 ) ) ;
#6909 = VECTOR ( 'NONE', #6685, 1000.000000000000000 ) ;
#6910 = EDGE_CURVE ( 'NONE', #969, #8081, #7064, .T. ) ;
#6911 = CARTESIAN_POINT ( 'NONE',  ( -15.21675513427112492, 6.752829723239115012, -3.000000000000000000 ) ) ;
#6912 = SPHERICAL_SURFACE ( 'NONE', #4124, 2.500000000000000000 ) ;
#6913 = CARTESIAN_POINT ( 'NONE',  ( -76.70731484416432977, 49.88223981938109119, 17.00000000000000000 ) ) ;
#6914 = DIRECTION ( 'NONE',  ( -1.000000000000000000, 0.000000000000000000, -0.000000000000000000 ) ) ;
#6915 = DIRECTION ( 'NONE',  ( 0.9657644967401302072, 0.2594203863158855983, -1.240462521890801954E-15 ) ) ;
#6916 = B_SPLINE_CURVE_WITH_KNOTS ( 'NONE', 3,
 ( #8689, #399, #8586, #2906, #509, #2858, #7971, #349, #6217, #9616, #1118, #3671 ),
 .UNSPECIFIED., .F., .F.,
 ( 4, 1, 2, 2, 1, 1, 1, 4 ),
 ( 0.000000000000000000, 0.4584319647108522355, 0.4870839625052803545, 0.5014099614024943863, 0.5157359602997083625, 0.5730399558885658218, 0.6876479470662801852, 0.9168639294217088009 ),
 .UNSPECIFIED. ) ;
#6917 = ORIENTED_EDGE ( 'NONE', *, *, #8341, .T. ) ;
#6918 = AXIS2_PLACEMENT_3D ( 'NONE', #8496, #1032, #211 ) ;
#6919 = CARTESIAN_POINT ( 'NONE',  ( -26.36704873968082907, 43.69414826633877880, 17.00000000000000000 ) ) ;
#6920 = EDGE_LOOP ( 'NONE', ( #5363, #10121, #10114, #2308 ) ) ;
#6921 = CARTESIAN_POINT ( 'NONE',  ( -28.27582184716899505, 52.62095848505696694, 17.00000000000000000 ) ) ;
#6922 = ORIENTED_EDGE ( 'NONE', *, *, #4683, .F. ) ;
#6923 = CARTESIAN_POINT ( 'NONE',  ( 71.14469310733639418, -57.53853180837101888, 32.50000000000000000 ) ) ;
#6924 = VECTOR ( 'NONE', #6304, 1000.000000000000114 ) ;
#6925 = DIRECTION ( 'NONE',  ( 1.000000000000000000, 0.000000000000000000, 0.000000000000000000 ) ) ;
#6926 = AXIS2_PLACEMENT_3D ( 'NONE', #15, #2572, #5727 ) ;
#6927 = CARTESIAN_POINT ( 'NONE',  ( 33.36542136761581645, 78.60843068388740562, 31.44910535889332337 ) ) ;
#6928 = AXIS2_PLACEMENT_3D ( 'NONE', #215, #5325, #1247 ) ;
#6929 = ORIENTED_EDGE ( 'NONE', *, *, #8490, .F. ) ;
#6930 = DIRECTION ( 'NONE',  ( -1.000000000000000000, -4.174438572590588592E-14, 0.000000000000000000 ) ) ;
#6931 = CARTESIAN_POINT ( 'NONE',  ( -71.14469310733639418, -57.53853180837101178, -16.00000000000000000 ) ) ;
#6932 = DIRECTION ( 'NONE',  ( 0.000000000000000000, 0.000000000000000000, -1.000000000000000000 ) ) ;
#6933 = CIRCLE ( 'NONE', #6587, 90.00000000000001421 ) ;
#6934 = ORIENTED_EDGE ( 'NONE', *, *, #10613, .F. ) ;
#6935 = CARTESIAN_POINT ( 'NONE',  ( 66.16471663662360925, -37.05235985605936833, -7.279719104290873766 ) ) ;
#6936 = AXIS2_PLACEMENT_3D ( 'NONE', #203, #10178, #3524 ) ;
#6937 = CARTESIAN_POINT ( 'NONE',  ( 32.73747638465002296, -85.44300813972132858, -16.00000000000000000 ) ) ;
#6938 = CIRCLE ( 'NONE', #9221, 2.499999999999998668 ) ;
#6939 = LINE ( 'NONE', #2089, #7642 ) ;
#6940 = ORIENTED_EDGE ( 'NONE', *, *, #1987, .T. ) ;
#6941 = EDGE_LOOP ( 'NONE', ( #8865, #9592, #9510, #9840, #7794, #83, #4580, #3255 ) ) ;
#6942 = EDGE_CURVE ( 'NONE', #6465, #8946, #10691, .T. ) ;
#6943 = AXIS2_PLACEMENT_3D ( 'NONE', #8972, #7214, #2376 ) ;
#6944 = CIRCLE ( 'NONE', #3642, 2.500000000000005773 ) ;
#6945 = CARTESIAN_POINT ( 'NONE',  ( 73.05993767429349361, 43.39728078026768543, -16.75820396230803411 ) ) ;
#6946 = ORIENTED_EDGE ( 'NONE', *, *, #9549, .F. ) ;
#6947 = EDGE_LOOP ( 'NONE', ( #1282, #9047, #838, #3510, #5602, #7008, #5695, #4638, #1039, #3041, #1053, #1320, #67, #10672, #6773, #10527, #2323, #10228, #6092, #250, #514, #10075, #9542, #8559, #1513, #8778, #5366, #8196, #6227, #3766, #5837, #1524, #8312, #6565, #2937, #9032, #3384, #3747, #6250, #5131, #5323, #6097, #1584, #7792 ) ) ;
#6948 = CARTESIAN_POINT ( 'NONE',  ( 72.56107605580299946, 46.15846078177301592, 32.50000000001183764 ) ) ;
#6949 = DIRECTION ( 'NONE',  ( 0.000000000000000000, 0.000000000000000000, -1.000000000000000000 ) ) ;
#6950 = CARTESIAN_POINT ( 'NONE',  ( -91.37756621894718023, 4.731848676989273805, 30.00000000000000355 ) ) ;
#6951 = AXIS2_PLACEMENT_3D ( 'NONE', #4703, #7317, #615 ) ;
#6952 = VERTEX_POINT ( 'NONE', #9430 ) ;
#6953 = LINE ( 'NONE', #2821, #5515 ) ;
#6954 = PLANE ( 'NONE',  #2927 ) ;
#6955 = LINE ( 'NONE', #1243, #2058 ) ;
#6956 = FACE_OUTER_BOUND ( 'NONE', #4027, .T. ) ;
#6957 = VECTOR ( 'NONE', #8429, 1000.000000000000000 ) ;
#6958 = ORIENTED_EDGE ( 'NONE', *, *, #8165, .T. ) ;
#6959 = DIRECTION ( 'NONE',  ( 0.000000000000000000, -1.000000000000000000, 1.387778780781444492E-15 ) ) ;
#6960 = EDGE_CURVE ( 'NONE', #4627, #5397, #5968, .T. ) ;
#6961 = B_SPLINE_CURVE_WITH_KNOTS ( 'NONE', 3,
 ( #4620, #7129, #1472, #8823, #9756, #6301, #2118, #6410, #8773, #3811, #8059, #3158, #2281, #1527, #4841, #10464 ),
 .UNSPECIFIED., .F., .F.,
 ( 4, 2, 2, 2, 2, 2, 2, 4 ),
 ( 0.000000000000000000, 0.0005503427863555304927, 0.001100685572711060985, 0.002201371145422122404, 0.002751713931777646609, 0.003302056718133163440, 0.003852399504488680272, 0.004402742290844197104 ),
 .UNSPECIFIED. ) ;
#6962 = LINE ( 'NONE', #9378, #8770 ) ;
#6963 = ORIENTED_EDGE ( 'NONE', *, *, #9064, .T. ) ;
#6964 = CARTESIAN_POINT ( 'NONE',  ( -68.20213817285895175, 58.72366089278032319, 17.00000000000000000 ) ) ;
#6965 = EDGE_CURVE ( 'NONE', #4429, #8821, #6962, .T. ) ;
#6966 = EDGE_CURVE ( 'NONE', #6652, #3042, #4409, .T. ) ;
#6967 = CARTESIAN_POINT ( 'NONE',  ( -33.40773828059418094, 38.57878788838270623, 14.00000000000000000 ) ) ;
#6968 = CARTESIAN_POINT ( 'NONE',  ( -94.00000000000001421, 0.000000000000000000, 30.00000000000000000 ) ) ;
#6969 = FACE_OUTER_BOUND ( 'NONE', #4328, .T. ) ;
#6970 = DIRECTION ( 'NONE',  ( -0.000000000000000000, 0.000000000000000000, 1.000000000000000000 ) ) ;
#6971 = DIRECTION ( 'NONE',  ( -0.9946479639414458340, 0.1033219619787416887, 0.000000000000000000 ) ) ;
#6972 = EDGE_LOOP ( 'NONE', ( #6037, #6001, #903, #5976 ) ) ;
#6973 = SURFACE_STYLE_FILL_AREA ( #3599 ) ;
#6974 = VERTEX_POINT ( 'NONE', #371 ) ;
#6975 = EDGE_CURVE ( 'NONE', #3188, #4225, #4241, .T. ) ;
#6976 = CARTESIAN_POINT ( 'NONE',  ( 0.000000000000000000, 0.000000000000000000, 14.00000000000000000 ) ) ;
#6977 = ORIENTED_EDGE ( 'NONE', *, *, #6513, .F. ) ;
#6978 = CARTESIAN_POINT ( 'NONE',  ( 86.54756481792212242, 5.744108926439832175, -18.49999999997449507 ) ) ;
#6979 = CARTESIAN_POINT ( 'NONE',  ( 71.14469310733639418, 57.53853180837101178, -16.00000000000000000 ) ) ;
#6980 = CIRCLE ( 'NONE', #9092, 2.500000000000002220 ) ;
#6981 = EDGE_CURVE ( 'NONE', #6014, #4735, #6906, .T. ) ;
#6982 = FACE_OUTER_BOUND ( 'NONE', #213, .T. ) ;
#6983 = ORIENTED_EDGE ( 'NONE', *, *, #695, .F. ) ;
#6984 = DIRECTION ( 'NONE',  ( -0.2090980990620607272, 0.9778946696698130880, 0.000000000000000000 ) ) ;
#6985 = DIRECTION ( 'NONE',  ( 0.2090980990620548152, -0.9778946696698144203, 0.000000000000000000 ) ) ;
#6986 = DIRECTION ( 'NONE',  ( 0.000000000000000000, 0.000000000000000000, -1.000000000000000000 ) ) ;
#6987 = VERTEX_POINT ( 'NONE', #2876 ) ;
#6988 = DIRECTION ( 'NONE',  ( -1.000000000000000000, 0.000000000000000000, 0.000000000000000000 ) ) ;
#6989 = CIRCLE ( 'NONE', #2294, 2.500000000000002220 ) ;
#6990 = FACE_OUTER_BOUND ( 'NONE', #9415, .T. ) ;
#6991 = ORIENTED_EDGE ( 'NONE', *, *, #3368, .F. ) ;
#6992 = VERTEX_POINT ( 'NONE', #3589 ) ;
#6994 = VECTOR ( 'NONE', #3451, 999.9999999999998863 ) ;
#6993 = SPHERICAL_SURFACE ( 'NONE', #4906, 2.500000000000000000 ) ;
#6995 = LINE ( 'NONE', #2149, #4643 ) ;
#6996 = ORIENTED_EDGE ( 'NONE', *, *, #4122, .T. ) ;
#6997 = ORIENTED_EDGE ( 'NONE', *, *, #5544, .F. ) ;
#6998 = CYLINDRICAL_SURFACE ( 'NONE', #7974, 2.499999999999998668 ) ;
#6999 = CARTESIAN_POINT ( 'NONE',  ( -86.54756481791507383, 5.744108926436902074, 32.49999999989797317 ) ) ;
#7000 = ADVANCED_FACE ( 'NONE', ( #8717 ), #941, .T. ) ;
#7001 = CARTESIAN_POINT ( 'NONE',  ( 85.53285371939279003, 6.690700228676091932, 32.13538959017495245 ) ) ;
#7002 = ORIENTED_EDGE ( 'NONE', *, *, #4649, .T. ) ;
#7003 = CARTESIAN_POINT ( 'NONE',  ( 19.16400979978043750, -75.71940827044404898, 17.00000000000000000 ) ) ;
#7004 = CARTESIAN_POINT ( 'NONE',  ( 76.88821548784657978, 8.750424384414948520, 22.29373426499828170 ) ) ;
#7005 = FACE_OUTER_BOUND ( 'NONE', #228, .T. ) ;
#7006 = VECTOR ( 'NONE', #9655, 1000.000000000000000 ) ;
#7007 = DIRECTION ( 'NONE',  ( -1.000000000000000000, 0.000000000000000000, -2.775557561562888984E-15 ) ) ;
#7008 = ORIENTED_EDGE ( 'NONE', *, *, #9850, .T. ) ;
#7009 = ADVANCED_FACE ( 'NONE', ( #4565 ), #1038, .T. ) ;
#7010 = CARTESIAN_POINT ( 'NONE',  ( 86.54756481778444765, -5.744108926400247839, 32.50000000007652545 ) ) ;
#7011 = DIRECTION ( 'NONE',  ( 0.000000000000000000, 0.000000000000000000, -1.000000000000000000 ) ) ;
#7012 = ORIENTED_EDGE ( 'NONE', *, *, #787, .F. ) ;
#7013 = AXIS2_PLACEMENT_3D ( 'NONE', #10461, #4026, #5438 ) ;
#7014 = DIRECTION ( 'NONE',  ( 0.4056281494946325505, -0.9140381853826238245, 0.000000000000000000 ) ) ;
#7015 = B_SPLINE_CURVE_WITH_KNOTS ( 'NONE', 3,
 ( #4130, #4690, #3001, #7134 ),
 .UNSPECIFIED., .F., .F.,
 ( 4, 4 ),
 ( 0.000000000000000000, 1.000000000000000000 ),
 .UNSPECIFIED. ) ;
#7016 = CARTESIAN_POINT ( 'NONE',  ( 33.92211878787743018, 79.02714632922750582, -18.50000000000000000 ) ) ;
#7017 = LINE ( 'NONE', #7946, #8817 ) ;
#7018 = CARTESIAN_POINT ( 'NONE',  ( -59.93450787387802592, -53.93696064975331694, 24.91900855183526886 ) ) ;
#7019 = PLANE ( 'NONE',  #316 ) ;
#7020 = EDGE_CURVE ( 'NONE', #9011, #1411, #7888, .T. ) ;
#7021 = DIRECTION ( 'NONE',  ( 0.6682286275604837344, -0.7439559807600396590, 0.000000000000000000 ) ) ;
#7022 = AXIS2_PLACEMENT_3D ( 'NONE', #5467, #2662, #5159 ) ;
#7023 = ORIENTED_EDGE ( 'NONE', *, *, #5777, .T. ) ;
#7024 = EDGE_CURVE ( 'NONE', #1071, #461, #1296, .T. ) ;
#7025 = EDGE_CURVE ( 'NONE', #6116, #5809, #6496, .T. ) ;
#7026 = ORIENTED_EDGE ( 'NONE', *, *, #8030, .T. ) ;
#7027 = CARTESIAN_POINT ( 'NONE',  ( -29.43432812673592736, -58.03897577287190046, -3.000000000000003553 ) ) ;
#7028 = VERTEX_POINT ( 'NONE', #4784 ) ;
#7029 = CARTESIAN_POINT ( 'NONE',  ( 60.11725487743513696, 3.989945425923024036, -3.000000000000002665 ) ) ;
#7030 = LINE ( 'NONE', #5244, #10752 ) ;
#7031 = CYLINDRICAL_SURFACE ( 'NONE', #10140, 90.00000000000001421 ) ;
#7032 = DIRECTION ( 'NONE',  ( -0.000000000000000000, -0.000000000000000000, 1.000000000000000000 ) ) ;
#7033 = ORIENTED_EDGE ( 'NONE', *, *, #6904, .F. ) ;
#7034 = ADVANCED_FACE ( 'NONE', ( #4617 ), #70, .T. ) ;
#7035 = CARTESIAN_POINT ( 'NONE',  ( -23.73696534790352786, 90.86745145172191940, -16.00000000000000000 ) ) ;
#7036 = ADVANCED_FACE ( 'NONE', ( #1353 ), #8167, .T. ) ;
#7037 = CARTESIAN_POINT ( 'NONE',  ( 53.80544377090868124, -25.95113860333839995, -3.000000000000000000 ) ) ;
#7038 = VERTEX_POINT ( 'NONE', #8767 ) ;
#7039 = DIRECTION ( 'NONE',  ( -1.000000000000000000, 0.000000000000000000, 0.000000000000000000 ) ) ;
#7040 = CARTESIAN_POINT ( 'NONE',  ( -32.73747638465012244, -85.44300813972128594, -16.00000000000000000 ) ) ;
#7041 = EDGE_CURVE ( 'NONE', #2474, #7581, #1809, .T. ) ;
#7042 = DIRECTION ( 'NONE',  ( -0.000000000000000000, -0.000000000000000000, -1.000000000000000000 ) ) ;
#7043 = CARTESIAN_POINT ( 'NONE',  ( -84.11181528007338670, 8.000029888356799290, -15.99988756943593415 ) ) ;
#7044 = VECTOR ( 'NONE', #2713, 999.9999999999998863 ) ;
#7045 = ORIENTED_EDGE ( 'NONE', *, *, #6151, .F. ) ;
#7046 = ORIENTED_EDGE ( 'NONE', *, *, #4435, .F. ) ;
#7047 = CARTESIAN_POINT ( 'NONE',  ( 58.78321495184668066, 10.63113418810572597, 17.00000000000000000 ) ) ;
#7048 = CARTESIAN_POINT ( 'NONE',  ( 73.20449038749084991, 44.12258324652665209, -17.57978544521013831 ) ) ;
#7049 = VERTEX_POINT ( 'NONE', #7344 ) ;
#7050 = CIRCLE ( 'NONE', #7408, 2.499999999999999556 ) ;
#7051 = EDGE_LOOP ( 'NONE', ( #9173, #10386, #55, #423 ) ) ;
#7052 = CARTESIAN_POINT ( 'NONE',  ( 31.46455301818334860, 67.53378279638376114, -6.502992556173679439 ) ) ;
#7053 = DIRECTION ( 'NONE',  ( -1.000000000000000000, 0.000000000000000000, 0.000000000000000000 ) ) ;
#7054 = CARTESIAN_POINT ( 'NONE',  ( 78.80314311859507370, -51.24514254668657287, 17.00000000000000000 ) ) ;
#7055 = VERTEX_POINT ( 'NONE', #479 ) ;
#7056 = AXIS2_PLACEMENT_3D ( 'NONE', #8585, #1116, #10277 ) ;
#7057 = CARTESIAN_POINT ( 'NONE',  ( -33.63234029704163675, 77.93809601273135002, -16.60901105260355592 ) ) ;
#7058 = FACE_OUTER_BOUND ( 'NONE', #1506, .T. ) ;
#7059 = CARTESIAN_POINT ( 'NONE',  ( -72.75018757559281823, -42.96752442999645183, -15.99988756943687385 ) ) ;
#7060 = DIRECTION ( 'NONE',  ( 1.000000000000000000, 0.000000000000000000, 0.000000000000000000 ) ) ;
#7061 = EDGE_LOOP ( 'NONE', ( #23, #2109, #3625, #8879 ) ) ;
#7062 = AXIS2_PLACEMENT_3D ( 'NONE', #6748, #8511, #9385 ) ;
#7063 = CARTESIAN_POINT ( 'NONE',  ( 58.58369935574947363, -11.68111083677663942, 17.00000000000000000 ) ) ;
#7064 = LINE ( 'NONE', #9479, #5110 ) ;
#7065 = EDGE_LOOP ( 'NONE', ( #3261, #8854, #3790, #183 ) ) ;
#7066 = ORIENTED_EDGE ( 'NONE', *, *, #10391, .T. ) ;
#7067 = CARTESIAN_POINT ( 'NONE',  ( 84.11182357192383563, 7.999832654574150048, -15.99987001606596415 ) ) ;
#7068 = CARTESIAN_POINT ( 'NONE',  ( 91.37756621894718023, -4.731848676989291569, 30.00000000000000355 ) ) ;
#7069 = VECTOR ( 'NONE', #10282, 999.9999999999998863 ) ;
#7070 = FACE_OUTER_BOUND ( 'NONE', #6262, .T. ) ;
#7071 = CARTESIAN_POINT ( 'NONE',  ( -31.61475128436954662, 68.23621904308328112, -6.904288729155218185 ) ) ;
#7072 = EDGE_CURVE ( 'NONE', #5030, #4920, #10168, .T. ) ;
#7073 = PLANE ( 'NONE',  #4835 ) ;
#7074 = CARTESIAN_POINT ( 'NONE',  ( -76.70731484416437240, 49.88223981938102014, -18.50000000000000000 ) ) ;
#7075 = VERTEX_POINT ( 'NONE', #1469 ) ;
#7076 = CARTESIAN_POINT ( 'NONE',  ( -8.341399780305366107, -14.40733826189111610, -3.000000000000000000 ) ) ;
#7077 = ORIENTED_EDGE ( 'NONE', *, *, #9921, .F. ) ;
#7078 = CARTESIAN_POINT ( 'NONE',  ( -31.52135897448046720, -67.79944873078292744, -6.651639278701465763 ) ) ;
#7079 = EDGE_LOOP ( 'NONE', ( #5499, #7023, #4863, #5006 ) ) ;
#7080 = CARTESIAN_POINT ( 'NONE',  ( -31.91059361300031227, -79.84520685414926788, -18.47998818980960678 ) ) ;
#7081 = VECTOR ( 'NONE', #827, 1000.000000000000000 ) ;
#7082 = CARTESIAN_POINT ( 'NONE',  ( 85.83440617534145645, -5.307351189430526972, -18.50000000000553513 ) ) ;
#7083 = CARTESIAN_POINT ( 'NONE',  ( 33.63234029704543104, 77.93809601274848831, 30.60901105260307276 ) ) ;
#7084 = DIRECTION ( 'NONE',  ( 1.000000000000000000, 0.000000000000000000, 0.000000000000000000 ) ) ;
#7085 = ADVANCED_FACE ( 'NONE', ( #646 ), #4733, .F. ) ;
#7086 = ORIENTED_EDGE ( 'NONE', *, *, #4706, .T. ) ;
#7087 = DIRECTION ( 'NONE',  ( 0.000000000000000000, 0.000000000000000000, -1.000000000000000000 ) ) ;
#7088 = CARTESIAN_POINT ( 'NONE',  ( -70.34369812068658234, 32.38956261794874791, -3.000000000000004885 ) ) ;
#7089 = AXIS2_PLACEMENT_3D ( 'NONE', #4494, #6279, #9621 ) ;
#7090 = ORIENTED_EDGE ( 'NONE', *, *, #3581, .F. ) ;
#7091 = SPHERICAL_SURFACE ( 'NONE', #5223, 2.500000000000000000 ) ;
#7092 = DIRECTION ( 'NONE',  ( 0.000000000000000000, 1.000000000000000000, 0.000000000000000000 ) ) ;
#7093 = CIRCLE ( 'NONE', #8850, 2.499999999999998668 ) ;
#7094 =( BOUNDED_SURFACE ( )  B_SPLINE_SURFACE ( 3, 2, ( 
 ( #3219, #2406, #9061 ),
 ( #7245, #2462, #548 ),
 ( #1644, #2235, #9764 ),
 ( #9000, #5772, #1479 ) ),
 .UNSPECIFIED., .F., .F., .T. ) 
 B_SPLINE_SURFACE_WITH_KNOTS ( ( 4, 4 ),
 ( 3, 3 ),
 ( 0.01553705630872951292, 0.03123679344149748668 ),
 ( 0.000000000000000000, 1.000000000000000000 ),
 .UNSPECIFIED. ) 
 GEOMETRIC_REPRESENTATION_ITEM ( )  RATIONAL_B_SPLINE_SURFACE ( (
 ( 1.000000000000000000, 0.8701356065325348554, 1.000000000000000000),
 ( 1.000000000000000000, 0.8701330656961387966, 1.000000000000000000),
 ( 1.000000000000000000, 0.8701330656384937967, 1.000000000000000000),
 ( 1.000000000000000000, 0.8701356065341014911, 1.000000000000000000) ) ) 
 REPRESENTATION_ITEM ( '' )  SURFACE ( )  );
#7095 = CARTESIAN_POINT ( 'NONE',  ( -41.30779598900816296, 43.15267505862219366, -3.000000000000000000 ) ) ;
#7096 = EDGE_CURVE ( 'NONE', #466, #5561, #9640, .T. ) ;
#7097 = PLANE ( 'NONE',  #8949 ) ;
#7098 = VECTOR ( 'NONE', #793, 999.9999999999998863 ) ;
#7099 = VERTEX_POINT ( 'NONE', #3865 ) ;
#7100 = ADVANCED_FACE ( 'NONE', ( #7228 ), #9300, .T. ) ;
#7101 = ORIENTED_EDGE ( 'NONE', *, *, #6691, .T. ) ;
#7102 = EDGE_CURVE ( 'NONE', #4171, #8543, #2165, .T. ) ;
#7103 = DIRECTION ( 'NONE',  ( 0.4056281494946316624, -0.9140381853826243796, 0.000000000000000000 ) ) ;
#7104 = AXIS2_PLACEMENT_3D ( 'NONE', #8051, #4779, #4020 ) ;
#7105 = DIRECTION ( 'NONE',  ( -1.000000000000000000, 0.000000000000000000, 0.000000000000000000 ) ) ;
#7106 = VERTEX_POINT ( 'NONE', #7177 ) ;
#7107 = AXIS2_PLACEMENT_3D ( 'NONE', #4930, #5038, #1619 ) ;
#7108 = EDGE_LOOP ( 'NONE', ( #9023, #1678, #1946, #6547 ) ) ;
#7109 = DIRECTION ( 'NONE',  ( 0.000000000000000000, -0.000000000000000000, -1.000000000000000000 ) ) ;
#7110 = CARTESIAN_POINT ( 'NONE',  ( -68.20213817285893754, -58.72366089278032319, -3.000000000000000000 ) ) ;
#7111 = FACE_OUTER_BOUND ( 'NONE', #9778, .T. ) ;
#7112 = EDGE_CURVE ( 'NONE', #1433, #3129, #1850, .T. ) ;
#7113 = ORIENTED_EDGE ( 'NONE', *, *, #47, .F. ) ;
#7114 = CIRCLE ( 'NONE', #5208, 2.499999999999998668 ) ;
#7115 = AXIS2_PLACEMENT_3D ( 'NONE', #9435, #10199, #4466 ) ;
#7116 = EDGE_CURVE ( 'NONE', #4938, #4896, #535, .T. ) ;
#7117 = CARTESIAN_POINT ( 'NONE',  ( -31.57188114323736272, 79.99330960273375979, -18.50000000003952749 ) ) ;
#7118 = CARTESIAN_POINT ( 'NONE',  ( -76.70731484416434398, -49.88223981938104146, 30.00000000000000355 ) ) ;
#7119 = DIRECTION ( 'NONE',  ( 0.000000000000000000, 0.000000000000000000, -1.000000000000000000 ) ) ;
#7120 = B_SPLINE_CURVE_WITH_KNOTS ( 'NONE', 3,
 ( #8813, #10503, #7877, #2054, #9526, #4727, #3744, #3033, #7004, #3906, #6554, #6340 ),
 .UNSPECIFIED., .F., .F.,
 ( 4, 1, 2, 2, 1, 1, 1, 4 ),
 ( 0.000000000000000000, 0.4584319647120354002, 0.4870839625065384038, 0.5014099614037900166, 0.5157359603010416294, 0.5730399558900480805, 0.6876479470680617601, 0.9168639294240895632 ),
 .UNSPECIFIED. ) ;
#7121 = DIRECTION ( 'NONE',  ( -0.000000000000000000, 0.000000000000000000, 1.000000000000000000 ) ) ;
#7122 = VERTEX_POINT ( 'NONE', #5654 ) ;
#7123 = AXIS2_PLACEMENT_3D ( 'NONE', #541, #2225, #9595 ) ;
#7124 = CARTESIAN_POINT ( 'NONE',  ( 86.54756481794186129, 5.744108926404588367, 32.49999999989797317 ) ) ;
#7125 = DIRECTION ( 'NONE',  ( -0.8654182317380993972, -0.5010501812945499234, 0.000000000000000000 ) ) ;
#7126 = EDGE_LOOP ( 'NONE', ( #8922, #3734, #616, #7712, #2237, #3287, #10567, #10540 ) ) ;
#7127 = EDGE_LOOP ( 'NONE', ( #403, #5988, #10139, #2270, #1872, #9580, #1225, #4757 ) ) ;
#7128 = AXIS2_PLACEMENT_3D ( 'NONE', #7147, #10700, #2357 ) ;
#7129 = CARTESIAN_POINT ( 'NONE',  ( -22.94021773293307831, -87.02491087997803731, 32.50003120055524874 ) ) ;
#7130 = CARTESIAN_POINT ( 'NONE',  ( 0.000000000000000000, 0.000000000000000000, -16.00000000000000000 ) ) ;
#7131 = LINE ( 'NONE', #2997, #6924 ) ;
#7132 = CARTESIAN_POINT ( 'NONE',  ( 26.36704873968083263, 43.69414826633878590, 14.00000000000000000 ) ) ;
#7133 = ORIENTED_EDGE ( 'NONE', *, *, #1631, .F. ) ;
#7134 = CARTESIAN_POINT ( 'NONE',  ( 28.27582184716541036, 52.62095848504020523, -3.000000000000000000 ) ) ;
#7135 = ORIENTED_EDGE ( 'NONE', *, *, #8968, .T. ) ;
#7136 = CARTESIAN_POINT ( 'NONE',  ( 0.000000000000000000, 0.000000000000000000, -3.000000000000000000 ) ) ;
#7137 = VERTEX_POINT ( 'NONE', #870 ) ;
#7138 = EDGE_CURVE ( 'NONE', #4759, #2085, #2499, .T. ) ;
#7139 = DIRECTION ( 'NONE',  ( -0.5451610909221968893, -0.8383313097722884244, 0.000000000000000000 ) ) ;
#7140 = CARTESIAN_POINT ( 'NONE',  ( -85.15828051339667581, -7.332600169191773709, 31.57978544520723929 ) ) ;
#7141 = CARTESIAN_POINT ( 'NONE',  ( -69.89206765410007449, -59.70207738771622274, 30.00000000000000355 ) ) ;
#7142 = ADVANCED_FACE ( 'NONE', ( #9207 ), #2612, .T. ) ;
#7143 = ORIENTED_EDGE ( 'NONE', *, *, #6823, .F. ) ;
#7144 = CARTESIAN_POINT ( 'NONE',  ( 73.89456172767778241, 43.99538324727300420, 30.00000000000000355 ) ) ;
#7145 = CARTESIAN_POINT ( 'NONE',  ( 35.10867127117314368, 86.24939768241124227, -17.90891818163019877 ) ) ;
#7146 = EDGE_LOOP ( 'NONE', ( #7394, #6380, #9123, #9149 ) ) ;
#7147 = CARTESIAN_POINT ( 'NONE',  ( -71.14469310733639418, 57.53853180837101178, 17.00000000000000000 ) ) ;
#7148 = DIRECTION ( 'NONE',  ( -0.9338033676472273781, 0.3577866271546452648, 0.000000000000000000 ) ) ;
#7149 = DIRECTION ( 'NONE',  ( 1.000000000000000000, 0.000000000000000000, 0.000000000000000000 ) ) ;
#7150 = CIRCLE ( 'NONE', #2470, 51.03332099679091982 ) ;
#7151 = DIRECTION ( 'NONE',  ( -0.9778946696698131991, 0.2090980990620598390, 0.000000000000000000 ) ) ;
#7152 = ORIENTED_EDGE ( 'NONE', *, *, #3461, .F. ) ;
#7153 = ORIENTED_EDGE ( 'NONE', *, *, #2456, .T. ) ;
#7154 = CARTESIAN_POINT ( 'NONE',  ( -53.80544377084090968, 25.95113860327754907, 17.00000000000000000 ) ) ;
#7155 = CARTESIAN_POINT ( 'NONE',  ( -84.31842917863748710, 7.978616593666757240, 30.30948754351139485 ) ) ;
#7156 = VERTEX_POINT ( 'NONE', #7452 ) ;
#7157 = AXIS2_PLACEMENT_3D ( 'NONE', #5406, #8738, #6930 ) ;
#7158 = ADVANCED_FACE ( 'NONE', ( #9860 ), #10731, .T. ) ;
#7159 = ORIENTED_EDGE ( 'NONE', *, *, #7116, .T. ) ;
#7160 = DIRECTION ( 'NONE',  ( 1.000000000000000000, 5.329070518200752183E-15, 0.000000000000000000 ) ) ;
#7161 = CARTESIAN_POINT ( 'NONE',  ( 0.000000000000000000, 0.000000000000000000, 0.000000000000000000 ) ) ;
#7162 = EDGE_CURVE ( 'NONE', #8404, #353, #9967, .T. ) ;
#7163 = EDGE_CURVE ( 'NONE', #5944, #341, #2887, .T. ) ;
#7164 = CARTESIAN_POINT ( 'NONE',  ( -58.78321495171408628, -10.63113418811949984, 17.00000000000000000 ) ) ;
#7165 = EDGE_LOOP ( 'NONE', ( #8255, #9819, #668, #9091 ) ) ;
#7166 = VECTOR ( 'NONE', #3058, 1000.000000000000114 ) ;
#7167 = EDGE_LOOP ( 'NONE', ( #648, #10701, #1916, #9189, #9083, #9356, #6276, #2981 ) ) ;
#7168 = CARTESIAN_POINT ( 'NONE',  ( -34.77390060466381527, -83.01069712234058784, 17.00000000000000000 ) ) ;
#7169 = DIRECTION ( 'NONE',  ( -1.000000000000000000, 0.000000000000000000, -0.000000000000000000 ) ) ;
#7170 = CARTESIAN_POINT ( 'NONE',  ( -31.57188114324586792, -79.99330960275527502, -18.50000000000371614 ) ) ;
#7171 = EDGE_CURVE ( 'NONE', #5096, #520, #9992, .T. ) ;
#7172 = CARTESIAN_POINT ( 'NONE',  ( 72.56107605579038022, -46.15846078176503653, -18.50000000005985612 ) ) ;
#7173 = ORIENTED_EDGE ( 'NONE', *, *, #1082, .F. ) ;
#7174 = DIRECTION ( 'NONE',  ( 0.000000000000000000, 0.000000000000000000, -1.000000000000000000 ) ) ;
#7175 = EDGE_CURVE ( 'NONE', #5899, #3042, #8431, .T. ) ;
#7176 = VECTOR ( 'NONE', #7014, 1000.000000000000227 ) ;
#7177 = CARTESIAN_POINT ( 'NONE',  ( 33.40773828059415962, -38.57878788838271333, 14.00000000000000000 ) ) ;
#7178 = ORIENTED_EDGE ( 'NONE', *, *, #9981, .F. ) ;
#7179 = ORIENTED_EDGE ( 'NONE', *, *, #9683, .F. ) ;
#7180 = CARTESIAN_POINT ( 'NONE',  ( -24.38551631369319139, 90.78186269357226479, 17.00000000000000000 ) ) ;
#7181 = CARTESIAN_POINT ( 'NONE',  ( 66.16471663668500014, 37.05235985611446381, 21.27971910425923241 ) ) ;
#7182 = CARTESIAN_POINT ( 'NONE',  ( 26.36704873968083618, 43.69414826633878590, 16.99999999999998579 ) ) ;
#7183 = DIRECTION ( 'NONE',  ( 1.000000000000000000, 0.000000000000000000, 0.000000000000000000 ) ) ;
#7184 = CARTESIAN_POINT ( 'NONE',  ( -65.10972727629999213, 36.10475796754471389, -6.472556012213795285 ) ) ;
#7185 = CARTESIAN_POINT ( 'NONE',  ( 13.83509055125525045, 2.958285001794470404, 30.00000000000000355 ) ) ;
#7186 = VERTEX_POINT ( 'NONE', #1583 ) ;
#7187 = CARTESIAN_POINT ( 'NONE',  ( -64.29685892160878780, -56.05134286896656448, -17.28567951662521551 ) ) ;
#7188 = VECTOR ( 'NONE', #4794, 1000.000000000000114 ) ;
#7189 = VERTEX_POINT ( 'NONE', #45 ) ;
#7190 = DIRECTION ( 'NONE',  ( 0.000000000000000000, 0.000000000000000000, -1.000000000000000000 ) ) ;
#7191 = EDGE_LOOP ( 'NONE', ( #3696, #5996, #3458, #10281 ) ) ;
#7192 = CARTESIAN_POINT ( 'NONE',  ( -32.73747638465003718, 85.44300813972132858, 14.00000000000000000 ) ) ;
#7193 = DIRECTION ( 'NONE',  ( -0.4056281494946325505, -0.9140381853826238245, 0.000000000000000000 ) ) ;
#7194 = DIRECTION ( 'NONE',  ( -0.2090980990620548152, 0.9778946696698144203, 0.000000000000000000 ) ) ;
#7195 = ORIENTED_EDGE ( 'NONE', *, *, #10653, .F. ) ;
#7196 = FACE_OUTER_BOUND ( 'NONE', #3972, .T. ) ;
#7197 = CYLINDRICAL_SURFACE ( 'NONE', #6590, 2.500000000000002220 ) ;
#7198 = ADVANCED_FACE ( 'NONE', ( #4895 ), #5859, .T. ) ;
#7199 = ORIENTED_EDGE ( 'NONE', *, *, #6693, .T. ) ;
#7200 = CARTESIAN_POINT ( 'NONE',  ( 24.38551631369318784, 90.78186269357226479, 14.00000000000000000 ) ) ;
#7201 = LINE ( 'NONE', #10379, #2371 ) ;
#7202 = DIRECTION ( 'NONE',  ( 0.000000000000000000, 0.000000000000000000, 1.000000000000000000 ) ) ;
#7203 = DIRECTION ( 'NONE',  ( 0.000000000000000000, -1.000000000000000000, 1.387778780781444492E-15 ) ) ;
#7204 = ORIENTED_EDGE ( 'NONE', *, *, #5279, .F. ) ;
#7205 = CARTESIAN_POINT ( 'NONE',  ( -78.80314311859510212, 51.24514254668651603, 14.00000000000000000 ) ) ;
#7206 = ORIENTED_EDGE ( 'NONE', *, *, #3, .F. ) ;
#7207 = LINE ( 'NONE', #3075, #9960 ) ;
#7208 = CARTESIAN_POINT ( 'NONE',  ( -22.37191700918135595, 55.94194604959675132, -3.000000000000002665 ) ) ;
#7209 = EDGE_CURVE ( 'NONE', #2209, #7600, #9917, .T. ) ;
#7210 = EDGE_CURVE ( 'NONE', #8924, #6428, #8219, .T. ) ;
#7211 = ORIENTED_EDGE ( 'NONE', *, *, #9650, .F. ) ;
#7212 = VERTEX_POINT ( 'NONE', #1739 ) ;
#7213 = DIRECTION ( 'NONE',  ( -1.000000000000000000, 0.000000000000000000, 0.000000000000000000 ) ) ;
#7214 = DIRECTION ( 'NONE',  ( -0.000000000000000000, 0.000000000000000000, 1.000000000000000000 ) ) ;
#7215 = DIRECTION ( 'NONE',  ( 1.000000000000000000, 0.000000000000000000, 0.000000000000000000 ) ) ;
#7216 = ORIENTED_EDGE ( 'NONE', *, *, #7503, .F. ) ;
#7217 = ORIENTED_EDGE ( 'NONE', *, *, #2111, .T. ) ;
#7218 = CARTESIAN_POINT ( 'NONE',  ( 76.70731484416432977, 49.88223981938108409, -3.000000000000000888 ) ) ;
#7219 = AXIS2_PLACEMENT_3D ( 'NONE', #7998, #534, #9691 ) ;
#7220 = CARTESIAN_POINT ( 'NONE',  ( -60.06381680626130759, -3.543711396332858587, -3.000000000000000000 ) ) ;
#7221 = ADVANCED_FACE ( 'NONE', ( #6577 ), #2449, .T. ) ;
#7222 = EDGE_CURVE ( 'NONE', #8480, #9654, #65, .T. ) ;
#7223 = DIRECTION ( 'NONE',  ( 0.000000000000000000, -0.000000000000000000, -1.000000000000000000 ) ) ;
#7224 = CARTESIAN_POINT ( 'NONE',  ( 18.38349979345281326, -82.46723521067735874, -15.99988756943915647 ) ) ;
#7225 = VERTEX_POINT ( 'NONE', #4238 ) ;
#7226 = CARTESIAN_POINT ( 'NONE',  ( 0.000000000000000000, 0.000000000000000000, -3.000000000000000000 ) ) ;
#7227 = AXIS2_PLACEMENT_3D ( 'NONE', #8206, #799, #1508 ) ;
#7228 = FACE_OUTER_BOUND ( 'NONE', #3764, .T. ) ;
#7229 = ORIENTED_EDGE ( 'NONE', *, *, #5192, .F. ) ;
#7230 = VERTEX_POINT ( 'NONE', #8382 ) ;
#7231 = ADVANCED_FACE ( 'NONE', ( #8323 ), #920, .T. ) ;
#7232 = EDGE_CURVE ( 'NONE', #8834, #9254, #9313, .T. ) ;
#7233 = DIRECTION ( 'NONE',  ( -0.000000000000000000, -0.000000000000000000, 1.000000000000000000 ) ) ;
#7234 = CARTESIAN_POINT ( 'NONE',  ( -14.37471697192424180, 73.43394024391153607, 20.68516148234945362 ) ) ;
#7235 = LINE ( 'NONE', #2882, #4871 ) ;
#7236 = ADVANCED_FACE ( 'NONE', ( #459 ), #9507, .T. ) ;
#7237 = CARTESIAN_POINT ( 'NONE',  ( 15.45553032627443812, -75.86943363454126654, 22.32620741698996625 ) ) ;
#7238 = CARTESIAN_POINT ( 'NONE',  ( 28.27582184929685383, -52.62095849500829559, 17.00000000000000000 ) ) ;
#7240 = ADVANCED_FACE ( 'NONE', ( #6275 ), #7918, .T. ) ;
#7239 = TOROIDAL_SURFACE ( 'NONE', #7931, 91.50000000000001421, 2.500000000000000000 ) ;
#7241 = CARTESIAN_POINT ( 'NONE',  ( 91.37756621894718023, 4.731848676989291569, 14.00000000000000000 ) ) ;
#7242 = AXIS2_PLACEMENT_3D ( 'NONE', #1326, #2088, #4648 ) ;
#7243 = ORIENTED_EDGE ( 'NONE', *, *, #3500, .F. ) ;
#7244 = EDGE_LOOP ( 'NONE', ( #2672, #8194, #10615 ) ) ;
#7245 = CARTESIAN_POINT ( 'NONE',  ( -69.28810768277786281, -53.59412948649821118, -18.50000000000000355 ) ) ;
#7246 = CARTESIAN_POINT ( 'NONE',  ( -78.37788641306555348, 48.02234986748099033, 30.00000000000000355 ) ) ;
#7247 = ORIENTED_EDGE ( 'NONE', *, *, #971, .T. ) ;
#7248 = EDGE_CURVE ( 'NONE', #6009, #5892, #10511, .T. ) ;
#7249 = CYLINDRICAL_SURFACE ( 'NONE', #8792, 2.500000000000000444 ) ;
#7250 = AXIS2_PLACEMENT_3D ( 'NONE', #10683, #6583, #3099 ) ;
#7251 = DIRECTION ( 'NONE',  ( -0.9946479639414453899, -0.1033219619787452137, 0.000000000000000000 ) ) ;
#7252 = CARTESIAN_POINT ( 'NONE',  ( 69.89206765410003186, 59.70207738771625827, -16.00000000000000000 ) ) ;
#7253 = ORIENTED_EDGE ( 'NONE', *, *, #2589, .T. ) ;
#7254 = CARTESIAN_POINT ( 'NONE',  ( -71.14469310733640839, 57.53853180837099046, -18.50000000000000000 ) ) ;
#7255 = DIRECTION ( 'NONE',  ( 0.000000000000000000, 0.000000000000000000, -1.000000000000000000 ) ) ;
#7256 = CIRCLE ( 'NONE', #9875, 2.499999999999998668 ) ;
#7257 = EDGE_LOOP ( 'NONE', ( #9516, #8577, #8091, #356 ) ) ;
#7258 = CARTESIAN_POINT ( 'NONE',  ( -18.38368993616211000, -82.46718214790280399, -15.99987001606528025 ) ) ;
#7259 = ORIENTED_EDGE ( 'NONE', *, *, #7355, .T. ) ;
#7260 = DIRECTION ( 'NONE',  ( -0.9140381853826250458, 0.4056281494946301636, 0.000000000000000000 ) ) ;
#7261 = ORIENTED_EDGE ( 'NONE', *, *, #9509, .F. ) ;
#7262 = CARTESIAN_POINT ( 'NONE',  ( -71.72194674751902710, -60.76152034590680273, 17.00000000000000000 ) ) ;
#7263 = ORIENTED_EDGE ( 'NONE', *, *, #3493, .T. ) ;
#7264 = VECTOR ( 'NONE', #2459, 1000.000000000000227 ) ;
#7265 = DIRECTION ( 'NONE',  ( -0.4056281494946316069, -0.9140381853826242686, 0.000000000000000000 ) ) ;
#7266 = B_SPLINE_CURVE_WITH_KNOTS ( 'NONE', 3,
 ( #4394, #6832, #7714, #961 ),
 .UNSPECIFIED., .F., .F.,
 ( 4, 4 ),
 ( 0.000000000000000000, 1.000000000000000000 ),
 .UNSPECIFIED. ) ;
#7267 = ORIENTED_EDGE ( 'NONE', *, *, #4578, .F. ) ;
#7268 = CARTESIAN_POINT ( 'NONE',  ( -40.52922369190289231, -43.88485168617526710, -3.000000000000002665 ) ) ;
#7269 = CARTESIAN_POINT ( 'NONE',  ( -9.066906421276939909, 76.90975776729577262, -3.000000000000004885 ) ) ;
#7270 = ORIENTED_EDGE ( 'NONE', *, *, #6573, .F. ) ;
#7271 = ORIENTED_EDGE ( 'NONE', *, *, #2986, .F. ) ;
#7272 = CARTESIAN_POINT ( 'NONE',  ( 33.17960277616232645, -87.51071245420151001, -18.50000000000000000 ) ) ;
#7273 = DIRECTION ( 'NONE',  ( 1.000000000000000000, 0.000000000000000000, 0.000000000000000000 ) ) ;
#7274 = CARTESIAN_POINT ( 'NONE',  ( 4.351385440520329162, 50.84747089786795016, -3.000000000000000000 ) ) ;
#7275 = LINE ( 'NONE', #6453, #2541 ) ;
#7276 = ORIENTED_EDGE ( 'NONE', *, *, #9459, .T. ) ;
#7277 = ADVANCED_FACE ( 'NONE', ( #5414 ), #7097, .F. ) ;
#7278 = AXIS2_PLACEMENT_3D ( 'NONE', #5866, #10136, #876 ) ;
#7279 = ORIENTED_EDGE ( 'NONE', *, *, #10118, .F. ) ;
#7280 = CIRCLE ( 'NONE', #2596, 2.500000000000002220 ) ;
#7281 = CARTESIAN_POINT ( 'NONE',  ( -69.83457129610845016, -40.34865964512573555, 24.94393758859114740 ) ) ;
#7282 = CARTESIAN_POINT ( 'NONE',  ( -32.73747638465002296, -85.44300813972131436, 14.00000000000000000 ) ) ;
#7283 = CARTESIAN_POINT ( 'NONE',  ( 21.29535345668227464, -83.31833715123913464, -18.50004557244986003 ) ) ;
#7284 = ORIENTED_EDGE ( 'NONE', *, *, #7314, .T. ) ;
#7285 = AXIS2_PLACEMENT_3D ( 'NONE', #753, #808, #4076 ) ;
#7286 = CIRCLE ( 'NONE', #8881, 2.500000000000005329 ) ;
#7287 = DIRECTION ( 'NONE',  ( -0.4056281494946326061, -0.9140381853826238245, 0.000000000000000000 ) ) ;
#7288 = AXIS2_PLACEMENT_3D ( 'NONE', #224, #6971, #10149 ) ;
#7289 = CARTESIAN_POINT ( 'NONE',  ( 37.87113999178259860, 67.55069494534538421, 16.99999999999999645 ) ) ;
#7290 = EDGE_LOOP ( 'NONE', ( #7045, #5860, #2607, #1558 ) ) ;
#7291 = EDGE_LOOP ( 'NONE', ( #8904, #6312, #4010, #8097 ) ) ;
#7292 = DIRECTION ( 'NONE',  ( 0.000000000000000000, 0.000000000000000000, 1.000000000000000000 ) ) ;
#7293 = LINE ( 'NONE', #5660, #5508 ) ;
#7294 = CARTESIAN_POINT ( 'NONE',  ( 28.27582184931687337, -52.62095849510212275, -3.000000000000000000 ) ) ;
#7295 = CARTESIAN_POINT ( 'NONE',  ( -75.94735446185036665, -15.14328174876125033, -2.999999999999996003 ) ) ;
#7296 = CIRCLE ( 'NONE', #10431, 2.499999999999998668 ) ;
#7297 = CARTESIAN_POINT ( 'NONE',  ( 78.80314311859507370, -51.24514254668657287, 30.00000000000000000 ) ) ;
#7298 = CARTESIAN_POINT ( 'NONE',  ( -33.63718326061260200, -83.24503368762589162, 32.11743728746675686 ) ) ;
#7299 = CIRCLE ( 'NONE', #9743, 91.50000000000001421 ) ;
#7300 = ORIENTED_EDGE ( 'NONE', *, *, #8555, .F. ) ;
#7301 = EDGE_CURVE ( 'NONE', #6614, #5591, #3838, .T. ) ;
#7302 = SPHERICAL_SURFACE ( 'NONE', #4497, 2.500000000000000000 ) ;
#7303 = CARTESIAN_POINT ( 'NONE',  ( 8.054202958849929317, 59.19136076220230791, 17.00000000000000000 ) ) ;
#7304 = ADVANCED_FACE ( 'NONE', ( #2090 ), #1275, .T. ) ;
#7305 = ORIENTED_EDGE ( 'NONE', *, *, #3853, .T. ) ;
#7306 = EDGE_CURVE ( 'NONE', #6455, #2809, #6839, .T. ) ;
#7307 = CARTESIAN_POINT ( 'NONE',  ( -24.38551631369323758, -90.78186269357225058, 17.00000000000000000 ) ) ;
#7308 = CIRCLE ( 'NONE', #6951, 2.499999999999997335 ) ;
#7309 = DIRECTION ( 'NONE',  ( -0.9946479639414452789, -0.1033219619787458798, 0.000000000000000000 ) ) ;
#7310 = DIRECTION ( 'NONE',  ( 1.000000000000000000, 0.000000000000000000, 0.000000000000000000 ) ) ;
#7311 = ORIENTED_EDGE ( 'NONE', *, *, #7497, .F. ) ;
#7312 = CARTESIAN_POINT ( 'NONE',  ( -30.05185159918228166, -56.20746979058854720, 17.00000000000000000 ) ) ;
#7313 = FACE_OUTER_BOUND ( 'NONE', #5989, .T. ) ;
#7314 = EDGE_CURVE ( 'NONE', #10727, #6116, #8072, .T. ) ;
#7315 = VECTOR ( 'NONE', #8779, 1000.000000000000000 ) ;
#7316 = EDGE_LOOP ( 'NONE', ( #5851, #3898, #1974, #6991 ) ) ;
#7317 = DIRECTION ( 'NONE',  ( -0.05171419319113981089, 0.9986619258901331397, 6.929609149623300735E-16 ) ) ;
#7318 = ORIENTED_EDGE ( 'NONE', *, *, #4569, .T. ) ;
#7319 = CARTESIAN_POINT ( 'NONE',  ( -14.78258981526787963, 58.40786793623274065, 17.00000000000000000 ) ) ;
#7320 = VERTEX_POINT ( 'NONE', #8797 ) ;
#7321 = EDGE_CURVE ( 'NONE', #1813, #8589, #2194, .T. ) ;
#7322 = CARTESIAN_POINT ( 'NONE',  ( -34.77390060466382238, 83.01069712234061626, 0.000000000000000000 ) ) ;
#7323 = DIRECTION ( 'NONE',  ( 0.2090980990620600055, 0.9778946696698130880, 0.000000000000000000 ) ) ;
#7324 = ORIENTED_EDGE ( 'NONE', *, *, #7537, .F. ) ;
#7325 = CARTESIAN_POINT ( 'NONE',  ( 32.73747638465003718, 85.44300813972131436, 30.00000000000000000 ) ) ;
#7326 = CARTESIAN_POINT ( 'NONE',  ( -85.31301083978507904, 7.101992651944017965, 31.81104402676735532 ) ) ;
#7327 = ORIENTED_EDGE ( 'NONE', *, *, #2392, .F. ) ;
#7328 = ORIENTED_EDGE ( 'NONE', *, *, #6829, .F. ) ;
#7329 = DIRECTION ( 'NONE',  ( -0.8654182317380989531, -0.5010501812945508116, 0.000000000000000000 ) ) ;
#7330 = VECTOR ( 'NONE', #7292, 1000.000000000000000 ) ;
#7331 = CARTESIAN_POINT ( 'NONE',  ( 0.000000000000000000, 0.000000000000000000, 17.00000000000000000 ) ) ;
#7332 = DIRECTION ( 'NONE',  ( -0.000000000000000000, 0.000000000000000000, 1.000000000000000000 ) ) ;
#7333 = SPHERICAL_SURFACE ( 'NONE', #8457, 2.500000000000000000 ) ;
#7334 = ORIENTED_EDGE ( 'NONE', *, *, #7903, .T. ) ;
#7335 = ORIENTED_EDGE ( 'NONE', *, *, #4245, .F. ) ;
#7336 = CIRCLE ( 'NONE', #1431, 2.499999999999999112 ) ;
#7337 = CARTESIAN_POINT ( 'NONE',  ( 53.80544377083943886, 25.95113860327623456, -3.000000000000000000 ) ) ;
#7338 = DIRECTION ( 'NONE',  ( -1.000000000000000000, 0.000000000000000000, 0.000000000000000000 ) ) ;
#7339 = CARTESIAN_POINT ( 'NONE',  ( 72.75018757564873795, -42.96752443004734090, 29.99988756943822921 ) ) ;
#7340 = EDGE_LOOP ( 'NONE', ( #3217, #744, #6827, #2138, #126, #3710 ) ) ;
#7341 = ADVANCED_FACE ( 'NONE', ( #10489 ), #4769, .T. ) ;
#7343 = CARTESIAN_POINT ( 'NONE',  ( -18.88043970863228793, 83.03464265176442893, -17.04595453367555180 ) ) ;
#7342 = CIRCLE ( 'NONE', #8020, 2.499999999999996447 ) ;
#7344 = CARTESIAN_POINT ( 'NONE',  ( 68.20213817285898017, -58.72366089278028767, -0.000000000000000000 ) ) ;
#7345 = VERTEX_POINT ( 'NONE', #7043 ) ;
#7346 = EDGE_LOOP ( 'NONE', ( #7942, #7653, #6330 ) ) ;
#7347 = CARTESIAN_POINT ( 'NONE',  ( 66.09143193724440835, -41.62464035794509698, 17.00000000000000000 ) ) ;
#7348 = LINE ( 'NONE', #2398, #2559 ) ;
#7349 = CYLINDRICAL_SURFACE ( 'NONE', #10269, 90.00000000000001421 ) ;
#7350 = B_SPLINE_CURVE_WITH_KNOTS ( 'NONE', 3,
 ( #9471, #4506, #699, #7337 ),
 .UNSPECIFIED., .F., .F.,
 ( 4, 4 ),
 ( 0.000000000000000000, 1.000000000000000000 ),
 .UNSPECIFIED. ) ;
#7351 = CARTESIAN_POINT ( 'NONE',  ( 8.054202958870213536, -59.19136076224805976, 17.00000000000000000 ) ) ;
#7352 = CARTESIAN_POINT ( 'NONE',  ( -33.40773828059417383, 38.57878788838269912, 0.000000000000000000 ) ) ;
#7353 = FACE_OUTER_BOUND ( 'NONE', #1707, .T. ) ;
#7354 = ORIENTED_EDGE ( 'NONE', *, *, #3506, .F. ) ;
#7355 = EDGE_CURVE ( 'NONE', #9630, #6325, #6144, .T. ) ;
#7356 = B_SPLINE_CURVE_WITH_KNOTS ( 'NONE', 3,
 ( #1741, #4193, #5007, #816, #9150, #7513, #9267, #5061, #8385, #922, #6630, #7401 ),
 .UNSPECIFIED., .F., .F.,
 ( 4, 2, 2, 2, 2, 4 ),
 ( 1.554683916494275992E-16, 0.0009059716608284215959, 0.001811943321656687717, 0.002717914982484953296, 0.003170900812899068739, 0.003623886643313184181 ),
 .UNSPECIFIED. ) ;
#7357 = AXIS2_PLACEMENT_3D ( 'NONE', #9534, #10302, #1195 ) ;
#7358 = LINE ( 'NONE', #718, #4853 ) ;
#7359 = CARTESIAN_POINT ( 'NONE',  ( -70.48967974058400898, -48.09507770110828773, -17.28566300384246190 ) ) ;
#7360 = ORIENTED_EDGE ( 'NONE', *, *, #6134, .F. ) ;
#7361 = DIRECTION ( 'NONE',  ( 1.000000000000000000, 0.000000000000000000, 0.000000000000000000 ) ) ;
#7362 = EDGE_CURVE ( 'NONE', #1102, #4897, #10436, .T. ) ;
#7363 = CARTESIAN_POINT ( 'NONE',  ( -84.51613619872657068, -7.887322993630107248, 30.60853953549580453 ) ) ;
#7364 = DIRECTION ( 'NONE',  ( -0.000000000000000000, -0.000000000000000000, 1.000000000000000000 ) ) ;
#7365 = CARTESIAN_POINT ( 'NONE',  ( -58.78321495184669487, 10.63113418810570998, 17.00000000000000000 ) ) ;
#7366 = CARTESIAN_POINT ( 'NONE',  ( 34.92686817654880826, 86.65823656837287103, -17.59294786497664731 ) ) ;
#7367 = EDGE_CURVE ( 'NONE', #3305, #2809, #947, .T. ) ;
#7368 = EDGE_CURVE ( 'NONE', #5242, #4397, #2542, .T. ) ;
#7369 = AXIS2_PLACEMENT_3D ( 'NONE', #6976, #386, #4579 ) ;
#7370 = ORIENTED_EDGE ( 'NONE', *, *, #9611, .F. ) ;
#7371 = CARTESIAN_POINT ( 'NONE',  ( -18.87770877530967084, -83.03287859145106609, -17.04213425600501708 ) ) ;
#7372 = ORIENTED_EDGE ( 'NONE', *, *, #524, .F. ) ;
#7373 = CARTESIAN_POINT ( 'NONE',  ( -21.28169612562962243, 84.08665276531664290, 32.49999999992348165 ) ) ;
#7374 = ORIENTED_EDGE ( 'NONE', *, *, #5564, .T. ) ;
#7375 = CARTESIAN_POINT ( 'NONE',  ( 0.000000000000000000, 0.000000000000000000, -3.000000000000000000 ) ) ;
#7376 = ADVANCED_FACE ( 'NONE', ( #5966 ), #1837, .F. ) ;
#7377 = CIRCLE ( 'NONE', #4588, 2.499999999999998224 ) ;
#7378 = EDGE_CURVE ( 'NONE', #8081, #940, #1677, .T. ) ;
#7379 = DIRECTION ( 'NONE',  ( 0.8654182317380989531, 0.5010501812945508116, 0.000000000000000000 ) ) ;
#7380 = ORIENTED_EDGE ( 'NONE', *, *, #1109, .T. ) ;
#7381 = DIRECTION ( 'NONE',  ( -0.000000000000000000, -0.000000000000000000, -1.000000000000000000 ) ) ;
#7382 = DIRECTION ( 'NONE',  ( -1.000000000000000000, 0.000000000000000000, -0.000000000000000000 ) ) ;
#7383 = ORIENTED_EDGE ( 'NONE', *, *, #7210, .T. ) ;
#7384 = EDGE_CURVE ( 'NONE', #7464, #3989, #9833, .T. ) ;
#7385 = ORIENTED_EDGE ( 'NONE', *, *, #2664, .T. ) ;
#7386 = DIRECTION ( 'NONE',  ( 1.000000000000000000, 0.000000000000000000, 0.000000000000000000 ) ) ;
#7387 = DIRECTION ( 'NONE',  ( 0.000000000000000000, 0.000000000000000000, -1.000000000000000000 ) ) ;
#7388 = DIRECTION ( 'NONE',  ( 1.000000000000000000, 0.000000000000000000, 0.000000000000000000 ) ) ;
#7389 = CARTESIAN_POINT ( 'NONE',  ( 91.37756621894718023, -4.731848676989295122, 30.00000000000000355 ) ) ;
#7390 = VERTEX_POINT ( 'NONE', #10658 ) ;
#7391 = EDGE_LOOP ( 'NONE', ( #5183, #7865, #6675, #7550 ) ) ;
#7392 = B_SPLINE_CURVE_WITH_KNOTS ( 'NONE', 3,
 ( #3266, #5811, #8936, #3977 ),
 .UNSPECIFIED., .F., .F.,
 ( 4, 4 ),
 ( 0.1618091703084038602, 0.8381908316156536642 ),
 .UNSPECIFIED. ) ;
#7393 = CARTESIAN_POINT ( 'NONE',  ( -16.27982722542978777, 3.481030249449625913, -3.000000000000000000 ) ) ;
#7394 = ORIENTED_EDGE ( 'NONE', *, *, #6633, .F. ) ;
#7395 = CARTESIAN_POINT ( 'NONE',  ( 18.46771225276201278, -82.65711963313715671, 30.30948754351209828 ) ) ;
#7396 = CARTESIAN_POINT ( 'NONE',  ( -22.30954822220478917, -91.31420512779553178, 17.00000000000000000 ) ) ;
#7397 = DIRECTION ( 'NONE',  ( -1.000000000000000000, 0.000000000000000000, 0.000000000000000000 ) ) ;
#7398 = ORIENTED_EDGE ( 'NONE', *, *, #5364, .T. ) ;
#7399 = ORIENTED_EDGE ( 'NONE', *, *, #2284, .F. ) ;
#7400 = AXIS2_PLACEMENT_3D ( 'NONE', #8598, #4555, #1130 ) ;
#7401 = CARTESIAN_POINT ( 'NONE',  ( -67.58784022950348458, -55.47922485836956952, -18.50000000000000000 ) ) ;
#7402 = CARTESIAN_POINT ( 'NONE',  ( -14.42624458116859998, 73.55005201403770343, 20.75628178947966518 ) ) ;
#7403 = DIRECTION ( 'NONE',  ( 0.000000000000000000, -1.000000000000000000, 0.000000000000000000 ) ) ;
#7404 = CARTESIAN_POINT ( 'NONE',  ( 85.82107359377498312, -5.493697451001789744, -18.50004557245135928 ) ) ;
#7405 = CARTESIAN_POINT ( 'NONE',  ( 32.73747638465012244, -85.44300813972128594, 30.00000000000000355 ) ) ;
#7406 = CARTESIAN_POINT ( 'NONE',  ( -72.91744426577611193, 45.50656950698022740, -18.41801905197588596 ) ) ;
#7407 = ORIENTED_EDGE ( 'NONE', *, *, #5161, .F. ) ;
#7408 = AXIS2_PLACEMENT_3D ( 'NONE', #6619, #34, #1924 ) ;
#7409 = DIRECTION ( 'NONE',  ( -0.000000000000000000, -0.000000000000000000, -1.000000000000000000 ) ) ;
#7410 = B_SPLINE_CURVE_WITH_KNOTS ( 'NONE', 3,
 ( #10652, #1549, #4647, #3066, #4756, #10485, #9664, #6375, #4868, #9719, #3181, #6435 ),
 .UNSPECIFIED., .F., .F.,
 ( 4, 1, 1, 1, 2, 2, 1, 4 ),
 ( 0.08354533723192622552, 0.3126590029239362245, 0.4272158357699407105, 0.4844942521929430645, 0.4988138562986935698, 0.5131334604044441861, 0.5417726686159466398, 1.000000000000000000 ),
 .UNSPECIFIED. ) ;
#7411 = CARTESIAN_POINT ( 'NONE',  ( 69.48719217820244864, -9.519227294313509447, 18.13389584072600869 ) ) ;
#7412 = ORIENTED_EDGE ( 'NONE', *, *, #8165, .F. ) ;
#7413 = CARTESIAN_POINT ( 'NONE',  ( -63.43535550624251584, 55.96385807356796960, -16.15434426884555563 ) ) ;
#7414 = EDGE_CURVE ( 'NONE', #8946, #10126, #1148, .T. ) ;
#7415 = LINE ( 'NONE', #2679, #2808 ) ;
#7416 = DIRECTION ( 'NONE',  ( -1.000000000000000000, 0.000000000000000000, 0.000000000000000000 ) ) ;
#7417 = CARTESIAN_POINT ( 'NONE',  ( 15.21675513427114979, 6.752829723239146098, 0.000000000000000000 ) ) ;
#7418 = DIRECTION ( 'NONE',  ( 0.000000000000000000, 0.000000000000000000, -1.000000000000000000 ) ) ;
#7419 = EDGE_LOOP ( 'NONE', ( #3262, #9660, #4767, #6724, #261, #164, #1511 ) ) ;
#7420 = LINE ( 'NONE', #5783, #8876 ) ;
#7421 = ORIENTED_EDGE ( 'NONE', *, *, #59, .F. ) ;
#7422 = VECTOR ( 'NONE', #1473, 999.9999999999998863 ) ;
#7423 = CARTESIAN_POINT ( 'NONE',  ( -19.16400979965207796, 75.71940827042995181, 17.00000000001275779 ) ) ;
#7424 = ORIENTED_EDGE ( 'NONE', *, *, #9127, .F. ) ;
#7425 = CARTESIAN_POINT ( 'NONE',  ( 84.11182357185568037, -7.999832654576755964, 29.99987001606404391 ) ) ;
#7426 = DIRECTION ( 'NONE',  ( 0.000000000000000000, 0.000000000000000000, 1.000000000000000000 ) ) ;
#7427 = VERTEX_POINT ( 'NONE', #3185 ) ;
#7428 = LINE ( 'NONE', #1617, #380 ) ;
#7429 = CARTESIAN_POINT ( 'NONE',  ( 68.20213817285895175, 58.72366089278031609, 0.000000000000000000 ) ) ;
#7430 = CYLINDRICAL_SURFACE ( 'NONE', #7107, 2.500000000000002220 ) ;
#7431 = VECTOR ( 'NONE', #5418, 1000.000000000000114 ) ;
#7432 = ORIENTED_EDGE ( 'NONE', *, *, #9970, .F. ) ;
#7433 = CARTESIAN_POINT ( 'NONE',  ( -32.73747638465011534, -85.44300813972127173, -16.00000000000000000 ) ) ;
#7434 = EDGE_CURVE ( 'NONE', #466, #9814, #3290, .T. ) ;
#7435 = LINE ( 'NONE', #10668, #7925 ) ;
#7436 = VECTOR ( 'NONE', #3990, 1000.000000000000000 ) ;
#7437 = DIRECTION ( 'NONE',  ( -0.000000000000000000, -0.000000000000000000, 1.000000000000000000 ) ) ;
#7438 = AXIS2_PLACEMENT_3D ( 'NONE', #1641, #713, #4197 ) ;
#7439 = ORIENTED_EDGE ( 'NONE', *, *, #914, .T. ) ;
#7440 = ADVANCED_FACE ( 'NONE', ( #4874 ), #4058, .F. ) ;
#7441 = EDGE_CURVE ( 'NONE', #10473, #5665, #8197, .T. ) ;
#7442 = VECTOR ( 'NONE', #9984, 1000.000000000000000 ) ;
#7443 = ORIENTED_EDGE ( 'NONE', *, *, #5233, .T. ) ;
#7444 = CARTESIAN_POINT ( 'NONE',  ( -57.94609840746496587, -29.67031559303237387, 17.00000000000001066 ) ) ;
#7445 = CARTESIAN_POINT ( 'NONE',  ( 24.38551631369318429, 90.78186269357226479, -16.00000000000000000 ) ) ;
#7446 = AXIS2_PLACEMENT_3D ( 'NONE', #8678, #445, #392 ) ;
#7447 = ORIENTED_EDGE ( 'NONE', *, *, #2234, .T. ) ;
#7448 = EDGE_CURVE ( 'NONE', #1992, #2900, #3131, .T. ) ;
#7449 = CARTESIAN_POINT ( 'NONE',  ( 91.63587112389403444, -7.218468586842891277, -16.00000000000000000 ) ) ;
#7450 = DIRECTION ( 'NONE',  ( 1.000000000000000000, -1.110223024625157172E-14, 0.000000000000000000 ) ) ;
#7451 = AXIS2_PLACEMENT_3D ( 'NONE', #2834, #7892, #2735 ) ;
#7452 = CARTESIAN_POINT ( 'NONE',  ( 4.351385440520341596, -50.84747089786795016, 0.000000000000000000 ) ) ;
#7453 = VERTEX_POINT ( 'NONE', #7322 ) ;
#7454 = EDGE_CURVE ( 'NONE', #2057, #4504, #2362, .T. ) ;
#7455 = VECTOR ( 'NONE', #285, 1000.000000000000000 ) ;
#7456 = AXIS2_PLACEMENT_3D ( 'NONE', #3329, #5121, #9375 ) ;
#7457 = PLANE ( 'NONE',  #9085 ) ;
#7458 = CARTESIAN_POINT ( 'NONE',  ( 9.453987078548959033, 10.52536503081502772, -16.00000000000000000 ) ) ;
#7459 = CARTESIAN_POINT ( 'NONE',  ( 4.351385440520324721, 50.84747089786794305, 0.000000000000000000 ) ) ;
#7460 = LINE ( 'NONE', #2617, #4332 ) ;
#7461 = DIRECTION ( 'NONE',  ( 0.000000000000000000, 0.000000000000000000, -1.000000000000000000 ) ) ;
#7462 = VECTOR ( 'NONE', #3859, 1000.000000000000000 ) ;
#7463 = CARTESIAN_POINT ( 'NONE',  ( 32.24336115883332354, -79.67538646129898439, -18.41801905196872013 ) ) ;
#7464 = VERTEX_POINT ( 'NONE', #10598 ) ;
#7465 = B_SPLINE_SURFACE_WITH_KNOTS ( 'NONE', 2, 3, ( 
 ( #3896, #7208, #8201, #10545 ),
 ( #3950, #3076, #6502, #7269 ),
 ( #3137, #5636, #6553, #1502 ) ),
 .UNSPECIFIED., .F., .F., .F.,
 ( 3, 3 ),
 ( 4, 4 ),
 ( 0.000000000000000000, 1.000000000000000000 ),
 ( 1.059826351819263435, 1.453447771052571280 ),
 .UNSPECIFIED. ) ;
#7466 = AXIS2_PLACEMENT_3D ( 'NONE', #8278, #9217, #821 ) ;
#7467 = DIRECTION ( 'NONE',  ( 1.000000000000000000, 0.000000000000000000, 1.387778780781444492E-15 ) ) ;
#7468 = LINE ( 'NONE', #8282, #1802 ) ;
#7469 = ORIENTED_EDGE ( 'NONE', *, *, #2326, .T. ) ;
#7470 = DIRECTION ( 'NONE',  ( 1.000000000000000000, -2.775557561562888984E-15, -1.387778780781444492E-15 ) ) ;
#7471 = AXIS2_PLACEMENT_3D ( 'NONE', #1994, #9626, #5368 ) ;
#7472 = VECTOR ( 'NONE', #8918, 1000.000000000000114 ) ;
#7473 = DIRECTION ( 'NONE',  ( -0.000000000000000000, -0.000000000000000000, -1.000000000000000000 ) ) ;
#7474 = CARTESIAN_POINT ( 'NONE',  ( 53.80544377084262919, -25.95113860327908029, 17.00000000000000000 ) ) ;
#7475 = CARTESIAN_POINT ( 'NONE',  ( -65.35283117364463124, 36.32311629502435579, 20.65163927870786509 ) ) ;
#7476 = CARTESIAN_POINT ( 'NONE',  ( 53.80544377090868124, -25.95113860333839995, -3.000000000000000000 ) ) ;
#7477 = ADVANCED_FACE ( 'NONE', ( #1659, #3234 ), #8961, .T. ) ;
#7478 = DIRECTION ( 'NONE',  ( 0.000000000000000000, -0.000000000000000000, -1.000000000000000000 ) ) ;
#7479 = ORIENTED_EDGE ( 'NONE', *, *, #9947, .T. ) ;
#7480 = AXIS2_PLACEMENT_3D ( 'NONE', #6112, #1115, #10276 ) ;
#7481 = CARTESIAN_POINT ( 'NONE',  ( -31.57188114324705452, 79.99330960275848668, 32.49999999999112532 ) ) ;
#7482 = ORIENTED_EDGE ( 'NONE', *, *, #8772, .T. ) ;
#7483 = DIRECTION ( 'NONE',  ( 1.000000000000000000, 1.040834085586083271E-15, 0.000000000000000000 ) ) ;
#7484 = CARTESIAN_POINT ( 'NONE',  ( 76.70731484416435819, 49.88223981938103435, 17.00000000000000000 ) ) ;
#7485 = VERTEX_POINT ( 'NONE', #4975 ) ;
#7486 = CARTESIAN_POINT ( 'NONE',  ( -85.79822000052435271, 5.675252157173429346, -18.47998818981076852 ) ) ;
#7487 = VECTOR ( 'NONE', #1919, 1000.000000000000000 ) ;
#7488 = CARTESIAN_POINT ( 'NONE',  ( 46.12447615092829523, -45.94138273759134705, 16.99999999999998934 ) ) ;
#7489 = FACE_OUTER_BOUND ( 'NONE', #7257, .T. ) ;
#7490 = VERTEX_POINT ( 'NONE', #6440 ) ;
#7491 = FACE_OUTER_BOUND ( 'NONE', #8221, .T. ) ;
#7492 = CARTESIAN_POINT ( 'NONE',  ( 0.000000000000000000, 0.000000000000000000, 30.00000000000000000 ) ) ;
#7493 = CARTESIAN_POINT ( 'NONE',  ( 70.34369812068659655, 32.38956261794871239, -3.000000000000004885 ) ) ;
#7494 = CARTESIAN_POINT ( 'NONE',  ( -76.92514010090738452, 46.71747874677929957, -3.000000000000000000 ) ) ;
#7495 = EDGE_LOOP ( 'NONE', ( #10222, #9805, #3024, #6171 ) ) ;
#7496 = VERTEX_POINT ( 'NONE', #5628 ) ;
#7497 = EDGE_CURVE ( 'NONE', #8179, #4441, #10031, .T. ) ;
#7498 = LINE ( 'NONE', #5852, #5338 ) ;
#7499 = AXIS2_PLACEMENT_3D ( 'NONE', #9658, #10748, #168 ) ;
#7500 = FACE_OUTER_BOUND ( 'NONE', #2275, .T. ) ;
#7501 = EDGE_CURVE ( 'NONE', #3138, #3356, #8744, .T. ) ;
#7502 = ORIENTED_EDGE ( 'NONE', *, *, #7965, .T. ) ;
#7503 = EDGE_CURVE ( 'NONE', #7660, #7812, #1594, .T. ) ;
#7504 = LINE ( 'NONE', #2546, #5496 ) ;
#7505 = CARTESIAN_POINT ( 'NONE',  ( 85.64179367128234333, -7.841120887062023037, 30.00000000000000355 ) ) ;
#7506 = B_SPLINE_CURVE_WITH_KNOTS ( 'NONE', 3,
 ( #53, #7404, #3424, #9925, #6735, #2458, #4953, #5813, #1744, #5064, #925, #10082, #5920, #10240, #1999, #4355 ),
 .UNSPECIFIED., .F., .F.,
 ( 4, 2, 2, 2, 2, 2, 2, 4 ),
 ( 0.000000000000000000, 0.0005514947311281809218, 0.001102989462256361844, 0.002205978924512723687, 0.002757473655640909922, 0.003308968386769095722, 0.003860463117897281523, 0.004411957849025467324 ),
 .UNSPECIFIED. ) ;
#7507 = CARTESIAN_POINT ( 'NONE',  ( 21.29251602193723514, 82.85915517359198645, 32.50000000000000000 ) ) ;
#7508 = DIRECTION ( 'NONE',  ( -1.000000000000000000, 0.000000000000000000, 0.000000000000000000 ) ) ;
#7509 = EDGE_LOOP ( 'NONE', ( #2243, #6692, #5549, #2739, #8666, #8862, #3318, #1441 ) ) ;
#7510 = AXIS2_PLACEMENT_3D ( 'NONE', #2063, #5390, #8721 ) ;
#7511 = ADVANCED_FACE ( 'NONE', ( #8084 ), #5735, .T. ) ;
#7512 = B_SPLINE_CURVE_WITH_KNOTS ( 'NONE', 3,
 ( #7476, #10040, #5128, #1757 ),
 .UNSPECIFIED., .F., .F.,
 ( 4, 4 ),
 ( 0.000000000000000000, 1.000000000000000000 ),
 .UNSPECIFIED. ) ;
#7513 = CARTESIAN_POINT ( 'NONE',  ( -66.10458040226946252, -55.74346803193459721, -18.31269717374080486 ) ) ;
#7514 = FACE_OUTER_BOUND ( 'NONE', #1643, .T. ) ;
#7515 = CARTESIAN_POINT ( 'NONE',  ( 0.000000000000000000, 0.000000000000000000, 0.000000000000000000 ) ) ;
#7516 = CYLINDRICAL_SURFACE ( 'NONE', #2765, 51.03332099679091982 ) ;
#7517 = CARTESIAN_POINT ( 'NONE',  ( 31.73797556925464391, -68.81250535034038762, 21.24555884346956702 ) ) ;
#7518 = CARTESIAN_POINT ( 'NONE',  ( 31.57188114326238448, -79.99330960279736757, -18.49999999999974420 ) ) ;
#7519 = ORIENTED_EDGE ( 'NONE', *, *, #987, .F. ) ;
#7520 = AXIS2_PLACEMENT_3D ( 'NONE', #5838, #7539, #74 ) ;
#7521 = EDGE_CURVE ( 'NONE', #2127, #5409, #3449, .T. ) ;
#7522 = FACE_OUTER_BOUND ( 'NONE', #6447, .T. ) ;
#7523 = CARTESIAN_POINT ( 'NONE',  ( -20.65978700115073252, 87.59665062699077964, 0.000000000000000000 ) ) ;
#7524 = ORIENTED_EDGE ( 'NONE', *, *, #1158, .T. ) ;
#7525 = LINE ( 'NONE', #5820, #10712 ) ;
#7526 = AXIS2_PLACEMENT_3D ( 'NONE', #10339, #7870, #2762 ) ;
#7527 = CARTESIAN_POINT ( 'NONE',  ( -35.23747638465006560, 85.44300813972130015, 30.00000000000000355 ) ) ;
#7528 = CARTESIAN_POINT ( 'NONE',  ( 0.000000000000000000, 0.000000000000000000, -3.000000000000000000 ) ) ;
#7529 = CARTESIAN_POINT ( 'NONE',  ( -69.81787937758903695, 40.33366679865095961, 24.91900855183688535 ) ) ;
#7530 = CARTESIAN_POINT ( 'NONE',  ( 69.89206765410001765, -59.70207738771626538, 30.00000000000000355 ) ) ;
#7531 = DIRECTION ( 'NONE',  ( -0.000000000000000000, -0.000000000000000000, 1.000000000000000000 ) ) ;
#7532 = ORIENTED_EDGE ( 'NONE', *, *, #10569, .T. ) ;
#7533 = EDGE_LOOP ( 'NONE', ( #9176, #9545, #2369, #7090, #10338 ) ) ;
#7534 = CARTESIAN_POINT ( 'NONE',  ( -33.40773828059418094, 38.57878788838270623, -3.000000000000000000 ) ) ;
#7535 = DIRECTION ( 'NONE',  ( 0.3577866271546433219, -0.9338033676472280442, 0.000000000000000000 ) ) ;
#7536 = VERTEX_POINT ( 'NONE', #1764 ) ;
#7537 = EDGE_CURVE ( 'NONE', #9628, #9995, #180, .T. ) ;
#7538 = AXIS2_PLACEMENT_3D ( 'NONE', #1706, #4373, #5831 ) ;
#7539 = DIRECTION ( 'NONE',  ( 0.000000000000000000, 0.000000000000000000, -1.000000000000000000 ) ) ;
#7540 = PLANE ( 'NONE',  #8492 ) ;
#7541 = CARTESIAN_POINT ( 'NONE',  ( 0.000000000000000000, 0.000000000000000000, -16.00000000000000000 ) ) ;
#7542 = ORIENTED_EDGE ( 'NONE', *, *, #1586, .T. ) ;
#7543 = CARTESIAN_POINT ( 'NONE',  ( 35.09296276283513549, 84.50286364689820573, -18.50000000000000000 ) ) ;
#7544 = FACE_OUTER_BOUND ( 'NONE', #9720, .T. ) ;
#7545 = AXIS2_PLACEMENT_3D ( 'NONE', #9099, #3419, #4947 ) ;
#7546 = DIRECTION ( 'NONE',  ( 0.6682286275604841785, 0.7439559807600389929, 0.000000000000000000 ) ) ;
#7547 = AXIS2_PLACEMENT_3D ( 'NONE', #2778, #1088, #6026 ) ;
#7548 = ORIENTED_EDGE ( 'NONE', *, *, #4396, .T. ) ;
#7549 = PRODUCT ( 'ARP-0008', 'ARP-0008', '', ( #198 ) ) ;
#7550 = ORIENTED_EDGE ( 'NONE', *, *, #323, .F. ) ;
#7551 = EDGE_CURVE ( 'NONE', #9776, #9905, #7643, .T. ) ;
#7552 = CARTESIAN_POINT ( 'NONE',  ( -57.92732568996813569, -29.65345375231479963, -3.000000000000002665 ) ) ;
#7553 = CARTESIAN_POINT ( 'NONE',  ( 23.34880756452651696, 90.85115396500350471, -17.00651028788099595 ) ) ;
#7554 = ORIENTED_EDGE ( 'NONE', *, *, #8367, .F. ) ;
#7555 = CARTESIAN_POINT ( 'NONE',  ( 69.81787937762722152, 40.33366679868524329, -10.91900855183675034 ) ) ;
#7556 = LINE ( 'NONE', #1835, #6957 ) ;
#7557 = LINE ( 'NONE', #6787, #8623 ) ;
#7558 = CARTESIAN_POINT ( 'NONE',  ( 73.89672013657661864, 9.061174700254021275, -6.472556012212878684 ) ) ;
#7559 = ORIENTED_EDGE ( 'NONE', *, *, #6836, .T. ) ;
#7560 = ADVANCED_FACE ( 'NONE', ( #9290 ), #10209, .T. ) ;
#7561 = CARTESIAN_POINT ( 'NONE',  ( -73.20449038747315740, 44.12258324650990460, 31.57978544520937447 ) ) ;
#7562 = DIRECTION ( 'NONE',  ( -1.000000000000000000, 0.000000000000000000, 0.000000000000000000 ) ) ;
#7563 = CARTESIAN_POINT ( 'NONE',  ( 65.26483731440715985, -55.68784019198416502, -18.13538959017896346 ) ) ;
#7564 = DIRECTION ( 'NONE',  ( -1.000000000000000000, 0.000000000000000000, 0.000000000000000000 ) ) ;
#7565 = DIRECTION ( 'NONE',  ( 0.8383313097722883134, -0.5451610909221967782, 0.000000000000000000 ) ) ;
#7566 = CARTESIAN_POINT ( 'NONE',  ( -72.75007835267010137, 42.96768886925981690, -15.99987001606351811 ) ) ;
#7567 = EDGE_LOOP ( 'NONE', ( #7421, #8096, #4838, #7370 ) ) ;
#7568 = DIRECTION ( 'NONE',  ( -1.000000000000000000, 8.881784197001252323E-16, 0.000000000000000000 ) ) ;
#7569 = ADVANCED_FACE ( 'NONE', ( #5833 ), #5191, .T. ) ;
#7570 = AXIS2_PLACEMENT_3D ( 'NONE', #8321, #89, #2448 ) ;
#7571 = LINE ( 'NONE', #9932, #5104 ) ;
#7572 = ORIENTED_EDGE ( 'NONE', *, *, #8039, .T. ) ;
#7573 = FACE_OUTER_BOUND ( 'NONE', #6920, .T. ) ;
#7574 = EDGE_CURVE ( 'NONE', #6503, #628, #5942, .T. ) ;
#7575 = EDGE_CURVE ( 'NONE', #9628, #8713, #10381, .T. ) ;
#7576 = CARTESIAN_POINT ( 'NONE',  ( 63.34558840302673133, 55.91184470036229470, 29.99988756943585955 ) ) ;
#7577 = CARTESIAN_POINT ( 'NONE',  ( 19.00742055848063217, -83.87322554732860169, 30.00000000000000355 ) ) ;
#7578 = DIRECTION ( 'NONE',  ( 0.000000000000000000, 1.000000000000000000, 0.000000000000000000 ) ) ;
#7579 = CARTESIAN_POINT ( 'NONE',  ( 89.69359066795173874, -7.420228641350725240, -3.000000000000000000 ) ) ;
#7580 = AXIS2_PLACEMENT_3D ( 'NONE', #2218, #2163, #8055 ) ;
#7581 = VERTEX_POINT ( 'NONE', #5888 ) ;
#7582 = PLANE ( 'NONE',  #2792 ) ;
#7583 = ORIENTED_EDGE ( 'NONE', *, *, #640, .T. ) ;
#7584 = EDGE_CURVE ( 'NONE', #8672, #2197, #1816, .T. ) ;
#7585 = DIRECTION ( 'NONE',  ( 1.000000000000000000, 5.551115123125777969E-15, 0.000000000000000000 ) ) ;
#7586 = ORIENTED_EDGE ( 'NONE', *, *, #4845, .F. ) ;
#7587 = VECTOR ( 'NONE', #9028, 1000.000000000000114 ) ;
#7588 = AXIS2_PLACEMENT_3D ( 'NONE', #8907, #786, #4004 ) ;
#7589 = EDGE_CURVE ( 'NONE', #7848, #1733, #9177, .T. ) ;
#7590 = DIRECTION ( 'NONE',  ( 0.000000000000000000, 0.000000000000000000, 1.000000000000000000 ) ) ;
#7591 = EDGE_LOOP ( 'NONE', ( #6715, #2091, #978, #749 ) ) ;
#7592 = DIRECTION ( 'NONE',  ( -0.000000000000000000, 0.000000000000000000, 1.000000000000000000 ) ) ;
#7593 = CARTESIAN_POINT ( 'NONE',  ( 94.00000000000001421, 1.151167991198512286E-14, 30.00000000000000000 ) ) ;
#7594 = DIRECTION ( 'NONE',  ( -0.7439559807600397701, 0.6682286275604834014, 0.000000000000000000 ) ) ;
#7595 = AXIS2_PLACEMENT_3D ( 'NONE', #6937, #5093, #10220 ) ;
#7596 = ORIENTED_EDGE ( 'NONE', *, *, #1289, .T. ) ;
#7597 = CARTESIAN_POINT ( 'NONE',  ( -14.78258981524252924, -58.40786793598963555, -3.000000000000002665 ) ) ;
#7598 = CARTESIAN_POINT ( 'NONE',  ( -33.40773828059418804, 38.57878788838270623, 16.99999999999998579 ) ) ;
#7599 = CARTESIAN_POINT ( 'NONE',  ( 0.000000000000000000, 0.000000000000000000, 0.000000000000000000 ) ) ;
#7600 = VERTEX_POINT ( 'NONE', #2744 ) ;
#7601 = ORIENTED_EDGE ( 'NONE', *, *, #8781, .F. ) ;
#7602 = CARTESIAN_POINT ( 'NONE',  ( -71.72194674751902710, -60.76152034590680273, 17.00000000000000000 ) ) ;
#7603 = CARTESIAN_POINT ( 'NONE',  ( 22.16662644824513606, 90.31933472510041838, -18.00661426065168413 ) ) ;
#7604 = ORIENTED_EDGE ( 'NONE', *, *, #10042, .F. ) ;
#7605 = CARTESIAN_POINT ( 'NONE',  ( 85.38802688910242011, 6.969818463634924299, -17.92213809290472426 ) ) ;
#7606 = CIRCLE ( 'NONE', #6555, 2.500000000000002220 ) ;
#7607 = DIRECTION ( 'NONE',  ( -1.000000000000000000, 0.000000000000000000, -0.000000000000000000 ) ) ;
#7608 = EDGE_CURVE ( 'NONE', #8800, #7038, #457, .T. ) ;
#7609 = CYLINDRICAL_SURFACE ( 'NONE', #9668, 2.500000000000002220 ) ;
#7610 = DIRECTION ( 'NONE',  ( 0.7439559807600389929, -0.6682286275604842896, 0.000000000000000000 ) ) ;
#7611 = ORIENTED_EDGE ( 'NONE', *, *, #3012, .T. ) ;
#7612 = AXIS2_PLACEMENT_3D ( 'NONE', #9767, #1601, #5670 ) ;
#7613 = CYLINDRICAL_SURFACE ( 'NONE', #3502, 2.500000000000002220 ) ;
#7614 = CIRCLE ( 'NONE', #2920, 2.500000000000003553 ) ;
#7615 = PLANE ( 'NONE',  #822 ) ;
#7616 = CARTESIAN_POINT ( 'NONE',  ( 64.20155646347271272, -56.06890883344109255, -17.18477683937078737 ) ) ;
#7617 = CARTESIAN_POINT ( 'NONE',  ( 79.95094027961359018, 49.43528242465759348, -16.00000000000000000 ) ) ;
#7618 = DIRECTION ( 'NONE',  ( -0.9778946696698106456, 0.2090980990620715518, 0.000000000000000000 ) ) ;
#7619 = CARTESIAN_POINT ( 'NONE',  ( 58.78321495182000689, 10.63113418810848465, -3.000000000000000000 ) ) ;
#7620 = EDGE_LOOP ( 'NONE', ( #1553, #2975, #9034, #3809, #7985, #3787 ) ) ;
#7621 = CIRCLE ( 'NONE', #8322, 2.499999999999998668 ) ;
#7622 = DIRECTION ( 'NONE',  ( 1.000000000000000000, 0.000000000000000000, 0.000000000000000000 ) ) ;
#7623 = AXIS2_PLACEMENT_3D ( 'NONE', #9320, #5220, #3579 ) ;
#7624 = CARTESIAN_POINT ( 'NONE',  ( -40.52922369190285679, -43.88485168617528842, 17.00000000000000000 ) ) ;
#7625 = ORIENTED_EDGE ( 'NONE', *, *, #7911, .T. ) ;
#7626 = CARTESIAN_POINT ( 'NONE',  ( 54.84936956024210275, -50.99282406871790130, -6.721643688674801886 ) ) ;
#7627 = CIRCLE ( 'NONE', #4503, 51.03332099679092693 ) ;
#7628 = CARTESIAN_POINT ( 'NONE',  ( -78.80314311859507370, -51.24514254668657287, -16.00000000000000000 ) ) ;
#7629 = FACE_OUTER_BOUND ( 'NONE', #5148, .T. ) ;
#7630 = LINE ( 'NONE', #10147, #10791 ) ;
#7631 = DIRECTION ( 'NONE',  ( -0.000000000000000000, -0.000000000000000000, -1.000000000000000000 ) ) ;
#7632 = ADVANCED_FACE ( 'NONE', ( #5134 ), #6394, .T. ) ;
#7633 = CARTESIAN_POINT ( 'NONE',  ( -47.01416648434901191, -19.85114610654549594, 17.00000000000000000 ) ) ;
#7634 = AXIS2_PLACEMENT_3D ( 'NONE', #1202, #6036, #6195 ) ;
#7635 = EDGE_LOOP ( 'NONE', ( #10416, #1658, #6270, #10143, #3569, #4982 ) ) ;
#7636 = ADVANCED_FACE ( 'NONE', ( #8356 ), #8525, .T. ) ;
#7637 = DIRECTION ( 'NONE',  ( 0.5451610909221968893, 0.8383313097722884244, 4.653673611866798199E-15 ) ) ;
#7638 = EDGE_CURVE ( 'NONE', #2085, #2215, #8280, .T. ) ;
#7639 = VERTEX_POINT ( 'NONE', #4216 ) ;
#7640 = DIRECTION ( 'NONE',  ( 0.000000000000000000, 1.000000000000000000, 0.000000000000000000 ) ) ;
#7641 = ORIENTED_EDGE ( 'NONE', *, *, #9121, .T. ) ;
#7642 = VECTOR ( 'NONE', #1328, 1000.000000000000114 ) ;
#7643 = LINE ( 'NONE', #4376, #2888 ) ;
#7644 = AXIS2_PLACEMENT_3D ( 'NONE', #8563, #5280, #8612 ) ;
#7645 = PLANE ( 'NONE',  #8217 ) ;
#7646 = VERTEX_POINT ( 'NONE', #6655 ) ;
#7647 = CARTESIAN_POINT ( 'NONE',  ( -8.054202958859580264, -59.19136076222410736, -3.000000000000000000 ) ) ;
#7648 = EDGE_CURVE ( 'NONE', #4870, #2938, #9999, .T. ) ;
#7649 = CARTESIAN_POINT ( 'NONE',  ( 73.07850523087553540, -45.01766350644122383, -18.20313577064195698 ) ) ;
#7650 = PLANE ( 'NONE',  #319 ) ;
#7651 = AXIS2_PLACEMENT_3D ( 'NONE', #242, #907, #8308 ) ;
#7652 = CIRCLE ( 'NONE', #9399, 90.00000000000001421 ) ;
#7653 = ORIENTED_EDGE ( 'NONE', *, *, #2582, .T. ) ;
#7654 = DIRECTION ( 'NONE',  ( -1.000000000000000000, 0.000000000000000000, -0.000000000000000000 ) ) ;
#7655 = CARTESIAN_POINT ( 'NONE',  ( -1.720086775986175764, -16.55873327191750377, 17.00000000000000000 ) ) ;
#7656 = ADVANCED_FACE ( 'NONE', ( #1156 ), #3713, .T. ) ;
#7657 = CARTESIAN_POINT ( 'NONE',  ( 54.26119305240511181, 24.98441732591588149, -3.000000000000002665 ) ) ;
#7658 = EDGE_LOOP ( 'NONE', ( #1414, #7133, #8547, #5261 ) ) ;
#7659 = AXIS2_PLACEMENT_3D ( 'NONE', #9952, #8418, #8305 ) ;
#7660 = VERTEX_POINT ( 'NONE', #9551 ) ;
#7661 = DIRECTION ( 'NONE',  ( -0.000000000000000000, -0.000000000000000000, 1.000000000000000000 ) ) ;
#7662 = B_SPLINE_CURVE_WITH_KNOTS ( 'NONE', 3,
 ( #411, #3737, #3900, #9738 ),
 .UNSPECIFIED., .F., .F.,
 ( 4, 4 ),
 ( 0.000000000000000000, 0.01031744567940287918 ),
 .UNSPECIFIED. ) ;
#7663 = ORIENTED_EDGE ( 'NONE', *, *, #2717, .F. ) ;
#7664 = DIRECTION ( 'NONE',  ( 1.000000000000000000, 0.000000000000000000, 0.000000000000000000 ) ) ;
#7665 = DIRECTION ( 'NONE',  ( -0.000000000000000000, -0.000000000000000000, -1.000000000000000000 ) ) ;
#7666 = CYLINDRICAL_SURFACE ( 'NONE', #5311, 2.500000000000000888 ) ;
#7667 = DIRECTION ( 'NONE',  ( -0.000000000000000000, 0.000000000000000000, 1.000000000000000000 ) ) ;
#7668 = ORIENTED_EDGE ( 'NONE', *, *, #3186, .T. ) ;
#7669 = CARTESIAN_POINT ( 'NONE',  ( 66.32191054007930120, -54.74593539653813679, 32.50000000000295586 ) ) ;
#7670 = DIRECTION ( 'NONE',  ( 0.5010501812945497013, 0.8654182317380995082, 0.000000000000000000 ) ) ;
#7671 = EDGE_CURVE ( 'NONE', #5534, #9287, #3662, .T. ) ;
#7672 = CARTESIAN_POINT ( 'NONE',  ( -20.65978700115072542, -87.59665062699076543, 17.00000000000000000 ) ) ;
#7673 = DIRECTION ( 'NONE',  ( -0.000000000000000000, -0.000000000000000000, 1.000000000000000000 ) ) ;
#7674 = CARTESIAN_POINT ( 'NONE',  ( 64.98360836539369245, -55.82852451258566617, 31.92213809290254289 ) ) ;
#7675 = ORIENTED_EDGE ( 'NONE', *, *, #1708, .F. ) ;
#7677 = CYLINDRICAL_SURFACE ( 'NONE', #6928, 90.00000000000001421 ) ;
#7676 = CIRCLE ( 'NONE', #3156, 51.03332099679092693 ) ;
#7678 = LINE ( 'NONE', #3751, #3717 ) ;
#7679 = EDGE_LOOP ( 'NONE', ( #4146, #8318, #6, #277 ) ) ;
#7680 = CARTESIAN_POINT ( 'NONE',  ( -79.20731484416434398, -49.88223981938107698, 14.00000000000000000 ) ) ;
#7681 = DIRECTION ( 'NONE',  ( -0.7439559807600391039, -0.6682286275604842896, 0.000000000000000000 ) ) ;
#7682 = CARTESIAN_POINT ( 'NONE',  ( -91.37756621894718023, -4.731848676989289793, -16.00000000000000000 ) ) ;
#7683 = CARTESIAN_POINT ( 'NONE',  ( -50.58155146234548027, -48.52189041691748628, 18.12358131652184667 ) ) ;
#7684 = EDGE_CURVE ( 'NONE', #5708, #1848, #10319, .T. ) ;
#7685 = CARTESIAN_POINT ( 'NONE',  ( -65.64060162837212431, 36.58159456657286057, 20.86977052845608327 ) ) ;
#7686 = CIRCLE ( 'NONE', #8211, 90.00000000000001421 ) ;
#7687 = CARTESIAN_POINT ( 'NONE',  ( 0.000000000000000000, 0.000000000000000000, 14.00000000000000000 ) ) ;
#7688 = EDGE_LOOP ( 'NONE', ( #4962, #4752, #2278, #6310 ) ) ;
#7689 = CARTESIAN_POINT ( 'NONE',  ( -32.73747638465012244, -85.44300813972128594, 14.00000000000000000 ) ) ;
#7690 = ORIENTED_EDGE ( 'NONE', *, *, #2253, .F. ) ;
#7691 = CARTESIAN_POINT ( 'NONE',  ( 91.50000000000001421, 0.000000000000000000, 30.00000000000000000 ) ) ;
#7692 = ORIENTED_EDGE ( 'NONE', *, *, #3023, .T. ) ;
#7693 = DIRECTION ( 'NONE',  ( 0.6682286275604842896, -0.7439559807600391039, 0.000000000000000000 ) ) ;
#7694 = AXIS2_PLACEMENT_3D ( 'NONE', #1660, #8410, #182 ) ;
#7695 = EDGE_CURVE ( 'NONE', #6903, #3892, #8655, .T. ) ;
#7696 = DIRECTION ( 'NONE',  ( -0.000000000000000000, -0.000000000000000000, -1.000000000000000000 ) ) ;
#7697 = DIRECTION ( 'NONE',  ( 1.000000000000000000, 0.000000000000000000, 0.000000000000000000 ) ) ;
#7698 = ADVANCED_FACE ( 'NONE', ( #389 ), #2954, .T. ) ;
#7699 = ORIENTED_EDGE ( 'NONE', *, *, #6706, .T. ) ;
#7700 = EDGE_CURVE ( 'NONE', #1343, #8271, #3608, .T. ) ;
#7701 = LINE ( 'NONE', #1216, #2647 ) ;
#7702 = CARTESIAN_POINT ( 'NONE',  ( -8.054202958859580264, -59.19136076222410736, -3.000000000000000000 ) ) ;
#7703 = CARTESIAN_POINT ( 'NONE',  ( 1.720086775986166439, 16.55873327191747180, 0.000000000000000000 ) ) ;
#7704 = EDGE_LOOP ( 'NONE', ( #8683, #4562, #6851, #9015, #5481 ) ) ;
#7705 = FACE_OUTER_BOUND ( 'NONE', #8147, .T. ) ;
#7706 = FACE_OUTER_BOUND ( 'NONE', #7419, .T. ) ;
#7707 = CARTESIAN_POINT ( 'NONE',  ( 66.09143193737475031, 41.62464035796014628, -2.999999999987251087 ) ) ;
#7708 = EDGE_CURVE ( 'NONE', #921, #8210, #4067, .T. ) ;
#7709 = EDGE_CURVE ( 'NONE', #1026, #8800, #9604, .T. ) ;
#7710 = ORIENTED_EDGE ( 'NONE', *, *, #8298, .F. ) ;
#7711 = EDGE_CURVE ( 'NONE', #8169, #4370, #9920, .T. ) ;
#7712 = ORIENTED_EDGE ( 'NONE', *, *, #9053, .T. ) ;
#7713 = EDGE_CURVE ( 'NONE', #9956, #7320, #4956, .T. ) ;
#7714 = CARTESIAN_POINT ( 'NONE',  ( -16.54816110913085581, -61.93471153918004291, 17.00000000000000000 ) ) ;
#7715 =( NAMED_UNIT ( * ) SI_UNIT ( $, .STERADIAN. ) SOLID_ANGLE_UNIT ( ) );
#7716 = EDGE_LOOP ( 'NONE', ( #9407, #9501, #3640, #9196, #367, #9330, #9753, #1634 ) ) ;
#7717 = EDGE_LOOP ( 'NONE', ( #3201, #4833, #3753, #6880, #9600, #9366 ) ) ;
#7718 = CARTESIAN_POINT ( 'NONE',  ( 61.77761906767479161, 33.11182538454716706, -4.123581316521448770 ) ) ;
#7719 = CARTESIAN_POINT ( 'NONE',  ( -79.20731484416435819, 49.88223981938101304, 14.00000000000000000 ) ) ;
#7720 = DIRECTION ( 'NONE',  ( 0.000000000000000000, 1.000000000000000000, 0.000000000000000000 ) ) ;
#7721 = ORIENTED_EDGE ( 'NONE', *, *, #796, .T. ) ;
#7722 = CARTESIAN_POINT ( 'NONE',  ( 0.000000000000000000, 0.000000000000000000, 14.00000000000000000 ) ) ;
#7723 = CARTESIAN_POINT ( 'NONE',  ( -91.37756621894718023, 4.731848676989273805, 30.00000000000000355 ) ) ;
#7724 = CARTESIAN_POINT ( 'NONE',  ( 21.45186988444696397, 89.38152182545847779, 30.00000000000000355 ) ) ;
#7725 = CARTESIAN_POINT ( 'NONE',  ( -74.60648402989822614, 8.987445903073309594, -6.869770528466927928 ) ) ;
#7726 = ORIENTED_EDGE ( 'NONE', *, *, #8831, .F. ) ;
#7727 = CARTESIAN_POINT ( 'NONE',  ( 1.720086775986175764, -16.55873327191750377, 0.000000000000000000 ) ) ;
#7728 = DIRECTION ( 'NONE',  ( 0.000000000000000000, 0.000000000000000000, -1.000000000000000000 ) ) ;
#7729 = ORIENTED_EDGE ( 'NONE', *, *, #4857, .T. ) ;
#7730 = DIRECTION ( 'NONE',  ( -0.000000000000000000, -0.000000000000000000, 1.000000000000000000 ) ) ;
#7731 = DIRECTION ( 'NONE',  ( -0.1033219619787417720, 0.9946479639414457230, 0.000000000000000000 ) ) ;
#7732 = CARTESIAN_POINT ( 'NONE',  ( 20.65978700115068278, -87.59665062699080806, 14.00000000000000000 ) ) ;
#7733 = FACE_OUTER_BOUND ( 'NONE', #7244, .T. ) ;
#7734 = CARTESIAN_POINT ( 'NONE',  ( 0.000000000000000000, 0.000000000000000000, 14.00000000000000000 ) ) ;
#7735 = CARTESIAN_POINT ( 'NONE',  ( 74.34690206532314960, -9.014410737714809940, -6.721643688681107065 ) ) ;
#7736 = VERTEX_POINT ( 'NONE', #7082 ) ;
#7737 = DIRECTION ( 'NONE',  ( 1.000000000000000000, 0.000000000000000000, 1.387778780781444492E-15 ) ) ;
#7738 = ORIENTED_EDGE ( 'NONE', *, *, #9643, .F. ) ;
#7739 = DIRECTION ( 'NONE',  ( -0.000000000000000000, -0.000000000000000000, -1.000000000000000000 ) ) ;
#7740 = EDGE_LOOP ( 'NONE', ( #1661, #3527, #6111, #4517 ) ) ;
#7741 = DIRECTION ( 'NONE',  ( -0.000000000000000000, 0.000000000000000000, 1.000000000000000000 ) ) ;
#7742 = ADVANCED_FACE ( 'NONE', ( #7743 ), #5457, .T. ) ;
#7743 = FACE_OUTER_BOUND ( 'NONE', #4785, .T. ) ;
#7744 = CARTESIAN_POINT ( 'NONE',  ( 19.21393393789682946, 83.20821850240758977, 31.45153177885631024 ) ) ;
#7745 = AXIS2_PLACEMENT_3D ( 'NONE', #1581, #2333, #4894 ) ;
#7746 = ORIENTED_EDGE ( 'NONE', *, *, #3395, .T. ) ;
#7747 = CARTESIAN_POINT ( 'NONE',  ( -73.08853718130737320, 59.11062284138658640, -16.00000000000000000 ) ) ;
#7748 = LINE ( 'NONE', #6357, #3265 ) ;
#7749 = CARTESIAN_POINT ( 'NONE',  ( 26.36704873968082907, -43.69414826633878590, -3.000000000000000000 ) ) ;
#7750 = ORIENTED_EDGE ( 'NONE', *, *, #7761, .F. ) ;
#7751 = CARTESIAN_POINT ( 'NONE',  ( 0.000000000000000000, 0.000000000000000000, -3.000000000000000000 ) ) ;
#7752 = AXIS2_PLACEMENT_3D ( 'NONE', #6509, #5693, #2379 ) ;
#7753 = AXIS2_PLACEMENT_3D ( 'NONE', #9077, #8247, #2638 ) ;
#7754 = CARTESIAN_POINT ( 'NONE',  ( -26.36704873968083618, 43.69414826633878590, -3.000000000000000000 ) ) ;
#7755 = ORIENTED_EDGE ( 'NONE', *, *, #2986, .T. ) ;
#7756 = ORIENTED_EDGE ( 'NONE', *, *, #1844, .F. ) ;
#7757 = AXIS2_PLACEMENT_3D ( 'NONE', #5911, #9203, #7664 ) ;
#7758 = CARTESIAN_POINT ( 'NONE',  ( 72.56107605584936948, 46.15846078180275214, -18.50000000002549072 ) ) ;
#7759 = AXIS2_PLACEMENT_3D ( 'NONE', #3353, #2534, #746 ) ;
#7760 = ORIENTED_EDGE ( 'NONE', *, *, #4979, .F. ) ;
#7761 = EDGE_CURVE ( 'NONE', #7581, #4495, #7030, .T. ) ;
#7762 = ORIENTED_EDGE ( 'NONE', *, *, #3613, .T. ) ;
#7763 = CARTESIAN_POINT ( 'NONE',  ( 28.27582184716541036, 52.62095848504020523, -3.000000000000000000 ) ) ;
#7764 = CARTESIAN_POINT ( 'NONE',  ( 93.87422103367251225, -4.861134159967143376, 30.00000000000000000 ) ) ;
#7765 = EDGE_CURVE ( 'NONE', #137, #7845, #10227, .T. ) ;
#7766 = EDGE_CURVE ( 'NONE', #1574, #9929, #8675, .T. ) ;
#7767 = CYLINDRICAL_SURFACE ( 'NONE', #3059, 90.00000000000001421 ) ;
#7768 = AXIS2_PLACEMENT_3D ( 'NONE', #4465, #326, #3491 ) ;
#7769 = ORIENTED_EDGE ( 'NONE', *, *, #2111, .F. ) ;
#7770 = B_SPLINE_CURVE_WITH_KNOTS ( 'NONE', 3,
 ( #9568, #2148, #9511, #569, #10442, #8750, #5360, #10492, #1228, #2914, #6224, #6328, #5470, #2969 ),
 .UNSPECIFIED., .F., .F.,
 ( 4, 2, 2, 2, 2, 2, 4 ),
 ( 0.000000000000000000, 0.001101176268183839870, 0.001651764402275759805, 0.002202352536367679740, 0.002752940670459599892, 0.003303528804551519611, 0.004404705072735341266 ),
 .UNSPECIFIED. ) ;
#7771 = FACE_OUTER_BOUND ( 'NONE', #864, .T. ) ;
#7772 = DIRECTION ( 'NONE',  ( -0.7439559807600391039, 0.6682286275604842896, 0.000000000000000000 ) ) ;
#7773 = DIRECTION ( 'NONE',  ( -0.000000000000000000, -0.000000000000000000, 1.000000000000000000 ) ) ;
#7774 = ADVANCED_FACE ( 'NONE', ( #3606 ), #1211, .F. ) ;
#7775 = VECTOR ( 'NONE', #4558, 1000.000000000000000 ) ;
#7776 = ORIENTED_EDGE ( 'NONE', *, *, #159, .F. ) ;
#7777 = DIRECTION ( 'NONE',  ( -0.000000000000000000, -0.000000000000000000, 1.000000000000000000 ) ) ;
#7778 = ADVANCED_FACE ( 'NONE', ( #10268 ), #2796, .T. ) ;
#7779 = DIRECTION ( 'NONE',  ( 0.9778946696698129770, 0.2090980990620607272, -0.000000000000000000 ) ) ;
#7780 = ORIENTED_EDGE ( 'NONE', *, *, #6783, .F. ) ;
#7781 = CYLINDRICAL_SURFACE ( 'NONE', #6656, 51.03332099679091982 ) ;
#7782 = TOROIDAL_SURFACE ( 'NONE', #5008, 91.50000000000001421, 2.500000000000000000 ) ;
#7783 = B_SPLINE_CURVE_WITH_KNOTS ( 'NONE', 3,
 ( #405, #3844, #10444, #10335 ),
 .UNSPECIFIED., .F., .F.,
 ( 4, 4 ),
 ( 0.000000000000000000, 1.000000000000000000 ),
 .UNSPECIFIED. ) ;
#7784 = CARTESIAN_POINT ( 'NONE',  ( 76.92514010090735610, -46.71747874677931378, -3.000000000000000000 ) ) ;
#7785 = CARTESIAN_POINT ( 'NONE',  ( -33.17960277616233356, -87.51071245420152422, 32.50000000000000000 ) ) ;
#7786 = CARTESIAN_POINT ( 'NONE',  ( -9.739217246009062023, -62.98835414961295953, 17.00000000000000000 ) ) ;
#7787 = CARTESIAN_POINT ( 'NONE',  ( 23.73696534790346746, 88.36745145172191940, 14.00000000000000000 ) ) ;
#7788 = FACE_OUTER_BOUND ( 'NONE', #6638, .T. ) ;
#7789 = ORIENTED_EDGE ( 'NONE', *, *, #6902, .T. ) ;
#7790 = CIRCLE ( 'NONE', #3807, 2.499999999999999556 ) ;
#7791 = CARTESIAN_POINT ( 'NONE',  ( -28.27582184929585551, -52.62095849500362732, -3.000000000000000000 ) ) ;
#7792 = ORIENTED_EDGE ( 'NONE', *, *, #6307, .T. ) ;
#7793 = LINE ( 'NONE', #1207, #6666 ) ;
#7794 = ORIENTED_EDGE ( 'NONE', *, *, #8439, .F. ) ;
#7795 = CARTESIAN_POINT ( 'NONE',  ( 75.94735446185039507, -15.14328174876108868, -3.000000000000001332 ) ) ;
#7796 = VECTOR ( 'NONE', #2066, 1000.000000000000000 ) ;
#7797 = DIRECTION ( 'NONE',  ( -0.000000000000000000, -0.000000000000000000, 1.000000000000000000 ) ) ;
#7798 = AXIS2_PLACEMENT_3D ( 'NONE', #3543, #4369, #2068 ) ;
#7799 = CARTESIAN_POINT ( 'NONE',  ( 32.78698499542295508, 79.27043261361875182, 32.11763093304904970 ) ) ;
#7800 = ORIENTED_EDGE ( 'NONE', *, *, #7020, .T. ) ;
#7801 = CARTESIAN_POINT ( 'NONE',  ( 0.000000000000000000, 0.000000000000000000, 14.00000000000000000 ) ) ;
#7802 = DIRECTION ( 'NONE',  ( -0.4056281494946325505, -0.9140381853826239356, 0.000000000000000000 ) ) ;
#7803 = CARTESIAN_POINT ( 'NONE',  ( -23.73696534790352786, 88.36745145172191940, -16.00000000000000000 ) ) ;
#7804 = EDGE_CURVE ( 'NONE', #8029, #3952, #4043, .T. ) ;
#7805 = AXIS2_PLACEMENT_3D ( 'NONE', #4196, #4139, #9270 ) ;
#7806 = ORIENTED_EDGE ( 'NONE', *, *, #10234, .T. ) ;
#7807 = CYLINDRICAL_SURFACE ( 'NONE', #879, 51.03332099679091982 ) ;
#7808 = DIRECTION ( 'NONE',  ( 0.000000000000000000, 0.000000000000000000, -1.000000000000000000 ) ) ;
#7809 = AXIS2_PLACEMENT_3D ( 'NONE', #10458, #5434, #7060 ) ;
#7810 = VECTOR ( 'NONE', #7777, 1000.000000000000000 ) ;
#7811 = DIRECTION ( 'NONE',  ( 0.05171419319113946395, -0.9986619258901331397, 0.000000000000000000 ) ) ;
#7812 = VERTEX_POINT ( 'NONE', #9820 ) ;
#7813 = ORIENTED_EDGE ( 'NONE', *, *, #10310, .F. ) ;
#7814 = AXIS2_PLACEMENT_3D ( 'NONE', #6665, #1011, #6776 ) ;
#7815 = CARTESIAN_POINT ( 'NONE',  ( 58.78321495181216960, -10.63113418810930888, 17.00000000000000000 ) ) ;
#7816 = VECTOR ( 'NONE', #2374, 1000.000000000000114 ) ;
#7817 = CARTESIAN_POINT ( 'NONE',  ( -58.78321495171408628, -10.63113418811949984, 17.00000000000000000 ) ) ;
#7818 = EDGE_CURVE ( 'NONE', #6125, #296, #8014, .T. ) ;
#7819 = ORIENTED_EDGE ( 'NONE', *, *, #299, .T. ) ;
#7820 = VERTEX_POINT ( 'NONE', #5507 ) ;
#7821 = CARTESIAN_POINT ( 'NONE',  ( 33.63194295253664734, 87.77751655883939463, 14.00000000000000000 ) ) ;
#7822 = CARTESIAN_POINT ( 'NONE',  ( 0.000000000000000000, 0.000000000000000000, -18.50000000000000000 ) ) ;
#7823 = CYLINDRICAL_SURFACE ( 'NONE', #9328, 2.500000000000000444 ) ;
#7824 = VECTOR ( 'NONE', #8794, 1000.000000000000000 ) ;
#7825 = ORIENTED_EDGE ( 'NONE', *, *, #6307, .F. ) ;
#7826 = EDGE_CURVE ( 'NONE', #7485, #3184, #4315, .T. ) ;
#7827 = CARTESIAN_POINT ( 'NONE',  ( -33.48578540412083981, 78.38446935964203988, -17.18342693136518307 ) ) ;
#7828 = DIRECTION ( 'NONE',  ( -1.000000000000000000, 0.000000000000000000, 0.000000000000000000 ) ) ;
#7829 = EDGE_CURVE ( 'NONE', #1215, #9619, #8838, .T. ) ;
#7830 = EDGE_CURVE ( 'NONE', #4880, #10556, #5615, .T. ) ;
#7831 = CARTESIAN_POINT ( 'NONE',  ( 0.000000000000000000, 0.000000000000000000, -18.50000000000000000 ) ) ;
#7832 = CARTESIAN_POINT ( 'NONE',  ( -84.11181528007338670, 8.000029888356799290, -15.99988756943593415 ) ) ;
#7833 = VECTOR ( 'NONE', #5475, 1000.000000000000000 ) ;
#7834 = ORIENTED_EDGE ( 'NONE', *, *, #9784, .T. ) ;
#7835 = LINE ( 'NONE', #262, #1731 ) ;
#7836 = DIRECTION ( 'NONE',  ( 0.7439559807600396590, -0.6682286275604836234, 0.000000000000000000 ) ) ;
#7837 = ORIENTED_EDGE ( 'NONE', *, *, #7521, .F. ) ;
#7838 = ADVANCED_FACE ( 'NONE', ( #3880 ), #8948, .T. ) ;
#7839 = CARTESIAN_POINT ( 'NONE',  ( 22.30954822220480338, -91.31420512779556020, -16.00000000000000000 ) ) ;
#7840 = DIRECTION ( 'NONE',  ( 0.6682286275604850667, -0.7439559807600383268, 4.163336342344334660E-15 ) ) ;
#7841 = CARTESIAN_POINT ( 'NONE',  ( 65.68511428773467742, 36.62157627791614090, 20.90428872914297287 ) ) ;
#7842 = CARTESIAN_POINT ( 'NONE',  ( -32.08191338345085342, 70.42100852042686654, 22.29373426283166282 ) ) ;
#7843 = DIRECTION ( 'NONE',  ( 1.000000000000000000, 0.000000000000000000, 0.000000000000000000 ) ) ;
#7844 = CARTESIAN_POINT ( 'NONE',  ( -23.73696534790347812, 88.36745145172193361, 30.00000000000000000 ) ) ;
#7845 = VERTEX_POINT ( 'NONE', #7307 ) ;
#7846 = AXIS2_PLACEMENT_3D ( 'NONE', #3388, #6747, #10093 ) ;
#7847 = DIRECTION ( 'NONE',  ( -0.000000000000000000, -0.000000000000000000, 1.000000000000000000 ) ) ;
#7848 = VERTEX_POINT ( 'NONE', #6365 ) ;
#7849 = CARTESIAN_POINT ( 'NONE',  ( 46.29064977215458754, 38.56396948148692161, 17.00000000000000000 ) ) ;
#7850 = ORIENTED_EDGE ( 'NONE', *, *, #5640, .T. ) ;
#7851 = CARTESIAN_POINT ( 'NONE',  ( -33.59844955424266288, -78.05269155925957136, -16.75820396230604459 ) ) ;
#7852 = CARTESIAN_POINT ( 'NONE',  ( -31.46955049005108762, -67.55715460666439753, 17.00000000000000355 ) ) ;
#7853 = CIRCLE ( 'NONE', #7510, 90.00000000000001421 ) ;
#7854 = CARTESIAN_POINT ( 'NONE',  ( 18.88043970862304732, 83.03464265174322634, 31.04595453367590352 ) ) ;
#7855 = DIRECTION ( 'NONE',  ( 1.000000000000000000, 0.000000000000000000, 0.000000000000000000 ) ) ;
#7856 = ORIENTED_EDGE ( 'NONE', *, *, #4969, .T. ) ;
#7857 = FACE_OUTER_BOUND ( 'NONE', #3447, .T. ) ;
#7858 = CARTESIAN_POINT ( 'NONE',  ( 33.75268402470150164, 87.72852031421788865, -16.12853454385868801 ) ) ;
#7859 = ORIENTED_EDGE ( 'NONE', *, *, #9643, .T. ) ;
#7860 = CARTESIAN_POINT ( 'NONE',  ( -34.77390060466390054, -83.01069712234054521, 0.000000000000000000 ) ) ;
#7861 = VECTOR ( 'NONE', #3556, 999.9999999999998863 ) ;
#7862 = FACE_OUTER_BOUND ( 'NONE', #6084, .T. ) ;
#7863 = CARTESIAN_POINT ( 'NONE',  ( 0.000000000000000000, 0.000000000000000000, 14.00000000000000000 ) ) ;
#7864 = CARTESIAN_POINT ( 'NONE',  ( 71.14469310733642260, 57.53853180837098336, 14.00000000000000000 ) ) ;
#7865 = ORIENTED_EDGE ( 'NONE', *, *, #6548, .T. ) ;
#7866 = ORIENTED_EDGE ( 'NONE', *, *, #6706, .F. ) ;
#7867 = DIRECTION ( 'NONE',  ( -0.000000000000000000, 0.000000000000000000, -1.000000000000000000 ) ) ;
#7868 = ORIENTED_EDGE ( 'NONE', *, *, #4505, .T. ) ;
#7869 = ORIENTED_EDGE ( 'NONE', *, *, #2125, .F. ) ;
#7870 = DIRECTION ( 'NONE',  ( -0.000000000000000000, 0.000000000000000000, 1.000000000000000000 ) ) ;
#7871 = DIRECTION ( 'NONE',  ( -1.000000000000000000, 0.000000000000000000, 0.000000000000000000 ) ) ;
#7872 = FACE_OUTER_BOUND ( 'NONE', #6299, .T. ) ;
#7873 = B_SPLINE_CURVE_WITH_KNOTS ( 'NONE', 3,
 ( #3226, #667, #9989, #6539, #2518, #9877, #9167, #1699, #8346, #2413, #888, #2351, #4207, #5672, #62, #3389 ),
 .UNSPECIFIED., .F., .F.,
 ( 4, 2, 2, 2, 2, 2, 2, 4 ),
 ( 0.000000000000000000, 0.0005514947311267714590, 0.001102989462253542918, 0.002205978924507079331, 0.002757473655633834418, 0.003308968386760589506, 0.003860463117887345461, 0.004411957849014100548 ),
 .UNSPECIFIED. ) ;
#7874 = ORIENTED_EDGE ( 'NONE', *, *, #9834, .F. ) ;
#7875 = ADVANCED_FACE ( 'NONE', ( #2348 ), #9874, .T. ) ;
#7876 = CARTESIAN_POINT ( 'NONE',  ( -23.73696534790347457, 88.36745145172193361, 30.00000000000000355 ) ) ;
#7877 = CARTESIAN_POINT ( 'NONE',  ( 69.44178633531386424, 9.523943958844700575, 18.12358131652517201 ) ) ;
#7878 = CARTESIAN_POINT ( 'NONE',  ( 32.73747638465002296, -85.44300813972131436, -18.50000000000000000 ) ) ;
#7879 = AXIS2_PLACEMENT_3D ( 'NONE', #8521, #7640, #1055 ) ;
#7880 = CARTESIAN_POINT ( 'NONE',  ( 20.65978700115073252, 87.59665062699077964, 14.00000000000000000 ) ) ;
#7881 = ORIENTED_EDGE ( 'NONE', *, *, #1669, .T. ) ;
#7882 = DIRECTION ( 'NONE',  ( 0.1033219619787452415, 0.9946479639414453899, 0.000000000000000000 ) ) ;
#7883 = VECTOR ( 'NONE', #90, 1000.000000000000000 ) ;
#7884 = DIRECTION ( 'NONE',  ( 0.000000000000000000, 0.000000000000000000, -1.000000000000000000 ) ) ;
#7885 = ORIENTED_EDGE ( 'NONE', *, *, #1663, .F. ) ;
#7886 = ADVANCED_FACE ( 'NONE', ( #9710 ), #7249, .T. ) ;
#7887 = VERTEX_POINT ( 'NONE', #4858 ) ;
#7888 = CIRCLE ( 'NONE', #7013, 94.00000000000001421 ) ;
#7889 = CARTESIAN_POINT ( 'NONE',  ( 23.73696534790352075, -88.36745145172190519, -3.000000000000000888 ) ) ;
#7890 = CARTESIAN_POINT ( 'NONE',  ( -9.453987078548994560, 10.52536503081504904, -16.00000000000000000 ) ) ;
#7891 = CARTESIAN_POINT ( 'NONE',  ( -26.36704873968082907, -43.69414826633879301, 14.00000000000000000 ) ) ;
#7892 = DIRECTION ( 'NONE',  ( 0.000000000000000000, -0.000000000000000000, -1.000000000000000000 ) ) ;
#7893 = DIRECTION ( 'NONE',  ( -0.1033219619787455745, 0.9946479639414453899, 0.000000000000000000 ) ) ;
#7894 = ORIENTED_EDGE ( 'NONE', *, *, #4578, .T. ) ;
#7895 = EDGE_CURVE ( 'NONE', #8404, #1646, #7912, .T. ) ;
#7896 =( NAMED_UNIT ( * ) PLANE_ANGLE_UNIT ( ) SI_UNIT ( $, .RADIAN. ) );
#7897 = ORIENTED_EDGE ( 'NONE', *, *, #5295, .T. ) ;
#7898 = LINE ( 'NONE', #9394, #4070 ) ;
#7899 = EDGE_CURVE ( 'NONE', #7186, #1279, #2349, .T. ) ;
#7900 = VERTEX_POINT ( 'NONE', #3170 ) ;
#7901 = CARTESIAN_POINT ( 'NONE',  ( 77.93544135425284480, 5.172527561232103999, -3.000000000031885605 ) ) ;
#7902 = EDGE_CURVE ( 'NONE', #3403, #4253, #2239, .T. ) ;
#7903 = EDGE_CURVE ( 'NONE', #2417, #6027, #10468, .T. ) ;
#7904 = DIRECTION ( 'NONE',  ( 0.000000000000000000, 0.000000000000000000, 1.000000000000000000 ) ) ;
#7905 = B_SPLINE_CURVE_WITH_KNOTS ( 'NONE', 3,
 ( #4085, #4788, #1589, #8173, #8223, #652, #7402, #7234, #9757, #8115, #6468, #817 ),
 .UNSPECIFIED., .F., .F.,
 ( 4, 1, 1, 1, 2, 2, 1, 4 ),
 ( 0.08354533723326906802, 0.3126590029249456393, 0.4272158357707839249, 0.4844942521937030122, 0.4988138562994336445, 0.5131334604051642767, 0.5417726686166253192, 1.000000000000000000 ),
 .UNSPECIFIED. ) ;
#7906 = CARTESIAN_POINT ( 'NONE',  ( 0.000000000000000000, 0.000000000000000000, -3.000000000000000000 ) ) ;
#7907 = DIRECTION ( 'NONE',  ( -0.000000000000000000, -0.000000000000000000, 1.000000000000000000 ) ) ;
#7908 = ORIENTED_EDGE ( 'NONE', *, *, #6975, .T. ) ;
#7909 = CARTESIAN_POINT ( 'NONE',  ( 86.04998649012635781, -1.773361342402040686, 32.49999999999919709 ) ) ;
#7910 = CARTESIAN_POINT ( 'NONE',  ( 0.000000000000000000, 0.000000000000000000, -3.000000000000000000 ) ) ;
#7911 = EDGE_CURVE ( 'NONE', #9963, #9832, #5990, .T. ) ;
#7912 = CIRCLE ( 'NONE', #9324, 90.00000000000001421 ) ;
#7913 = ORIENTED_EDGE ( 'NONE', *, *, #10175, .T. ) ;
#7914 = CARTESIAN_POINT ( 'NONE',  ( 65.68511428767847349, -36.62157627786567815, -6.904288729175953598 ) ) ;
#7915 = DIRECTION ( 'NONE',  ( 0.000000000000000000, 0.000000000000000000, -1.000000000000000000 ) ) ;
#7916 = LINE ( 'NONE', #7754, #5897 ) ;
#7917 = EDGE_CURVE ( 'NONE', #384, #5129, #794, .T. ) ;
#7918 = CYLINDRICAL_SURFACE ( 'NONE', #6504, 2.500000000000002220 ) ;
#7919 = AXIS2_PLACEMENT_3D ( 'NONE', #4237, #2548, #9098 ) ;
#7920 = ORIENTED_EDGE ( 'NONE', *, *, #1289, .F. ) ;
#7921 = ORIENTED_EDGE ( 'NONE', *, *, #1844, .T. ) ;
#7922 = DIRECTION ( 'NONE',  ( 1.000000000000000000, 0.000000000000000000, 0.000000000000000000 ) ) ;
#7923 = DIRECTION ( 'NONE',  ( 0.9946479639414453899, 0.1033219619787452970, 0.000000000000000000 ) ) ;
#7924 = ORIENTED_EDGE ( 'NONE', *, *, #6189, .F. ) ;
#7925 = VECTOR ( 'NONE', #2488, 1000.000000000000000 ) ;
#7926 = ORIENTED_EDGE ( 'NONE', *, *, #8921, .T. ) ;
#7927 = CARTESIAN_POINT ( 'NONE',  ( 33.30521049214179641, 76.14203481084909697, -13.26161660796501174 ) ) ;
#7928 = CARTESIAN_POINT ( 'NONE',  ( -78.80314311859507370, -51.24514254668657287, 14.00000000000000000 ) ) ;
#7929 = CARTESIAN_POINT ( 'NONE',  ( 84.80501470345828352, 7.702750485832505767, 31.04595453367343794 ) ) ;
#7930 = ORIENTED_EDGE ( 'NONE', *, *, #2246, .T. ) ;
#7931 = AXIS2_PLACEMENT_3D ( 'NONE', #9310, #8428, #8319 ) ;
#7932 = CIRCLE ( 'NONE', #6714, 51.03332099679091982 ) ;
#7933 = CARTESIAN_POINT ( 'NONE',  ( -33.64394285760802461, 77.72606339498129557, -16.30948754351182828 ) ) ;
#7934 = FACE_OUTER_BOUND ( 'NONE', #19, .T. ) ;
#7935 = CARTESIAN_POINT ( 'NONE',  ( 18.38349979345281326, -82.46723521067735874, -15.99988756943915647 ) ) ;
#7936 = CARTESIAN_POINT ( 'NONE',  ( 0.000000000000000000, 0.000000000000000000, 30.00000000000000000 ) ) ;
#7937 = ORIENTED_EDGE ( 'NONE', *, *, #1602, .F. ) ;
#7938 = EDGE_CURVE ( 'NONE', #4920, #2092, #218, .T. ) ;
#7939 = AXIS2_PLACEMENT_3D ( 'NONE', #3479, #153, #4352 ) ;
#7940 = DIRECTION ( 'NONE',  ( -0.9946479639414452789, -0.1033219619787458660, 0.000000000000000000 ) ) ;
#7941 = DIRECTION ( 'NONE',  ( 0.000000000000000000, 0.000000000000000000, -1.000000000000000000 ) ) ;
#7942 = ORIENTED_EDGE ( 'NONE', *, *, #3924, .T. ) ;
#7943 = ORIENTED_EDGE ( 'NONE', *, *, #6942, .T. ) ;
#7944 = LINE ( 'NONE', #4030, #1238 ) ;
#7945 = AXIS2_PLACEMENT_3D ( 'NONE', #8099, #3086, #639 ) ;
#7946 = CARTESIAN_POINT ( 'NONE',  ( -79.95094027961361860, -49.43528242465761480, -16.00000000000000000 ) ) ;
#7947 = B_SPLINE_CURVE_WITH_KNOTS ( 'NONE', 3,
 ( #1293, #9747, #2274, #8928, #5596, #1517, #3149, #4831, #6460, #8161, #9801, #701, #4021, #2331, #5650, #7339 ),
 .UNSPECIFIED., .F., .F.,
 ( 4, 2, 2, 2, 2, 2, 2, 4 ),
 ( 0.000000000000000000, 0.0005514947311267223446, 0.001102989462253444689, 0.002205978924506899353, 0.002757473655633634925, 0.003308968386760370497, 0.003860463117887106069, 0.004411957849013841207 ),
 .UNSPECIFIED. ) ;
#7948 = DIRECTION ( 'NONE',  ( -0.000000000000000000, -0.000000000000000000, -1.000000000000000000 ) ) ;
#7949 = DIRECTION ( 'NONE',  ( -0.000000000000000000, -0.000000000000000000, 1.000000000000000000 ) ) ;
#7950 = PLANE ( 'NONE',  #3633 ) ;
#7951 = ORIENTED_EDGE ( 'NONE', *, *, #8113, .F. ) ;
#7952 = CARTESIAN_POINT ( 'NONE',  ( -33.40773828059418094, -38.57878788838269912, 14.00000000000000000 ) ) ;
#7953 = ORIENTED_EDGE ( 'NONE', *, *, #6345, .T. ) ;
#7954 = VECTOR ( 'NONE', #2025, 1000.000000000000000 ) ;
#7955 = CARTESIAN_POINT ( 'NONE',  ( 59.93450787379015310, 53.93696064970246340, 24.91900855182708696 ) ) ;
#7956 = ORIENTED_EDGE ( 'NONE', *, *, #2883, .F. ) ;
#7957 = AXIS2_PLACEMENT_3D ( 'NONE', #5982, #9331, #8284 ) ;
#7958 = DIRECTION ( 'NONE',  ( 1.000000000000000000, 0.000000000000000000, -1.387778780781446464E-15 ) ) ;
#7959 = EDGE_CURVE ( 'NONE', #5030, #4708, #8266, .T. ) ;
#7960 = CARTESIAN_POINT ( 'NONE',  ( 0.000000000000000000, 0.000000000000000000, -18.50000000000000000 ) ) ;
#7961 = DIRECTION ( 'NONE',  ( -0.000000000000000000, 0.000000000000000000, 1.000000000000000000 ) ) ;
#7962 = VERTEX_POINT ( 'NONE', #934 ) ;
#7963 = DIRECTION ( 'NONE',  ( -0.000000000000000000, -0.000000000000000000, 1.000000000000000000 ) ) ;
#7964 = CARTESIAN_POINT ( 'NONE',  ( 35.22041985630067984, 85.09894564319871790, -18.43390565345071863 ) ) ;
#7965 = EDGE_CURVE ( 'NONE', #3233, #8202, #5019, .T. ) ;
#7966 = EDGE_CURVE ( 'NONE', #10034, #1248, #10, .T. ) ;
#7967 = EDGE_LOOP ( 'NONE', ( #2810, #7305, #6566 ) ) ;
#7968 = DIRECTION ( 'NONE',  ( 0.8654182317380989531, -0.5010501812945508116, 0.000000000000000000 ) ) ;
#7969 = LINE ( 'NONE', #6215, #10389 ) ;
#7970 = AXIS2_PLACEMENT_3D ( 'NONE', #6256, #2787, #9436 ) ;
#7971 = CARTESIAN_POINT ( 'NONE',  ( -55.07522531317199110, 51.12358750979387878, -6.869770528447422642 ) ) ;
#7972 = DIRECTION ( 'NONE',  ( -1.000000000000000000, 0.000000000000000000, 0.000000000000000000 ) ) ;
#7973 = AXIS2_PLACEMENT_3D ( 'NONE', #7910, #6932, #450 ) ;
#7974 = AXIS2_PLACEMENT_3D ( 'NONE', #5262, #1943, #9518 ) ;
#7975 = ORIENTED_EDGE ( 'NONE', *, *, #1093, .T. ) ;
#7976 = EDGE_CURVE ( 'NONE', #8587, #4036, #9225, .T. ) ;
#7977 = ORIENTED_EDGE ( 'NONE', *, *, #1022, .T. ) ;
#7978 = CARTESIAN_POINT ( 'NONE',  ( -78.80314311859505949, 51.24514254668658708, 17.00000000000000000 ) ) ;
#7979 = VECTOR ( 'NONE', #6128, 1000.000000000000000 ) ;
#7980 = DIRECTION ( 'NONE',  ( -1.000000000000000000, 0.000000000000000000, 0.000000000000000000 ) ) ;
#7981 = ORIENTED_EDGE ( 'NONE', *, *, #9112, .F. ) ;
#7982 = EDGE_CURVE ( 'NONE', #5789, #3971, #1803, .T. ) ;
#7983 = AXIS2_PLACEMENT_3D ( 'NONE', #7633, #7021, #5394 ) ;
#7984 = CIRCLE ( 'NONE', #4163, 94.00000000000001421 ) ;
#7985 = ORIENTED_EDGE ( 'NONE', *, *, #5448, .T. ) ;
#7986 = CARTESIAN_POINT ( 'NONE',  ( -20.65978700115072542, -87.59665062699077964, 17.00000000000000000 ) ) ;
#7987 = CARTESIAN_POINT ( 'NONE',  ( -84.33978776313246328, 16.81666435622046407, 32.50000000000000000 ) ) ;
#7988 = CARTESIAN_POINT ( 'NONE',  ( 0.000000000000000000, 0.000000000000000000, 32.50000000000000000 ) ) ;
#7989 = ORIENTED_EDGE ( 'NONE', *, *, #9357, .T. ) ;
#7990 = AXIS2_PLACEMENT_3D ( 'NONE', #7185, #3050, #601 ) ;
#7991 = VERTEX_POINT ( 'NONE', #1753 ) ;
#7992 = CARTESIAN_POINT ( 'NONE',  ( -93.87422103367251225, -4.861134159967122059, 17.00000000000000000 ) ) ;
#7993 = CARTESIAN_POINT ( 'NONE',  ( 34.77390060466390054, -83.01069712234053100, 17.00000000000000000 ) ) ;
#7994 = DIRECTION ( 'NONE',  ( -0.000000000000000000, 0.000000000000000000, 1.000000000000000000 ) ) ;
#7995 = CARTESIAN_POINT ( 'NONE',  ( 24.38551631369318429, 90.78186269357226479, -16.00000000000000000 ) ) ;
#7996 = ORIENTED_EDGE ( 'NONE', *, *, #9633, .T. ) ;
#7997 = CIRCLE ( 'NONE', #4687, 94.00000000000001421 ) ;
#7998 = CARTESIAN_POINT ( 'NONE',  ( 0.000000000000000000, 0.000000000000000000, 17.00000000000000000 ) ) ;
#7999 = CARTESIAN_POINT ( 'NONE',  ( 0.000000000000000000, 0.000000000000000000, 30.00000000000000000 ) ) ;
#8000 = ORIENTED_EDGE ( 'NONE', *, *, #9987, .F. ) ;
#8001 = ORIENTED_EDGE ( 'NONE', *, *, #3613, .F. ) ;
#8002 = EDGE_CURVE ( 'NONE', #4770, #3657, #7525, .T. ) ;
#8003 = ADVANCED_BREP_SHAPE_REPRESENTATION ( 'ARP-0008', ( #5446, #1024 ), #147 ) ;
#8004 = CARTESIAN_POINT ( 'NONE',  ( -46.50970724627101305, 38.17154845770392768, 17.00000000000000000 ) ) ;
#8005 = LINE ( 'NONE', #9594, #9174 ) ;
#8006 = DIRECTION ( 'NONE',  ( 0.2090980990620617819, 0.9778946696698127550, 0.000000000000000000 ) ) ;
#8007 = DIRECTION ( 'NONE',  ( -1.000000000000000000, 0.000000000000000000, -0.000000000000000000 ) ) ;
#8008 = CARTESIAN_POINT ( 'NONE',  ( -33.40773828059418094, 38.57878788838269912, 14.00000000000000000 ) ) ;
#8009 = FACE_OUTER_BOUND ( 'NONE', #3925, .T. ) ;
#8010 = ORIENTED_EDGE ( 'NONE', *, *, #10044, .T. ) ;
#8011 = CARTESIAN_POINT ( 'NONE',  ( -71.14469310733643681, -57.53853180837095493, 30.00000000000000355 ) ) ;
#8012 = ORIENTED_EDGE ( 'NONE', *, *, #200, .F. ) ;
#8013 = ORIENTED_EDGE ( 'NONE', *, *, #10170, .F. ) ;
#8014 = LINE ( 'NONE', #8185, #6206 ) ;
#8015 = EDGE_CURVE ( 'NONE', #10001, #8834, #1829, .T. ) ;
#8016 = EDGE_CURVE ( 'NONE', #7055, #9508, #9885, .T. ) ;
#8017 = DIRECTION ( 'NONE',  ( -1.000000000000000000, 0.000000000000000000, 5.551115123125777969E-15 ) ) ;
#8018 = CARTESIAN_POINT ( 'NONE',  ( 93.87422103367251225, -4.861134159967125612, -3.000000000000000000 ) ) ;
#8019 = EDGE_LOOP ( 'NONE', ( #2265, #5352, #8261, #10283 ) ) ;
#8020 = AXIS2_PLACEMENT_3D ( 'NONE', #8806, #2152, #6232 ) ;
#8021 = DIRECTION ( 'NONE',  ( -0.9946479639414453899, 0.1033219619787455329, -0.000000000000000000 ) ) ;
#8022 = FACE_OUTER_BOUND ( 'NONE', #4781, .T. ) ;
#8023 = ORIENTED_EDGE ( 'NONE', *, *, #2907, .F. ) ;
#8024 = DIRECTION ( 'NONE',  ( 0.000000000000000000, -0.000000000000000000, -1.000000000000000000 ) ) ;
#8025 = DIRECTION ( 'NONE',  ( -0.3577866271546457089, -0.9338033676472270450, 0.000000000000000000 ) ) ;
#8026 = CARTESIAN_POINT ( 'NONE',  ( 91.50000000000001421, 0.000000000000000000, 32.50000000000000000 ) ) ;
#8027 = VECTOR ( 'NONE', #7681, 999.9999999999998863 ) ;
#8028 = DIRECTION ( 'NONE',  ( -5.697743364609252299E-16, 1.283923468391406051E-15, -1.000000000000000000 ) ) ;
#8029 = VERTEX_POINT ( 'NONE', #8508 ) ;
#8030 = EDGE_CURVE ( 'NONE', #8489, #1981, #984, .T. ) ;
#8031 = EDGE_CURVE ( 'NONE', #6529, #7028, #5004, .T. ) ;
#8032 = CARTESIAN_POINT ( 'NONE',  ( 23.73696534790352075, -88.36745145172190519, -16.00000000000000000 ) ) ;
#8033 = ORIENTED_EDGE ( 'NONE', *, *, #3924, .F. ) ;
#8034 = CARTESIAN_POINT ( 'NONE',  ( 32.73747638465003007, 85.44300813972130015, 30.00000000000000355 ) ) ;
#8035 = FACE_OUTER_BOUND ( 'NONE', #8880, .T. ) ;
#8036 = ORIENTED_EDGE ( 'NONE', *, *, #6649, .T. ) ;
#8037 = AXIS2_PLACEMENT_3D ( 'NONE', #950, #8468, #10110 ) ;
#8038 = EDGE_LOOP ( 'NONE', ( #4401, #8638, #1952 ) ) ;
#8039 = EDGE_CURVE ( 'NONE', #4755, #9555, #2566, .T. ) ;
#8040 = DIRECTION ( 'NONE',  ( 1.000000000000000000, 0.000000000000000000, 0.000000000000000000 ) ) ;
#8041 = ADVANCED_FACE ( 'NONE', ( #7573 ), #6745, .T. ) ;
#8042 = DIRECTION ( 'NONE',  ( 0.000000000000000000, 0.000000000000000000, -1.000000000000000000 ) ) ;
#8043 = CARTESIAN_POINT ( 'NONE',  ( 16.27982722542983041, -3.481030249449617031, -3.000000000000000000 ) ) ;
#8044 = VERTEX_POINT ( 'NONE', #5174 ) ;
#8045 = EDGE_CURVE ( 'NONE', #2014, #3679, #1040, .T. ) ;
#8046 = VECTOR ( 'NONE', #2640, 1000.000000000000000 ) ;
#8047 = EDGE_CURVE ( 'NONE', #707, #3952, #5177, .T. ) ;
#8048 = ORIENTED_EDGE ( 'NONE', *, *, #8477, .F. ) ;
#8049 = DIRECTION ( 'NONE',  ( -0.2090980990620617819, -0.9778946696698127550, 0.000000000000000000 ) ) ;
#8050 = CARTESIAN_POINT ( 'NONE',  ( 47.01416648434901191, 19.85114610654548173, 14.00000000000000000 ) ) ;
#8051 = CARTESIAN_POINT ( 'NONE',  ( -71.14469310733640839, 57.53853180837098336, -16.00000000000000000 ) ) ;
#8052 = CARTESIAN_POINT ( 'NONE',  ( -32.73747638465012244, -85.44300813972128594, -3.000000000000000888 ) ) ;
#8053 = VERTEX_POINT ( 'NONE', #1141 ) ;
#8054 = ADVANCED_FACE ( 'NONE', ( #8719 ), #4462, .T. ) ;
#8055 = DIRECTION ( 'NONE',  ( -1.000000000000000000, 0.000000000000000000, 0.000000000000000000 ) ) ;
#8056 = CARTESIAN_POINT ( 'NONE',  ( 8.341399780305355449, -14.40733826189104860, -3.000000000000000000 ) ) ;
#8057 = ORIENTED_EDGE ( 'NONE', *, *, #4383, .F. ) ;
#8058 = VERTEX_POINT ( 'NONE', #4412 ) ;
#8059 = CARTESIAN_POINT ( 'NONE',  ( -20.53220525043906619, -86.75782145823292524, 31.04497889446960102 ) ) ;
#8060 = CARTESIAN_POINT ( 'NONE',  ( 72.75007835267039979, 42.96768886925866582, 29.99987001606395509 ) ) ;
#8061 = CARTESIAN_POINT ( 'NONE',  ( -32.78100788424936241, 73.69048246109365152, -10.94393758859580146 ) ) ;
#8062 = CARTESIAN_POINT ( 'NONE',  ( 32.73747638465003007, 85.44300813972131436, 32.50000000000000000 ) ) ;
#8063 = DIRECTION ( 'NONE',  ( -0.6288364132062403966, 0.7775376295883759115, -2.158100447203704259E-15 ) ) ;
#8064 = CARTESIAN_POINT ( 'NONE',  ( -66.64214824500044188, 55.51846396099301018, 32.50000000000000000 ) ) ;
#8065 = EDGE_LOOP ( 'NONE', ( #2409, #7324, #9392, #10085 ) ) ;
#8066 = PRODUCT_DEFINITION_SHAPE ( 'NONE', 'NONE',  #4484 ) ;
#8067 = CIRCLE ( 'NONE', #4235, 2.499999999999998668 ) ;
#8068 = CARTESIAN_POINT ( 'NONE',  ( -73.13542742477089575, -43.61233852016278689, 31.04213425600405785 ) ) ;
#8069 = DIRECTION ( 'NONE',  ( 0.000000000000000000, 0.000000000000000000, -1.000000000000000000 ) ) ;
#8070 = ORIENTED_EDGE ( 'NONE', *, *, #6902, .F. ) ;
#8071 = CARTESIAN_POINT ( 'NONE',  ( -63.34558840304410410, 55.91184470037090648, -15.99988756943573875 ) ) ;
#8072 = CIRCLE ( 'NONE', #5120, 94.00000000000001421 ) ;
#8073 = DIRECTION ( 'NONE',  ( -1.215628400948271438E-15, 7.038109532990086325E-16, 1.000000000000000000 ) ) ;
#8074 = FACE_OUTER_BOUND ( 'NONE', #2061, .T. ) ;
#8075 = ORIENTED_EDGE ( 'NONE', *, *, #7025, .F. ) ;
#8076 = DIRECTION ( 'NONE',  ( 0.000000000000000000, 0.000000000000000000, -1.000000000000000000 ) ) ;
#8077 = CARTESIAN_POINT ( 'NONE',  ( 19.16400979957248651, -75.71940827082565306, -3.000000000000001332 ) ) ;
#8078 = VERTEX_POINT ( 'NONE', #3754 ) ;
#8079 = ADVANCED_FACE ( 'NONE', ( #9481 ), #6852, .T. ) ;
#8080 = CARTESIAN_POINT ( 'NONE',  ( 71.14469310733643681, -57.53853180837096915, -16.00000000000000000 ) ) ;
#8081 = VERTEX_POINT ( 'NONE', #6908 ) ;
#8082 = CARTESIAN_POINT ( 'NONE',  ( -22.37191700931371230, 55.94194604965414186, 17.00000000000000000 ) ) ;
#8083 = ORIENTED_EDGE ( 'NONE', *, *, #656, .T. ) ;
#8084 = FACE_OUTER_BOUND ( 'NONE', #10326, .T. ) ;
#8085 = ORIENTED_EDGE ( 'NONE', *, *, #7766, .F. ) ;
#8086 = CARTESIAN_POINT ( 'NONE',  ( 49.70347058474199997, -11.57431915030805492, 17.00000000000000000 ) ) ;
#8087 = ORIENTED_EDGE ( 'NONE', *, *, #2492, .F. ) ;
#8088 = CARTESIAN_POINT ( 'NONE',  ( -50.98111192974742067, -32.10810216907123760, -3.000000000000002665 ) ) ;
#8089 = CYLINDRICAL_SURFACE ( 'NONE', #10230, 51.03332099679091982 ) ;
#8090 = VERTEX_POINT ( 'NONE', #6964 ) ;
#8091 = ORIENTED_EDGE ( 'NONE', *, *, #3087, .F. ) ;
#8092 = LINE ( 'NONE', #7272, #7816 ) ;
#8093 = CARTESIAN_POINT ( 'NONE',  ( -32.73747638465003007, 85.44300813972131436, -16.00000000000000000 ) ) ;
#8094 = DIRECTION ( 'NONE',  ( 0.000000000000000000, 0.000000000000000000, 1.000000000000000000 ) ) ;
#8095 = DIRECTION ( 'NONE',  ( -0.5451610909221966672, 0.8383313097722882024, 3.026251976357952911E-15 ) ) ;
#8096 = ORIENTED_EDGE ( 'NONE', *, *, #1022, .F. ) ;
#8097 = ORIENTED_EDGE ( 'NONE', *, *, #6271, .T. ) ;
#8098 = EDGE_CURVE ( 'NONE', #1378, #7186, #6029, .T. ) ;
#8099 = CARTESIAN_POINT ( 'NONE',  ( 0.000000000000000000, 0.000000000000000000, 16.99999999999998579 ) ) ;
#8100 = AXIS2_PLACEMENT_3D ( 'NONE', #3525, #9312, #44 ) ;
#8101 = B_SPLINE_CURVE_WITH_KNOTS ( 'NONE', 3,
 ( #5926, #6641, #1645, #9111, #2564, #9329, #1694, #4304, #8396, #7411, #10743, #825 ),
 .UNSPECIFIED., .F., .F.,
 ( 4, 1, 1, 1, 2, 2, 1, 4 ),
 ( 0.08354533723674555101, 0.3126590029275521654, 0.4272158357729554656, 0.4844942521956571158, 0.4988138563013330695, 0.5131334604070090233, 0.5417726686183611529, 1.000000000000000000 ),
 .UNSPECIFIED. ) ;
#8102 = DIRECTION ( 'NONE',  ( 1.000000000000000000, 2.664535259100375697E-14, 0.000000000000000000 ) ) ;
#8103 = DIRECTION ( 'NONE',  ( -1.000000000000000000, 0.000000000000000000, 0.000000000000000000 ) ) ;
#8104 = ADVANCED_FACE ( 'NONE', ( #6086 ), #6188, .T. ) ;
#8105 = ORIENTED_EDGE ( 'NONE', *, *, #92, .T. ) ;
#8106 = ADVANCED_FACE ( 'NONE', ( #2878 ), #1958, .F. ) ;
#8107 = CARTESIAN_POINT ( 'NONE',  ( -50.67558984040606163, -32.43770297214197029, -3.000000000000000000 ) ) ;
#8108 = VECTOR ( 'NONE', #6617, 1000.000000000000114 ) ;
#8109 = AXIS2_PLACEMENT_3D ( 'NONE', #7375, #8139, #4760 ) ;
#8110 = CARTESIAN_POINT ( 'NONE',  ( 71.72194674751899868, 60.76152034590681694, 14.00000000000000000 ) ) ;
#8111 = ORIENTED_EDGE ( 'NONE', *, *, #9768, .T. ) ;
#8112 = EDGE_LOOP ( 'NONE', ( #3683, #2129, #10593, #9523, #589, #4931 ) ) ;
#8113 = EDGE_CURVE ( 'NONE', #7049, #3477, #9978, .T. ) ;
#8114 = CARTESIAN_POINT ( 'NONE',  ( 86.04998649015108469, -1.773361342404219387, -18.50000000000817835 ) ) ;
#8115 = CARTESIAN_POINT ( 'NONE',  ( -12.41940012611928879, 69.02784992741268866, 18.13389584072290361 ) ) ;
#8116 = CARTESIAN_POINT ( 'NONE',  ( -31.53399677347265495, 67.85855226317423217, -6.685161482360022056 ) ) ;
#8117 = FACE_OUTER_BOUND ( 'NONE', #7635, .T. ) ;
#8118 = PLANE ( 'NONE',  #10753 ) ;
#8119 = SPHERICAL_SURFACE ( 'NONE', #9389, 2.500000000000000000 ) ;
#8120 = VECTOR ( 'NONE', #9937, 1000.000000000000000 ) ;
#8121 = EDGE_LOOP ( 'NONE', ( #7216, #8291, #8783, #3953 ) ) ;
#8122 = ADVANCED_FACE ( 'NONE', ( #8560 ), #6138, .F. ) ;
#8123 = CARTESIAN_POINT ( 'NONE',  ( 33.17960277616233356, 87.51071245420151001, 32.50000000000000000 ) ) ;
#8124 = LINE ( 'NONE', #3168, #7006 ) ;
#8125 = ORIENTED_EDGE ( 'NONE', *, *, #10081, .T. ) ;
#8126 = DIRECTION ( 'NONE',  ( 0.9946479639414452789, 0.1033219619787452137, 0.000000000000000000 ) ) ;
#8127 = CIRCLE ( 'NONE', #1691, 91.50000000000001421 ) ;
#8128 = CARTESIAN_POINT ( 'NONE',  ( -85.73210788436577445, -6.029640947279233387, 32.40430452063363731 ) ) ;
#8129 = CYLINDRICAL_SURFACE ( 'NONE', #2727, 90.00000000000001421 ) ;
#8130 = VERTEX_POINT ( 'NONE', #9432 ) ;
#8131 = DIRECTION ( 'NONE',  ( 1.000000000000000000, 0.000000000000000000, 0.000000000000000000 ) ) ;
#8132 = CARTESIAN_POINT ( 'NONE',  ( 76.70731484416434398, -49.88223981938108409, 30.00000000000000355 ) ) ;
#8133 = AXIS2_PLACEMENT_3D ( 'NONE', #10174, #2706, #4997 ) ;
#8134 = ORIENTED_EDGE ( 'NONE', *, *, #10119, .T. ) ;
#8135 = CARTESIAN_POINT ( 'NONE',  ( 8.341399780305355449, 14.40733826189104860, 17.00000000000000000 ) ) ;
#8136 = EDGE_LOOP ( 'NONE', ( #3312, #614, #5625, #3077, #8769, #5718 ) ) ;
#8137 = DIRECTION ( 'NONE',  ( -0.000000000000000000, -0.000000000000000000, 1.000000000000000000 ) ) ;
#8138 = ORIENTED_EDGE ( 'NONE', *, *, #1382, .F. ) ;
#8139 = DIRECTION ( 'NONE',  ( 0.000000000000000000, 0.000000000000000000, -1.000000000000000000 ) ) ;
#8140 = ORIENTED_EDGE ( 'NONE', *, *, #7116, .F. ) ;
#8141 = AXIS2_PLACEMENT_3D ( 'NONE', #6794, #3425, #7618 ) ;
#8142 = CARTESIAN_POINT ( 'NONE',  ( 53.80544377084262919, -25.95113860327908029, 17.00000000000000000 ) ) ;
#8143 = ORIENTED_EDGE ( 'NONE', *, *, #5965, .F. ) ;
#8144 = EDGE_CURVE ( 'NONE', #10693, #8444, #2006, .T. ) ;
#8145 = CARTESIAN_POINT ( 'NONE',  ( -46.29064977213422338, -38.56396948134669600, -3.000000000000002665 ) ) ;
#8146 = DIRECTION ( 'NONE',  ( -0.000000000000000000, 1.000000000000000000, 0.000000000000000000 ) ) ;
#8147 = EDGE_LOOP ( 'NONE', ( #7077, #9101, #9235, #847 ) ) ;
#8148 = AXIS2_PLACEMENT_3D ( 'NONE', #1420, #3871, #542 ) ;
#8149 = ORIENTED_EDGE ( 'NONE', *, *, #1602, .T. ) ;
#8150 = CARTESIAN_POINT ( 'NONE',  ( 8.341399780305355449, -14.40733826189104860, -3.000000000000000000 ) ) ;
#8151 = AXIS2_PLACEMENT_3D ( 'NONE', #1134, #974, #10080 ) ;
#8152 = CARTESIAN_POINT ( 'NONE',  ( 58.34773430101146374, -63.17865068152826780, -18.49999999999999645 ) ) ;
#8153 = CARTESIAN_POINT ( 'NONE',  ( -74.22174312553568143, -9.027411988093662742, 20.65163927870569438 ) ) ;
#8154 = ORIENTED_EDGE ( 'NONE', *, *, #2147, .F. ) ;
#8155 = CIRCLE ( 'NONE', #4848, 51.03332099679091982 ) ;
#8156 = B_SPLINE_SURFACE_WITH_KNOTS ( 'NONE', 2, 3, ( 
 ( #7268, #8145, #8088, #10710 ),
 ( #3135, #9892, #6552, #2427 ),
 ( #685, #4007, #3189, #6501 ) ),
 .UNSPECIFIED., .F., .F., .F.,
 ( 3, 3 ),
 ( 4, 4 ),
 ( 0.000000000000000000, 1.000000000000000000 ),
 ( 5.458056066844974019, 5.851677486078281198 ),
 .UNSPECIFIED. ) ;
#8157 = ORIENTED_EDGE ( 'NONE', *, *, #8668, .F. ) ;
#8158 = ADVANCED_FACE ( 'NONE', ( #3697 ), #7781, .T. ) ;
#8159 = CARTESIAN_POINT ( 'NONE',  ( -35.18221305882465799, -84.92026289206614820, -3.000000000000000000 ) ) ;
#8160 = CARTESIAN_POINT ( 'NONE',  ( 32.73747638465003718, 85.44300813972131436, 30.00000000000000355 ) ) ;
#8161 = CARTESIAN_POINT ( 'NONE',  ( 73.16407312019694587, -43.73306294533497862, 31.18477683936907852 ) ) ;
#8162 = ORIENTED_EDGE ( 'NONE', *, *, #9910, .T. ) ;
#8163 = AXIS2_PLACEMENT_3D ( 'NONE', #5286, #4470, #5185 ) ;
#8164 = CARTESIAN_POINT ( 'NONE',  ( -20.06787132561206377, 83.41411796205203188, -18.13538959017764185 ) ) ;
#8165 = EDGE_CURVE ( 'NONE', #2014, #3630, #1964, .T. ) ;
#8166 = CIRCLE ( 'NONE', #3291, 2.499999999999997335 ) ;
#8167 = CYLINDRICAL_SURFACE ( 'NONE', #3025, 51.03332099679091982 ) ;
#8168 = ORIENTED_EDGE ( 'NONE', *, *, #9549, .T. ) ;
#8169 = VERTEX_POINT ( 'NONE', #10353 ) ;
#8170 = EDGE_CURVE ( 'NONE', #5944, #7991, #1104, .T. ) ;
#8171 = EDGE_CURVE ( 'NONE', #8964, #2101, #5103, .T. ) ;
#8172 = DIRECTION ( 'NONE',  ( -0.000000000000000000, -0.000000000000000000, -1.000000000000000000 ) ) ;
#8173 = CARTESIAN_POINT ( 'NONE',  ( -15.45553032627742418, 75.86943363454800249, 22.32620741698869082 ) ) ;
#8174 = CARTESIAN_POINT ( 'NONE',  ( 73.08853718130737320, 59.11062284138658640, 17.00000000000000000 ) ) ;
#8175 = CARTESIAN_POINT ( 'NONE',  ( -84.33978776313246328, -16.81666435622047473, -18.50000000000000355 ) ) ;
#8176 = CIRCLE ( 'NONE', #2440, 51.03332099679091982 ) ;
#8177 = FACE_OUTER_BOUND ( 'NONE', #9780, .T. ) ;
#8178 = CARTESIAN_POINT ( 'NONE',  ( 33.48578540415871885, -78.38446935981362174, -17.18342693136285959 ) ) ;
#8179 = VERTEX_POINT ( 'NONE', #3363 ) ;
#8180 = EDGE_CURVE ( 'NONE', #4761, #526, #2673, .T. ) ;
#8181 = CARTESIAN_POINT ( 'NONE',  ( -91.63587112389404865, 7.218468586842886836, 17.00000000000000000 ) ) ;
#8182 = EDGE_CURVE ( 'NONE', #10777, #8053, #5437, .T. ) ;
#8183 = CARTESIAN_POINT ( 'NONE',  ( 55.07522531316106296, 51.12358750978752653, 20.86977052845375624 ) ) ;
#8184 = ORIENTED_EDGE ( 'NONE', *, *, #1445, .T. ) ;
#8185 = CARTESIAN_POINT ( 'NONE',  ( 49.70347058474200708, -11.57431915030803182, 14.00000000000000000 ) ) ;
#8186 = AXIS2_PLACEMENT_3D ( 'NONE', #7433, #5092, #10770 ) ;
#8187 = EDGE_CURVE ( 'NONE', #8924, #2508, #1679, .T. ) ;
#8188 = CARTESIAN_POINT ( 'NONE',  ( 0.000000000000000000, 0.000000000000000000, -3.000000000000000000 ) ) ;
#8189 = CYLINDRICAL_SURFACE ( 'NONE', #5498, 90.00000000000001421 ) ;
#8190 = CARTESIAN_POINT ( 'NONE',  ( -64.08113496568417133, -56.07879300962427038, 31.04595453367469560 ) ) ;
#8191 = CARTESIAN_POINT ( 'NONE',  ( 0.000000000000000000, 0.000000000000000000, 0.000000000000000000 ) ) ;
#8192 = EDGE_LOOP ( 'NONE', ( #4091, #440, #8408, #3013 ) ) ;
#8193 = CARTESIAN_POINT ( 'NONE',  ( -62.07565424154873313, 55.17661765760832537, 27.81128689715179902 ) ) ;
#8194 = ORIENTED_EDGE ( 'NONE', *, *, #5281, .T. ) ;
#8195 = DIRECTION ( 'NONE',  ( 0.000000000000000000, -0.000000000000000000, -1.000000000000000000 ) ) ;
#8196 = ORIENTED_EDGE ( 'NONE', *, *, #1895, .T. ) ;
#8197 = LINE ( 'NONE', #680, #4799 ) ;
#8198 = CARTESIAN_POINT ( 'NONE',  ( 66.12353742080496488, -37.01537227671040853, 21.24555884347029533 ) ) ;
#8199 = ORIENTED_EDGE ( 'NONE', *, *, #9305, .F. ) ;
#8200 = CARTESIAN_POINT ( 'NONE',  ( -93.73899935459095900, -6.999999999999950262, 14.00000000000000000 ) ) ;
#8201 = CARTESIAN_POINT ( 'NONE',  ( -14.78258981535170058, 58.40786793614407912, -3.000000000000002665 ) ) ;
#8202 = VERTEX_POINT ( 'NONE', #9259 ) ;
#8203 = ORIENTED_EDGE ( 'NONE', *, *, #6981, .T. ) ;
#8204 = FACE_OUTER_BOUND ( 'NONE', #9289, .T. ) ;
#8205 = CIRCLE ( 'NONE', #4898, 90.00000000000001421 ) ;
#8206 = CARTESIAN_POINT ( 'NONE',  ( 0.000000000000000000, 0.000000000000000000, -3.000000000000000000 ) ) ;
#8207 = CARTESIAN_POINT ( 'NONE',  ( 0.000000000000000000, 0.000000000000000000, 30.00000000000000000 ) ) ;
#8208 = CARTESIAN_POINT ( 'NONE',  ( -23.73696534790352075, -88.36745145172191940, 32.50000000000000000 ) ) ;
#8209 = VERTEX_POINT ( 'NONE', #5804 ) ;
#8210 = VERTEX_POINT ( 'NONE', #3414 ) ;
#8211 = AXIS2_PLACEMENT_3D ( 'NONE', #10132, #9318, #4713 ) ;
#8212 = FACE_OUTER_BOUND ( 'NONE', #3559, .T. ) ;
#8213 = CARTESIAN_POINT ( 'NONE',  ( 91.37756621894718023, -4.731848676989273805, -16.00000000000000000 ) ) ;
#8214 = VERTEX_POINT ( 'NONE', #4344 ) ;
#8215 = CARTESIAN_POINT ( 'NONE',  ( -73.24405630851704530, -44.27768885524896092, -17.69092669235259763 ) ) ;
#8216 = ADVANCED_FACE ( 'NONE', ( #144 ), #4287, .F. ) ;
#8218 = FACE_OUTER_BOUND ( 'NONE', #7146, .T. ) ;
#8217 = AXIS2_PLACEMENT_3D ( 'NONE', #898, #4218, #7697 ) ;
#8219 = LINE ( 'NONE', #5005, #582 ) ;
#8220 = ORIENTED_EDGE ( 'NONE', *, *, #5043, .F. ) ;
#8221 = EDGE_LOOP ( 'NONE', ( #2755, #3575, #1436, #7913 ) ) ;
#8222 = CARTESIAN_POINT ( 'NONE',  ( 57.09872088124102163, 52.29512837182709006, -8.326207416982118303 ) ) ;
#8223 = CARTESIAN_POINT ( 'NONE',  ( -14.79286641654157997, 74.37619378339827847, 21.27971910426308355 ) ) ;
#8224 = FACE_OUTER_BOUND ( 'NONE', #1400, .T. ) ;
#8225 = CARTESIAN_POINT ( 'NONE',  ( 33.92211878787740176, -79.02714632922757687, -16.00000000000000000 ) ) ;
#8226 = CARTESIAN_POINT ( 'NONE',  ( 29.43432812673783872, -58.03897577288091725, 17.00000000000000000 ) ) ;
#8227 = CARTESIAN_POINT ( 'NONE',  ( 26.36704873968083618, 43.69414826633879301, 17.00000000000000000 ) ) ;
#8228 = EDGE_LOOP ( 'NONE', ( #6120, #6983, #5463, #3210 ) ) ;
#8229 = EDGE_CURVE ( 'NONE', #4156, #9830, #2658, .T. ) ;
#8230 = CARTESIAN_POINT ( 'NONE',  ( -73.19806917277615810, -43.98385370804405170, 31.44910535889121306 ) ) ;
#8231 = CARTESIAN_POINT ( 'NONE',  ( -11.12455864745016321, -12.38525498271512681, -3.000000000000000000 ) ) ;
#8232 = ORIENTED_EDGE ( 'NONE', *, *, #5979, .F. ) ;
#8233 = CARTESIAN_POINT ( 'NONE',  ( -63.85002902484050935, 56.07363253445986828, -16.75820396230561116 ) ) ;
#8234 = CARTESIAN_POINT ( 'NONE',  ( 63.53196490958433174, 56.00338158115405207, 30.30701376012129700 ) ) ;
#8235 = LINE ( 'NONE', #9117, #3241 ) ;
#8236 = LINE ( 'NONE', #4099, #4148 ) ;
#8237 = ADVANCED_FACE ( 'NONE', ( #10016 ), #7239, .T. ) ;
#8238 = DIRECTION ( 'NONE',  ( -0.000000000000000000, -0.000000000000000000, -1.000000000000000000 ) ) ;
#8239 = TOROIDAL_SURFACE ( 'NONE', #9636, 91.50000000000001421, 2.500000000000000000 ) ;
#8240 = VERTEX_POINT ( 'NONE', #8377 ) ;
#8241 = EDGE_CURVE ( 'NONE', #4370, #5397, #7504, .T. ) ;
#8242 = CARTESIAN_POINT ( 'NONE',  ( 76.70731484416435819, -49.88223981938105567, -16.00000000000000000 ) ) ;
#8243 = EDGE_CURVE ( 'NONE', #1364, #6065, #9361, .T. ) ;
#8244 = ORIENTED_EDGE ( 'NONE', *, *, #2509, .F. ) ;
#8245 = CARTESIAN_POINT ( 'NONE',  ( -53.80544377093492869, -25.95113860336197575, 17.00000000000000000 ) ) ;
#8246 = ORIENTED_EDGE ( 'NONE', *, *, #2387, .T. ) ;
#8247 = DIRECTION ( 'NONE',  ( -0.9946479639414452789, 0.1033219619787455190, 0.000000000000000000 ) ) ;
#8248 = VECTOR ( 'NONE', #8754, 1000.000000000000000 ) ;
#8249 = CARTESIAN_POINT ( 'NONE',  ( -84.11182357196422288, -7.999832654573254764, -15.99987001606736214 ) ) ;
#8250 = EDGE_LOOP ( 'NONE', ( #9019, #5630, #3935, #9325 ) ) ;
#8251 = DIRECTION ( 'NONE',  ( -0.7439559807600391039, -0.6682286275604842896, 0.000000000000000000 ) ) ;
#8252 = EDGE_CURVE ( 'NONE', #2789, #1065, #6882, .T. ) ;
#8253 = CARTESIAN_POINT ( 'NONE',  ( -85.83440617534722605, 5.307351189430827176, 32.49999999995663558 ) ) ;
#8254 = CARTESIAN_POINT ( 'NONE',  ( 14.66554888257915756, 74.08929779786228664, -7.098368193162590600 ) ) ;
#8255 = ORIENTED_EDGE ( 'NONE', *, *, #9090, .T. ) ;
#8256 = CARTESIAN_POINT ( 'NONE',  ( -33.40773828059418094, 38.57878788838270623, -3.000000000000000000 ) ) ;
#8257 = CARTESIAN_POINT ( 'NONE',  ( -53.80544377091636221, 25.95113860334528511, -3.000000000000000000 ) ) ;
#8258 = EDGE_CURVE ( 'NONE', #8730, #9832, #1076, .T. ) ;
#8259 = CARTESIAN_POINT ( 'NONE',  ( 4.351385440520322057, -50.84747089786795016, 14.00000000000000000 ) ) ;
#8260 = LINE ( 'NONE', #1869, #6176 ) ;
#8261 = ORIENTED_EDGE ( 'NONE', *, *, #9774, .T. ) ;
#8262 = ORIENTED_EDGE ( 'NONE', *, *, #2249, .T. ) ;
#8263 = FACE_OUTER_BOUND ( 'NONE', #9308, .T. ) ;
#8264 = CARTESIAN_POINT ( 'NONE',  ( -24.38551631369324468, 90.78186269357225058, -16.00000000000000000 ) ) ;
#8265 = ORIENTED_EDGE ( 'NONE', *, *, #9178, .T. ) ;
#8266 = CIRCLE ( 'NONE', #8443, 2.500000000000002220 ) ;
#8267 = CARTESIAN_POINT ( 'NONE',  ( 21.47669927729078410, -83.27343302804581526, 32.49999999999433697 ) ) ;
#8268 = DIRECTION ( 'NONE',  ( 0.000000000000000000, -0.000000000000000000, -1.000000000000000000 ) ) ;
#8269 = CARTESIAN_POINT ( 'NONE',  ( -91.37756621894718023, 4.731848676989293345, -16.00000000000000000 ) ) ;
#8270 = EDGE_LOOP ( 'NONE', ( #2873, #10130, #8803, #4974 ) ) ;
#8271 = VERTEX_POINT ( 'NONE', #917 ) ;
#8272 = CARTESIAN_POINT ( 'NONE',  ( -69.89206765410004607, 59.70207738771622985, -16.00000000000000000 ) ) ;
#8273 = FACE_OUTER_BOUND ( 'NONE', #8314, .T. ) ;
#8274 = CARTESIAN_POINT ( 'NONE',  ( 53.80544377083943886, 25.95113860327623456, -3.000000000000000000 ) ) ;
#8275 = EDGE_CURVE ( 'NONE', #7049, #2143, #4186, .T. ) ;
#8276 = CYLINDRICAL_SURFACE ( 'NONE', #7278, 90.00000000000001421 ) ;
#8277 = LINE ( 'NONE', #820, #5351 ) ;
#8278 = CARTESIAN_POINT ( 'NONE',  ( 91.37756621894718023, 4.731848676989293345, 30.00000000000000355 ) ) ;
#8279 = ORIENTED_EDGE ( 'NONE', *, *, #7454, .F. ) ;
#8280 = CIRCLE ( 'NONE', #3060, 2.500000000000002220 ) ;
#8281 = DIRECTION ( 'NONE',  ( -0.1033219619787459215, 0.9946479639414451679, 0.000000000000000000 ) ) ;
#8282 = CARTESIAN_POINT ( 'NONE',  ( 76.92514010090731347, -46.71747874677933510, 17.00000000000000000 ) ) ;
#8283 = ORIENTED_EDGE ( 'NONE', *, *, #9317, .F. ) ;
#8284 = DIRECTION ( 'NONE',  ( -1.000000000000000000, 0.000000000000000000, 0.000000000000000000 ) ) ;
#8285 = DIRECTION ( 'NONE',  ( -0.000000000000000000, -0.000000000000000000, 1.000000000000000000 ) ) ;
#8286 = CIRCLE ( 'NONE', #7595, 2.500000000000002665 ) ;
#8287 = DIRECTION ( 'NONE',  ( 0.000000000000000000, 0.000000000000000000, -1.000000000000000000 ) ) ;
#8288 = PLANE ( 'NONE',  #1189 ) ;
#8289 = DIRECTION ( 'NONE',  ( 0.1033219619787452415, 0.9946479639414453899, 0.000000000000000000 ) ) ;
#8290 = CARTESIAN_POINT ( 'NONE',  ( 73.08853718130734478, -59.11062284138661482, 17.00000000000000000 ) ) ;
#8291 = ORIENTED_EDGE ( 'NONE', *, *, #5631, .F. ) ;
#8292 = AXIS2_PLACEMENT_3D ( 'NONE', #3594, #2629, #10253 ) ;
#8293 = DIRECTION ( 'NONE',  ( 1.311687058329321737E-15, 5.025727093536689103E-16, 1.000000000000000000 ) ) ;
#8294 = VERTEX_POINT ( 'NONE', #7986 ) ;
#8295 = ADVANCED_FACE ( 'NONE', ( #9417 ), #3736, .F. ) ;
#8296 = DIRECTION ( 'NONE',  ( 0.000000000000000000, -0.000000000000000000, -1.000000000000000000 ) ) ;
#8297 = LINE ( 'NONE', #5085, #10486 ) ;
#8298 = EDGE_CURVE ( 'NONE', #4920, #7186, #3407, .T. ) ;
#8299 = ORIENTED_EDGE ( 'NONE', *, *, #774, .F. ) ;
#8300 = ADVANCED_FACE ( 'NONE', ( #9466 ), #6998, .T. ) ;
#8301 = CARTESIAN_POINT ( 'NONE',  ( 91.63587112389407707, -7.218468586842899271, 17.00000000000000000 ) ) ;
#8302 = DIRECTION ( 'NONE',  ( 1.000000000000000000, 0.000000000000000000, 0.000000000000000000 ) ) ;
#8303 = CIRCLE ( 'NONE', #9880, 2.499999999999998668 ) ;
#8304 = ORIENTED_EDGE ( 'NONE', *, *, #10256, .T. ) ;
#8305 = DIRECTION ( 'NONE',  ( 1.000000000000000000, 0.000000000000000000, 0.000000000000000000 ) ) ;
#8306 = CARTESIAN_POINT ( 'NONE',  ( -71.14469310733639418, 57.53853180837101178, 30.00000000000000000 ) ) ;
#8307 = AXIS2_PLACEMENT_3D ( 'NONE', #6979, #8785, #338 ) ;
#8308 = DIRECTION ( 'NONE',  ( -1.000000000000000000, 0.000000000000000000, 0.000000000000000000 ) ) ;
#8309 = CARTESIAN_POINT ( 'NONE',  ( 29.43960443290626472, 58.06365161498958116, 17.00000000000000355 ) ) ;
#8310 = EDGE_CURVE ( 'NONE', #1378, #6974, #4476, .T. ) ;
#8311 = AXIS2_PLACEMENT_3D ( 'NONE', #1930, #8579, #600 ) ;
#8312 = ORIENTED_EDGE ( 'NONE', *, *, #8015, .T. ) ;
#8313 = B_SPLINE_CURVE_WITH_KNOTS ( 'NONE', 3,
 ( #570, #7155, #4009, #5527, #8861, #2314, #4879, #7326, #3240, #9893, #4714, #6446, #2428, #8253 ),
 .UNSPECIFIED., .F., .F.,
 ( 4, 2, 2, 2, 2, 2, 4 ),
 ( 0.000000000000000000, 0.001101176268181870309, 0.001651764402272804921, 0.002202352536363731943, 0.002752940670454659400, 0.003303528804545586423, 0.004404705072727463019 ),
 .UNSPECIFIED. ) ;
#8314 = EDGE_LOOP ( 'NONE', ( #6072, #1310, #6267, #4958 ) ) ;
#8315 = CARTESIAN_POINT ( 'NONE',  ( -14.24969796858465720, -73.15222374299001729, 17.00000000000000000 ) ) ;
#8316 = CARTESIAN_POINT ( 'NONE',  ( 22.29259702936209919, 90.41357679644548284, -17.90893012057507505 ) ) ;
#8317 = VECTOR ( 'NONE', #2898, 1000.000000000000000 ) ;
#8318 = ORIENTED_EDGE ( 'NONE', *, *, #4413, .F. ) ;
#8319 = DIRECTION ( 'NONE',  ( -1.000000000000000000, 0.000000000000000000, 0.000000000000000000 ) ) ;
#8320 = CARTESIAN_POINT ( 'NONE',  ( -73.62938525839891213, -46.98616923287410430, -18.50000000000000355 ) ) ;
#8321 = CARTESIAN_POINT ( 'NONE',  ( 91.37756621894718023, 4.731848676989272029, -16.00000000000000000 ) ) ;
#8322 = AXIS2_PLACEMENT_3D ( 'NONE', #6585, #3374, #2556 ) ;
#8323 = FACE_OUTER_BOUND ( 'NONE', #2621, .T. ) ;
#8324 = ORIENTED_EDGE ( 'NONE', *, *, #9226, .F. ) ;
#8325 = AXIS2_PLACEMENT_3D ( 'NONE', #10097, #8348, #8289 ) ;
#8326 = VECTOR ( 'NONE', #5015, 999.9999999999998863 ) ;
#8327 = CARTESIAN_POINT ( 'NONE',  ( 46.12447615092433040, 45.94138273758904489, -3.000000000000000888 ) ) ;
#8328 = DIRECTION ( 'NONE',  ( -1.000000000000000000, 0.000000000000000000, -2.775557561562888984E-15 ) ) ;
#8329 = DIRECTION ( 'NONE',  ( 0.000000000000000000, 0.000000000000000000, -1.000000000000000000 ) ) ;
#8330 = B_SPLINE_CURVE_WITH_KNOTS ( 'NONE', 3,
 ( #9603, #8784, #7080, #1314, #9548, #10420, #2951, #6263, #4532, #2844, #6149, #7851, #3711, #5456, #8620, #3195 ),
 .UNSPECIFIED., .F., .F.,
 ( 4, 2, 2, 2, 2, 2, 2, 4 ),
 ( 0.000000000000000000, 0.0005514947311264716771, 0.001102989462252943354, 0.002205978924505871096, 0.002757473655632329979, 0.003308968386758788863, 0.003860463117885247746, 0.004411957849011706630 ),
 .UNSPECIFIED. ) ;
#8331 = CARTESIAN_POINT ( 'NONE',  ( 14.00000000000000000, 1.714505518806294638E-15, 14.00000000000000000 ) ) ;
#8332 = DIRECTION ( 'NONE',  ( 1.000000000000000000, 0.000000000000000000, 0.000000000000000000 ) ) ;
#8333 = AXIS2_PLACEMENT_3D ( 'NONE', #5378, #3745, #3907 ) ;
#8334 = DIRECTION ( 'NONE',  ( -0.000000000000000000, -0.000000000000000000, -1.000000000000000000 ) ) ;
#8335 = ORIENTED_EDGE ( 'NONE', *, *, #2590, .F. ) ;
#8336 = MECHANICAL_DESIGN_GEOMETRIC_PRESENTATION_REPRESENTATION (  '', ( #6238 ), #9560 ) ;
#8337 = AXIS2_PLACEMENT_3D ( 'NONE', #3639, #10294, #6130 ) ;
#8338 = DIRECTION ( 'NONE',  ( 0.7439559807600389929, -0.6682286275604842896, 0.000000000000000000 ) ) ;
#8339 = FACE_OUTER_BOUND ( 'NONE', #5881, .T. ) ;
#8340 = ORIENTED_EDGE ( 'NONE', *, *, #524, .T. ) ;
#8341 = EDGE_CURVE ( 'NONE', #6703, #4504, #3283, .T. ) ;
#8342 = DIRECTION ( 'NONE',  ( 0.4056281494946325505, 0.9140381853826238245, 0.000000000000000000 ) ) ;
#8343 = VECTOR ( 'NONE', #2965, 1000.000000000000000 ) ;
#8344 = VECTOR ( 'NONE', #7948, 1000.000000000000000 ) ;
#8345 = DIRECTION ( 'NONE',  ( -1.000000000000000000, 0.000000000000000000, 0.000000000000000000 ) ) ;
#8346 = CARTESIAN_POINT ( 'NONE',  ( 33.36416462070610578, -78.61052984739899330, 31.45153177885295293 ) ) ;
#8347 = CARTESIAN_POINT ( 'NONE',  ( 64.20038360105174036, 56.06900753909641111, -17.18342693136365185 ) ) ;
#8348 = DIRECTION ( 'NONE',  ( 0.9946479639414453899, -0.1033219619787452831, 0.000000000000000000 ) ) ;
#8349 = FACE_OUTER_BOUND ( 'NONE', #10553, .T. ) ;
#8350 = ORIENTED_EDGE ( 'NONE', *, *, #8373, .F. ) ;
#8351 = AXIS2_PLACEMENT_3D ( 'NONE', #1720, #5042, #1066 ) ;
#8352 = EDGE_CURVE ( 'NONE', #6601, #4385, #2364, .T. ) ;
#8353 = DIRECTION ( 'NONE',  ( 1.311687058329321737E-15, 5.025727093536689103E-16, 1.000000000000000000 ) ) ;
#8354 = ORIENTED_EDGE ( 'NONE', *, *, #7441, .T. ) ;
#8355 = EDGE_CURVE ( 'NONE', #4746, #2264, #4603, .T. ) ;
#8356 = FACE_OUTER_BOUND ( 'NONE', #6972, .T. ) ;
#8357 = CARTESIAN_POINT ( 'NONE',  ( 33.40773828059417383, -38.57878788838270623, 17.00000000000000000 ) ) ;
#8358 = ORIENTED_EDGE ( 'NONE', *, *, #2492, .T. ) ;
#8359 = CARTESIAN_POINT ( 'NONE',  ( -84.21501108578441119, 7.989345811806134456, -16.15434426884582564 ) ) ;
#8360 = VECTOR ( 'NONE', #6096, 1000.000000000000000 ) ;
#8361 = DIRECTION ( 'NONE',  ( -1.000000000000000000, 0.000000000000000000, 0.000000000000000000 ) ) ;
#8362 = CYLINDRICAL_SURFACE ( 'NONE', #3623, 2.500000000000000444 ) ;
#8363 = ORIENTED_EDGE ( 'NONE', *, *, #6634, .F. ) ;
#8364 = DIRECTION ( 'NONE',  ( -0.000000000000000000, -0.000000000000000000, 1.000000000000000000 ) ) ;
#8365 = DIRECTION ( 'NONE',  ( 1.000000000000000000, 0.000000000000000000, 0.000000000000000000 ) ) ;
#8366 = CARTESIAN_POINT ( 'NONE',  ( 58.34773430101147795, 63.17865068152826780, -18.50000000000000355 ) ) ;
#8367 = EDGE_CURVE ( 'NONE', #3590, #5450, #5367, .T. ) ;
#8368 = ADVANCED_FACE ( 'NONE', ( #5474 ), #302, .T. ) ;
#8369 = ORIENTED_EDGE ( 'NONE', *, *, #10410, .T. ) ;
#8370 = ORIENTED_EDGE ( 'NONE', *, *, #8355, .F. ) ;
#8371 = CARTESIAN_POINT ( 'NONE',  ( 73.89456172767772557, -43.99538324727298289, -16.00000000000000000 ) ) ;
#8372 = AXIS2_PLACEMENT_3D ( 'NONE', #1804, #6803, #6695 ) ;
#8373 = EDGE_CURVE ( 'NONE', #8209, #4286, #8595, .T. ) ;
#8374 = DIRECTION ( 'NONE',  ( 0.000000000000000000, 1.000000000000000000, -1.387778780781445676E-15 ) ) ;
#8375 = EDGE_CURVE ( 'NONE', #3989, #5992, #7342, .T. ) ;
#8376 = ORIENTED_EDGE ( 'NONE', *, *, #2370, .T. ) ;
#8377 = CARTESIAN_POINT ( 'NONE',  ( -32.73747638465007270, 85.44300813972130015, 32.50000000000000000 ) ) ;
#8378 = CARTESIAN_POINT ( 'NONE',  ( -49.70347058474200708, 11.57431915030802827, 14.00000000000000000 ) ) ;
#8379 = EDGE_CURVE ( 'NONE', #4397, #5685, #8642, .T. ) ;
#8380 = DIRECTION ( 'NONE',  ( 0.5010501812945504785, 0.8654182317380989531, 0.000000000000000000 ) ) ;
#8381 = EDGE_CURVE ( 'NONE', #4938, #9108, #1492, .T. ) ;
#8382 = CARTESIAN_POINT ( 'NONE',  ( -41.30779598909109041, -43.15267505867021214, -3.000000000000000000 ) ) ;
#8383 = ORIENTED_EDGE ( 'NONE', *, *, #9985, .F. ) ;
#8384 = CIRCLE ( 'NONE', #1773, 2.500000000000001332 ) ;
#8385 = CARTESIAN_POINT ( 'NONE',  ( -66.98782613728670299, -55.58730952728953412, -18.47071407613309901 ) ) ;
#8386 = CARTESIAN_POINT ( 'NONE',  ( 0.000000000000000000, 0.000000000000000000, 0.000000000000000000 ) ) ;
#8387 = CARTESIAN_POINT ( 'NONE',  ( 30.52604642282550884, -63.14464391292614920, -4.133895840714641778 ) ) ;
#8388 = DIRECTION ( 'NONE',  ( 0.000000000000000000, 0.000000000000000000, -1.000000000000000000 ) ) ;
#8389 = CYLINDRICAL_SURFACE ( 'NONE', #4832, 51.03332099679091982 ) ;
#8390 = EDGE_CURVE ( 'NONE', #8081, #1026, #2998, .T. ) ;
#8391 = CARTESIAN_POINT ( 'NONE',  ( -73.83776453558995456, 9.067298885477763193, -6.440967781869926689 ) ) ;
#8392 = ORIENTED_EDGE ( 'NONE', *, *, #5054, .T. ) ;
#8393 = AXIS2_PLACEMENT_3D ( 'NONE', #7801, #1321, #3665 ) ;
#8394 = DIRECTION ( 'NONE',  ( 0.9946479639414452789, 0.1033219619787458798, 0.000000000000000000 ) ) ;
#8395 = EDGE_CURVE ( 'NONE', #1126, #101, #4660, .T. ) ;
#8396 = CARTESIAN_POINT ( 'NONE',  ( 73.89672013654963223, -9.061174700256836800, 20.47255601222340005 ) ) ;
#8397 = ORIENTED_EDGE ( 'NONE', *, *, #307, .T. ) ;
#8398 = CARTESIAN_POINT ( 'NONE',  ( 63.34558840304224958, -55.91184470037327259, -15.99988756943696089 ) ) ;
#8399 = AXIS2_PLACEMENT_3D ( 'NONE', #1375, #8073, #608 ) ;
#8400 = LINE ( 'NONE', #12, #4724 ) ;
#8401 = PLANE ( 'NONE',  #8292 ) ;
#8402 = DIRECTION ( 'NONE',  ( -1.000000000000000000, -1.734723475976805517E-15, 0.000000000000000000 ) ) ;
#8403 = LINE ( 'NONE', #1701, #2424 ) ;
#8404 = VERTEX_POINT ( 'NONE', #1557 ) ;
#8405 = DIRECTION ( 'NONE',  ( 0.000000000000000000, -1.000000000000000000, -5.551115123125777969E-15 ) ) ;
#8406 = ORIENTED_EDGE ( 'NONE', *, *, #8643, .F. ) ;
#8407 = CARTESIAN_POINT ( 'NONE',  ( -31.74498697533368485, 79.92304540255706513, 32.50004557245053860 ) ) ;
#8408 = ORIENTED_EDGE ( 'NONE', *, *, #7171, .T. ) ;
#8409 = DIRECTION ( 'NONE',  ( -0.7439559807600391039, 0.6682286275604842896, -0.000000000000000000 ) ) ;
#8410 = DIRECTION ( 'NONE',  ( -0.000000000000000000, 0.000000000000000000, 1.000000000000000000 ) ) ;
#8411 = ORIENTED_EDGE ( 'NONE', *, *, #6351, .F. ) ;
#8412 = CARTESIAN_POINT ( 'NONE',  ( -84.80501470340674075, 7.702750485837087879, -17.04595453367513258 ) ) ;
#8413 = LINE ( 'NONE', #1821, #834 ) ;
#8414 = CARTESIAN_POINT ( 'NONE',  ( 33.40773828059416672, -38.57878788838272044, 16.99999999999998579 ) ) ;
#8415 = EDGE_CURVE ( 'NONE', #5310, #734, #6382, .T. ) ;
#8416 = B_SPLINE_CURVE_WITH_KNOTS ( 'NONE', 3,
 ( #223, #9168, #1700, #5023, #8347, #8776, #10200, #3701, #2121, #9486, #8663, #9387, #1200, #1304 ),
 .UNSPECIFIED., .F., .F.,
 ( 4, 2, 2, 2, 2, 2, 4 ),
 ( 0.000000000000000000, 0.001101176268178656083, 0.001651764402267980004, 0.002202352536357303926, 0.002752940670446627630, 0.003303528804535950901, 0.004404705072714568820 ),
 .UNSPECIFIED. ) ;
#8417 = ORIENTED_EDGE ( 'NONE', *, *, #8187, .T. ) ;
#8418 = DIRECTION ( 'NONE',  ( -0.000000000000000000, 0.000000000000000000, 1.000000000000000000 ) ) ;
#8419 = LINE ( 'NONE', #10167, #4626 ) ;
#8420 = EDGE_CURVE ( 'NONE', #3218, #3892, #1499, .T. ) ;
#8421 = CARTESIAN_POINT ( 'NONE',  ( 68.20213817285895175, 58.72366089278031609, -3.000000000000000000 ) ) ;
#8422 = CIRCLE ( 'NONE', #10171, 90.00000000000001421 ) ;
#8423 = B_SPLINE_CURVE_WITH_KNOTS ( 'NONE', 3,
 ( #7566, #5922, #3376, #9058, #714, #9927, #4035, #9155, #2460, #878, #9107, #7406, #1642, #10739 ),
 .UNSPECIFIED., .F., .F.,
 ( 4, 2, 2, 2, 2, 2, 4 ),
 ( 0.000000000000000000, 0.001101176268184095308, 0.001651764402276138625, 0.002202352536368181943, 0.002752940670460225260, 0.003303528804552268577, 0.004404705072736385570 ),
 .UNSPECIFIED. ) ;
#8424 = VERTEX_POINT ( 'NONE', #8086 ) ;
#8425 = ORIENTED_EDGE ( 'NONE', *, *, #3835, .F. ) ;
#8426 = PLANE ( 'NONE',  #130 ) ;
#8427 = ORIENTED_EDGE ( 'NONE', *, *, #2169, .T. ) ;
#8428 = DIRECTION ( 'NONE',  ( 0.000000000000000000, 0.000000000000000000, -1.000000000000000000 ) ) ;
#8429 = DIRECTION ( 'NONE',  ( -0.000000000000000000, -0.000000000000000000, 1.000000000000000000 ) ) ;
#8430 = CARTESIAN_POINT ( 'NONE',  ( 0.000000000000000000, 0.000000000000000000, -3.000000000000000000 ) ) ;
#8431 = LINE ( 'NONE', #10020, #3202 ) ;
#8432 = ORIENTED_EDGE ( 'NONE', *, *, #9855, .T. ) ;
#8433 = B_SPLINE_CURVE_WITH_KNOTS ( 'NONE', 3,
 ( #5635, #4877, #791, #4983 ),
 .UNSPECIFIED., .F., .F.,
 ( 4, 4 ),
 ( 0.1708020974814492832, 0.8292160895792859421 ),
 .UNSPECIFIED. ) ;
#8434 = EDGE_CURVE ( 'NONE', #9490, #3284, #967, .T. ) ;
#8435 = CARTESIAN_POINT ( 'NONE',  ( 54.79277741273207880, 50.96005897927351214, -6.685161482335225891 ) ) ;
#8436 = DIRECTION ( 'NONE',  ( 0.000000000000000000, 0.000000000000000000, -1.000000000000000000 ) ) ;
#8437 = CARTESIAN_POINT ( 'NONE',  ( 64.58450190661912416, -55.98697954615391836, -17.57978544521209585 ) ) ;
#8438 = EDGE_CURVE ( 'NONE', #842, #2127, #4812, .T. ) ;
#8439 = EDGE_CURVE ( 'NONE', #8482, #3622, #4005, .T. ) ;
#8440 = DIRECTION ( 'NONE',  ( -0.000000000000000000, -0.000000000000000000, -1.000000000000000000 ) ) ;
#8441 = DIRECTION ( 'NONE',  ( 0.000000000000000000, -0.000000000000000000, -1.000000000000000000 ) ) ;
#8442 = CARTESIAN_POINT ( 'NONE',  ( -75.25215543393407813, 8.920374900389905548, -7.245558843485955691 ) ) ;
#8443 = AXIS2_PLACEMENT_3D ( 'NONE', #5776, #4364, #4205 ) ;
#8444 = VERTEX_POINT ( 'NONE', #8963 ) ;
#8445 = CARTESIAN_POINT ( 'NONE',  ( -21.45186988444695686, -89.38152182545849200, 17.00000000000000000 ) ) ;
#8446 = AXIS2_PLACEMENT_3D ( 'NONE', #7226, #7174, #4080 ) ;
#8447 = CARTESIAN_POINT ( 'NONE',  ( 47.01416648434900480, 19.85114610654548883, -3.000000000000000000 ) ) ;
#8448 = VERTEX_POINT ( 'NONE', #4059 ) ;
#8449 = EDGE_CURVE ( 'NONE', #4253, #5737, #8742, .T. ) ;
#8450 = DIRECTION ( 'NONE',  ( 1.000000000000000000, 0.000000000000000000, 0.000000000000000000 ) ) ;
#8451 = CARTESIAN_POINT ( 'NONE',  ( 63.73893834788400881, 56.05831678028353338, 30.60853953549711903 ) ) ;
#8452 = CARTESIAN_POINT ( 'NONE',  ( 17.78505682162686341, -81.11876402067322545, -13.79952768905720362 ) ) ;
#8453 = CARTESIAN_POINT ( 'NONE',  ( -23.73696534790347101, -88.36745145172191940, -16.00000000000000000 ) ) ;
#8454 = CARTESIAN_POINT ( 'NONE',  ( -53.80544377084090968, 25.95113860327754907, 17.00000000000000000 ) ) ;
#8455 = EDGE_CURVE ( 'NONE', #3242, #7646, #21, .T. ) ;
#8456 = DIRECTION ( 'NONE',  ( -1.000000000000000000, 0.000000000000000000, 0.000000000000000000 ) ) ;
#8457 = AXIS2_PLACEMENT_3D ( 'NONE', #4823, #8868, #3851 ) ;
#8458 = ORIENTED_EDGE ( 'NONE', *, *, #9158, .F. ) ;
#8459 = DIRECTION ( 'NONE',  ( 0.000000000000000000, 0.000000000000000000, 1.000000000000000000 ) ) ;
#8460 = ORIENTED_EDGE ( 'NONE', *, *, #1120, .F. ) ;
#8461 = CARTESIAN_POINT ( 'NONE',  ( 47.01416648434901191, 19.85114610654547818, 16.99999999999998579 ) ) ;
#8462 = VERTEX_POINT ( 'NONE', #2425 ) ;
#8463 = DIRECTION ( 'NONE',  ( 1.000000000000000000, 5.551115123125777969E-15, 0.000000000000000000 ) ) ;
#8464 = CIRCLE ( 'NONE', #5324, 2.500000000000005329 ) ;
#8465 = VECTOR ( 'NONE', #6760, 1000.000000000000000 ) ;
#8466 = CARTESIAN_POINT ( 'NONE',  ( 20.65978700115072542, -87.59665062699077964, -3.000000000000000000 ) ) ;
#8467 = ORIENTED_EDGE ( 'NONE', *, *, #1381, .F. ) ;
#8468 = DIRECTION ( 'NONE',  ( 0.05171419319113946395, -0.9986619258901331397, -0.000000000000000000 ) ) ;
#8469 = CARTESIAN_POINT ( 'NONE',  ( 73.17712137339212575, -44.55112134288347647, -17.92213809291112270 ) ) ;
#8470 = CARTESIAN_POINT ( 'NONE',  ( -78.80314311859507370, -51.24514254668657287, -3.000000000000000000 ) ) ;
#8471 = AXIS2_PLACEMENT_3D ( 'NONE', #5009, #9103, #8328 ) ;
#8472 = ORIENTED_EDGE ( 'NONE', *, *, #2652, .F. ) ;
#8473 = CYLINDRICAL_SURFACE ( 'NONE', #703, 90.00000000000001421 ) ;
#8474 = CARTESIAN_POINT ( 'NONE',  ( 0.000000000000000000, 0.000000000000000000, -3.000000000000000000 ) ) ;
#8475 = LINE ( 'NONE', #1827, #10091 ) ;
#8476 = ORIENTED_EDGE ( 'NONE', *, *, #10376, .T. ) ;
#8477 = EDGE_CURVE ( 'NONE', #842, #10126, #2365, .T. ) ;
#8478 = CIRCLE ( 'NONE', #8824, 91.50000000000001421 ) ;
#8479 = B_SPLINE_CURVE_WITH_KNOTS ( 'NONE', 3,
 ( #5713, #5812, #6632, #1686, #4086, #8993, #1529, #6584, #10632, #8387, #875, #7294 ),
 .UNSPECIFIED., .F., .F.,
 ( 4, 1, 1, 1, 2, 2, 1, 4 ),
 ( 0.08354533722820496611, 0.3126590029211603339, 0.4272158357676375529, 0.4844942521908761068, 0.4988138562966851208, 0.5131334604024941903, 0.5417726686141122183, 1.000000000000000000 ),
 .UNSPECIFIED. ) ;
#8480 = VERTEX_POINT ( 'NONE', #566 ) ;
#8481 = DIRECTION ( 'NONE',  ( 1.000000000000000000, 0.000000000000000000, 0.000000000000000000 ) ) ;
#8482 = VERTEX_POINT ( 'NONE', #789 ) ;
#8483 = CARTESIAN_POINT ( 'NONE',  ( 65.64060162838453039, 36.58159456658400188, -6.869770528443183366 ) ) ;
#8484 = AXIS2_PLACEMENT_3D ( 'NONE', #844, #6985, #2748 ) ;
#8485 = CARTESIAN_POINT ( 'NONE',  ( -54.79277741270232838, -50.96005897925628148, -6.685161482344146755 ) ) ;
#8486 = DIRECTION ( 'NONE',  ( -0.4056281494946326061, -0.9140381853826238245, 0.000000000000000000 ) ) ;
#8487 = AXIS2_PLACEMENT_3D ( 'NONE', #9164, #3432, #8450 ) ;
#8488 = CARTESIAN_POINT ( 'NONE',  ( 33.40773828059417383, -38.57878788838270623, 17.00000000000000000 ) ) ;
#8489 = VERTEX_POINT ( 'NONE', #9785 ) ;
#8490 = EDGE_CURVE ( 'NONE', #1548, #232, #9674, .T. ) ;
#8491 = CARTESIAN_POINT ( 'NONE',  ( 35.62433945033694727, -86.98796720654625858, 17.00000000000000000 ) ) ;
#8492 = AXIS2_PLACEMENT_3D ( 'NONE', #10054, #185, #5088 ) ;
#8493 = DIRECTION ( 'NONE',  ( 1.000000000000000000, 0.000000000000000000, 0.000000000000000000 ) ) ;
#8494 = CARTESIAN_POINT ( 'NONE',  ( 66.20159267058490116, -54.88885599412055427, -18.50004557245180692 ) ) ;
#8495 = DIRECTION ( 'NONE',  ( -0.000000000000000000, -0.000000000000000000, -1.000000000000000000 ) ) ;
#8496 = CARTESIAN_POINT ( 'NONE',  ( 32.73747638465012244, -85.44300813972128594, 30.00000000000000355 ) ) ;
#8497 = DIRECTION ( 'NONE',  ( 0.000000000000000000, 1.000000000000000000, 0.000000000000000000 ) ) ;
#8498 = VERTEX_POINT ( 'NONE', #1615 ) ;
#8499 = EDGE_CURVE ( 'NONE', #6212, #3394, #4926, .T. ) ;
#8500 = VECTOR ( 'NONE', #557, 1000.000000000000000 ) ;
#8501 = CARTESIAN_POINT ( 'NONE',  ( -72.56107605583602549, -46.15846078179423273, 32.50000000000000000 ) ) ;
#8502 = CIRCLE ( 'NONE', #6038, 51.03332099679092693 ) ;
#8503 = CIRCLE ( 'NONE', #3800, 94.00000000000001421 ) ;
#8504 = DIRECTION ( 'NONE',  ( -0.1033219619787452276, 0.9946479639414453899, 0.000000000000000000 ) ) ;
#8505 = EDGE_CURVE ( 'NONE', #520, #5873, #10541, .T. ) ;
#8506 = ORIENTED_EDGE ( 'NONE', *, *, #5161, .T. ) ;
#8507 = EDGE_CURVE ( 'NONE', #2843, #9983, #8909, .T. ) ;
#8508 = CARTESIAN_POINT ( 'NONE',  ( 69.89206765410000344, -59.70207738771625117, 17.00000000000000000 ) ) ;
#8509 = VECTOR ( 'NONE', #4246, 1000.000000000000000 ) ;
#8510 = LINE ( 'NONE', #6911, #9781 ) ;
#8511 = DIRECTION ( 'NONE',  ( 7.264145781747326693E-17, -1.402792032263470008E-15, 1.000000000000000000 ) ) ;
#8512 = CARTESIAN_POINT ( 'NONE',  ( -76.70731484416434398, -49.88223981938107698, 14.00000000000000000 ) ) ;
#8513 = LINE ( 'NONE', #9231, #5021 ) ;
#8514 = CARTESIAN_POINT ( 'NONE',  ( 24.38551631369324113, 90.78186269357225058, 30.00000000000000000 ) ) ;
#8515 = CIRCLE ( 'NONE', #681, 91.50000000000001421 ) ;
#8516 = VECTOR ( 'NONE', #9704, 1000.000000000000114 ) ;
#8517 = ORIENTED_EDGE ( 'NONE', *, *, #2840, .T. ) ;
#8518 = ADVANCED_FACE ( 'NONE', ( #22 ), #7645, .F. ) ;
#8519 = EDGE_CURVE ( 'NONE', #9345, #7900, #9965, .T. ) ;
#8520 = VERTEX_POINT ( 'NONE', #231 ) ;
#8521 = CARTESIAN_POINT ( 'NONE',  ( 91.37756621894718023, 4.731848676989272029, -16.00000000000000000 ) ) ;
#8522 = VERTEX_POINT ( 'NONE', #3344 ) ;
#8523 = DIRECTION ( 'NONE',  ( -0.2090980990620600055, -0.9778946696698130880, 0.000000000000000000 ) ) ;
#8524 = CIRCLE ( 'NONE', #506, 90.00000000000001421 ) ;
#8525 = CYLINDRICAL_SURFACE ( 'NONE', #6347, 2.500000000000002220 ) ;
#8526 = AXIS2_PLACEMENT_3D ( 'NONE', #2885, #1257, #9487 ) ;
#8527 = LINE ( 'NONE', #9945, #6994 ) ;
#8528 = ORIENTED_EDGE ( 'NONE', *, *, #9022, .F. ) ;
#8529 = CARTESIAN_POINT ( 'NONE',  ( -84.31640106980185578, 7.964535418601379035, -16.30701376012146397 ) ) ;
#8530 = CARTESIAN_POINT ( 'NONE',  ( 72.76067528915302773, -45.84147465099925967, -18.50009145628411389 ) ) ;
#8531 = CARTESIAN_POINT ( 'NONE',  ( -73.39475327382022840, 46.22430048274954117, -18.49999999997449507 ) ) ;
#8532 = CIRCLE ( 'NONE', #3823, 2.500000000000002220 ) ;
#8533 = ORIENTED_EDGE ( 'NONE', *, *, #5891, .T. ) ;
#8534 = FACE_OUTER_BOUND ( 'NONE', #7127, .T. ) ;
#8535 = CARTESIAN_POINT ( 'NONE',  ( -91.37756621894718023, -4.731848676989274693, 30.00000000000000355 ) ) ;
#8536 = LINE ( 'NONE', #3406, #4512 ) ;
#8537 = ORIENTED_EDGE ( 'NONE', *, *, #5279, .T. ) ;
#8538 = AXIS2_PLACEMENT_3D ( 'NONE', #1165, #8685, #3780 ) ;
#8539 = VERTEX_POINT ( 'NONE', #2479 ) ;
#8540 = DIRECTION ( 'NONE',  ( 1.000000000000000000, 0.000000000000000000, 0.000000000000000000 ) ) ;
#8541 = APPLICATION_PROTOCOL_DEFINITION ( 'draft international standard', 'automotive_design', 1998, #6031 ) ;
#8542 = ORIENTED_EDGE ( 'NONE', *, *, #10787, .T. ) ;
#8543 = VERTEX_POINT ( 'NONE', #6607 ) ;
#8544 = CARTESIAN_POINT ( 'NONE',  ( 65.06563089898806140, 36.06515016486072511, -6.440967781846934415 ) ) ;
#8545 = CARTESIAN_POINT ( 'NONE',  ( -77.93544135406486362, 5.172527561081319725, 17.00000000000000000 ) ) ;
#8546 = CARTESIAN_POINT ( 'NONE',  ( 84.11181528012880904, 8.000029888349015295, 29.99988756943639601 ) ) ;
#8547 = ORIENTED_EDGE ( 'NONE', *, *, #4912, .F. ) ;
#8548 = DIRECTION ( 'NONE',  ( 1.000000000000000000, 0.000000000000000000, 0.000000000000000000 ) ) ;
#8549 = CARTESIAN_POINT ( 'NONE',  ( -4.351385440520346926, 50.84747089786795016, 0.000000000000000000 ) ) ;
#8550 = DIRECTION ( 'NONE',  ( -0.000000000000000000, -0.000000000000000000, 1.000000000000000000 ) ) ;
#8551 = CARTESIAN_POINT ( 'NONE',  ( -74.34690206531064405, 9.014410737716115563, -6.721643688689249885 ) ) ;
#8552 = ORIENTED_EDGE ( 'NONE', *, *, #796, .F. ) ;
#8553 = EDGE_CURVE ( 'NONE', #6465, #10426, #4393, .T. ) ;
#8554 = B_SPLINE_CURVE_WITH_KNOTS ( 'NONE', 3,
 ( #1899, #8709, #9370, #1950 ),
 .UNSPECIFIED., .F., .F.,
 ( 4, 4 ),
 ( 0.000000000000000000, 1.000000000000000000 ),
 .UNSPECIFIED. ) ;
#8555 = EDGE_CURVE ( 'NONE', #2092, #9063, #9097, .T. ) ;
#8557 = CARTESIAN_POINT ( 'NONE',  ( -1.461781871039296909, -14.07211336206384544, -16.00000000000000000 ) ) ;
#8556 = VECTOR ( 'NONE', #1300, 1000.000000000000227 ) ;
#8558 = LINE ( 'NONE', #1139, #4941 ) ;
#8559 = ORIENTED_EDGE ( 'NONE', *, *, #1241, .F. ) ;
#8560 = FACE_OUTER_BOUND ( 'NONE', #4937, .T. ) ;
#8561 = CARTESIAN_POINT ( 'NONE',  ( -47.01416648434901191, 19.85114610654549239, 16.99999999999998579 ) ) ;
#8562 = DIRECTION ( 'NONE',  ( -1.000000000000000000, 0.000000000000000000, 0.000000000000000000 ) ) ;
#8563 = CARTESIAN_POINT ( 'NONE',  ( 0.000000000000000000, 0.000000000000000000, 14.00000000000000000 ) ) ;
#8564 = LINE ( 'NONE', #8613, #1362 ) ;
#8565 = VECTOR ( 'NONE', #5197, 1000.000000000000000 ) ;
#8566 = CYLINDRICAL_SURFACE ( 'NONE', #7634, 90.00000000000001421 ) ;
#8567 = ORIENTED_EDGE ( 'NONE', *, *, #2326, .F. ) ;
#8568 = DIRECTION ( 'NONE',  ( -1.000000000000000000, 0.000000000000000000, 0.000000000000000000 ) ) ;
#8569 = ORIENTED_EDGE ( 'NONE', *, *, #2923, .F. ) ;
#8570 = FACE_OUTER_BOUND ( 'NONE', #1595, .T. ) ;
#8571 = EDGE_LOOP ( 'NONE', ( #5731, #7692, #4359, #9566 ) ) ;
#8572 = DIRECTION ( 'NONE',  ( 0.5010501812945491462, 0.8654182317380997302, 0.000000000000000000 ) ) ;
#8573 = VECTOR ( 'NONE', #7590, 1000.000000000000000 ) ;
#8574 = DIRECTION ( 'NONE',  ( -0.9946479639414453899, 0.1033219619787451998, 0.000000000000000000 ) ) ;
#8575 = EDGE_CURVE ( 'NONE', #5561, #5397, #5135, .T. ) ;
#8576 = CARTESIAN_POINT ( 'NONE',  ( 20.57902742694978926, 83.41137265377365395, 32.34770930448608794 ) ) ;
#8577 = ORIENTED_EDGE ( 'NONE', *, *, #6060, .F. ) ;
#8578 = LINE ( 'NONE', #9556, #553 ) ;
#8579 = DIRECTION ( 'NONE',  ( -0.000000000000000000, 0.000000000000000000, 1.000000000000000000 ) ) ;
#8580 = CARTESIAN_POINT ( 'NONE',  ( -21.45186988444696397, 89.38152182545849200, -3.000000000000000000 ) ) ;
#8581 = EDGE_CURVE ( 'NONE', #138, #9630, #8527, .T. ) ;
#8582 = EDGE_CURVE ( 'NONE', #2924, #8604, #5943, .T. ) ;
#8583 = ORIENTED_EDGE ( 'NONE', *, *, #3249, .F. ) ;
#8584 = CARTESIAN_POINT ( 'NONE',  ( 53.80544377090868124, -25.95113860333839995, -3.000000000000000000 ) ) ;
#8585 = CARTESIAN_POINT ( 'NONE',  ( 0.000000000000000000, 0.000000000000000000, -3.000000000000000000 ) ) ;
#8586 = CARTESIAN_POINT ( 'NONE',  ( -50.58155146234489052, 48.52189041691717364, -4.123581316523138973 ) ) ;
#8587 = VERTEX_POINT ( 'NONE', #8466 ) ;
#8588 = EDGE_CURVE ( 'NONE', #2843, #5734, #841, .T. ) ;
#8589 = VERTEX_POINT ( 'NONE', #5994 ) ;
#8590 = CARTESIAN_POINT ( 'NONE',  ( 73.19828630046677631, 43.98629066425159095, -17.45153177885469020 ) ) ;
#8591 = ORIENTED_EDGE ( 'NONE', *, *, #4189, .T. ) ;
#8592 = EDGE_CURVE ( 'NONE', #3609, #7106, #10106, .T. ) ;
#8593 = AXIS2_PLACEMENT_3D ( 'NONE', #8056, #3808, #3913 ) ;
#8594 = VERTEX_POINT ( 'NONE', #5788 ) ;
#8595 = LINE ( 'NONE', #7821, #2122 ) ;
#8596 = AXIS2_PLACEMENT_3D ( 'NONE', #8958, #3183, #2421 ) ;
#8597 = CARTESIAN_POINT ( 'NONE',  ( 47.01416648434899059, 19.85114610654548173, 17.00000000000000000 ) ) ;
#8598 = CARTESIAN_POINT ( 'NONE',  ( 0.000000000000000000, 0.000000000000000000, 0.000000000000000000 ) ) ;
#8599 = EDGE_LOOP ( 'NONE', ( #5528, #5265, #4666 ) ) ;
#8600 = CARTESIAN_POINT ( 'NONE',  ( -33.40773828059417383, -38.57878788838270623, 0.000000000000000000 ) ) ;
#8601 = CARTESIAN_POINT ( 'NONE',  ( 26.36704873968083618, 43.69414826633877880, 0.000000000000000000 ) ) ;
#8602 = FACE_OUTER_BOUND ( 'NONE', #6298, .T. ) ;
#8603 = CARTESIAN_POINT ( 'NONE',  ( 0.000000000000000000, 0.000000000000000000, -3.000000000000000000 ) ) ;
#8604 = VERTEX_POINT ( 'NONE', #1059 ) ;
#8605 = CARTESIAN_POINT ( 'NONE',  ( 63.34558840302673133, 55.91184470036229470, 29.99988756943585955 ) ) ;
#8606 = CARTESIAN_POINT ( 'NONE',  ( 0.000000000000000000, 0.000000000000000000, 16.99999999999998579 ) ) ;
#8607 = ORIENTED_EDGE ( 'NONE', *, *, #8771, .T. ) ;
#8608 = CARTESIAN_POINT ( 'NONE',  ( 84.80249307763631350, 7.704802633143859936, -17.04213425600385179 ) ) ;
#8609 = EDGE_CURVE ( 'NONE', #8214, #6343, #9130, .T. ) ;
#8610 = CARTESIAN_POINT ( 'NONE',  ( -1.720086775986162442, 16.55873327191747180, -3.000000000000000000 ) ) ;
#8611 = FACE_OUTER_BOUND ( 'NONE', #9836, .T. ) ;
#8612 = DIRECTION ( 'NONE',  ( 1.000000000000000000, 0.000000000000000000, 0.000000000000000000 ) ) ;
#8613 = CARTESIAN_POINT ( 'NONE',  ( -72.22399015877648765, 45.85527319917312639, 32.50000000000000000 ) ) ;
#8614 = DIRECTION ( 'NONE',  ( 0.000000000000000000, -1.000000000000000000, -1.387778780781444492E-15 ) ) ;
#8615 = EDGE_LOOP ( 'NONE', ( #10470, #8369, #2837, #9789, #2028, #2551, #4073, #1695 ) ) ;
#8616 = FACE_OUTER_BOUND ( 'NONE', #7679, .T. ) ;
#8617 = ORIENTED_EDGE ( 'NONE', *, *, #1082, .T. ) ;
#8618 = CARTESIAN_POINT ( 'NONE',  ( -28.27582184929585551, -52.62095849500362732, -3.000000000000000000 ) ) ;
#8619 = ORIENTED_EDGE ( 'NONE', *, *, #10569, .F. ) ;
#8620 = CARTESIAN_POINT ( 'NONE',  ( -33.62218900225252582, -77.62439143329761748, -16.15434426884872110 ) ) ;
#8621 = CARTESIAN_POINT ( 'NONE',  ( -34.45306668343469170, -81.50944033277963285, 29.99977989232053943 ) ) ;
#8622 = CARTESIAN_POINT ( 'NONE',  ( 29.10970000290841853, 81.08778176338437049, -18.50000000002486189 ) ) ;
#8623 = VECTOR ( 'NONE', #10129, 1000.000000000000114 ) ;
#8624 = ORIENTED_EDGE ( 'NONE', *, *, #9179, .T. ) ;
#8625 = CARTESIAN_POINT ( 'NONE',  ( -16.27982722542983041, -3.481030249449616587, 17.00000000000000000 ) ) ;
#8626 = DIRECTION ( 'NONE',  ( 0.000000000000000000, 0.000000000000000000, -1.000000000000000000 ) ) ;
#8627 = FACE_OUTER_BOUND ( 'NONE', #9797, .T. ) ;
#8628 = VERTEX_POINT ( 'NONE', #4981 ) ;
#8629 = CARTESIAN_POINT ( 'NONE',  ( 91.37756621894718023, 4.731848676989272029, -16.00000000000000000 ) ) ;
#8630 = EDGE_CURVE ( 'NONE', #3065, #5096, #8297, .T. ) ;
#8631 = CARTESIAN_POINT ( 'NONE',  ( -76.70731484416432977, -49.88223981938108409, -16.00000000000000000 ) ) ;
#8632 = VECTOR ( 'NONE', #2743, 1000.000000000000000 ) ;
#8633 = VECTOR ( 'NONE', #4107, 1000.000000000000000 ) ;
#8634 = DIRECTION ( 'NONE',  ( -0.000000000000000000, -0.000000000000000000, 1.000000000000000000 ) ) ;
#8635 = EDGE_LOOP ( 'NONE', ( #1008, #5473, #8087, #10606 ) ) ;
#8636 = EDGE_CURVE ( 'NONE', #6065, #1574, #3519, .T. ) ;
#8637 = EDGE_CURVE ( 'NONE', #1981, #4546, #72, .T. ) ;
#8638 = ORIENTED_EDGE ( 'NONE', *, *, #59, .T. ) ;
#8639 = DIRECTION ( 'NONE',  ( -0.000000000000000000, -0.000000000000000000, -1.000000000000000000 ) ) ;
#8640 = ORIENTED_EDGE ( 'NONE', *, *, #1454, .F. ) ;
#8641 = ORIENTED_EDGE ( 'NONE', *, *, #5585, .F. ) ;
#8642 = LINE ( 'NONE', #6067, #1256 ) ;
#8643 = EDGE_CURVE ( 'NONE', #2215, #7390, #9180, .T. ) ;
#8644 = CARTESIAN_POINT ( 'NONE',  ( 71.14469310733639418, -57.53853180837101178, 17.00000000000000000 ) ) ;
#8645 = VECTOR ( 'NONE', #5113, 1000.000000000000114 ) ;
#8646 = EDGE_LOOP ( 'NONE', ( #7542, #8528, #2912, #610 ) ) ;
#8647 = EDGE_CURVE ( 'NONE', #4171, #8983, #43, .T. ) ;
#8648 = CARTESIAN_POINT ( 'NONE',  ( 11.12455864745016676, 12.38525498271512504, -3.000000000000000000 ) ) ;
#8649 = DIRECTION ( 'NONE',  ( 1.000000000000000000, 0.000000000000000000, 0.000000000000000000 ) ) ;
#8650 = DIRECTION ( 'NONE',  ( -0.000000000000000000, 0.000000000000000000, 1.000000000000000000 ) ) ;
#8651 = CARTESIAN_POINT ( 'NONE',  ( -64.45057801066400316, 56.02374239312591442, 31.44910535889049896 ) ) ;
#8652 = AXIS2_PLACEMENT_3D ( 'NONE', #7876, #9685, #1183 ) ;
#8653 = VERTEX_POINT ( 'NONE', #10158 ) ;
#8654 = DIRECTION ( 'NONE',  ( 0.9986619258901330287, -0.05171419319113980395, 0.000000000000000000 ) ) ;
#8655 = CIRCLE ( 'NONE', #8307, 2.500000000000000888 ) ;
#8656 = FACE_OUTER_BOUND ( 'NONE', #6941, .T. ) ;
#8657 = ORIENTED_EDGE ( 'NONE', *, *, #2513, .F. ) ;
#8658 = CARTESIAN_POINT ( 'NONE',  ( 32.73747638465002296, 85.44300813972130015, 14.00000000000000000 ) ) ;
#8659 = AXIS2_PLACEMENT_3D ( 'NONE', #2587, #10162, #8361 ) ;
#8660 = CARTESIAN_POINT ( 'NONE',  ( 33.60027588698327605, 77.52301366307898434, 29.99987001606524117 ) ) ;
#8661 = CARTESIAN_POINT ( 'NONE',  ( 67.38009771783380586, 38.14402717625528538, 22.32620741698064037 ) ) ;
#8662 = SPHERICAL_SURFACE ( 'NONE', #9045, 2.500000000000000000 ) ;
#8663 = CARTESIAN_POINT ( 'NONE',  ( 65.39684226620063612, 55.59056553049940419, -18.20313577063358679 ) ) ;
#8664 = AXIS2_PLACEMENT_3D ( 'NONE', #5074, #7578, #114 ) ;
#8665 = CARTESIAN_POINT ( 'NONE',  ( 0.000000000000000000, 0.000000000000000000, 30.00000000000000000 ) ) ;
#8666 = ORIENTED_EDGE ( 'NONE', *, *, #9723, .T. ) ;
#8667 = AXIS2_PLACEMENT_3D ( 'NONE', #6734, #3529, #10185 ) ;
#8668 = EDGE_CURVE ( 'NONE', #10426, #10126, #6645, .T. ) ;
#8669 = FACE_OUTER_BOUND ( 'NONE', #3940, .T. ) ;
#8670 = ORIENTED_EDGE ( 'NONE', *, *, #2913, .T. ) ;
#8671 = CARTESIAN_POINT ( 'NONE',  ( 14.00000000000000000, 1.714505518806294638E-15, 17.00000000000000000 ) ) ;
#8672 = VERTEX_POINT ( 'NONE', #9240 ) ;
#8673 = CARTESIAN_POINT ( 'NONE',  ( 58.58369935574947363, 11.68111083677663231, -3.000000000000002665 ) ) ;
#8674 = VECTOR ( 'NONE', #8440, 1000.000000000000000 ) ;
#8675 = LINE ( 'NONE', #8734, #298 ) ;
#8676 = AXIS2_PLACEMENT_3D ( 'NONE', #890, #938, #1653 ) ;
#8677 = DIRECTION ( 'NONE',  ( 0.000000000000000000, 0.000000000000000000, -1.000000000000000000 ) ) ;
#8678 = CARTESIAN_POINT ( 'NONE',  ( 91.37756621894716602, -4.731848676989275582, -3.000000000000000888 ) ) ;
#8679 = AXIS2_PLACEMENT_3D ( 'NONE', #6531, #6477, #9871 ) ;
#8680 = VERTEX_POINT ( 'NONE', #948 ) ;
#8681 = DIRECTION ( 'NONE',  ( -1.000000000000000000, 0.000000000000000000, 0.000000000000000000 ) ) ;
#8682 = DIRECTION ( 'NONE',  ( -0.000000000000000000, -0.000000000000000000, -1.000000000000000000 ) ) ;
#8683 = ORIENTED_EDGE ( 'NONE', *, *, #9717, .T. ) ;
#8684 = ADVANCED_FACE ( 'NONE', ( #4267 ), #2692, .T. ) ;
#8685 = DIRECTION ( 'NONE',  ( -0.2090980990620606439, 0.9778946696698130880, 0.000000000000000000 ) ) ;
#8686 = VECTOR ( 'NONE', #3364, 999.9999999999998863 ) ;
#8687 = DIRECTION ( 'NONE',  ( 0.000000000000000000, 0.000000000000000000, -1.000000000000000000 ) ) ;
#8688 = AXIS2_PLACEMENT_3D ( 'NONE', #7936, #7121, #9528 ) ;
#8689 = CARTESIAN_POINT ( 'NONE',  ( -41.30779598900816296, 43.15267505862219366, -3.000000000000000000 ) ) ;
#8690 = CARTESIAN_POINT ( 'NONE',  ( -71.72194674751902710, -60.76152034590680273, 14.00000000000000000 ) ) ;
#8691 = ORIENTED_EDGE ( 'NONE', *, *, #6293, .T. ) ;
#8692 = ORIENTED_EDGE ( 'NONE', *, *, #1093, .F. ) ;
#8693 = CIRCLE ( 'NONE', #696, 2.500000000000002220 ) ;
#8694 = CYLINDRICAL_SURFACE ( 'NONE', #10471, 2.499999999999999112 ) ;
#8695 = TOROIDAL_SURFACE ( 'NONE', #5217, 91.50000000000001421, 2.500000000000000000 ) ;
#8696 = CARTESIAN_POINT ( 'NONE',  ( -60.06381680636827980, 3.543711396229496824, 17.00000000000000000 ) ) ;
#8697 = ORIENTED_EDGE ( 'NONE', *, *, #3186, .F. ) ;
#8698 = ADVANCED_FACE ( 'NONE', ( #2897 ), #4534, .F. ) ;
#8699 = ORIENTED_EDGE ( 'NONE', *, *, #6351, .T. ) ;
#8700 = DIRECTION ( 'NONE',  ( -0.000000000000000000, -0.000000000000000000, -1.000000000000000000 ) ) ;
#8701 = B_SPLINE_CURVE_WITH_KNOTS ( 'NONE', 3,
 ( #6008, #8315, #862, #4181 ),
 .UNSPECIFIED., .F., .F.,
 ( 4, 4 ),
 ( 0.000000000000000000, 0.9157867033979590898 ),
 .UNSPECIFIED. ) ;
#8702 = CARTESIAN_POINT ( 'NONE',  ( 78.37788641306556769, -48.02234986748094059, -16.00000000000000000 ) ) ;
#8703 = CARTESIAN_POINT ( 'NONE',  ( -8.054202958900798848, 59.19136076231699661, 17.00000000000000000 ) ) ;
#8704 = AXIS2_PLACEMENT_3D ( 'NONE', #8080, #1491, #5678 ) ;
#8705 = ORIENTED_EDGE ( 'NONE', *, *, #3515, .T. ) ;
#8706 = EDGE_CURVE ( 'NONE', #7496, #5358, #4368, .T. ) ;
#8707 = CARTESIAN_POINT ( 'NONE',  ( -33.60027588697951728, 77.52301366306097918, -15.99987001606533532 ) ) ;
#8708 = LINE ( 'NONE', #8050, #1547 ) ;
#8709 = CARTESIAN_POINT ( 'NONE',  ( 21.93100995478547688, 56.02901732262790091, 17.00000000000000000 ) ) ;
#8710 = CARTESIAN_POINT ( 'NONE',  ( 21.11562252162011077, -83.35270558207865577, -18.47998818980800095 ) ) ;
#8711 = VECTOR ( 'NONE', #8459, 1000.000000000000000 ) ;
#8712 = EDGE_CURVE ( 'NONE', #940, #6489, #4914, .T. ) ;
#8713 = VERTEX_POINT ( 'NONE', #8735 ) ;
#8714 = ADVANCED_FACE ( 'NONE', ( #5458 ), #1157, .T. ) ;
#8715 = ADVANCED_FACE ( 'NONE', ( #6982 ), #7031, .F. ) ;
#8716 = CYLINDRICAL_SURFACE ( 'NONE', #6339, 2.500000000000000000 ) ;
#8717 = FACE_OUTER_BOUND ( 'NONE', #4018, .T. ) ;
#8718 = ORIENTED_EDGE ( 'NONE', *, *, #2817, .T. ) ;
#8719 = FACE_OUTER_BOUND ( 'NONE', #3095, .T. ) ;
#8720 = EDGE_CURVE ( 'NONE', #8044, #9108, #8786, .T. ) ;
#8721 = DIRECTION ( 'NONE',  ( -1.000000000000000000, 0.000000000000000000, 0.000000000000000000 ) ) ;
#8722 = CARTESIAN_POINT ( 'NONE',  ( 65.10972727630802126, 36.10475796755192590, 20.47255601221304744 ) ) ;
#8723 = CARTESIAN_POINT ( 'NONE',  ( -28.27582184931257103, 52.62095849508197176, -3.000000000000000000 ) ) ;
#8724 = DIRECTION ( 'NONE',  ( 0.000000000000000000, 0.000000000000000000, -1.000000000000000000 ) ) ;
#8725 = FACE_OUTER_BOUND ( 'NONE', #2038, .T. ) ;
#8726 = ORIENTED_EDGE ( 'NONE', *, *, #6836, .F. ) ;
#8727 = CIRCLE ( 'NONE', #9257, 2.500000000000002220 ) ;
#8728 = EDGE_CURVE ( 'NONE', #9076, #9702, #9315, .T. ) ;
#8729 = CARTESIAN_POINT ( 'NONE',  ( 73.08853718130738741, -59.11062284138656509, 14.00000000000000000 ) ) ;
#8730 = VERTEX_POINT ( 'NONE', #340 ) ;
#8731 = CARTESIAN_POINT ( 'NONE',  ( -66.32191054007240893, -54.74593539653234586, 32.50000000000000000 ) ) ;
#8732 = ORIENTED_EDGE ( 'NONE', *, *, #9496, .T. ) ;
#8733 = LINE ( 'NONE', #10366, #444 ) ;
#8734 = CARTESIAN_POINT ( 'NONE',  ( -33.63194295253664734, 87.77751655883939463, 14.00000000000000000 ) ) ;
#8735 = CARTESIAN_POINT ( 'NONE',  ( -4.351385440520328274, 50.84747089786795016, 14.00000000000000000 ) ) ;
#8736 = CYLINDRICAL_SURFACE ( 'NONE', #1710, 90.00000000000001421 ) ;
#8737 = VERTEX_POINT ( 'NONE', #1317 ) ;
#8738 = DIRECTION ( 'NONE',  ( -0.000000000000000000, -0.000000000000000000, 1.000000000000000000 ) ) ;
#8739 = DIRECTION ( 'NONE',  ( 0.000000000000000000, 0.000000000000000000, 1.000000000000000000 ) ) ;
#8740 = VERTEX_POINT ( 'NONE', #3663 ) ;
#8741 = CARTESIAN_POINT ( 'NONE',  ( -91.63587112389404865, -7.218468586842902823, -16.00000000000000000 ) ) ;
#8742 = CIRCLE ( 'NONE', #4044, 2.500000000000002220 ) ;
#8743 = DIRECTION ( 'NONE',  ( 1.000000000000000000, 0.000000000000000000, 0.000000000000000000 ) ) ;
#8744 = B_SPLINE_CURVE_WITH_KNOTS ( 'NONE', 3,
 ( #9016, #6606, #1554, #737 ),
 .UNSPECIFIED., .F., .F.,
 ( 4, 4 ),
 ( 0.1618091703085174082, 0.8381908316158568351 ),
 .UNSPECIFIED. ) ;
#8745 = DIRECTION ( 'NONE',  ( -1.000000000000000000, 0.000000000000000000, 0.000000000000000000 ) ) ;
#8746 = CARTESIAN_POINT ( 'NONE',  ( 23.73696534790347812, -88.36745145172191940, 30.00000000000000355 ) ) ;
#8747 = ORIENTED_EDGE ( 'NONE', *, *, #7902, .F. ) ;
#8748 = ORIENTED_EDGE ( 'NONE', *, *, #10775, .F. ) ;
#8749 = EDGE_CURVE ( 'NONE', #5400, #2230, #4224, .T. ) ;
#8750 = CARTESIAN_POINT ( 'NONE',  ( 73.19806917271637303, 43.98385370799236682, 31.44910535889347614 ) ) ;
#8751 = CARTESIAN_POINT ( 'NONE',  ( -1.720086775986162442, 16.55873327191747180, 0.000000000000000000 ) ) ;
#8752 = ORIENTED_EDGE ( 'NONE', *, *, #5824, .T. ) ;
#8753 = ORIENTED_EDGE ( 'NONE', *, *, #8144, .F. ) ;
#8754 = DIRECTION ( 'NONE',  ( 0.9946479639414452789, -0.1033219619787458521, 0.000000000000000000 ) ) ;
#8755 = LINE ( 'NONE', #3627, #7833 ) ;
#8756 = CARTESIAN_POINT ( 'NONE',  ( 18.38368993618732361, -82.46718214796396751, 29.99987001606603343 ) ) ;
#8757 = ORIENTED_EDGE ( 'NONE', *, *, #6693, .F. ) ;
#8758 = CARTESIAN_POINT ( 'NONE',  ( -33.11756658107380957, 78.94285846046976474, -17.81104402677326703 ) ) ;
#8759 = CARTESIAN_POINT ( 'NONE',  ( -23.73696534790352075, -88.36745145172191940, 30.00000000000000355 ) ) ;
#8760 = CARTESIAN_POINT ( 'NONE',  ( 21.45186988444690357, 89.38152182545849200, -18.46451126154764566 ) ) ;
#8761 = CIRCLE ( 'NONE', #6835, 2.499999999999998668 ) ;
#8762 = CARTESIAN_POINT ( 'NONE',  ( 19.75108941994454526, -83.37209574677780211, -17.93353923879883638 ) ) ;
#8763 = ORIENTED_EDGE ( 'NONE', *, *, #8636, .T. ) ;
#8764 = CARTESIAN_POINT ( 'NONE',  ( -47.01416648434901191, 19.85114610654549594, 14.00000000000000000 ) ) ;
#8765 = EDGE_CURVE ( 'NONE', #4485, #9628, #10424, .T. ) ;
#8766 = AXIS2_PLACEMENT_3D ( 'NONE', #8269, #1682, #7508 ) ;
#8767 = CARTESIAN_POINT ( 'NONE',  ( -79.20731484416437240, -49.88223981938105567, 17.00000000000000000 ) ) ;
#8768 = ORIENTED_EDGE ( 'NONE', *, *, #5111, .T. ) ;
#8769 = ORIENTED_EDGE ( 'NONE', *, *, #1845, .T. ) ;
#8770 = VECTOR ( 'NONE', #7836, 1000.000000000000000 ) ;
#8771 = EDGE_CURVE ( 'NONE', #5450, #3413, #2552, .T. ) ;
#8772 = EDGE_CURVE ( 'NONE', #3536, #7736, #2412, .T. ) ;
#8773 = CARTESIAN_POINT ( 'NONE',  ( -20.86459663316770374, -86.92924546219121851, 31.45071180158906543 ) ) ;
#8774 = LINE ( 'NONE', #4681, #3251 ) ;
#8775 = CARTESIAN_POINT ( 'NONE',  ( -53.80544377093492869, -25.95113860336197575, 17.00000000000000000 ) ) ;
#8776 = CARTESIAN_POINT ( 'NONE',  ( 64.45057801065003389, 56.02374239311723159, -17.44910535889128411 ) ) ;
#8777 = DIRECTION ( 'NONE',  ( 0.000000000000000000, -1.000000000000000000, 0.000000000000000000 ) ) ;
#8778 = ORIENTED_EDGE ( 'NONE', *, *, #6802, .T. ) ;
#8779 = DIRECTION ( 'NONE',  ( -0.000000000000000000, -0.000000000000000000, -1.000000000000000000 ) ) ;
#8780 = ORIENTED_EDGE ( 'NONE', *, *, #2590, .T. ) ;
#8781 = EDGE_CURVE ( 'NONE', #1127, #3598, #5617, .T. ) ;
#8782 = CARTESIAN_POINT ( 'NONE',  ( -13.83509055125529841, -2.958285001794465074, 30.00000000000000355 ) ) ;
#8783 = ORIENTED_EDGE ( 'NONE', *, *, #9156, .F. ) ;
#8784 = CARTESIAN_POINT ( 'NONE',  ( -31.74498697532679614, -79.92304540253859102, -18.50004557245078018 ) ) ;
#8785 = DIRECTION ( 'NONE',  ( -0.6288364132062403966, 0.7775376295883759115, 0.000000000000000000 ) ) ;
#8786 = B_SPLINE_CURVE_WITH_KNOTS ( 'NONE', 3,
 ( #10369, #443, #8622, #4428 ),
 .UNSPECIFIED., .F., .F.,
 ( 4, 4 ),
 ( 0.000000000000000000, 1.000000000000000000 ),
 .UNSPECIFIED. ) ;
#8787 = CARTESIAN_POINT ( 'NONE',  ( 33.60027588698327605, 77.52301366307898434, 29.99987001606524117 ) ) ;
#8788 = DIRECTION ( 'NONE',  ( 1.000000000000000000, 0.000000000000000000, 0.000000000000000000 ) ) ;
#8789 = ORIENTED_EDGE ( 'NONE', *, *, #7695, .F. ) ;
#8790 = CARTESIAN_POINT ( 'NONE',  ( 85.83440617532757244, -5.307351189429692084, 32.50000000000516565 ) ) ;
#8791 = DIRECTION ( 'NONE',  ( -0.1033219619787452831, -0.9946479639414453899, 0.000000000000000000 ) ) ;
#8792 = AXIS2_PLACEMENT_3D ( 'NONE', #4796, #1482, #10528 ) ;
#8793 = ORIENTED_EDGE ( 'NONE', *, *, #1454, .T. ) ;
#8794 = DIRECTION ( 'NONE',  ( -0.000000000000000000, -0.000000000000000000, 1.000000000000000000 ) ) ;
#8795 = PLANE ( 'NONE',  #3941 ) ;
#8796 = CARTESIAN_POINT ( 'NONE',  ( 0.000000000000000000, 0.000000000000000000, 0.000000000000000000 ) ) ;
#8797 = CARTESIAN_POINT ( 'NONE',  ( -29.14443337139493551, -56.68321722085848080, 17.00000000000000000 ) ) ;
#8798 = AXIS2_PLACEMENT_3D ( 'NONE', #4606, #4449, #4400 ) ;
#8799 = ORIENTED_EDGE ( 'NONE', *, *, #10568, .F. ) ;
#8800 = VERTEX_POINT ( 'NONE', #10478 ) ;
#8801 = DIRECTION ( 'NONE',  ( 0.8654182317380989531, -0.5010501812945508116, 0.000000000000000000 ) ) ;
#8802 = DIRECTION ( 'NONE',  ( -0.000000000000000000, -0.000000000000000000, -1.000000000000000000 ) ) ;
#8803 = ORIENTED_EDGE ( 'NONE', *, *, #4439, .T. ) ;
#8804 = AXIS2_PLACEMENT_3D ( 'NONE', #1057, #10266, #2490 ) ;
#8805 = ORIENTED_EDGE ( 'NONE', *, *, #3685, .F. ) ;
#8806 = CARTESIAN_POINT ( 'NONE',  ( 23.73696534790352786, 88.36745145172190519, 30.00000000000000355 ) ) ;
#8807 = CARTESIAN_POINT ( 'NONE',  ( -76.92514010090734189, 46.71747874677935641, 17.00000000000000000 ) ) ;
#8808 = EDGE_CURVE ( 'NONE', #3679, #8628, #2485, .T. ) ;
#8809 = DIRECTION ( 'NONE',  ( 0.000000000000000000, 0.000000000000000000, 1.000000000000000000 ) ) ;
#8810 = ORIENTED_EDGE ( 'NONE', *, *, #1329, .T. ) ;
#8811 = ORIENTED_EDGE ( 'NONE', *, *, #4527, .T. ) ;
#8812 = DIRECTION ( 'NONE',  ( -0.000000000000000000, -0.000000000000000000, 1.000000000000000000 ) ) ;
#8813 = CARTESIAN_POINT ( 'NONE',  ( 58.78321495184668066, 10.63113418810572597, 17.00000000000000000 ) ) ;
#8814 = DIRECTION ( 'NONE',  ( 0.9140381853826243796, 0.4056281494946316069, -0.000000000000000000 ) ) ;
#8815 = CARTESIAN_POINT ( 'NONE',  ( -65.81204892845916277, 55.28630718726492432, 32.41801905197114309 ) ) ;
#8816 = VERTEX_POINT ( 'NONE', #6481 ) ;
#8817 = VECTOR ( 'NONE', #2064, 1000.000000000000000 ) ;
#8818 = ADVANCED_FACE ( 'NONE', ( #6368 ), #3173, .T. ) ;
#8819 = CARTESIAN_POINT ( 'NONE',  ( 0.000000000000000000, 0.000000000000000000, -3.000000000000000000 ) ) ;
#8820 = DIRECTION ( 'NONE',  ( -0.000000000000000000, -0.000000000000000000, -1.000000000000000000 ) ) ;
#8821 = VERTEX_POINT ( 'NONE', #9822 ) ;
#8822 = ORIENTED_EDGE ( 'NONE', *, *, #5738, .T. ) ;
#8823 = CARTESIAN_POINT ( 'NONE',  ( -22.40477305320799672, -87.10970388479321969, 32.40431918453418803 ) ) ;
#8824 = AXIS2_PLACEMENT_3D ( 'NONE', #1515, #583, #3905 ) ;
#8825 = CARTESIAN_POINT ( 'NONE',  ( 21.45186988444696397, 89.38152182545847779, 17.00000000000000000 ) ) ;
#8826 = DIRECTION ( 'NONE',  ( 0.000000000000000000, 1.000000000000000000, 0.000000000000000000 ) ) ;
#8827 = CARTESIAN_POINT ( 'NONE',  ( 0.000000000000000000, 0.000000000000000000, -3.000000000000000000 ) ) ;
#8828 = CARTESIAN_POINT ( 'NONE',  ( -57.94609840744985974, 29.67031559301879184, -3.000000000000004441 ) ) ;
#8829 = FACE_OUTER_BOUND ( 'NONE', #2794, .T. ) ;
#8830 = ORIENTED_EDGE ( 'NONE', *, *, #8925, .F. ) ;
#8831 = EDGE_CURVE ( 'NONE', #3138, #10331, #2241, .T. ) ;
#8832 = CARTESIAN_POINT ( 'NONE',  ( -73.36110093672132848, -45.07550972205502404, -18.12074928963462739 ) ) ;
#8833 = ADVANCED_FACE ( 'NONE', ( #8894 ), #9876, .T. ) ;
#8834 = VERTEX_POINT ( 'NONE', #4749 ) ;
#8835 = VECTOR ( 'NONE', #6155, 999.9999999999998863 ) ;
#8836 = CARTESIAN_POINT ( 'NONE',  ( -54.26119305240509050, -24.98441732591588504, 17.00000000000000000 ) ) ;
#8837 = EDGE_LOOP ( 'NONE', ( #2635, #4492, #2561 ) ) ;
#8838 = LINE ( 'NONE', #9003, #4652 ) ;
#8839 = CARTESIAN_POINT ( 'NONE',  ( -84.21501108586022610, -7.989345811798238550, 30.15434426884574393 ) ) ;
#8840 = LINE ( 'NONE', #4637, #5709 ) ;
#8841 = ORIENTED_EDGE ( 'NONE', *, *, #3250, .F. ) ;
#8842 = EDGE_CURVE ( 'NONE', #628, #8594, #2302, .T. ) ;
#8843 = CARTESIAN_POINT ( 'NONE',  ( -66.07638854657538729, -55.02230383181521489, 32.47998818980921953 ) ) ;
#8844 = EDGE_CURVE ( 'NONE', #9508, #3600, #3006, .T. ) ;
#8845 = CARTESIAN_POINT ( 'NONE',  ( 21.28169612550598799, -84.08665276551197110, -18.49999999994897948 ) ) ;
#8846 = ORIENTED_EDGE ( 'NONE', *, *, #9317, .T. ) ;
#8847 = ADVANCED_FACE ( 'NONE', ( #2295 ), #724, .T. ) ;
#8848 = CARTESIAN_POINT ( 'NONE',  ( -19.75766015762375716, -83.36263173938820614, -17.92213809290673510 ) ) ;
#8849 = DIRECTION ( 'NONE',  ( -0.000000000000000000, -0.000000000000000000, 1.000000000000000000 ) ) ;
#8850 = AXIS2_PLACEMENT_3D ( 'NONE', #10697, #3279, #5512 ) ;
#8851 = DIRECTION ( 'NONE',  ( -1.000000000000000000, 0.000000000000000000, 0.000000000000000000 ) ) ;
#8852 = DIRECTION ( 'NONE',  ( 0.8654182317380989531, 0.5010501812945508116, 0.000000000000000000 ) ) ;
#8853 = CIRCLE ( 'NONE', #9377, 2.500000000000002220 ) ;
#8854 = ORIENTED_EDGE ( 'NONE', *, *, #188, .F. ) ;
#8855 = CARTESIAN_POINT ( 'NONE',  ( -74.28185921985956952, -9.021167253235487848, -6.685161482356814844 ) ) ;
#8856 = B_SPLINE_CURVE_WITH_KNOTS ( 'NONE', 3,
 ( #9447, #229, #1970, #5747, #10776, #748, #4071, #3551, #9088, #1625, #8309, #6043 ),
 .UNSPECIFIED., .F., .F.,
 ( 4, 1, 1, 1, 2, 2, 1, 4 ),
 ( 0.08354533723621374031, 0.3126590029271503202, 0.4272158357726186795, 0.4844942521953532477, 0.4988138563010373616, 0.5131334604067213645, 0.5417726686180909246, 1.000000000000000000 ),
 .UNSPECIFIED. ) ;
#8857 = EDGE_LOOP ( 'NONE', ( #3903, #8432, #4818, #2946 ) ) ;
#8858 = DIRECTION ( 'NONE',  ( -2.937141586370679889E-16, -1.373620857511931982E-15, -1.000000000000000000 ) ) ;
#8859 = ADVANCED_FACE ( 'NONE', ( #1603 ), #8950, .T. ) ;
#8860 = AXIS2_PLACEMENT_3D ( 'NONE', #1031, #5221, #5269 ) ;
#8861 = CARTESIAN_POINT ( 'NONE',  ( -84.89573712078265544, 7.624741284651169515, 31.18342693136115074 ) ) ;
#8862 = ORIENTED_EDGE ( 'NONE', *, *, #4447, .T. ) ;
#8863 = AXIS2_PLACEMENT_3D ( 'NONE', #8665, #1862, #3597 ) ;
#8864 = AXIS2_PLACEMENT_3D ( 'NONE', #9588, #5272, #5384 ) ;
#8865 = ORIENTED_EDGE ( 'NONE', *, *, #4519, .T. ) ;
#8866 = PLANE ( 'NONE',  #5557 ) ;
#8867 = CARTESIAN_POINT ( 'NONE',  ( 76.70731484416434398, -49.88223981938107698, 30.00000000000000000 ) ) ;
#8868 = DIRECTION ( 'NONE',  ( 3.081487911019576804E-29, 1.000000000000000000, 5.551115123125786646E-15 ) ) ;
#8869 = ORIENTED_EDGE ( 'NONE', *, *, #9307, .T. ) ;
#8870 = ORIENTED_EDGE ( 'NONE', *, *, #7826, .F. ) ;
#8871 = DIRECTION ( 'NONE',  ( -0.2090980990620617819, -0.9778946696698127550, 0.000000000000000000 ) ) ;
#8872 = DIRECTION ( 'NONE',  ( 0.000000000000000000, -1.000000000000000000, -5.551115123125777969E-15 ) ) ;
#8873 = DIRECTION ( 'NONE',  ( -0.000000000000000000, -0.000000000000000000, -1.000000000000000000 ) ) ;
#8874 = DIRECTION ( 'NONE',  ( 0.000000000000000000, 0.000000000000000000, -1.000000000000000000 ) ) ;
#8875 = ORIENTED_EDGE ( 'NONE', *, *, #6669, .T. ) ;
#8876 = VECTOR ( 'NONE', #7531, 1000.000000000000000 ) ;
#8877 = LINE ( 'NONE', #3912, #620 ) ;
#8878 = DIRECTION ( 'NONE',  ( -1.000000000000000000, 5.551115123125777969E-15, 0.000000000000000000 ) ) ;
#8879 = ORIENTED_EDGE ( 'NONE', *, *, #3720, .F. ) ;
#8880 = EDGE_LOOP ( 'NONE', ( #8168, #4471, #5173, #5682 ) ) ;
#8881 = AXIS2_PLACEMENT_3D ( 'NONE', #8011, #2178, #5501 ) ;
#8882 = CARTESIAN_POINT ( 'NONE',  ( 52.54170275422330860, -56.89190718866041863, 17.00000000000000355 ) ) ;
#8883 = CARTESIAN_POINT ( 'NONE',  ( -28.27747505163055664, 81.29040158659670112, -18.50000000007522871 ) ) ;
#8884 = CARTESIAN_POINT ( 'NONE',  ( 4.351385440520341596, -50.84747089786795016, -3.000000000000000000 ) ) ;
#8885 = ADVANCED_FACE ( 'NONE', ( #4915 ), #3881, .T. ) ;
#8886 = DIRECTION ( 'NONE',  ( 1.000000000000000000, -5.551115123125777969E-15, 0.000000000000000000 ) ) ;
#8887 = CARTESIAN_POINT ( 'NONE',  ( -17.78825708777354464, -81.12597546658777503, -13.81128689715580649 ) ) ;
#8888 = DIRECTION ( 'NONE',  ( -0.4056281494946316069, 0.9140381853826242686, -0.000000000000000000 ) ) ;
#8889 = ORIENTED_EDGE ( 'NONE', *, *, #1991, .T. ) ;
#8890 = ORIENTED_EDGE ( 'NONE', *, *, #8182, .F. ) ;
#8891 = DIRECTION ( 'NONE',  ( 0.000000000000000000, -0.000000000000000000, -1.000000000000000000 ) ) ;
#8892 = VERTEX_POINT ( 'NONE', #5875 ) ;
#8893 = CARTESIAN_POINT ( 'NONE',  ( -65.26483731441301472, 55.68784019198920987, -18.13538959017803620 ) ) ;
#8894 = FACE_OUTER_BOUND ( 'NONE', #1324, .T. ) ;
#8895 = CARTESIAN_POINT ( 'NONE',  ( 73.08853718130734478, 59.11062284138661482, 14.00000000000000000 ) ) ;
#8896 = ORIENTED_EDGE ( 'NONE', *, *, #1795, .F. ) ;
#8897 = CIRCLE ( 'NONE', #8372, 94.00000000000001421 ) ;
#8898 = CARTESIAN_POINT ( 'NONE',  ( -63.53196490966681154, -56.00338158120131027, 30.30701376012422088 ) ) ;
#8899 = DIRECTION ( 'NONE',  ( 1.000000000000000000, 0.000000000000000000, 0.000000000000000000 ) ) ;
#8900 = ORIENTED_EDGE ( 'NONE', *, *, #244, .F. ) ;
#8901 = CARTESIAN_POINT ( 'NONE',  ( -23.73696534790347457, -88.36745145172191940, -16.00000000000000000 ) ) ;
#8902 = EDGE_LOOP ( 'NONE', ( #1355, #565, #7152, #3193 ) ) ;
#8903 = CARTESIAN_POINT ( 'NONE',  ( 0.000000000000000000, 0.000000000000000000, 16.99999999999998579 ) ) ;
#8904 = ORIENTED_EDGE ( 'NONE', *, *, #4547, .T. ) ;
#8905 = AXIS2_PLACEMENT_3D ( 'NONE', #2467, #9988, #5779 ) ;
#8906 = EDGE_CURVE ( 'NONE', #4556, #9113, #7415, .T. ) ;
#8907 = CARTESIAN_POINT ( 'NONE',  ( 0.000000000000000000, 0.000000000000000000, -16.00000000000000000 ) ) ;
#8908 = ORIENTED_EDGE ( 'NONE', *, *, #3904, .T. ) ;
#8909 = LINE ( 'NONE', #1446, #6814 ) ;
#8910 = EDGE_CURVE ( 'NONE', #3630, #2101, #8897, .T. ) ;
#8911 = EDGE_LOOP ( 'NONE', ( #1778, #8841, #217, #1137 ) ) ;
#8912 = EDGE_CURVE ( 'NONE', #2143, #4716, #5587, .T. ) ;
#8913 = DIRECTION ( 'NONE',  ( 0.000000000000000000, 0.000000000000000000, -1.000000000000000000 ) ) ;
#8914 = FACE_OUTER_BOUND ( 'NONE', #10057, .T. ) ;
#8915 = ORIENTED_EDGE ( 'NONE', *, *, #200, .T. ) ;
#8916 = CIRCLE ( 'NONE', #7520, 90.00000000000001421 ) ;
#8917 = ORIENTED_EDGE ( 'NONE', *, *, #4829, .F. ) ;
#8918 = DIRECTION ( 'NONE',  ( -0.7439559807600397701, 0.6682286275604834014, 0.000000000000000000 ) ) ;
#8919 = FACE_OUTER_BOUND ( 'NONE', #6894, .T. ) ;
#8920 = CARTESIAN_POINT ( 'NONE',  ( -32.73747638465006560, 85.44300813972130015, 14.00000000000000000 ) ) ;
#8921 = EDGE_CURVE ( 'NONE', #10331, #2523, #10290, .T. ) ;
#8922 = ORIENTED_EDGE ( 'NONE', *, *, #8180, .T. ) ;
#8923 = AXIS2_PLACEMENT_3D ( 'NONE', #1003, #5890, #7535 ) ;
#8924 = VERTEX_POINT ( 'NONE', #3277 ) ;
#8925 = EDGE_CURVE ( 'NONE', #6116, #7639, #935, .T. ) ;
#8926 = DIRECTION ( 'NONE',  ( -0.9946479639414452789, 0.1033219619787458521, -0.000000000000000000 ) ) ;
#8927 = CARTESIAN_POINT ( 'NONE',  ( 76.92514010090734189, -46.71747874677934220, 14.00000000000000000 ) ) ;
#8928 = CARTESIAN_POINT ( 'NONE',  ( 72.90286626747413834, -45.51398666605473409, 32.40430452063355204 ) ) ;
#8929 = ORIENTED_EDGE ( 'NONE', *, *, #4307, .T. ) ;
#8930 = CARTESIAN_POINT ( 'NONE',  ( 23.73696534790352430, -88.36745145172191940, -16.00000000000000000 ) ) ;
#8931 = DIRECTION ( 'NONE',  ( -1.000000000000000000, 0.000000000000000000, 0.000000000000000000 ) ) ;
#8932 = ORIENTED_EDGE ( 'NONE', *, *, #7367, .F. ) ;
#8933 = ORIENTED_EDGE ( 'NONE', *, *, #626, .T. ) ;
#8934 = AXIS2_PLACEMENT_3D ( 'NONE', #7691, #3602, #9491 ) ;
#8935 = DIRECTION ( 'NONE',  ( -0.4056281494946316069, -0.9140381853826243796, 0.000000000000000000 ) ) ;
#8936 = CARTESIAN_POINT ( 'NONE',  ( 28.27747505164824560, -81.29040158663850946, 32.49999999999141664 ) ) ;
#8937 = CARTESIAN_POINT ( 'NONE',  ( -41.30779598901207805, -43.15267505862443898, 17.00000000000000000 ) ) ;
#8938 = CARTESIAN_POINT ( 'NONE',  ( 18.38368993618732361, -82.46718214796396751, 29.99987001606603343 ) ) ;
#8939 = CARTESIAN_POINT ( 'NONE',  ( 76.92514010090738452, 46.71747874677929957, 14.00000000000000000 ) ) ;
#8940 = CARTESIAN_POINT ( 'NONE',  ( -73.39475327398493221, 46.22430048265562164, 32.50000000000000000 ) ) ;
#8941 = VERTEX_POINT ( 'NONE', #7628 ) ;
#8942 = VECTOR ( 'NONE', #9148, 1000.000000000000000 ) ;
#8943 = AXIS2_PLACEMENT_3D ( 'NONE', #8606, #2060, #1905 ) ;
#8944 = LINE ( 'NONE', #8123, #8516 ) ;
#8945 = DIRECTION ( 'NONE',  ( 1.000000000000000000, 0.000000000000000000, 0.000000000000000000 ) ) ;
#8946 = VERTEX_POINT ( 'NONE', #5983 ) ;
#8947 = EDGE_CURVE ( 'NONE', #6974, #333, #3587, .T. ) ;
#8948 = CYLINDRICAL_SURFACE ( 'NONE', #3223, 2.500000000000002220 ) ;
#8949 = AXIS2_PLACEMENT_3D ( 'NONE', #3526, #4651, #5521 ) ;
#8950 = CYLINDRICAL_SURFACE ( 'NONE', #6093, 51.03332099679091982 ) ;
#8951 = DIRECTION ( 'NONE',  ( -0.000000000000000000, -0.000000000000000000, -1.000000000000000000 ) ) ;
#8952 = ORIENTED_EDGE ( 'NONE', *, *, #1763, .F. ) ;
#8953 = CARTESIAN_POINT ( 'NONE',  ( -63.43535550630857500, -55.96385807360591258, 30.15434426884927888 ) ) ;
#8954 = CARTESIAN_POINT ( 'NONE',  ( 42.05602593911607556, -75.01526966030580468, -18.50000000000000355 ) ) ;
#8955 = ORIENTED_EDGE ( 'NONE', *, *, #7162, .F. ) ;
#8956 = CARTESIAN_POINT ( 'NONE',  ( -19.60877380044545504, -83.33213130723193274, -17.81104402677232912 ) ) ;
#8957 = ORIENTED_EDGE ( 'NONE', *, *, #2838, .T. ) ;
#8958 = CARTESIAN_POINT ( 'NONE',  ( -76.70731484416432977, 49.88223981938109119, 17.00000000000000000 ) ) ;
#8959 = VERTEX_POINT ( 'NONE', #2517 ) ;
#8960 = EDGE_CURVE ( 'NONE', #2426, #6212, #5924, .T. ) ;
#8961 = PLANE ( 'NONE',  #8109 ) ;
#8962 = VERTEX_POINT ( 'NONE', #2569 ) ;
#8963 = CARTESIAN_POINT ( 'NONE',  ( 21.45186988444695686, -89.38152182545847779, -16.00000000000000000 ) ) ;
#8964 = VERTEX_POINT ( 'NONE', #9165 ) ;
#8965 = DIRECTION ( 'NONE',  ( -1.000000000000000000, 1.942890293094022368E-14, 0.000000000000000000 ) ) ;
#8966 = CARTESIAN_POINT ( 'NONE',  ( -8.341399780305353673, 14.40733826189104505, -3.000000000000000000 ) ) ;
#8967 = ORIENTED_EDGE ( 'NONE', *, *, #8182, .T. ) ;
#8968 = EDGE_CURVE ( 'NONE', #101, #1981, #1606, .T. ) ;
#8969 = ORIENTED_EDGE ( 'NONE', *, *, #2979, .F. ) ;
#8970 = DIRECTION ( 'NONE',  ( 0.9140381853826274883, 0.4056281494946245569, 0.000000000000000000 ) ) ;
#8971 = CARTESIAN_POINT ( 'NONE',  ( -41.30779598900816296, 43.15267505862219366, -3.000000000000000000 ) ) ;
#8972 = CARTESIAN_POINT ( 'NONE',  ( 0.000000000000000000, 0.000000000000000000, 0.000000000000000000 ) ) ;
#8973 = EDGE_CURVE ( 'NONE', #3242, #3167, #2102, .T. ) ;
#8974 = ADVANCED_FACE ( 'NONE', ( #830 ), #9229, .T. ) ;
#8975 = ORIENTED_EDGE ( 'NONE', *, *, #4396, .F. ) ;
#8976 = VERTEX_POINT ( 'NONE', #7527 ) ;
#8977 = DIRECTION ( 'NONE',  ( -0.000000000000000000, -0.000000000000000000, 1.000000000000000000 ) ) ;
#8978 = AXIS2_PLACEMENT_3D ( 'NONE', #2206, #8095, #10451 ) ;
#8979 = EDGE_CURVE ( 'NONE', #5129, #5274, #8400, .T. ) ;
#8980 = PLANE ( 'NONE',  #3457 ) ;
#8981 = ADVANCED_FACE ( 'NONE', ( #1755 ), #4029, .T. ) ;
#8982 = CARTESIAN_POINT ( 'NONE',  ( -91.63587112389407707, -7.218468586842901047, -3.000000000000000000 ) ) ;
#8983 = VERTEX_POINT ( 'NONE', #3435 ) ;
#8984 = CARTESIAN_POINT ( 'NONE',  ( -21.29535345664995205, 83.31833715111712024, -18.50004557245140546 ) ) ;
#8985 = ADVANCED_FACE ( 'NONE', ( #3755 ), #5329, .T. ) ;
#8986 = AXIS2_PLACEMENT_3D ( 'NONE', #7988, #3901, #7215 ) ;
#8987 = VECTOR ( 'NONE', #71, 1000.000000000000000 ) ;
#8988 = DIRECTION ( 'NONE',  ( -0.2090980990620607549, -0.9778946696698130880, 0.000000000000000000 ) ) ;
#8989 = ORIENTED_EDGE ( 'NONE', *, *, #2108, .F. ) ;
#8990 = ORIENTED_EDGE ( 'NONE', *, *, #7765, .F. ) ;
#8991 = DIRECTION ( 'NONE',  ( -1.000000000000000000, 3.197442310920450836E-14, 0.000000000000000000 ) ) ;
#8992 = CARTESIAN_POINT ( 'NONE',  ( -76.92514010090735610, -46.71747874677935641, 0.000000000000000000 ) ) ;
#8993 = CARTESIAN_POINT ( 'NONE',  ( 31.61475128438782178, -68.23621904316877362, -6.904288729118855272 ) ) ;
#8994 = B_SPLINE_CURVE_WITH_KNOTS ( 'NONE', 3,
 ( #8257, #1668, #9086, #8971 ),
 .UNSPECIFIED., .F., .F.,
 ( 4, 4 ),
 ( 0.000000000000000000, 1.000000000000000000 ),
 .UNSPECIFIED. ) ;
#8995 = CARTESIAN_POINT ( 'NONE',  ( -77.93544135410634510, 5.172527561115669137, -3.000000000025508928 ) ) ;
#8996 = CARTESIAN_POINT ( 'NONE',  ( 91.63587112389404865, 7.218468586842885060, -3.000000000000000000 ) ) ;
#8997 = CARTESIAN_POINT ( 'NONE',  ( -40.52922369190287100, 43.88485168617527421, 17.00000000000000000 ) ) ;
#8998 = CIRCLE ( 'NONE', #10555, 51.03332099679091982 ) ;
#8999 = EDGE_LOOP ( 'NONE', ( #4813, #5201, #9144, #10153 ) ) ;
#9000 = CARTESIAN_POINT ( 'NONE',  ( -75.06355823519031389, -44.85171102546188138, -18.50000000000000000 ) ) ;
#9001 = CARTESIAN_POINT ( 'NONE',  ( 50.58155146233185206, 48.52189041690961346, 18.12358131652509030 ) ) ;
#9002 = ORIENTED_EDGE ( 'NONE', *, *, #9843, .F. ) ;
#9003 = CARTESIAN_POINT ( 'NONE',  ( -33.40773828059418094, 38.57878788838270623, 17.00000000000000000 ) ) ;
#9004 = CIRCLE ( 'NONE', #1521, 90.00000000000001421 ) ;
#9005 = CARTESIAN_POINT ( 'NONE',  ( -84.80501470348045245, -7.702750485830633487, 31.04595453367246805 ) ) ;
#9006 = CARTESIAN_POINT ( 'NONE',  ( -35.23747638465002296, -85.44300813972131436, 17.00000000000000000 ) ) ;
#9007 = EDGE_LOOP ( 'NONE', ( #8763, #2043, #8967, #2115 ) ) ;
#9008 = CARTESIAN_POINT ( 'NONE',  ( -11.14930677019271599, -80.67559418273370397, 17.00000000000000000 ) ) ;
#9009 = DIRECTION ( 'NONE',  ( -0.000000000000000000, -0.000000000000000000, -1.000000000000000000 ) ) ;
#9010 = CIRCLE ( 'NONE', #9355, 14.00000000000000000 ) ;
#9011 = VERTEX_POINT ( 'NONE', #1091 ) ;
#9012 = CARTESIAN_POINT ( 'NONE',  ( 13.83509055125532150, 2.958285001794458857, -16.00000000000000000 ) ) ;
#9013 = EDGE_LOOP ( 'NONE', ( #4499, #9131, #346, #9163, #433 ) ) ;
#9014 = CARTESIAN_POINT ( 'NONE',  ( 69.89206765410006028, 59.70207738771623696, 17.00000000000000000 ) ) ;
#9015 = ORIENTED_EDGE ( 'NONE', *, *, #2051, .F. ) ;
#9016 = CARTESIAN_POINT ( 'NONE',  ( -85.83440617536430750, -5.307351189431855687, -18.49999999998498978 ) ) ;
#9017 = AXIS2_PLACEMENT_3D ( 'NONE', #5973, #926, #156 ) ;
#9018 = DIRECTION ( 'NONE',  ( 1.000000000000000000, -1.110223024625155594E-14, 0.000000000000000000 ) ) ;
#9019 = ORIENTED_EDGE ( 'NONE', *, *, #1861, .F. ) ;
#9020 = DIRECTION ( 'NONE',  ( 0.3577866271546433219, 0.9338033676472280442, 0.000000000000000000 ) ) ;
#9021 = LINE ( 'NONE', #6329, #4483 ) ;
#9022 = EDGE_CURVE ( 'NONE', #2841, #3326, #9482, .T. ) ;
#9023 = ORIENTED_EDGE ( 'NONE', *, *, #449, .F. ) ;
#9024 = AXIS2_PLACEMENT_3D ( 'NONE', #7787, #487, #4524 ) ;
#9025 = B_SPLINE_CURVE_WITH_KNOTS ( 'NONE', 3,
 ( #3864, #8984, #10677, #3968, #9803, #8164, #4731, #3152, #3207, #3259, #7343, #10729, #6463, #5705, #9044, #6519 ),
 .UNSPECIFIED., .F., .F.,
 ( 4, 2, 2, 2, 2, 2, 2, 4 ),
 ( 0.000000000000000000, 0.0005514947311270763366, 0.001102989462254152673, 0.002205978924508299709, 0.002757473655635373985, 0.003308968386762447828, 0.003860463117889521671, 0.004411957849016595080 ),
 .UNSPECIFIED. ) ;
#9026 = ORIENTED_EDGE ( 'NONE', *, *, #5631, .T. ) ;
#9027 = DIRECTION ( 'NONE',  ( 1.000000000000000000, 0.000000000000000000, 0.000000000000000000 ) ) ;
#9028 = DIRECTION ( 'NONE',  ( -0.9946479639414452789, 0.1033219619787452692, 0.000000000000000000 ) ) ;
#9029 = AXIS2_PLACEMENT_3D ( 'NONE', #6767, #26, #5792 ) ;
#9030 = DIRECTION ( 'NONE',  ( 1.000000000000000000, 0.000000000000000000, 0.000000000000000000 ) ) ;
#9031 = DIRECTION ( 'NONE',  ( 1.000000000000000000, 0.000000000000000000, 0.000000000000000000 ) ) ;
#9032 = ORIENTED_EDGE ( 'NONE', *, *, #7384, .T. ) ;
#9033 = VECTOR ( 'NONE', #259, 1000.000000000000000 ) ;
#9034 = ORIENTED_EDGE ( 'NONE', *, *, #3285, .T. ) ;
#9035 = TOROIDAL_SURFACE ( 'NONE', #4336, 91.50000000000001421, 2.500000000000000000 ) ;
#9036 = CARTESIAN_POINT ( 'NONE',  ( -61.81158078040365922, -33.14233013116299276, 18.13389584072134753 ) ) ;
#9037 = CIRCLE ( 'NONE', #852, 94.00000000000001421 ) ;
#9038 = EDGE_CURVE ( 'NONE', #568, #384, #10252, .T. ) ;
#9039 = CARTESIAN_POINT ( 'NONE',  ( 71.14469310733639418, 57.53853180837101178, -16.00000000000000000 ) ) ;
#9040 = ORIENTED_EDGE ( 'NONE', *, *, #7959, .T. ) ;
#9041 = PRODUCT_DEFINITION_FORMATION_WITH_SPECIFIED_SOURCE ( 'TUTTO', '', #7549, .NOT_KNOWN. ) ;
#9042 = LINE ( 'NONE', #7505, #160 ) ;
#9043 = AXIS2_PLACEMENT_3D ( 'NONE', #9410, #4595, #5412 ) ;
#9044 = CARTESIAN_POINT ( 'NONE',  ( -18.42555021174463192, 82.56207869282667389, -16.15434426884676711 ) ) ;
#9045 = AXIS2_PLACEMENT_3D ( 'NONE', #8453, #1961, #9334 ) ;
#9046 = CARTESIAN_POINT ( 'NONE',  ( 80.21370206259803126, 8.404979754864042363, -10.94393758859063048 ) ) ;
#9047 = ORIENTED_EDGE ( 'NONE', *, *, #5616, .T. ) ;
#9048 = VERTEX_POINT ( 'NONE', #7784 ) ;
#9049 = ADVANCED_FACE ( 'NONE', ( #220 ), #4521, .T. ) ;
#9050 = FACE_OUTER_BOUND ( 'NONE', #5759, .T. ) ;
#9051 = FACE_OUTER_BOUND ( 'NONE', #1563, .T. ) ;
#9052 = CARTESIAN_POINT ( 'NONE',  ( 0.000000000000000000, 0.000000000000000000, 14.00000000000000000 ) ) ;
#9053 = EDGE_CURVE ( 'NONE', #5619, #1813, #2879, .T. ) ;
#9054 = EDGE_CURVE ( 'NONE', #6952, #9798, #5760, .T. ) ;
#9055 = CARTESIAN_POINT ( 'NONE',  ( -60.11725487753469110, -3.989945425998830064, -2.999999999999995559 ) ) ;
#9056 = AXIS2_PLACEMENT_3D ( 'NONE', #4758, #4923, #6378 ) ;
#9057 = CARTESIAN_POINT ( 'NONE',  ( -78.37788641306556769, 48.02234986748100454, 17.00000000000000000 ) ) ;
#9058 = CARTESIAN_POINT ( 'NONE',  ( -73.13542742471356917, 43.61233852011124412, -17.04213425600406495 ) ) ;
#9059 = AXIS2_PLACEMENT_3D ( 'NONE', #9052, #1590, #9027 ) ;
#9060 = EDGE_LOOP ( 'NONE', ( #7199, #1262, #2860, #638, #702, #6817, #10051, #10207 ) ) ;
#9061 = CARTESIAN_POINT ( 'NONE',  ( -64.23723033164655760, -56.11972172285378946, -17.28567986877871121 ) ) ;
#9062 = CARTESIAN_POINT ( 'NONE',  ( 57.06050259233739297, 52.27300117380690381, 22.29373426499435240 ) ) ;
#9063 = VERTEX_POINT ( 'NONE', #1252 ) ;
#9064 = EDGE_CURVE ( 'NONE', #6014, #3566, #8510, .T. ) ;
#9065 = CARTESIAN_POINT ( 'NONE',  ( -64.98385533071721909, 55.84004323797466895, -17.93353923880466638 ) ) ;
#9066 = VECTOR ( 'NONE', #1667, 1000.000000000000114 ) ;
#9067 = DIRECTION ( 'NONE',  ( 1.000000000000000000, 0.000000000000000000, 0.000000000000000000 ) ) ;
#9068 = CARTESIAN_POINT ( 'NONE',  ( 0.000000000000000000, 0.000000000000000000, 17.00000000000000000 ) ) ;
#9069 = CARTESIAN_POINT ( 'NONE',  ( -16.17144244485074722, -62.10780467731161991, 17.00000000000000000 ) ) ;
#9070 = EDGE_CURVE ( 'NONE', #2209, #8628, #8384, .T. ) ;
#9071 = CARTESIAN_POINT ( 'NONE',  ( 0.000000000000000000, 0.000000000000000000, 14.00000000000000000 ) ) ;
#9072 = ORIENTED_EDGE ( 'NONE', *, *, #1298, .F. ) ;
#9073 = CARTESIAN_POINT ( 'NONE',  ( -55.68491015405907518, 51.47657602893507800, 21.27971910424979995 ) ) ;
#9074 = ORIENTED_EDGE ( 'NONE', *, *, #1155, .F. ) ;
#9075 = CARTESIAN_POINT ( 'NONE',  ( -53.80544377083894858, -25.95113860327578337, -3.000000000000000000 ) ) ;
#9076 = VERTEX_POINT ( 'NONE', #8660 ) ;
#9077 = CARTESIAN_POINT ( 'NONE',  ( 1.461781871039302683, 14.07211336206385788, -16.00000000000000000 ) ) ;
#9078 = CARTESIAN_POINT ( 'NONE',  ( 72.75018757564873795, -42.96752443004734090, 29.99988756943822921 ) ) ;
#9079 = ORIENTED_EDGE ( 'NONE', *, *, #8637, .T. ) ;
#9080 = DIRECTION ( 'NONE',  ( 0.000000000000000000, 0.000000000000000000, -1.000000000000000000 ) ) ;
#9081 = CARTESIAN_POINT ( 'NONE',  ( -63.34571104236401595, -55.91169000869540895, -15.99987001606571724 ) ) ;
#9082 = DIRECTION ( 'NONE',  ( 0.9946479639414453899, -0.1033219619787455329, 0.000000000000000000 ) ) ;
#9083 = ORIENTED_EDGE ( 'NONE', *, *, #8507, .F. ) ;
#9084 = LINE ( 'NONE', #2317, #9928 ) ;
#9085 = AXIS2_PLACEMENT_3D ( 'NONE', #3478, #10734, #6681 ) ;
#9086 = CARTESIAN_POINT ( 'NONE',  ( -46.50970724585613425, 38.17154845813800534, -3.000000000000000000 ) ) ;
#9087 = FACE_OUTER_BOUND ( 'NONE', #2891, .T. ) ;
#9088 = CARTESIAN_POINT ( 'NONE',  ( 31.45303159473050059, 67.47990024732152392, 20.47255601221934995 ) ) ;
#9089 = ORIENTED_EDGE ( 'NONE', *, *, #5369, .F. ) ;
#9090 = EDGE_CURVE ( 'NONE', #3362, #6455, #7150, .T. ) ;
#9091 = ORIENTED_EDGE ( 'NONE', *, *, #10686, .T. ) ;
#9092 = AXIS2_PLACEMENT_3D ( 'NONE', #8034, #8858, #516 ) ;
#9093 = FACE_OUTER_BOUND ( 'NONE', #9911, .T. ) ;
#9094 = CARTESIAN_POINT ( 'NONE',  ( 23.74359869811030777, 90.87091248766485307, -16.63467579065409296 ) ) ;
#9095 = ORIENTED_EDGE ( 'NONE', *, *, #5846, .F. ) ;
#9096 = CARTESIAN_POINT ( 'NONE',  ( 20.06876317753306793, -83.40283338336762142, 32.11763093304573857 ) ) ;
#9098 = DIRECTION ( 'NONE',  ( 1.000000000000000000, 0.000000000000000000, 0.000000000000000000 ) ) ;
#9097 = CIRCLE ( 'NONE', #9422, 2.500000000000002220 ) ;
#9099 = CARTESIAN_POINT ( 'NONE',  ( 0.000000000000000000, 0.000000000000000000, -3.000000000000000000 ) ) ;
#9100 = ORIENTED_EDGE ( 'NONE', *, *, #6239, .T. ) ;
#9101 = ORIENTED_EDGE ( 'NONE', *, *, #1714, .T. ) ;
#9102 = CARTESIAN_POINT ( 'NONE',  ( -73.05993767427284524, 43.39728078024830182, 30.75820396230606590 ) ) ;
#9103 = DIRECTION ( 'NONE',  ( 0.000000000000000000, 1.000000000000000000, 0.000000000000000000 ) ) ;
#9104 = DIRECTION ( 'NONE',  ( -1.000000000000000000, 0.000000000000000000, 0.000000000000000000 ) ) ;
#9105 = LINE ( 'NONE', #9214, #10778 ) ;
#9106 = CARTESIAN_POINT ( 'NONE',  ( 0.000000000000000000, 0.000000000000000000, 17.00000000000000000 ) ) ;
#9107 = CARTESIAN_POINT ( 'NONE',  ( -73.07850523094641915, 45.01766350649586457, -18.20313577063824440 ) ) ;
#9108 = VERTEX_POINT ( 'NONE', #7016 ) ;
#9109 = EDGE_CURVE ( 'NONE', #9929, #3915, #8727, .T. ) ;
#9110 = CARTESIAN_POINT ( 'NONE',  ( -16.27982722542986238, -3.481030249449610814, -3.000000000000000000 ) ) ;
#9111 = CARTESIAN_POINT ( 'NONE',  ( 76.93214077360309489, -8.745861517079600134, 22.32620741699201972 ) ) ;
#9112 = EDGE_CURVE ( 'NONE', #6433, #3598, #7676, .T. ) ;
#9113 = VERTEX_POINT ( 'NONE', #1911 ) ;
#9114 = ADVANCED_FACE ( 'NONE', ( #9384 ), #426, .T. ) ;
#9115 = DIRECTION ( 'NONE',  ( 0.7439559807600396590, -0.6682286275604836234, 0.000000000000000000 ) ) ;
#9116 = CARTESIAN_POINT ( 'NONE',  ( 0.000000000000000000, 0.000000000000000000, -16.00000000000000000 ) ) ;
#9117 = CARTESIAN_POINT ( 'NONE',  ( -21.45186988444691067, -89.38152182545850621, -3.000000000000000000 ) ) ;
#9118 = CARTESIAN_POINT ( 'NONE',  ( 4.351385440520345149, 50.84747089786796437, 16.99999999999998579 ) ) ;
#9119 = CARTESIAN_POINT ( 'NONE',  ( 11.12455864745016498, -12.38525498271512859, 17.00000000000000000 ) ) ;
#9120 = CIRCLE ( 'NONE', #4411, 2.499999999999999112 ) ;
#9121 = EDGE_CURVE ( 'NONE', #1450, #6009, #10296, .T. ) ;
#9122 = DIRECTION ( 'NONE',  ( 0.5010501812945508116, -0.8654182317380989531, 0.000000000000000000 ) ) ;
#9123 = ORIENTED_EDGE ( 'NONE', *, *, #5907, .F. ) ;
#9124 = CARTESIAN_POINT ( 'NONE',  ( 33.40773828059418094, 38.57878788838269912, 0.000000000000000000 ) ) ;
#9125 = ORIENTED_EDGE ( 'NONE', *, *, #8031, .T. ) ;
#9126 = B_SPLINE_SURFACE_WITH_KNOTS ( 'NONE', 2, 3, ( 
 ( #4453, #5319, #6241, #529 ),
 ( #9525, #7003, #9582, #1133 ),
 ( #3742, #10291, #5482, #2104 ) ),
 .UNSPECIFIED., .F., .F., .F.,
 ( 3, 3 ),
 ( 4, 4 ),
 ( 0.000000000000000000, 1.000000000000000000 ),
 ( 4.829737536127014508, 5.223358955360322575 ),
 .UNSPECIFIED. ) ;
#9127 = EDGE_CURVE ( 'NONE', #4880, #4214, #7853, .T. ) ;
#9128 = CARTESIAN_POINT ( 'NONE',  ( 85.07154246470832959, -7.441060428139854466, 31.44910535889296099 ) ) ;
#9129 = VECTOR ( 'NONE', #8988, 999.9999999999998863 ) ;
#9130 = LINE ( 'NONE', #9344, #5236 ) ;
#9131 = ORIENTED_EDGE ( 'NONE', *, *, #4384, .F. ) ;
#9132 = DIRECTION ( 'NONE',  ( -0.000000000000000000, -0.000000000000000000, -1.000000000000000000 ) ) ;
#9133 = CARTESIAN_POINT ( 'NONE',  ( 72.56107605579038022, -46.15846078176503653, -18.50000000005985612 ) ) ;
#9134 = LINE ( 'NONE', #902, #7098 ) ;
#9135 = EDGE_LOOP ( 'NONE', ( #10029, #3377, #6811, #5196, #2968, #1415, #5935, #225 ) ) ;
#9136 = CARTESIAN_POINT ( 'NONE',  ( -29.00274188531833985, -72.52261043002542351, -3.000000000012758683 ) ) ;
#9137 = CYLINDRICAL_SURFACE ( 'NONE', #7759, 2.499999999999998668 ) ;
#9138 = DIRECTION ( 'NONE',  ( 0.000000000000000000, -1.000000000000000000, 2.775557561562888984E-15 ) ) ;
#9139 = CARTESIAN_POINT ( 'NONE',  ( -73.08853718130738741, -59.11062284138656509, 17.00000000000000000 ) ) ;
#9140 = VERTEX_POINT ( 'NONE', #8561 ) ;
#9141 = ORIENTED_EDGE ( 'NONE', *, *, #4630, .T. ) ;
#9142 = DIRECTION ( 'NONE',  ( -0.000000000000000000, 0.000000000000000000, 1.000000000000000000 ) ) ;
#9143 = LINE ( 'NONE', #5909, #496 ) ;
#9144 = ORIENTED_EDGE ( 'NONE', *, *, #9485, .F. ) ;
#9145 = DIRECTION ( 'NONE',  ( -1.000000000000000000, 0.000000000000000000, 0.000000000000000000 ) ) ;
#9146 = CARTESIAN_POINT ( 'NONE',  ( 0.000000000000000000, 0.000000000000000000, 32.50000000000000000 ) ) ;
#9147 = CARTESIAN_POINT ( 'NONE',  ( 78.37788641306556769, -48.02234986748094059, -3.000000000000000000 ) ) ;
#9148 = DIRECTION ( 'NONE',  ( 0.7439559807600391039, 0.6682286275604842896, 0.000000000000000000 ) ) ;
#9149 = ORIENTED_EDGE ( 'NONE', *, *, #7384, .F. ) ;
#9150 = CARTESIAN_POINT ( 'NONE',  ( -65.53910030421417332, -55.84146909394520009, -18.12072116728159088 ) ) ;
#9151 = DIRECTION ( 'NONE',  ( -0.000000000000000000, -0.000000000000000000, 1.000000000000000000 ) ) ;
#9152 = CARTESIAN_POINT ( 'NONE',  ( 0.000000000000000000, 0.000000000000000000, 17.00000000000000000 ) ) ;
#9153 = CARTESIAN_POINT ( 'NONE',  ( -23.73696534790352786, 88.36745145172190519, 14.00000000000000000 ) ) ;
#9154 = CARTESIAN_POINT ( 'NONE',  ( 26.36704873968084684, -43.69414826633878590, 14.00000000000000000 ) ) ;
#9155 = CARTESIAN_POINT ( 'NONE',  ( -73.19412215331104221, 44.40009685088832470, -17.81104402677289400 ) ) ;
#9156 = EDGE_CURVE ( 'NONE', #2380, #1406, #6274, .T. ) ;
#9157 = ORIENTED_EDGE ( 'NONE', *, *, #3632, .T. ) ;
#9158 = EDGE_CURVE ( 'NONE', #3452, #4880, #267, .T. ) ;
#9159 = AXIS2_PLACEMENT_3D ( 'NONE', #2075, #6202, #441 ) ;
#9160 = VECTOR ( 'NONE', #7797, 1000.000000000000000 ) ;
#9161 = DIRECTION ( 'NONE',  ( -1.000000000000000000, 0.000000000000000000, 0.000000000000000000 ) ) ;
#9162 = CARTESIAN_POINT ( 'NONE',  ( -47.01416648434901191, -19.85114610654549594, 14.00000000000000000 ) ) ;
#9163 = ORIENTED_EDGE ( 'NONE', *, *, #4039, .F. ) ;
#9164 = CARTESIAN_POINT ( 'NONE',  ( 91.37756621894718023, -4.731848676989293345, 17.00000000000000000 ) ) ;
#9165 = CARTESIAN_POINT ( 'NONE',  ( -93.87422103367251225, -4.861134159967137158, -16.00000000000000000 ) ) ;
#9166 = CIRCLE ( 'NONE', #10730, 90.00000000000001421 ) ;
#9167 = CARTESIAN_POINT ( 'NONE',  ( 33.02592133450380629, -79.05884139349555539, 31.93353923880063761 ) ) ;
#9168 = CARTESIAN_POINT ( 'NONE',  ( 63.52532897708287862, 56.01596558355880262, -16.30948754351467755 ) ) ;
#9169 = LINE ( 'NONE', #6698, #4667 ) ;
#9170 = EDGE_CURVE ( 'NONE', #7845, #3062, #2831, .T. ) ;
#9171 = EDGE_CURVE ( 'NONE', #10777, #1574, #10125, .T. ) ;
#9172 = CARTESIAN_POINT ( 'NONE',  ( 0.000000000000000000, 0.000000000000000000, 30.00000000000000000 ) ) ;
#9173 = ORIENTED_EDGE ( 'NONE', *, *, #2664, .F. ) ;
#9174 = VECTOR ( 'NONE', #5331, 1000.000000000000000 ) ;
#9175 = CARTESIAN_POINT ( 'NONE',  ( 11.12455864745020584, -12.38525498271514280, -3.000000000000000000 ) ) ;
#9176 = ORIENTED_EDGE ( 'NONE', *, *, #8449, .F. ) ;
#9177 = LINE ( 'NONE', #5993, #5152 ) ;
#9178 = EDGE_CURVE ( 'NONE', #7189, #2924, #6961, .T. ) ;
#9179 = EDGE_CURVE ( 'NONE', #5312, #3038, #7944, .T. ) ;
#9180 = LINE ( 'NONE', #4327, #1438 ) ;
#9181 = EDGE_LOOP ( 'NONE', ( #630, #1797, #893, #908 ) ) ;
#9182 = CARTESIAN_POINT ( 'NONE',  ( 4.351385440520341596, 50.84747089786795726, 14.00000000000000000 ) ) ;
#9183 = CARTESIAN_POINT ( 'NONE',  ( 55.12700534852010747, -51.15356653628897732, 20.90428872912774239 ) ) ;
#9184 = CARTESIAN_POINT ( 'NONE',  ( 17.39769469341660013, 80.24588629461712230, -12.47787467759421531 ) ) ;
#9185 = VECTOR ( 'NONE', #10344, 1000.000000000000000 ) ;
#9186 = ADVANCED_FACE ( 'NONE', ( #10570 ), #483, .F. ) ;
#9187 = EDGE_CURVE ( 'NONE', #635, #5809, #6524, .T. ) ;
#9188 = AXIS2_PLACEMENT_3D ( 'NONE', #5071, #885, #6694 ) ;
#9189 = ORIENTED_EDGE ( 'NONE', *, *, #5308, .T. ) ;
#9190 = DIRECTION ( 'NONE',  ( -1.000000000000000000, 0.000000000000000000, 0.000000000000000000 ) ) ;
#9191 = DIRECTION ( 'NONE',  ( -0.000000000000000000, 0.000000000000000000, 1.000000000000000000 ) ) ;
#9192 = AXIS2_PLACEMENT_3D ( 'NONE', #6203, #1264, #6925 ) ;
#9193 = CARTESIAN_POINT ( 'NONE',  ( 32.73747638465003007, -85.44300813972132858, -16.00000000000000000 ) ) ;
#9194 = CARTESIAN_POINT ( 'NONE',  ( -21.47669927728986750, 83.27343302804213465, 32.49999999998301092 ) ) ;
#9195 = AXIS2_PLACEMENT_3D ( 'NONE', #5297, #8626, #4089 ) ;
#9196 = ORIENTED_EDGE ( 'NONE', *, *, #4783, .T. ) ;
#9197 = EDGE_CURVE ( 'NONE', #8713, #943, #1357, .T. ) ;
#9198 = ORIENTED_EDGE ( 'NONE', *, *, #3961, .T. ) ;
#9199 = DIRECTION ( 'NONE',  ( -1.000000000000000000, 5.551115123125785858E-15, 0.000000000000000000 ) ) ;
#9200 = CARTESIAN_POINT ( 'NONE',  ( 73.08853718130738741, -59.11062284138657219, -16.00000000000000000 ) ) ;
#9201 = CIRCLE ( 'NONE', #2416, 91.50000000000001421 ) ;
#9202 = ORIENTED_EDGE ( 'NONE', *, *, #5756, .F. ) ;
#9203 = DIRECTION ( 'NONE',  ( -0.000000000000000000, -0.000000000000000000, 1.000000000000000000 ) ) ;
#9204 = DIRECTION ( 'NONE',  ( -0.6288364132062405076, -0.7775376295883759115, -2.158100447203701498E-15 ) ) ;
#9205 = DIRECTION ( 'NONE',  ( -1.000000000000000000, 0.000000000000000000, 0.000000000000000000 ) ) ;
#9206 = AXIS2_PLACEMENT_3D ( 'NONE', #6471, #5662, #4790 ) ;
#9207 = FACE_OUTER_BOUND ( 'NONE', #3729, .T. ) ;
#9208 = ORIENTED_EDGE ( 'NONE', *, *, #3178, .T. ) ;
#9209 = AXIS2_PLACEMENT_3D ( 'NONE', #4418, #9388, #8614 ) ;
#9210 = VECTOR ( 'NONE', #7409, 1000.000000000000000 ) ;
#9211 = CARTESIAN_POINT ( 'NONE',  ( 62.07565424153376199, 55.17661765759966386, -13.81128689715178659 ) ) ;
#9212 = DIRECTION ( 'NONE',  ( -1.000000000000000000, 0.000000000000000000, -0.000000000000000000 ) ) ;
#9213 = CARTESIAN_POINT ( 'NONE',  ( 47.01416648434901191, -19.85114610654549594, -3.000000000000000000 ) ) ;
#9214 = CARTESIAN_POINT ( 'NONE',  ( 78.37788641306558191, 48.02234986748092638, 17.00000000000000000 ) ) ;
#9215 = DIRECTION ( 'NONE',  ( -0.7775376295883806854, -0.6288364132062342904, 0.000000000000000000 ) ) ;
#9216 = AXIS2_PLACEMENT_3D ( 'NONE', #3036, #7223, #8102 ) ;
#9217 = DIRECTION ( 'NONE',  ( 1.000000000000000000, 0.000000000000000000, 0.000000000000000000 ) ) ;
#9218 = ORIENTED_EDGE ( 'NONE', *, *, #2007, .F. ) ;
#9219 = B_SPLINE_SURFACE_WITH_KNOTS ( 'NONE', 2, 3, ( 
 ( #7312, #3936, #9069, #2298 ),
 ( #4802, #4917, #4047, #9008 ),
 ( #5620, #3063, #1379, #1486 ) ),
 .UNSPECIFIED., .F., .F., .F.,
 ( 3, 3 ),
 ( 4, 4 ),
 ( 0.000000000000000000, 1.000000000000000000 ),
 ( 4.221399824364774567, 4.575059605686646158 ),
 .UNSPECIFIED. ) ;
#9220 = AXIS2_PLACEMENT_3D ( 'NONE', #10204, #9338, #10312 ) ;
#9221 = AXIS2_PLACEMENT_3D ( 'NONE', #3922, #8777, #4574 ) ;
#9222 = LINE ( 'NONE', #9980, #8326 ) ;
#9223 = CARTESIAN_POINT ( 'NONE',  ( -60.01076110213066528, -49.99396575986516211, 17.00000000000000000 ) ) ;
#9224 = ORIENTED_EDGE ( 'NONE', *, *, #7711, .T. ) ;
#9225 = LINE ( 'NONE', #109, #9839 ) ;
#9226 = EDGE_CURVE ( 'NONE', #7991, #7736, #5537, .T. ) ;
#9227 = AXIS2_PLACEMENT_3D ( 'NONE', #6826, #2701, #7546 ) ;
#9228 = CIRCLE ( 'NONE', #5383, 2.500000000000000888 ) ;
#9229 = CYLINDRICAL_SURFACE ( 'NONE', #5075, 51.03332099679091982 ) ;
#9230 = CARTESIAN_POINT ( 'NONE',  ( 14.40124214467416053, -73.49371178786741154, -6.721643688649394655 ) ) ;
#9231 = CARTESIAN_POINT ( 'NONE',  ( 20.65978700115068278, -87.59665062699077964, 17.00000000000000000 ) ) ;
#9232 = DIRECTION ( 'NONE',  ( 0.9946479639414453899, -0.1033219619787455329, 0.000000000000000000 ) ) ;
#9233 = ORIENTED_EDGE ( 'NONE', *, *, #5750, .F. ) ;
#9234 = SPHERICAL_SURFACE ( 'NONE', #9734, 2.500000000000000000 ) ;
#9235 = ORIENTED_EDGE ( 'NONE', *, *, #6157, .F. ) ;
#9236 = CIRCLE ( 'NONE', #8186, 2.500000000000002220 ) ;
#9237 = DIRECTION ( 'NONE',  ( -0.8654182317380988421, 0.5010501812945507005, 0.000000000000000000 ) ) ;
#9238 = ORIENTED_EDGE ( 'NONE', *, *, #5616, .F. ) ;
#9239 = CARTESIAN_POINT ( 'NONE',  ( -76.70731484416432977, 49.88223981938108409, 30.00000000000000355 ) ) ;
#9240 = CARTESIAN_POINT ( 'NONE',  ( 89.69359066795173874, 7.420228641350716359, -3.000000000000000000 ) ) ;
#9241 = ORIENTED_EDGE ( 'NONE', *, *, #7830, .T. ) ;
#9242 = CARTESIAN_POINT ( 'NONE',  ( -84.11181528007338670, 8.000029888356799290, -15.99988756943593415 ) ) ;
#9243 = CIRCLE ( 'NONE', #4529, 91.50000000000001421 ) ;
#9244 = CARTESIAN_POINT ( 'NONE',  ( -79.20731484416432977, 49.88223981938109119, 14.00000000000000000 ) ) ;
#9245 = CARTESIAN_POINT ( 'NONE',  ( -91.37756621894718023, -4.731848676989273805, 32.50000000000000000 ) ) ;
#9246 = ORIENTED_EDGE ( 'NONE', *, *, #10170, .T. ) ;
#9247 = DIRECTION ( 'NONE',  ( -0.9946479639414452789, 0.1033219619787458521, 0.000000000000000000 ) ) ;
#9248 = ADVANCED_FACE ( 'NONE', ( #650 ), #10597, .T. ) ;
#9249 = CARTESIAN_POINT ( 'NONE',  ( -23.73696534790347457, -88.36745145172191940, 14.00000000000000000 ) ) ;
#9250 = CARTESIAN_POINT ( 'NONE',  ( 32.73747638465002296, 85.44300813972130015, 17.00000000000000000 ) ) ;
#9251 = EDGE_LOOP ( 'NONE', ( #1451, #3999, #8070, #10650 ) ) ;
#9252 = EDGE_CURVE ( 'NONE', #10365, #8892, #2223, .T. ) ;
#9253 = EDGE_CURVE ( 'NONE', #9619, #9427, #603, .T. ) ;
#9254 = VERTEX_POINT ( 'NONE', #7180 ) ;
#9255 = DIRECTION ( 'NONE',  ( -0.7439559807600396590, 0.6682286275604836234, -0.000000000000000000 ) ) ;
#9256 = DIRECTION ( 'NONE',  ( 0.4056281494946326061, 0.9140381853826238245, -0.000000000000000000 ) ) ;
#9257 = AXIS2_PLACEMENT_3D ( 'NONE', #10411, #10197, #2939 ) ;
#9258 = ORIENTED_EDGE ( 'NONE', *, *, #10330, .F. ) ;
#9259 = CARTESIAN_POINT ( 'NONE',  ( -4.351385440520336267, -50.84747089786795726, 14.00000000000000000 ) ) ;
#9260 = ADVANCED_FACE ( 'NONE', ( #5551 ), #4736, .F. ) ;
#9261 = DIRECTION ( 'NONE',  ( -0.000000000000000000, -0.000000000000000000, 1.000000000000000000 ) ) ;
#9262 = CARTESIAN_POINT ( 'NONE',  ( -4.351385440520346926, 50.84747089786795016, -3.000000000000000000 ) ) ;
#9263 = CARTESIAN_POINT ( 'NONE',  ( 0.000000000000000000, 0.000000000000000000, 17.00000000000000000 ) ) ;
#9264 = ORIENTED_EDGE ( 'NONE', *, *, #9723, .F. ) ;
#9265 = VECTOR ( 'NONE', #9132, 1000.000000000000000 ) ;
#9266 = EDGE_CURVE ( 'NONE', #7887, #730, #6797, .T. ) ;
#9267 = CARTESIAN_POINT ( 'NONE',  ( -66.39428750872500018, -55.69270353232911930, -18.38263556168424273 ) ) ;
#9268 = DIRECTION ( 'NONE',  ( -1.000000000000000000, 0.000000000000000000, 0.000000000000000000 ) ) ;
#9269 = CARTESIAN_POINT ( 'NONE',  ( 0.000000000000000000, 0.000000000000000000, 14.00000000000000000 ) ) ;
#9270 = DIRECTION ( 'NONE',  ( -1.000000000000000000, 0.000000000000000000, 0.000000000000000000 ) ) ;
#9271 = LINE ( 'NONE', #3483, #1881 ) ;
#9272 = CARTESIAN_POINT ( 'NONE',  ( 64.45057801065860303, -56.02374239312253934, 31.44910535889083292 ) ) ;
#9273 = ORIENTED_EDGE ( 'NONE', *, *, #3704, .T. ) ;
#9274 = VECTOR ( 'NONE', #10272, 1000.000000000000000 ) ;
#9275 = DIRECTION ( 'NONE',  ( 0.000000000000000000, 0.000000000000000000, -1.000000000000000000 ) ) ;
#9276 = DIRECTION ( 'NONE',  ( -0.7439559807600398811, 0.6682286275604834014, 0.000000000000000000 ) ) ;
#9277 = ORIENTED_EDGE ( 'NONE', *, *, #8310, .F. ) ;
#9278 = DIRECTION ( 'NONE',  ( 0.9946479639414452789, -0.1033219619787473231, -7.169401321140645401E-17 ) ) ;
#9279 = CARTESIAN_POINT ( 'NONE',  ( 64.08113496560248734, 56.07879300957656454, 31.04595453367563351 ) ) ;
#9280 = CARTESIAN_POINT ( 'NONE',  ( -89.69359066795173874, 7.420228641350721688, 14.00000000000000000 ) ) ;
#9281 = CARTESIAN_POINT ( 'NONE',  ( -54.84936956027265609, -50.99282406873558671, 20.72164368866589612 ) ) ;
#9282 = DIRECTION ( 'NONE',  ( 1.000000000000000000, 0.000000000000000000, 0.000000000000000000 ) ) ;
#9283 = DIRECTION ( 'NONE',  ( -0.000000000000000000, -0.000000000000000000, -1.000000000000000000 ) ) ;
#9284 = ORIENTED_EDGE ( 'NONE', *, *, #1050, .F. ) ;
#9285 = ADVANCED_FACE ( 'NONE', ( #9050 ), #7613, .T. ) ;
#9286 = LINE ( 'NONE', #1812, #8711 ) ;
#9287 = VERTEX_POINT ( 'NONE', #2396 ) ;
#9288 = DIRECTION ( 'NONE',  ( 1.000000000000000000, 0.000000000000000000, -1.387778780781446464E-15 ) ) ;
#9289 = EDGE_LOOP ( 'NONE', ( #2495, #6848, #6608, #8955 ) ) ;
#9290 = FACE_OUTER_BOUND ( 'NONE', #3341, .T. ) ;
#9291 = DIRECTION ( 'NONE',  ( -0.000000000000000000, -0.000000000000000000, 1.000000000000000000 ) ) ;
#9292 = ORIENTED_EDGE ( 'NONE', *, *, #187, .T. ) ;
#9293 = DIRECTION ( 'NONE',  ( -0.8654182317380996192, -0.5010501812945494793, -0.000000000000000000 ) ) ;
#9294 = CARTESIAN_POINT ( 'NONE',  ( 73.16380456022515943, -43.73191698497751645, -17.18342693136600019 ) ) ;
#9295 = CARTESIAN_POINT ( 'NONE',  ( 0.000000000000000000, 0.000000000000000000, 32.50000000000000000 ) ) ;
#9296 = ORIENTED_EDGE ( 'NONE', *, *, #5176, .F. ) ;
#9297 = EDGE_CURVE ( 'NONE', #10708, #296, #8205, .T. ) ;
#9298 = CARTESIAN_POINT ( 'NONE',  ( -10.06882950245216790, -85.40853980984894633, -18.49999999999999645 ) ) ;
#9299 = CYLINDRICAL_SURFACE ( 'NONE', #2896, 2.499999999999998668 ) ;
#9300 = TOROIDAL_SURFACE ( 'NONE', #1462, 91.50000000000001421, 2.500000000000000000 ) ;
#9301 = DIRECTION ( 'NONE',  ( -1.000000000000000000, 0.000000000000000000, 0.000000000000000000 ) ) ;
#9302 = VECTOR ( 'NONE', #4362, 1000.000000000000000 ) ;
#9303 = ORIENTED_EDGE ( 'NONE', *, *, #3632, .F. ) ;
#9304 = ORIENTED_EDGE ( 'NONE', *, *, #8298, .T. ) ;
#9305 = EDGE_CURVE ( 'NONE', #8740, #4679, #2805, .T. ) ;
#9306 = CARTESIAN_POINT ( 'NONE',  ( -65.64060162835906453, -36.58159456656111530, -6.869770528463440940 ) ) ;
#9307 = EDGE_CURVE ( 'NONE', #4443, #4786, #7356, .T. ) ;
#9308 = EDGE_LOOP ( 'NONE', ( #7424, #8458, #1990, #10150, #3488, #3132, #5923 ) ) ;
#9309 = ADVANCED_FACE ( 'NONE', ( #9864 ), #2982, .T. ) ;
#9310 = CARTESIAN_POINT ( 'NONE',  ( 0.000000000000000000, 0.000000000000000000, -16.00000000000000000 ) ) ;
#9311 = CARTESIAN_POINT ( 'NONE',  ( 20.65978700115073252, 87.59665062699077964, 17.00000000000000000 ) ) ;
#9312 = DIRECTION ( 'NONE',  ( -0.000000000000000000, 0.000000000000000000, 1.000000000000000000 ) ) ;
#9313 = LINE ( 'NONE', #3783, #6495 ) ;
#9314 = VERTEX_POINT ( 'NONE', #8272 ) ;
#9315 = B_SPLINE_CURVE_WITH_KNOTS ( 'NONE', 3,
 ( #8787, #9553, #7083, #281, #3607, #6927, #1213, #9606, #9450, #7799, #1973, #2078, #6105, #5403 ),
 .UNSPECIFIED., .F., .F.,
 ( 4, 2, 2, 2, 2, 2, 4 ),
 ( 0.000000000000000000, 0.001101176268183276736, 0.001651764402274931475, 0.002202352536366593803, 0.002752940670458255915, 0.003303528804549918027, 0.004404705072733266537 ),
 .UNSPECIFIED. ) ;
#9316 = ADVANCED_FACE ( 'NONE', ( #152 ), #7457, .T. ) ;
#9317 = EDGE_CURVE ( 'NONE', #3129, #708, #362, .T. ) ;
#9318 = DIRECTION ( 'NONE',  ( -0.000000000000000000, 0.000000000000000000, 1.000000000000000000 ) ) ;
#9319 = CARTESIAN_POINT ( 'NONE',  ( 68.57354579219929747, -52.01359248203793584, -18.50000000011076651 ) ) ;
#9320 = CARTESIAN_POINT ( 'NONE',  ( -12.93165967081455925, -5.738759349502536189, 30.00000000000000355 ) ) ;
#9321 = FACE_OUTER_BOUND ( 'NONE', #694, .T. ) ;
#9322 = DIRECTION ( 'NONE',  ( -1.000000000000000000, 0.000000000000000000, 0.000000000000000000 ) ) ;
#9323 = LINE ( 'NONE', #9475, #2240 ) ;
#9324 = AXIS2_PLACEMENT_3D ( 'NONE', #723, #6594, #7361 ) ;
#9325 = ORIENTED_EDGE ( 'NONE', *, *, #2515, .F. ) ;
#9326 = ADVANCED_FACE ( 'NONE', ( #10793 ), #8694, .T. ) ;
#9327 = DIRECTION ( 'NONE',  ( -0.000000000000000000, 0.000000000000000000, 1.000000000000000000 ) ) ;
#9328 = AXIS2_PLACEMENT_3D ( 'NONE', #2818, #1235, #9468 ) ;
#9329 = CARTESIAN_POINT ( 'NONE',  ( 74.66599618808493233, -8.981263903845086105, 20.90428872915438063 ) ) ;
#9330 = ORIENTED_EDGE ( 'NONE', *, *, #3695, .T. ) ;
#9331 = DIRECTION ( 'NONE',  ( -0.000000000000000000, -0.000000000000000000, -1.000000000000000000 ) ) ;
#9332 = CARTESIAN_POINT ( 'NONE',  ( 64.98385533070278086, 55.84004323796511926, 31.93353923880556877 ) ) ;
#9333 = CYLINDRICAL_SURFACE ( 'NONE', #7768, 2.500000000000002220 ) ;
#9334 = DIRECTION ( 'NONE',  ( -1.000000000000000000, 0.000000000000000000, 1.387778780781446464E-15 ) ) ;
#9335 = CARTESIAN_POINT ( 'NONE',  ( -71.65264431177168092, 41.98167082788454252, 27.79952768905796034 ) ) ;
#9336 = CARTESIAN_POINT ( 'NONE',  ( 84.11181528009731778, -8.000029888353754615, -15.99988756943609935 ) ) ;
#9337 = ORIENTED_EDGE ( 'NONE', *, *, #5846, .T. ) ;
#9338 = DIRECTION ( 'NONE',  ( -0.9140381853826239356, -0.4056281494946326061, 0.000000000000000000 ) ) ;
#9339 = ORIENTED_EDGE ( 'NONE', *, *, #6271, .F. ) ;
#9340 = CARTESIAN_POINT ( 'NONE',  ( -31.91059361300661834, 79.84520685416705987, 32.47998818980919111 ) ) ;
#9341 = ORIENTED_EDGE ( 'NONE', *, *, #3704, .F. ) ;
#9342 = CARTESIAN_POINT ( 'NONE',  ( 32.20764057513855505, 80.53659821361675597, -18.50000000008927614 ) ) ;
#9343 = AXIS2_PLACEMENT_3D ( 'NONE', #8093, #2806, #6003 ) ;
#9344 = CARTESIAN_POINT ( 'NONE',  ( 20.65978700115067568, 87.59665062699079385, -3.000000000000000000 ) ) ;
#9345 = VERTEX_POINT ( 'NONE', #7978 ) ;
#9346 = CARTESIAN_POINT ( 'NONE',  ( -28.27582184929585551, -52.62095849500362732, -3.000000000000000000 ) ) ;
#9347 = PLANE ( 'NONE',  #4318 ) ;
#9348 = DIRECTION ( 'NONE',  ( -1.000000000000000000, 0.000000000000000000, 0.000000000000000000 ) ) ;
#9349 = AXIS2_PLACEMENT_3D ( 'NONE', #7130, #9483, #9697 ) ;
#9350 = ORIENTED_EDGE ( 'NONE', *, *, #856, .F. ) ;
#9351 = FACE_OUTER_BOUND ( 'NONE', #519, .T. ) ;
#9352 = CARTESIAN_POINT ( 'NONE',  ( -89.69359066795173874, -7.420228641350721688, 17.00000000000000000 ) ) ;
#9353 = CARTESIAN_POINT ( 'NONE',  ( 94.00000000000001421, 1.151167991198512286E-14, -16.00000000000000000 ) ) ;
#9354 = ORIENTED_EDGE ( 'NONE', *, *, #7671, .T. ) ;
#9355 = AXIS2_PLACEMENT_3D ( 'NONE', #2053, #8812, #2869 ) ;
#9356 = ORIENTED_EDGE ( 'NONE', *, *, #8588, .T. ) ;
#9357 = EDGE_CURVE ( 'NONE', #5284, #1378, #7770, .T. ) ;
#9358 = CARTESIAN_POINT ( 'NONE',  ( -47.01416648434901191, -19.85114610654547818, 14.00000000000000000 ) ) ;
#9359 = VECTOR ( 'NONE', #4427, 1000.000000000000000 ) ;
#9360 = ORIENTED_EDGE ( 'NONE', *, *, #5342, .T. ) ;
#9361 = LINE ( 'NONE', #10127, #10554 ) ;
#9362 = AXIS2_PLACEMENT_3D ( 'NONE', #6931, #8063, #2801 ) ;
#9363 = CARTESIAN_POINT ( 'NONE',  ( -60.11725487744831042, -3.989945426125538486, 17.00000000000000000 ) ) ;
#9364 = CARTESIAN_POINT ( 'NONE',  ( 85.79822000056063303, 5.675252157174547563, 32.47998818981005797 ) ) ;
#9365 = VECTOR ( 'NONE', #5228, 1000.000000000000114 ) ;
#9366 = ORIENTED_EDGE ( 'NONE', *, *, #4307, .F. ) ;
#9367 = CIRCLE ( 'NONE', #6389, 94.00000000000001421 ) ;
#9368 = CARTESIAN_POINT ( 'NONE',  ( 8.341399780305364331, 14.40733826189109479, 0.000000000000000000 ) ) ;
#9369 = DIRECTION ( 'NONE',  ( 1.000000000000000000, 0.000000000000000000, 0.000000000000000000 ) ) ;
#9370 = CARTESIAN_POINT ( 'NONE',  ( 15.19047032450062851, 58.21915141172607377, 17.00000000000000000 ) ) ;
#9371 = CARTESIAN_POINT ( 'NONE',  ( 0.000000000000000000, 0.000000000000000000, 16.99999999999998579 ) ) ;
#9372 = CARTESIAN_POINT ( 'NONE',  ( -63.73056936826802854, 56.07045257498089796, 30.60901105260477095 ) ) ;
#9373 = EDGE_LOOP ( 'NONE', ( #1901, #2095, #9464 ) ) ;
#9374 = VECTOR ( 'NONE', #764, 1000.000000000000114 ) ;
#9375 = DIRECTION ( 'NONE',  ( 1.000000000000000000, 0.000000000000000000, 0.000000000000000000 ) ) ;
#9376 = ADVANCED_FACE ( 'NONE', ( #4548 ), #3021, .T. ) ;
#9377 = AXIS2_PLACEMENT_3D ( 'NONE', #5170, #6640, #7467 ) ;
#9378 = CARTESIAN_POINT ( 'NONE',  ( 78.28036871071242331, -51.29517237655766593, -18.50000000000000000 ) ) ;
#9379 = ORIENTED_EDGE ( 'NONE', *, *, #8968, .F. ) ;
#9380 = DIRECTION ( 'NONE',  ( 0.1033219619787452276, 0.9946479639414453899, 0.000000000000000000 ) ) ;
#9381 = EDGE_CURVE ( 'NONE', #7106, #2097, #4599, .T. ) ;
#9382 = EDGE_CURVE ( 'NONE', #7390, #4759, #6104, .T. ) ;
#9383 = AXIS2_PLACEMENT_3D ( 'NONE', #8213, #4998, #8374 ) ;
#9384 = FACE_OUTER_BOUND ( 'NONE', #2156, .T. ) ;
#9385 = DIRECTION ( 'NONE',  ( 0.000000000000000000, -1.000000000000000000, -1.387778780781445676E-15 ) ) ;
#9386 = CARTESIAN_POINT ( 'NONE',  ( -31.54767028913445159, 67.92249955940158657, 20.72164368636156695 ) ) ;
#9387 = CARTESIAN_POINT ( 'NONE',  ( 65.81204892844726828, 55.28630718725578674, -18.41801905197171152 ) ) ;
#9388 = DIRECTION ( 'NONE',  ( -7.657722947273488629E-16, -1.177580171285057241E-15, 1.000000000000000000 ) ) ;
#9389 = AXIS2_PLACEMENT_3D ( 'NONE', #9597, #657, #2123 ) ;
#9390 = ORIENTED_EDGE ( 'NONE', *, *, #4053, .T. ) ;
#9391 = DIRECTION ( 'NONE',  ( -0.8654182317380996192, 0.5010501812945494793, 0.000000000000000000 ) ) ;
#9392 = ORIENTED_EDGE ( 'NONE', *, *, #7575, .T. ) ;
#9393 = EDGE_CURVE ( 'NONE', #8680, #1127, #3741, .T. ) ;
#9394 = CARTESIAN_POINT ( 'NONE',  ( -16.27982722542978777, 3.481030249449625913, -3.000000000000000000 ) ) ;
#9395 = EDGE_LOOP ( 'NONE', ( #176, #480, #7868, #8425 ) ) ;
#9396 = CARTESIAN_POINT ( 'NONE',  ( 71.14469310733643681, -57.53853180837096204, -16.00000000000000000 ) ) ;
#9397 = AXIS2_PLACEMENT_3D ( 'NONE', #1069, #6879, #3354 ) ;
#9398 = CARTESIAN_POINT ( 'NONE',  ( 4.351385440520345149, 50.84747089786795016, 17.00000000000000000 ) ) ;
#9399 = AXIS2_PLACEMENT_3D ( 'NONE', #7515, #50, #4032 ) ;
#9400 = EDGE_CURVE ( 'NONE', #3989, #8209, #4209, .T. ) ;
#9401 = CARTESIAN_POINT ( 'NONE',  ( 18.69650432620701963, 82.89462707596175051, 30.75820396230634302 ) ) ;
#9402 = ORIENTED_EDGE ( 'NONE', *, *, #3720, .T. ) ;
#9403 = CARTESIAN_POINT ( 'NONE',  ( -85.73210788429619811, 6.029640947277647989, -18.40430452063625566 ) ) ;
#9404 = CARTESIAN_POINT ( 'NONE',  ( -18.38368993616211000, -82.46718214790280399, -15.99987001606528025 ) ) ;
#9405 = CARTESIAN_POINT ( 'NONE',  ( -17.78505682157715029, 81.11876402056115865, -13.79952768905097038 ) ) ;
#9406 = AXIS2_PLACEMENT_3D ( 'NONE', #5010, #8329, #4195 ) ;
#9407 = ORIENTED_EDGE ( 'NONE', *, *, #7448, .T. ) ;
#9408 = CARTESIAN_POINT ( 'NONE',  ( 57.94609840742070617, -29.67031559299263321, -3.000000000000000444 ) ) ;
#9409 = DIRECTION ( 'NONE',  ( -0.000000000000000000, -0.000000000000000000, -1.000000000000000000 ) ) ;
#9410 = CARTESIAN_POINT ( 'NONE',  ( 0.000000000000000000, 0.000000000000000000, -18.50000000000000000 ) ) ;
#9411 = EDGE_LOOP ( 'NONE', ( #10120, #2315, #2201, #5059 ) ) ;
#9412 = AXIS2_PLACEMENT_3D ( 'NONE', #1384, #4805, #3888 ) ;
#9413 = EDGE_LOOP ( 'NONE', ( #8125, #3677, #10159, #3497, #4180, #1608, #1830, #5816 ) ) ;
#9414 = CARTESIAN_POINT ( 'NONE',  ( 73.13022715831563403, 44.86205981349456806, -18.13538959017489205 ) ) ;
#9415 = EDGE_LOOP ( 'NONE', ( #7926, #698, #2394, #996, #3721 ) ) ;
#9416 = VERTEX_POINT ( 'NONE', #5526 ) ;
#9417 = FACE_OUTER_BOUND ( 'NONE', #7716, .T. ) ;
#9418 = CARTESIAN_POINT ( 'NONE',  ( -55.68491015401482969, -51.47657602890946293, -7.279719104257103446 ) ) ;
#9419 = EDGE_CURVE ( 'NONE', #8209, #1848, #6980, .T. ) ;
#9420 = CARTESIAN_POINT ( 'NONE',  ( 84.21501108583854034, 7.989345811800411923, 30.15434426884658947 ) ) ;
#9421 = VERTEX_POINT ( 'NONE', #6790 ) ;
#9422 = AXIS2_PLACEMENT_3D ( 'NONE', #7484, #6763, #5836 ) ;
#9423 = FACE_OUTER_BOUND ( 'NONE', #7340, .T. ) ;
#9424 = DIRECTION ( 'NONE',  ( 0.8654182317380993972, -0.5010501812945499234, 0.000000000000000000 ) ) ;
#9425 = CARTESIAN_POINT ( 'NONE',  ( -78.37788641306558191, 48.02234986748091927, -16.00000000000000000 ) ) ;
#9426 = CARTESIAN_POINT ( 'NONE',  ( -32.73747638465003007, 85.44300813972131436, -16.00000000000000000 ) ) ;
#9427 = VERTEX_POINT ( 'NONE', #7154 ) ;
#9429 = CARTESIAN_POINT ( 'NONE',  ( 0.000000000000000000, 0.000000000000000000, -3.000000000000000000 ) ) ;
#9428 = AXIS2_PLACEMENT_3D ( 'NONE', #9116, #8285, #61 ) ;
#9430 = CARTESIAN_POINT ( 'NONE',  ( 21.45186988444695331, -89.38152182545847779, -3.000000000000000000 ) ) ;
#9431 = VERTEX_POINT ( 'NONE', #1395 ) ;
#9432 = CARTESIAN_POINT ( 'NONE',  ( 21.47669927730159500, -83.27343302808678516, -18.49999999999162625 ) ) ;
#9433 = DIRECTION ( 'NONE',  ( 0.7439559807600383268, 0.6682286275604850667, 0.000000000000000000 ) ) ;
#9434 = LINE ( 'NONE', #7577, #9690 ) ;
#9435 = CARTESIAN_POINT ( 'NONE',  ( 0.000000000000000000, 0.000000000000000000, 32.50000000000000000 ) ) ;
#9436 = DIRECTION ( 'NONE',  ( -0.9140381853826239356, -0.4056281494946324395, 0.000000000000000000 ) ) ;
#9437 = AXIS2_PLACEMENT_3D ( 'NONE', #6818, #2694, #4380 ) ;
#9438 = EDGE_CURVE ( 'NONE', #466, #9830, #7686, .T. ) ;
#9439 = DIRECTION ( 'NONE',  ( -1.000000000000000000, 0.000000000000000000, 0.000000000000000000 ) ) ;
#9440 = ORIENTED_EDGE ( 'NONE', *, *, #323, .T. ) ;
#9441 = ADVANCED_FACE ( 'NONE', ( #2666 ), #10387, .T. ) ;
#9442 = CARTESIAN_POINT ( 'NONE',  ( 49.70347058474200708, -11.57431915030804248, 0.000000000000000000 ) ) ;
#9443 = ADVANCED_FACE ( 'NONE', ( #462 ), #5162, .F. ) ;
#9444 = EDGE_LOOP ( 'NONE', ( #8869, #10103, #8641, #8363 ) ) ;
#9445 = CARTESIAN_POINT ( 'NONE',  ( 78.11690890368930695, 35.96871617576461944, 32.50000000000000000 ) ) ;
#9446 = ORIENTED_EDGE ( 'NONE', *, *, #722, .T. ) ;
#9447 = CARTESIAN_POINT ( 'NONE',  ( 33.60027588698327605, 77.52301366307898434, 29.99987001606524117 ) ) ;
#9448 = AXIS2_PLACEMENT_3D ( 'NONE', #3827, #4861, #9067 ) ;
#9449 = DIRECTION ( 'NONE',  ( -0.6682286275604841785, -0.7439559807600389929, 0.000000000000000000 ) ) ;
#9450 = CARTESIAN_POINT ( 'NONE',  ( 33.01504269209954856, 79.05504703345040696, 31.92213809290701931 ) ) ;
#9451 = ORIENTED_EDGE ( 'NONE', *, *, #5677, .T. ) ;
#9452 = CARTESIAN_POINT ( 'NONE',  ( -76.70731484416437240, 49.88223981938102014, -16.00000000000000000 ) ) ;
#9453 = ADVANCED_FACE ( 'NONE', ( #5417 ), #6993, .T. ) ;
#9454 = CARTESIAN_POINT ( 'NONE',  ( 28.27747505162716379, 81.29040158658773407, 32.50000000005328360 ) ) ;
#9455 = CARTESIAN_POINT ( 'NONE',  ( 79.95094027961360439, -49.43528242465760059, 17.00000000000000000 ) ) ;
#9456 = ORIENTED_EDGE ( 'NONE', *, *, #1002, .F. ) ;
#9457 = DIRECTION ( 'NONE',  ( 1.000000000000000000, 0.000000000000000000, 0.000000000000000000 ) ) ;
#9458 = LINE ( 'NONE', #955, #1512 ) ;
#9459 = EDGE_CURVE ( 'NONE', #3331, #4735, #9790, .T. ) ;
#9460 = DIRECTION ( 'NONE',  ( -1.000000000000000000, 0.000000000000000000, 0.000000000000000000 ) ) ;
#9461 = ORIENTED_EDGE ( 'NONE', *, *, #9297, .T. ) ;
#9462 = ORIENTED_EDGE ( 'NONE', *, *, #9912, .T. ) ;
#9463 = CARTESIAN_POINT ( 'NONE',  ( -32.73747638465002296, -85.44300813972131436, 17.00000000000000000 ) ) ;
#9464 = ORIENTED_EDGE ( 'NONE', *, *, #3084, .F. ) ;
#9465 = VERTEX_POINT ( 'NONE', #10603 ) ;
#9466 = FACE_OUTER_BOUND ( 'NONE', #5522, .T. ) ;
#9467 = CARTESIAN_POINT ( 'NONE',  ( -33.63194295253668287, 87.77751655883938042, 14.00000000000000000 ) ) ;
#9468 = DIRECTION ( 'NONE',  ( 0.9140381853826239356, 0.4056281494946324395, 0.000000000000000000 ) ) ;
#9469 = VERTEX_POINT ( 'NONE', #5686 ) ;
#9470 = VECTOR ( 'NONE', #3476, 1000.000000000000000 ) ;
#9471 = CARTESIAN_POINT ( 'NONE',  ( 41.30779598911157535, 43.15267505868207110, -3.000000000000000000 ) ) ;
#9472 = DIRECTION ( 'NONE',  ( -0.000000000000000000, 0.000000000000000000, 1.000000000000000000 ) ) ;
#9473 = EDGE_CURVE ( 'NONE', #8539, #2474, #7428, .T. ) ;
#9474 = CARTESIAN_POINT ( 'NONE',  ( -72.86305595445948313, -43.06884771844352855, -16.22586115275306895 ) ) ;
#9475 = CARTESIAN_POINT ( 'NONE',  ( 34.77390060466381527, -83.01069712234058784, -3.000000000000000000 ) ) ;
#9476 = ORIENTED_EDGE ( 'NONE', *, *, #9912, .F. ) ;
#9477 = B_SPLINE_CURVE_WITH_KNOTS ( 'NONE', 3,
 ( #1715, #6049, #7486, #9403, #5894, #5997, #1929, #843, #1768, #10052, #8412, #233, #5036, #8529, #8359, #9242 ),
 .UNSPECIFIED., .F., .F.,
 ( 4, 2, 2, 2, 2, 2, 2, 4 ),
 ( 0.000000000000000000, 0.0005514947311292939637, 0.001102989462258587927, 0.002205978924517164146, 0.002757473655646451929, 0.003308968386775739713, 0.003860463117905027931, 0.004411957849034315281 ),
 .UNSPECIFIED. ) ;
#9478 = CARTESIAN_POINT ( 'NONE',  ( -69.89206765410007449, -59.70207738771622274, 17.00000000000000000 ) ) ;
#9479 = CARTESIAN_POINT ( 'NONE',  ( -73.08853718130738741, -59.11062284138656509, 14.00000000000000000 ) ) ;
#9480 = ORIENTED_EDGE ( 'NONE', *, *, #1373, .F. ) ;
#9481 = FACE_OUTER_BOUND ( 'NONE', #7740, .T. ) ;
#9482 = LINE ( 'NONE', #6967, #3678 ) ;
#9483 = DIRECTION ( 'NONE',  ( -0.000000000000000000, -0.000000000000000000, 1.000000000000000000 ) ) ;
#9484 = CARTESIAN_POINT ( 'NONE',  ( 0.000000000000000000, 0.000000000000000000, 32.50000000000000000 ) ) ;
#9485 = EDGE_CURVE ( 'NONE', #8209, #10260, #2477, .T. ) ;
#9486 = CARTESIAN_POINT ( 'NONE',  ( 65.25892592889030652, 55.67818655868127564, -18.11763093304496053 ) ) ;
#9487 = DIRECTION ( 'NONE',  ( 0.1033219619787452415, -0.9946479639414453899, 0.000000000000000000 ) ) ;
#9488 = ORIENTED_EDGE ( 'NONE', *, *, #4641, .T. ) ;
#9489 = PLANE ( 'NONE',  #9220 ) ;
#9490 = VERTEX_POINT ( 'NONE', #5739 ) ;
#9491 = DIRECTION ( 'NONE',  ( 0.000000000000000000, 0.000000000000000000, -1.000000000000000000 ) ) ;
#9492 = EDGE_LOOP ( 'NONE', ( #3866, #4301, #6671, #2812 ) ) ;
#9493 = CARTESIAN_POINT ( 'NONE',  ( 84.33978776313250592, -16.81666435622029354, -18.49999999999999289 ) ) ;
#9494 = CARTESIAN_POINT ( 'NONE',  ( -23.73696534790352430, -88.36745145172191940, 17.00000000000000000 ) ) ;
#9495 = CARTESIAN_POINT ( 'NONE',  ( 18.48047752598452220, 82.65083946465364306, 30.30701376012148529 ) ) ;
#9496 = EDGE_CURVE ( 'NONE', #1411, #2799, #6462, .T. ) ;
#9497 = ORIENTED_EDGE ( 'NONE', *, *, #4564, .T. ) ;
#9498 = LINE ( 'NONE', #7144, #910 ) ;
#9499 = CARTESIAN_POINT ( 'NONE',  ( -71.65851386786864907, 41.98694292128311645, -13.81128689714187985 ) ) ;
#9500 = DIRECTION ( 'NONE',  ( -0.6682286275604842896, -0.7439559807600391039, 0.000000000000000000 ) ) ;
#9501 = ORIENTED_EDGE ( 'NONE', *, *, #10151, .T. ) ;
#9502 = DIRECTION ( 'NONE',  ( 0.5010501812945545863, 0.8654182317380966216, 0.000000000000000000 ) ) ;
#9503 = FACE_OUTER_BOUND ( 'NONE', #1423, .T. ) ;
#9504 = CIRCLE ( 'NONE', #4277, 90.00000000000001421 ) ;
#9505 = CARTESIAN_POINT ( 'NONE',  ( -23.73696534790346746, 88.36745145172191940, 30.00000000000000355 ) ) ;
#9506 = EDGE_CURVE ( 'NONE', #10011, #7189, #8433, .T. ) ;
#9507 = CYLINDRICAL_SURFACE ( 'NONE', #4074, 2.500000000000002220 ) ;
#9508 = VERTEX_POINT ( 'NONE', #8301 ) ;
#9509 = EDGE_CURVE ( 'NONE', #3394, #10195, #5421, .T. ) ;
#9510 = ORIENTED_EDGE ( 'NONE', *, *, #5192, .T. ) ;
#9511 = CARTESIAN_POINT ( 'NONE',  ( 73.01999828895050371, 43.28465055684612395, 30.60901105260202471 ) ) ;
#9512 = EDGE_CURVE ( 'NONE', #1188, #4385, #5582, .T. ) ;
#9513 = CYLINDRICAL_SURFACE ( 'NONE', #2910, 2.500000000000002220 ) ;
#9514 = AXIS2_PLACEMENT_3D ( 'NONE', #6696, #5618, #10644 ) ;
#9515 = SHAPE_DEFINITION_REPRESENTATION ( #8066, #8003 ) ;
#9516 = ORIENTED_EDGE ( 'NONE', *, *, #8728, .F. ) ;
#9517 = ORIENTED_EDGE ( 'NONE', *, *, #4957, .T. ) ;
#9518 = DIRECTION ( 'NONE',  ( -1.000000000000000000, 0.000000000000000000, 0.000000000000000000 ) ) ;
#9519 = LINE ( 'NONE', #9467, #2602 ) ;
#9520 = DIRECTION ( 'NONE',  ( -0.9946479639414452789, -0.1033219619787473648, 0.000000000000000000 ) ) ;
#9521 = EDGE_CURVE ( 'NONE', #8589, #9670, #6609, .T. ) ;
#9522 = AXIS2_PLACEMENT_3D ( 'NONE', #1791, #8436, #9212 ) ;
#9523 = ORIENTED_EDGE ( 'NONE', *, *, #654, .T. ) ;
#9524 = EDGE_CURVE ( 'NONE', #3707, #10666, #7207, .T. ) ;
#9525 = CARTESIAN_POINT ( 'NONE',  ( 9.066906421276835104, -76.90975776729580105, 17.00000000000000000 ) ) ;
#9526 = CARTESIAN_POINT ( 'NONE',  ( 74.22174312553819675, 9.027411988093410500, 20.65163927870678151 ) ) ;
#9527 = FACE_OUTER_BOUND ( 'NONE', #5218, .T. ) ;
#9528 = DIRECTION ( 'NONE',  ( 1.000000000000000000, 0.000000000000000000, 0.000000000000000000 ) ) ;
#9529 = CIRCLE ( 'NONE', #3082, 2.500000000000002220 ) ;
#9530 = ORIENTED_EDGE ( 'NONE', *, *, #5738, .F. ) ;
#9531 = CARTESIAN_POINT ( 'NONE',  ( 77.93544135409122475, -5.172527561050407563, 17.00000000000000000 ) ) ;
#9532 = CARTESIAN_POINT ( 'NONE',  ( -76.70731484416432977, -49.88223981938107698, -16.00000000000000000 ) ) ;
#9533 = ORIENTED_EDGE ( 'NONE', *, *, #5903, .F. ) ;
#9534 = CARTESIAN_POINT ( 'NONE',  ( -16.27982722542985528, 3.481030249449609482, 32.50000000000000000 ) ) ;
#9535 = VECTOR ( 'NONE', #7673, 1000.000000000000000 ) ;
#9536 = DIRECTION ( 'NONE',  ( 0.4056281494946326616, 0.9140381853826240466, 0.000000000000000000 ) ) ;
#9537 = CARTESIAN_POINT ( 'NONE',  ( 1.720086775986162220, 16.55873327191746824, 17.00000000000000000 ) ) ;
#9538 = DIRECTION ( 'NONE',  ( -0.000000000000000000, -0.000000000000000000, -1.000000000000000000 ) ) ;
#9539 = CARTESIAN_POINT ( 'NONE',  ( 76.92514010090735610, -46.71747874677931378, -3.000000000000000000 ) ) ;
#9540 = AXIS2_PLACEMENT_3D ( 'NONE', #6356, #9811, #8886 ) ;
#9541 = FACE_OUTER_BOUND ( 'NONE', #2155, .T. ) ;
#9542 = ORIENTED_EDGE ( 'NONE', *, *, #5175, .T. ) ;
#9543 = CIRCLE ( 'NONE', #4840, 51.03332099679091982 ) ;
#9544 = CARTESIAN_POINT ( 'NONE',  ( 0.000000000000000000, 0.000000000000000000, -3.000000000000000000 ) ) ;
#9545 = ORIENTED_EDGE ( 'NONE', *, *, #1467, .F. ) ;
#9546 = CARTESIAN_POINT ( 'NONE',  ( -31.73797556925388008, -68.81250535033680649, -7.245558843471316735 ) ) ;
#9547 = ORIENTED_EDGE ( 'NONE', *, *, #1095, .T. ) ;
#9548 = CARTESIAN_POINT ( 'NONE',  ( -32.37919180327349977, -79.57726682919667383, -18.34770930448260984 ) ) ;
#9549 = EDGE_CURVE ( 'NONE', #4117, #9963, #1947, .T. ) ;
#9550 = VECTOR ( 'NONE', #4183, 1000.000000000000000 ) ;
#9551 = CARTESIAN_POINT ( 'NONE',  ( 84.11182357185568037, -7.999832654576755964, 29.99987001606404391 ) ) ;
#9552 = CIRCLE ( 'NONE', #2231, 2.500000000000002220 ) ;
#9553 = CARTESIAN_POINT ( 'NONE',  ( 33.64394285761181891, 77.72606339499894545, 30.30948754351152985 ) ) ;
#9554 = CARTESIAN_POINT ( 'NONE',  ( 66.32191054007880382, 54.74593539653761809, -18.50000000001331557 ) ) ;
#9555 = VERTEX_POINT ( 'NONE', #3949 ) ;
#9556 = CARTESIAN_POINT ( 'NONE',  ( -14.00000000000000000, 0.000000000000000000, 14.00000000000000000 ) ) ;
#9557 = CARTESIAN_POINT ( 'NONE',  ( -40.52922369190289231, 43.88485168617526710, -3.000000000000002665 ) ) ;
#9558 = ORIENTED_EDGE ( 'NONE', *, *, #4122, .F. ) ;
#9559 = DIRECTION ( 'NONE',  ( -0.000000000000000000, -0.000000000000000000, -1.000000000000000000 ) ) ;
#9560 =( GEOMETRIC_REPRESENTATION_CONTEXT ( 3 ) GLOBAL_UNCERTAINTY_ASSIGNED_CONTEXT ( ( #3073 ) ) GLOBAL_UNIT_ASSIGNED_CONTEXT ( ( #6039, #7896, #1864 ) ) REPRESENTATION_CONTEXT ( 'NONE', 'WORKASPACE' ) );
#9561 = FACE_OUTER_BOUND ( 'NONE', #9884, .T. ) ;
#9562 = CIRCLE ( 'NONE', #4860, 2.500000000000002220 ) ;
#9563 = CARTESIAN_POINT ( 'NONE',  ( -78.80314311859510212, 51.24514254668652313, -16.00000000000000000 ) ) ;
#9564 = DIRECTION ( 'NONE',  ( -5.551115123125777969E-15, -1.000000000000000000, -1.387778780781444492E-15 ) ) ;
#9565 = VERTEX_POINT ( 'NONE', #1501 ) ;
#9566 = ORIENTED_EDGE ( 'NONE', *, *, #2857, .F. ) ;
#9567 = AXIS2_PLACEMENT_3D ( 'NONE', #4014, #3196, #10551 ) ;
#9568 = CARTESIAN_POINT ( 'NONE',  ( 72.75007835267039979, 42.96768886925866582, 29.99987001606395509 ) ) ;
#9569 = VECTOR ( 'NONE', #8006, 1000.000000000000000 ) ;
#9570 = FACE_OUTER_BOUND ( 'NONE', #495, .T. ) ;
#9571 = EDGE_LOOP ( 'NONE', ( #9968, #6258, #2725, #10462 ) ) ;
#9572 = EDGE_CURVE ( 'NONE', #8653, #9736, #10764, .T. ) ;
#9573 = ORIENTED_EDGE ( 'NONE', *, *, #2216, .T. ) ;
#9574 = DIRECTION ( 'NONE',  ( -1.000000000000000000, 0.000000000000000000, 0.000000000000000000 ) ) ;
#9575 = LINE ( 'NONE', #7928, #6759 ) ;
#9576 = EDGE_CURVE ( 'NONE', #1343, #6652, #207, .T. ) ;
#9577 = EDGE_CURVE ( 'NONE', #8976, #2356, #5790, .T. ) ;
#9578 = CARTESIAN_POINT ( 'NONE',  ( 85.73210788433561902, 6.029640947277990826, 32.40430452063495892 ) ) ;
#9579 = AXIS2_PLACEMENT_3D ( 'NONE', #238, #2139, #9457 ) ;
#9580 = ORIENTED_EDGE ( 'NONE', *, *, #9572, .T. ) ;
#9581 = B_SPLINE_CURVE_WITH_KNOTS ( 'NONE', 3,
 ( #3532, #313, #9372, #2000, #5322, #8651, #1187, #4509, #3090, #4613, #475, #8815, #9637, #2056 ),
 .UNSPECIFIED., .F., .F.,
 ( 4, 2, 2, 2, 2, 2, 4 ),
 ( 0.000000000000000000, 0.001101176268177721500, 0.001651764402266582251, 0.002202352536355435195, 0.002752940670444288356, 0.003303528804533141950, 0.004404705072710825287 ),
 .UNSPECIFIED. ) ;
#9582 = CARTESIAN_POINT ( 'NONE',  ( 29.00274188532156927, -72.52261042999499807, 17.00000000000000000 ) ) ;
#9583 = CARTESIAN_POINT ( 'NONE',  ( -78.37788641306556769, -48.02234986748098322, -3.000000000000000000 ) ) ;
#9584 = CARTESIAN_POINT ( 'NONE',  ( -73.09858968349635688, -43.48140600854953419, -16.88030481717227715 ) ) ;
#9585 = EDGE_CURVE ( 'NONE', #3600, #296, #9948, .T. ) ;
#9586 = CARTESIAN_POINT ( 'NONE',  ( -69.89206765410000344, -59.70207738771625117, -3.000000000000000000 ) ) ;
#9587 = VERTEX_POINT ( 'NONE', #10661 ) ;
#9588 = CARTESIAN_POINT ( 'NONE',  ( 0.000000000000000000, 0.000000000000000000, -3.000000000000000000 ) ) ;
#9589 = ADVANCED_FACE ( 'NONE', ( #1448 ), #8156, .T. ) ;
#9590 = CARTESIAN_POINT ( 'NONE',  ( 29.21275527316160492, 52.10674725922038419, 17.00000000000000000 ) ) ;
#9591 = ORIENTED_EDGE ( 'NONE', *, *, #1315, .F. ) ;
#9592 = ORIENTED_EDGE ( 'NONE', *, *, #2007, .T. ) ;
#9593 = DIRECTION ( 'NONE',  ( -0.000000000000000000, 0.000000000000000000, 1.000000000000000000 ) ) ;
#9594 = CARTESIAN_POINT ( 'NONE',  ( -69.89206765410006028, 59.70207738771623696, -3.000000000000000000 ) ) ;
#9595 = DIRECTION ( 'NONE',  ( 1.000000000000000000, -8.326672684688666165E-15, 0.000000000000000000 ) ) ;
#9596 = LINE ( 'NONE', #430, #3981 ) ;
#9597 = CARTESIAN_POINT ( 'NONE',  ( -76.70731484416437240, 49.88223981938102014, -16.00000000000000000 ) ) ;
#9598 = ORIENTED_EDGE ( 'NONE', *, *, #4725, .T. ) ;
#9599 = CARTESIAN_POINT ( 'NONE',  ( -73.17681697432516330, -43.82912915065904969, -17.28567951663114499 ) ) ;
#9600 = ORIENTED_EDGE ( 'NONE', *, *, #4062, .F. ) ;
#9601 = CARTESIAN_POINT ( 'NONE',  ( 73.39475327385244441, 46.22430048275607106, 32.50000000000000000 ) ) ;
#9602 = ORIENTED_EDGE ( 'NONE', *, *, #6445, .T. ) ;
#9603 = CARTESIAN_POINT ( 'NONE',  ( -31.57188114324586792, -79.99330960275527502, -18.50000000000371614 ) ) ;
#9604 = LINE ( 'NONE', #2895, #9359 ) ;
#9605 = CIRCLE ( 'NONE', #1613, 94.00000000000001421 ) ;
#9606 = CARTESIAN_POINT ( 'NONE',  ( 33.11756658107767493, 78.94285846048427402, 31.81104402677256004 ) ) ;
#9607 = DIRECTION ( 'NONE',  ( -1.000000000000000000, 0.000000000000000000, 0.000000000000000000 ) ) ;
#9608 = ORIENTED_EDGE ( 'NONE', *, *, #252, .F. ) ;
#9609 = DIRECTION ( 'NONE',  ( 1.000000000000000000, 0.000000000000000000, 0.000000000000000000 ) ) ;
#9610 = CARTESIAN_POINT ( 'NONE',  ( 93.73899935459095900, 6.999999999999970690, 17.00000000000000000 ) ) ;
#9611 = EDGE_CURVE ( 'NONE', #5832, #6601, #2367, .T. ) ;
#9612 = ORIENTED_EDGE ( 'NONE', *, *, #6073, .T. ) ;
#9613 = PLANE ( 'NONE',  #9579 ) ;
#9614 = VECTOR ( 'NONE', #5633, 1000.000000000000000 ) ;
#9615 = CARTESIAN_POINT ( 'NONE',  ( -76.70731484416432977, 49.88223981938109119, 32.50000000000000000 ) ) ;
#9616 = CARTESIAN_POINT ( 'NONE',  ( -59.93450787380582057, 53.93696064971153703, -10.91900855182263719 ) ) ;
#9617 = DIRECTION ( 'NONE',  ( 1.000000000000000000, 0.000000000000000000, 0.000000000000000000 ) ) ;
#9618 = ORIENTED_EDGE ( 'NONE', *, *, #5677, .F. ) ;
#9619 = VERTEX_POINT ( 'NONE', #5247 ) ;
#9620 = DIRECTION ( 'NONE',  ( 0.000000000000000000, 1.000000000000000000, -0.000000000000000000 ) ) ;
#9621 = DIRECTION ( 'NONE',  ( -1.000000000000000000, 0.000000000000000000, 0.000000000000000000 ) ) ;
#9622 = EDGE_CURVE ( 'NONE', #3062, #767, #7336, .T. ) ;
#9623 = VERTEX_POINT ( 'NONE', #10161 ) ;
#9624 = ORIENTED_EDGE ( 'NONE', *, *, #8275, .F. ) ;
#9625 = CARTESIAN_POINT ( 'NONE',  ( 33.92211878787743018, 79.02714632922750582, -18.50000000000000000 ) ) ;
#9626 = DIRECTION ( 'NONE',  ( -0.000000000000000000, 0.000000000000000000, 1.000000000000000000 ) ) ;
#9627 = CARTESIAN_POINT ( 'NONE',  ( -64.29405371704599759, -10.05867971776968162, 17.00000000000000000 ) ) ;
#9628 = VERTEX_POINT ( 'NONE', #9182 ) ;
#9629 = EDGE_CURVE ( 'NONE', #3356, #7345, #9477, .T. ) ;
#9630 = VERTEX_POINT ( 'NONE', #3347 ) ;
#9631 = LINE ( 'NONE', #310, #1866 ) ;
#9632 = DIRECTION ( 'NONE',  ( 0.000000000000000000, 0.000000000000000000, -1.000000000000000000 ) ) ;
#9633 = EDGE_CURVE ( 'NONE', #10021, #1548, #5949, .T. ) ;
#9634 = EDGE_CURVE ( 'NONE', #5906, #5534, #1271, .T. ) ;
#9635 = CARTESIAN_POINT ( 'NONE',  ( 0.000000000000000000, 0.000000000000000000, -16.00000000000000000 ) ) ;
#9636 = AXIS2_PLACEMENT_3D ( 'NONE', #2291, #1426, #3878 ) ;
#9637 = CARTESIAN_POINT ( 'NONE',  ( -66.08211837011890566, 55.03371964954512663, 32.50009145627908680 ) ) ;
#9638 = ORIENTED_EDGE ( 'NONE', *, *, #385, .T. ) ;
#9639 = DIRECTION ( 'NONE',  ( 0.9946479639414453899, -0.1033219619787452276, 0.000000000000000000 ) ) ;
#9640 = LINE ( 'NONE', #8110, #10337 ) ;
#9641 = ORIENTED_EDGE ( 'NONE', *, *, #2310, .F. ) ;
#9642 = VERTEX_POINT ( 'NONE', #10002 ) ;
#9643 = EDGE_CURVE ( 'NONE', #1889, #8462, #2529, .T. ) ;
#9644 = AXIS2_PLACEMENT_3D ( 'NONE', #5273, #8504, #3644 ) ;
#9645 = CARTESIAN_POINT ( 'NONE',  ( 73.39475327410708871, -46.22430048268920899, 32.50000000002550848 ) ) ;
#9646 = DIRECTION ( 'NONE',  ( -1.000000000000000000, 0.000000000000000000, 0.000000000000000000 ) ) ;
#9647 = LINE ( 'NONE', #4682, #9569 ) ;
#9648 = EDGE_CURVE ( 'NONE', #7845, #6516, #3171, .T. ) ;
#9649 = CARTESIAN_POINT ( 'NONE',  ( 8.054202958870213536, -59.19136076224805976, 17.00000000000000000 ) ) ;
#9650 = EDGE_CURVE ( 'NONE', #10556, #131, #8916, .T. ) ;
#9651 = CARTESIAN_POINT ( 'NONE',  ( -34.38525843498074863, -82.25400791890446328, 31.04108136843364818 ) ) ;
#9652 = EDGE_LOOP ( 'NONE', ( #4674, #8012, #5904, #2585 ) ) ;
#9653 = CARTESIAN_POINT ( 'NONE',  ( -73.56706751225542007, -46.53191474904380698, -18.47072639828973095 ) ) ;
#9654 = VERTEX_POINT ( 'NONE', #6710 ) ;
#9655 = DIRECTION ( 'NONE',  ( 0.8654182317380993972, -0.5010501812945499234, 0.000000000000000000 ) ) ;
#9656 = ORIENTED_EDGE ( 'NONE', *, *, #10484, .T. ) ;
#9657 = CARTESIAN_POINT ( 'NONE',  ( 46.50970724613245011, 38.17154845784322248, 17.00000000000000000 ) ) ;
#9658 = CARTESIAN_POINT ( 'NONE',  ( 0.000000000000000000, 0.000000000000000000, -3.000000000000000000 ) ) ;
#9659 = LINE ( 'NONE', #3061, #8317 ) ;
#9660 = ORIENTED_EDGE ( 'NONE', *, *, #6613, .F. ) ;
#9661 = CARTESIAN_POINT ( 'NONE',  ( 85.83440617534431283, 5.307351189430723259, 32.49999999998622258 ) ) ;
#9662 = CARTESIAN_POINT ( 'NONE',  ( 93.87422103367251225, 4.861134159967140711, 17.00000000000000000 ) ) ;
#9663 = VERTEX_POINT ( 'NONE', #3453 ) ;
#9664 = CARTESIAN_POINT ( 'NONE',  ( -74.40821098240363085, 9.008042094909313846, 20.75628178948126745 ) ) ;
#9665 = FACE_OUTER_BOUND ( 'NONE', #3155, .T. ) ;
#9666 = CARTESIAN_POINT ( 'NONE',  ( -32.73747638465003718, 85.44300813972132858, -3.000000000000000888 ) ) ;
#9667 = DIRECTION ( 'NONE',  ( -1.000000000000000000, -5.551115123125785858E-15, 0.000000000000000000 ) ) ;
#9668 = AXIS2_PLACEMENT_3D ( 'NONE', #146, #2610, #4347 ) ;
#9669 = B_SPLINE_CURVE_WITH_KNOTS ( 'NONE', 3,
 ( #7481, #8407, #9340, #68, #2689, #6756, #5188, #2475, #9997, #1867, #3288, #121, #5991, #2579, #1761, #5785 ),
 .UNSPECIFIED., .F., .F.,
 ( 4, 2, 2, 2, 2, 2, 2, 4 ),
 ( 0.000000000000000000, 0.0005514947311256573328, 0.001102989462251314666, 0.002205978924502644944, 0.002757473655628304120, 0.003308968386753971102, 0.003860463117879638518, 0.004411957849005305500 ),
 .UNSPECIFIED. ) ;
#9670 = VERTEX_POINT ( 'NONE', #10213 ) ;
#9671 = CARTESIAN_POINT ( 'NONE',  ( -80.21370206262568558, -8.404979754861180652, -10.94393758860416455 ) ) ;
#9672 = ORIENTED_EDGE ( 'NONE', *, *, #7041, .F. ) ;
#9673 = DIRECTION ( 'NONE',  ( 0.000000000000000000, -1.000000000000000000, 1.387778780781445873E-15 ) ) ;
#9674 = B_SPLINE_CURVE_WITH_KNOTS ( 'NONE', 3,
 ( #8142, #5684, #3187, #9728, #738, #2258, #5580, #8198, #5736, #2309, #3893, #9078 ),
 .UNSPECIFIED., .F., .F.,
 ( 4, 1, 2, 2, 1, 1, 1, 4 ),
 ( 0.000000000000000000, 0.4584319647126585129, 0.4870839625071998191, 0.5014099614044709163, 0.5157359603017420691, 0.5730399558908251256, 0.6876479470689915718, 0.9168639294253251304 ),
 .UNSPECIFIED. ) ;
#9675 = DIRECTION ( 'NONE',  ( -1.000000000000000000, 0.000000000000000000, 0.000000000000000000 ) ) ;
#9676 = EDGE_LOOP ( 'NONE', ( #8990, #5910, #7179, #3773 ) ) ;
#9677 = TOROIDAL_SURFACE ( 'NONE', #4798, 91.50000000000001421, 2.500000000000000000 ) ;
#9678 = ORIENTED_EDGE ( 'NONE', *, *, #3249, .T. ) ;
#9679 = FACE_OUTER_BOUND ( 'NONE', #9492, .T. ) ;
#9680 = CYLINDRICAL_SURFACE ( 'NONE', #6432, 2.500000000000002220 ) ;
#9681 = CARTESIAN_POINT ( 'NONE',  ( 0.000000000000000000, 0.000000000000000000, 17.00000000000000000 ) ) ;
#9682 = ORIENTED_EDGE ( 'NONE', *, *, #1596, .T. ) ;
#9683 = EDGE_CURVE ( 'NONE', #3062, #8604, #6807, .T. ) ;
#9684 = ORIENTED_EDGE ( 'NONE', *, *, #27, .T. ) ;
#9685 = DIRECTION ( 'NONE',  ( -0.4056281494946246124, 0.9140381853826277103, 0.000000000000000000 ) ) ;
#9686 = CARTESIAN_POINT ( 'NONE',  ( 63.34558840304224958, -55.91184470037327259, -15.99988756943696089 ) ) ;
#9687 = CARTESIAN_POINT ( 'NONE',  ( -28.27747505164520803, -81.29040158663001137, -18.50000000002655653 ) ) ;
#9688 = CARTESIAN_POINT ( 'NONE',  ( 20.57902742699108956, -83.41137265390653965, -18.34770930447993464 ) ) ;
#9689 = ORIENTED_EDGE ( 'NONE', *, *, #6239, .F. ) ;
#9690 = VECTOR ( 'NONE', #1143, 1000.000000000000227 ) ;
#9691 = DIRECTION ( 'NONE',  ( 1.000000000000000000, 0.000000000000000000, 0.000000000000000000 ) ) ;
#9692 = CARTESIAN_POINT ( 'NONE',  ( 42.05602593911608977, 75.01526966030580468, 32.50000000000000000 ) ) ;
#9693 = ORIENTED_EDGE ( 'NONE', *, *, #8519, .T. ) ;
#9694 = ORIENTED_EDGE ( 'NONE', *, *, #7378, .T. ) ;
#9695 = CARTESIAN_POINT ( 'NONE',  ( 85.83440617534846240, 5.307351189431021687, -18.49999999999877431 ) ) ;
#9696 = AXIS2_PLACEMENT_3D ( 'NONE', #2759, #8802, #7105 ) ;
#9697 = DIRECTION ( 'NONE',  ( -1.000000000000000000, 0.000000000000000000, 0.000000000000000000 ) ) ;
#9698 = CYLINDRICAL_SURFACE ( 'NONE', #10443, 2.500000000000000444 ) ;
#9699 = CARTESIAN_POINT ( 'NONE',  ( 0.000000000000000000, 0.000000000000000000, 17.00000000000000000 ) ) ;
#9700 = CARTESIAN_POINT ( 'NONE',  ( -14.79286641651833456, -74.37619378334592568, -7.279719104283124409 ) ) ;
#9701 = LINE ( 'NONE', #5556, #1374 ) ;
#9702 = VERTEX_POINT ( 'NONE', #2586 ) ;
#9703 = EDGE_CURVE ( 'NONE', #1887, #5129, #5598, .T. ) ;
#9704 = DIRECTION ( 'NONE',  ( 0.2090980990620599778, 0.9778946696698130880, 0.000000000000000000 ) ) ;
#9705 = CIRCLE ( 'NONE', #6381, 2.500000000000002220 ) ;
#9706 = CARTESIAN_POINT ( 'NONE',  ( 14.50710246484555377, 73.73225631460705642, 20.86977052844090963 ) ) ;
#9707 = EDGE_CURVE ( 'NONE', #2450, #3205, #4329, .T. ) ;
#9708 = ORIENTED_EDGE ( 'NONE', *, *, #8973, .F. ) ;
#9709 = EDGE_CURVE ( 'NONE', #9465, #8130, #2971, .T. ) ;
#9710 = FACE_OUTER_BOUND ( 'NONE', #3078, .T. ) ;
#9711 = CARTESIAN_POINT ( 'NONE',  ( -76.70731484416432977, -49.88223981938108409, -16.00000000000000000 ) ) ;
#9712 = DIRECTION ( 'NONE',  ( 1.000000000000000000, 0.000000000000000000, 0.000000000000000000 ) ) ;
#9713 = ORIENTED_EDGE ( 'NONE', *, *, #10760, .F. ) ;
#9714 = CARTESIAN_POINT ( 'NONE',  ( -65.81459821661408682, -55.27015065870811128, 32.40430452063371547 ) ) ;
#9715 = CARTESIAN_POINT ( 'NONE',  ( 35.21928555418413254, 85.78423605174938871, -18.18088477239587064 ) ) ;
#9716 = VECTOR ( 'NONE', #6180, 1000.000000000000000 ) ;
#9717 = EDGE_CURVE ( 'NONE', #1172, #3536, #6639, .T. ) ;
#9718 = ORIENTED_EDGE ( 'NONE', *, *, #1654, .F. ) ;
#9719 = CARTESIAN_POINT ( 'NONE',  ( -69.48719217824543648, 9.519227294309031251, 18.13389584072333705 ) ) ;
#9720 = EDGE_LOOP ( 'NONE', ( #9672, #4123, #9488, #6958, #6605, #5798, #7750 ) ) ;
#9721 = CIRCLE ( 'NONE', #10065, 94.00000000000001421 ) ;
#9722 = FACE_OUTER_BOUND ( 'NONE', #10392, .T. ) ;
#9723 = EDGE_CURVE ( 'NONE', #2474, #1957, #7701, .T. ) ;
#9724 = CARTESIAN_POINT ( 'NONE',  ( 85.73954203603312862, -6.044210287430701989, 32.41801905197534239 ) ) ;
#9725 = AXIS2_PLACEMENT_3D ( 'NONE', #9610, #8791, #10482 ) ;
#9726 = VECTOR ( 'NONE', #7940, 1000.000000000000000 ) ;
#9727 = EDGE_LOOP ( 'NONE', ( #9873, #8392, #5460, #6858, #10732, #294, #1928, #8140, #1405 ) ) ;
#9728 = CARTESIAN_POINT ( 'NONE',  ( 65.06563089898871510, -36.06515016486132907, 20.44096778185174657 ) ) ;
#9729 = ORIENTED_EDGE ( 'NONE', *, *, #4176, .T. ) ;
#9730 = DIRECTION ( 'NONE',  ( 0.9946479639414452789, -0.1033219619787458521, 0.000000000000000000 ) ) ;
#9731 = AXIS2_PLACEMENT_3D ( 'NONE', #2721, #8650, #6243 ) ;
#9732 = DIRECTION ( 'NONE',  ( -0.4056281494946316069, 0.9140381853826243796, 0.000000000000000000 ) ) ;
#9733 = EDGE_LOOP ( 'NONE', ( #10377, #8768, #8870 ) ) ;
#9734 = AXIS2_PLACEMENT_3D ( 'NONE', #6810, #1759, #5079 ) ;
#9735 = VECTOR ( 'NONE', #532, 1000.000000000000000 ) ;
#9736 = VERTEX_POINT ( 'NONE', #394 ) ;
#9737 = LINE ( 'NONE', #3243, #5040 ) ;
#9738 = CARTESIAN_POINT ( 'NONE',  ( -67.58784022950348458, -55.47922485836956952, -18.50000000000000000 ) ) ;
#9739 = FACE_OUTER_BOUND ( 'NONE', #10429, .T. ) ;
#9740 = B_SPLINE_CURVE_WITH_KNOTS ( 'NONE', 3,
 ( #10765, #2643, #1874, #5946, #9294, #9949, #75, #2483, #8469, #1006, #7649, #3508, #8530, #9133 ),
 .UNSPECIFIED., .F., .F.,
 ( 4, 2, 2, 2, 2, 2, 4 ),
 ( 0.000000000000000000, 0.001101176268190386283, 0.001651764402285575304, 0.002202352536380764326, 0.002752940670475953564, 0.003303528804571142802, 0.004404705072761520845 ),
 .UNSPECIFIED. ) ;
#9741 = ORIENTED_EDGE ( 'NONE', *, *, #4980, .T. ) ;
#9742 = CIRCLE ( 'NONE', #3815, 51.03332099679091982 ) ;
#9743 = AXIS2_PLACEMENT_3D ( 'NONE', #5494, #6303, #2173 ) ;
#9744 = ORIENTED_EDGE ( 'NONE', *, *, #6888, .F. ) ;
#9745 = CARTESIAN_POINT ( 'NONE',  ( -66.16471663670895964, -37.05235985613600747, 21.27971910425903346 ) ) ;
#9746 = DIRECTION ( 'NONE',  ( -0.9986619258901330287, 0.05171419319113980395, 0.000000000000000000 ) ) ;
#9747 = CARTESIAN_POINT ( 'NONE',  ( 72.65982135518169116, -45.99986679455132332, 32.50004557245051728 ) ) ;
#9748 = ORIENTED_EDGE ( 'NONE', *, *, #4817, .T. ) ;
#9749 = ADVANCED_FACE ( 'NONE', ( #7857 ), #4640, .T. ) ;
#9750 = AXIS2_PLACEMENT_3D ( 'NONE', #9994, #10152, #3393 ) ;
#9751 = DIRECTION ( 'NONE',  ( -0.000000000000000000, -0.000000000000000000, -1.000000000000000000 ) ) ;
#9752 = CARTESIAN_POINT ( 'NONE',  ( 32.20764057526621826, 80.53659821372488636, 32.50000000010203394 ) ) ;
#9753 = ORIENTED_EDGE ( 'NONE', *, *, #1382, .T. ) ;
#9754 = ORIENTED_EDGE ( 'NONE', *, *, #5962, .T. ) ;
#9755 = CIRCLE ( 'NONE', #1728, 2.500000000000000888 ) ;
#9756 = CARTESIAN_POINT ( 'NONE',  ( -22.22615146361638949, -87.12301607869606812, 32.34771032973672789 ) ) ;
#9757 = CARTESIAN_POINT ( 'NONE',  ( -14.21765310680703998, 73.08001419011132782, 20.47255601221390720 ) ) ;
#9758 = DIRECTION ( 'NONE',  ( -0.1033219619787458382, -0.9946479639414451679, 0.000000000000000000 ) ) ;
#9759 = CARTESIAN_POINT ( 'NONE',  ( 10.31181781965309696, -64.27864623100505526, 17.00000000000000355 ) ) ;
#9760 = CARTESIAN_POINT ( 'NONE',  ( -66.16471663667866210, 37.05235985610878657, -7.279719104259657847 ) ) ;
#9761 = CARTESIAN_POINT ( 'NONE',  ( -33.51088473052990224, -83.34796005806134644, 32.20302202137067837 ) ) ;
#9762 = VERTEX_POINT ( 'NONE', #5461 ) ;
#9763 = ORIENTED_EDGE ( 'NONE', *, *, #4907, .F. ) ;
#9764 = CARTESIAN_POINT ( 'NONE',  ( -70.60766450238517677, -48.12534960830765129, -17.28566003038365650 ) ) ;
#9765 = CARTESIAN_POINT ( 'NONE',  ( -64.29685892160878780, -56.05134286896656448, -17.28567951662521551 ) ) ;
#9766 = VERTEX_POINT ( 'NONE', #7035 ) ;
#9767 = CARTESIAN_POINT ( 'NONE',  ( 91.37756621894718023, 4.731848676989272029, -16.00000000000000000 ) ) ;
#9768 = EDGE_CURVE ( 'NONE', #3622, #3275, #2188, .T. ) ;
#9769 = CARTESIAN_POINT ( 'NONE',  ( -93.48069444964416164, -4.513380090146342560, -18.50000000000000000 ) ) ;
#9770 = CARTESIAN_POINT ( 'NONE',  ( -8.341399780305353673, 14.40733826189104505, -3.000000000000000000 ) ) ;
#9771 = ORIENTED_EDGE ( 'NONE', *, *, #374, .F. ) ;
#9772 = CARTESIAN_POINT ( 'NONE',  ( 0.000000000000000000, 0.000000000000000000, -16.00000000000000000 ) ) ;
#9773 = CARTESIAN_POINT ( 'NONE',  ( -85.07154246481216830, -7.441060428131835991, -17.44910535888893222 ) ) ;
#9774 = EDGE_CURVE ( 'NONE', #1748, #2049, #8578, .T. ) ;
#9775 = EDGE_CURVE ( 'NONE', #4117, #10473, #2112, .T. ) ;
#9776 = VERTEX_POINT ( 'NONE', #4589 ) ;
#9777 = CARTESIAN_POINT ( 'NONE',  ( 76.92514010090737031, 46.71747874677928536, 17.00000000000000000 ) ) ;
#9778 = EDGE_LOOP ( 'NONE', ( #8335, #7738, #81, #9258 ) ) ;
#9779 = DIRECTION ( 'NONE',  ( 0.000000000000000000, 1.000000000000000000, -5.551115123125777969E-15 ) ) ;
#9780 = EDGE_LOOP ( 'NONE', ( #6721, #6996, #3731 ) ) ;
#9781 = VECTOR ( 'NONE', #3539, 1000.000000000000114 ) ;
#9782 = DIRECTION ( 'NONE',  ( -0.2090980990620606439, -0.9778946696698130880, 0.000000000000000000 ) ) ;
#9783 = VERTEX_POINT ( 'NONE', #10372 ) ;
#9784 = EDGE_CURVE ( 'NONE', #5644, #2230, #10322, .T. ) ;
#9785 = CARTESIAN_POINT ( 'NONE',  ( -49.70347058474200708, -11.57431915030803005, -3.000000000000000000 ) ) ;
#9786 = ORIENTED_EDGE ( 'NONE', *, *, #2899, .T. ) ;
#9787 = CARTESIAN_POINT ( 'NONE',  ( 71.14469310733639418, 57.53853180837101178, -3.000000000000000888 ) ) ;
#9788 = LINE ( 'NONE', #1449, #1012 ) ;
#9789 = ORIENTED_EDGE ( 'NONE', *, *, #10107, .T. ) ;
#9790 = CIRCLE ( 'NONE', #4551, 51.03332099679091982 ) ;
#9791 = EDGE_CURVE ( 'NONE', #2215, #8800, #9605, .T. ) ;
#9792 = ORIENTED_EDGE ( 'NONE', *, *, #8643, .T. ) ;
#9793 = DIRECTION ( 'NONE',  ( -0.000000000000000000, -0.000000000000000000, 1.000000000000000000 ) ) ;
#9794 = DIRECTION ( 'NONE',  ( -0.4056281494946307742, 0.9140381853826249348, -5.073931193991938883E-15 ) ) ;
#9795 = FACE_OUTER_BOUND ( 'NONE', #7079, .T. ) ;
#9796 = DIRECTION ( 'NONE',  ( -1.000000000000000000, 0.000000000000000000, 0.000000000000000000 ) ) ;
#9797 = EDGE_LOOP ( 'NONE', ( #2220, #7334, #1220, #2761, #1121, #3879 ) ) ;
#9798 = VERTEX_POINT ( 'NONE', #5348 ) ;
#9799 = DIRECTION ( 'NONE',  ( -1.000000000000000000, 5.551115123125777969E-15, 0.000000000000000000 ) ) ;
#9800 = DIRECTION ( 'NONE',  ( 1.000000000000000000, 0.000000000000000000, 0.000000000000000000 ) ) ;
#9801 = CARTESIAN_POINT ( 'NONE',  ( 73.13626124099937442, -43.61548091669258298, 31.04595453367480928 ) ) ;
#9802 = ORIENTED_EDGE ( 'NONE', *, *, #1062, .F. ) ;
#9803 = CARTESIAN_POINT ( 'NONE',  ( -20.57902742695628007, 83.41137265379404653, -18.34770930448518556 ) ) ;
#9804 = CARTESIAN_POINT ( 'NONE',  ( 16.27982722542983041, -3.481030249449617031, -3.000000000000000000 ) ) ;
#9805 = ORIENTED_EDGE ( 'NONE', *, *, #9784, .F. ) ;
#9806 = ORIENTED_EDGE ( 'NONE', *, *, #8553, .T. ) ;
#9807 = CIRCLE ( 'NONE', #10505, 51.03332099679091982 ) ;
#9808 = CARTESIAN_POINT ( 'NONE',  ( 70.34369812068648287, -32.38956261794893976, 17.00000000000000000 ) ) ;
#9809 = DIRECTION ( 'NONE',  ( 0.4056281494946316069, -0.9140381853826242686, 0.000000000000000000 ) ) ;
#9810 = CARTESIAN_POINT ( 'NONE',  ( -91.37756621894718023, 4.731848676989293345, -16.00000000000000000 ) ) ;
#9811 = DIRECTION ( 'NONE',  ( 0.000000000000000000, -0.000000000000000000, -1.000000000000000000 ) ) ;
#9812 = CARTESIAN_POINT ( 'NONE',  ( -34.77390060466382238, -83.01069712234064468, 30.00000000000000355 ) ) ;
#9813 = DIRECTION ( 'NONE',  ( 1.000000000000000000, 0.000000000000000000, 0.000000000000000000 ) ) ;
#9814 = VERTEX_POINT ( 'NONE', #1160 ) ;
#9815 = B_SPLINE_SURFACE_WITH_KNOTS ( 'NONE', 2, 3, ( 
 ( #8836, #2463, #4203, #7624 ),
 ( #3487, #4909, #9223, #163 ),
 ( #3383, #4093, #6690, #6799 ) ),
 .UNSPECIFIED., .F., .F., .F.,
 ( 3, 3 ),
 ( 4, 4 ),
 ( 0.000000000000000000, 1.000000000000000000 ),
 ( 3.573100474691097261, 3.966721893924405329 ),
 .UNSPECIFIED. ) ;
#9816 = AXIS2_PLACEMENT_3D ( 'NONE', #10405, #7884, #6249 ) ;
#9817 = CARTESIAN_POINT ( 'NONE',  ( -73.16380456035675195, -43.73191698509385361, 31.18342693136327171 ) ) ;
#9818 = CARTESIAN_POINT ( 'NONE',  ( 41.30779598900480210, 43.15267505862024677, 17.00000000000000000 ) ) ;
#9819 = ORIENTED_EDGE ( 'NONE', *, *, #857, .F. ) ;
#9820 = CARTESIAN_POINT ( 'NONE',  ( 85.83440617532757244, -5.307351189429692084, 32.50000000000516565 ) ) ;
#9821 = EDGE_CURVE ( 'NONE', #9832, #6212, #2989, .T. ) ;
#9822 = CARTESIAN_POINT ( 'NONE',  ( 76.70731484416435819, -49.88223981938104146, -18.50000000000000000 ) ) ;
#9823 = CARTESIAN_POINT ( 'NONE',  ( 10.30158234491666391, -64.25558172040265958, -3.000000000000001332 ) ) ;
#9824 = ORIENTED_EDGE ( 'NONE', *, *, #6828, .F. ) ;
#9825 = DIRECTION ( 'NONE',  ( 0.4056281494946325505, 0.9140381853826239356, 0.000000000000000000 ) ) ;
#9826 = DIRECTION ( 'NONE',  ( 0.6682286275604850667, 0.7439559807600383268, 0.000000000000000000 ) ) ;
#9827 = ORIENTED_EDGE ( 'NONE', *, *, #6214, .F. ) ;
#9828 = B_SPLINE_CURVE_WITH_KNOTS ( 'NONE', 3,
 ( #8707, #7933, #7057, #10398, #7827, #3857, #5430, #8758, #1290, #3799, #363, #2210, #472, #7117 ),
 .UNSPECIFIED., .F., .F.,
 ( 4, 2, 2, 2, 2, 2, 4 ),
 ( 0.000000000000000000, 0.001101176268184545469, 0.001651764402276809747, 0.002202352536369074458, 0.002752940670461338953, 0.003303528804553603013, 0.004404705072738128099 ),
 .UNSPECIFIED. ) ;
#9829 = CARTESIAN_POINT ( 'NONE',  ( -63.34571104243942585, 55.91169000874646144, 29.99987001606840664 ) ) ;
#9830 = VERTEX_POINT ( 'NONE', #1268 ) ;
#9831 = CARTESIAN_POINT ( 'NONE',  ( 93.73899935459095900, -6.999999999999950262, -16.00000000000000000 ) ) ;
#9832 = VERTEX_POINT ( 'NONE', #7747 ) ;
#9833 = LINE ( 'NONE', #6494, #3577 ) ;
#9834 = EDGE_CURVE ( 'NONE', #7812, #5274, #2592, .T. ) ;
#9835 = DIRECTION ( 'NONE',  ( 0.9657644967401300962, 0.2594203863158854872, 0.000000000000000000 ) ) ;
#9836 = EDGE_LOOP ( 'NONE', ( #10440, #1853, #8085, #1288 ) ) ;
#9837 = DIRECTION ( 'NONE',  ( -1.000000000000000000, 0.000000000000000000, 0.000000000000000000 ) ) ;
#9838 = DIRECTION ( 'NONE',  ( 1.000000000000000000, 0.000000000000000000, -2.775557561562892929E-15 ) ) ;
#9839 = VECTOR ( 'NONE', #3538, 1000.000000000000000 ) ;
#9840 = ORIENTED_EDGE ( 'NONE', *, *, #9768, .F. ) ;
#9841 = ORIENTED_EDGE ( 'NONE', *, *, #9170, .T. ) ;
#9842 = CARTESIAN_POINT ( 'NONE',  ( 28.27582184716541036, 52.62095848504020523, -3.000000000000000000 ) ) ;
#9843 = EDGE_CURVE ( 'NONE', #6201, #5651, #10477, .T. ) ;
#9844 = LINE ( 'NONE', #5691, #7587 ) ;
#9845 = AXIS2_PLACEMENT_3D ( 'NONE', #7396, #6574, #7287 ) ;
#9846 = LINE ( 'NONE', #10670, #2431 ) ;
#9847 = DIRECTION ( 'NONE',  ( -0.2090980990620607549, -0.9778946696698130880, 0.000000000000000000 ) ) ;
#9848 = ORIENTED_EDGE ( 'NONE', *, *, #9521, .F. ) ;
#9849 = EDGE_CURVE ( 'NONE', #1279, #5284, #9498, .T. ) ;
#9850 = EDGE_CURVE ( 'NONE', #7212, #8962, #4480, .T. ) ;
#9851 = EDGE_CURVE ( 'NONE', #7038, #1771, #37, .T. ) ;
#9852 = ORIENTED_EDGE ( 'NONE', *, *, #9981, .T. ) ;
#9853 = CARTESIAN_POINT ( 'NONE',  ( -93.73899935459095900, -6.999999999999950262, 30.00000000000000355 ) ) ;
#9854 = ORIENTED_EDGE ( 'NONE', *, *, #7574, .T. ) ;
#9855 = EDGE_CURVE ( 'NONE', #9998, #6992, #2820, .T. ) ;
#9856 = CARTESIAN_POINT ( 'NONE',  ( -73.44261371048415299, -45.64341853323327314, -18.31266559718209663 ) ) ;
#9857 = CARTESIAN_POINT ( 'NONE',  ( 72.56107605584936948, 46.15846078180275214, -18.50000000002549072 ) ) ;
#9858 = VECTOR ( 'NONE', #1604, 1000.000000000000000 ) ;
#9859 = VECTOR ( 'NONE', #1926, 1000.000000000000000 ) ;
#9860 = FACE_OUTER_BOUND ( 'NONE', #2645, .T. ) ;
#9861 = ORIENTED_EDGE ( 'NONE', *, *, #2030, .F. ) ;
#9862 = ORIENTED_EDGE ( 'NONE', *, *, #9419, .T. ) ;
#9863 = EDGE_CURVE ( 'NONE', #8962, #9623, #6989, .T. ) ;
#9864 = FACE_OUTER_BOUND ( 'NONE', #9007, .T. ) ;
#9865 = CARTESIAN_POINT ( 'NONE',  ( 76.70731484416432977, 49.88223981938107698, -18.50000000000000000 ) ) ;
#9866 = CARTESIAN_POINT ( 'NONE',  ( 16.79378635387461571, -78.88504562441184476, 24.94393758859139254 ) ) ;
#9867 = CARTESIAN_POINT ( 'NONE',  ( 31.60224044678092881, -68.17770927448208340, 20.86977052844842007 ) ) ;
#9868 = CARTESIAN_POINT ( 'NONE',  ( -76.92514010090738452, 46.71747874677930668, -3.000000000000000000 ) ) ;
#9869 = AXIS2_PLACEMENT_3D ( 'NONE', #268, #1912, #8562 ) ;
#9870 = ORIENTED_EDGE ( 'NONE', *, *, #3887, .F. ) ;
#9871 = DIRECTION ( 'NONE',  ( 1.000000000000000000, 0.000000000000000000, 0.000000000000000000 ) ) ;
#9872 = CARTESIAN_POINT ( 'NONE',  ( -73.17681697432516330, -43.82912915065904969, -17.28567951663114499 ) ) ;
#9873 = ORIENTED_EDGE ( 'NONE', *, *, #891, .F. ) ;
#9874 = PLANE ( 'NONE',  #2703 ) ;
#9875 = AXIS2_PLACEMENT_3D ( 'NONE', #3962, #4127, #5594 ) ;
#9876 = SPHERICAL_SURFACE ( 'NONE', #9448, 2.500000000000000000 ) ;
#9877 = CARTESIAN_POINT ( 'NONE',  ( 32.79433942774622324, -79.27903781224661373, 32.13538959017378005 ) ) ;
#9878 = DIRECTION ( 'NONE',  ( 0.000000000000000000, 0.000000000000000000, -1.000000000000000000 ) ) ;
#9879 = DIRECTION ( 'NONE',  ( -0.2090980990620617541, 0.9778946696698127550, 0.000000000000000000 ) ) ;
#9880 = AXIS2_PLACEMENT_3D ( 'NONE', #9463, #463, #1989 ) ;
#9881 = ORIENTED_EDGE ( 'NONE', *, *, #720, .T. ) ;
#9882 = ADVANCED_FACE ( 'NONE', ( #10427 ), #5296, .T. ) ;
#9883 = CARTESIAN_POINT ( 'NONE',  ( -18.46771225273574402, -82.65711963307806798, -16.30948754351166130 ) ) ;
#9884 = EDGE_LOOP ( 'NONE', ( #300, #7897, #8537, #8299, #8111, #10403, #4577 ) ) ;
#9885 = CIRCLE ( 'NONE', #8487, 2.500000000000002220 ) ;
#9886 = DIRECTION ( 'NONE',  ( 1.000000000000000000, 0.000000000000000000, 0.000000000000000000 ) ) ;
#9887 = ORIENTED_EDGE ( 'NONE', *, *, #1158, .F. ) ;
#9888 = CARTESIAN_POINT ( 'NONE',  ( 85.15503767019136205, -7.336893668140612057, 31.57491144069093991 ) ) ;
#9889 = AXIS2_PLACEMENT_3D ( 'NONE', #2668, #5267, #7670 ) ;
#9890 = DIRECTION ( 'NONE',  ( 0.000000000000000000, -0.000000000000000000, -1.000000000000000000 ) ) ;
#9891 = ORIENTED_EDGE ( 'NONE', *, *, #9121, .F. ) ;
#9892 = CARTESIAN_POINT ( 'NONE',  ( -60.01076110217861270, -49.99396575973234036, -2.999999999936236783 ) ) ;
#9893 = CARTESIAN_POINT ( 'NONE',  ( -85.52239704470180470, 6.686364900505876285, 32.11763093304382011 ) ) ;
#9894 = DIRECTION ( 'NONE',  ( 0.000000000000000000, 0.000000000000000000, -1.000000000000000000 ) ) ;
#9895 = CIRCLE ( 'NONE', #665, 51.03332099679091982 ) ;
#9896 = ORIENTED_EDGE ( 'NONE', *, *, #9506, .T. ) ;
#9897 = CARTESIAN_POINT ( 'NONE',  ( 0.000000000000000000, 0.000000000000000000, -3.000000000000000000 ) ) ;
#9898 = LINE ( 'NONE', #4068, #5842 ) ;
#9899 = VECTOR ( 'NONE', #5346, 999.9999999999998863 ) ;
#9900 = CARTESIAN_POINT ( 'NONE',  ( 23.73696534790352786, 88.36745145172190519, 32.50000000000000000 ) ) ;
#9901 = DIRECTION ( 'NONE',  ( -0.4056281494946326616, -0.9140381853826240466, 0.000000000000000000 ) ) ;
#9902 = ORIENTED_EDGE ( 'NONE', *, *, #2840, .F. ) ;
#9903 = CIRCLE ( 'NONE', #7104, 2.499999999999998668 ) ;
#9904 = B_SPLINE_SURFACE_WITH_KNOTS ( 'NONE', 2, 3, ( 
 ( #2712, #6011, #9363, #253 ),
 ( #5214, #8545, #3571, #6890 ),
 ( #7987, #6999, #4604, #10286 ) ),
 .UNSPECIFIED., .F., .F., .F.,
 ( 3, 3 ),
 ( 4, 4 ),
 ( 0.000000000000000000, 1.000000000000000000 ),
 ( 2.944781943973139526, 3.338403363206446706 ),
 .UNSPECIFIED. ) ;
#9905 = VERTEX_POINT ( 'NONE', #3010 ) ;
#9906 = ADVANCED_FACE ( 'NONE', ( #6318 ), #3686, .T. ) ;
#9907 = CIRCLE ( 'NONE', #5204, 51.03332099679091982 ) ;
#9908 = CARTESIAN_POINT ( 'NONE',  ( 71.14469310733643681, -57.53853180837096915, -3.000000000000000888 ) ) ;
#9909 = CARTESIAN_POINT ( 'NONE',  ( -21.47669927728860628, -83.27343302803696190, -18.50000000003077716 ) ) ;
#9910 = EDGE_CURVE ( 'NONE', #6529, #9762, #6599, .T. ) ;
#9911 = EDGE_LOOP ( 'NONE', ( #8822, #10609, #1533 ) ) ;
#9912 = EDGE_CURVE ( 'NONE', #3184, #5944, #6429, .T. ) ;
#9913 = CARTESIAN_POINT ( 'NONE',  ( 94.00000000000001421, 1.151167991198512286E-14, 14.00000000000000000 ) ) ;
#9914 = TOROIDAL_SURFACE ( 'NONE', #1902, 91.50000000000001421, 2.500000000000000000 ) ;
#9915 = CYLINDRICAL_SURFACE ( 'NONE', #5995, 2.500000000000002220 ) ;
#9916 = AXIS2_PLACEMENT_3D ( 'NONE', #4248, #8334, #5768 ) ;
#9917 = LINE ( 'NONE', #5058, #8942 ) ;
#9918 = EDGE_LOOP ( 'NONE', ( #2151, #8154, #1907, #8989 ) ) ;
#9919 = EDGE_LOOP ( 'NONE', ( #8324, #7894, #790, #7482 ) ) ;
#9920 = B_SPLINE_CURVE_WITH_KNOTS ( 'NONE', 3,
 ( #4533, #10476, #9657, #10421 ),
 .UNSPECIFIED., .F., .F.,
 ( 4, 4 ),
 ( 0.000000000000000000, 1.000000000000000000 ),
 .UNSPECIFIED. ) ;
#9921 = EDGE_CURVE ( 'NONE', #6764, #3331, #4699, .T. ) ;
#9922 = CARTESIAN_POINT ( 'NONE',  ( -73.13022715830008735, 44.86205981348059879, 32.13538959017493823 ) ) ;
#9923 = CARTESIAN_POINT ( 'NONE',  ( -35.62433945033689042, 86.98796720654627279, 14.00000000000000000 ) ) ;
#9924 = CARTESIAN_POINT ( 'NONE',  ( 0.000000000000000000, 0.000000000000000000, 14.00000000000000000 ) ) ;
#9925 = CARTESIAN_POINT ( 'NONE',  ( 85.73210788430556306, -6.029640947277033369, -18.40430452063614553 ) ) ;
#9926 = CARTESIAN_POINT ( 'NONE',  ( 32.77631641257305262, -73.66854173008842110, 24.91900855183625652 ) ) ;
#9927 = CARTESIAN_POINT ( 'NONE',  ( -73.19806917271741042, 43.98385370799302052, -17.44910535889317060 ) ) ;
#9928 = VECTOR ( 'NONE', #5530, 1000.000000000000114 ) ;
#9929 = VERTEX_POINT ( 'NONE', #10532 ) ;
#9930 = B_SPLINE_CURVE_WITH_KNOTS ( 'NONE', 3,
 ( #9765, #3220, #4745, #7359, #661, #9872 ),
 .UNSPECIFIED., .F., .F.,
 ( 4, 2, 4 ),
 ( 0.0003618648953971398863, 0.007922951309495584668, 0.01548403772359402929 ),
 .UNSPECIFIED. ) ;
#9931 = LINE ( 'NONE', #9110, #2597 ) ;
#9932 = CARTESIAN_POINT ( 'NONE',  ( -93.87422103367251225, 4.861134159967122947, 14.00000000000000000 ) ) ;
#9933 = ORIENTED_EDGE ( 'NONE', *, *, #7608, .T. ) ;
#9934 = CARTESIAN_POINT ( 'NONE',  ( 54.74047190769552884, -50.92977572220753046, -6.651639278705147262 ) ) ;
#9935 = CIRCLE ( 'NONE', #4520, 94.00000000000001421 ) ;
#9936 = CARTESIAN_POINT ( 'NONE',  ( -76.70731484416435819, 49.88223981938101304, -16.00000000000000000 ) ) ;
#9937 = DIRECTION ( 'NONE',  ( 0.000000000000000000, 0.000000000000000000, -1.000000000000000000 ) ) ;
#9938 = DIRECTION ( 'NONE',  ( -0.8654182317380996192, 0.5010501812945494793, 0.000000000000000000 ) ) ;
#9939 = DIRECTION ( 'NONE',  ( -0.000000000000000000, -0.000000000000000000, -1.000000000000000000 ) ) ;
#9940 = CARTESIAN_POINT ( 'NONE',  ( 18.38349979339846385, 82.46723521055356798, 29.99988756943586310 ) ) ;
#9941 = EDGE_LOOP ( 'NONE', ( #8932, #3655, #3150, #10637 ) ) ;
#9942 = DIRECTION ( 'NONE',  ( -0.000000000000000000, 0.000000000000000000, 1.000000000000000000 ) ) ;
#9943 = ORIENTED_EDGE ( 'NONE', *, *, #3847, .F. ) ;
#9944 = DIRECTION ( 'NONE',  ( 0.9778946696698129770, -0.2090980990620606439, 0.000000000000000000 ) ) ;
#9945 = CARTESIAN_POINT ( 'NONE',  ( -1.720086775986162442, 16.55873327191747180, -3.000000000000000000 ) ) ;
#9946 = ORIENTED_EDGE ( 'NONE', *, *, #7551, .F. ) ;
#9947 = EDGE_CURVE ( 'NONE', #4708, #6320, #3884, .T. ) ;
#9948 = LINE ( 'NONE', #2260, #3166 ) ;
#9949 = CARTESIAN_POINT ( 'NONE',  ( 73.19806917264453716, -43.98385370793010907, -17.44910535889583159 ) ) ;
#9950 = CARTESIAN_POINT ( 'NONE',  ( 15.25172439957361981, 75.41017951313986600, -8.011857278566505869 ) ) ;
#9951 = ORIENTED_EDGE ( 'NONE', *, *, #8921, .F. ) ;
#9952 = CARTESIAN_POINT ( 'NONE',  ( 0.000000000000000000, 0.000000000000000000, 32.50000000000000000 ) ) ;
#9953 = CARTESIAN_POINT ( 'NONE',  ( 93.87422103367251225, -4.861134159967125612, -16.00000000000000000 ) ) ;
#9954 = CARTESIAN_POINT ( 'NONE',  ( 0.000000000000000000, 0.000000000000000000, 17.00000000000000000 ) ) ;
#9955 = CARTESIAN_POINT ( 'NONE',  ( -71.14469310733643681, -60.03853180837096915, 30.00000000000000355 ) ) ;
#9956 = VERTEX_POINT ( 'NONE', #1434 ) ;
#9957 = ADVANCED_FACE ( 'NONE', ( #7196 ), #3121, .T. ) ;
#9958 = ORIENTED_EDGE ( 'NONE', *, *, #8420, .F. ) ;
#9959 = EDGE_CURVE ( 'NONE', #9766, #461, #7093, .T. ) ;
#9960 = VECTOR ( 'NONE', #1560, 1000.000000000000000 ) ;
#9961 = DIRECTION ( 'NONE',  ( -0.000000000000000000, -0.000000000000000000, 1.000000000000000000 ) ) ;
#9962 = DIRECTION ( 'NONE',  ( 0.5010501812945491462, -0.8654182317380997302, 0.000000000000000000 ) ) ;
#9963 = VERTEX_POINT ( 'NONE', #7254 ) ;
#9964 = CARTESIAN_POINT ( 'NONE',  ( -62.07565424146024924, -55.17661765755710945, -13.81128689714687674 ) ) ;
#9966 = DIRECTION ( 'NONE',  ( 0.1033219619787452970, -0.9946479639414453899, 0.000000000000000000 ) ) ;
#9965 = CIRCLE ( 'NONE', #7694, 94.00000000000001421 ) ;
#9967 = LINE ( 'NONE', #813, #1117 ) ;
#9968 = ORIENTED_EDGE ( 'NONE', *, *, #5303, .F. ) ;
#9969 = ADVANCED_FACE ( 'NONE', ( #726 ), #9219, .T. ) ;
#9970 = EDGE_CURVE ( 'NONE', #6987, #2450, #3605, .T. ) ;
#9971 = CARTESIAN_POINT ( 'NONE',  ( 41.30779598911157535, 43.15267505868207110, -3.000000000000000000 ) ) ;
#9972 = LINE ( 'NONE', #3372, #5680 ) ;
#9973 = CARTESIAN_POINT ( 'NONE',  ( 21.29251602193722093, -82.85915517359197224, -18.50000000000000000 ) ) ;
#9974 = DIRECTION ( 'NONE',  ( 1.000000000000000000, -1.110223024625157172E-14, 0.000000000000000000 ) ) ;
#9975 = CARTESIAN_POINT ( 'NONE',  ( 91.37756621894718023, 4.731848676989291569, 17.00000000000000000 ) ) ;
#9976 = CARTESIAN_POINT ( 'NONE',  ( 33.29215432921693463, -78.72002864238400832, -17.57491144068646705 ) ) ;
#9977 = ORIENTED_EDGE ( 'NONE', *, *, #375, .T. ) ;
#9978 = CIRCLE ( 'NONE', #2665, 90.00000000000001421 ) ;
#9979 = EDGE_CURVE ( 'NONE', #5669, #9421, #3176, .T. ) ;
#9980 = CARTESIAN_POINT ( 'NONE',  ( 64.67677128996257352, -56.68258335243612578, 30.00000000000000355 ) ) ;
#9981 = EDGE_CURVE ( 'NONE', #8029, #3358, #8236, .T. ) ;
#9982 = DIRECTION ( 'NONE',  ( -0.000000000000000000, -0.000000000000000000, 1.000000000000000000 ) ) ;
#9983 = VERTEX_POINT ( 'NONE', #7365 ) ;
#9984 = DIRECTION ( 'NONE',  ( -0.000000000000000000, -0.000000000000000000, 1.000000000000000000 ) ) ;
#9985 = EDGE_CURVE ( 'NONE', #10233, #921, #1394, .T. ) ;
#9986 = B_SPLINE_CURVE_WITH_KNOTS ( 'NONE', 3,
 ( #7351, #4684, #4739, #5607 ),
 .UNSPECIFIED., .F., .F.,
 ( 4, 4 ),
 ( 0.000000000000000000, 1.000000000000000000 ),
 .UNSPECIFIED. ) ;
#9987 = EDGE_CURVE ( 'NONE', #1089, #6738, #6393, .T. ) ;
#9988 = DIRECTION ( 'NONE',  ( 0.000000000000000000, 0.000000000000000000, -1.000000000000000000 ) ) ;
#9989 = CARTESIAN_POINT ( 'NONE',  ( 31.91059361300386499, -79.84520685415816388, 32.47998818980931901 ) ) ;
#9990 = DIRECTION ( 'NONE',  ( -0.000000000000000000, 0.000000000000000000, 1.000000000000000000 ) ) ;
#9991 = LINE ( 'NONE', #4314, #150 ) ;
#9992 = CIRCLE ( 'NONE', #5629, 91.50000000000001421 ) ;
#9993 = AXIS2_PLACEMENT_3D ( 'NONE', #10033, #10142, #5818 ) ;
#9994 = CARTESIAN_POINT ( 'NONE',  ( 0.000000000000000000, 0.000000000000000000, 14.00000000000000000 ) ) ;
#9995 = VERTEX_POINT ( 'NONE', #9118 ) ;
#9996 = EDGE_CURVE ( 'NONE', #501, #8480, #832, .T. ) ;
#9997 = CARTESIAN_POINT ( 'NONE',  ( -33.36416462070898348, 78.61052984741492367, 31.45153177885367413 ) ) ;
#9998 = VERTEX_POINT ( 'NONE', #3390 ) ;
#9999 = LINE ( 'NONE', #7534, #9160 ) ;
#10000 = CARTESIAN_POINT ( 'NONE',  ( -49.70347058474201418, 11.57431915030801939, 17.00000000000000000 ) ) ;
#10001 = VERTEX_POINT ( 'NONE', #2631 ) ;
#10002 = CARTESIAN_POINT ( 'NONE',  ( 49.70347058474200708, -11.57431915030804248, -3.000000000000000000 ) ) ;
#10003 = FACE_OUTER_BOUND ( 'NONE', #5067, .T. ) ;
#10004 = CARTESIAN_POINT ( 'NONE',  ( 91.37756621894718023, -4.731848676989275582, -18.50000000000000000 ) ) ;
#10005 = ORIENTED_EDGE ( 'NONE', *, *, #7378, .F. ) ;
#10006 = DIRECTION ( 'NONE',  ( 0.000000000000000000, 0.000000000000000000, -1.000000000000000000 ) ) ;
#10007 = B_SPLINE_CURVE_WITH_KNOTS ( 'NONE', 3,
 ( #7669, #10079, #5970, #5266 ),
 .UNSPECIFIED., .F., .F.,
 ( 4, 4 ),
 ( 0.1618091703086017297, 0.8381908316156196914 ),
 .UNSPECIFIED. ) ;
#10008 = DIRECTION ( 'NONE',  ( 1.000000000000000000, 0.000000000000000000, 0.000000000000000000 ) ) ;
#10009 = DIRECTION ( 'NONE',  ( -0.000000000000000000, 1.000000000000000000, 0.000000000000000000 ) ) ;
#10010 = CARTESIAN_POINT ( 'NONE',  ( 68.20213817285898017, -58.72366089278028767, -3.000000000000000000 ) ) ;
#10011 = VERTEX_POINT ( 'NONE', #4367 ) ;
#10012 = EDGE_LOOP ( 'NONE', ( #3852, #7596, #10641, #8705, #5327, #8203, #1863, #2442, #10271 ) ) ;
#10013 = SPHERICAL_SURFACE ( 'NONE', #1697, 2.500000000000000000 ) ;
#10014 = SPHERICAL_SURFACE ( 'NONE', #1726, 2.500000000000000000 ) ;
#10015 = ORIENTED_EDGE ( 'NONE', *, *, #4354, .T. ) ;
#10016 = FACE_OUTER_BOUND ( 'NONE', #9571, .T. ) ;
#10017 = CARTESIAN_POINT ( 'NONE',  ( -50.62105794676126891, -48.54476343998647536, -4.133895840721277359 ) ) ;
#10018 = EDGE_CURVE ( 'NONE', #4734, #2651, #4258, .T. ) ;
#10019 = CARTESIAN_POINT ( 'NONE',  ( 0.000000000000000000, 0.000000000000000000, 17.00000000000000000 ) ) ;
#10020 = CARTESIAN_POINT ( 'NONE',  ( -11.12455864745020229, -12.38525498271514280, 17.00000000000000000 ) ) ;
#10021 = VERTEX_POINT ( 'NONE', #937 ) ;
#10022 = AXIS2_PLACEMENT_3D ( 'NONE', #3474, #5964, #3417 ) ;
#10023 = CARTESIAN_POINT ( 'NONE',  ( -72.96966029290322808, 45.34734980760408973, 32.34770930448310367 ) ) ;
#10024 = DIRECTION ( 'NONE',  ( 0.3577866271546457089, -0.9338033676472270450, -1.387778780781442717E-15 ) ) ;
#10025 = CARTESIAN_POINT ( 'NONE',  ( 49.70347058474200708, 11.57431915030802294, -3.000000000000000000 ) ) ;
#10026 = DIRECTION ( 'NONE',  ( 0.5010501812945494793, 0.8654182317380996192, 0.000000000000000000 ) ) ;
#10027 = CARTESIAN_POINT ( 'NONE',  ( 33.60046090516474493, -77.52294482860192204, 29.99988756943781354 ) ) ;
#10028 = CARTESIAN_POINT ( 'NONE',  ( -72.75007835273403600, -42.96768886930683351, 29.99987001606677595 ) ) ;
#10029 = ORIENTED_EDGE ( 'NONE', *, *, #6367, .T. ) ;
#10030 = CIRCLE ( 'NONE', #5318, 2.500000000000002220 ) ;
#10031 = CIRCLE ( 'NONE', #7588, 94.00000000000001421 ) ;
#10032 = CARTESIAN_POINT ( 'NONE',  ( -76.92514010090739873, 46.71747874677931378, 0.000000000000000000 ) ) ;
#10033 = CARTESIAN_POINT ( 'NONE',  ( 7.088774327068977144, -12.24379268254579856, -16.00000000000000000 ) ) ;
#10034 = VERTEX_POINT ( 'NONE', #4151 ) ;
#10035 = CARTESIAN_POINT ( 'NONE',  ( 57.06050259234763189, -52.27300117381281552, -8.293734264996766470 ) ) ;
#10036 = DIRECTION ( 'NONE',  ( -1.000000000000000000, 0.000000000000000000, 0.000000000000000000 ) ) ;
#10037 = AXIS2_PLACEMENT_3D ( 'NONE', #2964, #8687, #507 ) ;
#10038 = CARTESIAN_POINT ( 'NONE',  ( -68.20213817285895175, 58.72366089278031609, 17.00000000000000000 ) ) ;
#10039 = ADVANCED_FACE ( 'NONE', ( #1651 ), #8288, .T. ) ;
#10040 = CARTESIAN_POINT ( 'NONE',  ( 50.67558983985134802, -32.43770297285590232, -3.000000000000000000 ) ) ;
#10041 = ORIENTED_EDGE ( 'NONE', *, *, #3911, .T. ) ;
#10042 = EDGE_CURVE ( 'NONE', #8090, #3326, #3494, .T. ) ;
#10043 = DIRECTION ( 'NONE',  ( 1.000000000000000000, -5.684341886080801487E-14, 0.000000000000000000 ) ) ;
#10044 = EDGE_CURVE ( 'NONE', #658, #7055, #9721, .T. ) ;
#10045 = EDGE_LOOP ( 'NONE', ( #4038, #10384, #8149, #2303 ) ) ;
#10046 = AXIS2_PLACEMENT_3D ( 'NONE', #4842, #9151, #1685 ) ;
#10047 = CARTESIAN_POINT ( 'NONE',  ( -32.73747638465006560, 85.44300813972130015, 30.00000000000000000 ) ) ;
#10048 = ORIENTED_EDGE ( 'NONE', *, *, #6231, .F. ) ;
#10049 = CARTESIAN_POINT ( 'NONE',  ( 23.73696534790352075, -88.36745145172190519, 14.00000000000000000 ) ) ;
#10050 = DIRECTION ( 'NONE',  ( 2.937141586370697638E-16, 1.373620857511940462E-15, -1.000000000000000000 ) ) ;
#10051 = ORIENTED_EDGE ( 'NONE', *, *, #7537, .T. ) ;
#10052 = CARTESIAN_POINT ( 'NONE',  ( -84.89662796869414763, 7.623972038862699030, -17.18477683936995604 ) ) ;
#10053 = EDGE_CURVE ( 'NONE', #5257, #1673, #8513, .T. ) ;
#10054 = CARTESIAN_POINT ( 'NONE',  ( 8.341399780305364331, 14.40733826189109479, -3.000000000000000000 ) ) ;
#10055 = DIRECTION ( 'NONE',  ( -0.2090980990620600055, -0.9778946696698131991, 0.000000000000000000 ) ) ;
#10056 = CIRCLE ( 'NONE', #7945, 51.03332099679092693 ) ;
#10057 = EDGE_LOOP ( 'NONE', ( #512, #3960, #6223, #9977, #9341, #8023 ) ) ;
#10058 = CARTESIAN_POINT ( 'NONE',  ( 91.37756621894718023, 4.731848676989272029, -18.50000000000000000 ) ) ;
#10059 = CARTESIAN_POINT ( 'NONE',  ( 21.27873377002766020, 88.99137873493300788, -18.50000000000000000 ) ) ;
#10060 = ADVANCED_FACE ( 'NONE', ( #5127 ), #5823, .T. ) ;
#10061 = DIRECTION ( 'NONE',  ( 1.000000000000000000, 0.000000000000000000, -1.387778780781446464E-15 ) ) ;
#10062 = TOROIDAL_SURFACE ( 'NONE', #8659, 91.50000000000001421, 2.500000000000000000 ) ;
#10063 = ORIENTED_EDGE ( 'NONE', *, *, #2782, .F. ) ;
#10064 = ORIENTED_EDGE ( 'NONE', *, *, #2035, .F. ) ;
#10065 = AXIS2_PLACEMENT_3D ( 'NONE', #4208, #9990, #6648 ) ;
#10066 = CARTESIAN_POINT ( 'NONE',  ( -69.81787937756513429, -40.33366679862947990, -10.91900855184126407 ) ) ;
#10067 = DIRECTION ( 'NONE',  ( -0.7439559807600398811, -0.6682286275604835124, 0.000000000000000000 ) ) ;
#10068 = CIRCLE ( 'NONE', #10590, 2.499999999999998668 ) ;
#10069 = ORIENTED_EDGE ( 'NONE', *, *, #1587, .T. ) ;
#10070 = CARTESIAN_POINT ( 'NONE',  ( 65.44644493973066801, 36.40720110655924913, -6.721643688664295624 ) ) ;
#10071 = CARTESIAN_POINT ( 'NONE',  ( -41.30779598909109041, -43.15267505867021214, -3.000000000000000000 ) ) ;
#10072 = DIRECTION ( 'NONE',  ( -0.000000000000000000, -0.000000000000000000, 1.000000000000000000 ) ) ;
#10073 = CIRCLE ( 'NONE', #6052, 14.00000000000000000 ) ;
#10074 = CARTESIAN_POINT ( 'NONE',  ( -91.37756621894718023, 4.731848676989293345, 14.00000000000000000 ) ) ;
#10075 = ORIENTED_EDGE ( 'NONE', *, *, #9996, .T. ) ;
#10076 = VECTOR ( 'NONE', #10698, 1000.000000000000000 ) ;
#10077 = AXIS2_PLACEMENT_3D ( 'NONE', #824, #2511, #9161 ) ;
#10078 = CARTESIAN_POINT ( 'NONE',  ( -73.13626124097099535, 43.61548091666687554, 31.04595453367452151 ) ) ;
#10079 = CARTESIAN_POINT ( 'NONE',  ( 68.57354579227744296, -52.01359248210246022, 32.50000000000857625 ) ) ;
#10080 = DIRECTION ( 'NONE',  ( 1.000000000000000000, 0.000000000000000000, 0.000000000000000000 ) ) ;
#10081 = EDGE_CURVE ( 'NONE', #9427, #708, #5799, .T. ) ;
#10082 = CARTESIAN_POINT ( 'NONE',  ( 84.61501281866205204, -7.834416237465294586, -16.75820396230589537 ) ) ;
#10083 = CARTESIAN_POINT ( 'NONE',  ( -94.00000000000001421, 0.000000000000000000, -16.00000000000000000 ) ) ;
#10084 = DIRECTION ( 'NONE',  ( -1.000000000000000000, 0.000000000000000000, 0.000000000000000000 ) ) ;
#10085 = ORIENTED_EDGE ( 'NONE', *, *, #5571, .F. ) ;
#10086 = AXIS2_PLACEMENT_3D ( 'NONE', #7241, #5449, #10469 ) ;
#10087 = CARTESIAN_POINT ( 'NONE',  ( 0.000000000000000000, 0.000000000000000000, 30.00000000000000000 ) ) ;
#10088 = DIRECTION ( 'NONE',  ( 1.000000000000000000, 0.000000000000000000, 0.000000000000000000 ) ) ;
#10089 = ORIENTED_EDGE ( 'NONE', *, *, #9252, .T. ) ;
#10090 = CARTESIAN_POINT ( 'NONE',  ( -1.720086775986165994, 16.55873327191746824, 17.00000000000000000 ) ) ;
#10091 = VECTOR ( 'NONE', #3464, 1000.000000000000114 ) ;
#10092 = VECTOR ( 'NONE', #429, 1000.000000000000114 ) ;
#10093 = DIRECTION ( 'NONE',  ( 1.000000000000000000, 0.000000000000000000, 0.000000000000000000 ) ) ;
#10094 = CARTESIAN_POINT ( 'NONE',  ( -65.92939674319904952, -54.51903777309085797, 32.50000000000000000 ) ) ;
#10095 = EDGE_CURVE ( 'NONE', #8740, #3218, #8416, .T. ) ;
#10096 = CARTESIAN_POINT ( 'NONE',  ( -21.11354799691019579, 83.36530907831001969, 32.50009145628006735 ) ) ;
#10097 = CARTESIAN_POINT ( 'NONE',  ( 1.461781871039298686, 14.07211336206385432, 30.00000000000000355 ) ) ;
#10098 = ORIENTED_EDGE ( 'NONE', *, *, #7368, .F. ) ;
#10099 = DIRECTION ( 'NONE',  ( -0.8383313097722883134, 0.5451610909221967782, 0.000000000000000000 ) ) ;
#10100 = ORIENTED_EDGE ( 'NONE', *, *, #10787, .F. ) ;
#10101 = AXIS2_PLACEMENT_3D ( 'NONE', #4487, #3722, #5353 ) ;
#10102 = CARTESIAN_POINT ( 'NONE',  ( -69.89206765410000344, 59.70207738771625117, 17.00000000000000000 ) ) ;
#10103 = ORIENTED_EDGE ( 'NONE', *, *, #5940, .F. ) ;
#10104 = ADVANCED_FACE ( 'NONE', ( #10255 ), #4467, .T. ) ;
#10105 = DIRECTION ( 'NONE',  ( -1.000000000000000000, 0.000000000000000000, 0.000000000000000000 ) ) ;
#10106 = LINE ( 'NONE', #8357, #8046 ) ;
#10107 = EDGE_CURVE ( 'NONE', #7962, #5146, #4573, .T. ) ;
#10108 = ORIENTED_EDGE ( 'NONE', *, *, #2086, .T. ) ;
#10109 = ADVANCED_FACE ( 'NONE', ( #2884 ), #7019, .F. ) ;
#10110 = DIRECTION ( 'NONE',  ( -0.9986619258901330287, -0.05171419319113945701, 0.000000000000000000 ) ) ;
#10111 = AXIS2_PLACEMENT_3D ( 'NONE', #1021, #3415, #1891 ) ;
#10112 = CARTESIAN_POINT ( 'NONE',  ( 69.89206765410000344, 59.70207738771625117, -3.000000000000000000 ) ) ;
#10113 = DIRECTION ( 'NONE',  ( -0.000000000000000000, -0.000000000000000000, 1.000000000000000000 ) ) ;
#10114 = ORIENTED_EDGE ( 'NONE', *, *, #1895, .F. ) ;
#10115 = CARTESIAN_POINT ( 'NONE',  ( -23.73696534790347457, -88.36745145172191940, -3.000000000000000888 ) ) ;
#10116 = CARTESIAN_POINT ( 'NONE',  ( 0.000000000000000000, 0.000000000000000000, -3.000000000000000000 ) ) ;
#10117 = FACE_OUTER_BOUND ( 'NONE', #4407, .T. ) ;
#10118 = EDGE_CURVE ( 'NONE', #8424, #8520, #1718, .T. ) ;
#10119 = EDGE_CURVE ( 'NONE', #6614, #4060, #9596, .T. ) ;
#10120 = ORIENTED_EDGE ( 'NONE', *, *, #256, .F. ) ;
#10121 = ORIENTED_EDGE ( 'NONE', *, *, #370, .F. ) ;
#10122 = EDGE_CURVE ( 'NONE', #1828, #6491, #2758, .T. ) ;
#10123 = DIRECTION ( 'NONE',  ( 0.6288364132062421730, 0.7775376295883745792, 0.000000000000000000 ) ) ;
#10124 = FACE_OUTER_BOUND ( 'NONE', #7346, .T. ) ;
#10125 = CIRCLE ( 'NONE', #905, 94.00000000000001421 ) ;
#10126 = VERTEX_POINT ( 'NONE', #379 ) ;
#10127 = CARTESIAN_POINT ( 'NONE',  ( -33.17960277616233356, 87.51071245420151001, -18.50000000000000000 ) ) ;
#10128 = CARTESIAN_POINT ( 'NONE',  ( -72.75007835267010137, 42.96768886925981690, -15.99987001606351811 ) ) ;
#10129 = DIRECTION ( 'NONE',  ( -0.9946479639414452789, -0.1033219619787454913, 0.000000000000000000 ) ) ;
#10130 = ORIENTED_EDGE ( 'NONE', *, *, #6965, .T. ) ;
#10131 = VECTOR ( 'NONE', #6984, 999.9999999999998863 ) ;
#10132 = CARTESIAN_POINT ( 'NONE',  ( 0.000000000000000000, 0.000000000000000000, 14.00000000000000000 ) ) ;
#10133 = LINE ( 'NONE', #208, #828 ) ;
#10134 = CARTESIAN_POINT ( 'NONE',  ( 63.85002902483881115, -56.07363253445858220, -16.75820396230648512 ) ) ;
#10135 = B_SPLINE_CURVE_WITH_KNOTS ( 'NONE', 3,
 ( #6226, #8696, #5471, #7817 ),
 .UNSPECIFIED., .F., .F.,
 ( 4, 4 ),
 ( 0.000000000000000000, 1.000000000000000000 ),
 .UNSPECIFIED. ) ;
#10136 = DIRECTION ( 'NONE',  ( -0.000000000000000000, -0.000000000000000000, 1.000000000000000000 ) ) ;
#10137 = LINE ( 'NONE', #6020, #9535 ) ;
#10138 = SPHERICAL_SURFACE ( 'NONE', #330, 2.500000000000000000 ) ;
#10139 = ORIENTED_EDGE ( 'NONE', *, *, #7138, .T. ) ;
#10140 = AXIS2_PLACEMENT_3D ( 'NONE', #7906, #1927, #1106 ) ;
#10141 = CARTESIAN_POINT ( 'NONE',  ( -58.78321495169578270, 10.63113418812139876, -3.000000000000000000 ) ) ;
#10142 = DIRECTION ( 'NONE',  ( 0.8654182317380988421, 0.5010501812945507005, 0.000000000000000000 ) ) ;
#10143 = ORIENTED_EDGE ( 'NONE', *, *, #3387, .F. ) ;
#10144 = CARTESIAN_POINT ( 'NONE',  ( -49.70347058474200708, -11.57431915030803005, -3.000000000000000000 ) ) ;
#10145 = DIRECTION ( 'NONE',  ( 0.000000000000000000, 0.000000000000000000, -1.000000000000000000 ) ) ;
#10146 = DIRECTION ( 'NONE',  ( -1.000000000000000000, 0.000000000000000000, 0.000000000000000000 ) ) ;
#10147 = CARTESIAN_POINT ( 'NONE',  ( -15.21675513427115511, -6.752829723239148763, -3.000000000000000000 ) ) ;
#10148 = CARTESIAN_POINT ( 'NONE',  ( -65.44644493971999566, 36.40720110654964259, 20.72164368867793982 ) ) ;
#10149 = DIRECTION ( 'NONE',  ( -0.1033219619787417581, -0.9946479639414457230, 0.000000000000000000 ) ) ;
#10150 = ORIENTED_EDGE ( 'NONE', *, *, #10790, .T. ) ;
#10151 = EDGE_CURVE ( 'NONE', #2900, #5169, #1914, .T. ) ;
#10152 = DIRECTION ( 'NONE',  ( -0.000000000000000000, 0.000000000000000000, 1.000000000000000000 ) ) ;
#10153 = ORIENTED_EDGE ( 'NONE', *, *, #9400, .F. ) ;
#10154 = CARTESIAN_POINT ( 'NONE',  ( 41.30779598899791694, -43.15267505861624642, -3.000000000000000000 ) ) ;
#10155 = ORIENTED_EDGE ( 'NONE', *, *, #10044, .F. ) ;
#10156 = EDGE_CURVE ( 'NONE', #1343, #3129, #8564, .T. ) ;
#10157 = CARTESIAN_POINT ( 'NONE',  ( 29.00274188510242368, 72.52261042983610650, -3.000000000038265835 ) ) ;
#10158 = CARTESIAN_POINT ( 'NONE',  ( -89.69359066795173874, -7.420228641350721688, 14.00000000000000000 ) ) ;
#10159 = ORIENTED_EDGE ( 'NONE', *, *, #6966, .T. ) ;
#10160 = CIRCLE ( 'NONE', #1975, 94.00000000000001421 ) ;
#10161 = CARTESIAN_POINT ( 'NONE',  ( 78.37788641306555348, 48.02234986748098322, -16.00000000000000000 ) ) ;
#10162 = DIRECTION ( 'NONE',  ( 0.000000000000000000, 0.000000000000000000, -1.000000000000000000 ) ) ;
#10163 = CARTESIAN_POINT ( 'NONE',  ( 19.00742052681857430, 83.87322547598165556, -18.50243452484117768 ) ) ;
#10164 = B_SPLINE_CURVE_WITH_KNOTS ( 'NONE', 3,
 ( #8775, #1474, #485, #8937 ),
 .UNSPECIFIED., .F., .F.,
 ( 4, 4 ),
 ( 0.000000000000000000, 1.000000000000000000 ),
 .UNSPECIFIED. ) ;
#10165 = ORIENTED_EDGE ( 'NONE', *, *, #6073, .F. ) ;
#10166 = DIRECTION ( 'NONE',  ( 1.000000000000000000, 0.000000000000000000, 0.000000000000000000 ) ) ;
#10167 = CARTESIAN_POINT ( 'NONE',  ( -47.01416648434901191, 19.85114610654547818, -3.000000000000000000 ) ) ;
#10168 = CIRCLE ( 'NONE', #241, 94.00000000000001421 ) ;
#10169 = DIRECTION ( 'NONE',  ( 0.000000000000000000, 0.000000000000000000, -1.000000000000000000 ) ) ;
#10170 = EDGE_CURVE ( 'NONE', #5561, #4156, #9895, .T. ) ;
#10171 = AXIS2_PLACEMENT_3D ( 'NONE', #422, #1852, #6135 ) ;
#10172 = ORIENTED_EDGE ( 'NONE', *, *, #9054, .F. ) ;
#10173 = ORIENTED_EDGE ( 'NONE', *, *, #3500, .T. ) ;
#10174 = CARTESIAN_POINT ( 'NONE',  ( 0.000000000000000000, 0.000000000000000000, 14.00000000000000000 ) ) ;
#10175 = EDGE_CURVE ( 'NONE', #9048, #1525, #328, .T. ) ;
#10176 = VERTEX_POINT ( 'NONE', #270 ) ;
#10177 = CARTESIAN_POINT ( 'NONE',  ( 67.34724340130664189, 38.11451710387182601, -8.293734264994503391 ) ) ;
#10178 = DIRECTION ( 'NONE',  ( -0.000000000000000000, -0.000000000000000000, -1.000000000000000000 ) ) ;
#10179 = ADVANCED_FACE ( 'NONE', ( #5393 ), #7073, .T. ) ;
#10180 = EDGE_CURVE ( 'NONE', #10549, #3038, #6575, .T. ) ;
#10181 = DIRECTION ( 'NONE',  ( 0.1033219619787472815, -0.9946479639414450569, 0.000000000000000000 ) ) ;
#10182 = DIRECTION ( 'NONE',  ( -0.000000000000000000, 0.000000000000000000, 1.000000000000000000 ) ) ;
#10183 = ORIENTED_EDGE ( 'NONE', *, *, #7301, .F. ) ;
#10184 = CARTESIAN_POINT ( 'NONE',  ( -35.62433945033689042, 86.98796720654628700, 30.00000000000000355 ) ) ;
#10185 = DIRECTION ( 'NONE',  ( 0.2594203863158855983, 0.9657644967401300962, 0.000000000000000000 ) ) ;
#10186 = DIRECTION ( 'NONE',  ( -1.000000000000000000, 0.000000000000000000, -0.000000000000000000 ) ) ;
#10187 = FACE_OUTER_BOUND ( 'NONE', #3367, .T. ) ;
#10188 = ADVANCED_FACE ( 'NONE', ( #10414 ), #2942, .T. ) ;
#10189 = CARTESIAN_POINT ( 'NONE',  ( -82.64441391930274960, 8.152482462209352576, -13.79952768905836891 ) ) ;
#10190 = ORIENTED_EDGE ( 'NONE', *, *, #8910, .F. ) ;
#10191 = CARTESIAN_POINT ( 'NONE',  ( -73.08853718130734478, 59.11062284138661482, 14.00000000000000000 ) ) ;
#10192 = ADVANCED_FACE ( 'NONE', ( #1962 ), #5282, .T. ) ;
#10193 = CIRCLE ( 'NONE', #10022, 2.500000000000002665 ) ;
#10194 = DIRECTION ( 'NONE',  ( -0.9140381853826243796, 0.4056281494946316624, 0.000000000000000000 ) ) ;
#10195 = VERTEX_POINT ( 'NONE', #6142 ) ;
#10196 = DIRECTION ( 'NONE',  ( -0.000000000000000000, 0.000000000000000000, 1.000000000000000000 ) ) ;
#10197 = DIRECTION ( 'NONE',  ( -0.000000000000000000, -0.000000000000000000, 1.000000000000000000 ) ) ;
#10198 = FACE_OUTER_BOUND ( 'NONE', #8038, .T. ) ;
#10199 = DIRECTION ( 'NONE',  ( -0.000000000000000000, 0.000000000000000000, 1.000000000000000000 ) ) ;
#10200 = CARTESIAN_POINT ( 'NONE',  ( 64.57935473614026023, 55.98854696444902856, -17.57491144068864486 ) ) ;
#10201 = DIRECTION ( 'NONE',  ( -0.000000000000000000, 0.000000000000000000, 1.000000000000000000 ) ) ;
#10202 = VECTOR ( 'NONE', #8523, 1000.000000000000227 ) ;
#10203 = VERTEX_POINT ( 'NONE', #1475 ) ;
#10204 = CARTESIAN_POINT ( 'NONE',  ( 15.21675513427114979, 6.752829723239146098, -3.000000000000000000 ) ) ;
#10205 = ORIENTED_EDGE ( 'NONE', *, *, #7804, .T. ) ;
#10206 = CARTESIAN_POINT ( 'NONE',  ( -73.08853718130734478, -59.11062284138661482, -3.000000000000000000 ) ) ;
#10207 = ORIENTED_EDGE ( 'NONE', *, *, #1109, .F. ) ;
#10208 = LINE ( 'NONE', #3355, #6004 ) ;
#10209 = SPHERICAL_SURFACE ( 'NONE', #5835, 2.500000000000000000 ) ;
#10210 = CIRCLE ( 'NONE', #10037, 90.00000000000001421 ) ;
#10211 = CARTESIAN_POINT ( 'NONE',  ( -7.088774327068976255, 12.24379268254579678, -16.00000000000000000 ) ) ;
#10212 = EDGE_LOOP ( 'NONE', ( #6117, #10622, #9026, #3672, #6364, #5468, #3518, #860 ) ) ;
#10213 = CARTESIAN_POINT ( 'NONE',  ( 47.01416648434900480, 19.85114610654548883, 0.000000000000000000 ) ) ;
#10214 = CARTESIAN_POINT ( 'NONE',  ( -65.39779555252914633, 36.36350374531460972, -6.685161482349332829 ) ) ;
#10215 = CARTESIAN_POINT ( 'NONE',  ( -10.30158234491270797, 64.25558172039380622, -3.000000000000002665 ) ) ;
#10216 = EDGE_CURVE ( 'NONE', #8294, #5257, #139, .T. ) ;
#10217 = AXIS2_PLACEMENT_3D ( 'NONE', #2768, #5219, #6075 ) ;
#10218 = ORIENTED_EDGE ( 'NONE', *, *, #9253, .T. ) ;
#10219 = CARTESIAN_POINT ( 'NONE',  ( 65.49230150114284754, -36.44838992402901567, -6.756281789512105895 ) ) ;
#10220 = DIRECTION ( 'NONE',  ( -0.3577866271546433219, 0.9338033676472280442, 0.000000000000000000 ) ) ;
#10221 = CARTESIAN_POINT ( 'NONE',  ( 52.54170275422328729, 56.89190718866044705, -3.000000000000006661 ) ) ;
#10222 = ORIENTED_EDGE ( 'NONE', *, *, #8749, .T. ) ;
#10223 = VECTOR ( 'NONE', #1239, 1000.000000000000000 ) ;
#10224 = EDGE_LOOP ( 'NONE', ( #1683, #28, #8184, #2958 ) ) ;
#10225 = CARTESIAN_POINT ( 'NONE',  ( 72.90286626746059540, 45.51398666604617205, -18.40430452063434075 ) ) ;
#10226 = ORIENTED_EDGE ( 'NONE', *, *, #4615, .T. ) ;
#10227 = CIRCLE ( 'NONE', #134, 2.499999999999998668 ) ;
#10228 = ORIENTED_EDGE ( 'NONE', *, *, #8258, .T. ) ;
#10229 = CARTESIAN_POINT ( 'NONE',  ( 53.80544377083943886, 25.95113860327623456, -3.000000000000000000 ) ) ;
#10230 = AXIS2_PLACEMENT_3D ( 'NONE', #1618, #4929, #1397 ) ;
#10231 = LINE ( 'NONE', #7719, #3144 ) ;
#10232 = FACE_OUTER_BOUND ( 'NONE', #465, .T. ) ;
#10233 = VERTEX_POINT ( 'NONE', #2285 ) ;
#10234 = EDGE_CURVE ( 'NONE', #8959, #2854, #9986, .T. ) ;
#10235 = CIRCLE ( 'NONE', #1356, 2.500000000000003109 ) ;
#10236 = DIRECTION ( 'NONE',  ( 0.7439559807600397701, 0.6682286275604834014, 0.000000000000000000 ) ) ;
#10237 = DIRECTION ( 'NONE',  ( 0.000000000000000000, 1.000000000000000000, 0.000000000000000000 ) ) ;
#10238 = EDGE_CURVE ( 'NONE', #6320, #4729, #3620, .T. ) ;
#10239 = EDGE_CURVE ( 'NONE', #9623, #5619, #10687, .T. ) ;
#10240 = CARTESIAN_POINT ( 'NONE',  ( 84.31640106982443683, -7.964535418599014704, -16.30701376012162740 ) ) ;
#10241 = DIRECTION ( 'NONE',  ( 1.000000000000000000, 0.000000000000000000, 0.000000000000000000 ) ) ;
#10242 = ORIENTED_EDGE ( 'NONE', *, *, #8415, .T. ) ;
#10243 = VECTOR ( 'NONE', #3596, 1000.000000000000000 ) ;
#10244 = CARTESIAN_POINT ( 'NONE',  ( 76.70731484416435819, -49.88223981938104146, -16.00000000000000000 ) ) ;
#10245 = CIRCLE ( 'NONE', #5025, 94.00000000000001421 ) ;
#10246 = AXIS2_PLACEMENT_3D ( 'NONE', #10087, #2622, #7622 ) ;
#10247 = DIRECTION ( 'NONE',  ( 0.000000000000000000, 0.000000000000000000, 1.000000000000000000 ) ) ;
#10248 = ORIENTED_EDGE ( 'NONE', *, *, #4069, .T. ) ;
#10249 = EDGE_CURVE ( 'NONE', #6395, #5312, #1885, .T. ) ;
#10250 = DIRECTION ( 'NONE',  ( -0.000000000000000000, -0.000000000000000000, -1.000000000000000000 ) ) ;
#10251 = CIRCLE ( 'NONE', #6401, 2.499999999999997335 ) ;
#10252 = LINE ( 'NONE', #4414, #546 ) ;
#10253 = DIRECTION ( 'NONE',  ( 1.000000000000000000, 0.000000000000000000, 0.000000000000000000 ) ) ;
#10254 = CARTESIAN_POINT ( 'NONE',  ( -63.34558840311221672, -55.91184470041158505, 29.99988756943804447 ) ) ;
#10255 = FACE_OUTER_BOUND ( 'NONE', #6042, .T. ) ;
#10256 = EDGE_CURVE ( 'NONE', #6196, #1026, #3103, .T. ) ;
#10257 = DIRECTION ( 'NONE',  ( -0.2594203863158855983, 0.9657644967401300962, 0.000000000000000000 ) ) ;
#10258 = CIRCLE ( 'NONE', #508, 51.03332099679091982 ) ;
#10259 = AXIS2_PLACEMENT_3D ( 'NONE', #6081, #1955, #3693 ) ;
#10260 = VERTEX_POINT ( 'NONE', #8062 ) ;
#10261 = PRESENTATION_STYLE_ASSIGNMENT (( #2890 ) ) ;
#10262 = ORIENTED_EDGE ( 'NONE', *, *, #10439, .F. ) ;
#10263 = B_SPLINE_CURVE_WITH_KNOTS ( 'NONE', 3,
 ( #10520, #1112, #5349, #4431 ),
 .UNSPECIFIED., .F., .F.,
 ( 4, 4 ),
 ( 0.000000000000000000, 1.000000000000000000 ),
 .UNSPECIFIED. ) ;
#10264 = CARTESIAN_POINT ( 'NONE',  ( -33.29199996090789426, -76.08025276627228095, -13.79952768905917715 ) ) ;
#10265 = ORIENTED_EDGE ( 'NONE', *, *, #9158, .T. ) ;
#10266 = DIRECTION ( 'NONE',  ( -0.000000000000000000, -0.000000000000000000, -1.000000000000000000 ) ) ;
#10267 = AXIS2_PLACEMENT_3D ( 'NONE', #291, #8634, #7149 ) ;
#10268 = FACE_OUTER_BOUND ( 'NONE', #5416, .T. ) ;
#10269 = AXIS2_PLACEMENT_3D ( 'NONE', #9152, #10685, #3213 ) ;
#10270 = DIRECTION ( 'NONE',  ( -0.8654182317380988421, -0.5010501812945507005, 0.000000000000000000 ) ) ;
#10271 = ORIENTED_EDGE ( 'NONE', *, *, #1381, .T. ) ;
#10272 = DIRECTION ( 'NONE',  ( -0.000000000000000000, -0.000000000000000000, -1.000000000000000000 ) ) ;
#10273 = CARTESIAN_POINT ( 'NONE',  ( 31.57188114323651718, 79.99330960273168500, 32.50000000002562217 ) ) ;
#10274 = CARTESIAN_POINT ( 'NONE',  ( -14.19361037793812663, 73.02583655896218318, -6.440967781846382856 ) ) ;
#10275 = ORIENTED_EDGE ( 'NONE', *, *, #4384, .T. ) ;
#10276 = DIRECTION ( 'NONE',  ( 1.000000000000000000, 0.000000000000000000, 0.000000000000000000 ) ) ;
#10277 = DIRECTION ( 'NONE',  ( -1.000000000000000000, 0.000000000000000000, 0.000000000000000000 ) ) ;
#10278 = LINE ( 'NONE', #2807, #8343 ) ;
#10279 = ORIENTED_EDGE ( 'NONE', *, *, #3515, .F. ) ;
#10280 = VECTOR ( 'NONE', #9261, 1000.000000000000000 ) ;
#10281 = ORIENTED_EDGE ( 'NONE', *, *, #2560, .F. ) ;
#10282 = DIRECTION ( 'NONE',  ( 0.9946479639414453899, 0.1033219619787452137, 0.000000000000000000 ) ) ;
#10283 = ORIENTED_EDGE ( 'NONE', *, *, #10449, .F. ) ;
#10284 = ORIENTED_EDGE ( 'NONE', *, *, #8241, .T. ) ;
#10285 = CARTESIAN_POINT ( 'NONE',  ( 31.15069624630416456, 66.06596044105312160, -5.741953142339000671 ) ) ;
#10286 = CARTESIAN_POINT ( 'NONE',  ( -84.33978776313250592, -16.81666435622028999, 32.50000000000000711 ) ) ;
#10287 = CARTESIAN_POINT ( 'NONE',  ( 85.07315053167791064, 7.439216513604382186, 31.45153177885274332 ) ) ;
#10288 = ORIENTED_EDGE ( 'NONE', *, *, #3311, .T. ) ;
#10289 = EDGE_CURVE ( 'NONE', #647, #8959, #4646, .T. ) ;
#10290 = CIRCLE ( 'NONE', #897, 91.50000000000001421 ) ;
#10291 = CARTESIAN_POINT ( 'NONE',  ( 21.28169612563273461, -84.08665276534475197, 32.49999999997448441 ) ) ;
#10292 = DIRECTION ( 'NONE',  ( -1.000000000000000000, 0.000000000000000000, 0.000000000000000000 ) ) ;
#10293 = PLANE ( 'NONE',  #9731 ) ;
#10294 = DIRECTION ( 'NONE',  ( -0.000000000000000000, 0.000000000000000000, 1.000000000000000000 ) ) ;
#10295 = EDGE_LOOP ( 'NONE', ( #2016, #4363, #5160, #8830 ) ) ;
#10297 = LINE ( 'NONE', #9478, #3052 ) ;
#10296 = CIRCLE ( 'NONE', #199, 94.00000000000001421 ) ;
#10298 = DIRECTION ( 'NONE',  ( -0.9946479639414453899, -0.1033219619787455051, 0.000000000000000000 ) ) ;
#10299 = ADVANCED_FACE ( 'NONE', ( #1530 ), #5714, .T. ) ;
#10300 = ORIENTED_EDGE ( 'NONE', *, *, #7713, .F. ) ;
#10301 = ADVANCED_FACE ( 'NONE', ( #8117 ), #6492, .T. ) ;
#10302 = DIRECTION ( 'NONE',  ( 0.9778946696698131991, -0.2090980990620600333, 0.000000000000000000 ) ) ;
#10303 = CARTESIAN_POINT ( 'NONE',  ( -76.70731484416437240, 49.88223981938102014, -16.00000000000000000 ) ) ;
#10304 = DIRECTION ( 'NONE',  ( -0.7439559807600391039, -0.6682286275604842896, 0.000000000000000000 ) ) ;
#10305 = CARTESIAN_POINT ( 'NONE',  ( -41.30779598901207805, -43.15267505862443898, 17.00000000000000000 ) ) ;
#10306 = DIRECTION ( 'NONE',  ( 1.000000000000000000, 0.000000000000000000, 0.000000000000000000 ) ) ;
#10307 = AXIS2_PLACEMENT_3D ( 'NONE', #1976, #2136, #8681 ) ;
#10308 = CARTESIAN_POINT ( 'NONE',  ( 69.44178633526023248, -9.523943958850269453, -4.123581316526495399 ) ) ;
#10309 = ORIENTED_EDGE ( 'NONE', *, *, #3904, .F. ) ;
#10310 = EDGE_CURVE ( 'NONE', #5169, #6336, #4902, .T. ) ;
#10311 = EDGE_CURVE ( 'NONE', #3307, #131, #7131, .T. ) ;
#10312 = DIRECTION ( 'NONE',  ( 0.4056281494946325505, -0.9140381853826238245, 0.000000000000000000 ) ) ;
#10313 = ORIENTED_EDGE ( 'NONE', *, *, #1179, .F. ) ;
#10314 = LINE ( 'NONE', #2017, #3019 ) ;
#10315 = ADVANCED_FACE ( 'NONE', ( #2174 ), #5495, .T. ) ;
#10316 = ORIENTED_EDGE ( 'NONE', *, *, #7829, .F. ) ;
#10317 = FACE_OUTER_BOUND ( 'NONE', #7717, .T. ) ;
#10318 = VECTOR ( 'NONE', #7193, 1000.000000000000114 ) ;
#10319 = LINE ( 'NONE', #4477, #2573 ) ;
#10320 = DIRECTION ( 'NONE',  ( -1.000000000000000000, 0.000000000000000000, 0.000000000000000000 ) ) ;
#10321 = ORIENTED_EDGE ( 'NONE', *, *, #1241, .T. ) ;
#10322 = LINE ( 'NONE', #3610, #4730 ) ;
#10323 = CARTESIAN_POINT ( 'NONE',  ( 35.18221305882456562, -84.92026289206620504, -3.000000000000000000 ) ) ;
#10324 = CARTESIAN_POINT ( 'NONE',  ( -58.34773430101150637, 63.17865068152823937, -18.50000000000000000 ) ) ;
#10325 = ADVANCED_FACE ( 'NONE', ( #10519 ), #8276, .F. ) ;
#10326 = EDGE_LOOP ( 'NONE', ( #91, #9476, #2988, #7267 ) ) ;
#10327 = DIRECTION ( 'NONE',  ( 0.9946479639414452789, -0.1033219619787473231, 0.000000000000000000 ) ) ;
#10328 = CARTESIAN_POINT ( 'NONE',  ( 72.56107605580299946, 46.15846078177301592, 32.50000000001183764 ) ) ;
#10329 = DIRECTION ( 'NONE',  ( 0.9986619258901330287, 0.05171419319113945701, 0.000000000000000000 ) ) ;
#10330 = EDGE_CURVE ( 'NONE', #526, #9623, #819, .T. ) ;
#10331 = VERTEX_POINT ( 'NONE', #975 ) ;
#10332 = VECTOR ( 'NONE', #5774, 1000.000000000000000 ) ;
#10333 = ORIENTED_EDGE ( 'NONE', *, *, #4486, .T. ) ;
#10334 = DIRECTION ( 'NONE',  ( 1.000000000000000000, -0.000000000000000000, 0.000000000000000000 ) ) ;
#10335 = CARTESIAN_POINT ( 'NONE',  ( 8.054202958852094696, -59.19136076220720355, -3.000000000000000000 ) ) ;
#10336 = EDGE_LOOP ( 'NONE', ( #7762, #9547, #7699, #4792, #9684, #2325, #1108, #559, #6963, #10522, #7159, #3897, #3465, #7447, #675, #8875, #10741, #8929, #3238, #9446, #4450, #255, #8162, #10673, #4598, #3810, #7318, #783, #5070, #4474, #9354, #10288, #2405, #1079, #3180, #3105, #3408, #10656, #1478, #7259 ) ) ;
#10337 = VECTOR ( 'NONE', #7125, 1000.000000000000000 ) ;
#10338 = ORIENTED_EDGE ( 'NONE', *, *, #4564, .F. ) ;
#10339 = CARTESIAN_POINT ( 'NONE',  ( 0.000000000000000000, 0.000000000000000000, 32.50000000000000000 ) ) ;
#10340 = VECTOR ( 'NONE', #264, 1000.000000000000000 ) ;
#10341 = DIRECTION ( 'NONE',  ( -1.000000000000000000, 0.000000000000000000, 0.000000000000000000 ) ) ;
#10342 = LINE ( 'NONE', #6124, #7044 ) ;
#10343 = ORIENTED_EDGE ( 'NONE', *, *, #4969, .F. ) ;
#10344 = DIRECTION ( 'NONE',  ( 0.7439559807600396590, -0.6682286275604836234, 0.000000000000000000 ) ) ;
#10345 = DIRECTION ( 'NONE',  ( -1.000000000000000000, 0.000000000000000000, 0.000000000000000000 ) ) ;
#10346 = DIRECTION ( 'NONE',  ( 0.000000000000000000, 0.000000000000000000, -1.000000000000000000 ) ) ;
#10347 = CARTESIAN_POINT ( 'NONE',  ( 33.63194295253664734, 87.77751655883939463, 17.00000000000000000 ) ) ;
#10348 = ORIENTED_EDGE ( 'NONE', *, *, #3178, .F. ) ;
#10349 = ADVANCED_FACE ( 'NONE', ( #9321 ), #10737, .F. ) ;
#10350 = DIRECTION ( 'NONE',  ( 0.7439559807600424346, -0.6682286275604806258, 0.000000000000000000 ) ) ;
#10351 = CARTESIAN_POINT ( 'NONE',  ( 4.351385440520329162, 50.84747089786795016, -3.000000000000000000 ) ) ;
#10352 = ORIENTED_EDGE ( 'NONE', *, *, #47, .T. ) ;
#10353 = CARTESIAN_POINT ( 'NONE',  ( 53.80544377093073649, 25.95113860335820277, 17.00000000000000000 ) ) ;
#10354 = B_SPLINE_CURVE_WITH_KNOTS ( 'NONE', 3,
 ( #1543, #831, #5780, #1650 ),
 .UNSPECIFIED., .F., .F.,
 ( 4, 4 ),
 ( 0.1618091703081912525, 0.8381908316158817041 ),
 .UNSPECIFIED. ) ;
#10355 = CARTESIAN_POINT ( 'NONE',  ( 0.000000000000000000, 0.000000000000000000, 32.50000000000000000 ) ) ;
#10356 = DIRECTION ( 'NONE',  ( 0.6682286275604832904, 0.7439559807600399921, 0.000000000000000000 ) ) ;
#10357 = LINE ( 'NONE', #5445, #4348 ) ;
#10358 = DIRECTION ( 'NONE',  ( 1.000000000000000000, 0.000000000000000000, 0.000000000000000000 ) ) ;
#10359 = CARTESIAN_POINT ( 'NONE',  ( 73.83776453560179220, -9.067298885476523296, -6.440967781862387831 ) ) ;
#10360 = ORIENTED_EDGE ( 'NONE', *, *, #8258, .F. ) ;
#10361 = AXIS2_PLACEMENT_3D ( 'NONE', #6626, #9966, #2498 ) ;
#10362 = CARTESIAN_POINT ( 'NONE',  ( 28.27582184931180365, 52.62095849507837642, 17.00000000000000000 ) ) ;
#10363 = ORIENTED_EDGE ( 'NONE', *, *, #4435, .T. ) ;
#10364 = CARTESIAN_POINT ( 'NONE',  ( -21.93100997857471413, 56.02901731507557059, 17.00000000000000000 ) ) ;
#10365 = VERTEX_POINT ( 'NONE', #5011 ) ;
#10366 = CARTESIAN_POINT ( 'NONE',  ( 15.21675513427114979, 6.752829723239146098, -3.000000000000000000 ) ) ;
#10367 = CARTESIAN_POINT ( 'NONE',  ( 0.000000000000000000, 0.000000000000000000, -3.000000000000000000 ) ) ;
#10368 = ADVANCED_FACE ( 'NONE', ( #5972 ), #5115, .T. ) ;
#10369 = CARTESIAN_POINT ( 'NONE',  ( 19.00742052681857430, 83.87322547598165556, -18.50243452484117768 ) ) ;
#10370 = CARTESIAN_POINT ( 'NONE',  ( -20.65978700115073963, -87.59665062699079385, 14.00000000000000000 ) ) ;
#10371 = ORIENTED_EDGE ( 'NONE', *, *, #958, .T. ) ;
#10372 = CARTESIAN_POINT ( 'NONE',  ( 69.89206765410007449, -59.70207738771622274, -3.000000000000000000 ) ) ;
#10373 = B_SPLINE_CURVE_WITH_KNOTS ( 'NONE', 3,
 ( #4199, #3270, #6637, #1532, #8178, #1593, #9976, #6737, #5868, #2507, #2403, #7463, #5716, #7518 ),
 .UNSPECIFIED., .F., .F.,
 ( 4, 2, 2, 2, 2, 2, 4 ),
 ( 0.000000000000000000, 0.001101176268175557216, 0.001651764402263337667, 0.002202352536351118335, 0.002752940670438899003, 0.003303528804526679671, 0.004404705072702236671 ),
 .UNSPECIFIED. ) ;
#10374 = CARTESIAN_POINT ( 'NONE',  ( 34.09594163849769899, 87.54571755189675741, -16.50942879078079528 ) ) ;
#10375 = EDGE_CURVE ( 'NONE', #6557, #5317, #1, .T. ) ;
#10376 = EDGE_CURVE ( 'NONE', #6516, #4433, #7621, .T. ) ;
#10377 = ORIENTED_EDGE ( 'NONE', *, *, #510, .T. ) ;
#10378 = DIRECTION ( 'NONE',  ( 0.000000000000000000, 0.000000000000000000, -1.000000000000000000 ) ) ;
#10379 = CARTESIAN_POINT ( 'NONE',  ( -15.21675513427112492, 6.752829723239115012, -3.000000000000000000 ) ) ;
#10380 = VECTOR ( 'NONE', #3460, 1000.000000000000000 ) ;
#10381 = CIRCLE ( 'NONE', #4978, 51.03332099679091982 ) ;
#10382 = FACE_OUTER_BOUND ( 'NONE', #10475, .T. ) ;
#10383 = CARTESIAN_POINT ( 'NONE',  ( 35.62433945033694727, -86.98796720654627279, 30.00000000000000355 ) ) ;
#10384 = ORIENTED_EDGE ( 'NONE', *, *, #1663, .T. ) ;
#10385 = EDGE_CURVE ( 'NONE', #5082, #3536, #4675, .T. ) ;
#10386 = ORIENTED_EDGE ( 'NONE', *, *, #5877, .F. ) ;
#10387 = PLANE ( 'NONE',  #5933 ) ;
#10388 = CARTESIAN_POINT ( 'NONE',  ( 72.75018757564316729, 42.96752443004016442, -15.99988756943857027 ) ) ;
#10389 = VECTOR ( 'NONE', #3670, 1000.000000000000114 ) ;
#10390 = ORIENTED_EDGE ( 'NONE', *, *, #6688, .T. ) ;
#10391 = EDGE_CURVE ( 'NONE', #9063, #1279, #9105, .T. ) ;
#10392 = EDGE_LOOP ( 'NONE', ( #739, #6505, #8890 ) ) ;
#10393 = DIRECTION ( 'NONE',  ( 0.5451610909221966672, -0.8383313097722882024, -7.679925588224743616E-15 ) ) ;
#10394 = CYLINDRICAL_SURFACE ( 'NONE', #1201, 90.00000000000001421 ) ;
#10395 = CARTESIAN_POINT ( 'NONE',  ( 85.15828051337327054, 7.332600169193182360, 31.57978544520856445 ) ) ;
#10396 = VECTOR ( 'NONE', #6411, 1000.000000000000000 ) ;
#10397 = EDGE_LOOP ( 'NONE', ( #2005, #6977, #5800, #8748 ) ) ;
#10398 = CARTESIAN_POINT ( 'NONE',  ( -33.53311427735878425, 78.27104868755162670, -17.04213425600548248 ) ) ;
#10399 = CARTESIAN_POINT ( 'NONE',  ( 63.43535550624139319, -55.96385807356721642, -16.15434426884718278 ) ) ;
#10400 = CARTESIAN_POINT ( 'NONE',  ( 69.89206765410007449, -59.70207738771621564, -16.00000000000000000 ) ) ;
#10401 = CARTESIAN_POINT ( 'NONE',  ( 19.34163871811759705, -83.25623566405043618, -17.57978544520781838 ) ) ;
#10402 = VECTOR ( 'NONE', #6781, 1000.000000000000114 ) ;
#10403 = ORIENTED_EDGE ( 'NONE', *, *, #10439, .T. ) ;
#10404 = CARTESIAN_POINT ( 'NONE',  ( 84.33978776313246328, -16.81666435622047118, 32.50000000000000000 ) ) ;
#10405 = CARTESIAN_POINT ( 'NONE',  ( 0.000000000000000000, 0.000000000000000000, -16.00000000000000000 ) ) ;
#10406 = ORIENTED_EDGE ( 'NONE', *, *, #8438, .T. ) ;
#10407 = VERTEX_POINT ( 'NONE', #3323 ) ;
#10408 = CARTESIAN_POINT ( 'NONE',  ( 0.000000000000000000, 0.000000000000000000, 32.50000000000000000 ) ) ;
#10409 = VECTOR ( 'NONE', #7802, 1000.000000000000000 ) ;
#10410 = EDGE_CURVE ( 'NONE', #10561, #2257, #2505, .T. ) ;
#10411 = CARTESIAN_POINT ( 'NONE',  ( -32.73747638465003718, 85.44300813972132858, -3.000000000000000888 ) ) ;
#10412 = PLANE ( 'NONE',  #998 ) ;
#10413 = CARTESIAN_POINT ( 'NONE',  ( 73.08853718130734478, -59.11062284138661482, 14.00000000000000000 ) ) ;
#10414 = FACE_OUTER_BOUND ( 'NONE', #3947, .T. ) ;
#10415 = CYLINDRICAL_SURFACE ( 'NONE', #3467, 2.499999999999998224 ) ;
#10416 = ORIENTED_EDGE ( 'NONE', *, *, #7501, .T. ) ;
#10417 = ORIENTED_EDGE ( 'NONE', *, *, #780, .T. ) ;
#10418 = CARTESIAN_POINT ( 'NONE',  ( -68.20213817285898017, -58.72366089278028767, 14.00000000000000000 ) ) ;
#10419 = ORIENTED_EDGE ( 'NONE', *, *, #7917, .T. ) ;
#10420 = CARTESIAN_POINT ( 'NONE',  ( -32.79433942774463873, -79.27903781224192414, -18.13538959017421703 ) ) ;
#10421 = CARTESIAN_POINT ( 'NONE',  ( 41.30779598900480210, 43.15267505862024677, 17.00000000000000000 ) ) ;
#10422 = EDGE_CURVE ( 'NONE', #7485, #1089, #7460, .T. ) ;
#10423 = AXIS2_PLACEMENT_3D ( 'NONE', #4468, #5234, #3654 ) ;
#10424 = LINE ( 'NONE', #2956, #10318 ) ;
#10425 = CARTESIAN_POINT ( 'NONE',  ( 0.000000000000000000, 0.000000000000000000, 17.00000000000000000 ) ) ;
#10426 = VERTEX_POINT ( 'NONE', #1640 ) ;
#10427 = FACE_OUTER_BOUND ( 'NONE', #4379, .T. ) ;
#10428 = DIRECTION ( 'NONE',  ( -0.2090980990620599778, 0.9778946696698130880, 0.000000000000000000 ) ) ;
#10429 = EDGE_LOOP ( 'NONE', ( #1498, #1075, #10262, #7229 ) ) ;
#10430 = DIRECTION ( 'NONE',  ( 0.000000000000000000, 1.000000000000000000, -1.387778780781445478E-15 ) ) ;
#10431 = AXIS2_PLACEMENT_3D ( 'NONE', #9193, #853, #5902 ) ;
#10432 = EDGE_CURVE ( 'NONE', #10203, #7453, #858, .T. ) ;
#10433 = CYLINDRICAL_SURFACE ( 'NONE', #7242, 2.500000000000000000 ) ;
#10434 = CIRCLE ( 'NONE', #5723, 2.500000000000002220 ) ;
#10435 = CARTESIAN_POINT ( 'NONE',  ( 15.21675513427112492, 6.752829723239115012, 17.00000000000000000 ) ) ;
#10436 = LINE ( 'NONE', #10383, #4250 ) ;
#10437 = ORIENTED_EDGE ( 'NONE', *, *, #7684, .T. ) ;
#10438 = ADVANCED_FACE ( 'NONE', ( #4088 ), #7516, .T. ) ;
#10439 = EDGE_CURVE ( 'NONE', #3275, #2356, #2420, .T. ) ;
#10440 = ORIENTED_EDGE ( 'NONE', *, *, #3023, .F. ) ;
#10441 = AXIS2_PLACEMENT_3D ( 'NONE', #2304, #677, #7260 ) ;
#10442 = CARTESIAN_POINT ( 'NONE',  ( 73.16380456029808954, 43.73191698504185609, 31.18342693136434818 ) ) ;
#10443 = AXIS2_PLACEMENT_3D ( 'NONE', #2065, #2283, #9758 ) ;
#10444 = CARTESIAN_POINT ( 'NONE',  ( 15.19047032484198390, -58.21915141172058128, -3.000000000000000000 ) ) ;
#10445 = ORIENTED_EDGE ( 'NONE', *, *, #2180, .F. ) ;
#10446 = VERTEX_POINT ( 'NONE', #6793 ) ;
#10447 = EDGE_CURVE ( 'NONE', #7736, #3861, #7506, .T. ) ;
#10448 = CARTESIAN_POINT ( 'NONE',  ( 16.27982722542985528, 3.481030249449609482, -3.000000000000000000 ) ) ;
#10449 = EDGE_CURVE ( 'NONE', #5317, #2049, #10073, .T. ) ;
#10450 = CARTESIAN_POINT ( 'NONE',  ( -85.64179367128221543, 7.841120887062017708, 30.00000000000000355 ) ) ;
#10451 = DIRECTION ( 'NONE',  ( -0.8383313097722883134, -0.5451610909221967782, 0.000000000000000000 ) ) ;
#10452 = AXIS2_PLACEMENT_3D ( 'NONE', #9012, #2418, #10535 ) ;
#10453 = ORIENTED_EDGE ( 'NONE', *, *, #5385, .F. ) ;
#10454 = EDGE_CURVE ( 'NONE', #1297, #8520, #6955, .T. ) ;
#10455 = CARTESIAN_POINT ( 'NONE',  ( 65.92939674319903531, -54.51903777309085086, -18.50000000000000000 ) ) ;
#10456 = PLANE ( 'NONE',  #4144 ) ;
#10457 = DIRECTION ( 'NONE',  ( 0.05171419319113981089, 0.9986619258901331397, 0.000000000000000000 ) ) ;
#10458 = CARTESIAN_POINT ( 'NONE',  ( -23.73696534790347457, 88.36745145172191940, 17.00000000000000000 ) ) ;
#10459 = VERTEX_POINT ( 'NONE', #7724 ) ;
#10460 = CARTESIAN_POINT ( 'NONE',  ( 89.69359066795173874, -7.420228641350739451, 14.00000000000000000 ) ) ;
#10461 = CARTESIAN_POINT ( 'NONE',  ( 0.000000000000000000, 0.000000000000000000, -3.000000000000000000 ) ) ;
#10462 = ORIENTED_EDGE ( 'NONE', *, *, #5865, .F. ) ;
#10463 = ORIENTED_EDGE ( 'NONE', *, *, #7899, .F. ) ;
#10464 = CARTESIAN_POINT ( 'NONE',  ( -20.03693042565683413, -86.19352676786024858, 29.99977963718097840 ) ) ;
#10465 = DIRECTION ( 'NONE',  ( -0.000000000000000000, -0.000000000000000000, 1.000000000000000000 ) ) ;
#10466 = CARTESIAN_POINT ( 'NONE',  ( 32.73747638465002296, -85.44300813972131436, -16.00000000000000000 ) ) ;
#10467 = CARTESIAN_POINT ( 'NONE',  ( -77.93544135416968288, -5.172527561117598260, -3.000000000095648378 ) ) ;
#10468 = B_SPLINE_CURVE_WITH_KNOTS ( 'NONE', 3,
 ( #2410, #3930, #10583, #10642, #5722, #8893, #9065, #4095, #3115, #2183, #1429, #8233, #6424, #4748, #7413, #8071 ),
 .UNSPECIFIED., .F., .F.,
 ( 4, 2, 2, 2, 2, 2, 2, 4 ),
 ( 0.000000000000000000, 0.0005514947311280923425, 0.001102989462256184685, 0.002205978924512369370, 0.002757473655640461929, 0.003308968386768554055, 0.003860463117896646180, 0.004411957849024738740 ),
 .UNSPECIFIED. ) ;
#10469 = DIRECTION ( 'NONE',  ( -1.000000000000000000, 0.000000000000000000, 0.000000000000000000 ) ) ;
#10470 = ORIENTED_EDGE ( 'NONE', *, *, #2284, .T. ) ;
#10471 = AXIS2_PLACEMENT_3D ( 'NONE', #5969, #7103, #2861 ) ;
#10472 = CARTESIAN_POINT ( 'NONE',  ( -4.351385440520324721, 50.84747089786795016, 17.00000000000000000 ) ) ;
#10473 = VERTEX_POINT ( 'NONE', #9425 ) ;
#10474 = DIRECTION ( 'NONE',  ( -1.000000000000000000, 0.000000000000000000, 0.000000000000000000 ) ) ;
#10475 = EDGE_LOOP ( 'NONE', ( #9238, #10248, #7217, #10155, #10722, #1168, #3055, #3846, #9497, #7641, #4350, #4806, #9841, #6400, #3959, #8900, #265, #3784, #6603, #2819, #9792, #3618, #10321, #1629, #527, #10190, #9337, #3660, #2271, #4927, #10352, #3466, #4281, #3822, #3986, #2190, #2074, #7407, #6136, #7284, #6474, #4892, #5886, #4011 ) ) ;
#10476 = CARTESIAN_POINT ( 'NONE',  ( 50.67558984018022983, 32.43770297263294111, 17.00000000000000000 ) ) ;
#10477 = CIRCLE ( 'NONE', #1080, 2.500000000000001332 ) ;
#10478 = CARTESIAN_POINT ( 'NONE',  ( -78.80314311859508791, -51.24514254668654445, 17.00000000000000000 ) ) ;
#10479 = CARTESIAN_POINT ( 'NONE',  ( 0.000000000000000000, 0.000000000000000000, 30.00000000000000000 ) ) ;
#10480 = EDGE_LOOP ( 'NONE', ( #10582, #7261, #855, #4711 ) ) ;
#10481 = CARTESIAN_POINT ( 'NONE',  ( -76.70731484416437240, -49.88223981938105567, 17.00000000000000000 ) ) ;
#10482 = DIRECTION ( 'NONE',  ( 0.9946479639414452789, -0.1033219619787452692, 0.000000000000000000 ) ) ;
#10483 = ORIENTED_EDGE ( 'NONE', *, *, #1903, .T. ) ;
#10484 = EDGE_CURVE ( 'NONE', #5469, #6165, #8554, .T. ) ;
#10485 = CARTESIAN_POINT ( 'NONE',  ( -74.66599618813211237, 8.981263903840172702, 20.90428872914644387 ) ) ;
#10486 = VECTOR ( 'NONE', #4164, 1000.000000000000227 ) ;
#10487 = DIRECTION ( 'NONE',  ( -0.000000000000000000, -0.000000000000000000, -1.000000000000000000 ) ) ;
#10488 = CYLINDRICAL_SURFACE ( 'NONE', #4001, 2.500000000000000888 ) ;
#10489 = FACE_OUTER_BOUND ( 'NONE', #7391, .T. ) ;
#10490 = ORIENTED_EDGE ( 'NONE', *, *, #1237, .T. ) ;
#10491 = ORIENTED_EDGE ( 'NONE', *, *, #6829, .T. ) ;
#10492 = CARTESIAN_POINT ( 'NONE',  ( 73.19412215330979166, 44.40009685088755020, 31.81104402677312137 ) ) ;
#10493 = FACE_OUTER_BOUND ( 'NONE', #6483, .T. ) ;
#10494 = VERTEX_POINT ( 'NONE', #10400 ) ;
#10495 = ORIENTED_EDGE ( 'NONE', *, *, #8395, .T. ) ;
#10496 = DIRECTION ( 'NONE',  ( -0.000000000000000000, 0.000000000000000000, 1.000000000000000000 ) ) ;
#10497 = FACE_OUTER_BOUND ( 'NONE', #2948, .T. ) ;
#10498 = CARTESIAN_POINT ( 'NONE',  ( -80.19138544283451608, -8.407297958914416114, 24.91900855182976926 ) ) ;
#10499 = ORIENTED_EDGE ( 'NONE', *, *, #5640, .F. ) ;
#10500 = ORIENTED_EDGE ( 'NONE', *, *, #2589, .F. ) ;
#10501 = ADVANCED_FACE ( 'NONE', ( #2823 ), #1083, .T. ) ;
#10502 = LINE ( 'NONE', #8648, #9185 ) ;
#10503 = CARTESIAN_POINT ( 'NONE',  ( 64.29405371707191819, 10.05867971776699932, 17.00000000000000355 ) ) ;
#10504 = DIRECTION ( 'NONE',  ( -1.000000000000000000, 0.000000000000000000, 0.000000000000000000 ) ) ;
#10505 = AXIS2_PLACEMENT_3D ( 'NONE', #7136, #8069, #10474 ) ;
#10506 = DIRECTION ( 'NONE',  ( -0.000000000000000000, -0.000000000000000000, 1.000000000000000000 ) ) ;
#10507 = EDGE_CURVE ( 'NONE', #3233, #8294, #4455, .T. ) ;
#10508 = ORIENTED_EDGE ( 'NONE', *, *, #2979, .T. ) ;
#10509 = EDGE_CURVE ( 'NONE', #7536, #8816, #3862, .T. ) ;
#10510 = CYLINDRICAL_SURFACE ( 'NONE', #7745, 2.500000000000002220 ) ;
#10511 = CIRCLE ( 'NONE', #4594, 2.500000000000002220 ) ;
#10512 = CARTESIAN_POINT ( 'NONE',  ( -66.32191054007846276, 54.74593539653741203, 32.50000000000000000 ) ) ;
#10513 = ORIENTED_EDGE ( 'NONE', *, *, #10095, .F. ) ;
#10514 = ORIENTED_EDGE ( 'NONE', *, *, #8002, .F. ) ;
#10515 = ADVANCED_FACE ( 'NONE', ( #8602 ), #312, .T. ) ;
#10516 = DIRECTION ( 'NONE',  ( -0.9140381853826243796, 0.4056281494946316069, 0.000000000000000000 ) ) ;
#10517 = CARTESIAN_POINT ( 'NONE',  ( 61.81158078040260051, 33.14233013116201221, 18.13389584072262650 ) ) ;
#10518 = CARTESIAN_POINT ( 'NONE',  ( 41.30779598911157535, 43.15267505868207110, -3.000000000000000000 ) ) ;
#10519 = FACE_OUTER_BOUND ( 'NONE', #9941, .T. ) ;
#10520 = CARTESIAN_POINT ( 'NONE',  ( -28.27582184931257103, 52.62095849508197176, -3.000000000000000000 ) ) ;
#10521 = CYLINDRICAL_SURFACE ( 'NONE', #7990, 2.499999999999999556 ) ;
#10522 = ORIENTED_EDGE ( 'NONE', *, *, #5579, .T. ) ;
#10523 = EDGE_CURVE ( 'NONE', #8983, #6601, #1371, .T. ) ;
#10524 = CARTESIAN_POINT ( 'NONE',  ( -33.40773828059417383, -38.57878788838270623, -3.000000000000000000 ) ) ;
#10525 = CARTESIAN_POINT ( 'NONE',  ( -71.14469310733637997, -57.53853180837101888, -16.00000000000000000 ) ) ;
#10526 = DIRECTION ( 'NONE',  ( 0.2090980990620606439, -0.9778946696698130880, 0.000000000000000000 ) ) ;
#10527 = ORIENTED_EDGE ( 'NONE', *, *, #7766, .T. ) ;
#10528 = DIRECTION ( 'NONE',  ( -0.6682286275604838455, 0.7439559807600393260, 0.000000000000000000 ) ) ;
#10529 = CARTESIAN_POINT ( 'NONE',  ( -85.79822000059330378, -5.675252157176386092, 32.47998818980927638 ) ) ;
#10530 = DIRECTION ( 'NONE',  ( -0.9778946696698141983, -0.2090980990620547597, 0.000000000000000000 ) ) ;
#10531 = VERTEX_POINT ( 'NONE', #7878 ) ;
#10532 = CARTESIAN_POINT ( 'NONE',  ( -33.63194295253664734, 87.77751655883939463, -3.000000000000000000 ) ) ;
#10533 = CARTESIAN_POINT ( 'NONE',  ( -71.14469310733639418, 57.53853180837101178, 14.00000000000000000 ) ) ;
#10534 = ORIENTED_EDGE ( 'NONE', *, *, #4624, .F. ) ;
#10535 = DIRECTION ( 'NONE',  ( -0.9778946696698131991, -0.2090980990620599778, 0.000000000000000000 ) ) ;
#10536 = DIRECTION ( 'NONE',  ( 0.4056281494946315513, 0.9140381853826242686, 0.000000000000000000 ) ) ;
#10537 = CARTESIAN_POINT ( 'NONE',  ( -10.06882950245219632, 85.40853980984894633, 32.50000000000000000 ) ) ;
#10538 = CARTESIAN_POINT ( 'NONE',  ( 68.20213817285895175, 58.72366089278028767, 17.00000000000000000 ) ) ;
#10539 = AXIS2_PLACEMENT_3D ( 'NONE', #8819, #1352, #4676 ) ;
#10540 = ORIENTED_EDGE ( 'NONE', *, *, #3516, .F. ) ;
#10541 = LINE ( 'NONE', #3072, #9614 ) ;
#10542 = ORIENTED_EDGE ( 'NONE', *, *, #10709, .F. ) ;
#10543 = ADVANCED_FACE ( 'NONE', ( #7005 ), #10293, .T. ) ;
#10544 = DIRECTION ( 'NONE',  ( 0.9338033676472282663, -0.3577866271546433774, 2.591824998086154286E-15 ) ) ;
#10545 = CARTESIAN_POINT ( 'NONE',  ( -6.993962115396919366, 59.32607078270306289, -3.000000000000002665 ) ) ;
#10546 = VERTEX_POINT ( 'NONE', #5433 ) ;
#10547 = VECTOR ( 'NONE', #7437, 1000.000000000000000 ) ;
#10548 = VECTOR ( 'NONE', #2307, 1000.000000000000227 ) ;
#10549 = VERTEX_POINT ( 'NONE', #1185 ) ;
#10550 = CARTESIAN_POINT ( 'NONE',  ( 0.000000000000000000, 0.000000000000000000, 17.00000000000000000 ) ) ;
#10551 = DIRECTION ( 'NONE',  ( -0.8383313097722894236, 0.5451610909221947798, 0.000000000000000000 ) ) ;
#10552 = CARTESIAN_POINT ( 'NONE',  ( -73.83776453563324083, -9.067298885473256576, 20.44096778185729946 ) ) ;
#10553 = EDGE_LOOP ( 'NONE', ( #249, #10390, #4653, #3074, #7663, #754, #5883, #7360 ) ) ;
#10554 = VECTOR ( 'NONE', #202, 1000.000000000000114 ) ;
#10555 = AXIS2_PLACEMENT_3D ( 'NONE', #6322, #562, #453 ) ;
#10556 = VERTEX_POINT ( 'NONE', #4404 ) ;
#10557 = CARTESIAN_POINT ( 'NONE',  ( -4.351385440520346926, 50.84747089786795016, -3.000000000000000000 ) ) ;
#10558 = CARTESIAN_POINT ( 'NONE',  ( -78.80314311859510212, 51.24514254668652313, -3.000000000000000000 ) ) ;
#10559 = CARTESIAN_POINT ( 'NONE',  ( 47.01416648434901191, 19.85114610654549594, 14.00000000000000000 ) ) ;
#10560 = CARTESIAN_POINT ( 'NONE',  ( 68.20213817285896596, -58.72366089278028767, -3.000000000000000000 ) ) ;
#10561 = VERTEX_POINT ( 'NONE', #4508 ) ;
#10562 = CIRCLE ( 'NONE', #6366, 90.00000000000001421 ) ;
#10563 = DIRECTION ( 'NONE',  ( -0.2090980990620607549, -0.9778946696698130880, 0.000000000000000000 ) ) ;
#10564 = EDGE_CURVE ( 'NONE', #2688, #734, #1135, .T. ) ;
#10565 = CARTESIAN_POINT ( 'NONE',  ( 6.993962115396918477, 59.32607078270306289, 17.00000000000000000 ) ) ;
#10566 = EDGE_LOOP ( 'NONE', ( #7583, #1276, #7675 ) ) ;
#10567 = ORIENTED_EDGE ( 'NONE', *, *, #6859, .F. ) ;
#10568 = EDGE_CURVE ( 'NONE', #4105, #10473, #3689, .T. ) ;
#10569 = EDGE_CURVE ( 'NONE', #7581, #4546, #3580, .T. ) ;
#10570 = FACE_OUTER_BOUND ( 'NONE', #10660, .T. ) ;
#10571 = CIRCLE ( 'NONE', #8652, 2.500000000000000444 ) ;
#10572 = DIRECTION ( 'NONE',  ( -0.000000000000000000, -0.000000000000000000, 1.000000000000000000 ) ) ;
#10573 = CARTESIAN_POINT ( 'NONE',  ( 0.000000000000000000, 0.000000000000000000, 17.00000000000000000 ) ) ;
#10574 = CARTESIAN_POINT ( 'NONE',  ( -65.49230150118985705, 36.44838992407121481, -6.756281789479484878 ) ) ;
#10575 = CARTESIAN_POINT ( 'NONE',  ( -35.23747638465012955, -85.44300813972128594, -3.000000000000000888 ) ) ;
#10576 = ORIENTED_EDGE ( 'NONE', *, *, #8979, .T. ) ;
#10577 = ORIENTED_EDGE ( 'NONE', *, *, #6874, .T. ) ;
#10578 = CARTESIAN_POINT ( 'NONE',  ( 47.01416648434901191, -19.85114610654548528, 0.000000000000000000 ) ) ;
#10579 = ADVANCED_FACE ( 'NONE', ( #9527 ), #2055, .T. ) ;
#10580 = VECTOR ( 'NONE', #3557, 1000.000000000000000 ) ;
#10581 = CARTESIAN_POINT ( 'NONE',  ( 10.30158234491479874, 64.25558172039851002, 17.00000000000000355 ) ) ;
#10582 = ORIENTED_EDGE ( 'NONE', *, *, #5762, .F. ) ;
#10583 = CARTESIAN_POINT ( 'NONE',  ( -66.07638854650954841, 55.02230383176263473, -18.47998818981112379 ) ) ;
#10584 = ADVANCED_FACE ( 'NONE', ( #3638 ), #4157, .T. ) ;
#10585 = CARTESIAN_POINT ( 'NONE',  ( -84.11181528014994058, -8.000029888344043272, 29.99988756943569257 ) ) ;
#10586 = LINE ( 'NONE', #9770, #9899 ) ;
#10587 = ORIENTED_EDGE ( 'NONE', *, *, #9070, .F. ) ;
#10588 = CARTESIAN_POINT ( 'NONE',  ( 0.000000000000000000, 0.000000000000000000, -3.000000000000000000 ) ) ;
#10589 = CARTESIAN_POINT ( 'NONE',  ( 35.15519123263657519, 86.09910886046172607, -18.00660452547106871 ) ) ;
#10590 = AXIS2_PLACEMENT_3D ( 'NONE', #500, #7032, #2242 ) ;
#10591 = EDGE_LOOP ( 'NONE', ( #10577, #6006, #7354, #5679 ) ) ;
#10592 = CARTESIAN_POINT ( 'NONE',  ( -21.47669927728860628, -83.27343302803696190, -18.50000000003077716 ) ) ;
#10593 = ORIENTED_EDGE ( 'NONE', *, *, #9834, .T. ) ;
#10594 = AXIS2_PLACEMENT_3D ( 'NONE', #9772, #9878, #2414 ) ;
#10595 = LINE ( 'NONE', #3942, #1041 ) ;
#10596 = ORIENTED_EDGE ( 'NONE', *, *, #1131, .T. ) ;
#10597 = B_SPLINE_SURFACE_WITH_KNOTS ( 'NONE', 2, 3, ( 
 ( #3976, #6467, #6353, #2994 ),
 ( #8882, #5443, #7347, #9808 ),
 ( #5492, #3044, #9645, #2337 ) ),
 .UNSPECIFIED., .F., .F., .F.,
 ( 3, 3 ),
 ( 4, 4 ),
 ( 0.000000000000000000, 1.000000000000000000 ),
 ( 5.458056066844974019, 5.851677486078281198 ),
 .UNSPECIFIED. ) ;
#10598 = CARTESIAN_POINT ( 'NONE',  ( 24.38551631369324113, 90.78186269357225058, 17.00000000000000000 ) ) ;
#10599 = CIRCLE ( 'NONE', #10423, 2.499999999999998668 ) ;
#10600 = ORIENTED_EDGE ( 'NONE', *, *, #3911, .F. ) ;
#10601 = CARTESIAN_POINT ( 'NONE',  ( -73.89672013658169192, -9.061174700253504355, -6.472556012220842092 ) ) ;
#10602 = ORIENTED_EDGE ( 'NONE', *, *, #7248, .F. ) ;
#10603 = CARTESIAN_POINT ( 'NONE',  ( 31.57188114326238448, -79.99330960279736757, -18.49999999999974420 ) ) ;
#10604 = CIRCLE ( 'NONE', #9216, 94.00000000000001421 ) ;
#10605 = CARTESIAN_POINT ( 'NONE',  ( 89.69359066795173874, -7.420228641350725240, -3.000000000000000000 ) ) ;
#10606 = ORIENTED_EDGE ( 'NONE', *, *, #10507, .T. ) ;
#10607 = CIRCLE ( 'NONE', #5398, 2.500000000000002220 ) ;
#10608 = AXIS2_PLACEMENT_3D ( 'NONE', #5485, #8874, #8103 ) ;
#10609 = ORIENTED_EDGE ( 'NONE', *, *, #5109, .T. ) ;
#10610 = CARTESIAN_POINT ( 'NONE',  ( 35.18221305882465799, -84.92026289206613399, 30.00000000000000355 ) ) ;
#10611 = FACE_OUTER_BOUND ( 'NONE', #6175, .T. ) ;
#10612 = CARTESIAN_POINT ( 'NONE',  ( 0.000000000000000000, 0.000000000000000000, 30.00000000000000000 ) ) ;
#10613 = EDGE_CURVE ( 'NONE', #9314, #9963, #9903, .T. ) ;
#10614 = LINE ( 'NONE', #8043, #6346 ) ;
#10615 = ORIENTED_EDGE ( 'NONE', *, *, #3313, .F. ) ;
#10616 = AXIS2_PLACEMENT_3D ( 'NONE', #8867, #2204, #6123 ) ;
#10617 = AXIS2_PLACEMENT_3D ( 'NONE', #9484, #6805, #5931 ) ;
#10618 = ORIENTED_EDGE ( 'NONE', *, *, #7818, .F. ) ;
#10619 = CARTESIAN_POINT ( 'NONE',  ( 49.70347058474199997, 11.57431915030801939, 0.000000000000000000 ) ) ;
#10620 = DIRECTION ( 'NONE',  ( 1.000000000000000000, 0.000000000000000000, -0.000000000000000000 ) ) ;
#10621 = DIRECTION ( 'NONE',  ( -1.000000000000000000, 0.000000000000000000, 0.000000000000000000 ) ) ;
#10622 = ORIENTED_EDGE ( 'NONE', *, *, #6762, .T. ) ;
#10623 = AXIS2_PLACEMENT_3D ( 'NONE', #10115, #2646, #1772 ) ;
#10624 = ADVANCED_FACE ( 'NONE', ( #585 ), #474, .T. ) ;
#10625 = DIRECTION ( 'NONE',  ( -1.000000000000000000, 0.000000000000000000, 0.000000000000000000 ) ) ;
#10626 = CARTESIAN_POINT ( 'NONE',  ( 10.06882950245228336, 85.40853980984893212, 32.50000000000000000 ) ) ;
#10627 = VERTEX_POINT ( 'NONE', #5541 ) ;
#10628 = ORIENTED_EDGE ( 'NONE', *, *, #2244, .T. ) ;
#10629 = COLOUR_RGB ( '',0.7921568627450980005, 0.8196078431372548767, 0.9333333333333333481 ) ;
#10630 = CARTESIAN_POINT ( 'NONE',  ( 0.000000000000000000, 0.000000000000000000, -16.00000000000000000 ) ) ;
#10631 = LINE ( 'NONE', #1638, #10396 ) ;
#10632 = CARTESIAN_POINT ( 'NONE',  ( 31.45303159474566712, -67.47990024739257819, -6.472556012188580787 ) ) ;
#10633 = CARTESIAN_POINT ( 'NONE',  ( 14.21765310680473959, -73.08001419010615507, 20.47255601221485577 ) ) ;
#10634 = DIRECTION ( 'NONE',  ( -1.000000000000000000, 0.000000000000000000, 0.000000000000000000 ) ) ;
#10635 = CARTESIAN_POINT ( 'NONE',  ( -33.96870282449341971, -82.92067240441969034, 31.81050828167774469 ) ) ;
#10636 = ORIENTED_EDGE ( 'NONE', *, *, #6634, .T. ) ;
#10637 = ORIENTED_EDGE ( 'NONE', *, *, #6134, .T. ) ;
#10638 = EDGE_CURVE ( 'NONE', #3564, #8480, #10251, .T. ) ;
#10639 = DIRECTION ( 'NONE',  ( 0.000000000000000000, 1.000000000000000000, 0.000000000000000000 ) ) ;
#10640 = CARTESIAN_POINT ( 'NONE',  ( 12.40088313447173718, 68.98612393412204824, 18.12358131652120363 ) ) ;
#10641 = ORIENTED_EDGE ( 'NONE', *, *, #2718, .F. ) ;
#10642 = CARTESIAN_POINT ( 'NONE',  ( -65.81459821654868847, 55.27015065865808197, -18.40430452063690225 ) ) ;
#10643 = CARTESIAN_POINT ( 'NONE',  ( -85.82107359383698508, -5.493697451005339794, 32.50004557245060255 ) ) ;
#10644 = DIRECTION ( 'NONE',  ( 1.000000000000000000, 0.000000000000000000, 0.000000000000000000 ) ) ;
#10645 = ORIENTED_EDGE ( 'NONE', *, *, #1823, .F. ) ;
#10646 = CARTESIAN_POINT ( 'NONE',  ( -64.58450190668830260, -55.98697954619709805, 31.57978544520868169 ) ) ;
#10647 = VECTOR ( 'NONE', #1142, 999.9999999999998863 ) ;
#10648 = ADVANCED_FACE ( 'NONE', ( #3802 ), #8980, .F. ) ;
#10649 = CARTESIAN_POINT ( 'NONE',  ( 22.37191700933102112, -55.94194604969757734, -3.000000000000002665 ) ) ;
#10650 = ORIENTED_EDGE ( 'NONE', *, *, #6403, .F. ) ;
#10651 = ADVANCED_FACE ( 'NONE', ( #4830 ), #4672, .T. ) ;
#10652 = CARTESIAN_POINT ( 'NONE',  ( -84.11182357194601877, 7.999832654571561896, 29.99987001606582737 ) ) ;
#10653 = EDGE_CURVE ( 'NONE', #7390, #1828, #10604, .T. ) ;
#10654 = ORIENTED_EDGE ( 'NONE', *, *, #7102, .T. ) ;
#10655 = CARTESIAN_POINT ( 'NONE',  ( -9.066906421276861749, 76.90975776729578683, 17.00000000000000355 ) ) ;
#10656 = ORIENTED_EDGE ( 'NONE', *, *, #3387, .T. ) ;
#10657 = AXIS2_PLACEMENT_3D ( 'NONE', #9787, #4814, #2313 ) ;
#10658 = CARTESIAN_POINT ( 'NONE',  ( -93.87422103367251225, -4.861134159967122059, 30.00000000000000000 ) ) ;
#10659 = CARTESIAN_POINT ( 'NONE',  ( -74.66599618812362849, -8.981263903841062657, -6.904288729153075899 ) ) ;
#10660 = EDGE_LOOP ( 'NONE', ( #6443, #4658, #4057, #8670, #5634, #7559, #10242, #1865 ) ) ;
#10661 = CARTESIAN_POINT ( 'NONE',  ( -33.63194295253664023, -87.77751655883939463, 17.00000000000000000 ) ) ;
#10662 = EDGE_CURVE ( 'NONE', #10759, #9555, #2439, .T. ) ;
#10663 = CARTESIAN_POINT ( 'NONE',  ( 0.000000000000000000, 0.000000000000000000, -18.50000000000000000 ) ) ;
#10664 = VERTEX_POINT ( 'NONE', #10559 ) ;
#10665 = VECTOR ( 'NONE', #2196, 1000.000000000000000 ) ;
#10666 = VERTEX_POINT ( 'NONE', #4612 ) ;
#10667 = CARTESIAN_POINT ( 'NONE',  ( -69.89206765410001765, -59.70207738771626538, -16.00000000000000000 ) ) ;
#10668 = CARTESIAN_POINT ( 'NONE',  ( 79.95094027961360439, -49.43528242465760059, 14.00000000000000000 ) ) ;
#10669 = EDGE_CURVE ( 'NONE', #1297, #6125, #8155, .T. ) ;
#10670 = CARTESIAN_POINT ( 'NONE',  ( -47.01416648434900480, 19.85114610654549594, 17.00000000000000000 ) ) ;
#10671 = DIRECTION ( 'NONE',  ( -0.000000000000000000, -0.000000000000000000, -1.000000000000000000 ) ) ;
#10672 = ORIENTED_EDGE ( 'NONE', *, *, #663, .T. ) ;
#10673 = ORIENTED_EDGE ( 'NONE', *, *, #1460, .T. ) ;
#10674 = CARTESIAN_POINT ( 'NONE',  ( -65.68511428775231309, -36.62157627793201442, 20.90428872913987846 ) ) ;
#10675 = CARTESIAN_POINT ( 'NONE',  ( -21.47669927728860628, -83.27343302803696190, -18.50000000003077716 ) ) ;
#10676 = VERTEX_POINT ( 'NONE', #3204 ) ;
#10677 = CARTESIAN_POINT ( 'NONE',  ( -21.11562252158745068, 83.35270558195915669, -18.47998818981080049 ) ) ;
#10678 = CARTESIAN_POINT ( 'NONE',  ( 22.37191700915699144, 55.94194604957775141, 17.00000000000000000 ) ) ;
#10679 = VERTEX_POINT ( 'NONE', #6341 ) ;
#10680 = VERTEX_POINT ( 'NONE', #1516 ) ;
#10681 = AXIS2_PLACEMENT_3D ( 'NONE', #8903, #8195, #733 ) ;
#10682 = CARTESIAN_POINT ( 'NONE',  ( 86.04998649015777801, 1.773361342405332275, -18.50000000000169464 ) ) ;
#10683 = CARTESIAN_POINT ( 'NONE',  ( 0.000000000000000000, 0.000000000000000000, -16.00000000000000000 ) ) ;
#10684 = B_SPLINE_CURVE_WITH_KNOTS ( 'NONE', 3,
 ( #4572, #2120, #8061, #3100, #5606, #7071, #4789, #8116, #4622, #653, #5392, #8723 ),
 .UNSPECIFIED., .F., .F.,
 ( 4, 1, 1, 1, 2, 2, 1, 4 ),
 ( 0.08354533723711012050, 0.3126590029278334959, 0.4272158357731947187, 0.4844942521958747750, 0.4988138563015448446, 0.5131334604072148586, 0.5417726686185548868, 1.000000000000000000 ),
 .UNSPECIFIED. ) ;
#10685 = DIRECTION ( 'NONE',  ( -0.000000000000000000, -0.000000000000000000, -1.000000000000000000 ) ) ;
#10686 = EDGE_CURVE ( 'NONE', #4896, #3362, #531, .T. ) ;
#10687 = LINE ( 'NONE', #599, #6216 ) ;
#10688 = CARTESIAN_POINT ( 'NONE',  ( 32.08191338405822535, -70.42100852326730376, 22.29373426499693522 ) ) ;
#10689 = PLANE ( 'NONE',  #1896 ) ;
#10690 = ORIENTED_EDGE ( 'NONE', *, *, #4628, .T. ) ;
#10691 = CIRCLE ( 'NONE', #7547, 2.500000000000005329 ) ;
#10692 = LINE ( 'NONE', #2408, #7188 ) ;
#10693 = VERTEX_POINT ( 'NONE', #7935 ) ;
#10694 = CARTESIAN_POINT ( 'NONE',  ( 16.27982722542978777, 3.481030249449626801, 17.00000000000000000 ) ) ;
#10695 = CARTESIAN_POINT ( 'NONE',  ( -76.70731484416434398, -49.88223981938107698, -16.00000000000000000 ) ) ;
#10696 = DIRECTION ( 'NONE',  ( -0.000000000000000000, 0.000000000000000000, 1.000000000000000000 ) ) ;
#10697 = CARTESIAN_POINT ( 'NONE',  ( -23.73696534790353141, 88.36745145172191940, -16.00000000000000000 ) ) ;
#10698 = DIRECTION ( 'NONE',  ( 0.000000000000000000, 0.000000000000000000, 1.000000000000000000 ) ) ;
#10699 = ORIENTED_EDGE ( 'NONE', *, *, #9707, .T. ) ;
#10700 = DIRECTION ( 'NONE',  ( 0.000000000000000000, -0.000000000000000000, -1.000000000000000000 ) ) ;
#10701 = ORIENTED_EDGE ( 'NONE', *, *, #32, .T. ) ;
#10702 = CYLINDRICAL_SURFACE ( 'NONE', #9056, 2.500000000000000444 ) ;
#10703 = ORIENTED_EDGE ( 'NONE', *, *, #1917, .F. ) ;
#10704 = ADVANCED_FACE ( 'NONE', ( #2273 ), #3964, .T. ) ;
#10705 = CARTESIAN_POINT ( 'NONE',  ( -15.21675513427112492, 6.752829723239115012, -3.000000000000000000 ) ) ;
#10706 = CARTESIAN_POINT ( 'NONE',  ( -82.65226134884311193, -8.151667287548574947, -13.81128689715746738 ) ) ;
#10707 = ADVANCED_FACE ( 'NONE', ( #5595 ), #2386, .T. ) ;
#10708 = VERTEX_POINT ( 'NONE', #8927 ) ;
#10709 = EDGE_CURVE ( 'NONE', #10666, #8214, #6933, .T. ) ;
#10710 = CARTESIAN_POINT ( 'NONE',  ( -54.26119305240503365, -24.98441732591605913, -3.000000000000002665 ) ) ;
#10711 = DIRECTION ( 'NONE',  ( 0.4056281494946315513, 0.9140381853826242686, 0.000000000000000000 ) ) ;
#10712 = VECTOR ( 'NONE', #9115, 1000.000000000000000 ) ;
#10713 = EDGE_LOOP ( 'NONE', ( #8591, #8810, #7789 ) ) ;
#10714 = ORIENTED_EDGE ( 'NONE', *, *, #2710, .F. ) ;
#10715 = CARTESIAN_POINT ( 'NONE',  ( 7.088774327068990466, 12.24379268254584829, -16.00000000000000000 ) ) ;
#10716 = CARTESIAN_POINT ( 'NONE',  ( -18.38349979340823737, 82.46723521057595008, -15.99988756943650614 ) ) ;
#10717 = CIRCLE ( 'NONE', #7400, 51.03332099679091982 ) ;
#10718 = CARTESIAN_POINT ( 'NONE',  ( 70.34369812068659655, -32.38956261794873370, -3.000000000000004885 ) ) ;
#10719 = DIRECTION ( 'NONE',  ( 1.000000000000000000, 0.000000000000000000, -1.387778780781444492E-15 ) ) ;
#10720 = EDGE_CURVE ( 'NONE', #5685, #4441, #1647, .T. ) ;
#10721 = ORIENTED_EDGE ( 'NONE', *, *, #10454, .T. ) ;
#10722 = ORIENTED_EDGE ( 'NONE', *, *, #2233, .T. ) ;
#10723 = ADVANCED_FACE ( 'NONE', ( #962 ), #10014, .T. ) ;
#10724 = DIRECTION ( 'NONE',  ( 0.9778946696698127550, -0.2090980990620617819, 0.000000000000000000 ) ) ;
#10725 = VECTOR ( 'NONE', #8809, 1000.000000000000000 ) ;
#10726 = CARTESIAN_POINT ( 'NONE',  ( -11.12455864745016676, 12.38525498271512504, 17.00000000000000000 ) ) ;
#10727 = VERTEX_POINT ( 'NONE', #9200 ) ;
#10728 = CARTESIAN_POINT ( 'NONE',  ( -63.47681263731350043, -55.98786763949136969, -16.22582969355730143 ) ) ;
#10729 = CARTESIAN_POINT ( 'NONE',  ( -18.69650432621648406, 82.89462707598306679, -16.75820396230638565 ) ) ;
#10730 = AXIS2_PLACEMENT_3D ( 'NONE', #2752, #6055, #5254 ) ;
#10731 = CYLINDRICAL_SURFACE ( 'NONE', #7545, 51.03332099679091982 ) ;
#10732 = ORIENTED_EDGE ( 'NONE', *, *, #5514, .T. ) ;
#10733 = ORIENTED_EDGE ( 'NONE', *, *, #5756, .T. ) ;
#10734 = DIRECTION ( 'NONE',  ( -0.000000000000000000, 0.000000000000000000, 1.000000000000000000 ) ) ;
#10735 = FACE_OUTER_BOUND ( 'NONE', #7704, .T. ) ;
#10736 = CARTESIAN_POINT ( 'NONE',  ( 0.000000000000000000, 0.000000000000000000, -16.00000000000000000 ) ) ;
#10737 = PLANE ( 'NONE',  #6044 ) ;
#10738 = CARTESIAN_POINT ( 'NONE',  ( 30.51650106025470421, -63.10000286061628572, 18.12358131652303683 ) ) ;
#10739 = CARTESIAN_POINT ( 'NONE',  ( -72.56107605579842357, 46.15846078177011691, -18.49999999999877431 ) ) ;
#10740 = AXIS2_PLACEMENT_3D ( 'NONE', #1897, #5918, #10024 ) ;
#10741 = ORIENTED_EDGE ( 'NONE', *, *, #3552, .T. ) ;
#10742 = CARTESIAN_POINT ( 'NONE',  ( -73.17712137352548041, -44.55112134299142213, 31.92213809290362647 ) ) ;
#10743 = CARTESIAN_POINT ( 'NONE',  ( 64.31915230578748321, -10.05607252856739464, 17.00000000000000000 ) ) ;
#10744 = ORIENTED_EDGE ( 'NONE', *, *, #10234, .F. ) ;
#10745 = EDGE_CURVE ( 'NONE', #3609, #8058, #7627, .T. ) ;
#10746 = CARTESIAN_POINT ( 'NONE',  ( -71.14469310733640839, 57.53853180837099046, -16.00000000000000000 ) ) ;
#10747 = VECTOR ( 'NONE', #8926, 1000.000000000000000 ) ;
#10748 = DIRECTION ( 'NONE',  ( 0.000000000000000000, 0.000000000000000000, -1.000000000000000000 ) ) ;
#10749 = DIRECTION ( 'NONE',  ( 1.000000000000000000, 0.000000000000000000, 0.000000000000000000 ) ) ;
#10750 = DIRECTION ( 'NONE',  ( -0.000000000000000000, -0.000000000000000000, 1.000000000000000000 ) ) ;
#10751 = FACE_OUTER_BOUND ( 'NONE', #1519, .T. ) ;
#10752 = VECTOR ( 'NONE', #8574, 999.9999999999998863 ) ;
#10753 = AXIS2_PLACEMENT_3D ( 'NONE', #9106, #4847, #8332 ) ;
#10754 = ORIENTED_EDGE ( 'NONE', *, *, #7830, .F. ) ;
#10755 = CARTESIAN_POINT ( 'NONE',  ( -54.79277741273628521, 50.96005897927592798, 20.68516148233333141 ) ) ;
#10756 = VERTEX_POINT ( 'NONE', #2605 ) ;
#10757 = AXIS2_PLACEMENT_3D ( 'NONE', #2516, #4147, #7470 ) ;
#10758 = CARTESIAN_POINT ( 'NONE',  ( -6.993962115396858970, 59.32607078270306999, 17.00000000000000000 ) ) ;
#10759 = VERTEX_POINT ( 'NONE', #9909 ) ;
#10760 = EDGE_CURVE ( 'NONE', #1771, #4734, #39, .T. ) ;
#10761 = CARTESIAN_POINT ( 'NONE',  ( 16.27982722542985528, 3.481030249449609482, -3.000000000000000000 ) ) ;
#10762 = CARTESIAN_POINT ( 'NONE',  ( -76.93214077367390757, -8.745861517072238911, -8.326207417001162625 ) ) ;
#10763 = VERTEX_POINT ( 'NONE', #1732 ) ;
#10764 = LINE ( 'NONE', #8200, #3863 ) ;
#10765 = CARTESIAN_POINT ( 'NONE',  ( 72.75007835258779210, -42.96768886918916763, -15.99987001606248427 ) ) ;
#10766 = DIRECTION ( 'NONE',  ( 0.4056281494946307742, -0.9140381853826249348, 5.629221387562928359E-16 ) ) ;
#10767 = ADVANCED_FACE ( 'NONE', ( #10124 ), #141, .T. ) ;
#10768 = AXIS2_PLACEMENT_3D ( 'NONE', #8827, #1360, #8007 ) ;
#10769 = ORIENTED_EDGE ( 'NONE', *, *, #3770, .F. ) ;
#10770 = DIRECTION ( 'NONE',  ( -1.000000000000000000, 1.554312234475217894E-13, 0.000000000000000000 ) ) ;
#10771 = LINE ( 'NONE', #6450, #8108 ) ;
#10772 = AXIS2_PLACEMENT_3D ( 'NONE', #4152, #7418, #64 ) ;
#10773 = DIRECTION ( 'NONE',  ( 1.000000000000000000, 0.000000000000000000, -0.000000000000000000 ) ) ;
#10774 = EDGE_CURVE ( 'NONE', #4433, #5892, #913, .T. ) ;
#10775 = EDGE_CURVE ( 'NONE', #9431, #4755, #1893, .T. ) ;
#10776 = CARTESIAN_POINT ( 'NONE',  ( 31.74954950102051754, 68.86663346643419459, 21.27971910426808932 ) ) ;
#10777 = VERTEX_POINT ( 'NONE', #8264 ) ;
#10778 = VECTOR ( 'NONE', #6635, 1000.000000000000000 ) ;
#10779 = ORIENTED_EDGE ( 'NONE', *, *, #6000, .T. ) ;
#10780 = AXIS2_PLACEMENT_3D ( 'NONE', #2619, #6686, #10084 ) ;
#10781 = CYLINDRICAL_SURFACE ( 'NONE', #1169, 2.499999999999999556 ) ;
#10782 = ADVANCED_FACE ( 'NONE', ( #7500 ), #3469, .T. ) ;
#10783 = CARTESIAN_POINT ( 'NONE',  ( 21.92969978675706955, 90.10227241198526826, -18.18089072573807741 ) ) ;
#10784 = EDGE_CURVE ( 'NONE', #5358, #10459, #9143, .T. ) ;
#10785 = EDGE_LOOP ( 'NONE', ( #5256, #10363, #6260, #4528, #4017, #6709 ) ) ;
#10786 = CARTESIAN_POINT ( 'NONE',  ( 20.23184218637566900, -83.41301167162561114, 32.20313577063444654 ) ) ;
#10787 = EDGE_CURVE ( 'NONE', #3205, #6489, #3629, .T. ) ;
#10788 = CIRCLE ( 'NONE', #2953, 2.500000000000002220 ) ;
#10789 = CARTESIAN_POINT ( 'NONE',  ( -93.87422103367251225, 4.861134159967142487, -3.000000000000000000 ) ) ;
#10790 = EDGE_CURVE ( 'NONE', #501, #3394, #2600, .T. ) ;
#10791 = VECTOR ( 'NONE', #378, 1000.000000000000000 ) ;
#10792 = EDGE_LOOP ( 'NONE', ( #6121, #8718, #10108, #3910, #6419, #581 ) ) ;
#10793 = FACE_OUTER_BOUND ( 'NONE', #2663, .T. ) ;
#10794 = DIRECTION ( 'NONE',  ( -0.7439559807600396590, 0.6682286275604836234, 0.000000000000000000 ) ) ;
#10795 = CARTESIAN_POINT ( 'NONE',  ( 76.70731484416434398, -49.88223981938104146, 14.00000000000000000 ) ) ;
ENDSEC;
END-ISO-10303-21;
